epoch_start,pool,token_id,voter,final_weight,voted_weight,abstained_weight,n_voted,n_abstained,last_event_ts
2026-08-06,0x00145e8fc9f06a0b71bd57fefbf451ec1db9d69f,44,0x2f2f665974261c4129b1dc6c359bd259cd66f78a,1077.431918,2154.863836,0.0,2,0,1786012807
2026-08-06,0x00145e8fc9f06a0b71bd57fefbf451ec1db9d69f,315,0xee6f2d4d7bf30ed5261667d5e7510b36df29d186,117627.792722,235255.585444,0.0,2,0,1786096895
2026-08-06,0x00145e8fc9f06a0b71bd57fefbf451ec1db9d69f,513,0xef0678998ae8d5745202cfc3f5a6b7e7b2509f5d,12468.341711,24936.683422,0.0,2,0,1785991401
2026-08-06,0x00145e8fc9f06a0b71bd57fefbf451ec1db9d69f,620,0xc8f7b747eefc216964e567c14ec823d17d25c932,20339.344122,40678.688244,0.0,2,0,1786036227
2026-08-06,0x00145e8fc9f06a0b71bd57fefbf451ec1db9d69f,1140,0xe18c1c9ea74e32b3c05b6b45c08a03748807812c,2214.754189,4429.508378,4427.48215,2,2,1785978927
2026-08-06,0x00145e8fc9f06a0b71bd57fefbf451ec1db9d69f,2187,0x87ff5525f4e3983e82bfd841d84bfe4fdca47b98,4326.851632,8653.703264,0.0,2,0,1786096361
2026-08-06,0x00145e8fc9f06a0b71bd57fefbf451ec1db9d69f,2545,0x1e25f91381ff6b1bd0eec330607860e4fcbc3905,5733.045676,5733.045676,0.0,1,0,1786137857
2026-08-06,0x00145e8fc9f06a0b71bd57fefbf451ec1db9d69f,2853,0xd58bef55aef5b09494a5af207e6f57427cd06c25,6163.743184,12327.486368,0.0,2,0,1785996061
2026-08-06,0x00145e8fc9f06a0b71bd57fefbf451ec1db9d69f,3355,0xfff0ea0ea835f5b29e61bdaff90012cfbf4f5986,2288.179336,4576.358672,0.0,2,0,1785996187
2026-08-06,0x00145e8fc9f06a0b71bd57fefbf451ec1db9d69f,3865,0x74bf9ba8f4b692bb0d3e06bf19b74b307331eb10,0.0,0.0,1279.630002,0,2,1785979845
2026-08-06,0x00145e8fc9f06a0b71bd57fefbf451ec1db9d69f,4887,0x2e61b868e5dbb58e61a7e2cdfc8c85d64771e814,483.506581,483.506581,0.0,1,0,1786161889
2026-08-06,0x00145e8fc9f06a0b71bd57fefbf451ec1db9d69f,5034,0xffb65445f5339c5f4c767d2021302acecb50e1bb,499.551384,999.102768,0.0,2,0,1785998321
2026-08-06,0x00145e8fc9f06a0b71bd57fefbf451ec1db9d69f,5560,0x3b368d514ab6413725fb4182f69119ba228d94bb,458.241795,916.48359,0.0,2,0,1785998071
2026-08-06,0x00145e8fc9f06a0b71bd57fefbf451ec1db9d69f,6005,0x2ebd5817147aca120f8a261b92e3957af93afb9b,415.246406,415.246406,0.0,1,0,1786110405
2026-08-06,0x00145e8fc9f06a0b71bd57fefbf451ec1db9d69f,6585,0x221a68818a6a77fae0d920306b45a3b1e32e6743,3356.623863,6713.247726,0.0,2,0,1786029507
2026-08-06,0x00145e8fc9f06a0b71bd57fefbf451ec1db9d69f,10354,0x0123e230c261e026c476a21fae07de3aa55ac870,2900.154066,5800.308132,0.0,2,0,1786023845
2026-08-06,0x00145e8fc9f06a0b71bd57fefbf451ec1db9d69f,10590,0x5080f8d8f4433eab4fede63302266ea3a7c0f6d3,1578.338037,3156.676074,0.0,2,0,1786030211
2026-08-06,0x00145e8fc9f06a0b71bd57fefbf451ec1db9d69f,16916,0x13ed158678455526778249c3ef39ab75e27a3c60,1766.788441,3533.576882,3544.485258,2,2,1786100587
2026-08-06,0x00145e8fc9f06a0b71bd57fefbf451ec1db9d69f,61528,0xe18c1c9ea74e32b3c05b6b45c08a03748807812c,374.705528,749.411056,749.068248,2,2,1785978853
2026-08-06,0x00145e8fc9f06a0b71bd57fefbf451ec1db9d69f,65901,0x70ef941827ddbe3ff85ceb728875d6c738e531eb,1186.466264,1186.466264,0.0,1,0,1786139973
2026-08-06,0x00145e8fc9f06a0b71bd57fefbf451ec1db9d69f,69592,0xfc1aa1f2e40ec0cc25300c4b08b8513984844f19,3068.077459,6136.154918,0.0,2,0,1785980231
2026-08-06,0x00145e8fc9f06a0b71bd57fefbf451ec1db9d69f,73205,0xda52e5829e68e42937ec9172d92f4b584148d70c,21553.432283,43106.864566,0.0,2,0,1786034601
2026-08-06,0x00145e8fc9f06a0b71bd57fefbf451ec1db9d69f,76935,0xdeb16c01ae6c13d1277ce0efc1def6b5c3bdd6c7,545.036804,545.036804,557.642427,1,1,1786153675
2026-08-06,0x00145e8fc9f06a0b71bd57fefbf451ec1db9d69f,78796,0x8555c5f95c85a43e7df1229e566ae33d1ff89978,721.275427,1442.550854,0.0,2,0,1785996679
2026-08-06,0x00145e8fc9f06a0b71bd57fefbf451ec1db9d69f,81282,0x8555c5f95c85a43e7df1229e566ae33d1ff89978,207.730158,415.460316,0.0,2,0,1785996727
2026-08-06,0x00145e8fc9f06a0b71bd57fefbf451ec1db9d69f,83523,0xefba0f56eef05f6a7d614ce519d2e284b46d3583,84273.311963,168546.623926,0.0,2,0,1785999955
2026-08-06,0x00145e8fc9f06a0b71bd57fefbf451ec1db9d69f,106711,0x8406bc4a196c76ee6a757112c829eda83fe3ac9c,3869.313253,7738.626506,0.0,2,0,1786043791
2026-08-06,0x00145e8fc9f06a0b71bd57fefbf451ec1db9d69f,109877,0x8d4ad8f4333e66cd131d2ad68a4ed13d768547ab,2859.42002,5718.84004,0.0,2,0,1785979079
2026-08-06,0x00145e8fc9f06a0b71bd57fefbf451ec1db9d69f,113791,0xc53e6b5e479f517a2545d4f03d1b6a3f8e86039b,5.380691,10.761382,0.0,2,0,1786029139
2026-08-06,0x00145e8fc9f06a0b71bd57fefbf451ec1db9d69f,117729,0x561eaf290e0ca0421582cd65339ce6724ad97ce2,0.0,0.0,203029.517224,0,2,1785983541
2026-08-06,0x00145e8fc9f06a0b71bd57fefbf451ec1db9d69f,119803,0xc605a0d4e1f04022277b1a9a670b046a2b223717,3.255755,6.51151,0.0,2,0,1786057433
2026-08-06,0x00145e8fc9f06a0b71bd57fefbf451ec1db9d69f,119804,0x961b0d0c15a4f6dfa6d1ac8dad7ff1c6e6992821,0.510481,1.020962,0.0,2,0,1786077101
2026-08-06,0x00145e8fc9f06a0b71bd57fefbf451ec1db9d69f,119805,0xc057c06318e1174f7867492bbc570114b83e090c,4.628712,4.628712,0.0,1,0,1786124893
2026-08-06,0x00145e8fc9f06a0b71bd57fefbf451ec1db9d69f,119817,0xd81f48f92d64a0ce486dcaee9348026766aa4f63,0.352237,0.704474,0.0,2,0,1786055043
2026-08-06,0x00145e8fc9f06a0b71bd57fefbf451ec1db9d69f,119957,0x6c65599ef895f6fa06f2ff1ff5dc27cfffa96db3,0.387414,0.387414,0.0,1,0,1786112493
2026-08-06,0x00145e8fc9f06a0b71bd57fefbf451ec1db9d69f,120135,0xc20932ea50d4e0a9d192e472cd5541f8a56f98dc,0.617132,1.234264,0.0,2,0,1786052051
2026-08-06,0x00145e8fc9f06a0b71bd57fefbf451ec1db9d69f,123048,0x32ce4511d81d8d36bb257bbe7b47b4a73d95503c,2521.142451,5042.284902,0.0,2,0,1785990031
2026-08-06,0x00145e8fc9f06a0b71bd57fefbf451ec1db9d69f,130282,0xe4cf39f16e37e87493ea107a392c2673016e79e1,0.0,0.0,677.99368,0,2,1785986515
2026-08-06,0x00145e8fc9f06a0b71bd57fefbf451ec1db9d69f,130380,0x36d7118d36cb543708b200b016a5e1d03ffd35b6,0.992932,0.992932,0.0,1,0,1786123967
2026-08-06,0x00145e8fc9f06a0b71bd57fefbf451ec1db9d69f,130383,0x6b6989ab56cfe92846083cb101458b3da36ff0b4,0.560196,1.120392,0.0,2,0,1786054011
2026-08-06,0x0040559f59e2391ec57162826df354b1bbb05c12,534,0x5bf2b6b176b98d20eace5d996568f4f1e69cff24,48047.907799,96095.815598,0.0,2,0,1786024601
2026-08-06,0x0040559f59e2391ec57162826df354b1bbb05c12,31888,0x5bf2b6b176b98d20eace5d996568f4f1e69cff24,3230.324233,6460.648466,0.0,2,0,1786024613
2026-08-06,0x0040559f59e2391ec57162826df354b1bbb05c12,97424,0xb1246c58ee52c93876a920e23e5f50f29a9a501f,32916.561668,65833.123336,0.0,2,0,1785994919
2026-08-06,0x0040559f59e2391ec57162826df354b1bbb05c12,113613,0x2471e3d5f807ca1bedbeee34660f8c37849d6c54,189.851863,379.703726,0.0,2,0,1785979583
2026-08-06,0x0040559f59e2391ec57162826df354b1bbb05c12,116839,0xb1246c58ee52c93876a920e23e5f50f29a9a501f,5249.38794,10498.77588,0.0,2,0,1785994933
2026-08-06,0x0040559f59e2391ec57162826df354b1bbb05c12,117471,0x4d3c57bfd91949b0126c9f216424206aa3544f33,0.011853,0.023706,0.02383,2,2,1786016697
2026-08-06,0x0040559f59e2391ec57162826df354b1bbb05c12,118915,0x3ddae87d300a0ff41e50e139c5a301d14ba9fad9,3458.868315,6917.73663,0.0,2,0,1785979401
2026-08-06,0x0040559f59e2391ec57162826df354b1bbb05c12,118918,0x3ddae87d300a0ff41e50e139c5a301d14ba9fad9,2278.947967,4557.895934,0.0,2,0,1785979359
2026-08-06,0x0040559f59e2391ec57162826df354b1bbb05c12,120892,0x3ddae87d300a0ff41e50e139c5a301d14ba9fad9,353.056483,706.112966,0.0,2,0,1785979425
2026-08-06,0x00d43aad1b34e7ba8d037e060517f7b5318c0b83,1593,0x4ac139d40354cf5d6c135b21a0ad5a4314b2353c,0.0,0.0,1462.879917,0,1,1786121969
2026-08-06,0x00d43aad1b34e7ba8d037e060517f7b5318c0b83,86748,0x571cbf521dbffc43fb43384a2e3eec8b4625aba0,0.0,0.0,1065.904028,0,2,1786070143
2026-08-06,0x00d43aad1b34e7ba8d037e060517f7b5318c0b83,110895,0x3e0173692b112984b89c166ce5f3e5ecafbe2c5f,0.0,0.0,556.7458,0,2,1785981021
2026-08-06,0x00d43aad1b34e7ba8d037e060517f7b5318c0b83,117511,0x54922c03b205a05f95f6f0322fbe15aeb734d0a8,0.0,0.0,12871.83699,0,2,1786086947
2026-08-06,0x01271a205e3f37cbfc9b353170d726060e193c0d,620,0xc8f7b747eefc216964e567c14ec823d17d25c932,0.0,0.0,40660.08023,0,2,1786036227
2026-08-06,0x01271a205e3f37cbfc9b353170d726060e193c0d,2924,0xc579b72fe7986b64a84948f8a41c4bee396835b5,2038.008533,4076.017066,4100.59065,2,2,1785996963
2026-08-06,0x01271a205e3f37cbfc9b353170d726060e193c0d,4608,0x5455aee8780e206b8a0e8af5da3519917f9ea136,925.768642,1851.537284,1867.484404,2,2,1786047043
2026-08-06,0x01271a205e3f37cbfc9b353170d726060e193c0d,4796,0xc7f91d9f1a2609c89d600bacf38a21f09e77ddd8,2450.259738,4900.519476,4803.77795,2,2,1786085997
2026-08-06,0x01271a205e3f37cbfc9b353170d726060e193c0d,6393,0x6e5f7bd9b940287f6c9ae8a2ecfb93224a09cba5,0.0,0.0,137.305468,0,2,1786017265
2026-08-06,0x01271a205e3f37cbfc9b353170d726060e193c0d,19436,0xdca053ccf7f390a520c1f3efbccb5f05530f9c0e,2.285106,4.570212,4.61969,2,2,1786014589
2026-08-06,0x01271a205e3f37cbfc9b353170d726060e193c0d,64688,0x1b0132aa8db835738ee33f83d67d5a14c532b65d,3.404016,6.808032,0.0,2,0,1786077521
2026-08-06,0x01271a205e3f37cbfc9b353170d726060e193c0d,90044,0xc14242a137c06ff0b47b25f583795c70709c6bb5,2.105571,4.211142,12.70321,2,2,1786073339
2026-08-06,0x01271a205e3f37cbfc9b353170d726060e193c0d,91986,0x3f978fee9c9af54257dd52b754ae5167d842a109,9674.992685,19349.98537,19444.115298,2,2,1785984757
2026-08-06,0x01271a205e3f37cbfc9b353170d726060e193c0d,92672,0xf346d5d0e4b6b5dc6db2a3194e6c14774632a207,613.245897,1226.491794,1233.98316,2,2,1786027119
2026-08-06,0x01271a205e3f37cbfc9b353170d726060e193c0d,111396,0x2559a7f7de901e837fed1b8197d2509e4c274f20,0.0,0.0,27289.664923,0,1,1786147167
2026-08-06,0x01271a205e3f37cbfc9b353170d726060e193c0d,112425,0x89a99e361a1628c161f7ccfb843e0cb8ab5b3f07,487.941142,975.882284,0.0,2,0,1785978097
2026-08-06,0x01271a205e3f37cbfc9b353170d726060e193c0d,119886,0x9b14a421a79ddb82695d2898e4671b1f1eb5f6e1,0.0,0.0,1.105234,0,2,1786038745
2026-08-06,0x0150e3d89e161518c044ad191c4bdf6b40df6e83,11129,0xdf204a863183d795793a94788fedf5a839061762,2754907.337257,11002723.070346,10985824.123698,4,4,1786074461
2026-08-06,0x0150e3d89e161518c044ad191c4bdf6b40df6e83,113243,0xf1b7873f8885586f29ada38187b76c5477434b4b,44.60262,89.20524,80.873368,2,2,1786002231
2026-08-06,0x0150e3d89e161518c044ad191c4bdf6b40df6e83,119650,0xf4f354b3931ef58db78d071bc54611236b0aa8b1,0.0,0.0,0.083898,0,1,1786161853
2026-08-06,0x0150e3d89e161518c044ad191c4bdf6b40df6e83,119667,0x9a008050099b451a1f8bcffa7875cd03e83c02ab,0.0,0.0,0.322562,0,2,1786069565
2026-08-06,0x0150e3d89e161518c044ad191c4bdf6b40df6e83,120315,0xf1b7873f8885586f29ada38187b76c5477434b4b,26.813318,53.626636,66.010358,2,2,1786003451
2026-08-06,0x01784ef301d79e4b2df3a21ad9a536d4cf09a5ce,10298,0x488c8e0213051dc78155048e947257742d928bdf,704453.012093,59592912.261252,59585519.772015,85,85,1786163735
2026-08-06,0x01784ef301d79e4b2df3a21ad9a536d4cf09a5ce,11129,0xdf204a863183d795793a94788fedf5a839061762,1180674.57311,4715452.744434,4708210.338728,4,4,1786074461
2026-08-06,0x01784ef301d79e4b2df3a21ad9a536d4cf09a5ce,30231,0xdffde0f254beada034f14383cfa01cc9eaf959fc,41.797361,41.797361,41.797361,1,1,1786115467
2026-08-06,0x01784ef301d79e4b2df3a21ad9a536d4cf09a5ce,30924,0x4b4b843cc57872128c6d74b6b06b013223cd7754,39.291011,78.582022,78.907756,2,2,1786024835
2026-08-06,0x01784ef301d79e4b2df3a21ad9a536d4cf09a5ce,77876,0x459b4065fd4ab40b54ea62b49e0201b862e26084,4.301775,4.301775,0.0,1,0,1786142367
2026-08-06,0x01784ef301d79e4b2df3a21ad9a536d4cf09a5ce,87001,0x571cbf521dbffc43fb43384a2e3eec8b4625aba0,0.0,0.0,3456.890741,0,1,1786120457
2026-08-06,0x01784ef301d79e4b2df3a21ad9a536d4cf09a5ce,111053,0x571cbf521dbffc43fb43384a2e3eec8b4625aba0,0.0,0.0,2561.676942,0,1,1786120557
2026-08-06,0x01784ef301d79e4b2df3a21ad9a536d4cf09a5ce,111396,0x2559a7f7de901e837fed1b8197d2509e4c274f20,0.0,0.0,13644.832461,0,1,1786147167
2026-08-06,0x01784ef301d79e4b2df3a21ad9a536d4cf09a5ce,120939,0x4f53087e9b37454b6e962e9e2170d7b39db6102a,54.85374,109.70748,110.199744,2,2,1786033707
2026-08-06,0x01784ef301d79e4b2df3a21ad9a536d4cf09a5ce,120987,0x3d111769ab4c6140a0db5e25ce714c216272a129,41.600672,83.201344,78.512638,2,2,1786039041
2026-08-06,0x01784ef301d79e4b2df3a21ad9a536d4cf09a5ce,121241,0x627564eb2d5961d3af1f985eb95ef606da574090,46.3019,92.6038,92.79708,2,2,1785997353
2026-08-06,0x0225ba893d5f8ecd6d2022f9dec59b34f61098a1,10298,0x488c8e0213051dc78155048e947257742d928bdf,402544.578339,34053092.720715,34048868.441151,85,85,1786163735
2026-08-06,0x02b6b7ab1ede16f48c57893d2fdf6251c2cb3821,39042,0xa8160e32d14e6b693d3c6f6c4ba090b87eedd25a,0.0,0.0,21776.624318,0,2,1786009067
2026-08-06,0x02b6b7ab1ede16f48c57893d2fdf6251c2cb3821,119957,0x6c65599ef895f6fa06f2ff1ff5dc27cfffa96db3,0.0,0.0,0.404383,0,1,1786112493
2026-08-06,0x0392b12a1ceb0cd13af5ea448cf5586ea609852d,10298,0x488c8e0213051dc78155048e947257742d928bdf,2515903.614619,212831829.504473,212805427.757195,85,85,1786163735
2026-08-06,0x04e5a1c883dafd1eae6b11bd6d3eb784d90ce515,89025,0xdd1af7857f9195f9e87221fa0dc5b89f8146ee21,39.307764,78.615528,79.102072,2,2,1785979075
2026-08-06,0x0652202c4b2d09cb93aedefadc14b36869483a98,89042,0x3c1381ac3c2ca74eaaa4fe7cbe851499202f528b,10.055264,20.110528,20.235,2,2,1785979321
2026-08-06,0x09da4832d34bebbb55783340d5bede7a70f5c48e,10298,0x488c8e0213051dc78155048e947257742d928bdf,201272.28917,17026546.360358,17024434.220576,85,85,1786163735
2026-08-06,0x09da4832d34bebbb55783340d5bede7a70f5c48e,114807,0xce3ff07e16971a1c3bbc36659cb75acf5f286e04,594.401829,594.401829,595.780052,1,1,1786150989
2026-08-06,0x0aa3e62f4d97c404012352e881a2d0f2712c24a2,5414,0x78b155d7bc284a887f09e028a360a36cc4c4d4c8,0.0,0.0,88.00852,0,2,1786041735
2026-08-06,0x0aa3e62f4d97c404012352e881a2d0f2712c24a2,115212,0x78b155d7bc284a887f09e028a360a36cc4c4d4c8,0.0,0.0,179.85928,0,2,1786041765
2026-08-06,0x0ab02e160f0df68dc049b012c514857306960eae,82275,0x3d54dbee5c5d0215246199e177f629e607ceb7d5,0.0,0.0,0.0,2,2,1786018335
2026-08-06,0x0ab02e160f0df68dc049b012c514857306960eae,82276,0x05e63625a5003ba39dbd0e12d443c89b1eb48027,0.0,0.0,0.0,2,2,1786018337
2026-08-06,0x0ab02e160f0df68dc049b012c514857306960eae,82277,0x24e56740d621aa314e2f352e26a47734c3572ee3,0.0,0.0,0.0,2,2,1786018405
2026-08-06,0x0ab02e160f0df68dc049b012c514857306960eae,82278,0xbc5388ad815b08715122a6703be6a1091eb2a24d,0.0,0.0,0.0,2,2,1786018387
2026-08-06,0x0ab02e160f0df68dc049b012c514857306960eae,82279,0x97473c122eedb5de9dbca7c8e353219743974d47,0.0,0.0,0.0,2,2,1786018389
2026-08-06,0x0ab02e160f0df68dc049b012c514857306960eae,82280,0x270df65fa22c116ea3f63ea2c5ac927faf82f687,0.0,0.0,0.0,2,2,1786018951
2026-08-06,0x0ab02e160f0df68dc049b012c514857306960eae,82281,0x9a589729132a053e6bed0fbfe97a75cc7094fd07,0.0,0.0,0.0,2,2,1786018945
2026-08-06,0x0ab02e160f0df68dc049b012c514857306960eae,82282,0xc2dc738b00529978e5fb7e485b6be595d50b6aa8,0.0,0.0,0.0,2,2,1786018947
2026-08-06,0x0ab02e160f0df68dc049b012c514857306960eae,82283,0xed29e9ebba490d0406766812315906fc15200ef1,0.0,0.0,0.0,2,2,1786018949
2026-08-06,0x0ab02e160f0df68dc049b012c514857306960eae,82284,0x274c7d9bda3ab86c2e968733974b88fff45b8efc,0.0,0.0,0.0,2,2,1786018949
2026-08-06,0x0ab02e160f0df68dc049b012c514857306960eae,82285,0x485766d0ef040c702da66878fa7432b92721f4ab,0.0,0.0,0.0,2,2,1786019503
2026-08-06,0x0ab02e160f0df68dc049b012c514857306960eae,82286,0x3a64825e45f50a6553d8759346acb5b20be6b0e9,0.0,0.0,0.0,2,2,1786019653
2026-08-06,0x0ab02e160f0df68dc049b012c514857306960eae,82287,0xd152224d5fbbb832fc865451ffb8c751d5e51810,0.0,0.0,0.0,2,2,1786019607
2026-08-06,0x0ab02e160f0df68dc049b012c514857306960eae,82288,0x5bbfc6a864d4c893ba02f2921f403806ece9aff2,0.0,0.0,0.0,2,2,1786019609
2026-08-06,0x0ab02e160f0df68dc049b012c514857306960eae,82289,0x29f670ab391e2c46892bdcadb6909405e193a645,0.0,0.0,0.0,2,2,1786019611
2026-08-06,0x0ab02e160f0df68dc049b012c514857306960eae,82292,0x525ea0f45d64eccec63c592abb12a01c9a476517,0.0,0.0,0.0,0,2,1786020443
2026-08-06,0x0ab02e160f0df68dc049b012c514857306960eae,82293,0xd14d9b93fea781837d352819682b8bdbfd6318a5,0.0,0.0,0.0,2,2,1786020445
2026-08-06,0x0ab02e160f0df68dc049b012c514857306960eae,82294,0xb2870eb0beecba8f762e0158b992e0a9e1d6c276,0.0,0.0,0.0,2,2,1786020447
2026-08-06,0x0ab02e160f0df68dc049b012c514857306960eae,82295,0xa31576cb85e9db9de1bb2f2a96ad500d74a4f299,0.0,0.0,0.0,2,2,1786020451
2026-08-06,0x0ab02e160f0df68dc049b012c514857306960eae,82296,0xce971aa0da23034bdbaa96fcb223e0446cbc62d2,0.0,0.0,0.0,2,2,1786020453
2026-08-06,0x0ab02e160f0df68dc049b012c514857306960eae,82297,0x8185bf453afe0374ec61d6772e595dab6a00b251,0.0,0.0,0.0,2,2,1786020925
2026-08-06,0x0ab02e160f0df68dc049b012c514857306960eae,82298,0x3df3ce7ce8be11b4a17f5d7bdb0305114e5b1f82,0.0,0.0,0.0,2,2,1786020927
2026-08-06,0x0ab02e160f0df68dc049b012c514857306960eae,82299,0x71fb01bb76fd237ed87c263e7c2acec75d742523,0.0,0.0,0.0,2,2,1786020929
2026-08-06,0x0ab02e160f0df68dc049b012c514857306960eae,82300,0x9acd1a8b15b78dca6b80dad92027223ce4af9b33,0.0,0.0,0.0,2,2,1786020931
2026-08-06,0x0ab02e160f0df68dc049b012c514857306960eae,82301,0x3fb15dc0b49262e537475282835430bf7767a682,0.0,0.0,0.0,2,2,1786020933
2026-08-06,0x0abe41c8aaa9282429e06ebed48be36298981d94,11129,0xdf204a863183d795793a94788fedf5a839061762,393558.191037,1571817.581478,1569403.446242,4,4,1786074461
2026-08-06,0x0abe41c8aaa9282429e06ebed48be36298981d94,116420,0xf1b7873f8885586f29ada38187b76c5477434b4b,33.098617,66.197234,67.025466,2,2,1786002291
2026-08-06,0x0abe41c8aaa9282429e06ebed48be36298981d94,123073,0xc18bb1b1a27872584fb0f2cf78d596e10ffb5526,0.0,0.0,0.833725,0,1,1786159789
2026-08-06,0x0abe41c8aaa9282429e06ebed48be36298981d94,130241,0x36c96b1363cfedb061c2ffdb1f9700c52bdad6c0,0.0,0.0,2115.651341,0,1,1786105963
2026-08-06,0x0aed2bd5abdffcde57c0bcf30e75cd594b8876a9,6005,0x2ebd5817147aca120f8a261b92e3957af93afb9b,0.0,0.0,415.246406,0,1,1786110405
2026-08-06,0x0aed2bd5abdffcde57c0bcf30e75cd594b8876a9,16933,0x13ed158678455526778249c3ef39ab75e27a3c60,980.388961,1960.777922,1966.830646,2,2,1786100595
2026-08-06,0x0aed2bd5abdffcde57c0bcf30e75cd594b8876a9,64824,0x95b1e3f0879653aca136f1180f3e81a95dd17ffe,0.135915,0.27183,0.273334,2,2,1786046087
2026-08-06,0x0aed2bd5abdffcde57c0bcf30e75cd594b8876a9,115476,0x1334752203935d80bca8a89a378bbe36b88961af,54211.941831,108423.883662,108423.883662,2,2,1786037479
2026-08-06,0x0aed2bd5abdffcde57c0bcf30e75cd594b8876a9,118944,0xd5d9041f30bb174c12245894448027d0478213d5,0.023993,0.023993,0.0455,1,1,1786107577
2026-08-06,0x0e4409f7a8eba3213f336daf608985302e79328c,1140,0xe18c1c9ea74e32b3c05b6b45c08a03748807812c,0.0,0.0,4427.48215,0,2,1785978927
2026-08-06,0x0e4409f7a8eba3213f336daf608985302e79328c,2853,0xd58bef55aef5b09494a5af207e6f57427cd06c25,0.0,0.0,12327.486368,0,2,1785996061
2026-08-06,0x0e4409f7a8eba3213f336daf608985302e79328c,4768,0xee33e09ae46d84587a8a89bb7a74e70f8961058b,776.394384,1552.788768,0.0,2,0,1786048627
2026-08-06,0x0e4409f7a8eba3213f336daf608985302e79328c,61528,0xe18c1c9ea74e32b3c05b6b45c08a03748807812c,0.0,0.0,749.068248,0,2,1785978853
2026-08-06,0x0e4409f7a8eba3213f336daf608985302e79328c,130417,0xee33e09ae46d84587a8a89bb7a74e70f8961058b,33.517665,67.03533,0.0,2,0,1786048637
2026-08-06,0x0f664affb82f074937d5cfcd61b97f3f32d5dc50,4768,0xee33e09ae46d84587a8a89bb7a74e70f8961058b,0.0,0.0,1735.79005,0,2,1786048627
2026-08-06,0x1024c20c048ea6087293f46d4a1c042cb6705924,40199,0xeaa14c17ada19dd41c38cf046e184dee5fe04e1e,16.242274,16.242274,16.38543,1,1,1786141187
2026-08-06,0x1131db5977242a03ebead1acd18f80a9a29e5922,1140,0xe18c1c9ea74e32b3c05b6b45c08a03748807812c,2214.754189,4429.508378,0.0,2,0,1785978927
2026-08-06,0x1131db5977242a03ebead1acd18f80a9a29e5922,6393,0x6e5f7bd9b940287f6c9ae8a2ecfb93224a09cba5,68.341594,136.683188,137.305468,2,2,1786017265
2026-08-06,0x1131db5977242a03ebead1acd18f80a9a29e5922,10298,0x488c8e0213051dc78155048e947257742d928bdf,2817812.048373,238371649.045009,238342079.088058,85,85,1786163735
2026-08-06,0x1131db5977242a03ebead1acd18f80a9a29e5922,11129,0xdf204a863183d795793a94788fedf5a839061762,787116.382073,3143635.162956,3138806.892486,4,4,1786074461
2026-08-06,0x1131db5977242a03ebead1acd18f80a9a29e5922,35791,0x514728f02296a92a67942ac33005c4e41bf67e70,418.418829,836.837658,0.0,2,0,1786095959
2026-08-06,0x1131db5977242a03ebead1acd18f80a9a29e5922,61528,0xe18c1c9ea74e32b3c05b6b45c08a03748807812c,374.705528,749.411056,0.0,2,0,1785978853
2026-08-06,0x1131db5977242a03ebead1acd18f80a9a29e5922,62706,0x8755491263b0f40318905cbe3594ba8cd3f95189,541.344552,1082.689104,1091.21042,2,2,1786026169
2026-08-06,0x1131db5977242a03ebead1acd18f80a9a29e5922,89573,0xe375aa25c5d425c9ab95bd2cadea569728823175,6476.684727,6476.684727,6476.684727,1,1,1786130131
2026-08-06,0x1131db5977242a03ebead1acd18f80a9a29e5922,110774,0x135e57443b9351b4275b53cea37b15bb1ee8e94b,10.40609,20.81218,0.0,2,0,1786028689
2026-08-06,0x1131db5977242a03ebead1acd18f80a9a29e5922,112361,0x6bfc335b359fe1a0eb0004bcc541b4e7211a1f22,2442.802812,2442.802812,0.0,1,0,1786150875
2026-08-06,0x1131db5977242a03ebead1acd18f80a9a29e5922,113107,0x6bfc335b359fe1a0eb0004bcc541b4e7211a1f22,1392.03179,1392.03179,0.0,1,0,1786150861
2026-08-06,0x1131db5977242a03ebead1acd18f80a9a29e5922,116611,0x6bfc335b359fe1a0eb0004bcc541b4e7211a1f22,823.91494,823.91494,0.0,1,0,1786149963
2026-08-06,0x1131db5977242a03ebead1acd18f80a9a29e5922,118617,0xd68c985ca9f8ef51ed64a58b329e3719af51bb9f,197.679402,197.679402,198.704981,1,1,1786114277
2026-08-06,0x1131db5977242a03ebead1acd18f80a9a29e5922,120141,0xcbafae14e6779f2859b52bcbd03a9988a234a7bf,0.490209,0.980418,0.0,2,0,1786056111
2026-08-06,0x1131db5977242a03ebead1acd18f80a9a29e5922,121136,0x8a506c93b674dd3ad819fe927bccaf5adafb3b70,35.344247,70.688494,70.98682,2,2,1786090927
2026-08-06,0x1131db5977242a03ebead1acd18f80a9a29e5922,123471,0x852ef965af17fed2083fd3556c4c7c0dfb9e70f4,61.519088,123.038176,123.038176,2,2,1786090263
2026-08-06,0x1131db5977242a03ebead1acd18f80a9a29e5922,127015,0x9c5328b8c27f8a38706202d6dc27cca7d078efaa,9.977668,19.955336,32.1459,2,2,1786003755
2026-08-06,0x1131db5977242a03ebead1acd18f80a9a29e5922,130333,0x392bd4b4d4dfe5a3ab4370e348f90d1d508285bc,583.114996,583.114996,0.0,1,0,1786142679
2026-08-06,0x139e9f235588a9720e7eab045da29dc781c4b658,13763,0x40801f86dafc518f14b2e476902fb100db6ecfb1,219371.244555,438742.48911,437537.155602,2,2,1786051605
2026-08-06,0x139e9f235588a9720e7eab045da29dc781c4b658,115099,0xa7e27d536ede7f5e2f93a264f3be3a23e91befb5,0.0,0.0,699.95239,0,2,1785992011
2026-08-06,0x14f7ce67e16c435c876aff4092eb547584121312,90044,0xc14242a137c06ff0b47b25f583795c70709c6bb5,1.612361,3.224722,0.900812,2,2,1786073339
2026-08-06,0x14f7ce67e16c435c876aff4092eb547584121312,117839,0x1979630a6ab98a0cce107aa8edc4ed1057f2bd43,0.0,0.0,807.550698,0,2,1786032285
2026-08-06,0x14f7ce67e16c435c876aff4092eb547584121312,118944,0xd5d9041f30bb174c12245894448027d0478213d5,0.140916,0.140916,0.267234,1,1,1786107577
2026-08-06,0x1524a14c55f097bb54f0b24383f3ae3e3743804a,21,0x4444aaaacdba5580282365e25b16309bd770ce4a,0.0,0.0,997074.868238,0,2,1786020345
2026-08-06,0x1524a14c55f097bb54f0b24383f3ae3e3743804a,64826,0xeae2338ffb3e37e1a905dce350e4162d0c4f6e17,0.136909,0.273818,0.000382,2,2,1786046325
2026-08-06,0x1524a14c55f097bb54f0b24383f3ae3e3743804a,118944,0xd5d9041f30bb174c12245894448027d0478213d5,0.075739,0.075739,0.143631,1,1,1786107577
2026-08-06,0x1524a14c55f097bb54f0b24383f3ae3e3743804a,119252,0xe74647e67e2407db6a01f276fc9c81797f646248,3.049412,6.098824,11.06548,2,2,1786038045
2026-08-06,0x1524a14c55f097bb54f0b24383f3ae3e3743804a,119641,0xab8461a734a7a936f895bb056b596d6180b76b6b,0.618585,1.23717,0.0,2,0,1786056347
2026-08-06,0x1524a14c55f097bb54f0b24383f3ae3e3743804a,119712,0x3fb9b2d072f026a49fa95d30df6de2e4ac4faf18,0.445146,0.890292,0.0,2,0,1786053913
2026-08-06,0x1524a14c55f097bb54f0b24383f3ae3e3743804a,119741,0x4360e8029eaa5b824beec5db0429ad9b8f4f43b0,0.523889,1.047778,0.0,2,0,1786077661
2026-08-06,0x1524a14c55f097bb54f0b24383f3ae3e3743804a,130241,0x36c96b1363cfedb061c2ffdb1f9700c52bdad6c0,2019.997774,2019.997774,0.0,1,0,1786105963
2026-08-06,0x1524a14c55f097bb54f0b24383f3ae3e3743804a,130419,0x03eb05dd0d5d1d73131d198dbf6ddd51db4463a4,4.071602,8.143204,0.0,2,0,1786057169
2026-08-06,0x1524a14c55f097bb54f0b24383f3ae3e3743804a,130422,0x5fb578b179f4559a5b375e5cdbc91f60e1e0c446,0.749927,1.499854,0.0,2,0,1786082859
2026-08-06,0x1524a14c55f097bb54f0b24383f3ae3e3743804a,130431,0xf4f354b3931ef58db78d071bc54611236b0aa8b1,1.02494,1.02494,0.0,1,0,1786162699
2026-08-06,0x160d7e9d948b16c163332a277b393c288408eb12,21,0x4444aaaacdba5580282365e25b16309bd770ce4a,0.0,0.0,997074.868238,0,2,1786020345
2026-08-06,0x160d7e9d948b16c163332a277b393c288408eb12,417,0xbe93d14c5defb8f41af8fb092f58e3c71c712b85,28621.065674,57242.131348,0.0,2,0,1786004379
2026-08-06,0x160d7e9d948b16c163332a277b393c288408eb12,524,0x76da9f88e63a85ba8bfa19f3821d5a271753d3dc,4389.397458,8778.794916,8778.794916,2,2,1786067133
2026-08-06,0x160d7e9d948b16c163332a277b393c288408eb12,821,0x5f85e8c277df79fd5fd5e59e4e69ffa18989887b,51367.680704,102735.361408,102612.450516,2,2,1785978229
2026-08-06,0x160d7e9d948b16c163332a277b393c288408eb12,2194,0x74597a233e403ac2f48c40dd66fde8d22d6634f2,4494.752766,4494.752766,4492.696691,1,1,1786117591
2026-08-06,0x160d7e9d948b16c163332a277b393c288408eb12,2570,0x9a608d9f416518b5f11acf3dc5594c90d6998e2c,0.0,0.0,3514.990552,0,2,1786000887
2026-08-06,0x160d7e9d948b16c163332a277b393c288408eb12,4518,0x43917a8174465dc01522e8e14335eaa2cde33f6f,60.257331,60.257331,103.466833,1,1,1786112201
2026-08-06,0x160d7e9d948b16c163332a277b393c288408eb12,13510,0xdfea4755c067dfabaf0a18c88d226337874469ac,2639.195414,5278.390828,5278.390828,2,2,1785982631
2026-08-06,0x160d7e9d948b16c163332a277b393c288408eb12,23888,0x46f0aacc078a848cbc33d0a3bdcaa614abdcad59,1534.226385,1534.226385,308.260261,1,1,1786115939
2026-08-06,0x160d7e9d948b16c163332a277b393c288408eb12,42438,0x903c1606ba719b63f581487cabcb7fb71fe98cfc,0.0,0.0,58.603137,0,1,1786163047
2026-08-06,0x160d7e9d948b16c163332a277b393c288408eb12,62706,0x8755491263b0f40318905cbe3594ba8cd3f95189,541.344552,1082.689104,1091.21042,2,2,1786026169
2026-08-06,0x160d7e9d948b16c163332a277b393c288408eb12,68145,0x249126c8de8f6c4eaa62c707b5c53bb2b61d9182,141.350256,282.700512,282.062566,2,2,1786051229
2026-08-06,0x160d7e9d948b16c163332a277b393c288408eb12,73205,0xda52e5829e68e42937ec9172d92f4b584148d70c,0.0,0.0,43087.14581,0,2,1786034601
2026-08-06,0x160d7e9d948b16c163332a277b393c288408eb12,74636,0x526cc36d03da6484d71392e339768f94f2fabaf9,20.774395,41.54879,41.601926,2,2,1786063063
2026-08-06,0x160d7e9d948b16c163332a277b393c288408eb12,76935,0xdeb16c01ae6c13d1277ce0efc1def6b5c3bdd6c7,0.0,0.0,557.642427,0,1,1786153675
2026-08-06,0x160d7e9d948b16c163332a277b393c288408eb12,78796,0x8555c5f95c85a43e7df1229e566ae33d1ff89978,0.0,0.0,1160.321472,0,2,1785996679
2026-08-06,0x160d7e9d948b16c163332a277b393c288408eb12,81282,0x8555c5f95c85a43e7df1229e566ae33d1ff89978,0.0,0.0,334.18747,0,2,1785996727
2026-08-06,0x160d7e9d948b16c163332a277b393c288408eb12,83523,0xefba0f56eef05f6a7d614ce519d2e284b46d3583,0.0,0.0,67658.273248,0,2,1785999955
2026-08-06,0x160d7e9d948b16c163332a277b393c288408eb12,88572,0x581ab14804196e9b20f02291cf863bc1b4745a87,226.947082,453.894164,453.894164,2,2,1785984549
2026-08-06,0x160d7e9d948b16c163332a277b393c288408eb12,89949,0x571cbf521dbffc43fb43384a2e3eec8b4625aba0,0.0,0.0,3323.98598,0,1,1786120499
2026-08-06,0x160d7e9d948b16c163332a277b393c288408eb12,90772,0x571cbf521dbffc43fb43384a2e3eec8b4625aba0,0.0,0.0,2589.154154,0,1,1786120525
2026-08-06,0x160d7e9d948b16c163332a277b393c288408eb12,99221,0xc327c668579ea5a65b8683e3121fbd6d14a4ee97,70.20619,140.41238,141.484252,2,2,1785994527
2026-08-06,0x160d7e9d948b16c163332a277b393c288408eb12,110771,0x216ab0f15bf7ea0b240f93edfd83feecd4cc10d1,0.0,0.0,823.775839,0,1,1786107697
2026-08-06,0x160d7e9d948b16c163332a277b393c288408eb12,110905,0x216ab0f15bf7ea0b240f93edfd83feecd4cc10d1,0.0,0.0,187.092741,0,1,1786107709
2026-08-06,0x160d7e9d948b16c163332a277b393c288408eb12,110928,0xda52e5829e68e42937ec9172d92f4b584148d70c,0.0,0.0,42341.97009,0,2,1786034511
2026-08-06,0x160d7e9d948b16c163332a277b393c288408eb12,111036,0xce63db1ebc62dc7209f091a1787243c2e4f8f085,0.0,0.0,4999.5314,0,2,1785979413
2026-08-06,0x160d7e9d948b16c163332a277b393c288408eb12,113145,0xc44e237bd8d7949a904cd62b785034c09a15e27e,23572.373075,47144.74615,0.0,2,0,1786035721
2026-08-06,0x160d7e9d948b16c163332a277b393c288408eb12,113286,0xc44e237bd8d7949a904cd62b785034c09a15e27e,26126.214308,52252.428616,0.0,2,0,1786035731
2026-08-06,0x160d7e9d948b16c163332a277b393c288408eb12,113431,0xc44e237bd8d7949a904cd62b785034c09a15e27e,2823.284039,5646.568078,0.0,2,0,1786035739
2026-08-06,0x160d7e9d948b16c163332a277b393c288408eb12,114006,0xc44e237bd8d7949a904cd62b785034c09a15e27e,22373.674814,44747.349628,0.0,2,0,1786035747
2026-08-06,0x160d7e9d948b16c163332a277b393c288408eb12,114677,0x9b3f4f5a062a8c3dab9ca674839b8f06aec5d869,1104.35471,2208.70942,2207.69907,2,2,1786020391
2026-08-06,0x160d7e9d948b16c163332a277b393c288408eb12,115466,0xc44e237bd8d7949a904cd62b785034c09a15e27e,9621.403366,19242.806732,0.0,2,0,1786035763
2026-08-06,0x160d7e9d948b16c163332a277b393c288408eb12,115749,0xfb901b5d918329ef8fbe1e4091ce5d572fe55fef,0.0,0.0,42473.529362,0,2,1786031627
2026-08-06,0x160d7e9d948b16c163332a277b393c288408eb12,116277,0x27420a9d7fef399f134c142d659e1f3ce62bbfd2,60454.989336,60454.989336,80761.283483,1,1,1786110285
2026-08-06,0x160d7e9d948b16c163332a277b393c288408eb12,116333,0xc44e237bd8d7949a904cd62b785034c09a15e27e,14809.327377,29618.654754,0.0,2,0,1786035755
2026-08-06,0x160d7e9d948b16c163332a277b393c288408eb12,116559,0xc44e237bd8d7949a904cd62b785034c09a15e27e,13815.297216,27630.594432,0.0,2,0,1786035771
2026-08-06,0x160d7e9d948b16c163332a277b393c288408eb12,116598,0x571cbf521dbffc43fb43384a2e3eec8b4625aba0,0.0,0.0,4186.644444,0,1,1786120583
2026-08-06,0x160d7e9d948b16c163332a277b393c288408eb12,117592,0x27420a9d7fef399f134c142d659e1f3ce62bbfd2,8412.361038,8412.361038,11211.35053,1,1,1786110291
2026-08-06,0x160d7e9d948b16c163332a277b393c288408eb12,117633,0xc44e237bd8d7949a904cd62b785034c09a15e27e,2813.196282,5626.392564,0.0,2,0,1786035781
2026-08-06,0x160d7e9d948b16c163332a277b393c288408eb12,121173,0x858b5d161c608ee66682c0ad9440b14517e838ea,0.0,0.0,29.83576,0,2,1786049737
2026-08-06,0x160d7e9d948b16c163332a277b393c288408eb12,123875,0x76e73c558200678e6befd12c493538d5199cf252,0.0,0.0,6.463426,0,2,1786001151
2026-08-06,0x17ea71d7e2dfb58f6b7e95c2dddad863e225091c,3727,0xc1991c8bda29507991eeb230ff2063c2ea74a34c,0.0,0.0,1159.536631,0,1,1786102737
2026-08-06,0x17ea71d7e2dfb58f6b7e95c2dddad863e225091c,119252,0xe74647e67e2407db6a01f276fc9c81797f646248,0.790689,1.581378,2.869192,2,2,1786038045
2026-08-06,0x17ea71d7e2dfb58f6b7e95c2dddad863e225091c,122442,0x4d3c57bfd91949b0126c9f216424206aa3544f33,0.205752,0.411504,0.552532,2,2,1786016817
2026-08-06,0x1dda8b6469df243971381f1f3f4137814ca68722,470,0xa00fda261ad941ca0eed3a8f4fd6a3d4e1010ad0,32876.04303,65752.08606,0.0,2,0,1786009551
2026-08-06,0x1dda8b6469df243971381f1f3f4137814ca68722,991,0x986fcc6b0d290308ad6f6a0e8471f74f53dec06a,17910.771689,35821.543378,0.0,2,0,1785991539
2026-08-06,0x1dda8b6469df243971381f1f3f4137814ca68722,1140,0xe18c1c9ea74e32b3c05b6b45c08a03748807812c,2214.754189,4429.508378,0.0,2,0,1785978927
2026-08-06,0x1dda8b6469df243971381f1f3f4137814ca68722,3011,0x34d0c3e912bab2ea82136847dc5df4dbc95e3d1d,1058.981412,2117.962824,0.0,2,0,1785986091
2026-08-06,0x1dda8b6469df243971381f1f3f4137814ca68722,3727,0xc1991c8bda29507991eeb230ff2063c2ea74a34c,1130.664654,1130.664654,0.0,1,0,1786102737
2026-08-06,0x1dda8b6469df243971381f1f3f4137814ca68722,5917,0xcf92c29cd74ac91027c88d6290697953e0489087,422.896734,845.793468,0.0,2,0,1785990123
2026-08-06,0x1dda8b6469df243971381f1f3f4137814ca68722,5994,0x88ca0e1c12c6e87f5b7b6475786e1982ac95092b,380.69954,761.39908,0.0,2,0,1786039317
2026-08-06,0x1dda8b6469df243971381f1f3f4137814ca68722,16669,0xa2cb2c0be12389ff3cf0b6ad24055aa5dc5382f2,75.52427,151.04854,0.0,2,0,1786033087
2026-08-06,0x1dda8b6469df243971381f1f3f4137814ca68722,19468,0xeaa12548379c669c17068e65315c3c0382c875be,78.722947,157.445894,0.0,2,0,1786076325
2026-08-06,0x1dda8b6469df243971381f1f3f4137814ca68722,61528,0xe18c1c9ea74e32b3c05b6b45c08a03748807812c,374.705528,749.411056,0.0,2,0,1785978853
2026-08-06,0x1dda8b6469df243971381f1f3f4137814ca68722,62323,0x5eb9df642d44bf33071d3468629601009cf163e9,21.459905,42.91981,0.0,2,0,1785990081
2026-08-06,0x1dda8b6469df243971381f1f3f4137814ca68722,64889,0xb4264e181207e2e701f72331e0998c38e04c8512,42.033224,84.066448,0.0,2,0,1785991377
2026-08-06,0x1dda8b6469df243971381f1f3f4137814ca68722,72927,0xdf841026280a5c6300cc6530202fed170b534d26,1397.416235,2794.83247,0.0,2,0,1786004455
2026-08-06,0x1dda8b6469df243971381f1f3f4137814ca68722,74230,0xdf841026280a5c6300cc6530202fed170b534d26,380.218763,760.437526,0.0,2,0,1786004475
2026-08-06,0x1dda8b6469df243971381f1f3f4137814ca68722,77887,0xecab22f524f728e7cc81818026eea5fc39303897,0.688608,1.377216,0.0,2,0,1786093935
2026-08-06,0x1dda8b6469df243971381f1f3f4137814ca68722,89935,0xbe6bbf7b3f6d8e4ffbe73a4ec1dc56955b000505,202.776037,405.552074,0.0,2,0,1786001239
2026-08-06,0x1dda8b6469df243971381f1f3f4137814ca68722,90566,0xbe6bbf7b3f6d8e4ffbe73a4ec1dc56955b000505,195.871479,391.742958,0.0,2,0,1786001307
2026-08-06,0x1dda8b6469df243971381f1f3f4137814ca68722,110098,0xfff50011ebc19a9e12ac370077e1dcc9e7e22e80,134.289103,268.578206,0.0,2,0,1786009161
2026-08-06,0x1dda8b6469df243971381f1f3f4137814ca68722,112620,0xea9c7c1ef52a9738f5a1585fea708aa8b7294543,397.443922,397.443922,0.0,1,0,1786133017
2026-08-06,0x1dda8b6469df243971381f1f3f4137814ca68722,112724,0xe101754c39d66cd7e49676af11dd93fc68189dab,23942.843419,47885.686838,0.0,2,0,1785979079
2026-08-06,0x1dda8b6469df243971381f1f3f4137814ca68722,113279,0x1ea6ebd3a692cb605617605fa16eeb407a0e8c53,862.718291,1725.436582,0.0,2,0,1785997587
2026-08-06,0x1dda8b6469df243971381f1f3f4137814ca68722,113417,0x1334752203935d80bca8a89a378bbe36b88961af,2169.348603,4338.697206,0.0,2,0,1786037301
2026-08-06,0x1dda8b6469df243971381f1f3f4137814ca68722,115099,0xa7e27d536ede7f5e2f93a264f3be3a23e91befb5,1750.681805,3501.36361,0.0,2,0,1785992011
2026-08-06,0x1dda8b6469df243971381f1f3f4137814ca68722,115476,0x1334752203935d80bca8a89a378bbe36b88961af,75911.888189,151823.776378,0.0,2,0,1786037479
2026-08-06,0x1dda8b6469df243971381f1f3f4137814ca68722,117757,0x77c0899deee999a263dc20b53df2046e4b335a0a,316.383702,632.767404,0.0,2,0,1786000815
2026-08-06,0x1dda8b6469df243971381f1f3f4137814ca68722,118066,0xbb229e247e2a068521001b6bfa682228721e21c5,851.42599,1702.85198,0.0,2,0,1785991215
2026-08-06,0x1dda8b6469df243971381f1f3f4137814ca68722,118915,0x3ddae87d300a0ff41e50e139c5a301d14ba9fad9,3458.868315,6917.73663,0.0,2,0,1785979401
2026-08-06,0x1dda8b6469df243971381f1f3f4137814ca68722,118918,0x3ddae87d300a0ff41e50e139c5a301d14ba9fad9,2278.947967,4557.895934,0.0,2,0,1785979359
2026-08-06,0x1dda8b6469df243971381f1f3f4137814ca68722,118944,0xd5d9041f30bb174c12245894448027d0478213d5,13.182834,13.182834,0.0,1,0,1786107577
2026-08-06,0x1dda8b6469df243971381f1f3f4137814ca68722,119252,0xe74647e67e2407db6a01f276fc9c81797f646248,13.778943,27.557886,0.0,2,0,1786038045
2026-08-06,0x1dda8b6469df243971381f1f3f4137814ca68722,119972,0xc18bb1b1a27872584fb0f2cf78d596e10ffb5526,0.900231,0.900231,0.0,1,0,1786159433
2026-08-06,0x1dda8b6469df243971381f1f3f4137814ca68722,120329,0x5b65755a36e25c14bf5d02bc39c72435b96e7ab4,216.275274,432.550548,0.0,2,0,1785997463
2026-08-06,0x1dda8b6469df243971381f1f3f4137814ca68722,120892,0x3ddae87d300a0ff41e50e139c5a301d14ba9fad9,353.056483,706.112966,0.0,2,0,1785979425
2026-08-06,0x1dda8b6469df243971381f1f3f4137814ca68722,122535,0xc2db328b0f6815d53b20c5f44c2f875d6f02a422,18.08103,36.16206,0.0,2,0,1786005919
2026-08-06,0x1dda8b6469df243971381f1f3f4137814ca68722,127015,0x9c5328b8c27f8a38706202d6dc27cca7d078efaa,9.977668,19.955336,0.0,2,0,1786003755
2026-08-06,0x1dda8b6469df243971381f1f3f4137814ca68722,130262,0xbfe33faf15d4908de00533d6d7fc2c56eb5bc613,1.60458,3.20916,0.0,2,0,1785978355
2026-08-06,0x1dda8b6469df243971381f1f3f4137814ca68722,130403,0x2df6b97cd8fe84a364b216639ed859a38c6717ff,67.508064,135.016128,0.0,2,0,1786004117
2026-08-06,0x1dda8b6469df243971381f1f3f4137814ca68722,130427,0xf8b2ef714862e8a6cd51a7721a2f5282232f1696,430.274508,430.274508,0.0,1,0,1786150161
2026-08-06,0x1eb79b7111fc98bbcbe79dd8043c2c98bc5698bd,30231,0xdffde0f254beada034f14383cfa01cc9eaf959fc,41.797361,41.797361,41.797361,1,1,1786115467
2026-08-06,0x20000fbfedfd172821821c9c59284129b04ffb2e,119252,0xe74647e67e2407db6a01f276fc9c81797f646248,2.410548,4.821096,8.747218,2,2,1786038045
2026-08-06,0x200681425b0c8d78c6a467512c5d49fa56bac88a,10298,0x488c8e0213051dc78155048e947257742d928bdf,201272.28917,17026546.360358,17024434.220576,85,85,1786163735
2026-08-06,0x200681425b0c8d78c6a467512c5d49fa56bac88a,87034,0x80f6936b7d61b3965b1400cab08b73b703b15046,0.052253,0.104506,0.105074,2,2,1785993387
2026-08-06,0x200681425b0c8d78c6a467512c5d49fa56bac88a,87463,0xae3f76a181f844908cbf8151ce461a9beec57f65,0.062472,0.124944,0.126832,2,2,1785992809
2026-08-06,0x200681425b0c8d78c6a467512c5d49fa56bac88a,89880,0x1d149496d53cfec829b3e9be83b5b2ecec3efa04,0.496195,0.99239,0.000102,2,2,1785990331
2026-08-06,0x200681425b0c8d78c6a467512c5d49fa56bac88a,89886,0x4c2e5e17480cba788da1294038e28c9f014dd67f,0.15021,0.30042,0.308538,2,2,1785987549
2026-08-06,0x21594b992f68495dd28d605834b58889d0a727c7,1979,0x3e97b8da1e88c8a318069a8b35dff8a7b20df636,5056.114318,10112.228636,10103.057246,2,2,1785984931
2026-08-06,0x21594b992f68495dd28d605834b58889d0a727c7,16638,0x1113b0a136918c3d9751959da62ce934e45f32c2,10.105712,20.211424,50.689202,2,2,1786007829
2026-08-06,0x21594b992f68495dd28d605834b58889d0a727c7,63578,0x975013969d096f74272b6aa9699ffb7c4cef6559,2.362685,4.72537,5.53341,2,2,1785983787
2026-08-06,0x21594b992f68495dd28d605834b58889d0a727c7,66814,0x4f1d8351ca1e07d71111156166ce39220ee2d15e,83487.347084,166974.694168,166898.313452,2,2,1785987097
2026-08-06,0x21594b992f68495dd28d605834b58889d0a727c7,68344,0xf2e7f22e038092e9ecb5a79c5a92413b2413e5cf,14.818358,29.636716,29.636716,2,2,1786020033
2026-08-06,0x21594b992f68495dd28d605834b58889d0a727c7,69077,0x4f1d8351ca1e07d71111156166ce39220ee2d15e,82360.235448,164720.470896,164645.12135,2,2,1785987123
2026-08-06,0x21594b992f68495dd28d605834b58889d0a727c7,72332,0xabd5c7513b135cfc760447519b8511864691b67e,14460.304057,28920.608114,28920.608114,2,2,1786017307
2026-08-06,0x21594b992f68495dd28d605834b58889d0a727c7,77579,0xbfe33faf15d4908de00533d6d7fc2c56eb5bc613,3057.059873,6114.119746,4607.20919,2,2,1785978337
2026-08-06,0x21594b992f68495dd28d605834b58889d0a727c7,90566,0xbe6bbf7b3f6d8e4ffbe73a4ec1dc56955b000505,78.348591,156.697182,156.697182,2,2,1786001307
2026-08-06,0x21594b992f68495dd28d605834b58889d0a727c7,94175,0x87ef527326efbe207316777f4bf459232bed28ed,0.0,0.0,2.01569,0,2,1786042867
2026-08-06,0x21594b992f68495dd28d605834b58889d0a727c7,110063,0xf1b7873f8885586f29ada38187b76c5477434b4b,29.958145,59.91629,60.630866,2,2,1786002189
2026-08-06,0x21594b992f68495dd28d605834b58889d0a727c7,118944,0xd5d9041f30bb174c12245894448027d0478213d5,2.039879,2.039879,3.868438,1,1,1786107577
2026-08-06,0x21594b992f68495dd28d605834b58889d0a727c7,122638,0x871c89013ea8c8df72f5205d0aa0b5984450d1bc,0.0,0.0,0.11688,0,2,1786042511
2026-08-06,0x21594b992f68495dd28d605834b58889d0a727c7,127015,0x9c5328b8c27f8a38706202d6dc27cca7d078efaa,0.0,0.0,8.036474,0,2,1786003755
2026-08-06,0x21594b992f68495dd28d605834b58889d0a727c7,130179,0x1334752203935d80bca8a89a378bbe36b88961af,9.958015,19.91603,8.738268,2,2,1786018531
2026-08-06,0x2223f9fe624f69da4d8256a7bcc9104fba7f8f75,14690,0x54e708434fd1543830556b8c952f63337cadb01c,41.696386,83.392772,83.819992,2,2,1786052897
2026-08-06,0x2223f9fe624f69da4d8256a7bcc9104fba7f8f75,22888,0x54e708434fd1543830556b8c952f63337cadb01c,356.688347,713.376694,716.716468,2,2,1786052901
2026-08-06,0x2223f9fe624f69da4d8256a7bcc9104fba7f8f75,34424,0x54e708434fd1543830556b8c952f63337cadb01c,595.962225,1191.92445,1196.86613,2,2,1786052907
2026-08-06,0x2223f9fe624f69da4d8256a7bcc9104fba7f8f75,77876,0x459b4065fd4ab40b54ea62b49e0201b862e26084,0.099808,0.099808,2.214448,1,1,1786142367
2026-08-06,0x2223f9fe624f69da4d8256a7bcc9104fba7f8f75,120227,0x0c358ac0610eee1298ad312a7b87e04e7e5f7fc0,1172.936908,2345.873816,2345.873816,2,2,1786025767
2026-08-06,0x222ccbe78890a4d9ef8d22d7fc1b968be0f2c653,10298,0x488c8e0213051dc78155048e947257742d928bdf,1006361.445848,85132731.80179,85122171.102878,85,85,1786163735
2026-08-06,0x24bddff0577d1ee32f92a0b92296ca9702611c6a,35791,0x514728f02296a92a67942ac33005c4e41bf67e70,0.0,0.0,845.498286,0,2,1786095959
2026-08-06,0x24bddff0577d1ee32f92a0b92296ca9702611c6a,86364,0x01fc87b0bbce9e591f4a0c49457b75cd9d1f56f0,81.7983,163.5966,163.5966,2,2,1786002209
2026-08-06,0x24bddff0577d1ee32f92a0b92296ca9702611c6a,87463,0xae3f76a181f844908cbf8151ce461a9beec57f65,0.062472,0.124944,0.126832,2,2,1785992809
2026-08-06,0x2578365b3dfa7ffe60108e181efb79feddec2319,3810,0xa8ddc541d443d29d61375a3e4e190ac81fb88608,1823.318735,3646.63747,3646.63747,2,2,1785990591
2026-08-06,0x2578365b3dfa7ffe60108e181efb79feddec2319,63578,0x975013969d096f74272b6aa9699ffb7c4cef6559,8.539706,17.079412,17.079412,2,2,1785983787
2026-08-06,0x2578365b3dfa7ffe60108e181efb79feddec2319,77518,0xa4f814ab97c6f12064464803f36c1bebc359267b,1176.955636,2353.911272,2368.93858,2,2,1785982533
2026-08-06,0x2578365b3dfa7ffe60108e181efb79feddec2319,83541,0xb2b9053613c67f48dcea2364128fce97a3900b9f,62.462033,62.462033,63.332857,1,1,1786148421
2026-08-06,0x2578365b3dfa7ffe60108e181efb79feddec2319,117759,0x5449f6df38d7d6f2fb8ccea1f3f9f87418e8a174,0.0,0.0,24655.75767,0,2,1786008863
2026-08-06,0x2722c8f9b5e2ac72d1f225f8e8c990e449ba0078,5503,0x16d6995da1c23df1ca7ca7f47dc8abe3aed31e3c,221.237357,442.474714,442.474714,2,2,1786019407
2026-08-06,0x2722c8f9b5e2ac72d1f225f8e8c990e449ba0078,5513,0xa7994df7c06a54781b2e338eef9f82d7a71e6721,220.949898,441.899796,441.899796,2,2,1786018787
2026-08-06,0x2722c8f9b5e2ac72d1f225f8e8c990e449ba0078,5529,0x16010bd4a55d758db2dd17e0ff3bba97861b712a,223.816092,447.632184,447.632184,2,2,1786018877
2026-08-06,0x27bd426ec343845995c527d634c4e07f0608aacd,89274,0x9c00833cba0159f36b5b08a36d2678621d6e86cb,286.476419,572.952838,576.304602,2,2,1786025633
2026-08-06,0x28a9ec9928a689410e82e579fd9418fbbf6452f3,10298,0x488c8e0213051dc78155048e947257742d928bdf,100636.144585,8513273.180179,8512217.110288,85,85,1786163735
2026-08-06,0x2a1463cebe85315224c536afd389b381b43f3206,124400,0xa0adf945c82adee6a848e902115555ffd0b21b90,0.401049,0.802098,0.0,2,0,1785982019
2026-08-06,0x2c4909355b0c036840819484c3a882a95659abf3,118944,0xd5d9041f30bb174c12245894448027d0478213d5,0.343192,0.343192,0.650831,1,1,1786107577
2026-08-06,0x2c4909355b0c036840819484c3a882a95659abf3,119252,0xe74647e67e2407db6a01f276fc9c81797f646248,0.183659,0.367318,0.666448,2,2,1786038045
2026-08-06,0x3416f5fa0ade2d3de6935d4b204d9fe0b68c0ea6,6393,0x6e5f7bd9b940287f6c9ae8a2ecfb93224a09cba5,68.341594,136.683188,205.958202,2,2,1786017265
2026-08-06,0x3416f5fa0ade2d3de6935d4b204d9fe0b68c0ea6,11129,0xdf204a863183d795793a94788fedf5a839061762,590337.286555,2357726.372218,2354105.169364,4,4,1786074461
2026-08-06,0x3416f5fa0ade2d3de6935d4b204d9fe0b68c0ea6,116785,0xfe89b58943d007b77feba0fca8ee403f86891ece,3038.543884,6077.087768,6205.67205,2,2,1785979107
2026-08-06,0x34e3334e845d101205394e0bd8821fddc7cd5559,1110,0x08888ce68d8de3d2616f96270f06b1b6fb3a18f6,0.0,0.0,29833.444048,0,2,1786049021
2026-08-06,0x34e3334e845d101205394e0bd8821fddc7cd5559,10482,0x51a8d07788571f545658e34dde71e1e7c21af19c,0.0,0.0,89744.501318,0,2,1786044505
2026-08-06,0x3667af77ff1481aca513d2c97a32c0ac31ba813d,11799,0x6b1a706e199c6a80fd50b96fd68ab8bacba2bb7f,41.159089,82.318178,85.227622,2,2,1786019989
2026-08-06,0x37e1490f7f6f98d263f826e1244c7e7f128632f2,21,0x4444aaaacdba5580282365e25b16309bd770ce4a,0.0,0.0,997074.868238,0,2,1786020345
2026-08-06,0x37e1490f7f6f98d263f826e1244c7e7f128632f2,44,0x2f2f665974261c4129b1dc6c359bd259cd66f78a,0.0,0.0,2154.863836,0,2,1786012807
2026-08-06,0x37e1490f7f6f98d263f826e1244c7e7f128632f2,832,0xde1a20ad593386d0ac260a8450b2349d8ab4eb57,0.0,0.0,42321.287496,0,2,1785990393
2026-08-06,0x37e1490f7f6f98d263f826e1244c7e7f128632f2,1054,0x28ac01ebf289292783cfaad9bbf2c7fe2666dfbd,0.0,0.0,33273.170902,0,2,1786054963
2026-08-06,0x37e1490f7f6f98d263f826e1244c7e7f128632f2,1140,0xe18c1c9ea74e32b3c05b6b45c08a03748807812c,0.0,0.0,4427.48215,0,2,1785978927
2026-08-06,0x37e1490f7f6f98d263f826e1244c7e7f128632f2,1488,0x51e432df264c3315bb0d1aa70d265cdf0792c679,0.0,0.0,17819.849078,0,2,1785992403
2026-08-06,0x37e1490f7f6f98d263f826e1244c7e7f128632f2,2040,0xaae833d972e4a8dbcdcd007a5bda0b22e5ddf583,0.0,0.0,9760.731304,0,2,1786089541
2026-08-06,0x37e1490f7f6f98d263f826e1244c7e7f128632f2,4424,0xf9aaf5fe611572c281d1a3056b1cb43a1b1f4feb,0.0,0.0,1630.036282,0,2,1786039945
2026-08-06,0x37e1490f7f6f98d263f826e1244c7e7f128632f2,9149,0x4cb75146e98562c9d79b31649c6c739e4dcb7cd5,0.0,0.0,86.902561,0,1,1786146779
2026-08-06,0x37e1490f7f6f98d263f826e1244c7e7f128632f2,10298,0x488c8e0213051dc78155048e947257742d928bdf,100636.144585,8513273.180179,8512217.110288,85,85,1786163735
2026-08-06,0x37e1490f7f6f98d263f826e1244c7e7f128632f2,15430,0x1b82502a605bb1ab95d5e54b2a8f85904c1bb0d1,0.0,0.0,183.140938,0,2,1786038817
2026-08-06,0x37e1490f7f6f98d263f826e1244c7e7f128632f2,19468,0xeaa12548379c669c17068e65315c3c0382c875be,0.0,0.0,157.445894,0,2,1786076325
2026-08-06,0x37e1490f7f6f98d263f826e1244c7e7f128632f2,20959,0xbebff394e920b170ee013f4bcdb9a06fb7481944,0.0,0.0,11349.903634,0,2,1786032071
2026-08-06,0x37e1490f7f6f98d263f826e1244c7e7f128632f2,26892,0x4cb75146e98562c9d79b31649c6c739e4dcb7cd5,0.0,0.0,10.918428,0,1,1786146771
2026-08-06,0x37e1490f7f6f98d263f826e1244c7e7f128632f2,61528,0xe18c1c9ea74e32b3c05b6b45c08a03748807812c,0.0,0.0,749.068248,0,2,1785978853
2026-08-06,0x37e1490f7f6f98d263f826e1244c7e7f128632f2,64674,0x1eecfb518c4a048a247ccfa07ff0301106344252,0.0,0.0,173.518058,0,2,1786101385
2026-08-06,0x37e1490f7f6f98d263f826e1244c7e7f128632f2,67254,0x56f7988185d756a4c84e9f56dc856c0d8c850c73,0.0,0.0,4932.283184,0,2,1785999677
2026-08-06,0x37e1490f7f6f98d263f826e1244c7e7f128632f2,69474,0xf96b453acd15b5822a5c3a4ef4211ca58027c672,0.0,0.0,5364.121208,0,2,1785991115
2026-08-06,0x37e1490f7f6f98d263f826e1244c7e7f128632f2,69475,0xf96b453acd15b5822a5c3a4ef4211ca58027c672,0.0,0.0,5375.195386,0,2,1785991129
2026-08-06,0x37e1490f7f6f98d263f826e1244c7e7f128632f2,75571,0xf96b453acd15b5822a5c3a4ef4211ca58027c672,0.0,0.0,5762.22099,0,2,1785991145
2026-08-06,0x37e1490f7f6f98d263f826e1244c7e7f128632f2,75572,0xf96b453acd15b5822a5c3a4ef4211ca58027c672,0.0,0.0,5775.854444,0,2,1785991163
2026-08-06,0x37e1490f7f6f98d263f826e1244c7e7f128632f2,78851,0x02443d1fcb2a76c99bf9bdf89de7f048d26eadba,0.0,0.0,464.303328,0,2,1785995785
2026-08-06,0x37e1490f7f6f98d263f826e1244c7e7f128632f2,84659,0x4da514756b61b361b3cbd23bfe554e068eb9d20d,0.0,0.0,249.110714,0,2,1786078213
2026-08-06,0x37e1490f7f6f98d263f826e1244c7e7f128632f2,85447,0xdda821f4eae19053aba8cb2982ad2f0ea38b5a8e,0.0,0.0,45.982004,0,2,1785981721
2026-08-06,0x37e1490f7f6f98d263f826e1244c7e7f128632f2,86424,0xf61899da27e056d6133bf1850ce7c506ede46b31,678.105854,1356.211708,1339.911572,2,2,1786045707
2026-08-06,0x37e1490f7f6f98d263f826e1244c7e7f128632f2,95224,0xea75836b0bcd1f848de01cc8bdfb660f4ad345a5,12.487573,24.975146,25.123518,2,2,1786005761
2026-08-06,0x37e1490f7f6f98d263f826e1244c7e7f128632f2,96293,0x4cb75146e98562c9d79b31649c6c739e4dcb7cd5,0.0,0.0,3.459925,0,1,1786146763
2026-08-06,0x37e1490f7f6f98d263f826e1244c7e7f128632f2,99050,0x49eb2617cb28a76fae711c3119b5e6022681036e,0.0,0.0,1910.813164,0,2,1786030499
2026-08-06,0x37e1490f7f6f98d263f826e1244c7e7f128632f2,110770,0xc878017389572dd653a852b633ffcd55e28fefbc,0.0,0.0,2082.998406,0,2,1786085741
2026-08-06,0x37e1490f7f6f98d263f826e1244c7e7f128632f2,110889,0x840c80320476f596a7349ad3a5851f90ff504daa,0.0,0.0,15.781458,0,2,1786028059
2026-08-06,0x37e1490f7f6f98d263f826e1244c7e7f128632f2,112620,0xea9c7c1ef52a9738f5a1585fea708aa8b7294543,397.443922,397.443922,440.763947,1,1,1786133017
2026-08-06,0x37e1490f7f6f98d263f826e1244c7e7f128632f2,112712,0x840c80320476f596a7349ad3a5851f90ff504daa,0.0,0.0,3.116362,0,2,1786028071
2026-08-06,0x37e1490f7f6f98d263f826e1244c7e7f128632f2,115932,0x3da15042228950228909b21451d8f0926aca1cf2,315.49543,630.99086,630.99086,2,2,1786005117
2026-08-06,0x37e1490f7f6f98d263f826e1244c7e7f128632f2,118944,0xd5d9041f30bb174c12245894448027d0478213d5,6.008098,6.008098,11.39379,1,1,1786107577
2026-08-06,0x37e1490f7f6f98d263f826e1244c7e7f128632f2,119592,0xca3228d257a777e9464a867cd81cfb53c15d13ca,0.0,0.0,38.684164,0,2,1786046711
2026-08-06,0x37e1490f7f6f98d263f826e1244c7e7f128632f2,119613,0xbeacd9b604ffcbd25bc7adf84f0d268c0698d369,49.34776,98.69552,98.910452,2,2,1786046813
2026-08-06,0x37e1490f7f6f98d263f826e1244c7e7f128632f2,119614,0xeae2338ffb3e37e1a905dce350e4162d0c4f6e17,4.631696,9.263392,37.319124,2,2,1786046333
2026-08-06,0x37e1490f7f6f98d263f826e1244c7e7f128632f2,119641,0xab8461a734a7a936f895bb056b596d6180b76b6b,0.0,0.0,0.209294,0,2,1786056347
2026-08-06,0x37e1490f7f6f98d263f826e1244c7e7f128632f2,119665,0xe3df66a998acdbe31bbd6db15c78569eefb6193e,0.0,0.0,0.071246,0,2,1786042067
2026-08-06,0x37e1490f7f6f98d263f826e1244c7e7f128632f2,119702,0x0743fbc8a18752d281263882162a6616f2edc154,0.0,0.0,0.238418,0,2,1785981793
2026-08-06,0x37e1490f7f6f98d263f826e1244c7e7f128632f2,119798,0x9dc42770f055ec12ca105ca682b401cd9be89e4a,0.0,0.0,0.390705,0,1,1786122387
2026-08-06,0x37e1490f7f6f98d263f826e1244c7e7f128632f2,122535,0xc2db328b0f6815d53b20c5f44c2f875d6f02a422,0.0,0.0,36.34529,0,2,1786005919
2026-08-06,0x37e1490f7f6f98d263f826e1244c7e7f128632f2,130265,0xe4cf39f16e37e87493ea107a392c2673016e79e1,0.0,0.0,4546.792248,0,2,1785986697
2026-08-06,0x37e1490f7f6f98d263f826e1244c7e7f128632f2,130333,0x392bd4b4d4dfe5a3ab4370e348f90d1d508285bc,0.0,0.0,585.331942,0,1,1786142679
2026-08-06,0x37e1490f7f6f98d263f826e1244c7e7f128632f2,130357,0xe841f748c8070597b98afbe0622d2fdeb0353699,0.0,0.0,0.677472,0,2,1786031981
2026-08-06,0x3a88ef38879efb900c2d7b6199d21c139cef5fa7,10298,0x488c8e0213051dc78155048e947257742d928bdf,100636.144585,8513273.180179,8512217.110288,85,85,1786163735
2026-08-06,0x3a88ef38879efb900c2d7b6199d21c139cef5fa7,73395,0x3b80abf839f60c1ca6e9fa934243531b034f228e,1.515592,3.031184,1.212474,2,2,1785997957
2026-08-06,0x3ba9ce0f19cf3ccb631b973c83712c7e6e9585ae,17927,0xb696d65ad33ea52c49cefbbdc300af9c9a0e6711,0.0,0.0,125.12298,0,2,1786071047
2026-08-06,0x3d36cf85a0c275cf4894315a6c1d6c558d6d984c,43965,0x89a99e361a1628c161f7ccfb843e0cb8ab5b3f07,1.19506,2.39012,2.39012,2,2,1785978131
2026-08-06,0x3d36cf85a0c275cf4894315a6c1d6c558d6d984c,82275,0x3d54dbee5c5d0215246199e177f629e607ceb7d5,0.0,0.0,0.0,2,2,1786018335
2026-08-06,0x3d36cf85a0c275cf4894315a6c1d6c558d6d984c,82276,0x05e63625a5003ba39dbd0e12d443c89b1eb48027,0.0,0.0,0.0,2,2,1786018337
2026-08-06,0x3d36cf85a0c275cf4894315a6c1d6c558d6d984c,82277,0x24e56740d621aa314e2f352e26a47734c3572ee3,0.0,0.0,0.0,2,2,1786018405
2026-08-06,0x3d36cf85a0c275cf4894315a6c1d6c558d6d984c,82278,0xbc5388ad815b08715122a6703be6a1091eb2a24d,0.0,0.0,0.0,2,2,1786018387
2026-08-06,0x3d36cf85a0c275cf4894315a6c1d6c558d6d984c,82279,0x97473c122eedb5de9dbca7c8e353219743974d47,0.0,0.0,0.0,2,2,1786018389
2026-08-06,0x3d36cf85a0c275cf4894315a6c1d6c558d6d984c,82280,0x270df65fa22c116ea3f63ea2c5ac927faf82f687,0.0,0.0,0.0,2,2,1786018951
2026-08-06,0x3d36cf85a0c275cf4894315a6c1d6c558d6d984c,82281,0x9a589729132a053e6bed0fbfe97a75cc7094fd07,0.0,0.0,0.0,2,2,1786018945
2026-08-06,0x3d36cf85a0c275cf4894315a6c1d6c558d6d984c,82282,0xc2dc738b00529978e5fb7e485b6be595d50b6aa8,0.0,0.0,0.0,2,2,1786018947
2026-08-06,0x3d36cf85a0c275cf4894315a6c1d6c558d6d984c,82283,0xed29e9ebba490d0406766812315906fc15200ef1,0.0,0.0,0.0,2,2,1786018949
2026-08-06,0x3d36cf85a0c275cf4894315a6c1d6c558d6d984c,82284,0x274c7d9bda3ab86c2e968733974b88fff45b8efc,0.0,0.0,0.0,2,2,1786018949
2026-08-06,0x3d36cf85a0c275cf4894315a6c1d6c558d6d984c,82285,0x485766d0ef040c702da66878fa7432b92721f4ab,0.0,0.0,0.0,2,2,1786019503
2026-08-06,0x3d36cf85a0c275cf4894315a6c1d6c558d6d984c,82286,0x3a64825e45f50a6553d8759346acb5b20be6b0e9,0.0,0.0,0.0,2,2,1786019653
2026-08-06,0x3d36cf85a0c275cf4894315a6c1d6c558d6d984c,82287,0xd152224d5fbbb832fc865451ffb8c751d5e51810,0.0,0.0,0.0,2,2,1786019607
2026-08-06,0x3d36cf85a0c275cf4894315a6c1d6c558d6d984c,82288,0x5bbfc6a864d4c893ba02f2921f403806ece9aff2,0.0,0.0,0.0,2,2,1786019609
2026-08-06,0x3d36cf85a0c275cf4894315a6c1d6c558d6d984c,82289,0x29f670ab391e2c46892bdcadb6909405e193a645,0.0,0.0,0.0,2,2,1786019611
2026-08-06,0x3d36cf85a0c275cf4894315a6c1d6c558d6d984c,82292,0x525ea0f45d64eccec63c592abb12a01c9a476517,0.0,0.0,0.0,2,2,1786020443
2026-08-06,0x3d36cf85a0c275cf4894315a6c1d6c558d6d984c,82293,0xd14d9b93fea781837d352819682b8bdbfd6318a5,0.0,0.0,0.0,2,2,1786020445
2026-08-06,0x3d36cf85a0c275cf4894315a6c1d6c558d6d984c,82294,0xb2870eb0beecba8f762e0158b992e0a9e1d6c276,0.0,0.0,0.0,2,2,1786020447
2026-08-06,0x3d36cf85a0c275cf4894315a6c1d6c558d6d984c,82295,0xa31576cb85e9db9de1bb2f2a96ad500d74a4f299,0.0,0.0,0.0,2,2,1786020451
2026-08-06,0x3d36cf85a0c275cf4894315a6c1d6c558d6d984c,82296,0xce971aa0da23034bdbaa96fcb223e0446cbc62d2,0.0,0.0,0.0,2,2,1786020453
2026-08-06,0x3d36cf85a0c275cf4894315a6c1d6c558d6d984c,82297,0x8185bf453afe0374ec61d6772e595dab6a00b251,0.0,0.0,0.0,2,2,1786020925
2026-08-06,0x3d36cf85a0c275cf4894315a6c1d6c558d6d984c,82298,0x3df3ce7ce8be11b4a17f5d7bdb0305114e5b1f82,0.0,0.0,0.0,2,2,1786020927
2026-08-06,0x3d36cf85a0c275cf4894315a6c1d6c558d6d984c,82299,0x71fb01bb76fd237ed87c263e7c2acec75d742523,0.0,0.0,0.0,2,2,1786020929
2026-08-06,0x3d36cf85a0c275cf4894315a6c1d6c558d6d984c,82300,0x9acd1a8b15b78dca6b80dad92027223ce4af9b33,0.0,0.0,0.0,2,2,1786020931
2026-08-06,0x3d36cf85a0c275cf4894315a6c1d6c558d6d984c,82301,0x3fb15dc0b49262e537475282835430bf7767a682,0.0,0.0,0.0,2,2,1786020933
2026-08-06,0x3d36cf85a0c275cf4894315a6c1d6c558d6d984c,119234,0x50d9b71efed301ca8ede6a5be96b765a3bb09081,4.779716,4.779716,21.774721,1,1,1786156937
2026-08-06,0x3e66e55e97ce60096f74b7c475e8249f2d31a9fb,10298,0x488c8e0213051dc78155048e947257742d928bdf,3220356.626712,272424741.765725,272390947.529209,85,85,1786163735
2026-08-06,0x3f0296bf652e19bca772ec3df08b32732f93014a,524,0x76da9f88e63a85ba8bfa19f3821d5a271753d3dc,4389.397458,8778.794916,8778.794916,2,2,1786067133
2026-08-06,0x3f0296bf652e19bca772ec3df08b32732f93014a,30231,0xdffde0f254beada034f14383cfa01cc9eaf959fc,41.797361,41.797361,41.797361,1,1,1786115467
2026-08-06,0x3f0296bf652e19bca772ec3df08b32732f93014a,90566,0xbe6bbf7b3f6d8e4ffbe73a4ec1dc56955b000505,78.348591,156.697182,156.697182,2,2,1786001307
2026-08-06,0x3f53f1fd5b7723ddf38d93a584d280b9b94c3111,1835,0xb7fd4302eb683185115741a15efe7fdda2e2c886,5612.584181,11225.168362,10565.989206,2,2,1786066397
2026-08-06,0x3f53f1fd5b7723ddf38d93a584d280b9b94c3111,10298,0x488c8e0213051dc78155048e947257742d928bdf,1509542.168771,127699097.702683,127683256.654317,85,85,1786163735
2026-08-06,0x3f53f1fd5b7723ddf38d93a584d280b9b94c3111,77717,0xadd2f9a2c8b74cfb1b8e8fd563531a46b86a8995,0.004576,0.004576,0.004646,1,1,1786114705
2026-08-06,0x3f53f1fd5b7723ddf38d93a584d280b9b94c3111,91496,0x19a48c29f89f1e892b60ecce5366e055eedc08d7,384.056699,768.113398,773.15701,2,2,1786082291
2026-08-06,0x3f5e98c7ebff35056ab4346bccd722a537c1aefa,10298,0x488c8e0213051dc78155048e947257742d928bdf,100636.144585,8513273.180179,8512217.110288,85,85,1786163735
2026-08-06,0x3f985184335bd9e0a4774c79668ce57ee2aacfe2,29431,0x9328c78fda563b91b97d6b7a27d179ea7585a116,0.0,0.0,66.966835,0,1,1786121211
2026-08-06,0x3fe04a59ebd38cf06080a6f60a98d124eb59392a,202,0x6f09e3fd9caf2a8b3c7e9fccd2423b17b9d8e383,230701.737664,461403.475328,461192.411442,2,2,1786091741
2026-08-06,0x3fe04a59ebd38cf06080a6f60a98d124eb59392a,353,0x5ade40e345817b739b91c6b4615efce87f9d7c57,111226.950471,222453.900942,222352.14188,2,2,1786031349
2026-08-06,0x3fe04a59ebd38cf06080a6f60a98d124eb59392a,417,0xbe93d14c5defb8f41af8fb092f58e3c71c712b85,21465.799256,42931.598512,35759.966608,2,2,1786004379
2026-08-06,0x3fe04a59ebd38cf06080a6f60a98d124eb59392a,821,0x5f85e8c277df79fd5fd5e59e4e69ffa18989887b,51367.680704,102735.361408,102612.450516,2,2,1785978229
2026-08-06,0x3fe04a59ebd38cf06080a6f60a98d124eb59392a,850,0xb7d49adb031d6dbdf3e8e28f21c6dd3b6f231cd5,3519.727,3519.727,0.0,1,0,1786133705
2026-08-06,0x3fe04a59ebd38cf06080a6f60a98d124eb59392a,1290,0x3ed846e330369f5a96093e61f048a79f92102bdc,11209.278814,22418.557628,22418.557628,2,2,1786068973
2026-08-06,0x3fe04a59ebd38cf06080a6f60a98d124eb59392a,1296,0x581278ad4c00f4f2af057105817a8e78b424a65c,11633.447801,23266.895602,0.0,2,0,1786007477
2026-08-06,0x3fe04a59ebd38cf06080a6f60a98d124eb59392a,2420,0x235f202679ab25f6bd6a230858005d96eac3dd57,4248.276053,8496.552106,8492.665452,2,2,1786040147
2026-08-06,0x3fe04a59ebd38cf06080a6f60a98d124eb59392a,2512,0x66911f0d4c73a9189ed29ecafc1514236f51dd45,5037.519136,10075.038272,10057.677056,2,2,1785996395
2026-08-06,0x3fe04a59ebd38cf06080a6f60a98d124eb59392a,2565,0xba77e0b03b41a980bb4e7bb32ec7a2dfe1b66f8f,3721.222642,7442.445284,0.0,2,0,1786024383
2026-08-06,0x3fe04a59ebd38cf06080a6f60a98d124eb59392a,2577,0xf76da7851854d2056b684168a9ae004456a69bb5,3766.58064,7533.16128,7529.71532,2,2,1785984925
2026-08-06,0x3fe04a59ebd38cf06080a6f60a98d124eb59392a,2940,0xea2ffaa47fbdd4c5e6a6d37ee372f9c3ce539065,2459.893721,4919.787442,4913.079978,2,2,1785990535
2026-08-06,0x3fe04a59ebd38cf06080a6f60a98d124eb59392a,3310,0xf76da7851854d2056b684168a9ae004456a69bb5,2510.725917,5021.451834,5019.154826,2,2,1785984317
2026-08-06,0x3fe04a59ebd38cf06080a6f60a98d124eb59392a,4397,0xeb6d85ff965506cf2639a828c3c04fa9f0d09112,724.293172,1448.586344,1445.962142,2,2,1786010347
2026-08-06,0x3fe04a59ebd38cf06080a6f60a98d124eb59392a,4518,0x43917a8174465dc01522e8e14335eaa2cde33f6f,304.246338,304.246338,86.068096,1,1,1786112201
2026-08-06,0x3fe04a59ebd38cf06080a6f60a98d124eb59392a,5092,0x88d0b1b3ad75fe4f03fa30f8647653bb89c086d3,503.639918,1007.279836,1007.279836,2,2,1786025369
2026-08-06,0x3fe04a59ebd38cf06080a6f60a98d124eb59392a,5400,0xca1ca254fed6f9c924ea24b82140c646fcf06a14,451.862372,903.724744,903.724744,2,2,1785985249
2026-08-06,0x3fe04a59ebd38cf06080a6f60a98d124eb59392a,6393,0x6e5f7bd9b940287f6c9ae8a2ecfb93224a09cba5,68.341594,136.683188,137.305468,2,2,1786017265
2026-08-06,0x3fe04a59ebd38cf06080a6f60a98d124eb59392a,10413,0xf9e4206fdf1e0eb75e1db336f62590bc3e320f0a,11430.838666,22861.677332,22840.82642,2,2,1786066069
2026-08-06,0x3fe04a59ebd38cf06080a6f60a98d124eb59392a,10414,0xdcac0ee047da0ab449f6beb08c8f79c00eabc67d,25318.04325,50636.0865,0.0,2,0,1786016115
2026-08-06,0x3fe04a59ebd38cf06080a6f60a98d124eb59392a,22114,0xd6f14caf5db98820628e0acd3e3a7009b96c8861,283.604554,567.209108,283.345894,2,2,1786040163
2026-08-06,0x3fe04a59ebd38cf06080a6f60a98d124eb59392a,23888,0x46f0aacc078a848cbc33d0a3bdcaa614abdcad59,767.113193,767.113193,770.650653,1,1,1786115939
2026-08-06,0x3fe04a59ebd38cf06080a6f60a98d124eb59392a,26445,0xf06ad68aec551ca9f2803f534b1e67bc78e3f4e8,25.265363,50.530726,51.016532,2,2,1786055109
2026-08-06,0x3fe04a59ebd38cf06080a6f60a98d124eb59392a,33833,0x6281376262a2ae89bf89b5f8b4f473be95c4e628,5512.412758,5512.412758,5531.850736,1,1,1786156889
2026-08-06,0x3fe04a59ebd38cf06080a6f60a98d124eb59392a,34501,0xb60c26fdf52b290cf164d25860e4809bfaa3f55b,0.0,0.0,0.33342,0,2,1786100469
2026-08-06,0x3fe04a59ebd38cf06080a6f60a98d124eb59392a,40717,0xd8f01e86392a086fd5ea80dfd1f0514abff8fb82,13479.551426,26959.102852,27092.75266,2,2,1786100503
2026-08-06,0x3fe04a59ebd38cf06080a6f60a98d124eb59392a,42342,0xefbe74a2d564b5da62407d452038db32c9fd6b27,3581.233515,7162.46703,0.0,2,0,1786036673
2026-08-06,0x3fe04a59ebd38cf06080a6f60a98d124eb59392a,43947,0x3f13fcf31d1ed321e91ebdbd74b4e815f7130b73,1424.544062,2849.088124,0.0,2,0,1786100841
2026-08-06,0x3fe04a59ebd38cf06080a6f60a98d124eb59392a,60550,0x96adf8dfecb38d2c660a4927650ea6cde5e7fff5,0.0,0.0,0.511568,0,2,1786035905
2026-08-06,0x3fe04a59ebd38cf06080a6f60a98d124eb59392a,68145,0x249126c8de8f6c4eaa62c707b5c53bb2b61d9182,141.350256,282.700512,282.062566,2,2,1786051229
2026-08-06,0x3fe04a59ebd38cf06080a6f60a98d124eb59392a,68450,0xf76da7851854d2056b684168a9ae004456a69bb5,2664.181137,5328.362274,5325.924874,2,2,1785984731
2026-08-06,0x3fe04a59ebd38cf06080a6f60a98d124eb59392a,71810,0xf76da7851854d2056b684168a9ae004456a69bb5,3481.972832,6963.945664,6960.760084,2,2,1785984787
2026-08-06,0x3fe04a59ebd38cf06080a6f60a98d124eb59392a,72570,0xf76da7851854d2056b684168a9ae004456a69bb5,3653.677888,7307.355776,7304.013108,2,2,1785985199
2026-08-06,0x3fe04a59ebd38cf06080a6f60a98d124eb59392a,72927,0xdf841026280a5c6300cc6530202fed170b534d26,0.0,0.0,2813.86269,0,2,1786004455
2026-08-06,0x3fe04a59ebd38cf06080a6f60a98d124eb59392a,73320,0x3f13fcf31d1ed321e91ebdbd74b4e815f7130b73,4414.26453,8828.52906,0.0,2,0,1786100857
2026-08-06,0x3fe04a59ebd38cf06080a6f60a98d124eb59392a,73550,0x5177b92f40675ebc6bb87705ef28717de943d5ab,66.383157,132.766314,0.0,2,0,1786047505
2026-08-06,0x3fe04a59ebd38cf06080a6f60a98d124eb59392a,74801,0xf76da7851854d2056b684168a9ae004456a69bb5,3413.859304,6827.718608,6824.595344,2,2,1785984651
2026-08-06,0x3fe04a59ebd38cf06080a6f60a98d124eb59392a,74863,0xca1ca254fed6f9c924ea24b82140c646fcf06a14,3195.189933,6390.379866,6390.379866,2,2,1785985241
2026-08-06,0x3fe04a59ebd38cf06080a6f60a98d124eb59392a,75570,0xf76da7851854d2056b684168a9ae004456a69bb5,2893.903177,5787.806354,5785.158786,2,2,1785984345
2026-08-06,0x3fe04a59ebd38cf06080a6f60a98d124eb59392a,81212,0x88d0b1b3ad75fe4f03fa30f8647653bb89c086d3,1083.063527,2166.127054,2166.127054,2,2,1786025357
2026-08-06,0x3fe04a59ebd38cf06080a6f60a98d124eb59392a,83321,0xf76da7851854d2056b684168a9ae004456a69bb5,2679.639142,5359.278284,5356.826742,2,2,1785984757
2026-08-06,0x3fe04a59ebd38cf06080a6f60a98d124eb59392a,83523,0xefba0f56eef05f6a7d614ce519d2e284b46d3583,84273.311963,168546.623926,101487.409872,2,2,1785999955
2026-08-06,0x3fe04a59ebd38cf06080a6f60a98d124eb59392a,85626,0x93780ac7ad728074903e985a2a27926689a61c9b,4.033755,4.033755,0.0,1,0,1786148207
2026-08-06,0x3fe04a59ebd38cf06080a6f60a98d124eb59392a,89778,0x39fb2f4c7995cedcc34049f1e1b944afa8d43c2c,44.505049,89.010098,90.638628,2,2,1786011001
2026-08-06,0x3fe04a59ebd38cf06080a6f60a98d124eb59392a,106152,0x7be4f8b8402ff85d6cf752672fa014510dca1599,0.0,0.0,967.161194,0,2,1786005597
2026-08-06,0x3fe04a59ebd38cf06080a6f60a98d124eb59392a,109469,0xf76da7851854d2056b684168a9ae004456a69bb5,2730.11618,5460.23236,5457.734638,2,2,1785984955
2026-08-06,0x3fe04a59ebd38cf06080a6f60a98d124eb59392a,109549,0x16c7e68ca75eb0b7ca65eadd4d067af7d7654e11,10682.859416,10682.859416,0.0,1,0,1786136005
2026-08-06,0x3fe04a59ebd38cf06080a6f60a98d124eb59392a,110268,0x758ffb5823618006d5232e7972d18355413d6dd3,575.508304,575.508304,578.346617,1,1,1786130349
2026-08-06,0x3fe04a59ebd38cf06080a6f60a98d124eb59392a,110928,0xda52e5829e68e42937ec9172d92f4b584148d70c,21067.483002,42134.966004,0.0,2,0,1786034511
2026-08-06,0x3fe04a59ebd38cf06080a6f60a98d124eb59392a,110962,0x2471e3d5f807ca1bedbeee34660f8c37849d6c54,1431.637846,2863.275692,2873.984418,2,2,1785979511
2026-08-06,0x3fe04a59ebd38cf06080a6f60a98d124eb59392a,111004,0xf76da7851854d2056b684168a9ae004456a69bb5,3451.266385,6902.53277,6899.375284,2,2,1785984971
2026-08-06,0x3fe04a59ebd38cf06080a6f60a98d124eb59392a,111521,0x45cec102715d0a856ef9f67e3d10718ef55be2ad,110.484955,220.96991,332.998712,2,2,1786051365
2026-08-06,0x3fe04a59ebd38cf06080a6f60a98d124eb59392a,112460,0xf16137ae8415e2215c21a709789c7ab20f30362a,0.0,0.0,29094.487924,0,2,1786003995
2026-08-06,0x3fe04a59ebd38cf06080a6f60a98d124eb59392a,112958,0x1bda0a00d113eee140757aa5603c7cca15295153,98.825357,98.825357,100.013664,1,1,1786119177
2026-08-06,0x3fe04a59ebd38cf06080a6f60a98d124eb59392a,113578,0xd6ad35f58a59cf9b51d722c8f9ddddc1a95eedb2,5144.126451,5144.126451,5141.773328,1,1,1786161053
2026-08-06,0x3fe04a59ebd38cf06080a6f60a98d124eb59392a,113896,0x433305c5fe60af9ca52f3dedc0de468fc4ae06bb,13831.22371,27662.44742,0.0,2,0,1786007225
2026-08-06,0x3fe04a59ebd38cf06080a6f60a98d124eb59392a,115299,0xcaf3b112e7cd93f9866109962911fce3a96aa705,1934.985546,3869.971092,0.0,2,0,1785999133
2026-08-06,0x3fe04a59ebd38cf06080a6f60a98d124eb59392a,115457,0xc6e8ff2b228fd347499faa91a1cce4a7707b8d0e,20006.781698,40013.563396,40044.250296,2,2,1785980983
2026-08-06,0x3fe04a59ebd38cf06080a6f60a98d124eb59392a,115821,0xcdf8ca8a2b168cbcb54501f99bc4cb234ec787ca,0.0,0.0,44509.196088,0,2,1785980075
2026-08-06,0x3fe04a59ebd38cf06080a6f60a98d124eb59392a,116277,0x27420a9d7fef399f134c142d659e1f3ce62bbfd2,20151.663112,20151.663112,0.0,1,0,1786110285
2026-08-06,0x3fe04a59ebd38cf06080a6f60a98d124eb59392a,116716,0xf76da7851854d2056b684168a9ae004456a69bb5,2649.359815,5298.71963,5296.29579,2,2,1785984849
2026-08-06,0x3fe04a59ebd38cf06080a6f60a98d124eb59392a,117592,0x27420a9d7fef399f134c142d659e1f3ce62bbfd2,2804.120346,2804.120346,0.0,1,0,1786110291
2026-08-06,0x3fe04a59ebd38cf06080a6f60a98d124eb59392a,117634,0x170ddec929b8dfdfadbaba9bf994d9f3f7343cf1,12900.521189,25801.042378,22817.890398,2,2,1786020309
2026-08-06,0x3fe04a59ebd38cf06080a6f60a98d124eb59392a,117740,0xf5b94bb96cd8216500e28f83af68d13e1ec45d4f,5756.216053,5756.216053,0.0,1,0,1786102897
2026-08-06,0x3fe04a59ebd38cf06080a6f60a98d124eb59392a,117880,0xf76da7851854d2056b684168a9ae004456a69bb5,332.505228,665.010456,664.706254,2,2,1785984879
2026-08-06,0x3fe04a59ebd38cf06080a6f60a98d124eb59392a,118373,0x801b3afd220629cd129417195b785f984095f54c,14349.487785,28698.97557,0.0,2,0,1786037667
2026-08-06,0x3fe04a59ebd38cf06080a6f60a98d124eb59392a,119315,0x6ef7173ba0552f8940dda4b5ea5ac48b17f8b8a2,14.312638,14.312638,14.349587,1,1,1786127589
2026-08-06,0x3fe04a59ebd38cf06080a6f60a98d124eb59392a,119407,0x3bf65cac199ad43c974072bcad892e2c147b4c74,3844.354886,7688.709772,0.0,2,0,1786064299
2026-08-06,0x3fe04a59ebd38cf06080a6f60a98d124eb59392a,121101,0xa77a5d4d37d6f39c20c2441295da9fa60ab9fd69,0.019527,0.019527,0.024968,1,1,1786136055
2026-08-06,0x3fe04a59ebd38cf06080a6f60a98d124eb59392a,121173,0x858b5d161c608ee66682c0ad9440b14517e838ea,31.488575,62.97715,0.0,2,0,1786049737
2026-08-06,0x3fe04a59ebd38cf06080a6f60a98d124eb59392a,122476,0xc676f784fd5af80528d1b493848c43960ac0509c,2.876484,5.752968,0.0,2,0,1786006847
2026-08-06,0x3fe04a59ebd38cf06080a6f60a98d124eb59392a,122487,0x4f39693d8a09fc08e9da31ebaffc90fa0e0f0b9f,0.0,0.0,1836.283299,0,1,1786104383
2026-08-06,0x3fe04a59ebd38cf06080a6f60a98d124eb59392a,122586,0x6fd16171b46f29c9d06f0a4c198be65805b99f5d,437.699135,875.39827,0.0,2,0,1786019019
2026-08-06,0x3fe04a59ebd38cf06080a6f60a98d124eb59392a,122830,0x64d3701176794c2008527bc1c8f3a0477343bb68,0.005475,0.01095,0.011134,2,2,1786079493
2026-08-06,0x3fe04a59ebd38cf06080a6f60a98d124eb59392a,123360,0x83ce12b1fb990044b2e1b0f164804e529fe98ae2,13.373713,26.747426,0.0,2,0,1785996139
2026-08-06,0x3fe04a59ebd38cf06080a6f60a98d124eb59392a,125605,0x4ec3df9c7be35fecc22cedca8af04dfc46bfcb8a,2995.494668,5990.989336,2555.91614,2,2,1785994243
2026-08-06,0x3fe04a59ebd38cf06080a6f60a98d124eb59392a,127405,0x44516b6430e5969ae8c879ab3ab2d16062880dfb,90.361632,180.723264,181.985414,2,2,1785996339
2026-08-06,0x3fe04a59ebd38cf06080a6f60a98d124eb59392a,130260,0xba2f01413f50e8883fce0e4b51017f1c44a8b7aa,9.86642,19.73284,19.825778,2,2,1786013127
2026-08-06,0x3fe04a59ebd38cf06080a6f60a98d124eb59392a,130410,0xac383af8f62a73a6b156ffa86eb2820bd6a3a2f6,45.688266,91.376532,0.0,2,0,1786031693
2026-08-06,0x3fe04a59ebd38cf06080a6f60a98d124eb59392a,130416,0xe1678d75e9fa0cdc20535b6fe13c487fd3a5e0f5,1.351483,2.702966,0.0,2,0,1786042601
2026-08-06,0x3fe04a59ebd38cf06080a6f60a98d124eb59392a,130429,0x52d49bca43fd7f95137c55721270bf5ec2a5dadd,20.013559,20.013559,0.0,1,0,1786155995
2026-08-06,0x41d4934322f2bd6fe1dbe4124070fe61651a2067,2354,0xfc74deedbda57d3e85a9525e973184625553efe6,0.0,0.0,4575.861084,0,1,1786112651
2026-08-06,0x41d4934322f2bd6fe1dbe4124070fe61651a2067,5917,0xcf92c29cd74ac91027c88d6290697953e0489087,0.0,0.0,845.021888,0,2,1785990123
2026-08-06,0x41d4934322f2bd6fe1dbe4124070fe61651a2067,7691,0x432074e120ff63066021ad3674f55d8056db1c44,0.0,0.0,335.007228,0,1,1786154761
2026-08-06,0x41d4934322f2bd6fe1dbe4124070fe61651a2067,11568,0x5a9e792143bf2708b4765c144451dca54f559a19,0.0,0.0,248034.231488,0,2,1786060663
2026-08-06,0x41d4934322f2bd6fe1dbe4124070fe61651a2067,16669,0xa2cb2c0be12389ff3cf0b6ad24055aa5dc5382f2,0.0,0.0,154.979276,0,2,1786033087
2026-08-06,0x41d4934322f2bd6fe1dbe4124070fe61651a2067,23987,0xaae6cf5e13463d0dbadbd68c23aed99d25da2e3c,0.0,0.0,1933.716228,0,2,1786034333
2026-08-06,0x41d4934322f2bd6fe1dbe4124070fe61651a2067,37734,0x5a9e792143bf2708b4765c144451dca54f559a19,0.0,0.0,185916.504092,0,2,1786060669
2026-08-06,0x41d4934322f2bd6fe1dbe4124070fe61651a2067,77887,0xecab22f524f728e7cc81818026eea5fc39303897,0.004877,0.009754,1.406526,2,2,1786093935
2026-08-06,0x41d4934322f2bd6fe1dbe4124070fe61651a2067,82275,0x3d54dbee5c5d0215246199e177f629e607ceb7d5,4.3e-05,8.6e-05,0.011452,2,2,1786018335
2026-08-06,0x41d4934322f2bd6fe1dbe4124070fe61651a2067,82276,0x05e63625a5003ba39dbd0e12d443c89b1eb48027,4.3e-05,8.6e-05,0.011472,2,2,1786018337
2026-08-06,0x41d4934322f2bd6fe1dbe4124070fe61651a2067,82277,0x24e56740d621aa314e2f352e26a47734c3572ee3,4.3e-05,8.6e-05,0.011472,2,2,1786018405
2026-08-06,0x41d4934322f2bd6fe1dbe4124070fe61651a2067,82279,0x97473c122eedb5de9dbca7c8e353219743974d47,4.3e-05,8.6e-05,0.01146,2,2,1786018389
2026-08-06,0x41d4934322f2bd6fe1dbe4124070fe61651a2067,82280,0x270df65fa22c116ea3f63ea2c5ac927faf82f687,4.6e-05,9.2e-05,0.0119,2,2,1786018951
2026-08-06,0x41d4934322f2bd6fe1dbe4124070fe61651a2067,82281,0x9a589729132a053e6bed0fbfe97a75cc7094fd07,4.3e-05,8.6e-05,0.011436,2,2,1786018945
2026-08-06,0x41d4934322f2bd6fe1dbe4124070fe61651a2067,82282,0xc2dc738b00529978e5fb7e485b6be595d50b6aa8,4.3e-05,8.6e-05,0.011398,2,2,1786018947
2026-08-06,0x41d4934322f2bd6fe1dbe4124070fe61651a2067,82283,0xed29e9ebba490d0406766812315906fc15200ef1,4.3e-05,8.6e-05,0.011386,2,2,1786018949
2026-08-06,0x41d4934322f2bd6fe1dbe4124070fe61651a2067,82284,0x274c7d9bda3ab86c2e968733974b88fff45b8efc,4.3e-05,8.6e-05,0.011422,2,2,1786018949
2026-08-06,0x41d4934322f2bd6fe1dbe4124070fe61651a2067,82286,0x3a64825e45f50a6553d8759346acb5b20be6b0e9,4.3e-05,8.6e-05,0.01146,2,2,1786019653
2026-08-06,0x41d4934322f2bd6fe1dbe4124070fe61651a2067,82287,0xd152224d5fbbb832fc865451ffb8c751d5e51810,4.6e-05,9.2e-05,0.011946,2,2,1786019607
2026-08-06,0x41d4934322f2bd6fe1dbe4124070fe61651a2067,82288,0x5bbfc6a864d4c893ba02f2921f403806ece9aff2,4.3e-05,8.6e-05,0.011394,2,2,1786019609
2026-08-06,0x41d4934322f2bd6fe1dbe4124070fe61651a2067,82289,0x29f670ab391e2c46892bdcadb6909405e193a645,4.3e-05,8.6e-05,0.011394,2,2,1786019611
2026-08-06,0x41d4934322f2bd6fe1dbe4124070fe61651a2067,82292,0x525ea0f45d64eccec63c592abb12a01c9a476517,4.4e-05,8.8e-05,0.011626,2,2,1786020443
2026-08-06,0x41d4934322f2bd6fe1dbe4124070fe61651a2067,82293,0xd14d9b93fea781837d352819682b8bdbfd6318a5,4.4e-05,8.8e-05,0.011626,2,2,1786020445
2026-08-06,0x41d4934322f2bd6fe1dbe4124070fe61651a2067,82294,0xb2870eb0beecba8f762e0158b992e0a9e1d6c276,4.4e-05,8.8e-05,0.011626,2,2,1786020447
2026-08-06,0x41d4934322f2bd6fe1dbe4124070fe61651a2067,82295,0xa31576cb85e9db9de1bb2f2a96ad500d74a4f299,4.4e-05,8.8e-05,0.011626,2,2,1786020451
2026-08-06,0x41d4934322f2bd6fe1dbe4124070fe61651a2067,82296,0xce971aa0da23034bdbaa96fcb223e0446cbc62d2,4.4e-05,8.8e-05,0.011626,2,2,1786020453
2026-08-06,0x41d4934322f2bd6fe1dbe4124070fe61651a2067,82297,0x8185bf453afe0374ec61d6772e595dab6a00b251,4.4e-05,8.8e-05,0.011642,2,2,1786020925
2026-08-06,0x41d4934322f2bd6fe1dbe4124070fe61651a2067,82298,0x3df3ce7ce8be11b4a17f5d7bdb0305114e5b1f82,4.4e-05,8.8e-05,0.011642,2,2,1786020927
2026-08-06,0x41d4934322f2bd6fe1dbe4124070fe61651a2067,82299,0x71fb01bb76fd237ed87c263e7c2acec75d742523,4.4e-05,8.8e-05,0.01164,2,2,1786020929
2026-08-06,0x41d4934322f2bd6fe1dbe4124070fe61651a2067,82300,0x9acd1a8b15b78dca6b80dad92027223ce4af9b33,4.4e-05,8.8e-05,0.01164,2,2,1786020931
2026-08-06,0x41d4934322f2bd6fe1dbe4124070fe61651a2067,82301,0x3fb15dc0b49262e537475282835430bf7767a682,4.4e-05,8.8e-05,0.011642,2,2,1786020933
2026-08-06,0x41d4934322f2bd6fe1dbe4124070fe61651a2067,90340,0x3c3a20fbea8dd96357d5d44feee5d82c671380cb,0.0,0.0,1.89085,0,2,1785992107
2026-08-06,0x41d4934322f2bd6fe1dbe4124070fe61651a2067,110063,0xf1b7873f8885586f29ada38187b76c5477434b4b,26.732963,53.465926,54.103572,2,2,1786002189
2026-08-06,0x41d4934322f2bd6fe1dbe4124070fe61651a2067,116420,0xf1b7873f8885586f29ada38187b76c5477434b4b,33.098617,66.197234,67.025466,2,2,1786002291
2026-08-06,0x41d4934322f2bd6fe1dbe4124070fe61651a2067,119252,0xe74647e67e2407db6a01f276fc9c81797f646248,4.257049,8.514098,15.447662,2,2,1786038045
2026-08-06,0x42d4a22cad0f5a49681a5715ce994af73a43b76b,21,0x4444aaaacdba5580282365e25b16309bd770ce4a,0.0,0.0,997074.868238,0,2,1786020345
2026-08-06,0x42d4a22cad0f5a49681a5715ce994af73a43b76b,229,0x4dcea47ec4b26079cb4f9a0e0f400e1aa6f199a9,216236.02189,432472.04378,432472.04378,2,2,1786084639
2026-08-06,0x42d4a22cad0f5a49681a5715ce994af73a43b76b,417,0xbe93d14c5defb8f41af8fb092f58e3c71c712b85,21465.799256,42931.598512,35759.966608,2,2,1786004379
2026-08-06,0x42d4a22cad0f5a49681a5715ce994af73a43b76b,524,0x76da9f88e63a85ba8bfa19f3821d5a271753d3dc,4389.397458,8778.794916,8778.794916,2,2,1786067133
2026-08-06,0x42d4a22cad0f5a49681a5715ce994af73a43b76b,540,0x5d7f27ef0699f554923a4cd5e94aea9caf39b54b,56059.822572,112119.645144,112068.35726,2,2,1785991771
2026-08-06,0x42d4a22cad0f5a49681a5715ce994af73a43b76b,761,0xe4495842d915738d659609727a51e39d15b66778,1940.928137,3881.856274,4038.837742,2,2,1786060739
2026-08-06,0x42d4a22cad0f5a49681a5715ce994af73a43b76b,850,0xb7d49adb031d6dbdf3e8e28f21c6dd3b6f231cd5,3488.017748,3488.017748,0.0,1,0,1786133705
2026-08-06,0x42d4a22cad0f5a49681a5715ce994af73a43b76b,1508,0x54bae794b6dda32a5379f091afdf5bab0e37b664,8857.113119,8857.113119,8857.113119,1,1,1786137537
2026-08-06,0x42d4a22cad0f5a49681a5715ce994af73a43b76b,1784,0x186e20ae3530520c9f3e6c46f2f5d1062b784761,12651.1426,25302.2852,0.0,2,0,1785978513
2026-08-06,0x42d4a22cad0f5a49681a5715ce994af73a43b76b,2449,0xde848f5949206a9e66e1800e2c5a69d2601fbc22,3677.865809,7355.731618,0.0,2,0,1785995589
2026-08-06,0x42d4a22cad0f5a49681a5715ce994af73a43b76b,2570,0x9a608d9f416518b5f11acf3dc5594c90d6998e2c,1742.106594,3484.213188,0.0,2,0,1786000887
2026-08-06,0x42d4a22cad0f5a49681a5715ce994af73a43b76b,2917,0xbe47d2d049ec32eaa86e9ce66880f70d0140c2cb,4001.369167,8002.738334,8033.15502,2,2,1786042823
2026-08-06,0x42d4a22cad0f5a49681a5715ce994af73a43b76b,3036,0x3f6364f662b0127a3430bb9a9fc16b602da9a188,6673.994754,13347.989508,0.0,2,0,1785980583
2026-08-06,0x42d4a22cad0f5a49681a5715ce994af73a43b76b,3323,0xb60c26fdf52b290cf164d25860e4809bfaa3f55b,2776.168771,5552.337542,5579.28186,2,2,1786100545
2026-08-06,0x42d4a22cad0f5a49681a5715ce994af73a43b76b,3328,0x7eab3561033c3200e294a65f1c2bff5c098a39f0,2177.48631,2177.48631,0.0,1,0,1786124659
2026-08-06,0x42d4a22cad0f5a49681a5715ce994af73a43b76b,3635,0xb3b1cf4a37a5ad7a3cea9d5b652ab106c9576b8a,391.424249,391.424249,325.889376,1,1,1786111377
2026-08-06,0x42d4a22cad0f5a49681a5715ce994af73a43b76b,3952,0x8539391c2fbf930517e8cfb45cb4ac12b4ce5d52,0.0,0.0,182.979907,0,1,1786144841
2026-08-06,0x42d4a22cad0f5a49681a5715ce994af73a43b76b,4054,0x8179c1bd8d0286dab47e167e037282a1795712e8,4716.698813,9433.397626,9429.082422,2,2,1786062699
2026-08-06,0x42d4a22cad0f5a49681a5715ce994af73a43b76b,4477,0x90554d3c00b5b34fa2849b76c17bc874c90f9563,9492.528683,18985.057366,18893.609484,2,2,1785994855
2026-08-06,0x42d4a22cad0f5a49681a5715ce994af73a43b76b,4518,0x43917a8174465dc01522e8e14335eaa2cde33f6f,60.257331,60.257331,103.466833,1,1,1786112201
2026-08-06,0x42d4a22cad0f5a49681a5715ce994af73a43b76b,4648,0x574ed383ee585bda9f6d611e59e921a05131e529,694.921992,1389.843984,1389.208214,2,2,1786021505
2026-08-06,0x42d4a22cad0f5a49681a5715ce994af73a43b76b,4792,0xc4608ef8f21a89288a8dee2635825c579689d803,571.460131,1142.920262,0.0,2,0,1786021723
2026-08-06,0x42d4a22cad0f5a49681a5715ce994af73a43b76b,4799,0xac57b566e6d2c76174317c2870f1f66276c96746,827.053969,1654.107938,0.0,2,0,1785980627
2026-08-06,0x42d4a22cad0f5a49681a5715ce994af73a43b76b,5056,0x7e5c1a665bfd595a8de3ac91dabb37a65db04096,671.220319,1342.440638,0.0,2,0,1786039319
2026-08-06,0x42d4a22cad0f5a49681a5715ce994af73a43b76b,5124,0xdacbf0f8199c1e5ae5356a9d3a3b7d5f3e131360,754.742601,1509.485202,0.0,2,0,1785979037
2026-08-06,0x42d4a22cad0f5a49681a5715ce994af73a43b76b,5290,0x0a672383bc609c8dc0a746e358cae1a7db555aff,765.221999,1530.443998,0.0,2,0,1785979425
2026-08-06,0x42d4a22cad0f5a49681a5715ce994af73a43b76b,5423,0xf01140a33593d481b9482561fa62a7a1e05ff81c,777.465815,1554.93163,0.0,2,0,1785979683
2026-08-06,0x42d4a22cad0f5a49681a5715ce994af73a43b76b,5505,0xfb245db74da26226cf183f13287f7110c27fd0c7,788.641222,1577.282444,0.0,2,0,1785980167
2026-08-06,0x42d4a22cad0f5a49681a5715ce994af73a43b76b,5549,0x78d4c94b1284d46d238c6afbbbd115385b1b36ec,3145.768333,6291.536666,0.0,2,0,1786041587
2026-08-06,0x42d4a22cad0f5a49681a5715ce994af73a43b76b,5730,0x8e3c3084dc48cac05e46346849125f684160b117,708.637716,1417.275432,0.0,2,0,1785978799
2026-08-06,0x42d4a22cad0f5a49681a5715ce994af73a43b76b,5789,0x26ef296bd133aa54aaefeeedae62502b78e2e301,752.221474,1504.442948,0.0,2,0,1785979975
2026-08-06,0x42d4a22cad0f5a49681a5715ce994af73a43b76b,5891,0x2188d1a5e18768ef32a3c2e647207ca3627d3ffd,700.323462,1400.646924,0.0,2,0,1785979205
2026-08-06,0x42d4a22cad0f5a49681a5715ce994af73a43b76b,5909,0xbcd6fd639044c26c7a24288adf62eb56bf4511bc,754.192202,1508.384404,0.0,2,0,1785980319
2026-08-06,0x42d4a22cad0f5a49681a5715ce994af73a43b76b,5971,0xb2d0fb36cca6b51b6464cccc92ded1a4cd9b8b65,686.354813,1372.709626,0.0,2,0,1785980669
2026-08-06,0x42d4a22cad0f5a49681a5715ce994af73a43b76b,6035,0x5321230699f17aa1a242a80d8ecee9233592baf9,758.112541,1516.225082,0.0,2,0,1785980525
2026-08-06,0x42d4a22cad0f5a49681a5715ce994af73a43b76b,6043,0xf489741242f62a0d1a13507ab2c9c4473cc59b83,2523.86736,5047.73472,0.0,2,0,1786052679
2026-08-06,0x42d4a22cad0f5a49681a5715ce994af73a43b76b,6277,0x6c9258895ffbe2178b3edefe09af304a1e99bf2f,408.893106,408.893106,0.0,1,0,1786110665
2026-08-06,0x42d4a22cad0f5a49681a5715ce994af73a43b76b,6393,0x6e5f7bd9b940287f6c9ae8a2ecfb93224a09cba5,68.341594,136.683188,137.305468,2,2,1786017265
2026-08-06,0x42d4a22cad0f5a49681a5715ce994af73a43b76b,6585,0x221a68818a6a77fae0d920306b45a3b1e32e6743,3356.623863,6713.247726,6713.247726,2,2,1786029507
2026-08-06,0x42d4a22cad0f5a49681a5715ce994af73a43b76b,8665,0xf16137ae8415e2215c21a709789c7ab20f30362a,42815.803132,85631.606264,21222.74237,2,2,1786004093
2026-08-06,0x42d4a22cad0f5a49681a5715ce994af73a43b76b,9291,0x5aceb63d52d0d7081a72f254401893ffcf81381a,269662.262113,269662.262113,0.0,1,0,1786158631
2026-08-06,0x42d4a22cad0f5a49681a5715ce994af73a43b76b,9321,0x5d7f27ef0699f554923a4cd5e94aea9caf39b54b,73976.111588,147952.223176,147884.544078,2,2,1785991813
2026-08-06,0x42d4a22cad0f5a49681a5715ce994af73a43b76b,10414,0xdcac0ee047da0ab449f6beb08c8f79c00eabc67d,0.0,0.0,50612.923586,0,2,1786016115
2026-08-06,0x42d4a22cad0f5a49681a5715ce994af73a43b76b,18994,0x43da88ef16b6cc56b5b8e7c891fc99b2f126ee03,12890.076632,25780.153264,25768.36042,2,2,1785979115
2026-08-06,0x42d4a22cad0f5a49681a5715ce994af73a43b76b,19281,0xe37b28362f65060c18c16398cfd23275d8cae750,215.307219,430.614438,430.417458,2,2,1786039349
2026-08-06,0x42d4a22cad0f5a49681a5715ce994af73a43b76b,23888,0x46f0aacc078a848cbc33d0a3bdcaa614abdcad59,767.113193,767.113193,761.654125,1,1,1786115939
2026-08-06,0x42d4a22cad0f5a49681a5715ce994af73a43b76b,40246,0xc40ca9847255a1b89ac50ee08555ec150a1e23a1,128031.94656,128031.94656,128753.34333,1,1,1786104561
2026-08-06,0x42d4a22cad0f5a49681a5715ce994af73a43b76b,41913,0x45d96136013438a6a66b456ac2f3df76068a534e,3546.43259,3546.43259,3544.810314,1,1,1786113049
2026-08-06,0x42d4a22cad0f5a49681a5715ce994af73a43b76b,61817,0x414c63de68bcadeee9ce68c4b200916593ccb18a,758.961051,1517.922102,1442.835624,2,2,1786071083
2026-08-06,0x42d4a22cad0f5a49681a5715ce994af73a43b76b,62529,0xccbe6dc54b1908cf97dac2e0c32249ecd3179d5f,6.390866,12.781732,12.839342,2,2,1786000915
2026-08-06,0x42d4a22cad0f5a49681a5715ce994af73a43b76b,64055,0xccbe6dc54b1908cf97dac2e0c32249ecd3179d5f,620.15773,1240.31546,1245.355342,2,2,1786000941
2026-08-06,0x42d4a22cad0f5a49681a5715ce994af73a43b76b,64356,0x6fcd5b9e47bf816de6308cfafbb8d8e30fedb23d,3201.089842,6402.179684,6399.251078,2,2,1785984509
2026-08-06,0x42d4a22cad0f5a49681a5715ce994af73a43b76b,64773,0x2cc7b38ea982575c7a655e6d55d513731caf853f,191.341461,191.341461,194.351142,1,1,1786130941
2026-08-06,0x42d4a22cad0f5a49681a5715ce994af73a43b76b,68145,0x249126c8de8f6c4eaa62c707b5c53bb2b61d9182,141.350256,282.700512,282.062566,2,2,1786051229
2026-08-06,0x42d4a22cad0f5a49681a5715ce994af73a43b76b,69506,0x782f59b8991a1822d342ea6f34bd518a52934830,2688.575412,5377.150824,5374.691106,2,2,1785996531
2026-08-06,0x42d4a22cad0f5a49681a5715ce994af73a43b76b,69592,0xfc1aa1f2e40ec0cc25300c4b08b8513984844f19,0.0,0.0,6133.348002,0,2,1785980231
2026-08-06,0x42d4a22cad0f5a49681a5715ce994af73a43b76b,71256,0x5333d9c6f9d41e934d0ec734ee6efe2a6ec5eff0,117.653213,235.306426,476.0714,2,2,1786012117
2026-08-06,0x42d4a22cad0f5a49681a5715ce994af73a43b76b,72198,0xe380108a026b60e18cbaf2aa0801dc7eb5d50c8f,15364.662791,30729.325582,30715.268794,2,2,1786003649
2026-08-06,0x42d4a22cad0f5a49681a5715ce994af73a43b76b,72616,0xeb558c63cee9457de9fb70e7a3425bd3ed9c25ee,12887.933084,25775.866168,25764.075286,2,2,1786021811
2026-08-06,0x42d4a22cad0f5a49681a5715ce994af73a43b76b,73747,0xb2d339982adbcbd90ac44eefe1946984b1e103a3,6484.374026,12968.748052,12962.815642,2,2,1786011495
2026-08-06,0x42d4a22cad0f5a49681a5715ce994af73a43b76b,76209,0xf6cc51953d3f35dc62ef42a336f7bedb79cb35ec,0.0,0.0,6227.13368,0,2,1786003225
2026-08-06,0x42d4a22cad0f5a49681a5715ce994af73a43b76b,78117,0x5d7f27ef0699f554923a4cd5e94aea9caf39b54b,55207.435343,110414.870686,110364.362632,2,2,1785991841
2026-08-06,0x42d4a22cad0f5a49681a5715ce994af73a43b76b,78796,0x8555c5f95c85a43e7df1229e566ae33d1ff89978,721.275427,1442.550854,1160.321472,2,2,1785996679
2026-08-06,0x42d4a22cad0f5a49681a5715ce994af73a43b76b,81282,0x8555c5f95c85a43e7df1229e566ae33d1ff89978,207.730158,415.460316,334.18747,2,2,1785996727
2026-08-06,0x42d4a22cad0f5a49681a5715ce994af73a43b76b,81464,0x5d7f27ef0699f554923a4cd5e94aea9caf39b54b,82026.124484,164052.248968,163977.205092,2,2,1785991863
2026-08-06,0x42d4a22cad0f5a49681a5715ce994af73a43b76b,82046,0xdcae71f4f63cb404fe08fa96321d21b62523c1d5,2005.157101,4010.314202,4058.228342,2,2,1786057917
2026-08-06,0x42d4a22cad0f5a49681a5715ce994af73a43b76b,82788,0xc40ca9847255a1b89ac50ee08555ec150a1e23a1,13856.770423,13856.770423,13924.950549,1,1,1786104581
2026-08-06,0x42d4a22cad0f5a49681a5715ce994af73a43b76b,83523,0xefba0f56eef05f6a7d614ce519d2e284b46d3583,84273.311963,168546.623926,101487.409872,2,2,1785999955
2026-08-06,0x42d4a22cad0f5a49681a5715ce994af73a43b76b,83714,0xa932aec0dacb1d1f04a60e2a9ec972d7d2c4b263,1289.755528,1289.755528,1300.326484,1,1,1786141495
2026-08-06,0x42d4a22cad0f5a49681a5715ce994af73a43b76b,83763,0xdcae71f4f63cb404fe08fa96321d21b62523c1d5,1285.0,2570.0,2570.0,2,2,1786057927
2026-08-06,0x42d4a22cad0f5a49681a5715ce994af73a43b76b,84093,0xc7599dd9343eb648fc21f03b4cea90a8b7edde7f,0.0,0.0,939.859524,0,2,1785999407
2026-08-06,0x42d4a22cad0f5a49681a5715ce994af73a43b76b,85275,0x1591ffe832548d7ef6152944caaef37fe313381c,1962.747109,1962.747109,1961.849272,1,1,1786128209
2026-08-06,0x42d4a22cad0f5a49681a5715ce994af73a43b76b,85626,0x93780ac7ad728074903e985a2a27926689a61c9b,0.0,0.0,4.033755,0,1,1786148207
2026-08-06,0x42d4a22cad0f5a49681a5715ce994af73a43b76b,86780,0x145211ac1665a4350c4bbda58e0f7f431627a85c,0.0,0.0,6815.725426,0,2,1786047023
2026-08-06,0x42d4a22cad0f5a49681a5715ce994af73a43b76b,86900,0xe55140773be1a981408e202dde122c7ccc92b5da,5380.698068,5380.698068,5380.698068,1,1,1786119083
2026-08-06,0x42d4a22cad0f5a49681a5715ce994af73a43b76b,89778,0x39fb2f4c7995cedcc34049f1e1b944afa8d43c2c,44.505049,89.010098,90.638628,2,2,1786011001
2026-08-06,0x42d4a22cad0f5a49681a5715ce994af73a43b76b,93035,0x132bd429f1e579bb2b1c397ad08641d9c38be6f5,85.369433,170.738866,170.455998,2,2,1785983223
2026-08-06,0x42d4a22cad0f5a49681a5715ce994af73a43b76b,93386,0x5d7f27ef0699f554923a4cd5e94aea9caf39b54b,82356.789655,164713.57931,164638.232916,2,2,1785991885
2026-08-06,0x42d4a22cad0f5a49681a5715ce994af73a43b76b,93392,0x5d7f27ef0699f554923a4cd5e94aea9caf39b54b,81537.042672,163074.085344,162999.488918,2,2,1785991789
2026-08-06,0x42d4a22cad0f5a49681a5715ce994af73a43b76b,93487,0x145211ac1665a4350c4bbda58e0f7f431627a85c,0.0,0.0,5219.751368,0,2,1786047035
2026-08-06,0x42d4a22cad0f5a49681a5715ce994af73a43b76b,93881,0x43da88ef16b6cc56b5b8e7c891fc99b2f126ee03,11842.420349,23684.840698,23674.00633,2,2,1785979119
2026-08-06,0x42d4a22cad0f5a49681a5715ce994af73a43b76b,94030,0x78d4c94b1284d46d238c6afbbbd115385b1b36ec,0.0,0.0,1272.015888,0,2,1786041619
2026-08-06,0x42d4a22cad0f5a49681a5715ce994af73a43b76b,95401,0x39f2299440a87c89761861777f8d9e803e25196c,5089.1964,10178.3928,0.0,2,0,1786036899
2026-08-06,0x42d4a22cad0f5a49681a5715ce994af73a43b76b,97085,0x39f2299440a87c89761861777f8d9e803e25196c,3255.491697,6510.983394,0.0,2,0,1786036911
2026-08-06,0x42d4a22cad0f5a49681a5715ce994af73a43b76b,97086,0x39f2299440a87c89761861777f8d9e803e25196c,4250.983995,8501.96799,0.0,2,0,1786036917
2026-08-06,0x42d4a22cad0f5a49681a5715ce994af73a43b76b,97999,0x145211ac1665a4350c4bbda58e0f7f431627a85c,0.0,0.0,5270.163996,0,2,1786047011
2026-08-06,0x42d4a22cad0f5a49681a5715ce994af73a43b76b,106711,0x8406bc4a196c76ee6a757112c829eda83fe3ac9c,0.0,0.0,7735.086558,0,2,1786043791
2026-08-06,0x42d4a22cad0f5a49681a5715ce994af73a43b76b,109549,0x16c7e68ca75eb0b7ca65eadd4d067af7d7654e11,12463.335985,12463.335985,0.0,1,0,1786136005
2026-08-06,0x42d4a22cad0f5a49681a5715ce994af73a43b76b,110059,0xf16137ae8415e2215c21a709789c7ab20f30362a,0.0,0.0,35331.714544,0,2,1786003937
2026-08-06,0x42d4a22cad0f5a49681a5715ce994af73a43b76b,111036,0xce63db1ebc62dc7209f091a1787243c2e4f8f085,2500.909713,5001.819426,4999.5314,2,2,1785979413
2026-08-06,0x42d4a22cad0f5a49681a5715ce994af73a43b76b,114874,0xcc19a6047066f683d54f20fae130451c7a5db111,2683.590366,5367.180732,53919.540252,2,2,1786053513
2026-08-06,0x42d4a22cad0f5a49681a5715ce994af73a43b76b,115501,0xcc19a6047066f683d54f20fae130451c7a5db111,336.931624,673.863248,7473.805604,2,2,1786053447
2026-08-06,0x42d4a22cad0f5a49681a5715ce994af73a43b76b,115821,0xcdf8ca8a2b168cbcb54501f99bc4cb234ec787ca,22264.782821,44529.565642,0.0,2,0,1785980075
2026-08-06,0x42d4a22cad0f5a49681a5715ce994af73a43b76b,116525,0x91315d4b896deaef3bf3e1ff814eff212ed730b7,4.686257,4.686257,0.012138,1,1,1786138521
2026-08-06,0x42d4a22cad0f5a49681a5715ce994af73a43b76b,116637,0xb60c26fdf52b290cf164d25860e4809bfaa3f55b,3818.044987,7636.089974,7674.365428,2,2,1786092855
2026-08-06,0x42d4a22cad0f5a49681a5715ce994af73a43b76b,116823,0x4c9aa39fde4d8bb7ce5eda04bf3eb09e722acba4,52.825205,105.65041,106.168898,2,2,1785986117
2026-08-06,0x42d4a22cad0f5a49681a5715ce994af73a43b76b,116883,0xcb47435fe6a83a048d2bd6c578c277a8ee609343,0.0,0.0,1515.821132,0,2,1785986299
2026-08-06,0x42d4a22cad0f5a49681a5715ce994af73a43b76b,116981,0x40dd4964a82346129ec0c29b05d23e7ae0760e3b,195.362689,195.362689,196.683866,1,1,1786163087
2026-08-06,0x42d4a22cad0f5a49681a5715ce994af73a43b76b,117759,0x5449f6df38d7d6f2fb8ccea1f3f9f87418e8a174,12311.740742,24623.481484,0.0,2,0,1786008863
2026-08-06,0x42d4a22cad0f5a49681a5715ce994af73a43b76b,119058,0xcc19a6047066f683d54f20fae130451c7a5db111,10.111178,20.222356,67.814776,2,2,1786053593
2026-08-06,0x42d4a22cad0f5a49681a5715ce994af73a43b76b,119316,0x6ef7173ba0552f8940dda4b5ea5ac48b17f8b8a2,23.338305,23.338305,23.473566,1,1,1786127617
2026-08-06,0x42d4a22cad0f5a49681a5715ce994af73a43b76b,121106,0x7ebb67f44226d91df1885958f25e003e68c74de9,46.136892,46.136892,46.296037,1,1,1786111793
2026-08-06,0x42d4a22cad0f5a49681a5715ce994af73a43b76b,121230,0x815ff311d4ae3e1720d80a928a954bffb454a51d,2420.667969,2420.667969,2424.374568,1,1,1786132199
2026-08-06,0x42d4a22cad0f5a49681a5715ce994af73a43b76b,122532,0x6d72694a4e5418c4abf032b25dde650d186c8d28,17629.264371,35258.528742,35291.674748,2,2,1785990181
2026-08-06,0x42d4a22cad0f5a49681a5715ce994af73a43b76b,123360,0x83ce12b1fb990044b2e1b0f164804e529fe98ae2,16.224185,32.44837,0.0,2,0,1785996139
2026-08-06,0x42d4a22cad0f5a49681a5715ce994af73a43b76b,127015,0x9c5328b8c27f8a38706202d6dc27cca7d078efaa,9.977668,19.955336,40.182374,2,2,1786003755
2026-08-06,0x43bbb129b56a998732767725a183b7a566843dba,23267,0xe91921274076c688cbf1c692d3b0891717db9fb9,9592.186265,47406.885299,74792.051615,5,5,1786151397
2026-08-06,0x45df01efa0de71725d4d8fc1165b102bc2e989fb,10298,0x488c8e0213051dc78155048e947257742d928bdf,201272.28917,17026546.360358,17024434.220576,85,85,1786163735
2026-08-06,0x45df01efa0de71725d4d8fc1165b102bc2e989fb,21709,0xab6a463c016724d76b4ebad6e4fd16711104bb86,1.979235,3.95847,9.896178,2,2,1785997865
2026-08-06,0x45df01efa0de71725d4d8fc1165b102bc2e989fb,73395,0x3b80abf839f60c1ca6e9fa934243531b034f228e,0.606237,1.212474,1.212474,2,2,1785997957
2026-08-06,0x46d398a5b33709877f50c8918a7ee96f1be1d7dd,10298,0x488c8e0213051dc78155048e947257742d928bdf,2415267.470034,204318556.324293,204293210.646907,85,85,1786163735
2026-08-06,0x46d398a5b33709877f50c8918a7ee96f1be1d7dd,15973,0x47a866eb5d120aab24861ebe41e9bd8e0793e33e,3.350482,6.700964,6.700964,2,2,1785997729
2026-08-06,0x46d398a5b33709877f50c8918a7ee96f1be1d7dd,30231,0xdffde0f254beada034f14383cfa01cc9eaf959fc,41.797361,41.797361,41.797361,1,1,1786115467
2026-08-06,0x46d398a5b33709877f50c8918a7ee96f1be1d7dd,77422,0xc6752eb794ade76d387263947bf223916e2cd869,52.51569,105.03138,109.851384,2,2,1785986953
2026-08-06,0x46d398a5b33709877f50c8918a7ee96f1be1d7dd,82254,0x4571a39a68757ee70a37314a60a6359549fe9777,0.0,0.0,42007.440726,0,2,1785981637
2026-08-06,0x46d398a5b33709877f50c8918a7ee96f1be1d7dd,89885,0x4c95fe656d21c3daedebed442ffae716657835a3,0.355843,0.711686,0.714344,2,2,1785989869
2026-08-06,0x46d398a5b33709877f50c8918a7ee96f1be1d7dd,96527,0x49049707b57178d0cc44137a31d404ff6e2a9eb0,49.289387,98.578774,89.175074,2,2,1786032167
2026-08-06,0x46d398a5b33709877f50c8918a7ee96f1be1d7dd,108245,0x4571a39a68757ee70a37314a60a6359549fe9777,0.0,0.0,627.990516,0,2,1785981665
2026-08-06,0x46d710c35bdfb800a18a820712310048ef8b5256,10298,0x488c8e0213051dc78155048e947257742d928bdf,603816.867509,51079639.081073,51073302.661727,85,85,1786163735
2026-08-06,0x46d710c35bdfb800a18a820712310048ef8b5256,30231,0xdffde0f254beada034f14383cfa01cc9eaf959fc,83.594721,83.594721,83.594721,1,1,1786115467
2026-08-06,0x46d710c35bdfb800a18a820712310048ef8b5256,40559,0xa932aec0dacb1d1f04a60e2a9ec972d7d2c4b263,23598.063601,23598.063601,23843.055932,1,1,1786140991
2026-08-06,0x46d710c35bdfb800a18a820712310048ef8b5256,61553,0xa932aec0dacb1d1f04a60e2a9ec972d7d2c4b263,1529.811055,1529.811055,1545.561486,1,1,1786141017
2026-08-06,0x46d710c35bdfb800a18a820712310048ef8b5256,65268,0xa932aec0dacb1d1f04a60e2a9ec972d7d2c4b263,3092.0,3092.0,3092.0,1,1,1786141027
2026-08-06,0x46d710c35bdfb800a18a820712310048ef8b5256,69196,0xa932aec0dacb1d1f04a60e2a9ec972d7d2c4b263,1325.680658,1325.680658,1338.486037,1,1,1786141337
2026-08-06,0x46d710c35bdfb800a18a820712310048ef8b5256,72229,0xa932aec0dacb1d1f04a60e2a9ec972d7d2c4b263,1432.0,1432.0,1432.0,1,1,1786141349
2026-08-06,0x46d710c35bdfb800a18a820712310048ef8b5256,76763,0xa932aec0dacb1d1f04a60e2a9ec972d7d2c4b263,442.140077,442.140077,446.074146,1,1,1786141373
2026-08-06,0x46d710c35bdfb800a18a820712310048ef8b5256,81215,0xa932aec0dacb1d1f04a60e2a9ec972d7d2c4b263,728.804415,728.804415,734.938868,1,1,1786141453
2026-08-06,0x46d710c35bdfb800a18a820712310048ef8b5256,85326,0xa932aec0dacb1d1f04a60e2a9ec972d7d2c4b263,967.620072,967.620072,975.347455,1,1,1786141513
2026-08-06,0x46d710c35bdfb800a18a820712310048ef8b5256,87222,0xa932aec0dacb1d1f04a60e2a9ec972d7d2c4b263,1119.596051,1119.596051,1128.314761,1,1,1786141631
2026-08-06,0x46d710c35bdfb800a18a820712310048ef8b5256,97838,0xa932aec0dacb1d1f04a60e2a9ec972d7d2c4b263,363.913778,363.913778,366.548623,1,1,1786141313
2026-08-06,0x47ca96ea59c13f72745928887f84c9f52c3d7348,112485,0x0208ddbc05a91e1b937e8b3140b62ef22a274c95,115.135566,115.135566,139.125118,1,1,1786133789
2026-08-06,0x47f9e291bb766fc307ad7bba4f29f3eab6a97101,10298,0x488c8e0213051dc78155048e947257742d928bdf,1006361.445848,85132731.80179,85122171.102878,85,85,1786163735
2026-08-06,0x48be08d21fccf3f793783c23c33555f5e0c2b7cd,116420,0xf1b7873f8885586f29ada38187b76c5477434b4b,33.098617,66.197234,67.025466,2,2,1786002291
2026-08-06,0x48be08d21fccf3f793783c23c33555f5e0c2b7cd,123360,0x83ce12b1fb990044b2e1b0f164804e529fe98ae2,2.584423,5.168846,9.662326,2,2,1785996139
2026-08-06,0x48c5d4a6677ed59646a9c6465db2562be4a20aec,44,0x2f2f665974261c4129b1dc6c359bd259cd66f78a,1077.431918,2154.863836,0.0,2,0,1786012807
2026-08-06,0x48c5d4a6677ed59646a9c6465db2562be4a20aec,1140,0xe18c1c9ea74e32b3c05b6b45c08a03748807812c,2214.754189,4429.508378,0.0,2,0,1785978927
2026-08-06,0x48c5d4a6677ed59646a9c6465db2562be4a20aec,6393,0x6e5f7bd9b940287f6c9ae8a2ecfb93224a09cba5,68.341594,136.683188,137.305468,2,2,1786017265
2026-08-06,0x48c5d4a6677ed59646a9c6465db2562be4a20aec,61528,0xe18c1c9ea74e32b3c05b6b45c08a03748807812c,374.705528,749.411056,0.0,2,0,1785978853
2026-08-06,0x48c5d4a6677ed59646a9c6465db2562be4a20aec,83523,0xefba0f56eef05f6a7d614ce519d2e284b46d3583,84273.311963,168546.623926,0.0,2,0,1785999955
2026-08-06,0x48c5d4a6677ed59646a9c6465db2562be4a20aec,113818,0x4f07090fd2f691be6ab52b0f0bc003e700975c46,12.784765,25.56953,0.0,2,0,1786028883
2026-08-06,0x48c5d4a6677ed59646a9c6465db2562be4a20aec,119665,0xe3df66a998acdbe31bbd6db15c78569eefb6193e,0.199158,0.398316,0.0,2,0,1786042067
2026-08-06,0x48c5d4a6677ed59646a9c6465db2562be4a20aec,119681,0x338c03aaa18e060158742fb984037f95f69e9246,0.260034,0.520068,0.0,2,0,1786016423
2026-08-06,0x48c5d4a6677ed59646a9c6465db2562be4a20aec,119694,0xb1d2c900c7b02840818070aa159e7dfedd6fb99b,1.119712,2.239424,0.0,2,0,1785981533
2026-08-06,0x48c5d4a6677ed59646a9c6465db2562be4a20aec,119702,0x0743fbc8a18752d281263882162a6616f2edc154,0.247791,0.495582,0.0,2,0,1785981793
2026-08-06,0x48c5d4a6677ed59646a9c6465db2562be4a20aec,119747,0x7e4ca14bf1a738b7260a54a75f74761c41bb9801,0.252945,0.50589,0.0,2,0,1786057917
2026-08-06,0x48c5d4a6677ed59646a9c6465db2562be4a20aec,119798,0x9dc42770f055ec12ca105ca682b401cd9be89e4a,0.358722,0.358722,0.0,1,0,1786122387
2026-08-06,0x48c5d4a6677ed59646a9c6465db2562be4a20aec,119822,0x5fe03003d44fef08786b7797b728b0a87431a392,0.521175,1.04235,0.0,2,0,1786052885
2026-08-06,0x48c5d4a6677ed59646a9c6465db2562be4a20aec,119868,0x1d6fc8df2fcc40474d55a42d1c04fcd9be9941ef,11.212902,22.425804,0.0,2,0,1786040375
2026-08-06,0x48c5d4a6677ed59646a9c6465db2562be4a20aec,120085,0x94d850193221b3e9f7557480383698233e1d3f72,2.083701,4.167402,0.0,2,0,1785982731
2026-08-06,0x48c5d4a6677ed59646a9c6465db2562be4a20aec,120184,0xd37af298e309e86f135642273865b6c5cb2d6ad3,1.820455,3.64091,0.0,2,0,1785984109
2026-08-06,0x48c5d4a6677ed59646a9c6465db2562be4a20aec,130328,0xe2cc491c0906e40d753cd31da544167d76dd1f10,0.456701,0.456701,0.0,1,0,1786117897
2026-08-06,0x48c5d4a6677ed59646a9c6465db2562be4a20aec,130357,0xe841f748c8070597b98afbe0622d2fdeb0353699,0.299546,0.599092,0.0,2,0,1786031981
2026-08-06,0x4a79b0168296c0ef7b8f314973b82ad406a29f1b,30231,0xdffde0f254beada034f14383cfa01cc9eaf959fc,83.594721,83.594721,83.594721,1,1,1786115467
2026-08-06,0x4a79b0168296c0ef7b8f314973b82ad406a29f1b,63578,0x975013969d096f74272b6aa9699ffb7c4cef6559,4.269853,8.539706,8.539706,2,2,1785983787
2026-08-06,0x4a79b0168296c0ef7b8f314973b82ad406a29f1b,115479,0x58c4f03a954e4cbb1b8e204a881a8e9a99d015dd,5527.303806,11054.607612,11049.550806,2,2,1786004137
2026-08-06,0x4a79b0168296c0ef7b8f314973b82ad406a29f1b,118539,0x87acac58a3d3966be2b8238bd000576c8b3cae0c,0.0,0.0,2892.021228,0,2,1786038675
2026-08-06,0x4a79b0168296c0ef7b8f314973b82ad406a29f1b,122638,0x871c89013ea8c8df72f5205d0aa0b5984450d1bc,0.0,0.0,10.271432,0,2,1786042511
2026-08-06,0x4b241e7e1ba2d76c888aaacb6f099b42f57aec2b,73395,0x3b80abf839f60c1ca6e9fa934243531b034f228e,0.303118,0.606236,2.424948,2,2,1785997957
2026-08-06,0x4ba1e3e9280facbacafa7baf4ae0b78bea60beca,15327,0x669c2515d40caa86543220e83f0b83722758eafc,60.509196,60.509196,60.756749,1,1,1786115427
2026-08-06,0x4e392fbfe4d0557c82d2f97f02ec39daa31516dd,1140,0xe18c1c9ea74e32b3c05b6b45c08a03748807812c,0.0,0.0,4427.48215,0,2,1785978927
2026-08-06,0x4e392fbfe4d0557c82d2f97f02ec39daa31516dd,1914,0x74e8e393d1fb46e11e44af4db7d1d44c7657790a,0.0,0.0,21375.950538,0,2,1786010703
2026-08-06,0x4e392fbfe4d0557c82d2f97f02ec39daa31516dd,1974,0x74e8e393d1fb46e11e44af4db7d1d44c7657790a,0.0,0.0,10143.896564,0,2,1786010691
2026-08-06,0x4e392fbfe4d0557c82d2f97f02ec39daa31516dd,2561,0x0a11acdd1ffbdb8adfc34a84f1836f360e6f3cce,0.0,0.0,7571.605702,0,2,1785994319
2026-08-06,0x4e392fbfe4d0557c82d2f97f02ec39daa31516dd,2594,0x317ea3f40890987e177f82a7a9962247e2584ac5,0.0,0.0,15911.315496,0,2,1786095099
2026-08-06,0x4e392fbfe4d0557c82d2f97f02ec39daa31516dd,3011,0x34d0c3e912bab2ea82136847dc5df4dbc95e3d1d,0.0,0.0,2139.091976,0,2,1785986091
2026-08-06,0x4e392fbfe4d0557c82d2f97f02ec39daa31516dd,4176,0x8394888598fee04bac7600598edd91b3a7b5389c,0.0,0.0,1636.412496,0,2,1786034093
2026-08-06,0x4e392fbfe4d0557c82d2f97f02ec39daa31516dd,4687,0xeae5be3835191ebd198af53aa6541cc7de87d6e4,0.0,0.0,1117.264136,0,2,1786008013
2026-08-06,0x4e392fbfe4d0557c82d2f97f02ec39daa31516dd,5737,0x63c46e4784a2a172321c2c41cfa1545a92466292,0.0,0.0,607.602488,0,2,1786023521
2026-08-06,0x4e392fbfe4d0557c82d2f97f02ec39daa31516dd,6255,0x698d50e91cdf7d655f3e5553289c6574fc20d115,0.0,0.0,824.949974,0,2,1786004487
2026-08-06,0x4e392fbfe4d0557c82d2f97f02ec39daa31516dd,15754,0x37975bf16ab5e1b669603b2120f6e62e7c6120be,0.0,0.0,865.404342,0,2,1786034119
2026-08-06,0x4e392fbfe4d0557c82d2f97f02ec39daa31516dd,17387,0xdf090ab9ee69909c67d40b5cf750c0f81bfe7022,3505.825128,7011.650256,7024.015024,2,2,1785989131
2026-08-06,0x4e392fbfe4d0557c82d2f97f02ec39daa31516dd,20839,0x1273162b4fe3424bf03d74c88181714bbd263393,222.291146,222.291146,222.291146,1,1,1786103329
2026-08-06,0x4e392fbfe4d0557c82d2f97f02ec39daa31516dd,21808,0xe4fede2f45e7257d9c269a752c89f6bb1aa1e5c8,222.089597,222.089597,222.089597,1,1,1786103281
2026-08-06,0x4e392fbfe4d0557c82d2f97f02ec39daa31516dd,22565,0xb57dc2ebc2672fa230b05b788c372bab7fba4df4,25.082264,50.164528,50.673214,2,2,1785988829
2026-08-06,0x4e392fbfe4d0557c82d2f97f02ec39daa31516dd,35796,0xe4fede2f45e7257d9c269a752c89f6bb1aa1e5c8,108.619316,108.619316,108.619316,1,1,1786103291
2026-08-06,0x4e392fbfe4d0557c82d2f97f02ec39daa31516dd,52894,0x1273162b4fe3424bf03d74c88181714bbd263393,85.168098,85.168098,85.168098,1,1,1786103347
2026-08-06,0x4e392fbfe4d0557c82d2f97f02ec39daa31516dd,61528,0xe18c1c9ea74e32b3c05b6b45c08a03748807812c,0.0,0.0,749.068248,0,2,1785978853
2026-08-06,0x4e392fbfe4d0557c82d2f97f02ec39daa31516dd,64489,0xe4fede2f45e7257d9c269a752c89f6bb1aa1e5c8,84.501974,84.501974,84.501974,1,1,1786103303
2026-08-06,0x4e392fbfe4d0557c82d2f97f02ec39daa31516dd,76773,0xcad8b2c66d3691681d1225493740cc4613bc4736,0.0,0.0,855.52743,0,2,1786097599
2026-08-06,0x4e392fbfe4d0557c82d2f97f02ec39daa31516dd,76935,0xdeb16c01ae6c13d1277ce0efc1def6b5c3bdd6c7,0.0,0.0,557.642427,0,1,1786153675
2026-08-06,0x4e392fbfe4d0557c82d2f97f02ec39daa31516dd,76986,0xe7afdc19099d9fab3e76b4297f5e7d3b597a7cfb,4.632184,9.264368,18.479764,2,2,1786030863
2026-08-06,0x4e392fbfe4d0557c82d2f97f02ec39daa31516dd,78796,0x8555c5f95c85a43e7df1229e566ae33d1ff89978,0.0,0.0,1160.321472,0,2,1785996679
2026-08-06,0x4e392fbfe4d0557c82d2f97f02ec39daa31516dd,81282,0x8555c5f95c85a43e7df1229e566ae33d1ff89978,0.0,0.0,334.18747,0,2,1785996727
2026-08-06,0x4e392fbfe4d0557c82d2f97f02ec39daa31516dd,86161,0x63c46e4784a2a172321c2c41cfa1545a92466292,0.0,0.0,108.956906,0,2,1786023423
2026-08-06,0x4e392fbfe4d0557c82d2f97f02ec39daa31516dd,89935,0xbe6bbf7b3f6d8e4ffbe73a4ec1dc56955b000505,0.0,0.0,162.22083,0,2,1786001239
2026-08-06,0x4e392fbfe4d0557c82d2f97f02ec39daa31516dd,96566,0xcad8b2c66d3691681d1225493740cc4613bc4736,0.0,0.0,8546.747186,0,2,1786097587
2026-08-06,0x4e392fbfe4d0557c82d2f97f02ec39daa31516dd,99077,0x20d27d79db0e101650d3d31d456ad565425fee36,0.0,0.0,2623.227266,0,1,1786130945
2026-08-06,0x4e392fbfe4d0557c82d2f97f02ec39daa31516dd,109466,0x4c6f6489c13dc83c480184ff243d1171f3f2e17c,0.0,0.0,25702.196176,0,2,1786050577
2026-08-06,0x4e392fbfe4d0557c82d2f97f02ec39daa31516dd,110071,0xbeac2579e3db0c7503edc5f5f25b7910a17732a9,1198.774166,2397.548332,2543.326676,2,2,1786071381
2026-08-06,0x4e392fbfe4d0557c82d2f97f02ec39daa31516dd,110268,0x758ffb5823618006d5232e7972d18355413d6dd3,575.508304,575.508304,578.346617,1,1,1786130349
2026-08-06,0x4e392fbfe4d0557c82d2f97f02ec39daa31516dd,112620,0xea9c7c1ef52a9738f5a1585fea708aa8b7294543,0.0,0.0,440.763947,0,1,1786133017
2026-08-06,0x4e392fbfe4d0557c82d2f97f02ec39daa31516dd,112719,0xd582a6a79a2b01969e3acad391a5eec78ffdf3a1,0.0,0.0,220.614026,0,2,1786075639
2026-08-06,0x4e392fbfe4d0557c82d2f97f02ec39daa31516dd,114513,0x0a40de5ddde08ce34048fc0a8627912cb4fcfc61,0.0,0.0,4850.083562,0,2,1786004789
2026-08-06,0x4e392fbfe4d0557c82d2f97f02ec39daa31516dd,118000,0xc3379514d2d2d90894839b043aa2e43a6d2d16a0,168.592882,337.185764,2710.334048,2,2,1786019261
2026-08-06,0x4e392fbfe4d0557c82d2f97f02ec39daa31516dd,118535,0xbb229e247e2a068521001b6bfa682228721e21c5,648.41972,1296.83944,1303.067832,2,2,1785991269
2026-08-06,0x4e392fbfe4d0557c82d2f97f02ec39daa31516dd,119198,0xc3379514d2d2d90894839b043aa2e43a6d2d16a0,23.125091,46.250182,929.329008,2,2,1786019377
2026-08-06,0x4e392fbfe4d0557c82d2f97f02ec39daa31516dd,119407,0x3bf65cac199ad43c974072bcad892e2c147b4c74,0.0,0.0,7732.970466,0,2,1786064299
2026-08-06,0x4e392fbfe4d0557c82d2f97f02ec39daa31516dd,120189,0x923427ba98ce1a8eaa1f39df809c971306895969,6318.236961,12636.473922,13116.82501,2,2,1785990537
2026-08-06,0x4e392fbfe4d0557c82d2f97f02ec39daa31516dd,122902,0x6cbabf378776c40ab726c36d6b7d7cc4dde152d1,0.0,0.0,42.275172,0,2,1785992587
2026-08-06,0x4e392fbfe4d0557c82d2f97f02ec39daa31516dd,126514,0x1217868bec81ffc5bd27d72480c11892b132dab6,752.736029,1505.472058,1505.472058,2,2,1786032315
2026-08-06,0x4e392fbfe4d0557c82d2f97f02ec39daa31516dd,130259,0x3fe3251e602d32039136d622432a2ecb8923a0e3,0.0,0.0,120.3456,0,2,1786035877
2026-08-06,0x4e392fbfe4d0557c82d2f97f02ec39daa31516dd,130356,0xb3dbd89a4ab74d365be2835bad565af3b0d54faa,0.0,0.0,0.00598,2,2,1786058311
2026-08-06,0x4e506648d493c8870f55e870480f92f2f33ece51,417,0xbe93d14c5defb8f41af8fb092f58e3c71c712b85,0.0,0.0,35759.966608,0,2,1786004379
2026-08-06,0x4e506648d493c8870f55e870480f92f2f33ece51,513,0xef0678998ae8d5745202cfc3f5a6b7e7b2509f5d,12468.341711,24936.683422,0.0,2,0,1785991401
2026-08-06,0x4e506648d493c8870f55e870480f92f2f33ece51,850,0xb7d49adb031d6dbdf3e8e28f21c6dd3b6f231cd5,3562.006003,3562.006003,0.0,1,0,1786133705
2026-08-06,0x4e506648d493c8870f55e870480f92f2f33ece51,3036,0x3f6364f662b0127a3430bb9a9fc16b602da9a188,0.0,0.0,13341.88362,0,2,1785980583
2026-08-06,0x4e506648d493c8870f55e870480f92f2f33ece51,4792,0xc4608ef8f21a89288a8dee2635825c579689d803,0.0,0.0,1142.397446,0,2,1786021723
2026-08-06,0x4e506648d493c8870f55e870480f92f2f33ece51,4799,0xac57b566e6d2c76174317c2870f1f66276c96746,0.0,0.0,1653.351284,0,2,1785980627
2026-08-06,0x4e506648d493c8870f55e870480f92f2f33ece51,5124,0xdacbf0f8199c1e5ae5356a9d3a3b7d5f3e131360,0.0,0.0,1508.794704,0,2,1785979037
2026-08-06,0x4e506648d493c8870f55e870480f92f2f33ece51,5290,0x0a672383bc609c8dc0a746e358cae1a7db555aff,0.0,0.0,1529.743914,0,2,1785979425
2026-08-06,0x4e506648d493c8870f55e870480f92f2f33ece51,5423,0xf01140a33593d481b9482561fa62a7a1e05ff81c,0.0,0.0,1554.220344,0,2,1785979683
2026-08-06,0x4e506648d493c8870f55e870480f92f2f33ece51,5505,0xfb245db74da26226cf183f13287f7110c27fd0c7,0.0,0.0,1576.560934,0,2,1785980167
2026-08-06,0x4e506648d493c8870f55e870480f92f2f33ece51,5549,0x78d4c94b1284d46d238c6afbbbd115385b1b36ec,0.0,0.0,6291.536666,0,2,1786041587
2026-08-06,0x4e506648d493c8870f55e870480f92f2f33ece51,5730,0x8e3c3084dc48cac05e46346849125f684160b117,0.0,0.0,1414.385072,0,2,1785978799
2026-08-06,0x4e506648d493c8870f55e870480f92f2f33ece51,5789,0x26ef296bd133aa54aaefeeedae62502b78e2e301,0.0,0.0,1503.754758,0,2,1785979975
2026-08-06,0x4e506648d493c8870f55e870480f92f2f33ece51,5891,0x2188d1a5e18768ef32a3c2e647207ca3627d3ffd,0.0,0.0,1400.006214,0,2,1785979205
2026-08-06,0x4e506648d493c8870f55e870480f92f2f33ece51,5909,0xbcd6fd639044c26c7a24288adf62eb56bf4511bc,0.0,0.0,1507.694412,0,2,1785980319
2026-08-06,0x4e506648d493c8870f55e870480f92f2f33ece51,5971,0xb2d0fb36cca6b51b6464cccc92ded1a4cd9b8b65,0.0,0.0,1372.081694,0,2,1785980669
2026-08-06,0x4e506648d493c8870f55e870480f92f2f33ece51,6035,0x5321230699f17aa1a242a80d8ecee9233592baf9,0.0,0.0,1515.5315,0,2,1785980525
2026-08-06,0x4e506648d493c8870f55e870480f92f2f33ece51,6332,0xcf587e6c2530e353971c2a3ea0f12543680e6d04,409.987216,819.974432,0.0,2,0,1786008627
2026-08-06,0x4e506648d493c8870f55e870480f92f2f33ece51,6393,0x6e5f7bd9b940287f6c9ae8a2ecfb93224a09cba5,0.0,0.0,68.652734,0,2,1786017265
2026-08-06,0x4e506648d493c8870f55e870480f92f2f33ece51,14235,0x48a6cc9da3b8358a71d7ece9ab039235452dda8d,34.05989,68.11978,46.516688,2,2,1785998403
2026-08-06,0x4e506648d493c8870f55e870480f92f2f33ece51,23888,0x46f0aacc078a848cbc33d0a3bdcaa614abdcad59,0.0,0.0,1242.037574,0,1,1786115939
2026-08-06,0x4e506648d493c8870f55e870480f92f2f33ece51,24752,0x0bf7d10ffdc557cb0348c66ec6c25173edf99aa8,0.0,0.0,12304.792346,0,2,1786100733
2026-08-06,0x4e506648d493c8870f55e870480f92f2f33ece51,40832,0x48a6cc9da3b8358a71d7ece9ab039235452dda8d,8.186396,16.372792,11.13705,2,2,1785998439
2026-08-06,0x4e506648d493c8870f55e870480f92f2f33ece51,61817,0x414c63de68bcadeee9ce68c4b200916593ccb18a,1517.922101,3035.844202,2885.671246,2,2,1786071083
2026-08-06,0x4e506648d493c8870f55e870480f92f2f33ece51,64688,0x1b0132aa8db835738ee33f83d67d5a14c532b65d,0.0,0.0,6.866394,0,2,1786077521
2026-08-06,0x4e506648d493c8870f55e870480f92f2f33ece51,68145,0x249126c8de8f6c4eaa62c707b5c53bb2b61d9182,141.350256,282.700512,0.0,2,0,1786051229
2026-08-06,0x4e506648d493c8870f55e870480f92f2f33ece51,76986,0xe7afdc19099d9fab3e76b4297f5e7d3b597a7cfb,4.632184,9.264368,0.0,2,0,1786030863
2026-08-06,0x4e506648d493c8870f55e870480f92f2f33ece51,83523,0xefba0f56eef05f6a7d614ce519d2e284b46d3583,0.0,0.0,101487.409872,0,2,1785999955
2026-08-06,0x4e506648d493c8870f55e870480f92f2f33ece51,86317,0xc01141889027e2bd253c08c8bece4f6f1b4f8349,44.134132,44.134132,44.09387,1,1,1786105941
2026-08-06,0x4e506648d493c8870f55e870480f92f2f33ece51,89935,0xbe6bbf7b3f6d8e4ffbe73a4ec1dc56955b000505,81.110415,162.22083,162.22083,2,2,1786001239
2026-08-06,0x4e506648d493c8870f55e870480f92f2f33ece51,90043,0x294f2760ae45755b1795794e6d37dbfe5d7079f3,41.073657,82.147314,82.35391,2,2,1786021473
2026-08-06,0x4e506648d493c8870f55e870480f92f2f33ece51,90603,0x294f2760ae45755b1795794e6d37dbfe5d7079f3,46.251521,92.503042,92.73568,2,2,1786021479
2026-08-06,0x4e506648d493c8870f55e870480f92f2f33ece51,92373,0x294f2760ae45755b1795794e6d37dbfe5d7079f3,84.502395,169.00479,169.42983,2,2,1786021491
2026-08-06,0x4e506648d493c8870f55e870480f92f2f33ece51,92502,0xe72bbf2ca24ebdac8f86d87ef33ec72b745758bc,0.0,0.0,167590.7724,0,2,1785980955
2026-08-06,0x4e506648d493c8870f55e870480f92f2f33ece51,92768,0x294f2760ae45755b1795794e6d37dbfe5d7079f3,50.164251,100.328502,100.580824,2,2,1786021499
2026-08-06,0x4e506648d493c8870f55e870480f92f2f33ece51,93298,0x294f2760ae45755b1795794e6d37dbfe5d7079f3,46.612329,93.224658,93.459118,2,2,1786021509
2026-08-06,0x4e506648d493c8870f55e870480f92f2f33ece51,93861,0xe72bbf2ca24ebdac8f86d87ef33ec72b745758bc,0.0,0.0,42402.494244,0,2,1785980961
2026-08-06,0x4e506648d493c8870f55e870480f92f2f33ece51,94149,0x5e9af9cc4395ec4da4aea9c308b45f5ebbcc2497,21385.191864,42770.383728,42731.366258,2,2,1786039929
2026-08-06,0x4e506648d493c8870f55e870480f92f2f33ece51,94150,0x5e9af9cc4395ec4da4aea9c308b45f5ebbcc2497,20427.735105,40855.47021,40836.78133,2,2,1786039919
2026-08-06,0x4e506648d493c8870f55e870480f92f2f33ece51,94538,0x294f2760ae45755b1795794e6d37dbfe5d7079f3,44.758822,89.517644,89.74278,2,2,1786021515
2026-08-06,0x4e506648d493c8870f55e870480f92f2f33ece51,95284,0x294f2760ae45755b1795794e6d37dbfe5d7079f3,37.470511,74.941022,75.1295,2,2,1786021527
2026-08-06,0x4e506648d493c8870f55e870480f92f2f33ece51,97140,0xe72bbf2ca24ebdac8f86d87ef33ec72b745758bc,0.0,0.0,42402.497116,0,2,1785980969
2026-08-06,0x4e506648d493c8870f55e870480f92f2f33ece51,97259,0xe72bbf2ca24ebdac8f86d87ef33ec72b745758bc,0.0,0.0,6124.788376,0,2,1785980977
2026-08-06,0x4e506648d493c8870f55e870480f92f2f33ece51,97261,0xe72bbf2ca24ebdac8f86d87ef33ec72b745758bc,0.0,0.0,6124.788376,0,2,1785980983
2026-08-06,0x4e506648d493c8870f55e870480f92f2f33ece51,97285,0x294f2760ae45755b1795794e6d37dbfe5d7079f3,286.821268,573.642536,575.093722,2,2,1786021537
2026-08-06,0x4e506648d493c8870f55e870480f92f2f33ece51,97413,0x294f2760ae45755b1795794e6d37dbfe5d7079f3,165.718415,331.43683,332.280244,2,2,1786021547
2026-08-06,0x4e506648d493c8870f55e870480f92f2f33ece51,97693,0xe72bbf2ca24ebdac8f86d87ef33ec72b745758bc,0.0,0.0,6127.070458,0,2,1785980989
2026-08-06,0x4e506648d493c8870f55e870480f92f2f33ece51,97960,0x294f2760ae45755b1795794e6d37dbfe5d7079f3,68.825787,137.651574,138.00186,2,2,1786021557
2026-08-06,0x4e506648d493c8870f55e870480f92f2f33ece51,101392,0x294f2760ae45755b1795794e6d37dbfe5d7079f3,105.190247,210.380494,210.912738,2,2,1786021569
2026-08-06,0x4e506648d493c8870f55e870480f92f2f33ece51,102161,0xe72bbf2ca24ebdac8f86d87ef33ec72b745758bc,0.0,0.0,8108.337166,0,2,1785981065
2026-08-06,0x4e506648d493c8870f55e870480f92f2f33ece51,102162,0xe72bbf2ca24ebdac8f86d87ef33ec72b745758bc,0.0,0.0,8108.338918,0,2,1785981071
2026-08-06,0x4e506648d493c8870f55e870480f92f2f33ece51,104455,0x294f2760ae45755b1795794e6d37dbfe5d7079f3,95.130281,190.260562,190.739104,2,2,1786021577
2026-08-06,0x4e506648d493c8870f55e870480f92f2f33ece51,109203,0xe72bbf2ca24ebdac8f86d87ef33ec72b745758bc,0.0,0.0,6827.337964,0,2,1785981077
2026-08-06,0x4e506648d493c8870f55e870480f92f2f33ece51,109244,0xe72bbf2ca24ebdac8f86d87ef33ec72b745758bc,0.0,0.0,6124.780612,0,2,1785981083
2026-08-06,0x4e506648d493c8870f55e870480f92f2f33ece51,109343,0x294f2760ae45755b1795794e6d37dbfe5d7079f3,169.88009,339.76018,340.604936,2,2,1786021589
2026-08-06,0x4e506648d493c8870f55e870480f92f2f33ece51,109464,0xe72bbf2ca24ebdac8f86d87ef33ec72b745758bc,0.0,0.0,14189.57672,0,2,1785981091
2026-08-06,0x4e506648d493c8870f55e870480f92f2f33ece51,109549,0x16c7e68ca75eb0b7ca65eadd4d067af7d7654e11,12463.335985,12463.335985,0.0,1,0,1786136005
2026-08-06,0x4e506648d493c8870f55e870480f92f2f33ece51,109798,0xe72bbf2ca24ebdac8f86d87ef33ec72b745758bc,0.0,0.0,6124.79458,0,2,1785981097
2026-08-06,0x4e506648d493c8870f55e870480f92f2f33ece51,110221,0xe72bbf2ca24ebdac8f86d87ef33ec72b745758bc,0.0,0.0,24224.758158,0,2,1785981103
2026-08-06,0x4e506648d493c8870f55e870480f92f2f33ece51,110251,0xe72bbf2ca24ebdac8f86d87ef33ec72b745758bc,0.0,0.0,10135.404582,0,2,1785981109
2026-08-06,0x4e506648d493c8870f55e870480f92f2f33ece51,110507,0xe72bbf2ca24ebdac8f86d87ef33ec72b745758bc,0.0,0.0,6124.788382,0,2,1785981113
2026-08-06,0x4e506648d493c8870f55e870480f92f2f33ece51,110518,0x294f2760ae45755b1795794e6d37dbfe5d7079f3,99.934715,199.86943,200.360716,2,2,1786021595
2026-08-06,0x4e506648d493c8870f55e870480f92f2f33ece51,110603,0xe72bbf2ca24ebdac8f86d87ef33ec72b745758bc,0.0,0.0,8108.337166,0,2,1785981119
2026-08-06,0x4e506648d493c8870f55e870480f92f2f33ece51,110646,0xe72bbf2ca24ebdac8f86d87ef33ec72b745758bc,0.0,0.0,14190.191978,0,2,1785981127
2026-08-06,0x4e506648d493c8870f55e870480f92f2f33ece51,110850,0xe72bbf2ca24ebdac8f86d87ef33ec72b745758bc,0.0,0.0,6124.780054,0,2,1785981133
2026-08-06,0x4e506648d493c8870f55e870480f92f2f33ece51,110869,0xe72bbf2ca24ebdac8f86d87ef33ec72b745758bc,0.0,0.0,8108.335386,0,2,1785981139
2026-08-06,0x4e506648d493c8870f55e870480f92f2f33ece51,111153,0xe72bbf2ca24ebdac8f86d87ef33ec72b745758bc,0.0,0.0,12167.150442,0,2,1785981145
2026-08-06,0x4e506648d493c8870f55e870480f92f2f33ece51,111484,0xbbe816faf418da14515258b384d655e9ebfd6b00,2136.388657,4272.777314,4292.789246,2,2,1786000455
2026-08-06,0x4e506648d493c8870f55e870480f92f2f33ece51,111521,0x45cec102715d0a856ef9f67e3d10718ef55be2ad,76.522974,153.045948,230.638206,2,2,1786051365
2026-08-06,0x4e506648d493c8870f55e870480f92f2f33ece51,111525,0xe72bbf2ca24ebdac8f86d87ef33ec72b745758bc,0.0,0.0,6124.794736,0,2,1785981153
2026-08-06,0x4e506648d493c8870f55e870480f92f2f33ece51,112198,0x294f2760ae45755b1795794e6d37dbfe5d7079f3,96.397452,192.794904,193.260882,2,2,1786021615
2026-08-06,0x4e506648d493c8870f55e870480f92f2f33ece51,112352,0xe72bbf2ca24ebdac8f86d87ef33ec72b745758bc,0.0,0.0,6124.791286,0,2,1785981161
2026-08-06,0x4e506648d493c8870f55e870480f92f2f33ece51,112445,0xe72bbf2ca24ebdac8f86d87ef33ec72b745758bc,0.0,0.0,6124.791286,0,2,1785981169
2026-08-06,0x4e506648d493c8870f55e870480f92f2f33ece51,112626,0xe72bbf2ca24ebdac8f86d87ef33ec72b745758bc,0.0,0.0,6124.796056,0,2,1785981173
2026-08-06,0x4e506648d493c8870f55e870480f92f2f33ece51,112927,0xe72bbf2ca24ebdac8f86d87ef33ec72b745758bc,0.0,0.0,6124.786718,0,2,1785981179
2026-08-06,0x4e506648d493c8870f55e870480f92f2f33ece51,112928,0xe72bbf2ca24ebdac8f86d87ef33ec72b745758bc,0.0,0.0,6124.786718,0,2,1785981185
2026-08-06,0x4e506648d493c8870f55e870480f92f2f33ece51,113131,0xbbe816faf418da14515258b384d655e9ebfd6b00,3569.834846,7139.669692,7173.11071,2,2,1786000509
2026-08-06,0x4e506648d493c8870f55e870480f92f2f33ece51,113174,0xe72bbf2ca24ebdac8f86d87ef33ec72b745758bc,0.0,0.0,8108.341504,0,2,1785981191
2026-08-06,0x4e506648d493c8870f55e870480f92f2f33ece51,113425,0xe72bbf2ca24ebdac8f86d87ef33ec72b745758bc,0.0,0.0,6487.934704,0,2,1785981195
2026-08-06,0x4e506648d493c8870f55e870480f92f2f33ece51,113532,0xbbe816faf418da14515258b384d655e9ebfd6b00,1087.108065,2174.21613,2184.39884,2,2,1786000419
2026-08-06,0x4e506648d493c8870f55e870480f92f2f33ece51,113646,0xe72bbf2ca24ebdac8f86d87ef33ec72b745758bc,0.0,0.0,6127.062664,0,2,1785981201
2026-08-06,0x4e506648d493c8870f55e870480f92f2f33ece51,113647,0xe72bbf2ca24ebdac8f86d87ef33ec72b745758bc,0.0,0.0,6124.784238,0,2,1785981207
2026-08-06,0x4e506648d493c8870f55e870480f92f2f33ece51,113718,0xe72bbf2ca24ebdac8f86d87ef33ec72b745758bc,0.0,0.0,6124.789588,0,2,1785981217
2026-08-06,0x4e506648d493c8870f55e870480f92f2f33ece51,113719,0xe72bbf2ca24ebdac8f86d87ef33ec72b745758bc,0.0,0.0,6124.789588,0,2,1785981225
2026-08-06,0x4e506648d493c8870f55e870480f92f2f33ece51,113744,0xe72bbf2ca24ebdac8f86d87ef33ec72b745758bc,0.0,0.0,10135.407006,0,2,1785981233
2026-08-06,0x4e506648d493c8870f55e870480f92f2f33ece51,114106,0xe72bbf2ca24ebdac8f86d87ef33ec72b745758bc,0.0,0.0,8108.33793,0,2,1785981239
2026-08-06,0x4e506648d493c8870f55e870480f92f2f33ece51,114193,0xe72bbf2ca24ebdac8f86d87ef33ec72b745758bc,0.0,0.0,6124.780714,0,2,1785981245
2026-08-06,0x4e506648d493c8870f55e870480f92f2f33ece51,114382,0xe72bbf2ca24ebdac8f86d87ef33ec72b745758bc,0.0,0.0,6124.78024,0,2,1785981251
2026-08-06,0x4e506648d493c8870f55e870480f92f2f33ece51,114394,0xe72bbf2ca24ebdac8f86d87ef33ec72b745758bc,0.0,0.0,6124.778624,0,2,1785981259
2026-08-06,0x4e506648d493c8870f55e870480f92f2f33ece51,115082,0xe72bbf2ca24ebdac8f86d87ef33ec72b745758bc,0.0,0.0,6124.782254,0,2,1785981263
2026-08-06,0x4e506648d493c8870f55e870480f92f2f33ece51,115094,0xe72bbf2ca24ebdac8f86d87ef33ec72b745758bc,0.0,0.0,6124.79016,0,2,1785981271
2026-08-06,0x4e506648d493c8870f55e870480f92f2f33ece51,115300,0x77c0899deee999a263dc20b53df2046e4b335a0a,4212.472342,8424.944684,8500.298848,2,2,1786000775
2026-08-06,0x4e506648d493c8870f55e870480f92f2f33ece51,115427,0xe72bbf2ca24ebdac8f86d87ef33ec72b745758bc,0.0,0.0,6124.794106,0,2,1785981275
2026-08-06,0x4e506648d493c8870f55e870480f92f2f33ece51,115434,0xe72bbf2ca24ebdac8f86d87ef33ec72b745758bc,0.0,0.0,6124.792288,0,2,1785981281
2026-08-06,0x4e506648d493c8870f55e870480f92f2f33ece51,115479,0x58c4f03a954e4cbb1b8e204a881a8e9a99d015dd,5527.303806,11054.607612,11049.550806,2,2,1786004137
2026-08-06,0x4e506648d493c8870f55e870480f92f2f33ece51,115524,0xe72bbf2ca24ebdac8f86d87ef33ec72b745758bc,0.0,0.0,6124.776536,0,2,1785981289
2026-08-06,0x4e506648d493c8870f55e870480f92f2f33ece51,116367,0xe72bbf2ca24ebdac8f86d87ef33ec72b745758bc,0.0,0.0,6210.962764,0,2,1785981295
2026-08-06,0x4e506648d493c8870f55e870480f92f2f33ece51,116421,0xe72bbf2ca24ebdac8f86d87ef33ec72b745758bc,0.0,0.0,6124.79515,0,2,1785981299
2026-08-06,0x4e506648d493c8870f55e870480f92f2f33ece51,116485,0xe72bbf2ca24ebdac8f86d87ef33ec72b745758bc,0.0,0.0,6124.79515,0,2,1785981305
2026-08-06,0x4e506648d493c8870f55e870480f92f2f33ece51,116625,0xe72bbf2ca24ebdac8f86d87ef33ec72b745758bc,0.0,0.0,6124.79515,0,2,1785981311
2026-08-06,0x4e506648d493c8870f55e870480f92f2f33ece51,116749,0xe72bbf2ca24ebdac8f86d87ef33ec72b745758bc,0.0,0.0,10140.908948,0,2,1785981315
2026-08-06,0x4e506648d493c8870f55e870480f92f2f33ece51,116750,0xe72bbf2ca24ebdac8f86d87ef33ec72b745758bc,0.0,0.0,10140.908948,0,2,1785981321
2026-08-06,0x4e506648d493c8870f55e870480f92f2f33ece51,117618,0xe72bbf2ca24ebdac8f86d87ef33ec72b745758bc,0.0,0.0,10139.333212,0,2,1785981327
2026-08-06,0x4e506648d493c8870f55e870480f92f2f33ece51,117634,0x170ddec929b8dfdfadbaba9bf994d9f3f7343cf1,25801.042378,51602.084756,22817.890398,2,2,1786020309
2026-08-06,0x4e506648d493c8870f55e870480f92f2f33ece51,117757,0x77c0899deee999a263dc20b53df2046e4b335a0a,0.0,0.0,1264.955902,0,2,1786000815
2026-08-06,0x4e506648d493c8870f55e870480f92f2f33ece51,118098,0xe72bbf2ca24ebdac8f86d87ef33ec72b745758bc,0.0,0.0,2019.185914,0,2,1785981331
2026-08-06,0x4e506648d493c8870f55e870480f92f2f33ece51,119434,0x294f2760ae45755b1795794e6d37dbfe5d7079f3,539.325651,1078.651302,1081.056684,2,2,1786021621
2026-08-06,0x4e506648d493c8870f55e870480f92f2f33ece51,119526,0x294f2760ae45755b1795794e6d37dbfe5d7079f3,477.907803,955.815606,957.947162,2,2,1786021639
2026-08-06,0x4e506648d493c8870f55e870480f92f2f33ece51,120236,0x294f2760ae45755b1795794e6d37dbfe5d7079f3,539.737386,1079.474772,1081.857544,2,2,1786021651
2026-08-06,0x4e506648d493c8870f55e870480f92f2f33ece51,121208,0xd552efe9ba1610008cf101fcf24374c7ed6c2e41,39.838439,79.676878,79.796824,2,2,1786079753
2026-08-06,0x4e506648d493c8870f55e870480f92f2f33ece51,122453,0x294f2760ae45755b1795794e6d37dbfe5d7079f3,721.03003,1442.06006,1445.195296,2,2,1786021665
2026-08-06,0x4e506648d493c8870f55e870480f92f2f33ece51,122708,0x294f2760ae45755b1795794e6d37dbfe5d7079f3,468.586902,937.173804,939.20111,2,2,1786021671
2026-08-06,0x4e506648d493c8870f55e870480f92f2f33ece51,126329,0xa23fd4b36a59466912b0ff8cae6a1802525d60aa,6956.230381,6956.230381,6156.276659,1,1,1786152257
2026-08-06,0x4e506648d493c8870f55e870480f92f2f33ece51,129520,0x6b40dfc1c33cfcd9b47b2ff3e904229d52b0ce79,8.98183,17.96366,26.865144,2,2,1786059415
2026-08-06,0x4e506648d493c8870f55e870480f92f2f33ece51,130136,0x31a3ab97cda113bd3f4b96a0fd3b523d7919fcf2,147.90516,147.90516,149.154959,1,1,1786152049
2026-08-06,0x4e506648d493c8870f55e870480f92f2f33ece51,130222,0xb7d8d986fe9ee2189d8a749a874e9d31028362b7,0.0,0.0,4.414582,0,2,1785982519
2026-08-06,0x4e506648d493c8870f55e870480f92f2f33ece51,130223,0xb7d8d986fe9ee2189d8a749a874e9d31028362b7,0.0,0.0,4.414868,0,2,1785982615
2026-08-06,0x4e506648d493c8870f55e870480f92f2f33ece51,130274,0x207807b3ba017020584f0a68e300e3182106ace4,99.98141,199.96282,0.0,2,0,1785996177
2026-08-06,0x4e506648d493c8870f55e870480f92f2f33ece51,130372,0xaf131c499c9e19639c44f20f8e9bff16ce90779c,33.549473,67.098946,67.23693,2,2,1786090707
2026-08-06,0x4e829f8a5213c42535ab84aa40bd4adcce9cba02,10298,0x488c8e0213051dc78155048e947257742d928bdf,1509542.168771,127699097.702683,127683256.654317,85,85,1786163735
2026-08-06,0x4e962bb3889bf030368f56810a9c96b83cb3e778,524,0x76da9f88e63a85ba8bfa19f3821d5a271753d3dc,4389.397458,8778.794916,8778.794916,2,2,1786067133
2026-08-06,0x4e962bb3889bf030368f56810a9c96b83cb3e778,850,0xb7d49adb031d6dbdf3e8e28f21c6dd3b6f231cd5,0.0,0.0,2512.579216,0,1,1786133705
2026-08-06,0x4e962bb3889bf030368f56810a9c96b83cb3e778,2448,0xbad58e133138549936d2576ebc33251be841d3e9,0.0,0.0,1974.809756,0,2,1786092443
2026-08-06,0x4e962bb3889bf030368f56810a9c96b83cb3e778,4162,0x605572243c30af7493707c9c8e8aa2ee25537e9a,820.833997,1641.667994,1641.667994,2,2,1786035087
2026-08-06,0x4e962bb3889bf030368f56810a9c96b83cb3e778,10298,0x488c8e0213051dc78155048e947257742d928bdf,4025445.78339,340530927.207156,340488684.411512,85,85,1786163735
2026-08-06,0x4e962bb3889bf030368f56810a9c96b83cb3e778,27784,0x605572243c30af7493707c9c8e8aa2ee25537e9a,1435.462342,2870.924684,2870.924684,2,2,1786035069
2026-08-06,0x4e962bb3889bf030368f56810a9c96b83cb3e778,28062,0x605572243c30af7493707c9c8e8aa2ee25537e9a,1747.936154,3495.872308,3495.872308,2,2,1786035043
2026-08-06,0x4e962bb3889bf030368f56810a9c96b83cb3e778,28208,0x605572243c30af7493707c9c8e8aa2ee25537e9a,1845.671961,3691.343922,3691.343922,2,2,1786035025
2026-08-06,0x4e962bb3889bf030368f56810a9c96b83cb3e778,62881,0x60c51872a1c9e458112dc6d8b9fa7f2b48e8cc96,1095.922388,2191.844776,2190.05131,2,2,1786011969
2026-08-06,0x4e962bb3889bf030368f56810a9c96b83cb3e778,63578,0x975013969d096f74272b6aa9699ffb7c4cef6559,8.539706,17.079412,17.079412,2,2,1785983787
2026-08-06,0x4e962bb3889bf030368f56810a9c96b83cb3e778,64100,0xf3ed98c177c4c850379da04858ed8ddd934665ec,1480.40655,2960.8131,2973.481938,2,2,1785979239
2026-08-06,0x4e962bb3889bf030368f56810a9c96b83cb3e778,64899,0x5a5709b511a0b0a5fa5ddb4dd2f26ff4d62bf5c3,197.268678,394.537356,394.35688,2,2,1785984701
2026-08-06,0x4e962bb3889bf030368f56810a9c96b83cb3e778,67471,0x628037c2d25f5e5f6f90415cff6d7e8860f41c08,2992.958802,5985.917604,5983.179412,2,2,1786047343
2026-08-06,0x4e962bb3889bf030368f56810a9c96b83cb3e778,68866,0x63f8bf3573feccf4228fa7133cead0036f96382d,67.673263,135.346526,68.142804,2,2,1786025607
2026-08-06,0x4e962bb3889bf030368f56810a9c96b83cb3e778,79313,0xdd6b9bd7de01e070bc1696bbc40274f7395cbd30,0.0,106145.880046,212004.807612,2,4,1786000969
2026-08-06,0x4e962bb3889bf030368f56810a9c96b83cb3e778,86364,0x01fc87b0bbce9e591f4a0c49457b75cd9d1f56f0,81.7983,163.5966,163.5966,2,2,1786002209
2026-08-06,0x4e962bb3889bf030368f56810a9c96b83cb3e778,109815,0x021af285f94c4e044d56ee839bebf6bf12d49ecc,120.555289,241.110578,144.470272,2,2,1786020673
2026-08-06,0x4e962bb3889bf030368f56810a9c96b83cb3e778,111443,0x021af285f94c4e044d56ee839bebf6bf12d49ecc,71.140452,142.280904,0.0,2,0,1786021053
2026-08-06,0x50f8f7ffbd70c6c87b1668eee4e03f5ac057de3f,10298,0x488c8e0213051dc78155048e947257742d928bdf,201272.28917,17026546.360358,17024434.220576,85,85,1786163735
2026-08-06,0x50f8f7ffbd70c6c87b1668eee4e03f5ac057de3f,89025,0xdd1af7857f9195f9e87221fa0dc5b89f8146ee21,39.307764,78.615528,79.102072,2,2,1785979075
2026-08-06,0x51663b8a28e7ea197c5ccf983afc084da0a8023d,10298,0x488c8e0213051dc78155048e947257742d928bdf,1207633.735017,102159278.162147,102146605.323454,85,85,1786163735
2026-08-06,0x5230845439fa66fbea20af7cf09bc413b99e10b7,21709,0xab6a463c016724d76b4ebad6e4fd16711104bb86,4.948089,9.896178,3.95847,2,2,1785997865
2026-08-06,0x5230845439fa66fbea20af7cf09bc413b99e10b7,78742,0xc02d87a15014550c0e91f8d1bc0ea11c1436f9a4,0.0,12952.287182,25991.956868,2,4,1785981043
2026-08-06,0x5447f7fe76894d98753a0a6d69b9cb840037c13d,115212,0x78b155d7bc284a887f09e028a360a36cc4c4d4c8,221.721234,443.442468,0.0,2,0,1786041765
2026-08-06,0x55f618171d851d57906431ce9feee96dc6f3877e,11174,0x63e9c643b6589aaa42c3b6aa5b23b2c6202dd657,415.092459,830.184918,0.0,2,0,1786045459
2026-08-06,0x55f618171d851d57906431ce9feee96dc6f3877e,76818,0x42055d0e8771bf1ce105eab677b097d4cb4d4624,0.0,0.0,1060.0,0,2,1786006559
2026-08-06,0x55f618171d851d57906431ce9feee96dc6f3877e,90044,0xc14242a137c06ff0b47b25f583795c70709c6bb5,10.527854,21.055708,0.450406,2,2,1786073339
2026-08-06,0x55f618171d851d57906431ce9feee96dc6f3877e,114216,0x42055d0e8771bf1ce105eab677b097d4cb4d4624,0.0,0.0,1259.015838,0,2,1786006585
2026-08-06,0x55f618171d851d57906431ce9feee96dc6f3877e,115889,0x42055d0e8771bf1ce105eab677b097d4cb4d4624,0.0,0.0,644.0,0,2,1786006599
2026-08-06,0x55f618171d851d57906431ce9feee96dc6f3877e,119605,0x10f0c0446e12e802d0f94a2d3c6f56bbdc4150c7,98.55305,98.55305,0.0,1,0,1786116381
2026-08-06,0x55f618171d851d57906431ce9feee96dc6f3877e,130307,0x951e1195f5b49c09779297012f96b9a759db75e4,5.98025,11.9605,0.0,2,0,1786087871
2026-08-06,0x562d63bfcea2eae8be3265b1f841d42af6dde0b7,40954,0x5cdf049aede480d07fee61533eb32463ce6a58b5,61354.474106,61354.474106,61299.897951,1,1,1786120561
2026-08-06,0x562d63bfcea2eae8be3265b1f841d42af6dde0b7,76514,0x41187c70eb8eeefdaed4ed0bff20005c53c3a7dd,26491.230848,26491.230848,26349.741039,1,1,1786120561
2026-08-06,0x562d63bfcea2eae8be3265b1f841d42af6dde0b7,90092,0x41187c70eb8eeefdaed4ed0bff20005c53c3a7dd,3689.392764,3689.392764,3711.219707,1,1,1786120561
2026-08-06,0x562d63bfcea2eae8be3265b1f841d42af6dde0b7,93988,0x41187c70eb8eeefdaed4ed0bff20005c53c3a7dd,1914.644972,1914.644972,1913.769139,1,1,1786120561
2026-08-06,0x562d63bfcea2eae8be3265b1f841d42af6dde0b7,113617,0x41187c70eb8eeefdaed4ed0bff20005c53c3a7dd,367.067228,367.067228,366.899318,1,1,1786120561
2026-08-06,0x562d63bfcea2eae8be3265b1f841d42af6dde0b7,115777,0x41187c70eb8eeefdaed4ed0bff20005c53c3a7dd,485.511439,485.511439,485.289347,1,1,1786120561
2026-08-06,0x562d63bfcea2eae8be3265b1f841d42af6dde0b7,117680,0x41187c70eb8eeefdaed4ed0bff20005c53c3a7dd,1202.057007,1202.057007,1201.50714,1,1,1786120561
2026-08-06,0x565aecf84b5d30a6e79a5cef3f0da0fc4280debc,18747,0xebbc68a5e60bf4a766b0d08c7c8e34129f77ad58,88.979396,177.958792,180.135758,2,2,1785980057
2026-08-06,0x565aecf84b5d30a6e79a5cef3f0da0fc4280debc,63578,0x975013969d096f74272b6aa9699ffb7c4cef6559,3.517878,7.035756,5.318286,2,2,1785983787
2026-08-06,0x565aecf84b5d30a6e79a5cef3f0da0fc4280debc,77876,0x459b4065fd4ab40b54ea62b49e0201b862e26084,0.002866,0.002866,0.063584,1,1,1786142367
2026-08-06,0x56b92e5b391dbfb8b8028ac95a4b97f52ffeb416,73813,0x5c8c2bdd675f513c8850957038278c3cf947f387,0.0,0.0,5104.190066,0,2,1786024871
2026-08-06,0x56b92e5b391dbfb8b8028ac95a4b97f52ffeb416,77876,0x459b4065fd4ab40b54ea62b49e0201b862e26084,0.051337,0.051337,1.139016,1,1,1786142367
2026-08-06,0x56b92e5b391dbfb8b8028ac95a4b97f52ffeb416,93185,0x9828c2028705969f7dede5fe61b187f930726b2c,0.0,0.0,989.509732,0,2,1786024945
2026-08-06,0x592e01edeb601016a20a3e6cd5bf533ebbadbc8b,85447,0xdda821f4eae19053aba8cb2982ad2f0ea38b5a8e,6.571864,13.143728,13.137716,2,2,1785981721
2026-08-06,0x592e01edeb601016a20a3e6cd5bf533ebbadbc8b,115476,0x1334752203935d80bca8a89a378bbe36b88961af,0.0,0.0,21673.287648,0,2,1786037479
2026-08-06,0x594b83709464a83f37ac77e69ddd447a8a33c0ee,4433,0x78b8a76bea31733777556033e2a116df66c4c41c,481.965412,963.930824,974.245992,2,2,1786042893
2026-08-06,0x594b83709464a83f37ac77e69ddd447a8a33c0ee,15973,0x47a866eb5d120aab24861ebe41e9bd8e0793e33e,3.350482,6.700964,6.700964,2,2,1785997729
2026-08-06,0x594b83709464a83f37ac77e69ddd447a8a33c0ee,82275,0x3d54dbee5c5d0215246199e177f629e607ceb7d5,0.0,0.0,0.0,2,2,1786018335
2026-08-06,0x594b83709464a83f37ac77e69ddd447a8a33c0ee,82276,0x05e63625a5003ba39dbd0e12d443c89b1eb48027,0.0,0.0,0.0,2,2,1786018337
2026-08-06,0x594b83709464a83f37ac77e69ddd447a8a33c0ee,82277,0x24e56740d621aa314e2f352e26a47734c3572ee3,0.0,0.0,0.0,2,2,1786018405
2026-08-06,0x594b83709464a83f37ac77e69ddd447a8a33c0ee,82278,0xbc5388ad815b08715122a6703be6a1091eb2a24d,0.0,0.0,0.0,2,2,1786018387
2026-08-06,0x594b83709464a83f37ac77e69ddd447a8a33c0ee,82279,0x97473c122eedb5de9dbca7c8e353219743974d47,0.0,0.0,0.0,2,2,1786018389
2026-08-06,0x594b83709464a83f37ac77e69ddd447a8a33c0ee,82280,0x270df65fa22c116ea3f63ea2c5ac927faf82f687,0.0,0.0,0.0,2,2,1786018951
2026-08-06,0x594b83709464a83f37ac77e69ddd447a8a33c0ee,82281,0x9a589729132a053e6bed0fbfe97a75cc7094fd07,0.0,0.0,0.0,2,2,1786018945
2026-08-06,0x594b83709464a83f37ac77e69ddd447a8a33c0ee,82282,0xc2dc738b00529978e5fb7e485b6be595d50b6aa8,0.0,0.0,0.0,2,2,1786018947
2026-08-06,0x594b83709464a83f37ac77e69ddd447a8a33c0ee,82283,0xed29e9ebba490d0406766812315906fc15200ef1,0.0,0.0,0.0,2,2,1786018949
2026-08-06,0x594b83709464a83f37ac77e69ddd447a8a33c0ee,82284,0x274c7d9bda3ab86c2e968733974b88fff45b8efc,0.0,0.0,0.0,2,2,1786018949
2026-08-06,0x594b83709464a83f37ac77e69ddd447a8a33c0ee,82285,0x485766d0ef040c702da66878fa7432b92721f4ab,0.0,0.0,0.0,2,2,1786019503
2026-08-06,0x594b83709464a83f37ac77e69ddd447a8a33c0ee,82286,0x3a64825e45f50a6553d8759346acb5b20be6b0e9,0.0,0.0,0.0,2,2,1786019653
2026-08-06,0x594b83709464a83f37ac77e69ddd447a8a33c0ee,82287,0xd152224d5fbbb832fc865451ffb8c751d5e51810,0.0,0.0,0.0,2,2,1786019607
2026-08-06,0x594b83709464a83f37ac77e69ddd447a8a33c0ee,82288,0x5bbfc6a864d4c893ba02f2921f403806ece9aff2,0.0,0.0,0.0,2,2,1786019609
2026-08-06,0x594b83709464a83f37ac77e69ddd447a8a33c0ee,82289,0x29f670ab391e2c46892bdcadb6909405e193a645,0.0,0.0,0.0,2,2,1786019611
2026-08-06,0x594b83709464a83f37ac77e69ddd447a8a33c0ee,82292,0x525ea0f45d64eccec63c592abb12a01c9a476517,0.0,0.0,0.0,2,2,1786020443
2026-08-06,0x594b83709464a83f37ac77e69ddd447a8a33c0ee,82293,0xd14d9b93fea781837d352819682b8bdbfd6318a5,0.0,0.0,0.0,2,2,1786020445
2026-08-06,0x594b83709464a83f37ac77e69ddd447a8a33c0ee,82294,0xb2870eb0beecba8f762e0158b992e0a9e1d6c276,0.0,0.0,0.0,2,2,1786020447
2026-08-06,0x594b83709464a83f37ac77e69ddd447a8a33c0ee,82295,0xa31576cb85e9db9de1bb2f2a96ad500d74a4f299,0.0,0.0,0.0,2,2,1786020451
2026-08-06,0x594b83709464a83f37ac77e69ddd447a8a33c0ee,82296,0xce971aa0da23034bdbaa96fcb223e0446cbc62d2,0.0,0.0,0.0,2,2,1786020453
2026-08-06,0x594b83709464a83f37ac77e69ddd447a8a33c0ee,82297,0x8185bf453afe0374ec61d6772e595dab6a00b251,0.0,0.0,0.0,2,2,1786020925
2026-08-06,0x594b83709464a83f37ac77e69ddd447a8a33c0ee,82298,0x3df3ce7ce8be11b4a17f5d7bdb0305114e5b1f82,0.0,0.0,0.0,2,2,1786020927
2026-08-06,0x594b83709464a83f37ac77e69ddd447a8a33c0ee,82299,0x71fb01bb76fd237ed87c263e7c2acec75d742523,0.0,0.0,0.0,2,2,1786020929
2026-08-06,0x594b83709464a83f37ac77e69ddd447a8a33c0ee,82300,0x9acd1a8b15b78dca6b80dad92027223ce4af9b33,0.0,0.0,0.0,2,2,1786020931
2026-08-06,0x594b83709464a83f37ac77e69ddd447a8a33c0ee,82301,0x3fb15dc0b49262e537475282835430bf7767a682,0.0,0.0,0.0,2,2,1786020933
2026-08-06,0x594b83709464a83f37ac77e69ddd447a8a33c0ee,96527,0x49049707b57178d0cc44137a31d404ff6e2a9eb0,49.289387,98.578774,89.175074,2,2,1786032167
2026-08-06,0x594b83709464a83f37ac77e69ddd447a8a33c0ee,110063,0xf1b7873f8885586f29ada38187b76c5477434b4b,50.240743,100.481486,101.67985,2,2,1786002189
2026-08-06,0x594b83709464a83f37ac77e69ddd447a8a33c0ee,116420,0xf1b7873f8885586f29ada38187b76c5477434b4b,33.098617,66.197234,67.025466,2,2,1786002291
2026-08-06,0x594b83709464a83f37ac77e69ddd447a8a33c0ee,118620,0xb681c301ae7d6b6d4686fbc3bde80a713f03acd4,4.150853,8.301706,8.351572,2,2,1786088639
2026-08-06,0x594b83709464a83f37ac77e69ddd447a8a33c0ee,118944,0xd5d9041f30bb174c12245894448027d0478213d5,3.756741,3.756741,7.124304,1,1,1786107577
2026-08-06,0x594b83709464a83f37ac77e69ddd447a8a33c0ee,119252,0xe74647e67e2407db6a01f276fc9c81797f646248,0.535477,1.070954,1.943098,2,2,1786038045
2026-08-06,0x594b83709464a83f37ac77e69ddd447a8a33c0ee,119973,0xf1b7873f8885586f29ada38187b76c5477434b4b,97.964913,195.929826,198.157274,2,2,1786003415
2026-08-06,0x594b83709464a83f37ac77e69ddd447a8a33c0ee,120283,0x89e42a5a0de32368b30b95cba5b587ab9a1aab37,0.0,0.0,130.08887,0,2,1785999495
2026-08-06,0x594b83709464a83f37ac77e69ddd447a8a33c0ee,120768,0x09df409b26556f596361b3f62de409de49c79c41,0.0,0.0,60.227889,0,1,1786130255
2026-08-06,0x594b83709464a83f37ac77e69ddd447a8a33c0ee,122733,0x45f707e26a18547192820dcf01a05ad2712dadb4,0.0,0.0,0.010738,0,2,1786012609
2026-08-06,0x594b83709464a83f37ac77e69ddd447a8a33c0ee,123360,0x83ce12b1fb990044b2e1b0f164804e529fe98ae2,7.75327,15.50654,28.986976,2,2,1785996139
2026-08-06,0x598299fb3f3829f7ba08662948706cdff7ec2350,20860,0x6f66bf2a5870a5cd06870362788724e3fe23e856,48.393858,96.787716,97.75914,2,2,1785988725
2026-08-06,0x598299fb3f3829f7ba08662948706cdff7ec2350,21811,0x6f66bf2a5870a5cd06870362788724e3fe23e856,223.659586,447.319172,447.11455,2,2,1785988741
2026-08-06,0x598299fb3f3829f7ba08662948706cdff7ec2350,23135,0x6f66bf2a5870a5cd06870362788724e3fe23e856,334.274246,668.548492,668.242672,2,2,1785988759
2026-08-06,0x598299fb3f3829f7ba08662948706cdff7ec2350,43371,0x6f66bf2a5870a5cd06870362788724e3fe23e856,86.155027,172.310054,172.231234,2,2,1785988777
2026-08-06,0x598299fb3f3829f7ba08662948706cdff7ec2350,63695,0xe4ca74a41694707e19584480f8429a5073b930e2,707.541706,1415.083412,1415.083412,2,2,1785991729
2026-08-06,0x598299fb3f3829f7ba08662948706cdff7ec2350,90044,0xc14242a137c06ff0b47b25f583795c70709c6bb5,2.105571,4.211142,4.234404,2,2,1786073339
2026-08-06,0x5a7b4970b2610aee4776a6944d9f2171ee6060b0,76936,0x77474454c3284bf7d5427cb8760f450c2a091956,0.0,0.0,10835.395674,0,2,1785995365
2026-08-06,0x5a7b4970b2610aee4776a6944d9f2171ee6060b0,96527,0x49049707b57178d0cc44137a31d404ff6e2a9eb0,49.289387,98.578774,89.175074,2,2,1786032167
2026-08-06,0x5a7b4970b2610aee4776a6944d9f2171ee6060b0,109549,0x16c7e68ca75eb0b7ca65eadd4d067af7d7654e11,0.0,0.0,17870.699996,0,1,1786136005
2026-08-06,0x5c45b0f48c326f79b56709d8f63ce2bee7697106,30231,0xdffde0f254beada034f14383cfa01cc9eaf959fc,41.797361,41.797361,41.797361,1,1,1786115467
2026-08-06,0x6044c817e55a03dadc5f6b8b7045af1985ae90fa,5414,0x78b155d7bc284a887f09e028a360a36cc4c4d4c8,0.0,0.0,572.055384,0,2,1786041735
2026-08-06,0x6044c817e55a03dadc5f6b8b7045af1985ae90fa,61817,0x414c63de68bcadeee9ce68c4b200916593ccb18a,758.961051,1517.922102,1442.835624,2,2,1786071083
2026-08-06,0x6044c817e55a03dadc5f6b8b7045af1985ae90fa,75098,0xd0aeb78a3e66f40583bc65f642bd90a2edd9b67c,200.019439,400.038878,0.0,2,0,1785987065
2026-08-06,0x6044c817e55a03dadc5f6b8b7045af1985ae90fa,115212,0x78b155d7bc284a887f09e028a360a36cc4c4d4c8,0.0,0.0,1169.08532,0,2,1786041765
2026-08-06,0x61907c8c3e6ef7ed813acc2fbbbf8c05ac0f31d5,118944,0xd5d9041f30bb174c12245894448027d0478213d5,0.192939,0.192939,0.365891,1,1,1786107577
2026-08-06,0x61c6e9e93592e535efc1bee07f491a517e98f6d0,57000,0x6752c9a5ba6594e43f42322d8eb8b04cffec3d97,6509.210375,13018.42075,13018.42075,2,2,1786008719
2026-08-06,0x61c6e9e93592e535efc1bee07f491a517e98f6d0,74958,0x6db96f68b2fd1c406923b29dd0a7b88d87992936,5118.009665,10236.01933,10226.683606,2,2,1786064691
2026-08-06,0x62916b911f2b64d0e3a3b72472d6f8c08c75dcaa,10298,0x488c8e0213051dc78155048e947257742d928bdf,402544.578339,34053092.720715,34048868.441151,85,85,1786163735
2026-08-06,0x6567cb712b9bcf7c1c568ebe8c2657830e299442,5414,0x78b155d7bc284a887f09e028a360a36cc4c4d4c8,22.00213,44.00426,0.0,2,0,1786041735
2026-08-06,0x6567cb712b9bcf7c1c568ebe8c2657830e299442,122741,0x86b44db6677d7feaf935e5e153dfff1454115578,2.205959,4.411918,0.0,2,0,1785989821
2026-08-06,0x659be70647b0f63217d60e077f4417b1ecc65064,10298,0x488c8e0213051dc78155048e947257742d928bdf,805089.156678,68106185.441431,68097736.882302,85,85,1786163735
2026-08-06,0x67b00b46fa4f4f24c03855c5c8013c0b938b3eec,108432,0x7090f68b0f6e2467e46810998c1c5556c752fe3b,24.244352,48.488704,20.46169,2,2,1786003495
2026-08-06,0x6b0f53cbd9272d8117e9535fe25371dedf39a1be,1228,0xbe96635eaf3c394b583abcd303d043f0a8311baa,0.0,0.0,24476.577312,0,2,1785999919
2026-08-06,0x6b0f53cbd9272d8117e9535fe25371dedf39a1be,109549,0x16c7e68ca75eb0b7ca65eadd4d067af7d7654e11,0.0,0.0,8935.349998,0,1,1786136005
2026-08-06,0x6cca90e732942d73c276f73b805ca2948f6b3018,10298,0x488c8e0213051dc78155048e947257742d928bdf,201272.28917,17026546.360358,17024434.220576,85,85,1786163735
2026-08-06,0x6cda37ddb9e099bb49495a9ca7df9cd445a6965f,1140,0xe18c1c9ea74e32b3c05b6b45c08a03748807812c,2214.754189,4429.508378,0.0,2,0,1785978927
2026-08-06,0x6cda37ddb9e099bb49495a9ca7df9cd445a6965f,61528,0xe18c1c9ea74e32b3c05b6b45c08a03748807812c,374.705528,749.411056,0.0,2,0,1785978853
2026-08-06,0x6cda37ddb9e099bb49495a9ca7df9cd445a6965f,119252,0xe74647e67e2407db6a01f276fc9c81797f646248,0.537692,1.075384,1.951138,2,2,1786038045
2026-08-06,0x6cdcb1c4a4d1c3c6d054b27ac5b77e89eafb971d,417,0xbe93d14c5defb8f41af8fb092f58e3c71c712b85,0.0,0.0,35759.966608,0,2,1786004379
2026-08-06,0x6cdcb1c4a4d1c3c6d054b27ac5b77e89eafb971d,524,0x76da9f88e63a85ba8bfa19f3821d5a271753d3dc,4389.397458,8778.794916,8778.794916,2,2,1786067133
2026-08-06,0x6cdcb1c4a4d1c3c6d054b27ac5b77e89eafb971d,1296,0x581278ad4c00f4f2af057105817a8e78b424a65c,0.0,0.0,23193.577816,0,2,1786007477
2026-08-06,0x6cdcb1c4a4d1c3c6d054b27ac5b77e89eafb971d,1660,0xc80a5430d22e8f96b9fbf0d4d0925bc9e60daa1c,1309.231245,2618.46249,0.0,2,0,1785989899
2026-08-06,0x6cdcb1c4a4d1c3c6d054b27ac5b77e89eafb971d,4707,0x994d90f2b5a8707188058c8b3d99991ae77d05cb,517.270736,1034.541472,890.785714,2,2,1785998597
2026-08-06,0x6cdcb1c4a4d1c3c6d054b27ac5b77e89eafb971d,6277,0x6c9258895ffbe2178b3edefe09af304a1e99bf2f,0.0,0.0,408.893106,0,1,1786110665
2026-08-06,0x6cdcb1c4a4d1c3c6d054b27ac5b77e89eafb971d,6815,0x33b2ad24a6130e7a76f09ac9a79519b08576e17a,43.727168,87.454336,0.0,2,0,1786015509
2026-08-06,0x6cdcb1c4a4d1c3c6d054b27ac5b77e89eafb971d,9015,0xc01141889027e2bd253c08c8bece4f6f1b4f8349,19.200903,19.200903,15.445057,1,1,1786105925
2026-08-06,0x6cdcb1c4a4d1c3c6d054b27ac5b77e89eafb971d,12585,0x09b99b24bf35712959dc0c625c06d2eaf9b713cd,196.93002,393.86004,396.807298,2,2,1785995707
2026-08-06,0x6cdcb1c4a4d1c3c6d054b27ac5b77e89eafb971d,15973,0x47a866eb5d120aab24861ebe41e9bd8e0793e33e,3.350482,6.700964,6.700964,2,2,1785997729
2026-08-06,0x6cdcb1c4a4d1c3c6d054b27ac5b77e89eafb971d,18099,0xaa0d63b4c700d88905ecd378499fbec442fee138,68.684403,137.368806,138.36066,2,2,1785996331
2026-08-06,0x6cdcb1c4a4d1c3c6d054b27ac5b77e89eafb971d,20343,0xa95ce818931bc1ce88240cfa0772f2975058a669,874.770356,1749.540712,1767.562782,2,2,1785978925
2026-08-06,0x6cdcb1c4a4d1c3c6d054b27ac5b77e89eafb971d,22114,0xd6f14caf5db98820628e0acd3e3a7009b96c8861,0.0,0.0,283.345894,0,2,1786040163
2026-08-06,0x6cdcb1c4a4d1c3c6d054b27ac5b77e89eafb971d,24077,0x48f7d45fa696dc89ff4f2233b25490455ae19dc2,1.554453,3.108906,3.155912,2,2,1786041715
2026-08-06,0x6cdcb1c4a4d1c3c6d054b27ac5b77e89eafb971d,61120,0x5700fc8a6079a6a9f92642078b92924f8a0c64e6,3006.047398,6012.094796,6047.72227,2,2,1786057581
2026-08-06,0x6cdcb1c4a4d1c3c6d054b27ac5b77e89eafb971d,62433,0x4806301e3565d4e364c22732529d457bc5cf278d,2551.954251,5103.908502,5115.072408,2,2,1785979959
2026-08-06,0x6cdcb1c4a4d1c3c6d054b27ac5b77e89eafb971d,62881,0x60c51872a1c9e458112dc6d8b9fa7f2b48e8cc96,864.411365,1728.82273,1728.82273,2,2,1786011969
2026-08-06,0x6cdcb1c4a4d1c3c6d054b27ac5b77e89eafb971d,64008,0xe9c05ad499f4398a057263f6cd27728e4df629b0,1094.453309,2188.906618,2208.20427,2,2,1785994473
2026-08-06,0x6cdcb1c4a4d1c3c6d054b27ac5b77e89eafb971d,65291,0x5700fc8a6079a6a9f92642078b92924f8a0c64e6,1718.325817,3436.651634,3455.584256,2,2,1786057603
2026-08-06,0x6cdcb1c4a4d1c3c6d054b27ac5b77e89eafb971d,66635,0x388ebc40e6a10ce80ffa9b2f41fdfc2b44aecb47,96.241297,192.482594,193.94831,2,2,1785978197
2026-08-06,0x6cdcb1c4a4d1c3c6d054b27ac5b77e89eafb971d,67503,0x5700fc8a6079a6a9f92642078b92924f8a0c64e6,3181.008388,6362.016776,6397.341604,2,2,1786057613
2026-08-06,0x6cdcb1c4a4d1c3c6d054b27ac5b77e89eafb971d,68145,0x249126c8de8f6c4eaa62c707b5c53bb2b61d9182,0.0,0.0,282.062566,0,2,1786051229
2026-08-06,0x6cdcb1c4a4d1c3c6d054b27ac5b77e89eafb971d,69238,0x5700fc8a6079a6a9f92642078b92924f8a0c64e6,1077.169401,2154.338802,2166.115024,2,2,1786057623
2026-08-06,0x6cdcb1c4a4d1c3c6d054b27ac5b77e89eafb971d,69858,0x5700fc8a6079a6a9f92642078b92924f8a0c64e6,3244.251386,6488.502772,6523.697308,2,2,1786057629
2026-08-06,0x6cdcb1c4a4d1c3c6d054b27ac5b77e89eafb971d,70459,0x7f46b26e2c579b4a9e014c249d942366326f25e9,106.446809,212.893618,214.354212,2,2,1785992263
2026-08-06,0x6cdcb1c4a4d1c3c6d054b27ac5b77e89eafb971d,72238,0x5700fc8a6079a6a9f92642078b92924f8a0c64e6,972.715738,1945.431476,1955.023542,2,2,1786057637
2026-08-06,0x6cdcb1c4a4d1c3c6d054b27ac5b77e89eafb971d,72813,0x797ed8b866979bad890864d30b48a3426787b80b,350.5401,350.5401,353.158005,1,1,1786115707
2026-08-06,0x6cdcb1c4a4d1c3c6d054b27ac5b77e89eafb971d,72927,0xdf841026280a5c6300cc6530202fed170b534d26,0.0,0.0,2813.86269,0,2,1786004455
2026-08-06,0x6cdcb1c4a4d1c3c6d054b27ac5b77e89eafb971d,73550,0x5177b92f40675ebc6bb87705ef28717de943d5ab,0.0,0.0,133.673184,0,2,1786047505
2026-08-06,0x6cdcb1c4a4d1c3c6d054b27ac5b77e89eafb971d,77874,0x3553f3833d11af8e7e877ed0a0699d05d15a19eb,2625.723135,2625.723135,2678.015545,1,1,1786124619
2026-08-06,0x6cdcb1c4a4d1c3c6d054b27ac5b77e89eafb971d,81898,0x8655df35818f348ea4e371a613e73677d816f589,20.080484,40.160968,40.160968,2,2,1786040615
2026-08-06,0x6cdcb1c4a4d1c3c6d054b27ac5b77e89eafb971d,82086,0x5700fc8a6079a6a9f92642078b92924f8a0c64e6,7299.667537,14599.335074,14668.41601,2,2,1786057643
2026-08-06,0x6cdcb1c4a4d1c3c6d054b27ac5b77e89eafb971d,83523,0xefba0f56eef05f6a7d614ce519d2e284b46d3583,0.0,0.0,67658.273248,0,2,1785999955
2026-08-06,0x6cdcb1c4a4d1c3c6d054b27ac5b77e89eafb971d,83651,0x5700fc8a6079a6a9f92642078b92924f8a0c64e6,3607.170758,7214.341516,7214.341516,2,2,1786057649
2026-08-06,0x6cdcb1c4a4d1c3c6d054b27ac5b77e89eafb971d,86234,0x85691be0c592532940be6e06a1c3150f0afd6b2c,461.006549,922.013098,977.257186,2,2,1786041561
2026-08-06,0x6cdcb1c4a4d1c3c6d054b27ac5b77e89eafb971d,86333,0x35821250c426761578a075fa32d3ceb18a12ae53,0.0,0.0,7.827822,0,2,1786077185
2026-08-06,0x6cdcb1c4a4d1c3c6d054b27ac5b77e89eafb971d,86364,0x01fc87b0bbce9e591f4a0c49457b75cd9d1f56f0,81.7983,163.5966,163.5966,2,2,1786002209
2026-08-06,0x6cdcb1c4a4d1c3c6d054b27ac5b77e89eafb971d,86751,0xd678aa4909b73dc264f66edee1e22075e055bb3c,267.811987,535.623974,537.109358,2,2,1786025625
2026-08-06,0x6cdcb1c4a4d1c3c6d054b27ac5b77e89eafb971d,87034,0x80f6936b7d61b3965b1400cab08b73b703b15046,0.052253,0.104506,0.105074,2,2,1785993387
2026-08-06,0x6cdcb1c4a4d1c3c6d054b27ac5b77e89eafb971d,88530,0xba64444d6d16d3661644464140d2dec3708ad332,5101.940543,10203.881086,10203.881086,2,2,1786038299
2026-08-06,0x6cdcb1c4a4d1c3c6d054b27ac5b77e89eafb971d,90566,0xbe6bbf7b3f6d8e4ffbe73a4ec1dc56955b000505,78.348591,156.697182,156.697182,2,2,1786001307
2026-08-06,0x6cdcb1c4a4d1c3c6d054b27ac5b77e89eafb971d,90823,0xba64444d6d16d3661644464140d2dec3708ad332,1176.759222,2353.518444,2402.720028,2,2,1786038311
2026-08-06,0x6cdcb1c4a4d1c3c6d054b27ac5b77e89eafb971d,95387,0x3ad2cd5d3760d745fa55a86aeed3f34161ade78f,11735.997533,23471.995066,23525.992802,2,2,1785978133
2026-08-06,0x6cdcb1c4a4d1c3c6d054b27ac5b77e89eafb971d,97914,0xcf909f89054c6f7879946d2cf435d09cddbfb79c,5353.336944,10706.673888,10716.072664,2,2,1786040709
2026-08-06,0x6cdcb1c4a4d1c3c6d054b27ac5b77e89eafb971d,110417,0x88b9527893c18494d880e6aea6552e47bd1a1514,0.0,0.0,428.428238,0,2,1785978115
2026-08-06,0x6cdcb1c4a4d1c3c6d054b27ac5b77e89eafb971d,111484,0xbbe816faf418da14515258b384d655e9ebfd6b00,2136.388657,4272.777314,4292.789246,2,2,1786000455
2026-08-06,0x6cdcb1c4a4d1c3c6d054b27ac5b77e89eafb971d,111521,0x45cec102715d0a856ef9f67e3d10718ef55be2ad,163.801237,327.602474,140.729648,2,2,1786051365
2026-08-06,0x6cdcb1c4a4d1c3c6d054b27ac5b77e89eafb971d,112464,0x89a99e361a1628c161f7ccfb843e0cb8ab5b3f07,67.898759,135.797518,135.797518,2,2,1785978141
2026-08-06,0x6cdcb1c4a4d1c3c6d054b27ac5b77e89eafb971d,113131,0xbbe816faf418da14515258b384d655e9ebfd6b00,3569.834846,7139.669692,7173.11071,2,2,1786000509
2026-08-06,0x6cdcb1c4a4d1c3c6d054b27ac5b77e89eafb971d,113145,0xc44e237bd8d7949a904cd62b785034c09a15e27e,0.0,0.0,47123.18031,0,2,1786035721
2026-08-06,0x6cdcb1c4a4d1c3c6d054b27ac5b77e89eafb971d,113286,0xc44e237bd8d7949a904cd62b785034c09a15e27e,0.0,0.0,52487.84136,0,2,1786035731
2026-08-06,0x6cdcb1c4a4d1c3c6d054b27ac5b77e89eafb971d,113431,0xc44e237bd8d7949a904cd62b785034c09a15e27e,0.0,0.0,5643.985118,0,2,1786035739
2026-08-06,0x6cdcb1c4a4d1c3c6d054b27ac5b77e89eafb971d,113532,0xbbe816faf418da14515258b384d655e9ebfd6b00,1087.108065,2174.21613,2184.39884,2,2,1786000419
2026-08-06,0x6cdcb1c4a4d1c3c6d054b27ac5b77e89eafb971d,114006,0xc44e237bd8d7949a904cd62b785034c09a15e27e,0.0,0.0,44948.952732,0,2,1786035747
2026-08-06,0x6cdcb1c4a4d1c3c6d054b27ac5b77e89eafb971d,114475,0xfb7d11934d462f4f68742ff9808ade8293c48f71,97.339255,97.339255,142.529086,1,1,1786115079
2026-08-06,0x6cdcb1c4a4d1c3c6d054b27ac5b77e89eafb971d,114681,0x6b3d390a6f94ce536678f7b2491b7d6a66ed285c,1200.0,2400.0,2400.0,2,2,1786046837
2026-08-06,0x6cdcb1c4a4d1c3c6d054b27ac5b77e89eafb971d,114703,0x051f91148cb724ebd246b487cd4749c1cfe1695e,350.0,700.0,700.0,2,2,1786047319
2026-08-06,0x6cdcb1c4a4d1c3c6d054b27ac5b77e89eafb971d,114708,0x565f2762f56ca6669e553613c0258e6d7f2b814a,340.0,680.0,680.0,2,2,1786046421
2026-08-06,0x6cdcb1c4a4d1c3c6d054b27ac5b77e89eafb971d,114711,0x7a6964471713d7a655ed61f073505ae5e2c2bd37,200.0,400.0,400.0,2,2,1786046929
2026-08-06,0x6cdcb1c4a4d1c3c6d054b27ac5b77e89eafb971d,114712,0x2db04115fb1b15cb24cba09978b3701cdf1d89ef,330.0,660.0,660.0,2,2,1786047245
2026-08-06,0x6cdcb1c4a4d1c3c6d054b27ac5b77e89eafb971d,114719,0xf759707bde16e61521bea2f6fe020f7213e2609a,1575.0,3150.0,3150.0,2,2,1786046475
2026-08-06,0x6cdcb1c4a4d1c3c6d054b27ac5b77e89eafb971d,114739,0x7edd968d83b7225271d5d637fb5909e10478e1a0,295.747682,591.495364,591.495364,2,2,1786046791
2026-08-06,0x6cdcb1c4a4d1c3c6d054b27ac5b77e89eafb971d,114744,0x67b849722b7e2467d7ce947e08b6ab3d6792691a,440.361623,880.723246,880.723246,2,2,1786047541
2026-08-06,0x6cdcb1c4a4d1c3c6d054b27ac5b77e89eafb971d,114764,0xd36fa864824795c74e4bb1f85819009a6b998d46,274.0,548.0,548.0,2,2,1786046545
2026-08-06,0x6cdcb1c4a4d1c3c6d054b27ac5b77e89eafb971d,114765,0xa871c6238d5b8c5fae84017719ec92825f6681b6,440.0,880.0,880.0,2,2,1786046607
2026-08-06,0x6cdcb1c4a4d1c3c6d054b27ac5b77e89eafb971d,114770,0x9cb63feb5160eb23e922ca85ef6412887e7a9c9f,370.0,740.0,740.0,2,2,1786046645
2026-08-06,0x6cdcb1c4a4d1c3c6d054b27ac5b77e89eafb971d,114771,0x222506e81628675b83db1269cc488ba90efec84b,427.0,854.0,854.0,2,2,1786046735
2026-08-06,0x6cdcb1c4a4d1c3c6d054b27ac5b77e89eafb971d,114773,0x76c530a7a2e55551c5da4a8c99fa7f34db137d54,342.0,684.0,684.0,2,2,1786047663
2026-08-06,0x6cdcb1c4a4d1c3c6d054b27ac5b77e89eafb971d,114775,0x2cfb6c245e005bc39ffc9180e75d24388e80578f,400.0,800.0,800.0,2,2,1786047763
2026-08-06,0x6cdcb1c4a4d1c3c6d054b27ac5b77e89eafb971d,114776,0x5a3f1816dc8955e7da560a6cf6a548deba4737ec,403.199968,806.399936,808.261794,2,2,1786046985
2026-08-06,0x6cdcb1c4a4d1c3c6d054b27ac5b77e89eafb971d,114800,0x1e8d4ede8391f4cfdad83eb1375e57a53909c327,340.0,680.0,680.0,2,2,1786047719
2026-08-06,0x6cdcb1c4a4d1c3c6d054b27ac5b77e89eafb971d,115466,0xc44e237bd8d7949a904cd62b785034c09a15e27e,0.0,0.0,19234.004324,0,2,1786035763
2026-08-06,0x6cdcb1c4a4d1c3c6d054b27ac5b77e89eafb971d,115562,0x11311df6858478052b74e6aa7f8a2a9cbeab982b,1357.998761,2715.997522,2715.997522,2,2,1786040789
2026-08-06,0x6cdcb1c4a4d1c3c6d054b27ac5b77e89eafb971d,115890,0x50412a3f77b25de733f6cf87f8757c67f0af2951,322.0,644.0,644.0,2,2,1786047389
2026-08-06,0x6cdcb1c4a4d1c3c6d054b27ac5b77e89eafb971d,116149,0xee7d8d93b8195213b15e332558a95340a81b85aa,938.303468,1876.606936,1884.45514,2,2,1786004121
2026-08-06,0x6cdcb1c4a4d1c3c6d054b27ac5b77e89eafb971d,116333,0xc44e237bd8d7949a904cd62b785034c09a15e27e,0.0,0.0,29752.098562,0,2,1786035755
2026-08-06,0x6cdcb1c4a4d1c3c6d054b27ac5b77e89eafb971d,116559,0xc44e237bd8d7949a904cd62b785034c09a15e27e,0.0,0.0,27755.082622,0,2,1786035771
2026-08-06,0x6cdcb1c4a4d1c3c6d054b27ac5b77e89eafb971d,116599,0xee7d8d93b8195213b15e332558a95340a81b85aa,884.879049,1769.758098,1777.382912,2,2,1786004127
2026-08-06,0x6cdcb1c4a4d1c3c6d054b27ac5b77e89eafb971d,116917,0xf32876d8fc9e3ca40cdde1f19136977e5bc32777,593.004363,1186.008726,1225.439634,2,2,1786000081
2026-08-06,0x6cdcb1c4a4d1c3c6d054b27ac5b77e89eafb971d,117324,0xee7d8d93b8195213b15e332558a95340a81b85aa,21.043175,42.08635,52.115866,2,2,1786004133
2026-08-06,0x6cdcb1c4a4d1c3c6d054b27ac5b77e89eafb971d,117633,0xc44e237bd8d7949a904cd62b785034c09a15e27e,0.0,0.0,5623.818834,0,2,1786035781
2026-08-06,0x6cdcb1c4a4d1c3c6d054b27ac5b77e89eafb971d,117634,0x170ddec929b8dfdfadbaba9bf994d9f3f7343cf1,12900.521189,25801.042378,22817.890398,2,2,1786020309
2026-08-06,0x6cdcb1c4a4d1c3c6d054b27ac5b77e89eafb971d,118038,0x6650c70d3f0e236763ecdb39162eaf359391cd4a,0.0,0.0,4812.201192,0,2,1786031973
2026-08-06,0x6cdcb1c4a4d1c3c6d054b27ac5b77e89eafb971d,119133,0x2ec3ae4f5f3c8155a9c13dce82bef09361a0cb16,9.586626,19.173252,19.26323,2,2,1786015347
2026-08-06,0x6cdcb1c4a4d1c3c6d054b27ac5b77e89eafb971d,119683,0x8655df35818f348ea4e371a613e73677d816f589,197.030212,394.060424,395.898896,2,2,1786040587
2026-08-06,0x6cdcb1c4a4d1c3c6d054b27ac5b77e89eafb971d,119688,0x8655df35818f348ea4e371a613e73677d816f589,20.078201,40.156402,40.343786,2,2,1786040653
2026-08-06,0x6cdcb1c4a4d1c3c6d054b27ac5b77e89eafb971d,120157,0xd1eab8563c9cd3d63fa26e9b9a33440bb5ac9880,13.943217,27.886434,29.201846,2,2,1785991151
2026-08-06,0x6cdcb1c4a4d1c3c6d054b27ac5b77e89eafb971d,120327,0x2cd666e0cff16aed948157617bbbefaf8a9db134,2.724887,5.449774,5.474894,2,2,1786016861
2026-08-06,0x6cdcb1c4a4d1c3c6d054b27ac5b77e89eafb971d,120954,0xce903d22320de1106e8df47a80b4dbf64bb03acd,298.118246,596.236492,0.0,2,0,1786066099
2026-08-06,0x6cdcb1c4a4d1c3c6d054b27ac5b77e89eafb971d,121162,0x69822c8588f9e37cb55b13a2fe92902fe37439c0,43.280036,86.560072,86.936576,2,2,1786005907
2026-08-06,0x6cdcb1c4a4d1c3c6d054b27ac5b77e89eafb971d,122634,0xdf1583bcba9f755b8fa0aaae5c50ebe6259eaa71,323.831056,647.662112,650.61898,2,2,1785980241
2026-08-06,0x6cdcb1c4a4d1c3c6d054b27ac5b77e89eafb971d,122789,0x6ba8a12d48d7a6586472e5668f3a724ac40b112c,49.729702,99.459404,99.673264,2,2,1786029477
2026-08-06,0x6cdcb1c4a4d1c3c6d054b27ac5b77e89eafb971d,122885,0x1183696528010b1819114c32584f19bea24ab86c,134.332476,268.664952,323.677892,2,2,1786020821
2026-08-06,0x6cdcb1c4a4d1c3c6d054b27ac5b77e89eafb971d,122998,0xfeaf882c0fb6bdd3e88289a61f3e7b3595672de9,0.0,0.0,4.836892,0,2,1786002187
2026-08-06,0x6cdcb1c4a4d1c3c6d054b27ac5b77e89eafb971d,123079,0x6ba8a12d48d7a6586472e5668f3a724ac40b112c,80.431235,160.86247,161.59956,2,2,1786029419
2026-08-06,0x6cdcb1c4a4d1c3c6d054b27ac5b77e89eafb971d,123181,0xea67bb3d3f3133c91dd100859a3c307d8053b4cc,0.238033,0.476066,0.0,2,0,1785983231
2026-08-06,0x6cdcb1c4a4d1c3c6d054b27ac5b77e89eafb971d,126985,0xcfef5700171d78cde577e6eff25b84e0e09dac20,1.898084,1.898084,8.306324,1,1,1786128403
2026-08-06,0x6cdcb1c4a4d1c3c6d054b27ac5b77e89eafb971d,130401,0x0863cf5e4726902228d758f185327c654441724b,0.260745,0.52149,0.0,2,0,1786074955
2026-08-06,0x6fb655476fdcfb9712dd200308d941a1c6d1119e,16638,0x1113b0a136918c3d9751959da62ce934e45f32c2,15.158567,30.317134,101.378404,2,2,1786007829
2026-08-06,0x6fb655476fdcfb9712dd200308d941a1c6d1119e,82275,0x3d54dbee5c5d0215246199e177f629e607ceb7d5,0.0,0.0,0.0,2,2,1786018335
2026-08-06,0x6fb655476fdcfb9712dd200308d941a1c6d1119e,82276,0x05e63625a5003ba39dbd0e12d443c89b1eb48027,0.0,0.0,0.0,2,2,1786018337
2026-08-06,0x6fb655476fdcfb9712dd200308d941a1c6d1119e,82277,0x24e56740d621aa314e2f352e26a47734c3572ee3,0.0,0.0,0.0,2,2,1786018405
2026-08-06,0x6fb655476fdcfb9712dd200308d941a1c6d1119e,82278,0xbc5388ad815b08715122a6703be6a1091eb2a24d,0.0,0.0,0.0,2,2,1786018387
2026-08-06,0x6fb655476fdcfb9712dd200308d941a1c6d1119e,82279,0x97473c122eedb5de9dbca7c8e353219743974d47,0.0,0.0,0.0,2,2,1786018389
2026-08-06,0x6fb655476fdcfb9712dd200308d941a1c6d1119e,82280,0x270df65fa22c116ea3f63ea2c5ac927faf82f687,0.0,0.0,0.0,2,2,1786018951
2026-08-06,0x6fb655476fdcfb9712dd200308d941a1c6d1119e,82281,0x9a589729132a053e6bed0fbfe97a75cc7094fd07,0.0,0.0,0.0,2,2,1786018945
2026-08-06,0x6fb655476fdcfb9712dd200308d941a1c6d1119e,82282,0xc2dc738b00529978e5fb7e485b6be595d50b6aa8,0.0,0.0,0.0,2,2,1786018947
2026-08-06,0x6fb655476fdcfb9712dd200308d941a1c6d1119e,82283,0xed29e9ebba490d0406766812315906fc15200ef1,0.0,0.0,0.0,2,2,1786018949
2026-08-06,0x6fb655476fdcfb9712dd200308d941a1c6d1119e,82284,0x274c7d9bda3ab86c2e968733974b88fff45b8efc,0.0,0.0,0.0,2,2,1786018949
2026-08-06,0x6fb655476fdcfb9712dd200308d941a1c6d1119e,82285,0x485766d0ef040c702da66878fa7432b92721f4ab,0.0,0.0,0.0,2,2,1786019503
2026-08-06,0x6fb655476fdcfb9712dd200308d941a1c6d1119e,82286,0x3a64825e45f50a6553d8759346acb5b20be6b0e9,0.0,0.0,0.0,2,2,1786019653
2026-08-06,0x6fb655476fdcfb9712dd200308d941a1c6d1119e,82287,0xd152224d5fbbb832fc865451ffb8c751d5e51810,0.0,0.0,0.0,2,2,1786019607
2026-08-06,0x6fb655476fdcfb9712dd200308d941a1c6d1119e,82288,0x5bbfc6a864d4c893ba02f2921f403806ece9aff2,0.0,0.0,0.0,2,2,1786019609
2026-08-06,0x6fb655476fdcfb9712dd200308d941a1c6d1119e,82289,0x29f670ab391e2c46892bdcadb6909405e193a645,0.0,0.0,0.0,2,2,1786019611
2026-08-06,0x6fb655476fdcfb9712dd200308d941a1c6d1119e,82292,0x525ea0f45d64eccec63c592abb12a01c9a476517,0.0,0.0,0.0,2,2,1786020443
2026-08-06,0x6fb655476fdcfb9712dd200308d941a1c6d1119e,82293,0xd14d9b93fea781837d352819682b8bdbfd6318a5,0.0,0.0,0.0,2,2,1786020445
2026-08-06,0x6fb655476fdcfb9712dd200308d941a1c6d1119e,82294,0xb2870eb0beecba8f762e0158b992e0a9e1d6c276,0.0,0.0,0.0,2,2,1786020447
2026-08-06,0x6fb655476fdcfb9712dd200308d941a1c6d1119e,82295,0xa31576cb85e9db9de1bb2f2a96ad500d74a4f299,0.0,0.0,0.0,2,2,1786020451
2026-08-06,0x6fb655476fdcfb9712dd200308d941a1c6d1119e,82296,0xce971aa0da23034bdbaa96fcb223e0446cbc62d2,0.0,0.0,0.0,2,2,1786020453
2026-08-06,0x6fb655476fdcfb9712dd200308d941a1c6d1119e,82297,0x8185bf453afe0374ec61d6772e595dab6a00b251,0.0,0.0,0.0,2,2,1786020925
2026-08-06,0x6fb655476fdcfb9712dd200308d941a1c6d1119e,82298,0x3df3ce7ce8be11b4a17f5d7bdb0305114e5b1f82,0.0,0.0,0.0,2,2,1786020927
2026-08-06,0x6fb655476fdcfb9712dd200308d941a1c6d1119e,82299,0x71fb01bb76fd237ed87c263e7c2acec75d742523,0.0,0.0,0.0,2,2,1786020929
2026-08-06,0x6fb655476fdcfb9712dd200308d941a1c6d1119e,82300,0x9acd1a8b15b78dca6b80dad92027223ce4af9b33,0.0,0.0,0.0,2,2,1786020931
2026-08-06,0x6fb655476fdcfb9712dd200308d941a1c6d1119e,82301,0x3fb15dc0b49262e537475282835430bf7767a682,0.0,0.0,0.0,2,2,1786020933
2026-08-06,0x6fb655476fdcfb9712dd200308d941a1c6d1119e,119181,0x9d3976c25f4defe584ed80bae5a7cef59ba07aa5,0.0,0.0,1.43105,0,1,1786104229
2026-08-06,0x6fb655476fdcfb9712dd200308d941a1c6d1119e,119252,0xe74647e67e2407db6a01f276fc9c81797f646248,7.623531,15.247062,27.6637,2,2,1786038045
2026-08-06,0x6fb655476fdcfb9712dd200308d941a1c6d1119e,119614,0xeae2338ffb3e37e1a905dce350e4162d0c4f6e17,20.190407,40.380814,12.43305,2,2,1786046333
2026-08-06,0x6fb655476fdcfb9712dd200308d941a1c6d1119e,120085,0x94d850193221b3e9f7557480383698233e1d3f72,0.0,0.0,1.251776,0,2,1785982731
2026-08-06,0x6fb655476fdcfb9712dd200308d941a1c6d1119e,120135,0xc20932ea50d4e0a9d192e472cd5541f8a56f98dc,0.0,0.0,1.62361,0,2,1786052051
2026-08-06,0x70acdf2ad0bf2402c957154f944c19ef4e1cbae1,524,0x76da9f88e63a85ba8bfa19f3821d5a271753d3dc,21966.661652,43933.323304,43933.323304,2,2,1786067133
2026-08-06,0x70acdf2ad0bf2402c957154f944c19ef4e1cbae1,525,0x1f92b5affd12981ef0fa7ba22a802379fd36929e,26837.186755,53674.37351,53674.37351,2,2,1786025483
2026-08-06,0x70acdf2ad0bf2402c957154f944c19ef4e1cbae1,850,0xb7d49adb031d6dbdf3e8e28f21c6dd3b6f231cd5,0.0,0.0,9139.024786,0,1,1786133705
2026-08-06,0x70acdf2ad0bf2402c957154f944c19ef4e1cbae1,2448,0xbad58e133138549936d2576ebc33251be841d3e9,0.0,0.0,3949.619512,0,2,1786092443
2026-08-06,0x70acdf2ad0bf2402c957154f944c19ef4e1cbae1,2565,0xba77e0b03b41a980bb4e7bb32ec7a2dfe1b66f8f,0.0,0.0,7432.28032,0,2,1786024383
2026-08-06,0x70acdf2ad0bf2402c957154f944c19ef4e1cbae1,3328,0x7eab3561033c3200e294a65f1c2bff5c098a39f0,0.0,0.0,2139.624531,0,1,1786124659
2026-08-06,0x70acdf2ad0bf2402c957154f944c19ef4e1cbae1,3635,0xb3b1cf4a37a5ad7a3cea9d5b652ab106c9576b8a,130.47475,130.47475,325.889376,1,1,1786111377
2026-08-06,0x70acdf2ad0bf2402c957154f944c19ef4e1cbae1,6043,0xf489741242f62a0d1a13507ab2c9c4473cc59b83,0.0,0.0,5009.709242,0,2,1786052679
2026-08-06,0x70acdf2ad0bf2402c957154f944c19ef4e1cbae1,10298,0x488c8e0213051dc78155048e947257742d928bdf,8855980.723458,749168039.855743,749075105.705326,85,85,1786163735
2026-08-06,0x70acdf2ad0bf2402c957154f944c19ef4e1cbae1,14163,0x872d663298a2f3f726da80e43df2d7d2cdfb340a,0.0,0.0,2217.373158,0,1,1786104847
2026-08-06,0x70acdf2ad0bf2402c957154f944c19ef4e1cbae1,18747,0xebbc68a5e60bf4a766b0d08c7c8e34129f77ad58,64.399946,128.799892,130.375498,2,2,1785980057
2026-08-06,0x70acdf2ad0bf2402c957154f944c19ef4e1cbae1,21709,0xab6a463c016724d76b4ebad6e4fd16711104bb86,1.979235,3.95847,3.95847,2,2,1785997865
2026-08-06,0x70acdf2ad0bf2402c957154f944c19ef4e1cbae1,31005,0x1f92b5affd12981ef0fa7ba22a802379fd36929e,1197.014934,2394.029868,2394.029868,2,2,1786025487
2026-08-06,0x70acdf2ad0bf2402c957154f944c19ef4e1cbae1,63256,0xf79332cd95f5b76c0cac8f99cd7bf1aef8edbcf2,1540.017751,3080.035502,3101.726782,2,2,1785994671
2026-08-06,0x70acdf2ad0bf2402c957154f944c19ef4e1cbae1,64319,0xa8962543b4aa0a467dee35b34c446d6b74626a96,273.919081,547.838162,551.42455,2,2,1786046297
2026-08-06,0x70acdf2ad0bf2402c957154f944c19ef4e1cbae1,72733,0x691915362ae4c606346843f0a7d91b53d61d03c6,3883.529424,7767.058848,7763.505894,2,2,1786031489
2026-08-06,0x70acdf2ad0bf2402c957154f944c19ef4e1cbae1,73395,0x3b80abf839f60c1ca6e9fa934243531b034f228e,0.606237,1.212474,1.212474,2,2,1785997957
2026-08-06,0x70acdf2ad0bf2402c957154f944c19ef4e1cbae1,73507,0xe27eb49d2a857783e77b7d57e79dd561de30a60e,812.897082,1625.794164,1639.421682,2,2,1786073255
2026-08-06,0x70acdf2ad0bf2402c957154f944c19ef4e1cbae1,73566,0x9ba6df247efca09d9546a1a1ed467b25f3793e1c,227824.132541,455648.265082,455648.265082,2,2,1786003209
2026-08-06,0x70acdf2ad0bf2402c957154f944c19ef4e1cbae1,74434,0x463c471a570b459fa288a66d4f4447359c1e9437,57633.644768,115267.289536,115214.561798,2,2,1786011725
2026-08-06,0x70acdf2ad0bf2402c957154f944c19ef4e1cbae1,75980,0xcef28ce7884ae973990fb826c1986afaa9319b9a,75.737922,151.475844,151.475844,2,2,1785998109
2026-08-06,0x70acdf2ad0bf2402c957154f944c19ef4e1cbae1,79364,0x037a109873d2f7c8ec094006fd32e983d1cc22ea,663.22938,663.22938,663.22938,1,1,1786138549
2026-08-06,0x70acdf2ad0bf2402c957154f944c19ef4e1cbae1,81304,0xd54b5f45bc21afba25b7b731983c0d0c53b90d67,790.92921,1581.85842,1581.134818,2,2,1785980171
2026-08-06,0x70acdf2ad0bf2402c957154f944c19ef4e1cbae1,84192,0x4b0fdeaef499dd9da0c46a5c39f1e6710944576e,50.063217,100.126434,101.349694,2,2,1786036137
2026-08-06,0x70acdf2ad0bf2402c957154f944c19ef4e1cbae1,84674,0xc88b43ef9f38c6cd587c01ea151c18ea3a58ba08,1917.608662,3835.217324,3833.462946,2,2,1786033413
2026-08-06,0x70acdf2ad0bf2402c957154f944c19ef4e1cbae1,85439,0x0f05b519f086ece9a8faa6aafdf841f1bce9c8e2,65.498591,65.498591,65.498591,1,1,1786143867
2026-08-06,0x70acdf2ad0bf2402c957154f944c19ef4e1cbae1,86234,0x85691be0c592532940be6e06a1c3150f0afd6b2c,447.447533,894.895066,948.514328,2,2,1786041561
2026-08-06,0x70acdf2ad0bf2402c957154f944c19ef4e1cbae1,86364,0x01fc87b0bbce9e591f4a0c49457b75cd9d1f56f0,81.7983,163.5966,163.5966,2,2,1786002209
2026-08-06,0x70acdf2ad0bf2402c957154f944c19ef4e1cbae1,95383,0xfac892e1e6fd82600f79196ce397105bc3b356b2,8012.074989,16024.149978,15874.390196,2,2,1786106287
2026-08-06,0x70acdf2ad0bf2402c957154f944c19ef4e1cbae1,97852,0xfac892e1e6fd82600f79196ce397105bc3b356b2,428.01488,428.01488,427.624422,1,1,1786106335
2026-08-06,0x70acdf2ad0bf2402c957154f944c19ef4e1cbae1,109815,0x021af285f94c4e044d56ee839bebf6bf12d49ecc,0.0,0.0,96.313514,0,2,1786020673
2026-08-06,0x70acdf2ad0bf2402c957154f944c19ef4e1cbae1,111443,0x021af285f94c4e044d56ee839bebf6bf12d49ecc,0.0,0.0,71.04403,0,2,1786021053
2026-08-06,0x70acdf2ad0bf2402c957154f944c19ef4e1cbae1,114168,0xc88b43ef9f38c6cd587c01ea151c18ea3a58ba08,3133.258059,6266.516118,6235.662378,2,2,1786033423
2026-08-06,0x717e174d5dae280802d1a2c15c1c0976561a3f61,11129,0xdf204a863183d795793a94788fedf5a839061762,393558.191037,1571817.581478,1569403.446242,4,4,1786074461
2026-08-06,0x717e174d5dae280802d1a2c15c1c0976561a3f61,117193,0x3558f8c22dbd4785c9a0d9af9a3a79c34d138f61,4936.973983,9873.947966,9978.27399,2,2,1785990295
2026-08-06,0x717e174d5dae280802d1a2c15c1c0976561a3f61,122592,0xdc52a0b3a02a561c1c6ba44fa263d315a3f36e29,0.571014,1.142028,0.895882,2,2,1786027227
2026-08-06,0x717e174d5dae280802d1a2c15c1c0976561a3f61,123342,0x0db14dc82cbb0ce820f65c9796e0bc9e19ef08bf,0.0,0.0,166.99977,0,2,1785979477
2026-08-06,0x717e174d5dae280802d1a2c15c1c0976561a3f61,130178,0x1334752203935d80bca8a89a378bbe36b88961af,0.510185,1.02037,0.161112,2,2,1786018475
2026-08-06,0x717e174d5dae280802d1a2c15c1c0976561a3f61,130187,0x1334752203935d80bca8a89a378bbe36b88961af,0.818068,1.636136,0.96375,2,2,1786018563
2026-08-06,0x71fe33676773df7cf9ce14f640cae06823f083cc,10298,0x488c8e0213051dc78155048e947257742d928bdf,1610178.313356,136212370.882863,136195473.764605,85,85,1786163735
2026-08-06,0x71fe33676773df7cf9ce14f640cae06823f083cc,84674,0xc88b43ef9f38c6cd587c01ea151c18ea3a58ba08,1917.608662,3835.217324,3833.462946,2,2,1786033413
2026-08-06,0x72be417afb0abea66913141c605d313bb389b59c,63988,0x5a5709b511a0b0a5fa5ddb4dd2f26ff4d62bf5c3,198.751625,397.50325,397.321416,2,2,1785984685
2026-08-06,0x7313b413727ed86b01cce08c2e2f9e0a8462f5c0,5062,0xe8d8b73ccc85ded891ad41893ebbb0d684350e04,0.0,0.0,504.663908,0,2,1786028295
2026-08-06,0x7313b413727ed86b01cce08c2e2f9e0a8462f5c0,113818,0x4f07090fd2f691be6ab52b0f0bc003e700975c46,0.0,0.0,26.690312,0,2,1786028883
2026-08-06,0x7313b413727ed86b01cce08c2e2f9e0a8462f5c0,114874,0xcc19a6047066f683d54f20fae130451c7a5db111,24152.313297,48304.626594,0.0,2,0,1786053513
2026-08-06,0x7313b413727ed86b01cce08c2e2f9e0a8462f5c0,115501,0xcc19a6047066f683d54f20fae130451c7a5db111,3406.753089,6813.506178,0.0,2,0,1786053447
2026-08-06,0x7313b413727ed86b01cce08c2e2f9e0a8462f5c0,119058,0xcc19a6047066f683d54f20fae130451c7a5db111,19.708807,39.417614,0.0,2,0,1786053593
2026-08-06,0x7313b413727ed86b01cce08c2e2f9e0a8462f5c0,130332,0x1334752203935d80bca8a89a378bbe36b88961af,1.98393,3.96786,3.972134,2,2,1786037543
2026-08-06,0x7313b413727ed86b01cce08c2e2f9e0a8462f5c0,130407,0x82da9ac15d02e58287acb820d78385e3b65647d0,17.905047,35.810094,0.0,2,0,1786021397
2026-08-06,0x7432aab631b801a10bef7d70c1507a32755595fa,73395,0x3b80abf839f60c1ca6e9fa934243531b034f228e,1.515592,3.031184,3.031184,2,2,1785997957
2026-08-06,0x74e4c08bb50619b70550733d32b7e60424e9628e,8942,0x72d320a6f03249bd60fb3f1a0ca95daecbd9ca61,70.201582,140.403164,0.0,2,0,1786013075
2026-08-06,0x74f72788f4814d7ff3c49b44684aa98eee140c0e,10298,0x488c8e0213051dc78155048e947257742d928bdf,5434351.807577,459716751.72966,459659723.955541,85,85,1786163735
2026-08-06,0x74f72788f4814d7ff3c49b44684aa98eee140c0e,67282,0x723d93df6881fba4a8ebeb1368132c4b210d6723,4.838541,4.838541,4.861297,1,1,1786108213
2026-08-06,0x74f72788f4814d7ff3c49b44684aa98eee140c0e,117477,0x723d93df6881fba4a8ebeb1368132c4b210d6723,22.955952,22.955952,23.027501,1,1,1786108153
2026-08-06,0x7501bc8bb51616f79bfa524e464fb7b41f0b10fb,10298,0x488c8e0213051dc78155048e947257742d928bdf,5333715.662992,451203478.549482,451147506.845253,85,85,1786163735
2026-08-06,0x7501bc8bb51616f79bfa524e464fb7b41f0b10fb,110447,0x779d61e1cc3317adcb36ebf3ea3874a3fae2be63,13.614605,13.614605,13.614605,1,1,1786109339
2026-08-06,0x7501bc8bb51616f79bfa524e464fb7b41f0b10fb,112192,0x779d61e1cc3317adcb36ebf3ea3874a3fae2be63,1.177665,1.177665,1.213539,1,1,1786109351
2026-08-06,0x76f9aefa6abcbceb10cc149e071209366f64ce9d,90753,0x403daa08725aeddd41e26156f9bcebca806b800e,25430.616262,50861.232524,51337.898582,2,2,1786014131
2026-08-06,0x76f9aefa6abcbceb10cc149e071209366f64ce9d,93047,0xb8e8c39c27a490a39023833b4bb784f35fd9c7de,1.908008,1.908008,1.976706,1,1,1786156357
2026-08-06,0x76f9aefa6abcbceb10cc149e071209366f64ce9d,118620,0xb681c301ae7d6b6d4686fbc3bde80a713f03acd4,4.150853,8.301706,8.351572,2,2,1786088639
2026-08-06,0x76f9aefa6abcbceb10cc149e071209366f64ce9d,118944,0xd5d9041f30bb174c12245894448027d0478213d5,0.257819,0.257819,0.488929,1,1,1786107577
2026-08-06,0x76f9aefa6abcbceb10cc149e071209366f64ce9d,119252,0xe74647e67e2407db6a01f276fc9c81797f646248,0.393887,0.787774,1.429306,2,2,1786038045
2026-08-06,0x7818b53f423457151407103321d8f961773815d1,62254,0x4e8f3e3a98d268e235067b20128af818164d5572,0.0,0.0,62.3345,0,2,1786041633
2026-08-06,0x7a9b4ccc4f80506259c301bb07cf9a97b4d8805e,113417,0x1334752203935d80bca8a89a378bbe36b88961af,1807.790503,3615.581006,3615.581006,2,2,1786037301
2026-08-06,0x7ae311b9cb94635dd4de5f42220469f6f5501d54,123075,0x03eb05dd0d5d1d73131d198dbf6ddd51db4463a4,0.0,0.0,4.104516,0,2,1786057051
2026-08-06,0x7c7420dd105e2779316423ba3e973f434315efa9,620,0xc8f7b747eefc216964e567c14ec823d17d25c932,20339.344122,40678.688244,40660.08023,2,2,1786036227
2026-08-06,0x7c7420dd105e2779316423ba3e973f434315efa9,1140,0xe18c1c9ea74e32b3c05b6b45c08a03748807812c,2214.754189,4429.508378,4427.48215,2,2,1785978927
2026-08-06,0x7c7420dd105e2779316423ba3e973f434315efa9,1914,0x74e8e393d1fb46e11e44af4db7d1d44c7657790a,10692.866601,21385.733202,0.0,2,0,1786010703
2026-08-06,0x7c7420dd105e2779316423ba3e973f434315efa9,1974,0x74e8e393d1fb46e11e44af4db7d1d44c7657790a,5074.26945,10148.5389,0.0,2,0,1786010691
2026-08-06,0x7c7420dd105e2779316423ba3e973f434315efa9,2602,0x793cf10f2542ad8a98b5951f632bf8526bc2ac63,4041.361774,4041.361774,4041.361774,1,1,1786116667
2026-08-06,0x7c7420dd105e2779316423ba3e973f434315efa9,3260,0x510a4cbd16b65ddc32e3392b246eb19005332a80,1636.458435,3272.91687,3292.402478,2,2,1785996123
2026-08-06,0x7c7420dd105e2779316423ba3e973f434315efa9,3521,0x5ff292057942270078855655ff9f94ff5ca8ecae,0.0,0.0,5083.522874,0,2,1785993999
2026-08-06,0x7c7420dd105e2779316423ba3e973f434315efa9,3635,0xb3b1cf4a37a5ad7a3cea9d5b652ab106c9576b8a,652.373748,652.373748,521.481941,1,1,1786111377
2026-08-06,0x7c7420dd105e2779316423ba3e973f434315efa9,3952,0x8539391c2fbf930517e8cfb45cb4ac12b4ce5d52,362.04312,362.04312,182.979907,1,1,1786144841
2026-08-06,0x7c7420dd105e2779316423ba3e973f434315efa9,5645,0x5bbefaccc1a8e1ecb0d470f941668562eeb46ff0,0.0,0.0,7933.734434,0,2,1786072143
2026-08-06,0x7c7420dd105e2779316423ba3e973f434315efa9,5737,0x63c46e4784a2a172321c2c41cfa1545a92466292,302.672823,605.345646,0.0,2,0,1786023521
2026-08-06,0x7c7420dd105e2779316423ba3e973f434315efa9,6696,0x49c1cc75c47a1c289aa25cd189d95beb609a89f3,168.818986,337.637972,343.481992,2,2,1786102037
2026-08-06,0x7c7420dd105e2779316423ba3e973f434315efa9,6806,0x16c5d7862f5e42b578c5b86bdf1f3887fdc0f412,630.017557,630.017557,0.0,1,0,1786154647
2026-08-06,0x7c7420dd105e2779316423ba3e973f434315efa9,17927,0xb696d65ad33ea52c49cefbbdc300af9c9a0e6711,442.534258,885.068516,125.12298,2,2,1786071047
2026-08-06,0x7c7420dd105e2779316423ba3e973f434315efa9,19932,0x846a146645ed0c3ae9f4bd14f301d7b5722c0259,0.0,0.0,1424.776068,0,2,1786017857
2026-08-06,0x7c7420dd105e2779316423ba3e973f434315efa9,21250,0x846a146645ed0c3ae9f4bd14f301d7b5722c0259,0.0,0.0,919.412034,0,2,1786017881
2026-08-06,0x7c7420dd105e2779316423ba3e973f434315efa9,24752,0x0bf7d10ffdc557cb0348c66ec6c25173edf99aa8,6125.571206,12251.142412,0.0,2,0,1786100733
2026-08-06,0x7c7420dd105e2779316423ba3e973f434315efa9,32883,0x447760884c4cdb57beb876fdc7f68f1832dba6c6,1451.094218,1451.094218,0.0,1,0,1786103515
2026-08-06,0x7c7420dd105e2779316423ba3e973f434315efa9,61528,0xe18c1c9ea74e32b3c05b6b45c08a03748807812c,374.705528,749.411056,749.068248,2,2,1785978853
2026-08-06,0x7c7420dd105e2779316423ba3e973f434315efa9,64688,0x1b0132aa8db835738ee33f83d67d5a14c532b65d,3.404016,6.808032,0.0,2,0,1786077521
2026-08-06,0x7c7420dd105e2779316423ba3e973f434315efa9,67045,0xc060ed16fea9b8f3c5e69743723a02d16624c11b,6143.376788,6143.376788,0.0,1,0,1786109127
2026-08-06,0x7c7420dd105e2779316423ba3e973f434315efa9,67052,0x447760884c4cdb57beb876fdc7f68f1832dba6c6,1042.445101,1042.445101,0.0,1,0,1786103505
2026-08-06,0x7c7420dd105e2779316423ba3e973f434315efa9,68698,0xbe47d2d049ec32eaa86e9ce66880f70d0140c2cb,3656.742592,7313.485184,7334.586922,2,2,1786042801
2026-08-06,0x7c7420dd105e2779316423ba3e973f434315efa9,69673,0xa7dd433d758d2e0c1b4721c956777f3215d6b97c,59.406809,118.813618,118.759268,2,2,1786096453
2026-08-06,0x7c7420dd105e2779316423ba3e973f434315efa9,70217,0x3615bf2355625ec63bbba2eb99c3d8895d9ec754,2436.999245,4873.99849,4904.31988,2,2,1786029849
2026-08-06,0x7c7420dd105e2779316423ba3e973f434315efa9,72420,0x3615bf2355625ec63bbba2eb99c3d8895d9ec754,725.255395,1450.51079,1449.84727,2,2,1786029861
2026-08-06,0x7c7420dd105e2779316423ba3e973f434315efa9,75930,0x3615bf2355625ec63bbba2eb99c3d8895d9ec754,2384.286479,4768.572958,4798.236584,2,2,1786029821
2026-08-06,0x7c7420dd105e2779316423ba3e973f434315efa9,76209,0xf6cc51953d3f35dc62ef42a336f7bedb79cb35ec,3097.854967,6195.709934,0.0,2,0,1786003225
2026-08-06,0x7c7420dd105e2779316423ba3e973f434315efa9,76775,0x3615bf2355625ec63bbba2eb99c3d8895d9ec754,710.5663,1421.1326,1420.48252,2,2,1786029843
2026-08-06,0x7c7420dd105e2779316423ba3e973f434315efa9,76935,0xdeb16c01ae6c13d1277ce0efc1def6b5c3bdd6c7,545.036804,545.036804,0.0,1,0,1786153675
2026-08-06,0x7c7420dd105e2779316423ba3e973f434315efa9,78796,0x8555c5f95c85a43e7df1229e566ae33d1ff89978,721.275427,1442.550854,1160.321472,2,2,1785996679
2026-08-06,0x7c7420dd105e2779316423ba3e973f434315efa9,78907,0x447760884c4cdb57beb876fdc7f68f1832dba6c6,5108.841297,5108.841297,0.0,1,0,1786103511
2026-08-06,0x7c7420dd105e2779316423ba3e973f434315efa9,81282,0x8555c5f95c85a43e7df1229e566ae33d1ff89978,207.730158,415.460316,334.18747,2,2,1785996727
2026-08-06,0x7c7420dd105e2779316423ba3e973f434315efa9,86161,0x63c46e4784a2a172321c2c41cfa1545a92466292,54.28827,108.57654,0.0,2,0,1786023423
2026-08-06,0x7c7420dd105e2779316423ba3e973f434315efa9,88522,0x525918b76f79b9b01c6e3bc1526eff820e2f352e,664.930081,1329.860162,1337.25696,2,2,1786068241
2026-08-06,0x7c7420dd105e2779316423ba3e973f434315efa9,90764,0x5ff292057942270078855655ff9f94ff5ca8ecae,0.0,0.0,7207.177652,0,2,1785993983
2026-08-06,0x7c7420dd105e2779316423ba3e973f434315efa9,92672,0xf346d5d0e4b6b5dc6db2a3194e6c14774632a207,606.976619,1213.953238,1221.36802,2,2,1786027119
2026-08-06,0x7c7420dd105e2779316423ba3e973f434315efa9,109466,0x4c6f6489c13dc83c480184ff243d1171f3f2e17c,0.0,0.0,26481.050606,0,2,1786050577
2026-08-06,0x7c7420dd105e2779316423ba3e973f434315efa9,111036,0xce63db1ebc62dc7209f091a1787243c2e4f8f085,2500.909713,5001.819426,0.0,2,0,1785979413
2026-08-06,0x7c7420dd105e2779316423ba3e973f434315efa9,112724,0xe101754c39d66cd7e49676af11dd93fc68189dab,0.0,0.0,47863.782064,0,2,1785979079
2026-08-06,0x7c7420dd105e2779316423ba3e973f434315efa9,115476,0x1334752203935d80bca8a89a378bbe36b88961af,10836.643824,21673.287648,21673.287648,2,2,1786037479
2026-08-06,0x7c7420dd105e2779316423ba3e973f434315efa9,116525,0x91315d4b896deaef3bf3e1ff814eff212ed730b7,0.234609,0.234609,4.756206,1,1,1786138521
2026-08-06,0x7c7420dd105e2779316423ba3e973f434315efa9,116823,0x4c9aa39fde4d8bb7ce5eda04bf3eb09e722acba4,52.825205,105.65041,0.0,2,0,1785986117
2026-08-06,0x7c7420dd105e2779316423ba3e973f434315efa9,118951,0xc658238bf2f98ac079980e2890fa443973b3ae7d,751.617841,1503.235682,0.0,2,0,1785978611
2026-08-06,0x7c7420dd105e2779316423ba3e973f434315efa9,119605,0x10f0c0446e12e802d0f94a2d3c6f56bbdc4150c7,0.0,0.0,99.489172,0,1,1786116381
2026-08-06,0x7c7420dd105e2779316423ba3e973f434315efa9,126514,0x1217868bec81ffc5bd27d72480c11892b132dab6,1741.238671,3482.477342,752.73603,2,2,1786032315
2026-08-06,0x7c7420dd105e2779316423ba3e973f434315efa9,129520,0x6b40dfc1c33cfcd9b47b2ff3e904229d52b0ce79,8.98183,17.96366,26.865144,2,2,1786059415
2026-08-06,0x7c7420dd105e2779316423ba3e973f434315efa9,129641,0x2fe99886260750b76c025e7643f6d54d10a4ec92,9.031482,18.062964,18.062964,2,2,1786004997
2026-08-06,0x7c7420dd105e2779316423ba3e973f434315efa9,130326,0x91fdd8f0cb7c5b5b391c94bc63276ba27e82895f,267.88446,535.76892,539.761644,2,2,1786068005
2026-08-06,0x7c7420dd105e2779316423ba3e973f434315efa9,130356,0xb3dbd89a4ab74d365be2835bad565af3b0d54faa,0.0,0.0,0.00427,2,2,1786058311
2026-08-06,0x7f670f78b17dec44d5ef68a48740b6f8849cc2e6,315,0xee6f2d4d7bf30ed5261667d5e7510b36df29d186,0.0,0.0,235255.585444,0,2,1786096895
2026-08-06,0x7f670f78b17dec44d5ef68a48740b6f8849cc2e6,1140,0xe18c1c9ea74e32b3c05b6b45c08a03748807812c,0.0,0.0,4427.48215,0,2,1785978927
2026-08-06,0x7f670f78b17dec44d5ef68a48740b6f8849cc2e6,2114,0xdb743c5132eb9ae11bf829014c82ce503bc621cb,4605.730603,9211.461206,9211.461206,2,2,1786069667
2026-08-06,0x7f670f78b17dec44d5ef68a48740b6f8849cc2e6,2187,0x87ff5525f4e3983e82bfd841d84bfe4fdca47b98,0.0,0.0,8653.703264,0,2,1786096361
2026-08-06,0x7f670f78b17dec44d5ef68a48740b6f8849cc2e6,2262,0xb8e1f0f1e0aab629ec07ae9e4fa680b58732c643,3987.996971,3987.996971,3987.996971,1,1,1786117297
2026-08-06,0x7f670f78b17dec44d5ef68a48740b6f8849cc2e6,2294,0x18f7485c58e26842063af692e595603a8da006a1,0.0,0.0,15030.563556,0,2,1786028265
2026-08-06,0x7f670f78b17dec44d5ef68a48740b6f8849cc2e6,2732,0xb21cf61c3cb30d0f884eadc3d81cd7d8722fd820,0.0,0.0,6677.9715,0,2,1785996631
2026-08-06,0x7f670f78b17dec44d5ef68a48740b6f8849cc2e6,3355,0xfff0ea0ea835f5b29e61bdaff90012cfbf4f5986,0.0,0.0,4572.183868,0,2,1785996187
2026-08-06,0x7f670f78b17dec44d5ef68a48740b6f8849cc2e6,3421,0xc1d4ef9d85403bc0b7781806b134292dea4c2c99,0.0,0.0,2111.271181,0,1,1786114539
2026-08-06,0x7f670f78b17dec44d5ef68a48740b6f8849cc2e6,4312,0x32ead8045e579b966f02a9c713589c461b9a3856,0.0,0.0,824.63734,0,2,1785979947
2026-08-06,0x7f670f78b17dec44d5ef68a48740b6f8849cc2e6,4837,0x95b0cb330519db2bcaf74b90c1bde3d62f673718,239.570271,479.140542,479.140542,2,2,1786021535
2026-08-06,0x7f670f78b17dec44d5ef68a48740b6f8849cc2e6,5034,0xffb65445f5339c5f4c767d2021302acecb50e1bb,0.0,0.0,998.19154,0,2,1785998321
2026-08-06,0x7f670f78b17dec44d5ef68a48740b6f8849cc2e6,5058,0x3194442e87fcc749a8616e6a8413b56cedc0ba49,464.165878,928.331756,928.331756,2,2,1786070739
2026-08-06,0x7f670f78b17dec44d5ef68a48740b6f8849cc2e6,5503,0x16d6995da1c23df1ca7ca7f47dc8abe3aed31e3c,221.237357,442.474714,442.474714,2,2,1786019407
2026-08-06,0x7f670f78b17dec44d5ef68a48740b6f8849cc2e6,5513,0xa7994df7c06a54781b2e338eef9f82d7a71e6721,220.949898,441.899796,441.899796,2,2,1786018787
2026-08-06,0x7f670f78b17dec44d5ef68a48740b6f8849cc2e6,5529,0x16010bd4a55d758db2dd17e0ff3bba97861b712a,223.816092,447.632184,447.632184,2,2,1786018877
2026-08-06,0x7f670f78b17dec44d5ef68a48740b6f8849cc2e6,5560,0x3b368d514ab6413725fb4182f69119ba228d94bb,0.0,0.0,915.647714,0,2,1785998071
2026-08-06,0x7f670f78b17dec44d5ef68a48740b6f8849cc2e6,6332,0xcf587e6c2530e353971c2a3ea0f12543680e6d04,0.0,0.0,808.007436,0,2,1786007725
2026-08-06,0x7f670f78b17dec44d5ef68a48740b6f8849cc2e6,6391,0xf47f60cb5426f63a8dd3786387742c2c49ad96e3,402.485536,804.971072,804.971072,2,2,1786007121
2026-08-06,0x7f670f78b17dec44d5ef68a48740b6f8849cc2e6,6585,0x221a68818a6a77fae0d920306b45a3b1e32e6743,0.0,0.0,6713.247726,0,2,1786029507
2026-08-06,0x7f670f78b17dec44d5ef68a48740b6f8849cc2e6,10590,0x5080f8d8f4433eab4fede63302266ea3a7c0f6d3,0.0,0.0,3152.372374,0,2,1786030211
2026-08-06,0x7f670f78b17dec44d5ef68a48740b6f8849cc2e6,11408,0x7a07597b2e6bd76f8b06777a75462942a6de13b3,0.0,0.0,6319.86536,0,2,1785993785
2026-08-06,0x7f670f78b17dec44d5ef68a48740b6f8849cc2e6,11716,0xff2420a08b4cba07a79953bbdf131788cb36f859,33.583537,67.167074,68.000278,2,2,1786002151
2026-08-06,0x7f670f78b17dec44d5ef68a48740b6f8849cc2e6,13413,0x8266ab60fa1e32e35a48decdf94a16262f0729bd,15.020621,15.020621,15.130237,1,1,1786156251
2026-08-06,0x7f670f78b17dec44d5ef68a48740b6f8849cc2e6,13759,0xdac5cbc594f48fed8179df8d92c87b16c1ebf832,205.040366,410.080732,412.479154,2,2,1785989663
2026-08-06,0x7f670f78b17dec44d5ef68a48740b6f8849cc2e6,19378,0x2924632219f6fc6d50b8f373070ba78db336fd2f,0.0,0.0,797.407476,0,1,1786103045
2026-08-06,0x7f670f78b17dec44d5ef68a48740b6f8849cc2e6,22519,0x2ecf0485d1addacbae9bbd366fcb08fccb122713,527.1559,1054.3118,1060.37357,2,2,1786016263
2026-08-06,0x7f670f78b17dec44d5ef68a48740b6f8849cc2e6,24995,0x1edb5ed04a1570141dc3d39f875d1ed86cba3a86,327.703374,655.406748,661.185122,2,2,1786038241
2026-08-06,0x7f670f78b17dec44d5ef68a48740b6f8849cc2e6,35938,0x5be66fe7e6bfffa5af7d9f9a3b49ae7c50ca54df,8854.951538,17709.903076,17812.274166,2,2,1786096095
2026-08-06,0x7f670f78b17dec44d5ef68a48740b6f8849cc2e6,61528,0xe18c1c9ea74e32b3c05b6b45c08a03748807812c,0.0,0.0,749.068248,0,2,1785978853
2026-08-06,0x7f670f78b17dec44d5ef68a48740b6f8849cc2e6,63966,0xf1ca9441e8bbde4dd3207a8ef5c4581cf7a8813f,24.345232,48.690464,49.039432,2,2,1786010551
2026-08-06,0x7f670f78b17dec44d5ef68a48740b6f8849cc2e6,64688,0x1b0132aa8db835738ee33f83d67d5a14c532b65d,0.0,0.0,6.866394,0,2,1786077521
2026-08-06,0x7f670f78b17dec44d5ef68a48740b6f8849cc2e6,67045,0xc060ed16fea9b8f3c5e69743723a02d16624c11b,0.0,0.0,6137.773743,0,1,1786109127
2026-08-06,0x7f670f78b17dec44d5ef68a48740b6f8849cc2e6,70871,0x7692a4436f8252f34258c2bfa846ec5e840d5e55,86.095867,172.191734,172.386452,2,2,1786005467
2026-08-06,0x7f670f78b17dec44d5ef68a48740b6f8849cc2e6,76088,0x0627164cc2a5a6b78306cc3aae1535d8a4508093,0.0,0.0,1730.029034,0,2,1786024389
2026-08-06,0x7f670f78b17dec44d5ef68a48740b6f8849cc2e6,77579,0xbfe33faf15d4908de00533d6d7fc2c56eb5bc613,0.0,0.0,1535.736396,0,2,1785978337
2026-08-06,0x7f670f78b17dec44d5ef68a48740b6f8849cc2e6,78796,0x8555c5f95c85a43e7df1229e566ae33d1ff89978,0.0,0.0,1160.321472,0,2,1785996679
2026-08-06,0x7f670f78b17dec44d5ef68a48740b6f8849cc2e6,79113,0xdca937c12098e82f86874246f59710e281da9e80,564.117939,1128.235878,1130.663754,2,2,1786100575
2026-08-06,0x7f670f78b17dec44d5ef68a48740b6f8849cc2e6,81282,0x8555c5f95c85a43e7df1229e566ae33d1ff89978,0.0,0.0,334.18747,0,2,1785996727
2026-08-06,0x7f670f78b17dec44d5ef68a48740b6f8849cc2e6,84626,0xf303f93376813dd6c9aa388a20952f0c5bbdb7ce,75.667019,151.334038,152.12023,2,2,1785985191
2026-08-06,0x7f670f78b17dec44d5ef68a48740b6f8849cc2e6,87032,0xe6eaecbd385a6658baad270f397fef1a42ccddad,0.072348,0.144696,0.146706,2,2,1785993169
2026-08-06,0x7f670f78b17dec44d5ef68a48740b6f8849cc2e6,87466,0x8266ab60fa1e32e35a48decdf94a16262f0729bd,58.793142,58.793142,59.203044,1,1,1786141333
2026-08-06,0x7f670f78b17dec44d5ef68a48740b6f8849cc2e6,88522,0x525918b76f79b9b01c6e3bc1526eff820e2f352e,664.930081,1329.860162,1337.25696,2,2,1786068241
2026-08-06,0x7f670f78b17dec44d5ef68a48740b6f8849cc2e6,89042,0x3c1381ac3c2ca74eaaa4fe7cbe851499202f528b,10.055264,20.110528,20.235,2,2,1785979321
2026-08-06,0x7f670f78b17dec44d5ef68a48740b6f8849cc2e6,89935,0xbe6bbf7b3f6d8e4ffbe73a4ec1dc56955b000505,81.110415,162.22083,405.552074,2,2,1786001239
2026-08-06,0x7f670f78b17dec44d5ef68a48740b6f8849cc2e6,90566,0xbe6bbf7b3f6d8e4ffbe73a4ec1dc56955b000505,0.0,0.0,391.742958,0,2,1786001307
2026-08-06,0x7f670f78b17dec44d5ef68a48740b6f8849cc2e6,92585,0xfaf26dcb409317e39b5b048657327eeddbab3261,2006.699354,4013.398708,4011.562824,2,2,1786096369
2026-08-06,0x7f670f78b17dec44d5ef68a48740b6f8849cc2e6,96352,0xc1d4ef9d85403bc0b7781806b134292dea4c2c99,0.0,0.0,2619.106257,0,1,1786114575
2026-08-06,0x7f670f78b17dec44d5ef68a48740b6f8849cc2e6,97935,0xc1d4ef9d85403bc0b7781806b134292dea4c2c99,814.934973,814.934973,819.253738,1,1,1786114613
2026-08-06,0x7f670f78b17dec44d5ef68a48740b6f8849cc2e6,98031,0xc1d4ef9d85403bc0b7781806b134292dea4c2c99,0.0,0.0,5855.270642,0,1,1786114557
2026-08-06,0x7f670f78b17dec44d5ef68a48740b6f8849cc2e6,106477,0xbe9c352815368a6fe20afde4171beefd7b8c1dfe,0.0,0.0,72173.9564,0,2,1786087857
2026-08-06,0x7f670f78b17dec44d5ef68a48740b6f8849cc2e6,109466,0x4c6f6489c13dc83c480184ff243d1171f3f2e17c,0.0,0.0,25702.196176,0,2,1786050577
2026-08-06,0x7f670f78b17dec44d5ef68a48740b6f8849cc2e6,109628,0xfac892e1e6fd82600f79196ce397105bc3b356b2,316.093315,316.093315,316.94475,1,1,1786106307
2026-08-06,0x7f670f78b17dec44d5ef68a48740b6f8849cc2e6,110417,0x88b9527893c18494d880e6aea6552e47bd1a1514,324.863205,649.72641,428.428238,2,2,1785978115
2026-08-06,0x7f670f78b17dec44d5ef68a48740b6f8849cc2e6,111531,0x08af7dfdbb944760968bdc05c32e90f8a6799dba,13.424319,26.848638,26.9597,2,2,1786027745
2026-08-06,0x7f670f78b17dec44d5ef68a48740b6f8849cc2e6,111607,0x24d9e939362bf38720e0d96a567bd1db3b90a593,0.0,0.0,1772.652376,0,2,1786085013
2026-08-06,0x7f670f78b17dec44d5ef68a48740b6f8849cc2e6,112168,0x08af7dfdbb944760968bdc05c32e90f8a6799dba,250.0,500.0,500.0,2,2,1786027755
2026-08-06,0x7f670f78b17dec44d5ef68a48740b6f8849cc2e6,112169,0x08af7dfdbb944760968bdc05c32e90f8a6799dba,44.807614,89.615228,89.976014,2,2,1786027767
2026-08-06,0x7f670f78b17dec44d5ef68a48740b6f8849cc2e6,112180,0x08af7dfdbb944760968bdc05c32e90f8a6799dba,218.790443,437.580886,437.580886,2,2,1786027777
2026-08-06,0x7f670f78b17dec44d5ef68a48740b6f8849cc2e6,112924,0x08af7dfdbb944760968bdc05c32e90f8a6799dba,1746.8574,3493.7148,3507.272144,2,2,1786027787
2026-08-06,0x7f670f78b17dec44d5ef68a48740b6f8849cc2e6,113797,0x08af7dfdbb944760968bdc05c32e90f8a6799dba,1571.278772,3142.557544,3154.752118,2,2,1786027797
2026-08-06,0x7f670f78b17dec44d5ef68a48740b6f8849cc2e6,114661,0x199d74ecd0d40a6da49b9fe9837b8ce42aa20db8,132.956441,132.956441,149.991674,1,1,1786156807
2026-08-06,0x7f670f78b17dec44d5ef68a48740b6f8849cc2e6,118000,0xc3379514d2d2d90894839b043aa2e43a6d2d16a0,0.0,0.0,2032.750536,0,2,1786019261
2026-08-06,0x7f670f78b17dec44d5ef68a48740b6f8849cc2e6,118066,0xbb229e247e2a068521001b6bfa682228721e21c5,0.0,0.0,1711.030432,0,2,1785991215
2026-08-06,0x7f670f78b17dec44d5ef68a48740b6f8849cc2e6,118192,0x2a1470f559e2fd0ca53c3948e6547533ed38227f,37.719114,75.438228,76.235798,2,2,1786036921
2026-08-06,0x7f670f78b17dec44d5ef68a48740b6f8849cc2e6,118373,0x801b3afd220629cd129417195b785f984095f54c,0.0,0.0,28783.784078,0,2,1786037667
2026-08-06,0x7f670f78b17dec44d5ef68a48740b6f8849cc2e6,118838,0x75b9116ebf0af682b27f9479a00d9abcd8ec0a27,0.0,0.0,0.870618,0,1,1786105113
2026-08-06,0x7f670f78b17dec44d5ef68a48740b6f8849cc2e6,119592,0xca3228d257a777e9464a867cd81cfb53c15d13ca,0.0,0.0,116.052494,0,2,1786046711
2026-08-06,0x7f670f78b17dec44d5ef68a48740b6f8849cc2e6,120202,0x608d44b4be5a78cf63072de6a4c731c74dc0ef32,38.401341,76.802682,159.323284,2,2,1786034307
2026-08-06,0x7f670f78b17dec44d5ef68a48740b6f8849cc2e6,120698,0x9491e51b421094098f8b7fdc367b8a5dad479dd5,0.435126,0.435126,0.452824,1,1,1786115669
2026-08-06,0x7f670f78b17dec44d5ef68a48740b6f8849cc2e6,120961,0x0880b9fb9f5ad4fea67964ad70ca5b3f010f06b8,49.843829,49.843829,49.843829,1,1,1786155907
2026-08-06,0x7f670f78b17dec44d5ef68a48740b6f8849cc2e6,121100,0xf3dbed3a44ff418a72666e3b5305d358ba5f6d66,0.0,0.0,204422.511922,0,2,1786072463
2026-08-06,0x7f670f78b17dec44d5ef68a48740b6f8849cc2e6,122503,0xf3dbed3a44ff418a72666e3b5305d358ba5f6d66,6258.242631,12516.485262,14047.067482,2,2,1786072399
2026-08-06,0x7f670f78b17dec44d5ef68a48740b6f8849cc2e6,122738,0x6f66bf2a5870a5cd06870362788724e3fe23e856,0.0,0.0,3078.65961,0,2,1785988809
2026-08-06,0x7f670f78b17dec44d5ef68a48740b6f8849cc2e6,123063,0xfbc2c9ce9455c832ced510ae5bf995f3d4e12642,0.0,0.0,297.032345,0,1,1786106457
2026-08-06,0x7f670f78b17dec44d5ef68a48740b6f8849cc2e6,123181,0xea67bb3d3f3133c91dd100859a3c307d8053b4cc,0.0,0.0,0.930042,0,2,1785983231
2026-08-06,0x7f670f78b17dec44d5ef68a48740b6f8849cc2e6,126514,0x1217868bec81ffc5bd27d72480c11892b132dab6,376.368015,752.73603,752.73603,2,2,1786032315
2026-08-06,0x7f670f78b17dec44d5ef68a48740b6f8849cc2e6,126985,0xcfef5700171d78cde577e6eff25b84e0e09dac20,5.694252,5.694252,0.0,1,0,1786128403
2026-08-06,0x7f670f78b17dec44d5ef68a48740b6f8849cc2e6,127915,0x079aa29d33e313b7dc4d45eb0cd923c37b8181c7,0.0,0.0,29852.710467,0,1,1786146517
2026-08-06,0x7f670f78b17dec44d5ef68a48740b6f8849cc2e6,129520,0x6b40dfc1c33cfcd9b47b2ff3e904229d52b0ce79,8.98183,17.96366,26.865144,2,2,1786059415
2026-08-06,0x7f670f78b17dec44d5ef68a48740b6f8849cc2e6,130178,0x1334752203935d80bca8a89a378bbe36b88961af,0.510185,1.02037,0.161112,2,2,1786018475
2026-08-06,0x7f670f78b17dec44d5ef68a48740b6f8849cc2e6,130243,0x2797c9f9fc7984d776c2d1ccc282500b29fce3d6,0.0,0.0,423.188294,0,2,1786094031
2026-08-06,0x7f670f78b17dec44d5ef68a48740b6f8849cc2e6,130262,0xbfe33faf15d4908de00533d6d7fc2c56eb5bc613,0.0,0.0,3.850132,0,2,1785978355
2026-08-06,0x7f670f78b17dec44d5ef68a48740b6f8849cc2e6,130282,0xe4cf39f16e37e87493ea107a392c2673016e79e1,0.0,0.0,677.99368,0,2,1785986515
2026-08-06,0x7f670f78b17dec44d5ef68a48740b6f8849cc2e6,130300,0x3fe3251e602d32039136d622432a2ecb8923a0e3,0.0,0.0,3.034262,0,2,1786035877
2026-08-06,0x7f670f78b17dec44d5ef68a48740b6f8849cc2e6,130338,0x3e9bfc5cba96eeb90f17e3071651a7de798d7678,0.0,0.0,0.06592,0,2,1785992961
2026-08-06,0x7f670f78b17dec44d5ef68a48740b6f8849cc2e6,130343,0x1334752203935d80bca8a89a378bbe36b88961af,0.049591,0.099182,0.100244,2,2,1786037567
2026-08-06,0x7f670f78b17dec44d5ef68a48740b6f8849cc2e6,130346,0x1334752203935d80bca8a89a378bbe36b88961af,0.940681,1.881362,0.044894,2,2,1786037591
2026-08-06,0x7f670f78b17dec44d5ef68a48740b6f8849cc2e6,130349,0x1334752203935d80bca8a89a378bbe36b88961af,0.150008,0.300016,0.300798,2,2,1786037645
2026-08-06,0x7f670f78b17dec44d5ef68a48740b6f8849cc2e6,130356,0xb3dbd89a4ab74d365be2835bad565af3b0d54faa,0.008374,0.016748,0.001708,2,2,1786058311
2026-08-06,0x80cc08712aa61ce9dc7604f9ce7560a25094b862,10298,0x488c8e0213051dc78155048e947257742d928bdf,301908.433754,25539819.540537,25536651.330864,85,85,1786163735
2026-08-06,0x82a0c1a0d4ef0c0ca3cfda3ad1aa78309cc6139b,119252,0xe74647e67e2407db6a01f276fc9c81797f646248,0.537692,1.075384,1.951138,2,2,1786038045
2026-08-06,0x8343c68279587498526114e6385f0a87f248e0d9,6393,0x6e5f7bd9b940287f6c9ae8a2ecfb93224a09cba5,68.341594,136.683188,0.0,2,0,1786017265
2026-08-06,0x8343c68279587498526114e6385f0a87f248e0d9,11129,0xdf204a863183d795793a94788fedf5a839061762,1574232.764147,6287270.325912,6277613.78497,4,4,1786074461
2026-08-06,0x8343c68279587498526114e6385f0a87f248e0d9,42995,0xe45f57a52461ac8c406452af8bdbb5b3a1e54f57,508.156527,508.156527,507.235657,1,1,1786139583
2026-08-06,0x8343c68279587498526114e6385f0a87f248e0d9,76391,0x9bdaac0f13d362dd6d26f151c7a33563ccc1f299,740.498896,1480.997792,1487.863698,2,2,1786026761
2026-08-06,0x8343c68279587498526114e6385f0a87f248e0d9,77622,0x9bdaac0f13d362dd6d26f151c7a33563ccc1f299,422.229239,844.458478,848.373262,2,2,1786026767
2026-08-06,0x8343c68279587498526114e6385f0a87f248e0d9,119868,0x1d6fc8df2fcc40474d55a42d1c04fcd9be9941ef,0.0,0.0,22.526556,0,2,1786040375
2026-08-06,0x8343c68279587498526114e6385f0a87f248e0d9,126473,0x2ab08a231389fd6c1cb368769ae5ba3f999209e4,5.674059,11.348118,15.62634,2,2,1786046085
2026-08-06,0x84b783723dac9b89d0981fff3dce369bc5870c16,77876,0x459b4065fd4ab40b54ea62b49e0201b862e26084,0.051337,0.051337,1.139016,1,1,1786142367
2026-08-06,0x84b783723dac9b89d0981fff3dce369bc5870c16,96527,0x49049707b57178d0cc44137a31d404ff6e2a9eb0,49.289387,98.578774,89.175074,2,2,1786032167
2026-08-06,0x85fb468a5e65a537c5ac767776599708a3d41046,513,0xef0678998ae8d5745202cfc3f5a6b7e7b2509f5d,0.0,0.0,24792.66732,0,2,1785991401
2026-08-06,0x85fb468a5e65a537c5ac767776599708a3d41046,1593,0x4ac139d40354cf5d6c135b21a0ad5a4314b2353c,288.238795,288.238795,0.0,1,0,1786121969
2026-08-06,0x85fb468a5e65a537c5ac767776599708a3d41046,5414,0x78b155d7bc284a887f09e028a360a36cc4c4d4c8,110.010651,220.021302,0.0,2,0,1786041735
2026-08-06,0x85fb468a5e65a537c5ac767776599708a3d41046,62254,0x4e8f3e3a98d268e235067b20128af818164d5572,61.735375,123.47075,0.0,2,0,1786041633
2026-08-06,0x861a2922be165a5bd41b1e482b49216b465e1b5f,3635,0xb3b1cf4a37a5ad7a3cea9d5b652ab106c9576b8a,130.47475,130.47475,130.296811,1,1,1786111377
2026-08-06,0x86c21942420b5648bb813637dcd33b97cc57ede9,17927,0xb696d65ad33ea52c49cefbbdc300af9c9a0e6711,0.0,0.0,125.12298,0,2,1786071047
2026-08-06,0x8782d97c8b25b4d17dbfbaa03f25dc18e51e909d,84311,0x83d2e472495f408bd0bc85702f4be5ef1acaee80,1.965789,3.931578,7.940862,2,2,1785982389
2026-08-06,0x8782d97c8b25b4d17dbfbaa03f25dc18e51e909d,87459,0xc933d5f8733efbe05eb06bbfaa51621afcc0b358,0.048923,0.097846,0.100752,2,2,1785984543
2026-08-06,0x8782d97c8b25b4d17dbfbaa03f25dc18e51e909d,89880,0x1d149496d53cfec829b3e9be83b5b2ecec3efa04,0.248098,0.496196,0.99663,2,2,1785990331
2026-08-06,0x8782d97c8b25b4d17dbfbaa03f25dc18e51e909d,89891,0xfaef04074a99713bb25f1fefd7cbff5d65235265,0.620332,1.240664,1.256022,2,2,1785984609
2026-08-06,0x8782d97c8b25b4d17dbfbaa03f25dc18e51e909d,89899,0xf63ff4eb24ae49826eee4e7a98e609401814a27e,0.04678,0.09356,0.09416,2,2,1786072551
2026-08-06,0x8782d97c8b25b4d17dbfbaa03f25dc18e51e909d,112425,0x89a99e361a1628c161f7ccfb843e0cb8ab5b3f07,0.0,0.0,3903.529136,0,2,1785978097
2026-08-06,0x8782d97c8b25b4d17dbfbaa03f25dc18e51e909d,119110,0x95b1e3f0879653aca136f1180f3e81a95dd17ffe,28.18854,56.37708,56.501486,2,2,1786046107
2026-08-06,0x889339213a0cc0a795f69cae5b1db2223f944a4e,41,0xc73c5ee66b518c5450ce47520fc22f429f15a519,357963.35997,715926.71994,715926.71994,2,2,1786100729
2026-08-06,0x889339213a0cc0a795f69cae5b1db2223f944a4e,70459,0x7f46b26e2c579b4a9e014c249d942366326f25e9,0.0,0.0,107.177106,0,2,1785992263
2026-08-06,0x89d0f320ac73dd7d9513ffc5bc58d1161452a657,18747,0xebbc68a5e60bf4a766b0d08c7c8e34129f77ad58,64.399946,128.799892,130.375498,2,2,1785980057
2026-08-06,0x89d0f320ac73dd7d9513ffc5bc58d1161452a657,68866,0x63f8bf3573feccf4228fa7133cead0036f96382d,0.0,0.0,68.142804,0,2,1786025607
2026-08-06,0x89d0f320ac73dd7d9513ffc5bc58d1161452a657,90566,0xbe6bbf7b3f6d8e4ffbe73a4ec1dc56955b000505,0.0,0.0,156.697182,0,2,1786001307
2026-08-06,0x89d0f320ac73dd7d9513ffc5bc58d1161452a657,109549,0x16c7e68ca75eb0b7ca65eadd4d067af7d7654e11,0.0,0.0,8935.349998,0,1,1786136005
2026-08-06,0x89d0f320ac73dd7d9513ffc5bc58d1161452a657,112424,0x89a99e361a1628c161f7ccfb843e0cb8ab5b3f07,37.911021,75.822042,75.822042,2,2,1785978113
2026-08-06,0x89d0f320ac73dd7d9513ffc5bc58d1161452a657,119252,0xe74647e67e2407db6a01f276fc9c81797f646248,0.964219,1.928438,3.498886,2,2,1786038045
2026-08-06,0x8a24d81c24f125341b46a52de3e4cf0e0c7e7f72,1593,0x4ac139d40354cf5d6c135b21a0ad5a4314b2353c,0.0,0.0,1170.303934,0,1,1786121969
2026-08-06,0x8a24d81c24f125341b46a52de3e4cf0e0c7e7f72,86748,0x571cbf521dbffc43fb43384a2e3eec8b4625aba0,0.0,0.0,852.723222,0,2,1786070143
2026-08-06,0x8a24d81c24f125341b46a52de3e4cf0e0c7e7f72,122353,0x1c9f7e17838d25f7c080e3a82d7d42f505808184,0.0,0.0,131.895364,0,2,1785988461
2026-08-06,0x8a24d81c24f125341b46a52de3e4cf0e0c7e7f72,122438,0x764a0f6a812081fdb969165989d2741b3d87f1ce,0.0,0.0,65.852592,0,2,1785989015
2026-08-06,0x8a24d81c24f125341b46a52de3e4cf0e0c7e7f72,122743,0xfd6d6160795d707d116ea75a1d63a3964789eaf8,0.0,0.0,113.673086,0,2,1785988349
2026-08-06,0x8a8e4170c09074b109352190d47e54d7c1f61e4e,21812,0x1273162b4fe3424bf03d74c88181714bbd263393,222.107001,222.107001,222.107001,1,1,1786103339
2026-08-06,0x8a8e4170c09074b109352190d47e54d7c1f61e4e,118944,0xd5d9041f30bb174c12245894448027d0478213d5,0.063172,0.063172,0.119799,1,1,1786107577
2026-08-06,0x8a8e4170c09074b109352190d47e54d7c1f61e4e,120497,0xd1049bddcf04b1eb1e989cde5c9bfd21003ddffb,5445.894612,10891.789224,11050.308456,2,2,1785987371
2026-08-06,0x8b49c7ec53cb4ca3666bb16727fc5c5f6d12226f,5767,0x5f9908aa2af7653cc50f9d93416b8c96e18b957f,0.0,0.0,2647.31234,0,2,1786074583
2026-08-06,0x8b49c7ec53cb4ca3666bb16727fc5c5f6d12226f,30231,0xdffde0f254beada034f14383cfa01cc9eaf959fc,83.594721,83.594721,83.594721,1,1,1786115467
2026-08-06,0x8b49c7ec53cb4ca3666bb16727fc5c5f6d12226f,32982,0x58524c6206382d8ee1a85b7b611bd9a10ab9e743,6600.959979,13201.919958,13326.844814,2,2,1786001323
2026-08-06,0x8b49c7ec53cb4ca3666bb16727fc5c5f6d12226f,37678,0x58524c6206382d8ee1a85b7b611bd9a10ab9e743,4804.618234,9609.236468,9604.84083,2,2,1786001419
2026-08-06,0x8b49c7ec53cb4ca3666bb16727fc5c5f6d12226f,90566,0xbe6bbf7b3f6d8e4ffbe73a4ec1dc56955b000505,78.348591,156.697182,156.697182,2,2,1786001307
2026-08-06,0x8b49c7ec53cb4ca3666bb16727fc5c5f6d12226f,93852,0xabd5c7513b135cfc760447519b8511864691b67e,2721.0,5442.0,5442.0,2,2,1786017325
2026-08-06,0x8b49c7ec53cb4ca3666bb16727fc5c5f6d12226f,121227,0xb7f523454b4dfc500199a5c06495ee0d0cf87a83,53.417225,106.83445,106.83445,2,2,1786017113
2026-08-06,0x8bb9eaf3c5a906d20c4cc10ea2f73a3ac2d5d41a,12473,0x6f531b21829dbff76445910959052b0f4c08b5b5,276.306742,552.613484,555.712498,2,2,1785990121
2026-08-06,0x8bb9eaf3c5a906d20c4cc10ea2f73a3ac2d5d41a,118000,0xc3379514d2d2d90894839b043aa2e43a6d2d16a0,168.592882,337.185764,2032.750536,2,2,1786019261
2026-08-06,0x8d15046288df104c9757a18fabaf587a88209d48,62254,0x4e8f3e3a98d268e235067b20128af818164d5572,0.0,0.0,62.3345,0,2,1786041633
2026-08-06,0x8d479a4c680a76d4ae03f10203569558405ddfff,44,0x2f2f665974261c4129b1dc6c359bd259cd66f78a,0.0,0.0,2154.863836,0,2,1786012807
2026-08-06,0x8d479a4c680a76d4ae03f10203569558405ddfff,513,0xef0678998ae8d5745202cfc3f5a6b7e7b2509f5d,12468.341711,24936.683422,0.0,2,0,1785991401
2026-08-06,0x8d479a4c680a76d4ae03f10203569558405ddfff,761,0xe4495842d915738d659609727a51e39d15b66778,1940.928137,3881.856274,4038.837742,2,2,1786060739
2026-08-06,0x8d479a4c680a76d4ae03f10203569558405ddfff,1140,0xe18c1c9ea74e32b3c05b6b45c08a03748807812c,0.0,0.0,4427.48215,0,2,1785978927
2026-08-06,0x8d479a4c680a76d4ae03f10203569558405ddfff,1784,0x186e20ae3530520c9f3e6c46f2f5d1062b784761,0.0,0.0,25216.416172,0,2,1785978513
2026-08-06,0x8d479a4c680a76d4ae03f10203569558405ddfff,2515,0x0a5d2190afc397b91c2de36d128b03b275a3a255,0.0,0.0,7545.868178,0,2,1786075993
2026-08-06,0x8d479a4c680a76d4ae03f10203569558405ddfff,2545,0x1e25f91381ff6b1bd0eec330607860e4fcbc3905,0.0,0.0,5730.423158,0,1,1786137857
2026-08-06,0x8d479a4c680a76d4ae03f10203569558405ddfff,4230,0x953c22779b212f145a85061ab3a13e43b3c50427,0.0,0.0,4150.351966,0,2,1786024259
2026-08-06,0x8d479a4c680a76d4ae03f10203569558405ddfff,6393,0x6e5f7bd9b940287f6c9ae8a2ecfb93224a09cba5,68.341594,136.683188,137.305468,2,2,1786017265
2026-08-06,0x8d479a4c680a76d4ae03f10203569558405ddfff,10354,0x0123e230c261e026c476a21fae07de3aa55ac870,0.0,0.0,5797.654846,0,2,1786023845
2026-08-06,0x8d479a4c680a76d4ae03f10203569558405ddfff,35530,0xffd8ffaa57e8d247650998b4423c373dcc77cfbb,0.0,0.0,170.282182,0,2,1786089363
2026-08-06,0x8d479a4c680a76d4ae03f10203569558405ddfff,61528,0xe18c1c9ea74e32b3c05b6b45c08a03748807812c,0.0,0.0,749.068248,0,2,1785978853
2026-08-06,0x8d479a4c680a76d4ae03f10203569558405ddfff,65901,0x70ef941827ddbe3ff85ceb728875d6c738e531eb,0.0,0.0,1185.923528,0,1,1786139973
2026-08-06,0x8d479a4c680a76d4ae03f10203569558405ddfff,83523,0xefba0f56eef05f6a7d614ce519d2e284b46d3583,0.0,0.0,169145.683122,0,2,1785999955
2026-08-06,0x8d479a4c680a76d4ae03f10203569558405ddfff,88522,0x525918b76f79b9b01c6e3bc1526eff820e2f352e,1329.860162,2659.720324,2674.513922,2,2,1786068241
2026-08-06,0x8d479a4c680a76d4ae03f10203569558405ddfff,112361,0x6bfc335b359fe1a0eb0004bcc541b4e7211a1f22,0.0,0.0,2456.224318,0,1,1786150875
2026-08-06,0x8d479a4c680a76d4ae03f10203569558405ddfff,113107,0x6bfc335b359fe1a0eb0004bcc541b4e7211a1f22,0.0,0.0,1400.012597,0,1,1786150861
2026-08-06,0x8d479a4c680a76d4ae03f10203569558405ddfff,113417,0x1334752203935d80bca8a89a378bbe36b88961af,723.116201,1446.232402,3615.581006,2,2,1786037301
2026-08-06,0x8d479a4c680a76d4ae03f10203569558405ddfff,113791,0xc53e6b5e479f517a2545d4f03d1b6a3f8e86039b,0.0,0.0,10.786784,0,2,1786029139
2026-08-06,0x8d479a4c680a76d4ae03f10203569558405ddfff,115396,0xda52e5829e68e42937ec9172d92f4b584148d70c,0.0,0.0,28519.354774,0,2,1786034443
2026-08-06,0x8d479a4c680a76d4ae03f10203569558405ddfff,115476,0x1334752203935d80bca8a89a378bbe36b88961af,21685.302524,43370.605048,108481.329082,2,2,1786037479
2026-08-06,0x8d479a4c680a76d4ae03f10203569558405ddfff,116611,0x6bfc335b359fe1a0eb0004bcc541b4e7211a1f22,0.0,0.0,828.531242,0,1,1786149963
2026-08-06,0x8d479a4c680a76d4ae03f10203569558405ddfff,117740,0xf5b94bb96cd8216500e28f83af68d13e1ec45d4f,0.0,0.0,5753.582936,0,1,1786102897
2026-08-06,0x8d479a4c680a76d4ae03f10203569558405ddfff,119817,0xd81f48f92d64a0ce486dcaee9348026766aa4f63,0.0,0.0,0.789654,0,2,1786055043
2026-08-06,0x8d479a4c680a76d4ae03f10203569558405ddfff,122599,0x0d9ba2615c6dc20c6fa678f96cccda946b9ba866,0.0,2367.532014,4733.981026,2,4,1785978151
2026-08-06,0x8d479a4c680a76d4ae03f10203569558405ddfff,129517,0x1334752203935d80bca8a89a378bbe36b88961af,0.670084,1.340168,1.346468,2,2,1786018387
2026-08-06,0x8d479a4c680a76d4ae03f10203569558405ddfff,130178,0x1334752203935d80bca8a89a378bbe36b88961af,0.510185,1.02037,0.161112,2,2,1786018475
2026-08-06,0x8d479a4c680a76d4ae03f10203569558405ddfff,130233,0x1334752203935d80bca8a89a378bbe36b88961af,0.002358,0.004716,0.000152,2,2,1786037517
2026-08-06,0x8d479a4c680a76d4ae03f10203569558405ddfff,130247,0x1334752203935d80bca8a89a378bbe36b88961af,0.127481,0.254962,0.196526,2,2,1786018611
2026-08-06,0x8f5f1d63599362115e7f9fe71bfd5ab883d82c82,64688,0x1b0132aa8db835738ee33f83d67d5a14c532b65d,3.404016,6.808032,6.866394,2,2,1786077521
2026-08-06,0x94a734bf60cde88ab10a9951b17278a3ce129860,470,0xa00fda261ad941ca0eed3a8f4fd6a3d4e1010ad0,0.0,0.0,66303.796,0,2,1786009551
2026-08-06,0x94a734bf60cde88ab10a9951b17278a3ce129860,534,0x5bf2b6b176b98d20eace5d996568f4f1e69cff24,0.0,0.0,96051.857638,0,2,1786024601
2026-08-06,0x94a734bf60cde88ab10a9951b17278a3ce129860,1140,0xe18c1c9ea74e32b3c05b6b45c08a03748807812c,2214.754189,4429.508378,4427.48215,2,2,1785978927
2026-08-06,0x94a734bf60cde88ab10a9951b17278a3ce129860,2354,0xfc74deedbda57d3e85a9525e973184625553efe6,4515.429327,4515.429327,0.0,1,0,1786112651
2026-08-06,0x94a734bf60cde88ab10a9951b17278a3ce129860,2449,0xde848f5949206a9e66e1800e2c5a69d2601fbc22,0.0,0.0,7355.731618,0,2,1785995589
2026-08-06,0x94a734bf60cde88ab10a9951b17278a3ce129860,3195,0xebda956c7edcf77154489aa1368fd46bef68f603,0.0,0.0,3700.558874,0,2,1786017639
2026-08-06,0x94a734bf60cde88ab10a9951b17278a3ce129860,3922,0xc0e27c1a0560b6a1674817a2599f01b98d4d7a8c,0.0,0.0,2064.44799,0,2,1786027007
2026-08-06,0x94a734bf60cde88ab10a9951b17278a3ce129860,4890,0x12f03f0f9b9384feee357ab255b42ae99fdb8895,0.0,0.0,823.822242,0,2,1785980579
2026-08-06,0x94a734bf60cde88ab10a9951b17278a3ce129860,4972,0x9baa120b011334ae37ce01ac7c714c934cd7648d,0.0,0.0,808.397604,0,2,1785980681
2026-08-06,0x94a734bf60cde88ab10a9951b17278a3ce129860,5605,0x2b0d2cbcc667631afca6d50dc20a6cc23d9b08e4,0.0,0.0,851.908638,0,2,1786086185
2026-08-06,0x94a734bf60cde88ab10a9951b17278a3ce129860,5944,0x59e604a19276b66077de733228ea2bc7db5250cf,0.0,0.0,416.955792,0,2,1786027135
2026-08-06,0x94a734bf60cde88ab10a9951b17278a3ce129860,5994,0x88ca0e1c12c6e87f5b7b6475786e1982ac95092b,0.0,0.0,765.401184,0,2,1786039317
2026-08-06,0x94a734bf60cde88ab10a9951b17278a3ce129860,8942,0x72d320a6f03249bd60fb3f1a0ca95daecbd9ca61,0.0,0.0,140.885926,0,2,1786013075
2026-08-06,0x94a734bf60cde88ab10a9951b17278a3ce129860,11174,0x63e9c643b6589aaa42c3b6aa5b23b2c6202dd657,0.0,0.0,833.756202,0,2,1786045459
2026-08-06,0x94a734bf60cde88ab10a9951b17278a3ce129860,11766,0xaa2cbf017f673a3d2bb2377bf1972199fe6f16bc,0.0,0.0,50.25345,0,2,1786053193
2026-08-06,0x94a734bf60cde88ab10a9951b17278a3ce129860,20899,0x797e0b9257695256c3d412b9518e9c533e3ba0ee,0.0,0.0,10106.164404,0,2,1786020665
2026-08-06,0x94a734bf60cde88ab10a9951b17278a3ce129860,31888,0x5bf2b6b176b98d20eace5d996568f4f1e69cff24,0.0,0.0,6457.693114,0,2,1786024613
2026-08-06,0x94a734bf60cde88ab10a9951b17278a3ce129860,61528,0xe18c1c9ea74e32b3c05b6b45c08a03748807812c,374.705528,749.411056,749.068248,2,2,1785978853
2026-08-06,0x94a734bf60cde88ab10a9951b17278a3ce129860,62323,0x5eb9df642d44bf33071d3468629601009cf163e9,0.0,0.0,42.91981,0,2,1785990035
2026-08-06,0x94a734bf60cde88ab10a9951b17278a3ce129860,66835,0x1416014adb4e5613c75635910382e8daf25302c6,0.0,0.0,872.08666,0,2,1786082241
2026-08-06,0x94a734bf60cde88ab10a9951b17278a3ce129860,71868,0x9f250797da5b4d4bb1fda253360480325375a293,0.0,0.0,1030.189551,0,1,1786116167
2026-08-06,0x94a734bf60cde88ab10a9951b17278a3ce129860,74230,0xdf841026280a5c6300cc6530202fed170b534d26,0.0,0.0,765.61895,0,2,1786004475
2026-08-06,0x94a734bf60cde88ab10a9951b17278a3ce129860,75098,0xd0aeb78a3e66f40583bc65f642bd90a2edd9b67c,0.0,0.0,400.038878,0,2,1785987065
2026-08-06,0x94a734bf60cde88ab10a9951b17278a3ce129860,76088,0x0627164cc2a5a6b78306cc3aae1535d8a4508093,854.824037,1709.648074,0.0,2,0,1786024389
2026-08-06,0x94a734bf60cde88ab10a9951b17278a3ce129860,76818,0x42055d0e8771bf1ce105eab677b097d4cb4d4624,530.0,1060.0,0.0,2,0,1786006559
2026-08-06,0x94a734bf60cde88ab10a9951b17278a3ce129860,82275,0x3d54dbee5c5d0215246199e177f629e607ceb7d5,0.005652,0.011304,1.5028,2,2,1786018335
2026-08-06,0x94a734bf60cde88ab10a9951b17278a3ce129860,82276,0x05e63625a5003ba39dbd0e12d443c89b1eb48027,0.005662,0.011324,1.504112,2,2,1786018337
2026-08-06,0x94a734bf60cde88ab10a9951b17278a3ce129860,82277,0x24e56740d621aa314e2f352e26a47734c3572ee3,0.005662,0.011324,1.504116,2,2,1786018405
2026-08-06,0x94a734bf60cde88ab10a9951b17278a3ce129860,82278,0xbc5388ad815b08715122a6703be6a1091eb2a24d,0.00566,0.01132,1.50383,2,2,1786018387
2026-08-06,0x94a734bf60cde88ab10a9951b17278a3ce129860,82279,0x97473c122eedb5de9dbca7c8e353219743974d47,0.005656,0.011312,1.503318,2,2,1786018389
2026-08-06,0x94a734bf60cde88ab10a9951b17278a3ce129860,82280,0x270df65fa22c116ea3f63ea2c5ac927faf82f687,0.005874,0.011748,1.531876,2,2,1786018951
2026-08-06,0x94a734bf60cde88ab10a9951b17278a3ce129860,82281,0x9a589729132a053e6bed0fbfe97a75cc7094fd07,0.005644,0.011288,1.501766,2,2,1786018945
2026-08-06,0x94a734bf60cde88ab10a9951b17278a3ce129860,82282,0xc2dc738b00529978e5fb7e485b6be595d50b6aa8,0.005626,0.011252,1.499282,2,2,1786018947
2026-08-06,0x94a734bf60cde88ab10a9951b17278a3ce129860,82283,0xed29e9ebba490d0406766812315906fc15200ef1,0.005619,0.011238,1.498456,2,2,1786018949
2026-08-06,0x94a734bf60cde88ab10a9951b17278a3ce129860,82284,0x274c7d9bda3ab86c2e968733974b88fff45b8efc,0.005638,0.011276,1.500938,2,2,1786018949
2026-08-06,0x94a734bf60cde88ab10a9951b17278a3ce129860,82285,0x485766d0ef040c702da66878fa7432b92721f4ab,0.005665,0.01133,1.504564,2,2,1786019503
2026-08-06,0x94a734bf60cde88ab10a9951b17278a3ce129860,82286,0x3a64825e45f50a6553d8759346acb5b20be6b0e9,0.005657,0.011314,1.50341,2,2,1786019653
2026-08-06,0x94a734bf60cde88ab10a9951b17278a3ce129860,82287,0xd152224d5fbbb832fc865451ffb8c751d5e51810,0.005896,0.011792,1.534748,2,2,1786019607
2026-08-06,0x94a734bf60cde88ab10a9951b17278a3ce129860,82288,0x5bbfc6a864d4c893ba02f2921f403806ece9aff2,0.005624,0.011248,1.499062,2,2,1786019609
2026-08-06,0x94a734bf60cde88ab10a9951b17278a3ce129860,82289,0x29f670ab391e2c46892bdcadb6909405e193a645,0.005624,0.011248,1.499056,2,2,1786019611
2026-08-06,0x94a734bf60cde88ab10a9951b17278a3ce129860,82292,0x525ea0f45d64eccec63c592abb12a01c9a476517,0.005739,0.011478,1.514206,2,2,1786020443
2026-08-06,0x94a734bf60cde88ab10a9951b17278a3ce129860,82293,0xd14d9b93fea781837d352819682b8bdbfd6318a5,0.005739,0.011478,1.514206,2,2,1786020445
2026-08-06,0x94a734bf60cde88ab10a9951b17278a3ce129860,82294,0xb2870eb0beecba8f762e0158b992e0a9e1d6c276,0.005739,0.011478,1.514204,2,2,1786020447
2026-08-06,0x94a734bf60cde88ab10a9951b17278a3ce129860,82295,0xa31576cb85e9db9de1bb2f2a96ad500d74a4f299,0.005739,0.011478,1.514204,2,2,1786020451
2026-08-06,0x94a734bf60cde88ab10a9951b17278a3ce129860,82296,0xce971aa0da23034bdbaa96fcb223e0446cbc62d2,0.005739,0.011478,1.514204,2,2,1786020453
2026-08-06,0x94a734bf60cde88ab10a9951b17278a3ce129860,82297,0x8185bf453afe0374ec61d6772e595dab6a00b251,0.005746,0.011492,1.515174,2,2,1786020925
2026-08-06,0x94a734bf60cde88ab10a9951b17278a3ce129860,82298,0x3df3ce7ce8be11b4a17f5d7bdb0305114e5b1f82,0.005746,0.011492,1.515172,2,2,1786020927
2026-08-06,0x94a734bf60cde88ab10a9951b17278a3ce129860,82299,0x71fb01bb76fd237ed87c263e7c2acec75d742523,0.005745,0.01149,1.515018,2,2,1786020929
2026-08-06,0x94a734bf60cde88ab10a9951b17278a3ce129860,82300,0x9acd1a8b15b78dca6b80dad92027223ce4af9b33,0.005745,0.01149,1.515018,2,2,1786020931
2026-08-06,0x94a734bf60cde88ab10a9951b17278a3ce129860,82301,0x3fb15dc0b49262e537475282835430bf7767a682,0.005746,0.011492,1.515174,2,2,1786020933
2026-08-06,0x94a734bf60cde88ab10a9951b17278a3ce129860,83128,0x2e65b729da5ca28120317a3f932aaaeebd5b92ef,0.0,0.0,1697.037156,0,2,1786018257
2026-08-06,0x94a734bf60cde88ab10a9951b17278a3ce129860,85437,0x70b17336dff194a085afc0ab703a8357b32daffa,103.929343,207.858686,209.044882,2,2,1785982673
2026-08-06,0x94a734bf60cde88ab10a9951b17278a3ce129860,85447,0xdda821f4eae19053aba8cb2982ad2f0ea38b5a8e,6.571864,13.143728,13.137716,2,2,1785981721
2026-08-06,0x94a734bf60cde88ab10a9951b17278a3ce129860,87669,0x062e4c8530018238715c4595017345cddd694791,0.0,0.0,1270.740476,0,2,1785981303
2026-08-06,0x94a734bf60cde88ab10a9951b17278a3ce129860,90426,0xcbb1a94da8d496f06507da64ddc2c522d0237ae7,0.0,0.0,22653.133298,0,2,1785987685
2026-08-06,0x94a734bf60cde88ab10a9951b17278a3ce129860,91051,0x172f86ac7711f5dc024934649353bf864af5055c,0.0,0.0,1260.351972,0,2,1786032541
2026-08-06,0x94a734bf60cde88ab10a9951b17278a3ce129860,97548,0xd0aeb78a3e66f40583bc65f642bd90a2edd9b67c,402.876119,805.752238,806.007104,2,2,1785986945
2026-08-06,0x94a734bf60cde88ab10a9951b17278a3ce129860,110770,0xc878017389572dd653a852b633ffcd55e28fefbc,0.0,0.0,2082.998406,0,2,1786085741
2026-08-06,0x94a734bf60cde88ab10a9951b17278a3ce129860,113279,0x1ea6ebd3a692cb605617605fa16eeb407a0e8c53,0.0,0.0,1734.13006,0,2,1785997587
2026-08-06,0x94a734bf60cde88ab10a9951b17278a3ce129860,113664,0xd9e8c5640380b4116b2760d7bd9ea7afc695cd42,0.0,0.0,2751.665466,0,2,1786078955
2026-08-06,0x94a734bf60cde88ab10a9951b17278a3ce129860,113676,0x062e4c8530018238715c4595017345cddd694791,0.0,0.0,1986.272498,0,2,1785981341
2026-08-06,0x94a734bf60cde88ab10a9951b17278a3ce129860,113846,0x062e4c8530018238715c4595017345cddd694791,0.0,0.0,2740.304004,0,2,1785981353
2026-08-06,0x94a734bf60cde88ab10a9951b17278a3ce129860,114216,0x42055d0e8771bf1ce105eab677b097d4cb4d4624,202.51841,405.03682,0.0,2,0,1786006585
2026-08-06,0x94a734bf60cde88ab10a9951b17278a3ce129860,115689,0x396ae68e4526f1f46245283a066c912d4d4fd24e,0.0,0.0,15903.88521,0,2,1786086455
2026-08-06,0x94a734bf60cde88ab10a9951b17278a3ce129860,115889,0x42055d0e8771bf1ce105eab677b097d4cb4d4624,322.0,644.0,0.0,2,0,1786006599
2026-08-06,0x94a734bf60cde88ab10a9951b17278a3ce129860,118532,0x2cab84780c031dd1d1e551a48033b320906e2fab,0.0,0.0,18515.130232,0,2,1785980479
2026-08-06,0x94a734bf60cde88ab10a9951b17278a3ce129860,118918,0x3ddae87d300a0ff41e50e139c5a301d14ba9fad9,0.0,0.0,18708.093668,0,2,1785979359
2026-08-06,0x94a734bf60cde88ab10a9951b17278a3ce129860,119252,0xe74647e67e2407db6a01f276fc9c81797f646248,3.049412,6.098824,11.06548,2,2,1786038045
2026-08-06,0x94a734bf60cde88ab10a9951b17278a3ce129860,119681,0x338c03aaa18e060158742fb984037f95f69e9246,0.0,0.0,0.571422,0,2,1786016423
2026-08-06,0x94a734bf60cde88ab10a9951b17278a3ce129860,119694,0xb1d2c900c7b02840818070aa159e7dfedd6fb99b,0.0,0.0,0.150846,0,2,1785981533
2026-08-06,0x94a734bf60cde88ab10a9951b17278a3ce129860,119803,0xc605a0d4e1f04022277b1a9a670b046a2b223717,0.0,0.0,1.307362,0,2,1786057433
2026-08-06,0x94a734bf60cde88ab10a9951b17278a3ce129860,119822,0x5fe03003d44fef08786b7797b728b0a87431a392,0.0,0.0,1.08691,0,2,1786052885
2026-08-06,0x94a734bf60cde88ab10a9951b17278a3ce129860,119886,0x9b14a421a79ddb82695d2898e4671b1f1eb5f6e1,0.511687,1.023374,0.0,2,0,1786038745
2026-08-06,0x94a734bf60cde88ab10a9951b17278a3ce129860,120178,0x73024f4c577ded086ccf97921c51286f8ed1ce86,0.0,0.0,83.94001,0,2,1786019003
2026-08-06,0x94a734bf60cde88ab10a9951b17278a3ce129860,120299,0xf0f5a1cdb8999bcb4e5130878a936a85dc54e1d6,0.0,0.0,96.083858,0,2,1786047807
2026-08-06,0x94a734bf60cde88ab10a9951b17278a3ce129860,120329,0x5b65755a36e25c14bf5d02bc39c72435b96e7ab4,0.0,0.0,435.392726,0,2,1785997463
2026-08-06,0x94a734bf60cde88ab10a9951b17278a3ce129860,120923,0x8f3779ac4751ee7f2358adafbdeaa96c060b928b,0.0,0.0,20.07127,0,2,1785980055
2026-08-06,0x94a734bf60cde88ab10a9951b17278a3ce129860,120985,0xd243e64b4faf22e242beee04ca6bba739a28f173,0.0,0.0,161.078546,0,2,1785980645
2026-08-06,0x94a734bf60cde88ab10a9951b17278a3ce129860,122475,0xd0793c144c7e09c3d7e0da7a8384c31d0577f838,0.0,0.0,142.233804,0,2,1785995929
2026-08-06,0x94a734bf60cde88ab10a9951b17278a3ce129860,122961,0xfe3850cd9b561096eb9945c576c24a72d596c0f8,0.0,0.0,1490.13651,0,2,1786049495
2026-08-06,0x94a734bf60cde88ab10a9951b17278a3ce129860,123048,0x32ce4511d81d8d36bb257bbe7b47b4a73d95503c,0.0,0.0,5086.96814,0,2,1785990031
2026-08-06,0x94a734bf60cde88ab10a9951b17278a3ce129860,123360,0x83ce12b1fb990044b2e1b0f164804e529fe98ae2,8.209776,16.419552,30.693704,2,2,1785996139
2026-08-06,0x94a734bf60cde88ab10a9951b17278a3ce129860,130272,0xe5303e9c8f3a1542246b370f7c29cc81d21daf99,0.0,0.0,20.0,0,2,1786009197
2026-08-06,0x94a734bf60cde88ab10a9951b17278a3ce129860,130275,0xd758b661edc93c662c8f44efb5a8ce3503099240,0.0,0.0,0.008655,0,1,1786153973
2026-08-06,0x94a734bf60cde88ab10a9951b17278a3ce129860,130328,0xe2cc491c0906e40d753cd31da544167d76dd1f10,0.0,0.0,0.532426,0,1,1786117897
2026-08-06,0x94a734bf60cde88ab10a9951b17278a3ce129860,130356,0xb3dbd89a4ab74d365be2835bad565af3b0d54faa,0.0,0.0,0.001708,2,2,1786058311
2026-08-06,0x94a734bf60cde88ab10a9951b17278a3ce129860,130413,0x359380a2c3370dadc6d2ba76d3e87d88c871a3bd,1.143287,2.286574,0.0,2,0,1786032727
2026-08-06,0x9520e1a3bfd86da6c1e9e5ee4b9c2f11c413358f,6393,0x6e5f7bd9b940287f6c9ae8a2ecfb93224a09cba5,68.341594,136.683188,137.305468,2,2,1786017265
2026-08-06,0x9520e1a3bfd86da6c1e9e5ee4b9c2f11c413358f,10298,0x488c8e0213051dc78155048e947257742d928bdf,603816.867509,51079639.081073,51073302.661727,85,85,1786163735
2026-08-06,0x9520e1a3bfd86da6c1e9e5ee4b9c2f11c413358f,11129,0xdf204a863183d795793a94788fedf5a839061762,393558.191037,1571817.581478,1569403.446242,4,4,1786074461
2026-08-06,0x9520e1a3bfd86da6c1e9e5ee4b9c2f11c413358f,89935,0xbe6bbf7b3f6d8e4ffbe73a4ec1dc56955b000505,81.110415,162.22083,162.22083,2,2,1786001239
2026-08-06,0x9520e1a3bfd86da6c1e9e5ee4b9c2f11c413358f,122760,0xdca053ccf7f390a520c1f3efbccb5f05530f9c0e,0.01032,0.02064,0.02289,2,2,1786014619
2026-08-06,0x9520e1a3bfd86da6c1e9e5ee4b9c2f11c413358f,122862,0x36c96b1363cfedb061c2ffdb1f9700c52bdad6c0,9.626529,9.626529,9.682745,1,1,1786106311
2026-08-06,0x9520e1a3bfd86da6c1e9e5ee4b9c2f11c413358f,130423,0x87ef527326efbe207316777f4bf459232bed28ed,2.392881,4.785762,0.0,2,0,1786101777
2026-08-06,0x95dada6bc214a86af204250f7b6ff873b52e0289,63578,0x975013969d096f74272b6aa9699ffb7c4cef6559,8.539706,17.079412,17.079412,2,2,1785983787
2026-08-06,0x96b9e829c934324a33f4130c7acc8a18e2351199,84445,0x6620912ac168458ed84d5d3d6c83e728abf9941f,15398.259377,15398.259377,15377.389187,1,1,1786128627
2026-08-06,0x96b9e829c934324a33f4130c7acc8a18e2351199,90044,0xc14242a137c06ff0b47b25f583795c70709c6bb5,0.445792,0.891584,4.234404,2,2,1786073339
2026-08-06,0x98c83e7b5348373e5866f4fdb3ae1682353b8574,119712,0x3fb9b2d072f026a49fa95d30df6de2e4ac4faf18,0.0,0.0,0.58879,0,2,1786053913
2026-08-06,0x98c83e7b5348373e5866f4fdb3ae1682353b8574,119741,0x4360e8029eaa5b824beec5db0429ad9b8f4f43b0,0.0,0.0,1.092214,0,2,1786077661
2026-08-06,0x98c83e7b5348373e5866f4fdb3ae1682353b8574,119804,0x961b0d0c15a4f6dfa6d1ac8dad7ff1c6e6992821,0.0,0.0,1.046122,0,2,1786077101
2026-08-06,0x98c83e7b5348373e5866f4fdb3ae1682353b8574,119805,0xc057c06318e1174f7867492bbc570114b83e090c,0.0,0.0,1.228619,0,1,1786124893
2026-08-06,0x98c83e7b5348373e5866f4fdb3ae1682353b8574,120184,0xd37af298e309e86f135642273865b6c5cb2d6ad3,0.0,0.0,3.663268,0,2,1785984109
2026-08-06,0x98c83e7b5348373e5866f4fdb3ae1682353b8574,129517,0x1334752203935d80bca8a89a378bbe36b88961af,1.072134,2.144268,2.692936,2,2,1786018387
2026-08-06,0x98c83e7b5348373e5866f4fdb3ae1682353b8574,130178,0x1334752203935d80bca8a89a378bbe36b88961af,0.510185,1.02037,0.483334,2,2,1786018475
2026-08-06,0x98c83e7b5348373e5866f4fdb3ae1682353b8574,130187,0x1334752203935d80bca8a89a378bbe36b88961af,1.636135,3.27227,0.722812,2,2,1786018563
2026-08-06,0x98c83e7b5348373e5866f4fdb3ae1682353b8574,130247,0x1334752203935d80bca8a89a378bbe36b88961af,0.509924,1.019848,0.98263,2,2,1786018611
2026-08-06,0x98c83e7b5348373e5866f4fdb3ae1682353b8574,130383,0x6b6989ab56cfe92846083cb101458b3da36ff0b4,0.0,0.0,1.175044,0,2,1786054011
2026-08-06,0x9aa26b650357bf9cc5439123bcd7e0c0200d90e6,89042,0x3c1381ac3c2ca74eaaa4fe7cbe851499202f528b,10.055264,20.110528,20.235,2,2,1785979321
2026-08-06,0x9c38b55f9a9aba91bbcedeb12bf4428f47a6a0b8,63578,0x975013969d096f74272b6aa9699ffb7c4cef6559,8.539706,17.079412,17.079412,2,2,1785983787
2026-08-06,0x9c38b55f9a9aba91bbcedeb12bf4428f47a6a0b8,76935,0xdeb16c01ae6c13d1277ce0efc1def6b5c3bdd6c7,0.0,0.0,557.642427,0,1,1786153675
2026-08-06,0x9c38b55f9a9aba91bbcedeb12bf4428f47a6a0b8,82275,0x3d54dbee5c5d0215246199e177f629e607ceb7d5,0.0,0.0,0.0,2,2,1786018335
2026-08-06,0x9c38b55f9a9aba91bbcedeb12bf4428f47a6a0b8,82276,0x05e63625a5003ba39dbd0e12d443c89b1eb48027,0.0,0.0,0.0,2,2,1786018337
2026-08-06,0x9c38b55f9a9aba91bbcedeb12bf4428f47a6a0b8,82277,0x24e56740d621aa314e2f352e26a47734c3572ee3,0.0,0.0,0.0,2,2,1786018405
2026-08-06,0x9c38b55f9a9aba91bbcedeb12bf4428f47a6a0b8,82278,0xbc5388ad815b08715122a6703be6a1091eb2a24d,0.0,0.0,0.0,2,2,1786018387
2026-08-06,0x9c38b55f9a9aba91bbcedeb12bf4428f47a6a0b8,82279,0x97473c122eedb5de9dbca7c8e353219743974d47,0.0,0.0,0.0,2,2,1786018389
2026-08-06,0x9c38b55f9a9aba91bbcedeb12bf4428f47a6a0b8,82280,0x270df65fa22c116ea3f63ea2c5ac927faf82f687,0.0,0.0,0.0,2,2,1786018951
2026-08-06,0x9c38b55f9a9aba91bbcedeb12bf4428f47a6a0b8,82281,0x9a589729132a053e6bed0fbfe97a75cc7094fd07,0.0,0.0,0.0,2,2,1786018945
2026-08-06,0x9c38b55f9a9aba91bbcedeb12bf4428f47a6a0b8,82282,0xc2dc738b00529978e5fb7e485b6be595d50b6aa8,0.0,0.0,0.0,2,2,1786018947
2026-08-06,0x9c38b55f9a9aba91bbcedeb12bf4428f47a6a0b8,82284,0x274c7d9bda3ab86c2e968733974b88fff45b8efc,0.0,0.0,0.0,2,2,1786018949
2026-08-06,0x9c38b55f9a9aba91bbcedeb12bf4428f47a6a0b8,82286,0x3a64825e45f50a6553d8759346acb5b20be6b0e9,0.0,0.0,0.0,2,2,1786019653
2026-08-06,0x9c38b55f9a9aba91bbcedeb12bf4428f47a6a0b8,82287,0xd152224d5fbbb832fc865451ffb8c751d5e51810,0.0,0.0,0.0,2,2,1786019607
2026-08-06,0x9c38b55f9a9aba91bbcedeb12bf4428f47a6a0b8,82288,0x5bbfc6a864d4c893ba02f2921f403806ece9aff2,0.0,0.0,0.0,2,2,1786019609
2026-08-06,0x9c38b55f9a9aba91bbcedeb12bf4428f47a6a0b8,82289,0x29f670ab391e2c46892bdcadb6909405e193a645,0.0,0.0,0.0,2,2,1786019611
2026-08-06,0x9c38b55f9a9aba91bbcedeb12bf4428f47a6a0b8,82292,0x525ea0f45d64eccec63c592abb12a01c9a476517,0.0,0.0,0.0,2,2,1786020443
2026-08-06,0x9c38b55f9a9aba91bbcedeb12bf4428f47a6a0b8,82293,0xd14d9b93fea781837d352819682b8bdbfd6318a5,0.0,0.0,0.0,2,2,1786020445
2026-08-06,0x9c38b55f9a9aba91bbcedeb12bf4428f47a6a0b8,82294,0xb2870eb0beecba8f762e0158b992e0a9e1d6c276,0.0,0.0,0.0,2,2,1786020447
2026-08-06,0x9c38b55f9a9aba91bbcedeb12bf4428f47a6a0b8,82295,0xa31576cb85e9db9de1bb2f2a96ad500d74a4f299,0.0,0.0,0.0,2,2,1786020451
2026-08-06,0x9c38b55f9a9aba91bbcedeb12bf4428f47a6a0b8,82296,0xce971aa0da23034bdbaa96fcb223e0446cbc62d2,0.0,0.0,0.0,2,2,1786020453
2026-08-06,0x9c38b55f9a9aba91bbcedeb12bf4428f47a6a0b8,82297,0x8185bf453afe0374ec61d6772e595dab6a00b251,0.0,0.0,0.0,2,2,1786020925
2026-08-06,0x9c38b55f9a9aba91bbcedeb12bf4428f47a6a0b8,82298,0x3df3ce7ce8be11b4a17f5d7bdb0305114e5b1f82,0.0,0.0,0.0,2,2,1786020927
2026-08-06,0x9c38b55f9a9aba91bbcedeb12bf4428f47a6a0b8,82299,0x71fb01bb76fd237ed87c263e7c2acec75d742523,0.0,0.0,0.0,2,2,1786020929
2026-08-06,0x9c38b55f9a9aba91bbcedeb12bf4428f47a6a0b8,82300,0x9acd1a8b15b78dca6b80dad92027223ce4af9b33,0.0,0.0,0.0,2,2,1786020931
2026-08-06,0x9c38b55f9a9aba91bbcedeb12bf4428f47a6a0b8,82301,0x3fb15dc0b49262e537475282835430bf7767a682,0.0,0.0,0.0,2,2,1786020933
2026-08-06,0x9c38b55f9a9aba91bbcedeb12bf4428f47a6a0b8,115099,0xa7e27d536ede7f5e2f93a264f3be3a23e91befb5,0.0,0.0,3499.76195,0,2,1785992011
2026-08-06,0x9d14ff91ae2c6e3d1a760542248b6c7f206894b0,3521,0x5ff292057942270078855655ff9f94ff5ca8ecae,2542.92467,5085.84934,0.0,2,0,1785993999
2026-08-06,0x9d14ff91ae2c6e3d1a760542248b6c7f206894b0,76935,0xdeb16c01ae6c13d1277ce0efc1def6b5c3bdd6c7,545.036804,545.036804,0.0,1,0,1786153675
2026-08-06,0x9d14ff91ae2c6e3d1a760542248b6c7f206894b0,90764,0x5ff292057942270078855655ff9f94ff5ca8ecae,3605.238002,7210.476004,0.0,2,0,1785993983
2026-08-06,0x9d14ff91ae2c6e3d1a760542248b6c7f206894b0,93035,0x132bd429f1e579bb2b1c397ad08641d9c38be6f5,124.547914,249.095828,249.095828,2,2,1785983223
2026-08-06,0x9d14ff91ae2c6e3d1a760542248b6c7f206894b0,110962,0x2471e3d5f807ca1bedbeee34660f8c37849d6c54,1431.637846,2863.275692,2873.984418,2,2,1785979511
2026-08-06,0x9dcbb8258e0015d6cb81061b3f5c47d5c5d6188f,15973,0x47a866eb5d120aab24861ebe41e9bd8e0793e33e,3.350482,6.700964,6.700964,2,2,1785997729
2026-08-06,0x9e48d016ee76cf53e2de8dc8058c7549c8c202df,63578,0x975013969d096f74272b6aa9699ffb7c4cef6559,2.659143,5.318286,6.227716,2,2,1785983787
2026-08-06,0xa01fd0f24a2e6fef6b2ed7573cb6f59164d396e0,1593,0x4ac139d40354cf5d6c135b21a0ad5a4314b2353c,0.0,0.0,292.575983,0,1,1786121969
2026-08-06,0xa0e2bac96ab51c92d3284781aee1eec817f6f9c2,93543,0x6e8c8b9e868da7ac2a46403c7f530e565cbfb762,0.0,0.0,372.678676,0,2,1786058451
2026-08-06,0xa11fbd0f7112f2fad10f92f09b4a8d85e8ddd401,5720,0xc07ad85c0ef78216836f49e779aeeb332da405de,414.071812,828.143624,828.143624,2,2,1786030357
2026-08-06,0xa11fbd0f7112f2fad10f92f09b4a8d85e8ddd401,82283,0xed29e9ebba490d0406766812315906fc15200ef1,0.0,0.0,0.0,0,2,1786018949
2026-08-06,0xa11fbd0f7112f2fad10f92f09b4a8d85e8ddd401,82285,0x485766d0ef040c702da66878fa7432b92721f4ab,0.0,0.0,0.0,0,2,1786019503
2026-08-06,0xa11fbd0f7112f2fad10f92f09b4a8d85e8ddd401,115099,0xa7e27d536ede7f5e2f93a264f3be3a23e91befb5,0.0,0.0,2799.80956,0,2,1785992011
2026-08-06,0xa11fbd0f7112f2fad10f92f09b4a8d85e8ddd401,118944,0xd5d9041f30bb174c12245894448027d0478213d5,0.109475,0.109475,0.20761,1,1,1786107577
2026-08-06,0xa135b59fe221c0c8d441294f97f96fbc37bc9fbe,524,0x76da9f88e63a85ba8bfa19f3821d5a271753d3dc,13168.192373,26336.384746,26336.384746,2,2,1786067133
2026-08-06,0xa135b59fe221c0c8d441294f97f96fbc37bc9fbe,1228,0xbe96635eaf3c394b583abcd303d043f0a8311baa,12282.335269,24564.670538,0.0,2,0,1785999919
2026-08-06,0xa135b59fe221c0c8d441294f97f96fbc37bc9fbe,2761,0x8995aeb1083e4b1e1679bf5c13a17ef9ecfb4a44,0.0,0.0,9199.24605,0,2,1786037689
2026-08-06,0xa135b59fe221c0c8d441294f97f96fbc37bc9fbe,4518,0x43917a8174465dc01522e8e14335eaa2cde33f6f,182.219067,182.219067,312.885245,1,1,1786112201
2026-08-06,0xa135b59fe221c0c8d441294f97f96fbc37bc9fbe,6393,0x6e5f7bd9b940287f6c9ae8a2ecfb93224a09cba5,68.341594,136.683188,137.305468,2,2,1786017265
2026-08-06,0xa135b59fe221c0c8d441294f97f96fbc37bc9fbe,9291,0x5aceb63d52d0d7081a72f254401893ffcf81381a,0.0,0.0,269662.262113,0,1,1786158631
2026-08-06,0xa135b59fe221c0c8d441294f97f96fbc37bc9fbe,11129,0xdf204a863183d795793a94788fedf5a839061762,6690489.247623,26720898.885126,26679858.586124,4,4,1786074461
2026-08-06,0xa135b59fe221c0c8d441294f97f96fbc37bc9fbe,22114,0xd6f14caf5db98820628e0acd3e3a7009b96c8861,283.604554,567.209108,566.691786,2,2,1786040163
2026-08-06,0xa135b59fe221c0c8d441294f97f96fbc37bc9fbe,30231,0xdffde0f254beada034f14383cfa01cc9eaf959fc,41.797361,41.797361,41.797361,1,1,1786115467
2026-08-06,0xa135b59fe221c0c8d441294f97f96fbc37bc9fbe,83523,0xefba0f56eef05f6a7d614ce519d2e284b46d3583,0.0,0.0,67658.273248,0,2,1785999955
2026-08-06,0xa135b59fe221c0c8d441294f97f96fbc37bc9fbe,86145,0x87acac58a3d3966be2b8238bd000576c8b3cae0c,0.0,0.0,102.469772,0,2,1785983977
2026-08-06,0xa135b59fe221c0c8d441294f97f96fbc37bc9fbe,89935,0xbe6bbf7b3f6d8e4ffbe73a4ec1dc56955b000505,81.110415,162.22083,324.44166,2,2,1786001239
2026-08-06,0xa135b59fe221c0c8d441294f97f96fbc37bc9fbe,90044,0xc14242a137c06ff0b47b25f583795c70709c6bb5,2.105571,4.211142,15.135988,2,2,1786073339
2026-08-06,0xa135b59fe221c0c8d441294f97f96fbc37bc9fbe,90566,0xbe6bbf7b3f6d8e4ffbe73a4ec1dc56955b000505,78.348591,156.697182,391.742958,2,2,1786001307
2026-08-06,0xa135b59fe221c0c8d441294f97f96fbc37bc9fbe,111396,0x2559a7f7de901e837fed1b8197d2509e4c274f20,0.0,0.0,13644.832461,0,1,1786147167
2026-08-06,0xa135b59fe221c0c8d441294f97f96fbc37bc9fbe,112425,0x89a99e361a1628c161f7ccfb843e0cb8ab5b3f07,487.941142,975.882284,0.0,2,0,1785978097
2026-08-06,0xa135b59fe221c0c8d441294f97f96fbc37bc9fbe,114155,0x0bf11137d4a9ab7e214f428e698ee8138268fdf3,487.125173,487.125173,490.253647,1,1,1786138913
2026-08-06,0xa135b59fe221c0c8d441294f97f96fbc37bc9fbe,114782,0xd6d1a0681b39a5a78350c49979b91f038c29fa78,14.126835,53.024004,49.529336,4,4,1786056647
2026-08-06,0xa135b59fe221c0c8d441294f97f96fbc37bc9fbe,115299,0xcaf3b112e7cd93f9866109962911fce3a96aa705,0.0,0.0,3889.493808,0,2,1785999133
2026-08-06,0xa135b59fe221c0c8d441294f97f96fbc37bc9fbe,117634,0x170ddec929b8dfdfadbaba9bf994d9f3f7343cf1,0.0,0.0,22817.890398,0,2,1786020309
2026-08-06,0xa135b59fe221c0c8d441294f97f96fbc37bc9fbe,120952,0xe3e266d0a52ad8c6cc1167ca3040fae6d274c386,56.995787,56.995787,57.239136,1,1,1786162179
2026-08-06,0xa135b59fe221c0c8d441294f97f96fbc37bc9fbe,121123,0x4644b0750216ca64afa8cb7464df764eacd5c8be,47.677091,95.354182,80.445516,2,2,1786044517
2026-08-06,0xa135b59fe221c0c8d441294f97f96fbc37bc9fbe,123131,0xe6ceaf3a9097f08bab06a8fd4d116caa74bfdf9f,64.286393,64.286393,53.722393,1,1,1786150153
2026-08-06,0xa2440bc42f9933914a2d246ab471e5b2d7aa5045,85447,0xdda821f4eae19053aba8cb2982ad2f0ea38b5a8e,6.571864,13.143728,32.844288,2,2,1785981721
2026-08-06,0xa33f162da19c7273ba1205bfd9d4340da2446e3a,1601,0x78b7254b5fcc7b60376fd9e16bc9f23860b190f4,3008.826033,6017.652066,6088.926256,2,2,1786051899
2026-08-06,0xa33f162da19c7273ba1205bfd9d4340da2446e3a,5056,0x7e5c1a665bfd595a8de3ac91dabb37a65db04096,0.0,0.0,1389.25221,0,2,1786039319
2026-08-06,0xa33f162da19c7273ba1205bfd9d4340da2446e3a,85351,0xf3ed98c177c4c850379da04858ed8ddd934665ec,650.939217,1301.878434,1299.533984,2,2,1785979483
2026-08-06,0xa41bc0affba7fd420d186b84899d7ab2ac57fcd1,17927,0xb696d65ad33ea52c49cefbbdc300af9c9a0e6711,0.0,0.0,125.12298,0,2,1786071047
2026-08-06,0xa41bc0affba7fd420d186b84899d7ab2ac57fcd1,114582,0x8d918b5fe796c7689ec4f95174a3296f71f29483,0.0,0.0,5381.456428,0,2,1786006925
2026-08-06,0xa44d3bb767d953711ea4bce8c0f01f4d7d299af6,63578,0x975013969d096f74272b6aa9699ffb7c4cef6559,8.539706,17.079412,17.079412,2,2,1785983787
2026-08-06,0xa6385c73961dd9c58db2ef0c4eb98ce4b60651e8,63578,0x975013969d096f74272b6aa9699ffb7c4cef6559,4.269853,8.539706,8.539706,2,2,1785983787
2026-08-06,0xa69cdf524d072c366fd050957880552916d29405,23987,0xaae6cf5e13463d0dbadbd68c23aed99d25da2e3c,968.602261,1937.204522,0.0,2,0,1786034333
2026-08-06,0xaa10db59a60e511872a70aaaf1aff09fb173ba75,86748,0x571cbf521dbffc43fb43384a2e3eec8b4625aba0,0.0,0.0,213.180806,0,2,1786070143
2026-08-06,0xabe1f289107c20081f591bb3972b8289add64f6c,77717,0xadd2f9a2c8b74cfb1b8e8fd563531a46b86a8995,0.004576,0.004576,0.004646,1,1,1786114705
2026-08-06,0xabe1f289107c20081f591bb3972b8289add64f6c,82275,0x3d54dbee5c5d0215246199e177f629e607ceb7d5,0.0,0.0,0.0,0,2,1786018335
2026-08-06,0xabe1f289107c20081f591bb3972b8289add64f6c,82276,0x05e63625a5003ba39dbd0e12d443c89b1eb48027,0.0,0.0,0.0,0,2,1786018337
2026-08-06,0xabe1f289107c20081f591bb3972b8289add64f6c,82277,0x24e56740d621aa314e2f352e26a47734c3572ee3,0.0,0.0,0.0,0,2,1786018405
2026-08-06,0xabe1f289107c20081f591bb3972b8289add64f6c,82278,0xbc5388ad815b08715122a6703be6a1091eb2a24d,0.0,0.0,0.0,0,2,1786018387
2026-08-06,0xabe1f289107c20081f591bb3972b8289add64f6c,82279,0x97473c122eedb5de9dbca7c8e353219743974d47,0.0,0.0,0.0,0,2,1786018389
2026-08-06,0xabe1f289107c20081f591bb3972b8289add64f6c,82280,0x270df65fa22c116ea3f63ea2c5ac927faf82f687,0.0,0.0,0.0,0,2,1786018951
2026-08-06,0xabe1f289107c20081f591bb3972b8289add64f6c,82281,0x9a589729132a053e6bed0fbfe97a75cc7094fd07,0.0,0.0,0.0,0,2,1786018945
2026-08-06,0xabe1f289107c20081f591bb3972b8289add64f6c,82282,0xc2dc738b00529978e5fb7e485b6be595d50b6aa8,0.0,0.0,0.0,0,2,1786018947
2026-08-06,0xabe1f289107c20081f591bb3972b8289add64f6c,82283,0xed29e9ebba490d0406766812315906fc15200ef1,0.0,0.0,0.0,2,2,1786018949
2026-08-06,0xabe1f289107c20081f591bb3972b8289add64f6c,82284,0x274c7d9bda3ab86c2e968733974b88fff45b8efc,0.0,0.0,0.0,0,2,1786018949
2026-08-06,0xabe1f289107c20081f591bb3972b8289add64f6c,82285,0x485766d0ef040c702da66878fa7432b92721f4ab,0.0,0.0,0.0,2,2,1786019503
2026-08-06,0xabe1f289107c20081f591bb3972b8289add64f6c,82286,0x3a64825e45f50a6553d8759346acb5b20be6b0e9,0.0,0.0,0.0,0,2,1786019653
2026-08-06,0xabe1f289107c20081f591bb3972b8289add64f6c,82287,0xd152224d5fbbb832fc865451ffb8c751d5e51810,0.0,0.0,0.0,0,2,1786019607
2026-08-06,0xabe1f289107c20081f591bb3972b8289add64f6c,82288,0x5bbfc6a864d4c893ba02f2921f403806ece9aff2,0.0,0.0,0.0,0,2,1786019609
2026-08-06,0xabe1f289107c20081f591bb3972b8289add64f6c,82289,0x29f670ab391e2c46892bdcadb6909405e193a645,0.0,0.0,0.0,0,2,1786019611
2026-08-06,0xabe1f289107c20081f591bb3972b8289add64f6c,82293,0xd14d9b93fea781837d352819682b8bdbfd6318a5,0.0,0.0,0.0,0,2,1786020445
2026-08-06,0xabe1f289107c20081f591bb3972b8289add64f6c,82294,0xb2870eb0beecba8f762e0158b992e0a9e1d6c276,0.0,0.0,0.0,0,2,1786020447
2026-08-06,0xabe1f289107c20081f591bb3972b8289add64f6c,82295,0xa31576cb85e9db9de1bb2f2a96ad500d74a4f299,0.0,0.0,0.0,0,2,1786020451
2026-08-06,0xabe1f289107c20081f591bb3972b8289add64f6c,82296,0xce971aa0da23034bdbaa96fcb223e0446cbc62d2,0.0,0.0,0.0,0,2,1786020453
2026-08-06,0xabe1f289107c20081f591bb3972b8289add64f6c,82297,0x8185bf453afe0374ec61d6772e595dab6a00b251,0.0,0.0,0.0,0,2,1786020925
2026-08-06,0xabe1f289107c20081f591bb3972b8289add64f6c,82298,0x3df3ce7ce8be11b4a17f5d7bdb0305114e5b1f82,0.0,0.0,0.0,0,2,1786020927
2026-08-06,0xabe1f289107c20081f591bb3972b8289add64f6c,82299,0x71fb01bb76fd237ed87c263e7c2acec75d742523,0.0,0.0,0.0,0,2,1786020929
2026-08-06,0xabe1f289107c20081f591bb3972b8289add64f6c,82300,0x9acd1a8b15b78dca6b80dad92027223ce4af9b33,0.0,0.0,0.0,0,2,1786020931
2026-08-06,0xabe1f289107c20081f591bb3972b8289add64f6c,82301,0x3fb15dc0b49262e537475282835430bf7767a682,0.0,0.0,0.0,0,2,1786020933
2026-08-06,0xabe1f289107c20081f591bb3972b8289add64f6c,90044,0xc14242a137c06ff0b47b25f583795c70709c6bb5,2.105571,4.211142,4.234404,2,2,1786073339
2026-08-06,0xabe1f289107c20081f591bb3972b8289add64f6c,115391,0xd6807a5d4145bbb18288e2f45ca3adb2c788946c,30.587787,30.587787,11.569379,1,1,1786152615
2026-08-06,0xabe1f289107c20081f591bb3972b8289add64f6c,118944,0xd5d9041f30bb174c12245894448027d0478213d5,0.060211,0.060211,0.114184,1,1,1786107577
2026-08-06,0xabe1f289107c20081f591bb3972b8289add64f6c,119234,0x50d9b71efed301ca8ede6a5be96b765a3bb09081,0.286182,0.286182,1.303745,1,1,1786156937
2026-08-06,0xac4e562d7c6108f971321f14238e24ae2cc398ac,6815,0x33b2ad24a6130e7a76f09ac9a79519b08576e17a,0.0,0.0,91.861882,0,2,1786015509
2026-08-06,0xac4e562d7c6108f971321f14238e24ae2cc398ac,16638,0x1113b0a136918c3d9751959da62ce934e45f32c2,0.0,0.0,50.689202,0,2,1786007829
2026-08-06,0xac4e562d7c6108f971321f14238e24ae2cc398ac,82275,0x3d54dbee5c5d0215246199e177f629e607ceb7d5,0.0,0.0,8.8e-05,2,2,1786018335
2026-08-06,0xac4e562d7c6108f971321f14238e24ae2cc398ac,82276,0x05e63625a5003ba39dbd0e12d443c89b1eb48027,0.0,0.0,8.8e-05,2,2,1786018337
2026-08-06,0xac4e562d7c6108f971321f14238e24ae2cc398ac,82277,0x24e56740d621aa314e2f352e26a47734c3572ee3,0.0,0.0,8.8e-05,2,2,1786018405
2026-08-06,0xac4e562d7c6108f971321f14238e24ae2cc398ac,82278,0xbc5388ad815b08715122a6703be6a1091eb2a24d,4.3e-05,8.6e-05,0.011556,2,2,1786018387
2026-08-06,0xac4e562d7c6108f971321f14238e24ae2cc398ac,82279,0x97473c122eedb5de9dbca7c8e353219743974d47,0.0,0.0,8.8e-05,2,2,1786018389
2026-08-06,0xac4e562d7c6108f971321f14238e24ae2cc398ac,82280,0x270df65fa22c116ea3f63ea2c5ac927faf82f687,0.0,0.0,9.2e-05,2,2,1786018951
2026-08-06,0xac4e562d7c6108f971321f14238e24ae2cc398ac,82281,0x9a589729132a053e6bed0fbfe97a75cc7094fd07,0.0,0.0,8.8e-05,2,2,1786018945
2026-08-06,0xac4e562d7c6108f971321f14238e24ae2cc398ac,82282,0xc2dc738b00529978e5fb7e485b6be595d50b6aa8,0.0,0.0,8.8e-05,2,2,1786018947
2026-08-06,0xac4e562d7c6108f971321f14238e24ae2cc398ac,82283,0xed29e9ebba490d0406766812315906fc15200ef1,0.0,0.0,8.6e-05,2,2,1786018949
2026-08-06,0xac4e562d7c6108f971321f14238e24ae2cc398ac,82284,0x274c7d9bda3ab86c2e968733974b88fff45b8efc,0.0,0.0,8.8e-05,2,2,1786018949
2026-08-06,0xac4e562d7c6108f971321f14238e24ae2cc398ac,82285,0x485766d0ef040c702da66878fa7432b92721f4ab,4.4e-05,8.8e-05,0.011566,2,2,1786019503
2026-08-06,0xac4e562d7c6108f971321f14238e24ae2cc398ac,82286,0x3a64825e45f50a6553d8759346acb5b20be6b0e9,0.0,0.0,8.8e-05,2,2,1786019653
2026-08-06,0xac4e562d7c6108f971321f14238e24ae2cc398ac,82287,0xd152224d5fbbb832fc865451ffb8c751d5e51810,0.0,0.0,9.4e-05,2,2,1786019607
2026-08-06,0xac4e562d7c6108f971321f14238e24ae2cc398ac,82288,0x5bbfc6a864d4c893ba02f2921f403806ece9aff2,0.0,0.0,8.8e-05,2,2,1786019609
2026-08-06,0xac4e562d7c6108f971321f14238e24ae2cc398ac,82289,0x29f670ab391e2c46892bdcadb6909405e193a645,0.0,0.0,8.8e-05,2,2,1786019611
2026-08-06,0xac4e562d7c6108f971321f14238e24ae2cc398ac,82292,0x525ea0f45d64eccec63c592abb12a01c9a476517,0.0,0.0,9e-05,2,2,1786020443
2026-08-06,0xac4e562d7c6108f971321f14238e24ae2cc398ac,82293,0xd14d9b93fea781837d352819682b8bdbfd6318a5,0.0,0.0,9e-05,2,2,1786020445
2026-08-06,0xac4e562d7c6108f971321f14238e24ae2cc398ac,82294,0xb2870eb0beecba8f762e0158b992e0a9e1d6c276,0.0,0.0,9e-05,2,2,1786020447
2026-08-06,0xac4e562d7c6108f971321f14238e24ae2cc398ac,82295,0xa31576cb85e9db9de1bb2f2a96ad500d74a4f299,0.0,0.0,9e-05,2,2,1786020451
2026-08-06,0xac4e562d7c6108f971321f14238e24ae2cc398ac,82296,0xce971aa0da23034bdbaa96fcb223e0446cbc62d2,0.0,0.0,9e-05,2,2,1786020453
2026-08-06,0xac4e562d7c6108f971321f14238e24ae2cc398ac,82297,0x8185bf453afe0374ec61d6772e595dab6a00b251,0.0,0.0,9e-05,2,2,1786020925
2026-08-06,0xac4e562d7c6108f971321f14238e24ae2cc398ac,82298,0x3df3ce7ce8be11b4a17f5d7bdb0305114e5b1f82,0.0,0.0,9e-05,2,2,1786020927
2026-08-06,0xac4e562d7c6108f971321f14238e24ae2cc398ac,82299,0x71fb01bb76fd237ed87c263e7c2acec75d742523,0.0,0.0,9e-05,2,2,1786020929
2026-08-06,0xac4e562d7c6108f971321f14238e24ae2cc398ac,82300,0x9acd1a8b15b78dca6b80dad92027223ce4af9b33,0.0,0.0,9e-05,2,2,1786020931
2026-08-06,0xac4e562d7c6108f971321f14238e24ae2cc398ac,82301,0x3fb15dc0b49262e537475282835430bf7767a682,0.0,0.0,9e-05,2,2,1786020933
2026-08-06,0xac4e562d7c6108f971321f14238e24ae2cc398ac,109877,0x8d4ad8f4333e66cd131d2ad68a4ed13d768547ab,0.0,0.0,2859.42002,0,2,1785979079
2026-08-06,0xac4e562d7c6108f971321f14238e24ae2cc398ac,118944,0xd5d9041f30bb174c12245894448027d0478213d5,1.665817,1.665817,3.159065,1,1,1786107577
2026-08-06,0xac4e562d7c6108f971321f14238e24ae2cc398ac,119252,0xe74647e67e2407db6a01f276fc9c81797f646248,0.779625,1.55925,2.829044,2,2,1786038045
2026-08-06,0xac4e562d7c6108f971321f14238e24ae2cc398ac,119615,0xa47dfe854ac531b8bce0082404974f39734fbc59,17.464067,34.928134,35.004124,2,2,1786046505
2026-08-06,0xac4e562d7c6108f971321f14238e24ae2cc398ac,122733,0x45f707e26a18547192820dcf01a05ad2712dadb4,0.0,0.0,0.29798,0,2,1786012609
2026-08-06,0xac4e562d7c6108f971321f14238e24ae2cc398ac,123033,0xdd67a82d44aed21fb6e264d04bafe9f3189f7d68,0.0,0.0,0.001904,0,2,1786011115
2026-08-06,0xb07d7eece8866e549601af5c7622d8cdbedc914e,23176,0xe79048575a4979bc8c58a9e0c230b25546d24ba9,143.866863,287.733726,289.84046,2,2,1786066221
2026-08-06,0xb07d7eece8866e549601af5c7622d8cdbedc914e,63578,0x975013969d096f74272b6aa9699ffb7c4cef6559,8.539706,17.079412,17.079412,2,2,1785983787
2026-08-06,0xb099c658e784b41ee435d48a8eb67e8f27285c93,63700,0x87acac58a3d3966be2b8238bd000576c8b3cae0c,0.0,0.0,400.1972,0,2,1786038665
2026-08-06,0xb099c658e784b41ee435d48a8eb67e8f27285c93,118539,0x87acac58a3d3966be2b8238bd000576c8b3cae0c,0.0,0.0,2892.021228,0,2,1786038675
2026-08-06,0xb1857b20d91c216f51656b63081f35c7cd0a489d,513,0xef0678998ae8d5745202cfc3f5a6b7e7b2509f5d,0.0,0.0,74908.679246,0,2,1785991401
2026-08-06,0xb1857b20d91c216f51656b63081f35c7cd0a489d,118877,0x8aba19a6a144342d25ba4259db74190cfd0b467a,0.0,0.0,5.452554,0,2,1786093379
2026-08-06,0xb211a9ddff3a10806c8fdb92dbc4c34596a23f84,118944,0xd5d9041f30bb174c12245894448027d0478213d5,1.51839,1.51839,2.879483,1,1,1786107577
2026-08-06,0xb2cc224c1c9fee385f8ad6a55b4d94e92359dc59,524,0x76da9f88e63a85ba8bfa19f3821d5a271753d3dc,9036.914007,18073.828014,17913.151294,2,2,1786067133
2026-08-06,0xb2cc224c1c9fee385f8ad6a55b4d94e92359dc59,525,0x1f92b5affd12981ef0fa7ba22a802379fd36929e,26837.186755,53674.37351,53674.37351,2,2,1786025483
2026-08-06,0xb2cc224c1c9fee385f8ad6a55b4d94e92359dc59,850,0xb7d49adb031d6dbdf3e8e28f21c6dd3b6f231cd5,0.0,0.0,1029.168562,0,1,1786133705
2026-08-06,0xb2cc224c1c9fee385f8ad6a55b4d94e92359dc59,1515,0xe4b25f04f8ef35c65ea220a7b56d74cca4edf80c,19537.091255,39074.18251,39056.30846,2,2,1785984893
2026-08-06,0xb2cc224c1c9fee385f8ad6a55b4d94e92359dc59,1661,0x0738d9388edda08fe58eb185bfed473d0e99755b,3849.979368,7699.958736,7759.255806,2,2,1785989929
2026-08-06,0xb2cc224c1c9fee385f8ad6a55b4d94e92359dc59,2448,0xbad58e133138549936d2576ebc33251be841d3e9,0.0,0.0,1974.809756,0,2,1786092443
2026-08-06,0xb2cc224c1c9fee385f8ad6a55b4d94e92359dc59,2927,0xfc4b2a62a06cb2e1c6a743e9ae327bb16977e4c1,3941.325024,7882.650048,7879.044216,2,2,1786058629
2026-08-06,0xb2cc224c1c9fee385f8ad6a55b4d94e92359dc59,3212,0x10ae381a762a9cc313346d248f6ae8d179b8e5bd,1835.703605,1835.703605,1835.703605,1,1,1786131831
2026-08-06,0xb2cc224c1c9fee385f8ad6a55b4d94e92359dc59,3366,0xf9618180e75ec26240cbfddcb80a915e8218c048,1743.347608,1743.347608,1741.757594,1,1,1786148027
2026-08-06,0xb2cc224c1c9fee385f8ad6a55b4d94e92359dc59,3783,0xc396e325afef0e49d7712a223208c8440c1b9afe,13048.842432,26097.684864,26085.746768,2,2,1786072773
2026-08-06,0xb2cc224c1c9fee385f8ad6a55b4d94e92359dc59,4428,0x39f6b2d21a5f93291fba2eb2cc1e435d21bcbc89,629.761841,1259.523682,1259.523682,2,2,1785997071
2026-08-06,0xb2cc224c1c9fee385f8ad6a55b4d94e92359dc59,4524,0xaa312eb19552f924dfc47bfefe47f35a902fc595,585.437783,1170.875566,1170.875566,2,2,1786039655
2026-08-06,0xb2cc224c1c9fee385f8ad6a55b4d94e92359dc59,5937,0xe98659f19ac46d515877f1dcb5d7ede77a0b61c3,1703.122779,3406.245558,3404.687408,2,2,1786036925
2026-08-06,0xb2cc224c1c9fee385f8ad6a55b4d94e92359dc59,6038,0xe07e487d5a5e1098bbb4d259dac5ef83ae273f4e,415.36851,830.73702,830.73702,2,2,1786099705
2026-08-06,0xb2cc224c1c9fee385f8ad6a55b4d94e92359dc59,8273,0x139596f71b5d26d467ed1819a535a9190ea3ed0e,258.689983,517.379966,531.398054,2,2,1786025803
2026-08-06,0xb2cc224c1c9fee385f8ad6a55b4d94e92359dc59,9015,0xc01141889027e2bd253c08c8bece4f6f1b4f8349,19.200903,19.200903,23.167586,1,1,1786105925
2026-08-06,0xb2cc224c1c9fee385f8ad6a55b4d94e92359dc59,9440,0x4142e7b1e829cf498bf3017b8f964e6ed293ffd4,1683.888614,1683.888614,1696.259449,1,1,1786107819
2026-08-06,0xb2cc224c1c9fee385f8ad6a55b4d94e92359dc59,12791,0xdfea4755c067dfabaf0a18c88d226337874469ac,2579.370382,5158.740764,5221.682858,2,2,1785982627
2026-08-06,0xb2cc224c1c9fee385f8ad6a55b4d94e92359dc59,15823,0x55dbaec5e20f68408f577ee3d7134adc02174942,871.207796,1742.415592,1763.334806,2,2,1786060749
2026-08-06,0xb2cc224c1c9fee385f8ad6a55b4d94e92359dc59,19553,0xbd75ef15d28a66fb1c558b9b2edda45ed1b8fbd1,608.922639,608.922639,614.613655,1,1,1786106557
2026-08-06,0xb2cc224c1c9fee385f8ad6a55b4d94e92359dc59,20692,0x07774535c290b49032418ba306a30d8d950a056a,42918.745448,85837.490896,85798.225492,2,2,1785984815
2026-08-06,0xb2cc224c1c9fee385f8ad6a55b4d94e92359dc59,21246,0x85709e9df8ef5814f666ee3394a19bb8654b3b48,409.368755,818.73751,826.65916,2,2,1786004693
2026-08-06,0xb2cc224c1c9fee385f8ad6a55b4d94e92359dc59,22330,0xe07e487d5a5e1098bbb4d259dac5ef83ae273f4e,40.460911,80.921822,90.298846,2,2,1786099713
2026-08-06,0xb2cc224c1c9fee385f8ad6a55b4d94e92359dc59,22977,0x07774535c290b49032418ba306a30d8d950a056a,61259.090665,122518.18133,122462.13675,2,2,1785984743
2026-08-06,0xb2cc224c1c9fee385f8ad6a55b4d94e92359dc59,23786,0x937ea19aa5852de6ea8fbbbde1bd5e578057ef28,20.173842,40.347684,43.36695,2,2,1786002145
2026-08-06,0xb2cc224c1c9fee385f8ad6a55b4d94e92359dc59,24059,0xcd5d14351d7d4559bf2972cbfcf3b24be3bc4183,915.994198,1831.988396,1830.317156,2,2,1785988835
2026-08-06,0xb2cc224c1c9fee385f8ad6a55b4d94e92359dc59,31005,0x1f92b5affd12981ef0fa7ba22a802379fd36929e,1197.014934,2394.029868,2394.029868,2,2,1786025487
2026-08-06,0xb2cc224c1c9fee385f8ad6a55b4d94e92359dc59,34515,0xc81edd553d2269da6c0356a86be5490278e82fa5,27.539585,55.07917,55.07917,2,2,1786026111
2026-08-06,0xb2cc224c1c9fee385f8ad6a55b4d94e92359dc59,37302,0xc81edd553d2269da6c0356a86be5490278e82fa5,20.503397,41.006794,41.418392,2,2,1786026123
2026-08-06,0xb2cc224c1c9fee385f8ad6a55b4d94e92359dc59,43941,0x639fad44e324329a726cc1845a4b7f3ab2ac1dab,11201.237332,22402.474664,22392.226902,2,2,1786028855
2026-08-06,0xb2cc224c1c9fee385f8ad6a55b4d94e92359dc59,61086,0x727a2341e9c89f4ba40df21eb1927c309c7ddb2f,837.939253,1675.878506,1690.113912,2,2,1786051721
2026-08-06,0xb2cc224c1c9fee385f8ad6a55b4d94e92359dc59,61497,0x639fad44e324329a726cc1845a4b7f3ab2ac1dab,5720.749933,11441.499866,11436.26608,2,2,1786029123
2026-08-06,0xb2cc224c1c9fee385f8ad6a55b4d94e92359dc59,61586,0xe4b25f04f8ef35c65ea220a7b56d74cca4edf80c,20389.90535,40779.8107,40761.15643,2,2,1785984971
2026-08-06,0xb2cc224c1c9fee385f8ad6a55b4d94e92359dc59,63256,0xf79332cd95f5b76c0cac8f99cd7bf1aef8edbcf2,1540.017751,3080.035502,3101.726782,2,2,1785994671
2026-08-06,0xb2cc224c1c9fee385f8ad6a55b4d94e92359dc59,69552,0xd28f5dac3c8069339a7f48ec4a06402274470961,197.42955,197.42955,198.391196,1,1,1786123105
2026-08-06,0xb2cc224c1c9fee385f8ad6a55b4d94e92359dc59,70349,0xe27eb49d2a857783e77b7d57e79dd561de30a60e,4573.454489,9146.908978,9201.481538,2,2,1786073249
2026-08-06,0xb2cc224c1c9fee385f8ad6a55b4d94e92359dc59,71272,0xb98ad314728a1fe75e443181996b04337ba6b265,12.735463,25.470926,26.720602,2,2,1786027185
2026-08-06,0xb2cc224c1c9fee385f8ad6a55b4d94e92359dc59,71492,0x52a85925fccb0980076e6c3c684348c71f6b196d,612.876086,1225.752172,1205.561158,2,2,1786026021
2026-08-06,0xb2cc224c1c9fee385f8ad6a55b4d94e92359dc59,75980,0xcef28ce7884ae973990fb826c1986afaa9319b9a,75.737922,151.475844,151.475844,2,2,1785998109
2026-08-06,0xb2cc224c1c9fee385f8ad6a55b4d94e92359dc59,75985,0x6c0d952c843adeb1f99894be2c38c38af76bf0d1,2335.364627,4670.729254,4668.603962,2,2,1786018853
2026-08-06,0xb2cc224c1c9fee385f8ad6a55b4d94e92359dc59,76102,0xa14cc08fa80b19bd51f64ba4a1e93214cb152feb,4835.274526,9670.549052,9737.46119,2,2,1785986907
2026-08-06,0xb2cc224c1c9fee385f8ad6a55b4d94e92359dc59,77197,0xa14cc08fa80b19bd51f64ba4a1e93214cb152feb,4126.51751,8253.03502,8309.330426,2,2,1785986907
2026-08-06,0xb2cc224c1c9fee385f8ad6a55b4d94e92359dc59,77488,0xa14cc08fa80b19bd51f64ba4a1e93214cb152feb,4678.597949,9357.195898,9423.46476,2,2,1785986899
2026-08-06,0xb2cc224c1c9fee385f8ad6a55b4d94e92359dc59,77501,0xa14cc08fa80b19bd51f64ba4a1e93214cb152feb,5616.068008,11232.136016,11308.156666,2,2,1785986881
2026-08-06,0xb2cc224c1c9fee385f8ad6a55b4d94e92359dc59,79141,0xc7a3f400cdde42cf52f240e46ae83d59f3df1303,537.376706,1074.753412,1082.089874,2,2,1786061969
2026-08-06,0xb2cc224c1c9fee385f8ad6a55b4d94e92359dc59,79313,0xdd6b9bd7de01e070bc1696bbc40274f7395cbd30,265364.700114,955312.92041,848019.230452,4,4,1786000969
2026-08-06,0xb2cc224c1c9fee385f8ad6a55b4d94e92359dc59,83774,0xf8f1a6890c92646fc8a5f875c566ca7cc112e4ec,1221.639982,2443.279964,2443.279964,2,2,1785983453
2026-08-06,0xb2cc224c1c9fee385f8ad6a55b4d94e92359dc59,84615,0x0738d9388edda08fe58eb185bfed473d0e99755b,327.174138,654.348276,658.07825,2,2,1785989897
2026-08-06,0xb2cc224c1c9fee385f8ad6a55b4d94e92359dc59,85439,0x0f05b519f086ece9a8faa6aafdf841f1bce9c8e2,65.498591,65.498591,65.498591,1,1,1786143867
2026-08-06,0xb2cc224c1c9fee385f8ad6a55b4d94e92359dc59,86234,0x85691be0c592532940be6e06a1c3150f0afd6b2c,447.447533,894.895066,948.514328,2,2,1786041561
2026-08-06,0xb2cc224c1c9fee385f8ad6a55b4d94e92359dc59,86364,0x01fc87b0bbce9e591f4a0c49457b75cd9d1f56f0,81.7983,163.5966,163.5966,2,2,1786002209
2026-08-06,0xb2cc224c1c9fee385f8ad6a55b4d94e92359dc59,86628,0x0738d9388edda08fe58eb185bfed473d0e99755b,75.853827,151.707654,152.555926,2,2,1785989955
2026-08-06,0xb2cc224c1c9fee385f8ad6a55b4d94e92359dc59,90368,0xbb0dcf0aaa0bff89b2be40161fdf8340c6a76c0d,34.226571,68.453142,68.42183,2,2,1786059787
2026-08-06,0xb2cc224c1c9fee385f8ad6a55b4d94e92359dc59,98163,0x87acac58a3d3966be2b8238bd000576c8b3cae0c,0.0,0.0,27.065112,0,1,1786113609
2026-08-06,0xb2cc224c1c9fee385f8ad6a55b4d94e92359dc59,108432,0x7090f68b0f6e2467e46810998c1c5556c752fe3b,24.312155,48.62431,55.096246,2,2,1786003495
2026-08-06,0xb2cc224c1c9fee385f8ad6a55b4d94e92359dc59,108912,0x35db82b0ed38abb90f44696e175d7693c4299266,98.732781,197.465562,213.90638,2,2,1786094621
2026-08-06,0xb2cc224c1c9fee385f8ad6a55b4d94e92359dc59,108915,0x35db82b0ed38abb90f44696e175d7693c4299266,14.106928,28.213856,36.43407,2,2,1786094625
2026-08-06,0xb2cc224c1c9fee385f8ad6a55b4d94e92359dc59,109815,0x021af285f94c4e044d56ee839bebf6bf12d49ecc,361.665866,723.331732,722.351358,2,2,1786020673
2026-08-06,0xb2cc224c1c9fee385f8ad6a55b4d94e92359dc59,110774,0x135e57443b9351b4275b53cea37b15bb1ee8e94b,10.40609,20.81218,16.649744,2,2,1786028689
2026-08-06,0xb2cc224c1c9fee385f8ad6a55b4d94e92359dc59,111443,0x021af285f94c4e044d56ee839bebf6bf12d49ecc,71.140452,142.280904,213.132092,2,2,1786021053
2026-08-06,0xb2cc224c1c9fee385f8ad6a55b4d94e92359dc59,114155,0x0bf11137d4a9ab7e214f428e698ee8138268fdf3,487.125173,487.125173,490.253647,1,1,1786138913
2026-08-06,0xb2cc224c1c9fee385f8ad6a55b4d94e92359dc59,115164,0x45460e70929e2585f7ca41994242dbe078af16a6,135.630454,271.260908,272.584832,2,2,1785981245
2026-08-06,0xb2cc224c1c9fee385f8ad6a55b4d94e92359dc59,119216,0xda6123a4a33a905a2c02527328937775fbe59453,3.471761,6.943522,7.117574,2,2,1786058525
2026-08-06,0xb378137c90444bbcecd44a1f766851fbf53d2a9e,115212,0x78b155d7bc284a887f09e028a360a36cc4c4d4c8,221.721234,443.442468,0.0,2,0,1786041765
2026-08-06,0xb452f81d9322936c2c8ac6445f6892cb957afb4c,12830,0x9328c78fda563b91b97d6b7a27d179ea7585a116,1824.247159,1824.247159,1741.399498,1,1,1786121233
2026-08-06,0xb4580451325c61344712e811392c881a634151d8,5414,0x78b155d7bc284a887f09e028a360a36cc4c4d4c8,0.0,0.0,220.021302,0,2,1786041735
2026-08-06,0xb4580451325c61344712e811392c881a634151d8,115212,0x78b155d7bc284a887f09e028a360a36cc4c4d4c8,0.0,0.0,449.6482,0,2,1786041765
2026-08-06,0xb4885bc63399bf5518b994c1d0c153334ee579d0,1727,0xcdb7361e0793350be029f2b1139621597e4cb053,6690.230443,13380.460886,13368.257284,2,2,1785982519
2026-08-06,0xb5e4b3e29a79feb2aa96c68a4ea24fedaa559ab2,853,0x71a458678bda9d71cbb2b711ddd3f62118b457ce,0.0,0.0,43727.564306,0,2,1785979097
2026-08-06,0xb5e4b3e29a79feb2aa96c68a4ea24fedaa559ab2,991,0x986fcc6b0d290308ad6f6a0e8471f74f53dec06a,0.0,0.0,35805.157212,0,2,1785991539
2026-08-06,0xb5e4b3e29a79feb2aa96c68a4ea24fedaa559ab2,1140,0xe18c1c9ea74e32b3c05b6b45c08a03748807812c,0.0,0.0,4427.48215,0,2,1785978927
2026-08-06,0xb5e4b3e29a79feb2aa96c68a4ea24fedaa559ab2,2089,0x6bcb9ec9686aeb3b2fd854f036d3f24fd48eabba,1253.340675,1253.340675,1275.049927,1,1,1786109659
2026-08-06,0xb5e4b3e29a79feb2aa96c68a4ea24fedaa559ab2,2392,0xac9c065b1a84a486628fd20efc9426e435ba7cc2,0.0,0.0,7907.457838,0,2,1786004869
2026-08-06,0xb5e4b3e29a79feb2aa96c68a4ea24fedaa559ab2,2463,0x2f9035f14d9134bed45e2642ae148f673f5ecb7e,0.0,0.0,7697.605774,0,2,1786094017
2026-08-06,0xb5e4b3e29a79feb2aa96c68a4ea24fedaa559ab2,2758,0xf3e5b415e84047d68e412cccd2d14b15e308b120,0.0,0.0,9507.437654,0,2,1786036337
2026-08-06,0xb5e4b3e29a79feb2aa96c68a4ea24fedaa559ab2,3747,0x894b87dfb9e79082d2d0ac7c16ce40658afd42d1,0.0,0.0,6586.903844,0,2,1786021461
2026-08-06,0xb5e4b3e29a79feb2aa96c68a4ea24fedaa559ab2,43753,0x4613b731ef2ce510ce5627330dd178d5865184ed,0.0,0.0,202.484064,0,2,1786009491
2026-08-06,0xb5e4b3e29a79feb2aa96c68a4ea24fedaa559ab2,61528,0xe18c1c9ea74e32b3c05b6b45c08a03748807812c,0.0,0.0,749.068248,0,2,1785978853
2026-08-06,0xb5e4b3e29a79feb2aa96c68a4ea24fedaa559ab2,62323,0x5eb9df642d44bf33071d3468629601009cf163e9,0.0,0.0,42.91981,0,2,1785990035
2026-08-06,0xb5e4b3e29a79feb2aa96c68a4ea24fedaa559ab2,64826,0xeae2338ffb3e37e1a905dce350e4162d0c4f6e17,0.000189,0.000378,0.27533,2,2,1786046325
2026-08-06,0xb5e4b3e29a79feb2aa96c68a4ea24fedaa559ab2,64829,0xbeacd9b604ffcbd25bc7adf84f0d268c0698d369,0.094924,0.189848,0.190898,2,2,1786046807
2026-08-06,0xb5e4b3e29a79feb2aa96c68a4ea24fedaa559ab2,74230,0xdf841026280a5c6300cc6530202fed170b534d26,0.0,0.0,765.61895,0,2,1786004475
2026-08-06,0xb5e4b3e29a79feb2aa96c68a4ea24fedaa559ab2,76194,0xf1b7873f8885586f29ada38187b76c5477434b4b,208.286423,416.572846,419.600058,2,2,1786002155
2026-08-06,0xb5e4b3e29a79feb2aa96c68a4ea24fedaa559ab2,88595,0x8dafc11be620d183dff019bde98d8b96db395cf5,0.0,0.0,170.111012,0,2,1785983653
2026-08-06,0xb5e4b3e29a79feb2aa96c68a4ea24fedaa559ab2,89935,0xbe6bbf7b3f6d8e4ffbe73a4ec1dc56955b000505,81.110415,162.22083,405.552074,2,2,1786001239
2026-08-06,0xb5e4b3e29a79feb2aa96c68a4ea24fedaa559ab2,110063,0xf1b7873f8885586f29ada38187b76c5477434b4b,95.713701,191.427402,193.710406,2,2,1786002189
2026-08-06,0xb5e4b3e29a79feb2aa96c68a4ea24fedaa559ab2,113243,0xf1b7873f8885586f29ada38187b76c5477434b4b,41.76824,83.53648,96.718362,2,2,1786002231
2026-08-06,0xb5e4b3e29a79feb2aa96c68a4ea24fedaa559ab2,113417,0x1334752203935d80bca8a89a378bbe36b88961af,1807.790503,3615.581006,3615.581006,2,2,1786037301
2026-08-06,0xb5e4b3e29a79feb2aa96c68a4ea24fedaa559ab2,114713,0x3da15042228950228909b21451d8f0926aca1cf2,0.0,0.0,4542.03895,0,2,1786005149
2026-08-06,0xb5e4b3e29a79feb2aa96c68a4ea24fedaa559ab2,115476,0x1334752203935d80bca8a89a378bbe36b88961af,21685.302524,43370.605048,43346.575298,2,2,1786037479
2026-08-06,0xb5e4b3e29a79feb2aa96c68a4ea24fedaa559ab2,116420,0xf1b7873f8885586f29ada38187b76c5477434b4b,40.049914,80.099828,81.102006,2,2,1786002291
2026-08-06,0xb5e4b3e29a79feb2aa96c68a4ea24fedaa559ab2,117964,0xaf3620289d5573431c5f16df9e0f72e2d51f774a,124.971073,124.971073,125.540869,1,1,1786116603
2026-08-06,0xb5e4b3e29a79feb2aa96c68a4ea24fedaa559ab2,118365,0xe36c9ad7ebb19924c2bd1f6ff68eb28f0241e52e,0.0,0.0,13.094248,0,2,1785995839
2026-08-06,0xb5e4b3e29a79feb2aa96c68a4ea24fedaa559ab2,118944,0xd5d9041f30bb174c12245894448027d0478213d5,7.011687,7.011687,13.297003,1,1,1786107577
2026-08-06,0xb5e4b3e29a79feb2aa96c68a4ea24fedaa559ab2,119252,0xe74647e67e2407db6a01f276fc9c81797f646248,2.068617,4.137234,7.506442,2,2,1786038045
2026-08-06,0xb5e4b3e29a79feb2aa96c68a4ea24fedaa559ab2,120315,0xf1b7873f8885586f29ada38187b76c5477434b4b,26.813318,53.626636,45.123098,2,2,1786003451
2026-08-06,0xb5e4b3e29a79feb2aa96c68a4ea24fedaa559ab2,122733,0x45f707e26a18547192820dcf01a05ad2712dadb4,0.0,0.0,3.646688,0,2,1786012609
2026-08-06,0xb5e4b3e29a79feb2aa96c68a4ea24fedaa559ab2,122963,0xf1b7873f8885586f29ada38187b76c5477434b4b,66.636673,133.273346,134.5824,2,2,1786003493
2026-08-06,0xb5e4b3e29a79feb2aa96c68a4ea24fedaa559ab2,123360,0x83ce12b1fb990044b2e1b0f164804e529fe98ae2,5.349485,10.69897,18.353294,2,2,1785996139
2026-08-06,0xb5e4b3e29a79feb2aa96c68a4ea24fedaa559ab2,124561,0xe751f25cf499090bf4ba1ad6069054437c03f631,0.0,0.0,90.402468,0,2,1786002765
2026-08-06,0xb5e4b3e29a79feb2aa96c68a4ea24fedaa559ab2,130303,0x94cb7b4c03e709a46c7adbd761cf5a87a8e4e2f6,0.0,0.0,267.94138,0,2,1786024221
2026-08-06,0xb5e4b3e29a79feb2aa96c68a4ea24fedaa559ab2,130338,0x3e9bfc5cba96eeb90f17e3071651a7de798d7678,0.0,0.0,0.06592,0,2,1785992961
2026-08-06,0xb5e4b3e29a79feb2aa96c68a4ea24fedaa559ab2,130356,0xb3dbd89a4ab74d365be2835bad565af3b0d54faa,0.0,0.0,0.001708,2,2,1786058311
2026-08-06,0xb5f0b4ae66c14f7efaa9aa1468e8fc536a3e288c,87271,0x34d508e0b029fa32d825b3d05db94eb33adb076f,0.0,0.0,3902.300257,0,1,1786111129
2026-08-06,0xb5f0b4ae66c14f7efaa9aa1468e8fc536a3e288c,108432,0x7090f68b0f6e2467e46810998c1c5556c752fe3b,14.383884,28.767768,77.725792,2,2,1786003495
2026-08-06,0xb7068556049df8fb3ae77ccbb9611fe0e85b2641,10298,0x488c8e0213051dc78155048e947257742d928bdf,100636.144585,8513273.180179,8512217.110288,85,85,1786163735
2026-08-06,0xb7068556049df8fb3ae77ccbb9611fe0e85b2641,92315,0x6e6c5e8d78a75edf3e62753246713dbeb0b2986f,339.286898,678.573796,0.0,2,0,1786040687
2026-08-06,0xb828dc3d77360f053f1379cd8676bac6141684f3,33026,0x8023d8ec9c538a46feb69af55529c2f5288107a7,22997.757637,22997.757637,22976.777832,1,1,1786149993
2026-08-06,0xb862f23ba38c8c65e256782b31e8c08c9aefd612,114582,0x8d918b5fe796c7689ec4f95174a3296f71f29483,2690.995411,5381.990822,0.0,2,0,1786006925
2026-08-06,0xb8fa852a85af20284906a898595f59bdd8c66cbe,119916,0xd7a718c1bd2391cf19a2bfec18e00fc074f6a273,0.0,0.0,1.063514,0,2,1785982389
2026-08-06,0xb8fa852a85af20284906a898595f59bdd8c66cbe,120141,0xcbafae14e6779f2859b52bcbd03a9988a234a7bf,0.0,0.0,1.002948,0,2,1786056111
2026-08-06,0xb909f567c5c2bb1a4271349708cc4637d7318b4a,1140,0xe18c1c9ea74e32b3c05b6b45c08a03748807812c,0.0,0.0,4427.48215,0,2,1785978927
2026-08-06,0xb909f567c5c2bb1a4271349708cc4637d7318b4a,2597,0x8bcf9320497028119da1c99525d19a9f0d86f92a,0.0,0.0,4253.429232,0,2,1786069483
2026-08-06,0xb909f567c5c2bb1a4271349708cc4637d7318b4a,4837,0x95b0cb330519db2bcaf74b90c1bde3d62f673718,0.0,0.0,479.140542,0,2,1786021535
2026-08-06,0xb909f567c5c2bb1a4271349708cc4637d7318b4a,6278,0x33bc7bb9036bff104047d059eec208e43b0ecff1,0.0,0.0,408.872526,0,1,1786163565
2026-08-06,0xb909f567c5c2bb1a4271349708cc4637d7318b4a,9196,0x1aa4a66ef0cfa99ca9d39fdad2b05489744c972a,0.0,0.0,3532.447332,0,1,1786158503
2026-08-06,0xb909f567c5c2bb1a4271349708cc4637d7318b4a,61528,0xe18c1c9ea74e32b3c05b6b45c08a03748807812c,0.0,0.0,749.068248,0,2,1785978853
2026-08-06,0xb909f567c5c2bb1a4271349708cc4637d7318b4a,85447,0xdda821f4eae19053aba8cb2982ad2f0ea38b5a8e,0.0,0.0,13.137716,0,2,1785981721
2026-08-06,0xb909f567c5c2bb1a4271349708cc4637d7318b4a,97424,0xb1246c58ee52c93876a920e23e5f50f29a9a501f,0.0,0.0,65803.008706,0,2,1785994919
2026-08-06,0xb909f567c5c2bb1a4271349708cc4637d7318b4a,116839,0xb1246c58ee52c93876a920e23e5f50f29a9a501f,0.0,0.0,10493.973332,0,2,1785994933
2026-08-06,0xb909f567c5c2bb1a4271349708cc4637d7318b4a,118915,0x3ddae87d300a0ff41e50e139c5a301d14ba9fad9,0.0,0.0,27952.243336,0,2,1785979401
2026-08-06,0xb909f567c5c2bb1a4271349708cc4637d7318b4a,120892,0x3ddae87d300a0ff41e50e139c5a301d14ba9fad9,0.0,0.0,3040.95936,0,2,1785979425
2026-08-06,0xb909f567c5c2bb1a4271349708cc4637d7318b4a,130356,0xb3dbd89a4ab74d365be2835bad565af3b0d54faa,0.0,0.0,0.001708,2,2,1786058311
2026-08-06,0xb90fe999be6869af0afc557dccfbe169ea3403d6,10298,0x488c8e0213051dc78155048e947257742d928bdf,1308269.879602,110672551.342326,110658822.433741,85,85,1786163735
2026-08-06,0xb90fe999be6869af0afc557dccfbe169ea3403d6,11129,0xdf204a863183d795793a94788fedf5a839061762,393558.191037,1571817.581478,1569403.446242,4,4,1786074461
2026-08-06,0xb90fe999be6869af0afc557dccfbe169ea3403d6,17927,0xb696d65ad33ea52c49cefbbdc300af9c9a0e6711,0.0,0.0,125.12298,0,2,1786071047
2026-08-06,0xb90fe999be6869af0afc557dccfbe169ea3403d6,42342,0xefbe74a2d564b5da62407d452038db32c9fd6b27,0.0,0.0,7694.31306,0,2,1786036673
2026-08-06,0xb90fe999be6869af0afc557dccfbe169ea3403d6,43966,0x89a99e361a1628c161f7ccfb843e0cb8ab5b3f07,1.095037,2.190074,2.20198,2,2,1785978121
2026-08-06,0xb90fe999be6869af0afc557dccfbe169ea3403d6,115476,0x1334752203935d80bca8a89a378bbe36b88961af,10836.643824,21673.287648,21673.287648,2,2,1786037479
2026-08-06,0xb90fe999be6869af0afc557dccfbe169ea3403d6,116525,0x91315d4b896deaef3bf3e1ff814eff212ed730b7,0.011817,0.011817,0.239561,1,1,1786138521
2026-08-06,0xb90fe999be6869af0afc557dccfbe169ea3403d6,118944,0xd5d9041f30bb174c12245894448027d0478213d5,0.474477,0.474477,0.8998,1,1,1786107577
2026-08-06,0xbbc639746d66b3403812c89657176ec45c1d4276,95401,0x39f2299440a87c89761861777f8d9e803e25196c,0.0,0.0,10155.415886,0,2,1786036899
2026-08-06,0xbbc639746d66b3403812c89657176ec45c1d4276,97085,0x39f2299440a87c89761861777f8d9e803e25196c,0.0,0.0,6496.285366,0,2,1786036911
2026-08-06,0xbbc639746d66b3403812c89657176ec45c1d4276,97086,0x39f2299440a87c89761861777f8d9e803e25196c,0.0,0.0,8677.192562,0,2,1786036917
2026-08-06,0xbbf71aad6e1f8d180d3b1d898528654c1d18b2ff,761,0xe4495842d915738d659609727a51e39d15b66778,1940.928137,3881.856274,4038.837742,2,2,1786060739
2026-08-06,0xbbf71aad6e1f8d180d3b1d898528654c1d18b2ff,6806,0x16c5d7862f5e42b578c5b86bdf1f3887fdc0f412,0.0,0.0,643.46104,0,1,1786154647
2026-08-06,0xbbf71aad6e1f8d180d3b1d898528654c1d18b2ff,21394,0x9b81fcdb243ff7137afcb77209d1d4be9dc3a6b2,6585.160163,6585.160163,6581.706032,1,1,1786137669
2026-08-06,0xbbf71aad6e1f8d180d3b1d898528654c1d18b2ff,70459,0x7f46b26e2c579b4a9e014c249d942366326f25e9,106.446809,212.893618,107.177106,2,2,1785992263
2026-08-06,0xbbf71aad6e1f8d180d3b1d898528654c1d18b2ff,89705,0xbe6bbf7b3f6d8e4ffbe73a4ec1dc56955b000505,1.447231,2.894462,2.90867,2,2,1786001185
2026-08-06,0xbbf71aad6e1f8d180d3b1d898528654c1d18b2ff,114540,0xbab5392c98666e41992dabc417c29338dcceb1aa,0.0,0.0,42.709072,0,1,1786128991
2026-08-06,0xbc3231036ee1eca03e5f67fecedc640d21610823,10298,0x488c8e0213051dc78155048e947257742d928bdf,905725.301263,76619458.62161,76609953.99259,85,85,1786163735
2026-08-06,0xbc3231036ee1eca03e5f67fecedc640d21610823,73395,0x3b80abf839f60c1ca6e9fa934243531b034f228e,1.515592,3.031184,3.031184,2,2,1785997957
2026-08-06,0xbe00ff35af70e8415d0eb605a286d8a45466a4c1,64100,0xf3ed98c177c4c850379da04858ed8ddd934665ec,1480.40655,2960.8131,2973.481938,2,2,1785979239
2026-08-06,0xbe00ff35af70e8415d0eb605a286d8a45466a4c1,111374,0xb8563e99cc1b97f0da2db5c479ee27eef3987630,3933.857218,7867.714436,7867.714436,2,2,1786026115
2026-08-06,0xbe762d548f8ca86a78e9da6e3ddc87f91457e398,92910,0x037a109873d2f7c8ec094006fd32e983d1cc22ea,7.40964,7.40964,7.495752,1,1,1786138565
2026-08-06,0xbfa5184f90b071c34c85d065b8c7877617248ef7,10298,0x488c8e0213051dc78155048e947257742d928bdf,301908.433754,25539819.540537,25536651.330864,85,85,1786163735
2026-08-06,0xc200f21efe67c7f41b81a854c26f9cda80593065,63988,0x5a5709b511a0b0a5fa5ddb4dd2f26ff4d62bf5c3,198.751625,397.50325,397.321416,2,2,1785984685
2026-08-06,0xc200f21efe67c7f41b81a854c26f9cda80593065,65040,0xac35b645b14d8252d49df77948ef3c215f2ec13f,42.278846,84.557692,84.696418,2,2,1786023705
2026-08-06,0xc200f21efe67c7f41b81a854c26f9cda80593065,86553,0xe6c3fb54054547ed12205bf5cfc298ffc8188e88,77.319939,154.639878,154.876104,2,2,1786006659
2026-08-06,0xc3b22240657fa67b77d0f1b7a1c1012db60d46fb,10298,0x488c8e0213051dc78155048e947257742d928bdf,603816.867509,51079639.081073,51073302.661727,85,85,1786163735
2026-08-06,0xc4ed25e61cbde561c982789f740e3e9a8c317100,21779,0x2a1cc2f5dd5df2b81d010df67bcf272652c84c53,16505.704877,33011.409754,32996.309052,2,2,1785981951
2026-08-06,0xc4ed25e61cbde561c982789f740e3e9a8c317100,76194,0xf1b7873f8885586f29ada38187b76c5477434b4b,214.312048,428.624096,431.738884,2,2,1786002155
2026-08-06,0xc4ed25e61cbde561c982789f740e3e9a8c317100,89880,0x1d149496d53cfec829b3e9be83b5b2ecec3efa04,0.248098,0.496196,0.996732,2,2,1785990331
2026-08-06,0xc4ed25e61cbde561c982789f740e3e9a8c317100,89886,0x4c2e5e17480cba788da1294038e28c9f014dd67f,0.15021,0.30042,0.308538,2,2,1785987549
2026-08-06,0xc4ed25e61cbde561c982789f740e3e9a8c317100,89899,0xf63ff4eb24ae49826eee4e7a98e609401814a27e,0.04678,0.09356,0.09416,2,2,1786072551
2026-08-06,0xc4ed25e61cbde561c982789f740e3e9a8c317100,89918,0x2299944ae8ee748285bccbd4a5172fe292753dea,0.272378,0.544756,0.550354,2,2,1786072629
2026-08-06,0xc900ea56b5227ae2d95c288a2597b278cbf741dd,63578,0x975013969d096f74272b6aa9699ffb7c4cef6559,8.539706,17.079412,17.079412,2,2,1785983787
2026-08-06,0xccfa472815563ff9eb2de95c7b2be1ccf91f7f31,3952,0x8539391c2fbf930517e8cfb45cb4ac12b4ce5d52,362.04312,362.04312,365.959814,1,1,1786144841
2026-08-06,0xccfa472815563ff9eb2de95c7b2be1ccf91f7f31,6393,0x6e5f7bd9b940287f6c9ae8a2ecfb93224a09cba5,68.341594,136.683188,0.0,2,0,1786017265
2026-08-06,0xccfa472815563ff9eb2de95c7b2be1ccf91f7f31,10298,0x488c8e0213051dc78155048e947257742d928bdf,1408906.024187,119185824.522505,119171039.54403,85,85,1786163735
2026-08-06,0xccfa472815563ff9eb2de95c7b2be1ccf91f7f31,11129,0xdf204a863183d795793a94788fedf5a839061762,1377453.668628,5501361.535174,5492912.06185,4,4,1786074461
2026-08-06,0xccfa472815563ff9eb2de95c7b2be1ccf91f7f31,80836,0x9ad1d5123da663cfdb14bfb6267d504f8473b00d,157.672998,157.672998,168.981495,1,1,1786153505
2026-08-06,0xccfa472815563ff9eb2de95c7b2be1ccf91f7f31,89885,0x4c95fe656d21c3daedebed442ffae716657835a3,0.355843,0.711686,0.714344,2,2,1785989869
2026-08-06,0xccfa472815563ff9eb2de95c7b2be1ccf91f7f31,116525,0x91315d4b896deaef3bf3e1ff814eff212ed730b7,0.0,0.0,0.000656,0,1,1786138521
2026-08-06,0xccfa472815563ff9eb2de95c7b2be1ccf91f7f31,122319,0xb5f783f32465360d21d0c42ac7705dc06af954ee,36.871783,36.871783,37.047679,1,1,1786154217
2026-08-06,0xccfa472815563ff9eb2de95c7b2be1ccf91f7f31,123048,0x32ce4511d81d8d36bb257bbe7b47b4a73d95503c,2543.477949,5086.955898,5086.96814,2,2,1785990031
2026-08-06,0xccfa472815563ff9eb2de95c7b2be1ccf91f7f31,130273,0x572e888614b7e1726624ac49c51bdde1a72c428d,58.665118,117.330236,119.669776,2,2,1785995847
2026-08-06,0xcd401de1cbaa0d770ee5fb70ff622c752c92b8c5,12517,0xabd5c7513b135cfc760447519b8511864691b67e,2106.817455,4213.63491,4263.833104,2,2,1786017299
2026-08-06,0xcdac0d6c6c59727a65f871236188350531885c43,524,0x76da9f88e63a85ba8bfa19f3821d5a271753d3dc,21946.987288,43893.974576,43893.974576,2,2,1786067133
2026-08-06,0xcdac0d6c6c59727a65f871236188350531885c43,761,0xe4495842d915738d659609727a51e39d15b66778,1940.928137,3881.856274,4038.837742,2,2,1786060739
2026-08-06,0xcdac0d6c6c59727a65f871236188350531885c43,820,0x45f692a6959ee71c5962dd89b8ca909fd48ee6a4,24260.15643,48520.31286,48520.31286,2,2,1786060011
2026-08-06,0xcdac0d6c6c59727a65f871236188350531885c43,2302,0x595699e4ee05a7e70942854a09433e42d21502c0,4163.773191,8327.546382,8323.737038,2,2,1785990781
2026-08-06,0xcdac0d6c6c59727a65f871236188350531885c43,3421,0xc1d4ef9d85403bc0b7781806b134292dea4c2c99,2112.2374,2112.2374,0.0,1,0,1786114539
2026-08-06,0xcdac0d6c6c59727a65f871236188350531885c43,5885,0x1c85d6ae1336d0e4e3f165bbfa9641bfa04cedb1,424.923584,849.847168,849.458414,2,2,1786087217
2026-08-06,0xcdac0d6c6c59727a65f871236188350531885c43,7179,0x7d2eb46dc0cca85a7948c777f8024d638bd76f47,15.039375,30.07875,40.985204,2,2,1786083977
2026-08-06,0xcdac0d6c6c59727a65f871236188350531885c43,17904,0xe34ae2f728b1100d8628554a953b8c34ad4f286c,250.583903,501.167806,501.167806,2,2,1785979889
2026-08-06,0xcdac0d6c6c59727a65f871236188350531885c43,26828,0x78eeaff0e960649ff2e727d10131157d142c04ad,452.266531,452.266531,457.411927,1,1,1786146819
2026-08-06,0xcdac0d6c6c59727a65f871236188350531885c43,43526,0xa932aec0dacb1d1f04a60e2a9ec972d7d2c4b263,1624.545781,1624.545781,1641.411447,1,1,1786141001
2026-08-06,0xcdac0d6c6c59727a65f871236188350531885c43,64899,0x5a5709b511a0b0a5fa5ddb4dd2f26ff4d62bf5c3,197.268678,394.537356,394.35688,2,2,1785984701
2026-08-06,0xcdac0d6c6c59727a65f871236188350531885c43,68074,0xe79c256b8d583f1204aba3a85d22c5a06c51705e,148676.675211,297353.350422,299764.809048,2,2,1786039901
2026-08-06,0xcdac0d6c6c59727a65f871236188350531885c43,68199,0xe394c410acadb7e0d352e467fe91262f1c3be1d1,451.565724,903.131448,923.062156,2,2,1786101271
2026-08-06,0xcdac0d6c6c59727a65f871236188350531885c43,72207,0x595699e4ee05a7e70942854a09433e42d21502c0,1558.646664,3117.293328,3136.100766,2,2,1785990793
2026-08-06,0xcdac0d6c6c59727a65f871236188350531885c43,72547,0x595699e4ee05a7e70942854a09433e42d21502c0,1840.884353,3681.768706,3707.463724,2,2,1785990669
2026-08-06,0xcdac0d6c6c59727a65f871236188350531885c43,72548,0x595699e4ee05a7e70942854a09433e42d21502c0,2342.940715,4685.88143,4718.563482,2,2,1785990773
2026-08-06,0xcdac0d6c6c59727a65f871236188350531885c43,72574,0x595699e4ee05a7e70942854a09433e42d21502c0,1673.531023,3347.062046,3370.399184,2,2,1785990679
2026-08-06,0xcdac0d6c6c59727a65f871236188350531885c43,72651,0xdacbd8861d8564d4d1594e0ce6bc0a80d420e560,4971.508552,9943.017104,9987.99039,2,2,1786015411
2026-08-06,0xcdac0d6c6c59727a65f871236188350531885c43,74908,0x595699e4ee05a7e70942854a09433e42d21502c0,2087.768688,4175.537376,4201.300826,2,2,1785990661
2026-08-06,0xcdac0d6c6c59727a65f871236188350531885c43,76350,0x0d8a1a421cfabc12599cc01b2c3dd434ce851c80,178.907898,357.815796,362.879356,2,2,1785989493
2026-08-06,0xcdac0d6c6c59727a65f871236188350531885c43,84118,0x595699e4ee05a7e70942854a09433e42d21502c0,0.611375,1.22275,1.230226,2,2,1785990787
2026-08-06,0xcdac0d6c6c59727a65f871236188350531885c43,84902,0x07774535c290b49032418ba306a30d8d950a056a,14070.261073,28140.522146,28127.649578,2,2,1785984877
2026-08-06,0xcdac0d6c6c59727a65f871236188350531885c43,85082,0xd0bcaa5ac7dea7a8b6a1936bd90209beb6d3d9ea,116.455889,232.911778,234.426784,2,2,1785979077
2026-08-06,0xcdac0d6c6c59727a65f871236188350531885c43,96352,0xc1d4ef9d85403bc0b7781806b134292dea4c2c99,2602.880544,2602.880544,0.0,1,0,1786114575
2026-08-06,0xcdac0d6c6c59727a65f871236188350531885c43,98031,0xc1d4ef9d85403bc0b7781806b134292dea4c2c99,5821.252542,5821.252542,0.0,1,0,1786114557
2026-08-06,0xcdac0d6c6c59727a65f871236188350531885c43,115391,0xd6807a5d4145bbb18288e2f45ca3adb2c788946c,11.74808,11.74808,18.625488,1,1,1786152615
2026-08-06,0xcdac0d6c6c59727a65f871236188350531885c43,120189,0x923427ba98ce1a8eaa1f39df809c971306895969,6318.236961,12636.473922,13116.82501,2,2,1785990537
2026-08-06,0xcdbe19a6ef1b633be744920c93ee40521d5cf2a6,513,0xef0678998ae8d5745202cfc3f5a6b7e7b2509f5d,12468.341711,24936.683422,0.0,2,0,1785991401
2026-08-06,0xcdbe19a6ef1b633be744920c93ee40521d5cf2a6,761,0xe4495842d915738d659609727a51e39d15b66778,1940.928137,3881.856274,4038.837742,2,2,1786060739
2026-08-06,0xcdbe19a6ef1b633be744920c93ee40521d5cf2a6,4887,0x2e61b868e5dbb58e61a7e2cdfc8c85d64771e814,0.0,0.0,483.0656,0,1,1786161889
2026-08-06,0xcdbe19a6ef1b633be744920c93ee40521d5cf2a6,11129,0xdf204a863183d795793a94788fedf5a839061762,393558.191037,1571817.581478,1569403.446242,4,4,1786074461
2026-08-06,0xcdbe19a6ef1b633be744920c93ee40521d5cf2a6,32883,0x447760884c4cdb57beb876fdc7f68f1832dba6c6,0.0,0.0,1451.094218,0,1,1786103515
2026-08-06,0xcdbe19a6ef1b633be744920c93ee40521d5cf2a6,43947,0x3f13fcf31d1ed321e91ebdbd74b4e815f7130b73,0.0,0.0,2870.855864,0,2,1786100841
2026-08-06,0xcdbe19a6ef1b633be744920c93ee40521d5cf2a6,64688,0x1b0132aa8db835738ee33f83d67d5a14c532b65d,0.0,0.0,6.866394,0,2,1786077521
2026-08-06,0xcdbe19a6ef1b633be744920c93ee40521d5cf2a6,67052,0x447760884c4cdb57beb876fdc7f68f1832dba6c6,0.0,0.0,1042.445101,0,1,1786103505
2026-08-06,0xcdbe19a6ef1b633be744920c93ee40521d5cf2a6,68842,0x3c92feb9e8aa1a057366b457d27e07c5d21738fe,0.0,0.0,599.106468,0,2,1786006823
2026-08-06,0xcdbe19a6ef1b633be744920c93ee40521d5cf2a6,73320,0x3f13fcf31d1ed321e91ebdbd74b4e815f7130b73,0.0,0.0,8868.597188,0,2,1786100857
2026-08-06,0xcdbe19a6ef1b633be744920c93ee40521d5cf2a6,78907,0x447760884c4cdb57beb876fdc7f68f1832dba6c6,0.0,0.0,5108.841297,0,1,1786103511
2026-08-06,0xcdbe19a6ef1b633be744920c93ee40521d5cf2a6,86135,0x34d508e0b029fa32d825b3d05db94eb33adb076f,2732.589746,2732.589746,2730.096929,1,1,1786111111
2026-08-06,0xcdbe19a6ef1b633be744920c93ee40521d5cf2a6,87271,0x34d508e0b029fa32d825b3d05db94eb33adb076f,3905.863398,3905.863398,0.0,1,0,1786111129
2026-08-06,0xcdbe19a6ef1b633be744920c93ee40521d5cf2a6,90501,0x579e2909f906b0fa63f9996248463e778002fe3c,177.328039,354.656078,356.73564,2,2,1786023259
2026-08-06,0xcdbe19a6ef1b633be744920c93ee40521d5cf2a6,93035,0x132bd429f1e579bb2b1c397ad08641d9c38be6f5,100.911162,201.822324,201.822324,2,2,1785983223
2026-08-06,0xcdbe19a6ef1b633be744920c93ee40521d5cf2a6,109877,0x8d4ad8f4333e66cd131d2ad68a4ed13d768547ab,0.0,0.0,2859.42002,0,2,1785979079
2026-08-06,0xcdbe19a6ef1b633be744920c93ee40521d5cf2a6,110417,0x88b9527893c18494d880e6aea6552e47bd1a1514,324.863205,649.72641,441.410912,2,2,1785978115
2026-08-06,0xcdbe19a6ef1b633be744920c93ee40521d5cf2a6,116823,0x4c9aa39fde4d8bb7ce5eda04bf3eb09e722acba4,0.0,0.0,106.168898,0,2,1785986117
2026-08-06,0xcdbe19a6ef1b633be744920c93ee40521d5cf2a6,117802,0xfe89b58943d007b77feba0fca8ee403f86891ece,0.0,0.0,922.0,0,2,1785979337
2026-08-06,0xcdbe19a6ef1b633be744920c93ee40521d5cf2a6,118951,0xc658238bf2f98ac079980e2890fa443973b3ae7d,0.0,0.0,1501.78651,0,2,1785978611
2026-08-06,0xcdbe19a6ef1b633be744920c93ee40521d5cf2a6,120948,0x16d499c16fa84f428eea0f15512b9e7dfaf7018e,36.926034,36.926034,37.067875,1,1,1786163829
2026-08-06,0xcdbe19a6ef1b633be744920c93ee40521d5cf2a6,120967,0x6f06415a2bc71168d98d9491a6c843afc319924a,44.839456,44.839456,37.174525,1,1,1786148163
2026-08-06,0xcdbe19a6ef1b633be744920c93ee40521d5cf2a6,123377,0x22ed1c6a82a9c4ed88dd470fbe5b0cd457f612a6,277.386636,554.773272,573.018674,2,2,1785983775
2026-08-06,0xcdbe19a6ef1b633be744920c93ee40521d5cf2a6,128766,0xd50c5c995ca81819a60fdc794b0c0bd88f448f25,167.36363,334.72726,380.697858,2,2,1785985773
2026-08-06,0xcdbe19a6ef1b633be744920c93ee40521d5cf2a6,129520,0x6b40dfc1c33cfcd9b47b2ff3e904229d52b0ce79,8.98183,17.96366,26.865144,2,2,1786059415
2026-08-06,0xcdbe19a6ef1b633be744920c93ee40521d5cf2a6,130274,0x207807b3ba017020584f0a68e300e3182106ace4,0.0,0.0,145.383392,0,2,1785996177
2026-08-06,0xcdd442e2de893c07146b2f1072f8e077559f9aa4,109622,0x2dcf36654f68149535acf348ebf9f876ad354cb0,4397.857488,8795.714976,8791.691474,2,2,1786008999
2026-08-06,0xcea8ef6ce6235f2c2cdd13c9e8a3ed470725a638,32282,0x68a4ed56db5f06a66e072ffc8865b6d8f90bace1,68.780892,137.561822,151.701253,2,2,1786129851
2026-08-06,0xcefc8b799a8ee5d9b312aeca73262645d664aaf7,11129,0xdf204a863183d795793a94788fedf5a839061762,2361349.14622,9430905.488868,9416420.677456,4,4,1786074461
2026-08-06,0xcefc8b799a8ee5d9b312aeca73262645d664aaf7,73433,0xd19ccca7dba52fb5f3879bf4600a424ecaa23309,0.0,0.0,640242.634642,0,2,1786018565
2026-08-06,0xd162c4444d5efead433f080696d1f4dc2bcd58fb,84311,0x83d2e472495f408bd0bc85702f4be5ef1acaee80,3.931579,7.863158,3.97043,2,2,1785982389
2026-08-06,0xd162c4444d5efead433f080696d1f4dc2bcd58fb,87035,0x5fcb5c349843e99082770ed4b0cccc01a95c2264,0.395612,0.791224,0.803488,2,2,1785994109
2026-08-06,0xd162c4444d5efead433f080696d1f4dc2bcd58fb,118944,0xd5d9041f30bb174c12245894448027d0478213d5,0.043227,0.043227,0.081976,1,1,1786107577
2026-08-06,0xd16cc119b7c113660580291580cbeb588c9e2653,27316,0xae1c418071a34186991f7ed2f83add0713efd102,9954.995408,19909.990816,19900.883212,2,2,1786004255
2026-08-06,0xd1edc6961222bf35afac0989ce602212f28464f6,85456,0x8f893a88d6b0d140fa8b1e80c2b85cfd3c244590,318.598485,637.19697,640.258546,2,2,1786061289
2026-08-06,0xd23fe2db317e1a96454a2d1c7e8fc0dbf19bb000,10298,0x488c8e0213051dc78155048e947257742d928bdf,704453.012093,59592912.261252,59585519.772015,85,85,1786163735
2026-08-06,0xd40bffa9c9e35493b88a2b6744c49d8716b00898,10298,0x488c8e0213051dc78155048e947257742d928bdf,704453.012093,59592912.261252,59585519.772015,85,85,1786163735
2026-08-06,0xd433b339c5c801228e1343c678dc26213a7b8aac,17927,0xb696d65ad33ea52c49cefbbdc300af9c9a0e6711,0.0,0.0,208.5383,0,2,1786071047
2026-08-06,0xd433b339c5c801228e1343c678dc26213a7b8aac,108432,0x7090f68b0f6e2467e46810998c1c5556c752fe3b,33.920783,67.841566,51.23092,2,2,1786003495
2026-08-06,0xd4e145efdbbbb97ce8c23d4c0fd59c902bc34dfa,21709,0xab6a463c016724d76b4ebad6e4fd16711104bb86,1.979235,3.95847,9.896178,2,2,1785997865
2026-08-06,0xd5b83c33a8711e727c0abb6f72ee508755d37e10,6634,0x45c2cb53a900200b1a019951814b894d3973430b,0.0,0.0,23.167114,0,2,1786001511
2026-08-06,0xd5b83c33a8711e727c0abb6f72ee508755d37e10,113417,0x1334752203935d80bca8a89a378bbe36b88961af,723.116201,1446.232402,3615.581006,2,2,1786037301
2026-08-06,0xd5b83c33a8711e727c0abb6f72ee508755d37e10,113613,0x2471e3d5f807ca1bedbeee34660f8c37849d6c54,0.0,0.0,381.339612,0,2,1785979583
2026-08-06,0xd5b83c33a8711e727c0abb6f72ee508755d37e10,115476,0x1334752203935d80bca8a89a378bbe36b88961af,21685.302524,43370.605048,108423.883662,2,2,1786037479
2026-08-06,0xd7338b6f338da54b922bbbc6fbe3efedd5ce35fa,30231,0xdffde0f254beada034f14383cfa01cc9eaf959fc,83.594721,83.594721,83.594721,1,1,1786115467
2026-08-06,0xd7338b6f338da54b922bbbc6fbe3efedd5ce35fa,119129,0x82d0104159506fbd1e699a368dbfefae0de2176b,17828.589578,35657.179156,35657.179156,2,2,1785978135
2026-08-06,0xd9edc75a3a797ec92ca370f19051babebfb2edee,74137,0xa932aec0dacb1d1f04a60e2a9ec972d7d2c4b263,940.306636,940.306636,948.919451,1,1,1786141359
2026-08-06,0xde201c571ea87d8769f088ad0766c61ba1d6ccb3,115391,0xd6807a5d4145bbb18288e2f45ca3adb2c788946c,20.73942,20.73942,32.880421,1,1,1786152615
2026-08-06,0xde201c571ea87d8769f088ad0766c61ba1d6ccb3,119252,0xe74647e67e2407db6a01f276fc9c81797f646248,0.183659,0.367318,0.666448,2,2,1786038045
2026-08-06,0xde4fb30ccc2f1210fce2c8ad66410c586c8d1f9a,832,0xde1a20ad593386d0ac260a8450b2349d8ab4eb57,21160.643748,42321.287496,0.0,2,0,1785990393
2026-08-06,0xde4fb30ccc2f1210fce2c8ad66410c586c8d1f9a,853,0x71a458678bda9d71cbb2b711ddd3f62118b457ce,21839.377057,43678.754114,0.0,2,0,1785979097
2026-08-06,0xde4fb30ccc2f1210fce2c8ad66410c586c8d1f9a,1054,0x28ac01ebf289292783cfaad9bbf2c7fe2666dfbd,16636.585451,33273.170902,0.0,2,0,1786054963
2026-08-06,0xde4fb30ccc2f1210fce2c8ad66410c586c8d1f9a,1140,0xe18c1c9ea74e32b3c05b6b45c08a03748807812c,2214.754189,4429.508378,0.0,2,0,1785978927
2026-08-06,0xde4fb30ccc2f1210fce2c8ad66410c586c8d1f9a,1488,0x51e432df264c3315bb0d1aa70d265cdf0792c679,8909.924539,17819.849078,0.0,2,0,1785992403
2026-08-06,0xde4fb30ccc2f1210fce2c8ad66410c586c8d1f9a,2040,0xaae833d972e4a8dbcdcd007a5bda0b22e5ddf583,4880.365652,9760.731304,0.0,2,0,1786089541
2026-08-06,0xde4fb30ccc2f1210fce2c8ad66410c586c8d1f9a,2294,0x18f7485c58e26842063af692e595603a8da006a1,7475.449986,14950.899972,0.0,2,0,1786028265
2026-08-06,0xde4fb30ccc2f1210fce2c8ad66410c586c8d1f9a,2392,0xac9c065b1a84a486628fd20efc9426e435ba7cc2,3953.728919,7907.457838,0.0,2,0,1786004869
2026-08-06,0xde4fb30ccc2f1210fce2c8ad66410c586c8d1f9a,2448,0xbad58e133138549936d2576ebc33251be841d3e9,3295.103673,6590.207346,0.0,2,0,1786092443
2026-08-06,0xde4fb30ccc2f1210fce2c8ad66410c586c8d1f9a,2463,0x2f9035f14d9134bed45e2642ae148f673f5ecb7e,3837.001775,7674.00355,0.0,2,0,1786094017
2026-08-06,0xde4fb30ccc2f1210fce2c8ad66410c586c8d1f9a,2515,0x0a5d2190afc397b91c2de36d128b03b275a3a255,3774.660765,7549.32153,0.0,2,0,1786075993
2026-08-06,0xde4fb30ccc2f1210fce2c8ad66410c586c8d1f9a,2561,0x0a11acdd1ffbdb8adfc34a84f1836f360e6f3cce,3787.535417,7575.070834,0.0,2,0,1785994319
2026-08-06,0xde4fb30ccc2f1210fce2c8ad66410c586c8d1f9a,2594,0x317ea3f40890987e177f82a7a9962247e2584ac5,7919.516683,15839.033366,0.0,2,0,1786095099
2026-08-06,0xde4fb30ccc2f1210fce2c8ad66410c586c8d1f9a,2597,0x8bcf9320497028119da1c99525d19a9f0d86f92a,2108.04612,4216.09224,0.0,2,0,1786069483
2026-08-06,0xde4fb30ccc2f1210fce2c8ad66410c586c8d1f9a,2732,0xb21cf61c3cb30d0f884eadc3d81cd7d8722fd820,3340.513831,6681.027662,0.0,2,0,1785996631
2026-08-06,0xde4fb30ccc2f1210fce2c8ad66410c586c8d1f9a,2758,0xf3e5b415e84047d68e412cccd2d14b15e308b120,4724.867346,9449.734692,0.0,2,0,1786036337
2026-08-06,0xde4fb30ccc2f1210fce2c8ad66410c586c8d1f9a,3075,0x3ac292d3257b0f8bd68e7defa1c364f917aa551b,4410.181957,8820.363914,0.0,2,0,1786030463
2026-08-06,0xde4fb30ccc2f1210fce2c8ad66410c586c8d1f9a,3195,0xebda956c7edcf77154489aa1368fd46bef68f603,1850.279437,3700.558874,0.0,2,0,1786017639
2026-08-06,0xde4fb30ccc2f1210fce2c8ad66410c586c8d1f9a,3747,0x894b87dfb9e79082d2d0ac7c16ce40658afd42d1,3293.451922,6586.903844,0.0,2,0,1786021461
2026-08-06,0xde4fb30ccc2f1210fce2c8ad66410c586c8d1f9a,3865,0x74bf9ba8f4b692bb0d3e06bf19b74b307331eb10,634.602566,1269.205132,0.0,2,0,1785979845
2026-08-06,0xde4fb30ccc2f1210fce2c8ad66410c586c8d1f9a,3922,0xc0e27c1a0560b6a1674817a2599f01b98d4d7a8c,1032.223995,2064.44799,0.0,2,0,1786027007
2026-08-06,0xde4fb30ccc2f1210fce2c8ad66410c586c8d1f9a,4176,0x8394888598fee04bac7600598edd91b3a7b5389c,812.348011,1624.696022,0.0,2,0,1786034093
2026-08-06,0xde4fb30ccc2f1210fce2c8ad66410c586c8d1f9a,4230,0x953c22779b212f145a85061ab3a13e43b3c50427,2076.125684,4152.251368,0.0,2,0,1786024259
2026-08-06,0xde4fb30ccc2f1210fce2c8ad66410c586c8d1f9a,4312,0x32ead8045e579b966f02a9c713589c461b9a3856,407.034606,814.069212,0.0,2,0,1785979947
2026-08-06,0xde4fb30ccc2f1210fce2c8ad66410c586c8d1f9a,4380,0x6c73e9148ac9acd1a96d554b6b20905414f8696f,394.372716,788.745432,0.0,2,0,1786056541
2026-08-06,0xde4fb30ccc2f1210fce2c8ad66410c586c8d1f9a,4424,0xf9aaf5fe611572c281d1a3056b1cb43a1b1f4feb,813.084832,1626.169664,0.0,2,0,1786039945
2026-08-06,0xde4fb30ccc2f1210fce2c8ad66410c586c8d1f9a,4687,0xeae5be3835191ebd198af53aa6541cc7de87d6e4,558.632068,1117.264136,0.0,2,0,1786008013
2026-08-06,0xde4fb30ccc2f1210fce2c8ad66410c586c8d1f9a,4837,0x95b0cb330519db2bcaf74b90c1bde3d62f673718,239.570271,479.140542,0.0,2,0,1786021535
2026-08-06,0xde4fb30ccc2f1210fce2c8ad66410c586c8d1f9a,4890,0x12f03f0f9b9384feee357ab255b42ae99fdb8895,411.911121,823.822242,0.0,2,0,1785980579
2026-08-06,0xde4fb30ccc2f1210fce2c8ad66410c586c8d1f9a,4972,0x9baa120b011334ae37ce01ac7c714c934cd7648d,404.198802,808.397604,0.0,2,0,1785980681
2026-08-06,0xde4fb30ccc2f1210fce2c8ad66410c586c8d1f9a,5062,0xe8d8b73ccc85ded891ad41893ebbb0d684350e04,251.811202,503.622404,0.0,2,0,1786028295
2026-08-06,0xde4fb30ccc2f1210fce2c8ad66410c586c8d1f9a,5605,0x2b0d2cbcc667631afca6d50dc20a6cc23d9b08e4,425.954319,851.908638,0.0,2,0,1786086185
2026-08-06,0xde4fb30ccc2f1210fce2c8ad66410c586c8d1f9a,5645,0x5bbefaccc1a8e1ecb0d470f941668562eeb46ff0,4104.722187,8209.444374,0.0,2,0,1786072143
2026-08-06,0xde4fb30ccc2f1210fce2c8ad66410c586c8d1f9a,5682,0xa208195f66ed7ca689e8c8fed731d3c6990935b1,170.669663,341.339326,0.0,2,0,1785996541
2026-08-06,0xde4fb30ccc2f1210fce2c8ad66410c586c8d1f9a,5767,0x5f9908aa2af7653cc50f9d93416b8c96e18b957f,1323.65617,2647.31234,0.0,2,0,1786074583
2026-08-06,0xde4fb30ccc2f1210fce2c8ad66410c586c8d1f9a,5944,0x59e604a19276b66077de733228ea2bc7db5250cf,206.546288,413.092576,0.0,2,0,1786027135
2026-08-06,0xde4fb30ccc2f1210fce2c8ad66410c586c8d1f9a,6255,0x698d50e91cdf7d655f3e5553289c6574fc20d115,412.663756,825.327512,0.0,2,0,1786004487
2026-08-06,0xde4fb30ccc2f1210fce2c8ad66410c586c8d1f9a,6278,0x33bc7bb9036bff104047d059eec208e43b0ecff1,408.872526,408.872526,0.0,1,0,1786163565
2026-08-06,0xde4fb30ccc2f1210fce2c8ad66410c586c8d1f9a,6634,0x45c2cb53a900200b1a019951814b894d3973430b,11.170337,22.340674,0.0,2,0,1786001511
2026-08-06,0xde4fb30ccc2f1210fce2c8ad66410c586c8d1f9a,7691,0x432074e120ff63066021ad3674f55d8056db1c44,331.083854,331.083854,0.0,1,0,1786154761
2026-08-06,0xde4fb30ccc2f1210fce2c8ad66410c586c8d1f9a,8891,0x39b3fad859c082004ee603febb8bf32f80516166,3.290059,3.290059,0.0,1,0,1786102655
2026-08-06,0xde4fb30ccc2f1210fce2c8ad66410c586c8d1f9a,9149,0x4cb75146e98562c9d79b31649c6c739e4dcb7cd5,85.484699,85.484699,0.0,1,0,1786146779
2026-08-06,0xde4fb30ccc2f1210fce2c8ad66410c586c8d1f9a,9196,0x1aa4a66ef0cfa99ca9d39fdad2b05489744c972a,3534.063951,3534.063951,0.0,1,0,1786158503
2026-08-06,0xde4fb30ccc2f1210fce2c8ad66410c586c8d1f9a,11408,0x7a07597b2e6bd76f8b06777a75462942a6de13b3,3161.378818,6322.757636,0.0,2,0,1785993785
2026-08-06,0xde4fb30ccc2f1210fce2c8ad66410c586c8d1f9a,11568,0x5a9e792143bf2708b4765c144451dca54f559a19,124130.354204,248260.708408,0.0,2,0,1786060663
2026-08-06,0xde4fb30ccc2f1210fce2c8ad66410c586c8d1f9a,11766,0xaa2cbf017f673a3d2bb2377bf1972199fe6f16bc,24.794862,49.589724,0.0,2,0,1786053193
2026-08-06,0xde4fb30ccc2f1210fce2c8ad66410c586c8d1f9a,14163,0x872d663298a2f3f726da80e43df2d7d2cdfb340a,2006.952822,2006.952822,0.0,1,0,1786104847
2026-08-06,0xde4fb30ccc2f1210fce2c8ad66410c586c8d1f9a,15430,0x1b82502a605bb1ab95d5e54b2a8f85904c1bb0d1,91.033275,182.06655,0.0,2,0,1786038817
2026-08-06,0xde4fb30ccc2f1210fce2c8ad66410c586c8d1f9a,15754,0x37975bf16ab5e1b669603b2120f6e62e7c6120be,429.604137,859.208274,0.0,2,0,1786034119
2026-08-06,0xde4fb30ccc2f1210fce2c8ad66410c586c8d1f9a,15913,0x3fe3251e602d32039136d622432a2ecb8923a0e3,2690.133571,5380.267142,0.0,2,0,1786035877
2026-08-06,0xde4fb30ccc2f1210fce2c8ad66410c586c8d1f9a,16638,0x1113b0a136918c3d9751959da62ce934e45f32c2,75.792837,151.585674,0.0,2,0,1786007829
2026-08-06,0xde4fb30ccc2f1210fce2c8ad66410c586c8d1f9a,16669,0xa2cb2c0be12389ff3cf0b6ad24055aa5dc5382f2,75.52427,151.04854,0.0,2,0,1786033087
2026-08-06,0xde4fb30ccc2f1210fce2c8ad66410c586c8d1f9a,19378,0x2924632219f6fc6d50b8f373070ba78db336fd2f,797.407476,797.407476,0.0,1,0,1786103045
2026-08-06,0xde4fb30ccc2f1210fce2c8ad66410c586c8d1f9a,19932,0x846a146645ed0c3ae9f4bd14f301d7b5722c0259,708.996592,1417.993184,0.0,2,0,1786017857
2026-08-06,0xde4fb30ccc2f1210fce2c8ad66410c586c8d1f9a,20899,0x797e0b9257695256c3d412b9518e9c533e3ba0ee,5026.611629,10053.223258,0.0,2,0,1786020665
2026-08-06,0xde4fb30ccc2f1210fce2c8ad66410c586c8d1f9a,20959,0xbebff394e920b170ee013f4bcdb9a06fb7481944,5677.548948,11355.097896,0.0,2,0,1786032071
2026-08-06,0xde4fb30ccc2f1210fce2c8ad66410c586c8d1f9a,21250,0x846a146645ed0c3ae9f4bd14f301d7b5722c0259,457.610689,915.221378,0.0,2,0,1786017881
2026-08-06,0xde4fb30ccc2f1210fce2c8ad66410c586c8d1f9a,22184,0x0b294bcfec79210ef0b919c4ff83e2c98cbcfbcf,959.95987,1919.91974,0.0,2,0,1785979959
2026-08-06,0xde4fb30ccc2f1210fce2c8ad66410c586c8d1f9a,26892,0x4cb75146e98562c9d79b31649c6c739e4dcb7cd5,10.918428,10.918428,0.0,1,0,1786146771
2026-08-06,0xde4fb30ccc2f1210fce2c8ad66410c586c8d1f9a,35530,0xffd8ffaa57e8d247650998b4423c373dcc77cfbb,84.454073,168.908146,0.0,2,0,1786089363
2026-08-06,0xde4fb30ccc2f1210fce2c8ad66410c586c8d1f9a,37734,0x5a9e792143bf2708b4765c144451dca54f559a19,93043.13105,186086.2621,0.0,2,0,1786060669
2026-08-06,0xde4fb30ccc2f1210fce2c8ad66410c586c8d1f9a,42438,0x903c1606ba719b63f581487cabcb7fb71fe98cfc,58.603137,58.603137,0.0,1,0,1786163047
2026-08-06,0xde4fb30ccc2f1210fce2c8ad66410c586c8d1f9a,43753,0x4613b731ef2ce510ce5627330dd178d5865184ed,105.042032,210.084064,0.0,2,0,1786009491
2026-08-06,0xde4fb30ccc2f1210fce2c8ad66410c586c8d1f9a,61528,0xe18c1c9ea74e32b3c05b6b45c08a03748807812c,374.705528,749.411056,0.0,2,0,1785978853
2026-08-06,0xde4fb30ccc2f1210fce2c8ad66410c586c8d1f9a,62323,0x5eb9df642d44bf33071d3468629601009cf163e9,21.459905,42.91981,0.0,2,0,1785990081
2026-08-06,0xde4fb30ccc2f1210fce2c8ad66410c586c8d1f9a,64674,0x1eecfb518c4a048a247ccfa07ff0301106344252,86.146842,172.293684,0.0,2,0,1786101385
2026-08-06,0xde4fb30ccc2f1210fce2c8ad66410c586c8d1f9a,64688,0x1b0132aa8db835738ee33f83d67d5a14c532b65d,3.404016,6.808032,0.0,2,0,1786077521
2026-08-06,0xde4fb30ccc2f1210fce2c8ad66410c586c8d1f9a,66835,0x1416014adb4e5613c75635910382e8daf25302c6,436.04333,872.08666,0.0,2,0,1786082241
2026-08-06,0xde4fb30ccc2f1210fce2c8ad66410c586c8d1f9a,67254,0x56f7988185d756a4c84e9f56dc856c0d8c850c73,2466.141592,4932.283184,0.0,2,0,1785999677
2026-08-06,0xde4fb30ccc2f1210fce2c8ad66410c586c8d1f9a,68842,0x3c92feb9e8aa1a057366b457d27e07c5d21738fe,299.553234,599.106468,0.0,2,0,1786006823
2026-08-06,0xde4fb30ccc2f1210fce2c8ad66410c586c8d1f9a,69474,0xf96b453acd15b5822a5c3a4ef4211ca58027c672,2683.288044,5366.576088,0.0,2,0,1785991115
2026-08-06,0xde4fb30ccc2f1210fce2c8ad66410c586c8d1f9a,69475,0xf96b453acd15b5822a5c3a4ef4211ca58027c672,2688.827667,5377.655334,0.0,2,0,1785991129
2026-08-06,0xde4fb30ccc2f1210fce2c8ad66410c586c8d1f9a,71256,0x5333d9c6f9d41e934d0ec734ee6efe2a6ec5eff0,117.653213,235.306426,0.0,2,0,1786012117
2026-08-06,0xde4fb30ccc2f1210fce2c8ad66410c586c8d1f9a,71868,0x9f250797da5b4d4bb1fda253360480325375a293,980.95375,980.95375,0.0,1,0,1786116167
2026-08-06,0xde4fb30ccc2f1210fce2c8ad66410c586c8d1f9a,72927,0xdf841026280a5c6300cc6530202fed170b534d26,1397.416235,2794.83247,0.0,2,0,1786004455
2026-08-06,0xde4fb30ccc2f1210fce2c8ad66410c586c8d1f9a,73813,0x5c8c2bdd675f513c8850957038278c3cf947f387,2534.764,5069.528,0.0,2,0,1786024871
2026-08-06,0xde4fb30ccc2f1210fce2c8ad66410c586c8d1f9a,74230,0xdf841026280a5c6300cc6530202fed170b534d26,380.218763,760.437526,0.0,2,0,1786004475
2026-08-06,0xde4fb30ccc2f1210fce2c8ad66410c586c8d1f9a,75571,0xf96b453acd15b5822a5c3a4ef4211ca58027c672,2882.42903,5764.85806,0.0,2,0,1785991145
2026-08-06,0xde4fb30ccc2f1210fce2c8ad66410c586c8d1f9a,75572,0xf96b453acd15b5822a5c3a4ef4211ca58027c672,2889.248876,5778.497752,0.0,2,0,1785991163
2026-08-06,0xde4fb30ccc2f1210fce2c8ad66410c586c8d1f9a,76466,0xecab22f524f728e7cc81818026eea5fc39303897,0.670336,1.340672,0.0,2,0,1786093913
2026-08-06,0xde4fb30ccc2f1210fce2c8ad66410c586c8d1f9a,76773,0xcad8b2c66d3691681d1225493740cc4613bc4736,424.272189,848.544378,0.0,2,0,1786097599
2026-08-06,0xde4fb30ccc2f1210fce2c8ad66410c586c8d1f9a,76935,0xdeb16c01ae6c13d1277ce0efc1def6b5c3bdd6c7,545.036804,545.036804,0.0,1,0,1786153675
2026-08-06,0xde4fb30ccc2f1210fce2c8ad66410c586c8d1f9a,76936,0x77474454c3284bf7d5427cb8760f450c2a091956,5420.177236,10840.354472,0.0,2,0,1785995365
2026-08-06,0xde4fb30ccc2f1210fce2c8ad66410c586c8d1f9a,78742,0xc02d87a15014550c0e91f8d1bc0ea11c1436f9a4,6476.099851,12952.199702,0.0,2,0,1785981043
2026-08-06,0xde4fb30ccc2f1210fce2c8ad66410c586c8d1f9a,78796,0x8555c5f95c85a43e7df1229e566ae33d1ff89978,721.275427,1442.550854,0.0,2,0,1785996679
2026-08-06,0xde4fb30ccc2f1210fce2c8ad66410c586c8d1f9a,78851,0x02443d1fcb2a76c99bf9bdf89de7f048d26eadba,232.151664,464.303328,0.0,2,0,1785995785
2026-08-06,0xde4fb30ccc2f1210fce2c8ad66410c586c8d1f9a,81282,0x8555c5f95c85a43e7df1229e566ae33d1ff89978,207.730158,415.460316,0.0,2,0,1785996727
2026-08-06,0xde4fb30ccc2f1210fce2c8ad66410c586c8d1f9a,82275,0x3d54dbee5c5d0215246199e177f629e607ceb7d5,0.746505,1.49301,0.0,2,0,1786018335
2026-08-06,0xde4fb30ccc2f1210fce2c8ad66410c586c8d1f9a,82276,0x05e63625a5003ba39dbd0e12d443c89b1eb48027,0.747157,1.494314,0.0,2,0,1786018337
2026-08-06,0xde4fb30ccc2f1210fce2c8ad66410c586c8d1f9a,82277,0x24e56740d621aa314e2f352e26a47734c3572ee3,0.747158,1.494316,0.0,2,0,1786018405
2026-08-06,0xde4fb30ccc2f1210fce2c8ad66410c586c8d1f9a,82278,0xbc5388ad815b08715122a6703be6a1091eb2a24d,0.747016,1.494032,0.0,2,0,1786018387
2026-08-06,0xde4fb30ccc2f1210fce2c8ad66410c586c8d1f9a,82279,0x97473c122eedb5de9dbca7c8e353219743974d47,0.746761,1.493522,0.0,2,0,1786018389
2026-08-06,0xde4fb30ccc2f1210fce2c8ad66410c586c8d1f9a,82280,0x270df65fa22c116ea3f63ea2c5ac927faf82f687,0.760949,1.521898,0.0,2,0,1786018951
2026-08-06,0xde4fb30ccc2f1210fce2c8ad66410c586c8d1f9a,82281,0x9a589729132a053e6bed0fbfe97a75cc7094fd07,0.745991,1.491982,0.0,2,0,1786018945
2026-08-06,0xde4fb30ccc2f1210fce2c8ad66410c586c8d1f9a,82282,0xc2dc738b00529978e5fb7e485b6be595d50b6aa8,0.744758,1.489516,0.0,2,0,1786018947
2026-08-06,0xde4fb30ccc2f1210fce2c8ad66410c586c8d1f9a,82283,0xed29e9ebba490d0406766812315906fc15200ef1,0.744347,1.488694,0.0,2,0,1786018949
2026-08-06,0xde4fb30ccc2f1210fce2c8ad66410c586c8d1f9a,82284,0x274c7d9bda3ab86c2e968733974b88fff45b8efc,0.74558,1.49116,0.0,2,0,1786018949
2026-08-06,0xde4fb30ccc2f1210fce2c8ad66410c586c8d1f9a,82285,0x485766d0ef040c702da66878fa7432b92721f4ab,0.74738,1.49476,0.0,2,0,1786019503
2026-08-06,0xde4fb30ccc2f1210fce2c8ad66410c586c8d1f9a,82286,0x3a64825e45f50a6553d8759346acb5b20be6b0e9,0.746806,1.493612,0.0,2,0,1786019653
2026-08-06,0xde4fb30ccc2f1210fce2c8ad66410c586c8d1f9a,82287,0xd152224d5fbbb832fc865451ffb8c751d5e51810,0.762374,1.524748,0.0,2,0,1786019607
2026-08-06,0xde4fb30ccc2f1210fce2c8ad66410c586c8d1f9a,82288,0x5bbfc6a864d4c893ba02f2921f403806ece9aff2,0.744647,1.489294,0.0,2,0,1786019609
2026-08-06,0xde4fb30ccc2f1210fce2c8ad66410c586c8d1f9a,82289,0x29f670ab391e2c46892bdcadb6909405e193a645,0.744646,1.489292,0.0,2,0,1786019611
2026-08-06,0xde4fb30ccc2f1210fce2c8ad66410c586c8d1f9a,82292,0x525ea0f45d64eccec63c592abb12a01c9a476517,0.752174,1.504348,0.0,2,0,1786020443
2026-08-06,0xde4fb30ccc2f1210fce2c8ad66410c586c8d1f9a,82293,0xd14d9b93fea781837d352819682b8bdbfd6318a5,0.752174,1.504348,0.0,2,0,1786020445
2026-08-06,0xde4fb30ccc2f1210fce2c8ad66410c586c8d1f9a,82294,0xb2870eb0beecba8f762e0158b992e0a9e1d6c276,0.752173,1.504346,0.0,2,0,1786020447
2026-08-06,0xde4fb30ccc2f1210fce2c8ad66410c586c8d1f9a,82295,0xa31576cb85e9db9de1bb2f2a96ad500d74a4f299,0.752173,1.504346,0.0,2,0,1786020451
2026-08-06,0xde4fb30ccc2f1210fce2c8ad66410c586c8d1f9a,82296,0xce971aa0da23034bdbaa96fcb223e0446cbc62d2,0.752173,1.504346,0.0,2,0,1786020453
2026-08-06,0xde4fb30ccc2f1210fce2c8ad66410c586c8d1f9a,82297,0x8185bf453afe0374ec61d6772e595dab6a00b251,0.752654,1.505308,0.0,2,0,1786020925
2026-08-06,0xde4fb30ccc2f1210fce2c8ad66410c586c8d1f9a,82298,0x3df3ce7ce8be11b4a17f5d7bdb0305114e5b1f82,0.752654,1.505308,0.0,2,0,1786020927
2026-08-06,0xde4fb30ccc2f1210fce2c8ad66410c586c8d1f9a,82299,0x71fb01bb76fd237ed87c263e7c2acec75d742523,0.752576,1.505152,0.0,2,0,1786020929
2026-08-06,0xde4fb30ccc2f1210fce2c8ad66410c586c8d1f9a,82300,0x9acd1a8b15b78dca6b80dad92027223ce4af9b33,0.752576,1.505152,0.0,2,0,1786020931
2026-08-06,0xde4fb30ccc2f1210fce2c8ad66410c586c8d1f9a,82301,0x3fb15dc0b49262e537475282835430bf7767a682,0.752654,1.505308,0.0,2,0,1786020933
2026-08-06,0xde4fb30ccc2f1210fce2c8ad66410c586c8d1f9a,83128,0x2e65b729da5ca28120317a3f932aaaeebd5b92ef,842.964416,1685.928832,0.0,2,0,1786018257
2026-08-06,0xde4fb30ccc2f1210fce2c8ad66410c586c8d1f9a,84093,0xc7599dd9343eb648fc21f03b4cea90a8b7edde7f,480.991144,961.982288,0.0,2,0,1785999407
2026-08-06,0xde4fb30ccc2f1210fce2c8ad66410c586c8d1f9a,84659,0x4da514756b61b361b3cbd23bfe554e068eb9d20d,123.798697,247.597394,0.0,2,0,1786078213
2026-08-06,0xde4fb30ccc2f1210fce2c8ad66410c586c8d1f9a,85447,0xdda821f4eae19053aba8cb2982ad2f0ea38b5a8e,39.431184,78.862368,0.0,2,0,1785981721
2026-08-06,0xde4fb30ccc2f1210fce2c8ad66410c586c8d1f9a,86780,0x145211ac1665a4350c4bbda58e0f7f431627a85c,3407.862713,6815.725426,0.0,2,0,1786047023
2026-08-06,0xde4fb30ccc2f1210fce2c8ad66410c586c8d1f9a,87001,0x571cbf521dbffc43fb43384a2e3eec8b4625aba0,3458.47278,3458.47278,0.0,1,0,1786120457
2026-08-06,0xde4fb30ccc2f1210fce2c8ad66410c586c8d1f9a,87669,0x062e4c8530018238715c4595017345cddd694791,635.661014,1271.322028,0.0,2,0,1785981303
2026-08-06,0xde4fb30ccc2f1210fce2c8ad66410c586c8d1f9a,88595,0x8dafc11be620d183dff019bde98d8b96db395cf5,84.786768,169.573536,0.0,2,0,1785983653
2026-08-06,0xde4fb30ccc2f1210fce2c8ad66410c586c8d1f9a,89935,0xbe6bbf7b3f6d8e4ffbe73a4ec1dc56955b000505,202.776037,405.552074,0.0,2,0,1786001239
2026-08-06,0xde4fb30ccc2f1210fce2c8ad66410c586c8d1f9a,89949,0x571cbf521dbffc43fb43384a2e3eec8b4625aba0,3325.507196,3325.507196,0.0,1,0,1786120499
2026-08-06,0xde4fb30ccc2f1210fce2c8ad66410c586c8d1f9a,90340,0x3c3a20fbea8dd96357d5d44feee5d82c671380cb,0.472323,0.944646,0.0,2,0,1785992107
2026-08-06,0xde4fb30ccc2f1210fce2c8ad66410c586c8d1f9a,90426,0xcbb1a94da8d496f06507da64ddc2c522d0237ae7,11271.161657,22542.323314,0.0,2,0,1785987685
2026-08-06,0xde4fb30ccc2f1210fce2c8ad66410c586c8d1f9a,90566,0xbe6bbf7b3f6d8e4ffbe73a4ec1dc56955b000505,195.871479,391.742958,0.0,2,0,1786001307
2026-08-06,0xde4fb30ccc2f1210fce2c8ad66410c586c8d1f9a,90772,0x571cbf521dbffc43fb43384a2e3eec8b4625aba0,2590.339076,2590.339076,0.0,1,0,1786120525
2026-08-06,0xde4fb30ccc2f1210fce2c8ad66410c586c8d1f9a,91051,0x172f86ac7711f5dc024934649353bf864af5055c,617.635363,1235.270726,0.0,2,0,1786032541
2026-08-06,0xde4fb30ccc2f1210fce2c8ad66410c586c8d1f9a,93185,0x9828c2028705969f7dede5fe61b187f930726b2c,491.374421,982.748842,0.0,2,0,1786024945
2026-08-06,0xde4fb30ccc2f1210fce2c8ad66410c586c8d1f9a,93487,0x145211ac1665a4350c4bbda58e0f7f431627a85c,2609.875684,5219.751368,0.0,2,0,1786047035
2026-08-06,0xde4fb30ccc2f1210fce2c8ad66410c586c8d1f9a,94030,0x78d4c94b1284d46d238c6afbbbd115385b1b36ec,636.007944,1272.015888,0.0,2,0,1786041619
2026-08-06,0xde4fb30ccc2f1210fce2c8ad66410c586c8d1f9a,96293,0x4cb75146e98562c9d79b31649c6c739e4dcb7cd5,3.438515,3.438515,0.0,1,0,1786146763
2026-08-06,0xde4fb30ccc2f1210fce2c8ad66410c586c8d1f9a,96566,0xcad8b2c66d3691681d1225493740cc4613bc4736,4083.902344,8167.804688,0.0,2,0,1786097587
2026-08-06,0xde4fb30ccc2f1210fce2c8ad66410c586c8d1f9a,97999,0x145211ac1665a4350c4bbda58e0f7f431627a85c,2635.081998,5270.163996,0.0,2,0,1786047011
2026-08-06,0xde4fb30ccc2f1210fce2c8ad66410c586c8d1f9a,99050,0x49eb2617cb28a76fae711c3119b5e6022681036e,950.874678,1901.749356,0.0,2,0,1786030499
2026-08-06,0xde4fb30ccc2f1210fce2c8ad66410c586c8d1f9a,99077,0x20d27d79db0e101650d3d31d456ad565425fee36,2625.621955,2625.621955,0.0,1,0,1786130945
2026-08-06,0xde4fb30ccc2f1210fce2c8ad66410c586c8d1f9a,106152,0x7be4f8b8402ff85d6cf752672fa014510dca1599,484.415923,968.831846,0.0,2,0,1786005597
2026-08-06,0xde4fb30ccc2f1210fce2c8ad66410c586c8d1f9a,109466,0x4c6f6489c13dc83c480184ff243d1171f3f2e17c,38960.543545,77921.08709,0.0,2,0,1786050577
2026-08-06,0xde4fb30ccc2f1210fce2c8ad66410c586c8d1f9a,110770,0xc878017389572dd653a852b633ffcd55e28fefbc,2051.495657,4102.991314,0.0,2,0,1786085741
2026-08-06,0xde4fb30ccc2f1210fce2c8ad66410c586c8d1f9a,110771,0x216ab0f15bf7ea0b240f93edfd83feecd4cc10d1,820.671784,820.671784,0.0,1,0,1786107697
2026-08-06,0xde4fb30ccc2f1210fce2c8ad66410c586c8d1f9a,110889,0x840c80320476f596a7349ad3a5851f90ff504daa,7.852864,15.705728,0.0,2,0,1786028059
2026-08-06,0xde4fb30ccc2f1210fce2c8ad66410c586c8d1f9a,110905,0x216ab0f15bf7ea0b240f93edfd83feecd4cc10d1,185.87264,185.87264,0.0,1,0,1786107709
2026-08-06,0xde4fb30ccc2f1210fce2c8ad66410c586c8d1f9a,111053,0x571cbf521dbffc43fb43384a2e3eec8b4625aba0,2564.015443,2564.015443,0.0,1,0,1786120557
2026-08-06,0xde4fb30ccc2f1210fce2c8ad66410c586c8d1f9a,111607,0x24d9e939362bf38720e0d96a567bd1db3b90a593,881.433975,1762.86795,0.0,2,0,1786085013
2026-08-06,0xde4fb30ccc2f1210fce2c8ad66410c586c8d1f9a,112712,0x840c80320476f596a7349ad3a5851f90ff504daa,1.503922,3.007844,0.0,2,0,1786028071
2026-08-06,0xde4fb30ccc2f1210fce2c8ad66410c586c8d1f9a,112719,0xd582a6a79a2b01969e3acad391a5eec78ffdf3a1,109.87659,219.75318,0.0,2,0,1786075639
2026-08-06,0xde4fb30ccc2f1210fce2c8ad66410c586c8d1f9a,113613,0x2471e3d5f807ca1bedbeee34660f8c37849d6c54,189.851863,379.703726,0.0,2,0,1785979583
2026-08-06,0xde4fb30ccc2f1210fce2c8ad66410c586c8d1f9a,113664,0xd9e8c5640380b4116b2760d7bd9ea7afc695cd42,1362.61588,2725.23176,0.0,2,0,1786078955
2026-08-06,0xde4fb30ccc2f1210fce2c8ad66410c586c8d1f9a,113676,0x062e4c8530018238715c4595017345cddd694791,988.137615,1976.27523,0.0,2,0,1785981341
2026-08-06,0xde4fb30ccc2f1210fce2c8ad66410c586c8d1f9a,113846,0x062e4c8530018238715c4595017345cddd694791,1363.255534,2726.511068,0.0,2,0,1785981353
2026-08-06,0xde4fb30ccc2f1210fce2c8ad66410c586c8d1f9a,114513,0x0a40de5ddde08ce34048fc0a8627912cb4fcfc61,2416.613692,4833.227384,0.0,2,0,1786004789
2026-08-06,0xde4fb30ccc2f1210fce2c8ad66410c586c8d1f9a,114540,0xbab5392c98666e41992dabc417c29338dcceb1aa,42.443438,42.443438,0.0,1,0,1786128991
2026-08-06,0xde4fb30ccc2f1210fce2c8ad66410c586c8d1f9a,114713,0x3da15042228950228909b21451d8f0926aca1cf2,2260.952409,4521.904818,0.0,2,0,1786005149
2026-08-06,0xde4fb30ccc2f1210fce2c8ad66410c586c8d1f9a,115099,0xa7e27d536ede7f5e2f93a264f3be3a23e91befb5,1750.681805,3501.36361,0.0,2,0,1785992011
2026-08-06,0xde4fb30ccc2f1210fce2c8ad66410c586c8d1f9a,115122,0x5688d6bf4e6b49b83f017aaf4f76224b0cbca41b,123.01954,246.03908,0.0,2,0,1785998693
2026-08-06,0xde4fb30ccc2f1210fce2c8ad66410c586c8d1f9a,115396,0xda52e5829e68e42937ec9172d92f4b584148d70c,14189.114236,28378.228472,0.0,2,0,1786034443
2026-08-06,0xde4fb30ccc2f1210fce2c8ad66410c586c8d1f9a,115689,0x396ae68e4526f1f46245283a066c912d4d4fd24e,7955.562574,15911.125148,0.0,2,0,1786086455
2026-08-06,0xde4fb30ccc2f1210fce2c8ad66410c586c8d1f9a,116598,0x571cbf521dbffc43fb43384a2e3eec8b4625aba0,4188.560454,4188.560454,0.0,1,0,1786120583
2026-08-06,0xde4fb30ccc2f1210fce2c8ad66410c586c8d1f9a,116883,0xcb47435fe6a83a048d2bd6c578c277a8ee609343,751.233845,1502.46769,0.0,2,0,1785986299
2026-08-06,0xde4fb30ccc2f1210fce2c8ad66410c586c8d1f9a,117729,0x561eaf290e0ca0421582cd65339ce6724ad97ce2,101030.873327,202061.746654,0.0,2,0,1785983541
2026-08-06,0xde4fb30ccc2f1210fce2c8ad66410c586c8d1f9a,117757,0x77c0899deee999a263dc20b53df2046e4b335a0a,316.383702,632.767404,0.0,2,0,1786000815
2026-08-06,0xde4fb30ccc2f1210fce2c8ad66410c586c8d1f9a,117802,0xfe89b58943d007b77feba0fca8ee403f86891ece,461.0,922.0,0.0,2,0,1785979337
2026-08-06,0xde4fb30ccc2f1210fce2c8ad66410c586c8d1f9a,117839,0x1979630a6ab98a0cce107aa8edc4ed1057f2bd43,403.775349,807.550698,0.0,2,0,1786032285
2026-08-06,0xde4fb30ccc2f1210fce2c8ad66410c586c8d1f9a,118000,0xc3379514d2d2d90894839b043aa2e43a6d2d16a0,3034.671873,6069.343746,0.0,2,0,1786019261
2026-08-06,0xde4fb30ccc2f1210fce2c8ad66410c586c8d1f9a,118122,0xeb00b9c2b1559dce37a519fd8317c2290b822851,12.746547,12.746547,0.0,1,0,1786109707
2026-08-06,0xde4fb30ccc2f1210fce2c8ad66410c586c8d1f9a,118365,0xe36c9ad7ebb19924c2bd1f6ff68eb28f0241e52e,6.372744,12.745488,0.0,2,0,1785995839
2026-08-06,0xde4fb30ccc2f1210fce2c8ad66410c586c8d1f9a,118532,0x2cab84780c031dd1d1e551a48033b320906e2fab,9261.801824,18523.603648,0.0,2,0,1785980479
2026-08-06,0xde4fb30ccc2f1210fce2c8ad66410c586c8d1f9a,118838,0x75b9116ebf0af682b27f9479a00d9abcd8ec0a27,0.841079,0.841079,0.0,1,0,1786105113
2026-08-06,0xde4fb30ccc2f1210fce2c8ad66410c586c8d1f9a,118915,0x3ddae87d300a0ff41e50e139c5a301d14ba9fad9,6917.736631,13835.473262,0.0,2,0,1785979401
2026-08-06,0xde4fb30ccc2f1210fce2c8ad66410c586c8d1f9a,118918,0x3ddae87d300a0ff41e50e139c5a301d14ba9fad9,4557.895933,9115.791866,0.0,2,0,1785979359
2026-08-06,0xde4fb30ccc2f1210fce2c8ad66410c586c8d1f9a,118944,0xd5d9041f30bb174c12245894448027d0478213d5,11.501754,11.501754,0.0,1,0,1786107577
2026-08-06,0xde4fb30ccc2f1210fce2c8ad66410c586c8d1f9a,119181,0x9d3976c25f4defe584ed80bae5a7cef59ba07aa5,1.401061,1.401061,0.0,1,0,1786104229
2026-08-06,0xde4fb30ccc2f1210fce2c8ad66410c586c8d1f9a,119198,0xc3379514d2d2d90894839b043aa2e43a6d2d16a0,439.376725,878.75345,0.0,2,0,1786019377
2026-08-06,0xde4fb30ccc2f1210fce2c8ad66410c586c8d1f9a,119234,0x50d9b71efed301ca8ede6a5be96b765a3bb09081,16.88486,16.88486,0.0,1,0,1786156937
2026-08-06,0xde4fb30ccc2f1210fce2c8ad66410c586c8d1f9a,119252,0xe74647e67e2407db6a01f276fc9c81797f646248,10.842706,21.685412,0.0,2,0,1786038045
2026-08-06,0xde4fb30ccc2f1210fce2c8ad66410c586c8d1f9a,119592,0xca3228d257a777e9464a867cd81cfb53c15d13ca,76.961182,153.922364,0.0,2,0,1786046711
2026-08-06,0xde4fb30ccc2f1210fce2c8ad66410c586c8d1f9a,119877,0x8cb46435d86f80a2edd73425e641bafc68d06004,264.68419,529.36838,0.0,2,0,1786083291
2026-08-06,0xde4fb30ccc2f1210fce2c8ad66410c586c8d1f9a,120178,0x73024f4c577ded086ccf97921c51286f8ed1ce86,41.710956,83.421912,0.0,2,0,1786019003
2026-08-06,0xde4fb30ccc2f1210fce2c8ad66410c586c8d1f9a,120283,0x89e42a5a0de32368b30b95cba5b587ab9a1aab37,52.058094,104.116188,0.0,2,0,1785999495
2026-08-06,0xde4fb30ccc2f1210fce2c8ad66410c586c8d1f9a,120299,0xf0f5a1cdb8999bcb4e5130878a936a85dc54e1d6,39.211863,78.423726,0.0,2,0,1786047807
2026-08-06,0xde4fb30ccc2f1210fce2c8ad66410c586c8d1f9a,120768,0x09df409b26556f596361b3f62de409de49c79c41,59.776958,59.776958,0.0,1,0,1786130255
2026-08-06,0xde4fb30ccc2f1210fce2c8ad66410c586c8d1f9a,120892,0x3ddae87d300a0ff41e50e139c5a301d14ba9fad9,706.112965,1412.22593,0.0,2,0,1785979425
2026-08-06,0xde4fb30ccc2f1210fce2c8ad66410c586c8d1f9a,120985,0xd243e64b4faf22e242beee04ca6bba739a28f173,141.990705,283.98141,0.0,2,0,1785980645
2026-08-06,0xde4fb30ccc2f1210fce2c8ad66410c586c8d1f9a,122475,0xd0793c144c7e09c3d7e0da7a8384c31d0577f838,70.904262,141.808524,0.0,2,0,1785995929
2026-08-06,0xde4fb30ccc2f1210fce2c8ad66410c586c8d1f9a,122599,0x0d9ba2615c6dc20c6fa678f96cccda946b9ba866,1184.90693,4737.345874,2367.532014,4,2,1785978263
2026-08-06,0xde4fb30ccc2f1210fce2c8ad66410c586c8d1f9a,122738,0x6f66bf2a5870a5cd06870362788724e3fe23e856,1476.135229,2952.270458,0.0,2,0,1785988809
2026-08-06,0xde4fb30ccc2f1210fce2c8ad66410c586c8d1f9a,122743,0xfd6d6160795d707d116ea75a1d63a3964789eaf8,15.174352,30.348704,0.0,2,0,1785988349
2026-08-06,0xde4fb30ccc2f1210fce2c8ad66410c586c8d1f9a,122961,0xfe3850cd9b561096eb9945c576c24a72d596c0f8,741.191578,1482.383156,0.0,2,0,1786049495
2026-08-06,0xde4fb30ccc2f1210fce2c8ad66410c586c8d1f9a,123033,0xdd67a82d44aed21fb6e264d04bafe9f3189f7d68,0.247316,0.494632,0.0,2,0,1786011115
2026-08-06,0xde4fb30ccc2f1210fce2c8ad66410c586c8d1f9a,123063,0xfbc2c9ce9455c832ced510ae5bf995f3d4e12642,295.237026,295.237026,0.0,1,0,1786106457
2026-08-06,0xde4fb30ccc2f1210fce2c8ad66410c586c8d1f9a,123342,0x0db14dc82cbb0ce820f65c9796e0bc9e19ef08bf,82.113982,164.227964,0.0,2,0,1785979477
2026-08-06,0xde4fb30ccc2f1210fce2c8ad66410c586c8d1f9a,124561,0xe751f25cf499090bf4ba1ad6069054437c03f631,45.22192,90.44384,0.0,2,0,1786002765
2026-08-06,0xde4fb30ccc2f1210fce2c8ad66410c586c8d1f9a,126989,0x04af40f3535d60d4456f6a04845ddc6247a38d74,7.149329,14.298658,0.0,2,0,1786071665
2026-08-06,0xde4fb30ccc2f1210fce2c8ad66410c586c8d1f9a,127015,0x9c5328b8c27f8a38706202d6dc27cca7d078efaa,9.977668,19.955336,0.0,2,0,1786003755
2026-08-06,0xde4fb30ccc2f1210fce2c8ad66410c586c8d1f9a,127915,0x079aa29d33e313b7dc4d45eb0cd923c37b8181c7,29681.792035,29681.792035,0.0,1,0,1786146517
2026-08-06,0xde4fb30ccc2f1210fce2c8ad66410c586c8d1f9a,130259,0x3fe3251e602d32039136d622432a2ecb8923a0e3,155.252686,310.505372,0.0,2,0,1786035877
2026-08-06,0xde4fb30ccc2f1210fce2c8ad66410c586c8d1f9a,130280,0xf5cf8c1f27c28b403c6355c3ccd740f0f914f6fb,3.7034,7.4068,0.0,2,0,1785980859
2026-08-06,0xde4fb30ccc2f1210fce2c8ad66410c586c8d1f9a,130300,0x3fe3251e602d32039136d622432a2ecb8923a0e3,137.976017,275.952034,0.0,2,0,1786035877
2026-08-06,0xde4fb30ccc2f1210fce2c8ad66410c586c8d1f9a,130303,0x94cb7b4c03e709a46c7adbd761cf5a87a8e4e2f6,128.952885,257.90577,0.0,2,0,1786024221
2026-08-06,0xde4fb30ccc2f1210fce2c8ad66410c586c8d1f9a,130398,0xb29638c2eaff38dc9dbe80668cecedd406850178,439.728723,879.457446,0.0,2,0,1786017515
2026-08-06,0xde4fb30ccc2f1210fce2c8ad66410c586c8d1f9a,130399,0x1334752203935d80bca8a89a378bbe36b88961af,2.212804,4.425608,0.0,2,0,1786037669
2026-08-06,0xde4fb30ccc2f1210fce2c8ad66410c586c8d1f9a,130400,0x9d0fb4b309ec61cde0f2b82efbd61e8eee6160f4,0.000343,0.000686,0.0,2,0,1785994853
2026-08-06,0xde4fb30ccc2f1210fce2c8ad66410c586c8d1f9a,130402,0x440e54c694b08061201eed960ff9888873fbce94,5.23119,10.46238,0.0,2,0,1786000503
2026-08-06,0xde4fb30ccc2f1210fce2c8ad66410c586c8d1f9a,130426,0x0e95e7d1ebde4d8c0f288a6de9db448078505db6,55.803059,55.803059,0.0,1,0,1786138573
2026-08-06,0xdfe5f275020def30993f042174fc2d335678b626,12473,0x6f531b21829dbff76445910959052b0f4c08b5b5,276.306742,552.613484,555.712498,2,2,1785990121
2026-08-06,0xdfe5f275020def30993f042174fc2d335678b626,26445,0xf06ad68aec551ca9f2803f534b1e67bc78e3f4e8,25.265363,50.530726,51.016532,2,2,1786055109
2026-08-06,0xdfe5f275020def30993f042174fc2d335678b626,63578,0x975013969d096f74272b6aa9699ffb7c4cef6559,8.539706,17.079412,17.079412,2,2,1785983787
2026-08-06,0xdfe5f275020def30993f042174fc2d335678b626,72089,0x1f4329a073ed5bb30019b32b1f33e8e7eec04d03,44145.686734,88291.373468,88250.985562,2,2,1786039757
2026-08-06,0xdfe5f275020def30993f042174fc2d335678b626,74028,0x1f4329a073ed5bb30019b32b1f33e8e7eec04d03,3499.385961,6998.771922,6998.771922,2,2,1786039763
2026-08-06,0xdfe5f275020def30993f042174fc2d335678b626,76497,0x1f4329a073ed5bb30019b32b1f33e8e7eec04d03,12014.427068,24028.854136,24028.854136,2,2,1786039777
2026-08-06,0xdfe5f275020def30993f042174fc2d335678b626,85351,0xf3ed98c177c4c850379da04858ed8ddd934665ec,650.939217,1301.878434,1299.533984,2,2,1785979483
2026-08-06,0xe2b3aa806e56603a244bfc111c9474f7dedd03db,1593,0x4ac139d40354cf5d6c135b21a0ad5a4314b2353c,2594.149157,2594.149157,0.0,1,0,1786121969
2026-08-06,0xe2b3aa806e56603a244bfc111c9474f7dedd03db,5414,0x78b155d7bc284a887f09e028a360a36cc4c4d4c8,308.029822,616.059644,0.0,2,0,1786041735
2026-08-06,0xe2b3aa806e56603a244bfc111c9474f7dedd03db,110895,0x3e0173692b112984b89c166ce5f3e5ecafbe2c5f,263.5857,527.1714,0.0,2,0,1785981021
2026-08-06,0xe2b3aa806e56603a244bfc111c9474f7dedd03db,115212,0x78b155d7bc284a887f09e028a360a36cc4c4d4c8,443.442468,886.884936,0.0,2,0,1786041765
2026-08-06,0xe2b3aa806e56603a244bfc111c9474f7dedd03db,117511,0x54922c03b205a05f95f6f0322fbe15aeb734d0a8,6412.622514,12825.245028,0.0,2,0,1786086947
2026-08-06,0xe2b3aa806e56603a244bfc111c9474f7dedd03db,122353,0x1c9f7e17838d25f7c080e3a82d7d42f505808184,70.78312,141.56624,0.0,2,0,1785988461
2026-08-06,0xe2b3aa806e56603a244bfc111c9474f7dedd03db,122438,0x764a0f6a812081fdb969165989d2741b3d87f1ce,137.590233,275.180466,0.0,2,0,1785989015
2026-08-06,0xe2b3aa806e56603a244bfc111c9474f7dedd03db,122741,0x86b44db6677d7feaf935e5e153dfff1454115578,19.853633,39.707266,0.0,2,0,1785989821
2026-08-06,0xe2b3aa806e56603a244bfc111c9474f7dedd03db,122743,0xfd6d6160795d707d116ea75a1d63a3964789eaf8,45.523056,91.046112,0.0,2,0,1785988349
2026-08-06,0xe30d5bf485f7476ac15884a28ffb3c9cea635dcb,10298,0x488c8e0213051dc78155048e947257742d928bdf,805089.156678,68106185.441431,68097736.882302,85,85,1786163735
2026-08-06,0xe30d5bf485f7476ac15884a28ffb3c9cea635dcb,84311,0x83d2e472495f408bd0bc85702f4be5ef1acaee80,1.965789,3.931578,3.97043,2,2,1785982389
2026-08-06,0xe30d5bf485f7476ac15884a28ffb3c9cea635dcb,87459,0xc933d5f8733efbe05eb06bbfaa51621afcc0b358,0.048923,0.097846,0.100752,2,2,1785984543
2026-08-06,0xe30d5bf485f7476ac15884a28ffb3c9cea635dcb,89883,0x0b436e8cea1097f474ec77eb6570e3085e5a9d0e,0.250035,0.50007,0.51378,2,2,1785990145
2026-08-06,0xe46d786f1fc1c43bffadc2d8704adbdba5b45209,122741,0x86b44db6677d7feaf935e5e153dfff1454115578,0.0,0.0,24.157434,0,2,1785989821
2026-08-06,0xe846373c1a92b167b4e9cd5d8e4d6b1db9e90ec7,64785,0xbdb743f03df08d2c3b4a687b6be547560a45d9a7,33.932406,203.59476,207.059876,6,6,1786098887
2026-08-06,0xe846373c1a92b167b4e9cd5d8e4d6b1db9e90ec7,92815,0x4f767ba8b5de18b6b4215774b1b03e7b865d30e2,35.405241,141.620982,144.849986,4,4,1786098525
2026-08-06,0xe96a4e9ea3a2c6db214174738a19eb7dbb8a3069,30231,0xdffde0f254beada034f14383cfa01cc9eaf959fc,83.594721,83.594721,83.594721,1,1,1786115467
2026-08-06,0xe9eed359ef1e600cec91f240768f463ed3c88730,118944,0xd5d9041f30bb174c12245894448027d0478213d5,1.113455,1.113455,2.111562,1,1,1786107577
2026-08-06,0xea5cb64754ad7aa24f7a6bbe3b724f29b4f822b8,10298,0x488c8e0213051dc78155048e947257742d928bdf,402544.578339,34053092.720715,34048868.441151,85,85,1786163735
2026-08-06,0xebd2eeab20cefa41c94343f506ac506bfc3f681e,122487,0x4f39693d8a09fc08e9da31ebaffc90fa0e0f0b9f,1837.123671,1837.123671,0.0,1,0,1786104383
2026-08-06,0xef458a3263d2a8c7f3ed9e949ae2f9b345d08b1f,119747,0x7e4ca14bf1a738b7260a54a75f74761c41bb9801,0.0,0.0,0.74149,0,2,1786057917
2026-08-06,0xef458a3263d2a8c7f3ed9e949ae2f9b345d08b1f,119972,0xc18bb1b1a27872584fb0f2cf78d596e10ffb5526,0.0,0.0,1.456646,0,1,1786159433
2026-08-06,0xef458a3263d2a8c7f3ed9e949ae2f9b345d08b1f,124400,0xa0adf945c82adee6a848e902115555ffd0b21b90,0.0,0.0,0.644768,0,2,1785982019
2026-08-06,0xef7e596aef9e4c6301b4d1f1e88f8ffe8c306222,1140,0xe18c1c9ea74e32b3c05b6b45c08a03748807812c,2214.754189,4429.508378,0.0,2,0,1785978927
2026-08-06,0xef7e596aef9e4c6301b4d1f1e88f8ffe8c306222,1660,0xc80a5430d22e8f96b9fbf0d4d0925bc9e60daa1c,3927.693736,7855.387472,10532.109636,2,2,1785989899
2026-08-06,0xef7e596aef9e4c6301b4d1f1e88f8ffe8c306222,3075,0x3ac292d3257b0f8bd68e7defa1c364f917aa551b,0.0,0.0,8820.363914,0,2,1786030463
2026-08-06,0xef7e596aef9e4c6301b4d1f1e88f8ffe8c306222,5682,0xa208195f66ed7ca689e8c8fed731d3c6990935b1,0.0,0.0,350.904756,0,2,1785996541
2026-08-06,0xef7e596aef9e4c6301b4d1f1e88f8ffe8c306222,11129,0xdf204a863183d795793a94788fedf5a839061762,393558.191037,1571817.581478,1569403.446242,4,4,1786074461
2026-08-06,0xef7e596aef9e4c6301b4d1f1e88f8ffe8c306222,40199,0xeaa14c17ada19dd41c38cf046e184dee5fe04e1e,16.242274,16.242274,16.38543,1,1,1786141187
2026-08-06,0xef7e596aef9e4c6301b4d1f1e88f8ffe8c306222,61528,0xe18c1c9ea74e32b3c05b6b45c08a03748807812c,374.705528,749.411056,0.0,2,0,1785978853
2026-08-06,0xef7e596aef9e4c6301b4d1f1e88f8ffe8c306222,64828,0xa47dfe854ac531b8bce0082404974f39734fbc59,0.068032,0.136064,0.136818,2,2,1786046511
2026-08-06,0xef7e596aef9e4c6301b4d1f1e88f8ffe8c306222,78285,0xa932aec0dacb1d1f04a60e2a9ec972d7d2c4b263,802.786064,802.786064,809.731346,1,1,1786141441
2026-08-06,0xef7e596aef9e4c6301b4d1f1e88f8ffe8c306222,102683,0x94bee3100f5f6e6974ed2f0d81a0995edcda6b1a,2268.871753,4537.743506,4537.743506,2,2,1786010825
2026-08-06,0xef7e596aef9e4c6301b4d1f1e88f8ffe8c306222,118944,0xd5d9041f30bb174c12245894448027d0478213d5,0.036816,0.036816,0.069818,1,1,1786107577
2026-08-06,0xf207d02becd4417aaa3383804b6b87b17602c86d,10298,0x488c8e0213051dc78155048e947257742d928bdf,201272.28917,17026546.360358,17024434.220576,85,85,1786163735
2026-08-06,0xf207d02becd4417aaa3383804b6b87b17602c86d,73416,0x724d37177b079e597951f6933a506b5c81ce505b,109.264044,218.528088,221.897016,2,2,1786042347
2026-08-06,0xf207d02becd4417aaa3383804b6b87b17602c86d,111523,0x3f379032720b9f225e1e81f401bff1b0f394a716,2948.497076,5896.994152,5927.127076,2,2,1786008195
2026-08-06,0xf207d02becd4417aaa3383804b6b87b17602c86d,112425,0x89a99e361a1628c161f7ccfb843e0cb8ab5b3f07,975.882284,1951.764568,0.0,2,0,1785978097
2026-08-06,0xf39b7c34be147f5dc1bc374f27af2e9f03ad3113,64785,0xbdb743f03df08d2c3b4a687b6be547560a45d9a7,33.932406,203.59476,207.059876,6,6,1786098887
2026-08-06,0xf39b7c34be147f5dc1bc374f27af2e9f03ad3113,92815,0x4f767ba8b5de18b6b4215774b1b03e7b865d30e2,35.405241,141.620982,144.849986,4,4,1786098525
2026-08-06,0xf39b7c34be147f5dc1bc374f27af2e9f03ad3113,119916,0xd7a718c1bd2391cf19a2bfec18e00fc074f6a273,1.158881,2.317762,0.0,2,0,1785982389
2026-08-06,0xf39b7c34be147f5dc1bc374f27af2e9f03ad3113,130280,0xf5cf8c1f27c28b403c6355c3ccd740f0f914f6fb,0.0,0.0,7.410736,0,2,1785980859
2026-08-06,0xf81e1a62cbfa487e807044618661bfd4802b4982,10298,0x488c8e0213051dc78155048e947257742d928bdf,100636.144585,8513273.180179,8512217.110288,85,85,1786163735
2026-08-06,0xf81e1a62cbfa487e807044618661bfd4802b4982,26688,0x2b4a4fe93639c70aae55adf5e63f3cbf10956292,20436.546794,80358.200469,80044.268704,4,4,1786127731
2026-08-06,0xf8f33db251d41942f3b6518e3925df03c8c35f2c,1110,0x08888ce68d8de3d2616f96270f06b1b6fb3a18f6,14957.193403,29914.386806,0.0,2,0,1786049021
2026-08-06,0xf8f33db251d41942f3b6518e3925df03c8c35f2c,1140,0xe18c1c9ea74e32b3c05b6b45c08a03748807812c,2214.754189,4429.508378,0.0,2,0,1785978927
2026-08-06,0xf8f33db251d41942f3b6518e3925df03c8c35f2c,10482,0x51a8d07788571f545658e34dde71e1e7c21af19c,44892.786365,89785.57273,0.0,2,0,1786044505
2026-08-06,0xf8f33db251d41942f3b6518e3925df03c8c35f2c,61528,0xe18c1c9ea74e32b3c05b6b45c08a03748807812c,374.705528,749.411056,0.0,2,0,1785978853
2026-08-06,0xf91e0dfe1265b914182de54e08c9ca2068beddde,10298,0x488c8e0213051dc78155048e947257742d928bdf,100636.144585,8513273.180179,8512217.110288,85,85,1786163735
2026-08-06,0xfb338cb462c9e44cae9f442feb09e8e904ffed47,87035,0x5fcb5c349843e99082770ed4b0cccc01a95c2264,0.395612,0.791224,0.803488,2,2,1785994109
2026-08-06,0xfb338cb462c9e44cae9f442feb09e8e904ffed47,89883,0x0b436e8cea1097f474ec77eb6570e3085e5a9d0e,0.250035,0.50007,0.51378,2,2,1785990145
2026-08-06,0xfb338cb462c9e44cae9f442feb09e8e904ffed47,89918,0x2299944ae8ee748285bccbd4a5172fe292753dea,0.272378,0.544756,0.550354,2,2,1786072629
2026-08-06,0xfc67fb1dd64fe7681cd75095e618818435546a21,94815,0x9a75e4b607ea0ab30f129bf8e65bc86dc171df95,22.380428,44.760856,44.836396,2,2,1786062917
2026-08-06,0xfc67fb1dd64fe7681cd75095e618818435546a21,113613,0x2471e3d5f807ca1bedbeee34660f8c37849d6c54,0.0,0.0,381.339612,0,2,1785979583
2026-08-06,0xfc67fb1dd64fe7681cd75095e618818435546a21,123033,0xdd67a82d44aed21fb6e264d04bafe9f3189f7d68,0.0,0.0,0.568104,0,2,1786011115
2026-08-06,0xfc67fb1dd64fe7681cd75095e618818435546a21,129517,0x1334752203935d80bca8a89a378bbe36b88961af,0.938117,1.876234,1.346468,2,2,1786018387
2026-08-06,0xfc67fb1dd64fe7681cd75095e618818435546a21,130178,0x1334752203935d80bca8a89a378bbe36b88961af,2.550924,5.101848,0.483334,2,2,1786018475
2026-08-06,0xfc67fb1dd64fe7681cd75095e618818435546a21,130187,0x1334752203935d80bca8a89a378bbe36b88961af,0.818068,1.636136,0.722812,2,2,1786018563
2026-08-06,0xfc67fb1dd64fe7681cd75095e618818435546a21,130242,0x1334752203935d80bca8a89a378bbe36b88961af,0.474202,0.948404,1.214492,2,2,1786037707
2026-08-06,0xfc67fb1dd64fe7681cd75095e618818435546a21,130247,0x1334752203935d80bca8a89a378bbe36b88961af,0.637406,1.274812,0.786104,2,2,1786018611
2026-08-06,0xfcda5ab6bbc1fe5b8e1a185e86bb5f24b12e2278,10298,0x488c8e0213051dc78155048e947257742d928bdf,301908.433754,25539819.540537,25536651.330864,85,85,1786163735
2026-08-06,0xfd22d75b2fb405ee185155d57b0277b9db2f8e29,21709,0xab6a463c016724d76b4ebad6e4fd16711104bb86,8.90656,17.81312,11.875412,2,2,1785997865
2026-08-06,0xfefe4e80f2d747a484154f7ae18b20d478e49d40,85447,0xdda821f4eae19053aba8cb2982ad2f0ea38b5a8e,6.571864,13.143728,13.137716,2,2,1785981721
2026-08-06,0xff0df9b15c29542fa5d7efe169452507b4d648c2,89042,0x3c1381ac3c2ca74eaaa4fe7cbe851499202f528b,10.055264,20.110528,20.235,2,2,1785979321
2026-08-06,0xff56d037d948fad1027a1ac82ae610e4b694c641,16669,0xa2cb2c0be12389ff3cf0b6ad24055aa5dc5382f2,0.0,0.0,154.979276,0,2,1786033087
2026-08-06,0xff56d037d948fad1027a1ac82ae610e4b694c641,22184,0x0b294bcfec79210ef0b919c4ff83e2c98cbcfbcf,0.0,0.0,1948.837266,0,2,1785979959
2026-08-06,0xff56d037d948fad1027a1ac82ae610e4b694c641,64889,0xb4264e181207e2e701f72331e0998c38e04c8512,0.0,0.0,84.066448,0,2,1785991377
2026-08-06,0xff56d037d948fad1027a1ac82ae610e4b694c641,76466,0xecab22f524f728e7cc81818026eea5fc39303897,0.004621,0.009242,1.369356,2,2,1786093913
2026-08-06,0xff56d037d948fad1027a1ac82ae610e4b694c641,90044,0xc14242a137c06ff0b47b25f583795c70709c6bb5,0.047418,0.094836,0.450406,2,2,1786073339
2026-08-06,0xff56d037d948fad1027a1ac82ae610e4b694c641,110098,0xfff50011ebc19a9e12ac370077e1dcc9e7e22e80,0.0,0.0,267.618442,0,2,1786009161
2026-08-06,0xff56d037d948fad1027a1ac82ae610e4b694c641,110774,0x135e57443b9351b4275b53cea37b15bb1ee8e94b,0.0,0.0,24.974616,0,2,1786028689
2026-08-06,0xff56d037d948fad1027a1ac82ae610e4b694c641,115122,0x5688d6bf4e6b49b83f017aaf4f76224b0cbca41b,0.0,0.0,248.11248,0,2,1785998693
2026-08-06,0xff56d037d948fad1027a1ac82ae610e4b694c641,117964,0xaf3620289d5573431c5f16df9e0f72e2d51f774a,124.971073,124.971073,125.540869,1,1,1786116603
2026-08-06,0xff56d037d948fad1027a1ac82ae610e4b694c641,118944,0xd5d9041f30bb174c12245894448027d0478213d5,3.110707,3.110707,5.899162,1,1,1786107577
2026-08-06,0xff56d037d948fad1027a1ac82ae610e4b694c641,119252,0xe74647e67e2407db6a01f276fc9c81797f646248,3.128955,6.25791,11.354116,2,2,1786038045
2026-08-06,0xff56d037d948fad1027a1ac82ae610e4b694c641,122476,0xc676f784fd5af80528d1b493848c43960ac0509c,0.0,0.0,5.752968,0,2,1786006847
2026-08-06,0xff56d037d948fad1027a1ac82ae610e4b694c641,130178,0x1334752203935d80bca8a89a378bbe36b88961af,0.510185,1.02037,0.161112,2,2,1786018475
2026-08-06,0xff862675c47b6a2c9072dcbe2f37a78a445c4f37,95240,0xc366aa0b808000a6dff298dcebfa271452e86ca5,20.272932,40.545864,43.568532,2,2,1786032321
2026-08-06,0xffa3f8737c39e36dec4300b162c2153c67c8352f,76832,0xabd5c7513b135cfc760447519b8511864691b67e,1780.279612,3560.559224,3560.559224,2,2,1786017315
