epoch_start,pool,token_id,voter,final_weight,voted_weight,abstained_weight,n_voted,n_abstained,last_event_ts
2024-02-22,0x08b935148ab10d3699cb8d944519e8213abe6f1d,21,0x4444aaaacdba5580282365e25b16309bd770ce4a,0.0,0.0,483343.526992,0,1,1709149223
2024-02-22,0x08b935148ab10d3699cb8d944519e8213abe6f1d,47,0x011b0a055e02425461a1ae95b30f483c4ff05be7,59914.447728,59914.447728,76417.742972,1,1,1709155381
2024-02-22,0x08b935148ab10d3699cb8d944519e8213abe6f1d,68,0x132e47cf2c19ec2d8dd56e1528fc7e18dc09188f,0.0,0.0,170402.806136,0,1,1709148573
2024-02-22,0x08b935148ab10d3699cb8d944519e8213abe6f1d,103,0x1c2ed7a6c4e3c1146103fa222181115a72243a06,55888.905427,55888.905427,0.0,1,0,1709160853
2024-02-22,0x08b935148ab10d3699cb8d944519e8213abe6f1d,449,0xf6657bbcfeb5c2746e8c609e35018a5a8caa13fb,0.0,0.0,17874.263424,0,1,1709102759
2024-02-22,0x08b935148ab10d3699cb8d944519e8213abe6f1d,527,0x80d2214479e1cf9d79ea6690c4fff58fc56f866c,10520.337372,10520.337372,0.0,1,0,1709150467
2024-02-22,0x08b935148ab10d3699cb8d944519e8213abe6f1d,597,0x1ce0c2b445c8e87ea4c40b6e721d9a39b09f6459,18411.511637,18411.511637,0.0,1,0,1709153997
2024-02-22,0x08b935148ab10d3699cb8d944519e8213abe6f1d,632,0x794783dcfcac8c1944727057a3208d8f8bb91506,34264.347426,34264.347426,0.0,1,0,1709152657
2024-02-22,0x08b935148ab10d3699cb8d944519e8213abe6f1d,655,0x3590f55eecc2eb731e6888acf5e5c87f22be85be,0.0,0.0,31860.822265,0,1,1709127825
2024-02-22,0x08b935148ab10d3699cb8d944519e8213abe6f1d,764,0xdbd5d31b7f48adc13a0ab0c591f7e3d4f9642e69,0.0,0.0,8071.050159,0,1,1709133319
2024-02-22,0x08b935148ab10d3699cb8d944519e8213abe6f1d,842,0x58bcf1ac25551dd4eb790f2ef68c1857dcd67d9b,5248.561371,5248.561371,5238.990306,1,1,1709159739
2024-02-22,0x08b935148ab10d3699cb8d944519e8213abe6f1d,1305,0x05b5240daa1894a299a41d1f63f1caacf94bdeb3,4537.556345,4537.556345,0.0,1,0,1709150855
2024-02-22,0x08b935148ab10d3699cb8d944519e8213abe6f1d,1364,0xc62f2483eed109d42c78147ea618d858578103d8,5393.931739,5393.931739,0.0,1,0,1709151455
2024-02-22,0x08b935148ab10d3699cb8d944519e8213abe6f1d,1656,0xcbbfa40f36f0fda22f28bc25e43d52573d6826db,6360.850803,6360.850803,0.0,1,0,1709155857
2024-02-22,0x08b935148ab10d3699cb8d944519e8213abe6f1d,1763,0x699a7499d316a80f392e32f616a68db2d899c48b,0.0,0.0,5206.2188,0,1,1709062333
2024-02-22,0x08b935148ab10d3699cb8d944519e8213abe6f1d,1780,0x2f7b7b0ea9b9cec865b38600551e6eb51014dfa3,0.0,0.0,5325.960662,0,1,1709158693
2024-02-22,0x08b935148ab10d3699cb8d944519e8213abe6f1d,1912,0x3e516b6d229bf935f1b6bf4a0c2531ddab48cf1b,0.0,0.0,1828.014598,0,1,1709147655
2024-02-22,0x08b935148ab10d3699cb8d944519e8213abe6f1d,2042,0x8ccfbc13159c5916dbbf5815d899411aeb1876ef,4246.140682,4246.140682,0.0,1,0,1709151849
2024-02-22,0x08b935148ab10d3699cb8d944519e8213abe6f1d,2261,0xde7667870f823e899b1d21cce01ed690e4c80f51,0.0,0.0,2672.705374,0,1,1709130869
2024-02-22,0x08b935148ab10d3699cb8d944519e8213abe6f1d,3041,0x7caea457224c345d1518a23fbd07ebdbdd21170c,0.0,0.0,379.088145,0,1,1709145789
2024-02-22,0x08b935148ab10d3699cb8d944519e8213abe6f1d,3175,0x3bc9fa4e319669bb0527c9fe3a0fc9e340aaf2a5,0.0,0.0,1750.197332,0,1,1709145905
2024-02-22,0x08b935148ab10d3699cb8d944519e8213abe6f1d,3908,0xf60de76791c2f09995df52aa1c6e2e7dcf1e75d7,8706.997304,8706.997304,0.0,1,0,1709154139
2024-02-22,0x08b935148ab10d3699cb8d944519e8213abe6f1d,7121,0x011b0a055e02425461a1ae95b30f483c4ff05be7,29547.864491,29547.864491,16614.943303,1,1,1709155407
2024-02-22,0x08b935148ab10d3699cb8d944519e8213abe6f1d,7122,0x011b0a055e02425461a1ae95b30f483c4ff05be7,10571.303276,10571.303276,0.0,1,0,1709155433
2024-02-22,0x08b935148ab10d3699cb8d944519e8213abe6f1d,7139,0x2f7b7b0ea9b9cec865b38600551e6eb51014dfa3,0.0,0.0,10421.318549,0,1,1709158653
2024-02-22,0x08b935148ab10d3699cb8d944519e8213abe6f1d,8129,0x72195dda0361f43ce544b750f318d04b35836933,0.0,0.0,1253.21458,0,1,1709161139
2024-02-22,0x08b935148ab10d3699cb8d944519e8213abe6f1d,8589,0x05ed99aafe5bfc33e1636d57e03f55caf0b0e912,0.0,0.0,7681.229838,0,1,1709021019
2024-02-22,0x08b935148ab10d3699cb8d944519e8213abe6f1d,9224,0x3aa8ac0e6c1fb9cbb733565de16cdc5a676bcb04,0.0,0.0,32905.457502,0,1,1709145615
2024-02-22,0x08b935148ab10d3699cb8d944519e8213abe6f1d,10100,0x2bcdca8c689b4aa460b66ffde1d6b1761d41d5df,0.0,0.0,2274.440054,0,1,1709143373
2024-02-22,0x08b935148ab10d3699cb8d944519e8213abe6f1d,11308,0xb71ba81a183b2f956c9820729642063d64780b93,0.0,0.0,3679.116481,0,1,1708616627
2024-02-22,0x08b935148ab10d3699cb8d944519e8213abe6f1d,11558,0x5a1871c41659839d00a00f1b23eb38a6338dba74,23687.251373,23687.251373,0.0,1,0,1709149697
2024-02-22,0x08b935148ab10d3699cb8d944519e8213abe6f1d,11570,0xb7e868a4fd6accc44fd2a8d2d58662287573a815,53176.503792,53176.503792,0.0,1,0,1709149967
2024-02-22,0x08b935148ab10d3699cb8d944519e8213abe6f1d,12092,0x5a1871c41659839d00a00f1b23eb38a6338dba74,3440.0,3440.0,0.0,1,0,1709149809
2024-02-22,0x08b935148ab10d3699cb8d944519e8213abe6f1d,12129,0xb7e868a4fd6accc44fd2a8d2d58662287573a815,7654.0,7654.0,0.0,1,0,1709149995
2024-02-22,0x0b25c51637c43decd6cc1c1e3da4518d54ddb528,21,0x4444aaaacdba5580282365e25b16309bd770ce4a,244174.046567,244174.046567,0.0,1,0,1709149223
2024-02-22,0x0b25c51637c43decd6cc1c1e3da4518d54ddb528,33,0x8aa63a11835bf0139e41859540f0c7161a92c7b1,0.0,0.0,130429.817678,0,1,1709132297
2024-02-22,0x0b25c51637c43decd6cc1c1e3da4518d54ddb528,43,0x2ddb405238368695f34d30a80ab60c449aa5ce48,61849.396813,61849.396813,0.0,1,0,1709151115
2024-02-22,0x0b25c51637c43decd6cc1c1e3da4518d54ddb528,47,0x011b0a055e02425461a1ae95b30f483c4ff05be7,1609035.779537,1609035.779537,0.0,1,0,1709155381
2024-02-22,0x0b25c51637c43decd6cc1c1e3da4518d54ddb528,49,0xd062ab63bb4f7af7e59b85defc3c90bfa9b81e6e,0.0,0.0,3187416.80491,0,1,1709023599
2024-02-22,0x0b25c51637c43decd6cc1c1e3da4518d54ddb528,50,0xdeded3860fb19525ac4594ae888a9c556a42a0a6,3031250.803226,3031250.803226,3025723.136227,1,1,1709123265
2024-02-22,0x0b25c51637c43decd6cc1c1e3da4518d54ddb528,52,0x28878aec6b4209d90a40890183e3322f0ae5b2e2,275696.92449,275696.92449,0.0,1,0,1709154645
2024-02-22,0x0b25c51637c43decd6cc1c1e3da4518d54ddb528,58,0x61d4ac515b82d1ec2f021e63b17519683ac1cabd,0.0,0.0,2070713.655412,0,1,1709153361
2024-02-22,0x0b25c51637c43decd6cc1c1e3da4518d54ddb528,59,0xa3cbd0c67dee5142209ff0cf155bc2bc51acf180,1465956.702212,1465956.702212,1069287.760097,1,1,1709160511
2024-02-22,0x0b25c51637c43decd6cc1c1e3da4518d54ddb528,60,0xc03282d46293499cdd8914a7bb7d78f793e70a5a,0.0,0.0,1732087.720661,0,1,1709142143
2024-02-22,0x0b25c51637c43decd6cc1c1e3da4518d54ddb528,64,0xf1010ee787ee588766b441d7cc397b40ddfb17a3,298461.730842,298461.730842,0.0,1,0,1709150449
2024-02-22,0x0b25c51637c43decd6cc1c1e3da4518d54ddb528,66,0xb21dfcf420cc7536c7ef5652ee8018741f17f017,1211956.546547,1211956.546547,1209746.471353,1,1,1709049817
2024-02-22,0x0b25c51637c43decd6cc1c1e3da4518d54ddb528,69,0xd0e72c1b2eb87e3dc0445b7f689cadcfc872b293,1161172.348702,1161172.348702,0.0,1,0,1709122569
2024-02-22,0x0b25c51637c43decd6cc1c1e3da4518d54ddb528,70,0xcc05670640d43bec38f48e4aaaf88df5b6e59c20,1454936.103561,1454936.103561,0.0,1,0,1709061573
2024-02-22,0x0b25c51637c43decd6cc1c1e3da4518d54ddb528,81,0x5c70b3f22595caf8314f77dabc628363aaee18ad,0.0,0.0,822629.490653,0,1,1708973459
2024-02-22,0x0b25c51637c43decd6cc1c1e3da4518d54ddb528,82,0x7c65d0ed6296ac870d6ce085bf95ba384041e60a,818855.23602,818855.23602,0.0,1,0,1709160531
2024-02-22,0x0b25c51637c43decd6cc1c1e3da4518d54ddb528,84,0x85df77f56d4852bd9470feec9ca89c44be06b5d8,797461.447518,797461.447518,0.0,1,0,1709127611
2024-02-22,0x0b25c51637c43decd6cc1c1e3da4518d54ddb528,100,0x133d93566f9699b3af46fe150daa8a67a9563ed6,595780.00026,595780.00026,0.0,1,0,1709070101
2024-02-22,0x0b25c51637c43decd6cc1c1e3da4518d54ddb528,107,0x2023a7da081112a2e7e1f3d426d93f694ee08278,512294.068796,512294.068796,0.0,1,0,1709117169
2024-02-22,0x0b25c51637c43decd6cc1c1e3da4518d54ddb528,114,0x611b0c1ed942b833c786c53883a4aa37a25602a6,95338.837599,95338.837599,0.0,1,0,1709131963
2024-02-22,0x0b25c51637c43decd6cc1c1e3da4518d54ddb528,120,0xd66487d456b74f1030778f68a8f6026219d525c1,459052.407316,459052.407316,444538.752195,1,1,1709057517
2024-02-22,0x0b25c51637c43decd6cc1c1e3da4518d54ddb528,125,0xdad29981b5feefeeaf3ef92e678e53c5620a1fd8,245597.675211,245597.675211,244710.257994,1,1,1709103857
2024-02-22,0x0b25c51637c43decd6cc1c1e3da4518d54ddb528,131,0x9f0f8f07ec71a6435f1574ec022e98b5445d4988,0.0,0.0,407637.501949,0,1,1709142205
2024-02-22,0x0b25c51637c43decd6cc1c1e3da4518d54ddb528,139,0xa04275c10f39e8675a34e147e2ef78d35129f2b6,175304.29466,175304.29466,0.0,1,0,1709115285
2024-02-22,0x0b25c51637c43decd6cc1c1e3da4518d54ddb528,140,0x873d59965b2c97ecd536be8438153db432597b9d,370909.093499,370909.093499,0.0,1,0,1709049127
2024-02-22,0x0b25c51637c43decd6cc1c1e3da4518d54ddb528,143,0x62e1af3e818afc059d111c4f53cf0a2d9fd29110,361154.220541,361154.220541,0.0,1,0,1709153725
2024-02-22,0x0b25c51637c43decd6cc1c1e3da4518d54ddb528,144,0x89808c49f858b86e80b892506cf11606fb25fcdc,357436.920714,357436.920714,0.0,1,0,1709119801
2024-02-22,0x0b25c51637c43decd6cc1c1e3da4518d54ddb528,147,0xe3f0254b09aec48ffa46f9eee5a3bc7a8e510e6d,85151.18958,85151.18958,0.0,1,0,1709148429
2024-02-22,0x0b25c51637c43decd6cc1c1e3da4518d54ddb528,149,0xf6708f67b55372f7a46df39413cb568a52e8ea09,339739.85993,339739.85993,339120.323991,1,1,1709159787
2024-02-22,0x0b25c51637c43decd6cc1c1e3da4518d54ddb528,151,0x5275817b74021e97c980e95ede6bbac0d0d6f3a2,167925.092536,167925.092536,0.0,1,0,1709065975
2024-02-22,0x0b25c51637c43decd6cc1c1e3da4518d54ddb528,152,0x3eb5d4e874f5a9228f291486329e3e935cac468c,318321.230882,318321.230882,0.0,1,0,1709154377
2024-02-22,0x0b25c51637c43decd6cc1c1e3da4518d54ddb528,156,0xb0a4e99371dfb0734f002ae274933b4888f618ef,298599.709125,298599.709125,0.0,1,0,1709103873
2024-02-22,0x0b25c51637c43decd6cc1c1e3da4518d54ddb528,158,0xd3f179ba57411ad5d2ddb5f334215cdfba134d20,295781.949485,295781.949485,0.0,1,0,1709154035
2024-02-22,0x0b25c51637c43decd6cc1c1e3da4518d54ddb528,159,0x05391a4b0749c29335024f41552a56cfa6bd3883,328657.847239,328657.847239,0.0,1,0,1709130059
2024-02-22,0x0b25c51637c43decd6cc1c1e3da4518d54ddb528,172,0x606d2c436a07be40c276a6176bb1376c34e49ee9,241915.133053,241915.133053,241041.021952,1,1,1709149185
2024-02-22,0x0b25c51637c43decd6cc1c1e3da4518d54ddb528,175,0x412eb8c11c4c41103e2763c408f0162c74675109,238090.209392,238090.209392,237656.037666,1,1,1709160337
2024-02-22,0x0b25c51637c43decd6cc1c1e3da4518d54ddb528,181,0x44f8707165e52e9ae72b0f401d3efe7bbd037032,230974.095308,230974.095308,0.0,1,0,1709119841
2024-02-22,0x0b25c51637c43decd6cc1c1e3da4518d54ddb528,186,0x32d6306ec178bcefe7b8d7302689376b42b047ee,915918.370744,915918.370744,0.0,1,0,1709122495
2024-02-22,0x0b25c51637c43decd6cc1c1e3da4518d54ddb528,188,0xa60aadf62907bf06dd714781d44bbd4c2d783259,108959.119173,108959.119173,0.0,1,0,1709117391
2024-02-22,0x0b25c51637c43decd6cc1c1e3da4518d54ddb528,200,0x84740d1658462441250885423588b6fd12314747,194578.827877,194578.827877,0.0,1,0,1709125613
2024-02-22,0x0b25c51637c43decd6cc1c1e3da4518d54ddb528,203,0x79cb43cf6fcf2f519da4d2ea03cefa2b51587e2f,0.0,0.0,48573.363976,0,1,1709160139
2024-02-22,0x0b25c51637c43decd6cc1c1e3da4518d54ddb528,219,0x2c99d50eb4daa1d26b5ba0b1daab58cbfc0ac3e6,0.0,0.0,174085.738486,0,1,1709152357
2024-02-22,0x0b25c51637c43decd6cc1c1e3da4518d54ddb528,220,0x4f6fff5cd87eaf8cf09467366fe783e7ecb1317b,170794.761319,170794.761319,0.0,1,0,1709085945
2024-02-22,0x0b25c51637c43decd6cc1c1e3da4518d54ddb528,224,0x4920a95670b6282951813a94d9066a730d315df3,0.0,0.0,168630.382203,0,1,1709158359
2024-02-22,0x0b25c51637c43decd6cc1c1e3da4518d54ddb528,235,0xfee6be6b5cc8cb4ee8189850a69973e774e7614e,660413.482459,660413.482459,0.0,1,0,1709160949
2024-02-22,0x0b25c51637c43decd6cc1c1e3da4518d54ddb528,239,0xb149f353383ab92e74c4cba3feb848b04bfb3617,152906.37592,152906.37592,152627.542005,1,1,1709108519
2024-02-22,0x0b25c51637c43decd6cc1c1e3da4518d54ddb528,249,0x0d46857b0b72d56ee187b0277cac0793238bbc92,143205.703656,143205.703656,143205.703656,1,1,1709116887
2024-02-22,0x0b25c51637c43decd6cc1c1e3da4518d54ddb528,267,0x5b1c8cd6e98d8bca397fd09b0dcc9933d712ad13,95938.082602,95938.082602,59851.958609,1,1,1709160323
2024-02-22,0x0b25c51637c43decd6cc1c1e3da4518d54ddb528,273,0xb385222c461dd7df0526ed22568b81984f6e5f02,0.0,0.0,125267.287033,0,1,1709141397
2024-02-22,0x0b25c51637c43decd6cc1c1e3da4518d54ddb528,284,0x5a34f25040ba6e12daea0512d4d2a0043ecc9292,117671.777816,117671.777816,58835.888908,1,1,1709107767
2024-02-22,0x0b25c51637c43decd6cc1c1e3da4518d54ddb528,286,0xb33cd827dd59c090e71899bfca31f81f4b189ddb,93085.744865,93085.744865,92915.997446,1,1,1709147867
2024-02-22,0x0b25c51637c43decd6cc1c1e3da4518d54ddb528,289,0x95b05f935655c37ada2088c5767e5006f230b068,35010.492615,35010.492615,0.0,1,0,1709153629
2024-02-22,0x0b25c51637c43decd6cc1c1e3da4518d54ddb528,292,0xc204d01bd43e7d084dcd60cf1a4bf8a75401fdd1,115872.817627,115872.817627,115268.633946,1,1,1709094535
2024-02-22,0x0b25c51637c43decd6cc1c1e3da4518d54ddb528,297,0xe5350e927b904fdb4d2af55c566e269bb3df1941,112153.917995,112153.917995,111949.398622,1,1,1709146589
2024-02-22,0x0b25c51637c43decd6cc1c1e3da4518d54ddb528,298,0x8aa63a11835bf0139e41859540f0c7161a92c7b1,0.0,0.0,55838.23359,0,1,1709132281
2024-02-22,0x0b25c51637c43decd6cc1c1e3da4518d54ddb528,301,0xa3ff2d14b8289d00c22c7917cc85812a7fb4ca77,109372.83469,109372.83469,0.0,1,0,1709063979
2024-02-22,0x0b25c51637c43decd6cc1c1e3da4518d54ddb528,305,0x8de71aae74bee0847a1ee5f620f645910f8e5973,106718.298691,106718.298691,106718.298691,1,1,1709112575
2024-02-22,0x0b25c51637c43decd6cc1c1e3da4518d54ddb528,316,0x44f8707165e52e9ae72b0f401d3efe7bbd037032,103651.257722,103651.257722,0.0,1,0,1709119821
2024-02-22,0x0b25c51637c43decd6cc1c1e3da4518d54ddb528,329,0xac46dac5c58bf33a216a0b756bfb9b3d86407f97,95213.040813,95213.040813,0.0,1,0,1709048921
2024-02-22,0x0b25c51637c43decd6cc1c1e3da4518d54ddb528,331,0x5181cdf1bb20da04ba788f82989f29e65b67314a,102110.191625,102110.191625,0.0,1,0,1709106449
2024-02-22,0x0b25c51637c43decd6cc1c1e3da4518d54ddb528,340,0xd9277f43bdfbbd18f5ba0adeb38f3ace2929e773,73489.850452,73489.850452,36548.486233,1,1,1709139463
2024-02-22,0x0b25c51637c43decd6cc1c1e3da4518d54ddb528,350,0x38332d808ba345953f41c71d38ca1ef79cffa5c5,18028.312037,18028.312037,17995.436332,1,1,1709155993
2024-02-22,0x0b25c51637c43decd6cc1c1e3da4518d54ddb528,352,0xcdedcee9c46284667997eb4d29f8427b696da3df,42138.183914,42138.183914,83971.852324,1,1,1709149623
2024-02-22,0x0b25c51637c43decd6cc1c1e3da4518d54ddb528,355,0x6de6e901bbefd26a9888798a25e4a49309d04ca9,82394.219254,82394.219254,82096.504511,1,1,1709160863
2024-02-22,0x0b25c51637c43decd6cc1c1e3da4518d54ddb528,359,0x7ea63fd4ca570412275d6386ae0d40a66629b1f5,79355.113847,79355.113847,0.0,1,0,1709108157
2024-02-22,0x0b25c51637c43decd6cc1c1e3da4518d54ddb528,363,0xbe12e889a5af67b12369c5610187a18c0a43dce0,0.0,0.0,88686.519784,0,1,1709136653
2024-02-22,0x0b25c51637c43decd6cc1c1e3da4518d54ddb528,364,0xe7b27bd74f522afa05732ba82b2f46a38d4be098,39649.481397,39649.481397,0.0,1,0,1709129203
2024-02-22,0x0b25c51637c43decd6cc1c1e3da4518d54ddb528,365,0xbdf81b19af7848f7384c38e68208885ff0c9f390,0.0,0.0,78942.230296,0,1,1709160739
2024-02-22,0x0b25c51637c43decd6cc1c1e3da4518d54ddb528,370,0x02ef8147e2d0997cca48d99f01bad846d16558fa,180391.203683,180391.203683,0.0,1,0,1709057753
2024-02-22,0x0b25c51637c43decd6cc1c1e3da4518d54ddb528,382,0xf5670ea8317e037d6fe14a4cd3c6c383ed2ff3e9,70652.975434,70652.975434,70524.135511,1,1,1709085427
2024-02-22,0x0b25c51637c43decd6cc1c1e3da4518d54ddb528,384,0xf865067a5b9672f11af8514440d9111afd05d040,70125.20693,70125.20693,0.0,1,0,1709133219
2024-02-22,0x0b25c51637c43decd6cc1c1e3da4518d54ddb528,390,0x873d59965b2c97ecd536be8438153db432597b9d,92579.711466,92579.711466,90436.99433,1,1,1709049063
2024-02-22,0x0b25c51637c43decd6cc1c1e3da4518d54ddb528,393,0x193db18a5ef9a0320b7374c1fe8af976235f3211,68177.979656,68177.979656,0.0,1,0,1709095965
2024-02-22,0x0b25c51637c43decd6cc1c1e3da4518d54ddb528,405,0x2f707265e61300e8290c18e38ebcbd129fb0b0f5,154309.507724,154309.507724,0.0,1,0,1709131981
2024-02-22,0x0b25c51637c43decd6cc1c1e3da4518d54ddb528,408,0x79bd77fccfce56270c48c6bddb8ba7dac01bf875,65535.981279,65535.981279,0.0,1,0,1709101483
2024-02-22,0x0b25c51637c43decd6cc1c1e3da4518d54ddb528,412,0xb1101c790731f62bd06cc5e91551fa523a20330d,63791.133174,63791.133174,63674.80623,1,1,1709096847
2024-02-22,0x0b25c51637c43decd6cc1c1e3da4518d54ddb528,416,0x151e5062d509bf6fc1b5345afa0e7397c9c82226,31534.394535,31534.394535,31262.940053,1,1,1709138853
2024-02-22,0x0b25c51637c43decd6cc1c1e3da4518d54ddb528,418,0x873d59965b2c97ecd536be8438153db432597b9d,0.0,0.0,62093.633601,0,1,1709160397
2024-02-22,0x0b25c51637c43decd6cc1c1e3da4518d54ddb528,421,0xee9a23404333361302790e905bd0f27603d39818,0.0,0.0,62731.402949,0,1,1709141971
2024-02-22,0x0b25c51637c43decd6cc1c1e3da4518d54ddb528,422,0xa8e32be4ca13b271673f8b01f1eeacfde66fa413,60361.752508,60361.752508,0.0,1,0,1709058865
2024-02-22,0x0b25c51637c43decd6cc1c1e3da4518d54ddb528,425,0xf942457b49e10d4bbde841d93903cd707add1637,59753.325044,59753.325044,0.0,1,0,1709107369
2024-02-22,0x0b25c51637c43decd6cc1c1e3da4518d54ddb528,426,0x0e39b12dc1f8a69202838f540684fb5ac307c9c1,60043.417644,60043.417644,0.0,1,0,1709076107
2024-02-22,0x0b25c51637c43decd6cc1c1e3da4518d54ddb528,436,0xe171e110cfe6f658c4421c2da4c86e4933919de4,28642.161985,28642.161985,0.0,1,0,1709114099
2024-02-22,0x0b25c51637c43decd6cc1c1e3da4518d54ddb528,443,0x71fbfe41a9ddedd13ef25a337fae01438064a08d,53770.420269,53770.420269,0.0,1,0,1709135253
2024-02-22,0x0b25c51637c43decd6cc1c1e3da4518d54ddb528,449,0xf6657bbcfeb5c2746e8c609e35018a5a8caa13fb,17989.935296,17989.935296,0.0,1,0,1709102759
2024-02-22,0x0b25c51637c43decd6cc1c1e3da4518d54ddb528,452,0x21484a41b00c014c4ad5c92bbb7661fd7c1c9a2b,53005.003927,53005.003927,0.0,1,0,1709123503
2024-02-22,0x0b25c51637c43decd6cc1c1e3da4518d54ddb528,455,0xed96bc0fd61b87f3b7f6478e55db024e75972fac,49719.138747,49719.138747,0.0,1,0,1709102391
2024-02-22,0x0b25c51637c43decd6cc1c1e3da4518d54ddb528,464,0xec3878066f14315e5d1771a9ca07d887d6ea8fd9,200211.392203,200211.392203,0.0,1,0,1709109677
2024-02-22,0x0b25c51637c43decd6cc1c1e3da4518d54ddb528,473,0x97020c9ec66e0f59231918b1d2f167a66026aff2,15293.36408,15293.36408,0.0,1,0,1709145123
2024-02-22,0x0b25c51637c43decd6cc1c1e3da4518d54ddb528,482,0xceff98a045a3732f3e26247a29ba5e7d52fe84b2,53164.444328,53164.444328,53067.495787,1,1,1709096095
2024-02-22,0x0b25c51637c43decd6cc1c1e3da4518d54ddb528,483,0x8f009a96f45514c31ee806fba7c4bfb842ff497e,47477.155446,47477.155446,0.0,1,0,1709115687
2024-02-22,0x0b25c51637c43decd6cc1c1e3da4518d54ddb528,504,0xcfba6d63ec822425775d3c509e60ff689c1ae1e7,0.0,0.0,7117.131944,0,1,1709009489
2024-02-22,0x0b25c51637c43decd6cc1c1e3da4518d54ddb528,505,0x6b6ca48da27304eeeb1d15d355d948f68b852733,43027.102282,43027.102282,0.0,1,0,1709071051
2024-02-22,0x0b25c51637c43decd6cc1c1e3da4518d54ddb528,509,0x34223719d75cbc336b77ccd8af6b9342bd6af1cb,13816.200432,13816.200432,11414.081867,1,1,1709079679
2024-02-22,0x0b25c51637c43decd6cc1c1e3da4518d54ddb528,512,0x3b1b211b3fce0d1ee9f5e1afeecadeb98378d0b0,10927.484415,10927.484415,0.0,1,0,1709105263
2024-02-22,0x0b25c51637c43decd6cc1c1e3da4518d54ddb528,519,0xa23bde7b73b4acc73918e2362e6a646761955c7c,53833.64537,53833.64537,0.0,1,0,1709150451
2024-02-22,0x0b25c51637c43decd6cc1c1e3da4518d54ddb528,532,0x84fbeb26f4931f94cecd487bea6f7c88f9109e53,39466.316697,39466.316697,0.0,1,0,1709152491
2024-02-22,0x0b25c51637c43decd6cc1c1e3da4518d54ddb528,537,0xae4abce9adc6f4ada638ce10c5643f9429520e76,41587.97397,41587.97397,0.0,1,0,1709077517
2024-02-22,0x0b25c51637c43decd6cc1c1e3da4518d54ddb528,544,0x16b00db74167b7469dda63b674ca9a3b1b70c439,0.0,0.0,15706.223672,0,1,1709149301
2024-02-22,0x0b25c51637c43decd6cc1c1e3da4518d54ddb528,546,0x8cfee9540fda895e2323781391b49620e7909d77,40719.660457,40719.660457,0.0,1,0,1709153929
2024-02-22,0x0b25c51637c43decd6cc1c1e3da4518d54ddb528,548,0xb82e12d1da436611c5c94d535c3a40f5fb3f35ab,20257.335558,20257.335558,30172.729858,1,1,1709127703
2024-02-22,0x0b25c51637c43decd6cc1c1e3da4518d54ddb528,552,0x62e1af3e818afc059d111c4f53cf0a2d9fd29110,41007.69003,41007.69003,0.0,1,0,1709153767
2024-02-22,0x0b25c51637c43decd6cc1c1e3da4518d54ddb528,556,0x8019067c09ea6587383f728bdc708f41590a12ce,40054.280232,40054.280232,0.0,1,0,1709097557
2024-02-22,0x0b25c51637c43decd6cc1c1e3da4518d54ddb528,558,0x985dbffd8daaf59cc68883d17cfab313b2343184,10750.314895,10750.314895,0.0,1,0,1709148545
2024-02-22,0x0b25c51637c43decd6cc1c1e3da4518d54ddb528,582,0xa1909f656e11086902c23ce4bc2ee1b4950adaee,37694.140897,37694.140897,37625.403378,1,1,1709127155
2024-02-22,0x0b25c51637c43decd6cc1c1e3da4518d54ddb528,584,0x38e481367e0c50f4166ad2a1c9fde0e3c662cfba,37259.019337,37259.019337,0.0,1,0,1709045747
2024-02-22,0x0b25c51637c43decd6cc1c1e3da4518d54ddb528,590,0x69bbbfde43c49fc50f5647223da5ef4756d78659,36962.422524,36962.422524,36962.422524,1,1,1709154149
2024-02-22,0x0b25c51637c43decd6cc1c1e3da4518d54ddb528,612,0xb7db1273e05bb89c9c4858d3b0a280cf9dd38d69,35625.635718,35625.635718,0.0,1,0,1709093021
2024-02-22,0x0b25c51637c43decd6cc1c1e3da4518d54ddb528,620,0xc8f7b747eefc216964e567c14ec823d17d25c932,35421.803397,35421.803397,0.0,1,0,1709128891
2024-02-22,0x0b25c51637c43decd6cc1c1e3da4518d54ddb528,621,0x6b73f2b5ddf22a3e190893bbd83e2f0a882a7dac,35362.25586,35362.25586,0.0,1,0,1709119691
2024-02-22,0x0b25c51637c43decd6cc1c1e3da4518d54ddb528,630,0xa248f4a3d9c1b9d08e7e2e45cf5e11296b2bf4ea,18202.697593,18202.697593,0.0,1,0,1709123795
2024-02-22,0x0b25c51637c43decd6cc1c1e3da4518d54ddb528,636,0x599321b91d0e4e541f7d172ab1cacccc0d5a8e82,33503.524206,33503.524206,33503.524206,1,1,1709090163
2024-02-22,0x0b25c51637c43decd6cc1c1e3da4518d54ddb528,664,0x577be3ed9a71e1c355f519bbdf5f09ba2018b1cc,31624.323921,31624.323921,0.0,1,0,1709121525
2024-02-22,0x0b25c51637c43decd6cc1c1e3da4518d54ddb528,674,0xf076823122f106c2b7f21cbaacd1c9db1ce4cf27,13016.064213,13016.064213,0.0,1,0,1709127357
2024-02-22,0x0b25c51637c43decd6cc1c1e3da4518d54ddb528,684,0x2a23d0650db1c536e71aeb63ecd3daa0b52e66e1,102451.047906,102451.047906,0.0,1,0,1709121505
2024-02-22,0x0b25c51637c43decd6cc1c1e3da4518d54ddb528,685,0x30858a8051eaa08fbc3dc37fb290792fd30664b7,29435.797322,29435.797322,0.0,1,0,1709051025
2024-02-22,0x0b25c51637c43decd6cc1c1e3da4518d54ddb528,688,0x398e17b329b074c700d18e87f49b85d0512699e9,0.0,0.0,7296.384292,0,1,1709139825
2024-02-22,0x0b25c51637c43decd6cc1c1e3da4518d54ddb528,691,0x2159e8d5566369ddb67bbfc6b288ed5591d34235,28811.611167,28811.611167,0.0,1,0,1709145651
2024-02-22,0x0b25c51637c43decd6cc1c1e3da4518d54ddb528,692,0x6da02f6523fe3854a932b31cdce8b977b6724a1e,0.0,0.0,28799.168009,0,1,1709045963
2024-02-22,0x0b25c51637c43decd6cc1c1e3da4518d54ddb528,693,0xc73d0b593a8a56f832d7d76a116ce50483eff729,28999.669649,28999.669649,0.0,1,0,1709113393
2024-02-22,0x0b25c51637c43decd6cc1c1e3da4518d54ddb528,700,0xccc4e8ad313df8150211b1b934725345924ab81d,28226.516328,28226.516328,0.0,1,0,1709147117
2024-02-22,0x0b25c51637c43decd6cc1c1e3da4518d54ddb528,742,0xad0c883b01e69d79c7aa23bc1b9fd96b16aa4022,25591.479715,25591.479715,0.0,1,0,1709043825
2024-02-22,0x0b25c51637c43decd6cc1c1e3da4518d54ddb528,750,0x24a3bde2bd95fe4c36894049e34501d340d9fd56,33548.714281,33548.714281,0.0,1,0,1709150251
2024-02-22,0x0b25c51637c43decd6cc1c1e3da4518d54ddb528,753,0xee57d8989170370a6f88b2f99395b81204117bf2,4019.878394,4019.878394,4012.547906,1,1,1709148759
2024-02-22,0x0b25c51637c43decd6cc1c1e3da4518d54ddb528,765,0x7cb158d3afe100d7bb4933cb5b4c5b16f5ef937b,24496.366174,24496.366174,0.0,1,0,1709153113
2024-02-22,0x0b25c51637c43decd6cc1c1e3da4518d54ddb528,768,0x6ad0e9ea8d43213dbaaf18ec11d02c75b4f9322d,26030.032837,26030.032837,0.0,1,0,1709114851
2024-02-22,0x0b25c51637c43decd6cc1c1e3da4518d54ddb528,771,0x79c80fb4431b23940c0ed3f5ce45ba71d0f03577,0.0,0.0,24021.760319,0,1,1709143103
2024-02-22,0x0b25c51637c43decd6cc1c1e3da4518d54ddb528,776,0xc923dd451dfb1fc6a4608982c6c077414da06a4d,12672.074443,12672.074443,12648.966158,1,1,1709101633
2024-02-22,0x0b25c51637c43decd6cc1c1e3da4518d54ddb528,785,0xa5bd4fa2db60afdf5cf57c6c2ea40beef982caae,22508.467536,22508.467536,0.0,1,0,1709104889
2024-02-22,0x0b25c51637c43decd6cc1c1e3da4518d54ddb528,789,0x0e156bf3a5326322f7fee3d336fcf63d00641c6e,21622.266363,21622.266363,0.0,1,0,1709073781
2024-02-22,0x0b25c51637c43decd6cc1c1e3da4518d54ddb528,790,0x6de6e901bbefd26a9888798a25e4a49309d04ca9,22814.421199,22814.421199,22653.869344,1,1,1709160953
2024-02-22,0x0b25c51637c43decd6cc1c1e3da4518d54ddb528,798,0x6a018ad51de844243ce7fb743c3e5f4481df6858,0.0,0.0,11183.296057,0,1,1709036819
2024-02-22,0x0b25c51637c43decd6cc1c1e3da4518d54ddb528,809,0x6de6e901bbefd26a9888798a25e4a49309d04ca9,22053.758631,22053.758631,21935.648674,1,1,1709160915
2024-02-22,0x0b25c51637c43decd6cc1c1e3da4518d54ddb528,814,0x6de6e901bbefd26a9888798a25e4a49309d04ca9,21762.142907,21762.142907,21608.996247,1,1,1709160933
2024-02-22,0x0b25c51637c43decd6cc1c1e3da4518d54ddb528,815,0x6de6e901bbefd26a9888798a25e4a49309d04ca9,21735.495345,21735.495345,21582.536211,1,1,1709160879
2024-02-22,0x0b25c51637c43decd6cc1c1e3da4518d54ddb528,817,0x6de6e901bbefd26a9888798a25e4a49309d04ca9,21701.415511,21701.415511,21548.696207,1,1,1709160897
2024-02-22,0x0b25c51637c43decd6cc1c1e3da4518d54ddb528,827,0xe2952771c80d9b9c77a32e47d985bb3ff4e5a93d,13882.986825,13882.986825,0.0,1,0,1709161197
2024-02-22,0x0b25c51637c43decd6cc1c1e3da4518d54ddb528,847,0xb83f754eb815e2100f4ba99aa61c299152b07145,19874.289617,39748.579233,19874.289617,2,1,1709107521
2024-02-22,0x0b25c51637c43decd6cc1c1e3da4518d54ddb528,886,0xca41a5fccf73d0793bdf8657ed4010ec40f10f2c,20459.588407,20459.588407,0.0,1,0,1709048207
2024-02-22,0x0b25c51637c43decd6cc1c1e3da4518d54ddb528,899,0x74a5b346f2cccf06e2127eb6680389e7d8953c80,18562.731689,18562.731689,0.0,1,0,1709129407
2024-02-22,0x0b25c51637c43decd6cc1c1e3da4518d54ddb528,902,0x186b12ceaf08fde22e32647fcc800e45876f5bd0,17929.74606,17929.74606,0.0,1,0,1709068469
2024-02-22,0x0b25c51637c43decd6cc1c1e3da4518d54ddb528,908,0xb0430a7e47ce0309c7ba242e5bf548ad0ba989bb,0.0,0.0,17624.572896,0,1,1709031223
2024-02-22,0x0b25c51637c43decd6cc1c1e3da4518d54ddb528,911,0x8950d9117c136b29a9b1ae8cd38db72226404243,17803.644787,17803.644787,17771.178776,1,1,1709144663
2024-02-22,0x0b25c51637c43decd6cc1c1e3da4518d54ddb528,921,0xa2f07232275cdf8463a5115723c9d73085a2fc17,14937.161552,14937.161552,0.0,1,0,1709161133
2024-02-22,0x0b25c51637c43decd6cc1c1e3da4518d54ddb528,942,0x69e24369bfeda80348bd5104df01c4d8b33ecff9,20714.634094,20714.634094,0.0,1,0,1709089559
2024-02-22,0x0b25c51637c43decd6cc1c1e3da4518d54ddb528,954,0xdb2b9d473014d8c6a5e55da92205199457ba6624,22489.061033,22489.061033,0.0,1,0,1709047839
2024-02-22,0x0b25c51637c43decd6cc1c1e3da4518d54ddb528,963,0x48c84fb52dd6fd66cf4c150224b1d41b5f0729c4,0.0,0.0,16318.858782,0,1,1709147873
2024-02-22,0x0b25c51637c43decd6cc1c1e3da4518d54ddb528,971,0xe3cfbf8fb378f5c4cf780077ee5c2ffe7aaea6dc,16410.496049,16410.496049,0.0,1,0,1709058475
2024-02-22,0x0b25c51637c43decd6cc1c1e3da4518d54ddb528,973,0x89468c809f87e3748488a241839b4b22bfe94bdd,16083.012466,16083.012466,0.0,1,0,1709070311
2024-02-22,0x0b25c51637c43decd6cc1c1e3da4518d54ddb528,984,0x68e0384d0a5daaf5dc4247ab0d49cf6dce4aa748,16642.22713,16642.22713,0.0,1,0,1709160589
2024-02-22,0x0b25c51637c43decd6cc1c1e3da4518d54ddb528,1000,0x97f9f6571cda07b8a93e9828812173e0939f7ef6,0.0,0.0,15206.245713,0,1,1709161083
2024-02-22,0x0b25c51637c43decd6cc1c1e3da4518d54ddb528,1002,0xaaa5367b0f777e88f3291b572eb27e798526f5c5,32405.379924,32405.379924,32046.308787,1,1,1709091373
2024-02-22,0x0b25c51637c43decd6cc1c1e3da4518d54ddb528,1005,0xceeeb61e596f0bae44b791f3f1655501df7fa045,7923.293434,7923.293434,0.0,1,0,1709125611
2024-02-22,0x0b25c51637c43decd6cc1c1e3da4518d54ddb528,1019,0x8a0454b05a952c572619935ed46b6d8d0aa97a76,3630.827026,3630.827026,0.0,1,0,1709061081
2024-02-22,0x0b25c51637c43decd6cc1c1e3da4518d54ddb528,1020,0xc18dac166eda9538933258d21a272c1775c19c73,14860.535157,14860.535157,14500.122792,1,1,1709046969
2024-02-22,0x0b25c51637c43decd6cc1c1e3da4518d54ddb528,1028,0xb6ce18faeb71ac9dca1984a3b2f66860ea90e0ad,14374.755298,14374.755298,0.0,1,0,1709064651
2024-02-22,0x0b25c51637c43decd6cc1c1e3da4518d54ddb528,1034,0x582b07d825557d79be4f5ea051167b6c534fea1e,14292.302913,14292.302913,0.0,1,0,1709102231
2024-02-22,0x0b25c51637c43decd6cc1c1e3da4518d54ddb528,1035,0xfa53f48b0bfdc115f8eda45868d8e6a7a1c1f267,21717.753943,21717.753943,0.0,1,0,1709155461
2024-02-22,0x0b25c51637c43decd6cc1c1e3da4518d54ddb528,1043,0x3214e141bdae08be1f382a885cf3d2a448a5e780,17883.637363,17883.637363,0.0,1,0,1709106027
2024-02-22,0x0b25c51637c43decd6cc1c1e3da4518d54ddb528,1057,0x9eda173b60b105d2e255a1f535f70db2587eefe0,13862.41009,13862.41009,13837.131157,1,1,1709059779
2024-02-22,0x0b25c51637c43decd6cc1c1e3da4518d54ddb528,1059,0x9ee4045c35514119a289ef08b27d448f11599cb8,50653.456065,50653.456065,0.0,1,0,1709150569
2024-02-22,0x0b25c51637c43decd6cc1c1e3da4518d54ddb528,1067,0x582d6feae1926c19304e49206c710fe06c5f5593,0.0,0.0,14805.296288,0,1,1709139825
2024-02-22,0x0b25c51637c43decd6cc1c1e3da4518d54ddb528,1095,0x8f246d1a8b2fde3943b040fee5ebb3ecc82f7338,13131.430955,13131.430955,0.0,1,0,1709070091
2024-02-22,0x0b25c51637c43decd6cc1c1e3da4518d54ddb528,1117,0xe684dc05c16851c65edb5d9fc3b11bce4f427eb2,12799.756296,12799.756296,0.0,1,0,1709047507
2024-02-22,0x0b25c51637c43decd6cc1c1e3da4518d54ddb528,1146,0x79016f576376cc3bdfbc02642211828471760185,13031.469404,13031.469404,0.0,1,0,1709114545
2024-02-22,0x0b25c51637c43decd6cc1c1e3da4518d54ddb528,1155,0x8caaf4cb80ba7cbbbb324066bd03eae3fc98f813,3924.1375,3924.1375,0.0,1,0,1709066991
2024-02-22,0x0b25c51637c43decd6cc1c1e3da4518d54ddb528,1161,0xe1e7106a790017185eca0731301bfb7c571af7c1,10703.081683,10703.081683,11397.678522,1,1,1709143039
2024-02-22,0x0b25c51637c43decd6cc1c1e3da4518d54ddb528,1166,0x9859a4583763a5ca30cb3dc676b41eae3b628e4a,11879.048345,11879.048345,0.0,1,0,1709045333
2024-02-22,0x0b25c51637c43decd6cc1c1e3da4518d54ddb528,1172,0x647b41b745cf5e32e244e432902468c4bd89643c,2969.259269,2969.259269,0.0,1,0,1709083129
2024-02-22,0x0b25c51637c43decd6cc1c1e3da4518d54ddb528,1174,0x91f3acf393de794e7291fbf36dfc408da617cff0,14026.189308,14026.189308,0.0,1,0,1709058183
2024-02-22,0x0b25c51637c43decd6cc1c1e3da4518d54ddb528,1178,0x913e484704e97043c32ec89097fd453b8b679016,11447.882696,22895.765393,11447.882696,2,1,1709060069
2024-02-22,0x0b25c51637c43decd6cc1c1e3da4518d54ddb528,1192,0xd0c786157a01042a183dfa9cf20f561a0d7fff79,36718.549013,36718.549013,36522.251028,1,1,1709115469
2024-02-22,0x0b25c51637c43decd6cc1c1e3da4518d54ddb528,1193,0x1ed39934aec99f0a203af206b9ef3c81b57a76ea,11411.519426,11411.519426,0.0,1,0,1709120003
2024-02-22,0x0b25c51637c43decd6cc1c1e3da4518d54ddb528,1205,0x2cfed10c9e18d3d92fad0b7dca74932af9185703,11554.829958,11554.829958,0.0,1,0,1709115801
2024-02-22,0x0b25c51637c43decd6cc1c1e3da4518d54ddb528,1220,0x45821aaa1d5923eb66363f82b9f37e2fef758433,10854.389927,10854.389927,10815.20516,1,1,1709153887
2024-02-22,0x0b25c51637c43decd6cc1c1e3da4518d54ddb528,1222,0xfe22484158c747ccc0652d6f408b8a0547a59938,10837.333963,10837.333963,0.0,1,0,1709154339
2024-02-22,0x0b25c51637c43decd6cc1c1e3da4518d54ddb528,1225,0xfc13ab4b466f17f3e1e5443147de34d96ccf1629,25566.479018,25566.479018,0.0,1,0,1709108429
2024-02-22,0x0b25c51637c43decd6cc1c1e3da4518d54ddb528,1226,0x57b8858dcf27d5e46ff442e5a7ae9e6e440ef131,11695.957244,11695.957244,0.0,1,0,1709101023
2024-02-22,0x0b25c51637c43decd6cc1c1e3da4518d54ddb528,1235,0x62e1af3e818afc059d111c4f53cf0a2d9fd29110,10598.956085,10598.956085,0.0,1,0,1709153837
2024-02-22,0x0b25c51637c43decd6cc1c1e3da4518d54ddb528,1236,0x015cd151ae22f663d1cd0b68a230cf6f9296de42,10596.489222,10596.489222,10577.165891,1,1,1709148517
2024-02-22,0x0b25c51637c43decd6cc1c1e3da4518d54ddb528,1237,0x6c7c462148823c4f12445e1687eb5cb2576c915b,0.0,0.0,10583.42683,0,1,1708918885
2024-02-22,0x0b25c51637c43decd6cc1c1e3da4518d54ddb528,1255,0x4f4d6d47a8a764cf8dab8f544b055fbd109304af,10233.77892,10233.77892,0.0,1,0,1709050979
2024-02-22,0x0b25c51637c43decd6cc1c1e3da4518d54ddb528,1260,0x6c6e3619e5f51a5915d666d67602771e7920e946,0.0,0.0,11828.514836,0,1,1709144643
2024-02-22,0x0b25c51637c43decd6cc1c1e3da4518d54ddb528,1263,0x8ba6fb982cb4b6a240065376b944100bce31b9d6,10126.460633,10126.460633,0.0,1,0,1709055897
2024-02-22,0x0b25c51637c43decd6cc1c1e3da4518d54ddb528,1271,0xcfa985eafeacd824135173deb3fde50c05ac2ce1,10127.871873,10127.871873,0.0,1,0,1709116583
2024-02-22,0x0b25c51637c43decd6cc1c1e3da4518d54ddb528,1272,0xcb3b366ced5ab2170d2ac72a5a97c4747e9186d8,10018.992675,10018.992675,0.0,1,0,1709103851
2024-02-22,0x0b25c51637c43decd6cc1c1e3da4518d54ddb528,1278,0x8a2e722c2f167283e38ffee0ee5f1a035596915f,10651.587126,10651.587126,0.0,1,0,1709063333
2024-02-22,0x0b25c51637c43decd6cc1c1e3da4518d54ddb528,1280,0x4fbe5303bca958b8f1ee35b5443aad9ad442e3d7,0.0,0.0,10272.883277,0,1,1709153695
2024-02-22,0x0b25c51637c43decd6cc1c1e3da4518d54ddb528,1286,0xa60dd9d42fdd43e91da63bd261997e14f21c69fd,11135.067714,11135.067714,0.0,1,0,1709105547
2024-02-22,0x0b25c51637c43decd6cc1c1e3da4518d54ddb528,1292,0xb118026c68fd7f03efbcdf675dea96d625c084e5,10598.394134,10598.394134,9537.172879,1,1,1709111391
2024-02-22,0x0b25c51637c43decd6cc1c1e3da4518d54ddb528,1294,0x2cafb5b9dc0bbf8afda42b652e404bdfe998e2d9,0.0,0.0,9666.241803,0,1,1709155529
2024-02-22,0x0b25c51637c43decd6cc1c1e3da4518d54ddb528,1295,0x4334703b0b74e2045926f82f4158a103fce1df4f,0.0,0.0,9662.836555,0,1,1708576821
2024-02-22,0x0b25c51637c43decd6cc1c1e3da4518d54ddb528,1296,0x581278ad4c00f4f2af057105817a8e78b424a65c,10130.000774,10130.000774,10111.528112,1,1,1709150301
2024-02-22,0x0b25c51637c43decd6cc1c1e3da4518d54ddb528,1303,0x102e51c706eaf0293715af73c99f2a8589a2084d,9612.859568,9612.859568,0.0,1,0,1709079999
2024-02-22,0x0b25c51637c43decd6cc1c1e3da4518d54ddb528,1306,0x0473a13cb3088ebd0092ea137170508da3f7fb8c,9542.065914,9542.065914,0.0,1,0,1709104609
2024-02-22,0x0b25c51637c43decd6cc1c1e3da4518d54ddb528,1311,0xff2ce9d334df35ed9fcb155f33856b638ec5d3a5,9505.763717,9505.763717,0.0,1,0,1709085529
2024-02-22,0x0b25c51637c43decd6cc1c1e3da4518d54ddb528,1317,0xdbfb0785366262f4736bcb5757cb20f0065c4dd1,9396.223974,9396.223974,0.0,1,0,1709126563
2024-02-22,0x0b25c51637c43decd6cc1c1e3da4518d54ddb528,1329,0xa5803acce163edc79be0fb463b3d268bbd806970,9138.172403,9138.172403,0.0,1,0,1709151013
2024-02-22,0x0b25c51637c43decd6cc1c1e3da4518d54ddb528,1332,0x3ca439c192dd92c859c1c3097cca4088eb13f865,8982.81729,8982.81729,0.0,1,0,1709113381
2024-02-22,0x0b25c51637c43decd6cc1c1e3da4518d54ddb528,1335,0x647bd6d2997fd588838960b419222d1cef903ede,9064.341555,9064.341555,8986.202274,1,1,1709138467
2024-02-22,0x0b25c51637c43decd6cc1c1e3da4518d54ddb528,1362,0x450cf20323733ea1ba31357cc129bd7da188cc68,9668.969351,9668.969351,0.0,1,0,1709082267
2024-02-22,0x0b25c51637c43decd6cc1c1e3da4518d54ddb528,1364,0xc62f2483eed109d42c78147ea618d858578103d8,10372.945651,10372.945651,0.0,1,0,1709151455
2024-02-22,0x0b25c51637c43decd6cc1c1e3da4518d54ddb528,1390,0xcb879f75c93f3cd545a7955f41419a96817cc5d9,0.0,0.0,8533.656055,0,1,1709152137
2024-02-22,0x0b25c51637c43decd6cc1c1e3da4518d54ddb528,1392,0x6a0d078799f60c9a4a8c325e07800db05cc4e0ef,8580.763371,8580.763371,8549.786483,1,1,1709144737
2024-02-22,0x0b25c51637c43decd6cc1c1e3da4518d54ddb528,1403,0x4a3592a24a88249f14adaac604eb2e79ffe948ca,2113.994013,2113.994013,4227.988025,1,1,1709158803
2024-02-22,0x0b25c51637c43decd6cc1c1e3da4518d54ddb528,1413,0x53e213da8c28d85dc6663c3b5e35bb0ffbb05752,3529.367233,3529.367233,0.0,1,0,1709151147
2024-02-22,0x0b25c51637c43decd6cc1c1e3da4518d54ddb528,1422,0x6aaefbe8564aa2719139bb7a4335f94a380c6476,0.0,0.0,9540.178397,0,1,1709157185
2024-02-22,0x0b25c51637c43decd6cc1c1e3da4518d54ddb528,1427,0x13f0d371407dbb16008495b51e2fb750ff211cb3,8126.703885,8126.703885,0.0,1,0,1709135431
2024-02-22,0x0b25c51637c43decd6cc1c1e3da4518d54ddb528,1430,0xfb07d2bdef2deb1ebec001644b4732ab77281c7a,10755.92933,10755.92933,0.0,1,0,1709087201
2024-02-22,0x0b25c51637c43decd6cc1c1e3da4518d54ddb528,1443,0xadd4a5e93c26b61c63d6e01cf855634737ddc485,7999.279834,7999.279834,7999.279834,1,1,1709116515
2024-02-22,0x0b25c51637c43decd6cc1c1e3da4518d54ddb528,1444,0x1c462907552572f07b2e8897c93d263686d831e3,8977.913602,8977.913602,8977.913602,1,1,1709116603
2024-02-22,0x0b25c51637c43decd6cc1c1e3da4518d54ddb528,1448,0x809c5ec497a794f9bc4f7e2cd3181d5f7069944d,7749.597592,7749.597592,0.0,1,0,1709152311
2024-02-22,0x0b25c51637c43decd6cc1c1e3da4518d54ddb528,1450,0x25d1858b0173f31b1f77be04e643a25b62b437c4,7929.752595,7929.752595,7915.292217,1,1,1709116641
2024-02-22,0x0b25c51637c43decd6cc1c1e3da4518d54ddb528,1452,0xc1e8a62e3c7cbc093fe83298989dfa41f7a915bc,10183.133025,10183.133025,0.0,1,0,1709117819
2024-02-22,0x0b25c51637c43decd6cc1c1e3da4518d54ddb528,1455,0x7f44628bd0f7921820107392edad71abddcb17f9,8284.866065,8284.866065,0.0,1,0,1709043085
2024-02-22,0x0b25c51637c43decd6cc1c1e3da4518d54ddb528,1459,0x58a80268a284c0eeac28c4821fa20cc0228a558b,7853.39256,7853.39256,7853.39256,1,1,1709117091
2024-02-22,0x0b25c51637c43decd6cc1c1e3da4518d54ddb528,1467,0x8c553dbd9c7e52f0f698d0a11615fafe999ec271,26124.112955,26124.112955,0.0,1,0,1709081995
2024-02-22,0x0b25c51637c43decd6cc1c1e3da4518d54ddb528,1473,0xb0720a40d6335df0ac90ff9e4b755217632ca78c,7784.768716,7784.768716,0.0,1,0,1709106869
2024-02-22,0x0b25c51637c43decd6cc1c1e3da4518d54ddb528,1476,0xef044f956283f12854d3b7ec000f3485b824619a,0.0,0.0,9207.473105,0,1,1708979187
2024-02-22,0x0b25c51637c43decd6cc1c1e3da4518d54ddb528,1497,0x310f3030e7cc99d9093c5fcd7e8a7fe4cc92b9d9,7849.887237,7849.887237,0.0,1,0,1709090545
2024-02-22,0x0b25c51637c43decd6cc1c1e3da4518d54ddb528,1521,0xdd84ce1adcb3a4908db61a1dfa3353c3974c5a2b,3631.72461,3631.72461,0.0,1,0,1709091691
2024-02-22,0x0b25c51637c43decd6cc1c1e3da4518d54ddb528,1535,0x7cd74f426caa3492fcaabfa8db9db2bf4eb5cb54,0.0,0.0,7097.768691,0,1,1708981521
2024-02-22,0x0b25c51637c43decd6cc1c1e3da4518d54ddb528,1606,0x69cd4abd687ab23e2f95f0a065cd9ad211a58713,6756.68509,6756.68509,0.0,1,0,1709057001
2024-02-22,0x0b25c51637c43decd6cc1c1e3da4518d54ddb528,1607,0x64169df8f5b881e6dddf5c9004e7d8e322d4f5de,0.0,0.0,6625.872909,0,1,1709153295
2024-02-22,0x0b25c51637c43decd6cc1c1e3da4518d54ddb528,1626,0xddd7148286c3df9fa0d5499d55f341179795aeb0,6490.636484,6490.636484,0.0,1,0,1709155619
2024-02-22,0x0b25c51637c43decd6cc1c1e3da4518d54ddb528,1637,0x9ba500a46c672aea761142a4a97a2e689f01e199,6423.240982,6423.240982,0.0,1,0,1709147239
2024-02-22,0x0b25c51637c43decd6cc1c1e3da4518d54ddb528,1640,0x321610a131df5280921d1ff04df8a13344bb53ae,3853.182585,3853.182585,0.0,1,0,1709105263
2024-02-22,0x0b25c51637c43decd6cc1c1e3da4518d54ddb528,1643,0xe0e20f13838e5e296f9f6e2ecf6333a3324b6b8f,6414.770588,6414.770588,0.0,1,0,1709147203
2024-02-22,0x0b25c51637c43decd6cc1c1e3da4518d54ddb528,1658,0x4a2490c461d8bdcc0d7b6c2f7851d845d4fe4ab8,0.0,0.0,6286.042377,0,1,1709143683
2024-02-22,0x0b25c51637c43decd6cc1c1e3da4518d54ddb528,1670,0x161d9b5d6e3ed8d9c1d36a7caf971901c60b9222,6249.870088,6249.870088,6238.473076,1,1,1709153317
2024-02-22,0x0b25c51637c43decd6cc1c1e3da4518d54ddb528,1685,0xbf861d09615543c419c749ea8cbeb720e3b3e3ad,6162.962601,6162.962601,0.0,1,0,1709074231
2024-02-22,0x0b25c51637c43decd6cc1c1e3da4518d54ddb528,1703,0x5c4adac003213c3bd26fbcd3419064f0cb9df76e,6352.956825,6352.956825,0.0,1,0,1709119133
2024-02-22,0x0b25c51637c43decd6cc1c1e3da4518d54ddb528,1737,0x66819a1ad0bd3e0d2d0c8302f38c1f200f215e4f,5733.658784,5733.658784,0.0,1,0,1709068957
2024-02-22,0x0b25c51637c43decd6cc1c1e3da4518d54ddb528,1744,0x49f4d0222c880d4780b636662f5f18f572f2f88a,5634.393892,5634.393892,0.0,1,0,1709100095
2024-02-22,0x0b25c51637c43decd6cc1c1e3da4518d54ddb528,1766,0xd9105bfe2f1448acad670d102263389f7e2a8e0b,1087.380462,1087.380462,1087.380462,1,1,1709155843
2024-02-22,0x0b25c51637c43decd6cc1c1e3da4518d54ddb528,1772,0x8560293f8d0583118cc1386133d307ace5acc8b6,5415.933375,5415.933375,0.0,1,0,1709072059
2024-02-22,0x0b25c51637c43decd6cc1c1e3da4518d54ddb528,1775,0xf22862b5c8d5a17a68536521e0c82c5387bd65af,10977.793367,10977.793367,10938.163109,1,1,1709120131
2024-02-22,0x0b25c51637c43decd6cc1c1e3da4518d54ddb528,1880,0x064b902d2d6e02247508f13f05142b8cd326a5b3,4816.580639,4816.580639,0.0,1,0,1709147369
2024-02-22,0x0b25c51637c43decd6cc1c1e3da4518d54ddb528,1914,0xcaeeac120121a33c5c232619a2616e306e329cd7,9022.524268,9022.524268,0.0,1,0,1709112935
2024-02-22,0x0b25c51637c43decd6cc1c1e3da4518d54ddb528,1916,0xc12ffe2735301127089465e5b0639e6b51725ec5,5751.181123,5751.181123,0.0,1,0,1709155673
2024-02-22,0x0b25c51637c43decd6cc1c1e3da4518d54ddb528,1920,0x00c67d9d6d3d13b42a87424e145826c467cccd84,4513.198549,4513.198549,0.0,1,0,1709043367
2024-02-22,0x0b25c51637c43decd6cc1c1e3da4518d54ddb528,1928,0x70b1c13c592ee6fdb7ed2f06c70a409776a11ce6,0.0,0.0,4674.027827,0,1,1709132165
2024-02-22,0x0b25c51637c43decd6cc1c1e3da4518d54ddb528,1937,0x9f05a7a5d012321d06a501a671ce3ae85bcd551f,0.0,0.0,4485.357846,0,1,1709145017
2024-02-22,0x0b25c51637c43decd6cc1c1e3da4518d54ddb528,1949,0x9948ffd4b0e40a096f8979cdaeea7d852f6ea177,4404.385571,4404.385571,0.0,1,0,1709113993
2024-02-22,0x0b25c51637c43decd6cc1c1e3da4518d54ddb528,1963,0x97d2204d2427236e4d5611e6d7a5de5945dd4715,4456.566262,4456.566262,0.0,1,0,1709147309
2024-02-22,0x0b25c51637c43decd6cc1c1e3da4518d54ddb528,1981,0xb9948e7f65942eaa4fcbf7f7ec331d7a41caf43c,4396.684485,4396.684485,0.0,1,0,1709147339
2024-02-22,0x0b25c51637c43decd6cc1c1e3da4518d54ddb528,1983,0xdc8c1959c74ab2cb3819add153e62739d12be550,5289.739094,5289.739094,0.0,1,0,1709067735
2024-02-22,0x0b25c51637c43decd6cc1c1e3da4518d54ddb528,1998,0xda4488f2fe0ff3e2ded87ed63d3e1d3d074df276,4357.109127,4357.109127,0.0,1,0,1709147283
2024-02-22,0x0b25c51637c43decd6cc1c1e3da4518d54ddb528,2001,0x8e1378c5c12b3207edef52204a1c81c170818e62,14716.542226,14716.542226,0.0,1,0,1709155325
2024-02-22,0x0b25c51637c43decd6cc1c1e3da4518d54ddb528,2011,0xe116d5f4ccd817e93a4827b4b1166fb3fa61bec5,4327.850667,4327.850667,0.0,1,0,1709075497
2024-02-22,0x0b25c51637c43decd6cc1c1e3da4518d54ddb528,2025,0xbac17eadc8c1cb94e59fa54f7e988b09f5ec58fe,5678.07815,5678.07815,0.0,1,0,1709154355
2024-02-22,0x0b25c51637c43decd6cc1c1e3da4518d54ddb528,2031,0x3b19bbe2e348371360ab39238fdf1b86d7c21b9e,4268.14461,4268.14461,0.0,1,0,1709147397
2024-02-22,0x0b25c51637c43decd6cc1c1e3da4518d54ddb528,2041,0xec5b22756d0191fbbb4afffdd5ae2a660538d196,0.0,0.0,10000.445089,0,1,1709035989
2024-02-22,0x0b25c51637c43decd6cc1c1e3da4518d54ddb528,2055,0x264827b8dd1ca3ef6afb080241b3d3d8de8178b3,0.0,5892.565753,11667.741552,1,2,1709139805
2024-02-22,0x0b25c51637c43decd6cc1c1e3da4518d54ddb528,2058,0x1b78284595ed8468608da05aa02933b84c6a4183,4198.951553,4198.951553,0.0,1,0,1709043553
2024-02-22,0x0b25c51637c43decd6cc1c1e3da4518d54ddb528,2067,0x2ce1a66f22a2dc6e410d9021d57aeb8d13d6bfef,0.0,0.0,4070.699854,0,1,1709131971
2024-02-22,0x0b25c51637c43decd6cc1c1e3da4518d54ddb528,2074,0x81dc17b949cd4591d6b8f1ee826cd5294c9a0d7a,4162.452417,4162.452417,0.0,1,0,1709147427
2024-02-22,0x0b25c51637c43decd6cc1c1e3da4518d54ddb528,2077,0xba91ae8ef39e2027e798f013aebc2ebd98a2af7f,4151.771234,4151.771234,0.0,1,0,1709102741
2024-02-22,0x0b25c51637c43decd6cc1c1e3da4518d54ddb528,2084,0xfbe3952035fa70018d8003de1e9956d22bf2eebb,4142.63523,4142.63523,0.0,1,0,1709147493
2024-02-22,0x0b25c51637c43decd6cc1c1e3da4518d54ddb528,2104,0xe7168d1dbccae469491922763c5feaad64244170,4129.053977,4129.053977,4129.053977,1,1,1709096417
2024-02-22,0x0b25c51637c43decd6cc1c1e3da4518d54ddb528,2115,0x98289029b0d4bb73ead9eb1a3300ed724fcf6779,4062.430232,4062.430232,0.0,1,0,1709110033
2024-02-22,0x0b25c51637c43decd6cc1c1e3da4518d54ddb528,2135,0xa32ed73eae62f165e3b3ddbeb19100e3cfe17fc3,42141.329032,42141.329032,0.0,1,0,1709159165
2024-02-22,0x0b25c51637c43decd6cc1c1e3da4518d54ddb528,2174,0xcf58445788527655c17f7cae55ca86231a340cd2,981.113846,981.113846,0.0,1,0,1709117961
2024-02-22,0x0b25c51637c43decd6cc1c1e3da4518d54ddb528,2189,0xabfd07cc78910f8875169ae6373d95316f4ca117,387136.764358,387136.764358,0.0,1,0,1709051951
2024-02-22,0x0b25c51637c43decd6cc1c1e3da4518d54ddb528,2194,0x74597a233e403ac2f48c40dd66fde8d22d6634f2,3883.26261,3883.26261,0.0,1,0,1709150355
2024-02-22,0x0b25c51637c43decd6cc1c1e3da4518d54ddb528,2198,0x04c872122ec2553b2d8adcc6c7eac4bec7717ccf,3776.490869,3776.490869,0.0,1,0,1709054229
2024-02-22,0x0b25c51637c43decd6cc1c1e3da4518d54ddb528,2208,0xbbcc2e027a065d7c4e1fdca27885b1783348448c,0.0,0.0,3818.762618,0,1,1708775649
2024-02-22,0x0b25c51637c43decd6cc1c1e3da4518d54ddb528,2210,0x9f05a7a5d012321d06a501a671ce3ae85bcd551f,0.0,0.0,3798.61409,0,1,1709145009
2024-02-22,0x0b25c51637c43decd6cc1c1e3da4518d54ddb528,2212,0x737d8e671b806851522a925858157e273b015f74,0.0,0.0,3900.916168,0,1,1709132937
2024-02-22,0x0b25c51637c43decd6cc1c1e3da4518d54ddb528,2223,0xdeaa067e429ad097465d8f3b50ca306f13061038,3755.012422,3755.012422,0.0,1,0,1709067323
2024-02-22,0x0b25c51637c43decd6cc1c1e3da4518d54ddb528,2233,0x2c2b87fcf3c1e60ad01b98a9b00bbda1e4859ce4,3679.786873,3679.786873,0.0,1,0,1709106713
2024-02-22,0x0b25c51637c43decd6cc1c1e3da4518d54ddb528,2245,0x0436bfa5fe3653bdcf9053459b6f2e9ffc093306,3652.057104,3652.057104,0.0,1,0,1709079251
2024-02-22,0x0b25c51637c43decd6cc1c1e3da4518d54ddb528,2266,0xb00f8b601558243c9abcddabd54ea17f70471b8e,16574.490499,16574.490499,0.0,1,0,1709057335
2024-02-22,0x0b25c51637c43decd6cc1c1e3da4518d54ddb528,2289,0xb11fe701874bf43197702b53ebdb304b0a1be053,0.0,0.0,3754.220242,0,1,1709160907
2024-02-22,0x0b25c51637c43decd6cc1c1e3da4518d54ddb528,2323,0xfe7b25a93f38995a140d064f9caa433f20103339,3510.51147,3510.51147,0.0,1,0,1709087165
2024-02-22,0x0b25c51637c43decd6cc1c1e3da4518d54ddb528,2343,0x5f219a363f1ce98607e08659a1ef51ed9c7b2958,3561.413935,3561.413935,3561.413935,1,1,1709048375
2024-02-22,0x0b25c51637c43decd6cc1c1e3da4518d54ddb528,2362,0xbaa9b493bccbe1a900b39870980f41356f85822a,4356.399914,4356.399914,4328.721552,1,1,1709150013
2024-02-22,0x0b25c51637c43decd6cc1c1e3da4518d54ddb528,2392,0xac9c065b1a84a486628fd20efc9426e435ba7cc2,3394.263277,3394.263277,3394.263277,1,1,1708986351
2024-02-22,0x0b25c51637c43decd6cc1c1e3da4518d54ddb528,2395,0xf56036f6a5d9b9991c209dcbc9c40b2c1cd46540,0.0,0.0,3453.232537,0,1,1709148863
2024-02-22,0x0b25c51637c43decd6cc1c1e3da4518d54ddb528,2413,0xbc1d315ba25501b20cfc475a86087145b7f48374,3252.797578,3252.797578,3263.658534,1,1,1709073407
2024-02-22,0x0b25c51637c43decd6cc1c1e3da4518d54ddb528,2447,0xdf90bc63d773e674e0ce2488dbf173cdc3622796,845.969052,845.969052,844.426377,1,1,1709116091
2024-02-22,0x0b25c51637c43decd6cc1c1e3da4518d54ddb528,2462,0xb8dbac300e69c9c2d56542f83bbac3dbad065d02,3364.045098,3364.045098,0.0,1,0,1709123585
2024-02-22,0x0b25c51637c43decd6cc1c1e3da4518d54ddb528,2472,0xe74b3696c6d93716ce01472125be3b9c74aa378b,3351.737101,3351.737101,3328.211907,1,1,1709104565
2024-02-22,0x0b25c51637c43decd6cc1c1e3da4518d54ddb528,2474,0x47c465e7beac169081371969c0fcf62d10c84ef7,3350.677593,3350.677593,0.0,1,0,1709126359
2024-02-22,0x0b25c51637c43decd6cc1c1e3da4518d54ddb528,2498,0x1091fb53079f123e823859919e9f7be919b754e9,3228.931025,3228.931025,0.0,1,0,1709063525
2024-02-22,0x0b25c51637c43decd6cc1c1e3da4518d54ddb528,2507,0x4f46c9d3257d95e35a2441df2fdf293af13f47d9,4072.837942,4072.837942,0.0,1,0,1709083713
2024-02-22,0x0b25c51637c43decd6cc1c1e3da4518d54ddb528,2510,0x2afeb9ac4196037c575b45ada553b70ec80d40df,0.0,0.0,10130.073483,0,1,1709002561
2024-02-22,0x0b25c51637c43decd6cc1c1e3da4518d54ddb528,2537,0xbfd212ba98bde92e75705292a290563bf85edac0,3171.550333,3171.550333,0.0,1,0,1709121459
2024-02-22,0x0b25c51637c43decd6cc1c1e3da4518d54ddb528,2541,0xcb284f3bf78737c4fe5a9db1e3633130c10fa7b1,3229.774009,3229.774009,0.0,1,0,1709092711
2024-02-22,0x0b25c51637c43decd6cc1c1e3da4518d54ddb528,2543,0xea7799bb4139bc81fb001bd009bba7989fa0dad3,3067.421235,3067.421235,0.0,1,0,1709073181
2024-02-22,0x0b25c51637c43decd6cc1c1e3da4518d54ddb528,2571,0xfc7c1d00b2ec6d3653e9de72590684456846c53d,3362.162458,3362.162458,0.0,1,0,1709054387
2024-02-22,0x0b25c51637c43decd6cc1c1e3da4518d54ddb528,2609,0xaef1889d58677805399c6f8326c11d159b09caf2,1576.345512,1576.345512,0.0,1,0,1709084619
2024-02-22,0x0b25c51637c43decd6cc1c1e3da4518d54ddb528,2623,0xd12d05ba5bf8983e8c41071a32422c3c2d309669,3161.259817,3161.259817,0.0,1,0,1709150043
2024-02-22,0x0b25c51637c43decd6cc1c1e3da4518d54ddb528,2627,0x714a8521db3eee3f5f7d4d2dc0a33d91f0aed3dc,0.0,0.0,3057.86367,0,1,1709132273
2024-02-22,0x0b25c51637c43decd6cc1c1e3da4518d54ddb528,2630,0x62e1af3e818afc059d111c4f53cf0a2d9fd29110,3133.468318,3133.468318,0.0,1,0,1709153751
2024-02-22,0x0b25c51637c43decd6cc1c1e3da4518d54ddb528,2634,0x9f36a6bb398118bdcd5b1bc3343d8feb6d7d02b9,3048.179319,3048.179319,0.0,1,0,1709113137
2024-02-22,0x0b25c51637c43decd6cc1c1e3da4518d54ddb528,2657,0x73c748b5f99c3507f11fb8fa2ea5e3b8f4f9a1d1,756.346109,756.346109,1512.692218,1,1,1709101109
2024-02-22,0x0b25c51637c43decd6cc1c1e3da4518d54ddb528,2658,0xb9406fdc51ed957eb286c89c722aa5569bb6fd1a,0.0,0.0,3022.808608,0,1,1709131765
2024-02-22,0x0b25c51637c43decd6cc1c1e3da4518d54ddb528,2674,0x8298ca68dd147f42d2b355d320da71561defcd21,0.0,0.0,2655.865872,0,1,1709003623
2024-02-22,0x0b25c51637c43decd6cc1c1e3da4518d54ddb528,2698,0x924af56089af7aeb6c211ee3781e24b7444cc216,4713.913715,4713.913715,0.0,1,0,1709116477
2024-02-22,0x0b25c51637c43decd6cc1c1e3da4518d54ddb528,2724,0x06deb438e139308f81e80d43bd1dd72e4d931ed8,2884.981521,2884.981521,2884.981521,1,1,1709116975
2024-02-22,0x0b25c51637c43decd6cc1c1e3da4518d54ddb528,2755,0x27f34c4f30f11a6a9698d9711573a1319c6a135d,0.0,0.0,2782.177083,0,1,1708775581
2024-02-22,0x0b25c51637c43decd6cc1c1e3da4518d54ddb528,2763,0x30818b058547c8c4ade180bf08bb01aa2fed1dfd,2666.852929,2666.852929,2666.852929,1,1,1709135089
2024-02-22,0x0b25c51637c43decd6cc1c1e3da4518d54ddb528,2825,0x3da0dc44d6669e9085d7c7aee291d7dbae1c1507,2453.565459,2453.565459,0.0,1,0,1709073125
2024-02-22,0x0b25c51637c43decd6cc1c1e3da4518d54ddb528,2829,0x50fa50fa2032d85eb2dda303929bf56886aa9afb,16993.401857,16993.401857,0.0,1,0,1709083375
2024-02-22,0x0b25c51637c43decd6cc1c1e3da4518d54ddb528,2846,0x7f922e25a3ff62f9a253c83f3f1f2e1dddae60bd,2362.742959,2362.742959,0.0,1,0,1709097429
2024-02-22,0x0b25c51637c43decd6cc1c1e3da4518d54ddb528,2877,0x6f6cbac3fc494e57da3b53977fa9872c8fc74987,2276.791807,2276.791807,0.0,1,0,1709096955
2024-02-22,0x0b25c51637c43decd6cc1c1e3da4518d54ddb528,2902,0xf84368dcc03dbd47a6567b7267f573c28b2f07fa,468.60079,468.60079,468.60079,1,1,1709157027
2024-02-22,0x0b25c51637c43decd6cc1c1e3da4518d54ddb528,2920,0x7a736aebfdff3ec824f8ea3f83639e863d7963c3,2191.134987,2191.134987,0.0,1,0,1709151757
2024-02-22,0x0b25c51637c43decd6cc1c1e3da4518d54ddb528,2930,0x737ac6eaa3b71ffea9fe166bd996f9122b7db5cb,2718.124179,2718.124179,0.0,1,0,1709058065
2024-02-22,0x0b25c51637c43decd6cc1c1e3da4518d54ddb528,2939,0x5f4f120d8435ea38f0f4635a910fee03801be88d,335885.990837,335885.990837,0.0,1,0,1709078097
2024-02-22,0x0b25c51637c43decd6cc1c1e3da4518d54ddb528,2972,0x5f86d42892eb2ab081c09f0531ebd3207ce85934,2248.46596,2248.46596,0.0,1,0,1709054955
2024-02-22,0x0b25c51637c43decd6cc1c1e3da4518d54ddb528,2983,0xeba06532a72bec44a1d33130aaa7c45c31e502f6,2029.896168,2029.896168,0.0,1,0,1709097013
2024-02-22,0x0b25c51637c43decd6cc1c1e3da4518d54ddb528,3015,0x69856bd74e1b1a6cb8745c577b8688d5b6661aab,1918.10654,1918.10654,0.0,1,0,1709077671
2024-02-22,0x0b25c51637c43decd6cc1c1e3da4518d54ddb528,3073,0xb0be01cf3a5cde8a86e1a39367ea997f5dd08372,1841.147943,1841.147943,0.0,1,0,1709053523
2024-02-22,0x0b25c51637c43decd6cc1c1e3da4518d54ddb528,3090,0x64836f2ba7f1036d5126ad20a2dc0ffef119a63c,0.0,0.0,1817.792825,0,1,1709143811
2024-02-22,0x0b25c51637c43decd6cc1c1e3da4518d54ddb528,3129,0xf5e3c687d2b13751ada65906849df79b609d9746,2428.919344,2428.919344,2398.646545,1,1,1709160449
2024-02-22,0x0b25c51637c43decd6cc1c1e3da4518d54ddb528,3131,0x5192309938ef4a6804e89d20c839169f05d8a8ac,1792.487738,1792.487738,0.0,1,0,1709081387
2024-02-22,0x0b25c51637c43decd6cc1c1e3da4518d54ddb528,3138,0xd210ae3ea4bb169163f4e9876109a2c204ad3a87,2048.65125,2048.65125,0.0,1,0,1709150305
2024-02-22,0x0b25c51637c43decd6cc1c1e3da4518d54ddb528,3173,0x0d2e0083dde4d115f842c6cfc59ed17cca6bb7c9,1752.056058,1752.056058,0.0,1,0,1709055881
2024-02-22,0x0b25c51637c43decd6cc1c1e3da4518d54ddb528,3236,0x670fbd72155b2ae2e5336c82dc62c8b22ed4ba09,1690.771235,1690.771235,0.0,1,0,1709102509
2024-02-22,0x0b25c51637c43decd6cc1c1e3da4518d54ddb528,3247,0x99d6d24012361620bfa1a3f16d4e745066fc7c69,1673.879109,1673.879109,1639.30056,1,1,1709124341
2024-02-22,0x0b25c51637c43decd6cc1c1e3da4518d54ddb528,3248,0xc5ba2b86292a73830cfe7619f24f4fcab66e398b,1639.255794,1639.255794,1639.255794,1,1,1709124379
2024-02-22,0x0b25c51637c43decd6cc1c1e3da4518d54ddb528,3249,0xe6318ac14dc1235e01af21d354088118e15783ba,1641.507362,1641.507362,1641.507362,1,1,1709124627
2024-02-22,0x0b25c51637c43decd6cc1c1e3da4518d54ddb528,3250,0xdf23d6fd44249716a515bdddc81b82c18b915345,1641.507101,1641.507101,1641.507101,1,1,1709124631
2024-02-22,0x0b25c51637c43decd6cc1c1e3da4518d54ddb528,3266,0x7b329c7feffadc2217d9745e6e4cd28aa5434363,0.0,0.0,1657.217083,0,1,1709132073
2024-02-22,0x0b25c51637c43decd6cc1c1e3da4518d54ddb528,3273,0x7ef0d352f7a77c0df51def796e63a008234a7cda,1655.244147,1655.244147,0.0,1,0,1709066511
2024-02-22,0x0b25c51637c43decd6cc1c1e3da4518d54ddb528,3393,0x2446f1a75162f045d02f23d1d3b0f5a2c0f9a4cb,3285.519125,3285.519125,0.0,1,0,1709160827
2024-02-22,0x0b25c51637c43decd6cc1c1e3da4518d54ddb528,3394,0xbf11833461348bcf5217c38e52920a55cb589168,1446.264196,1446.264196,1446.264196,1,1,1709093495
2024-02-22,0x0b25c51637c43decd6cc1c1e3da4518d54ddb528,3405,0x353c5a5bb339a756e25d9ab983db61c7b1ac2922,1462.865361,1462.865361,0.0,1,0,1709098045
2024-02-22,0x0b25c51637c43decd6cc1c1e3da4518d54ddb528,3408,0x1f2b88b4fbcbecf1e0b07728c6db26bfdacdb0b2,1456.238485,1456.238485,0.0,1,0,1709098145
2024-02-22,0x0b25c51637c43decd6cc1c1e3da4518d54ddb528,3412,0x22422040886ab7d0a08eeafa2c595a707a26c531,1450.91156,1450.91156,0.0,1,0,1709097743
2024-02-22,0x0b25c51637c43decd6cc1c1e3da4518d54ddb528,3417,0x0eec442c632f5da69cac03439cecd6cc001f1a71,1412.066364,1412.066364,0.0,1,0,1709107371
2024-02-22,0x0b25c51637c43decd6cc1c1e3da4518d54ddb528,3418,0xa6e2df09d9a7bea5ddca479a1a59e3195583cfa6,1445.561887,1445.561887,0.0,1,0,1709098107
2024-02-22,0x0b25c51637c43decd6cc1c1e3da4518d54ddb528,3430,0x4b4e54a9978453254acb96d3d8d9e202b5b01386,1421.604564,1421.604564,0.0,1,0,1709098011
2024-02-22,0x0b25c51637c43decd6cc1c1e3da4518d54ddb528,3431,0xf9ce07a5611f18f018261d9e5be3fad92b49c852,1420.647238,1420.647238,0.0,1,0,1709097581
2024-02-22,0x0b25c51637c43decd6cc1c1e3da4518d54ddb528,3434,0x7ec4dedf1587acf5f6090f8086e555ed72d6f0b8,1409.112214,1409.112214,0.0,1,0,1709097463
2024-02-22,0x0b25c51637c43decd6cc1c1e3da4518d54ddb528,3453,0x15446371fe06e86fcd27b1f567491a3eee9c238e,1352.874802,1352.874802,1352.874802,1,1,1709124627
2024-02-22,0x0b25c51637c43decd6cc1c1e3da4518d54ddb528,3493,0x42acf5773af88b0e49f413e10edf9bcef93c3805,1309.67156,1309.67156,1309.67156,1,1,1709124363
2024-02-22,0x0b25c51637c43decd6cc1c1e3da4518d54ddb528,3541,0x793d6260fa382a26ac6ab5fb6f9aa96f1f95b23b,1266.193539,1266.193539,0.0,1,0,1709044959
2024-02-22,0x0b25c51637c43decd6cc1c1e3da4518d54ddb528,3569,0xd86b11c0725042c977ef837430442ce2d607fa7f,1199.457621,1199.457621,1199.457621,1,1,1709116685
2024-02-22,0x0b25c51637c43decd6cc1c1e3da4518d54ddb528,3698,0x413db04a4d7207cae7a7686639ce68caac137bae,276.044094,276.044094,0.0,1,0,1709071849
2024-02-22,0x0b25c51637c43decd6cc1c1e3da4518d54ddb528,3752,0x31dddf4e2ac81403fa9b993cfbe4ca535a1656b5,1064.203498,1064.203498,0.0,1,0,1709045617
2024-02-22,0x0b25c51637c43decd6cc1c1e3da4518d54ddb528,3758,0xe492e921f11d8c42f78e80e9bb9abc75d9c49243,1671.606569,1671.606569,0.0,1,0,1709094479
2024-02-22,0x0b25c51637c43decd6cc1c1e3da4518d54ddb528,3768,0x5ce213c2afde02afd21e23187cd3c599b4298905,530.508463,530.508463,0.0,1,0,1709078183
2024-02-22,0x0b25c51637c43decd6cc1c1e3da4518d54ddb528,3772,0x062bcf5e546b235953576763658936f9e9f38327,1034.071346,1034.071346,0.0,1,0,1709044507
2024-02-22,0x0b25c51637c43decd6cc1c1e3da4518d54ddb528,3843,0xb230628e4855da9f6c2a34b6dae57532a08f5851,238.996985,238.996985,0.0,1,0,1709059155
2024-02-22,0x0b25c51637c43decd6cc1c1e3da4518d54ddb528,3854,0x4c1695f54208fb92a8d87add8dbea206b0771872,964.072322,964.072322,0.0,1,0,1709100953
2024-02-22,0x0b25c51637c43decd6cc1c1e3da4518d54ddb528,3905,0xa2495a057e796b351d9579c2eaac2c60d5546633,924.315394,924.315394,0.0,1,0,1709045541
2024-02-22,0x0b25c51637c43decd6cc1c1e3da4518d54ddb528,3940,0x13cbd624af484c4c695ff0e1d0b7e125d45f2c76,891.575585,891.575585,0.0,1,0,1709089367
2024-02-22,0x0b25c51637c43decd6cc1c1e3da4518d54ddb528,3941,0xf935861a8b8cc6867eeb463d97b501c69d177092,873.034476,873.034476,873.034476,1,1,1709124409
2024-02-22,0x0b25c51637c43decd6cc1c1e3da4518d54ddb528,3995,0x8ce3222c6fe02d531c1d7f082e7fdf01ec789a7b,841.567069,841.567069,0.0,1,0,1709047767
2024-02-22,0x0b25c51637c43decd6cc1c1e3da4518d54ddb528,4024,0xfed7772aefda63fc29dfb785ec85312f6fa97982,812.693608,812.693608,0.0,1,0,1709101681
2024-02-22,0x0b25c51637c43decd6cc1c1e3da4518d54ddb528,4064,0x8afd6322116be3bef640ba9f302430777d4d73e9,0.0,0.0,2811.768554,0,1,1709137761
2024-02-22,0x0b25c51637c43decd6cc1c1e3da4518d54ddb528,4099,0x23184d3ae7de5609bb57eaec707d9be0b17408a6,0.0,0.0,760.429496,0,1,1709137329
2024-02-22,0x0b25c51637c43decd6cc1c1e3da4518d54ddb528,4195,0x25a67a5f1f3125dd24e59289e82e890fcabe796c,0.0,0.0,709.62894,0,1,1709153561
2024-02-22,0x0b25c51637c43decd6cc1c1e3da4518d54ddb528,4197,0xc9ea255b552793e2533f666013a8d1d9e36cc206,0.0,0.0,691.314735,0,1,1709153609
2024-02-22,0x0b25c51637c43decd6cc1c1e3da4518d54ddb528,4299,0x942114d2222af79422d11ddb0a96ddf2997fecb9,0.0,0.0,1189.528514,0,1,1709154709
2024-02-22,0x0b25c51637c43decd6cc1c1e3da4518d54ddb528,4320,0x6c0cafe6165d1a37659b6f9728de30969c35cbf2,567.64173,567.64173,0.0,1,0,1709048141
2024-02-22,0x0b25c51637c43decd6cc1c1e3da4518d54ddb528,4338,0xe5dea68128774d469030ae39066818f9e122bc47,596.217542,596.217542,0.0,1,0,1709062859
2024-02-22,0x0b25c51637c43decd6cc1c1e3da4518d54ddb528,4344,0x23df87ead1b7219f59a8f9172e5537ce7fdc0d84,152.230832,152.230832,0.0,1,0,1709103495
2024-02-22,0x0b25c51637c43decd6cc1c1e3da4518d54ddb528,4358,0x0eca5bd7b78603c3a4b3292914c98b94500f843a,3593.655487,3593.655487,0.0,1,0,1709093847
2024-02-22,0x0b25c51637c43decd6cc1c1e3da4518d54ddb528,4416,0x4fc01183de7319bab5e6302cc57ca7b9a2735e98,550.134531,550.134531,550.134531,1,1,1709117053
2024-02-22,0x0b25c51637c43decd6cc1c1e3da4518d54ddb528,4510,0x06e252cdb6bf0e724346be59ceadf6684c79793c,628.089195,628.089195,0.0,1,0,1709048445
2024-02-22,0x0b25c51637c43decd6cc1c1e3da4518d54ddb528,4704,0xa4c136dc1b03a934a06a0ba21d22ad5e4d4a7f10,446.471767,446.471767,0.0,1,0,1709129207
2024-02-22,0x0b25c51637c43decd6cc1c1e3da4518d54ddb528,4935,0x31a6686af02e5f51fd647a9dadfc9c711efcaa22,407.33231,407.33231,0.0,1,0,1709075663
2024-02-22,0x0b25c51637c43decd6cc1c1e3da4518d54ddb528,4946,0xb6c8cabc2150083261d541a3011a658a36ca55b9,406.641037,406.641037,0.0,1,0,1709088671
2024-02-22,0x0b25c51637c43decd6cc1c1e3da4518d54ddb528,4978,0x31a6686af02e5f51fd647a9dadfc9c711efcaa22,403.80228,403.80228,0.0,1,0,1709075519
2024-02-22,0x0b25c51637c43decd6cc1c1e3da4518d54ddb528,4993,0x95f615c88f791351b414322a0a7f9cc7354ae19f,630.57937,630.57937,0.0,1,0,1709064439
2024-02-22,0x0b25c51637c43decd6cc1c1e3da4518d54ddb528,4998,0x31a6686af02e5f51fd647a9dadfc9c711efcaa22,401.331415,401.331415,0.0,1,0,1709075635
2024-02-22,0x0b25c51637c43decd6cc1c1e3da4518d54ddb528,4999,0x31a6686af02e5f51fd647a9dadfc9c711efcaa22,401.331415,401.331415,0.0,1,0,1709075647
2024-02-22,0x0b25c51637c43decd6cc1c1e3da4518d54ddb528,5001,0x31a6686af02e5f51fd647a9dadfc9c711efcaa22,400.984842,400.984842,0.0,1,0,1709075623
2024-02-22,0x0b25c51637c43decd6cc1c1e3da4518d54ddb528,5004,0x31a6686af02e5f51fd647a9dadfc9c711efcaa22,400.638269,400.638269,0.0,1,0,1709075587
2024-02-22,0x0b25c51637c43decd6cc1c1e3da4518d54ddb528,5005,0x31a6686af02e5f51fd647a9dadfc9c711efcaa22,400.638269,400.638269,0.0,1,0,1709075551
2024-02-22,0x0b25c51637c43decd6cc1c1e3da4518d54ddb528,5006,0x31a6686af02e5f51fd647a9dadfc9c711efcaa22,400.638269,400.638269,0.0,1,0,1709075573
2024-02-22,0x0b25c51637c43decd6cc1c1e3da4518d54ddb528,5008,0x31a6686af02e5f51fd647a9dadfc9c711efcaa22,400.638269,400.638269,0.0,1,0,1709075609
2024-02-22,0x0b25c51637c43decd6cc1c1e3da4518d54ddb528,5009,0x31a6686af02e5f51fd647a9dadfc9c711efcaa22,400.638269,400.638269,0.0,1,0,1709075535
2024-02-22,0x0b25c51637c43decd6cc1c1e3da4518d54ddb528,5051,0x349e7c22cd2a12d42073443c633d2478a419b578,397.586586,397.586586,0.0,1,0,1709066515
2024-02-22,0x0b25c51637c43decd6cc1c1e3da4518d54ddb528,5125,0xc342e5440d1bb36a5e4bc87542364f42d9a07d83,396.164438,396.164438,0.0,1,0,1709129723
2024-02-22,0x0b25c51637c43decd6cc1c1e3da4518d54ddb528,5224,0xf97c77c4a036752854663ca597f097aa5db7534b,0.0,0.0,385.173963,0,1,1709055741
2024-02-22,0x0b25c51637c43decd6cc1c1e3da4518d54ddb528,5321,0xc42ca8f6c802b78dc9db92c48fa92c78340ab3d7,0.0,0.0,380.140458,0,1,1709160765
2024-02-22,0x0b25c51637c43decd6cc1c1e3da4518d54ddb528,5341,0x3650801cbe79abf94dbdf297fae9e10ccf9616d4,379.140422,379.140422,0.0,1,0,1709094061
2024-02-22,0x0b25c51637c43decd6cc1c1e3da4518d54ddb528,5351,0x23fcf8d02b1b515ca40ec908463626c1759c2756,0.0,0.0,378.662768,0,1,1709152433
2024-02-22,0x0b25c51637c43decd6cc1c1e3da4518d54ddb528,5381,0x5600ff522af4782dee24727a306e13c6d810dc3c,385.393879,385.393879,0.0,1,0,1709120891
2024-02-22,0x0b25c51637c43decd6cc1c1e3da4518d54ddb528,5444,0x148691bc2aab5abb8b91618267e66b860edb14b4,382.887673,382.887673,0.0,1,0,1709073945
2024-02-22,0x0b25c51637c43decd6cc1c1e3da4518d54ddb528,5576,0x9b3e84714e7b8501648b50e2fc002f8f3dec5ad5,369.231848,369.231848,0.0,1,0,1709047489
2024-02-22,0x0b25c51637c43decd6cc1c1e3da4518d54ddb528,5607,0x44869f7621ebb6c1e41b4ffc56e0309302882338,368.89697,368.89697,0.0,1,0,1709127599
2024-02-22,0x0b25c51637c43decd6cc1c1e3da4518d54ddb528,5636,0x01788e63e54d738f0dac036de1392284d467897f,0.0,0.0,368.274505,0,1,1709151851
2024-02-22,0x0b25c51637c43decd6cc1c1e3da4518d54ddb528,5663,0xbf103676270ab4e10735434f413a484f317b3d40,366.874948,366.874948,0.0,1,0,1709125505
2024-02-22,0x0b25c51637c43decd6cc1c1e3da4518d54ddb528,5696,0x21efd8ff83d2e290a5738a5a41152bcc08c24706,0.0,0.0,365.983246,0,1,1709038579
2024-02-22,0x0b25c51637c43decd6cc1c1e3da4518d54ddb528,5704,0x8a7cd852dfee6a5c05a8f049a17a14361f8e5ea7,0.0,0.0,366.324587,0,1,1709136693
2024-02-22,0x0b25c51637c43decd6cc1c1e3da4518d54ddb528,5705,0xd79d46d4611da7d1d1d0bea6c2de10118a658569,0.0,0.0,365.823083,0,1,1709039691
2024-02-22,0x0b25c51637c43decd6cc1c1e3da4518d54ddb528,5738,0x79f91e61466426e50499b9bd56e46ac2f9df78e6,0.0,0.0,365.299355,0,1,1709152209
2024-02-22,0x0b25c51637c43decd6cc1c1e3da4518d54ddb528,5758,0x7072be7bceaeb49466821055d86118b546d9c423,373.160802,373.160802,0.0,1,0,1709127671
2024-02-22,0x0b25c51637c43decd6cc1c1e3da4518d54ddb528,5765,0x5d781a5e0d360006b28c96f383d54f6b622044ab,21337.407556,21337.407556,0.0,1,0,1709089109
2024-02-22,0x0b25c51637c43decd6cc1c1e3da4518d54ddb528,5822,0xaa7ce71fd8ddffda746af77ba54ccd96b52dfe92,362.089103,362.089103,362.089103,1,1,1709112465
2024-02-22,0x0b25c51637c43decd6cc1c1e3da4518d54ddb528,5919,0x69221ff37014459b4be9038bd51e724fc258f60a,361.976482,361.976482,0.0,1,0,1709111301
2024-02-22,0x0b25c51637c43decd6cc1c1e3da4518d54ddb528,5981,0xf9c8c607a68175dcd87d0ba846af9b6629e27e16,357.074448,357.074448,0.0,1,0,1709045733
2024-02-22,0x0b25c51637c43decd6cc1c1e3da4518d54ddb528,6005,0x2ebd5817147aca120f8a261b92e3957af93afb9b,356.38977,356.38977,0.0,1,0,1709125263
2024-02-22,0x0b25c51637c43decd6cc1c1e3da4518d54ddb528,6007,0xa93ff05d277d896d10a4172c2dc19d70730e8bdc,356.284322,356.284322,0.0,1,0,1709064785
2024-02-22,0x0b25c51637c43decd6cc1c1e3da4518d54ddb528,6009,0x2ceba06d249bbfa20894e2092b77dd86db0a9302,413.87146,413.87146,413.87146,1,1,1709108785
2024-02-22,0x0b25c51637c43decd6cc1c1e3da4518d54ddb528,6164,0x374c5b6e97d06cb17d46a27b231fb010a45bec54,0.0,0.0,353.225485,0,1,1708679623
2024-02-22,0x0b25c51637c43decd6cc1c1e3da4518d54ddb528,6168,0xe6b7775e47507a45184ae31122e91de586652ed4,631.071999,631.071999,629.921201,1,1,1709109791
2024-02-22,0x0b25c51637c43decd6cc1c1e3da4518d54ddb528,6171,0xcb2aa9a60946058ff83fb095ddf2582c3c47c375,725.507389,725.507389,0.0,1,0,1709155437
2024-02-22,0x0b25c51637c43decd6cc1c1e3da4518d54ddb528,6185,0x25aaa2e93586bf6f09e5666c20833a0c0cab6d8a,357.380498,357.380498,0.0,1,0,1709075587
2024-02-22,0x0b25c51637c43decd6cc1c1e3da4518d54ddb528,6277,0x6c9258895ffbe2178b3edefe09af304a1e99bf2f,357.915959,357.915959,0.0,1,0,1709125337
2024-02-22,0x0b25c51637c43decd6cc1c1e3da4518d54ddb528,6279,0xbacbe2ab5977f5ca3f14cd6a4458f6af1b316a98,392.707214,392.707214,0.0,1,0,1709051103
2024-02-22,0x0b25c51637c43decd6cc1c1e3da4518d54ddb528,6333,0xf25d523b15356911523a61394158472162bf9da1,174.878877,174.878877,0.0,1,0,1709070569
2024-02-22,0x0b25c51637c43decd6cc1c1e3da4518d54ddb528,6426,0x7a81ac54ab686e8539d774e266832650774ca144,44223.172506,44223.172506,0.0,1,0,1709053695
2024-02-22,0x0b25c51637c43decd6cc1c1e3da4518d54ddb528,6648,0xa0eba15eda152fcdc38fb32e3c50f73e3a2ea965,7428.477958,7428.477958,7349.145689,1,1,1709096279
2024-02-22,0x0b25c51637c43decd6cc1c1e3da4518d54ddb528,6798,0xe77ffc696724fd0fcff578a05f3023081ae888c0,7234.238547,7234.238547,7551.517119,1,1,1709080761
2024-02-22,0x0b25c51637c43decd6cc1c1e3da4518d54ddb528,6937,0xc0723dcfbf60002b3b5b55fca06f0414263ff111,217.670609,217.670609,230.832615,1,1,1709096937
2024-02-22,0x0b25c51637c43decd6cc1c1e3da4518d54ddb528,7196,0x2b4a4fe93639c70aae55adf5e63f3cbf10956292,150371.758426,150371.758426,0.0,1,0,1709128561
2024-02-22,0x0b25c51637c43decd6cc1c1e3da4518d54ddb528,7651,0x7e4cbd9030b814c364b6b57128e5868797436d51,250.529253,250.529253,50.105851,1,1,1709064287
2024-02-22,0x0b25c51637c43decd6cc1c1e3da4518d54ddb528,7732,0xee9a23404333361302790e905bd0f27603d39818,0.0,43344.091239,85479.287266,1,2,1709141985
2024-02-22,0x0b25c51637c43decd6cc1c1e3da4518d54ddb528,7733,0x9f0f8f07ec71a6435f1574ec022e98b5445d4988,0.0,0.0,56007.060813,0,1,1709142223
2024-02-22,0x0b25c51637c43decd6cc1c1e3da4518d54ddb528,7890,0x166c794d890dd91bbe71f304eca660e1c4892cbb,142241.384474,142241.384474,0.0,1,0,1709159349
2024-02-22,0x0b25c51637c43decd6cc1c1e3da4518d54ddb528,7979,0x529656620d914443405a55ec42ad0eaeaf0b4a2c,211329.816196,211329.816196,0.0,1,0,1709125609
2024-02-22,0x0b25c51637c43decd6cc1c1e3da4518d54ddb528,8077,0x6b02c2b4e93e18a7a5a0a519ba36c8eb5c8a8732,1631.373915,3262.776702,1631.402787,2,1,1709101813
2024-02-22,0x0b25c51637c43decd6cc1c1e3da4518d54ddb528,8260,0xd0c786157a01042a183dfa9cf20f561a0d7fff79,36868.596691,36868.596691,36801.364601,1,1,1709115445
2024-02-22,0x0b25c51637c43decd6cc1c1e3da4518d54ddb528,8330,0x43386877500087ee7da43ef57c8691490ddcebac,534972.102808,534972.102808,266998.274603,1,1,1709117365
2024-02-22,0x0b25c51637c43decd6cc1c1e3da4518d54ddb528,8363,0x21f59001e8543fbd84fcacade38b1a06274f0ca3,0.0,0.0,1521.91051,0,1,1708633719
2024-02-22,0x0b25c51637c43decd6cc1c1e3da4518d54ddb528,8395,0x5181cdf1bb20da04ba788f82989f29e65b67314a,16293.7528,16293.7528,0.0,1,0,1709106469
2024-02-22,0x0b25c51637c43decd6cc1c1e3da4518d54ddb528,8405,0x5d6f3d0c92d0564151357b0863e55e9ed4631b8d,0.0,0.0,1128.575615,0,1,1709157567
2024-02-22,0x0b25c51637c43decd6cc1c1e3da4518d54ddb528,8416,0x7b59793ad075e4ce1e35181054759c080b8d965d,0.0,624329.072163,1237983.996445,1,2,1709150147
2024-02-22,0x0b25c51637c43decd6cc1c1e3da4518d54ddb528,8434,0x9f0f8f07ec71a6435f1574ec022e98b5445d4988,0.0,61251.345479,115947.537884,1,2,1709142247
2024-02-22,0x0b25c51637c43decd6cc1c1e3da4518d54ddb528,8476,0xec5b22756d0191fbbb4afffdd5ae2a660538d196,0.0,0.0,1296.10861,0,1,1709035997
2024-02-22,0x0b25c51637c43decd6cc1c1e3da4518d54ddb528,8494,0x71fbfe41a9ddedd13ef25a337fae01438064a08d,13951.555091,13951.555091,14545.747136,1,1,1709135281
2024-02-22,0x0b25c51637c43decd6cc1c1e3da4518d54ddb528,8893,0x561201443956b904dfb2e4553f330440c27e9bbf,1095.61731,1095.61731,0.0,1,0,1709046531
2024-02-22,0x0b25c51637c43decd6cc1c1e3da4518d54ddb528,9193,0xb06f3d64068da3014892c64dbd62bc9b985648c7,1457.60527,1457.60527,0.0,1,0,1708994623
2024-02-22,0x0b25c51637c43decd6cc1c1e3da4518d54ddb528,9199,0xdab85506424396fb090d84b64ad63b770d87c028,153038.948494,153038.948494,0.0,1,0,1709079891
2024-02-22,0x0b25c51637c43decd6cc1c1e3da4518d54ddb528,9276,0xd0c786157a01042a183dfa9cf20f561a0d7fff79,30133.777405,30133.777405,30024.993304,1,1,1709115455
2024-02-22,0x0b25c51637c43decd6cc1c1e3da4518d54ddb528,9292,0x2b4a4fe93639c70aae55adf5e63f3cbf10956292,4284.832269,4284.832269,0.0,1,0,1709128585
2024-02-22,0x0b25c51637c43decd6cc1c1e3da4518d54ddb528,9296,0x9f0f8f07ec71a6435f1574ec022e98b5445d4988,0.0,0.0,57188.716153,0,1,1709142265
2024-02-22,0x0b25c51637c43decd6cc1c1e3da4518d54ddb528,9300,0xb33cd827dd59c090e71899bfca31f81f4b189ddb,22864.071217,22864.071217,22822.377216,1,1,1709147897
2024-02-22,0x0b25c51637c43decd6cc1c1e3da4518d54ddb528,9360,0x5b3067c5e26fec823d6fbf8f315e43632658d2f6,3924.187824,3924.187824,3924.187824,1,1,1709137031
2024-02-22,0x0b25c51637c43decd6cc1c1e3da4518d54ddb528,9458,0xa94615f9cfa6ff8e3cb581421ec7803b39d8ae97,79929.666017,79929.666017,79783.909494,1,1,1709115069
2024-02-22,0x0b25c51637c43decd6cc1c1e3da4518d54ddb528,9459,0xa94615f9cfa6ff8e3cb581421ec7803b39d8ae97,221924.516121,221924.516121,221519.823503,1,1,1709115087
2024-02-22,0x0b25c51637c43decd6cc1c1e3da4518d54ddb528,9596,0x89416b7fd83cddfaa6eee814a8967f76d4511294,2260.794128,2260.794128,2232.7152,1,1,1709096207
2024-02-22,0x0b25c51637c43decd6cc1c1e3da4518d54ddb528,9747,0xdab85506424396fb090d84b64ad63b770d87c028,101839.968516,101839.968516,0.0,1,0,1709079907
2024-02-22,0x0b25c51637c43decd6cc1c1e3da4518d54ddb528,9872,0xf22862b5c8d5a17a68536521e0c82c5387bd65af,764.483276,764.483276,761.723462,1,1,1709120127
2024-02-22,0x0b25c51637c43decd6cc1c1e3da4518d54ddb528,9898,0xb33cd827dd59c090e71899bfca31f81f4b189ddb,69959.542121,69959.542121,70180.123713,1,1,1709147931
2024-02-22,0x0b25c51637c43decd6cc1c1e3da4518d54ddb528,9989,0x2b4a4fe93639c70aae55adf5e63f3cbf10956292,13043.787416,13043.787416,0.0,1,0,1709128611
2024-02-22,0x0b25c51637c43decd6cc1c1e3da4518d54ddb528,9998,0xabfd07cc78910f8875169ae6373d95316f4ca117,49118.603078,49118.603078,0.0,1,0,1709051985
2024-02-22,0x0b25c51637c43decd6cc1c1e3da4518d54ddb528,10001,0xa94615f9cfa6ff8e3cb581421ec7803b39d8ae97,38639.494231,38639.494231,38569.032804,1,1,1709115119
2024-02-22,0x0b25c51637c43decd6cc1c1e3da4518d54ddb528,10038,0x1f67dfd96a85180051ede7d5c74a5e17878a3e7f,11912.577453,11912.577453,0.0,1,0,1709082989
2024-02-22,0x0b25c51637c43decd6cc1c1e3da4518d54ddb528,10040,0x64878672b3fc544db57b043eb651e13f1cb8c4ed,10774.911124,10774.911124,0.0,1,0,1709081837
2024-02-22,0x0b25c51637c43decd6cc1c1e3da4518d54ddb528,10042,0xde1fa11188571b887901f62efa0291ce47e509ba,10301.240152,10301.240152,0.0,1,0,1709083717
2024-02-22,0x0b25c51637c43decd6cc1c1e3da4518d54ddb528,10103,0x4cfe3339e865a38f4f5cd379e837436a6556cec4,590.07635,590.07635,0.0,1,0,1709055727
2024-02-22,0x0b25c51637c43decd6cc1c1e3da4518d54ddb528,10197,0xdb426a4460a1081e3c938d55f15d44900aa2f690,56.240453,56.240453,239.219749,1,1,1709119127
2024-02-22,0x0b25c51637c43decd6cc1c1e3da4518d54ddb528,10229,0x41020ca811e3e02b0645ea55ea189cd6e5ea5494,708.992783,708.992783,0.0,1,0,1709105183
2024-02-22,0x0b25c51637c43decd6cc1c1e3da4518d54ddb528,10242,0x4100af5c78d82379227c41a524fa8c7bf0d5769b,47.386913,47.386913,0.0,1,0,1709066459
2024-02-22,0x0b25c51637c43decd6cc1c1e3da4518d54ddb528,10244,0x80b9fd429f47dc6a7f02acff90a1959956a19607,1896.467076,1896.467076,0.0,1,0,1709060145
2024-02-22,0x0b25c51637c43decd6cc1c1e3da4518d54ddb528,10252,0xdab85506424396fb090d84b64ad63b770d87c028,17541.704369,17541.704369,0.0,1,0,1709079951
2024-02-22,0x0b25c51637c43decd6cc1c1e3da4518d54ddb528,10261,0x97d37e8b619cf4c6145da456766ca4fa157292d3,47519.279046,47519.279046,0.0,1,0,1709074897
2024-02-22,0x0b25c51637c43decd6cc1c1e3da4518d54ddb528,10295,0xc875b3dae5b0c371bc8cf9ded64868b78ac47587,6390673.659286,6390673.659286,5574357.046259,1,1,1709162281
2024-02-22,0x0b25c51637c43decd6cc1c1e3da4518d54ddb528,10296,0x03c70563e94de5de56c11a0cc4ce3482f592854f,16692318.535342,16692318.535342,14560115.006134,1,1,1709162329
2024-02-22,0x0b25c51637c43decd6cc1c1e3da4518d54ddb528,10298,0xc9814f18a8751214f719de15c54d01b3d78ef14f,5774172.104818,680231435.254035,679358892.333637,134,134,1709162249
2024-02-22,0x0b25c51637c43decd6cc1c1e3da4518d54ddb528,10356,0xec24cf5596fc007e52bd89e8e4d656bb1e875b11,16.84631,16.84631,0.0,1,0,1709041899
2024-02-22,0x0b25c51637c43decd6cc1c1e3da4518d54ddb528,10482,0xa6e8129d47c647c7edfd5d5c53f04602df7aedcb,0.0,0.0,18532.817725,0,1,1709123547
2024-02-22,0x0b25c51637c43decd6cc1c1e3da4518d54ddb528,10503,0x2b4a4fe93639c70aae55adf5e63f3cbf10956292,745.440185,745.440185,0.0,1,0,1709128637
2024-02-22,0x0b25c51637c43decd6cc1c1e3da4518d54ddb528,10651,0x2fe5a31a678a114a297b18dec7771601fdcdec9f,7902.426377,7902.426377,0.0,1,0,1709109827
2024-02-22,0x0b25c51637c43decd6cc1c1e3da4518d54ddb528,10937,0x7a53e106d5519afdbea37b03ba794b0e7b8f7cbf,195039.888604,195039.888604,0.0,1,0,1709129903
2024-02-22,0x0b25c51637c43decd6cc1c1e3da4518d54ddb528,10950,0x32e39feeb3c6e5bb296ec0fd7c10489711e13317,41173.479556,41173.479556,0.0,1,0,1709109977
2024-02-22,0x0b25c51637c43decd6cc1c1e3da4518d54ddb528,10972,0xc8160b24922664d9b3cf7f0acbc149dc33917d15,2117.750549,2117.750549,0.0,1,0,1709059633
2024-02-22,0x0b25c51637c43decd6cc1c1e3da4518d54ddb528,10986,0xbd584812c7aaeb901e8424725065cb0716b9264f,9360.145591,9360.145591,0.0,1,0,1709089059
2024-02-22,0x0b25c51637c43decd6cc1c1e3da4518d54ddb528,11008,0x34316386913935b8a912115920f6f767e15bf9a1,2.199332,2.199332,2.293818,1,1,1708777185
2024-02-22,0x0b25c51637c43decd6cc1c1e3da4518d54ddb528,11083,0x7a53e106d5519afdbea37b03ba794b0e7b8f7cbf,195721.431066,195721.431066,196472.233555,1,1,1709129919
2024-02-22,0x0b25c51637c43decd6cc1c1e3da4518d54ddb528,11146,0x924dcdca42e7fcd0258c5a4a2333aa9d86e79ea4,46047.378243,46047.378243,0.0,1,0,1709054501
2024-02-22,0x0b25c51637c43decd6cc1c1e3da4518d54ddb528,11220,0x3717d4cc1d3226395a82a8680c3e0078dc43146d,2158.639382,2158.639382,2131.735213,1,1,1709096339
2024-02-22,0x0b25c51637c43decd6cc1c1e3da4518d54ddb528,11221,0xa92aecf166253ee71b7f805ee6783ba5417e4aa4,21732.844376,21732.844376,0.0,1,0,1709130055
2024-02-22,0x0b25c51637c43decd6cc1c1e3da4518d54ddb528,11267,0xbd584812c7aaeb901e8424725065cb0716b9264f,1566.0,1566.0,0.0,1,0,1709089197
2024-02-22,0x0b25c51637c43decd6cc1c1e3da4518d54ddb528,11274,0x9844c3688daaa98de18fbe52499a6b152236896b,702669.267002,702669.267002,0.0,1,0,1709073295
2024-02-22,0x0b25c51637c43decd6cc1c1e3da4518d54ddb528,11316,0x2b4a4fe93639c70aae55adf5e63f3cbf10956292,1527.182191,1527.182191,0.0,1,0,1709128663
2024-02-22,0x0b25c51637c43decd6cc1c1e3da4518d54ddb528,11328,0x8d893429b077455f0db9bc005536f441785eeeb2,20748.088616,20748.088616,0.0,1,0,1709157095
2024-02-22,0x0b25c51637c43decd6cc1c1e3da4518d54ddb528,11347,0x670647441d9c24d981923c9293a2e4eae6d0c8b3,0.0,0.0,651286.745217,0,1,1709160799
2024-02-22,0x0b25c51637c43decd6cc1c1e3da4518d54ddb528,11353,0x68903dc8d0072ef73a0af25762b6e97180940267,71816.286913,71816.286913,0.0,1,0,1709126513
2024-02-22,0x0b25c51637c43decd6cc1c1e3da4518d54ddb528,11371,0x623607bdf98e37163f93171c0b0d359880d1e1d0,289927.334059,289927.334059,0.0,1,0,1709077507
2024-02-22,0x0b25c51637c43decd6cc1c1e3da4518d54ddb528,11387,0x7a53e106d5519afdbea37b03ba794b0e7b8f7cbf,69293.332139,69293.332139,69166.971606,1,1,1709129979
2024-02-22,0x0b25c51637c43decd6cc1c1e3da4518d54ddb528,11388,0x3d82bd97b25c76f629fd9bc8958fed1689837893,0.0,0.0,33716.131912,0,1,1709124781
2024-02-22,0x0b25c51637c43decd6cc1c1e3da4518d54ddb528,11389,0x2b6bbd823b2453f05521a554ba3fedfdda4b5593,0.0,0.0,23633.783346,0,1,1709124933
2024-02-22,0x0b25c51637c43decd6cc1c1e3da4518d54ddb528,11390,0xaff2aae053e32647f257b0d0d9c6d14af6bd14a1,0.0,0.0,23219.740202,0,1,1709123211
2024-02-22,0x0b25c51637c43decd6cc1c1e3da4518d54ddb528,11426,0x4e6fbdaf926545505f0f74aa34e74194d0a3da17,2112.304935,2112.304935,2085.97427,1,1,1709096429
2024-02-22,0x0b25c51637c43decd6cc1c1e3da4518d54ddb528,11465,0x32d0516debe5b1dbc85c2b3cfb0b4a970ebcdc5e,2107.860899,2107.860899,2067.923029,1,1,1709096693
2024-02-22,0x0b25c51637c43decd6cc1c1e3da4518d54ddb528,11488,0x40b4785234ba0766ed323299b8f29bbe0dad1922,29.974513,29.974513,29.919853,1,1,1709046603
2024-02-22,0x0b25c51637c43decd6cc1c1e3da4518d54ddb528,11489,0x4a33dd38cf666508024bb7db4d20f4863e261961,21.927506,21.927506,21.88752,1,1,1709046661
2024-02-22,0x0b25c51637c43decd6cc1c1e3da4518d54ddb528,11490,0xd30801d8981df9189ca3e3708e9086491b83313b,13.847994,13.847994,13.885015,1,1,1709046717
2024-02-22,0x0b25c51637c43decd6cc1c1e3da4518d54ddb528,11491,0xc80144c8d8f82d632a9562b5e54d3e2d17fb881c,2027.953522,2027.953522,2002.669612,1,1,1709096773
2024-02-22,0x0b25c51637c43decd6cc1c1e3da4518d54ddb528,11492,0x0580cf836f4127b40054e90936ba4f36a1c35e5d,13.092133,13.092133,13.068259,1,1,1709046555
2024-02-22,0x0b25c51637c43decd6cc1c1e3da4518d54ddb528,11493,0xb1c1404739d1917aff22739ae24af27d832a1dc3,2086.695022,2086.695022,2060.68753,1,1,1709096605
2024-02-22,0x0b25c51637c43decd6cc1c1e3da4518d54ddb528,11494,0x3ae691584bd391741c305f9a3e66d89c7bb6b6f7,14.810517,14.810517,14.78351,1,1,1709046793
2024-02-22,0x0b25c51637c43decd6cc1c1e3da4518d54ddb528,11496,0x884c0a25646893b90e967e74fe22e24c950703b0,2196.020213,2196.020213,2168.65831,1,1,1709096519
2024-02-22,0x0b25c51637c43decd6cc1c1e3da4518d54ddb528,11503,0x73d3fe580f4e030aab88688584817a5da1fe7109,206.479111,206.479111,0.0,1,0,1709125099
2024-02-22,0x0b25c51637c43decd6cc1c1e3da4518d54ddb528,11550,0xd58de28a514b8d55a3273d8d80d2599a85322275,98.6116,98.6116,0.0,1,0,1709052869
2024-02-22,0x0b25c51637c43decd6cc1c1e3da4518d54ddb528,11635,0x4a64dfb5a749ccc87f61eb7dbcba9d9dfdc42545,3893.00173,3893.00173,3667.85769,1,1,1708702845
2024-02-22,0x0b25c51637c43decd6cc1c1e3da4518d54ddb528,11963,0x38332d808ba345953f41c71d38ca1ef79cffa5c5,672.51728,672.51728,843.16377,1,1,1709156067
2024-02-22,0x0b25c51637c43decd6cc1c1e3da4518d54ddb528,11994,0x6cbf5040fa5815fbeff34ead90da7251e96434e4,2.464503,2.464503,1.254181,1,1,1708753933
2024-02-22,0x0b25c51637c43decd6cc1c1e3da4518d54ddb528,12007,0x51a8f42f66dd8adf0cd1a66bd560a94be87808da,54.274129,54.274129,57.959761,1,1,1709043423
2024-02-22,0x0b25c51637c43decd6cc1c1e3da4518d54ddb528,12111,0x2b4a4fe93639c70aae55adf5e63f3cbf10956292,1723.142253,1723.142253,0.0,1,0,1709128693
2024-02-22,0x0b25c51637c43decd6cc1c1e3da4518d54ddb528,12112,0x52dcc21458b8e79d6fd3a7de51d322a602397bbe,57674.722576,57674.722576,0.0,1,0,1709090143
2024-02-22,0x0b25c51637c43decd6cc1c1e3da4518d54ddb528,12130,0x924dcdca42e7fcd0258c5a4a2333aa9d86e79ea4,6794.0,6794.0,0.0,1,0,1709054525
2024-02-22,0x0b25c51637c43decd6cc1c1e3da4518d54ddb528,12189,0xbcc66b1bdff6f7fc11941a6cfdbaea417df461b8,10407.399215,10407.399215,0.0,1,0,1709149789
2024-02-22,0x0b25c51637c43decd6cc1c1e3da4518d54ddb528,12226,0x2fcfcf3d30851533d4c13b35646a73b2d4c5b990,1.725544,1.725544,0.0,1,0,1708762027
2024-02-22,0x0b25c51637c43decd6cc1c1e3da4518d54ddb528,12348,0x1f2d8e46977818203fc53e4fa7a55c8735ec4d23,2495.392389,2495.392389,0.0,1,0,1709051689
2024-02-22,0x0b25c51637c43decd6cc1c1e3da4518d54ddb528,12349,0x1b52a70616ee7ed4ea070d19fd18a60e467a5276,2495.388425,2495.388425,0.0,1,0,1709051889
2024-02-22,0x0b25c51637c43decd6cc1c1e3da4518d54ddb528,12351,0x5a73331e614186a08439526b6d0535c63a987d6e,2495.384541,2495.384541,0.0,1,0,1709052085
2024-02-22,0x0b25c51637c43decd6cc1c1e3da4518d54ddb528,12352,0xa698566dda5ae9e2a1ac7efad83c1b1fd0216a50,2500.0,2500.0,0.0,1,0,1709054141
2024-02-22,0x0b25c51637c43decd6cc1c1e3da4518d54ddb528,12353,0x3d2eecc8aea5f1b5e462358c183125d9490bffb4,2495.338205,2495.338205,0.0,1,0,1709054423
2024-02-22,0x0b25c51637c43decd6cc1c1e3da4518d54ddb528,12356,0x3b3f04deb78e8d12929af043b12b605e552eeace,50.163332,50.163332,0.0,1,0,1709055363
2024-02-22,0x0b25c51637c43decd6cc1c1e3da4518d54ddb528,12358,0x32d29991a1d9cf4b3cfd72120a47492cc994f1fc,2495.281801,2495.281801,0.0,1,0,1709057269
2024-02-22,0x0b25c51637c43decd6cc1c1e3da4518d54ddb528,12359,0x61503d36eb845023651d93650f4bafa9b678fc38,2495.277758,2495.277758,0.0,1,0,1709057473
2024-02-22,0x0b25c51637c43decd6cc1c1e3da4518d54ddb528,12360,0xa5fa56f3d9519271831875437fff64156e25126d,2495.272803,2495.272803,0.0,1,0,1709057723
2024-02-22,0x0b25c51637c43decd6cc1c1e3da4518d54ddb528,12362,0xccbd7d7dce2a4a6843766b789bdc24b762e1e984,30.441636,30.441636,0.0,1,0,1709060585
2024-02-22,0x0b25c51637c43decd6cc1c1e3da4518d54ddb528,12363,0x77bb5f180a06ee3fe0a588a6d4bb9cc960804ac9,5.463102,5.463102,0.0,1,0,1709060669
2024-02-22,0x0b25c51637c43decd6cc1c1e3da4518d54ddb528,12367,0xe3d293582c5553d681ac953b4b0bf63a1f987464,19.050515,19.050515,0.0,1,0,1709062497
2024-02-22,0x0b25c51637c43decd6cc1c1e3da4518d54ddb528,12368,0xa904a0f8b4f0292785ad610dae1084a916142a77,7488.024941,7488.024941,0.0,1,0,1709064411
2024-02-22,0x0b25c51637c43decd6cc1c1e3da4518d54ddb528,12369,0x20efb8e9cb62cfc0d58ac62464b7a5353b22600f,37.255471,37.255471,0.0,1,0,1709065313
2024-02-22,0x0b25c51637c43decd6cc1c1e3da4518d54ddb528,12373,0x67538b6d12c4755cf45c4681c02ead08f9bd6ed3,1.245274,1.245274,0.0,1,0,1709077755
2024-02-22,0x0b25c51637c43decd6cc1c1e3da4518d54ddb528,12375,0xaa6c0dc7e247897d3e9130d39ace21e25386a884,1.027227,1.027227,0.0,1,0,1709078615
2024-02-22,0x0b25c51637c43decd6cc1c1e3da4518d54ddb528,12378,0x1fe32eab2c750c58c1af19d1e237f109ec27acaf,53.715716,53.715716,0.0,1,0,1709101175
2024-02-22,0x0b25c51637c43decd6cc1c1e3da4518d54ddb528,12388,0x0379ed895f8b2db1ba771ecddee2839e1539fe18,2.493995,2.493995,0.0,1,0,1709122173
2024-02-22,0x0b25c51637c43decd6cc1c1e3da4518d54ddb528,12390,0x570ccecda25fe07aac549e87a025d1aa047f6b09,2481.966304,2481.966304,0.0,1,0,1709124337
2024-02-22,0x0b25c51637c43decd6cc1c1e3da4518d54ddb528,12392,0xa7c1f75209c5cf1e0668f2186814a1108f7ec9b2,2404.996379,2404.996379,0.0,1,0,1709124843
2024-02-22,0x0b25c51637c43decd6cc1c1e3da4518d54ddb528,12394,0xf225159d7eee3b9b31589206d1ae27bbc8268238,2505.496061,2505.496061,0.0,1,0,1709127587
2024-02-22,0x0b25c51637c43decd6cc1c1e3da4518d54ddb528,12395,0xd86c4483318b1e1e8fdc848027bbf3b4e56b1ef3,2562.853087,2562.853087,0.0,1,0,1709128591
2024-02-22,0x0b25c51637c43decd6cc1c1e3da4518d54ddb528,12397,0x35fb78bfb4452e7fa0ef231d2ec5268b463e4f62,161.609383,161.609383,0.0,1,0,1709131405
2024-02-22,0x1307f36bc34081401497a873522570aeba4cde90,47,0x011b0a055e02425461a1ae95b30f483c4ff05be7,0.0,0.0,194699.11905,0,1,1709155381
2024-02-22,0x1307f36bc34081401497a873522570aeba4cde90,56,0x48a5a6a01ba89cddf97d2d552923d5a11401ed19,0.0,0.0,101271.415239,0,1,1709161045
2024-02-22,0x1307f36bc34081401497a873522570aeba4cde90,114,0x611b0c1ed942b833c786c53883a4aa37a25602a6,0.0,0.0,71373.736148,0,1,1709131963
2024-02-22,0x1307f36bc34081401497a873522570aeba4cde90,247,0xc40ebdc95e9fae4ada1a2c5093d0599afe0256bd,0.0,0.0,113995.397292,0,1,1709156619
2024-02-22,0x1307f36bc34081401497a873522570aeba4cde90,475,0xda1d9534bef3344fa5be3b644b767b349e7415c7,0.0,0.0,16336.504869,0,1,1709158869
2024-02-22,0x1307f36bc34081401497a873522570aeba4cde90,1006,0x806388e04b7583a0148451a8ecd29a748b8fd584,0.0,0.0,3799.660925,0,1,1708994071
2024-02-22,0x1307f36bc34081401497a873522570aeba4cde90,2080,0x868cbfd33ec93b451c510125e4d9f1ab1e42fcd2,0.0,0.0,4096.836316,0,1,1709134079
2024-02-22,0x1307f36bc34081401497a873522570aeba4cde90,2481,0x91544e0d0ee6361152f06891b52e778b3614d253,1667.747339,3335.494679,1667.747339,2,1,1709028157
2024-02-22,0x1307f36bc34081401497a873522570aeba4cde90,3032,0x29964b7c46144d79457473661f99f725d4fdf0e3,0.0,0.0,1455.124907,0,1,1709038445
2024-02-22,0x1307f36bc34081401497a873522570aeba4cde90,4011,0x6322872f335dde0d4b44537f69fbae74bbed39de,0.0,0.0,82.260276,0,1,1708754505
2024-02-22,0x1307f36bc34081401497a873522570aeba4cde90,8356,0x166c794d890dd91bbe71f304eca660e1c4892cbb,0.0,0.0,130477.872483,0,1,1709159361
2024-02-22,0x1307f36bc34081401497a873522570aeba4cde90,10294,0x48a6a8d403a58eccc70d4d57347f801d4e182564,0.0,0.0,1002772.092618,0,1,1709146349
2024-02-22,0x1307f36bc34081401497a873522570aeba4cde90,10295,0xc875b3dae5b0c371bc8cf9ded64868b78ac47587,0.0,0.0,891897.127401,0,1,1709162281
2024-02-22,0x1307f36bc34081401497a873522570aeba4cde90,10296,0x03c70563e94de5de56c11a0cc4ce3482f592854f,0.0,0.0,2329618.400981,0,1,1709162329
2024-02-22,0x1307f36bc34081401497a873522570aeba4cde90,10298,0xc9814f18a8751214f719de15c54d01b3d78ef14f,0.0,107913162.103875,108697422.773382,133,134,1709162249
2024-02-22,0x1307f36bc34081401497a873522570aeba4cde90,11225,0xc40ebdc95e9fae4ada1a2c5093d0599afe0256bd,0.0,0.0,944.761469,0,1,1709156591
2024-02-22,0x1a9f461a371559f82976fa18c46a6a0d29f131d0,47,0x011b0a055e02425461a1ae95b30f483c4ff05be7,0.0,0.0,243872.275396,0,1,1709155381
2024-02-22,0x1a9f461a371559f82976fa18c46a6a0d29f131d0,52,0x28878aec6b4209d90a40890183e3322f0ae5b2e2,0.0,0.0,275194.174672,0,1,1709154645
2024-02-22,0x1a9f461a371559f82976fa18c46a6a0d29f131d0,64,0xf1010ee787ee588766b441d7cc397b40ddfb17a3,0.0,0.0,297917.468038,0,1,1709150449
2024-02-22,0x1a9f461a371559f82976fa18c46a6a0d29f131d0,103,0x1c2ed7a6c4e3c1146103fa222181115a72243a06,55888.905427,55888.905427,55786.988668,1,1,1709160853
2024-02-22,0x1a9f461a371559f82976fa18c46a6a0d29f131d0,147,0xe3f0254b09aec48ffa46f9eee5a3bc7a8e510e6d,0.0,0.0,84995.911297,0,1,1709148429
2024-02-22,0x1a9f461a371559f82976fa18c46a6a0d29f131d0,151,0x5275817b74021e97c980e95ede6bbac0d0d6f3a2,0.0,0.0,133854.663511,0,1,1709065975
2024-02-22,0x1a9f461a371559f82976fa18c46a6a0d29f131d0,189,0x549200c7cc0a789163db1bb80c4c4350afb897db,0.0,0.0,217337.786552,0,1,1708991179
2024-02-22,0x1a9f461a371559f82976fa18c46a6a0d29f131d0,202,0x6f09e3fd9caf2a8b3c7e9fccd2423b17b9d8e383,0.0,0.0,200520.638261,0,1,1709160895
2024-02-22,0x1a9f461a371559f82976fa18c46a6a0d29f131d0,266,0x06b7d6d629e0913dd6e08eaeab07f7712e800f1e,174327.913601,174327.913601,173698.583097,1,1,1709160837
2024-02-22,0x1a9f461a371559f82976fa18c46a6a0d29f131d0,275,0xa810ffea2709c116ef180d090c142fc5e08586a7,32615.749835,32615.749835,48834.4096,1,1,1709152385
2024-02-22,0x1a9f461a371559f82976fa18c46a6a0d29f131d0,282,0xd96d96a973d920015e130701714f10804156aea7,0.0,0.0,60460.730238,0,1,1709160307
2024-02-22,0x1a9f461a371559f82976fa18c46a6a0d29f131d0,308,0xbf891e7efcc98a8239385d3172ba10ad593c7886,0.0,0.0,52827.478092,0,1,1709098441
2024-02-22,0x1a9f461a371559f82976fa18c46a6a0d29f131d0,455,0xed96bc0fd61b87f3b7f6478e55db024e75972fac,0.0,0.0,49874.098968,0,1,1709102391
2024-02-22,0x1a9f461a371559f82976fa18c46a6a0d29f131d0,536,0xf6ed81d5e9f61dd1ea21e96ae1d660ecc388ae4f,8285.039482,8285.039482,8247.371854,1,1,1709150303
2024-02-22,0x1a9f461a371559f82976fa18c46a6a0d29f131d0,621,0x6b73f2b5ddf22a3e190893bbd83e2f0a882a7dac,0.0,0.0,35056.904571,0,1,1709119691
2024-02-22,0x1a9f461a371559f82976fa18c46a6a0d29f131d0,649,0x3838433f63f4d4a24260f2485aacf5894ba7bc93,0.0,0.0,8066.434587,0,1,1709161143
2024-02-22,0x1a9f461a371559f82976fa18c46a6a0d29f131d0,708,0x166c794d890dd91bbe71f304eca660e1c4892cbb,65485.957063,65485.957063,0.0,1,0,1709159379
2024-02-22,0x1a9f461a371559f82976fa18c46a6a0d29f131d0,715,0x13108ab5c6eb7efdcd7ba6f8cc55d265eae6176f,0.0,0.0,26979.219955,0,1,1709136715
2024-02-22,0x1a9f461a371559f82976fa18c46a6a0d29f131d0,732,0x4d28d9893821cd060639ee99642978cbc1f8d52f,0.0,0.0,78538.825189,0,1,1708849143
2024-02-22,0x1a9f461a371559f82976fa18c46a6a0d29f131d0,748,0x5805641e589cf538004a0ccfc31a57ac1ba2cb02,25319.588191,25319.588191,0.0,1,0,1709161193
2024-02-22,0x1a9f461a371559f82976fa18c46a6a0d29f131d0,768,0x6ad0e9ea8d43213dbaaf18ec11d02c75b4f9322d,0.0,0.0,25216.154988,0,1,1709114851
2024-02-22,0x1a9f461a371559f82976fa18c46a6a0d29f131d0,862,0x4da3e35a2eda1b636db298ffe504e157c6b9e40b,0.0,0.0,20613.763601,0,1,1709156151
2024-02-22,0x1a9f461a371559f82976fa18c46a6a0d29f131d0,1025,0xb8c511dc5d5ab1fc51fa7a4b521f0f3da0746c28,0.0,0.0,29562.251466,0,1,1709136123
2024-02-22,0x1a9f461a371559f82976fa18c46a6a0d29f131d0,1056,0xeb4576fe753dab07635c0bb6c8f0a355e1db5d31,0.0,0.0,7355.734008,0,1,1709159333
2024-02-22,0x1a9f461a371559f82976fa18c46a6a0d29f131d0,1188,0x3df6fedbf3ed9e580cbf573d712b5cbb725bb2a7,0.0,0.0,11338.393103,0,1,1709146805
2024-02-22,0x1a9f461a371559f82976fa18c46a6a0d29f131d0,1193,0x1ed39934aec99f0a203af206b9ef3c81b57a76ea,0.0,0.0,11331.283726,0,1,1709120003
2024-02-22,0x1a9f461a371559f82976fa18c46a6a0d29f131d0,1218,0x86e21992a439fe4f1149969f3fbf1d80897b8766,12652.491031,12652.491031,12543.575815,1,1,1709134199
2024-02-22,0x1a9f461a371559f82976fa18c46a6a0d29f131d0,1491,0xd608fb109124da6d3e8eca45d789ecaf8641ea77,3744.571733,3744.571733,3744.571733,1,1,1709131439
2024-02-22,0x1a9f461a371559f82976fa18c46a6a0d29f131d0,1522,0x0f50eb3bb26cafb1303bc552137300e6d6b722c8,7259.297254,7259.297254,7111.17596,1,1,1709134149
2024-02-22,0x1a9f461a371559f82976fa18c46a6a0d29f131d0,1533,0x0ea983f21f58f0e1a29ed653bcfc8afac4fec2a4,0.0,0.0,14355.438208,0,1,1709150009
2024-02-22,0x1a9f461a371559f82976fa18c46a6a0d29f131d0,1534,0xaf0b68a684e2b7961a0b6078e36f43d6e990e54b,0.0,0.0,13694.833902,0,1,1709152689
2024-02-22,0x1a9f461a371559f82976fa18c46a6a0d29f131d0,1660,0xaa62cf7caaf0c7e50deaa9d5d0b907472f00b258,1579.597044,1579.597044,3153.433108,1,1,1708665405
2024-02-22,0x1a9f461a371559f82976fa18c46a6a0d29f131d0,1665,0xc2359d9bd9c65a34ca2bea9a9e5eeff4dcd78d59,0.0,0.0,148293.103842,0,1,1709156397
2024-02-22,0x1a9f461a371559f82976fa18c46a6a0d29f131d0,1715,0x765ecc4089c216385d6b1d4dc1994ff012e73d39,0.0,0.0,5826.587946,0,1,1709103823
2024-02-22,0x1a9f461a371559f82976fa18c46a6a0d29f131d0,1840,0x20a75d13cc7e7bde1534252f06a4578de8d70953,4420.377203,4420.377203,4420.377203,1,1,1709160677
2024-02-22,0x1a9f461a371559f82976fa18c46a6a0d29f131d0,2077,0xba91ae8ef39e2027e798f013aebc2ebd98a2af7f,0.0,0.0,4136.769654,0,1,1709102741
2024-02-22,0x1a9f461a371559f82976fa18c46a6a0d29f131d0,2299,0xc4f694f8da796b7b36d9f5ceeacae5722c2d1d6e,0.0,4162.71171,8255.15902,1,2,1709140745
2024-02-22,0x1a9f461a371559f82976fa18c46a6a0d29f131d0,2362,0xbaa9b493bccbe1a900b39870980f41356f85822a,4328.721552,4328.721552,4328.721552,1,1,1709150013
2024-02-22,0x1a9f461a371559f82976fa18c46a6a0d29f131d0,2806,0x9150d0a199882057c5b36fe9d09e9e845f14bc25,0.0,0.0,2601.07481,0,1,1709130369
2024-02-22,0x1a9f461a371559f82976fa18c46a6a0d29f131d0,3772,0x062bcf5e546b235953576763658936f9e9f38327,0.0,0.0,1034.071346,0,1,1709044507
2024-02-22,0x1a9f461a371559f82976fa18c46a6a0d29f131d0,4320,0x6c0cafe6165d1a37659b6f9728de30969c35cbf2,0.0,0.0,572.795469,0,1,1709048141
2024-02-22,0x1a9f461a371559f82976fa18c46a6a0d29f131d0,6250,0x7804c5f4fd50f7c12845e2951e24858b8c270e35,359.168756,359.168756,359.168756,1,1,1709098113
2024-02-22,0x1a9f461a371559f82976fa18c46a6a0d29f131d0,8497,0x6c607fdeb11f83b3d5169014a45f45e035f9ab4a,42741.0348,42741.0348,0.0,1,0,1709159521
2024-02-22,0x1a9f461a371559f82976fa18c46a6a0d29f131d0,9324,0x166c794d890dd91bbe71f304eca660e1c4892cbb,0.0,0.0,50389.863479,0,1,1709159461
2024-02-22,0x1a9f461a371559f82976fa18c46a6a0d29f131d0,9998,0xabfd07cc78910f8875169ae6373d95316f4ca117,0.0,0.0,48941.123002,0,1,1709051985
2024-02-22,0x1a9f461a371559f82976fa18c46a6a0d29f131d0,10294,0x48a6a8d403a58eccc70d4d57347f801d4e182564,7513701.68407,7513701.68407,9526334.879874,1,1,1709146349
2024-02-22,0x1a9f461a371559f82976fa18c46a6a0d29f131d0,10295,0xc875b3dae5b0c371bc8cf9ded64868b78ac47587,456476.689949,456476.689949,334461.422776,1,1,1709162281
2024-02-22,0x1a9f461a371559f82976fa18c46a6a0d29f131d0,10296,0x03c70563e94de5de56c11a0cc4ce3482f592854f,1192308.46681,1192308.46681,873606.900368,1,1,1709162329
2024-02-22,0x1a9f461a371559f82976fa18c46a6a0d29f131d0,10298,0xc9814f18a8751214f719de15c54d01b3d78ef14f,412440.86463,40879876.653583,40761533.540018,134,134,1709162249
2024-02-22,0x1a9f461a371559f82976fa18c46a6a0d29f131d0,11091,0x5b976cdd56fa2bfb74f9c882648b4426d0ae1a3b,0.0,0.0,2000.0,0,1,1709130777
2024-02-22,0x1a9f461a371559f82976fa18c46a6a0d29f131d0,11120,0x0b5897d201d83a9fcbeefc086c100a8eaa5ada9a,17068.9464,17068.9464,0.0,1,0,1709109093
2024-02-22,0x1a9f461a371559f82976fa18c46a6a0d29f131d0,11433,0xbbafc0bc7e6c9bc0ec2c3924c0db2b96a260c8ed,3846.94324,3846.94324,3846.945821,1,1,1709139655
2024-02-22,0x1a9f461a371559f82976fa18c46a6a0d29f131d0,11666,0xbada88073dd58b151afd19a5b5bb6450ffcaa8f8,0.0,0.0,275360.534423,0,1,1709156623
2024-02-22,0x1a9f461a371559f82976fa18c46a6a0d29f131d0,12066,0xf93c25e1f3f6795a645c875b37ad83f3d01e408e,0.0,0.0,7859.488268,0,1,1709122343
2024-02-22,0x1a9f461a371559f82976fa18c46a6a0d29f131d0,12141,0x4f2ab6f8d5c9f434130c04ec189fc93fbe75db09,10746.0,10746.0,0.0,1,0,1708668675
2024-02-22,0x1a9f461a371559f82976fa18c46a6a0d29f131d0,12143,0xbada88073dd58b151afd19a5b5bb6450ffcaa8f8,0.0,0.0,38098.0,0,1,1709156667
2024-02-22,0x1b00a1afe48adb8d8c76b854da22a70011446481,1751,0xe1e2a52a21226ba37f28ba6cdf59f20156798f94,0.0,0.0,5423.579909,0,1,1709023213
2024-02-22,0x1b00a1afe48adb8d8c76b854da22a70011446481,2624,0xfbdd38edc483bf77d7740ff82846caefb7ce94aa,0.0,0.0,3071.866589,0,1,1708897997
2024-02-22,0x1b00a1afe48adb8d8c76b854da22a70011446481,3628,0x69f527687d71773d2c95dd998aa8695b38d2a516,0.0,0.0,1120.587059,0,1,1708996839
2024-02-22,0x1b00a1afe48adb8d8c76b854da22a70011446481,3716,0x4532bbedfef9bde01d7efe665c41866204041733,0.0,0.0,1072.228995,0,1,1709094617
2024-02-22,0x1b00a1afe48adb8d8c76b854da22a70011446481,7121,0x011b0a055e02425461a1ae95b30f483c4ff05be7,0.0,0.0,2851.084945,0,1,1709155407
2024-02-22,0x1b00a1afe48adb8d8c76b854da22a70011446481,7122,0x011b0a055e02425461a1ae95b30f483c4ff05be7,0.0,0.0,391.298858,0,1,1709155433
2024-02-22,0x1b05e4e814b3431a48b8164c41eac834d9ce2da6,47,0x011b0a055e02425461a1ae95b30f483c4ff05be7,0.0,0.0,41199.130993,0,1,1709155381
2024-02-22,0x1b05e4e814b3431a48b8164c41eac834d9ce2da6,56,0x48a5a6a01ba89cddf97d2d552923d5a11401ed19,0.0,0.0,67514.276826,0,1,1709161045
2024-02-22,0x1b05e4e814b3431a48b8164c41eac834d9ce2da6,842,0x58bcf1ac25551dd4eb790f2ef68c1857dcd67d9b,0.0,0.0,5238.990306,0,1,1709159739
2024-02-22,0x1b05e4e814b3431a48b8164c41eac834d9ce2da6,1744,0x49f4d0222c880d4780b636662f5f18f572f2f88a,0.0,0.0,5604.272327,0,1,1709100095
2024-02-22,0x1b05e4e814b3431a48b8164c41eac834d9ce2da6,6167,0x495dc187ebc2398f57ca3fa70c49b5eb6c5271ec,0.0,0.0,352.699929,0,1,1708781255
2024-02-22,0x1b05e4e814b3431a48b8164c41eac834d9ce2da6,9946,0x1151ce76cca782a19f751925ef383ed744533663,0.0,0.0,15867.521358,0,1,1708571595
2024-02-22,0x1b05e4e814b3431a48b8164c41eac834d9ce2da6,10294,0x48a6a8d403a58eccc70d4d57347f801d4e182564,0.0,0.0,501386.046309,0,1,1709146349
2024-02-22,0x1b05e4e814b3431a48b8164c41eac834d9ce2da6,10295,0xc875b3dae5b0c371bc8cf9ded64868b78ac47587,114119.172487,114119.172487,557435.704626,1,1,1709162281
2024-02-22,0x1b05e4e814b3431a48b8164c41eac834d9ce2da6,10296,0x03c70563e94de5de56c11a0cc4ce3482f592854f,298077.116703,298077.116703,1456011.500613,1,1,1709162329
2024-02-22,0x1b05e4e814b3431a48b8164c41eac834d9ce2da6,10298,0xc9814f18a8751214f719de15c54d01b3d78ef14f,103110.216157,67548836.531079,67935889.233364,134,134,1709162249
2024-02-22,0x20000fbfedfd172821821c9c59284129b04ffb2e,9,0x08e18394086cb624b3d47430d115fafa01f4055e,1520740.085693,1520740.085693,0.0,1,0,1708991765
2024-02-22,0x20000fbfedfd172821821c9c59284129b04ffb2e,43,0x2ddb405238368695f34d30a80ab60c449aa5ce48,61849.396813,61849.396813,154064.791512,1,1,1709151115
2024-02-22,0x20000fbfedfd172821821c9c59284129b04ffb2e,47,0x011b0a055e02425461a1ae95b30f483c4ff05be7,660390.357178,660390.357178,97017.308468,1,1,1709155381
2024-02-22,0x20000fbfedfd172821821c9c59284129b04ffb2e,51,0x0f228805c03a693aa964a791e0b2e2c6e6c6513f,883308.202245,883308.202245,587798.291299,1,1,1709156125
2024-02-22,0x20000fbfedfd172821821c9c59284129b04ffb2e,52,0x28878aec6b4209d90a40890183e3322f0ae5b2e2,275696.92449,275696.92449,0.0,1,0,1709154645
2024-02-22,0x20000fbfedfd172821821c9c59284129b04ffb2e,56,0x48a5a6a01ba89cddf97d2d552923d5a11401ed19,0.0,0.0,708899.906674,0,1,1709161045
2024-02-22,0x20000fbfedfd172821821c9c59284129b04ffb2e,57,0x72d4d59f31d0cb4a4213a5dc81fc0108241ecc71,0.0,0.0,873551.454059,0,1,1709137533
2024-02-22,0x20000fbfedfd172821821c9c59284129b04ffb2e,63,0x0172e05392aba65366c4dbbb70d958bbf43304e4,1407861.276485,1407861.276485,1405293.957308,1,1,1709158767
2024-02-22,0x20000fbfedfd172821821c9c59284129b04ffb2e,74,0x9c0d72f2ac26420cb7eeb155bf401b672840e87b,966822.742075,966822.742075,0.0,1,0,1709116029
2024-02-22,0x20000fbfedfd172821821c9c59284129b04ffb2e,86,0x9ebd10b46b43351097cab2d3c03ccf440957a2a9,0.0,0.0,791246.112268,0,1,1708959275
2024-02-22,0x20000fbfedfd172821821c9c59284129b04ffb2e,147,0xe3f0254b09aec48ffa46f9eee5a3bc7a8e510e6d,0.0,0.0,84995.911297,0,1,1709148429
2024-02-22,0x20000fbfedfd172821821c9c59284129b04ffb2e,155,0x8371ec1d9b31899e8a7574f43a7864f395c80d00,174340.024378,174340.024378,0.0,1,0,1709160443
2024-02-22,0x20000fbfedfd172821821c9c59284129b04ffb2e,165,0x54ecb3397b0bf31cb0b81eb2444e2a7b32507d8b,138752.265114,138752.265114,98928.030047,1,1,1709151371
2024-02-22,0x20000fbfedfd172821821c9c59284129b04ffb2e,174,0x83bad39f067ef72e354f2ea9d318eaad381a7f15,27775.204909,27775.204909,13862.277581,1,1,1709131909
2024-02-22,0x20000fbfedfd172821821c9c59284129b04ffb2e,184,0xc2edb9c398e1d632ad81647a26254c33801685df,429133.450797,429133.450797,0.0,1,0,1709000321
2024-02-22,0x20000fbfedfd172821821c9c59284129b04ffb2e,241,0xd639eee81b30d8b34d5d8cbce83f193e2ba298e4,38817.475364,38817.475364,38746.689377,1,1,1709149485
2024-02-22,0x20000fbfedfd172821821c9c59284129b04ffb2e,262,0x32af25467b00aae516505b3331cfec52092ea5ba,135456.839106,135456.839106,135209.825465,1,1,1709160751
2024-02-22,0x20000fbfedfd172821821c9c59284129b04ffb2e,281,0xea04a9fe2cef51b504e7da8cf1b859454ae27030,64780.950207,64780.950207,64201.870383,1,1,1709035589
2024-02-22,0x20000fbfedfd172821821c9c59284129b04ffb2e,319,0xcd763667cd74543bd05c19386347441d3d3f6392,200873.480872,200873.480872,154014.156217,1,1,1708958951
2024-02-22,0x20000fbfedfd172821821c9c59284129b04ffb2e,324,0x8371ec1d9b31899e8a7574f43a7864f395c80d00,0.0,0.0,396163.189317,0,1,1709035245
2024-02-22,0x20000fbfedfd172821821c9c59284129b04ffb2e,341,0xb1d47d39c3bb868e5e4be068b7057d4caad0b31c,81028.707579,81028.707579,40664.243121,1,1,1709160321
2024-02-22,0x20000fbfedfd172821821c9c59284129b04ffb2e,350,0x38332d808ba345953f41c71d38ca1ef79cffa5c5,18028.312037,18028.312037,0.0,1,0,1709155993
2024-02-22,0x20000fbfedfd172821821c9c59284129b04ffb2e,376,0xff53e3a27b7252148e0f1daf4a00261eee59177f,0.0,0.0,36163.91335,0,1,1709157287
2024-02-22,0x20000fbfedfd172821821c9c59284129b04ffb2e,414,0x0eeacd4c475040463389d15ead034d1291b008b1,32596.654979,32596.654979,0.0,1,0,1708978503
2024-02-22,0x20000fbfedfd172821821c9c59284129b04ffb2e,504,0xcfba6d63ec822425775d3c509e60ff689c1ae1e7,11883.55695,11883.55695,0.0,1,0,1709009489
2024-02-22,0x20000fbfedfd172821821c9c59284129b04ffb2e,533,0xa08dd335d33b0bb368a0af757ed59617b3ac8c1c,41650.881579,41650.881579,0.0,1,0,1709019837
2024-02-22,0x20000fbfedfd172821821c9c59284129b04ffb2e,571,0xc2edb9c398e1d632ad81647a26254c33801685df,47262.689015,47262.689015,0.0,1,0,1709000677
2024-02-22,0x20000fbfedfd172821821c9c59284129b04ffb2e,586,0xd83410edf02ee6c9f801fc81fdc89f712f84a81e,38464.625501,38464.625501,0.0,1,0,1709030805
2024-02-22,0x20000fbfedfd172821821c9c59284129b04ffb2e,593,0xd3f179ba57411ad5d2ddb5f334215cdfba134d20,37255.639425,37255.639425,37187.70154,1,1,1709153999
2024-02-22,0x20000fbfedfd172821821c9c59284129b04ffb2e,617,0xa33ca84383bac2efb11b8ce21bc10403ff9cc77a,35783.760661,35783.760661,0.0,1,0,1709018525
2024-02-22,0x20000fbfedfd172821821c9c59284129b04ffb2e,629,0x9c037cb27bfb666474e264cb9ca554720bb1f102,34438.247481,34438.247481,34375.447278,1,1,1709056767
2024-02-22,0x20000fbfedfd172821821c9c59284129b04ffb2e,674,0xf076823122f106c2b7f21cbaacd1c9db1ce4cf27,12633.238795,12633.238795,0.0,1,0,1709127357
2024-02-22,0x20000fbfedfd172821821c9c59284129b04ffb2e,739,0xdfe7ad3e0cc6fb0798e66c67c72927c49fc42478,29773.344596,29773.344596,0.0,1,0,1709132505
2024-02-22,0x20000fbfedfd172821821c9c59284129b04ffb2e,798,0x6a018ad51de844243ce7fb743c3e5f4481df6858,11183.296057,11183.296057,0.0,1,0,1709036819
2024-02-22,0x20000fbfedfd172821821c9c59284129b04ffb2e,829,0x3055f3cd374cf5b49c5deb05c1cb7389635e41a4,20841.407007,20841.407007,0.0,1,0,1709145717
2024-02-22,0x20000fbfedfd172821821c9c59284129b04ffb2e,879,0x34ff77a853a14579d2120ac08c5e342cee08ad71,4725.931324,4725.931324,0.0,1,0,1709160485
2024-02-22,0x20000fbfedfd172821821c9c59284129b04ffb2e,926,0x256e2248abb150e5cf0860235e153d0b21b02b25,17356.218994,17356.218994,0.0,1,0,1708993609
2024-02-22,0x20000fbfedfd172821821c9c59284129b04ffb2e,960,0x2932c3e41f92a3e4f5f36a81e346397de8620502,16019.660039,16019.660039,0.0,1,0,1708981065
2024-02-22,0x20000fbfedfd172821821c9c59284129b04ffb2e,1019,0x8a0454b05a952c572619935ed46b6d8d0aa97a76,3630.827026,3630.827026,0.0,1,0,1709061081
2024-02-22,0x20000fbfedfd172821821c9c59284129b04ffb2e,1053,0x3216a8a03b07b6b19cbc21d62c8942e625fc3e07,6527.31074,6527.31074,6515.407799,1,1,1709139995
2024-02-22,0x20000fbfedfd172821821c9c59284129b04ffb2e,1089,0x828ef26d34c64a6210ed38b8807805312fc8c9fd,12952.322734,12952.322734,0.0,1,0,1709019543
2024-02-22,0x20000fbfedfd172821821c9c59284129b04ffb2e,1186,0xb413a48088cfb0074f75349c790062920434e321,11479.593876,11479.593876,11459.010891,1,1,1708930901
2024-02-22,0x20000fbfedfd172821821c9c59284129b04ffb2e,1206,0x7d9a78f607706b8f5ce26fba6c9eacabf8937df0,2162.442687,2162.442687,0.0,1,0,1709002849
2024-02-22,0x20000fbfedfd172821821c9c59284129b04ffb2e,1221,0x564b3a3cf630d7b3b35ae78e47feb074bce2b06e,9856.646419,9856.646419,0.0,1,0,1708977259
2024-02-22,0x20000fbfedfd172821821c9c59284129b04ffb2e,1364,0xc62f2483eed109d42c78147ea618d858578103d8,10372.945651,20276.621179,19780.834735,2,2,1709151455
2024-02-22,0x20000fbfedfd172821821c9c59284129b04ffb2e,1377,0xa4a2ffe1538f429e8d5a21adab35085f680b1a4a,5006.574573,5006.574573,0.0,1,0,1709016031
2024-02-22,0x20000fbfedfd172821821c9c59284129b04ffb2e,1391,0xf9b7850ee758ca9878a052aeed04f24a50531ea1,43213.629181,43213.629181,43134.826546,1,1,1709158305
2024-02-22,0x20000fbfedfd172821821c9c59284129b04ffb2e,1713,0xf447b405fc7b41ddfef3cf66ec790eabd6b26a47,5932.856346,5932.856346,5901.139195,1,1,1708576503
2024-02-22,0x20000fbfedfd172821821c9c59284129b04ffb2e,1766,0xd9105bfe2f1448acad670d102263389f7e2a8e0b,1087.380462,1087.380462,0.0,1,0,1709155843
2024-02-22,0x20000fbfedfd172821821c9c59284129b04ffb2e,1942,0xbc8819c1821bc52b5d30d2dd52f0cb6110510005,4533.581955,4533.581955,0.0,1,0,1709063491
2024-02-22,0x20000fbfedfd172821821c9c59284129b04ffb2e,2039,0x6b8b01df86bfaaf79dda038009fc5597425ad0cf,0.0,0.0,4210.230385,0,1,1709159801
2024-02-22,0x20000fbfedfd172821821c9c59284129b04ffb2e,2102,0x4b8b235c511f0c830264c7761520b1f9ad441716,0.0,0.0,4288.754057,0,1,1709006119
2024-02-22,0x20000fbfedfd172821821c9c59284129b04ffb2e,2191,0x92d0996e3f19d4b4a56754043f79e174c30be515,3800.011692,3800.011692,0.0,1,0,1708998455
2024-02-22,0x20000fbfedfd172821821c9c59284129b04ffb2e,2264,0x4232cc095d14c6a804a8235f3b48d9d66b732b0d,3696.385293,3696.385293,3649.717126,1,1,1708739361
2024-02-22,0x20000fbfedfd172821821c9c59284129b04ffb2e,2265,0x1793f0479842af9d573f952ec0b8293135d6411f,3612.100977,3612.100977,0.0,1,0,1709120647
2024-02-22,0x20000fbfedfd172821821c9c59284129b04ffb2e,2398,0xa0d09dd6130596c3fadb66ac6d94ed982510cdef,0.0,0.0,5106.631627,0,1,1708878445
2024-02-22,0x20000fbfedfd172821821c9c59284129b04ffb2e,2510,0x2afeb9ac4196037c575b45ada553b70ec80d40df,10080.400692,10080.400692,0.0,1,0,1709002561
2024-02-22,0x20000fbfedfd172821821c9c59284129b04ffb2e,2525,0x8170f9304373dc5eb1cb91cd1edf878769c69b3c,3267.089646,3267.089646,0.0,1,0,1709076867
2024-02-22,0x20000fbfedfd172821821c9c59284129b04ffb2e,2611,0xf790bb9a7221c9a3e9983f3a6c23f6048002a529,3073.750704,3073.750704,3073.750704,1,1,1709136273
2024-02-22,0x20000fbfedfd172821821c9c59284129b04ffb2e,2840,0x304856144a8cc390cd59c76f7df2dcd8174ba549,2388.140564,2388.140564,2379.697732,1,1,1709006887
2024-02-22,0x20000fbfedfd172821821c9c59284129b04ffb2e,2861,0x168fef2fd1af371625b2593468620185cea904ff,2027.378115,2027.378115,0.0,1,0,1709010049
2024-02-22,0x20000fbfedfd172821821c9c59284129b04ffb2e,3032,0x29964b7c46144d79457473661f99f725d4fdf0e3,727.562453,727.562453,0.0,1,0,1709038445
2024-02-22,0x20000fbfedfd172821821c9c59284129b04ffb2e,3416,0x0737467164f8bb1ef64f006612edb6035aea6efb,353.061837,353.061837,0.0,1,0,1709039013
2024-02-22,0x20000fbfedfd172821821c9c59284129b04ffb2e,3499,0x62661b101ca48734668669a9f1cb83c4889049f3,1326.190775,1326.190775,0.0,1,0,1708992329
2024-02-22,0x20000fbfedfd172821821c9c59284129b04ffb2e,3573,0x99516070483b24f6e560acc2f694b5f2e44fb8de,1195.487816,1195.487816,0.0,1,0,1709122165
2024-02-22,0x20000fbfedfd172821821c9c59284129b04ffb2e,3628,0x69f527687d71773d2c95dd998aa8695b38d2a516,1120.587059,1120.587059,0.0,1,0,1708996839
2024-02-22,0x20000fbfedfd172821821c9c59284129b04ffb2e,3756,0x160cf6551ee3d910f673af762d5a2f1bd4855be1,278.072513,278.072513,1100.982397,1,1,1709107157
2024-02-22,0x20000fbfedfd172821821c9c59284129b04ffb2e,3839,0xadffc760edf4f6146dce89022b5ae7ebb7edd2b9,960.177832,960.177832,960.177832,1,1,1708594715
2024-02-22,0x20000fbfedfd172821821c9c59284129b04ffb2e,4193,0xb2ee21d215bda783c82dcf95d48c8984f5198bf3,694.33728,694.33728,694.33728,1,1,1709136603
2024-02-22,0x20000fbfedfd172821821c9c59284129b04ffb2e,4327,0x4e342f8988fd2668059b3fdf4729f01c1a2d6972,616.985396,616.985396,0.0,1,0,1709120883
2024-02-22,0x20000fbfedfd172821821c9c59284129b04ffb2e,4334,0x060f966545bcdfd968a2a00a7ee9306c7bc4cd70,628.854575,628.854575,0.0,1,0,1708992837
2024-02-22,0x20000fbfedfd172821821c9c59284129b04ffb2e,4344,0x23df87ead1b7219f59a8f9172e5537ce7fdc0d84,152.230832,152.230832,0.0,1,0,1709103495
2024-02-22,0x20000fbfedfd172821821c9c59284129b04ffb2e,4543,0x34881750ae416787303f780dc692d118d3962a61,518.458847,518.458847,0.0,1,0,1709061735
2024-02-22,0x20000fbfedfd172821821c9c59284129b04ffb2e,5062,0xe8d8b73ccc85ded891ad41893ebbb0d684350e04,400.859495,400.859495,0.0,1,0,1708986105
2024-02-22,0x20000fbfedfd172821821c9c59284129b04ffb2e,5337,0x61f8c99f4acde25dac0c591f5e6b4b635ab2f7c5,194.310258,194.310258,0.0,1,0,1709037341
2024-02-22,0x20000fbfedfd172821821c9c59284129b04ffb2e,5587,0x1b49144f6e4c41ee7ed030cf93b185cbbbbc7f0e,0.0,0.0,1250.367856,0,1,1708617059
2024-02-22,0x20000fbfedfd172821821c9c59284129b04ffb2e,6409,0xe9f3013f9dc7e7de64d712886e04d419c74399b4,348.088205,348.088205,0.0,1,0,1708613543
2024-02-22,0x20000fbfedfd172821821c9c59284129b04ffb2e,6567,0x31067fb2d970d5ca66bb5c891af66239915f365a,118.359435,118.359435,0.0,1,0,1708978957
2024-02-22,0x20000fbfedfd172821821c9c59284129b04ffb2e,7121,0x011b0a055e02425461a1ae95b30f483c4ff05be7,89628.522289,89628.522289,0.0,1,0,1709155407
2024-02-22,0x20000fbfedfd172821821c9c59284129b04ffb2e,7205,0x72d320a6f03249bd60fb3f1a0ca95daecbd9ca61,151.303177,151.303177,0.0,1,0,1708780321
2024-02-22,0x20000fbfedfd172821821c9c59284129b04ffb2e,8596,0x168fef2fd1af371625b2593468620185cea904ff,101.149366,101.149366,0.0,1,0,1709020487
2024-02-22,0x20000fbfedfd172821821c9c59284129b04ffb2e,8748,0x31b22fb973e179b33622455dcc702058f5d8c92f,113.119383,113.119383,0.0,1,0,1709004379
2024-02-22,0x20000fbfedfd172821821c9c59284129b04ffb2e,9045,0xf7c0d5e897666ce6590a749ff1bd9edaf7eab2a5,1078.665673,1078.665673,0.0,1,0,1709052833
2024-02-22,0x20000fbfedfd172821821c9c59284129b04ffb2e,9374,0x6a2064a87f83aee30a9331c680763ed7d473ae23,112778.28168,112778.28168,0.0,1,0,1709107011
2024-02-22,0x20000fbfedfd172821821c9c59284129b04ffb2e,9643,0x72d320a6f03249bd60fb3f1a0ca95daecbd9ca61,93.400741,93.400741,0.0,1,0,1708780367
2024-02-22,0x20000fbfedfd172821821c9c59284129b04ffb2e,9670,0x137d0a214c0a24962fd0ad046994d4ac385e6800,0.0,0.0,1795.845869,0,1,1708766085
2024-02-22,0x20000fbfedfd172821821c9c59284129b04ffb2e,9860,0x168fef2fd1af371625b2593468620185cea904ff,295.763703,295.763703,0.0,1,0,1709020483
2024-02-22,0x20000fbfedfd172821821c9c59284129b04ffb2e,9959,0x2a23d0650db1c536e71aeb63ecd3daa0b52e66e1,63918.111719,63918.111719,0.0,1,0,1709121557
2024-02-22,0x20000fbfedfd172821821c9c59284129b04ffb2e,9992,0x0172e05392aba65366c4dbbb70d958bbf43304e4,22812.624016,22812.624016,22771.023832,1,1,1709158781
2024-02-22,0x20000fbfedfd172821821c9c59284129b04ffb2e,10289,0xb413a48088cfb0074f75349c790062920434e321,145926.310437,145926.310437,146001.855714,1,1,1708930915
2024-02-22,0x20000fbfedfd172821821c9c59284129b04ffb2e,10294,0x48a6a8d403a58eccc70d4d57347f801d4e182564,7012788.238465,7012788.238465,4011088.370473,1,1,1709146349
2024-02-22,0x20000fbfedfd172821821c9c59284129b04ffb2e,10295,0xc875b3dae5b0c371bc8cf9ded64868b78ac47587,684715.034923,684715.034923,111487.140925,1,1,1709162281
2024-02-22,0x20000fbfedfd172821821c9c59284129b04ffb2e,10296,0x03c70563e94de5de56c11a0cc4ce3482f592854f,1788462.700215,1788462.700215,291202.300123,1,1,1709162329
2024-02-22,0x20000fbfedfd172821821c9c59284129b04ffb2e,10298,0xc9814f18a8751214f719de15c54d01b3d78ef14f,618661.296945,14107806.559929,13587177.846673,134,134,1709162249
2024-02-22,0x20000fbfedfd172821821c9c59284129b04ffb2e,10630,0xdaaffba0ab113acbee5c65ecdcccdc60aaf7d110,2886.013283,2886.013283,0.0,1,0,1709133925
2024-02-22,0x20000fbfedfd172821821c9c59284129b04ffb2e,10775,0x30f125a74a4bd2aa8db5de1521b58b1164de1e89,694.062473,1416.806357,722.743884,2,1,1708968547
2024-02-22,0x20000fbfedfd172821821c9c59284129b04ffb2e,10809,0x6634a2866c1a1a1c3570353ded9ab63333acb2b8,346.159181,346.159181,0.0,1,0,1709108223
2024-02-22,0x20000fbfedfd172821821c9c59284129b04ffb2e,10836,0xe742c794bfe6393b9cb5643058d9810ef488e1ac,61853.015634,61853.015634,63233.786057,1,1,1709132353
2024-02-22,0x20000fbfedfd172821821c9c59284129b04ffb2e,10872,0xeab3e731b301144d2431e364731626e71c87f43c,0.0,0.0,270666.905412,0,1,1708925119
2024-02-22,0x20000fbfedfd172821821c9c59284129b04ffb2e,10995,0x6634a2866c1a1a1c3570353ded9ab63333acb2b8,4771.167393,4771.167393,0.0,1,0,1709108179
2024-02-22,0x20000fbfedfd172821821c9c59284129b04ffb2e,11004,0xdaaffba0ab113acbee5c65ecdcccdc60aaf7d110,453.596461,453.596461,0.0,1,0,1709133931
2024-02-22,0x20000fbfedfd172821821c9c59284129b04ffb2e,11005,0x1b41643bc6d347c864c1337ae852c96495459f6c,0.0,0.0,145.979771,0,1,1709135493
2024-02-22,0x20000fbfedfd172821821c9c59284129b04ffb2e,11010,0xcebb1a92d2356c71e4fba16059e241f02f270e68,0.0,0.0,13119.72904,0,1,1708766441
2024-02-22,0x20000fbfedfd172821821c9c59284129b04ffb2e,11022,0xea6d4b6962d9c19c62dd391bbf4c5e7a3ac0632a,1107.847117,1107.847117,0.0,1,0,1709134589
2024-02-22,0x20000fbfedfd172821821c9c59284129b04ffb2e,11051,0xdaaffba0ab113acbee5c65ecdcccdc60aaf7d110,1480.800088,1480.800088,0.0,1,0,1709133937
2024-02-22,0x20000fbfedfd172821821c9c59284129b04ffb2e,11090,0xea6d4b6962d9c19c62dd391bbf4c5e7a3ac0632a,1274.869297,1274.869297,0.0,1,0,1709134605
2024-02-22,0x20000fbfedfd172821821c9c59284129b04ffb2e,11104,0xc2edb9c398e1d632ad81647a26254c33801685df,10329.608937,10329.608937,0.0,1,0,1709000685
2024-02-22,0x20000fbfedfd172821821c9c59284129b04ffb2e,11120,0x0b5897d201d83a9fcbeefc086c100a8eaa5ada9a,17068.9464,17068.9464,0.0,1,0,1709109093
2024-02-22,0x20000fbfedfd172821821c9c59284129b04ffb2e,11264,0x137d0a214c0a24962fd0ad046994d4ac385e6800,0.0,0.0,2923.920287,0,1,1708765907
2024-02-22,0x20000fbfedfd172821821c9c59284129b04ffb2e,11274,0x9844c3688daaa98de18fbe52499a6b152236896b,0.0,0.0,176098.263029,0,1,1709073295
2024-02-22,0x20000fbfedfd172821821c9c59284129b04ffb2e,11278,0x5d4f22f6d43828eda31f8b4c73d9567c173a3fff,0.0,0.0,100434.985433,0,1,1708654141
2024-02-22,0x20000fbfedfd172821821c9c59284129b04ffb2e,11370,0xeab3e731b301144d2431e364731626e71c87f43c,0.0,0.0,47933.098471,0,1,1708925131
2024-02-22,0x20000fbfedfd172821821c9c59284129b04ffb2e,11395,0x1b41643bc6d347c864c1337ae852c96495459f6c,0.0,0.0,369.476526,0,1,1709135505
2024-02-22,0x20000fbfedfd172821821c9c59284129b04ffb2e,11433,0xbbafc0bc7e6c9bc0ec2c3924c0db2b96a260c8ed,1113.350779,1113.350779,0.0,1,0,1709139655
2024-02-22,0x20000fbfedfd172821821c9c59284129b04ffb2e,11736,0x2b06b99b35e2cc63d51ccb560f712c1dd9c96a82,1267.054128,2527.775779,1260.72165,2,1,1709111563
2024-02-22,0x20000fbfedfd172821821c9c59284129b04ffb2e,11743,0x07494efb9fc623b74b31714192826c70eba7423f,39.486423,39.486423,39.622606,1,1,1708624415
2024-02-22,0x20000fbfedfd172821821c9c59284129b04ffb2e,11782,0xab2dcf4a68fc91d099fee8818141fc748da5381d,22602.524801,22602.524801,22696.719334,1,1,1708854205
2024-02-22,0x20000fbfedfd172821821c9c59284129b04ffb2e,11806,0x377f92a00462b7ff48edc234f136e8bafb0a03bc,289.924623,289.924623,0.0,1,0,1708919575
2024-02-22,0x20000fbfedfd172821821c9c59284129b04ffb2e,11895,0x2c80b4c8ec66b5dcde635cfa593acc18dd50015a,0.0,0.0,142.5,0,1,1709135145
2024-02-22,0x20000fbfedfd172821821c9c59284129b04ffb2e,11896,0x2c80b4c8ec66b5dcde635cfa593acc18dd50015a,0.0,0.0,73.40955,0,1,1709135163
2024-02-22,0x20000fbfedfd172821821c9c59284129b04ffb2e,11963,0x38332d808ba345953f41c71d38ca1ef79cffa5c5,672.51728,672.51728,0.0,1,0,1709156067
2024-02-22,0x20000fbfedfd172821821c9c59284129b04ffb2e,11982,0x1b41643bc6d347c864c1337ae852c96495459f6c,0.0,0.0,90.0,0,1,1709135519
2024-02-22,0x20000fbfedfd172821821c9c59284129b04ffb2e,12063,0x74eef0f2ecb2fd33928cfe8b229adfe899827ef5,80887.997581,80887.997581,0.0,1,0,1709036205
2024-02-22,0x20000fbfedfd172821821c9c59284129b04ffb2e,12066,0xf93c25e1f3f6795a645c875b37ad83f3d01e408e,15747.693397,15747.693397,7859.488268,1,1,1709122343
2024-02-22,0x20000fbfedfd172821821c9c59284129b04ffb2e,12070,0xab2dcf4a68fc91d099fee8818141fc748da5381d,26076.055738,26076.055738,26076.055738,1,1,1708854233
2024-02-22,0x20000fbfedfd172821821c9c59284129b04ffb2e,12135,0xb413a48088cfb0074f75349c790062920434e321,13244.0,13244.0,0.0,1,0,1708930929
2024-02-22,0x20000fbfedfd172821821c9c59284129b04ffb2e,12221,0x525ef496ac790dc37829f2d6d9d026ca8aca00e4,2.827612,2.827612,0.0,1,0,1708760551
2024-02-22,0x20000fbfedfd172821821c9c59284129b04ffb2e,12224,0x40e5383a4439f9e896e090f18de98b399467d128,1.896366,1.896366,0.0,1,0,1708761229
2024-02-22,0x20000fbfedfd172821821c9c59284129b04ffb2e,12226,0x2fcfcf3d30851533d4c13b35646a73b2d4c5b990,1.725544,1.725544,0.0,1,0,1708762027
2024-02-22,0x20000fbfedfd172821821c9c59284129b04ffb2e,12283,0x6e307c83560f51c63b53f79dce4c3122b748e4f6,1.835164,1.835164,0.0,1,0,1708894643
2024-02-22,0x20000fbfedfd172821821c9c59284129b04ffb2e,12304,0xf56e55e35d2cca5a34f5ba568454974424aea0f4,9.986723,9.986723,0.0,1,0,1708986683
2024-02-22,0x20000fbfedfd172821821c9c59284129b04ffb2e,12305,0xeba36bdf4cd7eac933a18ab1118d72986cd968f6,3.984929,3.984929,0.0,1,0,1708975101
2024-02-22,0x20000fbfedfd172821821c9c59284129b04ffb2e,12306,0x2e500352c5d2a6f33ff7ea59d97b4b08af1b1c9e,49.936838,49.936838,0.0,1,0,1708978549
2024-02-22,0x20000fbfedfd172821821c9c59284129b04ffb2e,12317,0xfd00669a4bcf4f6817e786c74a34bd0603e665c9,838.561868,838.561868,0.0,1,0,1709000423
2024-02-22,0x20000fbfedfd172821821c9c59284129b04ffb2e,12339,0x118da117c2d3edaf0b9bf63bdc00dddaa65a6aed,4.808427,4.808427,0.0,1,0,1709037271
2024-02-22,0x20000fbfedfd172821821c9c59284129b04ffb2e,12379,0x6ef8e2a17bbfd117b8281fb8cee41ade3b663e9c,14.801226,14.801226,0.0,1,0,1709103345
2024-02-22,0x20000fbfedfd172821821c9c59284129b04ffb2e,12391,0x137d0a214c0a24962fd0ad046994d4ac385e6800,9999.999705,9999.999705,0.0,1,0,1709124901
2024-02-22,0x2223f9fe624f69da4d8256a7bcc9104fba7f8f75,47,0x011b0a055e02425461a1ae95b30f483c4ff05be7,473989.853136,473989.853136,1532341.87211,1,1,1709155381
2024-02-22,0x2223f9fe624f69da4d8256a7bcc9104fba7f8f75,52,0x28878aec6b4209d90a40890183e3322f0ae5b2e2,275696.92449,275696.92449,275194.174672,1,1,1709154645
2024-02-22,0x2223f9fe624f69da4d8256a7bcc9104fba7f8f75,61,0x7338afb07db145220849b04a45243956f20b14d9,707051.341235,707051.341235,352249.429288,1,1,1708816063
2024-02-22,0x2223f9fe624f69da4d8256a7bcc9104fba7f8f75,71,0x2c84278aa407886b277bbd96ccf3c0e31a3f8ffd,0.0,0.0,993371.676541,0,1,1709161085
2024-02-22,0x2223f9fe624f69da4d8256a7bcc9104fba7f8f75,82,0x7c65d0ed6296ac870d6ce085bf95ba384041e60a,0.0,0.0,813097.771076,0,1,1709160531
2024-02-22,0x2223f9fe624f69da4d8256a7bcc9104fba7f8f75,103,0x1c2ed7a6c4e3c1146103fa222181115a72243a06,55888.905427,55888.905427,0.0,1,0,1709160853
2024-02-22,0x2223f9fe624f69da4d8256a7bcc9104fba7f8f75,110,0x05e09d942505764bca4475abf8efdbc21d1c535b,0.0,0.0,337460.552867,0,1,1709153925
2024-02-22,0x2223f9fe624f69da4d8256a7bcc9104fba7f8f75,124,0x5d6f3d0c92d0564151357b0863e55e9ed4631b8d,0.0,0.0,110246.413161,0,1,1709157539
2024-02-22,0x2223f9fe624f69da4d8256a7bcc9104fba7f8f75,135,0x166c794d890dd91bbe71f304eca660e1c4892cbb,387020.422227,387020.422227,0.0,1,0,1709159219
2024-02-22,0x2223f9fe624f69da4d8256a7bcc9104fba7f8f75,136,0x12c58f57177b8d5832f60cfa690770c19ac9da19,484424.544605,484424.544605,0.0,1,0,1709155939
2024-02-22,0x2223f9fe624f69da4d8256a7bcc9104fba7f8f75,148,0x6580bcc99af557e277cae063d7308cdbd59bf7b3,0.0,0.0,339012.543441,0,1,1709146545
2024-02-22,0x2223f9fe624f69da4d8256a7bcc9104fba7f8f75,152,0x3eb5d4e874f5a9228f291486329e3e935cac468c,0.0,0.0,317398.824377,0,1,1709154377
2024-02-22,0x2223f9fe624f69da4d8256a7bcc9104fba7f8f75,164,0x6788a760215e6cb56d54e34c3464c74976fdc97a,277175.374868,277175.374868,276669.929007,1,1,1709161163
2024-02-22,0x2223f9fe624f69da4d8256a7bcc9104fba7f8f75,171,0x0234737d7795f4a458077d1785fe2012735ebc5e,0.0,0.0,243544.32559,0,1,1709051717
2024-02-22,0x2223f9fe624f69da4d8256a7bcc9104fba7f8f75,188,0xa60aadf62907bf06dd714781d44bbd4c2d783259,0.0,0.0,217130.835141,0,1,1709117391
2024-02-22,0x2223f9fe624f69da4d8256a7bcc9104fba7f8f75,198,0x0967399da161d4f9f5d44b740ebf1c74a6c5ee39,0.0,0.0,198338.518734,0,1,1709051339
2024-02-22,0x2223f9fe624f69da4d8256a7bcc9104fba7f8f75,203,0x79cb43cf6fcf2f519da4d2ea03cefa2b51587e2f,0.0,0.0,48573.363976,0,1,1709160139
2024-02-22,0x2223f9fe624f69da4d8256a7bcc9104fba7f8f75,225,0xdcb7943f8454a5742b2b881b6ecfc8c7d198f631,0.0,0.0,168427.63998,0,1,1709160063
2024-02-22,0x2223f9fe624f69da4d8256a7bcc9104fba7f8f75,267,0x5b1c8cd6e98d8bca397fd09b0dcc9933d712ad13,0.0,0.0,59851.958609,0,1,1709160323
2024-02-22,0x2223f9fe624f69da4d8256a7bcc9104fba7f8f75,318,0xcf0afa96743819d52515bff99635a7978f2a856f,103274.846337,103274.846337,0.0,1,0,1708799645
2024-02-22,0x2223f9fe624f69da4d8256a7bcc9104fba7f8f75,350,0x38332d808ba345953f41c71d38ca1ef79cffa5c5,18028.312037,18028.312037,17995.436332,1,1,1709155993
2024-02-22,0x2223f9fe624f69da4d8256a7bcc9104fba7f8f75,365,0xbdf81b19af7848f7384c38e68208885ff0c9f390,79086.449163,79086.449163,0.0,1,0,1709160739
2024-02-22,0x2223f9fe624f69da4d8256a7bcc9104fba7f8f75,405,0x2f707265e61300e8290c18e38ebcbd129fb0b0f5,0.0,0.0,154309.507724,0,1,1709131981
2024-02-22,0x2223f9fe624f69da4d8256a7bcc9104fba7f8f75,409,0x9e4748fef62d2cd4f16bda3893e477616609db37,0.0,0.0,32933.12741,0,1,1708607947
2024-02-22,0x2223f9fe624f69da4d8256a7bcc9104fba7f8f75,413,0xa78d7c58d8654618874e48942c5b1a62d1477cac,79475.879819,79475.879819,0.0,1,0,1708567027
2024-02-22,0x2223f9fe624f69da4d8256a7bcc9104fba7f8f75,437,0xbae3b46e29e7cfd2bba8164765d592ce9802ec70,16855.432453,16855.432453,0.0,1,0,1709155711
2024-02-22,0x2223f9fe624f69da4d8256a7bcc9104fba7f8f75,459,0xc11e5b31008f3750b43f006c3026bed653888e07,0.0,0.0,50769.810421,0,1,1709050899
2024-02-22,0x2223f9fe624f69da4d8256a7bcc9104fba7f8f75,495,0xfa347793d0f0ea3a436cd311ebe0c95b1f089974,22196.101025,22196.101025,0.0,1,0,1709028145
2024-02-22,0x2223f9fe624f69da4d8256a7bcc9104fba7f8f75,509,0x34223719d75cbc336b77ccd8af6b9342bd6af1cb,11513.50036,11513.50036,4565.632747,1,1,1709079679
2024-02-22,0x2223f9fe624f69da4d8256a7bcc9104fba7f8f75,514,0xe9eb5b18f6a6098eae9d38d03dbfdc924bd757e9,43426.627048,43426.627048,43269.855247,1,1,1708571845
2024-02-22,0x2223f9fe624f69da4d8256a7bcc9104fba7f8f75,527,0x80d2214479e1cf9d79ea6690c4fff58fc56f866c,0.0,0.0,42004.611632,0,1,1709150467
2024-02-22,0x2223f9fe624f69da4d8256a7bcc9104fba7f8f75,532,0x84fbeb26f4931f94cecd487bea6f7c88f9109e53,0.0,0.0,39923.421407,0,1,1709152491
2024-02-22,0x2223f9fe624f69da4d8256a7bcc9104fba7f8f75,543,0x6613a1521394c2f17c7d705e48279e44c2a01936,40835.121729,40835.121729,0.0,1,0,1708567425
2024-02-22,0x2223f9fe624f69da4d8256a7bcc9104fba7f8f75,551,0xdde346eaecec99ff62b8454fbd721593d40e2fbc,10646.051148,10646.051148,21188.887983,1,1,1708592719
2024-02-22,0x2223f9fe624f69da4d8256a7bcc9104fba7f8f75,552,0x62e1af3e818afc059d111c4f53cf0a2d9fd29110,0.0,0.0,40932.910056,0,1,1709153767
2024-02-22,0x2223f9fe624f69da4d8256a7bcc9104fba7f8f75,572,0xcbc21fbf92519f6d90c05a6fda1a7cb72fa6e02b,38277.922983,38277.922983,0.0,1,0,1708799497
2024-02-22,0x2223f9fe624f69da4d8256a7bcc9104fba7f8f75,649,0x3838433f63f4d4a24260f2485aacf5894ba7bc93,0.0,0.0,16132.869174,0,1,1709161143
2024-02-22,0x2223f9fe624f69da4d8256a7bcc9104fba7f8f75,657,0x2067bed542762d26e2755ce7d8776728f3429f48,15977.446753,15977.446753,15919.767553,1,1,1709036623
2024-02-22,0x2223f9fe624f69da4d8256a7bcc9104fba7f8f75,698,0x7a70eca937f10234c42b4daed0970fae6f88df15,47171.764076,47171.764076,47171.764076,1,1,1708790707
2024-02-22,0x2223f9fe624f69da4d8256a7bcc9104fba7f8f75,725,0x1cab2ce19ff9b27680d4a8fdd3745197004ada57,0.0,0.0,26422.972384,0,1,1709157671
2024-02-22,0x2223f9fe624f69da4d8256a7bcc9104fba7f8f75,753,0xee57d8989170370a6f88b2f99395b81204117bf2,4019.878394,4019.878394,5350.063874,1,1,1709148759
2024-02-22,0x2223f9fe624f69da4d8256a7bcc9104fba7f8f75,796,0xde4eb5c828432d1d674a6143029604bc811011e7,0.0,0.0,21956.182362,0,1,1709151075
2024-02-22,0x2223f9fe624f69da4d8256a7bcc9104fba7f8f75,803,0x4c7eabe657187d2c8c5f7e2bb453478f72fd00c9,0.0,0.0,28092.896172,0,1,1709160519
2024-02-22,0x2223f9fe624f69da4d8256a7bcc9104fba7f8f75,825,0x3542b2d6172bf3f39ab7f4cbc37ad0bb40dfe403,21794.190871,21794.190871,0.0,1,0,1708976499
2024-02-22,0x2223f9fe624f69da4d8256a7bcc9104fba7f8f75,827,0xe2952771c80d9b9c77a32e47d985bb3ff4e5a93d,13882.986825,13882.986825,13857.670369,1,1,1709161197
2024-02-22,0x2223f9fe624f69da4d8256a7bcc9104fba7f8f75,862,0x4da3e35a2eda1b636db298ffe504e157c6b9e40b,20538.528894,20538.528894,0.0,1,0,1709156151
2024-02-22,0x2223f9fe624f69da4d8256a7bcc9104fba7f8f75,886,0xca41a5fccf73d0793bdf8657ed4010ec40f10f2c,0.0,0.0,18338.443096,0,1,1709048207
2024-02-22,0x2223f9fe624f69da4d8256a7bcc9104fba7f8f75,908,0xb0430a7e47ce0309c7ba242e5bf548ad0ba989bb,17859.049834,17859.049834,0.0,1,0,1709031223
2024-02-22,0x2223f9fe624f69da4d8256a7bcc9104fba7f8f75,922,0x6fb737d1ebb73cda6cfa36fd16d9273065d1b084,17997.933277,17997.933277,0.0,1,0,1709112827
2024-02-22,0x2223f9fe624f69da4d8256a7bcc9104fba7f8f75,1003,0x9726568bf0bff545b0bca6278e75881099629f3d,16492.60507,16492.60507,16363.084472,1,1,1708594609
2024-02-22,0x2223f9fe624f69da4d8256a7bcc9104fba7f8f75,1019,0x8a0454b05a952c572619935ed46b6d8d0aa97a76,0.0,0.0,3630.827026,0,1,1709061081
2024-02-22,0x2223f9fe624f69da4d8256a7bcc9104fba7f8f75,1063,0xe8a17d5276f9c665e7713a2f7a4a0a388915af8d,13390.617267,13390.617267,0.0,1,0,1708827413
2024-02-22,0x2223f9fe624f69da4d8256a7bcc9104fba7f8f75,1139,0x742b6de8cb16327b68c83e1d6433174db89fd2e0,1983.601656,1983.601656,3227.125097,1,1,1709160663
2024-02-22,0x2223f9fe624f69da4d8256a7bcc9104fba7f8f75,1140,0xa13a85de0af0d2a0640d7ec03b05cfa00c846ad6,11427.229361,11427.229361,0.0,1,0,1708935131
2024-02-22,0x2223f9fe624f69da4d8256a7bcc9104fba7f8f75,1148,0x616b8248a78ba31c04f769242060d0d16913c04d,12083.685159,12083.685159,12083.685159,1,1,1708697549
2024-02-22,0x2223f9fe624f69da4d8256a7bcc9104fba7f8f75,1163,0x3e88681de2e12d1ac4116a7a6fb964a2c4c102ae,12207.344253,12207.344253,0.0,1,0,1709130123
2024-02-22,0x2223f9fe624f69da4d8256a7bcc9104fba7f8f75,1172,0x647b41b745cf5e32e244e432902468c4bd89643c,2969.259269,2969.259269,11774.444651,1,1,1709083129
2024-02-22,0x2223f9fe624f69da4d8256a7bcc9104fba7f8f75,1197,0x0be4eb0e89abed9f52d94f1550c22a16008cc463,5954.004692,5954.004692,4167.803284,1,1,1709160459
2024-02-22,0x2223f9fe624f69da4d8256a7bcc9104fba7f8f75,1206,0x7d9a78f607706b8f5ce26fba6c9eacabf8937df0,2703.053359,2703.053359,5398.959524,1,1,1709002849
2024-02-22,0x2223f9fe624f69da4d8256a7bcc9104fba7f8f75,1221,0x564b3a3cf630d7b3b35ae78e47feb074bce2b06e,0.0,0.0,2415.117206,0,1,1708977259
2024-02-22,0x2223f9fe624f69da4d8256a7bcc9104fba7f8f75,1237,0x6c7c462148823c4f12445e1687eb5cb2576c915b,10602.761599,10602.761599,0.0,1,0,1708918885
2024-02-22,0x2223f9fe624f69da4d8256a7bcc9104fba7f8f75,1304,0x088e11cf7030680f1e889de192d2c27c391076bd,10893.140547,10893.140547,10735.719066,1,1,1708783425
2024-02-22,0x2223f9fe624f69da4d8256a7bcc9104fba7f8f75,1322,0x3a781cb383b65a1fff97ce061c3d35a1c09e6960,14728.32859,14728.32859,0.0,1,0,1709098725
2024-02-22,0x2223f9fe624f69da4d8256a7bcc9104fba7f8f75,1360,0xacc2c59c954048fe4fc8d9f1c5dcc8b93afe53bf,0.0,0.0,8777.358552,0,1,1709157631
2024-02-22,0x2223f9fe624f69da4d8256a7bcc9104fba7f8f75,1364,0xc62f2483eed109d42c78147ea618d858578103d8,0.0,9903.675527,19780.834735,1,2,1709082825
2024-02-22,0x2223f9fe624f69da4d8256a7bcc9104fba7f8f75,1403,0x4a3592a24a88249f14adaac604eb2e79ffe948ca,6341.982038,6341.982038,4227.988025,1,1,1709158803
2024-02-22,0x2223f9fe624f69da4d8256a7bcc9104fba7f8f75,1467,0x8c553dbd9c7e52f0f698d0a11615fafe999ec271,0.0,0.0,26034.339605,0,1,1709081995
2024-02-22,0x2223f9fe624f69da4d8256a7bcc9104fba7f8f75,1470,0xae78d5362f6687de8fbb9b5de6dd129883d61ea8,7783.430041,7783.430041,7783.430041,1,1,1708825283
2024-02-22,0x2223f9fe624f69da4d8256a7bcc9104fba7f8f75,1476,0xef044f956283f12854d3b7ec000f3485b824619a,9169.673223,9169.673223,0.0,1,0,1708979187
2024-02-22,0x2223f9fe624f69da4d8256a7bcc9104fba7f8f75,1490,0x60a627b29d8038e7f34b351cd340b7a41b036720,7593.900548,7593.900548,0.0,1,0,1708584933
2024-02-22,0x2223f9fe624f69da4d8256a7bcc9104fba7f8f75,1495,0xdb5bbaa2d64653b7101d56e91173e677717676fe,10455.735811,10455.735811,0.0,1,0,1709155639
2024-02-22,0x2223f9fe624f69da4d8256a7bcc9104fba7f8f75,1532,0x3e2326be7c0c9d49378e21ce803bce4bbfa95d89,9532.877882,19065.755764,18274.619373,2,2,1708784119
2024-02-22,0x2223f9fe624f69da4d8256a7bcc9104fba7f8f75,1535,0x7cd74f426caa3492fcaabfa8db9db2bf4eb5cb54,7220.029579,7220.029579,0.0,1,0,1708981521
2024-02-22,0x2223f9fe624f69da4d8256a7bcc9104fba7f8f75,1549,0x7f08f8b61cf2f1ce922caa9e6fbc57c7cb8a66e7,7116.588122,7116.588122,0.0,1,0,1709131695
2024-02-22,0x2223f9fe624f69da4d8256a7bcc9104fba7f8f75,1570,0x0be7b271ba03874ad78d712246066c20c81693d3,0.0,0.0,759.646557,0,1,1708573889
2024-02-22,0x2223f9fe624f69da4d8256a7bcc9104fba7f8f75,1574,0x318afdbee3d0300e5073f52fca22f734aa1e1784,6724.472576,6724.472576,0.0,1,0,1709017329
2024-02-22,0x2223f9fe624f69da4d8256a7bcc9104fba7f8f75,1703,0x5c4adac003213c3bd26fbcd3419064f0cb9df76e,0.0,0.0,6352.956825,0,1,1709119133
2024-02-22,0x2223f9fe624f69da4d8256a7bcc9104fba7f8f75,1705,0x4da5bda21c66edec94ba1a7d215fa2a62ad8e4fc,6336.94403,6336.94403,5967.526634,1,1,1709058511
2024-02-22,0x2223f9fe624f69da4d8256a7bcc9104fba7f8f75,1766,0xd9105bfe2f1448acad670d102263389f7e2a8e0b,1087.380462,1087.380462,1087.380462,1,1,1709155843
2024-02-22,0x2223f9fe624f69da4d8256a7bcc9104fba7f8f75,1804,0x48a881c6c2ff0c962d017b2c4fb9701afbe3c5f4,0.0,0.0,5179.723776,0,1,1708906293
2024-02-22,0x2223f9fe624f69da4d8256a7bcc9104fba7f8f75,1811,0x410f2959ee9c8115ca6cf0f817b14373b63b5d4c,3042.943507,3042.943507,2130.060455,1,1,1709160655
2024-02-22,0x2223f9fe624f69da4d8256a7bcc9104fba7f8f75,1884,0xc92d60af8001b1070ce40337205af18a0bbed142,4772.023661,4772.023661,4772.023661,1,1,1708585303
2024-02-22,0x2223f9fe624f69da4d8256a7bcc9104fba7f8f75,2041,0xec5b22756d0191fbbb4afffdd5ae2a660538d196,10071.132419,10071.132419,0.0,1,0,1709035989
2024-02-22,0x2223f9fe624f69da4d8256a7bcc9104fba7f8f75,2208,0xbbcc2e027a065d7c4e1fdca27885b1783348448c,3818.762618,3818.762618,0.0,1,0,1708775649
2024-02-22,0x2223f9fe624f69da4d8256a7bcc9104fba7f8f75,2236,0xf7571caa787899c59aa65c48ccf9a19a40e6c955,0.0,0.0,3659.468791,0,1,1709138129
2024-02-22,0x2223f9fe624f69da4d8256a7bcc9104fba7f8f75,2254,0xd4a766461855f69ebe6f08a8fdde55c97a009cae,3629.805563,3629.805563,0.0,1,0,1708696619
2024-02-22,0x2223f9fe624f69da4d8256a7bcc9104fba7f8f75,2284,0xb83f754eb815e2100f4ba99aa61c299152b07145,0.0,0.0,3569.04979,0,1,1709109215
2024-02-22,0x2223f9fe624f69da4d8256a7bcc9104fba7f8f75,2301,0xf3b670d62d7952075389b31e84fc1806a7ef7268,3627.378488,3627.378488,3539.884593,1,1,1709116053
2024-02-22,0x2223f9fe624f69da4d8256a7bcc9104fba7f8f75,2327,0x3a0b4dde32d3fedbe5e2fe9e884bc04923c7f3a9,0.0,0.0,5197.169727,0,1,1709137387
2024-02-22,0x2223f9fe624f69da4d8256a7bcc9104fba7f8f75,2432,0x23ca480459778bb1d10b93bcf706acf046350b35,0.0,0.0,3390.715942,0,1,1709010229
2024-02-22,0x2223f9fe624f69da4d8256a7bcc9104fba7f8f75,2475,0x9bc86996822381b9dc51d367a6bf088d397d9f68,1034.411308,1034.411308,985.861441,1,1,1709139465
2024-02-22,0x2223f9fe624f69da4d8256a7bcc9104fba7f8f75,2498,0x1091fb53079f123e823859919e9f7be919b754e9,0.0,0.0,3228.931025,0,1,1709063525
2024-02-22,0x2223f9fe624f69da4d8256a7bcc9104fba7f8f75,2559,0xfdf45e7d16bdb5df94ac2f1ef36c34984787b0f9,0.0,0.0,3183.611007,0,1,1708947793
2024-02-22,0x2223f9fe624f69da4d8256a7bcc9104fba7f8f75,2632,0x5449f6df38d7d6f2fb8ccea1f3f9f87418e8a174,2073.630286,2073.630286,2069.848897,1,1,1708867529
2024-02-22,0x2223f9fe624f69da4d8256a7bcc9104fba7f8f75,2640,0x0a251df99a88a20a93876205fb7f5faf2e85a481,0.0,0.0,1524.479069,0,1,1708855809
2024-02-22,0x2223f9fe624f69da4d8256a7bcc9104fba7f8f75,2646,0xc9ed7c5ae4b31dece1b8e5f224023e9583d63863,0.0,0.0,3040.316385,0,1,1709131919
2024-02-22,0x2223f9fe624f69da4d8256a7bcc9104fba7f8f75,2712,0x33a431c03ada4edf4a2facf97c19a999ff33926c,0.0,0.0,2897.474545,0,1,1709132061
2024-02-22,0x2223f9fe624f69da4d8256a7bcc9104fba7f8f75,2726,0xae78d5362f6687de8fbb9b5de6dd129883d61ea8,2884.423682,2884.423682,2884.423682,1,1,1708825311
2024-02-22,0x2223f9fe624f69da4d8256a7bcc9104fba7f8f75,2775,0x323b7e14205c54604be21d74d1ad0ab070ec5bb2,2682.27111,2682.27111,0.0,1,0,1709017009
2024-02-22,0x2223f9fe624f69da4d8256a7bcc9104fba7f8f75,2817,0xd9d836ebc67abeec65b29e586f89816dab991f69,2586.989202,2586.989202,2577.650071,1,1,1708965867
2024-02-22,0x2223f9fe624f69da4d8256a7bcc9104fba7f8f75,2834,0x0d758753c03d7bda04b3dadb62a3df9c2e863da1,2767.395408,2767.395408,0.0,1,0,1709156075
2024-02-22,0x2223f9fe624f69da4d8256a7bcc9104fba7f8f75,2854,0xdc5edfeb777bdfaa851ebda34c102162738290da,0.0,0.0,2278.729046,0,1,1709136157
2024-02-22,0x2223f9fe624f69da4d8256a7bcc9104fba7f8f75,2856,0xf3b059c887172f2cc52b5e77ee3b2c8b3a32e6ef,5890.313393,5890.313393,5869.489272,1,1,1708987971
2024-02-22,0x2223f9fe624f69da4d8256a7bcc9104fba7f8f75,2861,0x168fef2fd1af371625b2593468620185cea904ff,0.0,0.0,2082.432117,0,1,1709010049
2024-02-22,0x2223f9fe624f69da4d8256a7bcc9104fba7f8f75,2902,0xf84368dcc03dbd47a6567b7267f573c28b2f07fa,468.60079,468.60079,468.60079,1,1,1709157027
2024-02-22,0x2223f9fe624f69da4d8256a7bcc9104fba7f8f75,2920,0x7a736aebfdff3ec824f8ea3f83639e863d7963c3,0.0,0.0,2179.421142,0,1,1709151757
2024-02-22,0x2223f9fe624f69da4d8256a7bcc9104fba7f8f75,3003,0x873d59965b2c97ecd536be8438153db432597b9d,0.0,0.0,1929.800489,0,1,1708977765
2024-02-22,0x2223f9fe624f69da4d8256a7bcc9104fba7f8f75,3013,0x0d758753c03d7bda04b3dadb62a3df9c2e863da1,5667.501765,5667.501765,0.0,1,0,1709156135
2024-02-22,0x2223f9fe624f69da4d8256a7bcc9104fba7f8f75,3049,0x24de90e08999faed07011a574104fe57f3465f96,1976.065327,1976.065327,0.0,1,0,1709031125
2024-02-22,0x2223f9fe624f69da4d8256a7bcc9104fba7f8f75,3072,0x6eabe04636a21156a56bb3ce4096ce49dbc280ed,921.362265,921.362265,460.681133,1,1,1708829481
2024-02-22,0x2223f9fe624f69da4d8256a7bcc9104fba7f8f75,3083,0x59617225c006871c2a279089570063f0294ae2c9,1826.817407,1826.817407,1826.817407,1,1,1709081317
2024-02-22,0x2223f9fe624f69da4d8256a7bcc9104fba7f8f75,3138,0xd210ae3ea4bb169163f4e9876109a2c204ad3a87,0.0,0.0,2048.65125,0,1,1709150305
2024-02-22,0x2223f9fe624f69da4d8256a7bcc9104fba7f8f75,3191,0xa74e65f8bee81a717de22cc49d798caa11fb494a,1786.331441,1786.331441,1783.073959,1,1,1709091637
2024-02-22,0x2223f9fe624f69da4d8256a7bcc9104fba7f8f75,3260,0x510a4cbd16b65ddc32e3392b246eb19005332a80,1835.887503,1835.887503,1832.539653,1,1,1708581987
2024-02-22,0x2223f9fe624f69da4d8256a7bcc9104fba7f8f75,3374,0x035ceb21c467f15e62e95b6e4ee7e0e6d6ce9b7a,1488.121379,1488.121379,1488.121379,1,1,1708646041
2024-02-22,0x2223f9fe624f69da4d8256a7bcc9104fba7f8f75,3416,0x0737467164f8bb1ef64f006612edb6035aea6efb,0.0,0.0,353.061837,0,1,1709039013
2024-02-22,0x2223f9fe624f69da4d8256a7bcc9104fba7f8f75,3469,0xc8728ae130381eb77fc9a8b715564b00e83e19df,0.0,0.0,1363.094525,0,1,1708618517
2024-02-22,0x2223f9fe624f69da4d8256a7bcc9104fba7f8f75,3573,0x99516070483b24f6e560acc2f694b5f2e44fb8de,0.0,0.0,1195.487816,0,1,1709122165
2024-02-22,0x2223f9fe624f69da4d8256a7bcc9104fba7f8f75,3619,0x1ffac7df7864dc7da6fb59f991e52c2955f95c84,1158.375346,1158.375346,1133.394529,1,1,1708751477
2024-02-22,0x2223f9fe624f69da4d8256a7bcc9104fba7f8f75,3634,0x01ab07010c2f4bf5971537669cc19d5d8cf320a0,1255.576308,1255.576308,1228.263309,1,1,1708969683
2024-02-22,0x2223f9fe624f69da4d8256a7bcc9104fba7f8f75,3768,0x5ce213c2afde02afd21e23187cd3c599b4298905,0.0,0.0,1035.424751,0,1,1709078183
2024-02-22,0x2223f9fe624f69da4d8256a7bcc9104fba7f8f75,3822,0x9bf2df3e97a2a181221424ddc14b18400e94f776,1039.487825,1039.487825,1037.592257,1,1,1708975941
2024-02-22,0x2223f9fe624f69da4d8256a7bcc9104fba7f8f75,3843,0xb230628e4855da9f6c2a34b6dae57532a08f5851,238.996985,238.996985,238.996985,1,1,1709059155
2024-02-22,0x2223f9fe624f69da4d8256a7bcc9104fba7f8f75,3862,0x3e88681de2e12d1ac4116a7a6fb964a2c4c102ae,966.059477,966.059477,0.0,1,0,1709130145
2024-02-22,0x2223f9fe624f69da4d8256a7bcc9104fba7f8f75,3874,0xeede1d82f37c50aadb5a3574e64affd71a167ffd,0.0,0.0,1026.785366,0,1,1709154131
2024-02-22,0x2223f9fe624f69da4d8256a7bcc9104fba7f8f75,3968,0x7131f2b82ece9f6caf2eb5e44e962d59d66af3d1,0.0,0.0,854.284189,0,1,1709073249
2024-02-22,0x2223f9fe624f69da4d8256a7bcc9104fba7f8f75,4011,0x6322872f335dde0d4b44537f69fbae74bbed39de,0.0,0.0,82.260276,0,1,1708754505
2024-02-22,0x2223f9fe624f69da4d8256a7bcc9104fba7f8f75,4042,0xd923de646d3f0bb9eb7f9169f259c79c3ede2188,0.0,0.0,802.756803,0,1,1709045213
2024-02-22,0x2223f9fe624f69da4d8256a7bcc9104fba7f8f75,4062,0xc4a30458b226630d3fa9961c24974f4e6b043afe,781.198604,781.198604,781.198604,1,1,1708669649
2024-02-22,0x2223f9fe624f69da4d8256a7bcc9104fba7f8f75,4302,0x72665c34a1fdd9f54c3001c00d358e1833f1fb03,622.832701,622.832701,622.832701,1,1,1708839709
2024-02-22,0x2223f9fe624f69da4d8256a7bcc9104fba7f8f75,4396,0xd5bd29aa9816f2140bfe283a5b3a8f42d2060a8c,2147.308328,2147.308328,0.0,1,0,1709007467
2024-02-22,0x2223f9fe624f69da4d8256a7bcc9104fba7f8f75,4518,0x43917a8174465dc01522e8e14335eaa2cde33f6f,79.33039,79.33039,56.724787,1,1,1708619271
2024-02-22,0x2223f9fe624f69da4d8256a7bcc9104fba7f8f75,4593,0x5158f0d306cc26da62c43f008ae4350e5fd22a4f,0.0,0.0,500.026814,0,1,1709119387
2024-02-22,0x2223f9fe624f69da4d8256a7bcc9104fba7f8f75,4604,0xdd97c44cff55f39516a928ff8aa90695742e604e,487.953365,487.953365,0.0,1,0,1709157665
2024-02-22,0x2223f9fe624f69da4d8256a7bcc9104fba7f8f75,4634,0xcd23f30e22ce277084aa0f87ab2c9128d5c5e090,0.0,0.0,483.3506,0,1,1709120125
2024-02-22,0x2223f9fe624f69da4d8256a7bcc9104fba7f8f75,4636,0x188a81404147bc0adfbb80b4847d7c620628bdbc,0.0,0.0,481.898813,0,1,1709120069
2024-02-22,0x2223f9fe624f69da4d8256a7bcc9104fba7f8f75,4640,0x1c3be20a226333e26833618b96e9d10aa741da6e,464.734166,464.734166,0.0,1,0,1708851509
2024-02-22,0x2223f9fe624f69da4d8256a7bcc9104fba7f8f75,4641,0xf1f904825404a25a1abeed97add72de21e2d4193,0.0,0.0,481.244054,0,1,1709119797
2024-02-22,0x2223f9fe624f69da4d8256a7bcc9104fba7f8f75,4642,0x37a6bb79b259c7cc6c3b13ca45beec0481a11b7f,0.0,0.0,480.713573,0,1,1709119977
2024-02-22,0x2223f9fe624f69da4d8256a7bcc9104fba7f8f75,4660,0x84cef4a1713c17988290b2605b5bb1bdee378866,0.0,0.0,475.43699,0,1,1709119887
2024-02-22,0x2223f9fe624f69da4d8256a7bcc9104fba7f8f75,4686,0xf62eb8e8301d392fd37867096de503471863f850,0.0,0.0,465.649376,0,1,1709123407
2024-02-22,0x2223f9fe624f69da4d8256a7bcc9104fba7f8f75,4733,0x70b5f0e8b21217d2e99efe0f5d29131942e5e864,0.0,0.0,455.173979,0,1,1709119553
2024-02-22,0x2223f9fe624f69da4d8256a7bcc9104fba7f8f75,4750,0x809a36aa840354c81973982a2c8f7c74468ddaae,0.0,0.0,450.523699,0,1,1709124691
2024-02-22,0x2223f9fe624f69da4d8256a7bcc9104fba7f8f75,4760,0xd44e5337cdd32115eb3b2a3d18f0a7f28c24b0a8,0.0,0.0,449.536574,0,1,1709119475
2024-02-22,0x2223f9fe624f69da4d8256a7bcc9104fba7f8f75,4761,0x9be31f5e69496d5278cbdf15091e9d34e0262cd5,0.0,0.0,448.169986,0,1,1709122657
2024-02-22,0x2223f9fe624f69da4d8256a7bcc9104fba7f8f75,4767,0x6e84c66b65f99ad76e41ca55dedceca273fd8ec2,0.0,0.0,432.432389,0,1,1709122489
2024-02-22,0x2223f9fe624f69da4d8256a7bcc9104fba7f8f75,4788,0x403756196e44cef9ab4a566dcef55e2a685fe84c,0.0,0.0,442.346529,0,1,1709124605
2024-02-22,0x2223f9fe624f69da4d8256a7bcc9104fba7f8f75,4803,0x9a0b91255edfad2d75ae5778d1a88702c59ba8c6,0.0,0.0,438.879495,0,1,1709122839
2024-02-22,0x2223f9fe624f69da4d8256a7bcc9104fba7f8f75,4826,0xa2a251a6daeafbd7e95688f498be715f4ab43167,0.0,0.0,434.88299,0,1,1709123583
2024-02-22,0x2223f9fe624f69da4d8256a7bcc9104fba7f8f75,4842,0xc6a844231ec9cb442f436a0f126ab9dea81f798b,0.0,0.0,435.648452,0,1,1709124983
2024-02-22,0x2223f9fe624f69da4d8256a7bcc9104fba7f8f75,4847,0x92e8616b0eb9d8795d0ddac52ee6dda0260418eb,0.0,0.0,431.383119,0,1,1709124255
2024-02-22,0x2223f9fe624f69da4d8256a7bcc9104fba7f8f75,4870,0xc0e766419b295186b2a56231defe55d8b901f3a0,0.0,0.0,428.631791,0,1,1709123681
2024-02-22,0x2223f9fe624f69da4d8256a7bcc9104fba7f8f75,4879,0xef0da693e4646b1500eca79dbf405b48176ed7b9,0.0,0.0,426.951176,0,1,1709124531
2024-02-22,0x2223f9fe624f69da4d8256a7bcc9104fba7f8f75,4884,0xb579155ec538f864ba50aa7b45d398fe3c95e312,0.0,0.0,430.678046,0,1,1709125939
2024-02-22,0x2223f9fe624f69da4d8256a7bcc9104fba7f8f75,4890,0x12f03f0f9b9384feee357ab255b42ae99fdb8895,0.0,0.0,411.911121,0,1,1708578009
2024-02-22,0x2223f9fe624f69da4d8256a7bcc9104fba7f8f75,4896,0x114582a5c915a39c1a1eb2d1b1adb3f28ace5bc7,0.0,0.0,425.349177,0,1,1709124753
2024-02-22,0x2223f9fe624f69da4d8256a7bcc9104fba7f8f75,4898,0x91e060ed7767357531f6f27b6b790ea822ecbd57,0.0,0.0,429.212409,0,1,1709125531
2024-02-22,0x2223f9fe624f69da4d8256a7bcc9104fba7f8f75,4901,0x4ddeba3cb70e38dee2f22071da5f71770d1ecef2,410.750995,410.750995,410.750995,1,1,1709110205
2024-02-22,0x2223f9fe624f69da4d8256a7bcc9104fba7f8f75,4908,0x563476aa7b6f95c803a1e0115bd0902b4fb54e07,420.463139,420.463139,0.0,1,0,1709035579
2024-02-22,0x2223f9fe624f69da4d8256a7bcc9104fba7f8f75,4909,0x419028dcffc8fa2ea7900ed5ef666d91d099f2a5,0.0,0.0,424.88373,0,1,1709120201
2024-02-22,0x2223f9fe624f69da4d8256a7bcc9104fba7f8f75,4917,0x56a7af0dd530b3422a0ddeba313e8aca59120002,0.0,0.0,436.488819,0,1,1709126317
2024-02-22,0x2223f9fe624f69da4d8256a7bcc9104fba7f8f75,4940,0x301e9f8e6a17da007fc709b22e4b6df22e1f9d02,0.0,0.0,425.209822,0,1,1709125387
2024-02-22,0x2223f9fe624f69da4d8256a7bcc9104fba7f8f75,4941,0x44ca2c25f634247d941e2e1f3bba5640c4fe4855,0.0,0.0,425.908549,0,1,1709126147
2024-02-22,0x2223f9fe624f69da4d8256a7bcc9104fba7f8f75,4954,0xddb37da2d89361a781628b552f258a711fc737ee,0.0,0.0,424.061296,0,1,1709126073
2024-02-22,0x2223f9fe624f69da4d8256a7bcc9104fba7f8f75,4958,0xcfe41a2fb519cf76978367a8d93c504b5f1d1fde,0.0,0.0,419.521385,0,1,1709123803
2024-02-22,0x2223f9fe624f69da4d8256a7bcc9104fba7f8f75,4963,0x5cf9a48f9aa0194da8f44842f8a5ac434301c145,0.0,0.0,429.497485,0,1,1709126227
2024-02-22,0x2223f9fe624f69da4d8256a7bcc9104fba7f8f75,4968,0xd7b7f8337238ea34a47a30704b58f671c27c87f7,0.0,0.0,418.638385,0,1,1709123743
2024-02-22,0x2223f9fe624f69da4d8256a7bcc9104fba7f8f75,4971,0x2bc0e045886ac2cd6f09ccd634cb0b0f28c5df5f,0.0,0.0,423.340437,0,1,1709126447
2024-02-22,0x2223f9fe624f69da4d8256a7bcc9104fba7f8f75,4972,0x9baa120b011334ae37ce01ac7c714c934cd7648d,0.0,0.0,404.198802,0,1,1708577775
2024-02-22,0x2223f9fe624f69da4d8256a7bcc9104fba7f8f75,4974,0x3580c7e70df01c0fcec9e0503ac09dda24e2a177,0.0,0.0,427.216777,0,1,1709126517
2024-02-22,0x2223f9fe624f69da4d8256a7bcc9104fba7f8f75,4991,0x4ca58445020fd7a7b4ae7c7a9fb0eaebac000a2b,0.0,0.0,424.977514,0,1,1709126383
2024-02-22,0x2223f9fe624f69da4d8256a7bcc9104fba7f8f75,5036,0xc64cf5e137e29b9f306fc4893da173cd3f66ab53,0.0,0.0,411.855625,0,1,1709124173
2024-02-22,0x2223f9fe624f69da4d8256a7bcc9104fba7f8f75,5042,0x4db264bde3a5dd88f5fa63bb369ea9385de9cdce,0.0,0.0,411.594266,0,1,1709123879
2024-02-22,0x2223f9fe624f69da4d8256a7bcc9104fba7f8f75,5064,0xf98f3faabc33db5d781ba5a2da687a1332d1781d,416.149848,416.149848,415.390974,1,1,1708966565
2024-02-22,0x2223f9fe624f69da4d8256a7bcc9104fba7f8f75,5065,0x4b1a8dbbabcafa4fad5e81c438939524bc76b2f5,0.0,0.0,413.974884,0,1,1709125333
2024-02-22,0x2223f9fe624f69da4d8256a7bcc9104fba7f8f75,5079,0xf2cab278b413b7e492cad036ec8cd97316d29f66,0.0,0.0,411.970153,0,1,1709125065
2024-02-22,0x2223f9fe624f69da4d8256a7bcc9104fba7f8f75,5094,0x4c425c41334b0350da8889a04c5ed2b8e4e3b3a7,0.0,0.0,416.290705,0,1,1709126591
2024-02-22,0x2223f9fe624f69da4d8256a7bcc9104fba7f8f75,5106,0x09dd8803983406d1e5bb12d576d0bf6c132e7916,0.0,0.0,400.637741,0,1,1709123513
2024-02-22,0x2223f9fe624f69da4d8256a7bcc9104fba7f8f75,5141,0xd65032c4db4c84acd6b59aa57f71b7bdd4fcebea,390.171375,390.171375,0.0,1,0,1708914179
2024-02-22,0x2223f9fe624f69da4d8256a7bcc9104fba7f8f75,5173,0x5655a5dd422aba099aac37e3f10ec8a114da8f1f,0.0,0.0,409.929726,0,1,1709130213
2024-02-22,0x2223f9fe624f69da4d8256a7bcc9104fba7f8f75,5177,0xc71a3e30153e7679e062434dc1a8aad73fd60bc3,0.0,0.0,400.669162,0,1,1709124837
2024-02-22,0x2223f9fe624f69da4d8256a7bcc9104fba7f8f75,5205,0xa7f2d7d168216396b8642415f08504e6bd547438,0.0,0.0,403.245687,0,1,1709125855
2024-02-22,0x2223f9fe624f69da4d8256a7bcc9104fba7f8f75,5225,0x78f32cd56b9c7189208b72a021ddefc34e238034,0.0,0.0,402.404063,0,1,1709125443
2024-02-22,0x2223f9fe624f69da4d8256a7bcc9104fba7f8f75,5228,0x91a332f12e51a5ab2b343c6587189969b533f55d,385.028288,385.028288,385.028288,1,1,1708952829
2024-02-22,0x2223f9fe624f69da4d8256a7bcc9104fba7f8f75,5244,0x04e22e34a183e08f88855a27004fbaf5f418983e,0.0,0.0,401.246899,0,1,1709125129
2024-02-22,0x2223f9fe624f69da4d8256a7bcc9104fba7f8f75,5275,0x83c19c609e88b216543cfaf917ad69724376920e,0.0,0.0,399.774213,0,1,1709125259
2024-02-22,0x2223f9fe624f69da4d8256a7bcc9104fba7f8f75,5277,0x47bbcf293ef930baef5dbc251a88fde5f335ef3d,391.251063,391.251063,382.495846,1,1,1708844999
2024-02-22,0x2223f9fe624f69da4d8256a7bcc9104fba7f8f75,5308,0xdc8b6fecd8a54f6f1ceaa40695c79ae616289869,390.388551,390.388551,0.0,1,0,1708844951
2024-02-22,0x2223f9fe624f69da4d8256a7bcc9104fba7f8f75,5310,0xfde87dd7cd63a7ec9c8ada59b8b59654c2cd0b3a,390.24431,390.24431,0.0,1,0,1708935269
2024-02-22,0x2223f9fe624f69da4d8256a7bcc9104fba7f8f75,5321,0xc42ca8f6c802b78dc9db92c48fa92c78340ab3d7,381.618151,381.618151,0.0,1,0,1709160765
2024-02-22,0x2223f9fe624f69da4d8256a7bcc9104fba7f8f75,5334,0x0aab76fddcb7deca2c4ca111fce385af3b016c2e,189.883452,189.883452,189.883452,1,1,1708746161
2024-02-22,0x2223f9fe624f69da4d8256a7bcc9104fba7f8f75,5337,0x61f8c99f4acde25dac0c591f5e6b4b635ab2f7c5,0.0,0.0,189.623413,0,1,1709037341
2024-02-22,0x2223f9fe624f69da4d8256a7bcc9104fba7f8f75,5350,0x403b05afe3d522491dade0ca96ee2e9cdea2dd0a,0.0,0.0,391.541434,0,1,1709124905
2024-02-22,0x2223f9fe624f69da4d8256a7bcc9104fba7f8f75,5379,0x6990ea386dd46f481df9968dcc5c14c22cc65e35,0.0,0.0,394.407829,0,1,1709125189
2024-02-22,0x2223f9fe624f69da4d8256a7bcc9104fba7f8f75,5387,0x4c06e070948da41d44efc48630ccce9ff27359af,377.15262,377.15262,0.0,1,0,1708918023
2024-02-22,0x2223f9fe624f69da4d8256a7bcc9104fba7f8f75,5444,0x148691bc2aab5abb8b91618267e66b860edb14b4,0.0,0.0,374.40837,0,1,1709073839
2024-02-22,0x2223f9fe624f69da4d8256a7bcc9104fba7f8f75,5459,0xad2d8358f6ba1bfe46c95cb70ccb3a0aeb693b5c,376.500922,376.500922,376.500922,1,1,1708678103
2024-02-22,0x2223f9fe624f69da4d8256a7bcc9104fba7f8f75,5461,0x98ff99d85ac986e9ff8f54fb41ebcde9e80eba52,373.582431,373.582431,0.0,1,0,1708865323
2024-02-22,0x2223f9fe624f69da4d8256a7bcc9104fba7f8f75,5482,0xa7bf2712349bd3dcbc0cebbf49fdd2449077d744,389.736086,389.736086,389.025379,1,1,1709091681
2024-02-22,0x2223f9fe624f69da4d8256a7bcc9104fba7f8f75,5672,0x9b5ff1761d0e543c0b0da662c7dd8079f7c7bcef,375.768274,375.768274,0.0,1,0,1708861609
2024-02-22,0x2223f9fe624f69da4d8256a7bcc9104fba7f8f75,5679,0xad77b6fb6b1245df29ee6833f635439561f84c48,0.0,0.0,384.160226,0,1,1708902047
2024-02-22,0x2223f9fe624f69da4d8256a7bcc9104fba7f8f75,5705,0xd79d46d4611da7d1d1d0bea6c2de10118a658569,365.823083,365.823083,0.0,1,0,1709039691
2024-02-22,0x2223f9fe624f69da4d8256a7bcc9104fba7f8f75,5721,0x4f9285efe27e44dfbe679ca8fef70fa8172517fb,373.242197,373.242197,373.242197,1,1,1709051373
2024-02-22,0x2223f9fe624f69da4d8256a7bcc9104fba7f8f75,5896,0x5391efcd376f67d072ae23a57aa9a782f1c1533e,360.040298,360.040298,0.0,1,0,1709104603
2024-02-22,0x2223f9fe624f69da4d8256a7bcc9104fba7f8f75,5898,0x7c0111879da162e53360f4a379c8cb25c81bb299,180.161552,180.161552,180.161552,1,1,1708746169
2024-02-22,0x2223f9fe624f69da4d8256a7bcc9104fba7f8f75,5979,0xadb2cc3215c14960240ac2e8f62371e1382497ef,0.0,0.0,86.695181,0,1,1709050819
2024-02-22,0x2223f9fe624f69da4d8256a7bcc9104fba7f8f75,6056,0xc630ee3e52a40a2c87d3507b18d11efb178d01ab,57.816078,57.816078,113.209354,1,1,1708568137
2024-02-22,0x2223f9fe624f69da4d8256a7bcc9104fba7f8f75,6069,0xa984ce40edccbf979c95a9c77c3a2078e1c346bc,354.930306,354.930306,354.930306,1,1,1708870069
2024-02-22,0x2223f9fe624f69da4d8256a7bcc9104fba7f8f75,6134,0xee13abef092475bd997ec58588ecb01f009c9f7a,0.0,0.0,353.454084,0,1,1708863035
2024-02-22,0x2223f9fe624f69da4d8256a7bcc9104fba7f8f75,6381,0x4cdd7811ccedb0ffd3808b586bcafd6ab0acb313,411.325447,411.325447,0.0,1,0,1709111965
2024-02-22,0x2223f9fe624f69da4d8256a7bcc9104fba7f8f75,6469,0x7f08f8b61cf2f1ce922caa9e6fbc57c7cb8a66e7,1026.466372,1026.466372,0.0,1,0,1709131699
2024-02-22,0x2223f9fe624f69da4d8256a7bcc9104fba7f8f75,6589,0x89c5f77ba94c96e4456ee463a0335b4128b0e263,4666.252762,4666.252762,4944.073245,1,1,1709002733
2024-02-22,0x2223f9fe624f69da4d8256a7bcc9104fba7f8f75,6668,0x4379e33178fff73ee6b7c776fbd5a20fe9eea97b,1220.722987,1220.722987,0.0,1,0,1708898721
2024-02-22,0x2223f9fe624f69da4d8256a7bcc9104fba7f8f75,6770,0x80fdc30d21a672eef723b809ed4ba7c91728d421,169.149131,169.149131,0.0,1,0,1708683229
2024-02-22,0x2223f9fe624f69da4d8256a7bcc9104fba7f8f75,6850,0x47b0c8c154fb9222d22e170a0801b9807dee2576,487.110004,487.110004,489.383097,1,1,1708714219
2024-02-22,0x2223f9fe624f69da4d8256a7bcc9104fba7f8f75,6862,0x918fc6fc70c3e5ecb6198fed2d45667f2b6ef422,875.428791,875.428791,0.0,1,0,1709152889
2024-02-22,0x2223f9fe624f69da4d8256a7bcc9104fba7f8f75,6872,0xdc82091269279b03923c9e64026c548956ce27ca,0.0,0.0,87.113637,0,1,1708727179
2024-02-22,0x2223f9fe624f69da4d8256a7bcc9104fba7f8f75,7009,0xfca9895a7dd0545c3d648f7ef235e546053946ca,891.153149,891.153149,897.488678,1,1,1708650397
2024-02-22,0x2223f9fe624f69da4d8256a7bcc9104fba7f8f75,7096,0x7098d5ee6c5f1d1641f3a872e9acf0b97cc8aa75,448.29997,448.29997,0.0,1,0,1708740881
2024-02-22,0x2223f9fe624f69da4d8256a7bcc9104fba7f8f75,7121,0x011b0a055e02425461a1ae95b30f483c4ff05be7,44321.796736,44321.796736,427072.862169,1,1,1709155407
2024-02-22,0x2223f9fe624f69da4d8256a7bcc9104fba7f8f75,7122,0x011b0a055e02425461a1ae95b30f483c4ff05be7,0.0,0.0,14738.923654,0,1,1709155433
2024-02-22,0x2223f9fe624f69da4d8256a7bcc9104fba7f8f75,7322,0xdd1c5aebd67f3c662fb6487df60cb5fdb1823a1a,1964.014263,1964.014263,1999.383938,1,1,1709004781
2024-02-22,0x2223f9fe624f69da4d8256a7bcc9104fba7f8f75,7375,0xdd1c5aebd67f3c662fb6487df60cb5fdb1823a1a,1312.452117,1312.452117,1337.404467,1,1,1709004793
2024-02-22,0x2223f9fe624f69da4d8256a7bcc9104fba7f8f75,7449,0x26bf2a1433258eb23e65e3615c75c595f2d38d40,480.558325,480.558325,501.55368,1,1,1709154277
2024-02-22,0x2223f9fe624f69da4d8256a7bcc9104fba7f8f75,7492,0xe08753f2caf86cfa29ce24b1ca765f6f3a25a68d,589.378372,589.378372,628.882989,1,1,1708946287
2024-02-22,0x2223f9fe624f69da4d8256a7bcc9104fba7f8f75,7601,0xa8ba70c3504123728c8f9b849ba77f412985ca32,1.304248,1.304248,1.426064,1,1,1709048755
2024-02-22,0x2223f9fe624f69da4d8256a7bcc9104fba7f8f75,7604,0x3da2f820db7d5aa9a905ab98c9b2781391f1ca61,1.256644,1.256644,1.82448,1,1,1709051815
2024-02-22,0x2223f9fe624f69da4d8256a7bcc9104fba7f8f75,8098,0x39837f4711b028ba82d43bf9d7b017cbf8e5c8a3,7491.605819,7491.605819,7559.374232,1,1,1708863373
2024-02-22,0x2223f9fe624f69da4d8256a7bcc9104fba7f8f75,8183,0x87ce2c69fb0b627d5628fd5322e291dea8ea5bcb,0.0,0.0,0.016151,0,1,1708759595
2024-02-22,0x2223f9fe624f69da4d8256a7bcc9104fba7f8f75,8251,0xb1213ef183f374fa61845e67cbf1b0ec79642c27,40.002193,40.002193,21.190292,1,1,1708628139
2024-02-22,0x2223f9fe624f69da4d8256a7bcc9104fba7f8f75,8262,0xbb8151d891ae8b3ee3696944652ef2308edc8d65,8726.476261,8726.476261,9030.970274,1,1,1708695505
2024-02-22,0x2223f9fe624f69da4d8256a7bcc9104fba7f8f75,8405,0x5d6f3d0c92d0564151357b0863e55e9ed4631b8d,0.0,0.0,1128.688472,0,1,1709157567
2024-02-22,0x2223f9fe624f69da4d8256a7bcc9104fba7f8f75,8431,0x9c6016b2543cfd29a587992393c3c59df1dc48af,0.0,0.0,110130.667953,0,1,1709161049
2024-02-22,0x2223f9fe624f69da4d8256a7bcc9104fba7f8f75,8476,0xec5b22756d0191fbbb4afffdd5ae2a660538d196,1305.270048,1305.270048,0.0,1,0,1709035997
2024-02-22,0x2223f9fe624f69da4d8256a7bcc9104fba7f8f75,8688,0x3953097d0ac7ee4f390592b69b5ada2dff4108c6,547.112445,547.112445,547.11257,1,1,1709029733
2024-02-22,0x2223f9fe624f69da4d8256a7bcc9104fba7f8f75,8705,0x0d758753c03d7bda04b3dadb62a3df9c2e863da1,1301.880609,1301.880609,0.0,1,0,1709156451
2024-02-22,0x2223f9fe624f69da4d8256a7bcc9104fba7f8f75,8768,0xefbce5ebb15ad4c7b8a817c3533ad1558da527da,39.683727,39.683727,43.761444,1,1,1709131767
2024-02-22,0x2223f9fe624f69da4d8256a7bcc9104fba7f8f75,8823,0xae0d56da41765c64d29a3dac984ed1d98964de9c,0.0,0.0,127.437051,0,1,1709099239
2024-02-22,0x2223f9fe624f69da4d8256a7bcc9104fba7f8f75,9007,0x69fbaec4131cb64e9828f7e6fdb7e31fa4a9e230,1448.957047,1448.957047,0.0,1,0,1709062087
2024-02-22,0x2223f9fe624f69da4d8256a7bcc9104fba7f8f75,9032,0x0b4b5cd5f3cd7e6325c34564fe6320318eac2ae6,3357.768767,3357.768767,3335.47485,1,1,1708701879
2024-02-22,0x2223f9fe624f69da4d8256a7bcc9104fba7f8f75,9363,0x7c62c034a3633416b5ce91e591c5c8ccc0f53ca3,870.174598,870.174598,1943.451205,1,1,1709152835
2024-02-22,0x2223f9fe624f69da4d8256a7bcc9104fba7f8f75,9371,0x6580bcc99af557e277cae063d7308cdbd59bf7b3,0.0,0.0,675980.24335,0,1,1709146565
2024-02-22,0x2223f9fe624f69da4d8256a7bcc9104fba7f8f75,9595,0xf00408ddcaf624129cc0d08aa122a7abe1f2ef31,2109.218899,2109.218899,1214.438289,1,1,1709043691
2024-02-22,0x2223f9fe624f69da4d8256a7bcc9104fba7f8f75,9598,0x19aca61414ad58c7eab38ad2b75a9ce2206342f7,764.683428,1066.483854,627.259974,2,2,1709111265
2024-02-22,0x2223f9fe624f69da4d8256a7bcc9104fba7f8f75,9602,0x380acfb35859fa7093b1fd59fca78023bae785ee,209933.58808,209933.58808,211403.368599,1,1,1709052257
2024-02-22,0x2223f9fe624f69da4d8256a7bcc9104fba7f8f75,9625,0xa548c2c9dfc2bdb15b0659cecea65af0344a83b0,236.115132,236.115132,237.160197,1,1,1708618145
2024-02-22,0x2223f9fe624f69da4d8256a7bcc9104fba7f8f75,9672,0xa12557a0d8378d97586c1efa9253a1bbbf666a5e,52.11617,52.11617,55.011358,1,1,1709036889
2024-02-22,0x2223f9fe624f69da4d8256a7bcc9104fba7f8f75,9707,0x60034a6d90f54d3bbc3188033fd08b1a146802ba,1549.925342,1549.925342,1549.925342,1,1,1709124693
2024-02-22,0x2223f9fe624f69da4d8256a7bcc9104fba7f8f75,9755,0xe8b55fd62045d51274812e5c3ab803055c0e3eaa,6754.163154,6754.163154,3387.42413,1,1,1708632697
2024-02-22,0x2223f9fe624f69da4d8256a7bcc9104fba7f8f75,9792,0x066bb7c61b4bbe60e08d985a939e51636a6d1f7e,1252.603488,1252.603488,0.0,1,0,1709099747
2024-02-22,0x2223f9fe624f69da4d8256a7bcc9104fba7f8f75,9816,0xd99208a6b2c353b88db78f04642b47f9fa993337,762.990937,762.990937,0.0,1,0,1708994627
2024-02-22,0x2223f9fe624f69da4d8256a7bcc9104fba7f8f75,9836,0xa263e219e049a01f7f2acffb9777364e61669c65,3.43523,3.43523,3.479656,1,1,1708966021
2024-02-22,0x2223f9fe624f69da4d8256a7bcc9104fba7f8f75,10016,0x0d758753c03d7bda04b3dadb62a3df9c2e863da1,114.055418,114.055418,0.0,1,0,1709156005
2024-02-22,0x2223f9fe624f69da4d8256a7bcc9104fba7f8f75,10143,0x52b9783f1f955ac10d50c7d4ab62d7f2288d6446,1779.723735,1779.723735,0.0,1,0,1709160499
2024-02-22,0x2223f9fe624f69da4d8256a7bcc9104fba7f8f75,10185,0xb1e2194f43c3c0319b3b6fa560d47bc57632cc56,475.385025,475.385025,497.703938,1,1,1708936471
2024-02-22,0x2223f9fe624f69da4d8256a7bcc9104fba7f8f75,10202,0xf400d4ec106728f6a5221871f9b406cadcf10841,0.0,0.0,8706.532771,0,1,1709124147
2024-02-22,0x2223f9fe624f69da4d8256a7bcc9104fba7f8f75,10204,0xf27d0aa1f3cc565d902870673ebae7233e5f38e7,0.0,0.0,890.712921,0,1,1709125405
2024-02-22,0x2223f9fe624f69da4d8256a7bcc9104fba7f8f75,10212,0xc6e87adf4133cc61cacda134e79c243de9db3e69,0.0,0.0,989.605554,0,1,1709071409
2024-02-22,0x2223f9fe624f69da4d8256a7bcc9104fba7f8f75,10245,0x344394dfd3edfcd45b7fe8dee12d7594b06834c8,0.0,0.0,4962.71416,0,1,1709016379
2024-02-22,0x2223f9fe624f69da4d8256a7bcc9104fba7f8f75,10246,0xa8ff68390aef9fa3723f83a15013d2adccdfc4c9,0.0,0.0,5000.0,0,1,1709018217
2024-02-22,0x2223f9fe624f69da4d8256a7bcc9104fba7f8f75,10249,0x02abf89e177bd2fb8dd44af7dd3d1cec373b1ae8,0.0,0.0,4986.462733,0,1,1709050463
2024-02-22,0x2223f9fe624f69da4d8256a7bcc9104fba7f8f75,10258,0x780957c443e27748e4b9614f9fa4af715e86feba,0.0,0.0,10000.0,0,1,1709060029
2024-02-22,0x2223f9fe624f69da4d8256a7bcc9104fba7f8f75,10266,0xcedfc2d951ab3d0786764d17511dcaad14aed03a,0.0,0.0,4986.464319,0,1,1709055407
2024-02-22,0x2223f9fe624f69da4d8256a7bcc9104fba7f8f75,10267,0xefe75b12b1851ae43abc6e74d666227ecd9b3b60,0.0,0.0,4986.456312,0,1,1709052975
2024-02-22,0x2223f9fe624f69da4d8256a7bcc9104fba7f8f75,10268,0xda1880ab996a93ec062525ae7f210ffd2c71064e,0.0,0.0,4986.445689,0,1,1709059159
2024-02-22,0x2223f9fe624f69da4d8256a7bcc9104fba7f8f75,10271,0x4d92c7272384c055ee2ef7ab0b7112c35b8cef79,0.0,0.0,11268.842877,0,1,1708791185
2024-02-22,0x2223f9fe624f69da4d8256a7bcc9104fba7f8f75,10294,0x48a6a8d403a58eccc70d4d57347f801d4e182564,0.0,0.0,1002772.092618,0,1,1709146349
2024-02-22,0x2223f9fe624f69da4d8256a7bcc9104fba7f8f75,10295,0xc875b3dae5b0c371bc8cf9ded64868b78ac47587,1483549.242334,1483549.242334,891897.127401,1,1,1709162281
2024-02-22,0x2223f9fe624f69da4d8256a7bcc9104fba7f8f75,10296,0x03c70563e94de5de56c11a0cc4ce3482f592854f,3875002.517133,3875002.517133,2329618.400981,1,1,1709162329
2024-02-22,0x2223f9fe624f69da4d8256a7bcc9104fba7f8f75,10298,0xc9814f18a8751214f719de15c54d01b3d78ef14f,1340432.810047,109253594.913922,108697422.773382,134,134,1709162249
2024-02-22,0x2223f9fe624f69da4d8256a7bcc9104fba7f8f75,10305,0x2dd6bb05316cb2fbe2c6e2e4756c7b7364579507,2.400181,2.400181,5.037925,1,1,1708657317
2024-02-22,0x2223f9fe624f69da4d8256a7bcc9104fba7f8f75,10348,0xe3478483a9a7ecd8cdde248ea43b48197b19e09e,0.0,0.0,0.058434,0,1,1708928261
2024-02-22,0x2223f9fe624f69da4d8256a7bcc9104fba7f8f75,10355,0x8feafd5e0fcefdd2624906c0f913d563306aae17,17.578977,17.578977,45.524927,1,1,1708896665
2024-02-22,0x2223f9fe624f69da4d8256a7bcc9104fba7f8f75,10366,0xeebf48360c333407076f4a8191017bd30a88af56,549.376629,549.376629,521.880483,1,1,1709055433
2024-02-22,0x2223f9fe624f69da4d8256a7bcc9104fba7f8f75,10394,0x7c33045858b3ca7440e79f3fccaa8ff2ec067d2f,701.403408,701.403408,707.181887,1,1,1708974727
2024-02-22,0x2223f9fe624f69da4d8256a7bcc9104fba7f8f75,10402,0xfde10d5fa08d019fa544a9b0def1b0ded565c805,0.224598,0.224598,2.588123,1,1,1708636331
2024-02-22,0x2223f9fe624f69da4d8256a7bcc9104fba7f8f75,10413,0xf9e4206fdf1e0eb75e1db336f62590bc3e320f0a,5102.209473,5102.209473,4708.455303,1,1,1708646541
2024-02-22,0x2223f9fe624f69da4d8256a7bcc9104fba7f8f75,10489,0x7a70eca937f10234c42b4daed0970fae6f88df15,2576.0,2576.0,0.0,1,0,1708790723
2024-02-22,0x2223f9fe624f69da4d8256a7bcc9104fba7f8f75,10563,0xffbb1cd787a1d75e80b89a44f75db59cbe34f799,338.787321,338.787321,98.673052,1,1,1708815613
2024-02-22,0x2223f9fe624f69da4d8256a7bcc9104fba7f8f75,10587,0xaf9be60b6c94d66e72b6b01f6ecc77a14987950c,193.47567,193.47567,0.0,1,0,1708847571
2024-02-22,0x2223f9fe624f69da4d8256a7bcc9104fba7f8f75,10667,0xd9d752442da02fff30ee95bf202e8713988fce56,310.578461,310.578461,311.768639,1,1,1708867985
2024-02-22,0x2223f9fe624f69da4d8256a7bcc9104fba7f8f75,10775,0x30f125a74a4bd2aa8db5de1521b58b1164de1e89,0.0,0.0,407.746762,0,1,1708781011
2024-02-22,0x2223f9fe624f69da4d8256a7bcc9104fba7f8f75,10867,0x6ab2d5789af8fc628b306d04505de6e5a78ba660,1428.323077,1428.323077,1428.323077,1,1,1708733431
2024-02-22,0x2223f9fe624f69da4d8256a7bcc9104fba7f8f75,10943,0x274949b0db377742a46074f75749e953a8da45a7,766.653087,766.653087,837.574487,1,1,1708642825
2024-02-22,0x2223f9fe624f69da4d8256a7bcc9104fba7f8f75,10963,0x0a262d0c4400f1a6cf77b08d6410c277a924f879,0.0,0.0,1225.975575,0,1,1709097605
2024-02-22,0x2223f9fe624f69da4d8256a7bcc9104fba7f8f75,10972,0xc8160b24922664d9b3cf7f0acbc149dc33917d15,0.0,0.0,975.813227,0,1,1709059633
2024-02-22,0x2223f9fe624f69da4d8256a7bcc9104fba7f8f75,10976,0x88dc674f132f09017d833dac528a18c786ed633e,3010.59583,3010.59583,3023.134501,1,1,1709120877
2024-02-22,0x2223f9fe624f69da4d8256a7bcc9104fba7f8f75,10987,0x134a8cf663a8ca0efbe0d2a24c4915216d5a3a68,452.760332,452.760332,730.240497,1,1,1708673555
2024-02-22,0x2223f9fe624f69da4d8256a7bcc9104fba7f8f75,11008,0x34316386913935b8a912115920f6f767e15bf9a1,2.199332,2.199332,2.293818,1,1,1708777185
2024-02-22,0x2223f9fe624f69da4d8256a7bcc9104fba7f8f75,11126,0xedb61a92de9d08874bdf2a9d1fdf8df9f111bf7d,28.929355,28.929355,31.496328,1,1,1708694089
2024-02-22,0x2223f9fe624f69da4d8256a7bcc9104fba7f8f75,11139,0x0a4b2413fc8f172633d8b146d0f3423049d84528,1065.429534,1065.429534,1087.141543,1,1,1708923115
2024-02-22,0x2223f9fe624f69da4d8256a7bcc9104fba7f8f75,11353,0x68903dc8d0072ef73a0af25762b6e97180940267,0.0,0.0,71685.325622,0,1,1709126513
2024-02-22,0x2223f9fe624f69da4d8256a7bcc9104fba7f8f75,11411,0x134a8cf663a8ca0efbe0d2a24c4915216d5a3a68,1602.487407,1602.487407,1871.388027,1,1,1708673567
2024-02-22,0x2223f9fe624f69da4d8256a7bcc9104fba7f8f75,11420,0xe2f89892efbe8ee7376061a5c3af161ecb7e29ee,194.06627,194.06627,194.294265,1,1,1708620993
2024-02-22,0x2223f9fe624f69da4d8256a7bcc9104fba7f8f75,11501,0xd665869e8fc02101bf09c2b4c58b820c63c79077,0.0,0.0,1.607638,0,1,1708597893
2024-02-22,0x2223f9fe624f69da4d8256a7bcc9104fba7f8f75,11623,0x25fda25085f91b9ce04176fb24b48b0c58a64d8c,1134.400725,1134.400725,1451.684115,1,1,1709040193
2024-02-22,0x2223f9fe624f69da4d8256a7bcc9104fba7f8f75,11648,0x1db162bdc1487362d02159bacd845facb48abedb,0.0,0.0,2567.457401,0,1,1708705473
2024-02-22,0x2223f9fe624f69da4d8256a7bcc9104fba7f8f75,11660,0x67ef0c53d812b0a5e08adb21cba8e2cbf0a157b1,23587.261476,23587.261476,0.0,1,0,1708804143
2024-02-22,0x2223f9fe624f69da4d8256a7bcc9104fba7f8f75,11695,0x125531d524226a5035f29fe57c7e5986ab175dfd,2383.195792,2383.195792,0.0,1,0,1708737415
2024-02-22,0x2223f9fe624f69da4d8256a7bcc9104fba7f8f75,11746,0x7f08f8b61cf2f1ce922caa9e6fbc57c7cb8a66e7,716.515441,716.515441,0.0,1,0,1709131703
2024-02-22,0x2223f9fe624f69da4d8256a7bcc9104fba7f8f75,11818,0x48a881c6c2ff0c962d017b2c4fb9701afbe3c5f4,604.748283,604.748283,0.0,1,0,1709131745
2024-02-22,0x2223f9fe624f69da4d8256a7bcc9104fba7f8f75,11927,0xc1634876892843d3f80e790baf3f05bf907e94f6,80.489105,80.489105,80.818901,1,1,1708634223
2024-02-22,0x2223f9fe624f69da4d8256a7bcc9104fba7f8f75,11929,0xc1634876892843d3f80e790baf3f05bf907e94f6,22.89355,22.89355,0.0,1,0,1708634193
2024-02-22,0x2223f9fe624f69da4d8256a7bcc9104fba7f8f75,12095,0x67ef0c53d812b0a5e08adb21cba8e2cbf0a157b1,3182.0,3182.0,0.0,1,0,1708804205
2024-02-22,0x2223f9fe624f69da4d8256a7bcc9104fba7f8f75,12187,0xeb81d3c54a01fb85c9a4cbaa6e9688344811573f,6.165779,6.165779,0.0,1,0,1708626837
2024-02-22,0x2223f9fe624f69da4d8256a7bcc9104fba7f8f75,12197,0x3abdadc434e6408d676ceefad21e5fce85020b26,7.771388,7.771388,0.0,1,0,1708674643
2024-02-22,0x2223f9fe624f69da4d8256a7bcc9104fba7f8f75,12199,0x3abdadc434e6408d676ceefad21e5fce85020b26,7.706003,7.706003,0.0,1,0,1708678767
2024-02-22,0x2223f9fe624f69da4d8256a7bcc9104fba7f8f75,12200,0x3abdadc434e6408d676ceefad21e5fce85020b26,1235.790948,1235.790948,0.0,1,0,1708690917
2024-02-22,0x2223f9fe624f69da4d8256a7bcc9104fba7f8f75,12201,0x5acec9f0830d5654764b09692cbfd2f52a32505f,2.291985,2.291985,0.0,1,0,1708692799
2024-02-22,0x2223f9fe624f69da4d8256a7bcc9104fba7f8f75,12221,0x525ef496ac790dc37829f2d6d9d026ca8aca00e4,2.827612,2.827612,0.0,1,0,1708760551
2024-02-22,0x2223f9fe624f69da4d8256a7bcc9104fba7f8f75,12224,0x40e5383a4439f9e896e090f18de98b399467d128,1.896366,1.896366,0.0,1,0,1708761229
2024-02-22,0x2223f9fe624f69da4d8256a7bcc9104fba7f8f75,12225,0x98cec3803d0239bf9c82dc50fef0fc9bf5787392,3.09571,3.09571,0.0,1,0,1708761507
2024-02-22,0x2223f9fe624f69da4d8256a7bcc9104fba7f8f75,12227,0x319fa60c799ef477f9909e9d3103dbd002ad8e89,6.142748,6.142748,0.0,1,0,1708762557
2024-02-22,0x2223f9fe624f69da4d8256a7bcc9104fba7f8f75,12255,0x13000d4ff30f310717182893d8bfbcbc2d455d18,2671.568208,2671.568208,0.0,1,0,1708818777
2024-02-22,0x2223f9fe624f69da4d8256a7bcc9104fba7f8f75,12282,0x96cef550d4658e5fd523b0db08cff6257c8d08cc,3.129861,3.129861,0.0,1,0,1708894369
2024-02-22,0x2223f9fe624f69da4d8256a7bcc9104fba7f8f75,12284,0xf3c3605011e7d0591eff603fbe9ec2639f860360,0.580546,0.580546,0.0,1,0,1708895653
2024-02-22,0x2223f9fe624f69da4d8256a7bcc9104fba7f8f75,12285,0xbbf0b49ca84e61e833e8a10d4d2e6603f151b1a4,3.656556,3.656556,0.0,1,0,1708896417
2024-02-22,0x2223f9fe624f69da4d8256a7bcc9104fba7f8f75,12367,0xe3d293582c5553d681ac953b4b0bf63a1f987464,2.177202,2.177202,0.0,1,0,1709062497
2024-02-22,0x2223f9fe624f69da4d8256a7bcc9104fba7f8f75,12407,0xbe0db09f73d50c704eaef8ffbd7787577e354bde,14.965256,14.965256,0.0,1,0,1709152473
2024-02-22,0x253da544f498b85429f6acdc6e98b36b36c1c824,47,0x011b0a055e02425461a1ae95b30f483c4ff05be7,13314.321717,13314.321717,0.0,1,0,1709155381
2024-02-22,0x253da544f498b85429f6acdc6e98b36b36c1c824,108,0x342f3002bb6f77441dfa40480ebb169d6912b464,126940.987683,126940.987683,0.0,1,0,1709144393
2024-02-22,0x253da544f498b85429f6acdc6e98b36b36c1c824,160,0xb0eb6f452ecea6a76fda435b4629cf6a11b24a2a,138733.003588,138733.003588,0.0,1,0,1709143721
2024-02-22,0x253da544f498b85429f6acdc6e98b36b36c1c824,327,0xd2f132930ea3c58a389c6ad3a91ef104f95fe697,100908.067002,100908.067002,0.0,1,0,1709145627
2024-02-22,0x253da544f498b85429f6acdc6e98b36b36c1c824,346,0x2b26da567c2a8c220daf91be8e37a429d33aef0b,92223.067031,92223.067031,0.0,1,0,1709145521
2024-02-22,0x253da544f498b85429f6acdc6e98b36b36c1c824,398,0x48c7e0db3dad3fe4eb0513b86fe5c38ebb4e0f91,16761.275792,16761.275792,0.0,1,0,1709140387
2024-02-22,0x253da544f498b85429f6acdc6e98b36b36c1c824,881,0x9eb2d5311edbafd2137b9292d5683c35bf301cc8,18876.620491,18876.620491,0.0,1,0,1709138411
2024-02-22,0x253da544f498b85429f6acdc6e98b36b36c1c824,1053,0x3216a8a03b07b6b19cbc21d62c8942e625fc3e07,6527.31074,6527.31074,0.0,1,0,1709139995
2024-02-22,0x253da544f498b85429f6acdc6e98b36b36c1c824,1141,0x3a39899dc78b7307acd83f51463c853fa79e1b09,12901.312965,12901.312965,0.0,1,0,1709141135
2024-02-22,0x253da544f498b85429f6acdc6e98b36b36c1c824,1367,0xcce0a627557f2b9af402607e5342ba15ad5f0053,8794.625167,8794.625167,0.0,1,0,1709140817
2024-02-22,0x253da544f498b85429f6acdc6e98b36b36c1c824,1484,0x3f9d06d42cb2b04ada2d9a8cdfbf63c5206d7deb,4339.141021,4339.141021,0.0,1,0,1709137865
2024-02-22,0x253da544f498b85429f6acdc6e98b36b36c1c824,1492,0x864de5bbaf4b8c808e94a8385b95b0855d170137,7394.575801,7394.575801,0.0,1,0,1709143517
2024-02-22,0x253da544f498b85429f6acdc6e98b36b36c1c824,1611,0x601af9ec72c1a7a094c689c0b027100861e2dc09,6577.375208,6577.375208,0.0,1,0,1709140141
2024-02-22,0x253da544f498b85429f6acdc6e98b36b36c1c824,1725,0x4215a881dfa38fa2faced28778c9366ef3e5fbb6,5810.725086,5810.725086,0.0,1,0,1709140773
2024-02-22,0x253da544f498b85429f6acdc6e98b36b36c1c824,2273,0x69d6c073b693c250e26b9daaa439bfcb4993a6e4,1865.332826,1865.332826,0.0,1,0,1709152565
2024-02-22,0x253da544f498b85429f6acdc6e98b36b36c1c824,2311,0x7c8f39f35ba890be972d2ccabab0e3dc99a82001,3611.214472,3611.214472,0.0,1,0,1709140091
2024-02-22,0x253da544f498b85429f6acdc6e98b36b36c1c824,2412,0xd55b009daf0cc7e7a3bb1e077ffe04f273554b66,3443.103808,3443.103808,0.0,1,0,1709142181
2024-02-22,0x253da544f498b85429f6acdc6e98b36b36c1c824,2421,0x9a2a659980a8fd84790b456696000c8eba9bc578,3373.119422,3373.119422,0.0,1,0,1709139269
2024-02-22,0x253da544f498b85429f6acdc6e98b36b36c1c824,2478,0xc4a9dd9ba9676038fd9138a431a78ed06b04d782,3321.127943,3321.127943,0.0,1,0,1709139329
2024-02-22,0x253da544f498b85429f6acdc6e98b36b36c1c824,2922,0x506765dfde54034cffc105747ed8829c2b719719,2155.507284,2155.507284,0.0,1,0,1709143285
2024-02-22,0x253da544f498b85429f6acdc6e98b36b36c1c824,3017,0x4b3aa773f44e620cbe3d2affe0dc2c25eb72e3df,1954.134598,1954.134598,0.0,1,0,1709143667
2024-02-22,0x253da544f498b85429f6acdc6e98b36b36c1c824,3037,0x74887f105a8e96c3457e5fbd5fc999f22cb7a998,2315.595864,2315.595864,0.0,1,0,1709141393
2024-02-22,0x253da544f498b85429f6acdc6e98b36b36c1c824,9248,0x370880694995aa8a53f71645f7bec3b0e7bb25d9,7291.152963,7291.152963,0.0,1,0,1709135821
2024-02-22,0x253da544f498b85429f6acdc6e98b36b36c1c824,10100,0x2bcdca8c689b4aa460b66ffde1d6b1761d41d5df,4557.190418,4557.190418,0.0,1,0,1709143373
2024-02-22,0x253da544f498b85429f6acdc6e98b36b36c1c824,10294,0x48a6a8d403a58eccc70d4d57347f801d4e182564,500913.445605,500913.445605,0.0,1,0,1709146349
2024-02-22,0x253da544f498b85429f6acdc6e98b36b36c1c824,10449,0x370880694995aa8a53f71645f7bec3b0e7bb25d9,83.100866,83.100866,0.0,1,0,1709135215
2024-02-22,0x253da544f498b85429f6acdc6e98b36b36c1c824,12401,0x2d5a6d7ab823d0bb44cfc2c35651c4be04b416df,1396.497015,1396.497015,0.0,1,0,1709134829
2024-02-22,0x2722c8f9b5e2ac72d1f225f8e8c990e449ba0078,24,0x208a17c5fabe5b90282e5906945ff335e39326c4,0.0,0.0,9272.915799,0,1,1709150649
2024-02-22,0x2722c8f9b5e2ac72d1f225f8e8c990e449ba0078,55,0x285fed35cbea271a711681e84ffd83c68a596a75,113664.766347,113664.766347,113664.766347,1,1,1709158581
2024-02-22,0x2722c8f9b5e2ac72d1f225f8e8c990e449ba0078,56,0x48a5a6a01ba89cddf97d2d552923d5a11401ed19,0.0,0.0,135028.553652,0,1,1709161045
2024-02-22,0x2722c8f9b5e2ac72d1f225f8e8c990e449ba0078,68,0x132e47cf2c19ec2d8dd56e1528fc7e18dc09188f,0.0,0.0,198803.273825,0,1,1709148573
2024-02-22,0x2722c8f9b5e2ac72d1f225f8e8c990e449ba0078,103,0x1c2ed7a6c4e3c1146103fa222181115a72243a06,55888.905427,55888.905427,55786.988668,1,1,1709160853
2024-02-22,0x2722c8f9b5e2ac72d1f225f8e8c990e449ba0078,105,0x208a17c5fabe5b90282e5906945ff335e39326c4,0.0,0.0,26405.063431,0,1,1709150611
2024-02-22,0x2722c8f9b5e2ac72d1f225f8e8c990e449ba0078,109,0xbe7019f8333b0b3cfc707ac353ebc2123140134c,0.0,0.0,126147.327643,0,1,1709159393
2024-02-22,0x2722c8f9b5e2ac72d1f225f8e8c990e449ba0078,182,0xed5847639328edd38e7ce934442ff4ee8e714f7c,0.0,0.0,226794.049375,0,1,1709143161
2024-02-22,0x2722c8f9b5e2ac72d1f225f8e8c990e449ba0078,204,0x3aee7d5600c29ee7e4482c810746081313460738,0.0,0.0,87051.74663,0,1,1709159419
2024-02-22,0x2722c8f9b5e2ac72d1f225f8e8c990e449ba0078,289,0x95b05f935655c37ada2088c5767e5006f230b068,0.0,0.0,23220.819643,0,1,1709153629
2024-02-22,0x2722c8f9b5e2ac72d1f225f8e8c990e449ba0078,393,0x193db18a5ef9a0320b7374c1fe8af976235f3211,0.0,0.0,67591.089739,0,1,1709095965
2024-02-22,0x2722c8f9b5e2ac72d1f225f8e8c990e449ba0078,446,0xb760c246db7eee48169c729d0394a7773be6a376,0.0,0.0,54205.141398,0,1,1709088347
2024-02-22,0x2722c8f9b5e2ac72d1f225f8e8c990e449ba0078,584,0x38e481367e0c50f4166ad2a1c9fde0e3c662cfba,0.0,0.0,37259.019337,0,1,1709045747
2024-02-22,0x2722c8f9b5e2ac72d1f225f8e8c990e449ba0078,649,0x3838433f63f4d4a24260f2485aacf5894ba7bc93,8066.434587,8066.434587,0.0,1,0,1709161143
2024-02-22,0x2722c8f9b5e2ac72d1f225f8e8c990e449ba0078,718,0xe12dbb4320caa9035c5d104620aa7a0debcbd554,6692.700805,6692.700805,0.0,1,0,1709159569
2024-02-22,0x2722c8f9b5e2ac72d1f225f8e8c990e449ba0078,842,0x58bcf1ac25551dd4eb790f2ef68c1857dcd67d9b,5248.561371,5248.561371,0.0,1,0,1709159739
2024-02-22,0x2722c8f9b5e2ac72d1f225f8e8c990e449ba0078,989,0xe53f4d44c45dbc16a20ab64f8a8b4404ddbbefec,28844.747473,28844.747473,0.0,1,0,1709160721
2024-02-22,0x2722c8f9b5e2ac72d1f225f8e8c990e449ba0078,1396,0xba3e2dc0119d8b84ef61c0c48a923054bec9665b,4268.732608,4268.732608,4260.948319,1,1,1708639101
2024-02-22,0x2722c8f9b5e2ac72d1f225f8e8c990e449ba0078,1478,0x58c4f03a954e4cbb1b8e204a881a8e9a99d015dd,10217.028634,10217.028634,10198.397272,1,1,1708572837
2024-02-22,0x2722c8f9b5e2ac72d1f225f8e8c990e449ba0078,1622,0x628a3240137ef7c5f729c6c106378edb3fa51250,6498.654208,6498.654208,0.0,1,0,1709161163
2024-02-22,0x2722c8f9b5e2ac72d1f225f8e8c990e449ba0078,2143,0x2b5a0be5940b63de1eddccca7bd977357e2488ed,3978.713422,3978.713422,3904.213845,1,1,1709120157
2024-02-22,0x2722c8f9b5e2ac72d1f225f8e8c990e449ba0078,2266,0xb00f8b601558243c9abcddabd54ea17f70471b8e,0.0,0.0,8257.327974,0,1,1709057335
2024-02-22,0x2722c8f9b5e2ac72d1f225f8e8c990e449ba0078,2362,0xbaa9b493bccbe1a900b39870980f41356f85822a,0.0,0.0,6493.082328,0,1,1709150013
2024-02-22,0x2722c8f9b5e2ac72d1f225f8e8c990e449ba0078,2496,0x6a90b0f458c45a6ccb805455fe1d3a69c93a18ec,0.0,0.0,3302.887191,0,1,1709153627
2024-02-22,0x2722c8f9b5e2ac72d1f225f8e8c990e449ba0078,2571,0xfc7c1d00b2ec6d3653e9de72590684456846c53d,0.0,0.0,3301.749006,0,1,1709054387
2024-02-22,0x2722c8f9b5e2ac72d1f225f8e8c990e449ba0078,2718,0x66d4908e053f7150038b1bf3579cf384fde0ba72,0.0,0.0,2870.567978,0,1,1708732225
2024-02-22,0x2722c8f9b5e2ac72d1f225f8e8c990e449ba0078,2927,0xfc4b2a62a06cb2e1c6a743e9ae327bb16977e4c1,2210.34924,2210.34924,2142.129005,1,1,1708900431
2024-02-22,0x2722c8f9b5e2ac72d1f225f8e8c990e449ba0078,3066,0x9e59edf20d62acbc689d5e72b8f72fedd7a3d282,12812.546279,12812.546279,0.0,1,0,1709160031
2024-02-22,0x2722c8f9b5e2ac72d1f225f8e8c990e449ba0078,3077,0xfc64410a03b205b995a9101f99a55026d8f1f1da,1107.226825,1107.226825,1103.229694,1,1,1709155209
2024-02-22,0x2722c8f9b5e2ac72d1f225f8e8c990e449ba0078,5554,0xc15ab8dd7daeea5f1aa3b56507cac8a877e21b15,0.0,0.0,2677.802517,0,1,1709153875
2024-02-22,0x2722c8f9b5e2ac72d1f225f8e8c990e449ba0078,6567,0x31067fb2d970d5ca66bb5c891af66239915f365a,0.0,0.0,129.773552,0,1,1708978957
2024-02-22,0x2722c8f9b5e2ac72d1f225f8e8c990e449ba0078,6938,0xd3d99ab6981587d5522854ca370726eef63a8e4d,424.886202,424.886202,429.684449,1,1,1709086609
2024-02-22,0x2722c8f9b5e2ac72d1f225f8e8c990e449ba0078,7991,0xdbde6081017f0a9f88db0b23ea731f75e5285242,897.285922,897.285922,961.804281,1,1,1708824363
2024-02-22,0x2722c8f9b5e2ac72d1f225f8e8c990e449ba0078,8348,0x0dda3228b0729bfe7698988a669b81d4a306a8ea,0.0,0.0,22981.187942,0,1,1709136549
2024-02-22,0x2722c8f9b5e2ac72d1f225f8e8c990e449ba0078,10100,0x2bcdca8c689b4aa460b66ffde1d6b1761d41d5df,0.0,0.0,2274.440054,0,1,1709143373
2024-02-22,0x2722c8f9b5e2ac72d1f225f8e8c990e449ba0078,10911,0x418340b636a908e69e98bb0c36ec4610980dce87,48105.908213,48105.908213,0.0,1,0,1709152485
2024-02-22,0x2722c8f9b5e2ac72d1f225f8e8c990e449ba0078,10940,0x418340b636a908e69e98bb0c36ec4610980dce87,19398.704201,19398.704201,0.0,1,0,1709152595
2024-02-22,0x2722c8f9b5e2ac72d1f225f8e8c990e449ba0078,11052,0x7e2400626811b1cae987c41139c39830f4b2ba9a,942.244879,942.244879,378.751005,1,1,1709101787
2024-02-22,0x27a8afa3bd49406e48a074350fb7b2020c43b2bd,21,0x4444aaaacdba5580282365e25b16309bd770ce4a,0.0,0.0,644458.035989,0,1,1709149223
2024-02-22,0x27a8afa3bd49406e48a074350fb7b2020c43b2bd,24,0x208a17c5fabe5b90282e5906945ff335e39326c4,0.0,0.0,9272.915799,0,1,1709150649
2024-02-22,0x27a8afa3bd49406e48a074350fb7b2020c43b2bd,47,0x011b0a055e02425461a1ae95b30f483c4ff05be7,106514.573738,106514.573738,97017.308468,1,1,1709155381
2024-02-22,0x27a8afa3bd49406e48a074350fb7b2020c43b2bd,51,0x0f228805c03a693aa964a791e0b2e2c6e6c6513f,294436.067415,294436.067415,293899.145649,1,1,1709156125
2024-02-22,0x27a8afa3bd49406e48a074350fb7b2020c43b2bd,55,0x285fed35cbea271a711681e84ffd83c68a596a75,0.0,0.0,45384.385879,0,1,1709158581
2024-02-22,0x27a8afa3bd49406e48a074350fb7b2020c43b2bd,56,0x48a5a6a01ba89cddf97d2d552923d5a11401ed19,0.0,0.0,67514.276826,0,1,1709161045
2024-02-22,0x27a8afa3bd49406e48a074350fb7b2020c43b2bd,105,0x208a17c5fabe5b90282e5906945ff335e39326c4,0.0,0.0,52810.126862,0,1,1709150611
2024-02-22,0x27a8afa3bd49406e48a074350fb7b2020c43b2bd,165,0x54ecb3397b0bf31cb0b81eb2444e2a7b32507d8b,39643.504318,39643.504318,19785.606009,1,1,1709151371
2024-02-22,0x27a8afa3bd49406e48a074350fb7b2020c43b2bd,209,0xfcbb477ec276476b6029ed0467f28f5ac1712884,106697.438675,106697.438675,106502.869519,1,1,1709157265
2024-02-22,0x27a8afa3bd49406e48a074350fb7b2020c43b2bd,238,0xb6f28ae8f31d85dc27361852b986286113bc588d,0.0,0.0,42298.736339,0,1,1709157047
2024-02-22,0x27a8afa3bd49406e48a074350fb7b2020c43b2bd,251,0x73cefbf6e7766721d99192449e481567010082e2,206902.67329,206902.67329,0.0,1,0,1709157169
2024-02-22,0x27a8afa3bd49406e48a074350fb7b2020c43b2bd,289,0x95b05f935655c37ada2088c5767e5006f230b068,11611.813384,11611.813384,34946.648889,1,1,1709153629
2024-02-22,0x27a8afa3bd49406e48a074350fb7b2020c43b2bd,299,0x26553884cee0bb96f4ecea4de3ed52d88d3f2efc,55696.788411,55696.788411,0.0,1,0,1709159983
2024-02-22,0x27a8afa3bd49406e48a074350fb7b2020c43b2bd,405,0x2f707265e61300e8290c18e38ebcbd129fb0b0f5,0.0,0.0,154309.507724,0,1,1709131981
2024-02-22,0x27a8afa3bd49406e48a074350fb7b2020c43b2bd,420,0x8cc1547f2aebbbaa9466310355110427449a937f,0.0,0.0,61630.779034,0,1,1709150801
2024-02-22,0x27a8afa3bd49406e48a074350fb7b2020c43b2bd,474,0x115d0d8822efc9607c52b04628098b48970b993b,0.0,0.0,51046.105344,0,1,1709145567
2024-02-22,0x27a8afa3bd49406e48a074350fb7b2020c43b2bd,475,0xda1d9534bef3344fa5be3b644b767b349e7415c7,6546.539955,6546.539955,0.0,1,0,1709158869
2024-02-22,0x27a8afa3bd49406e48a074350fb7b2020c43b2bd,523,0xde93a283495fa2834047b53871a8e4e09f96d841,11947.036483,11947.036483,11925.250348,1,1,1709156219
2024-02-22,0x27a8afa3bd49406e48a074350fb7b2020c43b2bd,597,0x1ce0c2b445c8e87ea4c40b6e721d9a39b09f6459,18411.511637,18411.511637,9205.755818,1,1,1709153997
2024-02-22,0x27a8afa3bd49406e48a074350fb7b2020c43b2bd,739,0xdfe7ad3e0cc6fb0798e66c67c72927c49fc42478,0.0,0.0,29554.00165,0,1,1709132505
2024-02-22,0x27a8afa3bd49406e48a074350fb7b2020c43b2bd,758,0x8ccfcfa7e6133e0875192974d0d857fb7a28375e,7134.577227,7134.577227,7083.334673,1,1,1709155745
2024-02-22,0x27a8afa3bd49406e48a074350fb7b2020c43b2bd,795,0xa1bf240a6b4b54b77497cd3d741f385e0f5b5199,0.0,0.0,21996.169319,0,1,1709159125
2024-02-22,0x27a8afa3bd49406e48a074350fb7b2020c43b2bd,961,0xda90d355b1bd4d01f6124fee7669090d4cbd5778,16369.021181,16369.021181,16339.171293,1,1,1709156489
2024-02-22,0x27a8afa3bd49406e48a074350fb7b2020c43b2bd,1234,0x5a6e9ba01afdcec6bbf20d02493047fa8ccb5b98,10587.318411,10587.318411,10587.318411,1,1,1709156925
2024-02-22,0x27a8afa3bd49406e48a074350fb7b2020c43b2bd,1323,0xc74d294ec7ffd446e6fb6d18f2555e358af509fc,0.0,0.0,9031.284483,0,1,1709150507
2024-02-22,0x27a8afa3bd49406e48a074350fb7b2020c43b2bd,1651,0xb5f4af1a4b5021ae10207e1c2e119ce8249b3007,6378.075871,6378.075871,6366.445068,1,1,1709151921
2024-02-22,0x27a8afa3bd49406e48a074350fb7b2020c43b2bd,1709,0xf7c04a39e47c7ea9d6888f9389ea85846e22ae1a,5911.946076,5911.946076,0.0,1,0,1709160251
2024-02-22,0x27a8afa3bd49406e48a074350fb7b2020c43b2bd,1858,0xb83c10e1a1a713f60ce847528d44f66acc767f05,3451.359499,3451.359499,0.0,1,0,1709152907
2024-02-22,0x27a8afa3bd49406e48a074350fb7b2020c43b2bd,2009,0x33ec34b1b4bfcdc9b5e37ba4ab02f6e993a457ae,0.0,0.0,4463.136091,0,1,1709154715
2024-02-22,0x27a8afa3bd49406e48a074350fb7b2020c43b2bd,2397,0xba971f58a00e8ffc7e91c0e8e7efccbfbfe8f09e,0.0,0.0,130335.919256,0,1,1709150913
2024-02-22,0x27a8afa3bd49406e48a074350fb7b2020c43b2bd,2577,0x1de8355da82cfb8d2453a5ec3fc4c871281ab4bc,3268.175031,3268.175031,0.0,1,0,1709152029
2024-02-22,0x27a8afa3bd49406e48a074350fb7b2020c43b2bd,2803,0xa696d246c9fee573b7582bd9fac80ca795cf8dbd,0.0,0.0,1254.997838,0,1,1709159507
2024-02-22,0x27a8afa3bd49406e48a074350fb7b2020c43b2bd,2843,0x6a8db0cbd37c515a7f4c0ed6a58ae2e72c2fed33,0.0,0.0,1160.932919,0,1,1709159569
2024-02-22,0x27a8afa3bd49406e48a074350fb7b2020c43b2bd,2865,0xaff2595341a6c516db4b60b5332bb8b70f2f1625,0.0,0.0,1121.412102,0,1,1709159457
2024-02-22,0x27a8afa3bd49406e48a074350fb7b2020c43b2bd,2949,0x3c46fc2ac8101fabde89ff88da0fda895ddc1c15,0.0,0.0,1028.735413,0,1,1709159343
2024-02-22,0x27a8afa3bd49406e48a074350fb7b2020c43b2bd,3070,0x5af17f7522c9ff3700984673e0cac4754bb2b793,1916.932712,1916.932712,0.0,1,0,1709154201
2024-02-22,0x27a8afa3bd49406e48a074350fb7b2020c43b2bd,3126,0x9db3b4adc4d4e3e60c9d2761ecc913a68c8d0519,1790.638191,1790.638191,1790.638191,1,1,1709140927
2024-02-22,0x27a8afa3bd49406e48a074350fb7b2020c43b2bd,3387,0x1ba2a537a771aa4eac2f18427716557e4e744864,0.0,0.0,1468.806922,0,1,1709091889
2024-02-22,0x27a8afa3bd49406e48a074350fb7b2020c43b2bd,3449,0x4b4d6ac4d00ee2c810dcc2cca41ef437b97f1178,1355.761673,1355.761673,1355.761673,1,1,1709092147
2024-02-22,0x27a8afa3bd49406e48a074350fb7b2020c43b2bd,3781,0xaf11495f021c5c2c5f5230f40d5d57ebe4059700,0.0,0.0,36374.228242,0,1,1709160339
2024-02-22,0x27a8afa3bd49406e48a074350fb7b2020c43b2bd,5554,0xc15ab8dd7daeea5f1aa3b56507cac8a877e21b15,5384.441669,5384.441669,0.0,1,0,1709153875
2024-02-22,0x27a8afa3bd49406e48a074350fb7b2020c43b2bd,6381,0x4cdd7811ccedb0ffd3808b586bcafd6ab0acb313,0.0,0.0,401.680946,0,1,1709111965
2024-02-22,0x27a8afa3bd49406e48a074350fb7b2020c43b2bd,6808,0x8aa98470de4bf6a85f13393ae1169a5e625a4e6d,0.0,0.0,952.493943,0,1,1708896773
2024-02-22,0x27a8afa3bd49406e48a074350fb7b2020c43b2bd,7121,0x011b0a055e02425461a1ae95b30f483c4ff05be7,27578.006858,27578.006858,0.0,1,0,1709155407
2024-02-22,0x27a8afa3bd49406e48a074350fb7b2020c43b2bd,7651,0x7e4cbd9030b814c364b6b57128e5868797436d51,0.0,0.0,50.105851,0,1,1709064287
2024-02-22,0x27a8afa3bd49406e48a074350fb7b2020c43b2bd,7784,0x92ef66846aa8a259190a30d0776814aa709a0a36,1065.368303,1065.368303,532.684151,1,1,1709159655
2024-02-22,0x27a8afa3bd49406e48a074350fb7b2020c43b2bd,7785,0x7bee722ab0f67a663068872fdb4d8b0641ce8953,1095.026533,1095.026533,547.513267,1,1,1709159699
2024-02-22,0x27a8afa3bd49406e48a074350fb7b2020c43b2bd,7786,0x37e408a94d43d6ebf2b9935e4cf215049b11b499,1103.598347,1103.598347,551.799173,1,1,1709159753
2024-02-22,0x27a8afa3bd49406e48a074350fb7b2020c43b2bd,7787,0xdc172b347938b52a7c0cec91267c76b450adfde4,1225.30871,1225.30871,612.654355,1,1,1709159797
2024-02-22,0x27a8afa3bd49406e48a074350fb7b2020c43b2bd,7788,0x8febd8f1f39c7b1aa7d9415efda9a770dafd58c5,1296.6493,1296.6493,648.32465,1,1,1709159847
2024-02-22,0x27a8afa3bd49406e48a074350fb7b2020c43b2bd,8403,0x166c794d890dd91bbe71f304eca660e1c4892cbb,0.0,0.0,51695.415157,0,1,1709159371
2024-02-22,0x27a8afa3bd49406e48a074350fb7b2020c43b2bd,8638,0x1ba2a537a771aa4eac2f18427716557e4e744864,0.0,0.0,856.105668,0,1,1709092021
2024-02-22,0x27a8afa3bd49406e48a074350fb7b2020c43b2bd,9707,0x60034a6d90f54d3bbc3188033fd08b1a146802ba,1927.682955,1927.682955,1927.682955,1,1,1709124693
2024-02-22,0x27a8afa3bd49406e48a074350fb7b2020c43b2bd,10045,0xd897488b4a37eb8ee5818216a38fa4ea48ed8fa8,67.318214,67.318214,58.097425,1,1,1709015499
2024-02-22,0x27a8afa3bd49406e48a074350fb7b2020c43b2bd,11607,0xf56e55e35d2cca5a34f5ba568454974424aea0f4,111.848244,111.848244,113.412138,1,1,1708780975
2024-02-22,0x2a1463cebe85315224c536afd389b381b43f3206,15,0x657240bfbfe9e2087a0c09e54e029dfef42ba54f,1385723.149113,1385723.149113,1393151.156118,1,1,1709136441
2024-02-22,0x2a1463cebe85315224c536afd389b381b43f3206,47,0x011b0a055e02425461a1ae95b30f483c4ff05be7,0.0,0.0,376108.195843,0,1,1709155381
2024-02-22,0x2a1463cebe85315224c536afd389b381b43f3206,48,0x12478d1a60a910c9cbffb90648766a2bdd5918f5,0.0,0.0,1128584.922003,0,1,1709160293
2024-02-22,0x2a1463cebe85315224c536afd389b381b43f3206,55,0x285fed35cbea271a711681e84ffd83c68a596a75,0.0,0.0,113664.766347,0,1,1709158581
2024-02-22,0x2a1463cebe85315224c536afd389b381b43f3206,70,0xcc05670640d43bec38f48e4aaaf88df5b6e59c20,0.0,0.0,679956.073942,0,1,1709061573
2024-02-22,0x2a1463cebe85315224c536afd389b381b43f3206,114,0x611b0c1ed942b833c786c53883a4aa37a25602a6,0.0,0.0,71373.736148,0,1,1709131963
2024-02-22,0x2a1463cebe85315224c536afd389b381b43f3206,177,0xdffd8bbf8dcaf236c4e009ff6013bfc98407b6c0,0.0,0.0,58219.811404,0,1,1709154053
2024-02-22,0x2a1463cebe85315224c536afd389b381b43f3206,238,0xb6f28ae8f31d85dc27361852b986286113bc588d,0.0,0.0,42298.736339,0,1,1709157047
2024-02-22,0x2a1463cebe85315224c536afd389b381b43f3206,268,0xb6fb12999a09effdbcc6f60776331eaccc42e539,0.0,0.0,129667.541051,0,1,1709159811
2024-02-22,0x2a1463cebe85315224c536afd389b381b43f3206,299,0x26553884cee0bb96f4ecea4de3ed52d88d3f2efc,0.0,0.0,55595.221988,0,1,1709159983
2024-02-22,0x2a1463cebe85315224c536afd389b381b43f3206,342,0xe0c4bfa2072750ae2e18ed25b0cf8a58350dc24e,89799.747219,89799.747219,89635.992013,1,1,1708623127
2024-02-22,0x2a1463cebe85315224c536afd389b381b43f3206,437,0xbae3b46e29e7cfd2bba8164765d592ce9802ec70,0.0,0.0,16794.528778,0,1,1709155711
2024-02-22,0x2a1463cebe85315224c536afd389b381b43f3206,457,0x2bc87addae195da271c2cb6f773cee647aeefa60,52509.216464,52509.216464,52413.462769,1,1,1708623927
2024-02-22,0x2a1463cebe85315224c536afd389b381b43f3206,463,0x048c5753e83027bf30ef103adee49cf9612cab84,50715.694662,50715.694662,0.0,1,0,1708623515
2024-02-22,0x2a1463cebe85315224c536afd389b381b43f3206,493,0x771426817d8a829d3798ee07afef8889c4117c3c,0.0,0.0,49242.179082,0,1,1709154431
2024-02-22,0x2a1463cebe85315224c536afd389b381b43f3206,570,0x4beb7e81fbc20476b23a324ed035e538618407da,0.0,0.0,51774.034973,0,1,1709156833
2024-02-22,0x2a1463cebe85315224c536afd389b381b43f3206,770,0x94df62c754cec7c0f90262bd4b292423282888ee,0.0,0.0,11749.932414,0,1,1709159043
2024-02-22,0x2a1463cebe85315224c536afd389b381b43f3206,1413,0x53e213da8c28d85dc6663c3b5e35bb0ffbb05752,0.0,0.0,14117.468933,0,1,1709151147
2024-02-22,0x2a1463cebe85315224c536afd389b381b43f3206,1695,0x7c16c022048b25142482cf06ac98064527395290,0.0,0.0,6059.685131,0,1,1709160843
2024-02-22,0x2a1463cebe85315224c536afd389b381b43f3206,2106,0x64931189b070fc7c8c80839c8a2d9a10b83082ab,0.0,0.0,4072.81781,0,1,1709160799
2024-02-22,0x2a1463cebe85315224c536afd389b381b43f3206,2276,0x53a385d47d3a011539ec377f53acb410f53ff97d,0.0,0.0,5232.337494,0,1,1709158525
2024-02-22,0x2a1463cebe85315224c536afd389b381b43f3206,2886,0x05cefb1b44d447627bd0f341f29401790963ca9e,0.0,0.0,2253.784453,0,1,1709143637
2024-02-22,0x2a1463cebe85315224c536afd389b381b43f3206,2974,0xe0a46db77fe3932a901214bfa0a1389d3e996332,2112.010598,2112.010598,0.0,1,0,1708774939
2024-02-22,0x2a1463cebe85315224c536afd389b381b43f3206,3173,0x0d2e0083dde4d115f842c6cfc59ed17cca6bb7c9,0.0,0.0,1728.748712,0,1,1709055881
2024-02-22,0x2a1463cebe85315224c536afd389b381b43f3206,3301,0x3b528d4ab08ef019972e6bd7f40d55ab35c0846b,0.0,0.0,1576.416787,0,1,1709112985
2024-02-22,0x2a1463cebe85315224c536afd389b381b43f3206,7121,0x011b0a055e02425461a1ae95b30f483c4ff05be7,0.0,0.0,30378.80166,0,1,1709155407
2024-02-22,0x2a1463cebe85315224c536afd389b381b43f3206,7651,0x7e4cbd9030b814c364b6b57128e5868797436d51,0.0,0.0,50.105851,0,1,1709064287
2024-02-22,0x2a1463cebe85315224c536afd389b381b43f3206,9261,0xb6f28ae8f31d85dc27361852b986286113bc588d,0.0,0.0,5303.576431,0,1,1709157485
2024-02-22,0x2a1463cebe85315224c536afd389b381b43f3206,9592,0xbfdcf5eaec3145704ecad91e2b868477e762c80b,0.0,0.0,29.180237,0,1,1709018549
2024-02-22,0x2a1463cebe85315224c536afd389b381b43f3206,10295,0xc875b3dae5b0c371bc8cf9ded64868b78ac47587,342357.517462,342357.517462,668922.845551,1,1,1709162281
2024-02-22,0x2a1463cebe85315224c536afd389b381b43f3206,10296,0x03c70563e94de5de56c11a0cc4ce3482f592854f,894231.350108,894231.350108,1747213.800736,1,1,1709162329
2024-02-22,0x2a1463cebe85315224c536afd389b381b43f3206,10298,0xc9814f18a8751214f719de15c54d01b3d78ef14f,309330.648472,81244202.226379,81523067.080037,134,134,1709162249
2024-02-22,0x2a1463cebe85315224c536afd389b381b43f3206,10919,0x1cf8da0110f4cb8924aa4eba7ef3a04430897c05,0.0,0.0,309.392531,0,1,1709160809
2024-02-22,0x2a1463cebe85315224c536afd389b381b43f3206,11069,0x9bd11e9313f61b2aed601eb9d8271c3230752e7e,0.0,0.0,50226.250645,0,1,1708566495
2024-02-22,0x2b7704f1cb9324cd8586b33c6c540cbd64e58237,1139,0x742b6de8cb16327b68c83e1d6433174db89fd2e0,2644.802208,2644.802208,3227.125097,1,1,1709160663
2024-02-22,0x2b7704f1cb9324cd8586b33c6c540cbd64e58237,3678,0xb77d14282f00dc08d1df2bccae8bed8cae1ee461,1086.240381,1086.240381,1086.240381,1,1,1709112723
2024-02-22,0x2b7704f1cb9324cd8586b33c6c540cbd64e58237,3817,0x547b324b3f9e1f9f436fede6e88ae1ca816db6f3,0.0,0.0,1111.580138,0,1,1709152701
2024-02-22,0x2b7704f1cb9324cd8586b33c6c540cbd64e58237,3905,0xa2495a057e796b351d9579c2eaac2c60d5546633,0.0,0.0,905.428104,0,1,1709045541
2024-02-22,0x2b7704f1cb9324cd8586b33c6c540cbd64e58237,7121,0x011b0a055e02425461a1ae95b30f483c4ff05be7,984.928816,984.928816,7766.748644,1,1,1709155407
2024-02-22,0x2b7704f1cb9324cd8586b33c6c540cbd64e58237,7122,0x011b0a055e02425461a1ae95b30f483c4ff05be7,0.0,0.0,2999.957912,0,1,1709155433
2024-02-22,0x2b7704f1cb9324cd8586b33c6c540cbd64e58237,12061,0x87f16c31e32ae543278f5194cf94862f1cb1eee0,0.0,0.0,1376.0,0,1,1708609157
2024-02-22,0x2d25e0514f23c6367687de89bd5167dc754d4934,12,0xd204e3dc1937d3a30fc6f20abc48ac5506c94d1e,2396581.474063,2396581.474063,3659249.868487,1,1,1708974003
2024-02-22,0x2d25e0514f23c6367687de89bd5167dc754d4934,257,0x4026b3da349c2952255ca9db4f055ea57f4e037c,0.0,0.0,137227.190129,0,1,1709153589
2024-02-22,0x2d25e0514f23c6367687de89bd5167dc754d4934,275,0xa810ffea2709c116ef180d090c142fc5e08586a7,0.0,0.0,65112.546133,0,1,1709152385
2024-02-22,0x2d25e0514f23c6367687de89bd5167dc754d4934,443,0x71fbfe41a9ddedd13ef25a337fae01438064a08d,0.0,0.0,53770.420269,0,1,1709135253
2024-02-22,0x2d25e0514f23c6367687de89bd5167dc754d4934,512,0x3b1b211b3fce0d1ee9f5e1afeecadeb98378d0b0,0.0,0.0,10907.557494,0,1,1709105263
2024-02-22,0x2d25e0514f23c6367687de89bd5167dc754d4934,753,0xee57d8989170370a6f88b2f99395b81204117bf2,4019.878394,4019.878394,4012.547906,1,1,1709148759
2024-02-22,0x2d25e0514f23c6367687de89bd5167dc754d4934,1139,0x742b6de8cb16327b68c83e1d6433174db89fd2e0,1322.401104,1322.401104,3227.125097,1,1,1709160663
2024-02-22,0x2d25e0514f23c6367687de89bd5167dc754d4934,1363,0x43d16ccd581e1d6a8d51768f75ddf09b79f4f856,1322.806143,1322.806143,2200.656544,1,1,1709160245
2024-02-22,0x2d25e0514f23c6367687de89bd5167dc754d4934,1637,0x9ba500a46c672aea761142a4a97a2e689f01e199,0.0,0.0,6289.638007,0,1,1709147239
2024-02-22,0x2d25e0514f23c6367687de89bd5167dc754d4934,1811,0x410f2959ee9c8115ca6cf0f817b14373b63b5d4c,0.0,0.0,1825.766104,0,1,1709160655
2024-02-22,0x2d25e0514f23c6367687de89bd5167dc754d4934,1880,0x064b902d2d6e02247508f13f05142b8cd326a5b3,0.0,0.0,4699.318216,0,1,1709147369
2024-02-22,0x2d25e0514f23c6367687de89bd5167dc754d4934,1963,0x97d2204d2427236e4d5611e6d7a5de5945dd4715,0.0,0.0,4348.068596,0,1,1709147309
2024-02-22,0x2d25e0514f23c6367687de89bd5167dc754d4934,1981,0xb9948e7f65942eaa4fcbf7f7ec331d7a41caf43c,0.0,0.0,4289.644675,0,1,1709147339
2024-02-22,0x2d25e0514f23c6367687de89bd5167dc754d4934,1998,0xda4488f2fe0ff3e2ded87ed63d3e1d3d074df276,0.0,0.0,4251.032802,0,1,1709147283
2024-02-22,0x2d25e0514f23c6367687de89bd5167dc754d4934,2031,0x3b19bbe2e348371360ab39238fdf1b86d7c21b9e,0.0,0.0,4164.234177,0,1,1709147397
2024-02-22,0x2d25e0514f23c6367687de89bd5167dc754d4934,2074,0x81dc17b949cd4591d6b8f1ee826cd5294c9a0d7a,0.0,0.0,4061.187779,0,1,1709147427
2024-02-22,0x2d25e0514f23c6367687de89bd5167dc754d4934,2084,0xfbe3952035fa70018d8003de1e9956d22bf2eebb,0.0,0.0,4041.852707,0,1,1709147493
2024-02-22,0x2d25e0514f23c6367687de89bd5167dc754d4934,2141,0x3412c43a36e80263707dfba6078ac9b5871e2ec7,3956.823697,3956.823697,3956.823697,1,1,1708583879
2024-02-22,0x2d25e0514f23c6367687de89bd5167dc754d4934,2553,0x00a01bc13a1ddf4a4af6852baee66b76a0316cbc,3232.259254,3232.259254,3226.365036,1,1,1709144371
2024-02-22,0x2d25e0514f23c6367687de89bd5167dc754d4934,2721,0x5fb5e55431ad15f6f262a594d3be218acedb9268,0.0,0.0,2896.032621,0,1,1709021699
2024-02-22,0x2d25e0514f23c6367687de89bd5167dc754d4934,3417,0x0eec442c632f5da69cac03439cecd6cc001f1a71,0.0,0.0,1412.066364,0,1,1709107371
2024-02-22,0x2d25e0514f23c6367687de89bd5167dc754d4934,3551,0x5be66f4095f89bd18abe4ae9d2acd5021ec433bc,13249.999561,13249.999561,12999.999561,1,1,1709160179
2024-02-22,0x2d25e0514f23c6367687de89bd5167dc754d4934,4083,0xf518fa3344ba498f1b9decbe1b9c7f0e1960ea29,911.441516,911.441516,899.506052,1,1,1708995229
2024-02-22,0x2d25e0514f23c6367687de89bd5167dc754d4934,4344,0x23df87ead1b7219f59a8f9172e5537ce7fdc0d84,0.0,0.0,594.188891,0,1,1709103495
2024-02-22,0x2d25e0514f23c6367687de89bd5167dc754d4934,5058,0x3194442e87fcc749a8616e6a8413b56cedc0ba49,396.847561,396.847561,396.847561,1,1,1708650187
2024-02-22,0x2d25e0514f23c6367687de89bd5167dc754d4934,5137,0xaaace11297d9ff901b46171df27ea60e174790cc,390.587655,390.587655,390.587655,1,1,1708663295
2024-02-22,0x2d25e0514f23c6367687de89bd5167dc754d4934,5334,0x0aab76fddcb7deca2c4ca111fce385af3b016c2e,189.883452,189.883452,189.883452,1,1,1708746161
2024-02-22,0x2d25e0514f23c6367687de89bd5167dc754d4934,5503,0x16d6995da1c23df1ca7ca7f47dc8abe3aed31e3c,371.561018,371.561018,371.561018,1,1,1709041089
2024-02-22,0x2d25e0514f23c6367687de89bd5167dc754d4934,5513,0xa7994df7c06a54781b2e338eef9f82d7a71e6721,371.132896,371.132896,371.132896,1,1,1709041127
2024-02-22,0x2d25e0514f23c6367687de89bd5167dc754d4934,5529,0x16010bd4a55d758db2dd17e0ff3bba97861b712a,370.72316,370.72316,370.72316,1,1,1709042271
2024-02-22,0x2d25e0514f23c6367687de89bd5167dc754d4934,5561,0xd06a36699e8755bd2c8f81cec9309d3e3a98d004,0.0,0.0,369.535821,0,1,1709137389
2024-02-22,0x2d25e0514f23c6367687de89bd5167dc754d4934,5755,0x4e6ff0ecb647bb5c49ba5be891fde2d482fa9d03,191.141288,191.141288,182.129387,1,1,1708777037
2024-02-22,0x2d25e0514f23c6367687de89bd5167dc754d4934,5758,0x7072be7bceaeb49466821055d86118b546d9c423,0.0,0.0,364.322526,0,1,1709127671
2024-02-22,0x2d25e0514f23c6367687de89bd5167dc754d4934,5898,0x7c0111879da162e53360f4a379c8cb25c81bb299,90.080776,90.080776,90.080776,1,1,1708746169
2024-02-22,0x2d25e0514f23c6367687de89bd5167dc754d4934,5981,0xf9c8c607a68175dcd87d0ba846af9b6629e27e16,0.0,0.0,71.41489,0,1,1709045733
2024-02-22,0x2d25e0514f23c6367687de89bd5167dc754d4934,6045,0x2961768cc229226e7d83c0141c133789487ba763,0.0,0.0,355.526755,0,1,1709032147
2024-02-22,0x2d25e0514f23c6367687de89bd5167dc754d4934,6489,0x119b2be32ae0c5c594df2ceada9af7a3ded3f758,0.0,812.422876,1536.055243,1,2,1708670917
2024-02-22,0x2d25e0514f23c6367687de89bd5167dc754d4934,10294,0x48a6a8d403a58eccc70d4d57347f801d4e182564,0.0,0.0,501386.046309,0,1,1709146349
2024-02-22,0x323121cd6f6274c9aeb9f87e0664c8fda5d343a5,47,0x011b0a055e02425461a1ae95b30f483c4ff05be7,0.0,0.0,62463.198603,0,1,1709155381
2024-02-22,0x323121cd6f6274c9aeb9f87e0664c8fda5d343a5,68,0x132e47cf2c19ec2d8dd56e1528fc7e18dc09188f,0.0,0.0,56800.935379,0,1,1709148573
2024-02-22,0x323121cd6f6274c9aeb9f87e0664c8fda5d343a5,109,0xbe7019f8333b0b3cfc707ac353ebc2123140134c,126377.785087,126377.785087,0.0,1,0,1709159393
2024-02-22,0x323121cd6f6274c9aeb9f87e0664c8fda5d343a5,163,0x7ed7888f3bf70ed07f94fd7381d39476928331f7,0.0,0.0,70091.572799,0,1,1709157257
2024-02-22,0x323121cd6f6274c9aeb9f87e0664c8fda5d343a5,204,0x3aee7d5600c29ee7e4482c810746081313460738,0.0,0.0,106396.579215,0,1,1709159419
2024-02-22,0x323121cd6f6274c9aeb9f87e0664c8fda5d343a5,287,0x28431a1446c86434ded04f7f8ba6808649329f4d,0.0,0.0,119121.862463,0,1,1709158569
2024-02-22,0x323121cd6f6274c9aeb9f87e0664c8fda5d343a5,362,0x5929cc4d10b6a1acc5bf5d221889f10251c628a1,0.0,0.0,14793.787747,0,1,1709158141
2024-02-22,0x323121cd6f6274c9aeb9f87e0664c8fda5d343a5,571,0xc2edb9c398e1d632ad81647a26254c33801685df,0.0,0.0,47176.502677,0,1,1709000677
2024-02-22,0x323121cd6f6274c9aeb9f87e0664c8fda5d343a5,718,0xe12dbb4320caa9035c5d104620aa7a0debcbd554,6692.700805,6692.700805,0.0,1,0,1709159569
2024-02-22,0x323121cd6f6274c9aeb9f87e0664c8fda5d343a5,743,0x55f007605d7f78ba48beae6034ec46a2bbe98d3d,0.0,0.0,25363.578089,0,1,1709159327
2024-02-22,0x323121cd6f6274c9aeb9f87e0664c8fda5d343a5,799,0xe7090015768ed8f07ada91bded606f3bc44100b4,0.0,0.0,11174.923898,0,1,1709158481
2024-02-22,0x323121cd6f6274c9aeb9f87e0664c8fda5d343a5,801,0x2c9c3050b242df683c5db26a0c5874c938e06b8f,0.0,0.0,22324.784994,0,1,1709140965
2024-02-22,0x323121cd6f6274c9aeb9f87e0664c8fda5d343a5,842,0x58bcf1ac25551dd4eb790f2ef68c1857dcd67d9b,5248.561371,5248.561371,0.0,1,0,1709159739
2024-02-22,0x323121cd6f6274c9aeb9f87e0664c8fda5d343a5,989,0xe53f4d44c45dbc16a20ab64f8a8b4404ddbbefec,28844.747473,28844.747473,0.0,1,0,1709160721
2024-02-22,0x323121cd6f6274c9aeb9f87e0664c8fda5d343a5,1465,0xf6081c039aa4df979d57aff3fe1e0d10ad5927b2,0.0,0.0,7792.334679,0,1,1709157617
2024-02-22,0x323121cd6f6274c9aeb9f87e0664c8fda5d343a5,1656,0xcbbfa40f36f0fda22f28bc25e43d52573d6826db,0.0,0.0,6349.251411,0,1,1709155857
2024-02-22,0x323121cd6f6274c9aeb9f87e0664c8fda5d343a5,1874,0xf9b7c16bf0658f0f1cfac7d8487d1284e72ac931,4847.976845,4847.976845,4839.136269,1,1,1709160915
2024-02-22,0x323121cd6f6274c9aeb9f87e0664c8fda5d343a5,2105,0x4ffd0a59a26cb2aa76d403215e4cc2845c053994,4060.765161,4060.765161,0.0,1,0,1709159215
2024-02-22,0x323121cd6f6274c9aeb9f87e0664c8fda5d343a5,2280,0x0630717c9c6baeabd2b0852e09df08febaccd227,0.0,0.0,7167.179442,0,1,1709147623
2024-02-22,0x323121cd6f6274c9aeb9f87e0664c8fda5d343a5,3041,0x7caea457224c345d1518a23fbd07ebdbdd21170c,0.0,0.0,379.088145,0,1,1709145789
2024-02-22,0x323121cd6f6274c9aeb9f87e0664c8fda5d343a5,3908,0xf60de76791c2f09995df52aa1c6e2e7dcf1e75d7,0.0,0.0,8706.997304,0,1,1709154139
2024-02-22,0x323121cd6f6274c9aeb9f87e0664c8fda5d343a5,4164,0x9bd11e9313f61b2aed601eb9d8271c3230752e7e,0.0,0.0,11864.507203,0,1,1708566573
2024-02-22,0x323121cd6f6274c9aeb9f87e0664c8fda5d343a5,7121,0x011b0a055e02425461a1ae95b30f483c4ff05be7,0.0,0.0,11699.279604,0,1,1709155407
2024-02-22,0x323121cd6f6274c9aeb9f87e0664c8fda5d343a5,7651,0x7e4cbd9030b814c364b6b57128e5868797436d51,0.0,0.0,50.105851,0,1,1709064287
2024-02-22,0x323121cd6f6274c9aeb9f87e0664c8fda5d343a5,9244,0x0302f495deee51627014e73e3b5f937fbdfb2680,0.0,0.0,11603.341967,0,1,1709158237
2024-02-22,0x323121cd6f6274c9aeb9f87e0664c8fda5d343a5,9282,0x5929cc4d10b6a1acc5bf5d221889f10251c628a1,0.0,0.0,19466.086982,0,1,1709158237
2024-02-22,0x323121cd6f6274c9aeb9f87e0664c8fda5d343a5,10002,0x285fed35cbea271a711681e84ffd83c68a596a75,57879.515177,57879.515177,57773.968422,1,1,1709158627
2024-02-22,0x323121cd6f6274c9aeb9f87e0664c8fda5d343a5,10940,0x418340b636a908e69e98bb0c36ec4610980dce87,0.0,0.0,19494.775946,0,1,1709152595
2024-02-22,0x323121cd6f6274c9aeb9f87e0664c8fda5d343a5,11107,0x9445e93057f3f5e3452ce50fc867b22a48b4d82a,4035.669832,4035.669832,0.0,1,0,1709111825
2024-02-22,0x323121cd6f6274c9aeb9f87e0664c8fda5d343a5,11295,0x9bd11e9313f61b2aed601eb9d8271c3230752e7e,0.0,0.0,2304.59893,0,1,1708566625
2024-02-22,0x323121cd6f6274c9aeb9f87e0664c8fda5d343a5,12118,0x9bd11e9313f61b2aed601eb9d8271c3230752e7e,0.0,0.0,4902.0,0,1,1708566673
2024-02-22,0x3f386acc3a8e9194cf6279c219df8dd3c5b71974,24,0x208a17c5fabe5b90282e5906945ff335e39326c4,0.0,0.0,9272.915799,0,1,1709150649
2024-02-22,0x3f386acc3a8e9194cf6279c219df8dd3c5b71974,43,0x2ddb405238368695f34d30a80ab60c449aa5ce48,0.0,0.0,61625.916605,0,1,1709151115
2024-02-22,0x3f386acc3a8e9194cf6279c219df8dd3c5b71974,55,0x285fed35cbea271a711681e84ffd83c68a596a75,0.0,0.0,181863.626156,0,1,1709158581
2024-02-22,0x3f386acc3a8e9194cf6279c219df8dd3c5b71974,105,0x208a17c5fabe5b90282e5906945ff335e39326c4,0.0,0.0,52810.126862,0,1,1709150611
2024-02-22,0x3f386acc3a8e9194cf6279c219df8dd3c5b71974,144,0x89808c49f858b86e80b892506cf11606fb25fcdc,0.0,0.0,350647.68586,0,1,1709119801
2024-02-22,0x3f386acc3a8e9194cf6279c219df8dd3c5b71974,449,0xf6657bbcfeb5c2746e8c609e35018a5a8caa13fb,0.0,0.0,18098.684354,0,1,1709102759
2024-02-22,0x3f386acc3a8e9194cf6279c219df8dd3c5b71974,536,0xf6ed81d5e9f61dd1ea21e96ae1d660ecc388ae4f,0.0,0.0,12371.057782,0,1,1709150303
2024-02-22,0x3f386acc3a8e9194cf6279c219df8dd3c5b71974,625,0xc814d2ef6d893568c74cd969eb6f72a62fc261f7,34963.479296,34963.479296,34899.721302,1,1,1709151571
2024-02-22,0x3f386acc3a8e9194cf6279c219df8dd3c5b71974,1095,0x8f246d1a8b2fde3943b040fee5ebb3ecc82f7338,0.0,0.0,12977.85861,0,1,1709070091
2024-02-22,0x3f386acc3a8e9194cf6279c219df8dd3c5b71974,1197,0x0be4eb0e89abed9f52d94f1550c22a16008cc463,0.0,0.0,3572.402815,0,1,1709160459
2024-02-22,0x3f386acc3a8e9194cf6279c219df8dd3c5b71974,1286,0xa60dd9d42fdd43e91da63bd261997e14f21c69fd,0.0,0.0,11135.067714,0,1,1709105547
2024-02-22,0x3f386acc3a8e9194cf6279c219df8dd3c5b71974,1322,0x3a781cb383b65a1fff97ce061c3d35a1c09e6960,0.0,0.0,14701.470603,0,1,1709098725
2024-02-22,0x3f386acc3a8e9194cf6279c219df8dd3c5b71974,1396,0xba3e2dc0119d8b84ef61c0c48a923054bec9665b,4268.732608,4268.732608,4260.948319,1,1,1708639101
2024-02-22,0x3f386acc3a8e9194cf6279c219df8dd3c5b71974,1832,0x8c580556fdb1f57853e49f409ae9b89f7658e7a2,0.0,0.0,7961.071319,0,1,1709155759
2024-02-22,0x3f386acc3a8e9194cf6279c219df8dd3c5b71974,2011,0xe116d5f4ccd817e93a4827b4b1166fb3fa61bec5,0.0,0.0,4319.958572,0,1,1709075497
2024-02-22,0x3f386acc3a8e9194cf6279c219df8dd3c5b71974,2184,0xcf6862511797537ebf04ea5b16e08ce1826ed413,3894.689691,3894.689691,3894.689691,1,1,1709157399
2024-02-22,0x3f386acc3a8e9194cf6279c219df8dd3c5b71974,2194,0x74597a233e403ac2f48c40dd66fde8d22d6634f2,0.0,0.0,3876.181248,0,1,1709150355
2024-02-22,0x3f386acc3a8e9194cf6279c219df8dd3c5b71974,2362,0xbaa9b493bccbe1a900b39870980f41356f85822a,0.0,0.0,6493.082328,0,1,1709150013
2024-02-22,0x3f386acc3a8e9194cf6279c219df8dd3c5b71974,2430,0x1b6a83f6fcf3ab0879199350f4556aecf42a6180,3334.362941,3334.362941,3334.362941,1,1,1708612739
2024-02-22,0x3f386acc3a8e9194cf6279c219df8dd3c5b71974,2481,0x91544e0d0ee6361152f06891b52e778b3614d253,1667.747339,3335.494679,1667.747339,2,1,1709028157
2024-02-22,0x3f386acc3a8e9194cf6279c219df8dd3c5b71974,2856,0xf3b059c887172f2cc52b5e77ee3b2c8b3a32e6ef,5890.313393,5890.313393,5869.489272,1,1,1708987971
2024-02-22,0x3f386acc3a8e9194cf6279c219df8dd3c5b71974,3362,0x7ffbeb62cf6e5e53f898ba52d66d29ca3b2851fd,0.0,0.0,47004.161761,0,1,1709160205
2024-02-22,0x3f386acc3a8e9194cf6279c219df8dd3c5b71974,3501,0xb3654d8cb57f03410ea7e0a699fa3261394dcbcf,0.0,0.0,649.488537,0,1,1709152941
2024-02-22,0x3f386acc3a8e9194cf6279c219df8dd3c5b71974,3622,0x69794735ca88de2ec2426fb20f416fa00f64ad37,0.0,0.0,4157.112776,0,1,1709039827
2024-02-22,0x3f386acc3a8e9194cf6279c219df8dd3c5b71974,3861,0xfa2049ac8f12fc423c8d28754da0d7e72ccc7a9c,962.561707,962.561707,0.0,1,0,1708589223
2024-02-22,0x3f386acc3a8e9194cf6279c219df8dd3c5b71974,5027,0x905285888823e842e79a67005500822110f72411,399.173777,399.173777,399.173777,1,1,1709113291
2024-02-22,0x3f386acc3a8e9194cf6279c219df8dd3c5b71974,7651,0x7e4cbd9030b814c364b6b57128e5868797436d51,0.0,0.0,50.105851,0,1,1709064287
2024-02-22,0x3f386acc3a8e9194cf6279c219df8dd3c5b71974,10396,0x9a9bfa5ff9f86235779814d43f77c7669f6766f2,715.47492,715.47492,724.821582,1,1,1708970417
2024-02-22,0x3f386acc3a8e9194cf6279c219df8dd3c5b71974,10877,0x6f9449a07cfe89fd8a6e040a0c9d8eecfeb6f3fc,0.0,0.0,0.246618,0,1,1708901969
2024-02-22,0x3f386acc3a8e9194cf6279c219df8dd3c5b71974,12103,0xa810ffea2709c116ef180d090c142fc5e08586a7,0.0,0.0,4128.0,0,1,1708629553
2024-02-22,0x3f386acc3a8e9194cf6279c219df8dd3c5b71974,12226,0x2fcfcf3d30851533d4c13b35646a73b2d4c5b990,1.725544,1.725544,0.0,1,0,1708762027
2024-02-22,0x3fc28bfac25fc8e93b5b2fc15efbbd5a8aa44efe,121,0xede54584f748480851cad467b82c6a1173bebe10,117123.418622,117123.418622,116909.837068,1,1,1708565683
2024-02-22,0x3fc28bfac25fc8e93b5b2fc15efbbd5a8aa44efe,780,0xc4b4691d8c9194e9f98e2609e6f8481ba713dd2a,0.0,0.0,22901.423414,0,1,1709155671
2024-02-22,0x3fc28bfac25fc8e93b5b2fc15efbbd5a8aa44efe,1110,0xfcf80133cd4e8d79ddf8125a32980398a0b074d0,0.0,0.0,12901.805108,0,1,1709154795
2024-02-22,0x3fc28bfac25fc8e93b5b2fc15efbbd5a8aa44efe,1636,0x5343f404f7293bcb1ec7eddb1077b152039b739e,6448.503223,6448.503223,6436.743992,1,1,1708852323
2024-02-22,0x3fc28bfac25fc8e93b5b2fc15efbbd5a8aa44efe,1800,0x3d78ace36ab76eae6dbfda33e2835873bccc095d,0.0,0.0,5096.90646,0,1,1709048271
2024-02-22,0x3fc28bfac25fc8e93b5b2fc15efbbd5a8aa44efe,3072,0x6eabe04636a21156a56bb3ce4096ce49dbc280ed,460.681133,460.681133,460.681133,1,1,1708829481
2024-02-22,0x3fc28bfac25fc8e93b5b2fc15efbbd5a8aa44efe,3698,0x413db04a4d7207cae7a7686639ce68caac137bae,276.044094,276.044094,1077.454053,1,1,1709071849
2024-02-22,0x3fc28bfac25fc8e93b5b2fc15efbbd5a8aa44efe,3803,0x13539c39d6fec4c28ab795abc8bfc363e6a79ff3,0.0,0.0,998.806294,0,1,1709017423
2024-02-22,0x3fc28bfac25fc8e93b5b2fc15efbbd5a8aa44efe,4908,0x563476aa7b6f95c803a1e0115bd0902b4fb54e07,0.0,0.0,410.321391,0,1,1709035579
2024-02-22,0x3fc28bfac25fc8e93b5b2fc15efbbd5a8aa44efe,5141,0xd65032c4db4c84acd6b59aa57f71b7bdd4fcebea,0.0,0.0,390.171375,0,1,1708914179
2024-02-22,0x3fc28bfac25fc8e93b5b2fc15efbbd5a8aa44efe,5308,0xdc8b6fecd8a54f6f1ceaa40695c79ae616289869,0.0,0.0,380.972215,0,1,1708844951
2024-02-22,0x3fc28bfac25fc8e93b5b2fc15efbbd5a8aa44efe,5310,0xfde87dd7cd63a7ec9c8ada59b8b59654c2cd0b3a,0.0,0.0,380.831453,0,1,1708935269
2024-02-22,0x3fc28bfac25fc8e93b5b2fc15efbbd5a8aa44efe,5337,0x61f8c99f4acde25dac0c591f5e6b4b635ab2f7c5,0.0,0.0,189.623413,0,1,1709037341
2024-02-22,0x3fc28bfac25fc8e93b5b2fc15efbbd5a8aa44efe,5387,0x4c06e070948da41d44efc48630ccce9ff27359af,0.0,0.0,377.15262,0,1,1708918023
2024-02-22,0x3fc28bfac25fc8e93b5b2fc15efbbd5a8aa44efe,5391,0xf41bce5740ad4d098cb887ca93a24409f038c838,385.592433,385.592433,383.579585,1,1,1708763371
2024-02-22,0x3fc28bfac25fc8e93b5b2fc15efbbd5a8aa44efe,5461,0x98ff99d85ac986e9ff8f54fb41ebcde9e80eba52,0.0,0.0,373.582431,0,1,1708865323
2024-02-22,0x3fc28bfac25fc8e93b5b2fc15efbbd5a8aa44efe,5672,0x9b5ff1761d0e543c0b0da662c7dd8079f7c7bcef,0.0,0.0,366.704585,0,1,1708861609
2024-02-22,0x3fc28bfac25fc8e93b5b2fc15efbbd5a8aa44efe,5979,0xadb2cc3215c14960240ac2e8f62371e1382497ef,69.836066,69.836066,86.695181,1,1,1709050819
2024-02-22,0x3fc28bfac25fc8e93b5b2fc15efbbd5a8aa44efe,7169,0x80039dc3d5bb48ec4bd822c4e8828574fdcc51a6,177.029042,177.029042,177.029042,1,1,1709122863
2024-02-22,0x3fc28bfac25fc8e93b5b2fc15efbbd5a8aa44efe,8794,0xab833e38a35164c9edae07b9747ab6d32434bef1,0.0,0.0,4.878274,0,1,1708990835
2024-02-22,0x3fc28bfac25fc8e93b5b2fc15efbbd5a8aa44efe,9088,0x860b3630a3534f707d1dc7b98757bbec8446d736,0.0,0.0,85.784948,0,1,1708901229
2024-02-22,0x3fc28bfac25fc8e93b5b2fc15efbbd5a8aa44efe,9553,0xe8a72473c8f430edcf645e57710031b025edfecc,0.0,0.0,133.102623,0,1,1709051113
2024-02-22,0x3fc28bfac25fc8e93b5b2fc15efbbd5a8aa44efe,12226,0x2fcfcf3d30851533d4c13b35646a73b2d4c5b990,0.862772,0.862772,0.0,1,0,1708762027
2024-02-22,0x413d78628d688edcde29518199a3a3db955068ec,21,0x4444aaaacdba5580282365e25b16309bd770ce4a,406956.744279,406956.744279,0.0,1,0,1709149223
2024-02-22,0x413d78628d688edcde29518199a3a3db955068ec,24,0x208a17c5fabe5b90282e5906945ff335e39326c4,0.0,0.0,9272.915799,0,1,1709150649
2024-02-22,0x413d78628d688edcde29518199a3a3db955068ec,47,0x011b0a055e02425461a1ae95b30f483c4ff05be7,53257.286869,53257.286869,146190.464815,1,1,1709155381
2024-02-22,0x413d78628d688edcde29518199a3a3db955068ec,56,0x48a5a6a01ba89cddf97d2d552923d5a11401ed19,0.0,0.0,135028.553652,0,1,1709161045
2024-02-22,0x413d78628d688edcde29518199a3a3db955068ec,68,0x132e47cf2c19ec2d8dd56e1528fc7e18dc09188f,142429.517174,142429.517174,142002.338447,1,1,1709148573
2024-02-22,0x413d78628d688edcde29518199a3a3db955068ec,72,0x712180063c3b8aaedabc68e73803c3e299614749,494335.910859,494335.910859,0.0,1,0,1708932819
2024-02-22,0x413d78628d688edcde29518199a3a3db955068ec,105,0x208a17c5fabe5b90282e5906945ff335e39326c4,0.0,0.0,26405.063431,0,1,1709150611
2024-02-22,0x413d78628d688edcde29518199a3a3db955068ec,112,0x5c965d2f24e8fc49146575b039fbda4033d3cf94,0.0,0.0,846257.476577,0,1,1709133549
2024-02-22,0x413d78628d688edcde29518199a3a3db955068ec,151,0x5275817b74021e97c980e95ede6bbac0d0d6f3a2,0.0,0.0,100390.997633,0,1,1709065975
2024-02-22,0x413d78628d688edcde29518199a3a3db955068ec,209,0xfcbb477ec276476b6029ed0467f28f5ac1712884,106697.438675,106697.438675,0.0,1,0,1709157265
2024-02-22,0x413d78628d688edcde29518199a3a3db955068ec,405,0x2f707265e61300e8290c18e38ebcbd129fb0b0f5,0.0,0.0,154309.507724,0,1,1709131981
2024-02-22,0x413d78628d688edcde29518199a3a3db955068ec,445,0x24ed7409cb9f1adbe5b83c86a237049da6eca675,212675.505848,212675.505848,212287.679353,1,1,1708812845
2024-02-22,0x413d78628d688edcde29518199a3a3db955068ec,449,0xf6657bbcfeb5c2746e8c609e35018a5a8caa13fb,18098.670798,18098.670798,18098.684354,1,1,1709102759
2024-02-22,0x413d78628d688edcde29518199a3a3db955068ec,469,0xe47fd677ba6d3738cec98aa18bb6fa015b6f7bda,49567.607528,49567.607528,0.0,1,0,1708866657
2024-02-22,0x413d78628d688edcde29518199a3a3db955068ec,557,0xeaceb7f4cddb1177b752ef682ad7a0c5cd31fc05,0.0,0.0,39853.66489,0,1,1709156665
2024-02-22,0x413d78628d688edcde29518199a3a3db955068ec,606,0x27f33f5af3125c7488051134872e6e7a3c5a644a,36206.829867,36206.829867,0.0,1,0,1708937679
2024-02-22,0x413d78628d688edcde29518199a3a3db955068ec,841,0x87cd8b143992d6bbafb4701e8c463df59d787568,20835.322531,20835.322531,0.0,1,0,1709140795
2024-02-22,0x413d78628d688edcde29518199a3a3db955068ec,859,0x0db56c99b8ad68f35f4b1772a4ffed3fb16204f6,21266.86894,21266.86894,0.0,1,0,1708802475
2024-02-22,0x413d78628d688edcde29518199a3a3db955068ec,946,0x4523b791292da89a9194b61ba4cd9d98f2af68e0,16835.52773,16835.52773,0.0,1,0,1709138555
2024-02-22,0x413d78628d688edcde29518199a3a3db955068ec,998,0xf240afaf9a72ba475b9799581d985a40db1a900b,0.0,0.0,15443.462254,0,1,1709140129
2024-02-22,0x413d78628d688edcde29518199a3a3db955068ec,1256,0x5345462544ed763639519376c298e939228dd1f4,10585.764613,10585.764613,0.0,1,0,1709145389
2024-02-22,0x413d78628d688edcde29518199a3a3db955068ec,1457,0x26b5e14dbf21bfb62bff869f5f4bce8dbddbcfca,1971.275647,1971.275647,0.0,1,0,1708951003
2024-02-22,0x413d78628d688edcde29518199a3a3db955068ec,1585,0x6f7e3d13f1dc8077892749322eeb8b39ff7b0917,6781.806809,6781.806809,0.0,1,0,1708814881
2024-02-22,0x413d78628d688edcde29518199a3a3db955068ec,1586,0x446925b8fa3ce7072a6f389df46150978da748fb,6753.29745,6753.29745,0.0,1,0,1708815187
2024-02-22,0x413d78628d688edcde29518199a3a3db955068ec,1988,0x4f69c39fe8e37b0b4d9b439a05f89c25f2c658d3,4269.38878,4269.38878,0.0,1,0,1708905445
2024-02-22,0x413d78628d688edcde29518199a3a3db955068ec,1990,0x5f14568ba9750b5fcdcb8d50163594da0bdcfe2a,4372.548054,4372.548054,4267.080356,1,1,1708835013
2024-02-22,0x413d78628d688edcde29518199a3a3db955068ec,2043,0x29976c9c4ca5d92d70cccd2611eef58f1ffe158d,4244.501581,4244.501581,4142.122417,1,1,1708835603
2024-02-22,0x413d78628d688edcde29518199a3a3db955068ec,2276,0x53a385d47d3a011539ec377f53acb410f53ff97d,5232.337494,5232.337494,0.0,1,0,1709158525
2024-02-22,0x413d78628d688edcde29518199a3a3db955068ec,2319,0x0e80a01f8e69d535975fa34e64498651bc74247f,0.0,0.0,9490.839904,0,1,1709147669
2024-02-22,0x413d78628d688edcde29518199a3a3db955068ec,2405,0x3ee5a77e6d176f42eaf653d9f49fcb8adabbb6fc,3424.187291,3424.187291,0.0,1,0,1708815429
2024-02-22,0x413d78628d688edcde29518199a3a3db955068ec,2435,0x61f12ea36c822a30eef51941368ad8f54cf372a0,3398.597122,3398.597122,0.0,1,0,1708815107
2024-02-22,0x413d78628d688edcde29518199a3a3db955068ec,2522,0xc693b4ffb338579467a541b2bf267b1955870920,810.639249,810.639249,0.0,1,0,1709160781
2024-02-22,0x413d78628d688edcde29518199a3a3db955068ec,2650,0x04795cdee2b677b46878896dae76be5cb174dac6,3432.234609,3432.234609,0.0,1,0,1708947595
2024-02-22,0x413d78628d688edcde29518199a3a3db955068ec,2798,0xa2bf60058c0657c45fdd1741220b4a7f0da91ca3,2631.42784,2631.42784,0.0,1,0,1708904127
2024-02-22,0x413d78628d688edcde29518199a3a3db955068ec,3041,0x7caea457224c345d1518a23fbd07ebdbdd21170c,1895.440725,1895.440725,0.0,1,0,1709145789
2024-02-22,0x413d78628d688edcde29518199a3a3db955068ec,3429,0x409e3d30661e8a3385241c6afb546b9a5fcd3d00,1392.117045,1392.117045,0.0,1,0,1708919191
2024-02-22,0x413d78628d688edcde29518199a3a3db955068ec,3781,0xaf11495f021c5c2c5f5230f40d5d57ebe4059700,0.0,0.0,36374.228242,0,1,1709160339
2024-02-22,0x413d78628d688edcde29518199a3a3db955068ec,7056,0xe3abfa7745b463bde635ffd59456f4792b556e0e,0.0,0.0,26495.100476,0,1,1709155887
2024-02-22,0x413d78628d688edcde29518199a3a3db955068ec,7121,0x011b0a055e02425461a1ae95b30f483c4ff05be7,0.0,0.0,31361.9344,0,1,1709155407
2024-02-22,0x413d78628d688edcde29518199a3a3db955068ec,7651,0x7e4cbd9030b814c364b6b57128e5868797436d51,0.0,0.0,50.105851,0,1,1709064287
2024-02-22,0x413d78628d688edcde29518199a3a3db955068ec,8458,0xc65c762fc8a7e1618529c1e49ea3fe572dbdc40b,17634.487542,17634.487542,0.0,1,0,1708863857
2024-02-22,0x413d78628d688edcde29518199a3a3db955068ec,9088,0x860b3630a3534f707d1dc7b98757bbec8446d736,82.924556,82.924556,0.0,1,0,1708901229
2024-02-22,0x413d78628d688edcde29518199a3a3db955068ec,9427,0xba9d854c4b9ae5eef3dad86e1b65d661938b27a1,16954.258536,16954.258536,0.0,1,0,1709137567
2024-02-22,0x413d78628d688edcde29518199a3a3db955068ec,10294,0x48a6a8d403a58eccc70d4d57347f801d4e182564,500913.445605,500913.445605,0.0,1,0,1709146349
2024-02-22,0x413d78628d688edcde29518199a3a3db955068ec,10654,0x6e98386f1951e6f997691c4a3bfa27126a7f9041,21392.54259,21392.54259,0.0,1,0,1708933605
2024-02-22,0x413d78628d688edcde29518199a3a3db955068ec,10657,0x892176d784bed3dc877a62f3ff9fc091377b2a49,19572.544876,19572.544876,0.0,1,0,1708882175
2024-02-22,0x413d78628d688edcde29518199a3a3db955068ec,10926,0xec493b8ee4aec10e4e2cc0c2f1da65aadb23bcfd,3482.086714,3482.086714,0.0,1,0,1708821831
2024-02-22,0x413d78628d688edcde29518199a3a3db955068ec,11376,0x8c42138c925d1049ec6b29f1ecf817b1628e54ba,393221.264625,393221.264625,0.0,1,0,1708958265
2024-02-22,0x413d78628d688edcde29518199a3a3db955068ec,12105,0x505f69dbcc43a51d7ef1c2201f54ee116c45b20b,29676.679798,29676.679798,0.0,1,0,1709141643
2024-02-22,0x413d78628d688edcde29518199a3a3db955068ec,12283,0x6e307c83560f51c63b53f79dce4c3122b748e4f6,1.835164,1.835164,0.0,1,0,1708894643
2024-02-22,0x413d78628d688edcde29518199a3a3db955068ec,12303,0x0b0811d3d8342063db74b45a4344cdbee6389bdb,1.003516,1.003516,0.0,1,0,1708967531
2024-02-22,0x418457ca08fa5ec77f811b105f2c585cd051ac10,24,0x208a17c5fabe5b90282e5906945ff335e39326c4,0.0,0.0,18545.831598,0,1,1709150649
2024-02-22,0x418457ca08fa5ec77f811b105f2c585cd051ac10,47,0x011b0a055e02425461a1ae95b30f483c4ff05be7,0.0,0.0,138880.941575,0,1,1709155381
2024-02-22,0x418457ca08fa5ec77f811b105f2c585cd051ac10,105,0x208a17c5fabe5b90282e5906945ff335e39326c4,0.0,0.0,52810.126862,0,1,1709150611
2024-02-22,0x418457ca08fa5ec77f811b105f2c585cd051ac10,143,0x62e1af3e818afc059d111c4f53cf0a2d9fd29110,0.0,0.0,360495.634235,0,1,1709153725
2024-02-22,0x418457ca08fa5ec77f811b105f2c585cd051ac10,362,0x5929cc4d10b6a1acc5bf5d221889f10251c628a1,0.0,0.0,30820.391139,0,1,1709158141
2024-02-22,0x418457ca08fa5ec77f811b105f2c585cd051ac10,458,0x7a921b0365b4571bee00ba5a1dbb422b11f13f9e,0.0,0.0,51827.04922,0,1,1709145723
2024-02-22,0x418457ca08fa5ec77f811b105f2c585cd051ac10,5679,0xad77b6fb6b1245df29ee6833f635439561f84c48,384.862045,384.862045,0.0,1,0,1708902047
2024-02-22,0x418457ca08fa5ec77f811b105f2c585cd051ac10,10295,0xc875b3dae5b0c371bc8cf9ded64868b78ac47587,342357.517462,342357.517462,668922.845551,1,1,1709162281
2024-02-22,0x418457ca08fa5ec77f811b105f2c585cd051ac10,10296,0x03c70563e94de5de56c11a0cc4ce3482f592854f,894231.350108,894231.350108,1747213.800736,1,1,1709162329
2024-02-22,0x418457ca08fa5ec77f811b105f2c585cd051ac10,10298,0xc9814f18a8751214f719de15c54d01b3d78ef14f,309330.648472,81244202.226379,81523067.080037,134,134,1709162249
2024-02-22,0x42e8dc1b1891c103291ec01d903451e729daaacc,68,0x132e47cf2c19ec2d8dd56e1528fc7e18dc09188f,0.0,0.0,1420.023384,0,1,1709148573
2024-02-22,0x42e8dc1b1891c103291ec01d903451e729daaacc,7122,0x011b0a055e02425461a1ae95b30f483c4ff05be7,0.0,0.0,260.865905,0,1,1709155433
2024-02-22,0x44ecc644449fc3a9858d2007caa8cfaa4c561f91,473,0x97020c9ec66e0f59231918b1d2f167a66026aff2,15293.36408,15293.36408,0.0,1,0,1709145123
2024-02-22,0x44ecc644449fc3a9858d2007caa8cfaa4c561f91,2428,0x5164cf3b0c8c0fdfe4bcc9cf4f1e8f7e39461a59,0.0,0.0,3339.822785,0,1,1708795923
2024-02-22,0x44ecc644449fc3a9858d2007caa8cfaa4c561f91,3712,0xc9f40ddb6b288bd3539ad35cbfae86883c6a0bad,1073.065994,1073.065994,1073.065994,1,1,1708938225
2024-02-22,0x44ecc644449fc3a9858d2007caa8cfaa4c561f91,4518,0x43917a8174465dc01522e8e14335eaa2cde33f6f,105.773853,105.773853,148.708752,1,1,1708619271
2024-02-22,0x44ecc644449fc3a9858d2007caa8cfaa4c561f91,11422,0xf9d287ddc3b7e7e0cc153d157b5aa1adaaaef24a,2.258263,2.258263,2.270624,1,1,1709054123
2024-02-22,0x45d8c7bf5be7c99d39cdc724f60497bd79546458,24,0x208a17c5fabe5b90282e5906945ff335e39326c4,46692.30324,46692.30324,0.0,1,0,1709150649
2024-02-22,0x45d8c7bf5be7c99d39cdc724f60497bd79546458,43,0x2ddb405238368695f34d30a80ab60c449aa5ce48,61849.396813,61849.396813,0.0,1,0,1709151115
2024-02-22,0x45d8c7bf5be7c99d39cdc724f60497bd79546458,47,0x011b0a055e02425461a1ae95b30f483c4ff05be7,166429.021466,166429.021466,62463.198603,1,1,1709155381
2024-02-22,0x45d8c7bf5be7c99d39cdc724f60497bd79546458,51,0x0f228805c03a693aa964a791e0b2e2c6e6c6513f,294436.067415,294436.067415,293899.145649,1,1,1709156125
2024-02-22,0x45d8c7bf5be7c99d39cdc724f60497bd79546458,80,0x34f543a73dcb1a4bcbae71e5dd41fcc1b5c17bf7,209552.289524,209552.289524,209552.289524,1,1,1709002743
2024-02-22,0x45d8c7bf5be7c99d39cdc724f60497bd79546458,83,0x6b879c078ea4cc27bbdb486fcaa4fa27e6cbe97a,811169.032747,811169.032747,0.0,1,0,1709041137
2024-02-22,0x45d8c7bf5be7c99d39cdc724f60497bd79546458,105,0x208a17c5fabe5b90282e5906945ff335e39326c4,132266.513047,132266.513047,0.0,1,0,1709150611
2024-02-22,0x45d8c7bf5be7c99d39cdc724f60497bd79546458,106,0x615e5022252b31af496574f00d5519c5d93261ab,212002.525845,212002.525845,80040.958734,1,1,1709148517
2024-02-22,0x45d8c7bf5be7c99d39cdc724f60497bd79546458,139,0xa04275c10f39e8675a34e147e2ef78d35129f2b6,0.0,0.0,56419.345463,0,1,1709115285
2024-02-22,0x45d8c7bf5be7c99d39cdc724f60497bd79546458,159,0x05391a4b0749c29335024f41552a56cfa6bd3883,109552.615746,109552.615746,109352.840004,1,1,1709130059
2024-02-22,0x45d8c7bf5be7c99d39cdc724f60497bd79546458,174,0x83bad39f067ef72e354f2ea9d318eaad381a7f15,69438.012272,69438.012272,69311.387906,1,1,1709131909
2024-02-22,0x45d8c7bf5be7c99d39cdc724f60497bd79546458,238,0xb6f28ae8f31d85dc27361852b986286113bc588d,42376.011529,42376.011529,0.0,1,0,1709157047
2024-02-22,0x45d8c7bf5be7c99d39cdc724f60497bd79546458,285,0xe8788a8926dac3d25c591caa64d5296044c1446d,0.0,0.0,56909.082741,0,1,1708796899
2024-02-22,0x45d8c7bf5be7c99d39cdc724f60497bd79546458,304,0xbbb33d2e7bd7ddc722e53da9ca8ee97df41cfabf,0.0,0.0,27041.614222,0,1,1709014917
2024-02-22,0x45d8c7bf5be7c99d39cdc724f60497bd79546458,331,0x5181cdf1bb20da04ba788f82989f29e65b67314a,0.0,0.0,102110.191625,0,1,1709106449
2024-02-22,0x45d8c7bf5be7c99d39cdc724f60497bd79546458,335,0x582c34536d7f4a2a5d96118d5d80ba3000c6b5af,0.0,0.0,90965.663925,0,1,1709137051
2024-02-22,0x45d8c7bf5be7c99d39cdc724f60497bd79546458,392,0xa12eec92d8c155c8ea9159cb87da4e062bf9992d,106506.4828,106506.4828,0.0,1,0,1709073467
2024-02-22,0x45d8c7bf5be7c99d39cdc724f60497bd79546458,398,0x48c7e0db3dad3fe4eb0513b86fe5c38ebb4e0f91,0.0,0.0,67045.10317,0,1,1709140387
2024-02-22,0x45d8c7bf5be7c99d39cdc724f60497bd79546458,486,0x7ee615e93d2d58feb14e58ea93f3fb5940d227e4,15816.263714,15816.263714,0.0,1,0,1709121243
2024-02-22,0x45d8c7bf5be7c99d39cdc724f60497bd79546458,504,0xcfba6d63ec822425775d3c509e60ff689c1ae1e7,11883.55695,11883.55695,11861.886573,1,1,1709009489
2024-02-22,0x45d8c7bf5be7c99d39cdc724f60497bd79546458,512,0x3b1b211b3fce0d1ee9f5e1afeecadeb98378d0b0,10927.484415,10927.484415,0.0,1,0,1709105263
2024-02-22,0x45d8c7bf5be7c99d39cdc724f60497bd79546458,523,0xde93a283495fa2834047b53871a8e4e09f96d841,11947.036483,11947.036483,11925.250348,1,1,1709156219
2024-02-22,0x45d8c7bf5be7c99d39cdc724f60497bd79546458,536,0xf6ed81d5e9f61dd1ea21e96ae1d660ecc388ae4f,8262.438906,8262.438906,0.0,1,0,1709150303
2024-02-22,0x45d8c7bf5be7c99d39cdc724f60497bd79546458,544,0x16b00db74167b7469dda63b674ca9a3b1b70c439,0.0,0.0,15706.223672,0,1,1709149301
2024-02-22,0x45d8c7bf5be7c99d39cdc724f60497bd79546458,561,0x13cf222f836693b1406725fffc147294a06dd2b2,0.0,0.0,39156.273376,0,1,1709139411
2024-02-22,0x45d8c7bf5be7c99d39cdc724f60497bd79546458,615,0xebfced2b9ca169d2ca566e1f72a75a9b6cc9291d,0.0,0.0,35320.226347,0,1,1709157971
2024-02-22,0x45d8c7bf5be7c99d39cdc724f60497bd79546458,693,0xc73d0b593a8a56f832d7d76a116ce50483eff729,0.0,0.0,28946.787018,0,1,1709113393
2024-02-22,0x45d8c7bf5be7c99d39cdc724f60497bd79546458,741,0xbf49b454818783d12bf4f3375ff17c59015e66cb,0.0,14980.383371,29847.219559,1,2,1708816527
2024-02-22,0x45d8c7bf5be7c99d39cdc724f60497bd79546458,758,0x8ccfcfa7e6133e0875192974d0d857fb7a28375e,7134.577227,7134.577227,0.0,1,0,1709155745
2024-02-22,0x45d8c7bf5be7c99d39cdc724f60497bd79546458,778,0x01f12fb1d38156fc6d1c9a7d813bde4b52d38e47,0.0,0.0,31460.612987,0,1,1709151143
2024-02-22,0x45d8c7bf5be7c99d39cdc724f60497bd79546458,798,0x6a018ad51de844243ce7fb743c3e5f4481df6858,11183.296057,11183.296057,0.0,1,0,1709036819
2024-02-22,0x45d8c7bf5be7c99d39cdc724f60497bd79546458,824,0x0e80b8ea35ed0d15689a6372940619a5a99588bb,21210.994093,21210.994093,0.0,1,0,1709118847
2024-02-22,0x45d8c7bf5be7c99d39cdc724f60497bd79546458,871,0x712a81b587abcaa64ea8ff2f0201f2379bf120e7,0.0,0.0,19014.470534,0,1,1708583151
2024-02-22,0x45d8c7bf5be7c99d39cdc724f60497bd79546458,900,0x0899a0b74ebab3f637b59dbf90883e6df481fe00,19397.258094,19397.258094,0.0,1,0,1709126703
2024-02-22,0x45d8c7bf5be7c99d39cdc724f60497bd79546458,946,0x4523b791292da89a9194b61ba4cd9d98f2af68e0,0.0,0.0,16774.750825,0,1,1709138555
2024-02-22,0x45d8c7bf5be7c99d39cdc724f60497bd79546458,1053,0x3216a8a03b07b6b19cbc21d62c8942e625fc3e07,6527.31074,6527.31074,6515.407799,1,1,1709139995
2024-02-22,0x45d8c7bf5be7c99d39cdc724f60497bd79546458,1111,0x11ebee2bf244325b5559f0f583722d35659ddce8,12858.102995,12858.102995,12834.655476,1,1,1709055831
2024-02-22,0x45d8c7bf5be7c99d39cdc724f60497bd79546458,1159,0x54f2d57856e44dcf81880df34df300d145cc7d57,11793.86814,11793.86814,0.0,1,0,1709116489
2024-02-22,0x45d8c7bf5be7c99d39cdc724f60497bd79546458,1176,0x8844126ca5defee105ae50e5089933768ccf9999,11474.110655,11474.110655,0.0,1,0,1709020929
2024-02-22,0x45d8c7bf5be7c99d39cdc724f60497bd79546458,1245,0x6b879c078ea4cc27bbdb486fcaa4fa27e6cbe97a,137152.144409,137152.144409,0.0,1,0,1709041171
2024-02-22,0x45d8c7bf5be7c99d39cdc724f60497bd79546458,1287,0x2a7051d7cbbef7b6889f8e14774020b1653b94c1,4900.897134,4900.897134,4900.897134,1,1,1709020673
2024-02-22,0x45d8c7bf5be7c99d39cdc724f60497bd79546458,1305,0x05b5240daa1894a299a41d1f63f1caacf94bdeb3,0.0,0.0,4545.575685,0,1,1709150855
2024-02-22,0x45d8c7bf5be7c99d39cdc724f60497bd79546458,1341,0xb86a352cffe8629266fd0279407ecddb67e5c328,9032.021078,9032.021078,9015.550648,1,1,1708998043
2024-02-22,0x45d8c7bf5be7c99d39cdc724f60497bd79546458,1441,0xc0fa207d207288d727baf8b4f2b3ca93f45da246,4848.442445,4848.442445,4848.442445,1,1,1709033651
2024-02-22,0x45d8c7bf5be7c99d39cdc724f60497bd79546458,1473,0xb0720a40d6335df0ac90ff9e4b755217632ca78c,0.0,0.0,3885.286363,0,1,1709106869
2024-02-22,0x45d8c7bf5be7c99d39cdc724f60497bd79546458,1502,0x138cc0ac4d8d5aeb7d7447db0c49c2907dc95d4b,7446.143884,7446.143884,0.0,1,0,1709031779
2024-02-22,0x45d8c7bf5be7c99d39cdc724f60497bd79546458,1511,0x4f321ad6ddc21ebcf9ee7213d2b41895196b6a9b,3675.979854,3675.979854,0.0,1,0,1709131533
2024-02-22,0x45d8c7bf5be7c99d39cdc724f60497bd79546458,1521,0xdd84ce1adcb3a4908db61a1dfa3353c3974c5a2b,0.0,0.0,1815.862305,0,1,1709091691
2024-02-22,0x45d8c7bf5be7c99d39cdc724f60497bd79546458,1586,0x446925b8fa3ce7072a6f389df46150978da748fb,0.0,0.0,6753.29745,0,1,1708815187
2024-02-22,0x45d8c7bf5be7c99d39cdc724f60497bd79546458,1761,0x797bc498edee4357a16a1054db0323cbd04c84c3,2728.91236,2728.91236,0.0,1,0,1709154747
2024-02-22,0x45d8c7bf5be7c99d39cdc724f60497bd79546458,1815,0xc2c35b30bb2a0fc88d02fff39c4fcab37b7b44bf,7030.558528,7030.558528,7030.558528,1,1,1709128187
2024-02-22,0x45d8c7bf5be7c99d39cdc724f60497bd79546458,2108,0xd52d391ebdfe9708346fa5017076d5d190493f78,4232.456086,8464.912172,8408.735626,2,2,1709131423
2024-02-22,0x45d8c7bf5be7c99d39cdc724f60497bd79546458,2170,0xe864c76dc41797e606b67ecd23cf0575841cb24e,3849.046968,3849.046968,3865.662715,1,1,1709041139
2024-02-22,0x45d8c7bf5be7c99d39cdc724f60497bd79546458,2174,0xcf58445788527655c17f7cae55ca86231a340cd2,981.113846,981.113846,0.0,1,0,1709117961
2024-02-22,0x45d8c7bf5be7c99d39cdc724f60497bd79546458,2306,0xedac1779d89ed877c99637861e89945ca7226c4f,3620.697699,3620.697699,0.0,1,0,1709127393
2024-02-22,0x45d8c7bf5be7c99d39cdc724f60497bd79546458,2311,0x7c8f39f35ba890be972d2ccabab0e3dc99a82001,0.0,0.0,3591.908859,0,1,1709140091
2024-02-22,0x45d8c7bf5be7c99d39cdc724f60497bd79546458,2313,0x3888132606615fc0759853b6ec1107e717d0ae52,1850.936406,1850.936406,0.0,1,0,1709129589
2024-02-22,0x45d8c7bf5be7c99d39cdc724f60497bd79546458,2408,0x4a23bccf39a5ca0e3cfdd67d74cba3f380eca38f,0.0,0.0,3434.274683,0,1,1708815243
2024-02-22,0x45d8c7bf5be7c99d39cdc724f60497bd79546458,2601,0x98076110c0d195b468d5776ad89004c5864ffc6d,0.0,0.0,3162.111906,0,1,1709121097
2024-02-22,0x45d8c7bf5be7c99d39cdc724f60497bd79546458,2825,0x3da0dc44d6669e9085d7c7aee291d7dbae1c1507,0.0,0.0,2492.024421,0,1,1709073125
2024-02-22,0x45d8c7bf5be7c99d39cdc724f60497bd79546458,2829,0x50fa50fa2032d85eb2dda303929bf56886aa9afb,0.0,0.0,16767.901412,0,1,1709083375
2024-02-22,0x45d8c7bf5be7c99d39cdc724f60497bd79546458,2841,0xfffd05ae9db4d5f4e23e2f37395db2f87359bf5d,2328.640983,2328.640983,0.0,1,0,1709123037
2024-02-22,0x45d8c7bf5be7c99d39cdc724f60497bd79546458,2899,0x2481fef92f6358a410f4b42a7672f23cac514c2a,0.0,0.0,5422.764251,0,1,1708914581
2024-02-22,0x45d8c7bf5be7c99d39cdc724f60497bd79546458,3037,0x74887f105a8e96c3457e5fbd5fc999f22cb7a998,0.0,0.0,2279.337912,0,1,1709141393
2024-02-22,0x45d8c7bf5be7c99d39cdc724f60497bd79546458,3086,0x9b9e8bc43c15559653868587a193bd014dff5c65,2139.948939,2139.948939,0.0,1,0,1709034877
2024-02-22,0x45d8c7bf5be7c99d39cdc724f60497bd79546458,3131,0x5192309938ef4a6804e89d20c839169f05d8a8ac,0.0,0.0,1792.487738,0,1,1709081387
2024-02-22,0x45d8c7bf5be7c99d39cdc724f60497bd79546458,3202,0xb07aee9bb2d03b6f65346f666154150cacdd3e51,2224.89245,2224.89245,0.0,1,0,1709129729
2024-02-22,0x45d8c7bf5be7c99d39cdc724f60497bd79546458,3362,0x7ffbeb62cf6e5e53f898ba52d66d29ca3b2851fd,46827.41277,46827.41277,0.0,1,0,1709160205
2024-02-22,0x45d8c7bf5be7c99d39cdc724f60497bd79546458,3398,0x53a784ce1f0efdffb13b68b51cf51913ab7def94,1438.342627,1438.342627,0.0,1,0,1709026019
2024-02-22,0x45d8c7bf5be7c99d39cdc724f60497bd79546458,3595,0x50e1310b03eda95b919b7d0b564518d77804434c,1189.217743,1189.217743,0.0,1,0,1709044601
2024-02-22,0x45d8c7bf5be7c99d39cdc724f60497bd79546458,3716,0x4532bbedfef9bde01d7efe665c41866204041733,1072.228995,1072.228995,0.0,1,0,1709094617
2024-02-22,0x45d8c7bf5be7c99d39cdc724f60497bd79546458,3781,0xaf11495f021c5c2c5f5230f40d5d57ebe4059700,29152.544,29152.544,0.0,1,0,1709160339
2024-02-22,0x45d8c7bf5be7c99d39cdc724f60497bd79546458,3840,0xe8de221533f666778d6513a1da0c56e8ef89c72a,489.736309,489.736309,0.0,1,0,1709124563
2024-02-22,0x45d8c7bf5be7c99d39cdc724f60497bd79546458,4344,0x23df87ead1b7219f59a8f9172e5537ce7fdc0d84,152.230832,152.230832,0.0,1,0,1709103495
2024-02-22,0x45d8c7bf5be7c99d39cdc724f60497bd79546458,4441,0x8bb820c251ac194ca770f9f0cdc12b76354e3de6,21241.200941,21241.200941,21276.326532,1,1,1708967165
2024-02-22,0x45d8c7bf5be7c99d39cdc724f60497bd79546458,4613,0x12ed17d0061c89362a1fd0ba9aa960d68b97bd79,237.017158,237.017158,237.017158,1,1,1709146791
2024-02-22,0x45d8c7bf5be7c99d39cdc724f60497bd79546458,4975,0x4dd7fc3a3b6457d1e67e3b046b2b0d2dcf25257d,0.0,0.0,403.938344,0,1,1709122839
2024-02-22,0x45d8c7bf5be7c99d39cdc724f60497bd79546458,5605,0x2b0d2cbcc667631afca6d50dc20a6cc23d9b08e4,0.0,0.0,368.753563,0,1,1709084447
2024-02-22,0x45d8c7bf5be7c99d39cdc724f60497bd79546458,6147,0x8e651ce5299c187a9570a2afad5a899755d4c5cc,353.199371,353.199371,0.0,1,0,1709048069
2024-02-22,0x45d8c7bf5be7c99d39cdc724f60497bd79546458,6362,0x921bb1a6c751f98cc229865376e0deba82405cda,349.181383,349.181383,0.0,1,0,1709100031
2024-02-22,0x45d8c7bf5be7c99d39cdc724f60497bd79546458,6418,0xb4173fee41920a8e7d3451863f9779468ebab98e,0.0,0.0,24785.330624,0,1,1709013191
2024-02-22,0x45d8c7bf5be7c99d39cdc724f60497bd79546458,6722,0x8f37f0654a652c2ea9e6d1caa44f37baac61c346,533.284531,533.284531,501.92832,1,1,1708853675
2024-02-22,0x45d8c7bf5be7c99d39cdc724f60497bd79546458,7121,0x011b0a055e02425461a1ae95b30f483c4ff05be7,19698.576327,19698.576327,0.0,1,0,1709155407
2024-02-22,0x45d8c7bf5be7c99d39cdc724f60497bd79546458,7129,0x4c55adf88fe327befba5dd15000b039b818f365f,1312.960559,1312.960559,1312.960559,1,1,1709113913
2024-02-22,0x45d8c7bf5be7c99d39cdc724f60497bd79546458,8077,0x6b02c2b4e93e18a7a5a0a519ba36c8eb5c8a8732,0.0,0.0,1640.161633,0,1,1709099821
2024-02-22,0x45d8c7bf5be7c99d39cdc724f60497bd79546458,8395,0x5181cdf1bb20da04ba788f82989f29e65b67314a,0.0,0.0,16293.7528,0,1,1709106469
2024-02-22,0x45d8c7bf5be7c99d39cdc724f60497bd79546458,9427,0xba9d854c4b9ae5eef3dad86e1b65d661938b27a1,0.0,0.0,25595.53486,0,1,1709137567
2024-02-22,0x45d8c7bf5be7c99d39cdc724f60497bd79546458,10294,0x48a6a8d403a58eccc70d4d57347f801d4e182564,1001826.891209,1001826.891209,1002772.092618,1,1,1709146349
2024-02-22,0x45d8c7bf5be7c99d39cdc724f60497bd79546458,10343,0x869921f41af38fe397c8309d3d1885809508b723,871.637988,1757.667009,1856.328039,2,2,1709089011
2024-02-22,0x45d8c7bf5be7c99d39cdc724f60497bd79546458,10367,0x46f3cc6a1c00a5cd8864d2b92f128196cae07d15,387.245623,387.245623,0.0,1,0,1709025499
2024-02-22,0x45d8c7bf5be7c99d39cdc724f60497bd79546458,10379,0x7c2a79124cf65fe7f671f421d767c8d2ab7cd7e1,0.0,0.0,2489.680082,0,1,1708574459
2024-02-22,0x45d8c7bf5be7c99d39cdc724f60497bd79546458,10551,0xcfb10af967e3fdfe8f23ff15487f0e2496a93915,736.0,736.0,0.0,1,0,1709023537
2024-02-22,0x45d8c7bf5be7c99d39cdc724f60497bd79546458,10630,0xdaaffba0ab113acbee5c65ecdcccdc60aaf7d110,2886.013283,2886.013283,1599.450279,1,1,1709133925
2024-02-22,0x45d8c7bf5be7c99d39cdc724f60497bd79546458,10977,0x68ec6b5038dcf1e00a6780b9031e978168298f82,131927.408254,131927.408254,118363.836433,1,1,1708619473
2024-02-22,0x45d8c7bf5be7c99d39cdc724f60497bd79546458,11004,0xdaaffba0ab113acbee5c65ecdcccdc60aaf7d110,453.596461,453.596461,268.099742,1,1,1709133931
2024-02-22,0x45d8c7bf5be7c99d39cdc724f60497bd79546458,11005,0x1b41643bc6d347c864c1337ae852c96495459f6c,0.0,0.0,729.898855,0,1,1709135493
2024-02-22,0x45d8c7bf5be7c99d39cdc724f60497bd79546458,11022,0xea6d4b6962d9c19c62dd391bbf4c5e7a3ac0632a,2215.694234,2215.694234,1185.700151,1,1,1709134589
2024-02-22,0x45d8c7bf5be7c99d39cdc724f60497bd79546458,11051,0xdaaffba0ab113acbee5c65ecdcccdc60aaf7d110,1480.800088,1480.800088,914.95164,1,1,1709133937
2024-02-22,0x45d8c7bf5be7c99d39cdc724f60497bd79546458,11090,0xea6d4b6962d9c19c62dd391bbf4c5e7a3ac0632a,2549.738594,2549.738594,1956.038353,1,1,1709134605
2024-02-22,0x45d8c7bf5be7c99d39cdc724f60497bd79546458,11238,0xea6d4b6962d9c19c62dd391bbf4c5e7a3ac0632a,0.0,0.0,189.240186,0,1,1708609551
2024-02-22,0x45d8c7bf5be7c99d39cdc724f60497bd79546458,11274,0x9844c3688daaa98de18fbe52499a6b152236896b,0.0,0.0,176098.263029,0,1,1709073295
2024-02-22,0x45d8c7bf5be7c99d39cdc724f60497bd79546458,11395,0x1b41643bc6d347c864c1337ae852c96495459f6c,0.0,0.0,1847.382628,0,1,1709135505
2024-02-22,0x45d8c7bf5be7c99d39cdc724f60497bd79546458,11433,0xbbafc0bc7e6c9bc0ec2c3924c0db2b96a260c8ed,1107.884709,1107.884709,0.0,1,0,1709139655
2024-02-22,0x45d8c7bf5be7c99d39cdc724f60497bd79546458,11568,0x5a9e792143bf2708b4765c144451dca54f559a19,86398.426883,86398.426883,86645.742547,1,1,1708619853
2024-02-22,0x45d8c7bf5be7c99d39cdc724f60497bd79546458,11642,0xfd2496276bc48d338675488ea528d6c4fcbd1f12,0.0,0.0,354.400429,0,1,1709134803
2024-02-22,0x45d8c7bf5be7c99d39cdc724f60497bd79546458,11784,0xdab85506424396fb090d84b64ad63b770d87c028,2182.895573,2182.895573,0.0,1,0,1708909135
2024-02-22,0x45d8c7bf5be7c99d39cdc724f60497bd79546458,11895,0x2c80b4c8ec66b5dcde635cfa593acc18dd50015a,0.0,0.0,95.0,0,1,1709135145
2024-02-22,0x45d8c7bf5be7c99d39cdc724f60497bd79546458,11896,0x2c80b4c8ec66b5dcde635cfa593acc18dd50015a,0.0,0.0,48.9397,0,1,1709135163
2024-02-22,0x45d8c7bf5be7c99d39cdc724f60497bd79546458,11982,0x1b41643bc6d347c864c1337ae852c96495459f6c,0.0,0.0,450.0,0,1,1709135519
2024-02-22,0x45d8c7bf5be7c99d39cdc724f60497bd79546458,12119,0x5a9e792143bf2708b4765c144451dca54f559a19,4716.601004,4716.601004,0.0,1,0,1708619859
2024-02-22,0x45d8c7bf5be7c99d39cdc724f60497bd79546458,12226,0x2fcfcf3d30851533d4c13b35646a73b2d4c5b990,0.862772,0.862772,0.0,1,0,1708762027
2024-02-22,0x45d8c7bf5be7c99d39cdc724f60497bd79546458,12335,0x274d99d11cc3d3b0a56a6fdcc5dfffe07cec73f4,1.590417,1.590417,0.0,1,0,1709032063
2024-02-22,0x4a3636608d7bc5776cb19eb72caa36ebb9ea683b,21,0x4444aaaacdba5580282365e25b16309bd770ce4a,162782.697712,162782.697712,0.0,1,0,1709149223
2024-02-22,0x4a3636608d7bc5776cb19eb72caa36ebb9ea683b,24,0x208a17c5fabe5b90282e5906945ff335e39326c4,0.0,0.0,9272.915799,0,1,1709150649
2024-02-22,0x4a3636608d7bc5776cb19eb72caa36ebb9ea683b,47,0x011b0a055e02425461a1ae95b30f483c4ff05be7,33285.804293,33285.804293,110971.852837,1,1,1709155381
2024-02-22,0x4a3636608d7bc5776cb19eb72caa36ebb9ea683b,55,0x285fed35cbea271a711681e84ffd83c68a596a75,22732.953269,22732.953269,22732.953269,1,1,1709158581
2024-02-22,0x4a3636608d7bc5776cb19eb72caa36ebb9ea683b,56,0x48a5a6a01ba89cddf97d2d552923d5a11401ed19,0.0,0.0,101271.415239,0,1,1709161045
2024-02-22,0x4a3636608d7bc5776cb19eb72caa36ebb9ea683b,68,0x132e47cf2c19ec2d8dd56e1528fc7e18dc09188f,71214.758587,71214.758587,113601.870757,1,1,1709148573
2024-02-22,0x4a3636608d7bc5776cb19eb72caa36ebb9ea683b,103,0x1c2ed7a6c4e3c1146103fa222181115a72243a06,0.0,0.0,55786.988668,0,1,1709160853
2024-02-22,0x4a3636608d7bc5776cb19eb72caa36ebb9ea683b,109,0xbe7019f8333b0b3cfc707ac353ebc2123140134c,126377.785087,126377.785087,126147.327643,1,1,1709159393
2024-02-22,0x4a3636608d7bc5776cb19eb72caa36ebb9ea683b,271,0x791437cc4fa77c534b8b55d0cc6f06c9cab5ebb5,0.0,0.0,126394.951948,0,1,1709137587
2024-02-22,0x4a3636608d7bc5776cb19eb72caa36ebb9ea683b,362,0x5929cc4d10b6a1acc5bf5d221889f10251c628a1,12284.534007,12284.534007,12284.534007,1,1,1709158141
2024-02-22,0x4a3636608d7bc5776cb19eb72caa36ebb9ea683b,494,0x153b4f4f2c6c284f844a53eb2e097d23b7bfa4dd,0.0,0.0,46519.211402,0,1,1709141471
2024-02-22,0x4a3636608d7bc5776cb19eb72caa36ebb9ea683b,502,0x66f920658396f4c3642a32f6b5d5b65c3d6349db,0.0,0.0,137579.449601,0,1,1709140793
2024-02-22,0x4a3636608d7bc5776cb19eb72caa36ebb9ea683b,628,0x8fa5ebb986fa6db89291a383142bb756ab88428e,0.0,0.0,17443.376709,0,1,1709157021
2024-02-22,0x4a3636608d7bc5776cb19eb72caa36ebb9ea683b,720,0x89edc11116ca95170fdfe2669f66dbb287dccf7a,0.0,0.0,32923.809283,0,1,1708897267
2024-02-22,0x4a3636608d7bc5776cb19eb72caa36ebb9ea683b,784,0x03a01b531ed557460922583afb4a4c3c84d7f9b1,0.0,0.0,22516.060323,0,1,1709151733
2024-02-22,0x4a3636608d7bc5776cb19eb72caa36ebb9ea683b,842,0x58bcf1ac25551dd4eb790f2ef68c1857dcd67d9b,0.0,0.0,5238.990306,0,1,1709159739
2024-02-22,0x4a3636608d7bc5776cb19eb72caa36ebb9ea683b,905,0xeee4cd5e66de82350e6c346307f8383588ffb229,0.0,0.0,8924.420418,0,1,1708711435
2024-02-22,0x4a3636608d7bc5776cb19eb72caa36ebb9ea683b,989,0xe53f4d44c45dbc16a20ab64f8a8b4404ddbbefec,0.0,0.0,28714.846592,0,1,1709160721
2024-02-22,0x4a3636608d7bc5776cb19eb72caa36ebb9ea683b,1435,0xe324c2478a8c2cb019c32609d60691f2fa362f0b,0.0,0.0,16015.001059,0,1,1709160303
2024-02-22,0x4a3636608d7bc5776cb19eb72caa36ebb9ea683b,1574,0x318afdbee3d0300e5073f52fca22f734aa1e1784,0.0,0.0,6724.472576,0,1,1709017329
2024-02-22,0x4a3636608d7bc5776cb19eb72caa36ebb9ea683b,1621,0xfb5b4b6bdb5787a07b227bc99e36d314bccd18ca,0.0,0.0,6376.6254,0,1,1709157107
2024-02-22,0x4a3636608d7bc5776cb19eb72caa36ebb9ea683b,1725,0x4215a881dfa38fa2faced28778c9366ef3e5fbb6,0.0,0.0,5810.725086,0,1,1709140773
2024-02-22,0x4a3636608d7bc5776cb19eb72caa36ebb9ea683b,1741,0xd5de81e7e5e4f740a26ebb254d6052e1d03b4787,0.0,0.0,5660.443602,0,1,1709146695
2024-02-22,0x4a3636608d7bc5776cb19eb72caa36ebb9ea683b,1974,0x6858a4d8d7d0297c138b403b6a34cb3b424b7f4a,0.0,0.0,4387.417574,0,1,1708582225
2024-02-22,0x4a3636608d7bc5776cb19eb72caa36ebb9ea683b,2042,0x8ccfbc13159c5916dbbf5815d899411aeb1876ef,0.0,0.0,4230.81195,0,1,1709151849
2024-02-22,0x4a3636608d7bc5776cb19eb72caa36ebb9ea683b,2185,0x36e0edc88cd1902f189ac922a4401cf4f389a110,0.0,0.0,3901.5399,0,1,1709158997
2024-02-22,0x4a3636608d7bc5776cb19eb72caa36ebb9ea683b,2246,0x5f0e257991471c4c0229d3926adcf73fcb67446d,0.0,0.0,3728.457421,0,1,1709148183
2024-02-22,0x4a3636608d7bc5776cb19eb72caa36ebb9ea683b,2577,0x1de8355da82cfb8d2453a5ec3fc4c871281ab4bc,0.0,0.0,3268.175031,0,1,1709152029
2024-02-22,0x4a3636608d7bc5776cb19eb72caa36ebb9ea683b,2582,0x1ddb367720ed4b2d79d6eaab82c14b70ae1253bc,3193.818015,3193.818015,3171.401224,1,1,1708620003
2024-02-22,0x4a3636608d7bc5776cb19eb72caa36ebb9ea683b,3073,0xb0be01cf3a5cde8a86e1a39367ea997f5dd08372,0.0,0.0,1841.147943,0,1,1709053523
2024-02-22,0x4a3636608d7bc5776cb19eb72caa36ebb9ea683b,3236,0x670fbd72155b2ae2e5336c82dc62c8b22ed4ba09,0.0,0.0,1671.004176,0,1,1709102509
2024-02-22,0x4a3636608d7bc5776cb19eb72caa36ebb9ea683b,3362,0x7ffbeb62cf6e5e53f898ba52d66d29ca3b2851fd,46827.41277,46827.41277,0.0,1,0,1709160205
2024-02-22,0x4a3636608d7bc5776cb19eb72caa36ebb9ea683b,3393,0x2446f1a75162f045d02f23d1d3b0f5a2c0f9a4cb,0.0,0.0,3285.519125,0,1,1709160827
2024-02-22,0x4a3636608d7bc5776cb19eb72caa36ebb9ea683b,3537,0x5bcbaba9704f625bdb7eb1d8a3c305737916e6ff,1277.32792,1277.32792,1248.744527,1,1,1708602799
2024-02-22,0x4a3636608d7bc5776cb19eb72caa36ebb9ea683b,3763,0x95c3f3f5f805e604462dfd51fbea5330f5963b35,0.0,0.0,1057.695938,0,1,1708567721
2024-02-22,0x4a3636608d7bc5776cb19eb72caa36ebb9ea683b,4300,0xea785f32dffa4532fcad90f0a067786280aec2f5,700.661031,700.661031,676.878976,1,1,1708681651
2024-02-22,0x4a3636608d7bc5776cb19eb72caa36ebb9ea683b,5282,0x9b6d3f6fc8e477dd7bb6f177f1321cdbda13984f,0.0,0.0,382.27425,0,1,1708999789
2024-02-22,0x4a3636608d7bc5776cb19eb72caa36ebb9ea683b,5719,0x0e9e11fe0f6e6abbe12ba1d099dcf27b1c4b473b,0.0,0.0,537.704195,0,1,1709159777
2024-02-22,0x4a3636608d7bc5776cb19eb72caa36ebb9ea683b,6605,0xfcb2015b8b9a22f1f34f96718a5f4707abf277d5,0.0,0.0,17.810501,0,1,1709146729
2024-02-22,0x4a3636608d7bc5776cb19eb72caa36ebb9ea683b,7121,0x011b0a055e02425461a1ae95b30f483c4ff05be7,0.0,0.0,28412.53618,0,1,1709155407
2024-02-22,0x4a3636608d7bc5776cb19eb72caa36ebb9ea683b,7141,0x36e0edc88cd1902f189ac922a4401cf4f389a110,0.0,0.0,5940.085649,0,1,1709158981
2024-02-22,0x4a3636608d7bc5776cb19eb72caa36ebb9ea683b,7822,0x1aa8ac6fd914936df700a81f21e2c34fef858190,18.140969,18.140969,19.132954,1,1,1709135485
2024-02-22,0x4a3636608d7bc5776cb19eb72caa36ebb9ea683b,8129,0x72195dda0361f43ce544b750f318d04b35836933,1246.375101,1246.375101,0.0,1,0,1709161139
2024-02-22,0x4a3636608d7bc5776cb19eb72caa36ebb9ea683b,8389,0x4ccfeb186c61217f05d8756314c600089b27a1c3,0.0,0.0,4655.86549,0,1,1709160763
2024-02-22,0x4a3636608d7bc5776cb19eb72caa36ebb9ea683b,8893,0x561201443956b904dfb2e4553f330440c27e9bbf,0.0,0.0,1111.926806,0,1,1709046531
2024-02-22,0x4a3636608d7bc5776cb19eb72caa36ebb9ea683b,8924,0xe4bb4faed4d3204ac6d2bae58f0dc3c748eca4c1,0.0,0.0,47.172944,0,1,1708618957
2024-02-22,0x4a3636608d7bc5776cb19eb72caa36ebb9ea683b,9394,0x941e5957eaa0bb7c83b25002fc4bb04b35ea9fdf,0.0,0.0,1335.113411,0,1,1709161021
2024-02-22,0x4a3636608d7bc5776cb19eb72caa36ebb9ea683b,10100,0x2bcdca8c689b4aa460b66ffde1d6b1761d41d5df,0.0,0.0,2274.440054,0,1,1709143373
2024-02-22,0x4a3636608d7bc5776cb19eb72caa36ebb9ea683b,10356,0xec24cf5596fc007e52bd89e8e4d656bb1e875b11,0.0,0.0,17.243596,0,1,1709041899
2024-02-22,0x4cc2fefb2635c86b1bae1b58e0f60fb43e95e264,134,0xd87ecc6c74f486b044824a222326a96f696fcfa2,392225.069894,392225.069894,391509.824038,1,1,1708957497
2024-02-22,0x4cc2fefb2635c86b1bae1b58e0f60fb43e95e264,153,0x0f45156f109e474295913d78036fa213b1745d5a,307419.892443,307419.892443,306859.293897,1,1,1708957135
2024-02-22,0x4cc2fefb2635c86b1bae1b58e0f60fb43e95e264,321,0xcb6586874cc04b01cc4fdb777de502cea7b3d6c1,102213.698602,102213.698602,102027.305814,1,1,1709147881
2024-02-22,0x4cc2fefb2635c86b1bae1b58e0f60fb43e95e264,362,0x5929cc4d10b6a1acc5bf5d221889f10251c628a1,0.0,0.0,12263.763264,0,1,1709158141
2024-02-22,0x4cc2fefb2635c86b1bae1b58e0f60fb43e95e264,504,0xcfba6d63ec822425775d3c509e60ff689c1ae1e7,11883.55695,11883.55695,4744.754629,1,1,1709009489
2024-02-22,0x4cc2fefb2635c86b1bae1b58e0f60fb43e95e264,517,0xcb926f497763ea5cf993912a442431e6a91d5a64,42537.812102,42537.812102,42537.812102,1,1,1708887301
2024-02-22,0x4cc2fefb2635c86b1bae1b58e0f60fb43e95e264,541,0x11bcb66a295aeba152666e511ae052609bda0a84,0.0,0.0,91624.50337,0,1,1709158703
2024-02-22,0x4cc2fefb2635c86b1bae1b58e0f60fb43e95e264,867,0xa1a7aec61de1b80efe2dfe0ed8bb4243274ce67a,0.0,36193.142878,69935.26022,1,2,1709128937
2024-02-22,0x4cc2fefb2635c86b1bae1b58e0f60fb43e95e264,1155,0x8caaf4cb80ba7cbbbb324066bd03eae3fc98f813,0.0,0.0,3897.371158,0,1,1709066991
2024-02-22,0x4cc2fefb2635c86b1bae1b58e0f60fb43e95e264,1239,0xcfb10af967e3fdfe8f23ff15487f0e2496a93915,0.0,0.0,15535.860187,0,1,1708764415
2024-02-22,0x4cc2fefb2635c86b1bae1b58e0f60fb43e95e264,1502,0x138cc0ac4d8d5aeb7d7447db0c49c2907dc95d4b,0.0,0.0,7265.207817,0,1,1709031779
2024-02-22,0x4cc2fefb2635c86b1bae1b58e0f60fb43e95e264,1515,0x18f580129709d1d84ad25de2436467246ca9875c,0.0,0.0,7199.239879,0,1,1708927001
2024-02-22,0x4cc2fefb2635c86b1bae1b58e0f60fb43e95e264,2714,0xf059b59bdbec91d83c558b4a3cd3c1c6e275f2f1,0.0,0.0,4982.13487,0,1,1709145605
2024-02-22,0x4cc2fefb2635c86b1bae1b58e0f60fb43e95e264,5056,0x7e5c1a665bfd595a8de3ac91dabb37a65db04096,1643.280604,1643.280604,1653.607819,1,1,1708788077
2024-02-22,0x4cc2fefb2635c86b1bae1b58e0f60fb43e95e264,7128,0x0f45156f109e474295913d78036fa213b1745d5a,148138.085677,148138.085677,148479.835029,1,1,1708957161
2024-02-22,0x4cc2fefb2635c86b1bae1b58e0f60fb43e95e264,7136,0xd87ecc6c74f486b044824a222326a96f696fcfa2,117697.596571,117697.596571,117960.657199,1,1,1708957519
2024-02-22,0x4cc2fefb2635c86b1bae1b58e0f60fb43e95e264,8350,0x0f45156f109e474295913d78036fa213b1745d5a,75358.398666,75358.398666,75514.600628,1,1,1708957195
2024-02-22,0x4cc2fefb2635c86b1bae1b58e0f60fb43e95e264,8467,0xd87ecc6c74f486b044824a222326a96f696fcfa2,172682.873518,172682.873518,173028.583163,1,1,1708957567
2024-02-22,0x4cc2fefb2635c86b1bae1b58e0f60fb43e95e264,9629,0x0f45156f109e474295913d78036fa213b1745d5a,314429.750501,314429.750501,315028.35057,1,1,1708957229
2024-02-22,0x4cc2fefb2635c86b1bae1b58e0f60fb43e95e264,9631,0xd87ecc6c74f486b044824a222326a96f696fcfa2,373493.262243,373493.262243,374179.324757,1,1,1708957619
2024-02-22,0x4cc2fefb2635c86b1bae1b58e0f60fb43e95e264,9707,0x60034a6d90f54d3bbc3188033fd08b1a146802ba,641.067189,641.067189,641.067189,1,1,1709124693
2024-02-22,0x4cc2fefb2635c86b1bae1b58e0f60fb43e95e264,10458,0xd87ecc6c74f486b044824a222326a96f696fcfa2,27315.501741,27315.501741,27411.189489,1,1,1708957659
2024-02-22,0x4cc2fefb2635c86b1bae1b58e0f60fb43e95e264,10459,0x0f45156f109e474295913d78036fa213b1745d5a,16392.171159,16392.171159,16422.490814,1,1,1708957273
2024-02-22,0x4cc2fefb2635c86b1bae1b58e0f60fb43e95e264,11008,0x34316386913935b8a912115920f6f767e15bf9a1,2.199332,2.199332,2.293818,1,1,1708777185
2024-02-22,0x4cc2fefb2635c86b1bae1b58e0f60fb43e95e264,11059,0x97ac7560ea55cc15ad8e877404093a9c13ffd3ab,195.14408,195.14408,0.0,1,0,1708987209
2024-02-22,0x4cc2fefb2635c86b1bae1b58e0f60fb43e95e264,11305,0xd87ecc6c74f486b044824a222326a96f696fcfa2,10437.93549,10437.93549,10437.93549,1,1,1708957703
2024-02-22,0x4cc2fefb2635c86b1bae1b58e0f60fb43e95e264,11542,0x988527874c7e3f02115f89a6a97135c70b6a47fc,0.0,0.0,1.415583,0,1,1709108011
2024-02-22,0x4cc2fefb2635c86b1bae1b58e0f60fb43e95e264,12226,0x2fcfcf3d30851533d4c13b35646a73b2d4c5b990,1.725544,1.725544,0.0,1,0,1708762027
2024-02-22,0x4cc2fefb2635c86b1bae1b58e0f60fb43e95e264,12310,0xa696f5e0a3dce1797fd018a59fa9f109e0f1a2cd,77.597748,77.597748,0.0,1,0,1708985203
2024-02-22,0x4cc2fefb2635c86b1bae1b58e0f60fb43e95e264,12311,0xa96b1b45e5c50585d90ea7e5817c93d2cf20e1da,66.861113,66.861113,0.0,1,0,1708986677
2024-02-22,0x4f9dc2229f2357b27c22db56cb39582c854ad6d5,6,0x28aa4f9ffe21365473b64c161b566c3cdead0108,4862968.496439,4862968.496439,4045083.818963,1,1,1709141183
2024-02-22,0x4f9dc2229f2357b27c22db56cb39582c854ad6d5,47,0x011b0a055e02425461a1ae95b30f483c4ff05be7,253637.828715,253637.828715,0.0,1,0,1709155381
2024-02-22,0x4f9dc2229f2357b27c22db56cb39582c854ad6d5,52,0x28878aec6b4209d90a40890183e3322f0ae5b2e2,275696.92449,275696.92449,275194.174672,1,1,1709154645
2024-02-22,0x4f9dc2229f2357b27c22db56cb39582c854ad6d5,64,0xf1010ee787ee588766b441d7cc397b40ddfb17a3,298461.730842,298461.730842,0.0,1,0,1709150449
2024-02-22,0x4f9dc2229f2357b27c22db56cb39582c854ad6d5,83,0x6b879c078ea4cc27bbdb486fcaa4fa27e6cbe97a,0.0,0.0,809689.817537,0,1,1709041137
2024-02-22,0x4f9dc2229f2357b27c22db56cb39582c854ad6d5,85,0xc877f7c4c1605692226888f884a823cfb8eb11bd,0.0,0.0,790611.391401,0,1,1709131793
2024-02-22,0x4f9dc2229f2357b27c22db56cb39582c854ad6d5,147,0xe3f0254b09aec48ffa46f9eee5a3bc7a8e510e6d,85151.18958,85151.18958,84995.911297,1,1,1709148429
2024-02-22,0x4f9dc2229f2357b27c22db56cb39582c854ad6d5,165,0x54ecb3397b0bf31cb0b81eb2444e2a7b32507d8b,118930.512955,118930.512955,0.0,1,0,1709151371
2024-02-22,0x4f9dc2229f2357b27c22db56cb39582c854ad6d5,181,0x44f8707165e52e9ae72b0f401d3efe7bbd037032,0.0,0.0,230552.900241,0,1,1709119841
2024-02-22,0x4f9dc2229f2357b27c22db56cb39582c854ad6d5,201,0x6e98386f1951e6f997691c4a3bfa27126a7f9041,0.0,0.0,200261.693349,0,1,1708933577
2024-02-22,0x4f9dc2229f2357b27c22db56cb39582c854ad6d5,228,0x323f5bb64b34e259ed16ccc3f5037f4857a684df,0.0,0.0,166235.149511,0,1,1709141191
2024-02-22,0x4f9dc2229f2357b27c22db56cb39582c854ad6d5,241,0xd639eee81b30d8b34d5d8cbce83f193e2ba298e4,38817.475364,38817.475364,0.0,1,0,1709149485
2024-02-22,0x4f9dc2229f2357b27c22db56cb39582c854ad6d5,244,0xbba2379f5cc9a2f248c5cf18ad72379ae2478f42,149336.613067,149336.613067,145722.368664,1,1,1709147167
2024-02-22,0x4f9dc2229f2357b27c22db56cb39582c854ad6d5,247,0xc40ebdc95e9fae4ada1a2c5093d0599afe0256bd,38067.884827,38067.884827,0.0,1,0,1709156619
2024-02-22,0x4f9dc2229f2357b27c22db56cb39582c854ad6d5,289,0x95b05f935655c37ada2088c5767e5006f230b068,11670.164205,11670.164205,0.0,1,0,1709153629
2024-02-22,0x4f9dc2229f2357b27c22db56cb39582c854ad6d5,379,0xc32053db3de17c5e6845d35dbd4ebb860fe265d9,0.0,0.0,223555.624503,0,1,1709097937
2024-02-22,0x4f9dc2229f2357b27c22db56cb39582c854ad6d5,486,0x7ee615e93d2d58feb14e58ea93f3fb5940d227e4,0.0,0.0,13118.275132,0,1,1709121243
2024-02-22,0x4f9dc2229f2357b27c22db56cb39582c854ad6d5,536,0xf6ed81d5e9f61dd1ea21e96ae1d660ecc388ae4f,16524.877811,16524.877811,0.0,1,0,1709150303
2024-02-22,0x4f9dc2229f2357b27c22db56cb39582c854ad6d5,544,0x16b00db74167b7469dda63b674ca9a3b1b70c439,0.0,0.0,15706.223672,0,1,1709149301
2024-02-22,0x4f9dc2229f2357b27c22db56cb39582c854ad6d5,612,0xb7db1273e05bb89c9c4858d3b0a280cf9dd38d69,0.0,0.0,17812.817859,0,1,1709093021
2024-02-22,0x4f9dc2229f2357b27c22db56cb39582c854ad6d5,632,0x794783dcfcac8c1944727057a3208d8f8bb91506,0.0,0.0,34201.864341,0,1,1709152657
2024-02-22,0x4f9dc2229f2357b27c22db56cb39582c854ad6d5,801,0x2c9c3050b242df683c5db26a0c5874c938e06b8f,22365.569948,22365.569948,0.0,1,0,1709140965
2024-02-22,0x4f9dc2229f2357b27c22db56cb39582c854ad6d5,841,0x87cd8b143992d6bbafb4701e8c463df59d787568,0.0,0.0,20797.328075,0,1,1709140795
2024-02-22,0x4f9dc2229f2357b27c22db56cb39582c854ad6d5,844,0x0849f5477813c0acb47aaceb5fb64da0ea5256a5,20478.713172,20478.713172,0.0,1,0,1709149939
2024-02-22,0x4f9dc2229f2357b27c22db56cb39582c854ad6d5,850,0xb7d49adb031d6dbdf3e8e28f21c6dd3b6f231cd5,27241.504687,27241.504687,27435.996892,1,1,1709069953
2024-02-22,0x4f9dc2229f2357b27c22db56cb39582c854ad6d5,1171,0xe0654abc5fb4917ac59237f8b9f75316982cf0bf,11886.135143,11886.135143,11864.460066,1,1,1709097043
2024-02-22,0x4f9dc2229f2357b27c22db56cb39582c854ad6d5,2164,0x001b71fad769b3cd47fd4c9849c704fdfabf6096,24142.510679,24142.510679,23795.30003,1,1,1708592603
2024-02-22,0x4f9dc2229f2357b27c22db56cb39582c854ad6d5,2362,0xbaa9b493bccbe1a900b39870980f41356f85822a,6504.944483,6504.944483,0.0,1,0,1709150013
2024-02-22,0x4f9dc2229f2357b27c22db56cb39582c854ad6d5,2596,0x261e1f4667e750b2f3895b2c0c9a4ddadfed5835,16394.928286,16394.928286,0.0,1,0,1709155919
2024-02-22,0x4f9dc2229f2357b27c22db56cb39582c854ad6d5,3077,0xfc64410a03b205b995a9101f99a55026d8f1f1da,1107.226825,1107.226825,0.0,1,0,1709155209
2024-02-22,0x4f9dc2229f2357b27c22db56cb39582c854ad6d5,3320,0x8cbe0e70513178e65aaf6721955f6202262145d6,1603.229631,1603.229631,0.0,1,0,1709123163
2024-02-22,0x4f9dc2229f2357b27c22db56cb39582c854ad6d5,4611,0xf88c5c03aab1070412dba46c92cee0ae6b9a5443,483.054561,483.054561,483.054561,1,1,1708633573
2024-02-22,0x4f9dc2229f2357b27c22db56cb39582c854ad6d5,5765,0x5d781a5e0d360006b28c96f383d54f6b622044ab,0.0,0.0,21298.497518,0,1,1709089109
2024-02-22,0x4f9dc2229f2357b27c22db56cb39582c854ad6d5,5979,0xadb2cc3215c14960240ac2e8f62371e1382497ef,121.089007,121.089007,86.695181,1,1,1709050819
2024-02-22,0x4f9dc2229f2357b27c22db56cb39582c854ad6d5,6569,0xdfcfa08f40e84ba07056f4340a06b3282eb895fe,699.624599,699.624599,702.161455,1,1,1708595791
2024-02-22,0x4f9dc2229f2357b27c22db56cb39582c854ad6d5,7121,0x011b0a055e02425461a1ae95b30f483c4ff05be7,4924.644082,4924.644082,0.0,1,0,1709155407
2024-02-22,0x4f9dc2229f2357b27c22db56cb39582c854ad6d5,9372,0x6a2064a87f83aee30a9331c680763ed7d473ae23,0.0,0.0,161398.721372,0,1,1709107035
2024-02-22,0x4f9dc2229f2357b27c22db56cb39582c854ad6d5,9374,0x6a2064a87f83aee30a9331c680763ed7d473ae23,0.0,0.0,113118.137551,0,1,1709107011
2024-02-22,0x4f9dc2229f2357b27c22db56cb39582c854ad6d5,9732,0x328d75a47e07f26e1ad22ff3de08e8ba3ca190d4,0.0,0.0,59259.517338,0,1,1709104243
2024-02-22,0x4f9dc2229f2357b27c22db56cb39582c854ad6d5,9968,0x328d75a47e07f26e1ad22ff3de08e8ba3ca190d4,0.0,0.0,8048.177354,0,1,1709104281
2024-02-22,0x4f9dc2229f2357b27c22db56cb39582c854ad6d5,9985,0x6a2064a87f83aee30a9331c680763ed7d473ae23,0.0,0.0,35143.128758,0,1,1708570949
2024-02-22,0x4f9dc2229f2357b27c22db56cb39582c854ad6d5,10294,0x48a6a8d403a58eccc70d4d57347f801d4e182564,1502740.336814,1502740.336814,3008316.277855,1,1,1709146349
2024-02-22,0x4f9dc2229f2357b27c22db56cb39582c854ad6d5,10295,0xc875b3dae5b0c371bc8cf9ded64868b78ac47587,114119.172487,114119.172487,0.0,1,0,1709162281
2024-02-22,0x4f9dc2229f2357b27c22db56cb39582c854ad6d5,10296,0x03c70563e94de5de56c11a0cc4ce3482f592854f,298077.116703,298077.116703,0.0,1,0,1709162329
2024-02-22,0x4f9dc2229f2357b27c22db56cb39582c854ad6d5,10298,0xc9814f18a8751214f719de15c54d01b3d78ef14f,103110.216157,103110.216157,0.0,1,0,1709162249
2024-02-22,0x4f9dc2229f2357b27c22db56cb39582c854ad6d5,10654,0x6e98386f1951e6f997691c4a3bfa27126a7f9041,0.0,0.0,16670.754046,0,1,1708933605
2024-02-22,0x4f9dc2229f2357b27c22db56cb39582c854ad6d5,10809,0x6634a2866c1a1a1c3570353ded9ab63333acb2b8,0.0,0.0,353.818439,0,1,1709108223
2024-02-22,0x4f9dc2229f2357b27c22db56cb39582c854ad6d5,10811,0xe742c794bfe6393b9cb5643058d9810ef488e1ac,0.0,0.0,23791.807554,0,1,1709132511
2024-02-22,0x4f9dc2229f2357b27c22db56cb39582c854ad6d5,10995,0x6634a2866c1a1a1c3570353ded9ab63333acb2b8,0.0,0.0,4794.314385,0,1,1709108179
2024-02-22,0x4f9dc2229f2357b27c22db56cb39582c854ad6d5,11225,0xc40ebdc95e9fae4ada1a2c5093d0599afe0256bd,944.761469,944.761469,0.0,1,0,1709156591
2024-02-22,0x4f9dc2229f2357b27c22db56cb39582c854ad6d5,11231,0x6e98386f1951e6f997691c4a3bfa27126a7f9041,0.0,0.0,1051.176137,0,1,1708571129
2024-02-22,0x4f9dc2229f2357b27c22db56cb39582c854ad6d5,11404,0xec44d02fc25bba6a5dae504fb3f7d787df3993d9,0.0,0.0,85158.690248,0,1,1709082249
2024-02-22,0x4f9dc2229f2357b27c22db56cb39582c854ad6d5,12025,0x6a2064a87f83aee30a9331c680763ed7d473ae23,0.0,0.0,774.0,0,1,1708570825
2024-02-22,0x554eca2a48136724294ce47fb7bfe9aadfcee3c6,496,0x2b11807dbfc49bd0e21c5ace44d7a2191d992421,50170.286302,50170.286302,49501.343861,1,1,1708707237
2024-02-22,0x554eca2a48136724294ce47fb7bfe9aadfcee3c6,509,0x34223719d75cbc336b77ccd8af6b9342bd6af1cb,0.0,0.0,6848.44912,0,1,1709079679
2024-02-22,0x554eca2a48136724294ce47fb7bfe9aadfcee3c6,551,0xdde346eaecec99ff62b8454fbd721593d40e2fbc,10646.051148,10646.051148,10594.443992,1,1,1708592719
2024-02-22,0x554eca2a48136724294ce47fb7bfe9aadfcee3c6,1490,0x60a627b29d8038e7f34b351cd340b7a41b036720,0.0,0.0,7580.052616,0,1,1708584933
2024-02-22,0x554eca2a48136724294ce47fb7bfe9aadfcee3c6,2115,0x98289029b0d4bb73ead9eb1a3300ed724fcf6779,0.0,0.0,4035.60398,0,1,1709110033
2024-02-22,0x554eca2a48136724294ce47fb7bfe9aadfcee3c6,2233,0x2c2b87fcf3c1e60ad01b98a9b00bbda1e4859ce4,0.0,0.0,3679.786873,0,1,1709106713
2024-02-22,0x554eca2a48136724294ce47fb7bfe9aadfcee3c6,2323,0xfe7b25a93f38995a140d064f9caa433f20103339,0.0,0.0,3510.51147,0,1,1709087165
2024-02-22,0x554eca2a48136724294ce47fb7bfe9aadfcee3c6,2632,0x5449f6df38d7d6f2fb8ccea1f3f9f87418e8a174,2073.630286,2073.630286,2069.848897,1,1,1708867529
2024-02-22,0x554eca2a48136724294ce47fb7bfe9aadfcee3c6,3368,0xbcaf219ba7c5299892b074d69398564dfdfe79f3,0.0,0.0,1510.27145,0,1,1708591713
2024-02-22,0x554eca2a48136724294ce47fb7bfe9aadfcee3c6,3451,0xf3284a18b5baafcffe6e0635f5452f7f5a2a7da4,1369.65071,1369.65071,1369.65071,1,1,1708868979
2024-02-22,0x5bfb340fa9305abb164fb0248d0d82fc3d82c3bb,68,0x132e47cf2c19ec2d8dd56e1528fc7e18dc09188f,0.0,0.0,28400.467689,0,1,1709148573
2024-02-22,0x5bfb340fa9305abb164fb0248d0d82fc3d82c3bb,177,0xdffd8bbf8dcaf236c4e009ff6013bfc98407b6c0,0.0,0.0,23287.924562,0,1,1709154053
2024-02-22,0x5bfb340fa9305abb164fb0248d0d82fc3d82c3bb,353,0x5ade40e345817b739b91c6b4615efce87f9d7c57,24280.585368,24280.585368,0.0,1,0,1708609393
2024-02-22,0x5bfb340fa9305abb164fb0248d0d82fc3d82c3bb,491,0xde3ba1b41e6c612a3ca3213b84bdaf598dffdb9b,22884.738127,22884.738127,0.0,1,0,1709038783
2024-02-22,0x5bfb340fa9305abb164fb0248d0d82fc3d82c3bb,501,0xdf19049d52b307bce8eeb325a2c9ccedc1939bec,44762.398123,44762.398123,44600.804137,1,1,1708564903
2024-02-22,0x5bfb340fa9305abb164fb0248d0d82fc3d82c3bb,568,0xfd9ce79fd7f62ca88ace958cd2716f4cce25e2df,38846.270887,38846.270887,0.0,1,0,1708580921
2024-02-22,0x5bfb340fa9305abb164fb0248d0d82fc3d82c3bb,575,0x94587a95917188b338c822de2d1e77074131589f,10375.76417,10375.76417,0.0,1,0,1708709107
2024-02-22,0x5bfb340fa9305abb164fb0248d0d82fc3d82c3bb,597,0x1ce0c2b445c8e87ea4c40b6e721d9a39b09f6459,0.0,0.0,9205.755818,0,1,1709153997
2024-02-22,0x5bfb340fa9305abb164fb0248d0d82fc3d82c3bb,642,0xf1b0e78a2bc422df50ec9ee4c324895c9b79f80a,42538.487362,42538.487362,0.0,1,0,1708760957
2024-02-22,0x5bfb340fa9305abb164fb0248d0d82fc3d82c3bb,690,0x3c04ec0d34f8c074644a792ce04366ab789d3eb3,28747.938259,28747.938259,0.0,1,0,1708695271
2024-02-22,0x5bfb340fa9305abb164fb0248d0d82fc3d82c3bb,701,0xacd97a24977afa76d74c6ed7f363f6e4366f74bb,0.0,38264.104704,76239.087297,1,2,1709135309
2024-02-22,0x5bfb340fa9305abb164fb0248d0d82fc3d82c3bb,720,0x89edc11116ca95170fdfe2669f66dbb287dccf7a,36014.443264,36014.443264,0.0,1,0,1708897267
2024-02-22,0x5bfb340fa9305abb164fb0248d0d82fc3d82c3bb,745,0x6073e895631712c0bca0ff58af13acd61d8eb2f3,25379.68963,25379.68963,0.0,1,0,1708615813
2024-02-22,0x5bfb340fa9305abb164fb0248d0d82fc3d82c3bb,772,0xf96a10dcb261aa932a589146e87d80e4cc8446f2,23785.598262,23785.598262,23410.246622,1,1,1709038675
2024-02-22,0x5bfb340fa9305abb164fb0248d0d82fc3d82c3bb,905,0xeee4cd5e66de82350e6c346307f8383588ffb229,9001.910696,9001.910696,8924.420418,1,1,1708711435
2024-02-22,0x5bfb340fa9305abb164fb0248d0d82fc3d82c3bb,991,0x986fcc6b0d290308ad6f6a0e8471f74f53dec06a,15596.072572,15596.072572,0.0,1,0,1708587165
2024-02-22,0x5bfb340fa9305abb164fb0248d0d82fc3d82c3bb,1006,0x806388e04b7583a0148451a8ecd29a748b8fd584,3806.602492,3806.602492,0.0,1,0,1708994071
2024-02-22,0x5bfb340fa9305abb164fb0248d0d82fc3d82c3bb,1079,0x73ea5b1ab2f4a36556b0a57381ed0101643615f3,19650.233598,19650.233598,0.0,1,0,1708573975
2024-02-22,0x5bfb340fa9305abb164fb0248d0d82fc3d82c3bb,1295,0x4334703b0b74e2045926f82f4158a103fce1df4f,9680.489506,9680.489506,0.0,1,0,1708576821
2024-02-22,0x5bfb340fa9305abb164fb0248d0d82fc3d82c3bb,1400,0x9afde32e2b7065514cb899a0de8e79d6c83874c0,8517.586004,8517.586004,0.0,1,0,1708572683
2024-02-22,0x5bfb340fa9305abb164fb0248d0d82fc3d82c3bb,1409,0x29e78e2438e589a0054d45b8a5f6c2eeee9a68df,8298.819346,8298.819346,0.0,1,0,1708968039
2024-02-22,0x5bfb340fa9305abb164fb0248d0d82fc3d82c3bb,1457,0x26b5e14dbf21bfb62bff869f5f4bce8dbddbcfca,3942.551293,3942.551293,3935.361815,1,1,1708951003
2024-02-22,0x5bfb340fa9305abb164fb0248d0d82fc3d82c3bb,1540,0xfff6eb6fae78e604c93b35c97f6892e36acb1dbd,7132.02797,7132.02797,0.0,1,0,1708606471
2024-02-22,0x5bfb340fa9305abb164fb0248d0d82fc3d82c3bb,1589,0x814b453a15806ca1b7eab9de64658f062463ae4b,6755.247798,6755.247798,0.0,1,0,1708814959
2024-02-22,0x5bfb340fa9305abb164fb0248d0d82fc3d82c3bb,1652,0xbff734478f1d1e7a313f174f2444d0e366b034b7,6360.833705,6360.833705,0.0,1,0,1708694835
2024-02-22,0x5bfb340fa9305abb164fb0248d0d82fc3d82c3bb,1679,0x018439894b681cc2aaddb613a425a1cfa6e59c29,6217.810651,6217.810651,0.0,1,0,1708607431
2024-02-22,0x5bfb340fa9305abb164fb0248d0d82fc3d82c3bb,1722,0xc00a6614b8030ce216302016e11c6b4140b5e499,2861.539219,2861.539219,0.0,1,0,1708970835
2024-02-22,0x5bfb340fa9305abb164fb0248d0d82fc3d82c3bb,1788,0x40b5440963e88d3e7d0025154820384e116600fa,5175.481185,5175.481185,0.0,1,0,1708587909
2024-02-22,0x5bfb340fa9305abb164fb0248d0d82fc3d82c3bb,1961,0x68e53742e7a7de9831b9752046072a942f18e4fd,4357.192907,4357.192907,0.0,1,0,1708580733
2024-02-22,0x5bfb340fa9305abb164fb0248d0d82fc3d82c3bb,1974,0x6858a4d8d7d0297c138b403b6a34cb3b424b7f4a,4418.511954,4418.511954,0.0,1,0,1708582225
2024-02-22,0x5bfb340fa9305abb164fb0248d0d82fc3d82c3bb,2089,0x6bcb9ec9686aeb3b2fd854f036d3f24fd48eabba,3591.445142,3591.445142,0.0,1,0,1708719451
2024-02-22,0x5bfb340fa9305abb164fb0248d0d82fc3d82c3bb,2100,0x8bbec86ed6a27d8654aa601e364a3f1a359cf428,4012.654097,4012.654097,0.0,1,0,1708602179
2024-02-22,0x5bfb340fa9305abb164fb0248d0d82fc3d82c3bb,2131,0x85a729033ea3ac6fab6ca0111e587dba45f753f0,4010.900115,4010.900115,0.0,1,0,1708564903
2024-02-22,0x5bfb340fa9305abb164fb0248d0d82fc3d82c3bb,2151,0x752b6547734c389311fdb9b03a83c2bb4df9cadc,3981.821036,3981.821036,0.0,1,0,1708950153
2024-02-22,0x5bfb340fa9305abb164fb0248d0d82fc3d82c3bb,2175,0x96b9d9a5cfe8c572def7588d31f7921138794e24,4932.694761,4932.694761,0.0,1,0,1708728493
2024-02-22,0x5bfb340fa9305abb164fb0248d0d82fc3d82c3bb,2408,0x4a23bccf39a5ca0e3cfdd67d74cba3f380eca38f,3434.274683,3434.274683,0.0,1,0,1708815243
2024-02-22,0x5bfb340fa9305abb164fb0248d0d82fc3d82c3bb,2450,0x46893bccacaf54cc656540e98c7fdd099b9f04c6,3382.350253,3382.350253,0.0,1,0,1708597151
2024-02-22,0x5bfb340fa9305abb164fb0248d0d82fc3d82c3bb,2494,0x875a6dc230931ebd99542a89f76837d861d2c2f7,3317.109535,3317.109535,0.0,1,0,1708672133
2024-02-22,0x5bfb340fa9305abb164fb0248d0d82fc3d82c3bb,2515,0x0a5d2190afc397b91c2de36d128b03b275a3a255,3286.854473,3286.854473,3280.860697,1,1,1708564197
2024-02-22,0x5bfb340fa9305abb164fb0248d0d82fc3d82c3bb,2579,0x95aa6cf80aa61c3433215c7b8330c065ed29ce97,3195.833439,3195.833439,0.0,1,0,1708603433
2024-02-22,0x5bfb340fa9305abb164fb0248d0d82fc3d82c3bb,2684,0x2d6b114c77f3355f204c37f657c680157e85dfa5,3007.597074,3007.597074,3007.597074,1,1,1708765083
2024-02-22,0x5bfb340fa9305abb164fb0248d0d82fc3d82c3bb,2699,0xc95f41579e19099503f85db8c949fd45565cfaf0,2943.938943,2943.938943,0.0,1,0,1708588309
2024-02-22,0x5bfb340fa9305abb164fb0248d0d82fc3d82c3bb,2718,0x66d4908e053f7150038b1bf3579cf384fde0ba72,2928.186466,2928.186466,0.0,1,0,1708732225
2024-02-22,0x5bfb340fa9305abb164fb0248d0d82fc3d82c3bb,2894,0x55eeee5f33036885c336a78564522e89b69c26dc,2247.507434,2247.507434,0.0,1,0,1708925389
2024-02-22,0x5bfb340fa9305abb164fb0248d0d82fc3d82c3bb,2915,0x6552a83d69e49a418eeeaae4e1e3e5d8ee0402be,2203.142276,2203.142276,0.0,1,0,1708691791
2024-02-22,0x5bfb340fa9305abb164fb0248d0d82fc3d82c3bb,2961,0x3fc6121cb50b00a5fb8bd2a3c755f804d0e694d2,2611.963029,2611.963029,0.0,1,0,1708596503
2024-02-22,0x5bfb340fa9305abb164fb0248d0d82fc3d82c3bb,3005,0xed09b11bd34b3094f479b08c9db9d47b32de994c,367.767453,367.767453,367.767453,1,1,1708712363
2024-02-22,0x5bfb340fa9305abb164fb0248d0d82fc3d82c3bb,3085,0x0c470f23b09847fc99e20b63aa9b0c3db13bacf7,3130.257178,3130.257178,0.0,1,0,1708740661
2024-02-22,0x5bfb340fa9305abb164fb0248d0d82fc3d82c3bb,3246,0xea15d58af42eb6cdc9d6840aa317257999ee3fd0,1682.486857,1682.486857,0.0,1,0,1708696425
2024-02-22,0x5bfb340fa9305abb164fb0248d0d82fc3d82c3bb,3278,0xebcc98573c3cd9b5b61900d1304da938b5036a0d,1608.866766,1608.866766,0.0,1,0,1708697255
2024-02-22,0x5bfb340fa9305abb164fb0248d0d82fc3d82c3bb,3355,0xfff0ea0ea835f5b29e61bdaff90012cfbf4f5986,1540.533092,1540.533092,0.0,1,0,1708695969
2024-02-22,0x5bfb340fa9305abb164fb0248d0d82fc3d82c3bb,3360,0x78eba07d1a3f49a697940266b27928c6696e2b4a,1532.741935,1532.741935,0.0,1,0,1708593993
2024-02-22,0x5bfb340fa9305abb164fb0248d0d82fc3d82c3bb,3385,0xd3e211abe0b89dc01c97047d19e0aab9f8b65d2b,1495.24983,1495.24983,0.0,1,0,1708698941
2024-02-22,0x5bfb340fa9305abb164fb0248d0d82fc3d82c3bb,3566,0xacd65b8e9d50128780a114a16d8e9870e19c82c3,1206.826919,1206.826919,0.0,1,0,1708634877
2024-02-22,0x5bfb340fa9305abb164fb0248d0d82fc3d82c3bb,3592,0x670327de2a3a370e548f39db2a074cc2999b6824,1184.156298,1184.156298,0.0,1,0,1708707801
2024-02-22,0x5bfb340fa9305abb164fb0248d0d82fc3d82c3bb,3753,0x7384f4c55d2a6392b36fd4f16e314cb6cc14afe0,1045.647676,1045.647676,0.0,1,0,1708659375
2024-02-22,0x5bfb340fa9305abb164fb0248d0d82fc3d82c3bb,3763,0x95c3f3f5f805e604462dfd51fbea5330f5963b35,1066.879856,1066.879856,0.0,1,0,1708567721
2024-02-22,0x5bfb340fa9305abb164fb0248d0d82fc3d82c3bb,4156,0x1db30c74a4d16cdfee29680ca4637ec12ac55ec7,1389.969746,1389.969746,1389.969746,1,1,1708566477
2024-02-22,0x5bfb340fa9305abb164fb0248d0d82fc3d82c3bb,4477,0x90554d3c00b5b34fa2849b76c17bc874c90f9563,3116.393195,3116.393195,0.0,1,0,1708585811
2024-02-22,0x5bfb340fa9305abb164fb0248d0d82fc3d82c3bb,4631,0x81f967ad9533232946d5f9e492862bdd93b5d641,5512.651082,5512.651082,0.0,1,0,1708629829
2024-02-22,0x5bfb340fa9305abb164fb0248d0d82fc3d82c3bb,4770,0x2907b53ffa68caf0dd79b6f8c1238ba8b6708169,436.124232,436.124232,0.0,1,0,1708729799
2024-02-22,0x5bfb340fa9305abb164fb0248d0d82fc3d82c3bb,5076,0xebcc98573c3cd9b5b61900d1304da938b5036a0d,395.413211,395.413211,0.0,1,0,1708697245
2024-02-22,0x5bfb340fa9305abb164fb0248d0d82fc3d82c3bb,5282,0x9b6d3f6fc8e477dd7bb6f177f1321cdbda13984f,382.27425,382.27425,0.0,1,0,1708999789
2024-02-22,0x5bfb340fa9305abb164fb0248d0d82fc3d82c3bb,5432,0x4a40eb870dcf533d4dc097c3d87aafe9f64490a1,382.780705,382.780705,0.0,1,0,1708667575
2024-02-22,0x5bfb340fa9305abb164fb0248d0d82fc3d82c3bb,5587,0x1b49144f6e4c41ee7ed030cf93b185cbbbbc7f0e,1250.367856,1250.367856,0.0,1,0,1708617059
2024-02-22,0x5bfb340fa9305abb164fb0248d0d82fc3d82c3bb,5630,0xb60150e5ad44fea6e95aaf99e31da7d85cdd5bcf,368.124311,368.124311,0.0,1,0,1708676937
2024-02-22,0x5bfb340fa9305abb164fb0248d0d82fc3d82c3bb,5827,0x54da11a90d36f292b3a995d1a447dfe6923cf454,0.0,0.0,361.979341,0,1,1709095147
2024-02-22,0x5bfb340fa9305abb164fb0248d0d82fc3d82c3bb,5841,0xe14a13b8eb93b6569a748ea57a1a97025fc82be9,369.896257,369.896257,0.0,1,0,1708597821
2024-02-22,0x5bfb340fa9305abb164fb0248d0d82fc3d82c3bb,6001,0xe538eb2f128634a95a0ce48f9efb3b6b58d1b3eb,4096.006132,4096.006132,0.0,1,0,1708592973
2024-02-22,0x5bfb340fa9305abb164fb0248d0d82fc3d82c3bb,6164,0x374c5b6e97d06cb17d46a27b231fb010a45bec54,360.15486,360.15486,0.0,1,0,1708679753
2024-02-22,0x5bfb340fa9305abb164fb0248d0d82fc3d82c3bb,6169,0xe172bd02f842e98183cdbb8294bf23f625588d9e,356.201853,356.201853,0.0,1,0,1708623411
2024-02-22,0x5bfb340fa9305abb164fb0248d0d82fc3d82c3bb,6338,0x224e69025a2f705c8f31efb6694398f8fd09ac5c,4942.55644,4942.55644,0.0,1,0,1708569897
2024-02-22,0x5bfb340fa9305abb164fb0248d0d82fc3d82c3bb,6372,0x6b6597710ac103f998e77f48caad882788e24471,371.776278,371.776278,0.0,1,0,1708743497
2024-02-22,0x5bfb340fa9305abb164fb0248d0d82fc3d82c3bb,6770,0x80fdc30d21a672eef723b809ed4ba7c91728d421,169.149131,169.149131,0.0,1,0,1708683229
2024-02-22,0x5bfb340fa9305abb164fb0248d0d82fc3d82c3bb,7121,0x011b0a055e02425461a1ae95b30f483c4ff05be7,0.0,0.0,18581.208782,0,1,1709155407
2024-02-22,0x5bfb340fa9305abb164fb0248d0d82fc3d82c3bb,7122,0x011b0a055e02425461a1ae95b30f483c4ff05be7,0.0,0.0,4434.720391,0,1,1709155433
2024-02-22,0x5bfb340fa9305abb164fb0248d0d82fc3d82c3bb,7380,0xd814e1b7cc203ff6ca4358bf4aa3ce9771fedc68,0.0,0.0,1366.828157,0,1,1708984293
2024-02-22,0x5bfb340fa9305abb164fb0248d0d82fc3d82c3bb,7973,0x752b6547734c389311fdb9b03a83c2bb4df9cadc,2044.906127,2044.906127,0.0,1,0,1708950181
2024-02-22,0x5bfb340fa9305abb164fb0248d0d82fc3d82c3bb,8924,0xe4bb4faed4d3204ac6d2bae58f0dc3c748eca4c1,46.241591,46.241591,0.0,1,0,1708618957
2024-02-22,0x5bfb340fa9305abb164fb0248d0d82fc3d82c3bb,10044,0xec7c75a3f03598fd7f9babcdd904ecf389f78c4f,2851.014163,2851.014163,0.0,1,0,1708629775
2024-02-22,0x5bfb340fa9305abb164fb0248d0d82fc3d82c3bb,10065,0xfb176697fe881af351fa450d85e730018bc36f68,30887.941733,30887.941733,31246.65544,1,1,1708693985
2024-02-22,0x5bfb340fa9305abb164fb0248d0d82fc3d82c3bb,10590,0x5080f8d8f4433eab4fede63302266ea3a7c0f6d3,1255.344314,1255.344314,1198.324742,1,1,1708898747
2024-02-22,0x5bfb340fa9305abb164fb0248d0d82fc3d82c3bb,10657,0x892176d784bed3dc877a62f3ff9fc091377b2a49,7829.01795,7829.01795,19662.447437,1,1,1708882175
2024-02-22,0x5bfb340fa9305abb164fb0248d0d82fc3d82c3bb,10694,0x04490dc0f52a97ef2d6ea0c4d9edbcde8c8546cc,83210.849014,83210.849014,0.0,1,0,1708574529
2024-02-22,0x5bfb340fa9305abb164fb0248d0d82fc3d82c3bb,10695,0x04490dc0f52a97ef2d6ea0c4d9edbcde8c8546cc,0.0,0.0,12647.593329,0,1,1708574639
2024-02-22,0x5bfb340fa9305abb164fb0248d0d82fc3d82c3bb,10856,0x04490dc0f52a97ef2d6ea0c4d9edbcde8c8546cc,65599.35724,65599.35724,65599.35724,1,1,1708574711
2024-02-22,0x5bfb340fa9305abb164fb0248d0d82fc3d82c3bb,10917,0xc91703f7b55bb1459840b2f7ac099d47eb002422,0.0,0.0,1579.244501,0,1,1709159621
2024-02-22,0x5bfb340fa9305abb164fb0248d0d82fc3d82c3bb,11136,0xa6c4f123b99eaf51e63dd31497f4921ad6761230,0.0,0.0,545.26797,0,1,1708669533
2024-02-22,0x5bfb340fa9305abb164fb0248d0d82fc3d82c3bb,11232,0x728d66a885376d1ddf0809f4254085f171b157bd,27781.439487,55562.878974,54956.796435,2,2,1708579315
2024-02-22,0x5bfb340fa9305abb164fb0248d0d82fc3d82c3bb,11654,0x6c168e4fdc09b0008d95cb1e72f0c75ab93aa858,4.157572,4.157572,0.0,1,0,1708568831
2024-02-22,0x5bfb340fa9305abb164fb0248d0d82fc3d82c3bb,11956,0x43bbb89e02eb41473e7a8f44a89a31e48ccd0ad7,11.566619,11.566619,0.0,1,0,1708709229
2024-02-22,0x5bfb340fa9305abb164fb0248d0d82fc3d82c3bb,12057,0x04490dc0f52a97ef2d6ea0c4d9edbcde8c8546cc,1376.0,2752.0,1376.0,2,1,1708872019
2024-02-22,0x5bfb340fa9305abb164fb0248d0d82fc3d82c3bb,12206,0x43bbb89e02eb41473e7a8f44a89a31e48ccd0ad7,4015.779726,4015.779726,0.0,1,0,1708709639
2024-02-22,0x5bfb340fa9305abb164fb0248d0d82fc3d82c3bb,12303,0x0b0811d3d8342063db74b45a4344cdbee6389bdb,1.003516,1.003516,0.0,1,0,1708967531
2024-02-22,0x5e14319d52c9c18a04bfbbe12dd3a0fe3c1a816a,24,0x208a17c5fabe5b90282e5906945ff335e39326c4,0.0,0.0,9272.915799,0,1,1709150649
2024-02-22,0x5e14319d52c9c18a04bfbbe12dd3a0fe3c1a816a,47,0x011b0a055e02425461a1ae95b30f483c4ff05be7,119828.895456,119828.895456,0.0,1,0,1709155381
2024-02-22,0x5e14319d52c9c18a04bfbbe12dd3a0fe3c1a816a,51,0x0f228805c03a693aa964a791e0b2e2c6e6c6513f,294436.067415,294436.067415,293899.145649,1,1,1709156125
2024-02-22,0x5e14319d52c9c18a04bfbbe12dd3a0fe3c1a816a,55,0x285fed35cbea271a711681e84ffd83c68a596a75,45465.906539,45465.906539,45465.906539,1,1,1709158581
2024-02-22,0x5e14319d52c9c18a04bfbbe12dd3a0fe3c1a816a,105,0x208a17c5fabe5b90282e5906945ff335e39326c4,0.0,0.0,26405.063431,0,1,1709150611
2024-02-22,0x5e14319d52c9c18a04bfbbe12dd3a0fe3c1a816a,241,0xd639eee81b30d8b34d5d8cbce83f193e2ba298e4,0.0,0.0,38746.689377,0,1,1709149485
2024-02-22,0x5e14319d52c9c18a04bfbbe12dd3a0fe3c1a816a,285,0xe8788a8926dac3d25c591caa64d5296044c1446d,57129.290653,57129.290653,0.0,1,0,1708796899
2024-02-22,0x5e14319d52c9c18a04bfbbe12dd3a0fe3c1a816a,417,0xbe93d14c5defb8f41af8fb092f58e3c71c712b85,15576.435259,15576.435259,0.0,1,0,1708604827
2024-02-22,0x5e14319d52c9c18a04bfbbe12dd3a0fe3c1a816a,553,0xdaa070d909e010211606144ede5b2ca6864c2c1c,10383.462275,10383.462275,10226.927411,1,1,1709134245
2024-02-22,0x5e14319d52c9c18a04bfbbe12dd3a0fe3c1a816a,575,0x94587a95917188b338c822de2d1e77074131589f,10375.76417,10375.76417,0.0,1,0,1708709107
2024-02-22,0x5e14319d52c9c18a04bfbbe12dd3a0fe3c1a816a,650,0x4ffc5f22770ab6046c8d66dabae3a9cd1e7a03e7,46347.005206,46347.005206,0.0,1,0,1708570995
2024-02-22,0x5e14319d52c9c18a04bfbbe12dd3a0fe3c1a816a,758,0x8ccfcfa7e6133e0875192974d0d857fb7a28375e,0.0,0.0,7083.334673,0,1,1709155745
2024-02-22,0x5e14319d52c9c18a04bfbbe12dd3a0fe3c1a816a,870,0xf2829fc923b6fd040ead55d3f973f2953e86d13e,19063.266372,19063.266372,0.0,1,0,1709156159
2024-02-22,0x5e14319d52c9c18a04bfbbe12dd3a0fe3c1a816a,1204,0xd613a4cc742267dd51259d9679cc0d1ad83f7776,11424.2418,11424.2418,0.0,1,0,1708935403
2024-02-22,0x5e14319d52c9c18a04bfbbe12dd3a0fe3c1a816a,1581,0xce06012ccf4b9648710b6d624c09e11cb780e93c,6802.433493,6802.433493,0.0,1,0,1708815047
2024-02-22,0x5e14319d52c9c18a04bfbbe12dd3a0fe3c1a816a,1761,0x797bc498edee4357a16a1054db0323cbd04c84c3,2728.91236,2728.91236,2728.91236,1,1,1709154747
2024-02-22,0x5e14319d52c9c18a04bfbbe12dd3a0fe3c1a816a,1799,0xac98dc2496bcd84b6f1079d90dd37734137b126b,5313.802087,5313.802087,0.0,1,0,1708612217
2024-02-22,0x5e14319d52c9c18a04bfbbe12dd3a0fe3c1a816a,1846,0x5450a98bd84b8e0708a2a3d55e6c048f15977cd1,4956.24395,4956.24395,0.0,1,0,1708952001
2024-02-22,0x5e14319d52c9c18a04bfbbe12dd3a0fe3c1a816a,1959,0x6d1e0084a6910a8803ab7c22483a1a2db3f1001a,4525.755966,4525.755966,0.0,1,0,1709155457
2024-02-22,0x5e14319d52c9c18a04bfbbe12dd3a0fe3c1a816a,2022,0x9a4773eeee73e34e1ee0e9a64e4b7453b0b04246,4298.642401,4298.642401,0.0,1,0,1708606827
2024-02-22,0x5e14319d52c9c18a04bfbbe12dd3a0fe3c1a816a,2307,0x49072cd3bf4153da87d5eb30719bb32bda60884b,3613.83462,3613.83462,0.0,1,0,1708952103
2024-02-22,0x5e14319d52c9c18a04bfbbe12dd3a0fe3c1a816a,2362,0xbaa9b493bccbe1a900b39870980f41356f85822a,0.0,0.0,4328.721552,0,1,1709150013
2024-02-22,0x5e14319d52c9c18a04bfbbe12dd3a0fe3c1a816a,2433,0xe326fe653ed62b38acea220cde1820a98e23c213,3405.763181,3405.763181,0.0,1,0,1708815297
2024-02-22,0x5e14319d52c9c18a04bfbbe12dd3a0fe3c1a816a,2443,0x6c478ceb0c323eacbbac0bc3aca176d1c7c7e9a4,3384.991058,3384.991058,0.0,1,0,1708815359
2024-02-22,0x5e14319d52c9c18a04bfbbe12dd3a0fe3c1a816a,2517,0x3e4495646313c4b9b316827de8567196a5c95ac8,3348.805083,3348.805083,0.0,1,0,1708695705
2024-02-22,0x5e14319d52c9c18a04bfbbe12dd3a0fe3c1a816a,2637,0x72fc2f0cceec498ee01ab302b62cb6f78ac36bee,3176.791913,3176.791913,0.0,1,0,1708598339
2024-02-22,0x5e14319d52c9c18a04bfbbe12dd3a0fe3c1a816a,3160,0x25f0a60d95fb530435f733c8e480c8c4c1619d1e,1759.71193,1759.71193,0.0,1,0,1708959891
2024-02-22,0x5e14319d52c9c18a04bfbbe12dd3a0fe3c1a816a,3874,0xeede1d82f37c50aadb5a3574e64affd71a167ffd,1035.700889,1035.700889,0.0,1,0,1709154131
2024-02-22,0x5e14319d52c9c18a04bfbbe12dd3a0fe3c1a816a,3882,0x977ee6f3c17ecb90ac5504ad92240d40a33ba129,942.414097,942.414097,0.0,1,0,1708698835
2024-02-22,0x5e14319d52c9c18a04bfbbe12dd3a0fe3c1a816a,7015,0xeb0aef82e93f72dcfbed2fb2eaca7ea5e1f9c5c8,103.0,103.0,0.0,1,0,1708935335
2024-02-22,0x5e14319d52c9c18a04bfbbe12dd3a0fe3c1a816a,7121,0x011b0a055e02425461a1ae95b30f483c4ff05be7,35457.437389,35457.437389,0.0,1,0,1709155407
2024-02-22,0x5e14319d52c9c18a04bfbbe12dd3a0fe3c1a816a,8942,0x72d320a6f03249bd60fb3f1a0ca95daecbd9ca61,17.702367,17.702367,0.0,1,0,1708780711
2024-02-22,0x5e14319d52c9c18a04bfbbe12dd3a0fe3c1a816a,9045,0xf7c0d5e897666ce6590a749ff1bd9edaf7eab2a5,1078.665673,1078.665673,0.0,1,0,1709052833
2024-02-22,0x5e14319d52c9c18a04bfbbe12dd3a0fe3c1a816a,9848,0xdbd141d31bf07efbbf17b4c3d8d4d0465ab2c871,472.051211,472.051211,0.0,1,0,1708698527
2024-02-22,0x5e14319d52c9c18a04bfbbe12dd3a0fe3c1a816a,10294,0x48a6a8d403a58eccc70d4d57347f801d4e182564,1001826.891209,1001826.891209,1504158.138927,1,1,1709146349
2024-02-22,0x5e14319d52c9c18a04bfbbe12dd3a0fe3c1a816a,10383,0xf0b0a5bb90f94b4f5570b41106d6c325f7b53079,50372.841323,50372.841323,0.0,1,0,1708933049
2024-02-22,0x5e14319d52c9c18a04bfbbe12dd3a0fe3c1a816a,10657,0x892176d784bed3dc877a62f3ff9fc091377b2a49,19572.544876,19572.544876,0.0,1,0,1708882175
2024-02-22,0x5e14319d52c9c18a04bfbbe12dd3a0fe3c1a816a,10695,0x04490dc0f52a97ef2d6ea0c4d9edbcde8c8546cc,11971.417978,11971.417978,0.0,1,0,1708574639
2024-02-22,0x5e14319d52c9c18a04bfbbe12dd3a0fe3c1a816a,10775,0x30f125a74a4bd2aa8db5de1521b58b1164de1e89,694.062473,1416.806357,722.743884,2,1,1708968547
2024-02-22,0x5e14319d52c9c18a04bfbbe12dd3a0fe3c1a816a,11360,0x04490dc0f52a97ef2d6ea0c4d9edbcde8c8546cc,21090.175468,21090.175468,0.0,1,0,1708574783
2024-02-22,0x5e14319d52c9c18a04bfbbe12dd3a0fe3c1a816a,11654,0x6c168e4fdc09b0008d95cb1e72f0c75ab93aa858,4.157572,4.157572,0.0,1,0,1708568831
2024-02-22,0x5e14319d52c9c18a04bfbbe12dd3a0fe3c1a816a,12192,0xa0c13fcf14d077d151a0fa75adfbcb4f92984859,7242.857426,7242.857426,0.0,1,0,1708949191
2024-02-22,0x5e14319d52c9c18a04bfbbe12dd3a0fe3c1a816a,12224,0x40e5383a4439f9e896e090f18de98b399467d128,0.948183,0.948183,0.0,1,0,1708761229
2024-02-22,0x5e14319d52c9c18a04bfbbe12dd3a0fe3c1a816a,12226,0x2fcfcf3d30851533d4c13b35646a73b2d4c5b990,1.725544,1.725544,0.0,1,0,1708762027
2024-02-22,0x5e14319d52c9c18a04bfbbe12dd3a0fe3c1a816a,12283,0x6e307c83560f51c63b53f79dce4c3122b748e4f6,1.835164,1.835164,0.0,1,0,1708894643
2024-02-22,0x5e14319d52c9c18a04bfbbe12dd3a0fe3c1a816a,12303,0x0b0811d3d8342063db74b45a4344cdbee6389bdb,2.007031,2.007031,0.0,1,0,1708967531
2024-02-22,0x5f43555b02507133ecd5b78218283ed849b07eac,652,0xf315eafb91bd04f283d4c0bd47e64e9bb5384e11,31536.741433,31536.741433,31536.741433,1,1,1709070047
2024-02-22,0x5f45e48f9c053286ce9ca08db897f8b7eb3f7992,2338,0x316d738227930a117cf6d724ced8305a12650921,0.0,0.0,3508.089908,0,1,1709099605
2024-02-22,0x5f45e48f9c053286ce9ca08db897f8b7eb3f7992,5655,0xe9c59798e49a039823d731ee64cbde7151271482,0.0,0.0,367.101144,0,1,1709161149
2024-02-22,0x5f45e48f9c053286ce9ca08db897f8b7eb3f7992,7805,0xa1ef9bb97b894ef2a89e2575ecf75651683977c9,0.0,0.0,19.159586,0,1,1709134931
2024-02-22,0x5f45e48f9c053286ce9ca08db897f8b7eb3f7992,9501,0x494623b30f5f6633c43bb7b9f80728ea2f104549,0.0,0.0,20.774629,0,1,1709135061
2024-02-22,0x5f45e48f9c053286ce9ca08db897f8b7eb3f7992,10229,0x41020ca811e3e02b0645ea55ea189cd6e5ea5494,0.0,0.0,916.328373,0,1,1709105183
2024-02-22,0x61366a4e6b1db1b85dd701f2f4bfa275ef271197,16,0x370880694995aa8a53f71645f7bec3b0e7bb25d9,1105111.22872,1105111.22872,551547.996174,1,1,1709134465
2024-02-22,0x61366a4e6b1db1b85dd701f2f4bfa275ef271197,20,0x12a79e67ed7f4fd0a0318d331941800898dab30d,1614271.65994,1614271.65994,1653719.078357,1,1,1709099369
2024-02-22,0x61366a4e6b1db1b85dd701f2f4bfa275ef271197,23,0xc01a1cd505e6afcd3ced2ee1bac67890497f6654,48893.63331,48893.63331,0.0,1,0,1709135969
2024-02-22,0x61366a4e6b1db1b85dd701f2f4bfa275ef271197,33,0x8aa63a11835bf0139e41859540f0c7161a92c7b1,259588.472363,259588.472363,0.0,1,0,1709132297
2024-02-22,0x61366a4e6b1db1b85dd701f2f4bfa275ef271197,45,0x8d82d851e220c5e20ed85340e8e290018c6e59f7,3833.119423,3833.119423,0.0,1,0,1709138333
2024-02-22,0x61366a4e6b1db1b85dd701f2f4bfa275ef271197,52,0x28878aec6b4209d90a40890183e3322f0ae5b2e2,275696.92449,275696.92449,275194.174672,1,1,1709154645
2024-02-22,0x61366a4e6b1db1b85dd701f2f4bfa275ef271197,53,0x1594b251df6b70ca9a01d4de0836ab4fd9811241,0.0,0.0,1240614.893841,0,1,1709149119
2024-02-22,0x61366a4e6b1db1b85dd701f2f4bfa275ef271197,57,0x72d4d59f31d0cb4a4213a5dc81fc0108241ecc71,1750294.675063,1750294.675063,0.0,1,0,1709137533
2024-02-22,0x61366a4e6b1db1b85dd701f2f4bfa275ef271197,58,0x61d4ac515b82d1ec2f021e63b17519683ac1cabd,2074496.623986,2074496.623986,0.0,1,0,1709153361
2024-02-22,0x61366a4e6b1db1b85dd701f2f4bfa275ef271197,59,0xa3cbd0c67dee5142209ff0cf155bc2bc51acf180,0.0,0.0,486039.890953,0,1,1709160511
2024-02-22,0x61366a4e6b1db1b85dd701f2f4bfa275ef271197,60,0xc03282d46293499cdd8914a7bb7d78f793e70a5a,1735252.056491,1735252.056491,0.0,1,0,1709142143
2024-02-22,0x61366a4e6b1db1b85dd701f2f4bfa275ef271197,62,0xdbd5d31b7f48adc13a0ab0c591f7e3d4f9642e69,1293533.656766,1293533.656766,839263.633543,1,1,1709133363
2024-02-22,0x61366a4e6b1db1b85dd701f2f4bfa275ef271197,85,0xc877f7c4c1605692226888f884a823cfb8eb11bd,792055.752401,792055.752401,0.0,1,0,1709131793
2024-02-22,0x61366a4e6b1db1b85dd701f2f4bfa275ef271197,89,0x4dacd010e15e220bc6c5c3210d166505d2b6c63a,653851.328404,653851.328404,0.0,1,0,1709141649
2024-02-22,0x61366a4e6b1db1b85dd701f2f4bfa275ef271197,108,0x342f3002bb6f77441dfa40480ebb169d6912b464,380822.96305,380822.96305,0.0,1,0,1709144393
2024-02-22,0x61366a4e6b1db1b85dd701f2f4bfa275ef271197,112,0x5c965d2f24e8fc49146575b039fbda4033d3cf94,1410429.127629,1410429.127629,0.0,1,0,1709133549
2024-02-22,0x61366a4e6b1db1b85dd701f2f4bfa275ef271197,114,0x611b0c1ed942b833c786c53883a4aa37a25602a6,95338.837599,95338.837599,71373.736148,1,1,1709131963
2024-02-22,0x61366a4e6b1db1b85dd701f2f4bfa275ef271197,123,0x3021338c74f10cef1ece6404ac1498c2559f7a5c,519260.941785,519260.941785,515462.248335,1,1,1709140025
2024-02-22,0x61366a4e6b1db1b85dd701f2f4bfa275ef271197,131,0x9f0f8f07ec71a6435f1574ec022e98b5445d4988,408382.211318,408382.211318,0.0,1,0,1709142205
2024-02-22,0x61366a4e6b1db1b85dd701f2f4bfa275ef271197,135,0x166c794d890dd91bbe71f304eca660e1c4892cbb,0.0,0.0,386314.667357,0,1,1709159219
2024-02-22,0x61366a4e6b1db1b85dd701f2f4bfa275ef271197,145,0xc5d7be4a4e5957baa078201f41d9fd5f21b91b1b,356663.606246,356663.606246,0.0,1,0,1709145383
2024-02-22,0x61366a4e6b1db1b85dd701f2f4bfa275ef271197,148,0x6580bcc99af557e277cae063d7308cdbd59bf7b3,340240.825969,340240.825969,0.0,1,0,1709146545
2024-02-22,0x61366a4e6b1db1b85dd701f2f4bfa275ef271197,155,0x8371ec1d9b31899e8a7574f43a7864f395c80d00,174340.024378,174340.024378,696088.419698,1,1,1709160443
2024-02-22,0x61366a4e6b1db1b85dd701f2f4bfa275ef271197,160,0xb0eb6f452ecea6a76fda435b4629cf6a11b24a2a,138733.003588,138733.003588,0.0,1,0,1709143721
2024-02-22,0x61366a4e6b1db1b85dd701f2f4bfa275ef271197,174,0x83bad39f067ef72e354f2ea9d318eaad381a7f15,55778.333675,55778.333675,0.0,1,0,1709131909
2024-02-22,0x61366a4e6b1db1b85dd701f2f4bfa275ef271197,182,0xed5847639328edd38e7ce934442ff4ee8e714f7c,227208.37743,227208.37743,0.0,1,0,1709143161
2024-02-22,0x61366a4e6b1db1b85dd701f2f4bfa275ef271197,185,0x5952bab55191f8a815ccd8ba4945f7a09ef5def7,1431844.93189,1431844.93189,0.0,1,0,1709133479
2024-02-22,0x61366a4e6b1db1b85dd701f2f4bfa275ef271197,188,0xa60aadf62907bf06dd714781d44bbd4c2d783259,108959.119173,108959.119173,0.0,1,0,1709117391
2024-02-22,0x61366a4e6b1db1b85dd701f2f4bfa275ef271197,203,0x79cb43cf6fcf2f519da4d2ea03cefa2b51587e2f,0.0,0.0,48573.363976,0,1,1709160139
2024-02-22,0x61366a4e6b1db1b85dd701f2f4bfa275ef271197,208,0x7ecf3629e27b410d6a277cdca9c99240706eebec,445640.221183,445640.221183,444827.569607,1,1,1709112953
2024-02-22,0x61366a4e6b1db1b85dd701f2f4bfa275ef271197,228,0x323f5bb64b34e259ed16ccc3f5037f4857a684df,166235.149511,166235.149511,0.0,1,0,1709141191
2024-02-22,0x61366a4e6b1db1b85dd701f2f4bfa275ef271197,231,0xc82335bbdc978ce2e1f1c6c4f9e5bb2270bb2af1,0.0,0.0,156351.227637,0,1,1709160657
2024-02-22,0x61366a4e6b1db1b85dd701f2f4bfa275ef271197,254,0xdbd5d31b7f48adc13a0ab0c591f7e3d4f9642e69,141026.427132,141026.427132,140769.257014,1,1,1709133307
2024-02-22,0x61366a4e6b1db1b85dd701f2f4bfa275ef271197,267,0x5b1c8cd6e98d8bca397fd09b0dcc9933d712ad13,95938.082602,95938.082602,0.0,1,0,1709160323
2024-02-22,0x61366a4e6b1db1b85dd701f2f4bfa275ef271197,269,0xb88d3ade7e4231c97038f6d82475a233772ffc25,128510.04621,128510.04621,0.0,1,0,1709134833
2024-02-22,0x61366a4e6b1db1b85dd701f2f4bfa275ef271197,271,0x791437cc4fa77c534b8b55d0cc6f06c9cab5ebb5,126625.861775,126625.861775,0.0,1,0,1709137587
2024-02-22,0x61366a4e6b1db1b85dd701f2f4bfa275ef271197,273,0xb385222c461dd7df0526ed22568b81984f6e5f02,125496.136738,125496.136738,0.0,1,0,1709141397
2024-02-22,0x61366a4e6b1db1b85dd701f2f4bfa275ef271197,275,0xa810ffea2709c116ef180d090c142fc5e08586a7,32615.749835,32615.749835,0.0,1,0,1709152385
2024-02-22,0x61366a4e6b1db1b85dd701f2f4bfa275ef271197,295,0xdbd5d31b7f48adc13a0ab0c591f7e3d4f9642e69,113296.021423,113296.021423,113089.419357,1,1,1709133281
2024-02-22,0x61366a4e6b1db1b85dd701f2f4bfa275ef271197,298,0x8aa63a11835bf0139e41859540f0c7161a92c7b1,111676.46718,111676.46718,0.0,1,0,1709132281
2024-02-22,0x61366a4e6b1db1b85dd701f2f4bfa275ef271197,317,0x2d8ea9bcf57a8456085947ab4752f3f9104fc7db,107358.633641,107358.633641,0.0,1,0,1709138633
2024-02-22,0x61366a4e6b1db1b85dd701f2f4bfa275ef271197,324,0x8371ec1d9b31899e8a7574f43a7864f395c80d00,99221.734091,99221.734091,0.0,1,0,1709160551
2024-02-22,0x61366a4e6b1db1b85dd701f2f4bfa275ef271197,328,0x2d8ea9bcf57a8456085947ab4752f3f9104fc7db,124848.902528,124848.902528,0.0,1,0,1709138643
2024-02-22,0x61366a4e6b1db1b85dd701f2f4bfa275ef271197,335,0x582c34536d7f4a2a5d96118d5d80ba3000c6b5af,90965.663925,90965.663925,0.0,1,0,1709137051
2024-02-22,0x61366a4e6b1db1b85dd701f2f4bfa275ef271197,340,0xd9277f43bdfbbd18f5ba0adeb38f3ace2929e773,73489.850452,73489.850452,0.0,1,0,1709139463
2024-02-22,0x61366a4e6b1db1b85dd701f2f4bfa275ef271197,350,0x38332d808ba345953f41c71d38ca1ef79cffa5c5,0.0,0.0,17995.436332,0,1,1709155993
2024-02-22,0x61366a4e6b1db1b85dd701f2f4bfa275ef271197,362,0x5929cc4d10b6a1acc5bf5d221889f10251c628a1,0.0,0.0,12284.534007,0,1,1709158141
2024-02-22,0x61366a4e6b1db1b85dd701f2f4bfa275ef271197,363,0xbe12e889a5af67b12369c5610187a18c0a43dce0,88426.759342,88426.759342,0.0,1,0,1709136653
2024-02-22,0x61366a4e6b1db1b85dd701f2f4bfa275ef271197,398,0x48c7e0db3dad3fe4eb0513b86fe5c38ebb4e0f91,50283.827377,50283.827377,0.0,1,0,1709140387
2024-02-22,0x61366a4e6b1db1b85dd701f2f4bfa275ef271197,405,0x2f707265e61300e8290c18e38ebcbd129fb0b0f5,154309.507724,154309.507724,0.0,1,0,1709131981
2024-02-22,0x61366a4e6b1db1b85dd701f2f4bfa275ef271197,416,0x151e5062d509bf6fc1b5345afa0e7397c9c82226,31534.394535,31534.394535,0.0,1,0,1709138853
2024-02-22,0x61366a4e6b1db1b85dd701f2f4bfa275ef271197,421,0xee9a23404333361302790e905bd0f27603d39818,62846.006397,62846.006397,0.0,1,0,1709141971
2024-02-22,0x61366a4e6b1db1b85dd701f2f4bfa275ef271197,427,0x0dda3228b0729bfe7698988a669b81d4a306a8ea,60024.723923,60024.723923,0.0,1,0,1709136533
2024-02-22,0x61366a4e6b1db1b85dd701f2f4bfa275ef271197,437,0xbae3b46e29e7cfd2bba8164765d592ce9802ec70,16855.432453,16855.432453,0.0,1,0,1709155711
2024-02-22,0x61366a4e6b1db1b85dd701f2f4bfa275ef271197,438,0xe87c09608c6306cb72977ddf65bcbc8200cc9a96,19866.558675,19866.558675,19866.558675,1,1,1709161087
2024-02-22,0x61366a4e6b1db1b85dd701f2f4bfa275ef271197,449,0xf6657bbcfeb5c2746e8c609e35018a5a8caa13fb,17772.464292,17772.464292,0.0,1,0,1709102759
2024-02-22,0x61366a4e6b1db1b85dd701f2f4bfa275ef271197,458,0x7a921b0365b4571bee00ba5a1dbb422b11f13f9e,52014.824747,52014.824747,0.0,1,0,1709145723
2024-02-22,0x61366a4e6b1db1b85dd701f2f4bfa275ef271197,467,0xf68d2bfcecd7895bba05a7451dd09a1749026454,94937.905331,94937.905331,0.0,1,0,1709132169
2024-02-22,0x61366a4e6b1db1b85dd701f2f4bfa275ef271197,473,0x97020c9ec66e0f59231918b1d2f167a66026aff2,30586.72816,30586.72816,0.0,1,0,1709145123
2024-02-22,0x61366a4e6b1db1b85dd701f2f4bfa275ef271197,474,0x115d0d8822efc9607c52b04628098b48970b993b,51046.105344,51046.105344,0.0,1,0,1709145567
2024-02-22,0x61366a4e6b1db1b85dd701f2f4bfa275ef271197,494,0x153b4f4f2c6c284f844a53eb2e097d23b7bfa4dd,46604.19694,46604.19694,0.0,1,0,1709141471
2024-02-22,0x61366a4e6b1db1b85dd701f2f4bfa275ef271197,502,0x66f920658396f4c3642a32f6b5d5b65c3d6349db,137830.792288,137830.792288,0.0,1,0,1709140793
2024-02-22,0x61366a4e6b1db1b85dd701f2f4bfa275ef271197,509,0x34223719d75cbc336b77ccd8af6b9342bd6af1cb,0.0,0.0,11414.081867,0,1,1709079679
2024-02-22,0x61366a4e6b1db1b85dd701f2f4bfa275ef271197,531,0x44a088e784f2a7936c67d772f9e06df5093663bf,45416.896254,45416.896254,0.0,1,0,1709139149
2024-02-22,0x61366a4e6b1db1b85dd701f2f4bfa275ef271197,536,0xf6ed81d5e9f61dd1ea21e96ae1d660ecc388ae4f,0.0,0.0,12371.057782,0,1,1709150303
2024-02-22,0x61366a4e6b1db1b85dd701f2f4bfa275ef271197,544,0x16b00db74167b7469dda63b674ca9a3b1b70c439,31469.834468,31469.834468,0.0,1,0,1709149301
2024-02-22,0x61366a4e6b1db1b85dd701f2f4bfa275ef271197,551,0xdde346eaecec99ff62b8454fbd721593d40e2fbc,10646.051148,10646.051148,10594.443992,1,1,1708592719
2024-02-22,0x61366a4e6b1db1b85dd701f2f4bfa275ef271197,556,0x8019067c09ea6587383f728bdc708f41590a12ce,0.0,0.0,39981.238858,0,1,1709097557
2024-02-22,0x61366a4e6b1db1b85dd701f2f4bfa275ef271197,558,0x985dbffd8daaf59cc68883d17cfab313b2343184,10750.314895,10750.314895,0.0,1,0,1709148545
2024-02-22,0x61366a4e6b1db1b85dd701f2f4bfa275ef271197,561,0x13cf222f836693b1406725fffc147294a06dd2b2,39227.807628,39227.807628,0.0,1,0,1709139411
2024-02-22,0x61366a4e6b1db1b85dd701f2f4bfa275ef271197,577,0xc2c5cae84ebde7e29c9f8c6331d2e9b8137a84e1,35870.96973,35870.96973,0.0,1,0,1709132435
2024-02-22,0x61366a4e6b1db1b85dd701f2f4bfa275ef271197,583,0x8371ec1d9b31899e8a7574f43a7864f395c80d00,509553.488746,509553.488746,1017248.575013,1,1,1709160355
2024-02-22,0x61366a4e6b1db1b85dd701f2f4bfa275ef271197,604,0xf99c8873b972b4192e789f55ab954188d0d9a133,36257.00326,36257.00326,0.0,1,0,1709140151
2024-02-22,0x61366a4e6b1db1b85dd701f2f4bfa275ef271197,679,0x70c9fafea22acc41bda969f8ba2801af42456f51,240886.626259,240886.626259,0.0,1,0,1709141537
2024-02-22,0x61366a4e6b1db1b85dd701f2f4bfa275ef271197,688,0x398e17b329b074c700d18e87f49b85d0512699e9,29238.85597,29238.85597,7296.384292,1,1,1709139825
2024-02-22,0x61366a4e6b1db1b85dd701f2f4bfa275ef271197,692,0x6da02f6523fe3854a932b31cdce8b977b6724a1e,28930.276559,28930.276559,0.0,1,0,1709134339
2024-02-22,0x61366a4e6b1db1b85dd701f2f4bfa275ef271197,701,0xacd97a24977afa76d74c6ed7f363f6e4366f74bb,19132.052352,19132.052352,0.0,1,0,1709135309
2024-02-22,0x61366a4e6b1db1b85dd701f2f4bfa275ef271197,709,0x39d94ed8102740e8fad63e55473a466aa20e0983,27756.247225,27756.247225,0.0,1,0,1709134357
2024-02-22,0x61366a4e6b1db1b85dd701f2f4bfa275ef271197,715,0x13108ab5c6eb7efdcd7ba6f8cc55d265eae6176f,27297.438312,27297.438312,0.0,1,0,1709136715
2024-02-22,0x61366a4e6b1db1b85dd701f2f4bfa275ef271197,751,0x8e72a24221517e51502f20f387415a06b27a5b51,24980.014183,24980.014183,0.0,1,0,1709132539
2024-02-22,0x61366a4e6b1db1b85dd701f2f4bfa275ef271197,764,0xdbd5d31b7f48adc13a0ab0c591f7e3d4f9642e69,24502.409362,24502.409362,0.0,1,0,1709133319
2024-02-22,0x61366a4e6b1db1b85dd701f2f4bfa275ef271197,771,0x79c80fb4431b23940c0ed3f5ce45ba71d0f03577,24065.645462,24065.645462,0.0,1,0,1709143103
2024-02-22,0x61366a4e6b1db1b85dd701f2f4bfa275ef271197,780,0xc4b4691d8c9194e9f98e2609e6f8481ba713dd2a,23399.642792,23399.642792,0.0,1,0,1709155671
2024-02-22,0x61366a4e6b1db1b85dd701f2f4bfa275ef271197,810,0x609470c2f08ff626078ba64ceb905d73b155089d,21918.000808,21918.000808,0.0,1,0,1709137747
2024-02-22,0x61366a4e6b1db1b85dd701f2f4bfa275ef271197,829,0x3055f3cd374cf5b49c5deb05c1cb7389635e41a4,0.0,0.0,21253.870385,0,1,1709145717
2024-02-22,0x61366a4e6b1db1b85dd701f2f4bfa275ef271197,848,0x5d65a068426a802f77ddaf2b6038533f3c135aa6,0.0,0.0,20028.341552,0,1,1709128691
2024-02-22,0x61366a4e6b1db1b85dd701f2f4bfa275ef271197,861,0xdda35a6b42d74146b3d93c3718666a774a0fafd3,19606.922547,19606.922547,0.0,1,0,1709139209
2024-02-22,0x61366a4e6b1db1b85dd701f2f4bfa275ef271197,875,0x5f449ca0c6ae1cac4c4830220229233f0b60c103,18964.695369,18964.695369,18801.040239,1,1,1709121787
2024-02-22,0x61366a4e6b1db1b85dd701f2f4bfa275ef271197,892,0x829a2eab39abb84c1e0aa621736a14443b5c5075,39032.696927,39032.696927,0.0,1,0,1709142457
2024-02-22,0x61366a4e6b1db1b85dd701f2f4bfa275ef271197,896,0x2c8dbcebdc218f0f4e39c868a01c6c9a857aa5bb,59130.944612,59130.944612,0.0,1,0,1709135087
2024-02-22,0x61366a4e6b1db1b85dd701f2f4bfa275ef271197,909,0x283a2549b640e56901a8ced2ec5277a32cfe6425,18363.737514,18363.737514,0.0,1,0,1709145941
2024-02-22,0x61366a4e6b1db1b85dd701f2f4bfa275ef271197,912,0x49a5492fdfe5acc966dd5f41310dfdfe8daa349c,12928.805158,12928.805158,0.0,1,0,1709136251
2024-02-22,0x61366a4e6b1db1b85dd701f2f4bfa275ef271197,998,0xf240afaf9a72ba475b9799581d985a40db1a900b,15471.675779,15471.675779,0.0,1,0,1709140129
2024-02-22,0x61366a4e6b1db1b85dd701f2f4bfa275ef271197,1025,0xb8c511dc5d5ab1fc51fa7a4b521f0f3da0746c28,29721.425982,29721.425982,0.0,1,0,1709136123
2024-02-22,0x61366a4e6b1db1b85dd701f2f4bfa275ef271197,1067,0x582d6feae1926c19304e49206c710fe06c5f5593,14762.770873,14762.770873,0.0,1,0,1709139825
2024-02-22,0x61366a4e6b1db1b85dd701f2f4bfa275ef271197,1086,0x14da174fab1356466af2dd0ecdf94204e828a732,13299.328477,13299.328477,0.0,1,0,1709141161
2024-02-22,0x61366a4e6b1db1b85dd701f2f4bfa275ef271197,1092,0x3823a62339c5e9a75990efd1f91cdeff73bda609,13208.796448,13208.796448,0.0,1,0,1709143063
2024-02-22,0x61366a4e6b1db1b85dd701f2f4bfa275ef271197,1105,0x2ea2ce595bd68a0cd1fd34b06df98970952fe4d2,20474.089547,20474.089547,0.0,1,0,1709140905
2024-02-22,0x61366a4e6b1db1b85dd701f2f4bfa275ef271197,1114,0x4e190b3d31d96e0cd11a1520185a77b57a0182f2,12524.195402,12524.195402,0.0,1,0,1709138467
2024-02-22,0x61366a4e6b1db1b85dd701f2f4bfa275ef271197,1142,0x88afc9ea8dd40c6b4478532846d87ef614e0057d,12039.867736,12039.867736,0.0,1,0,1709144421
2024-02-22,0x61366a4e6b1db1b85dd701f2f4bfa275ef271197,1181,0x7ec7b375834ef33a1a677503d5065651ee530975,0.0,0.0,3884.005223,0,1,1708798935
2024-02-22,0x61366a4e6b1db1b85dd701f2f4bfa275ef271197,1183,0x0c9e20b9046f31da1e84b1b968b5fff23e815fd6,11900.246387,11900.246387,0.0,1,0,1709145357
2024-02-22,0x61366a4e6b1db1b85dd701f2f4bfa275ef271197,1211,0x1d5faae928712c3db5543dc887c996e06e54cc0b,10716.963477,10716.963477,0.0,1,0,1709136075
2024-02-22,0x61366a4e6b1db1b85dd701f2f4bfa275ef271197,1260,0x6c6e3619e5f51a5915d666d67602771e7920e946,11913.772353,11913.772353,0.0,1,0,1709144643
2024-02-22,0x61366a4e6b1db1b85dd701f2f4bfa275ef271197,1323,0xc74d294ec7ffd446e6fb6d18f2555e358af509fc,9031.284483,9031.284483,0.0,1,0,1709150507
2024-02-22,0x61366a4e6b1db1b85dd701f2f4bfa275ef271197,1346,0x103a1f94bc38313af8724777da71201e40adef5a,8905.132341,8905.132341,0.0,1,0,1709158283
2024-02-22,0x61366a4e6b1db1b85dd701f2f4bfa275ef271197,1413,0x53e213da8c28d85dc6663c3b5e35bb0ffbb05752,3529.367233,3529.367233,0.0,1,0,1709151147
2024-02-22,0x61366a4e6b1db1b85dd701f2f4bfa275ef271197,1484,0x3f9d06d42cb2b04ada2d9a8cdfbf63c5206d7deb,4339.141021,4339.141021,0.0,1,0,1709137865
2024-02-22,0x61366a4e6b1db1b85dd701f2f4bfa275ef271197,1520,0xa2d35e418814a8b6367c66a5ac2fec8ea16332b2,3640.560021,3640.560021,0.0,1,0,1709137551
2024-02-22,0x61366a4e6b1db1b85dd701f2f4bfa275ef271197,1528,0xf7ce05cb95d321c7f22aefd1defb99e54e087b15,8387.282179,8387.282179,0.0,1,0,1709143995
2024-02-22,0x61366a4e6b1db1b85dd701f2f4bfa275ef271197,1607,0x64169df8f5b881e6dddf5c9004e7d8e322d4f5de,6637.977658,6637.977658,0.0,1,0,1709153295
2024-02-22,0x61366a4e6b1db1b85dd701f2f4bfa275ef271197,1619,0x848ac158d4af8a753227ad4e955a6ea3b0cbf480,6478.624356,6478.624356,0.0,1,0,1709122449
2024-02-22,0x61366a4e6b1db1b85dd701f2f4bfa275ef271197,1658,0x4a2490c461d8bdcc0d7b6c2f7851d845d4fe4ab8,6286.042377,6286.042377,0.0,1,0,1709143683
2024-02-22,0x61366a4e6b1db1b85dd701f2f4bfa275ef271197,1716,0x6a1a3ecd04df0ff2d7cb25584052cdd173fc609b,4609.579003,4609.579003,0.0,1,0,1709134709
2024-02-22,0x61366a4e6b1db1b85dd701f2f4bfa275ef271197,1720,0xdda0bba4035e29ef29e4f7592027e2b861293408,6076.495719,6076.495719,6054.539538,1,1,1709125369
2024-02-22,0x61366a4e6b1db1b85dd701f2f4bfa275ef271197,1766,0xd9105bfe2f1448acad670d102263389f7e2a8e0b,1087.380462,1087.380462,1087.380462,1,1,1709155843
2024-02-22,0x61366a4e6b1db1b85dd701f2f4bfa275ef271197,1836,0x11add7af96d6f94bad07e338e9a4ca5dc0f94d4f,4927.959923,4927.959923,0.0,1,0,1709136979
2024-02-22,0x61366a4e6b1db1b85dd701f2f4bfa275ef271197,1837,0x1601569c6fa8e12eb6444a7bb075e227389aa192,0.0,0.0,4945.255757,0,1,1708705215
2024-02-22,0x61366a4e6b1db1b85dd701f2f4bfa275ef271197,1851,0x43c3ecaf74d44700a7821f3ea58ceae569d7158c,6565.332456,6565.332456,0.0,1,0,1709134037
2024-02-22,0x61366a4e6b1db1b85dd701f2f4bfa275ef271197,1873,0xef1244af7099dce45ee7f937534f0968501efb29,0.0,0.0,4831.119726,0,1,1709098463
2024-02-22,0x61366a4e6b1db1b85dd701f2f4bfa275ef271197,1928,0x70b1c13c592ee6fdb7ed2f06c70a409776a11ce6,4674.027827,4674.027827,0.0,1,0,1709132165
2024-02-22,0x61366a4e6b1db1b85dd701f2f4bfa275ef271197,1937,0x9f05a7a5d012321d06a501a671ce3ae85bcd551f,4550.905436,4550.905436,0.0,1,0,1709145017
2024-02-22,0x61366a4e6b1db1b85dd701f2f4bfa275ef271197,1949,0x9948ffd4b0e40a096f8979cdaeea7d852f6ea177,0.0,0.0,4404.385571,0,1,1709113993
2024-02-22,0x61366a4e6b1db1b85dd701f2f4bfa275ef271197,1960,0x0de4348c28c4e9ef19d5faf4024ef6653c326ec8,4402.545184,4402.545184,0.0,1,0,1709150285
2024-02-22,0x61366a4e6b1db1b85dd701f2f4bfa275ef271197,2050,0xf71953b029dba0517d6eb7cbda9dd390728ddb98,4123.833194,4123.833194,0.0,1,0,1709139803
2024-02-22,0x61366a4e6b1db1b85dd701f2f4bfa275ef271197,2053,0xef1244af7099dce45ee7f937534f0968501efb29,0.0,0.0,4182.18821,0,1,1709098381
2024-02-22,0x61366a4e6b1db1b85dd701f2f4bfa275ef271197,2055,0x264827b8dd1ca3ef6afb080241b3d3d8de8178b3,5888.47375,5888.47375,0.0,1,0,1709139805
2024-02-22,0x61366a4e6b1db1b85dd701f2f4bfa275ef271197,2067,0x2ce1a66f22a2dc6e410d9021d57aeb8d13d6bfef,4070.699854,4070.699854,0.0,1,0,1709131971
2024-02-22,0x61366a4e6b1db1b85dd701f2f4bfa275ef271197,2080,0x868cbfd33ec93b451c510125e4d9f1ab1e42fcd2,4096.836316,4096.836316,0.0,1,0,1709134079
2024-02-22,0x61366a4e6b1db1b85dd701f2f4bfa275ef271197,2137,0xec807617da8eb89f9a47960f7c0523a82d75253d,3994.119478,3994.119478,0.0,1,0,1709139379
2024-02-22,0x61366a4e6b1db1b85dd701f2f4bfa275ef271197,2186,0xec2cbcb2b994f8410073220d84d29eb66f9d9ec5,3913.799959,3913.799959,0.0,1,0,1709132207
2024-02-22,0x61366a4e6b1db1b85dd701f2f4bfa275ef271197,2210,0x9f05a7a5d012321d06a501a671ce3ae85bcd551f,3798.61409,3798.61409,0.0,1,0,1709145009
2024-02-22,0x61366a4e6b1db1b85dd701f2f4bfa275ef271197,2212,0x737d8e671b806851522a925858157e273b015f74,3900.916168,3900.916168,0.0,1,0,1709132937
2024-02-22,0x61366a4e6b1db1b85dd701f2f4bfa275ef271197,2222,0x375e3dc07d1c84024dba2f5cbaf677f5d8538c93,3820.35858,3820.35858,0.0,1,0,1709132063
2024-02-22,0x61366a4e6b1db1b85dd701f2f4bfa275ef271197,2236,0xf7571caa787899c59aa65c48ccf9a19a40e6c955,3659.468791,3659.468791,0.0,1,0,1709138129
2024-02-22,0x61366a4e6b1db1b85dd701f2f4bfa275ef271197,2277,0x8dbce5563c2d86857a7d559453282f315f90bfb8,3587.292418,3587.292418,0.0,1,0,1709160021
2024-02-22,0x61366a4e6b1db1b85dd701f2f4bfa275ef271197,2299,0xc4f694f8da796b7b36d9f5ceeacae5722c2d1d6e,4162.71171,4162.71171,0.0,1,0,1709140745
2024-02-22,0x61366a4e6b1db1b85dd701f2f4bfa275ef271197,2313,0x3888132606615fc0759853b6ec1107e717d0ae52,0.0,0.0,1246.160157,0,1,1709129589
2024-02-22,0x61366a4e6b1db1b85dd701f2f4bfa275ef271197,2327,0x3a0b4dde32d3fedbe5e2fe9e884bc04923c7f3a9,5197.169727,5197.169727,0.0,1,0,1709137387
2024-02-22,0x61366a4e6b1db1b85dd701f2f4bfa275ef271197,2332,0xae69116e4aa49645f78c1fc9f28f677aede0d153,3609.085032,3609.085032,0.0,1,0,1709145727
2024-02-22,0x61366a4e6b1db1b85dd701f2f4bfa275ef271197,2447,0xdf90bc63d773e674e0ce2488dbf173cdc3622796,845.969052,845.969052,0.0,1,0,1709116091
2024-02-22,0x61366a4e6b1db1b85dd701f2f4bfa275ef271197,2478,0xc4a9dd9ba9676038fd9138a431a78ed06b04d782,0.0,0.0,3310.177223,0,1,1709139329
2024-02-22,0x61366a4e6b1db1b85dd701f2f4bfa275ef271197,2598,0xc0433e26e3d2ae7d1d80e39a6d58062d1eaa54f5,7155.701128,7155.701128,0.0,1,0,1709143703
2024-02-22,0x61366a4e6b1db1b85dd701f2f4bfa275ef271197,2623,0xd12d05ba5bf8983e8c41071a32422c3c2d309669,0.0,0.0,3161.259817,0,1,1709150043
2024-02-22,0x61366a4e6b1db1b85dd701f2f4bfa275ef271197,2627,0x714a8521db3eee3f5f7d4d2dc0a33d91f0aed3dc,3057.86367,3057.86367,0.0,1,0,1709132273
2024-02-22,0x61366a4e6b1db1b85dd701f2f4bfa275ef271197,2646,0xc9ed7c5ae4b31dece1b8e5f224023e9583d63863,3099.121713,3099.121713,0.0,1,0,1709131919
2024-02-22,0x61366a4e6b1db1b85dd701f2f4bfa275ef271197,2658,0xb9406fdc51ed957eb286c89c722aa5569bb6fd1a,3022.808608,3022.808608,0.0,1,0,1709131765
2024-02-22,0x61366a4e6b1db1b85dd701f2f4bfa275ef271197,2712,0x33a431c03ada4edf4a2facf97c19a999ff33926c,2897.474545,2897.474545,0.0,1,0,1709132061
2024-02-22,0x61366a4e6b1db1b85dd701f2f4bfa275ef271197,2714,0xf059b59bdbec91d83c558b4a3cd3c1c6e275f2f1,4991.236689,4991.236689,0.0,1,0,1709145605
2024-02-22,0x61366a4e6b1db1b85dd701f2f4bfa275ef271197,2786,0x597bea912e8734e17ddc4f43a489a1472d9459cf,2634.331157,2634.331157,0.0,1,0,1709139401
2024-02-22,0x61366a4e6b1db1b85dd701f2f4bfa275ef271197,2854,0xdc5edfeb777bdfaa851ebda34c102162738290da,2278.729046,2278.729046,0.0,1,0,1709136157
2024-02-22,0x61366a4e6b1db1b85dd701f2f4bfa275ef271197,2902,0xf84368dcc03dbd47a6567b7267f573c28b2f07fa,468.60079,468.60079,468.60079,1,1,1709157027
2024-02-22,0x61366a4e6b1db1b85dd701f2f4bfa275ef271197,3040,0x8b05f073dc61b5f89f2b0ab09fe1c6f987a016a2,1673.488856,1673.488856,0.0,1,0,1709131779
2024-02-22,0x61366a4e6b1db1b85dd701f2f4bfa275ef271197,3090,0x64836f2ba7f1036d5126ad20a2dc0ffef119a63c,1817.792825,1817.792825,0.0,1,0,1709143811
2024-02-22,0x61366a4e6b1db1b85dd701f2f4bfa275ef271197,3096,0x8ee25bb8d6777c21ceffdea20583856c620dcae1,1811.12502,1811.12502,0.0,1,0,1709155199
2024-02-22,0x61366a4e6b1db1b85dd701f2f4bfa275ef271197,3122,0x2ec19e982172ead28b312a07faf25105fb3747d8,0.0,0.0,1808.409967,0,1,1708596025
2024-02-22,0x61366a4e6b1db1b85dd701f2f4bfa275ef271197,3150,0x5259e022cd88761eabf328f29aab25a123112c8a,6181.396704,6181.396704,0.0,1,0,1709140519
2024-02-22,0x61366a4e6b1db1b85dd701f2f4bfa275ef271197,3175,0x3bc9fa4e319669bb0527c9fe3a0fc9e340aaf2a5,1756.538504,1756.538504,0.0,1,0,1709145905
2024-02-22,0x61366a4e6b1db1b85dd701f2f4bfa275ef271197,3266,0x7b329c7feffadc2217d9745e6e4cd28aa5434363,1657.217083,1657.217083,0.0,1,0,1709132073
2024-02-22,0x61366a4e6b1db1b85dd701f2f4bfa275ef271197,3470,0x8dc4eac2012e04f62ef6445cdf4b19dea81a2d8b,2206.902604,2206.902604,0.0,1,0,1709142567
2024-02-22,0x61366a4e6b1db1b85dd701f2f4bfa275ef271197,3564,0x0b83821bb8b9d19582af26122556be7408313140,1233.479707,1233.479707,0.0,1,0,1709146741
2024-02-22,0x61366a4e6b1db1b85dd701f2f4bfa275ef271197,4064,0x8afd6322116be3bef640ba9f302430777d4d73e9,2811.768554,2811.768554,0.0,1,0,1709137761
2024-02-22,0x61366a4e6b1db1b85dd701f2f4bfa275ef271197,4099,0x23184d3ae7de5609bb57eaec707d9be0b17408a6,761.818718,761.818718,0.0,1,0,1709137329
2024-02-22,0x61366a4e6b1db1b85dd701f2f4bfa275ef271197,4676,0x7d0a940d81ce63ce716a1e3cd7372f78f79d2414,1368.844066,1368.844066,0.0,1,0,1709147123
2024-02-22,0x61366a4e6b1db1b85dd701f2f4bfa275ef271197,4867,0x5cd565a30872b764d93bb24c4af5e982351e4725,414.727691,414.727691,0.0,1,0,1709137967
2024-02-22,0x61366a4e6b1db1b85dd701f2f4bfa275ef271197,5026,0xff0b372384778479004e5be8d9061c3cb42a4d95,399.215133,399.215133,0.0,1,0,1709132187
2024-02-22,0x61366a4e6b1db1b85dd701f2f4bfa275ef271197,5351,0x23fcf8d02b1b515ca40ec908463626c1759c2756,378.662768,378.662768,0.0,1,0,1709152433
2024-02-22,0x61366a4e6b1db1b85dd701f2f4bfa275ef271197,5476,0x3967d78660bcbc95c625d58a40c42ce10bd905d6,942.438388,942.438388,942.438388,1,1,1709159457
2024-02-22,0x61366a4e6b1db1b85dd701f2f4bfa275ef271197,5607,0x44869f7621ebb6c1e41b4ffc56e0309302882338,0.0,0.0,368.89697,0,1,1709127599
2024-02-22,0x61366a4e6b1db1b85dd701f2f4bfa275ef271197,5632,0xdc19cded2b4f3472b37b43c001d048754fe74b03,368.02971,368.02971,0.0,1,0,1709145549
2024-02-22,0x61366a4e6b1db1b85dd701f2f4bfa275ef271197,5636,0x01788e63e54d738f0dac036de1392284d467897f,368.274505,368.274505,0.0,1,0,1709151851
2024-02-22,0x61366a4e6b1db1b85dd701f2f4bfa275ef271197,5704,0x8a7cd852dfee6a5c05a8f049a17a14361f8e5ea7,366.324587,366.324587,0.0,1,0,1709136693
2024-02-22,0x61366a4e6b1db1b85dd701f2f4bfa275ef271197,5738,0x79f91e61466426e50499b9bd56e46ac2f9df78e6,365.299355,365.299355,0.0,1,0,1709152209
2024-02-22,0x61366a4e6b1db1b85dd701f2f4bfa275ef271197,6418,0xdbd5d31b7f48adc13a0ab0c591f7e3d4f9642e69,24832.255409,24832.255409,0.0,1,0,1709133295
2024-02-22,0x61366a4e6b1db1b85dd701f2f4bfa275ef271197,7732,0xee9a23404333361302790e905bd0f27603d39818,43344.091239,43344.091239,0.0,1,0,1709141985
2024-02-22,0x61366a4e6b1db1b85dd701f2f4bfa275ef271197,7733,0x9f0f8f07ec71a6435f1574ec022e98b5445d4988,56109.37962,56109.37962,0.0,1,0,1709142223
2024-02-22,0x61366a4e6b1db1b85dd701f2f4bfa275ef271197,7805,0xa1ef9bb97b894ef2a89e2575ecf75651683977c9,18.14108,18.14108,0.0,1,0,1709134931
2024-02-22,0x61366a4e6b1db1b85dd701f2f4bfa275ef271197,7807,0xf7934c4e816a087e9288898c59c2e128be34fc8f,18.560906,18.560906,0.0,1,0,1709134115
2024-02-22,0x61366a4e6b1db1b85dd701f2f4bfa275ef271197,7809,0x7f595c0e51ad8015b39571636cb3c88ef7c5c67f,18.142143,18.142143,0.0,1,0,1709134655
2024-02-22,0x61366a4e6b1db1b85dd701f2f4bfa275ef271197,7821,0xf256208dd9a484df9d93bac78f8fcc05f687a920,18.140927,18.140927,0.0,1,0,1709135873
2024-02-22,0x61366a4e6b1db1b85dd701f2f4bfa275ef271197,7824,0x4a3c33c04dca69366ae48ea69b4476b08bb49410,18.140957,18.140957,0.0,1,0,1709135559
2024-02-22,0x61366a4e6b1db1b85dd701f2f4bfa275ef271197,7826,0xf1292d7254238ac0d056efb720c4ababee0ce3ad,18.140967,18.140967,0.0,1,0,1709135631
2024-02-22,0x61366a4e6b1db1b85dd701f2f4bfa275ef271197,7827,0x5c7e0d6dfc850621a703fbfa5502a9f25b2508ce,18.140955,18.140955,0.0,1,0,1709135703
2024-02-22,0x61366a4e6b1db1b85dd701f2f4bfa275ef271197,7830,0xbcf0cb5dd3fd148b6b3ddb356ea204756a3deced,18.142077,18.142077,0.0,1,0,1709134333
2024-02-22,0x61366a4e6b1db1b85dd701f2f4bfa275ef271197,7848,0x2d7fd73013f4076074cda84e043e7a956f8e37a9,18.241252,18.241252,0.0,1,0,1709136011
2024-02-22,0x61366a4e6b1db1b85dd701f2f4bfa275ef271197,7850,0x77b7aebd3fbdf792902205443a519b550bdc9434,18.241215,18.241215,0.0,1,0,1709136109
2024-02-22,0x61366a4e6b1db1b85dd701f2f4bfa275ef271197,7851,0x050fc2a463ab625216619ae3ec8d08d19a6a7881,18.2412,18.2412,0.0,1,0,1709136335
2024-02-22,0x61366a4e6b1db1b85dd701f2f4bfa275ef271197,7852,0x366f12cd7abf8f07e5c372f9bacdfc9e3735a280,18.141108,18.141108,0.0,1,0,1709136253
2024-02-22,0x61366a4e6b1db1b85dd701f2f4bfa275ef271197,7856,0xaf26e9e6dcc5b14b93c7b9b0f98b24108fab5818,18.242909,18.242909,0.0,1,0,1709134007
2024-02-22,0x61366a4e6b1db1b85dd701f2f4bfa275ef271197,8405,0x5d6f3d0c92d0564151357b0863e55e9ed4631b8d,0.0,0.0,1128.575615,0,1,1709157567
2024-02-22,0x61366a4e6b1db1b85dd701f2f4bfa275ef271197,8434,0x9f0f8f07ec71a6435f1574ec022e98b5445d4988,61251.345479,61251.345479,0.0,1,0,1709142247
2024-02-22,0x61366a4e6b1db1b85dd701f2f4bfa275ef271197,9039,0x0b72ff0418a5921de3ed19abd293a806d30bc981,18.614822,18.614822,0.0,1,0,1709136387
2024-02-22,0x61366a4e6b1db1b85dd701f2f4bfa275ef271197,9216,0xac18c73423d43ad14630c32491ec0db14e2e6148,1275.68,1275.68,0.0,1,0,1709132657
2024-02-22,0x61366a4e6b1db1b85dd701f2f4bfa275ef271197,9224,0x3aa8ac0e6c1fb9cbb733565de16cdc5a676bcb04,32795.859872,32795.859872,0.0,1,0,1709145615
2024-02-22,0x61366a4e6b1db1b85dd701f2f4bfa275ef271197,9248,0x370880694995aa8a53f71645f7bec3b0e7bb25d9,0.0,0.0,929.753953,0,1,1708598257
2024-02-22,0x61366a4e6b1db1b85dd701f2f4bfa275ef271197,9269,0x12dad3425d0ec383ebd9e86139a103ce119aa0b2,46335.68848,46335.68848,0.0,1,0,1709136865
2024-02-22,0x61366a4e6b1db1b85dd701f2f4bfa275ef271197,9296,0x9f0f8f07ec71a6435f1574ec022e98b5445d4988,57293.193715,57293.193715,0.0,1,0,1709142265
2024-02-22,0x61366a4e6b1db1b85dd701f2f4bfa275ef271197,9305,0x6330849fa00916341d362cbfebe06b19bf8e4162,221726.427916,221726.427916,0.0,1,0,1709137477
2024-02-22,0x61366a4e6b1db1b85dd701f2f4bfa275ef271197,9363,0x7c62c034a3633416b5ce91e591c5c8ccc0f53ca3,1243.106568,1243.106568,0.0,1,0,1709152835
2024-02-22,0x61366a4e6b1db1b85dd701f2f4bfa275ef271197,9371,0x6580bcc99af557e277cae063d7308cdbd59bf7b3,680766.792633,680766.792633,0.0,1,0,1709146565
2024-02-22,0x61366a4e6b1db1b85dd701f2f4bfa275ef271197,9427,0xba9d854c4b9ae5eef3dad86e1b65d661938b27a1,17468.023946,17468.023946,0.0,1,0,1709137567
2024-02-22,0x61366a4e6b1db1b85dd701f2f4bfa275ef271197,9501,0x494623b30f5f6633c43bb7b9f80728ea2f104549,19.733854,19.733854,0.0,1,0,1709135061
2024-02-22,0x61366a4e6b1db1b85dd701f2f4bfa275ef271197,9717,0x55996ab2705ffbf8f1f08eb208a8e309f529f554,0.0,0.0,131.821187,0,1,1709154435
2024-02-22,0x61366a4e6b1db1b85dd701f2f4bfa275ef271197,9891,0x9faa9d3fdbf962d8ce187575e68a44cd858dcba8,47631.510415,47631.510415,0.0,1,0,1709135119
2024-02-22,0x61366a4e6b1db1b85dd701f2f4bfa275ef271197,9913,0x370880694995aa8a53f71645f7bec3b0e7bb25d9,0.0,0.0,980.83662,0,1,1708598267
2024-02-22,0x61366a4e6b1db1b85dd701f2f4bfa275ef271197,9950,0x9faa9d3fdbf962d8ce187575e68a44cd858dcba8,30139.004541,30139.004541,0.0,1,0,1709135145
2024-02-22,0x61366a4e6b1db1b85dd701f2f4bfa275ef271197,10100,0x2bcdca8c689b4aa460b66ffde1d6b1761d41d5df,4557.190418,4557.190418,0.0,1,0,1709143373
2024-02-22,0x61366a4e6b1db1b85dd701f2f4bfa275ef271197,10167,0x32d6306ec178bcefe7b8d7302689376b42b047ee,1279553.682869,1279553.682869,1275586.340257,1,1,1709122477
2024-02-22,0x61366a4e6b1db1b85dd701f2f4bfa275ef271197,10294,0x48a6a8d403a58eccc70d4d57347f801d4e182564,31287154.088695,31287154.088695,5013860.463092,1,1,1709146349
2024-02-22,0x61366a4e6b1db1b85dd701f2f4bfa275ef271197,10295,0xc875b3dae5b0c371bc8cf9ded64868b78ac47587,2255469.584106,2255469.584106,2564204.241279,1,1,1709162281
2024-02-22,0x61366a4e6b1db1b85dd701f2f4bfa275ef271197,10296,0x03c70563e94de5de56c11a0cc4ce3482f592854f,5891243.826848,5891243.826848,6697652.902822,1,1,1709162329
2024-02-22,0x61366a4e6b1db1b85dd701f2f4bfa275ef271197,10298,0xc9814f18a8751214f719de15c54d01b3d78ef14f,2037886.809771,312288227.858412,312505090.473474,134,134,1709162249
2024-02-22,0x61366a4e6b1db1b85dd701f2f4bfa275ef271197,10433,0xf9f7aca75cf438ce22184331a66591a02df3a216,368061.089926,368061.089926,0.0,1,0,1709140769
2024-02-22,0x61366a4e6b1db1b85dd701f2f4bfa275ef271197,10474,0x505f69dbcc43a51d7ef1c2201f54ee116c45b20b,310554.927414,310554.927414,0.0,1,0,1709141625
2024-02-22,0x61366a4e6b1db1b85dd701f2f4bfa275ef271197,10630,0xdaaffba0ab113acbee5c65ecdcccdc60aaf7d110,2886.013283,2886.013283,0.0,1,0,1709133925
2024-02-22,0x61366a4e6b1db1b85dd701f2f4bfa275ef271197,10811,0xe742c794bfe6393b9cb5643058d9810ef488e1ac,23878.008086,23878.008086,0.0,1,0,1709132511
2024-02-22,0x61366a4e6b1db1b85dd701f2f4bfa275ef271197,10906,0xd832dc1b9f66f3ef378a9c21bbeffaae9469be2d,0.0,0.0,1255.366628,0,1,1709020867
2024-02-22,0x61366a4e6b1db1b85dd701f2f4bfa275ef271197,11004,0xdaaffba0ab113acbee5c65ecdcccdc60aaf7d110,453.596461,453.596461,0.0,1,0,1709133931
2024-02-22,0x61366a4e6b1db1b85dd701f2f4bfa275ef271197,11005,0x1b41643bc6d347c864c1337ae852c96495459f6c,475.028559,475.028559,0.0,1,0,1709135493
2024-02-22,0x61366a4e6b1db1b85dd701f2f4bfa275ef271197,11022,0xea6d4b6962d9c19c62dd391bbf4c5e7a3ac0632a,2215.694234,2215.694234,0.0,1,0,1709134589
2024-02-22,0x61366a4e6b1db1b85dd701f2f4bfa275ef271197,11051,0xdaaffba0ab113acbee5c65ecdcccdc60aaf7d110,1480.800088,1480.800088,0.0,1,0,1709133937
2024-02-22,0x61366a4e6b1db1b85dd701f2f4bfa275ef271197,11090,0xea6d4b6962d9c19c62dd391bbf4c5e7a3ac0632a,2549.738594,2549.738594,0.0,1,0,1709134605
2024-02-22,0x61366a4e6b1db1b85dd701f2f4bfa275ef271197,11127,0xeb2d541a7599eecc86049e366aa82a914a7cbc74,13133.521149,13133.521149,0.0,1,0,1709124013
2024-02-22,0x61366a4e6b1db1b85dd701f2f4bfa275ef271197,11298,0x370880694995aa8a53f71645f7bec3b0e7bb25d9,0.0,0.0,1463.859635,0,1,1708598277
2024-02-22,0x61366a4e6b1db1b85dd701f2f4bfa275ef271197,11328,0x8d893429b077455f0db9bc005536f441785eeeb2,20748.088616,20748.088616,0.0,1,0,1709157095
2024-02-22,0x61366a4e6b1db1b85dd701f2f4bfa275ef271197,11395,0x1b41643bc6d347c864c1337ae852c96495459f6c,1287.666562,1287.666562,0.0,1,0,1709135505
2024-02-22,0x61366a4e6b1db1b85dd701f2f4bfa275ef271197,11642,0xfd2496276bc48d338675488ea528d6c4fcbd1f12,1147.132166,1147.132166,0.0,1,0,1709134803
2024-02-22,0x61366a4e6b1db1b85dd701f2f4bfa275ef271197,11895,0x2c80b4c8ec66b5dcde635cfa593acc18dd50015a,287.5,287.5,0.0,1,0,1709135145
2024-02-22,0x61366a4e6b1db1b85dd701f2f4bfa275ef271197,11896,0x2c80b4c8ec66b5dcde635cfa593acc18dd50015a,187.39758,187.39758,0.0,1,0,1709135163
2024-02-22,0x61366a4e6b1db1b85dd701f2f4bfa275ef271197,11963,0x38332d808ba345953f41c71d38ca1ef79cffa5c5,672.51728,672.51728,843.16377,1,1,1709156067
2024-02-22,0x61366a4e6b1db1b85dd701f2f4bfa275ef271197,11982,0x1b41643bc6d347c864c1337ae852c96495459f6c,300.0,300.0,0.0,1,0,1709135519
2024-02-22,0x61366a4e6b1db1b85dd701f2f4bfa275ef271197,12048,0x501ab5290fbdfe5167a1ec8b49a897b342765985,60965.423311,60965.423311,0.0,1,0,1709142217
2024-02-22,0x61366a4e6b1db1b85dd701f2f4bfa275ef271197,12052,0x32d6306ec178bcefe7b8d7302689376b42b047ee,0.0,0.0,1634.0,0,1,1708763283
2024-02-22,0x61366a4e6b1db1b85dd701f2f4bfa275ef271197,12107,0x8db743ecf3813f7bc8f142d654ae8012efaa3481,58062.405263,58062.405263,0.0,1,0,1709133261
2024-02-22,0x61366a4e6b1db1b85dd701f2f4bfa275ef271197,12153,0x12a79e67ed7f4fd0a0318d331941800898dab30d,311096.0,311096.0,0.0,1,0,1709099387
2024-02-22,0x61366a4e6b1db1b85dd701f2f4bfa275ef271197,12158,0x28878aec6b4209d90a40890183e3322f0ae5b2e2,0.0,0.0,41796.0,0,1,1708629979
2024-02-22,0x61366a4e6b1db1b85dd701f2f4bfa275ef271197,12226,0x2fcfcf3d30851533d4c13b35646a73b2d4c5b990,0.862772,0.862772,0.0,1,0,1708762027
2024-02-22,0x61366a4e6b1db1b85dd701f2f4bfa275ef271197,12340,0x3fe0c9e9b0d2bee9cf82405e31a75555016eeb16,3.438093,3.438093,0.0,1,0,1709131975
2024-02-22,0x61366a4e6b1db1b85dd701f2f4bfa275ef271197,12376,0x2c80b4c8ec66b5dcde635cfa593acc18dd50015a,12.840381,12.840381,0.0,1,0,1709135177
2024-02-22,0x61366a4e6b1db1b85dd701f2f4bfa275ef271197,12403,0xa51bf0c0f59f4837932d1e64202b4be10d30dfa5,9.974658,9.974658,0.0,1,0,1709138877
2024-02-22,0x656d48d3f337c6b3cd2ed8471b135ff54b1f96ad,47,0x011b0a055e02425461a1ae95b30f483c4ff05be7,13314.321717,13314.321717,0.0,1,0,1709155381
2024-02-22,0x656d48d3f337c6b3cd2ed8471b135ff54b1f96ad,68,0x132e47cf2c19ec2d8dd56e1528fc7e18dc09188f,14242.951717,14242.951717,0.0,1,0,1709148573
2024-02-22,0x656d48d3f337c6b3cd2ed8471b135ff54b1f96ad,3491,0x71c1bffe933698f39b03c6c7545dfb193c4c8b86,0.0,0.0,1334.847435,0,1,1709152741
2024-02-22,0x656d48d3f337c6b3cd2ed8471b135ff54b1f96ad,4414,0x39afe2176de832be2a5164e5fc91e27d1355c88d,565.227528,565.227528,0.0,1,0,1709056709
2024-02-22,0x656d48d3f337c6b3cd2ed8471b135ff54b1f96ad,7121,0x011b0a055e02425461a1ae95b30f483c4ff05be7,8765.866466,8765.866466,8749.881384,1,1,1709155407
2024-02-22,0x656d48d3f337c6b3cd2ed8471b135ff54b1f96ad,7122,0x011b0a055e02425461a1ae95b30f483c4ff05be7,4560.426259,4560.426259,14608.490701,1,1,1709155433
2024-02-22,0x6689a0582bafcc286a81dc38d76e0470acd17275,47,0x011b0a055e02425461a1ae95b30f483c4ff05be7,0.0,0.0,83062.7641,0,1,1709155381
2024-02-22,0x6689a0582bafcc286a81dc38d76e0470acd17275,68,0x132e47cf2c19ec2d8dd56e1528fc7e18dc09188f,0.0,0.0,142002.338447,0,1,1709148573
2024-02-22,0x6689a0582bafcc286a81dc38d76e0470acd17275,103,0x1c2ed7a6c4e3c1146103fa222181115a72243a06,0.0,0.0,55786.988668,0,1,1709160853
2024-02-22,0x6689a0582bafcc286a81dc38d76e0470acd17275,289,0x95b05f935655c37ada2088c5767e5006f230b068,0.0,0.0,23582.639695,0,1,1709153629
2024-02-22,0x6689a0582bafcc286a81dc38d76e0470acd17275,597,0x1ce0c2b445c8e87ea4c40b6e721d9a39b09f6459,0.0,0.0,9205.755818,0,1,1709153997
2024-02-22,0x6689a0582bafcc286a81dc38d76e0470acd17275,675,0x1f452ea54d4d934afadc300c61ca0a3b1bbde958,0.0,0.0,35277.782472,0,1,1709160699
2024-02-22,0x6689a0582bafcc286a81dc38d76e0470acd17275,691,0x2159e8d5566369ddb67bbfc6b288ed5591d34235,0.0,0.0,28811.611167,0,1,1709145651
2024-02-22,0x6689a0582bafcc286a81dc38d76e0470acd17275,1011,0x52d033e64774f31a8b7562806aa5782cbbd29382,130986.588972,130986.588972,130278.518352,1,1,1709133985
2024-02-22,0x6689a0582bafcc286a81dc38d76e0470acd17275,1040,0xfb17d5cd85854b6bee89e714591de521f3169de5,0.0,0.0,14085.334179,0,1,1709160457
2024-02-22,0x6689a0582bafcc286a81dc38d76e0470acd17275,1511,0x4f321ad6ddc21ebcf9ee7213d2b41895196b6a9b,0.0,0.0,3656.328004,0,1,1709131533
2024-02-22,0x6689a0582bafcc286a81dc38d76e0470acd17275,1959,0x6d1e0084a6910a8803ab7c22483a1a2db3f1001a,0.0,4525.755966,9035.173778,1,2,1709155457
2024-02-22,0x6689a0582bafcc286a81dc38d76e0470acd17275,2047,0x7239c9c7ca2ed6f684182fca881618fe4b557f9e,0.0,0.0,6761.268948,0,1,1709159813
2024-02-22,0x6689a0582bafcc286a81dc38d76e0470acd17275,2424,0x1426fbd146942e153653863cbe633780c17268da,3349.293869,3349.293869,3349.293869,1,1,1709150541
2024-02-22,0x6689a0582bafcc286a81dc38d76e0470acd17275,4146,0xfc1aa1f2e40ec0cc25300c4b08b8513984844f19,1961.79239,1961.79239,1958.214944,1,1,1708572377
2024-02-22,0x6689a0582bafcc286a81dc38d76e0470acd17275,4231,0x633f6bb51b30aed1fec4625774919eca9f5aa55e,0.0,0.0,680.901827,0,1,1709153411
2024-02-22,0x6689a0582bafcc286a81dc38d76e0470acd17275,6362,0x921bb1a6c751f98cc229865376e0deba82405cda,0.0,0.0,349.181383,0,1,1709100031
2024-02-22,0x6689a0582bafcc286a81dc38d76e0470acd17275,7121,0x011b0a055e02425461a1ae95b30f483c4ff05be7,0.0,0.0,17598.076042,0,1,1709155407
2024-02-22,0x6689a0582bafcc286a81dc38d76e0470acd17275,7966,0x5eaa8bdc315608e8cf873cfaba05e42826f68c4d,25139.494209,25139.494209,24589.336749,1,1,1709134049
2024-02-22,0x6689a0582bafcc286a81dc38d76e0470acd17275,8047,0x4ee67d558e065c6655f6a871a881e4717d97d1bd,0.0,0.0,5928.59401,0,1,1709160525
2024-02-22,0x6689a0582bafcc286a81dc38d76e0470acd17275,8428,0x92b200b674f7e7fbecd6d71d041d079c513d9965,221822.313694,221822.313694,220514.550392,1,1,1709133923
2024-02-22,0x6689a0582bafcc286a81dc38d76e0470acd17275,9361,0x3d9dd495d80e6f8d19dd6b06c7c9bdbb51db932d,0.0,0.0,511.137212,0,1,1708787531
2024-02-22,0x67b00b46fa4f4f24c03855c5c8013c0b938b3eec,47,0x011b0a055e02425461a1ae95b30f483c4ff05be7,13314.321717,13314.321717,41199.130993,1,1,1709155381
2024-02-22,0x67b00b46fa4f4f24c03855c5c8013c0b938b3eec,68,0x132e47cf2c19ec2d8dd56e1528fc7e18dc09188f,0.0,0.0,35500.584612,0,1,1709148573
2024-02-22,0x67b00b46fa4f4f24c03855c5c8013c0b938b3eec,7121,0x011b0a055e02425461a1ae95b30f483c4ff05be7,10834.21698,10834.21698,24480.005221,1,1,1709155407
2024-02-22,0x67b00b46fa4f4f24c03855c5c8013c0b938b3eec,7122,0x011b0a055e02425461a1ae95b30f483c4ff05be7,5867.138654,5867.138654,13173.728222,1,1,1709155433
2024-02-22,0x688b0380360c84135769d4f75d70038119846a8e,24,0x208a17c5fabe5b90282e5906945ff335e39326c4,0.0,0.0,46364.578995,0,1,1709150649
2024-02-22,0x688b0380360c84135769d4f75d70038119846a8e,43,0x2ddb405238368695f34d30a80ab60c449aa5ce48,61849.396813,61849.396813,0.0,1,0,1709151115
2024-02-22,0x688b0380360c84135769d4f75d70038119846a8e,47,0x011b0a055e02425461a1ae95b30f483c4ff05be7,300237.954725,300237.954725,0.0,1,0,1709155381
2024-02-22,0x688b0380360c84135769d4f75d70038119846a8e,56,0x48a5a6a01ba89cddf97d2d552923d5a11401ed19,0.0,0.0,101271.415239,0,1,1709161045
2024-02-22,0x688b0380360c84135769d4f75d70038119846a8e,80,0x34f543a73dcb1a4bcbae71e5dd41fcc1b5c17bf7,0.0,0.0,209552.289524,0,1,1709002743
2024-02-22,0x688b0380360c84135769d4f75d70038119846a8e,103,0x1c2ed7a6c4e3c1146103fa222181115a72243a06,55888.905427,55888.905427,55786.988668,1,1,1709160853
2024-02-22,0x688b0380360c84135769d4f75d70038119846a8e,105,0x208a17c5fabe5b90282e5906945ff335e39326c4,0.0,0.0,79215.190294,0,1,1709150611
2024-02-22,0x688b0380360c84135769d4f75d70038119846a8e,106,0x615e5022252b31af496574f00d5519c5d93261ab,0.0,0.0,160081.917469,0,1,1709148517
2024-02-22,0x688b0380360c84135769d4f75d70038119846a8e,110,0x05e09d942505764bca4475abf8efdbc21d1c535b,120333.65958,120333.65958,144625.951229,1,1,1709153925
2024-02-22,0x688b0380360c84135769d4f75d70038119846a8e,114,0x611b0c1ed942b833c786c53883a4aa37a25602a6,0.0,0.0,47582.490766,0,1,1709131963
2024-02-22,0x688b0380360c84135769d4f75d70038119846a8e,126,0xf5a93410e7e32bbf28a8eaafbd7f241cf0b290fb,425022.594647,425022.594647,0.0,1,0,1709130881
2024-02-22,0x688b0380360c84135769d4f75d70038119846a8e,174,0x83bad39f067ef72e354f2ea9d318eaad381a7f15,55449.110325,55449.110325,55449.110325,1,1,1709131909
2024-02-22,0x688b0380360c84135769d4f75d70038119846a8e,177,0xdffd8bbf8dcaf236c4e009ff6013bfc98407b6c0,58326.172666,58326.172666,0.0,1,0,1709154053
2024-02-22,0x688b0380360c84135769d4f75d70038119846a8e,209,0xfcbb477ec276476b6029ed0467f28f5ac1712884,0.0,0.0,106502.869519,0,1,1709157265
2024-02-22,0x688b0380360c84135769d4f75d70038119846a8e,238,0xb6f28ae8f31d85dc27361852b986286113bc588d,42376.011529,42376.011529,0.0,1,0,1709157047
2024-02-22,0x688b0380360c84135769d4f75d70038119846a8e,247,0xc40ebdc95e9fae4ada1a2c5093d0599afe0256bd,0.0,0.0,37998.465764,0,1,1709156619
2024-02-22,0x688b0380360c84135769d4f75d70038119846a8e,268,0xb6fb12999a09effdbcc6f60776331eaccc42e539,129904.429542,129904.429542,0.0,1,0,1709159811
2024-02-22,0x688b0380360c84135769d4f75d70038119846a8e,269,0xb88d3ade7e4231c97038f6d82475a233772ffc25,0.0,0.0,128510.04621,0,1,1709134833
2024-02-22,0x688b0380360c84135769d4f75d70038119846a8e,279,0xa82618668a71bb492d1aaf8948de95d73eb8a243,0.0,0.0,147495.579371,0,1,1709122635
2024-02-22,0x688b0380360c84135769d4f75d70038119846a8e,289,0x95b05f935655c37ada2088c5767e5006f230b068,11728.515026,11728.515026,0.0,1,0,1709153629
2024-02-22,0x688b0380360c84135769d4f75d70038119846a8e,364,0xe7b27bd74f522afa05732ba82b2f46a38d4be098,0.0,0.0,39577.178198,0,1,1709129203
2024-02-22,0x688b0380360c84135769d4f75d70038119846a8e,405,0x2f707265e61300e8290c18e38ebcbd129fb0b0f5,154309.507724,154309.507724,0.0,1,0,1709131981
2024-02-22,0x688b0380360c84135769d4f75d70038119846a8e,410,0xe88857d67cf8e0031ca1674ffe17f72578e566ee,67082.103296,67082.103296,66959.775072,1,1,1709159443
2024-02-22,0x688b0380360c84135769d4f75d70038119846a8e,414,0x0eeacd4c475040463389d15ead034d1291b008b1,0.0,0.0,32478.8736,0,1,1708978503
2024-02-22,0x688b0380360c84135769d4f75d70038119846a8e,425,0xf942457b49e10d4bbde841d93903cd707add1637,0.0,0.0,59753.325044,0,1,1709107369
2024-02-22,0x688b0380360c84135769d4f75d70038119846a8e,438,0xe87c09608c6306cb72977ddf65bcbc8200cc9a96,19866.558675,19866.558675,0.0,1,0,1709161087
2024-02-22,0x688b0380360c84135769d4f75d70038119846a8e,442,0x2ad7f82d4266d47e875ae2b06322f2e008cbf5c6,75023.122461,75023.122461,74886.313314,1,1,1709143135
2024-02-22,0x688b0380360c84135769d4f75d70038119846a8e,448,0xfad576ebc93a47031ba895064405f8a04b6e96fc,55380.271018,55380.271018,0.0,1,0,1709161055
2024-02-22,0x688b0380360c84135769d4f75d70038119846a8e,452,0x21484a41b00c014c4ad5c92bbb7661fd7c1c9a2b,0.0,0.0,52908.346134,0,1,1709123503
2024-02-22,0x688b0380360c84135769d4f75d70038119846a8e,462,0x0952615cd36904d97c736a0b0a5eea75c75e26d8,44140.940383,44140.940383,0.0,1,0,1709154943
2024-02-22,0x688b0380360c84135769d4f75d70038119846a8e,466,0xdf2e0a3c668379e1b25901b3f719ebfd00f0bfbd,0.0,0.0,54724.311567,0,1,1709160027
2024-02-22,0x688b0380360c84135769d4f75d70038119846a8e,467,0xf68d2bfcecd7895bba05a7451dd09a1749026454,0.0,0.0,86699.575494,0,1,1709132169
2024-02-22,0x688b0380360c84135769d4f75d70038119846a8e,475,0xda1d9534bef3344fa5be3b644b767b349e7415c7,16366.349887,16366.349887,0.0,1,0,1709158869
2024-02-22,0x688b0380360c84135769d4f75d70038119846a8e,486,0x7ee615e93d2d58feb14e58ea93f3fb5940d227e4,0.0,0.0,13118.275132,0,1,1709121243
2024-02-22,0x688b0380360c84135769d4f75d70038119846a8e,497,0xc5be928c3d096969842a3524a3bfcff051d7d68e,45546.358137,45546.358137,0.0,1,0,1709155233
2024-02-22,0x688b0380360c84135769d4f75d70038119846a8e,511,0x0349dc3629e09bb939e69b6b781e5c8b8b9ab432,43814.16347,43814.16347,43303.402316,1,1,1709153157
2024-02-22,0x688b0380360c84135769d4f75d70038119846a8e,512,0x3b1b211b3fce0d1ee9f5e1afeecadeb98378d0b0,0.0,0.0,10907.557494,0,1,1709105263
2024-02-22,0x688b0380360c84135769d4f75d70038119846a8e,536,0xf6ed81d5e9f61dd1ea21e96ae1d660ecc388ae4f,0.0,0.0,12371.057782,0,1,1709150303
2024-02-22,0x688b0380360c84135769d4f75d70038119846a8e,606,0x27f33f5af3125c7488051134872e6e7a3c5a644a,0.0,0.0,36076.121813,0,1,1708937679
2024-02-22,0x688b0380360c84135769d4f75d70038119846a8e,659,0x54426307974b659b48e70b1faa44f17aa0e3c4cf,0.0,0.0,31705.214508,0,1,1709123051
2024-02-22,0x688b0380360c84135769d4f75d70038119846a8e,690,0x3c04ec0d34f8c074644a792ce04366ab789d3eb3,0.0,0.0,28747.938259,0,1,1708695271
2024-02-22,0x688b0380360c84135769d4f75d70038119846a8e,718,0xe12dbb4320caa9035c5d104620aa7a0debcbd554,0.0,0.0,13385.40161,0,1,1709159569
2024-02-22,0x688b0380360c84135769d4f75d70038119846a8e,752,0xb919cab8962c5e6d8cc0483661819a44a8ff98e6,63757.543586,63757.543586,62498.240125,1,1,1708579091
2024-02-22,0x688b0380360c84135769d4f75d70038119846a8e,808,0x5f338dd3c5ba4e5368a6139b81e1c120ccb2567d,0.0,0.0,23005.52628,0,1,1709158609
2024-02-22,0x688b0380360c84135769d4f75d70038119846a8e,824,0x0e80b8ea35ed0d15689a6372940619a5a99588bb,0.0,0.0,21210.994093,0,1,1709118847
2024-02-22,0x688b0380360c84135769d4f75d70038119846a8e,844,0x0849f5477813c0acb47aaceb5fb64da0ea5256a5,0.0,0.0,20478.713172,0,1,1709149939
2024-02-22,0x688b0380360c84135769d4f75d70038119846a8e,879,0x34ff77a853a14579d2120ac08c5e342cee08ad71,4725.931324,4725.931324,4708.870529,1,1,1709160485
2024-02-22,0x688b0380360c84135769d4f75d70038119846a8e,907,0xac9161439fa30e646dead6a11e23371f97eab067,17797.595434,17797.595434,0.0,1,0,1709159879
2024-02-22,0x688b0380360c84135769d4f75d70038119846a8e,929,0xfaeaad01421b3acfd3bdcbface76d5038f4ce665,0.0,0.0,17226.137924,0,1,1709125345
2024-02-22,0x688b0380360c84135769d4f75d70038119846a8e,933,0x2067d095f4cacb434e921a2cf5b89a09dbf518a4,0.0,0.0,17094.5001,0,1,1709159441
2024-02-22,0x688b0380360c84135769d4f75d70038119846a8e,1005,0xceeeb61e596f0bae44b791f3f1655501df7fa045,0.0,0.0,7908.844835,0,1,1709125611
2024-02-22,0x688b0380360c84135769d4f75d70038119846a8e,1006,0x806388e04b7583a0148451a8ecd29a748b8fd584,0.0,0.0,3799.660925,0,1,1708994071
2024-02-22,0x688b0380360c84135769d4f75d70038119846a8e,1034,0x582b07d825557d79be4f5ea051167b6c534fea1e,0.0,0.0,14111.857552,0,1,1709102231
2024-02-22,0x688b0380360c84135769d4f75d70038119846a8e,1053,0x3216a8a03b07b6b19cbc21d62c8942e625fc3e07,0.0,0.0,6515.407799,0,1,1709139995
2024-02-22,0x688b0380360c84135769d4f75d70038119846a8e,1056,0xeb4576fe753dab07635c0bb6c8f0a355e1db5d31,0.0,0.0,7355.734008,0,1,1709159333
2024-02-22,0x688b0380360c84135769d4f75d70038119846a8e,1093,0x234ef83bd3859c04c93eaafd0ecf6dfefe2d5a4b,13066.430776,13066.430776,0.0,1,0,1709155207
2024-02-22,0x688b0380360c84135769d4f75d70038119846a8e,1142,0x88afc9ea8dd40c6b4478532846d87ef614e0057d,0.0,0.0,12039.867736,0,1,1709144421
2024-02-22,0x688b0380360c84135769d4f75d70038119846a8e,1146,0x79016f576376cc3bdfbc02642211828471760185,0.0,0.0,13007.705741,0,1,1709114545
2024-02-22,0x688b0380360c84135769d4f75d70038119846a8e,1197,0x0be4eb0e89abed9f52d94f1550c22a16008cc463,5954.004692,5954.004692,0.0,1,0,1709160459
2024-02-22,0x688b0380360c84135769d4f75d70038119846a8e,1262,0xd131f1bcdd547e067af447dd3c36c99d6be9fdeb,0.0,0.0,10094.21218,0,1,1709066603
2024-02-22,0x688b0380360c84135769d4f75d70038119846a8e,1305,0x05b5240daa1894a299a41d1f63f1caacf94bdeb3,0.0,0.0,4545.575685,0,1,1709150855
2024-02-22,0x688b0380360c84135769d4f75d70038119846a8e,1311,0xff2ce9d334df35ed9fcb155f33856b638ec5d3a5,0.0,0.0,9488.429389,0,1,1709085529
2024-02-22,0x688b0380360c84135769d4f75d70038119846a8e,1367,0xcce0a627557f2b9af402607e5342ba15ad5f0053,0.0,0.0,8762.876231,0,1,1709140817
2024-02-22,0x688b0380360c84135769d4f75d70038119846a8e,1418,0x835e7e74ddc84befa0a4663d3d6ab1493a2c71b8,8243.943255,8243.943255,0.0,1,0,1709143357
2024-02-22,0x688b0380360c84135769d4f75d70038119846a8e,1521,0xdd84ce1adcb3a4908db61a1dfa3353c3974c5a2b,0.0,0.0,1815.862305,0,1,1709091691
2024-02-22,0x688b0380360c84135769d4f75d70038119846a8e,1581,0xce06012ccf4b9648710b6d624c09e11cb780e93c,0.0,0.0,6802.433493,0,1,1708815047
2024-02-22,0x688b0380360c84135769d4f75d70038119846a8e,1653,0x90aa5c7a67081409d0b826facd34600463778a48,6373.3518,6373.3518,0.0,1,0,1709130361
2024-02-22,0x688b0380360c84135769d4f75d70038119846a8e,1756,0x1d1013c8472122e2fa21bcf87a54d658224923ba,0.0,0.0,26639.320165,0,1,1709160903
2024-02-22,0x688b0380360c84135769d4f75d70038119846a8e,1782,0x8f824380bdf496f539d8306500f87a2cba38f828,0.0,0.0,5310.099289,0,1,1709127103
2024-02-22,0x688b0380360c84135769d4f75d70038119846a8e,1811,0x410f2959ee9c8115ca6cf0f817b14373b63b5d4c,3042.943507,3042.943507,0.0,1,0,1709160655
2024-02-22,0x688b0380360c84135769d4f75d70038119846a8e,1819,0x90b50ee9aeb83001fbeaf61541fc666341f36400,0.0,0.0,5142.059944,0,1,1709127309
2024-02-22,0x688b0380360c84135769d4f75d70038119846a8e,1836,0x11add7af96d6f94bad07e338e9a4ca5dc0f94d4f,0.0,0.0,4927.959923,0,1,1709136979
2024-02-22,0x688b0380360c84135769d4f75d70038119846a8e,1918,0xbd46acf2ae90ed50f7ffef99a6d9ac7d475f57b0,0.0,0.0,4520.80891,0,1,1709005229
2024-02-22,0x688b0380360c84135769d4f75d70038119846a8e,1980,0x48fb55ed1fb62ed26274fb805f6444bea97c1f28,0.0,0.0,4354.431952,0,1,1709111839
2024-02-22,0x688b0380360c84135769d4f75d70038119846a8e,1986,0xaf7fc773b91230d9f9e4d9ecbc32b67f011063cb,4370.691358,4370.691358,4370.691358,1,1,1709130889
2024-02-22,0x688b0380360c84135769d4f75d70038119846a8e,1995,0x5968a4f3d8e31a79a6886750bdce076e604c8ade,4326.226293,4326.226293,0.0,1,0,1709160079
2024-02-22,0x688b0380360c84135769d4f75d70038119846a8e,1996,0x9b590cae0949b46aade82bdfbf9fe427173a948e,4322.916003,4322.916003,0.0,1,0,1709160175
2024-02-22,0x688b0380360c84135769d4f75d70038119846a8e,2013,0x6aef48ea854bc0e805232cecbab2fab592037c19,0.0,0.0,4278.614814,0,1,1709112363
2024-02-22,0x688b0380360c84135769d4f75d70038119846a8e,2048,0x2b83ac024b0a4ba3f93776cacb61d98310614afe,0.0,0.0,4787.947385,0,1,1709086335
2024-02-22,0x688b0380360c84135769d4f75d70038119846a8e,2186,0xec2cbcb2b994f8410073220d84d29eb66f9d9ec5,0.0,0.0,3892.876719,0,1,1709132207
2024-02-22,0x688b0380360c84135769d4f75d70038119846a8e,2313,0x3888132606615fc0759853b6ec1107e717d0ae52,1850.936406,1850.936406,0.0,1,0,1709129589
2024-02-22,0x688b0380360c84135769d4f75d70038119846a8e,2332,0xae69116e4aa49645f78c1fc9f28f677aede0d153,0.0,0.0,3602.50365,0,1,1709145727
2024-02-22,0x688b0380360c84135769d4f75d70038119846a8e,2362,0xbaa9b493bccbe1a900b39870980f41356f85822a,4336.629655,4336.629655,0.0,1,0,1709150013
2024-02-22,0x688b0380360c84135769d4f75d70038119846a8e,2435,0x61f12ea36c822a30eef51941368ad8f54cf372a0,0.0,0.0,3398.597122,0,1,1708815107
2024-02-22,0x688b0380360c84135769d4f75d70038119846a8e,2443,0x6c478ceb0c323eacbbac0bc3aca176d1c7c7e9a4,0.0,0.0,3384.991058,0,1,1708815359
2024-02-22,0x688b0380360c84135769d4f75d70038119846a8e,2462,0xb8dbac300e69c9c2d56542f83bbac3dbad065d02,0.0,0.0,3357.910561,0,1,1709123585
2024-02-22,0x688b0380360c84135769d4f75d70038119846a8e,2489,0x8e33f8940d988647eab344af105a0e23157624f0,0.0,0.0,3318.343038,0,1,1709130835
2024-02-22,0x688b0380360c84135769d4f75d70038119846a8e,2522,0xc693b4ffb338579467a541b2bf267b1955870920,810.639249,810.639249,810.639249,1,1,1709160781
2024-02-22,0x688b0380360c84135769d4f75d70038119846a8e,2546,0x8b478359b5593747473e67f78b1f0048c1c523ed,3322.536259,3322.536259,0.0,1,0,1709128839
2024-02-22,0x688b0380360c84135769d4f75d70038119846a8e,2598,0xc0433e26e3d2ae7d1d80e39a6d58062d1eaa54f5,0.0,0.0,6999.150762,0,1,1709143703
2024-02-22,0x688b0380360c84135769d4f75d70038119846a8e,2860,0xd935a63d629cac4cfc8f632a2f4aab3ca8d99e38,0.0,0.0,2255.75857,0,1,1709074001
2024-02-22,0x688b0380360c84135769d4f75d70038119846a8e,2939,0x5f4f120d8435ea38f0f4635a910fee03801be88d,0.0,0.0,335273.482659,0,1,1709078097
2024-02-22,0x688b0380360c84135769d4f75d70038119846a8e,3032,0x29964b7c46144d79457473661f99f725d4fdf0e3,0.0,0.0,1455.124907,0,1,1709038445
2024-02-22,0x688b0380360c84135769d4f75d70038119846a8e,3041,0x7caea457224c345d1518a23fbd07ebdbdd21170c,0.0,0.0,379.088145,0,1,1709145789
2024-02-22,0x688b0380360c84135769d4f75d70038119846a8e,3758,0xe492e921f11d8c42f78e80e9bb9abc75d9c49243,0.0,0.0,1671.606569,0,1,1709094479
2024-02-22,0x688b0380360c84135769d4f75d70038119846a8e,3781,0xaf11495f021c5c2c5f5230f40d5d57ebe4059700,29152.544,29152.544,36374.228242,1,1,1709160339
2024-02-22,0x688b0380360c84135769d4f75d70038119846a8e,3962,0xf51754d95c0b9bb416ab4915e9f10b04d04d29e5,0.0,0.0,859.611916,0,1,1709122125
2024-02-22,0x688b0380360c84135769d4f75d70038119846a8e,4107,0xa8293dd8eb52564a35b8357a539146321b934153,0.0,0.0,739.93106,0,1,1709121877
2024-02-22,0x688b0380360c84135769d4f75d70038119846a8e,4313,0x7bb9dccc97052ddef05141897fe8313fd4ad0418,0.0,0.0,615.267271,0,1,1709122297
2024-02-22,0x688b0380360c84135769d4f75d70038119846a8e,6005,0x2ebd5817147aca120f8a261b92e3957af93afb9b,0.0,0.0,356.38977,0,1,1709125263
2024-02-22,0x688b0380360c84135769d4f75d70038119846a8e,6277,0x6c9258895ffbe2178b3edefe09af304a1e99bf2f,0.0,0.0,357.915959,0,1,1709125337
2024-02-22,0x688b0380360c84135769d4f75d70038119846a8e,7120,0x0524f2b8765ee3a1a033311ddc9e2dcaad34b8c3,1557.609039,1557.609039,0.0,1,0,1709128795
2024-02-22,0x688b0380360c84135769d4f75d70038119846a8e,7121,0x011b0a055e02425461a1ae95b30f483c4ff05be7,82734.020574,82734.020574,0.0,1,0,1709155407
2024-02-22,0x688b0380360c84135769d4f75d70038119846a8e,7890,0x166c794d890dd91bbe71f304eca660e1c4892cbb,0.0,0.0,141981.998808,0,1,1709159349
2024-02-22,0x688b0380360c84135769d4f75d70038119846a8e,8380,0x3b1c9d24c46df6ab9775d6bbb478987caa6018a3,0.0,0.0,35110.699187,0,1,1709159827
2024-02-22,0x688b0380360c84135769d4f75d70038119846a8e,8403,0x166c794d890dd91bbe71f304eca660e1c4892cbb,51695.415157,51695.415157,0.0,1,0,1709159371
2024-02-22,0x688b0380360c84135769d4f75d70038119846a8e,8497,0x6c607fdeb11f83b3d5169014a45f45e035f9ab4a,0.0,0.0,42741.0348,0,1,1709159521
2024-02-22,0x688b0380360c84135769d4f75d70038119846a8e,9513,0xe72627a8b89321451bbf429306d759c34458aac2,0.0,0.0,41461.377901,0,1,1709096399
2024-02-22,0x688b0380360c84135769d4f75d70038119846a8e,10294,0x48a6a8d403a58eccc70d4d57347f801d4e182564,1502740.336814,1502740.336814,1002772.092618,1,1,1709146349
2024-02-22,0x688b0380360c84135769d4f75d70038119846a8e,10295,0xc875b3dae5b0c371bc8cf9ded64868b78ac47587,114119.172487,114119.172487,0.0,1,0,1709162281
2024-02-22,0x688b0380360c84135769d4f75d70038119846a8e,10296,0x03c70563e94de5de56c11a0cc4ce3482f592854f,298077.116703,298077.116703,0.0,1,0,1709162329
2024-02-22,0x688b0380360c84135769d4f75d70038119846a8e,10298,0xc9814f18a8751214f719de15c54d01b3d78ef14f,103110.216157,103110.216157,0.0,1,0,1709162249
2024-02-22,0x688b0380360c84135769d4f75d70038119846a8e,10474,0x505f69dbcc43a51d7ef1c2201f54ee116c45b20b,0.0,0.0,309988.611944,0,1,1709141625
2024-02-22,0x688b0380360c84135769d4f75d70038119846a8e,12028,0xbd584812c7aaeb901e8424725065cb0716b9264f,0.0,0.0,774.0,0,1,1709009959
2024-02-22,0x688b0380360c84135769d4f75d70038119846a8e,12050,0x629cbcaaae418da37f4ed34f13637f809f75278b,0.0,0.0,1118.0,0,1,1709086457
2024-02-22,0x688b0380360c84135769d4f75d70038119846a8e,12105,0x505f69dbcc43a51d7ef1c2201f54ee116c45b20b,0.0,0.0,26863.679798,0,1,1709141643
2024-02-22,0x688b0380360c84135769d4f75d70038119846a8e,12107,0x8db743ecf3813f7bc8f142d654ae8012efaa3481,0.0,0.0,4042.0,0,1,1708589751
2024-02-22,0x688f778c51db4d990bf1abaf8d33fd95e48c6641,48,0x12478d1a60a910c9cbffb90648766a2bdd5918f5,257369.935162,257369.935162,376194.974001,1,1,1709160293
2024-02-22,0x688f778c51db4d990bf1abaf8d33fd95e48c6641,9997,0xab13e657eb072c53915730acfab14446ee2293c5,54093.630091,54093.630091,54325.005811,1,1,1709018713
2024-02-22,0x688f778c51db4d990bf1abaf8d33fd95e48c6641,11131,0xa13a8b8039b6e8e26b1763b0e7e9ec992a73b996,65876.30341,1181705.753022,1146100.86059,26,26,1709160151
2024-02-22,0x68b41fac96b9a6e6dc6219d13834bde39c22424d,5039,0xdd6720347f1ef7a71f7934ff81a12381326e46b6,0.0,0.0,398.235607,0,1,1709120453
2024-02-22,0x68b41fac96b9a6e6dc6219d13834bde39c22424d,9305,0x6330849fa00916341d362cbfebe06b19bf8e4162,11669.811996,11669.811996,0.0,1,0,1709137477
2024-02-22,0x68b41fac96b9a6e6dc6219d13834bde39c22424d,10667,0xd9d752442da02fff30ee95bf202e8713988fce56,232.933846,232.933846,233.826479,1,1,1708867985
2024-02-22,0x6a071315b5ae7da81ca56901ff13893f84776c7b,24,0x208a17c5fabe5b90282e5906945ff335e39326c4,9338.460648,9338.460648,9272.915799,1,1,1709150649
2024-02-22,0x6a071315b5ae7da81ca56901ff13893f84776c7b,43,0x2ddb405238368695f34d30a80ab60c449aa5ce48,61849.396813,61849.396813,0.0,1,0,1709151115
2024-02-22,0x6a071315b5ae7da81ca56901ff13893f84776c7b,47,0x011b0a055e02425461a1ae95b30f483c4ff05be7,79885.930304,79885.930304,0.0,1,0,1709155381
2024-02-22,0x6a071315b5ae7da81ca56901ff13893f84776c7b,55,0x285fed35cbea271a711681e84ffd83c68a596a75,45465.906539,45465.906539,45465.906539,1,1,1709158581
2024-02-22,0x6a071315b5ae7da81ca56901ff13893f84776c7b,68,0x132e47cf2c19ec2d8dd56e1528fc7e18dc09188f,85457.710304,85457.710304,0.0,1,0,1709148573
2024-02-22,0x6a071315b5ae7da81ca56901ff13893f84776c7b,105,0x208a17c5fabe5b90282e5906945ff335e39326c4,26453.302609,26453.302609,26405.063431,1,1,1709150611
2024-02-22,0x6a071315b5ae7da81ca56901ff13893f84776c7b,106,0x615e5022252b31af496574f00d5519c5d93261ab,53000.631461,53000.631461,0.0,1,0,1709148517
2024-02-22,0x6a071315b5ae7da81ca56901ff13893f84776c7b,165,0x54ecb3397b0bf31cb0b81eb2444e2a7b32507d8b,59465.256477,59465.256477,39571.212019,1,1,1709151371
2024-02-22,0x6a071315b5ae7da81ca56901ff13893f84776c7b,177,0xdffd8bbf8dcaf236c4e009ff6013bfc98407b6c0,23330.469066,23330.469066,0.0,1,0,1709154053
2024-02-22,0x6a071315b5ae7da81ca56901ff13893f84776c7b,211,0x2d1ef4acf4cae6a38950971aaaa15f88d9b3f165,183255.08565,183255.08565,0.0,1,0,1709151583
2024-02-22,0x6a071315b5ae7da81ca56901ff13893f84776c7b,289,0x95b05f935655c37ada2088c5767e5006f230b068,11670.164205,11670.164205,0.0,1,0,1709153629
2024-02-22,0x6a071315b5ae7da81ca56901ff13893f84776c7b,527,0x80d2214479e1cf9d79ea6690c4fff58fc56f866c,21040.674744,21040.674744,0.0,1,0,1709150467
2024-02-22,0x6a071315b5ae7da81ca56901ff13893f84776c7b,536,0xf6ed81d5e9f61dd1ea21e96ae1d660ecc388ae4f,12393.658358,12393.658358,0.0,1,0,1709150303
2024-02-22,0x6a071315b5ae7da81ca56901ff13893f84776c7b,553,0xdaa070d909e010211606144ede5b2ca6864c2c1c,10383.462275,10383.462275,10226.927411,1,1,1709134245
2024-02-22,0x6a071315b5ae7da81ca56901ff13893f84776c7b,758,0x8ccfcfa7e6133e0875192974d0d857fb7a28375e,7134.577227,7134.577227,7083.334673,1,1,1709155745
2024-02-22,0x6a071315b5ae7da81ca56901ff13893f84776c7b,778,0x01f12fb1d38156fc6d1c9a7d813bde4b52d38e47,31460.612987,31460.612987,0.0,1,0,1709151143
2024-02-22,0x6a071315b5ae7da81ca56901ff13893f84776c7b,1199,0x54d6e8f883d1858b4080d10ae2a1c6f0afb5feb3,11311.45006,11311.45006,0.0,1,0,1709148619
2024-02-22,0x6a071315b5ae7da81ca56901ff13893f84776c7b,1214,0xf5ccd855b7d196c3f3d54ae65e90531f1849bbe2,11045.406362,11045.406362,0.0,1,0,1709149479
2024-02-22,0x6a071315b5ae7da81ca56901ff13893f84776c7b,1219,0xbb8fb8fe5198f25d117c0e7b1b9c8260cb19c3c0,10861.418618,10861.418618,0.0,1,0,1709149041
2024-02-22,0x6a071315b5ae7da81ca56901ff13893f84776c7b,1224,0xb002d5e8ea1c7db3dfed5aaf33ebcdef890d20d4,10756.207526,10756.207526,0.0,1,0,1709150089
2024-02-22,0x6a071315b5ae7da81ca56901ff13893f84776c7b,1305,0x05b5240daa1894a299a41d1f63f1caacf94bdeb3,4537.556345,4537.556345,0.0,1,0,1709150855
2024-02-22,0x6a071315b5ae7da81ca56901ff13893f84776c7b,1436,0xfbe12d942b8c152248fd118f598c08124ff3d7de,11026.32498,11026.32498,0.0,1,0,1709154111
2024-02-22,0x6a071315b5ae7da81ca56901ff13893f84776c7b,1603,0x17114903eb90909d3058dae24d583e5970030ffb,6634.509469,6634.509469,0.0,1,0,1709150241
2024-02-22,0x6a071315b5ae7da81ca56901ff13893f84776c7b,1659,0x3d002f4ca9bfb006d2ce5802be73b8b782ea6fdd,6330.767663,6330.767663,0.0,1,0,1709150627
2024-02-22,0x6a071315b5ae7da81ca56901ff13893f84776c7b,1690,0xc609b5595e38acbdde1672f9b482db823f51668a,5966.702704,5966.702704,0.0,1,0,1709149629
2024-02-22,0x6a071315b5ae7da81ca56901ff13893f84776c7b,1731,0x17e06f16ce70607f2faca2dfc7eed07ab5f0ad26,5630.907937,5630.907937,0.0,1,0,1709152819
2024-02-22,0x6a071315b5ae7da81ca56901ff13893f84776c7b,1857,0xf7c8a4a99ba34b4744d08999dd017b5faa4d3378,4805.495389,4805.495389,0.0,1,0,1709149843
2024-02-22,0x6a071315b5ae7da81ca56901ff13893f84776c7b,2009,0x33ec34b1b4bfcdc9b5e37ba4ab02f6e993a457ae,4463.136091,4463.136091,0.0,1,0,1709154715
2024-02-22,0x6a071315b5ae7da81ca56901ff13893f84776c7b,2027,0x73bade8162e0fa995a2f7037deba9d094dec535f,4248.478901,4248.478901,0.0,1,0,1709152411
2024-02-22,0x6a071315b5ae7da81ca56901ff13893f84776c7b,2098,0x7facf85e84f443fef7113bf85e7a582b251a25b5,4013.965399,4013.965399,0.0,1,0,1709150423
2024-02-22,0x6a071315b5ae7da81ca56901ff13893f84776c7b,2246,0x5f0e257991471c4c0229d3926adcf73fcb67446d,3741.966063,3741.966063,0.0,1,0,1709148183
2024-02-22,0x6a071315b5ae7da81ca56901ff13893f84776c7b,2280,0x0630717c9c6baeabd2b0852e09df08febaccd227,7180.273099,7180.273099,0.0,1,0,1709147623
2024-02-22,0x6a071315b5ae7da81ca56901ff13893f84776c7b,2362,0xbaa9b493bccbe1a900b39870980f41356f85822a,4336.629655,4336.629655,4328.721552,1,1,1709150013
2024-02-22,0x6a071315b5ae7da81ca56901ff13893f84776c7b,2486,0x24a30823bd87e785b0c4b3803a2bffd91eb6876f,3358.994555,3358.994555,0.0,1,0,1709150211
2024-02-22,0x6a071315b5ae7da81ca56901ff13893f84776c7b,2831,0x23d3c0d5e8226f18bf58bb3c68b149b3d7385936,2430.312935,2430.312935,0.0,1,0,1709153251
2024-02-22,0x6a071315b5ae7da81ca56901ff13893f84776c7b,3387,0x1ba2a537a771aa4eac2f18427716557e4e744864,1488.255839,1488.255839,0.0,1,0,1709150225
2024-02-22,0x6a071315b5ae7da81ca56901ff13893f84776c7b,3781,0xaf11495f021c5c2c5f5230f40d5d57ebe4059700,29152.544,29152.544,0.0,1,0,1709160339
2024-02-22,0x6a071315b5ae7da81ca56901ff13893f84776c7b,4323,0x1133073a32df0f80ef34ad8a41015a664a1fbaba,623.058911,623.058911,0.0,1,0,1709148277
2024-02-22,0x6a071315b5ae7da81ca56901ff13893f84776c7b,6156,0x66805d8b82664acab4cbe0c0498889dde9af7841,381.996208,381.996208,0.0,1,0,1709146977
2024-02-22,0x6a071315b5ae7da81ca56901ff13893f84776c7b,7121,0x011b0a055e02425461a1ae95b30f483c4ff05be7,22653.362776,22653.362776,0.0,1,0,1709155407
2024-02-22,0x6a071315b5ae7da81ca56901ff13893f84776c7b,8387,0x44c630a1fcc2817e048cc1101050a18f919cd099,43027.708431,43027.708431,0.0,1,0,1709147001
2024-02-22,0x6a071315b5ae7da81ca56901ff13893f84776c7b,9282,0x5929cc4d10b6a1acc5bf5d221889f10251c628a1,0.0,0.0,7943.945099,0,1,1709158237
2024-02-22,0x6a071315b5ae7da81ca56901ff13893f84776c7b,10294,0x48a6a8d403a58eccc70d4d57347f801d4e182564,0.0,0.0,1504158.138927,0,1,1709146349
2024-02-22,0x6a071315b5ae7da81ca56901ff13893f84776c7b,12062,0x615e5022252b31af496574f00d5519c5d93261ab,1895.456478,1895.456478,0.0,1,0,1709148551
2024-02-22,0x6b87b8663ee63191887f18225f79d9eeb2de0d34,23,0xc01a1cd505e6afcd3ced2ee1bac67890497f6654,48893.63331,48893.63331,0.0,1,0,1709135969
2024-02-22,0x6b87b8663ee63191887f18225f79d9eeb2de0d34,139,0xa04275c10f39e8675a34e147e2ef78d35129f2b6,232020.389991,232020.389991,0.0,1,0,1709115285
2024-02-22,0x6b87b8663ee63191887f18225f79d9eeb2de0d34,308,0xbf891e7efcc98a8239385d3172ba10ad593c7886,105654.956184,105654.956184,0.0,1,0,1709098441
2024-02-22,0x6b87b8663ee63191887f18225f79d9eeb2de0d34,331,0x5181cdf1bb20da04ba788f82989f29e65b67314a,102110.191625,102110.191625,0.0,1,0,1709106449
2024-02-22,0x6b87b8663ee63191887f18225f79d9eeb2de0d34,379,0xc32053db3de17c5e6845d35dbd4ebb860fe265d9,223964.036308,223964.036308,0.0,1,0,1709097937
2024-02-22,0x6b87b8663ee63191887f18225f79d9eeb2de0d34,477,0x4c55adf88fe327befba5dd15000b039b818f365f,48313.617812,48313.617812,0.0,1,0,1709113673
2024-02-22,0x6b87b8663ee63191887f18225f79d9eeb2de0d34,659,0x54426307974b659b48e70b1faa44f17aa0e3c4cf,31820.19029,31820.19029,0.0,1,0,1709123051
2024-02-22,0x6b87b8663ee63191887f18225f79d9eeb2de0d34,848,0x5d65a068426a802f77ddaf2b6038533f3c135aa6,20321.029353,20321.029353,0.0,1,0,1709128691
2024-02-22,0x6b87b8663ee63191887f18225f79d9eeb2de0d34,887,0x50fa50fa2032d85eb2dda303929bf56886aa9afb,20756.494211,20756.494211,0.0,1,0,1709083303
2024-02-22,0x6b87b8663ee63191887f18225f79d9eeb2de0d34,929,0xfaeaad01421b3acfd3bdcbface76d5038f4ce665,17287.253836,17287.253836,0.0,1,0,1709125345
2024-02-22,0x6b87b8663ee63191887f18225f79d9eeb2de0d34,1005,0xceeeb61e596f0bae44b791f3f1655501df7fa045,7923.293434,7923.293434,0.0,1,0,1709125611
2024-02-22,0x6b87b8663ee63191887f18225f79d9eeb2de0d34,1172,0x647b41b745cf5e32e244e432902468c4bd89643c,2969.259269,2969.259269,0.0,1,0,1709083129
2024-02-22,0x6b87b8663ee63191887f18225f79d9eeb2de0d34,1185,0xc954892d9caf463e967884e379a6ee4c78d61be7,11203.919572,11203.919572,0.0,1,0,1709094983
2024-02-22,0x6b87b8663ee63191887f18225f79d9eeb2de0d34,1243,0xe8b2c24038079bb624010ca7185d5cdfb716320e,106086.885601,106086.885601,0.0,1,0,1709091633
2024-02-22,0x6b87b8663ee63191887f18225f79d9eeb2de0d34,1430,0xfb07d2bdef2deb1ebec001644b4732ab77281c7a,5377.964665,5377.964665,0.0,1,0,1709087201
2024-02-22,0x6b87b8663ee63191887f18225f79d9eeb2de0d34,1521,0xdd84ce1adcb3a4908db61a1dfa3353c3974c5a2b,3631.72461,3631.72461,0.0,1,0,1709091691
2024-02-22,0x6b87b8663ee63191887f18225f79d9eeb2de0d34,1596,0xa943681cf687774c2d44aab6aeb7d8c701fb7cbb,6710.25609,6710.25609,0.0,1,0,1709089891
2024-02-22,0x6b87b8663ee63191887f18225f79d9eeb2de0d34,1640,0x321610a131df5280921d1ff04df8a13344bb53ae,3853.182585,3853.182585,0.0,1,0,1709105263
2024-02-22,0x6b87b8663ee63191887f18225f79d9eeb2de0d34,1715,0x765ecc4089c216385d6b1d4dc1994ff012e73d39,5911.735845,5911.735845,0.0,1,0,1709103823
2024-02-22,0x6b87b8663ee63191887f18225f79d9eeb2de0d34,1819,0x90b50ee9aeb83001fbeaf61541fc666341f36400,5142.059944,5142.059944,0.0,1,0,1709127309
2024-02-22,0x6b87b8663ee63191887f18225f79d9eeb2de0d34,1842,0xc8f7738df10e9c8f8f0c330d6c89fb820ad5bfe4,5038.001361,5038.001361,0.0,1,0,1709126691
2024-02-22,0x6b87b8663ee63191887f18225f79d9eeb2de0d34,1873,0xef1244af7099dce45ee7f937534f0968501efb29,4848.623444,4848.623444,0.0,1,0,1709098463
2024-02-22,0x6b87b8663ee63191887f18225f79d9eeb2de0d34,1890,0x1a03c9a30d59cfb354df536bf9f20de7eba84077,4866.229018,4866.229018,0.0,1,0,1709126907
2024-02-22,0x6b87b8663ee63191887f18225f79d9eeb2de0d34,1957,0x2d5a17539943a8c1a753578af3b4f91c9eb85eb9,16774.174405,16774.174405,0.0,1,0,1709078379
2024-02-22,0x6b87b8663ee63191887f18225f79d9eeb2de0d34,1973,0x0a27f53e3d044465d07607ef7a048e71809f295e,4413.346128,4413.346128,0.0,1,0,1709098675
2024-02-22,0x6b87b8663ee63191887f18225f79d9eeb2de0d34,1980,0x48fb55ed1fb62ed26274fb805f6444bea97c1f28,4354.431952,4354.431952,0.0,1,0,1709111839
2024-02-22,0x6b87b8663ee63191887f18225f79d9eeb2de0d34,2013,0x6aef48ea854bc0e805232cecbab2fab592037c19,4278.614814,4278.614814,0.0,1,0,1709112363
2024-02-22,0x6b87b8663ee63191887f18225f79d9eeb2de0d34,2048,0x2b83ac024b0a4ba3f93776cacb61d98310614afe,4796.694444,4796.694444,0.0,1,0,1709086335
2024-02-22,0x6b87b8663ee63191887f18225f79d9eeb2de0d34,2053,0xef1244af7099dce45ee7f937534f0968501efb29,4218.501933,4218.501933,0.0,1,0,1709098381
2024-02-22,0x6b87b8663ee63191887f18225f79d9eeb2de0d34,2070,0x3f7c10cbbb1ea1046a80b738b9eaf3217410c7f6,5106.410815,5106.410815,0.0,1,0,1709076511
2024-02-22,0x6b87b8663ee63191887f18225f79d9eeb2de0d34,2118,0x9c529af39499eec506ac31fdfa13bb299c2c2a55,5587.515763,5587.515763,0.0,1,0,1709091091
2024-02-22,0x6b87b8663ee63191887f18225f79d9eeb2de0d34,2174,0xcf58445788527655c17f7cae55ca86231a340cd2,1962.227691,1962.227691,0.0,1,0,1709117961
2024-02-22,0x6b87b8663ee63191887f18225f79d9eeb2de0d34,2255,0xd8992543ef65dc04ba8e71be895435bee3ab796f,3846.20746,3846.20746,0.0,1,0,1709123743
2024-02-22,0x6b87b8663ee63191887f18225f79d9eeb2de0d34,2261,0xde7667870f823e899b1d21cce01ed690e4c80f51,2753.414098,2753.414098,0.0,1,0,1709130869
2024-02-22,0x6b87b8663ee63191887f18225f79d9eeb2de0d34,2489,0x8e33f8940d988647eab344af105a0e23157624f0,3324.40529,3324.40529,0.0,1,0,1709130835
2024-02-22,0x6b87b8663ee63191887f18225f79d9eeb2de0d34,2603,0xd2e44e40b5fb960a8a74dd7b9d6b7f14b805b50d,3165.191187,3165.191187,0.0,1,0,1709105791
2024-02-22,0x6b87b8663ee63191887f18225f79d9eeb2de0d34,2806,0x9150d0a199882057c5b36fe9d09e9e845f14bc25,2664.172921,2664.172921,0.0,1,0,1709130369
2024-02-22,0x6b87b8663ee63191887f18225f79d9eeb2de0d34,2965,0xc8aa83d7a13910536363d7c55599308fe2718c10,2051.86778,2051.86778,0.0,1,0,1709082717
2024-02-22,0x6b87b8663ee63191887f18225f79d9eeb2de0d34,3034,0x033e0a61ac00288a6388d1c8bad11a881ca9e212,2186.608635,2186.608635,0.0,1,0,1709086747
2024-02-22,0x6b87b8663ee63191887f18225f79d9eeb2de0d34,3505,0xec5c16f3eaf86a801a3e89201dd39bddd1786cbf,1324.185197,1324.185197,0.0,1,0,1709100895
2024-02-22,0x6b87b8663ee63191887f18225f79d9eeb2de0d34,3756,0x160cf6551ee3d910f673af762d5a2f1bd4855be1,556.145026,556.145026,0.0,1,0,1709107157
2024-02-22,0x6b87b8663ee63191887f18225f79d9eeb2de0d34,4344,0x23df87ead1b7219f59a8f9172e5537ce7fdc0d84,152.230832,152.230832,0.0,1,0,1709103495
2024-02-22,0x6b87b8663ee63191887f18225f79d9eeb2de0d34,4877,0xcf0c8d0d34a0535e84e61ee7065fae086a261865,2274.146999,2274.146999,0.0,1,0,1709100311
2024-02-22,0x6b87b8663ee63191887f18225f79d9eeb2de0d34,4975,0x4dd7fc3a3b6457d1e67e3b046b2b0d2dcf25257d,403.938344,403.938344,0.0,1,0,1709122839
2024-02-22,0x6b87b8663ee63191887f18225f79d9eeb2de0d34,5039,0xdd6720347f1ef7a71f7934ff81a12381326e46b6,398.235607,398.235607,0.0,1,0,1709120453
2024-02-22,0x6b87b8663ee63191887f18225f79d9eeb2de0d34,5583,0xa3bdbf5d5ff6059463421b5fcfc0aedcdb18b59b,374.44986,374.44986,0.0,1,0,1709129459
2024-02-22,0x6b87b8663ee63191887f18225f79d9eeb2de0d34,5605,0x2b0d2cbcc667631afca6d50dc20a6cc23d9b08e4,368.753563,368.753563,0.0,1,0,1709084447
2024-02-22,0x6b87b8663ee63191887f18225f79d9eeb2de0d34,5827,0x54da11a90d36f292b3a995d1a447dfe6923cf454,361.979341,361.979341,0.0,1,0,1709095147
2024-02-22,0x6b87b8663ee63191887f18225f79d9eeb2de0d34,5913,0x071fb19eb2d0b1da6fe0a1fa05883b7e159df756,358.706657,358.706657,0.0,1,0,1709078649
2024-02-22,0x6b87b8663ee63191887f18225f79d9eeb2de0d34,6673,0xf39fc42a037365d340595b93048ea198aa5f5e34,2823.089973,2823.089973,0.0,1,0,1709092925
2024-02-22,0x6b87b8663ee63191887f18225f79d9eeb2de0d34,7049,0xe7de9bada139629600b5d140c0eff9cff34524cc,2944.178576,2944.178576,0.0,1,0,1709114743
2024-02-22,0x6b87b8663ee63191887f18225f79d9eeb2de0d34,7802,0x470d235ca1caff614abee02d98ac3aa89a6758bd,2269.630888,2269.630888,0.0,1,0,1709100065
2024-02-22,0x6b87b8663ee63191887f18225f79d9eeb2de0d34,7854,0x7bf8284bc23536418eb1b8eb187e652f4debd979,18.243424,18.243424,0.0,1,0,1709130829
2024-02-22,0x6b87b8663ee63191887f18225f79d9eeb2de0d34,8395,0x5181cdf1bb20da04ba788f82989f29e65b67314a,16293.7528,16293.7528,0.0,1,0,1709106469
2024-02-22,0x6b87b8663ee63191887f18225f79d9eeb2de0d34,8638,0x1ba2a537a771aa4eac2f18427716557e4e744864,566.319505,566.319505,0.0,1,0,1709092021
2024-02-22,0x6b87b8663ee63191887f18225f79d9eeb2de0d34,9258,0xd847fda8158b1dcada13d386b1372136724d4f3f,13748.006939,13748.006939,0.0,1,0,1709105865
2024-02-22,0x6b87b8663ee63191887f18225f79d9eeb2de0d34,9513,0xe72627a8b89321451bbf429306d759c34458aac2,41535.851948,41535.851948,0.0,1,0,1709096399
2024-02-22,0x6b87b8663ee63191887f18225f79d9eeb2de0d34,9732,0x328d75a47e07f26e1ad22ff3de08e8ba3ca190d4,59152.683318,59152.683318,0.0,1,0,1709104243
2024-02-22,0x6b87b8663ee63191887f18225f79d9eeb2de0d34,9754,0xd287b9581d7d502e681a1c4c3882e765594defc7,8998.99417,8998.99417,0.0,1,0,1709098795
2024-02-22,0x6b87b8663ee63191887f18225f79d9eeb2de0d34,9918,0x2d5a17539943a8c1a753578af3b4f91c9eb85eb9,1525.18159,1525.18159,0.0,1,0,1709078383
2024-02-22,0x6b87b8663ee63191887f18225f79d9eeb2de0d34,9968,0x328d75a47e07f26e1ad22ff3de08e8ba3ca190d4,8077.336852,8077.336852,0.0,1,0,1709104281
2024-02-22,0x6b87b8663ee63191887f18225f79d9eeb2de0d34,10064,0x112e37ae393dffdba7a05288732e615736526141,48.399057,48.399057,0.0,1,0,1709101131
2024-02-22,0x6b87b8663ee63191887f18225f79d9eeb2de0d34,10066,0x629cbcaaae418da37f4ed34f13637f809f75278b,20596.462651,20596.462651,0.0,1,0,1709086745
2024-02-22,0x6b87b8663ee63191887f18225f79d9eeb2de0d34,10080,0x80b9f11600a39f3a4165468614b0e2b0365cc1d4,71.762178,71.762178,0.0,1,0,1709087197
2024-02-22,0x6b87b8663ee63191887f18225f79d9eeb2de0d34,10294,0x48a6a8d403a58eccc70d4d57347f801d4e182564,500913.445605,500913.445605,0.0,1,0,1709146349
2024-02-22,0x6b87b8663ee63191887f18225f79d9eeb2de0d34,10524,0xd287b9581d7d502e681a1c4c3882e765594defc7,1231.241367,1231.241367,0.0,1,0,1709098829
2024-02-22,0x6b87b8663ee63191887f18225f79d9eeb2de0d34,10651,0x2fe5a31a678a114a297b18dec7771601fdcdec9f,7902.426377,7902.426377,0.0,1,0,1709109827
2024-02-22,0x6b87b8663ee63191887f18225f79d9eeb2de0d34,10718,0x5f3e643c0a4e7726e8976fd3b71d552f1deb1b48,842.509284,842.509284,0.0,1,0,1709124385
2024-02-22,0x6b87b8663ee63191887f18225f79d9eeb2de0d34,11404,0xec44d02fc25bba6a5dae504fb3f7d787df3993d9,84097.823043,84097.823043,0.0,1,0,1709082249
2024-02-22,0x6b87b8663ee63191887f18225f79d9eeb2de0d34,12140,0xec44d02fc25bba6a5dae504fb3f7d787df3993d9,11868.0,11868.0,0.0,1,0,1709082275
2024-02-22,0x6b87b8663ee63191887f18225f79d9eeb2de0d34,12331,0x8f62b14f9df54690738945c1140d69ce7bb1895c,11.769852,11.769852,0.0,1,0,1709087321
2024-02-22,0x6b87b8663ee63191887f18225f79d9eeb2de0d34,12384,0x55684b989f23978dc2ad4926736c463e225ea5cc,26.002354,26.002354,0.0,1,0,1709111919
2024-02-22,0x6cdcb1c4a4d1c3c6d054b27ac5b77e89eafb971d,61,0x7338afb07db145220849b04a45243956f20b14d9,353525.670618,353525.670618,704498.858575,1,1,1708816063
2024-02-22,0x6cdcb1c4a4d1c3c6d054b27ac5b77e89eafb971d,121,0xede54584f748480851cad467b82c6a1173bebe10,234246.837243,234246.837243,233819.674136,1,1,1708565683
2024-02-22,0x6cdcb1c4a4d1c3c6d054b27ac5b77e89eafb971d,125,0xdad29981b5feefeeaf3ef92e678e53c5620a1fd8,245597.675211,245597.675211,244710.257994,1,1,1709103857
2024-02-22,0x6cdcb1c4a4d1c3c6d054b27ac5b77e89eafb971d,171,0x0234737d7795f4a458077d1785fe2012735ebc5e,249180.256552,249180.256552,0.0,1,0,1709051717
2024-02-22,0x6cdcb1c4a4d1c3c6d054b27ac5b77e89eafb971d,183,0xbc49056f8bbb49d0b16e33520d65185d561bbcb1,219969.758232,219969.758232,219969.758232,1,1,1708848287
2024-02-22,0x6cdcb1c4a4d1c3c6d054b27ac5b77e89eafb971d,306,0xe02e6f03f583626481450bbdeb9efd6eb0eed78b,150853.803544,150853.803544,0.0,1,0,1709131883
2024-02-22,0x6cdcb1c4a4d1c3c6d054b27ac5b77e89eafb971d,403,0xc3193e39f77c2ed59045cfffcdcacdda72f29987,33031.890854,33031.890854,32972.664463,1,1,1709013619
2024-02-22,0x6cdcb1c4a4d1c3c6d054b27ac5b77e89eafb971d,409,0x9e4748fef62d2cd4f16bda3893e477616609db37,69390.820841,69390.820841,0.0,1,0,1708607947
2024-02-22,0x6cdcb1c4a4d1c3c6d054b27ac5b77e89eafb971d,459,0xc11e5b31008f3750b43f006c3026bed653888e07,52010.279662,52010.279662,0.0,1,0,1709050899
2024-02-22,0x6cdcb1c4a4d1c3c6d054b27ac5b77e89eafb971d,495,0xfa347793d0f0ea3a436cd311ebe0c95b1f089974,22196.101025,22196.101025,22196.101025,1,1,1709028145
2024-02-22,0x6cdcb1c4a4d1c3c6d054b27ac5b77e89eafb971d,543,0x6613a1521394c2f17c7d705e48279e44c2a01936,0.0,0.0,20380.328222,0,1,1708567425
2024-02-22,0x6cdcb1c4a4d1c3c6d054b27ac5b77e89eafb971d,551,0xdde346eaecec99ff62b8454fbd721593d40e2fbc,10646.051148,10646.051148,0.0,1,0,1708592719
2024-02-22,0x6cdcb1c4a4d1c3c6d054b27ac5b77e89eafb971d,575,0x94587a95917188b338c822de2d1e77074131589f,0.0,0.0,10338.273458,0,1,1708709107
2024-02-22,0x6cdcb1c4a4d1c3c6d054b27ac5b77e89eafb971d,613,0xbce3bd1e1cc867d6be17924e4d53ae1cc147dc7b,35851.17989,35851.17989,35785.803121,1,1,1708709289
2024-02-22,0x6cdcb1c4a4d1c3c6d054b27ac5b77e89eafb971d,747,0x66f4dd243d824fb5ac0694177a2371037eeed6cb,25364.610408,25364.610408,0.0,1,0,1708625475
2024-02-22,0x6cdcb1c4a4d1c3c6d054b27ac5b77e89eafb971d,776,0xc923dd451dfb1fc6a4608982c6c077414da06a4d,12672.074443,12672.074443,0.0,1,0,1709101633
2024-02-22,0x6cdcb1c4a4d1c3c6d054b27ac5b77e89eafb971d,782,0x3631e591a117cd71ea786dc39dd8011d189e0b9d,23732.309592,47464.619185,47259.757179,2,2,1708592479
2024-02-22,0x6cdcb1c4a4d1c3c6d054b27ac5b77e89eafb971d,1019,0x8a0454b05a952c572619935ed46b6d8d0aa97a76,3630.827026,3630.827026,0.0,1,0,1709061081
2024-02-22,0x6cdcb1c4a4d1c3c6d054b27ac5b77e89eafb971d,1063,0xe8a17d5276f9c665e7713a2f7a4a0a388915af8d,0.0,0.0,13390.617267,0,1,1708827413
2024-02-22,0x6cdcb1c4a4d1c3c6d054b27ac5b77e89eafb971d,1081,0x41647a74673c90f4a13884bee4f8a89034fb85e8,0.0,0.0,13116.978409,0,1,1709068995
2024-02-22,0x6cdcb1c4a4d1c3c6d054b27ac5b77e89eafb971d,1105,0x2ea2ce595bd68a0cd1fd34b06df98970952fe4d2,0.0,0.0,20436.753822,0,1,1709140905
2024-02-22,0x6cdcb1c4a4d1c3c6d054b27ac5b77e89eafb971d,1139,0x742b6de8cb16327b68c83e1d6433174db89fd2e0,2644.802208,2644.802208,0.0,1,0,1709160663
2024-02-22,0x6cdcb1c4a4d1c3c6d054b27ac5b77e89eafb971d,1140,0xa13a85de0af0d2a0640d7ec03b05cfa00c846ad6,0.0,0.0,11580.508822,0,1,1708935131
2024-02-22,0x6cdcb1c4a4d1c3c6d054b27ac5b77e89eafb971d,1206,0x7d9a78f607706b8f5ce26fba6c9eacabf8937df0,2162.442687,2162.442687,0.0,1,0,1709002849
2024-02-22,0x6cdcb1c4a4d1c3c6d054b27ac5b77e89eafb971d,1221,0x564b3a3cf630d7b3b35ae78e47feb074bce2b06e,0.0,0.0,2415.117206,0,1,1708977259
2024-02-22,0x6cdcb1c4a4d1c3c6d054b27ac5b77e89eafb971d,1242,0xa82e10f6120aa01b95474bbba71cf9649492c05a,10498.716861,10498.716861,10498.716861,1,1,1708780741
2024-02-22,0x6cdcb1c4a4d1c3c6d054b27ac5b77e89eafb971d,1349,0x5d20723d6eca69738eac8b4767c46682ecc76f3c,8940.589614,8940.589614,8924.285915,1,1,1708596203
2024-02-22,0x6cdcb1c4a4d1c3c6d054b27ac5b77e89eafb971d,1400,0x9afde32e2b7065514cb899a0de8e79d6c83874c0,0.0,0.0,8486.837189,0,1,1708572683
2024-02-22,0x6cdcb1c4a4d1c3c6d054b27ac5b77e89eafb971d,1416,0x102ec91ad54c1d006e8c46233e55bd4b6693947e,0.0,0.0,8537.04761,0,1,1708652053
2024-02-22,0x6cdcb1c4a4d1c3c6d054b27ac5b77e89eafb971d,1427,0x13f0d371407dbb16008495b51e2fb750ff211cb3,0.0,0.0,8126.703885,0,1,1709135431
2024-02-22,0x6cdcb1c4a4d1c3c6d054b27ac5b77e89eafb971d,1515,0x18f580129709d1d84ad25de2436467246ca9875c,7295.196727,7295.196727,0.0,1,0,1708927001
2024-02-22,0x6cdcb1c4a4d1c3c6d054b27ac5b77e89eafb971d,1549,0x7f08f8b61cf2f1ce922caa9e6fbc57c7cb8a66e7,0.0,0.0,7103.610598,0,1,1709131695
2024-02-22,0x6cdcb1c4a4d1c3c6d054b27ac5b77e89eafb971d,1557,0x41ea85a57725e77169c9f4d2edf17aaef50bb14d,0.0,0.0,7040.472524,0,1,1708565897
2024-02-22,0x6cdcb1c4a4d1c3c6d054b27ac5b77e89eafb971d,1570,0x0be7b271ba03874ad78d712246066c20c81693d3,1899.116393,1899.116393,1899.116393,1,1,1708573889
2024-02-22,0x6cdcb1c4a4d1c3c6d054b27ac5b77e89eafb971d,1595,0x6532a7c47b033e83eac702b2baecdb8b834558de,0.0,0.0,6708.179268,0,1,1708588237
2024-02-22,0x6cdcb1c4a4d1c3c6d054b27ac5b77e89eafb971d,1626,0xddd7148286c3df9fa0d5499d55f341179795aeb0,0.0,0.0,6455.937431,0,1,1709155619
2024-02-22,0x6cdcb1c4a4d1c3c6d054b27ac5b77e89eafb971d,1640,0x321610a131df5280921d1ff04df8a13344bb53ae,0.0,0.0,7678.544894,0,1,1709105263
2024-02-22,0x6cdcb1c4a4d1c3c6d054b27ac5b77e89eafb971d,1660,0xaa62cf7caaf0c7e50deaa9d5d0b907472f00b258,1579.597044,1579.597044,1576.716554,1,1,1708665405
2024-02-22,0x6cdcb1c4a4d1c3c6d054b27ac5b77e89eafb971d,1679,0x018439894b681cc2aaddb613a425a1cfa6e59c29,0.0,0.0,6195.343858,0,1,1708607431
2024-02-22,0x6cdcb1c4a4d1c3c6d054b27ac5b77e89eafb971d,1683,0x2359497cc3f8f11a80d775715367d5cb3d0fd274,6182.283508,6182.283508,6055.768172,1,1,1708891305
2024-02-22,0x6cdcb1c4a4d1c3c6d054b27ac5b77e89eafb971d,1685,0xbf861d09615543c419c749ea8cbeb720e3b3e3ad,0.0,0.0,6109.834697,0,1,1709074231
2024-02-22,0x6cdcb1c4a4d1c3c6d054b27ac5b77e89eafb971d,1746,0xa4f0b6899ca568df1595a3d12054499e5e1c9faf,0.0,0.0,5528.749693,0,1,1708745873
2024-02-22,0x6cdcb1c4a4d1c3c6d054b27ac5b77e89eafb971d,1804,0x48a881c6c2ff0c962d017b2c4fb9701afbe3c5f4,5198.507525,5198.507525,9.30396,1,1,1708906293
2024-02-22,0x6cdcb1c4a4d1c3c6d054b27ac5b77e89eafb971d,1835,0xb7fd4302eb683185115741a15efe7fdda2e2c886,5004.371748,5004.371748,4892.386469,1,1,1708799571
2024-02-22,0x6cdcb1c4a4d1c3c6d054b27ac5b77e89eafb971d,1837,0x1601569c6fa8e12eb6444a7bb075e227389aa192,4984.281591,4984.281591,0.0,1,0,1708705215
2024-02-22,0x6cdcb1c4a4d1c3c6d054b27ac5b77e89eafb971d,2002,0x77e1892fd956c6df5a283804d57ba4c6e2803766,5118.92521,5118.92521,5099.338801,1,1,1708567277
2024-02-22,0x6cdcb1c4a4d1c3c6d054b27ac5b77e89eafb971d,2015,0x188be73b0a68d20830eec346ee3eaa900f848bfa,0.0,8551.74071,16398.387062,1,2,1708984747
2024-02-22,0x6cdcb1c4a4d1c3c6d054b27ac5b77e89eafb971d,2100,0x8bbec86ed6a27d8654aa601e364a3f1a359cf428,0.0,0.0,4012.654097,0,1,1708602179
2024-02-22,0x6cdcb1c4a4d1c3c6d054b27ac5b77e89eafb971d,2109,0xaba92f62ef9d45d0b61808d330461c3b2d8fece8,4092.410466,4092.410466,0.0,1,0,1709132951
2024-02-22,0x6cdcb1c4a4d1c3c6d054b27ac5b77e89eafb971d,2254,0xd4a766461855f69ebe6f08a8fdde55c97a009cae,0.0,0.0,3629.805563,0,1,1708696619
2024-02-22,0x6cdcb1c4a4d1c3c6d054b27ac5b77e89eafb971d,2420,0x235f202679ab25f6bd6a230858005d96eac3dd57,3490.059097,3490.059097,3476.705176,1,1,1708571751
2024-02-22,0x6cdcb1c4a4d1c3c6d054b27ac5b77e89eafb971d,2447,0xdf90bc63d773e674e0ce2488dbf173cdc3622796,845.969052,845.969052,844.426377,1,1,1709116091
2024-02-22,0x6cdcb1c4a4d1c3c6d054b27ac5b77e89eafb971d,2524,0xc3b34e05e1425a012a2617f3808c093f4c6c25ff,0.0,0.0,3253.027005,0,1,1708670609
2024-02-22,0x6cdcb1c4a4d1c3c6d054b27ac5b77e89eafb971d,2559,0xfdf45e7d16bdb5df94ac2f1ef36c34984787b0f9,3209.626918,3209.626918,0.0,1,0,1708947793
2024-02-22,0x6cdcb1c4a4d1c3c6d054b27ac5b77e89eafb971d,2561,0x0a11acdd1ffbdb8adfc34a84f1836f360e6f3cce,3298.32599,3298.32599,0.0,1,0,1708888099
2024-02-22,0x6cdcb1c4a4d1c3c6d054b27ac5b77e89eafb971d,2565,0xba77e0b03b41a980bb4e7bb32ec7a2dfe1b66f8f,0.0,0.0,3245.937727,0,1,1708644139
2024-02-22,0x6cdcb1c4a4d1c3c6d054b27ac5b77e89eafb971d,2587,0xf26e5b93453a69a0297dc66e7bbd750d2b28160b,0.0,0.0,3169.918939,0,1,1708620093
2024-02-22,0x6cdcb1c4a4d1c3c6d054b27ac5b77e89eafb971d,2640,0x0a251df99a88a20a93876205fb7f5faf2e85a481,1524.479069,1524.479069,0.0,1,0,1708855809
2024-02-22,0x6cdcb1c4a4d1c3c6d054b27ac5b77e89eafb971d,2748,0x1f85aa3b8ddda2f94391e196241ad728d24e7f3d,0.0,0.0,2725.830223,0,1,1709023089
2024-02-22,0x6cdcb1c4a4d1c3c6d054b27ac5b77e89eafb971d,2755,0x27f34c4f30f11a6a9698d9711573a1319c6a135d,2782.177083,2782.177083,0.0,1,0,1708775581
2024-02-22,0x6cdcb1c4a4d1c3c6d054b27ac5b77e89eafb971d,2776,0x67d693dee156cf89ee524b961cf19e4c023936e3,2736.429779,2736.429779,2731.439735,1,1,1709091723
2024-02-22,0x6cdcb1c4a4d1c3c6d054b27ac5b77e89eafb971d,2804,0x5e2eda615fe7360f415282abbcfcaef720207fb1,0.0,0.0,4818.96246,0,1,1708586735
2024-02-22,0x6cdcb1c4a4d1c3c6d054b27ac5b77e89eafb971d,2834,0x0d758753c03d7bda04b3dadb62a3df9c2e863da1,0.0,0.0,2418.016778,0,1,1709156075
2024-02-22,0x6cdcb1c4a4d1c3c6d054b27ac5b77e89eafb971d,2850,0x48f58df7267077f9a45894a1e283863e0030b51c,2344.609294,2344.609294,2336.145164,1,1,1708754905
2024-02-22,0x6cdcb1c4a4d1c3c6d054b27ac5b77e89eafb971d,2852,0xb872e90d96cfa33ef31ff744f8beb9cfd92388b2,1162.666087,1162.666087,0.0,1,0,1709000031
2024-02-22,0x6cdcb1c4a4d1c3c6d054b27ac5b77e89eafb971d,2864,0x69fbaec4131cb64e9828f7e6fdb7e31fa4a9e230,0.0,0.0,2249.093389,0,1,1709062063
2024-02-22,0x6cdcb1c4a4d1c3c6d054b27ac5b77e89eafb971d,2888,0x5b2dddf2a4772d9c27c9b3099c371c3e7ba7b4a7,2724.810803,2724.810803,2714.384931,1,1,1708567099
2024-02-22,0x6cdcb1c4a4d1c3c6d054b27ac5b77e89eafb971d,2909,0xb4a0c27d79d54fd2eccb6dc9ef9eb49ec706626e,2602.214841,2602.214841,2592.258055,1,1,1708566747
2024-02-22,0x6cdcb1c4a4d1c3c6d054b27ac5b77e89eafb971d,2941,0xfe3a593fb8a90185a8e31edc8eb02e7d889d52f0,0.0,0.0,4194.144464,0,1,1708828763
2024-02-22,0x6cdcb1c4a4d1c3c6d054b27ac5b77e89eafb971d,2966,0x88a1303994f0c906d8c0ee9c72fe17f627ed9f48,2019.377987,2019.377987,2019.377987,1,1,1708567563
2024-02-22,0x6cdcb1c4a4d1c3c6d054b27ac5b77e89eafb971d,3032,0x29964b7c46144d79457473661f99f725d4fdf0e3,2182.68736,2182.68736,0.0,1,0,1709038445
2024-02-22,0x6cdcb1c4a4d1c3c6d054b27ac5b77e89eafb971d,3110,0xc9273a8bb0bcbcd5f6a97f19977213ae9a9dec5f,1939.299403,3878.598805,3862.723085,2,2,1709006229
2024-02-22,0x6cdcb1c4a4d1c3c6d054b27ac5b77e89eafb971d,3186,0x597dc4159a4b85c086c3c679a0b6c8fe2836886f,1702.884139,1702.884139,1702.884139,1,1,1708915667
2024-02-22,0x6cdcb1c4a4d1c3c6d054b27ac5b77e89eafb971d,3252,0x3f18b8b7ea6a6f6715de3b75434d45051b495b44,1636.715823,1636.715823,0.0,1,0,1708893867
2024-02-22,0x6cdcb1c4a4d1c3c6d054b27ac5b77e89eafb971d,3416,0x0737467164f8bb1ef64f006612edb6035aea6efb,706.123675,706.123675,706.123675,1,1,1709039013
2024-02-22,0x6cdcb1c4a4d1c3c6d054b27ac5b77e89eafb971d,3526,0x74e254f0ea90e8caa5da6f62ee29b9f71eea8ee5,1266.935186,1266.935186,0.0,1,0,1708724835
2024-02-22,0x6cdcb1c4a4d1c3c6d054b27ac5b77e89eafb971d,3541,0x793d6260fa382a26ac6ab5fb6f9aa96f1f95b23b,0.0,0.0,1237.859305,0,1,1709044959
2024-02-22,0x6cdcb1c4a4d1c3c6d054b27ac5b77e89eafb971d,3585,0x88d867f64811718da2bb1337b6030ecb0cebb5eb,1205.973186,1205.973186,0.0,1,0,1709024665
2024-02-22,0x6cdcb1c4a4d1c3c6d054b27ac5b77e89eafb971d,3622,0x69794735ca88de2ec2426fb20f416fa00f64ad37,4258.478599,4258.478599,0.0,1,0,1709039827
2024-02-22,0x6cdcb1c4a4d1c3c6d054b27ac5b77e89eafb971d,3668,0xd3744b27813f2456ff3ddf78214bf57735d5f1a1,1091.034831,1091.034831,0.0,1,0,1708754153
2024-02-22,0x6cdcb1c4a4d1c3c6d054b27ac5b77e89eafb971d,3698,0x413db04a4d7207cae7a7686639ce68caac137bae,276.044094,276.044094,0.0,1,0,1709071849
2024-02-22,0x6cdcb1c4a4d1c3c6d054b27ac5b77e89eafb971d,3748,0x2dcd5c2591b6617ca91b6654ea3939213dab7c38,1047.516469,1047.516469,0.0,1,0,1708877679
2024-02-22,0x6cdcb1c4a4d1c3c6d054b27ac5b77e89eafb971d,3768,0x5ce213c2afde02afd21e23187cd3c599b4298905,530.508463,530.508463,0.0,1,0,1709078183
2024-02-22,0x6cdcb1c4a4d1c3c6d054b27ac5b77e89eafb971d,3843,0xb230628e4855da9f6c2a34b6dae57532a08f5851,238.996985,238.996985,238.996985,1,1,1709059155
2024-02-22,0x6cdcb1c4a4d1c3c6d054b27ac5b77e89eafb971d,3861,0xfa2049ac8f12fc423c8d28754da0d7e72ccc7a9c,0.0,0.0,949.196696,0,1,1708589223
2024-02-22,0x6cdcb1c4a4d1c3c6d054b27ac5b77e89eafb971d,3988,0x08ba371f556b01d2a384acbea85798139f3bb680,0.0,0.0,1056.82941,0,1,1708874989
2024-02-22,0x6cdcb1c4a4d1c3c6d054b27ac5b77e89eafb971d,3995,0x8ce3222c6fe02d531c1d7f082e7fdf01ec789a7b,0.0,0.0,838.528979,0,1,1709047767
2024-02-22,0x6cdcb1c4a4d1c3c6d054b27ac5b77e89eafb971d,4011,0x6322872f335dde0d4b44537f69fbae74bbed39de,826.91446,826.91446,82.260276,1,1,1708754505
2024-02-22,0x6cdcb1c4a4d1c3c6d054b27ac5b77e89eafb971d,4042,0xd923de646d3f0bb9eb7f9169f259c79c3ede2188,805.665286,805.665286,0.0,1,0,1709045213
2024-02-22,0x6cdcb1c4a4d1c3c6d054b27ac5b77e89eafb971d,4173,0x07e257e8c4069ba52ed3b7c3bfcfff174cf21d08,713.978683,713.978683,713.978683,1,1,1708984781
2024-02-22,0x6cdcb1c4a4d1c3c6d054b27ac5b77e89eafb971d,4323,0x1133073a32df0f80ef34ad8a41015a664a1fbaba,0.0,0.0,619.728028,0,1,1709148277
2024-02-22,0x6cdcb1c4a4d1c3c6d054b27ac5b77e89eafb971d,4396,0xd5bd29aa9816f2140bfe283a5b3a8f42d2060a8c,0.0,0.0,2147.308328,0,1,1709007467
2024-02-22,0x6cdcb1c4a4d1c3c6d054b27ac5b77e89eafb971d,4518,0x43917a8174465dc01522e8e14335eaa2cde33f6f,79.33039,79.33039,56.724787,1,1,1708619271
2024-02-22,0x6cdcb1c4a4d1c3c6d054b27ac5b77e89eafb971d,4640,0x1c3be20a226333e26833618b96e9d10aa741da6e,0.0,0.0,464.734166,0,1,1708851509
2024-02-22,0x6cdcb1c4a4d1c3c6d054b27ac5b77e89eafb971d,4695,0x15a2f78b23bc1d23960381e00d9bb534b6335d8b,449.06286,449.06286,0.0,1,0,1708758905
2024-02-22,0x6cdcb1c4a4d1c3c6d054b27ac5b77e89eafb971d,4704,0xa4c136dc1b03a934a06a0ba21d22ad5e4d4a7f10,0.0,0.0,446.471767,0,1,1709129207
2024-02-22,0x6cdcb1c4a4d1c3c6d054b27ac5b77e89eafb971d,5125,0xc342e5440d1bb36a5e4bc87542364f42d9a07d83,0.0,0.0,396.164438,0,1,1709129723
2024-02-22,0x6cdcb1c4a4d1c3c6d054b27ac5b77e89eafb971d,5224,0xf97c77c4a036752854663ca597f097aa5db7534b,394.694152,394.694152,0.0,1,0,1709055741
2024-02-22,0x6cdcb1c4a4d1c3c6d054b27ac5b77e89eafb971d,5239,0xafef3d15f29a3f948a440d1ecd57eb212b12cb84,0.0,0.0,819.390072,0,1,1708775115
2024-02-22,0x6cdcb1c4a4d1c3c6d054b27ac5b77e89eafb971d,5266,0xa40f2c85f814827d9bc01d6e2e6328832991076e,431.192386,431.192386,433.715082,1,1,1708749109
2024-02-22,0x6cdcb1c4a4d1c3c6d054b27ac5b77e89eafb971d,5337,0x61f8c99f4acde25dac0c591f5e6b4b635ab2f7c5,194.310258,194.310258,0.0,1,0,1709037341
2024-02-22,0x6cdcb1c4a4d1c3c6d054b27ac5b77e89eafb971d,5343,0x4335737ab8e25469ec173916b17c9389a1a5dbad,0.0,0.0,400.585315,0,1,1708908213
2024-02-22,0x6cdcb1c4a4d1c3c6d054b27ac5b77e89eafb971d,5786,0x0b7c75a9689a84854256c7d5db7c87feb1bbbb8b,0.0,0.0,1322.755018,0,1,1709155671
2024-02-22,0x6cdcb1c4a4d1c3c6d054b27ac5b77e89eafb971d,5884,0x8181432899253fa56fdfeb559a9da64ec75d9f15,0.0,0.0,362.358945,0,1,1708644427
2024-02-22,0x6cdcb1c4a4d1c3c6d054b27ac5b77e89eafb971d,5937,0xe98659f19ac46d515877f1dcb5d7ede77a0b61c3,954.561155,954.561155,952.820456,1,1,1708624699
2024-02-22,0x6cdcb1c4a4d1c3c6d054b27ac5b77e89eafb971d,6045,0x2961768cc229226e7d83c0141c133789487ba763,355.526755,355.526755,0.0,1,0,1709032147
2024-02-22,0x6cdcb1c4a4d1c3c6d054b27ac5b77e89eafb971d,6056,0xc630ee3e52a40a2c87d3507b18d11efb178d01ab,172.544551,172.544551,95.107873,1,1,1708568137
2024-02-22,0x6cdcb1c4a4d1c3c6d054b27ac5b77e89eafb971d,6081,0xf0ae25fd20caef69ace33ee139457dc61907c02d,354.670544,354.670544,0.0,1,0,1709028819
2024-02-22,0x6cdcb1c4a4d1c3c6d054b27ac5b77e89eafb971d,6182,0x59659e3270e7e143f8f1bba1af3d237d8c9f9354,355.987242,355.987242,355.987242,1,1,1708943567
2024-02-22,0x6cdcb1c4a4d1c3c6d054b27ac5b77e89eafb971d,6313,0xc0de72a1b723452cacf35570db24fa13ec8bc562,0.0,0.0,355.107813,0,1,1708633899
2024-02-22,0x6cdcb1c4a4d1c3c6d054b27ac5b77e89eafb971d,6333,0xf25d523b15356911523a61394158472162bf9da1,87.439438,87.439438,0.0,1,0,1709070569
2024-02-22,0x6cdcb1c4a4d1c3c6d054b27ac5b77e89eafb971d,6374,0x61d16ca81b407b5b3125818017a8327a6782479f,0.0,0.0,348.921216,0,1,1708889527
2024-02-22,0x6cdcb1c4a4d1c3c6d054b27ac5b77e89eafb971d,6391,0xf47f60cb5426f63a8dd3786387742c2c49ad96e3,351.095516,351.095516,351.095516,1,1,1708589395
2024-02-22,0x6cdcb1c4a4d1c3c6d054b27ac5b77e89eafb971d,6468,0x48a881c6c2ff0c962d017b2c4fb9701afbe3c5f4,997.409664,997.409664,1004.270193,1,1,1708906297
2024-02-22,0x6cdcb1c4a4d1c3c6d054b27ac5b77e89eafb971d,6469,0x7f08f8b61cf2f1ce922caa9e6fbc57c7cb8a66e7,0.0,0.0,593.262482,0,1,1709131699
2024-02-22,0x6cdcb1c4a4d1c3c6d054b27ac5b77e89eafb971d,6668,0x4379e33178fff73ee6b7c776fbd5a20fe9eea97b,0.0,0.0,1220.722987,0,1,1708898721
2024-02-22,0x6cdcb1c4a4d1c3c6d054b27ac5b77e89eafb971d,6770,0x80fdc30d21a672eef723b809ed4ba7c91728d421,169.149131,169.149131,0.0,1,0,1708683229
2024-02-22,0x6cdcb1c4a4d1c3c6d054b27ac5b77e89eafb971d,6850,0x47b0c8c154fb9222d22e170a0801b9807dee2576,487.110004,487.110004,489.383097,1,1,1708714219
2024-02-22,0x6cdcb1c4a4d1c3c6d054b27ac5b77e89eafb971d,6872,0xdc82091269279b03923c9e64026c548956ce27ca,172.649027,345.298297,172.64927,2,1,1708727335
2024-02-22,0x6cdcb1c4a4d1c3c6d054b27ac5b77e89eafb971d,6932,0xf1ba347eb6b8f4cbcd132aa2990b3746c1c05065,0.0,0.0,93.259133,0,1,1708644799
2024-02-22,0x6cdcb1c4a4d1c3c6d054b27ac5b77e89eafb971d,7096,0x7098d5ee6c5f1d1641f3a872e9acf0b97cc8aa75,0.0,0.0,452.304517,0,1,1708740881
2024-02-22,0x6cdcb1c4a4d1c3c6d054b27ac5b77e89eafb971d,7097,0xa0444624a5abcd830cc9986e3247a6db810695a9,0.0,0.0,35.723391,0,1,1708644945
2024-02-22,0x6cdcb1c4a4d1c3c6d054b27ac5b77e89eafb971d,7380,0xd814e1b7cc203ff6ca4358bf4aa3ce9771fedc68,2834.525292,2834.525292,0.0,1,0,1708984293
2024-02-22,0x6cdcb1c4a4d1c3c6d054b27ac5b77e89eafb971d,7388,0x7b8bad250aace0cca1025730e59163e6887bb94b,678.421992,678.421992,506.948311,1,1,1708565137
2024-02-22,0x6cdcb1c4a4d1c3c6d054b27ac5b77e89eafb971d,7425,0xc65c762fc8a7e1618529c1e49ea3fe572dbdc40b,0.0,0.0,13117.491299,0,1,1708565883
2024-02-22,0x6cdcb1c4a4d1c3c6d054b27ac5b77e89eafb971d,8345,0x03b7f7cb25be1bcfa4ba8a0e5fb7c1f404cbede2,0.0,0.0,25834.768028,0,1,1708952221
2024-02-22,0x6cdcb1c4a4d1c3c6d054b27ac5b77e89eafb971d,8458,0xc65c762fc8a7e1618529c1e49ea3fe572dbdc40b,0.0,0.0,1874.0484,0,1,1708566157
2024-02-22,0x6cdcb1c4a4d1c3c6d054b27ac5b77e89eafb971d,8741,0xb2ff5b8a05b43749b1307215c501dcde0932a711,735.927879,735.927879,735.927879,1,1,1708707865
2024-02-22,0x6cdcb1c4a4d1c3c6d054b27ac5b77e89eafb971d,8819,0x310e989c73b58591bb61596972b5019354f8b668,42.431664,42.431664,0.0,1,0,1708632069
2024-02-22,0x6cdcb1c4a4d1c3c6d054b27ac5b77e89eafb971d,8823,0xae0d56da41765c64d29a3dac984ed1d98964de9c,123.416553,123.416553,0.0,1,0,1709099239
2024-02-22,0x6cdcb1c4a4d1c3c6d054b27ac5b77e89eafb971d,8846,0x6d75b5c51c41d5361f5729a2d453fee4ef40e652,2500.860686,2500.860686,2531.285838,1,1,1709023559
2024-02-22,0x6cdcb1c4a4d1c3c6d054b27ac5b77e89eafb971d,8887,0x1296b0a992abc44675ff6800dd86696dc9366490,27.104979,27.104979,0.0,1,0,1708896185
2024-02-22,0x6cdcb1c4a4d1c3c6d054b27ac5b77e89eafb971d,9007,0x69fbaec4131cb64e9828f7e6fdb7e31fa4a9e230,0.0,0.0,1470.447651,0,1,1709062087
2024-02-22,0x6cdcb1c4a4d1c3c6d054b27ac5b77e89eafb971d,9187,0xc65c762fc8a7e1618529c1e49ea3fe572dbdc40b,0.0,0.0,1093.44,0,1,1708566161
2024-02-22,0x6cdcb1c4a4d1c3c6d054b27ac5b77e89eafb971d,9216,0xac18c73423d43ad14630c32491ec0db14e2e6148,0.0,0.0,1275.68,0,1,1709132657
2024-02-22,0x6cdcb1c4a4d1c3c6d054b27ac5b77e89eafb971d,9229,0x39837f4711b028ba82d43bf9d7b017cbf8e5c8a3,1862.730227,1862.730227,1822.4,1,1,1708863377
2024-02-22,0x6cdcb1c4a4d1c3c6d054b27ac5b77e89eafb971d,9361,0x3d9dd495d80e6f8d19dd6b06c7c9bdbb51db932d,471.062474,471.062474,0.0,1,0,1708787531
2024-02-22,0x6cdcb1c4a4d1c3c6d054b27ac5b77e89eafb971d,9363,0x7c62c034a3633416b5ce91e591c5c8ccc0f53ca3,124.310657,124.310657,388.690241,1,1,1709152835
2024-02-22,0x6cdcb1c4a4d1c3c6d054b27ac5b77e89eafb971d,9639,0x0ea01228dea7d3e04811cf0ce05fb219773d72ca,148.557656,148.557656,0.0,1,0,1708668847
2024-02-22,0x6cdcb1c4a4d1c3c6d054b27ac5b77e89eafb971d,9666,0xfd2a3b06bea0655d1512d0a8752fde86793c782f,301.724926,301.724926,306.943905,1,1,1708816483
2024-02-22,0x6cdcb1c4a4d1c3c6d054b27ac5b77e89eafb971d,9755,0xe8b55fd62045d51274812e5c3ab803055c0e3eaa,6754.163154,6754.163154,6774.848261,1,1,1708632697
2024-02-22,0x6cdcb1c4a4d1c3c6d054b27ac5b77e89eafb971d,9792,0x066bb7c61b4bbe60e08d985a939e51636a6d1f7e,3757.810464,3757.810464,2510.125382,1,1,1709099747
2024-02-22,0x6cdcb1c4a4d1c3c6d054b27ac5b77e89eafb971d,9816,0xd99208a6b2c353b88db78f04642b47f9fa993337,0.0,0.0,771.84104,0,1,1708994627
2024-02-22,0x6cdcb1c4a4d1c3c6d054b27ac5b77e89eafb971d,10017,0xa4f0b6899ca568df1595a3d12054499e5e1c9faf,0.0,0.0,1945.439088,0,1,1708745899
2024-02-22,0x6cdcb1c4a4d1c3c6d054b27ac5b77e89eafb971d,10026,0x6613a1521394c2f17c7d705e48279e44c2a01936,3108.491595,3108.491595,0.0,1,0,1708567593
2024-02-22,0x6cdcb1c4a4d1c3c6d054b27ac5b77e89eafb971d,10294,0x48a6a8d403a58eccc70d4d57347f801d4e182564,21398793.979699,21398793.979699,21380579.100687,1,1,1709146349
2024-02-22,0x6cdcb1c4a4d1c3c6d054b27ac5b77e89eafb971d,10305,0x2dd6bb05316cb2fbe2c6e2e4756c7b7364579507,2.400181,2.400181,0.0,1,0,1708657317
2024-02-22,0x6cdcb1c4a4d1c3c6d054b27ac5b77e89eafb971d,10348,0xe3478483a9a7ecd8cdde248ea43b48197b19e09e,0.0,0.0,0.097391,0,1,1708928261
2024-02-22,0x6cdcb1c4a4d1c3c6d054b27ac5b77e89eafb971d,10402,0xfde10d5fa08d019fa544a9b0def1b0ded565c805,0.224598,0.224598,0.0,1,0,1708636331
2024-02-22,0x6cdcb1c4a4d1c3c6d054b27ac5b77e89eafb971d,10842,0xa4f0b6899ca568df1595a3d12054499e5e1c9faf,0.0,0.0,1816.230359,0,1,1708745921
2024-02-22,0x6cdcb1c4a4d1c3c6d054b27ac5b77e89eafb971d,10852,0x3426316b1eb507bf2bdfe37b97c7e4456cb8b49b,11.275762,11.275762,9.856956,1,1,1708631767
2024-02-22,0x6cdcb1c4a4d1c3c6d054b27ac5b77e89eafb971d,10867,0x6ab2d5789af8fc628b306d04505de6e5a78ba660,714.161538,714.161538,714.161538,1,1,1708733431
2024-02-22,0x6cdcb1c4a4d1c3c6d054b27ac5b77e89eafb971d,10877,0x6f9449a07cfe89fd8a6e040a0c9d8eecfeb6f3fc,0.480494,0.480494,0.0,1,0,1708901969
2024-02-22,0x6cdcb1c4a4d1c3c6d054b27ac5b77e89eafb971d,10963,0x0a262d0c4400f1a6cf77b08d6410c277a924f879,1062.401395,1062.401395,0.0,1,0,1709097605
2024-02-22,0x6cdcb1c4a4d1c3c6d054b27ac5b77e89eafb971d,10967,0x4408e04e4d8aeb7edbc0bc0ae66028762fdf29e5,0.0,0.0,2548.323934,0,1,1709065887
2024-02-22,0x6cdcb1c4a4d1c3c6d054b27ac5b77e89eafb971d,11008,0x34316386913935b8a912115920f6f767e15bf9a1,2.199332,2.199332,2.293818,1,1,1708777185
2024-02-22,0x6cdcb1c4a4d1c3c6d054b27ac5b77e89eafb971d,11052,0x7e2400626811b1cae987c41139c39830f4b2ba9a,942.244879,942.244879,0.0,1,0,1709101787
2024-02-22,0x6cdcb1c4a4d1c3c6d054b27ac5b77e89eafb971d,11059,0x97ac7560ea55cc15ad8e877404093a9c13ffd3ab,292.71612,292.71612,0.0,1,0,1708987209
2024-02-22,0x6cdcb1c4a4d1c3c6d054b27ac5b77e89eafb971d,11120,0x0b5897d201d83a9fcbeefc086c100a8eaa5ada9a,17068.9464,17068.9464,0.0,1,0,1709109093
2024-02-22,0x6cdcb1c4a4d1c3c6d054b27ac5b77e89eafb971d,11126,0xedb61a92de9d08874bdf2a9d1fdf8df9f111bf7d,28.929355,28.929355,31.496328,1,1,1708694089
2024-02-22,0x6cdcb1c4a4d1c3c6d054b27ac5b77e89eafb971d,11136,0xa6c4f123b99eaf51e63dd31497f4921ad6761230,542.346349,542.346349,0.0,1,0,1708669533
2024-02-22,0x6cdcb1c4a4d1c3c6d054b27ac5b77e89eafb971d,11146,0x924dcdca42e7fcd0258c5a4a2333aa9d86e79ea4,0.0,0.0,47168.27134,0,1,1709054501
2024-02-22,0x6cdcb1c4a4d1c3c6d054b27ac5b77e89eafb971d,11298,0x370880694995aa8a53f71645f7bec3b0e7bb25d9,0.0,0.0,1463.859635,0,1,1708598277
2024-02-22,0x6cdcb1c4a4d1c3c6d054b27ac5b77e89eafb971d,11355,0x74eef0f2ecb2fd33928cfe8b229adfe899827ef5,0.0,0.0,78399.190788,0,1,1708577803
2024-02-22,0x6cdcb1c4a4d1c3c6d054b27ac5b77e89eafb971d,11433,0xbbafc0bc7e6c9bc0ec2c3924c0db2b96a260c8ed,8054.038064,8054.038064,8054.043466,1,1,1709139655
2024-02-22,0x6cdcb1c4a4d1c3c6d054b27ac5b77e89eafb971d,11435,0x5555fa070e94ed455276141bfb50bc5a569b3872,0.0,0.0,16.731196,0,1,1709039855
2024-02-22,0x6cdcb1c4a4d1c3c6d054b27ac5b77e89eafb971d,11542,0x988527874c7e3f02115f89a6a97135c70b6a47fc,0.0,0.0,1.415583,0,1,1709108011
2024-02-22,0x6cdcb1c4a4d1c3c6d054b27ac5b77e89eafb971d,11606,0xf56e55e35d2cca5a34f5ba568454974424aea0f4,9.842891,9.842891,9.996372,1,1,1708986631
2024-02-22,0x6cdcb1c4a4d1c3c6d054b27ac5b77e89eafb971d,11625,0x7c12cd5b7db841f7ba9b3fd1b7a6d02c1304386d,353.961896,353.961896,99.130387,1,1,1709149783
2024-02-22,0x6cdcb1c4a4d1c3c6d054b27ac5b77e89eafb971d,11633,0xee4d973a7972935b0d613dc70f9e666a5e45a7ba,0.0,0.0,11.538807,0,1,1708980263
2024-02-22,0x6cdcb1c4a4d1c3c6d054b27ac5b77e89eafb971d,11649,0x40889dec2294afd29ae6a7f2331c7660c7d37af1,0.0,0.0,860.702743,0,1,1708703705
2024-02-22,0x6cdcb1c4a4d1c3c6d054b27ac5b77e89eafb971d,11700,0x8c8d19f13c60cec15ae53881af4004117d391e4d,4753.729324,4753.729324,5022.76611,1,1,1709079023
2024-02-22,0x6cdcb1c4a4d1c3c6d054b27ac5b77e89eafb971d,11732,0xa4f0b6899ca568df1595a3d12054499e5e1c9faf,0.0,0.0,1663.774643,0,1,1708745945
2024-02-22,0x6cdcb1c4a4d1c3c6d054b27ac5b77e89eafb971d,11765,0xee4d973a7972935b0d613dc70f9e666a5e45a7ba,0.0,0.0,13.415938,0,1,1708980289
2024-02-22,0x6cdcb1c4a4d1c3c6d054b27ac5b77e89eafb971d,11768,0x7e014ccb32047ae15cb79b8a8b5c3d58d4013c77,31.353914,31.353914,56.110268,1,1,1709127889
2024-02-22,0x6cdcb1c4a4d1c3c6d054b27ac5b77e89eafb971d,11794,0x48a881c6c2ff0c962d017b2c4fb9701afbe3c5f4,488.965201,488.965201,561.191153,1,1,1709037793
2024-02-22,0x6cdcb1c4a4d1c3c6d054b27ac5b77e89eafb971d,11850,0x51e02f63fb09d00dbfb6867660e014d8d21efdae,1010.125741,2023.030646,1012.904906,2,1,1709127685
2024-02-22,0x6cdcb1c4a4d1c3c6d054b27ac5b77e89eafb971d,11851,0x51e02f63fb09d00dbfb6867660e014d8d21efdae,1118.200732,2240.509927,1122.309195,2,1,1709127709
2024-02-22,0x6cdcb1c4a4d1c3c6d054b27ac5b77e89eafb971d,11852,0x51e02f63fb09d00dbfb6867660e014d8d21efdae,540.554947,1087.944234,547.389287,2,1,1709127711
2024-02-22,0x6cdcb1c4a4d1c3c6d054b27ac5b77e89eafb971d,11873,0x29f75cf7db0e8a711ee1345fc4606d376812b0b7,5.893834,5.893834,5.681921,1,1,1708815631
2024-02-22,0x6cdcb1c4a4d1c3c6d054b27ac5b77e89eafb971d,11893,0x7c12cd5b7db841f7ba9b3fd1b7a6d02c1304386d,740.842365,740.842365,747.073612,1,1,1709149841
2024-02-22,0x6cdcb1c4a4d1c3c6d054b27ac5b77e89eafb971d,11926,0xc1634876892843d3f80e790baf3f05bf907e94f6,247.969719,247.969719,248.793912,1,1,1708634031
2024-02-22,0x6cdcb1c4a4d1c3c6d054b27ac5b77e89eafb971d,11938,0x52e7633279802211ba4c2cef1ef0f3129fe596b1,0.0,0.0,0.275039,0,1,1708571257
2024-02-22,0x6cdcb1c4a4d1c3c6d054b27ac5b77e89eafb971d,11942,0x33007f44f5ae98417980710311d3a1733ef0b56d,0.0,0.0,0.658832,0,1,1709009033
2024-02-22,0x6cdcb1c4a4d1c3c6d054b27ac5b77e89eafb971d,11960,0x04d7e0f47d94f32416250e94fd6b8d4074ce97cf,0.0,0.0,49.903135,0,1,1708792275
2024-02-22,0x6cdcb1c4a4d1c3c6d054b27ac5b77e89eafb971d,11980,0xdebc75d4fd88bfcaa1bf48bdb41a185a59d6583d,547.050886,547.050886,548.207853,1,1,1708617323
2024-02-22,0x6cdcb1c4a4d1c3c6d054b27ac5b77e89eafb971d,11994,0x6cbf5040fa5815fbeff34ead90da7251e96434e4,2.464503,2.464503,1.254181,1,1,1708753933
2024-02-22,0x6cdcb1c4a4d1c3c6d054b27ac5b77e89eafb971d,12007,0x51a8f42f66dd8adf0cd1a66bd560a94be87808da,54.274129,54.274129,57.959761,1,1,1709043423
2024-02-22,0x6cdcb1c4a4d1c3c6d054b27ac5b77e89eafb971d,12089,0x0b5897d201d83a9fcbeefc086c100a8eaa5ada9a,2492.638299,2492.638299,0.0,1,0,1709117979
2024-02-22,0x6cdcb1c4a4d1c3c6d054b27ac5b77e89eafb971d,12181,0xcd0b76ca7bcfed5eacc09af9fec377ab938c232a,3.040795,3.040795,0.0,1,0,1708595101
2024-02-22,0x6cdcb1c4a4d1c3c6d054b27ac5b77e89eafb971d,12182,0xcd0b76ca7bcfed5eacc09af9fec377ab938c232a,1.179558,1.179558,0.0,1,0,1708595105
2024-02-22,0x6cdcb1c4a4d1c3c6d054b27ac5b77e89eafb971d,12184,0x0e49248f90b411c34319887331e6f8a78feda0e0,1.322843,1.322843,0.0,1,0,1708608571
2024-02-22,0x6cdcb1c4a4d1c3c6d054b27ac5b77e89eafb971d,12186,0xe84d24e24251a0f8c12da6a8f1cb31691ec78022,14.640225,14.640225,0.0,1,0,1708625191
2024-02-22,0x6cdcb1c4a4d1c3c6d054b27ac5b77e89eafb971d,12190,0xfe9356d85f698ce150d746a523a2ebbbb5fbcf19,3660.747574,3660.747574,0.0,1,0,1708646971
2024-02-22,0x6cdcb1c4a4d1c3c6d054b27ac5b77e89eafb971d,12194,0x461329395d4465c19989945aada890daf2cb4cb3,3541.082969,3541.082969,0.0,1,0,1708752751
2024-02-22,0x6cdcb1c4a4d1c3c6d054b27ac5b77e89eafb971d,12201,0x5acec9f0830d5654764b09692cbfd2f52a32505f,2.291985,2.291985,0.0,1,0,1708692799
2024-02-22,0x6cdcb1c4a4d1c3c6d054b27ac5b77e89eafb971d,12208,0xc53da323b3e4d53c6d6c0444caef5933996783fe,53.96475,53.96475,0.0,1,0,1708722093
2024-02-22,0x6cdcb1c4a4d1c3c6d054b27ac5b77e89eafb971d,12210,0x78a86e4f7a8c81a2bc35de0ee8c7f3dcbd281ef5,4.779957,4.779957,0.0,1,0,1708743715
2024-02-22,0x6cdcb1c4a4d1c3c6d054b27ac5b77e89eafb971d,12218,0x461329395d4465c19989945aada890daf2cb4cb3,2723.623002,2723.623002,0.0,1,0,1708753113
2024-02-22,0x6cdcb1c4a4d1c3c6d054b27ac5b77e89eafb971d,12224,0x40e5383a4439f9e896e090f18de98b399467d128,1.896366,1.896366,0.0,1,0,1708761229
2024-02-22,0x6cdcb1c4a4d1c3c6d054b27ac5b77e89eafb971d,12225,0x98cec3803d0239bf9c82dc50fef0fc9bf5787392,3.09571,3.09571,0.0,1,0,1708761507
2024-02-22,0x6cdcb1c4a4d1c3c6d054b27ac5b77e89eafb971d,12226,0x2fcfcf3d30851533d4c13b35646a73b2d4c5b990,1.725544,1.725544,0.0,1,0,1708762027
2024-02-22,0x6cdcb1c4a4d1c3c6d054b27ac5b77e89eafb971d,12227,0x319fa60c799ef477f9909e9d3103dbd002ad8e89,6.142748,6.142748,0.0,1,0,1708762557
2024-02-22,0x6cdcb1c4a4d1c3c6d054b27ac5b77e89eafb971d,12234,0x39b76a6c3d51e682ece8760e86ed8dbac23823fa,0.021606,0.021606,0.0,1,0,1708775449
2024-02-22,0x6cdcb1c4a4d1c3c6d054b27ac5b77e89eafb971d,12254,0x6478b6805125abf8a5e9a05835eb6e4e6f126760,10.118858,10.118858,0.0,1,0,1708817553
2024-02-22,0x6cdcb1c4a4d1c3c6d054b27ac5b77e89eafb971d,12256,0xd18f9ec0e26ff6956f8a4c2bf7157fee9672ce32,99.997581,99.997581,0.0,1,0,1708822251
2024-02-22,0x6cdcb1c4a4d1c3c6d054b27ac5b77e89eafb971d,12258,0x142877b1f8fe45e039d5ffeb2faf5975fb01bfd9,99.997038,99.997038,0.0,1,0,1708822937
2024-02-22,0x6cdcb1c4a4d1c3c6d054b27ac5b77e89eafb971d,12259,0x6a0d95aed054220243fbc00bc6cd5586b9c0468c,14.533829,14.533829,0.0,1,0,1708848877
2024-02-22,0x6cdcb1c4a4d1c3c6d054b27ac5b77e89eafb971d,12262,0x46aa12926c30bcb07d4af78b281947b2da5c5f13,1.989866,1.989866,0.0,1,0,1708853549
2024-02-22,0x6cdcb1c4a4d1c3c6d054b27ac5b77e89eafb971d,12271,0xa008b72d39ebb9d9eabdba4012adda4be4c7e938,100.481843,100.481843,0.0,1,0,1708861553
2024-02-22,0x6cdcb1c4a4d1c3c6d054b27ac5b77e89eafb971d,12272,0xcaa6fb57d33baa47ed1db76628d7e09a3fc14d10,0.229085,0.229085,0.0,1,0,1708863719
2024-02-22,0x6cdcb1c4a4d1c3c6d054b27ac5b77e89eafb971d,12273,0x261673506097c57bdd57e78d4b732cd5c62cfe21,112.277232,112.277232,0.0,1,0,1708864927
2024-02-22,0x6cdcb1c4a4d1c3c6d054b27ac5b77e89eafb971d,12274,0x261673506097c57bdd57e78d4b732cd5c62cfe21,6.802882,6.802882,0.0,1,0,1708865909
2024-02-22,0x6cdcb1c4a4d1c3c6d054b27ac5b77e89eafb971d,12277,0x9536102d4a3b6c3ab95e810abc6d1e7fd4456165,29.770034,29.770034,0.0,1,0,1708869281
2024-02-22,0x6cdcb1c4a4d1c3c6d054b27ac5b77e89eafb971d,12279,0xa7a5c60bd67317ebf25109ca42ae8afe98408f12,149.928576,149.928576,0.0,1,0,1708879265
2024-02-22,0x6cdcb1c4a4d1c3c6d054b27ac5b77e89eafb971d,12284,0xf3c3605011e7d0591eff603fbe9ec2639f860360,0.580546,0.580546,0.0,1,0,1708895653
2024-02-22,0x6cdcb1c4a4d1c3c6d054b27ac5b77e89eafb971d,12294,0xf1b85e33bb010500d0d1cb61d1c7a1739746bc33,19.981751,19.981751,0.0,1,0,1708934303
2024-02-22,0x6cdcb1c4a4d1c3c6d054b27ac5b77e89eafb971d,12305,0xeba36bdf4cd7eac933a18ab1118d72986cd968f6,3.984929,3.984929,0.0,1,0,1708975101
2024-02-22,0x6cdcb1c4a4d1c3c6d054b27ac5b77e89eafb971d,12307,0xee4d973a7972935b0d613dc70f9e666a5e45a7ba,270.851097,270.851097,0.0,1,0,1708980403
2024-02-22,0x6cdcb1c4a4d1c3c6d054b27ac5b77e89eafb971d,12310,0xa696f5e0a3dce1797fd018a59fa9f109e0f1a2cd,33.256178,33.256178,0.0,1,0,1708985203
2024-02-22,0x6cdcb1c4a4d1c3c6d054b27ac5b77e89eafb971d,12311,0xa96b1b45e5c50585d90ea7e5817c93d2cf20e1da,36.002138,36.002138,0.0,1,0,1708986677
2024-02-22,0x6cdcb1c4a4d1c3c6d054b27ac5b77e89eafb971d,12313,0xab833e38a35164c9edae07b9747ab6d32434bef1,5.516882,5.516882,0.0,1,0,1708991263
2024-02-22,0x6cdcb1c4a4d1c3c6d054b27ac5b77e89eafb971d,12314,0x61300de79422a18b69fd3afe4238ec5aa1df0635,538.038806,538.038806,0.0,1,0,1708991581
2024-02-22,0x6cdcb1c4a4d1c3c6d054b27ac5b77e89eafb971d,12325,0xe394c410acadb7e0d352e467fe91262f1c3be1d1,7.491162,7.491162,0.0,1,0,1709014297
2024-02-22,0x6cdcb1c4a4d1c3c6d054b27ac5b77e89eafb971d,12328,0x142877b1f8fe45e039d5ffeb2faf5975fb01bfd9,13.90838,13.90838,0.0,1,0,1709017729
2024-02-22,0x6cdcb1c4a4d1c3c6d054b27ac5b77e89eafb971d,12340,0x3fe0c9e9b0d2bee9cf82405e31a75555016eeb16,10.314278,10.314278,0.0,1,0,1709131975
2024-02-22,0x6cdcb1c4a4d1c3c6d054b27ac5b77e89eafb971d,12361,0xccac67a6258ccc8d6d2f6d2b633676280ae7bf0a,20.670139,20.670139,0.0,1,0,1709059901
2024-02-22,0x6cdcb1c4a4d1c3c6d054b27ac5b77e89eafb971d,12363,0x77bb5f180a06ee3fe0a588a6d4bb9cc960804ac9,5.463102,5.463102,0.0,1,0,1709060669
2024-02-22,0x6cdcb1c4a4d1c3c6d054b27ac5b77e89eafb971d,12365,0x4569c4f05d70eb110c93ee8840925754a8978c78,249.725572,249.725572,0.0,1,0,1709061235
2024-02-22,0x6cdcb1c4a4d1c3c6d054b27ac5b77e89eafb971d,12367,0xe3d293582c5553d681ac953b4b0bf63a1f987464,27.215022,27.215022,0.0,1,0,1709062497
2024-02-22,0x6cdcb1c4a4d1c3c6d054b27ac5b77e89eafb971d,12369,0x20efb8e9cb62cfc0d58ac62464b7a5353b22600f,37.255471,37.255471,0.0,1,0,1709065313
2024-02-22,0x6cdcb1c4a4d1c3c6d054b27ac5b77e89eafb971d,12373,0x67538b6d12c4755cf45c4681c02ead08f9bd6ed3,1.245274,1.245274,0.0,1,0,1709077755
2024-02-22,0x6cdcb1c4a4d1c3c6d054b27ac5b77e89eafb971d,12381,0xd75eee9e0b62be2c0a0f673d655e0623a798397b,24.981151,24.981151,0.0,1,0,1709102177
2024-02-22,0x6cdcb1c4a4d1c3c6d054b27ac5b77e89eafb971d,12385,0xebef259eb650590749c405dae136c9ca6ba05720,9.976528,9.976528,0.0,1,0,1709115281
2024-02-22,0x6cdcb1c4a4d1c3c6d054b27ac5b77e89eafb971d,12388,0x0379ed895f8b2db1ba771ecddee2839e1539fe18,7.481986,7.481986,0.0,1,0,1709122173
2024-02-22,0x6cdcb1c4a4d1c3c6d054b27ac5b77e89eafb971d,12400,0xac955b65ccd7ca5c44f3343cbeae06a568e43fc6,0.012657,0.012657,0.0,1,0,1709132869
2024-02-22,0x6cdcb1c4a4d1c3c6d054b27ac5b77e89eafb971d,12407,0xbe0db09f73d50c704eaef8ffbd7787577e354bde,14.965256,14.965256,0.0,1,0,1709152473
2024-02-22,0x6e23f90e25f432c9df9ef9276472dda3951e4465,3752,0x31dddf4e2ac81403fa9b993cfbe4ca535a1656b5,0.0,0.0,1064.203498,0,1,1709045617
2024-02-22,0x6eab8c1b93f5799dadf2c687a30230a540dbd636,47,0x011b0a055e02425461a1ae95b30f483c4ff05be7,13314.321717,13314.321717,0.0,1,0,1709155381
2024-02-22,0x6eab8c1b93f5799dadf2c687a30230a540dbd636,68,0x132e47cf2c19ec2d8dd56e1528fc7e18dc09188f,0.0,0.0,11360.187076,0,1,1709148573
2024-02-22,0x6eab8c1b93f5799dadf2c687a30230a540dbd636,3225,0x0b016476072f7d7d5c4e03bdf84511f80e12cb5e,0.0,0.0,2473.27356,0,1,1709018945
2024-02-22,0x6eab8c1b93f5799dadf2c687a30230a540dbd636,5332,0x314fd5d24e1db1fd89c5b5b96025724ac51ce18c,380.002255,380.002255,0.0,1,0,1708840159
2024-02-22,0x6eab8c1b93f5799dadf2c687a30230a540dbd636,6080,0x3c698d1e054a921dcf46bc213ca407e39ae4db8d,355.300945,355.300945,0.0,1,0,1708839445
2024-02-22,0x6eab8c1b93f5799dadf2c687a30230a540dbd636,7121,0x011b0a055e02425461a1ae95b30f483c4ff05be7,1969.857633,1969.857633,7766.748644,1,1,1709155407
2024-02-22,0x6eab8c1b93f5799dadf2c687a30230a540dbd636,7122,0x011b0a055e02425461a1ae95b30f483c4ff05be7,248.275355,248.275355,3912.988581,1,1,1709155433
2024-02-22,0x6eab8c1b93f5799dadf2c687a30230a540dbd636,10052,0xd1deee713b0404b799f67bfcb64e0647c14bf11f,1779.763886,1779.763886,0.0,1,0,1708979589
2024-02-22,0x70faafb3c7990771f6724c00f2574437bf805a9f,11677,0x0f8684f6dc76617d6831b4546381eb6cfb1c559f,0.0,0.0,2077.678668,0,1,1709104681
2024-02-22,0x70faafb3c7990771f6724c00f2574437bf805a9f,11827,0x0f8684f6dc76617d6831b4546381eb6cfb1c559f,0.0,0.0,86.14616,0,1,1709104691
2024-02-22,0x723aef6543aece026a15662be4d3fb3424d502a9,1570,0x0be7b271ba03874ad78d712246066c20c81693d3,0.0,0.0,1149.288847,0,1,1708573889
2024-02-22,0x723aef6543aece026a15662be4d3fb3424d502a9,1894,0x125531d524226a5035f29fe57c7e5986ab175dfd,0.0,0.0,4617.665756,0,1,1708737505
2024-02-22,0x723aef6543aece026a15662be4d3fb3424d502a9,3748,0x2dcd5c2591b6617ca91b6654ea3939213dab7c38,0.0,0.0,1047.516469,0,1,1708877679
2024-02-22,0x723aef6543aece026a15662be4d3fb3424d502a9,4327,0x4e342f8988fd2668059b3fdf4729f01c1a2d6972,0.0,0.0,602.103449,0,1,1709120883
2024-02-22,0x723aef6543aece026a15662be4d3fb3424d502a9,5841,0xe14a13b8eb93b6569a748ea57a1a97025fc82be9,0.0,0.0,365.226187,0,1,1708597821
2024-02-22,0x723aef6543aece026a15662be4d3fb3424d502a9,6289,0x93adf181c0d477568aa8c18014ced7fe5074b561,350.387802,350.387802,350.387802,1,1,1708889967
2024-02-22,0x723aef6543aece026a15662be4d3fb3424d502a9,7851,0x050fc2a463ab625216619ae3ec8d08d19a6a7881,0.0,0.0,19.255853,0,1,1709136335
2024-02-22,0x723aef6543aece026a15662be4d3fb3424d502a9,7852,0x366f12cd7abf8f07e5c372f9bacdfc9e3735a280,0.0,0.0,19.159196,0,1,1709136253
2024-02-22,0x723aef6543aece026a15662be4d3fb3424d502a9,9039,0x0b72ff0418a5921de3ed19abd293a806d30bc981,0.0,0.0,19.614549,0,1,1709136387
2024-02-22,0x7810f8f3253ced11e8c56c6c8497f3134055d44c,12,0xd204e3dc1937d3a30fc6f20abc48ac5506c94d1e,1290466.947573,1290466.947573,0.0,1,0,1708974003
2024-02-22,0x7810f8f3253ced11e8c56c6c8497f3134055d44c,80,0x34f543a73dcb1a4bcbae71e5dd41fcc1b5c17bf7,211083.606467,211083.606467,0.0,1,0,1709002743
2024-02-22,0x7810f8f3253ced11e8c56c6c8497f3134055d44c,275,0xa810ffea2709c116ef180d090c142fc5e08586a7,32615.749835,32615.749835,0.0,1,0,1709152385
2024-02-22,0x7810f8f3253ced11e8c56c6c8497f3134055d44c,414,0x0eeacd4c475040463389d15ead034d1291b008b1,32596.654979,32596.654979,0.0,1,0,1708978503
2024-02-22,0x7810f8f3253ced11e8c56c6c8497f3134055d44c,1006,0x806388e04b7583a0148451a8ecd29a748b8fd584,3806.602492,3806.602492,0.0,1,0,1708994071
2024-02-22,0x7810f8f3253ced11e8c56c6c8497f3134055d44c,1918,0xbd46acf2ae90ed50f7ffef99a6d9ac7d475f57b0,4520.80891,4520.80891,0.0,1,0,1709005229
2024-02-22,0x7810f8f3253ced11e8c56c6c8497f3134055d44c,1964,0x4bb17f45b9a00451383166782c9cd6075ad5eeb3,4822.600856,4822.600856,0.0,1,0,1708992747
2024-02-22,0x7810f8f3253ced11e8c56c6c8497f3134055d44c,3345,0x0e569d21238a29d82acbee5e51c717bac80a2dd8,1520.599801,1520.599801,0.0,1,0,1708993365
2024-02-22,0x7a034374c89c463dd65d8c9bcfe63bcbced41f4f,47,0x011b0a055e02425461a1ae95b30f483c4ff05be7,0.0,0.0,76417.742972,0,1,1709155381
2024-02-22,0x7a034374c89c463dd65d8c9bcfe63bcbced41f4f,55,0x285fed35cbea271a711681e84ffd83c68a596a75,0.0,0.0,113664.766347,0,1,1709158581
2024-02-22,0x7a034374c89c463dd65d8c9bcfe63bcbced41f4f,87,0x5d396a2106694308a40608ef14a1c0892b6b7faa,403151.665582,403151.665582,402416.494426,1,1,1709152805
2024-02-22,0x7a034374c89c463dd65d8c9bcfe63bcbced41f4f,165,0x54ecb3397b0bf31cb0b81eb2444e2a7b32507d8b,0.0,0.0,59356.818028,0,1,1709151371
2024-02-22,0x7a034374c89c463dd65d8c9bcfe63bcbced41f4f,177,0xdffd8bbf8dcaf236c4e009ff6013bfc98407b6c0,0.0,0.0,58219.811404,0,1,1709154053
2024-02-22,0x7a034374c89c463dd65d8c9bcfe63bcbced41f4f,294,0x8c78d21f1ea29a3571356483da01fa0babef7f36,0.0,0.0,113576.742346,0,1,1709147389
2024-02-22,0x7a034374c89c463dd65d8c9bcfe63bcbced41f4f,340,0xd9277f43bdfbbd18f5ba0adeb38f3ace2929e773,0.0,0.0,73096.972467,0,1,1709139463
2024-02-22,0x7a034374c89c463dd65d8c9bcfe63bcbced41f4f,343,0xb1d47d39c3bb868e5e4be068b7057d4caad0b31c,0.0,0.0,44273.374056,0,1,1709160329
2024-02-22,0x7a034374c89c463dd65d8c9bcfe63bcbced41f4f,437,0xbae3b46e29e7cfd2bba8164765d592ce9802ec70,0.0,0.0,16794.528778,0,1,1709155711
2024-02-22,0x7a034374c89c463dd65d8c9bcfe63bcbced41f4f,448,0xfad576ebc93a47031ba895064405f8a04b6e96fc,0.0,0.0,55279.281784,0,1,1709161055
2024-02-22,0x7a034374c89c463dd65d8c9bcfe63bcbced41f4f,742,0xad0c883b01e69d79c7aa23bc1b9fd96b16aa4022,0.0,0.0,25411.384874,0,1,1709043825
2024-02-22,0x7a034374c89c463dd65d8c9bcfe63bcbced41f4f,921,0xa2f07232275cdf8463a5115723c9d73085a2fc17,0.0,0.0,14909.922746,0,1,1709161133
2024-02-22,0x7a034374c89c463dd65d8c9bcfe63bcbced41f4f,1346,0x103a1f94bc38313af8724777da71201e40adef5a,0.0,0.0,8905.132341,0,1,1709158283
2024-02-22,0x7a034374c89c463dd65d8c9bcfe63bcbced41f4f,1672,0xc8feee4b352c46b15ed12492df669911d8496e51,0.0,0.0,25588.990603,0,1,1709161045
2024-02-22,0x7a034374c89c463dd65d8c9bcfe63bcbced41f4f,1678,0xc9c3bf455e5743539eadfe22a53ca146a644ebaa,0.0,0.0,6614.279557,0,1,1709160713
2024-02-22,0x7a034374c89c463dd65d8c9bcfe63bcbced41f4f,1960,0x0de4348c28c4e9ef19d5faf4024ef6653c326ec8,0.0,0.0,4402.545184,0,1,1709150285
2024-02-22,0x7a034374c89c463dd65d8c9bcfe63bcbced41f4f,2174,0xcf58445788527655c17f7cae55ca86231a340cd2,0.0,0.0,2732.769847,0,1,1709117961
2024-02-22,0x7a034374c89c463dd65d8c9bcfe63bcbced41f4f,2522,0xc693b4ffb338579467a541b2bf267b1955870920,0.0,0.0,810.639249,0,1,1709160781
2024-02-22,0x7a034374c89c463dd65d8c9bcfe63bcbced41f4f,3096,0x8ee25bb8d6777c21ceffdea20583856c620dcae1,0.0,0.0,1811.12502,0,1,1709155199
2024-02-22,0x7a034374c89c463dd65d8c9bcfe63bcbced41f4f,4011,0x6322872f335dde0d4b44537f69fbae74bbed39de,0.0,0.0,82.260276,0,1,1708754505
2024-02-22,0x7a034374c89c463dd65d8c9bcfe63bcbced41f4f,4340,0xcdd5ccc914ba68b56eacb1a6058475648a3fda12,0.0,0.0,1018.446646,0,1,1708691357
2024-02-22,0x7a034374c89c463dd65d8c9bcfe63bcbced41f4f,6770,0x80fdc30d21a672eef723b809ed4ba7c91728d421,0.0,0.0,139.664194,0,1,1708683229
2024-02-22,0x7a034374c89c463dd65d8c9bcfe63bcbced41f4f,7651,0x7e4cbd9030b814c364b6b57128e5868797436d51,125.264626,125.264626,50.105851,1,1,1709064287
2024-02-22,0x7a034374c89c463dd65d8c9bcfe63bcbced41f4f,8388,0x5d396a2106694308a40608ef14a1c0892b6b7faa,452973.049136,452973.049136,452147.02571,1,1,1709152823
2024-02-22,0x7a034374c89c463dd65d8c9bcfe63bcbced41f4f,10295,0xc875b3dae5b0c371bc8cf9ded64868b78ac47587,456476.689949,456476.689949,1226358.550177,1,1,1709162281
2024-02-22,0x7a034374c89c463dd65d8c9bcfe63bcbced41f4f,10296,0x03c70563e94de5de56c11a0cc4ce3482f592854f,1192308.46681,1192308.46681,3203225.30135,1,1,1709162329
2024-02-22,0x7a034374c89c463dd65d8c9bcfe63bcbced41f4f,10298,0xc9814f18a8751214f719de15c54d01b3d78ef14f,412440.86463,148793038.757458,149458956.3134,134,134,1709162249
2024-02-22,0x7a034374c89c463dd65d8c9bcfe63bcbced41f4f,11008,0x34316386913935b8a912115920f6f767e15bf9a1,2.199332,2.199332,2.293818,1,1,1708777185
2024-02-22,0x7a034374c89c463dd65d8c9bcfe63bcbced41f4f,12147,0x5d396a2106694308a40608ef14a1c0892b6b7faa,23262.420414,23262.420414,23220.0,1,1,1709152843
2024-02-22,0x7a034374c89c463dd65d8c9bcfe63bcbced41f4f,12283,0x6e307c83560f51c63b53f79dce4c3122b748e4f6,1.835164,1.835164,0.0,1,0,1708894643
2024-02-22,0x7f670f78b17dec44d5ef68a48740b6f8849cc2e6,23,0xc01a1cd505e6afcd3ced2ee1bac67890497f6654,48893.63331,48893.63331,0.0,1,0,1709135969
2024-02-22,0x7f670f78b17dec44d5ef68a48740b6f8849cc2e6,47,0x011b0a055e02425461a1ae95b30f483c4ff05be7,59914.447728,59914.447728,453190.440928,1,1,1709155381
2024-02-22,0x7f670f78b17dec44d5ef68a48740b6f8849cc2e6,51,0x0f228805c03a693aa964a791e0b2e2c6e6c6513f,294436.067415,294436.067415,293899.145649,1,1,1709156125
2024-02-22,0x7f670f78b17dec44d5ef68a48740b6f8849cc2e6,221,0x35a1a7740653b9c99b9b70c37c1c97192585b6bb,0.0,0.0,171594.543468,0,1,1709161129
2024-02-22,0x7f670f78b17dec44d5ef68a48740b6f8849cc2e6,353,0x5ade40e345817b739b91c6b4615efce87f9d7c57,24280.585368,24280.585368,0.0,1,0,1708609393
2024-02-22,0x7f670f78b17dec44d5ef68a48740b6f8849cc2e6,358,0xdf4be75f9c675ef83357b18d2dd8d0d69cb1e91c,81731.086169,81731.086169,79759.697985,1,1,1709156853
2024-02-22,0x7f670f78b17dec44d5ef68a48740b6f8849cc2e6,389,0x879d4cf44d51661f991bb3695cc61599d33847c2,0.0,0.0,33804.472319,0,1,1709161023
2024-02-22,0x7f670f78b17dec44d5ef68a48740b6f8849cc2e6,417,0xbe93d14c5defb8f41af8fb092f58e3c71c712b85,15576.435259,15576.435259,0.0,1,0,1708604827
2024-02-22,0x7f670f78b17dec44d5ef68a48740b6f8849cc2e6,446,0xb760c246db7eee48169c729d0394a7773be6a376,54304.168294,54304.168294,0.0,1,0,1709088347
2024-02-22,0x7f670f78b17dec44d5ef68a48740b6f8849cc2e6,464,0xec3878066f14315e5d1771a9ca07d887d6ea8fd9,0.0,0.0,194841.08608,0,1,1709109395
2024-02-22,0x7f670f78b17dec44d5ef68a48740b6f8849cc2e6,498,0x3213886983eec823a78fb194dbd4fac92b4e5741,33887.33855,33887.33855,0.0,1,0,1708599979
2024-02-22,0x7f670f78b17dec44d5ef68a48740b6f8849cc2e6,499,0xbec85812e620b56525681312b12efce711a58135,55072.941899,55072.941899,54873.947031,1,1,1708564623
2024-02-22,0x7f670f78b17dec44d5ef68a48740b6f8849cc2e6,538,0x49fd1607a0b93334f090ebaf42c72babb38a0f76,0.0,0.0,42626.45434,0,1,1708867627
2024-02-22,0x7f670f78b17dec44d5ef68a48740b6f8849cc2e6,592,0x133d20c739f76236eebace7bf5bfa751bff15a9f,0.0,0.0,37975.450268,0,1,1708867523
2024-02-22,0x7f670f78b17dec44d5ef68a48740b6f8849cc2e6,649,0x3838433f63f4d4a24260f2485aacf5894ba7bc93,0.0,0.0,8066.434587,0,1,1709161143
2024-02-22,0x7f670f78b17dec44d5ef68a48740b6f8849cc2e6,658,0x7f64219e48e349295a580bca164434ea5d1e8433,0.0,0.0,71852.862419,0,1,1709161151
2024-02-22,0x7f670f78b17dec44d5ef68a48740b6f8849cc2e6,680,0x2328ecc367a913bf013533bbf9f0bf5aa8deb363,0.0,0.0,45286.120106,0,1,1709161037
2024-02-22,0x7f670f78b17dec44d5ef68a48740b6f8849cc2e6,699,0x12c55d1a8441226412002cc82c81f0933326e8cf,28084.569278,28084.569278,27701.753565,1,1,1708876649
2024-02-22,0x7f670f78b17dec44d5ef68a48740b6f8849cc2e6,760,0xdbab0b75921e3008fd0bb621a8248d969d2d2f0d,24803.343003,24803.343003,0.0,1,0,1708741359
2024-02-22,0x7f670f78b17dec44d5ef68a48740b6f8849cc2e6,794,0xd48b17b111579360d1465ccc470144967505c053,23439.526773,23439.526773,0.0,1,0,1709160061
2024-02-22,0x7f670f78b17dec44d5ef68a48740b6f8849cc2e6,816,0xe96f4e42719542b3f9556eef6ada7b819f0ac793,0.0,0.0,23052.762734,0,1,1709160931
2024-02-22,0x7f670f78b17dec44d5ef68a48740b6f8849cc2e6,870,0xf2829fc923b6fd040ead55d3f973f2953e86d13e,0.0,0.0,9514.251683,0,1,1709156159
2024-02-22,0x7f670f78b17dec44d5ef68a48740b6f8849cc2e6,879,0x34ff77a853a14579d2120ac08c5e342cee08ad71,0.0,0.0,4708.870529,0,1,1709160485
2024-02-22,0x7f670f78b17dec44d5ef68a48740b6f8849cc2e6,989,0xe53f4d44c45dbc16a20ab64f8a8b4404ddbbefec,0.0,0.0,28714.846592,0,1,1709160721
2024-02-22,0x7f670f78b17dec44d5ef68a48740b6f8849cc2e6,1001,0xbcbeac56eef250e8a4859be46c6cbfd93aae5d2f,17302.48407,17302.48407,0.0,1,0,1709090249
2024-02-22,0x7f670f78b17dec44d5ef68a48740b6f8849cc2e6,1006,0x806388e04b7583a0148451a8ecd29a748b8fd584,3806.602492,3806.602492,0.0,1,0,1708994071
2024-02-22,0x7f670f78b17dec44d5ef68a48740b6f8849cc2e6,1081,0x41647a74673c90f4a13884bee4f8a89034fb85e8,13116.978409,13116.978409,0.0,1,0,1709068995
2024-02-22,0x7f670f78b17dec44d5ef68a48740b6f8849cc2e6,1129,0x56e08babb8bf928bd8571d2a2a78235ae57ae5bd,3529.399334,3529.399334,3504.841431,1,1,1709155321
2024-02-22,0x7f670f78b17dec44d5ef68a48740b6f8849cc2e6,1136,0xec99bbb6137a80c959db44fdcda5d0ace324e7ce,0.0,0.0,14415.40602,0,1,1709155857
2024-02-22,0x7f670f78b17dec44d5ef68a48740b6f8849cc2e6,1139,0x742b6de8cb16327b68c83e1d6433174db89fd2e0,2644.802208,2644.802208,0.0,1,0,1709160663
2024-02-22,0x7f670f78b17dec44d5ef68a48740b6f8849cc2e6,1155,0x8caaf4cb80ba7cbbbb324066bd03eae3fc98f813,3924.1375,3924.1375,3897.371158,1,1,1709066991
2024-02-22,0x7f670f78b17dec44d5ef68a48740b6f8849cc2e6,1156,0xf2ff2bc69fb16674d0cc58bcdd7f674db576bc77,14620.925288,14620.925288,0.0,1,0,1709125217
2024-02-22,0x7f670f78b17dec44d5ef68a48740b6f8849cc2e6,1157,0x118b85d62a78bcdebd619f75a3bb1fafcf411315,16669.044936,16669.044936,0.0,1,0,1708867829
2024-02-22,0x7f670f78b17dec44d5ef68a48740b6f8849cc2e6,1181,0x7ec7b375834ef33a1a677503d5065651ee530975,5711.772387,5711.772387,3769.769775,1,1,1708798935
2024-02-22,0x7f670f78b17dec44d5ef68a48740b6f8849cc2e6,1239,0xcfb10af967e3fdfe8f23ff15487f0e2496a93915,15535.860187,15535.860187,0.0,1,0,1708764415
2024-02-22,0x7f670f78b17dec44d5ef68a48740b6f8849cc2e6,1364,0xc62f2483eed109d42c78147ea618d858578103d8,0.0,9903.675527,19780.834735,1,2,1709082825
2024-02-22,0x7f670f78b17dec44d5ef68a48740b6f8849cc2e6,1379,0xc6537969b03cbc712a2d9ec4d89917c4a310591f,8655.193934,8655.193934,0.0,1,0,1708960157
2024-02-22,0x7f670f78b17dec44d5ef68a48740b6f8849cc2e6,1692,0xd1cbf265fcdcafba2e406a17ddd3d178bc7b6803,3579.227552,3579.227552,1798.277001,1,1,1708582537
2024-02-22,0x7f670f78b17dec44d5ef68a48740b6f8849cc2e6,1696,0x915c4580dffd112db25a6cf06c76cdd9009637b7,5934.976913,5934.976913,5934.976913,1,1,1708609915
2024-02-22,0x7f670f78b17dec44d5ef68a48740b6f8849cc2e6,1740,0x5be66fe7e6bfffa5af7d9f9a3b49ae7c50ca54df,6098.030886,6098.030886,6041.687804,1,1,1708617677
2024-02-22,0x7f670f78b17dec44d5ef68a48740b6f8849cc2e6,1746,0xa4f0b6899ca568df1595a3d12054499e5e1c9faf,5581.983853,5581.983853,0.0,1,0,1708745873
2024-02-22,0x7f670f78b17dec44d5ef68a48740b6f8849cc2e6,1751,0xe1e2a52a21226ba37f28ba6cdf59f20156798f94,5423.579909,5423.579909,0.0,1,0,1709023213
2024-02-22,0x7f670f78b17dec44d5ef68a48740b6f8849cc2e6,1763,0x699a7499d316a80f392e32f616a68db2d899c48b,5146.847702,5146.847702,0.0,1,0,1709062333
2024-02-22,0x7f670f78b17dec44d5ef68a48740b6f8849cc2e6,1800,0x3d78ace36ab76eae6dbfda33e2835873bccc095d,5096.90646,5096.90646,0.0,1,0,1709048271
2024-02-22,0x7f670f78b17dec44d5ef68a48740b6f8849cc2e6,1893,0xa9ec08edd196b91bc9177420137804be1d6efda0,4621.578562,4621.578562,0.0,1,0,1709042775
2024-02-22,0x7f670f78b17dec44d5ef68a48740b6f8849cc2e6,2028,0xca681f8652250aef6b62a30b8156539aa13fea03,4180.274549,4180.274549,0.0,1,0,1708646305
2024-02-22,0x7f670f78b17dec44d5ef68a48740b6f8849cc2e6,2063,0x8bfa2e0789f3f4d1ef2bdc86c5c7ea3885c1f2b9,4182.421122,4182.421122,0.0,1,0,1708592349
2024-02-22,0x7f670f78b17dec44d5ef68a48740b6f8849cc2e6,2281,0x1d884c7d4132bb1d75bfd228ce9447d82527a217,3979.792754,3979.792754,3972.535364,1,1,1708657259
2024-02-22,0x7f670f78b17dec44d5ef68a48740b6f8849cc2e6,2475,0x9bc86996822381b9dc51d367a6bf088d397d9f68,1379.215077,1379.215077,1314.481921,1,1,1709139465
2024-02-22,0x7f670f78b17dec44d5ef68a48740b6f8849cc2e6,2574,0x09cc15dda77789d42c0133c909e88fb6e3af793a,3178.289968,3178.289968,3178.289968,1,1,1709047047
2024-02-22,0x7f670f78b17dec44d5ef68a48740b6f8849cc2e6,2615,0x7d9f4a3ab2568f61c9087a8b5506dfcd5e8fea49,3404.372703,3404.372703,0.0,1,0,1708567631
2024-02-22,0x7f670f78b17dec44d5ef68a48740b6f8849cc2e6,2674,0x8298ca68dd147f42d2b355d320da71561defcd21,5311.731744,5311.731744,0.0,1,0,1709003623
2024-02-22,0x7f670f78b17dec44d5ef68a48740b6f8849cc2e6,2852,0xb872e90d96cfa33ef31ff744f8beb9cfd92388b2,0.0,0.0,2325.332173,0,1,1709000031
2024-02-22,0x7f670f78b17dec44d5ef68a48740b6f8849cc2e6,2864,0x69fbaec4131cb64e9828f7e6fdb7e31fa4a9e230,2249.093389,2249.093389,0.0,1,0,1709062063
2024-02-22,0x7f670f78b17dec44d5ef68a48740b6f8849cc2e6,2941,0xfe3a593fb8a90185a8e31edc8eb02e7d889d52f0,4194.144464,4194.144464,0.0,1,0,1708828763
2024-02-22,0x7f670f78b17dec44d5ef68a48740b6f8849cc2e6,3015,0x69856bd74e1b1a6cb8745c577b8688d5b6661aab,0.0,0.0,1918.10654,0,1,1709077475
2024-02-22,0x7f670f78b17dec44d5ef68a48740b6f8849cc2e6,3056,0xa4c63a2e8d0556ddb36c6544625284c663642387,1897.463007,1897.463007,1897.463007,1,1,1709131619
2024-02-22,0x7f670f78b17dec44d5ef68a48740b6f8849cc2e6,3072,0x6eabe04636a21156a56bb3ce4096ce49dbc280ed,460.681133,460.681133,460.681133,1,1,1708829481
2024-02-22,0x7f670f78b17dec44d5ef68a48740b6f8849cc2e6,3087,0xa3ad5cfb4ff4b68e37a338da200ba441c1850b5b,1841.667839,1841.667839,0.0,1,0,1709016187
2024-02-22,0x7f670f78b17dec44d5ef68a48740b6f8849cc2e6,3150,0x5259e022cd88761eabf328f29aab25a123112c8a,0.0,0.0,6148.350853,0,1,1709140519
2024-02-22,0x7f670f78b17dec44d5ef68a48740b6f8849cc2e6,3225,0x0b016476072f7d7d5c4e03bdf84511f80e12cb5e,2488.694633,2488.694633,0.0,1,0,1709018945
2024-02-22,0x7f670f78b17dec44d5ef68a48740b6f8849cc2e6,3513,0x53fda7631d93c94a80e24f87dc479045b56a1120,1288.322059,1288.322059,0.0,1,0,1709044473
2024-02-22,0x7f670f78b17dec44d5ef68a48740b6f8849cc2e6,3561,0xfb60594e45cfb9a5e823fd991cbd2caca82a1e77,3400.530924,3400.530924,2933.464679,1,1,1708621331
2024-02-22,0x7f670f78b17dec44d5ef68a48740b6f8849cc2e6,3590,0x9b32e12d0678628aee378dbdf92f7f66f3f4df80,1195.553517,1195.553517,1189.162068,1,1,1708699653
2024-02-22,0x7f670f78b17dec44d5ef68a48740b6f8849cc2e6,3871,0x460145d20d34679006962c14b4a057286c9c6aba,931.591134,931.591134,931.591134,1,1,1708938143
2024-02-22,0x7f670f78b17dec44d5ef68a48740b6f8849cc2e6,3949,0x4e9f06bad29b7dd3b7de1929c8fb9ae939d0fe29,0.0,0.0,928.190488,0,1,1708956165
2024-02-22,0x7f670f78b17dec44d5ef68a48740b6f8849cc2e6,3968,0x7131f2b82ece9f6caf2eb5e44e962d59d66af3d1,854.284189,854.284189,0.0,1,0,1709073249
2024-02-22,0x7f670f78b17dec44d5ef68a48740b6f8849cc2e6,4272,0x137d0a214c0a24962fd0ad046994d4ac385e6800,20163.015908,20163.015908,20000.488751,1,1,1708766059
2024-02-22,0x7f670f78b17dec44d5ef68a48740b6f8849cc2e6,4543,0x34881750ae416787303f780dc692d118d3962a61,0.0,0.0,507.83164,0,1,1709061735
2024-02-22,0x7f670f78b17dec44d5ef68a48740b6f8849cc2e6,4659,0x7a7acf2241c2b388b6b7eb8bba78f615f6f773b2,481.624364,481.624364,470.207593,1,1,1708939531
2024-02-22,0x7f670f78b17dec44d5ef68a48740b6f8849cc2e6,4743,0x87751ed036c0c5048c42d3a637163a932da0ff30,790.955109,790.955109,785.393813,1,1,1708629427
2024-02-22,0x7f670f78b17dec44d5ef68a48740b6f8849cc2e6,4796,0xc7f91d9f1a2609c89d600bacf38a21f09e77ddd8,697.906252,697.906252,0.0,1,0,1708840813
2024-02-22,0x7f670f78b17dec44d5ef68a48740b6f8849cc2e6,4924,0xa252bd92293b0eb9beb1c2cf72f794f8a3a54348,570.255216,570.255216,570.255216,1,1,1709074803
2024-02-22,0x7f670f78b17dec44d5ef68a48740b6f8849cc2e6,4936,0x77e395ccb0f042083f389404f3459dad40b6d552,1198.010323,1198.010323,78.896374,1,1,1709146525
2024-02-22,0x7f670f78b17dec44d5ef68a48740b6f8849cc2e6,5414,0x78b155d7bc284a887f09e028a360a36cc4c4d4c8,385.011379,385.011379,0.0,1,0,1709036367
2024-02-22,0x7f670f78b17dec44d5ef68a48740b6f8849cc2e6,5561,0xd06a36699e8755bd2c8f81cec9309d3e3a98d004,378.669489,378.669489,0.0,1,0,1709137389
2024-02-22,0x7f670f78b17dec44d5ef68a48740b6f8849cc2e6,5674,0xa8621894ca5ab12391c3b387cb2a238a93e238a3,1669.749741,1669.749741,1666.704852,1,1,1708598961
2024-02-22,0x7f670f78b17dec44d5ef68a48740b6f8849cc2e6,5755,0x4e6ff0ecb647bb5c49ba5be891fde2d482fa9d03,182.129387,182.129387,182.129387,1,1,1708777037
2024-02-22,0x7f670f78b17dec44d5ef68a48740b6f8849cc2e6,5968,0xb3d09dfaa88872d2a972726fe9125b3b4a2d4fca,365.025667,365.025667,0.0,1,0,1708799305
2024-02-22,0x7f670f78b17dec44d5ef68a48740b6f8849cc2e6,6332,0xcf587e6c2530e353971c2a3ea0f12543680e6d04,352.419854,352.419854,352.419854,1,1,1708589295
2024-02-22,0x7f670f78b17dec44d5ef68a48740b6f8849cc2e6,6409,0xe9f3013f9dc7e7de64d712886e04d419c74399b4,0.0,0.0,348.088205,0,1,1708613543
2024-02-22,0x7f670f78b17dec44d5ef68a48740b6f8849cc2e6,6518,0x5da68351bd082abda73e42ac981db51d9364fe69,279.981043,279.981043,279.981043,1,1,1708620155
2024-02-22,0x7f670f78b17dec44d5ef68a48740b6f8849cc2e6,6683,0x9d3c53321cfa9d08660ad32e09c7ef2625b16e67,0.0,1184.355713,2189.793919,1,2,1709149535
2024-02-22,0x7f670f78b17dec44d5ef68a48740b6f8849cc2e6,6777,0xee6c29d19ac7f94a2d100a9a6bac8491d1c5bad8,1151.439293,1151.439293,1164.706667,1,1,1708696399
2024-02-22,0x7f670f78b17dec44d5ef68a48740b6f8849cc2e6,6808,0x8aa98470de4bf6a85f13393ae1169a5e625a4e6d,948.800777,948.800777,0.0,1,0,1708896773
2024-02-22,0x7f670f78b17dec44d5ef68a48740b6f8849cc2e6,7121,0x011b0a055e02425461a1ae95b30f483c4ff05be7,0.0,0.0,170868.470177,0,1,1709155407
2024-02-22,0x7f670f78b17dec44d5ef68a48740b6f8849cc2e6,7122,0x011b0a055e02425461a1ae95b30f483c4ff05be7,0.0,0.0,49173.223164,0,1,1709155433
2024-02-22,0x7f670f78b17dec44d5ef68a48740b6f8849cc2e6,7265,0xd7a93a650ba0c438b43c633d9faa864a58409d27,1716.57527,1716.57527,1713.444993,1,1,1709085239
2024-02-22,0x7f670f78b17dec44d5ef68a48740b6f8849cc2e6,7266,0x194453ebfaf52dc98c0ce902196b99f95271e470,1040.143252,1040.143252,1038.246489,1,1,1709085305
2024-02-22,0x7f670f78b17dec44d5ef68a48740b6f8849cc2e6,7790,0xa549ec374604de3877fe2751a39b1f5d7782a5c4,240.960538,240.960538,243.662359,1,1,1708656477
2024-02-22,0x7f670f78b17dec44d5ef68a48740b6f8849cc2e6,8665,0x7cb6329ef5a332e8687888d604b03cf9afefc944,1690.874316,1690.874316,1702.428483,1,1,1708816237
2024-02-22,0x7f670f78b17dec44d5ef68a48740b6f8849cc2e6,9075,0xfb0f37c0456d60eded9b64442dfb0c4847cdd06a,0.0,0.0,2486.088678,0,1,1709155069
2024-02-22,0x7f670f78b17dec44d5ef68a48740b6f8849cc2e6,9324,0x166c794d890dd91bbe71f304eca660e1c4892cbb,50389.863479,50389.863479,0.0,1,0,1709159461
2024-02-22,0x7f670f78b17dec44d5ef68a48740b6f8849cc2e6,9372,0x6a2064a87f83aee30a9331c680763ed7d473ae23,160913.755612,160913.755612,0.0,1,0,1709107035
2024-02-22,0x7f670f78b17dec44d5ef68a48740b6f8849cc2e6,9670,0x137d0a214c0a24962fd0ad046994d4ac385e6800,1662.155498,1662.155498,0.0,1,0,1708766085
2024-02-22,0x7f670f78b17dec44d5ef68a48740b6f8849cc2e6,9707,0x60034a6d90f54d3bbc3188033fd08b1a146802ba,1282.134378,1282.134378,1282.134378,1,1,1709124693
2024-02-22,0x7f670f78b17dec44d5ef68a48740b6f8849cc2e6,9792,0x066bb7c61b4bbe60e08d985a939e51636a6d1f7e,0.0,0.0,1255.062691,0,1,1709099641
2024-02-22,0x7f670f78b17dec44d5ef68a48740b6f8849cc2e6,9946,0x1151ce76cca782a19f751925ef383ed744533663,15991.011264,15991.011264,0.0,1,0,1708571595
2024-02-22,0x7f670f78b17dec44d5ef68a48740b6f8849cc2e6,10017,0xa4f0b6899ca568df1595a3d12054499e5e1c9faf,1954.482595,1954.482595,0.0,1,0,1708745899
2024-02-22,0x7f670f78b17dec44d5ef68a48740b6f8849cc2e6,10026,0x6613a1521394c2f17c7d705e48279e44c2a01936,0.0,0.0,2660.774606,0,1,1708567593
2024-02-22,0x7f670f78b17dec44d5ef68a48740b6f8849cc2e6,10065,0xfb176697fe881af351fa450d85e730018bc36f68,30887.941733,30887.941733,31246.65544,1,1,1708693985
2024-02-22,0x7f670f78b17dec44d5ef68a48740b6f8849cc2e6,10080,0x80b9f11600a39f3a4165468614b0e2b0365cc1d4,0.0,0.0,80.685148,0,1,1709087197
2024-02-22,0x7f670f78b17dec44d5ef68a48740b6f8849cc2e6,10143,0x52b9783f1f955ac10d50c7d4ab62d7f2288d6446,1724.020994,1724.020994,1724.021953,1,1,1709160499
2024-02-22,0x7f670f78b17dec44d5ef68a48740b6f8849cc2e6,10202,0xf400d4ec106728f6a5221871f9b406cadcf10841,11517.725637,18297.550301,6779.824664,2,1,1709124199
2024-02-22,0x7f670f78b17dec44d5ef68a48740b6f8849cc2e6,10204,0xf27d0aa1f3cc565d902870673ebae7233e5f38e7,1178.440647,1872.106676,693.666029,2,1,1709125481
2024-02-22,0x7f670f78b17dec44d5ef68a48740b6f8849cc2e6,10245,0x344394dfd3edfcd45b7fe8dee12d7594b06834c8,0.0,0.0,4962.71416,0,1,1709016379
2024-02-22,0x7f670f78b17dec44d5ef68a48740b6f8849cc2e6,10246,0xa8ff68390aef9fa3723f83a15013d2adccdfc4c9,0.0,0.0,5000.0,0,1,1709018217
2024-02-22,0x7f670f78b17dec44d5ef68a48740b6f8849cc2e6,10249,0x02abf89e177bd2fb8dd44af7dd3d1cec373b1ae8,0.0,0.0,4986.462733,0,1,1709050463
2024-02-22,0x7f670f78b17dec44d5ef68a48740b6f8849cc2e6,10266,0xcedfc2d951ab3d0786764d17511dcaad14aed03a,0.0,0.0,4986.464319,0,1,1709055407
2024-02-22,0x7f670f78b17dec44d5ef68a48740b6f8849cc2e6,10267,0xefe75b12b1851ae43abc6e74d666227ecd9b3b60,0.0,0.0,4986.456312,0,1,1709052975
2024-02-22,0x7f670f78b17dec44d5ef68a48740b6f8849cc2e6,10268,0xda1880ab996a93ec062525ae7f210ffd2c71064e,0.0,0.0,4986.445689,0,1,1709059159
2024-02-22,0x7f670f78b17dec44d5ef68a48740b6f8849cc2e6,10295,0xc875b3dae5b0c371bc8cf9ded64868b78ac47587,114119.172487,114119.172487,0.0,1,0,1709162281
2024-02-22,0x7f670f78b17dec44d5ef68a48740b6f8849cc2e6,10296,0x03c70563e94de5de56c11a0cc4ce3482f592854f,298077.116703,298077.116703,0.0,1,0,1709162329
2024-02-22,0x7f670f78b17dec44d5ef68a48740b6f8849cc2e6,10298,0xc9814f18a8751214f719de15c54d01b3d78ef14f,103110.216157,103110.216157,0.0,1,0,1709162249
2024-02-22,0x7f670f78b17dec44d5ef68a48740b6f8849cc2e6,10311,0x7c2a135398243354256dd5ee58a9301df4a638f7,978.839201,978.839201,700.931937,1,1,1709125545
2024-02-22,0x7f670f78b17dec44d5ef68a48740b6f8849cc2e6,10348,0xe3478483a9a7ecd8cdde248ea43b48197b19e09e,0.0,0.0,0.097391,0,1,1708928261
2024-02-22,0x7f670f78b17dec44d5ef68a48740b6f8849cc2e6,10379,0x7c2a79124cf65fe7f671f421d767c8d2ab7cd7e1,2476.525578,2476.525578,0.0,1,0,1708574459
2024-02-22,0x7f670f78b17dec44d5ef68a48740b6f8849cc2e6,10401,0x4761214935e9eaa77b612af141c1403af54601d9,46621.684826,46621.684826,0.0,1,0,1709123527
2024-02-22,0x7f670f78b17dec44d5ef68a48740b6f8849cc2e6,10411,0xce78913e2a6fe2809dc70c83f5c1323a0924c777,3626.569473,3626.569473,2789.354881,1,1,1709124363
2024-02-22,0x7f670f78b17dec44d5ef68a48740b6f8849cc2e6,10412,0x8535bfed7459bbcd354f8c70d54281a249c23be7,5933.873969,5933.873969,4511.552228,1,1,1709123769
2024-02-22,0x7f670f78b17dec44d5ef68a48740b6f8849cc2e6,10415,0xfb0f37c0456d60eded9b64442dfb0c4847cdd06a,101.619556,101.619556,0.0,1,0,1709155877
2024-02-22,0x7f670f78b17dec44d5ef68a48740b6f8849cc2e6,10484,0xa578ff8aa0ab82955c3ef29b3a6338f2bf7cbde0,2944.0,2944.0,0.0,1,0,1709123341
2024-02-22,0x7f670f78b17dec44d5ef68a48740b6f8849cc2e6,10527,0xf400d4ec106728f6a5221871f9b406cadcf10841,1196.0,1196.0,0.0,1,0,1709124157
2024-02-22,0x7f670f78b17dec44d5ef68a48740b6f8849cc2e6,10609,0x75da3386d4de9fdcdc29ebc2f92e466865197ee5,138.902225,277.804649,258.709174,2,2,1709024563
2024-02-22,0x7f670f78b17dec44d5ef68a48740b6f8849cc2e6,10796,0xb71ba81a183b2f956c9820729642063d64780b93,28728.106291,28728.106291,0.0,1,0,1709103651
2024-02-22,0x7f670f78b17dec44d5ef68a48740b6f8849cc2e6,10822,0x5639f71adf505969b408f6453b9c5fcc7439a5c0,15365.461835,15365.461835,11883.091787,1,1,1709124625
2024-02-22,0x7f670f78b17dec44d5ef68a48740b6f8849cc2e6,10842,0xa4f0b6899ca568df1595a3d12054499e5e1c9faf,1812.401188,1812.401188,0.0,1,0,1708745921
2024-02-22,0x7f670f78b17dec44d5ef68a48740b6f8849cc2e6,10903,0x37d893705acea43cdeb3423de8e66464fb295daa,612.709035,612.709035,629.43343,1,1,1709055961
2024-02-22,0x7f670f78b17dec44d5ef68a48740b6f8849cc2e6,10919,0x1cf8da0110f4cb8924aa4eba7ef3a04430897c05,306.336134,306.336134,0.0,1,0,1709160809
2024-02-22,0x7f670f78b17dec44d5ef68a48740b6f8849cc2e6,10948,0x4706cf76b3860c706ec00db15b076e4d213669e7,1560.95823,1560.95823,1615.241829,1,1,1709066781
2024-02-22,0x7f670f78b17dec44d5ef68a48740b6f8849cc2e6,10972,0xc8160b24922664d9b3cf7f0acbc149dc33917d15,0.0,0.0,988.858761,0,1,1709059633
2024-02-22,0x7f670f78b17dec44d5ef68a48740b6f8849cc2e6,11010,0xcebb1a92d2356c71e4fba16059e241f02f270e68,12794.065223,12794.065223,0.0,1,0,1708766441
2024-02-22,0x7f670f78b17dec44d5ef68a48740b6f8849cc2e6,11011,0xcebb1a92d2356c71e4fba16059e241f02f270e68,5033.005491,5033.005491,4149.554874,1,1,1708766449
2024-02-22,0x7f670f78b17dec44d5ef68a48740b6f8849cc2e6,11025,0x7c7636913a70e447288843e395dc3d1f5008a074,1929.261051,1929.261051,1938.871559,1,1,1709047247
2024-02-22,0x7f670f78b17dec44d5ef68a48740b6f8849cc2e6,11026,0x7c7636913a70e447288843e395dc3d1f5008a074,3387.32961,3387.32961,3473.9494,1,1,1709047283
2024-02-22,0x7f670f78b17dec44d5ef68a48740b6f8849cc2e6,11154,0xfe6f04161ee19801efd6db1f9e692984e234d99e,9701.287912,9701.287912,9763.812633,1,1,1708953483
2024-02-22,0x7f670f78b17dec44d5ef68a48740b6f8849cc2e6,11200,0x8b394ebde92e96f4922893202760ca9ab776b133,1106.260272,1106.260272,1106.989701,1,1,1708634119
2024-02-22,0x7f670f78b17dec44d5ef68a48740b6f8849cc2e6,11213,0x0ba892e34ea9f88ee54928f4f5f4d41f79c705b1,835.0,835.0,0.0,1,0,1709112575
2024-02-22,0x7f670f78b17dec44d5ef68a48740b6f8849cc2e6,11268,0xa611620d9079195043b6bde2fd752230a5094ed9,13395.061343,13395.061343,0.0,1,0,1708922625
2024-02-22,0x7f670f78b17dec44d5ef68a48740b6f8849cc2e6,11278,0x5d4f22f6d43828eda31f8b4c73d9567c173a3fff,99884.101201,99884.101201,0.0,1,0,1708654141
2024-02-22,0x7f670f78b17dec44d5ef68a48740b6f8849cc2e6,11281,0x5639f71adf505969b408f6453b9c5fcc7439a5c0,2088.0,2088.0,0.0,1,0,1709124649
2024-02-22,0x7f670f78b17dec44d5ef68a48740b6f8849cc2e6,11308,0xb71ba81a183b2f956c9820729642063d64780b93,4623.115747,4623.115747,0.0,1,0,1709103699
2024-02-22,0x7f670f78b17dec44d5ef68a48740b6f8849cc2e6,11344,0x4761214935e9eaa77b612af141c1403af54601d9,6160.0,6160.0,0.0,1,0,1709123557
2024-02-22,0x7f670f78b17dec44d5ef68a48740b6f8849cc2e6,11370,0xeab3e731b301144d2431e364731626e71c87f43c,48020.667028,48020.667028,0.0,1,0,1708925131
2024-02-22,0x7f670f78b17dec44d5ef68a48740b6f8849cc2e6,11388,0x3d82bd97b25c76f629fd9bc8958fed1689837893,31360.061931,31360.061931,0.0,1,0,1709124781
2024-02-22,0x7f670f78b17dec44d5ef68a48740b6f8849cc2e6,11389,0x2b6bbd823b2453f05521a554ba3fedfdda4b5593,21982.76882,21982.76882,0.0,1,0,1709124933
2024-02-22,0x7f670f78b17dec44d5ef68a48740b6f8849cc2e6,11390,0xaff2aae053e32647f257b0d0d9c6d14af6bd14a1,21662.924612,21662.924612,0.0,1,0,1709123211
2024-02-22,0x7f670f78b17dec44d5ef68a48740b6f8849cc2e6,11486,0x2df1d109652fe1913b405e2b662f04df7eef75d5,3529.858369,3529.858369,0.0,1,0,1708750849
2024-02-22,0x7f670f78b17dec44d5ef68a48740b6f8849cc2e6,11654,0x6c168e4fdc09b0008d95cb1e72f0c75ab93aa858,4.157572,4.157572,0.0,1,0,1708568831
2024-02-22,0x7f670f78b17dec44d5ef68a48740b6f8849cc2e6,11732,0xa4f0b6899ca568df1595a3d12054499e5e1c9faf,1647.508833,1647.508833,0.0,1,0,1708745945
2024-02-22,0x7f670f78b17dec44d5ef68a48740b6f8849cc2e6,11816,0x04490dc0f52a97ef2d6ea0c4d9edbcde8c8546cc,9577.244822,9577.244822,0.0,1,0,1708574889
2024-02-22,0x7f670f78b17dec44d5ef68a48740b6f8849cc2e6,11911,0xf05454c3d16090b652cf5389c9ee520cec477e5e,494.047275,494.047275,0.0,1,0,1709111401
2024-02-22,0x7f670f78b17dec44d5ef68a48740b6f8849cc2e6,12073,0x2b6bbd823b2453f05521a554ba3fedfdda4b5593,2236.0,2236.0,0.0,1,0,1709124945
2024-02-22,0x7f670f78b17dec44d5ef68a48740b6f8849cc2e6,12075,0xaff2aae053e32647f257b0d0d9c6d14af6bd14a1,2236.0,2236.0,0.0,1,0,1709125309
2024-02-22,0x7f670f78b17dec44d5ef68a48740b6f8849cc2e6,12096,0x3d82bd97b25c76f629fd9bc8958fed1689837893,3096.0,3096.0,0.0,1,0,1709124795
2024-02-22,0x7f670f78b17dec44d5ef68a48740b6f8849cc2e6,12201,0x5acec9f0830d5654764b09692cbfd2f52a32505f,2.291985,2.291985,0.0,1,0,1708692799
2024-02-22,0x7f670f78b17dec44d5ef68a48740b6f8849cc2e6,12205,0xdf0eb1e4480e9aa00f7c16994ecf0dedde17c024,67.918325,67.918325,0.0,1,0,1708704009
2024-02-22,0x7f670f78b17dec44d5ef68a48740b6f8849cc2e6,12224,0x40e5383a4439f9e896e090f18de98b399467d128,0.948183,0.948183,0.0,1,0,1708761229
2024-02-22,0x7f670f78b17dec44d5ef68a48740b6f8849cc2e6,12226,0x2fcfcf3d30851533d4c13b35646a73b2d4c5b990,1.725544,1.725544,0.0,1,0,1708762027
2024-02-22,0x7f670f78b17dec44d5ef68a48740b6f8849cc2e6,12283,0x6e307c83560f51c63b53f79dce4c3122b748e4f6,1.835164,1.835164,0.0,1,0,1708894643
2024-02-22,0x7f670f78b17dec44d5ef68a48740b6f8849cc2e6,12303,0x0b0811d3d8342063db74b45a4344cdbee6389bdb,1.003516,1.003516,0.0,1,0,1708967531
2024-02-22,0x7f670f78b17dec44d5ef68a48740b6f8849cc2e6,12328,0x142877b1f8fe45e039d5ffeb2faf5975fb01bfd9,13.90838,13.90838,0.0,1,0,1709017729
2024-02-22,0x7f670f78b17dec44d5ef68a48740b6f8849cc2e6,12329,0xd23ebd6c8405ac00f1bdc42a50878ac90fd6a687,3.506784,3.506784,0.0,1,0,1709018601
2024-02-22,0x7f670f78b17dec44d5ef68a48740b6f8849cc2e6,12377,0x4bfc229a40d41698154336aff864f61083e76659,0.452458,0.452458,0.0,1,0,1709089047
2024-02-22,0x7f670f78b17dec44d5ef68a48740b6f8849cc2e6,12387,0x5e9d5e9708e795676de79eca0f2a85e7c22ef1a0,2731.698464,5463.41069,2731.712226,2,1,1709118509
2024-02-22,0x7f670f78b17dec44d5ef68a48740b6f8849cc2e6,12393,0x1af88f5f269c642b3609c7e20f7b69a5c0feee07,12427.83603,12427.83603,0.0,1,0,1709130217
2024-02-22,0x82a0c1a0d4ef0c0ca3cfda3ad1aa78309cc6139b,21,0x4444aaaacdba5580282365e25b16309bd770ce4a,406956.744279,406956.744279,0.0,1,0,1709149223
2024-02-22,0x82a0c1a0d4ef0c0ca3cfda3ad1aa78309cc6139b,23,0xc01a1cd505e6afcd3ced2ee1bac67890497f6654,0.0,0.0,195217.89139,0,1,1709135969
2024-02-22,0x82a0c1a0d4ef0c0ca3cfda3ad1aa78309cc6139b,43,0x2ddb405238368695f34d30a80ab60c449aa5ce48,61849.396813,61849.396813,0.0,1,0,1709151115
2024-02-22,0x82a0c1a0d4ef0c0ca3cfda3ad1aa78309cc6139b,47,0x011b0a055e02425461a1ae95b30f483c4ff05be7,227009.18528,227009.18528,271781.364134,1,1,1709155381
2024-02-22,0x82a0c1a0d4ef0c0ca3cfda3ad1aa78309cc6139b,48,0x12478d1a60a910c9cbffb90648766a2bdd5918f5,3088439.221947,3088439.221947,1128584.922003,1,1,1709160293
2024-02-22,0x82a0c1a0d4ef0c0ca3cfda3ad1aa78309cc6139b,51,0x0f228805c03a693aa964a791e0b2e2c6e6c6513f,588872.13483,588872.13483,440848.718474,1,1,1709156125
2024-02-22,0x82a0c1a0d4ef0c0ca3cfda3ad1aa78309cc6139b,52,0x28878aec6b4209d90a40890183e3322f0ae5b2e2,0.0,0.0,275194.174672,0,1,1709154645
2024-02-22,0x82a0c1a0d4ef0c0ca3cfda3ad1aa78309cc6139b,55,0x285fed35cbea271a711681e84ffd83c68a596a75,113985.014632,113985.014632,113985.014632,1,1,1709158581
2024-02-22,0x82a0c1a0d4ef0c0ca3cfda3ad1aa78309cc6139b,77,0xeb6772188cf10aa563a1cd163f48355d1a949797,0.0,0.0,218460.233588,0,1,1709160893
2024-02-22,0x82a0c1a0d4ef0c0ca3cfda3ad1aa78309cc6139b,91,0x423a66a3ce61eaa3bcd922c4d71b781e01d746f0,324657.580355,324657.580355,324065.547855,1,1,1709149359
2024-02-22,0x82a0c1a0d4ef0c0ca3cfda3ad1aa78309cc6139b,107,0x2023a7da081112a2e7e1f3d426d93f694ee08278,0.0,0.0,511359.869945,0,1,1709117169
2024-02-22,0x82a0c1a0d4ef0c0ca3cfda3ad1aa78309cc6139b,203,0x79cb43cf6fcf2f519da4d2ea03cefa2b51587e2f,194998.041642,194998.041642,0.0,1,0,1709160139
2024-02-22,0x82a0c1a0d4ef0c0ca3cfda3ad1aa78309cc6139b,235,0xfee6be6b5cc8cb4ee8189850a69973e774e7614e,0.0,0.0,659209.179005,0,1,1709160949
2024-02-22,0x82a0c1a0d4ef0c0ca3cfda3ad1aa78309cc6139b,238,0xb6f28ae8f31d85dc27361852b986286113bc588d,42376.011529,42376.011529,0.0,1,0,1709157047
2024-02-22,0x82a0c1a0d4ef0c0ca3cfda3ad1aa78309cc6139b,241,0xd639eee81b30d8b34d5d8cbce83f193e2ba298e4,38817.475364,38817.475364,77493.378755,1,1,1709149485
2024-02-22,0x82a0c1a0d4ef0c0ca3cfda3ad1aa78309cc6139b,251,0x73cefbf6e7766721d99192449e481567010082e2,0.0,0.0,203978.769067,0,1,1709157169
2024-02-22,0x82a0c1a0d4ef0c0ca3cfda3ad1aa78309cc6139b,274,0xc12faf701d05af1cfabdefc770c3b3c7b59eae10,137849.987308,137849.987308,68924.993654,1,1,1709146993
2024-02-22,0x82a0c1a0d4ef0c0ca3cfda3ad1aa78309cc6139b,289,0x95b05f935655c37ada2088c5767e5006f230b068,11670.164205,11670.164205,0.0,1,0,1709153629
2024-02-22,0x82a0c1a0d4ef0c0ca3cfda3ad1aa78309cc6139b,294,0x8c78d21f1ea29a3571356483da01fa0babef7f36,119274.123749,119274.123749,0.0,1,0,1709147389
2024-02-22,0x82a0c1a0d4ef0c0ca3cfda3ad1aa78309cc6139b,340,0xd9277f43bdfbbd18f5ba0adeb38f3ace2929e773,0.0,0.0,36548.486233,0,1,1709139463
2024-02-22,0x82a0c1a0d4ef0c0ca3cfda3ad1aa78309cc6139b,343,0xb1d47d39c3bb868e5e4be068b7057d4caad0b31c,88708.513388,88708.513388,44273.374056,1,1,1709160329
2024-02-22,0x82a0c1a0d4ef0c0ca3cfda3ad1aa78309cc6139b,362,0x5929cc4d10b6a1acc5bf5d221889f10251c628a1,30876.696641,30876.696641,10014.163253,1,1,1709158141
2024-02-22,0x82a0c1a0d4ef0c0ca3cfda3ad1aa78309cc6139b,405,0x2f707265e61300e8290c18e38ebcbd129fb0b0f5,0.0,0.0,154309.507724,0,1,1709131981
2024-02-22,0x82a0c1a0d4ef0c0ca3cfda3ad1aa78309cc6139b,413,0xa78d7c58d8654618874e48942c5b1a62d1477cac,0.0,0.0,79188.709901,0,1,1708567027
2024-02-22,0x82a0c1a0d4ef0c0ca3cfda3ad1aa78309cc6139b,429,0x7798ba9512b5a684c12e31518923ea4221a41fb9,0.0,0.0,67331.918118,0,1,1709160891
2024-02-22,0x82a0c1a0d4ef0c0ca3cfda3ad1aa78309cc6139b,432,0x82cd1b0faa449d0562bb32072dc1e5be9c509c1d,59323.111366,59323.111366,0.0,1,0,1709159815
2024-02-22,0x82a0c1a0d4ef0c0ca3cfda3ad1aa78309cc6139b,437,0xbae3b46e29e7cfd2bba8164765d592ce9802ec70,16855.432453,16855.432453,0.0,1,0,1709155711
2024-02-22,0x82a0c1a0d4ef0c0ca3cfda3ad1aa78309cc6139b,481,0xeef9462b7e4db80ed34a9f22db06a9cda8854569,0.0,0.0,58207.317812,0,1,1709158413
2024-02-22,0x82a0c1a0d4ef0c0ca3cfda3ad1aa78309cc6139b,493,0x771426817d8a829d3798ee07afef8889c4117c3c,49332.139186,49332.139186,0.0,1,0,1709154431
2024-02-22,0x82a0c1a0d4ef0c0ca3cfda3ad1aa78309cc6139b,507,0x0d3015631c1e642e8eb35b5a0efcea24a7685603,43945.898496,43945.898496,0.0,1,0,1709159979
2024-02-22,0x82a0c1a0d4ef0c0ca3cfda3ad1aa78309cc6139b,523,0xde93a283495fa2834047b53871a8e4e09f96d841,11947.036483,11947.036483,0.0,1,0,1709156219
2024-02-22,0x82a0c1a0d4ef0c0ca3cfda3ad1aa78309cc6139b,541,0x11bcb66a295aeba152666e511ae052609bda0a84,91624.50337,91624.50337,0.0,1,0,1709158703
2024-02-22,0x82a0c1a0d4ef0c0ca3cfda3ad1aa78309cc6139b,544,0x16b00db74167b7469dda63b674ca9a3b1b70c439,31469.834468,31469.834468,0.0,1,0,1709149301
2024-02-22,0x82a0c1a0d4ef0c0ca3cfda3ad1aa78309cc6139b,615,0xebfced2b9ca169d2ca566e1f72a75a9b6cc9291d,35788.280293,35788.280293,0.0,1,0,1709157971
2024-02-22,0x82a0c1a0d4ef0c0ca3cfda3ad1aa78309cc6139b,630,0xa248f4a3d9c1b9d08e7e2e45cf5e11296b2bf4ea,0.0,0.0,18202.697593,0,1,1709123795
2024-02-22,0x82a0c1a0d4ef0c0ca3cfda3ad1aa78309cc6139b,753,0xee57d8989170370a6f88b2f99395b81204117bf2,4019.878394,4019.878394,4012.547906,1,1,1709148759
2024-02-22,0x82a0c1a0d4ef0c0ca3cfda3ad1aa78309cc6139b,758,0x8ccfcfa7e6133e0875192974d0d857fb7a28375e,7134.577227,7134.577227,0.0,1,0,1709155745
2024-02-22,0x82a0c1a0d4ef0c0ca3cfda3ad1aa78309cc6139b,770,0x94df62c754cec7c0f90262bd4b292423282888ee,23499.864829,23499.864829,0.0,1,0,1709159043
2024-02-22,0x82a0c1a0d4ef0c0ca3cfda3ad1aa78309cc6139b,795,0xa1bf240a6b4b54b77497cd3d741f385e0f5b5199,21996.169319,21996.169319,0.0,1,0,1709159125
2024-02-22,0x82a0c1a0d4ef0c0ca3cfda3ad1aa78309cc6139b,797,0x2971e3b9ad4bacc4f7b8cdefb2a11a19f907ac3e,35135.922904,35135.922904,0.0,1,0,1709159915
2024-02-22,0x82a0c1a0d4ef0c0ca3cfda3ad1aa78309cc6139b,808,0x5f338dd3c5ba4e5368a6139b81e1c120ccb2567d,23005.52628,23005.52628,0.0,1,0,1709158609
2024-02-22,0x82a0c1a0d4ef0c0ca3cfda3ad1aa78309cc6139b,827,0xe2952771c80d9b9c77a32e47d985bb3ff4e5a93d,0.0,0.0,13857.670369,0,1,1709161197
2024-02-22,0x82a0c1a0d4ef0c0ca3cfda3ad1aa78309cc6139b,879,0x34ff77a853a14579d2120ac08c5e342cee08ad71,0.0,0.0,4708.870529,0,1,1709160485
2024-02-22,0x82a0c1a0d4ef0c0ca3cfda3ad1aa78309cc6139b,880,0x1ec9c8b70b7473dd04a82afc5930dd0a34ab3eb9,18874.637214,18874.637214,18419.373023,1,1,1709156951
2024-02-22,0x82a0c1a0d4ef0c0ca3cfda3ad1aa78309cc6139b,899,0x74a5b346f2cccf06e2127eb6680389e7d8953c80,0.0,0.0,18528.881439,0,1,1709129407
2024-02-22,0x82a0c1a0d4ef0c0ca3cfda3ad1aa78309cc6139b,909,0x283a2549b640e56901a8ced2ec5277a32cfe6425,0.0,0.0,18363.737514,0,1,1709145941
2024-02-22,0x82a0c1a0d4ef0c0ca3cfda3ad1aa78309cc6139b,921,0xa2f07232275cdf8463a5115723c9d73085a2fc17,14937.161552,14937.161552,14909.922746,1,1,1709161133
2024-02-22,0x82a0c1a0d4ef0c0ca3cfda3ad1aa78309cc6139b,922,0x6fb737d1ebb73cda6cfa36fd16d9273065d1b084,0.0,0.0,17997.933277,0,1,1709112827
2024-02-22,0x82a0c1a0d4ef0c0ca3cfda3ad1aa78309cc6139b,933,0x2067d095f4cacb434e921a2cf5b89a09dbf518a4,17125.729892,17125.729892,0.0,1,0,1709159441
2024-02-22,0x82a0c1a0d4ef0c0ca3cfda3ad1aa78309cc6139b,1001,0xbcbeac56eef250e8a4859be46c6cbfd93aae5d2f,0.0,0.0,17302.48407,0,1,1709090249
2024-02-22,0x82a0c1a0d4ef0c0ca3cfda3ad1aa78309cc6139b,1096,0x0feeb7936a806bf2006eb3d73d3552eaf4300fec,0.0,0.0,13104.251296,0,1,1709160787
2024-02-22,0x82a0c1a0d4ef0c0ca3cfda3ad1aa78309cc6139b,1110,0xfcf80133cd4e8d79ddf8125a32980398a0b074d0,12948.549873,12948.549873,0.0,1,0,1709154795
2024-02-22,0x82a0c1a0d4ef0c0ca3cfda3ad1aa78309cc6139b,1112,0x8f5e97e1e3d47a2f223a67e06de21f067b7779db,14088.418039,14088.418039,14088.418039,1,1,1709158021
2024-02-22,0x82a0c1a0d4ef0c0ca3cfda3ad1aa78309cc6139b,1129,0x56e08babb8bf928bd8571d2a2a78235ae57ae5bd,3529.399334,3529.399334,3504.841431,1,1,1709155321
2024-02-22,0x82a0c1a0d4ef0c0ca3cfda3ad1aa78309cc6139b,1136,0xec99bbb6137a80c959db44fdcda5d0ace324e7ce,14492.88523,14492.88523,0.0,1,0,1709155857
2024-02-22,0x82a0c1a0d4ef0c0ca3cfda3ad1aa78309cc6139b,1197,0x0be4eb0e89abed9f52d94f1550c22a16008cc463,0.0,0.0,4167.803284,0,1,1709160459
2024-02-22,0x82a0c1a0d4ef0c0ca3cfda3ad1aa78309cc6139b,1294,0x2cafb5b9dc0bbf8afda42b652e404bdfe998e2d9,9718.195441,9718.195441,0.0,1,0,1709155529
2024-02-22,0x82a0c1a0d4ef0c0ca3cfda3ad1aa78309cc6139b,1364,0xc62f2483eed109d42c78147ea618d858578103d8,10372.945651,10372.945651,0.0,1,0,1709151455
2024-02-22,0x82a0c1a0d4ef0c0ca3cfda3ad1aa78309cc6139b,1413,0x53e213da8c28d85dc6663c3b5e35bb0ffbb05752,3529.367233,3529.367233,0.0,1,0,1709151147
2024-02-22,0x82a0c1a0d4ef0c0ca3cfda3ad1aa78309cc6139b,1811,0x410f2959ee9c8115ca6cf0f817b14373b63b5d4c,0.0,0.0,2130.060455,0,1,1709160655
2024-02-22,0x82a0c1a0d4ef0c0ca3cfda3ad1aa78309cc6139b,1832,0x8c580556fdb1f57853e49f409ae9b89f7658e7a2,7961.071319,7961.071319,0.0,1,0,1709155759
2024-02-22,0x82a0c1a0d4ef0c0ca3cfda3ad1aa78309cc6139b,1912,0x3e516b6d229bf935f1b6bf4a0c2531ddab48cf1b,1828.014598,1828.014598,0.0,1,0,1709147655
2024-02-22,0x82a0c1a0d4ef0c0ca3cfda3ad1aa78309cc6139b,1942,0xbc8819c1821bc52b5d30d2dd52f0cb6110510005,0.0,0.0,4452.453669,0,1,1709063491
2024-02-22,0x82a0c1a0d4ef0c0ca3cfda3ad1aa78309cc6139b,2245,0x0436bfa5fe3653bdcf9053459b6f2e9ffc093306,0.0,0.0,3652.057104,0,1,1709079251
2024-02-22,0x82a0c1a0d4ef0c0ca3cfda3ad1aa78309cc6139b,2271,0xa2451e7404b3e1811dd06649dfd8f34d1c579be0,3670.669876,3670.669876,3670.669876,1,1,1709154321
2024-02-22,0x82a0c1a0d4ef0c0ca3cfda3ad1aa78309cc6139b,2312,0x3fe2e08a1f7766606574a91a5cfaf3342d023947,3609.137116,3609.137116,3602.555639,1,1,1709057645
2024-02-22,0x82a0c1a0d4ef0c0ca3cfda3ad1aa78309cc6139b,2319,0x0e80a01f8e69d535975fa34e64498651bc74247f,9490.839904,9490.839904,0.0,1,0,1709147669
2024-02-22,0x82a0c1a0d4ef0c0ca3cfda3ad1aa78309cc6139b,2397,0xba971f58a00e8ffc7e91c0e8e7efccbfbfe8f09e,130335.919256,130335.919256,0.0,1,0,1709150913
2024-02-22,0x82a0c1a0d4ef0c0ca3cfda3ad1aa78309cc6139b,2522,0xc693b4ffb338579467a541b2bf267b1955870920,0.0,0.0,810.639249,0,1,1709160781
2024-02-22,0x82a0c1a0d4ef0c0ca3cfda3ad1aa78309cc6139b,2803,0xa696d246c9fee573b7582bd9fac80ca795cf8dbd,2509.995675,2509.995675,0.0,1,0,1709159507
2024-02-22,0x82a0c1a0d4ef0c0ca3cfda3ad1aa78309cc6139b,2804,0x5e2eda615fe7360f415282abbcfcaef720207fb1,4818.96246,4818.96246,0.0,1,0,1708586735
2024-02-22,0x82a0c1a0d4ef0c0ca3cfda3ad1aa78309cc6139b,2843,0x6a8db0cbd37c515a7f4c0ed6a58ae2e72c2fed33,2321.865837,2321.865837,0.0,1,0,1709159569
2024-02-22,0x82a0c1a0d4ef0c0ca3cfda3ad1aa78309cc6139b,2865,0xaff2595341a6c516db4b60b5332bb8b70f2f1625,2242.824204,2242.824204,0.0,1,0,1709159457
2024-02-22,0x82a0c1a0d4ef0c0ca3cfda3ad1aa78309cc6139b,2867,0x387ec377e5b3ff17b61b61a3724a876369eb59bc,2241.78496,2241.78496,0.0,1,0,1709159407
2024-02-22,0x82a0c1a0d4ef0c0ca3cfda3ad1aa78309cc6139b,2949,0x3c46fc2ac8101fabde89ff88da0fda895ddc1c15,2057.470827,2057.470827,0.0,1,0,1709159343
2024-02-22,0x82a0c1a0d4ef0c0ca3cfda3ad1aa78309cc6139b,3127,0x8bb89c74736017e0d1102ed65d49be9cb6b3cc48,1761.929907,1761.929907,1761.929907,1,1,1709125293
2024-02-22,0x82a0c1a0d4ef0c0ca3cfda3ad1aa78309cc6139b,3362,0x7ffbeb62cf6e5e53f898ba52d66d29ca3b2851fd,0.0,0.0,47004.161761,0,1,1709160205
2024-02-22,0x82a0c1a0d4ef0c0ca3cfda3ad1aa78309cc6139b,3470,0x8dc4eac2012e04f62ef6445cdf4b19dea81a2d8b,0.0,0.0,2185.915503,0,1,1709142567
2024-02-22,0x82a0c1a0d4ef0c0ca3cfda3ad1aa78309cc6139b,4796,0xc7f91d9f1a2609c89d600bacf38a21f09e77ddd8,0.0,0.0,697.906252,0,1,1708840813
2024-02-22,0x82a0c1a0d4ef0c0ca3cfda3ad1aa78309cc6139b,4867,0x5cd565a30872b764d93bb24c4af5e982351e4725,0.0,0.0,414.727691,0,1,1709137967
2024-02-22,0x82a0c1a0d4ef0c0ca3cfda3ad1aa78309cc6139b,4936,0x77e395ccb0f042083f389404f3459dad40b6d552,256.716498,256.716498,1183.445617,1,1,1709146525
2024-02-22,0x82a0c1a0d4ef0c0ca3cfda3ad1aa78309cc6139b,5786,0x0b7c75a9689a84854256c7d5db7c87feb1bbbb8b,1322.755018,1322.755018,0.0,1,0,1709155671
2024-02-22,0x82a0c1a0d4ef0c0ca3cfda3ad1aa78309cc6139b,6313,0xc0de72a1b723452cacf35570db24fa13ec8bc562,355.107813,355.107813,0.0,1,0,1708633899
2024-02-22,0x82a0c1a0d4ef0c0ca3cfda3ad1aa78309cc6139b,6437,0xc4bd79660360fa7952cd57b1fef51693ed4e26d3,171.36189,171.36189,270.719508,1,1,1709000715
2024-02-22,0x82a0c1a0d4ef0c0ca3cfda3ad1aa78309cc6139b,6865,0x1aa4a66ef0cfa99ca9d39fdad2b05489744c972a,23.803986,23.803986,23.912402,1,1,1708824861
2024-02-22,0x82a0c1a0d4ef0c0ca3cfda3ad1aa78309cc6139b,7056,0xe3abfa7745b463bde635ffd59456f4792b556e0e,26543.504142,26543.504142,0.0,1,0,1709155887
2024-02-22,0x82a0c1a0d4ef0c0ca3cfda3ad1aa78309cc6139b,7121,0x011b0a055e02425461a1ae95b30f483c4ff05be7,15758.861062,15758.861062,0.0,1,0,1709155407
2024-02-22,0x82a0c1a0d4ef0c0ca3cfda3ad1aa78309cc6139b,7984,0xde3d47efad0a417473342a49fab24bdfd7139b72,0.0,0.0,16697.752382,0,1,1709161143
2024-02-22,0x82a0c1a0d4ef0c0ca3cfda3ad1aa78309cc6139b,9191,0xdd37133ec04c73e260a50003fb4709148614b11b,5299.955266,5299.955266,5501.759122,1,1,1709146775
2024-02-22,0x82a0c1a0d4ef0c0ca3cfda3ad1aa78309cc6139b,9196,0x1aa4a66ef0cfa99ca9d39fdad2b05489744c972a,2537.524844,2537.524844,2548.250678,1,1,1708824873
2024-02-22,0x82a0c1a0d4ef0c0ca3cfda3ad1aa78309cc6139b,9261,0xb6f28ae8f31d85dc27361852b986286113bc588d,2656.632744,2656.632744,0.0,1,0,1709157485
2024-02-22,0x82a0c1a0d4ef0c0ca3cfda3ad1aa78309cc6139b,9282,0x5929cc4d10b6a1acc5bf5d221889f10251c628a1,5571.89983,5571.89983,0.0,1,0,1709158237
2024-02-22,0x82a0c1a0d4ef0c0ca3cfda3ad1aa78309cc6139b,9630,0x9e14f3b50ee1518d32259484d7b3ab1bf5ec30c9,9028.747818,9028.747818,9076.673473,1,1,1709148495
2024-02-22,0x82a0c1a0d4ef0c0ca3cfda3ad1aa78309cc6139b,9636,0xcdd49f7b85b111b35761a725aaf9d5dbc02b4cef,51187.830909,51187.830909,51304.911207,1,1,1709155867
2024-02-22,0x82a0c1a0d4ef0c0ca3cfda3ad1aa78309cc6139b,9707,0x60034a6d90f54d3bbc3188033fd08b1a146802ba,1522.537136,1522.537136,1522.537136,1,1,1709124693
2024-02-22,0x82a0c1a0d4ef0c0ca3cfda3ad1aa78309cc6139b,9904,0xdd37133ec04c73e260a50003fb4709148614b11b,1178.0,1178.0,1178.0,1,1,1709146809
2024-02-22,0x82a0c1a0d4ef0c0ca3cfda3ad1aa78309cc6139b,9951,0xbc83501a04709f5d69d7c69fd154144bddc968f4,0.0,0.0,40218.040018,0,1,1709159903
2024-02-22,0x82a0c1a0d4ef0c0ca3cfda3ad1aa78309cc6139b,9959,0x2a23d0650db1c536e71aeb63ecd3daa0b52e66e1,0.0,0.0,31900.776611,0,1,1709121557
2024-02-22,0x82a0c1a0d4ef0c0ca3cfda3ad1aa78309cc6139b,10092,0x2a36b16a31e28098572ef981ec551384487c944e,2487.344626,2487.344626,0.0,1,0,1709155359
2024-02-22,0x82a0c1a0d4ef0c0ca3cfda3ad1aa78309cc6139b,10294,0x48a6a8d403a58eccc70d4d57347f801d4e182564,0.0,0.0,3509702.324164,0,1,1709146349
2024-02-22,0x82a0c1a0d4ef0c0ca3cfda3ad1aa78309cc6139b,10352,0x18acc7e09e5b4adaf4d51dce21bc2ac616ea9440,17718.240054,17718.240054,0.0,1,0,1709161183
2024-02-22,0x82a0c1a0d4ef0c0ca3cfda3ad1aa78309cc6139b,10396,0x9a9bfa5ff9f86235779814d43f77c7669f6766f2,715.47492,715.47492,724.821582,1,1,1708970417
2024-02-22,0x82a0c1a0d4ef0c0ca3cfda3ad1aa78309cc6139b,10587,0xaf9be60b6c94d66e72b6b01f6ecc77a14987950c,0.0,0.0,110.772627,0,1,1708847571
2024-02-22,0x82a0c1a0d4ef0c0ca3cfda3ad1aa78309cc6139b,11008,0x34316386913935b8a912115920f6f767e15bf9a1,2.199332,2.199332,2.293818,1,1,1708777185
2024-02-22,0x82a0c1a0d4ef0c0ca3cfda3ad1aa78309cc6139b,11052,0x7e2400626811b1cae987c41139c39830f4b2ba9a,376.897951,376.897951,1325.628519,1,1,1709101787
2024-02-22,0x82a0c1a0d4ef0c0ca3cfda3ad1aa78309cc6139b,11239,0x1af88f5f269c642b3609c7e20f7b69a5c0feee07,1148.0,1148.0,1148.0,1,1,1709127429
2024-02-22,0x82a0c1a0d4ef0c0ca3cfda3ad1aa78309cc6139b,11241,0x6109a69cf39cdad03f951f006b92a2d788201f60,204227.784001,204227.784001,0.0,1,0,1709147989
2024-02-22,0x82a0c1a0d4ef0c0ca3cfda3ad1aa78309cc6139b,11313,0x649a50f9cdd808466ab616cda9a8a689defa1dd0,3445.0,3445.0,3445.0,1,1,1709137269
2024-02-22,0x82a0c1a0d4ef0c0ca3cfda3ad1aa78309cc6139b,11341,0xac9558ce54f84e343ab5da0ffaa5d0ea7c4e59a3,50169.671522,50169.671522,49988.557069,1,1,1709155213
2024-02-22,0x82a0c1a0d4ef0c0ca3cfda3ad1aa78309cc6139b,12038,0x6109a69cf39cdad03f951f006b92a2d788201f60,946.0,946.0,0.0,1,0,1709148015
2024-02-22,0x82a0c1a0d4ef0c0ca3cfda3ad1aa78309cc6139b,12131,0x11bcb66a295aeba152666e511ae052609bda0a84,6708.0,6708.0,0.0,1,0,1709160097
2024-02-22,0x82a0c1a0d4ef0c0ca3cfda3ad1aa78309cc6139b,12174,0x6748051a28c952ed1812b2441fb8faaee6450d91,5.86722,5.86722,0.0,1,0,1708577841
2024-02-22,0x82a0c1a0d4ef0c0ca3cfda3ad1aa78309cc6139b,12226,0x2fcfcf3d30851533d4c13b35646a73b2d4c5b990,1.725544,1.725544,0.0,1,0,1708762027
2024-02-22,0x82a0c1a0d4ef0c0ca3cfda3ad1aa78309cc6139b,12322,0xac86f57982301fee6d9597f2c008333ae38765e7,32.350389,32.350389,0.0,1,0,1709012351
2024-02-22,0x84ff3b6e2046579fb2f2b891ce18ee10b5fbdbf2,24,0x208a17c5fabe5b90282e5906945ff335e39326c4,0.0,0.0,9272.915799,0,1,1709150649
2024-02-22,0x84ff3b6e2046579fb2f2b891ce18ee10b5fbdbf2,35,0xab13e657eb072c53915730acfab14446ee2293c5,65693.480927,65693.480927,65974.472912,1,1,1709018713
2024-02-22,0x84ff3b6e2046579fb2f2b891ce18ee10b5fbdbf2,48,0x12478d1a60a910c9cbffb90648766a2bdd5918f5,1029479.740649,1029479.740649,0.0,1,0,1709160293
2024-02-22,0x84ff3b6e2046579fb2f2b891ce18ee10b5fbdbf2,55,0x285fed35cbea271a711681e84ffd83c68a596a75,45465.906539,45465.906539,45465.906539,1,1,1709158581
2024-02-22,0x84ff3b6e2046579fb2f2b891ce18ee10b5fbdbf2,105,0x208a17c5fabe5b90282e5906945ff335e39326c4,0.0,0.0,52810.126862,0,1,1709150611
2024-02-22,0x84ff3b6e2046579fb2f2b891ce18ee10b5fbdbf2,520,0xfba381fb57d1f1efdc12661e5be59425e545e649,0.0,0.0,64249.401126,0,1,1709010909
2024-02-22,0x84ff3b6e2046579fb2f2b891ce18ee10b5fbdbf2,585,0xe0d96d1e847d222aaf54366b74db508a393b8d8a,0.0,0.0,46500.004067,0,1,1709161159
2024-02-22,0x84ff3b6e2046579fb2f2b891ce18ee10b5fbdbf2,679,0x70c9fafea22acc41bda969f8ba2801af42456f51,0.0,0.0,240447.3551,0,1,1709141537
2024-02-22,0x84ff3b6e2046579fb2f2b891ce18ee10b5fbdbf2,870,0xf2829fc923b6fd040ead55d3f973f2953e86d13e,0.0,0.0,9514.251683,0,1,1709156159
2024-02-22,0x84ff3b6e2046579fb2f2b891ce18ee10b5fbdbf2,1093,0x234ef83bd3859c04c93eaafd0ecf6dfefe2d5a4b,0.0,0.0,12839.831164,0,1,1709155207
2024-02-22,0x84ff3b6e2046579fb2f2b891ce18ee10b5fbdbf2,1123,0x4ce268f49ef0726d602a8b0f22fcc543aa23bb51,0.0,0.0,12604.695482,0,1,1709161001
2024-02-22,0x84ff3b6e2046579fb2f2b891ce18ee10b5fbdbf2,1214,0xf5ccd855b7d196c3f3d54ae65e90531f1849bbe2,0.0,0.0,11045.406362,0,1,1709149479
2024-02-22,0x84ff3b6e2046579fb2f2b891ce18ee10b5fbdbf2,1219,0xbb8fb8fe5198f25d117c0e7b1b9c8260cb19c3c0,0.0,0.0,10841.612172,0,1,1709149041
2024-02-22,0x84ff3b6e2046579fb2f2b891ce18ee10b5fbdbf2,1363,0x43d16ccd581e1d6a8d51768f75ddf09b79f4f856,1763.741523,1763.741523,2200.656544,1,1,1709160245
2024-02-22,0x84ff3b6e2046579fb2f2b891ce18ee10b5fbdbf2,2222,0x375e3dc07d1c84024dba2f5cbaf677f5d8538c93,0.0,0.0,3820.35858,0,1,1709132063
2024-02-22,0x84ff3b6e2046579fb2f2b891ce18ee10b5fbdbf2,2313,0x3888132606615fc0759853b6ec1107e717d0ae52,0.0,0.0,1209.508388,0,1,1709129589
2024-02-22,0x84ff3b6e2046579fb2f2b891ce18ee10b5fbdbf2,4358,0x0eca5bd7b78603c3a4b3292914c98b94500f843a,0.0,0.0,3593.655487,0,1,1709093847
2024-02-22,0x84ff3b6e2046579fb2f2b891ce18ee10b5fbdbf2,5968,0xb3d09dfaa88872d2a972726fe9125b3b4a2d4fca,0.0,0.0,357.485064,0,1,1708799305
2024-02-22,0x84ff3b6e2046579fb2f2b891ce18ee10b5fbdbf2,6024,0x9f9b50b562ef8bef5517d60cab05f8ec1666b9f9,0.0,0.0,363.43909,0,1,1708799135
2024-02-22,0x84ff3b6e2046579fb2f2b891ce18ee10b5fbdbf2,8442,0xab13e657eb072c53915730acfab14446ee2293c5,92242.411308,92242.411308,92636.961542,1,1,1709018713
2024-02-22,0x84ff3b6e2046579fb2f2b891ce18ee10b5fbdbf2,9331,0xab13e657eb072c53915730acfab14446ee2293c5,130013.410921,130013.410921,130569.519775,1,1,1709018713
2024-02-22,0x84ff3b6e2046579fb2f2b891ce18ee10b5fbdbf2,9493,0x0ba892e34ea9f88ee54928f4f5f4d41f79c705b1,7880.781594,7880.781594,7905.89331,1,1,1709112515
2024-02-22,0x84ff3b6e2046579fb2f2b891ce18ee10b5fbdbf2,9969,0x166c794d890dd91bbe71f304eca660e1c4892cbb,0.0,0.0,7791.039729,0,1,1709159389
2024-02-22,0x84ff3b6e2046579fb2f2b891ce18ee10b5fbdbf2,10294,0x48a6a8d403a58eccc70d4d57347f801d4e182564,0.0,0.0,501386.046309,0,1,1709146349
2024-02-22,0x84ff3b6e2046579fb2f2b891ce18ee10b5fbdbf2,10295,0xc875b3dae5b0c371bc8cf9ded64868b78ac47587,0.0,0.0,111487.140925,0,1,1709162281
2024-02-22,0x84ff3b6e2046579fb2f2b891ce18ee10b5fbdbf2,10296,0x03c70563e94de5de56c11a0cc4ce3482f592854f,0.0,0.0,291202.300123,0,1,1709162329
2024-02-22,0x84ff3b6e2046579fb2f2b891ce18ee10b5fbdbf2,10298,0xc9814f18a8751214f719de15c54d01b3d78ef14f,0.0,13489145.262984,13587177.846673,133,134,1709162249
2024-02-22,0x84ff3b6e2046579fb2f2b891ce18ee10b5fbdbf2,11131,0xa13a8b8039b6e8e26b1763b0e7e9ec992a73b996,592886.73069,10635351.777195,10314907.745306,26,26,1709160151
2024-02-22,0x84ff3b6e2046579fb2f2b891ce18ee10b5fbdbf2,11213,0x0ba892e34ea9f88ee54928f4f5f4d41f79c705b1,0.0,0.0,835.0,0,1,1709112575
2024-02-22,0x84ff3b6e2046579fb2f2b891ce18ee10b5fbdbf2,12138,0xab13e657eb072c53915730acfab14446ee2293c5,12414.0,12414.0,0.0,1,0,1709018949
2024-02-22,0x861ee8b9f7e42edcf4f1b5614c6595f71a879f3f,47,0x011b0a055e02425461a1ae95b30f483c4ff05be7,19971.482576,19971.482576,0.0,1,0,1709155381
2024-02-22,0x861ee8b9f7e42edcf4f1b5614c6595f71a879f3f,68,0x132e47cf2c19ec2d8dd56e1528fc7e18dc09188f,35607.379293,35607.379293,0.0,1,0,1709148573
2024-02-22,0x861ee8b9f7e42edcf4f1b5614c6595f71a879f3f,270,0x59455ba3d00bb8cbead8fe6db3973210e49d4303,128028.620441,128028.620441,0.0,1,0,1709154445
2024-02-22,0x861ee8b9f7e42edcf4f1b5614c6595f71a879f3f,904,0x544845005e42fe00a3c0e9735eeec25aa068b428,17890.387178,17890.387178,0.0,1,0,1709140029
2024-02-22,0x861ee8b9f7e42edcf4f1b5614c6595f71a879f3f,1598,0x8643c722031a05fcbb12212804693b81ccf5a4d5,6672.476524,6672.476524,6672.476524,1,1,1709136019
2024-02-22,0x861ee8b9f7e42edcf4f1b5614c6595f71a879f3f,2173,0x8770dbd97a61c39a7c4c5ed256076135d64a242a,3844.423892,3844.423892,0.0,1,0,1709118413
2024-02-22,0x861ee8b9f7e42edcf4f1b5614c6595f71a879f3f,3491,0x71c1bffe933698f39b03c6c7545dfb193c4c8b86,1334.847435,1334.847435,0.0,1,0,1709152741
2024-02-22,0x861ee8b9f7e42edcf4f1b5614c6595f71a879f3f,3817,0x547b324b3f9e1f9f436fede6e88ae1ca816db6f3,1120.884599,1120.884599,0.0,1,0,1709152701
2024-02-22,0x861ee8b9f7e42edcf4f1b5614c6595f71a879f3f,5660,0x856980373f9f8b8f6d7846533419b5be34500b2f,367.329564,367.329564,0.0,1,0,1709128613
2024-02-22,0x861ee8b9f7e42edcf4f1b5614c6595f71a879f3f,6683,0x9d3c53321cfa9d08660ad32e09c7ef2625b16e67,1184.355713,1184.355713,0.0,1,0,1709149535
2024-02-22,0x861ee8b9f7e42edcf4f1b5614c6595f71a879f3f,7121,0x011b0a055e02425461a1ae95b30f483c4ff05be7,7780.937649,7780.937649,0.0,1,0,1709155407
2024-02-22,0x861ee8b9f7e42edcf4f1b5614c6595f71a879f3f,7122,0x011b0a055e02425461a1ae95b30f483c4ff05be7,2861.700145,2861.700145,0.0,1,0,1709155433
2024-02-22,0x861ee8b9f7e42edcf4f1b5614c6595f71a879f3f,10212,0xc6e87adf4133cc61cacda134e79c243de9db3e69,945.2609,945.2609,0.0,1,0,1709071409
2024-02-22,0x861ee8b9f7e42edcf4f1b5614c6595f71a879f3f,11928,0xc1634876892843d3f80e790baf3f05bf907e94f6,36.622844,36.622844,60.681896,1,1,1708634153
2024-02-22,0x89de19c640b03649206e9998481ee9e8e23ebcaf,6637,0x9f6c47623d23fc9dbca3ed670a43792db3aacaee,0.0,0.0,29.631118,0,1,1709160725
2024-02-22,0x89de19c640b03649206e9998481ee9e8e23ebcaf,7121,0x011b0a055e02425461a1ae95b30f483c4ff05be7,1969.857633,1969.857633,0.0,1,0,1709155407
2024-02-22,0x89de19c640b03649206e9998481ee9e8e23ebcaf,7122,0x011b0a055e02425461a1ae95b30f483c4ff05be7,378.946595,378.946595,260.865905,1,1,1709155433
2024-02-22,0x8b432c54d6e8e1b8d1802753514ab53044af1861,1155,0x8caaf4cb80ba7cbbbb324066bd03eae3fc98f813,0.0,0.0,7794.742316,0,1,1709066991
2024-02-22,0x8b432c54d6e8e1b8d1802753514ab53044af1861,7920,0xf849c3169e095a54ed49f7ba1e94f1102c356988,3.117436,3.117436,4.561067,1,1,1708972857
2024-02-22,0x8c7d15fcb443e07c5dc980901a6281f96d87c10f,2070,0x3f7c10cbbb1ea1046a80b738b9eaf3217410c7f6,0.0,0.0,2553.205408,0,1,1709076511
2024-02-22,0x8c7d15fcb443e07c5dc980901a6281f96d87c10f,7809,0x7f595c0e51ad8015b39571636cb3c88ef7c5c67f,0.0,0.0,18.914577,0,1,1709134655
2024-02-22,0x8f24dd646e2ae3615767ebdccc6691c54c41793f,47,0x011b0a055e02425461a1ae95b30f483c4ff05be7,0.0,0.0,97017.308468,0,1,1709155381
2024-02-22,0x8f24dd646e2ae3615767ebdccc6691c54c41793f,52,0x28878aec6b4209d90a40890183e3322f0ae5b2e2,0.0,0.0,275194.174672,0,1,1709154645
2024-02-22,0x8f24dd646e2ae3615767ebdccc6691c54c41793f,64,0xf1010ee787ee588766b441d7cc397b40ddfb17a3,0.0,0.0,297917.468038,0,1,1709150449
2024-02-22,0x8f24dd646e2ae3615767ebdccc6691c54c41793f,114,0x611b0c1ed942b833c786c53883a4aa37a25602a6,0.0,0.0,71373.736148,0,1,1709131963
2024-02-22,0x8f24dd646e2ae3615767ebdccc6691c54c41793f,185,0x5952bab55191f8a815ccd8ba4945f7a09ef5def7,0.0,0.0,713337.958182,0,1,1709133479
2024-02-22,0x8f24dd646e2ae3615767ebdccc6691c54c41793f,238,0xb6f28ae8f31d85dc27361852b986286113bc588d,0.0,0.0,42298.736339,0,1,1709157047
2024-02-22,0x8f24dd646e2ae3615767ebdccc6691c54c41793f,438,0xe87c09608c6306cb72977ddf65bcbc8200cc9a96,17028.478864,17028.478864,36895.037539,1,1,1709161087
2024-02-22,0x8f24dd646e2ae3615767ebdccc6691c54c41793f,553,0xdaa070d909e010211606144ede5b2ca6864c2c1c,10383.462275,10383.462275,10226.927411,1,1,1709134245
2024-02-22,0x8f24dd646e2ae3615767ebdccc6691c54c41793f,674,0xf076823122f106c2b7f21cbaacd1c9db1ce4cf27,0.0,0.0,16430.551922,0,1,1709127357
2024-02-22,0x8f24dd646e2ae3615767ebdccc6691c54c41793f,750,0x24a3bde2bd95fe4c36894049e34501d340d9fd56,0.0,0.0,33356.775082,0,1,1709150251
2024-02-22,0x8f24dd646e2ae3615767ebdccc6691c54c41793f,5476,0x3967d78660bcbc95c625d58a40c42ce10bd905d6,942.438388,942.438388,942.438388,1,1,1709159457
2024-02-22,0x8f24dd646e2ae3615767ebdccc6691c54c41793f,8457,0xc6493626be58dc647a5103970da5bcf9f7fdbfd2,280401.302588,280401.302588,251591.849293,1,1,1709052613
2024-02-22,0x8f24dd646e2ae3615767ebdccc6691c54c41793f,10294,0x48a6a8d403a58eccc70d4d57347f801d4e182564,0.0,0.0,501386.046309,0,1,1709146349
2024-02-22,0x8f24dd646e2ae3615767ebdccc6691c54c41793f,10295,0xc875b3dae5b0c371bc8cf9ded64868b78ac47587,1141191.724872,1141191.724872,1226358.550177,1,1,1709162281
2024-02-22,0x8f24dd646e2ae3615767ebdccc6691c54c41793f,10296,0x03c70563e94de5de56c11a0cc4ce3482f592854f,2980771.167025,2980771.167025,3203225.30135,1,1,1709162329
2024-02-22,0x8f24dd646e2ae3615767ebdccc6691c54c41793f,10298,0xc9814f18a8751214f719de15c54d01b3d78ef14f,1031102.161575,149411700.054403,149458956.3134,134,134,1709162249
2024-02-22,0x8f24dd646e2ae3615767ebdccc6691c54c41793f,10354,0x0123e230c261e026c476a21fae07de3aa55ac870,0.0,0.0,2059.484664,0,1,1709132293
2024-02-22,0x8f24dd646e2ae3615767ebdccc6691c54c41793f,12144,0xc6493626be58dc647a5103970da5bcf9f7fdbfd2,34195.0,34195.0,0.0,1,0,1709052621
2024-02-22,0x9287c921f5d920ceee0d07d7c58d476e46acc640,47,0x011b0a055e02425461a1ae95b30f483c4ff05be7,13314.321717,13314.321717,0.0,1,0,1709155381
2024-02-22,0x9287c921f5d920ceee0d07d7c58d476e46acc640,68,0x132e47cf2c19ec2d8dd56e1528fc7e18dc09188f,0.0,0.0,36920.607996,0,1,1709148573
2024-02-22,0x9287c921f5d920ceee0d07d7c58d476e46acc640,270,0x59455ba3d00bb8cbead8fe6db3973210e49d4303,0.0,0.0,12779.51526,0,1,1709154445
2024-02-22,0x9287c921f5d920ceee0d07d7c58d476e46acc640,905,0xeee4cd5e66de82350e6c346307f8383588ffb229,9001.910696,9001.910696,0.0,1,0,1708711435
2024-02-22,0x9287c921f5d920ceee0d07d7c58d476e46acc640,2666,0x2e25362700cf06eaaf4845c34789f67ea1b78d56,3007.191266,3007.191266,3007.191266,1,1,1708757435
2024-02-22,0x9287c921f5d920ceee0d07d7c58d476e46acc640,3380,0xbe5c3717205ef314f01a280cc552b95aa9da4757,1499.355749,1499.355749,1493.938132,1,1,1709030723
2024-02-22,0x9287c921f5d920ceee0d07d7c58d476e46acc640,6770,0x80fdc30d21a672eef723b809ed4ba7c91728d421,0.0,0.0,139.664194,0,1,1708683229
2024-02-22,0x9287c921f5d920ceee0d07d7c58d476e46acc640,7121,0x011b0a055e02425461a1ae95b30f483c4ff05be7,1969.857633,1969.857633,4817.350425,1,1,1709155407
2024-02-22,0x9287c921f5d920ceee0d07d7c58d476e46acc640,7122,0x011b0a055e02425461a1ae95b30f483c4ff05be7,0.0,0.0,1043.463622,0,1,1709155433
2024-02-22,0x9287c921f5d920ceee0d07d7c58d476e46acc640,10652,0x317ea3f40890987e177f82a7a9962247e2584ac5,41.793888,41.793888,42.129354,1,1,1708985269
2024-02-22,0x951fdfa193d92c74c9e35ea8c8c757cbcbb85147,55,0x285fed35cbea271a711681e84ffd83c68a596a75,0.0,0.0,68076.578818,0,1,1709158581
2024-02-22,0x951fdfa193d92c74c9e35ea8c8c757cbcbb85147,265,0xb48c2698dc9a6b0cb80e2829bd27c105bd7f1c80,0.0,0.0,138179.349352,0,1,1709160921
2024-02-22,0x951fdfa193d92c74c9e35ea8c8c757cbcbb85147,1716,0x6a1a3ecd04df0ff2d7cb25584052cdd173fc609b,0.0,0.0,5761.973754,0,1,1709134709
2024-02-22,0x951fdfa193d92c74c9e35ea8c8c757cbcbb85147,2109,0xaba92f62ef9d45d0b61808d330461c3b2d8fece8,0.0,0.0,4084.947711,0,1,1709132951
2024-02-22,0x951fdfa193d92c74c9e35ea8c8c757cbcbb85147,2633,0xfcc06f7f02f6ab02051f259db4f82f20d8d02112,3260.614619,3260.614619,3254.668693,1,1,1708873141
2024-02-22,0x951fdfa193d92c74c9e35ea8c8c757cbcbb85147,2856,0xf3b059c887172f2cc52b5e77ee3b2c8b3a32e6ef,5890.313393,5890.313393,5869.489272,1,1,1708987971
2024-02-22,0x951fdfa193d92c74c9e35ea8c8c757cbcbb85147,6489,0x119b2be32ae0c5c594df2ceada9af7a3ded3f758,812.420795,812.420795,0.0,1,0,1708670917
2024-02-22,0x951fdfa193d92c74c9e35ea8c8c757cbcbb85147,7651,0x7e4cbd9030b814c364b6b57128e5868797436d51,0.0,0.0,50.105851,0,1,1709064287
2024-02-22,0x951fdfa193d92c74c9e35ea8c8c757cbcbb85147,10295,0xc875b3dae5b0c371bc8cf9ded64868b78ac47587,0.0,0.0,111487.140925,0,1,1709162281
2024-02-22,0x951fdfa193d92c74c9e35ea8c8c757cbcbb85147,10296,0x03c70563e94de5de56c11a0cc4ce3482f592854f,0.0,0.0,291202.300123,0,1,1709162329
2024-02-22,0x951fdfa193d92c74c9e35ea8c8c757cbcbb85147,10298,0xc9814f18a8751214f719de15c54d01b3d78ef14f,0.0,13489145.262984,13587177.846673,133,134,1709162249
2024-02-22,0x951fdfa193d92c74c9e35ea8c8c757cbcbb85147,10877,0x6f9449a07cfe89fd8a6e040a0c9d8eecfeb6f3fc,0.0,0.0,0.246618,0,1,1708901969
2024-02-22,0x951fdfa193d92c74c9e35ea8c8c757cbcbb85147,11367,0x523892711c660bc0be2b3e39cc7b8dddd3aad62e,379922.62699,1119893.77961,1111351.697564,3,3,1708663515
2024-02-22,0x951fdfa193d92c74c9e35ea8c8c757cbcbb85147,12126,0x523892711c660bc0be2b3e39cc7b8dddd3aad62e,8549.59069,25633.181379,17083.59069,3,2,1708663517
2024-02-22,0x951fdfa193d92c74c9e35ea8c8c757cbcbb85147,12134,0x523892711c660bc0be2b3e39cc7b8dddd3aad62e,13698.98091,41071.961821,27372.98091,3,2,1708663521
2024-02-22,0x95dbba09678e373b4d650dbab7f458958ce8bc68,3918,0xcac0eb798903ffe73ab1776da3174e6e40e721c6,915.862658,915.862658,0.0,1,0,1708955987
2024-02-22,0x95dbba09678e373b4d650dbab7f458958ce8bc68,7122,0x011b0a055e02425461a1ae95b30f483c4ff05be7,117.604116,117.604116,0.0,1,0,1709155433
2024-02-22,0x97e6ff909f30d034f1dc9721e2939cea57116d95,47,0x011b0a055e02425461a1ae95b30f483c4ff05be7,99857.41288,99857.41288,390062.740212,1,1,1709155381
2024-02-22,0x97e6ff909f30d034f1dc9721e2939cea57116d95,56,0x48a5a6a01ba89cddf97d2d552923d5a11401ed19,0.0,0.0,303814.245717,0,1,1709161045
2024-02-22,0x97e6ff909f30d034f1dc9721e2939cea57116d95,62,0xdbd5d31b7f48adc13a0ab0c591f7e3d4f9642e69,0.0,0.0,322793.705209,0,1,1709133363
2024-02-22,0x97e6ff909f30d034f1dc9721e2939cea57116d95,77,0xeb6772188cf10aa563a1cd163f48355d1a949797,218859.336668,218859.336668,218460.233588,1,1,1709160893
2024-02-22,0x97e6ff909f30d034f1dc9721e2939cea57116d95,103,0x1c2ed7a6c4e3c1146103fa222181115a72243a06,55888.905427,55888.905427,55786.988668,1,1,1709160853
2024-02-22,0x97e6ff909f30d034f1dc9721e2939cea57116d95,165,0x54ecb3397b0bf31cb0b81eb2444e2a7b32507d8b,0.0,0.0,39571.212019,0,1,1709151371
2024-02-22,0x97e6ff909f30d034f1dc9721e2939cea57116d95,199,0x69323bd279f2ed51bffe88ab8f25a46fc53562bb,208487.967217,208487.967217,0.0,1,0,1709161133
2024-02-22,0x97e6ff909f30d034f1dc9721e2939cea57116d95,218,0xc8336b9dabbac9bfb9aa483e76fc351b13121784,0.0,0.0,176882.94994,0,1,1709160891
2024-02-22,0x97e6ff909f30d034f1dc9721e2939cea57116d95,246,0xb17d6e24e2d6b28543b9b75fd731c4591155900b,0.0,0.0,148290.041181,0,1,1709160307
2024-02-22,0x97e6ff909f30d034f1dc9721e2939cea57116d95,265,0xb48c2698dc9a6b0cb80e2829bd27c105bd7f1c80,139097.881988,139097.881988,0.0,1,0,1709160921
2024-02-22,0x97e6ff909f30d034f1dc9721e2939cea57116d95,274,0xc12faf701d05af1cfabdefc770c3b3c7b59eae10,0.0,0.0,68924.993654,0,1,1709146993
2024-02-22,0x97e6ff909f30d034f1dc9721e2939cea57116d95,289,0x95b05f935655c37ada2088c5767e5006f230b068,0.0,0.0,34738.721404,0,1,1709153629
2024-02-22,0x97e6ff909f30d034f1dc9721e2939cea57116d95,301,0xa3ff2d14b8289d00c22c7917cc85812a7fb4ca77,0.0,0.0,106734.715903,0,1,1709063979
2024-02-22,0x97e6ff909f30d034f1dc9721e2939cea57116d95,312,0x9ced3bdc0e6ff65c3f072b0b5527184843ed4eaf,0.0,0.0,104346.390901,0,1,1709159525
2024-02-22,0x97e6ff909f30d034f1dc9721e2939cea57116d95,351,0x6d71973078b858dab13bf9894c3969df6e5fced7,0.0,0.0,107134.211802,0,1,1709161055
2024-02-22,0x97e6ff909f30d034f1dc9721e2939cea57116d95,376,0xff53e3a27b7252148e0f1daf4a00261eee59177f,0.0,0.0,18081.956675,0,1,1709157287
2024-02-22,0x97e6ff909f30d034f1dc9721e2939cea57116d95,389,0x879d4cf44d51661f991bb3695cc61599d33847c2,33804.472319,33804.472319,0.0,1,0,1709161023
2024-02-22,0x97e6ff909f30d034f1dc9721e2939cea57116d95,579,0x71535aae1b6c0c51db317b54d5eee72d1ab843c1,37845.988027,37845.988027,0.0,1,0,1709161115
2024-02-22,0x97e6ff909f30d034f1dc9721e2939cea57116d95,585,0xe0d96d1e847d222aaf54366b74db508a393b8d8a,47000.004516,47000.004516,0.0,1,0,1709161159
2024-02-22,0x97e6ff909f30d034f1dc9721e2939cea57116d95,649,0x3838433f63f4d4a24260f2485aacf5894ba7bc93,16132.869174,16132.869174,0.0,1,0,1709161143
2024-02-22,0x97e6ff909f30d034f1dc9721e2939cea57116d95,658,0x7f64219e48e349295a580bca164434ea5d1e8433,72113.193835,72113.193835,0.0,1,0,1709161151
2024-02-22,0x97e6ff909f30d034f1dc9721e2939cea57116d95,764,0xdbd5d31b7f48adc13a0ab0c591f7e3d4f9642e69,0.0,0.0,8315.627436,0,1,1709133319
2024-02-22,0x97e6ff909f30d034f1dc9721e2939cea57116d95,892,0x829a2eab39abb84c1e0aa621736a14443b5c5075,0.0,0.0,39032.696927,0,1,1709142457
2024-02-22,0x97e6ff909f30d034f1dc9721e2939cea57116d95,958,0x4543e5710338bf6e514258ae7f4033ea29c700bd,0.0,0.0,16133.287877,0,1,1709156961
2024-02-22,0x97e6ff909f30d034f1dc9721e2939cea57116d95,973,0x89468c809f87e3748488a241839b4b22bfe94bdd,0.0,0.0,15895.060523,0,1,1709070311
2024-02-22,0x97e6ff909f30d034f1dc9721e2939cea57116d95,989,0xe53f4d44c45dbc16a20ab64f8a8b4404ddbbefec,28844.747473,28844.747473,28714.846592,1,1,1709160721
2024-02-22,0x97e6ff909f30d034f1dc9721e2939cea57116d95,1000,0x97f9f6571cda07b8a93e9828812173e0939f7ef6,15206.245713,15206.245713,0.0,1,0,1709161083
2024-02-22,0x97e6ff909f30d034f1dc9721e2939cea57116d95,1199,0x54d6e8f883d1858b4080d10ae2a1c6f0afb5feb3,0.0,0.0,11231.917959,0,1,1709148619
2024-02-22,0x97e6ff909f30d034f1dc9721e2939cea57116d95,1511,0x4f321ad6ddc21ebcf9ee7213d2b41895196b6a9b,0.0,0.0,1828.164002,0,1,1709131533
2024-02-22,0x97e6ff909f30d034f1dc9721e2939cea57116d95,1541,0x24c93a9c54564bf70992f49a774e39385210688b,7505.580441,7505.580441,7414.014139,1,1,1709160867
2024-02-22,0x97e6ff909f30d034f1dc9721e2939cea57116d95,2073,0x518180f11414d823647daa068a5847d63c3f128c,0.0,0.0,4156.824074,0,1,1709160469
2024-02-22,0x97e6ff909f30d034f1dc9721e2939cea57116d95,2492,0xc44fd65765199b4bc0a6a03943423819b15293c3,0.0,0.0,3239.924102,0,1,1709156805
2024-02-22,0x97e6ff909f30d034f1dc9721e2939cea57116d95,2596,0x261e1f4667e750b2f3895b2c0c9a4ddadfed5835,0.0,0.0,16365.031155,0,1,1709155919
2024-02-22,0x97e6ff909f30d034f1dc9721e2939cea57116d95,3040,0x8b05f073dc61b5f89f2b0ab09fe1c6f987a016a2,0.0,0.0,1691.436454,0,1,1709131779
2024-02-22,0x97e6ff909f30d034f1dc9721e2939cea57116d95,3070,0x5af17f7522c9ff3700984673e0cac4754bb2b793,0.0,0.0,1916.932712,0,1,1709154201
2024-02-22,0x97e6ff909f30d034f1dc9721e2939cea57116d95,3154,0x9d32f1e7c5ff707e92b4b30937a1e5e2c2de2462,1734.543607,1734.543607,0.0,1,0,1709155859
2024-02-22,0x97e6ff909f30d034f1dc9721e2939cea57116d95,6156,0x66805d8b82664acab4cbe0c0498889dde9af7841,0.0,0.0,381.996208,0,1,1709146977
2024-02-22,0x97e6ff909f30d034f1dc9721e2939cea57116d95,7121,0x011b0a055e02425461a1ae95b30f483c4ff05be7,24623.220409,24623.220409,112863.638529,1,1,1709155407
2024-02-22,0x97e6ff909f30d034f1dc9721e2939cea57116d95,7122,0x011b0a055e02425461a1ae95b30f483c4ff05be7,0.0,0.0,7956.410114,0,1,1709155433
2024-02-22,0x97e6ff909f30d034f1dc9721e2939cea57116d95,7984,0xde3d47efad0a417473342a49fab24bdfd7139b72,16704.428038,16704.428038,0.0,1,0,1709161143
2024-02-22,0x97e6ff909f30d034f1dc9721e2939cea57116d95,8047,0x4ee67d558e065c6655f6a871a881e4717d97d1bd,5939.424906,5939.424906,5928.59401,1,1,1709160525
2024-02-22,0x97e6ff909f30d034f1dc9721e2939cea57116d95,8543,0xd69334db1e0858da4ec72c9ed14c4319c5761c3f,0.0,0.0,16686.882655,0,1,1709157623
2024-02-22,0x97e6ff909f30d034f1dc9721e2939cea57116d95,9323,0x977469bde563c277cd0e92326126413043f4bacf,0.0,0.0,54668.849434,0,1,1709151511
2024-02-22,0x97e6ff909f30d034f1dc9721e2939cea57116d95,9935,0x829a2eab39abb84c1e0aa621736a14443b5c5075,2685.798516,2685.798516,2685.798516,1,1,1709142421
2024-02-22,0x97e6ff909f30d034f1dc9721e2939cea57116d95,9951,0xbc83501a04709f5d69d7c69fd154144bddc968f4,0.0,0.0,40218.040018,0,1,1709159903
2024-02-22,0x97e6ff909f30d034f1dc9721e2939cea57116d95,10294,0x48a6a8d403a58eccc70d4d57347f801d4e182564,0.0,0.0,1002772.092618,0,1,1709146349
2024-02-22,0x97e6ff909f30d034f1dc9721e2939cea57116d95,10295,0xc875b3dae5b0c371bc8cf9ded64868b78ac47587,114119.172487,114119.172487,0.0,1,0,1709162281
2024-02-22,0x97e6ff909f30d034f1dc9721e2939cea57116d95,10296,0x03c70563e94de5de56c11a0cc4ce3482f592854f,298077.116703,298077.116703,0.0,1,0,1709162329
2024-02-22,0x97e6ff909f30d034f1dc9721e2939cea57116d95,10298,0xc9814f18a8751214f719de15c54d01b3d78ef14f,103110.216157,103110.216157,0.0,1,0,1709162249
2024-02-22,0x97e6ff909f30d034f1dc9721e2939cea57116d95,11104,0xc2edb9c398e1d632ad81647a26254c33801685df,0.0,0.0,10274.320435,0,1,1709000685
2024-02-22,0x97e6ff909f30d034f1dc9721e2939cea57116d95,11677,0x0f8684f6dc76617d6831b4546381eb6cfb1c559f,2068.058191,2068.058191,0.0,1,0,1709104681
2024-02-22,0x97e6ff909f30d034f1dc9721e2939cea57116d95,11827,0x0f8684f6dc76617d6831b4546381eb6cfb1c559f,85.751109,85.751109,0.0,1,0,1709104691
2024-02-22,0x97e6ff909f30d034f1dc9721e2939cea57116d95,12128,0x8cafd0397e1b09199a1b1239030cc6b011ae696d,8235.0,8235.0,0.0,1,0,1708705015
2024-02-22,0x9b4db2f16199b8639ba386f44903ea2d51d65e43,2028,0xca681f8652250aef6b62a30b8156539aa13fea03,0.0,0.0,4180.274549,0,1,1708646305
2024-02-22,0x9b4db2f16199b8639ba386f44903ea2d51d65e43,4986,0x5283d441e291e3ba7c12c93aa85cb9b2b8e55639,0.0,0.0,402.365684,0,1,1709151999
2024-02-22,0x9b4db2f16199b8639ba386f44903ea2d51d65e43,7824,0x4a3c33c04dca69366ae48ea69b4476b08bb49410,0.0,0.0,19.158898,0,1,1709135559
2024-02-22,0x9b4db2f16199b8639ba386f44903ea2d51d65e43,7826,0xf1292d7254238ac0d056efb720c4ababee0ce3ad,0.0,0.0,19.158902,0,1,1709135631
2024-02-22,0x9d933f0af9dc01a6f9e5d2e6dcb25b6d0837ea81,24,0x208a17c5fabe5b90282e5906945ff335e39326c4,93384.606479,93384.606479,18545.831598,1,1,1709150649
2024-02-22,0x9d933f0af9dc01a6f9e5d2e6dcb25b6d0837ea81,43,0x2ddb405238368695f34d30a80ab60c449aa5ce48,61849.396813,61849.396813,184877.749814,1,1,1709151115
2024-02-22,0x9d933f0af9dc01a6f9e5d2e6dcb25b6d0837ea81,47,0x011b0a055e02425461a1ae95b30f483c4ff05be7,860770.899024,860770.899024,174099.553553,1,1,1709155381
2024-02-22,0x9d933f0af9dc01a6f9e5d2e6dcb25b6d0837ea81,52,0x28878aec6b4209d90a40890183e3322f0ae5b2e2,275696.92449,275696.92449,0.0,1,0,1709154645
2024-02-22,0x9d933f0af9dc01a6f9e5d2e6dcb25b6d0837ea81,55,0x285fed35cbea271a711681e84ffd83c68a596a75,340994.299042,340994.299042,340994.299042,1,1,1709158581
2024-02-22,0x9d933f0af9dc01a6f9e5d2e6dcb25b6d0837ea81,56,0x48a5a6a01ba89cddf97d2d552923d5a11401ed19,0.0,0.0,641385.629848,0,1,1709161045
2024-02-22,0x9d933f0af9dc01a6f9e5d2e6dcb25b6d0837ea81,57,0x72d4d59f31d0cb4a4213a5dc81fc0108241ecc71,0.0,0.0,873551.454059,0,1,1709137533
2024-02-22,0x9d933f0af9dc01a6f9e5d2e6dcb25b6d0837ea81,68,0x132e47cf2c19ec2d8dd56e1528fc7e18dc09188f,498503.310109,498503.310109,191277.149888,1,1,1709148573
2024-02-22,0x9d933f0af9dc01a6f9e5d2e6dcb25b6d0837ea81,77,0xeb6772188cf10aa563a1cd163f48355d1a949797,218859.336668,218859.336668,0.0,1,0,1709160893
2024-02-22,0x9d933f0af9dc01a6f9e5d2e6dcb25b6d0837ea81,100,0x133d93566f9699b3af46fe150daa8a67a9563ed6,0.0,0.0,584551.16803,0,1,1709070101
2024-02-22,0x9d933f0af9dc01a6f9e5d2e6dcb25b6d0837ea81,105,0x208a17c5fabe5b90282e5906945ff335e39326c4,264533.026094,264533.026094,52810.126862,1,1,1709150611
2024-02-22,0x9d933f0af9dc01a6f9e5d2e6dcb25b6d0837ea81,109,0xbe7019f8333b0b3cfc707ac353ebc2123140134c,0.0,0.0,126147.327643,0,1,1709159393
2024-02-22,0x9d933f0af9dc01a6f9e5d2e6dcb25b6d0837ea81,118,0x4ccfeb186c61217f05d8756314c600089b27a1c3,0.0,0.0,426562.406856,0,1,1709160905
2024-02-22,0x9d933f0af9dc01a6f9e5d2e6dcb25b6d0837ea81,139,0xa04275c10f39e8675a34e147e2ef78d35129f2b6,108276.181996,108276.181996,179516.099199,1,1,1709115285
2024-02-22,0x9d933f0af9dc01a6f9e5d2e6dcb25b6d0837ea81,151,0x5275817b74021e97c980e95ede6bbac0d0d6f3a2,0.0,0.0,100390.997633,0,1,1709065975
2024-02-22,0x9d933f0af9dc01a6f9e5d2e6dcb25b6d0837ea81,155,0x8371ec1d9b31899e8a7574f43a7864f395c80d00,174340.024378,174340.024378,0.0,1,0,1709160443
2024-02-22,0x9d933f0af9dc01a6f9e5d2e6dcb25b6d0837ea81,163,0x7ed7888f3bf70ed07f94fd7381d39476928331f7,0.0,0.0,210274.718397,0,1,1709157257
2024-02-22,0x9d933f0af9dc01a6f9e5d2e6dcb25b6d0837ea81,170,0xbe6695fb4c6fed0385568a3dd1873746054ed958,0.0,0.0,243673.101277,0,1,1709156901
2024-02-22,0x9d933f0af9dc01a6f9e5d2e6dcb25b6d0837ea81,177,0xdffd8bbf8dcaf236c4e009ff6013bfc98407b6c0,58326.172666,58326.172666,0.0,1,0,1709154053
2024-02-22,0x9d933f0af9dc01a6f9e5d2e6dcb25b6d0837ea81,200,0x84740d1658462441250885423588b6fd12314747,0.0,0.0,194578.827877,0,1,1709125613
2024-02-22,0x9d933f0af9dc01a6f9e5d2e6dcb25b6d0837ea81,223,0xb6a4035370947825d94ca4ac5d30d828ad50265c,177983.553582,177983.553582,0.0,1,0,1709146937
2024-02-22,0x9d933f0af9dc01a6f9e5d2e6dcb25b6d0837ea81,257,0x4026b3da349c2952255ca9db4f055ea57f4e037c,138642.625576,138642.625576,0.0,1,0,1709153589
2024-02-22,0x9d933f0af9dc01a6f9e5d2e6dcb25b6d0837ea81,289,0x95b05f935655c37ada2088c5767e5006f230b068,11670.164205,11670.164205,0.0,1,0,1709153629
2024-02-22,0x9d933f0af9dc01a6f9e5d2e6dcb25b6d0837ea81,304,0xbbb33d2e7bd7ddc722e53da9ca8ee97df41cfabf,0.0,0.0,27041.614222,0,1,1709014917
2024-02-22,0x9d933f0af9dc01a6f9e5d2e6dcb25b6d0837ea81,324,0x8371ec1d9b31899e8a7574f43a7864f395c80d00,99221.734091,99221.734091,0.0,1,0,1709160551
2024-02-22,0x9d933f0af9dc01a6f9e5d2e6dcb25b6d0837ea81,327,0xd2f132930ea3c58a389c6ad3a91ef104f95fe697,0.0,0.0,100724.055111,0,1,1709145627
2024-02-22,0x9d933f0af9dc01a6f9e5d2e6dcb25b6d0837ea81,331,0x5181cdf1bb20da04ba788f82989f29e65b67314a,0.0,0.0,102110.191625,0,1,1709106449
2024-02-22,0x9d933f0af9dc01a6f9e5d2e6dcb25b6d0837ea81,346,0x2b26da567c2a8c220daf91be8e37a429d33aef0b,0.0,0.0,92054.892756,0,1,1709145521
2024-02-22,0x9d933f0af9dc01a6f9e5d2e6dcb25b6d0837ea81,368,0x4388cb70d7e0ba4a9363f97ea08579364c60290e,0.0,0.0,269322.97885,0,1,1708565703
2024-02-22,0x9d933f0af9dc01a6f9e5d2e6dcb25b6d0837ea81,376,0xff53e3a27b7252148e0f1daf4a00261eee59177f,18081.956675,18081.956675,18081.956675,1,1,1709157287
2024-02-22,0x9d933f0af9dc01a6f9e5d2e6dcb25b6d0837ea81,430,0x9126f97fb57a9bc4949d09201c9119aef5526aab,71536.24498,71536.24498,59455.50308,1,1,1709152497
2024-02-22,0x9d933f0af9dc01a6f9e5d2e6dcb25b6d0837ea81,486,0x7ee615e93d2d58feb14e58ea93f3fb5940d227e4,21088.351619,21088.351619,13118.275132,1,1,1709121243
2024-02-22,0x9d933f0af9dc01a6f9e5d2e6dcb25b6d0837ea81,527,0x80d2214479e1cf9d79ea6690c4fff58fc56f866c,10520.337372,10520.337372,0.0,1,0,1709150467
2024-02-22,0x9d933f0af9dc01a6f9e5d2e6dcb25b6d0837ea81,536,0xf6ed81d5e9f61dd1ea21e96ae1d660ecc388ae4f,12393.658358,12393.658358,12371.057782,1,1,1709150303
2024-02-22,0x9d933f0af9dc01a6f9e5d2e6dcb25b6d0837ea81,558,0x985dbffd8daaf59cc68883d17cfab313b2343184,0.0,0.0,21461.422106,0,1,1709148545
2024-02-22,0x9d933f0af9dc01a6f9e5d2e6dcb25b6d0837ea81,575,0x94587a95917188b338c822de2d1e77074131589f,0.0,0.0,10338.273458,0,1,1708709107
2024-02-22,0x9d933f0af9dc01a6f9e5d2e6dcb25b6d0837ea81,641,0x1aec38688e9e504fe1e5137e7c92bb1b092faa15,0.0,0.0,33582.92178,0,1,1709156531
2024-02-22,0x9d933f0af9dc01a6f9e5d2e6dcb25b6d0837ea81,655,0x3590f55eecc2eb731e6888acf5e5c87f22be85be,32032.066233,32032.066233,0.0,1,0,1709127825
2024-02-22,0x9d933f0af9dc01a6f9e5d2e6dcb25b6d0837ea81,716,0x7026d2dc1a6314dcae5b8834c506987a30c702a6,27788.191007,27788.191007,27423.620709,1,1,1708605043
2024-02-22,0x9d933f0af9dc01a6f9e5d2e6dcb25b6d0837ea81,741,0xbf49b454818783d12bf4f3375ff17c59015e66cb,0.0,14980.383371,29847.219559,1,2,1708816527
2024-02-22,0x9d933f0af9dc01a6f9e5d2e6dcb25b6d0837ea81,769,0x38e76e6d3024475e2d39deb94b2797ce801381c0,24106.30425,24106.30425,0.0,1,0,1709152213
2024-02-22,0x9d933f0af9dc01a6f9e5d2e6dcb25b6d0837ea81,775,0xc210a5ef47b75851d5bfdf20d9a66a28df17a7a2,0.0,0.0,23190.934267,0,1,1709156323
2024-02-22,0x9d933f0af9dc01a6f9e5d2e6dcb25b6d0837ea81,784,0x03a01b531ed557460922583afb4a4c3c84d7f9b1,22516.060323,22516.060323,0.0,1,0,1709151733
2024-02-22,0x9d933f0af9dc01a6f9e5d2e6dcb25b6d0837ea81,796,0xde4eb5c828432d1d674a6143029604bc811011e7,21956.182362,21956.182362,0.0,1,0,1709151075
2024-02-22,0x9d933f0af9dc01a6f9e5d2e6dcb25b6d0837ea81,799,0xe7090015768ed8f07ada91bded606f3bc44100b4,0.0,0.0,11174.923898,0,1,1709158481
2024-02-22,0x9d933f0af9dc01a6f9e5d2e6dcb25b6d0837ea81,858,0x9d068c281afa4f518e2393702adff6b4f22c1156,50280.866602,50280.866602,0.0,1,0,1709131341
2024-02-22,0x9d933f0af9dc01a6f9e5d2e6dcb25b6d0837ea81,861,0xdda35a6b42d74146b3d93c3718666a774a0fafd3,0.0,0.0,19571.168152,0,1,1709139209
2024-02-22,0x9d933f0af9dc01a6f9e5d2e6dcb25b6d0837ea81,873,0x0e42d7887e4dfd681fe295bec85729c0420e0ae0,19006.92046,19006.92046,18905.309142,1,1,1709094789
2024-02-22,0x9d933f0af9dc01a6f9e5d2e6dcb25b6d0837ea81,887,0x50fa50fa2032d85eb2dda303929bf56886aa9afb,0.0,0.0,20718.643503,0,1,1709083303
2024-02-22,0x9d933f0af9dc01a6f9e5d2e6dcb25b6d0837ea81,991,0x986fcc6b0d290308ad6f6a0e8471f74f53dec06a,0.0,0.0,15567.632202,0,1,1708587165
2024-02-22,0x9d933f0af9dc01a6f9e5d2e6dcb25b6d0837ea81,1005,0xceeeb61e596f0bae44b791f3f1655501df7fa045,0.0,0.0,7908.844835,0,1,1709125611
2024-02-22,0x9d933f0af9dc01a6f9e5d2e6dcb25b6d0837ea81,1021,0x9cf64fa5e8eaad5250d94a97879a3eac598ee262,14809.617424,14809.617424,14809.617424,1,1,1709064709
2024-02-22,0x9d933f0af9dc01a6f9e5d2e6dcb25b6d0837ea81,1053,0x3216a8a03b07b6b19cbc21d62c8942e625fc3e07,6527.31074,6527.31074,6515.407799,1,1,1709139995
2024-02-22,0x9d933f0af9dc01a6f9e5d2e6dcb25b6d0837ea81,1187,0x4a337d1df22d0d3077caefd083a1b70aa168d087,0.0,0.0,11469.64293,0,1,1709041671
2024-02-22,0x9d933f0af9dc01a6f9e5d2e6dcb25b6d0837ea81,1188,0x3df6fedbf3ed9e580cbf573d712b5cbb725bb2a7,11467.932366,11467.932366,0.0,1,0,1709146805
2024-02-22,0x9d933f0af9dc01a6f9e5d2e6dcb25b6d0837ea81,1226,0x57b8858dcf27d5e46ff442e5a7ae9e6e440ef131,0.0,0.0,11780.961288,0,1,1709101023
2024-02-22,0x9d933f0af9dc01a6f9e5d2e6dcb25b6d0837ea81,1243,0xe8b2c24038079bb624010ca7185d5cdfb716320e,0.0,0.0,106236.978125,0,1,1709091633
2024-02-22,0x9d933f0af9dc01a6f9e5d2e6dcb25b6d0837ea81,1263,0x8ba6fb982cb4b6a240065376b944100bce31b9d6,0.0,0.0,10107.994427,0,1,1709055897
2024-02-22,0x9d933f0af9dc01a6f9e5d2e6dcb25b6d0837ea81,1319,0x02d5aaf51e74be71ad72a5d8623f544112bfb18e,9259.473948,9259.473948,0.0,1,0,1709153917
2024-02-22,0x9d933f0af9dc01a6f9e5d2e6dcb25b6d0837ea81,1337,0x6ccd7c23e6ccd9c5258edda9fca61d1214de5622,9039.552707,9039.552707,9039.552707,1,1,1709154259
2024-02-22,0x9d933f0af9dc01a6f9e5d2e6dcb25b6d0837ea81,1364,0xc62f2483eed109d42c78147ea618d858578103d8,4979.013913,4979.013913,0.0,1,0,1709151455
2024-02-22,0x9d933f0af9dc01a6f9e5d2e6dcb25b6d0837ea81,1390,0xcb879f75c93f3cd545a7955f41419a96817cc5d9,8533.656055,8533.656055,0.0,1,0,1709152137
2024-02-22,0x9d933f0af9dc01a6f9e5d2e6dcb25b6d0837ea81,1430,0xfb07d2bdef2deb1ebec001644b4732ab77281c7a,0.0,0.0,10223.709152,0,1,1709086421
2024-02-22,0x9d933f0af9dc01a6f9e5d2e6dcb25b6d0837ea81,1456,0x78f214cf1287b5c97df55a285e885b09c0d43e3d,7694.536069,7694.536069,0.0,1,0,1709145597
2024-02-22,0x9d933f0af9dc01a6f9e5d2e6dcb25b6d0837ea81,1484,0x3f9d06d42cb2b04ada2d9a8cdfbf63c5206d7deb,0.0,0.0,8692.324374,0,1,1709137865
2024-02-22,0x9d933f0af9dc01a6f9e5d2e6dcb25b6d0837ea81,1491,0xd608fb109124da6d3e8eca45d789ecaf8641ea77,3744.571733,3744.571733,1872.285867,1,1,1709131439
2024-02-22,0x9d933f0af9dc01a6f9e5d2e6dcb25b6d0837ea81,1528,0xf7ce05cb95d321c7f22aefd1defb99e54e087b15,0.0,0.0,8412.682356,0,1,1709143995
2024-02-22,0x9d933f0af9dc01a6f9e5d2e6dcb25b6d0837ea81,1533,0x0ea983f21f58f0e1a29ed653bcfc8afac4fec2a4,14550.570974,14550.570974,0.0,1,0,1709150009
2024-02-22,0x9d933f0af9dc01a6f9e5d2e6dcb25b6d0837ea81,1585,0x6f7e3d13f1dc8077892749322eeb8b39ff7b0917,0.0,0.0,6781.806809,0,1,1708814881
2024-02-22,0x9d933f0af9dc01a6f9e5d2e6dcb25b6d0837ea81,1592,0xdbdf70689cb64b096c5291843936c56731e8240b,6766.582428,6766.582428,6754.243161,1,1,1709121313
2024-02-22,0x9d933f0af9dc01a6f9e5d2e6dcb25b6d0837ea81,1596,0xa943681cf687774c2d44aab6aeb7d8c701fb7cbb,0.0,0.0,6698.019537,0,1,1709089891
2024-02-22,0x9d933f0af9dc01a6f9e5d2e6dcb25b6d0837ea81,1603,0x17114903eb90909d3058dae24d583e5970030ffb,0.0,0.0,6634.509469,0,1,1709150241
2024-02-22,0x9d933f0af9dc01a6f9e5d2e6dcb25b6d0837ea81,1618,0x8b478359b5593747473e67f78b1f0048c1c523ed,27876.910623,27876.910623,0.0,1,0,1709128611
2024-02-22,0x9d933f0af9dc01a6f9e5d2e6dcb25b6d0837ea81,1621,0xfb5b4b6bdb5787a07b227bc99e36d314bccd18ca,2550.65016,2550.65016,0.0,1,0,1709157107
2024-02-22,0x9d933f0af9dc01a6f9e5d2e6dcb25b6d0837ea81,1625,0x12cc270bb2136c772b7e28868d7782aa62827229,6493.818445,6493.818445,0.0,1,0,1709153671
2024-02-22,0x9d933f0af9dc01a6f9e5d2e6dcb25b6d0837ea81,1659,0x3d002f4ca9bfb006d2ce5802be73b8b782ea6fdd,0.0,0.0,6307.913347,0,1,1709150627
2024-02-22,0x9d933f0af9dc01a6f9e5d2e6dcb25b6d0837ea81,1676,0x8af0a5658776b68912b22ec954a91b9c20d3f8aa,6324.276721,6324.276721,6312.744025,1,1,1709061427
2024-02-22,0x9d933f0af9dc01a6f9e5d2e6dcb25b6d0837ea81,1782,0x8f824380bdf496f539d8306500f87a2cba38f828,5310.099289,5310.099289,0.0,1,0,1709127103
2024-02-22,0x9d933f0af9dc01a6f9e5d2e6dcb25b6d0837ea81,1799,0xac98dc2496bcd84b6f1079d90dd37734137b126b,0.0,0.0,5341.118312,0,1,1708612217
2024-02-22,0x9d933f0af9dc01a6f9e5d2e6dcb25b6d0837ea81,1842,0xc8f7738df10e9c8f8f0c330d6c89fb820ad5bfe4,0.0,0.0,5038.001361,0,1,1709126691
2024-02-22,0x9d933f0af9dc01a6f9e5d2e6dcb25b6d0837ea81,1857,0xf7c8a4a99ba34b4744d08999dd017b5faa4d3378,0.0,0.0,4805.495389,0,1,1709149843
2024-02-22,0x9d933f0af9dc01a6f9e5d2e6dcb25b6d0837ea81,1887,0x77337dfe579a03a07a475870db443d65127f0769,4741.666491,4741.666491,0.0,1,0,1709128321
2024-02-22,0x9d933f0af9dc01a6f9e5d2e6dcb25b6d0837ea81,1952,0xd23199f1222c418ffc74c385171330b21b16e452,0.0,0.0,4477.127354,0,1,1708730361
2024-02-22,0x9d933f0af9dc01a6f9e5d2e6dcb25b6d0837ea81,2089,0x6bcb9ec9686aeb3b2fd854f036d3f24fd48eabba,0.0,0.0,3633.541647,0,1,1708719451
2024-02-22,0x9d933f0af9dc01a6f9e5d2e6dcb25b6d0837ea81,2137,0xec807617da8eb89f9a47960f7c0523a82d75253d,0.0,0.0,3994.119478,0,1,1709139379
2024-02-22,0x9d933f0af9dc01a6f9e5d2e6dcb25b6d0837ea81,2189,0xabfd07cc78910f8875169ae6373d95316f4ca117,0.0,0.0,385737.924447,0,1,1709051951
2024-02-22,0x9d933f0af9dc01a6f9e5d2e6dcb25b6d0837ea81,2198,0x04c872122ec2553b2d8adcc6c7eac4bec7717ccf,0.0,0.0,3776.490869,0,1,1709054229
2024-02-22,0x9d933f0af9dc01a6f9e5d2e6dcb25b6d0837ea81,2255,0xd8992543ef65dc04ba8e71be895435bee3ab796f,0.0,0.0,3839.193671,0,1,1709123743
2024-02-22,0x9d933f0af9dc01a6f9e5d2e6dcb25b6d0837ea81,2261,0xde7667870f823e899b1d21cce01ed690e4c80f51,2753.414098,2753.414098,2672.705374,1,1,1709130869
2024-02-22,0x9d933f0af9dc01a6f9e5d2e6dcb25b6d0837ea81,2273,0x69d6c073b693c250e26b9daaa439bfcb4993a6e4,1865.332826,1865.332826,3723.862559,1,1,1709152565
2024-02-22,0x9d933f0af9dc01a6f9e5d2e6dcb25b6d0837ea81,2300,0x45adff324eb1ac03a6a115dc539052232d4ba980,4434.540094,4434.540094,4375.882857,1,1,1709130371
2024-02-22,0x9d933f0af9dc01a6f9e5d2e6dcb25b6d0837ea81,2351,0x3bc29ca7ff3bb9a205a766d31c1cdd6917202734,3549.978622,3549.978622,3543.505024,1,1,1708642023
2024-02-22,0x9d933f0af9dc01a6f9e5d2e6dcb25b6d0837ea81,2362,0xbaa9b493bccbe1a900b39870980f41356f85822a,6504.944483,6504.944483,6493.082328,1,1,1709150013
2024-02-22,0x9d933f0af9dc01a6f9e5d2e6dcb25b6d0837ea81,2377,0xc8b02bd12705f1cf4ee78dae82557919c8733dc4,4909.553306,4909.553306,4934.145178,1,1,1709127225
2024-02-22,0x9d933f0af9dc01a6f9e5d2e6dcb25b6d0837ea81,2395,0xf56036f6a5d9b9991c209dcbc9c40b2c1cd46540,3471.7928,3471.7928,0.0,1,0,1709148863
2024-02-22,0x9d933f0af9dc01a6f9e5d2e6dcb25b6d0837ea81,2494,0x875a6dc230931ebd99542a89f76837d861d2c2f7,0.0,0.0,3305.134642,0,1,1708672133
2024-02-22,0x9d933f0af9dc01a6f9e5d2e6dcb25b6d0837ea81,2496,0x6a90b0f458c45a6ccb805455fe1d3a69c93a18ec,3302.887191,3302.887191,0.0,1,0,1709153627
2024-02-22,0x9d933f0af9dc01a6f9e5d2e6dcb25b6d0837ea81,2546,0x8b478359b5593747473e67f78b1f0048c1c523ed,0.0,3322.536259,6603.63103,1,2,1709128839
2024-02-22,0x9d933f0af9dc01a6f9e5d2e6dcb25b6d0837ea81,2731,0xd511a8d9448dc95e774000dcc342207144aa9377,2864.990568,2864.990568,0.0,1,0,1709150771
2024-02-22,0x9d933f0af9dc01a6f9e5d2e6dcb25b6d0837ea81,2879,0x3160d515e01067cc3563a0fe447c7dd7fc57364a,0.0,0.0,2270.526284,0,1,1709101975
2024-02-22,0x9d933f0af9dc01a6f9e5d2e6dcb25b6d0837ea81,2922,0x506765dfde54034cffc105747ed8829c2b719719,0.0,0.0,2155.507284,0,1,1709143285
2024-02-22,0x9d933f0af9dc01a6f9e5d2e6dcb25b6d0837ea81,3005,0xed09b11bd34b3094f479b08c9db9d47b32de994c,735.534906,735.534906,735.534906,1,1,1708712363
2024-02-22,0x9d933f0af9dc01a6f9e5d2e6dcb25b6d0837ea81,3400,0x1e51745bdb4436563097833ba83dcc51109d9fa8,718.259064,718.259064,359.129532,1,1,1709156987
2024-02-22,0x9d933f0af9dc01a6f9e5d2e6dcb25b6d0837ea81,3505,0xec5c16f3eaf86a801a3e89201dd39bddd1786cbf,0.0,0.0,1292.245292,0,1,1709100895
2024-02-22,0x9d933f0af9dc01a6f9e5d2e6dcb25b6d0837ea81,3879,0x8b6e3e6e1a0fc6bcb29e2bbe986fb09cb2302297,922.862851,922.862851,0.0,1,0,1709141231
2024-02-22,0x9d933f0af9dc01a6f9e5d2e6dcb25b6d0837ea81,3927,0x13b4ffd03e9093465c9dfed09227b6232a823a9b,0.0,0.0,895.559001,0,1,1709010203
2024-02-22,0x9d933f0af9dc01a6f9e5d2e6dcb25b6d0837ea81,3962,0xf51754d95c0b9bb416ab4915e9f10b04d04d29e5,859.611916,859.611916,0.0,1,0,1709122125
2024-02-22,0x9d933f0af9dc01a6f9e5d2e6dcb25b6d0837ea81,4107,0xa8293dd8eb52564a35b8357a539146321b934153,739.93106,739.93106,0.0,1,0,1709121877
2024-02-22,0x9d933f0af9dc01a6f9e5d2e6dcb25b6d0837ea81,4299,0x942114d2222af79422d11ddb0a96ddf2997fecb9,1189.528514,1189.528514,0.0,1,0,1709154709
2024-02-22,0x9d933f0af9dc01a6f9e5d2e6dcb25b6d0837ea81,4313,0x7bb9dccc97052ddef05141897fe8313fd4ad0418,615.267271,615.267271,0.0,1,0,1709122297
2024-02-22,0x9d933f0af9dc01a6f9e5d2e6dcb25b6d0837ea81,4613,0x12ed17d0061c89362a1fd0ba9aa960d68b97bd79,237.017158,237.017158,237.017158,1,1,1709146791
2024-02-22,0x9d933f0af9dc01a6f9e5d2e6dcb25b6d0837ea81,4631,0x81f967ad9533232946d5f9e492862bdd93b5d641,0.0,0.0,5484.822012,0,1,1708629829
2024-02-22,0x9d933f0af9dc01a6f9e5d2e6dcb25b6d0837ea81,4986,0x5283d441e291e3ba7c12c93aa85cb9b2b8e55639,402.365684,402.365684,0.0,1,0,1709151999
2024-02-22,0x9d933f0af9dc01a6f9e5d2e6dcb25b6d0837ea81,5371,0x4c0d9bff934e53cca53d98c187d0f6b29eecfd64,0.0,0.0,377.60476,0,1,1709010327
2024-02-22,0x9d933f0af9dc01a6f9e5d2e6dcb25b6d0837ea81,5660,0x856980373f9f8b8f6d7846533419b5be34500b2f,0.0,0.0,367.329564,0,1,1709128613
2024-02-22,0x9d933f0af9dc01a6f9e5d2e6dcb25b6d0837ea81,5919,0x69221ff37014459b4be9038bd51e724fc258f60a,0.0,0.0,361.976482,0,1,1709111301
2024-02-22,0x9d933f0af9dc01a6f9e5d2e6dcb25b6d0837ea81,6001,0xe538eb2f128634a95a0ce48f9efb3b6b58d1b3eb,0.0,0.0,4096.006132,0,1,1708592973
2024-02-22,0x9d933f0af9dc01a6f9e5d2e6dcb25b6d0837ea81,6372,0x6b6597710ac103f998e77f48caad882788e24471,0.0,0.0,371.776278,0,1,1708743497
2024-02-22,0x9d933f0af9dc01a6f9e5d2e6dcb25b6d0837ea81,6585,0x221a68818a6a77fae0d920306b45a3b1e32e6743,0.0,0.0,5762.503896,0,1,1708614761
2024-02-22,0x9d933f0af9dc01a6f9e5d2e6dcb25b6d0837ea81,7121,0x011b0a055e02425461a1ae95b30f483c4ff05be7,373583.500045,373583.500045,0.0,1,0,1709155407
2024-02-22,0x9d933f0af9dc01a6f9e5d2e6dcb25b6d0837ea81,7122,0x011b0a055e02425461a1ae95b30f483c4ff05be7,103086.540845,103086.540845,0.0,1,0,1709155433
2024-02-22,0x9d933f0af9dc01a6f9e5d2e6dcb25b6d0837ea81,7807,0xf7934c4e816a087e9288898c59c2e128be34fc8f,0.0,0.0,18.775504,0,1,1709134115
2024-02-22,0x9d933f0af9dc01a6f9e5d2e6dcb25b6d0837ea81,7854,0x7bf8284bc23536418eb1b8eb187e652f4debd979,0.0,0.0,18.452098,0,1,1709130829
2024-02-22,0x9d933f0af9dc01a6f9e5d2e6dcb25b6d0837ea81,8387,0x44c630a1fcc2817e048cc1101050a18f919cd099,0.0,0.0,42949.244833,0,1,1709147001
2024-02-22,0x9d933f0af9dc01a6f9e5d2e6dcb25b6d0837ea81,8395,0x5181cdf1bb20da04ba788f82989f29e65b67314a,0.0,0.0,16293.7528,0,1,1709106469
2024-02-22,0x9d933f0af9dc01a6f9e5d2e6dcb25b6d0837ea81,8852,0x6adabc8287a814b21a67e2b5811ed19ae708872f,0.0,0.0,2859.087053,0,1,1708775985
2024-02-22,0x9d933f0af9dc01a6f9e5d2e6dcb25b6d0837ea81,9199,0xdab85506424396fb090d84b64ad63b770d87c028,0.0,0.0,152759.872825,0,1,1709079891
2024-02-22,0x9d933f0af9dc01a6f9e5d2e6dcb25b6d0837ea81,9258,0xd847fda8158b1dcada13d386b1372136724d4f3f,0.0,0.0,13698.376103,0,1,1709105865
2024-02-22,0x9d933f0af9dc01a6f9e5d2e6dcb25b6d0837ea81,9323,0x977469bde563c277cd0e92326126413043f4bacf,54668.849434,54668.849434,0.0,1,0,1709151511
2024-02-22,0x9d933f0af9dc01a6f9e5d2e6dcb25b6d0837ea81,9363,0x7c62c034a3633416b5ce91e591c5c8ccc0f53ca3,248.621314,248.621314,259.126827,1,1,1709152835
2024-02-22,0x9d933f0af9dc01a6f9e5d2e6dcb25b6d0837ea81,9754,0xd287b9581d7d502e681a1c4c3882e765594defc7,0.0,0.0,9091.857722,0,1,1709098795
2024-02-22,0x9d933f0af9dc01a6f9e5d2e6dcb25b6d0837ea81,9848,0xdbd141d31bf07efbbf17b4c3d8d4d0465ab2c871,0.0,0.0,472.051211,0,1,1708698527
2024-02-22,0x9d933f0af9dc01a6f9e5d2e6dcb25b6d0837ea81,9891,0x9faa9d3fdbf962d8ce187575e68a44cd858dcba8,0.0,0.0,47554.121837,0,1,1709135119
2024-02-22,0x9d933f0af9dc01a6f9e5d2e6dcb25b6d0837ea81,9901,0xfb07d2bdef2deb1ebec001644b4732ab77281c7a,0.0,0.0,1032.417001,0,1,1709084749
2024-02-22,0x9d933f0af9dc01a6f9e5d2e6dcb25b6d0837ea81,9950,0x9faa9d3fdbf962d8ce187575e68a44cd858dcba8,0.0,0.0,29927.464698,0,1,1709135145
2024-02-22,0x9d933f0af9dc01a6f9e5d2e6dcb25b6d0837ea81,10044,0xec7c75a3f03598fd7f9babcdd904ecf389f78c4f,0.0,0.0,2837.064119,0,1,1708629775
2024-02-22,0x9d933f0af9dc01a6f9e5d2e6dcb25b6d0837ea81,10354,0x0123e230c261e026c476a21fae07de3aa55ac870,2070.55388,2070.55388,0.0,1,0,1709132293
2024-02-22,0x9d933f0af9dc01a6f9e5d2e6dcb25b6d0837ea81,10524,0xd287b9581d7d502e681a1c4c3882e765594defc7,0.0,0.0,1243.626806,0,1,1709098829
2024-02-22,0x9d933f0af9dc01a6f9e5d2e6dcb25b6d0837ea81,10543,0x73edcd0f5cf8df7a3e1d11ef5d696c266d996f9d,7994.890398,7994.890398,0.0,1,0,1709149917
2024-02-22,0x9d933f0af9dc01a6f9e5d2e6dcb25b6d0837ea81,10630,0xdaaffba0ab113acbee5c65ecdcccdc60aaf7d110,0.0,0.0,1066.300186,0,1,1709133925
2024-02-22,0x9d933f0af9dc01a6f9e5d2e6dcb25b6d0837ea81,10657,0x892176d784bed3dc877a62f3ff9fc091377b2a49,0.0,0.0,19662.447437,0,1,1708881263
2024-02-22,0x9d933f0af9dc01a6f9e5d2e6dcb25b6d0837ea81,10694,0x04490dc0f52a97ef2d6ea0c4d9edbcde8c8546cc,0.0,0.0,86029.066527,0,1,1708574529
2024-02-22,0x9d933f0af9dc01a6f9e5d2e6dcb25b6d0837ea81,10811,0xe742c794bfe6393b9cb5643058d9810ef488e1ac,0.0,0.0,23791.807554,0,1,1709132511
2024-02-22,0x9d933f0af9dc01a6f9e5d2e6dcb25b6d0837ea81,10852,0x3426316b1eb507bf2bdfe37b97c7e4456cb8b49b,8.82213,8.82213,0.0,1,0,1708631767
2024-02-22,0x9d933f0af9dc01a6f9e5d2e6dcb25b6d0837ea81,10926,0xec493b8ee4aec10e4e2cc0c2f1da65aadb23bcfd,0.0,0.0,3556.840451,0,1,1708821831
2024-02-22,0x9d933f0af9dc01a6f9e5d2e6dcb25b6d0837ea81,10950,0x32e39feeb3c6e5bb296ec0fd7c10489711e13317,0.0,0.0,41173.479556,0,1,1709109977
2024-02-22,0x9d933f0af9dc01a6f9e5d2e6dcb25b6d0837ea81,11004,0xdaaffba0ab113acbee5c65ecdcccdc60aaf7d110,0.0,0.0,178.733161,0,1,1709133931
2024-02-22,0x9d933f0af9dc01a6f9e5d2e6dcb25b6d0837ea81,11005,0x1b41643bc6d347c864c1337ae852c96495459f6c,0.0,0.0,97.319847,0,1,1709135493
2024-02-22,0x9d933f0af9dc01a6f9e5d2e6dcb25b6d0837ea81,11022,0xea6d4b6962d9c19c62dd391bbf4c5e7a3ac0632a,1107.847117,1107.847117,790.466767,1,1,1709134589
2024-02-22,0x9d933f0af9dc01a6f9e5d2e6dcb25b6d0837ea81,11051,0xdaaffba0ab113acbee5c65ecdcccdc60aaf7d110,0.0,0.0,609.96776,0,1,1709133937
2024-02-22,0x9d933f0af9dc01a6f9e5d2e6dcb25b6d0837ea81,11090,0xea6d4b6962d9c19c62dd391bbf4c5e7a3ac0632a,1274.869297,1274.869297,1304.025568,1,1,1709134605
2024-02-22,0x9d933f0af9dc01a6f9e5d2e6dcb25b6d0837ea81,11120,0x0b5897d201d83a9fcbeefc086c100a8eaa5ada9a,17068.9464,17068.9464,0.0,1,0,1709109093
2024-02-22,0x9d933f0af9dc01a6f9e5d2e6dcb25b6d0837ea81,11238,0xea6d4b6962d9c19c62dd391bbf4c5e7a3ac0632a,0.0,0.0,126.160124,0,1,1708609551
2024-02-22,0x9d933f0af9dc01a6f9e5d2e6dcb25b6d0837ea81,11268,0xa611620d9079195043b6bde2fd752230a5094ed9,0.0,0.0,13395.061343,0,1,1708922625
2024-02-22,0x9d933f0af9dc01a6f9e5d2e6dcb25b6d0837ea81,11371,0x623607bdf98e37163f93171c0b0d359880d1e1d0,0.0,0.0,290672.573472,0,1,1709077507
2024-02-22,0x9d933f0af9dc01a6f9e5d2e6dcb25b6d0837ea81,11395,0x1b41643bc6d347c864c1337ae852c96495459f6c,0.0,0.0,246.317684,0,1,1709135505
2024-02-22,0x9d933f0af9dc01a6f9e5d2e6dcb25b6d0837ea81,11440,0x76dac15813d4267248dc28a0724d859a7326f328,13161.801531,26538.363333,26498.379151,2,2,1709079511
2024-02-22,0x9d933f0af9dc01a6f9e5d2e6dcb25b6d0837ea81,11486,0x2df1d109652fe1913b405e2b662f04df7eef75d5,0.0,0.0,3552.289474,0,1,1708750849
2024-02-22,0x9d933f0af9dc01a6f9e5d2e6dcb25b6d0837ea81,11558,0x5a1871c41659839d00a00f1b23eb38a6338dba74,0.0,0.0,12164.10547,0,1,1709149697
2024-02-22,0x9d933f0af9dc01a6f9e5d2e6dcb25b6d0837ea81,11642,0xfd2496276bc48d338675488ea528d6c4fcbd1f12,0.0,0.0,236.266953,0,1,1709134803
2024-02-22,0x9d933f0af9dc01a6f9e5d2e6dcb25b6d0837ea81,11654,0x6c168e4fdc09b0008d95cb1e72f0c75ab93aa858,0.0,0.0,3.279218,0,1,1708568831
2024-02-22,0x9d933f0af9dc01a6f9e5d2e6dcb25b6d0837ea81,11895,0x2c80b4c8ec66b5dcde635cfa593acc18dd50015a,0.0,0.0,712.5,0,1,1709135145
2024-02-22,0x9d933f0af9dc01a6f9e5d2e6dcb25b6d0837ea81,11896,0x2c80b4c8ec66b5dcde635cfa593acc18dd50015a,0.0,0.0,367.047752,0,1,1709135163
2024-02-22,0x9d933f0af9dc01a6f9e5d2e6dcb25b6d0837ea81,11911,0xf05454c3d16090b652cf5389c9ee520cec477e5e,0.0,0.0,496.414078,0,1,1709111401
2024-02-22,0x9d933f0af9dc01a6f9e5d2e6dcb25b6d0837ea81,11982,0x1b41643bc6d347c864c1337ae852c96495459f6c,0.0,0.0,60.0,0,1,1709135519
2024-02-22,0x9d933f0af9dc01a6f9e5d2e6dcb25b6d0837ea81,12015,0x8e1378c5c12b3207edef52204a1c81c170818e62,5978.808171,5978.808171,0.0,1,0,1709155295
2024-02-22,0x9d933f0af9dc01a6f9e5d2e6dcb25b6d0837ea81,12048,0x501ab5290fbdfe5167a1ec8b49a897b342765985,0.0,0.0,60965.423311,0,1,1709142217
2024-02-22,0x9d933f0af9dc01a6f9e5d2e6dcb25b6d0837ea81,12067,0x4388cb70d7e0ba4a9363f97ea08579364c60290e,0.0,0.0,1720.0,0,1,1708565673
2024-02-22,0x9d933f0af9dc01a6f9e5d2e6dcb25b6d0837ea81,12221,0x525ef496ac790dc37829f2d6d9d026ca8aca00e4,2.827612,2.827612,0.0,1,0,1708760551
2024-02-22,0x9d933f0af9dc01a6f9e5d2e6dcb25b6d0837ea81,12224,0x40e5383a4439f9e896e090f18de98b399467d128,1.896366,1.896366,0.0,1,0,1708761229
2024-02-22,0x9d933f0af9dc01a6f9e5d2e6dcb25b6d0837ea81,12282,0x96cef550d4658e5fd523b0db08cff6257c8d08cc,3.129861,3.129861,0.0,1,0,1708894369
2024-02-22,0x9d933f0af9dc01a6f9e5d2e6dcb25b6d0837ea81,12283,0x6e307c83560f51c63b53f79dce4c3122b748e4f6,1.835164,1.835164,0.0,1,0,1708894643
2024-02-22,0x9d933f0af9dc01a6f9e5d2e6dcb25b6d0837ea81,12284,0xf3c3605011e7d0591eff603fbe9ec2639f860360,1.451366,1.451366,0.0,1,0,1708895653
2024-02-22,0x9d933f0af9dc01a6f9e5d2e6dcb25b6d0837ea81,12285,0xbbf0b49ca84e61e833e8a10d4d2e6603f151b1a4,3.656556,3.656556,0.0,1,0,1708896417
2024-02-22,0x9d933f0af9dc01a6f9e5d2e6dcb25b6d0837ea81,12303,0x0b0811d3d8342063db74b45a4344cdbee6389bdb,1.003516,1.003516,0.0,1,0,1708967531
2024-02-22,0x9d933f0af9dc01a6f9e5d2e6dcb25b6d0837ea81,12321,0x6c1ddfb81a3666188267296f10253a5a9b5bae40,1230.45173,1230.45173,0.0,1,0,1709012061
2024-02-22,0x9d933f0af9dc01a6f9e5d2e6dcb25b6d0837ea81,12339,0x118da117c2d3edaf0b9bf63bdc00dddaa65a6aed,4.808427,4.808427,0.0,1,0,1709037271
2024-02-22,0x9d933f0af9dc01a6f9e5d2e6dcb25b6d0837ea81,12341,0x118da117c2d3edaf0b9bf63bdc00dddaa65a6aed,34.707647,34.707647,0.0,1,0,1709037935
2024-02-22,0x9d933f0af9dc01a6f9e5d2e6dcb25b6d0837ea81,12378,0x1fe32eab2c750c58c1af19d1e237f109ec27acaf,53.715716,53.715716,0.0,1,0,1709101175
2024-02-22,0x9d933f0af9dc01a6f9e5d2e6dcb25b6d0837ea81,12405,0x6c1ddfb81a3666188267296f10253a5a9b5bae40,273.662506,273.662506,0.0,1,0,1709147425
2024-02-22,0x9e4cb8b916289864321661ce02cf66aa5ba63c94,657,0x2067bed542762d26e2755ce7d8776728f3429f48,15977.446753,15977.446753,15919.767553,1,1,1709036623
2024-02-22,0x9e4cb8b916289864321661ce02cf66aa5ba63c94,700,0xccc4e8ad313df8150211b1b934725345924ab81d,0.0,0.0,27541.493521,0,1,1709147117
2024-02-22,0x9e4cb8b916289864321661ce02cf66aa5ba63c94,984,0x68e0384d0a5daaf5dc4247ab0d49cf6dce4aa748,0.0,0.0,16448.2213,0,1,1709160589
2024-02-22,0x9e4cb8b916289864321661ce02cf66aa5ba63c94,1386,0x74ad47b91469d6b2356337afdb05608cfabbbde8,8598.507327,8598.507327,8405.138768,1,1,1708881221
2024-02-22,0x9e4cb8b916289864321661ce02cf66aa5ba63c94,1643,0xe0e20f13838e5e296f9f6e2ecf6333a3324b6b8f,0.0,0.0,6259.27414,0,1,1709147203
2024-02-22,0x9e4cb8b916289864321661ce02cf66aa5ba63c94,1737,0x66819a1ad0bd3e0d2d0c8302f38c1f200f215e4f,0.0,0.0,5675.283172,0,1,1709068957
2024-02-22,0x9e4cb8b916289864321661ce02cf66aa5ba63c94,2183,0x9c4b88fbe06b6b1e461d9d294ecb7fb0c841db4f,4204.956747,4204.956747,2098.644379,1,1,1709129013
2024-02-22,0x9e4cb8b916289864321661ce02cf66aa5ba63c94,2474,0x47c465e7beac169081371969c0fcf62d10c84ef7,0.0,0.0,3298.212174,0,1,1709126359
2024-02-22,0x9e4cb8b916289864321661ce02cf66aa5ba63c94,2639,0x5b9f7f6c2cbe7425b9c03fe5254ced9fae05b50c,0.0,0.0,3070.847025,0,1,1709024103
2024-02-22,0x9e4cb8b916289864321661ce02cf66aa5ba63c94,3017,0x4b3aa773f44e620cbe3d2affe0dc2c25eb72e3df,0.0,0.0,1916.887312,0,1,1709143667
2024-02-22,0x9e4cb8b916289864321661ce02cf66aa5ba63c94,4011,0x6322872f335dde0d4b44537f69fbae74bbed39de,0.0,0.0,82.260276,0,1,1708754505
2024-02-22,0x9e4cb8b916289864321661ce02cf66aa5ba63c94,4695,0x15a2f78b23bc1d23960381e00d9bb534b6335d8b,0.0,0.0,449.06286,0,1,1708758905
2024-02-22,0x9e4cb8b916289864321661ce02cf66aa5ba63c94,5473,0xfe8427a949048d14bb26778fa1253d79aadab6ee,432.547578,432.547578,432.547578,1,1,1709131631
2024-02-22,0x9e4cb8b916289864321661ce02cf66aa5ba63c94,5663,0xbf103676270ab4e10735434f413a484f317b3d40,0.0,0.0,366.874948,0,1,1709125505
2024-02-22,0x9e4cb8b916289864321661ce02cf66aa5ba63c94,5896,0x5391efcd376f67d072ae23a57aa9a782f1c1533e,0.0,0.0,360.040298,0,1,1709104603
2024-02-22,0x9e4cb8b916289864321661ce02cf66aa5ba63c94,8421,0x77eeaf07c050a690f9b3c2e8e7642cc3cbeceeb4,928669.079246,928669.079246,933181.113226,1,1,1709135151
2024-02-22,0x9e4cb8b916289864321661ce02cf66aa5ba63c94,10295,0xc875b3dae5b0c371bc8cf9ded64868b78ac47587,342357.517462,342357.517462,891897.127401,1,1,1709162281
2024-02-22,0x9e4cb8b916289864321661ce02cf66aa5ba63c94,10296,0x03c70563e94de5de56c11a0cc4ce3482f592854f,894231.350108,894231.350108,2329618.400981,1,1,1709162329
2024-02-22,0x9e4cb8b916289864321661ce02cf66aa5ba63c94,10298,0xc9814f18a8751214f719de15c54d01b3d78ef14f,309330.648472,108222492.752347,108697422.773382,134,134,1709162249
2024-02-22,0x9e4cb8b916289864321661ce02cf66aa5ba63c94,11727,0x1cf8423299241f155716eb19d0ca65bea4353f03,1732.828315,1732.828315,0.0,1,0,1709043353
2024-02-22,0x9e4cb8b916289864321661ce02cf66aa5ba63c94,12226,0x2fcfcf3d30851533d4c13b35646a73b2d4c5b990,0.862772,0.862772,0.0,1,0,1708762027
2024-02-22,0x9e8bfeb5c73f3f897bebdb49cc4161fece0b0c55,270,0x59455ba3d00bb8cbead8fe6db3973210e49d4303,0.0,0.0,12779.51526,0,1,1709154445
2024-02-22,0x9e8bfeb5c73f3f897bebdb49cc4161fece0b0c55,1185,0xc954892d9caf463e967884e379a6ee4c78d61be7,0.0,0.0,2746.285721,0,1,1709094983
2024-02-22,0x9e8bfeb5c73f3f897bebdb49cc4161fece0b0c55,1632,0x138dd537d56f2f2761a6fc0a2a0ace67d55480fe,0.0,0.0,12657.742355,0,1,1708685755
2024-02-22,0x9e8bfeb5c73f3f897bebdb49cc4161fece0b0c55,7121,0x011b0a055e02425461a1ae95b30f483c4ff05be7,0.0,0.0,5800.483165,0,1,1709155407
2024-02-22,0x9e8bfeb5c73f3f897bebdb49cc4161fece0b0c55,7122,0x011b0a055e02425461a1ae95b30f483c4ff05be7,0.0,0.0,2086.927243,0,1,1709155433
2024-02-22,0x9e8bfeb5c73f3f897bebdb49cc4161fece0b0c55,11184,0x138dd537d56f2f2761a6fc0a2a0ace67d55480fe,2748.365485,2748.365485,2816.014278,1,1,1708686099
2024-02-22,0x9e8bfeb5c73f3f897bebdb49cc4161fece0b0c55,11245,0x138dd537d56f2f2761a6fc0a2a0ace67d55480fe,14047.087464,14047.087464,1363.729405,1,1,1708686117
2024-02-22,0xa01fd0f24a2e6fef6b2ed7573cb6f59164d396e0,649,0x3838433f63f4d4a24260f2485aacf5894ba7bc93,8066.434587,8066.434587,0.0,1,0,1709161143
2024-02-22,0xa01fd0f24a2e6fef6b2ed7573cb6f59164d396e0,904,0x544845005e42fe00a3c0e9735eeec25aa068b428,0.0,0.0,17857.762987,0,1,1709140029
2024-02-22,0xa01fd0f24a2e6fef6b2ed7573cb6f59164d396e0,1185,0xc954892d9caf463e967884e379a6ee4c78d61be7,0.0,0.0,8238.857163,0,1,1709094983
2024-02-22,0xa01fd0f24a2e6fef6b2ed7573cb6f59164d396e0,2073,0x518180f11414d823647daa068a5847d63c3f128c,4156.824074,4156.824074,0.0,1,0,1709160469
2024-02-22,0xa01fd0f24a2e6fef6b2ed7573cb6f59164d396e0,2930,0x737ac6eaa3b71ffea9fe166bd996f9122b7db5cb,0.0,0.0,1356.583758,0,1,1709058065
2024-02-22,0xa01fd0f24a2e6fef6b2ed7573cb6f59164d396e0,3133,0x6b995c46343c82c3171cea9a22e7533004307675,1793.749082,1793.749082,1750.4831,1,1,1709160263
2024-02-22,0xa01fd0f24a2e6fef6b2ed7573cb6f59164d396e0,4990,0x3a2acc5f5cfc976eb517008fec19a506501b3130,29118.935204,29118.935204,29065.835086,1,1,1709161123
2024-02-22,0xa01fd0f24a2e6fef6b2ed7573cb6f59164d396e0,7121,0x011b0a055e02425461a1ae95b30f483c4ff05be7,5909.572898,5909.572898,20547.474262,1,1,1709155407
2024-02-22,0xa01fd0f24a2e6fef6b2ed7573cb6f59164d396e0,7122,0x011b0a055e02425461a1ae95b30f483c4ff05be7,901.631553,901.631553,9130.306688,1,1,1709155433
2024-02-22,0xa01fd0f24a2e6fef6b2ed7573cb6f59164d396e0,10833,0xfc61e3721a0fe90da853f43e0f9cc6818815b1eb,0.0,0.0,3158.038304,0,1,1709159965
2024-02-22,0xa01fd0f24a2e6fef6b2ed7573cb6f59164d396e0,10909,0xe79a3cd39dc76cd97ace0a665edf9ec3f19af42c,0.0,0.0,4942.385626,0,1,1709159467
2024-02-22,0xa01fd0f24a2e6fef6b2ed7573cb6f59164d396e0,10982,0x981720fb00bf4bc7754b02e998df1b3d9fe4ff92,0.0,0.0,8328.873436,0,1,1709159719
2024-02-22,0xa01fd0f24a2e6fef6b2ed7573cb6f59164d396e0,10983,0x35dca3c52e4e8766fe9dae7082e4337e203b9556,0.0,0.0,23768.987916,0,1,1709159831
2024-02-22,0xa6385c73961dd9c58db2ef0c4eb98ce4b60651e8,24,0x208a17c5fabe5b90282e5906945ff335e39326c4,0.0,0.0,9272.915799,0,1,1709150649
2024-02-22,0xa6385c73961dd9c58db2ef0c4eb98ce4b60651e8,47,0x011b0a055e02425461a1ae95b30f483c4ff05be7,0.0,0.0,188054.097922,0,1,1709155381
2024-02-22,0xa6385c73961dd9c58db2ef0c4eb98ce4b60651e8,48,0x12478d1a60a910c9cbffb90648766a2bdd5918f5,0.0,0.0,1128584.922003,0,1,1709160293
2024-02-22,0xa6385c73961dd9c58db2ef0c4eb98ce4b60651e8,55,0x285fed35cbea271a711681e84ffd83c68a596a75,0.0,0.0,45540.67069,0,1,1709158581
2024-02-22,0xa6385c73961dd9c58db2ef0c4eb98ce4b60651e8,56,0x48a5a6a01ba89cddf97d2d552923d5a11401ed19,0.0,0.0,236299.968891,0,1,1709161045
2024-02-22,0xa6385c73961dd9c58db2ef0c4eb98ce4b60651e8,77,0xeb6772188cf10aa563a1cd163f48355d1a949797,218859.336668,218859.336668,0.0,1,0,1709160893
2024-02-22,0xa6385c73961dd9c58db2ef0c4eb98ce4b60651e8,87,0x5d396a2106694308a40608ef14a1c0892b6b7faa,201575.832791,201575.832791,201208.247213,1,1,1709152805
2024-02-22,0xa6385c73961dd9c58db2ef0c4eb98ce4b60651e8,103,0x1c2ed7a6c4e3c1146103fa222181115a72243a06,55888.905427,55888.905427,0.0,1,0,1709160853
2024-02-22,0xa6385c73961dd9c58db2ef0c4eb98ce4b60651e8,124,0x5d6f3d0c92d0564151357b0863e55e9ed4631b8d,0.0,0.0,110246.413161,0,1,1709157539
2024-02-22,0xa6385c73961dd9c58db2ef0c4eb98ce4b60651e8,136,0x12c58f57177b8d5832f60cfa690770c19ac9da19,0.0,0.0,241770.583748,0,1,1709155939
2024-02-22,0xa6385c73961dd9c58db2ef0c4eb98ce4b60651e8,158,0xd3f179ba57411ad5d2ddb5f334215cdfba134d20,0.0,0.0,295242.573423,0,1,1709154035
2024-02-22,0xa6385c73961dd9c58db2ef0c4eb98ce4b60651e8,165,0x54ecb3397b0bf31cb0b81eb2444e2a7b32507d8b,0.0,0.0,98928.030047,0,1,1709151371
2024-02-22,0xa6385c73961dd9c58db2ef0c4eb98ce4b60651e8,199,0x69323bd279f2ed51bffe88ab8f25a46fc53562bb,0.0,0.0,209122.70969,0,1,1709161133
2024-02-22,0xa6385c73961dd9c58db2ef0c4eb98ce4b60651e8,270,0x59455ba3d00bb8cbead8fe6db3973210e49d4303,0.0,0.0,102236.12208,0,1,1709154445
2024-02-22,0xa6385c73961dd9c58db2ef0c4eb98ce4b60651e8,299,0x26553884cee0bb96f4ecea4de3ed52d88d3f2efc,0.0,0.0,55595.221988,0,1,1709159983
2024-02-22,0xa6385c73961dd9c58db2ef0c4eb98ce4b60651e8,362,0x5929cc4d10b6a1acc5bf5d221889f10251c628a1,0.0,0.0,30820.391139,0,1,1709158141
2024-02-22,0xa6385c73961dd9c58db2ef0c4eb98ce4b60651e8,429,0x7798ba9512b5a684c12e31518923ea4221a41fb9,67978.375729,67978.375729,0.0,1,0,1709160891
2024-02-22,0xa6385c73961dd9c58db2ef0c4eb98ce4b60651e8,473,0x97020c9ec66e0f59231918b1d2f167a66026aff2,0.0,0.0,61386.691173,0,1,1709145123
2024-02-22,0xa6385c73961dd9c58db2ef0c4eb98ce4b60651e8,475,0xda1d9534bef3344fa5be3b644b767b349e7415c7,0.0,0.0,16336.504869,0,1,1709158869
2024-02-22,0xa6385c73961dd9c58db2ef0c4eb98ce4b60651e8,507,0x0d3015631c1e642e8eb35b5a0efcea24a7685603,0.0,0.0,43865.760524,0,1,1709159979
2024-02-22,0xa6385c73961dd9c58db2ef0c4eb98ce4b60651e8,533,0xa08dd335d33b0bb368a0af757ed59617b3ac8c1c,0.0,0.0,41650.881579,0,1,1709019837
2024-02-22,0xa6385c73961dd9c58db2ef0c4eb98ce4b60651e8,546,0x8cfee9540fda895e2323781391b49620e7909d77,0.0,0.0,40645.405723,0,1,1709153929
2024-02-22,0xa6385c73961dd9c58db2ef0c4eb98ce4b60651e8,685,0x30858a8051eaa08fbc3dc37fb290792fd30664b7,0.0,0.0,29382.119386,0,1,1709051025
2024-02-22,0xa6385c73961dd9c58db2ef0c4eb98ce4b60651e8,708,0x166c794d890dd91bbe71f304eca660e1c4892cbb,0.0,0.0,65485.957063,0,1,1709159379
2024-02-22,0xa6385c73961dd9c58db2ef0c4eb98ce4b60651e8,785,0xa5bd4fa2db60afdf5cf57c6c2ea40beef982caae,0.0,0.0,22508.467536,0,1,1709104889
2024-02-22,0xa6385c73961dd9c58db2ef0c4eb98ce4b60651e8,794,0xd48b17b111579360d1465ccc470144967505c053,0.0,0.0,23555.600588,0,1,1709160061
2024-02-22,0xa6385c73961dd9c58db2ef0c4eb98ce4b60651e8,797,0x2971e3b9ad4bacc4f7b8cdefb2a11a19f907ac3e,0.0,0.0,35135.922904,0,1,1709159915
2024-02-22,0xa6385c73961dd9c58db2ef0c4eb98ce4b60651e8,1040,0xfb17d5cd85854b6bee89e714591de521f3169de5,14085.334179,14085.334179,0.0,1,0,1709160457
2024-02-22,0xa6385c73961dd9c58db2ef0c4eb98ce4b60651e8,1117,0xe684dc05c16851c65edb5d9fc3b11bce4f427eb2,0.0,0.0,12491.020789,0,1,1709047507
2024-02-22,0xa6385c73961dd9c58db2ef0c4eb98ce4b60651e8,1129,0x56e08babb8bf928bd8571d2a2a78235ae57ae5bd,3529.399334,3529.399334,3504.841431,1,1,1709155321
2024-02-22,0xa6385c73961dd9c58db2ef0c4eb98ce4b60651e8,1141,0x3a39899dc78b7307acd83f51463c853fa79e1b09,0.0,0.0,12901.312965,0,1,1709141135
2024-02-22,0xa6385c73961dd9c58db2ef0c4eb98ce4b60651e8,1163,0x3e88681de2e12d1ac4116a7a6fb964a2c4c102ae,0.0,0.0,12207.344253,0,1,1709130123
2024-02-22,0xa6385c73961dd9c58db2ef0c4eb98ce4b60651e8,1288,0x6059895f7f20cc25c251d4d283f525f7400ce034,0.0,0.0,24065.227284,0,1,1709150591
2024-02-22,0xa6385c73961dd9c58db2ef0c4eb98ce4b60651e8,1317,0xdbfb0785366262f4736bcb5757cb20f0065c4dd1,0.0,0.0,9345.931349,0,1,1709126563
2024-02-22,0xa6385c73961dd9c58db2ef0c4eb98ce4b60651e8,1404,0x035effa901e21cb460357b08fafcc2b6d69e323f,0.0,0.0,9592.435523,0,1,1708586889
2024-02-22,0xa6385c73961dd9c58db2ef0c4eb98ce4b60651e8,1430,0xfb07d2bdef2deb1ebec001644b4732ab77281c7a,0.0,0.0,10223.709152,0,1,1709086421
2024-02-22,0xa6385c73961dd9c58db2ef0c4eb98ce4b60651e8,1463,0xe941eb810651e784a2da10b37d4d94b33d245de2,7825.197878,7825.197878,7825.197878,1,1,1708975019
2024-02-22,0xa6385c73961dd9c58db2ef0c4eb98ce4b60651e8,1570,0x0be7b271ba03874ad78d712246066c20c81693d3,1852.354204,1852.354204,1852.354204,1,1,1708573889
2024-02-22,0xa6385c73961dd9c58db2ef0c4eb98ce4b60651e8,1619,0x848ac158d4af8a753227ad4e955a6ea3b0cbf480,0.0,0.0,6478.624356,0,1,1709122449
2024-02-22,0xa6385c73961dd9c58db2ef0c4eb98ce4b60651e8,1625,0x12cc270bb2136c772b7e28868d7782aa62827229,0.0,0.0,6481.976579,0,1,1709153671
2024-02-22,0xa6385c73961dd9c58db2ef0c4eb98ce4b60651e8,1678,0xc9c3bf455e5743539eadfe22a53ca146a644ebaa,6614.279557,6614.279557,0.0,1,0,1709160713
2024-02-22,0xa6385c73961dd9c58db2ef0c4eb98ce4b60651e8,1709,0xf7c04a39e47c7ea9d6888f9389ea85846e22ae1a,0.0,0.0,5911.946076,0,1,1709160251
2024-02-22,0xa6385c73961dd9c58db2ef0c4eb98ce4b60651e8,1756,0x1d1013c8472122e2fa21bcf87a54d658224923ba,26735.924989,26735.924989,0.0,1,0,1709160903
2024-02-22,0xa6385c73961dd9c58db2ef0c4eb98ce4b60651e8,1893,0xa9ec08edd196b91bc9177420137804be1d6efda0,0.0,0.0,4621.578562,0,1,1709042775
2024-02-22,0xa6385c73961dd9c58db2ef0c4eb98ce4b60651e8,1995,0x5968a4f3d8e31a79a6886750bdce076e604c8ade,0.0,0.0,4326.226293,0,1,1709160079
2024-02-22,0xa6385c73961dd9c58db2ef0c4eb98ce4b60651e8,1996,0x9b590cae0949b46aade82bdfbf9fe427173a948e,0.0,0.0,4322.916003,0,1,1709160175
2024-02-22,0xa6385c73961dd9c58db2ef0c4eb98ce4b60651e8,2289,0xb11fe701874bf43197702b53ebdb304b0a1be053,3754.220242,3754.220242,0.0,1,0,1709160907
2024-02-22,0xa6385c73961dd9c58db2ef0c4eb98ce4b60651e8,2324,0xa435530d50d7d17fd9fc6e1c897dbf7c08e12d35,3554.772435,3554.772435,3554.772435,1,1,1709156983
2024-02-22,0xa6385c73961dd9c58db2ef0c4eb98ce4b60651e8,2507,0x4f46c9d3257d95e35a2441df2fdf293af13f47d9,0.0,0.0,3989.193523,0,1,1709083713
2024-02-22,0xa6385c73961dd9c58db2ef0c4eb98ce4b60651e8,2522,0xc693b4ffb338579467a541b2bf267b1955870920,810.639249,810.639249,0.0,1,0,1709160781
2024-02-22,0xa6385c73961dd9c58db2ef0c4eb98ce4b60651e8,2618,0xfaa31a7c7715985138d4fb196e6400b65697df4c,3132.836734,3132.836734,3132.836734,1,1,1708563915
2024-02-22,0xa6385c73961dd9c58db2ef0c4eb98ce4b60651e8,2698,0x924af56089af7aeb6c211ee3781e24b7444cc216,0.0,0.0,4713.913715,0,1,1709116477
2024-02-22,0xa6385c73961dd9c58db2ef0c4eb98ce4b60651e8,2735,0x6e56e7ff87b9d28bfa3eb58aff1c4ecc0955b25e,2846.851437,2846.851437,2846.851437,1,1,1708580665
2024-02-22,0xa6385c73961dd9c58db2ef0c4eb98ce4b60651e8,2901,0x7e9d8fd68c32aa950fd302faddf04ffe39b6fe9e,2228.092532,2228.092532,2186.13205,1,1,1708577855
2024-02-22,0xa6385c73961dd9c58db2ef0c4eb98ce4b60651e8,3041,0x7caea457224c345d1518a23fbd07ebdbdd21170c,0.0,0.0,379.088145,0,1,1709145789
2024-02-22,0xa6385c73961dd9c58db2ef0c4eb98ce4b60651e8,3066,0x9e59edf20d62acbc689d5e72b8f72fedd7a3d282,0.0,0.0,12766.25075,0,1,1709160031
2024-02-22,0xa6385c73961dd9c58db2ef0c4eb98ce4b60651e8,3128,0x3e863e814b6f40856dd492a4abf6e74b2dfaa815,0.0,0.0,1770.305433,0,1,1708696135
2024-02-22,0xa6385c73961dd9c58db2ef0c4eb98ce4b60651e8,3345,0x0e569d21238a29d82acbee5e51c717bac80a2dd8,0.0,0.0,1520.599801,0,1,1708993365
2024-02-22,0xa6385c73961dd9c58db2ef0c4eb98ce4b60651e8,3369,0xc292573d51097347ba34bec624fd088dd3d0314a,1515.516391,1515.516391,1486.929188,1,1,1708576627
2024-02-22,0xa6385c73961dd9c58db2ef0c4eb98ce4b60651e8,3513,0x53fda7631d93c94a80e24f87dc479045b56a1120,0.0,0.0,1288.322059,0,1,1709044473
2024-02-22,0xa6385c73961dd9c58db2ef0c4eb98ce4b60651e8,3862,0x3e88681de2e12d1ac4116a7a6fb964a2c4c102ae,0.0,0.0,966.059477,0,1,1709130145
2024-02-22,0xa6385c73961dd9c58db2ef0c4eb98ce4b60651e8,4052,0x488bb1b37ba4a7399b21a27b320ecc652075e135,4302.724876,4302.724876,0.0,1,0,1708628993
2024-02-22,0xa6385c73961dd9c58db2ef0c4eb98ce4b60651e8,4274,0x64f8e38e19c1b6992969dcd5769c149951018af1,0.0,0.0,645.745214,0,1,1708715371
2024-02-22,0xa6385c73961dd9c58db2ef0c4eb98ce4b60651e8,4518,0x43917a8174465dc01522e8e14335eaa2cde33f6f,105.773853,105.773853,148.708752,1,1,1708619271
2024-02-22,0xa6385c73961dd9c58db2ef0c4eb98ce4b60651e8,4877,0xcf0c8d0d34a0535e84e61ee7065fae086a261865,0.0,0.0,2220.099745,0,1,1709100311
2024-02-22,0xa6385c73961dd9c58db2ef0c4eb98ce4b60651e8,4880,0x815337f5fc956fdb31468ee84aaa64f868c8aca5,412.510397,412.510397,412.510397,1,1,1708612077
2024-02-22,0xa6385c73961dd9c58db2ef0c4eb98ce4b60651e8,4936,0x77e395ccb0f042083f389404f3459dad40b6d552,256.716498,256.716498,315.585498,1,1,1709146525
2024-02-22,0xa6385c73961dd9c58db2ef0c4eb98ce4b60651e8,5554,0xc15ab8dd7daeea5f1aa3b56507cac8a877e21b15,0.0,0.0,2677.802517,0,1,1709153875
2024-02-22,0xa6385c73961dd9c58db2ef0c4eb98ce4b60651e8,5560,0x3b368d514ab6413725fb4182f69119ba228d94bb,0.0,0.0,371.634719,0,1,1708585159
2024-02-22,0xa6385c73961dd9c58db2ef0c4eb98ce4b60651e8,5862,0x6a291aeaf909c8e8b092cb5b2ffca7515bc53352,360.951866,360.951866,360.951866,1,1,1708705291
2024-02-22,0xa6385c73961dd9c58db2ef0c4eb98ce4b60651e8,6122,0x9784393a973a0af2e9c0c830e1e489b5b4d48466,0.0,0.0,353.621855,0,1,1709031509
2024-02-22,0xa6385c73961dd9c58db2ef0c4eb98ce4b60651e8,6406,0x451248229712d6f207ff9466d8d3a33cb59d103c,462.791594,462.791594,462.791594,1,1,1709079391
2024-02-22,0xa6385c73961dd9c58db2ef0c4eb98ce4b60651e8,6637,0x9f6c47623d23fc9dbca3ed670a43792db3aacaee,26.179051,26.179051,0.0,1,0,1709160725
2024-02-22,0xa6385c73961dd9c58db2ef0c4eb98ce4b60651e8,7120,0x0524f2b8765ee3a1a033311ddc9e2dcaad34b8c3,0.0,0.0,1557.609039,0,1,1709128795
2024-02-22,0xa6385c73961dd9c58db2ef0c4eb98ce4b60651e8,7121,0x011b0a055e02425461a1ae95b30f483c4ff05be7,0.0,0.0,6783.615905,0,1,1709155407
2024-02-22,0xa6385c73961dd9c58db2ef0c4eb98ce4b60651e8,7794,0x6e56e7ff87b9d28bfa3eb58aff1c4ecc0955b25e,6852.400691,6852.400691,6978.530911,1,1,1708580685
2024-02-22,0xa6385c73961dd9c58db2ef0c4eb98ce4b60651e8,7848,0x2d7fd73013f4076074cda84e043e7a956f8e37a9,0.0,0.0,19.257586,0,1,1709136011
2024-02-22,0xa6385c73961dd9c58db2ef0c4eb98ce4b60651e8,7850,0x77b7aebd3fbdf792902205443a519b550bdc9434,0.0,0.0,19.255966,0,1,1709136109
2024-02-22,0xa6385c73961dd9c58db2ef0c4eb98ce4b60651e8,8405,0x5d6f3d0c92d0564151357b0863e55e9ed4631b8d,0.0,0.0,1128.575615,0,1,1709157567
2024-02-22,0xa6385c73961dd9c58db2ef0c4eb98ce4b60651e8,8412,0x6e56e7ff87b9d28bfa3eb58aff1c4ecc0955b25e,2106.78393,2106.78393,2106.78393,1,1,1708580725
2024-02-22,0xa6385c73961dd9c58db2ef0c4eb98ce4b60651e8,9282,0x5929cc4d10b6a1acc5bf5d221889f10251c628a1,0.0,0.0,28207.359296,0,1,1709158237
2024-02-22,0xa6385c73961dd9c58db2ef0c4eb98ce4b60651e8,9707,0x60034a6d90f54d3bbc3188033fd08b1a146802ba,1923.201566,1923.201566,1923.201566,1,1,1709124693
2024-02-22,0xa6385c73961dd9c58db2ef0c4eb98ce4b60651e8,9928,0x5929cc4d10b6a1acc5bf5d221889f10251c628a1,0.0,0.0,3904.036202,0,1,1709158287
2024-02-22,0xa6385c73961dd9c58db2ef0c4eb98ce4b60651e8,9959,0x2a23d0650db1c536e71aeb63ecd3daa0b52e66e1,0.0,0.0,31900.776611,0,1,1709121557
2024-02-22,0xa6385c73961dd9c58db2ef0c4eb98ce4b60651e8,10294,0x48a6a8d403a58eccc70d4d57347f801d4e182564,0.0,0.0,501386.046309,0,1,1709146349
2024-02-22,0xa6385c73961dd9c58db2ef0c4eb98ce4b60651e8,10295,0xc875b3dae5b0c371bc8cf9ded64868b78ac47587,114119.172487,114119.172487,0.0,1,0,1709162281
2024-02-22,0xa6385c73961dd9c58db2ef0c4eb98ce4b60651e8,10296,0x03c70563e94de5de56c11a0cc4ce3482f592854f,298077.116703,298077.116703,0.0,1,0,1709162329
2024-02-22,0xa6385c73961dd9c58db2ef0c4eb98ce4b60651e8,10298,0xc9814f18a8751214f719de15c54d01b3d78ef14f,103110.216157,103110.216157,0.0,1,0,1709162249
2024-02-22,0xa6385c73961dd9c58db2ef0c4eb98ce4b60651e8,10652,0x317ea3f40890987e177f82a7a9962247e2584ac5,20.896944,20.896944,21.064677,1,1,1708985269
2024-02-22,0xa6385c73961dd9c58db2ef0c4eb98ce4b60651e8,10911,0x418340b636a908e69e98bb0c36ec4610980dce87,0.0,0.0,48931.401939,0,1,1709152485
2024-02-22,0xa6385c73961dd9c58db2ef0c4eb98ce4b60651e8,10919,0x1cf8da0110f4cb8924aa4eba7ef3a04430897c05,612.672268,612.672268,618.785061,1,1,1709160809
2024-02-22,0xa6385c73961dd9c58db2ef0c4eb98ce4b60651e8,11008,0x34316386913935b8a912115920f6f767e15bf9a1,2.199332,2.199332,2.293818,1,1,1708777185
2024-02-22,0xa6385c73961dd9c58db2ef0c4eb98ce4b60651e8,11052,0x7e2400626811b1cae987c41139c39830f4b2ba9a,753.795903,753.795903,378.751005,1,1,1709101787
2024-02-22,0xa6385c73961dd9c58db2ef0c4eb98ce4b60651e8,11115,0x1ad0220dd6db112fbb95d0e49dd8b0e19bdfdcae,0.0,0.0,0.174913,0,1,1709030937
2024-02-22,0xa6385c73961dd9c58db2ef0c4eb98ce4b60651e8,11287,0x569a259d029a89bfea35a6d178a08edf6e55d1b1,1984.0,1984.0,1984.0,1,1,1709146293
2024-02-22,0xa6385c73961dd9c58db2ef0c4eb98ce4b60651e8,11537,0x44faef994c653934f9f78f2c226d6809e3d8937d,339.910179,339.910179,326.445498,1,1,1709068849
2024-02-22,0xa6385c73961dd9c58db2ef0c4eb98ce4b60651e8,12010,0x5af84f1318241b4224ecfc9e6d4e97a3118cd38f,681.67749,1859.786632,1303.214395,3,3,1708766369
2024-02-22,0xa6385c73961dd9c58db2ef0c4eb98ce4b60651e8,12012,0x556c9c6bde32c7a019a273fa2750ad13b46ac374,0.0,0.0,32385.01666,0,1,1709158675
2024-02-22,0xa6385c73961dd9c58db2ef0c4eb98ce4b60651e8,12131,0x11bcb66a295aeba152666e511ae052609bda0a84,0.0,0.0,6708.0,0,1,1709160097
2024-02-22,0xa6385c73961dd9c58db2ef0c4eb98ce4b60651e8,12183,0x04d4253a5fb144dec49d9a996b7da0f8c1aafc3f,83.557302,83.557302,0.0,1,0,1708595241
2024-02-22,0xa6385c73961dd9c58db2ef0c4eb98ce4b60651e8,12332,0x9d717d6276ee027b999e48c0b130da0f9e02a804,143.027284,143.027284,0.0,1,0,1709030487
2024-02-22,0xa6385c73961dd9c58db2ef0c4eb98ce4b60651e8,12333,0xd344b965198c883090e39a8d6755a095600e7a14,57.494676,57.494676,0.0,1,0,1709030607
2024-02-22,0xa819af1cc8abe618ea8abadeb464960f7451ceab,68,0x132e47cf2c19ec2d8dd56e1528fc7e18dc09188f,0.0,0.0,71001.169223,0,1,1709148573
2024-02-22,0xa819af1cc8abe618ea8abadeb464960f7451ceab,417,0xbe93d14c5defb8f41af8fb092f58e3c71c712b85,0.0,0.0,31096.061398,0,1,1708604827
2024-02-22,0xa819af1cc8abe618ea8abadeb464960f7451ceab,723,0x65268d4fb73544b6056fa4f4bf20fc90e0b12a80,0.0,0.0,33291.133861,0,1,1708904223
2024-02-22,0xa819af1cc8abe618ea8abadeb464960f7451ceab,1418,0x835e7e74ddc84befa0a4663d3d6ab1493a2c71b8,0.0,0.0,8045.095876,0,1,1709143357
2024-02-22,0xa819af1cc8abe618ea8abadeb464960f7451ceab,1652,0xbff734478f1d1e7a313f174f2444d0e366b034b7,0.0,0.0,6218.494212,0,1,1708694835
2024-02-22,0xa819af1cc8abe618ea8abadeb464960f7451ceab,1788,0x40b5440963e88d3e7d0025154820384e116600fa,0.0,0.0,5175.481185,0,1,1708587909
2024-02-22,0xa819af1cc8abe618ea8abadeb464960f7451ceab,1948,0xb5ca2dddf8cd15e11a58d4c02825cd9a82d56d5d,4406.035973,4406.035973,4406.035973,1,1,1709131839
2024-02-22,0xa819af1cc8abe618ea8abadeb464960f7451ceab,2022,0x9a4773eeee73e34e1ee0e9a64e4b7453b0b04246,0.0,0.0,4290.80357,0,1,1708606827
2024-02-22,0xa819af1cc8abe618ea8abadeb464960f7451ceab,2119,0x9cf77c286f8f253f27683c737183fd2fdae2520c,0.0,0.0,3685.509542,0,1,1708666427
2024-02-22,0xa819af1cc8abe618ea8abadeb464960f7451ceab,2266,0xb00f8b601558243c9abcddabd54ea17f70471b8e,0.0,0.0,8257.327974,0,1,1709057335
2024-02-22,0xa819af1cc8abe618ea8abadeb464960f7451ceab,2774,0x8fea439e83ac8f38366169e2a6ecc880cd224d91,2675.794848,2675.794848,2675.794848,1,1,1708818055
2024-02-22,0xa819af1cc8abe618ea8abadeb464960f7451ceab,2831,0x23d3c0d5e8226f18bf58bb3c68b149b3d7385936,0.0,0.0,2430.312935,0,1,1709153251
2024-02-22,0xa819af1cc8abe618ea8abadeb464960f7451ceab,2961,0x3fc6121cb50b00a5fb8bd2a3c755f804d0e694d2,0.0,0.0,2611.963029,0,1,1708596503
2024-02-22,0xa819af1cc8abe618ea8abadeb464960f7451ceab,3005,0xed09b11bd34b3094f479b08c9db9d47b32de994c,367.767453,367.767453,367.767453,1,1,1708712363
2024-02-22,0xa819af1cc8abe618ea8abadeb464960f7451ceab,3087,0xa3ad5cfb4ff4b68e37a338da200ba441c1850b5b,0.0,0.0,1841.667839,0,1,1709016187
2024-02-22,0xa819af1cc8abe618ea8abadeb464960f7451ceab,3501,0xb3654d8cb57f03410ea7e0a699fa3261394dcbcf,0.0,0.0,649.488537,0,1,1709152941
2024-02-22,0xa819af1cc8abe618ea8abadeb464960f7451ceab,3592,0x670327de2a3a370e548f39db2a074cc2999b6824,0.0,0.0,1184.156298,0,1,1708707801
2024-02-22,0xa819af1cc8abe618ea8abadeb464960f7451ceab,4477,0x90554d3c00b5b34fa2849b76c17bc874c90f9563,0.0,0.0,3019.781804,0,1,1708585721
2024-02-22,0xa819af1cc8abe618ea8abadeb464960f7451ceab,4676,0x7d0a940d81ce63ce716a1e3cd7372f78f79d2414,0.0,0.0,1368.844066,0,1,1709147123
2024-02-22,0xa819af1cc8abe618ea8abadeb464960f7451ceab,7121,0x011b0a055e02425461a1ae95b30f483c4ff05be7,0.0,0.0,5800.483165,0,1,1709155407
2024-02-22,0xa819af1cc8abe618ea8abadeb464960f7451ceab,10657,0x892176d784bed3dc877a62f3ff9fc091377b2a49,0.0,0.0,19662.447437,0,1,1708881263
2024-02-22,0xa819af1cc8abe618ea8abadeb464960f7451ceab,11360,0x04490dc0f52a97ef2d6ea0c4d9edbcde8c8546cc,0.0,0.0,21090.175468,0,1,1708574783
2024-02-22,0xa819af1cc8abe618ea8abadeb464960f7451ceab,11654,0x6c168e4fdc09b0008d95cb1e72f0c75ab93aa858,0.0,0.0,3.279218,0,1,1708568831
2024-02-22,0xa819af1cc8abe618ea8abadeb464960f7451ceab,11704,0xc91703f7b55bb1459840b2f7ac099d47eb002422,0.0,0.0,332.596614,0,1,1709159841
2024-02-22,0xa819af1cc8abe618ea8abadeb464960f7451ceab,11816,0x04490dc0f52a97ef2d6ea0c4d9edbcde8c8546cc,0.0,0.0,10064.13793,0,1,1708574889
2024-02-22,0xa8d5db293917ea106a5fc4da5a25340e8b428966,47,0x011b0a055e02425461a1ae95b30f483c4ff05be7,0.0,0.0,48508.654234,0,1,1709155381
2024-02-22,0xa8d5db293917ea106a5fc4da5a25340e8b428966,211,0x2d1ef4acf4cae6a38950971aaaa15f88d9b3f165,0.0,0.0,183255.08565,0,1,1709151583
2024-02-22,0xa8d5db293917ea106a5fc4da5a25340e8b428966,628,0x8fa5ebb986fa6db89291a383142bb756ab88428e,0.0,0.0,17443.376709,0,1,1709157021
2024-02-22,0xa8d5db293917ea106a5fc4da5a25340e8b428966,644,0x89e1cfcc3bf93de8da0fb43a1311898067b3a11c,0.0,0.0,32831.501438,0,1,1708827455
2024-02-22,0xa8d5db293917ea106a5fc4da5a25340e8b428966,1089,0x828ef26d34c64a6210ed38b8807805312fc8c9fd,0.0,0.0,12952.322734,0,1,1709019543
2024-02-22,0xa8d5db293917ea106a5fc4da5a25340e8b428966,1124,0x78ce9fe8d59e2e39fc100a02d30109b16d2d7fd9,0.0,0.0,38968.882506,0,1,1709160547
2024-02-22,0xa8d5db293917ea106a5fc4da5a25340e8b428966,1375,0xca3459c85009d657393717d7e0072a42f0c69733,0.0,0.0,8463.606757,0,1,1709161099
2024-02-22,0xa8d5db293917ea106a5fc4da5a25340e8b428966,1650,0x613ca7d1573dbdd7711ec1d84258a3d0fdb76d53,0.0,0.0,6367.255034,0,1,1709160007
2024-02-22,0xa8d5db293917ea106a5fc4da5a25340e8b428966,1856,0x4b7292679d439ccd83b972a5ff848b47391affca,0.0,0.0,4900.372653,0,1,1709158641
2024-02-22,0xa8d5db293917ea106a5fc4da5a25340e8b428966,2027,0x73bade8162e0fa995a2f7037deba9d094dec535f,0.0,0.0,4248.478901,0,1,1709152411
2024-02-22,0xa8d5db293917ea106a5fc4da5a25340e8b428966,2091,0x860b0f90b281ae6a4974213ba7b7861bb3ec7f80,0.0,0.0,4028.871819,0,1,1709161077
2024-02-22,0xa8d5db293917ea106a5fc4da5a25340e8b428966,2154,0xbed9c70eff039b2dbd8bafda08c53bfd986d0c1f,0.0,0.0,3968.067894,0,1,1709159925
2024-02-22,0xa8d5db293917ea106a5fc4da5a25340e8b428966,2887,0x4ce268f49ef0726d602a8b0f22fcc543aa23bb51,0.0,0.0,2202.321446,0,1,1709161015
2024-02-22,0xa8d5db293917ea106a5fc4da5a25340e8b428966,5632,0xdc19cded2b4f3472b37b43c001d048754fe74b03,0.0,0.0,368.02971,0,1,1709145549
2024-02-22,0xa8d5db293917ea106a5fc4da5a25340e8b428966,7121,0x011b0a055e02425461a1ae95b30f483c4ff05be7,0.0,0.0,7766.748644,0,1,1709155407
2024-02-22,0xa8d5db293917ea106a5fc4da5a25340e8b428966,9547,0xe02fb5c70af32f80aa7f9e8775fe7f12550348ec,311358.65957,311358.65957,274393.077659,1,1,1709125601
2024-02-22,0xaf58fdee432a104a932a899968d60f92838886cd,1798,0xcc49a6d063ba72929600d1ed60d863a540b2565a,0.0,0.0,5098.038297,0,1,1708882027
2024-02-22,0xaf58fdee432a104a932a899968d60f92838886cd,5913,0x071fb19eb2d0b1da6fe0a1fa05883b7e159df756,0.0,0.0,359.445954,0,1,1709057663
2024-02-22,0xb0d931138bf96501654f2268cdd84420151ff52e,6056,0xc630ee3e52a40a2c87d3507b18d11efb178d01ab,69.373157,69.373157,38.239013,1,1,1708568137
2024-02-22,0xb4885bc63399bf5518b994c1d0c153334ee579d0,9,0x08e18394086cb624b3d47430d115fafa01f4055e,0.0,0.0,764220.326744,0,1,1708991765
2024-02-22,0xb4885bc63399bf5518b994c1d0c153334ee579d0,36,0x02bf3258d6024b2b34fd7d21f225db6cda939e76,38316.894259,38316.894259,37424.45209,1,1,1708787645
2024-02-22,0xb4885bc63399bf5518b994c1d0c153334ee579d0,47,0x011b0a055e02425461a1ae95b30f483c4ff05be7,0.0,0.0,55153.675362,0,1,1709155381
2024-02-22,0xb4885bc63399bf5518b994c1d0c153334ee579d0,56,0x48a5a6a01ba89cddf97d2d552923d5a11401ed19,0.0,0.0,168785.692065,0,1,1709161045
2024-02-22,0xb4885bc63399bf5518b994c1d0c153334ee579d0,114,0x611b0c1ed942b833c786c53883a4aa37a25602a6,0.0,0.0,71373.736148,0,1,1709131963
2024-02-22,0xb4885bc63399bf5518b994c1d0c153334ee579d0,184,0xc2edb9c398e1d632ad81647a26254c33801685df,0.0,0.0,423503.370598,0,1,1709000321
2024-02-22,0xb4885bc63399bf5518b994c1d0c153334ee579d0,229,0x4dcea47ec4b26079cb4f9a0e0f400e1aa6f199a9,161583.000349,161583.000349,161583.000349,1,1,1708688605
2024-02-22,0xb4885bc63399bf5518b994c1d0c153334ee579d0,242,0xa0eb44b173af64f2fdb47c7d76ff3a33e04103b6,0.0,0.0,96843.781318,0,1,1709160951
2024-02-22,0xb4885bc63399bf5518b994c1d0c153334ee579d0,281,0xea04a9fe2cef51b504e7da8cf1b859454ae27030,64780.950207,64780.950207,64201.870383,1,1,1709035589
2024-02-22,0xb4885bc63399bf5518b994c1d0c153334ee579d0,306,0xe02e6f03f583626481450bbdeb9efd6eb0eed78b,0.0,0.0,148491.711747,0,1,1709131883
2024-02-22,0xb4885bc63399bf5518b994c1d0c153334ee579d0,318,0xcf0afa96743819d52515bff99635a7978f2a856f,0.0,0.0,103274.846337,0,1,1708799645
2024-02-22,0xb4885bc63399bf5518b994c1d0c153334ee579d0,353,0x5ade40e345817b739b91c6b4615efce87f9d7c57,24280.585368,24280.585368,0.0,1,0,1708609393
2024-02-22,0xb4885bc63399bf5518b994c1d0c153334ee579d0,371,0x84572c31acdd30c03982e27b809d30b1efbcd8f2,85885.700373,85885.700373,0.0,1,0,1708631945
2024-02-22,0xb4885bc63399bf5518b994c1d0c153334ee579d0,396,0x2b03c480f4f7ff5a8275ddb77227889e58eda16f,78239.370159,78239.370159,78587.379836,1,1,1708687645
2024-02-22,0xb4885bc63399bf5518b994c1d0c153334ee579d0,409,0x9e4748fef62d2cd4f16bda3893e477616609db37,0.0,0.0,32933.12741,0,1,1708607947
2024-02-22,0xb4885bc63399bf5518b994c1d0c153334ee579d0,417,0xbe93d14c5defb8f41af8fb092f58e3c71c712b85,15576.435259,15576.435259,0.0,1,0,1708604827
2024-02-22,0xb4885bc63399bf5518b994c1d0c153334ee579d0,432,0x82cd1b0faa449d0562bb32072dc1e5be9c509c1d,0.0,0.0,58629.839876,0,1,1709159815
2024-02-22,0xb4885bc63399bf5518b994c1d0c153334ee579d0,441,0xdceb0bb3311342e3ce9e49f57affce9deac40ba1,57624.310363,57624.310363,57519.228989,1,1,1709070875
2024-02-22,0xb4885bc63399bf5518b994c1d0c153334ee579d0,491,0xde3ba1b41e6c612a3ca3213b84bdaf598dffdb9b,22884.738127,22884.738127,44900.01251,1,1,1709038783
2024-02-22,0xb4885bc63399bf5518b994c1d0c153334ee579d0,498,0x3213886983eec823a78fb194dbd4fac92b4e5741,11295.779517,11295.779517,45100.723951,1,1,1708599979
2024-02-22,0xb4885bc63399bf5518b994c1d0c153334ee579d0,525,0x1f92b5affd12981ef0fa7ba22a802379fd36929e,45813.166747,45813.166747,45729.6237,1,1,1709070295
2024-02-22,0xb4885bc63399bf5518b994c1d0c153334ee579d0,568,0xfd9ce79fd7f62ca88ace958cd2716f4cce25e2df,0.0,0.0,38705.907793,0,1,1708580921
2024-02-22,0xb4885bc63399bf5518b994c1d0c153334ee579d0,572,0xcbc21fbf92519f6d90c05a6fda1a7cb72fa6e02b,0.0,0.0,38277.922983,0,1,1708799497
2024-02-22,0xb4885bc63399bf5518b994c1d0c153334ee579d0,648,0x9ba6df247efca09d9546a1a1ed467b25f3793e1c,0.0,0.0,32539.808179,0,1,1708597517
2024-02-22,0xb4885bc63399bf5518b994c1d0c153334ee579d0,683,0x9ee4045c35514119a289ef08b27d448f11599cb8,0.0,0.0,29592.128074,0,1,1709049329
2024-02-22,0xb4885bc63399bf5518b994c1d0c153334ee579d0,710,0xcaee6c7aae8805913e24a8ce5d5d22be2d4ff7ad,0.0,0.0,26973.480285,0,1,1709160921
2024-02-22,0xb4885bc63399bf5518b994c1d0c153334ee579d0,773,0x4b17b32de85aa3636929ac2cc029b95173b2aee5,23956.935495,23956.935495,23913.248591,1,1,1708778049
2024-02-22,0xb4885bc63399bf5518b994c1d0c153334ee579d0,777,0xf3afc2383a0b45ae73d77b49df7f2184b1ad4b90,23719.827455,23719.827455,23676.572932,1,1,1708574431
2024-02-22,0xb4885bc63399bf5518b994c1d0c153334ee579d0,802,0xfb99a486d8529223b2f1f6b5de3333ee679959cd,53784.67191,53784.67191,0.0,1,0,1708985205
2024-02-22,0xb4885bc63399bf5518b994c1d0c153334ee579d0,820,0x45f692a6959ee71c5962dd89b8ca909fd48ee6a4,21003.747429,21003.747429,21003.747429,1,1,1709024323
2024-02-22,0xb4885bc63399bf5518b994c1d0c153334ee579d0,877,0x2ccf109701bb766ea47cc673b1366af4e82976b1,41517.657022,41517.657022,41724.594558,1,1,1709151781
2024-02-22,0xb4885bc63399bf5518b994c1d0c153334ee579d0,878,0x50bbf827267c4e920b512f8aa6c1c9d1a465a128,18910.394922,18910.394922,18842.127666,1,1,1708591237
2024-02-22,0xb4885bc63399bf5518b994c1d0c153334ee579d0,1019,0x8a0454b05a952c572619935ed46b6d8d0aa97a76,0.0,0.0,3630.827026,0,1,1709061081
2024-02-22,0xb4885bc63399bf5518b994c1d0c153334ee579d0,1059,0x9ee4045c35514119a289ef08b27d448f11599cb8,0.0,0.0,13598.446809,0,1,1709150569
2024-02-22,0xb4885bc63399bf5518b994c1d0c153334ee579d0,1079,0x73ea5b1ab2f4a36556b0a57381ed0101643615f3,0.0,0.0,19614.400223,0,1,1708573975
2024-02-22,0xb4885bc63399bf5518b994c1d0c153334ee579d0,1129,0x56e08babb8bf928bd8571d2a2a78235ae57ae5bd,3529.399334,3529.399334,3504.841431,1,1,1709155321
2024-02-22,0xb4885bc63399bf5518b994c1d0c153334ee579d0,1139,0x742b6de8cb16327b68c83e1d6433174db89fd2e0,1983.601656,1983.601656,3227.125097,1,1,1709160663
2024-02-22,0xb4885bc63399bf5518b994c1d0c153334ee579d0,1181,0x7ec7b375834ef33a1a677503d5065651ee530975,4569.41791,4569.41791,0.0,1,0,1708798935
2024-02-22,0xb4885bc63399bf5518b994c1d0c153334ee579d0,1184,0xdcfe58b449e5bd43e1bd0294077dd0186cd0a585,11552.742913,11552.742913,11385.627215,1,1,1708857021
2024-02-22,0xb4885bc63399bf5518b994c1d0c153334ee579d0,1206,0x7d9a78f607706b8f5ce26fba6c9eacabf8937df0,0.0,0.0,5398.959524,0,1,1709002849
2024-02-22,0xb4885bc63399bf5518b994c1d0c153334ee579d0,1248,0xb9e80ff4f9b97f160bddf80a1e0513f7f1d14570,10196.98893,10196.98893,10196.98893,1,1,1709089211
2024-02-22,0xb4885bc63399bf5518b994c1d0c153334ee579d0,1255,0x4f4d6d47a8a764cf8dab8f544b055fbd109304af,0.0,0.0,5116.88946,0,1,1709050979
2024-02-22,0xb4885bc63399bf5518b994c1d0c153334ee579d0,1278,0x8a2e722c2f167283e38ffee0ee5f1a035596915f,0.0,0.0,10526.938764,0,1,1709063333
2024-02-22,0xb4885bc63399bf5518b994c1d0c153334ee579d0,1363,0x43d16ccd581e1d6a8d51768f75ddf09b79f4f856,1322.806143,1322.806143,2200.656544,1,1,1709160245
2024-02-22,0xb4885bc63399bf5518b994c1d0c153334ee579d0,1385,0x8f2c46ce880c288bbf0926123814496a9842a591,9249.195096,9249.195096,9249.195096,1,1,1708903031
2024-02-22,0xb4885bc63399bf5518b994c1d0c153334ee579d0,1464,0x27adfbdb9a913ffdf886b4f76eca80ab8f189bef,9401.977934,9401.977934,9447.187104,1,1,1709066685
2024-02-22,0xb4885bc63399bf5518b994c1d0c153334ee579d0,1497,0x310f3030e7cc99d9093c5fcd7e8a7fe4cc92b9d9,0.0,0.0,7849.887237,0,1,1709090545
2024-02-22,0xb4885bc63399bf5518b994c1d0c153334ee579d0,1504,0xbd5f593c86319523e6e8afe60dedbefaedbdb8c9,0.0,0.0,7115.738673,0,1,1709160669
2024-02-22,0xb4885bc63399bf5518b994c1d0c153334ee579d0,1508,0x54bae794b6dda32a5379f091afdf5bab0e37b664,7733.596232,7733.596232,7719.493557,1,1,1708965283
2024-02-22,0xb4885bc63399bf5518b994c1d0c153334ee579d0,1550,0x9ee4045c35514119a289ef08b27d448f11599cb8,0.0,0.0,6959.563096,0,1,1709046829
2024-02-22,0xb4885bc63399bf5518b994c1d0c153334ee579d0,1553,0x69cd1c2e13113c09a22ff98cbd2db3f682f716b4,7016.499567,7016.499567,0.0,1,0,1709008343
2024-02-22,0xb4885bc63399bf5518b994c1d0c153334ee579d0,1570,0x0be7b271ba03874ad78d712246066c20c81693d3,0.0,0.0,759.646557,0,1,1708573889
2024-02-22,0xb4885bc63399bf5518b994c1d0c153334ee579d0,1690,0xc609b5595e38acbdde1672f9b482db823f51668a,0.0,0.0,5966.702704,0,1,1709149629
2024-02-22,0xb4885bc63399bf5518b994c1d0c153334ee579d0,1692,0xd1cbf265fcdcafba2e406a17ddd3d178bc7b6803,3579.227552,3579.227552,5394.831002,1,1,1708582537
2024-02-22,0xb4885bc63399bf5518b994c1d0c153334ee579d0,1722,0xc00a6614b8030ce216302016e11c6b4140b5e499,1430.76961,1430.76961,5723.078439,1,1,1708970835
2024-02-22,0xb4885bc63399bf5518b994c1d0c153334ee579d0,1727,0xcdb7361e0793350be029f2b1139621597e4cb053,5825.720999,5825.720999,5804.670942,1,1,1708627791
2024-02-22,0xb4885bc63399bf5518b994c1d0c153334ee579d0,1730,0x1853dc4fbfe3b29012ac6df6ca44b4fca0aa1959,5747.769012,5747.769012,5747.769012,1,1,1708730507
2024-02-22,0xb4885bc63399bf5518b994c1d0c153334ee579d0,1772,0x8560293f8d0583118cc1386133d307ace5acc8b6,0.0,0.0,5285.298784,0,1,1709072059
2024-02-22,0xb4885bc63399bf5518b994c1d0c153334ee579d0,1858,0xb83c10e1a1a713f60ce847528d44f66acc767f05,3451.359499,3451.359499,6504.082703,1,1,1709152907
2024-02-22,0xb4885bc63399bf5518b994c1d0c153334ee579d0,1882,0x301e464b50398a856bf26c09702aee77c99105e8,0.0,0.0,6731.277953,0,1,1709061033
2024-02-22,0xb4885bc63399bf5518b994c1d0c153334ee579d0,1903,0x81d98c8fda0410ee3e9d7586cb949cd19fa4cf38,1166.685278,1166.685278,4554.177352,1,1,1709021233
2024-02-22,0xb4885bc63399bf5518b994c1d0c153334ee579d0,1961,0x68e53742e7a7de9831b9752046072a942f18e4fd,0.0,0.0,4357.192907,0,1,1708580733
2024-02-22,0xb4885bc63399bf5518b994c1d0c153334ee579d0,1991,0x4bdfae7d2a6fc206c5a80f4d41e683a5d5b30d5b,4296.16068,4296.16068,4296.16068,1,1,1709142661
2024-02-22,0xb4885bc63399bf5518b994c1d0c153334ee579d0,2070,0x3f7c10cbbb1ea1046a80b738b9eaf3217410c7f6,0.0,0.0,2553.205408,0,1,1709076511
2024-02-22,0xb4885bc63399bf5518b994c1d0c153334ee579d0,2087,0x4d85e4f760fb58e380f02657ae5aafb8bd010601,1192.15756,1192.15756,0.0,1,0,1708735185
2024-02-22,0xb4885bc63399bf5518b994c1d0c153334ee579d0,2130,0xb83f754eb815e2100f4ba99aa61c299152b07145,0.0,0.0,3939.631511,0,1,1709107397
2024-02-22,0xb4885bc63399bf5518b994c1d0c153334ee579d0,2131,0x85a729033ea3ac6fab6ca0111e587dba45f753f0,0.0,0.0,4010.900115,0,1,1708564903
2024-02-22,0xb4885bc63399bf5518b994c1d0c153334ee579d0,2262,0xb8e1f0f1e0aab629ec07ae9e4fa680b58732c643,3696.028325,3696.028325,3696.028325,1,1,1708786987
2024-02-22,0xb4885bc63399bf5518b994c1d0c153334ee579d0,2270,0x68da9f01a7de69436f40af6a412ecbcc7eb87ead,3607.853669,3607.853669,3607.853669,1,1,1708640249
2024-02-22,0xb4885bc63399bf5518b994c1d0c153334ee579d0,2277,0x8dbce5563c2d86857a7d559453282f315f90bfb8,0.0,0.0,3587.292418,0,1,1709160021
2024-02-22,0xb4885bc63399bf5518b994c1d0c153334ee579d0,2348,0xa0efd27acc781549d5b78e89e561aa0903932d56,3548.314104,3548.314104,3524.152316,1,1,1708564139
2024-02-22,0xb4885bc63399bf5518b994c1d0c153334ee579d0,2398,0xa0d09dd6130596c3fadb66ac6d94ed982510cdef,5106.631627,5106.631627,0.0,1,0,1708878445
2024-02-22,0xb4885bc63399bf5518b994c1d0c153334ee579d0,2412,0xd55b009daf0cc7e7a3bb1e077ffe04f273554b66,0.0,0.0,3418.906425,0,1,1709142181
2024-02-22,0xb4885bc63399bf5518b994c1d0c153334ee579d0,2450,0x46893bccacaf54cc656540e98c7fdd099b9f04c6,0.0,0.0,3370.139838,0,1,1708597151
2024-02-22,0xb4885bc63399bf5518b994c1d0c153334ee579d0,2473,0xead71ff7bcce7c3dd572b3cd6fb7bc4c6359af5f,3270.253851,3270.253851,3270.253851,1,1,1708738405
2024-02-22,0xb4885bc63399bf5518b994c1d0c153334ee579d0,2475,0x9bc86996822381b9dc51d367a6bf088d397d9f68,1034.411308,1034.411308,985.861441,1,1,1709139465
2024-02-22,0xb4885bc63399bf5518b994c1d0c153334ee579d0,2502,0xc877d91a16a5fb483dd96a4a00ede9b240374a25,3305.681749,3305.681749,3293.74811,1,1,1708609789
2024-02-22,0xb4885bc63399bf5518b994c1d0c153334ee579d0,2517,0x3e4495646313c4b9b316827de8567196a5c95ac8,0.0,0.0,3336.704857,0,1,1708695705
2024-02-22,0xb4885bc63399bf5518b994c1d0c153334ee579d0,2597,0x8bcf9320497028119da1c99525d19a9f0d86f92a,3137.583885,3137.583885,3137.583885,1,1,1708592803
2024-02-22,0xb4885bc63399bf5518b994c1d0c153334ee579d0,2602,0x793cf10f2542ad8a98b5951f632bf8526bc2ac63,3155.77017,3155.77017,3155.77017,1,1,1708564361
2024-02-22,0xb4885bc63399bf5518b994c1d0c153334ee579d0,2640,0x0a251df99a88a20a93876205fb7f5faf2e85a481,0.0,0.0,1524.479069,0,1,1708855809
2024-02-22,0xb4885bc63399bf5518b994c1d0c153334ee579d0,2657,0x73c748b5f99c3507f11fb8fa2ea5e3b8f4f9a1d1,2269.038328,2269.038328,1512.692218,1,1,1709101109
2024-02-22,0xb4885bc63399bf5518b994c1d0c153334ee579d0,2697,0x5115b261fb75084af050349020f09164cb8fe059,2990.870725,2990.870725,2990.870725,1,1,1709113499
2024-02-22,0xb4885bc63399bf5518b994c1d0c153334ee579d0,2791,0x08eb99e41a37cf7898ee1979c14f461cd42d6792,2621.285894,2621.285894,2616.505823,1,1,1709155073
2024-02-22,0xb4885bc63399bf5518b994c1d0c153334ee579d0,3041,0x7caea457224c345d1518a23fbd07ebdbdd21170c,0.0,0.0,379.088145,0,1,1709145789
2024-02-22,0xb4885bc63399bf5518b994c1d0c153334ee579d0,3085,0x0c470f23b09847fc99e20b63aa9b0c3db13bacf7,0.0,0.0,3165.100298,0,1,1708740661
2024-02-22,0xb4885bc63399bf5518b994c1d0c153334ee579d0,3128,0x3e863e814b6f40856dd492a4abf6e74b2dfaa815,1804.284565,1804.284565,0.0,1,0,1708696135
2024-02-22,0xb4885bc63399bf5518b994c1d0c153334ee579d0,3203,0xc8295d5fa5fc96c6b3f7d83a0e08f2344ce8ede7,1729.32976,1729.32976,1706.712869,1,1,1708624305
2024-02-22,0xb4885bc63399bf5518b994c1d0c153334ee579d0,3240,0xd23049316c5058dead7d488e78305ad5a82ec362,1647.523189,1647.523189,1647.523189,1,1,1709016757
2024-02-22,0xb4885bc63399bf5518b994c1d0c153334ee579d0,3278,0xebcc98573c3cd9b5b61900d1304da938b5036a0d,0.0,0.0,1608.866766,0,1,1708697255
2024-02-22,0xb4885bc63399bf5518b994c1d0c153334ee579d0,3316,0x4df0df2d3780a192e4ee87cce6156c562904e940,1582.226895,1582.226895,1582.226895,1,1,1708569849
2024-02-22,0xb4885bc63399bf5518b994c1d0c153334ee579d0,3326,0x48b576c87e788a762d6f95a456f2a39113b46950,1553.773003,1553.773003,1553.773003,1,1,1708569777
2024-02-22,0xb4885bc63399bf5518b994c1d0c153334ee579d0,3327,0x08928dcb5bd0b58f8de51921eaade7da8146d259,1570.356678,1570.356678,1570.356678,1,1,1708569893
2024-02-22,0xb4885bc63399bf5518b994c1d0c153334ee579d0,3329,0x9213dc91b318f030eeac9085871939c6c7c58089,51131.166022,51131.166022,0.0,1,0,1708888459
2024-02-22,0xb4885bc63399bf5518b994c1d0c153334ee579d0,3333,0x227fd2fd881cc6c99dfccc0fb40f2b1dc2f3f36e,1542.852977,1542.852977,1542.852977,1,1,1708569979
2024-02-22,0xb4885bc63399bf5518b994c1d0c153334ee579d0,3338,0x13d411c6beddba45fdaf25e8fcc6824bfb373185,1566.869721,1566.869721,0.0,1,0,1708587107
2024-02-22,0xb4885bc63399bf5518b994c1d0c153334ee579d0,3368,0xbcaf219ba7c5299892b074d69398564dfdfe79f3,1515.743342,1515.743342,0.0,1,0,1708591713
2024-02-22,0xb4885bc63399bf5518b994c1d0c153334ee579d0,3438,0x61b57c3d892cd60b56412e73b4d941ffb7907f54,1367.96959,1367.96959,1367.96959,1,1,1708678601
2024-02-22,0xb4885bc63399bf5518b994c1d0c153334ee579d0,3497,0xc73093429e9e151f2b3bed7cc99d73e30457185b,1335.615705,1335.615705,1333.18013,1,1,1708592451
2024-02-22,0xb4885bc63399bf5518b994c1d0c153334ee579d0,3554,0xd1fb4d140aa11097838c296369c989aa2317bc04,0.0,0.0,1236.808175,0,1,1708770613
2024-02-22,0xb4885bc63399bf5518b994c1d0c153334ee579d0,3843,0xb230628e4855da9f6c2a34b6dae57532a08f5851,238.996985,238.996985,238.996985,1,1,1709059155
2024-02-22,0xb4885bc63399bf5518b994c1d0c153334ee579d0,3940,0x13cbd624af484c4c695ff0e1d0b7e125d45f2c76,0.0,0.0,873.075546,0,1,1709089367
2024-02-22,0xb4885bc63399bf5518b994c1d0c153334ee579d0,4011,0x6322872f335dde0d4b44537f69fbae74bbed39de,0.0,0.0,82.260276,0,1,1708754505
2024-02-22,0xb4885bc63399bf5518b994c1d0c153334ee579d0,4052,0x488bb1b37ba4a7399b21a27b320ecc652075e135,0.0,0.0,4302.724876,0,1,1708628993
2024-02-22,0xb4885bc63399bf5518b994c1d0c153334ee579d0,4251,0x91069286728a16fb0c2fe0e29ea56e253e69eb01,675.89517,675.89517,669.707786,1,1,1708802769
2024-02-22,0xb4885bc63399bf5518b994c1d0c153334ee579d0,4413,0x76d04d8b79f698de344d79d59dc7660cd59d2e18,553.053735,553.053735,553.053735,1,1,1709016687
2024-02-22,0xb4885bc63399bf5518b994c1d0c153334ee579d0,4419,0xee1a6dd8ed5ccdef81506dada15518b512bf9fb2,549.417677,549.417677,549.417677,1,1,1709016711
2024-02-22,0xb4885bc63399bf5518b994c1d0c153334ee579d0,4428,0x39f6b2d21a5f93291fba2eb2cc1e435d21bcbc89,546.821432,546.821432,546.821432,1,1,1709104927
2024-02-22,0xb4885bc63399bf5518b994c1d0c153334ee579d0,4518,0x43917a8174465dc01522e8e14335eaa2cde33f6f,79.33039,79.33039,56.724787,1,1,1708619271
2024-02-22,0xb4885bc63399bf5518b994c1d0c153334ee579d0,4531,0x6f3a6d9867d6213056b55ce52b55514215deb343,512.351921,512.351921,512.351921,1,1,1709016733
2024-02-22,0xb4885bc63399bf5518b994c1d0c153334ee579d0,4622,0x2f7479ad52a75eb90a9b2acfb296a39d41828c36,475.831657,475.831657,475.831657,1,1,1708843745
2024-02-22,0xb4885bc63399bf5518b994c1d0c153334ee579d0,4973,0x314d295677f81d037fd61bea21e81f9ea7aa2c64,413.482225,413.482225,413.482225,1,1,1709108425
2024-02-22,0xb4885bc63399bf5518b994c1d0c153334ee579d0,4993,0x95f615c88f791351b414322a0a7f9cc7354ae19f,0.0,0.0,623.228426,0,1,1709064439
2024-02-22,0xb4885bc63399bf5518b994c1d0c153334ee579d0,5026,0xff0b372384778479004e5be8d9061c3cb42a4d95,0.0,0.0,399.215133,0,1,1709132187
2024-02-22,0xb4885bc63399bf5518b994c1d0c153334ee579d0,5076,0xebcc98573c3cd9b5b61900d1304da938b5036a0d,0.0,0.0,395.413211,0,1,1708697245
2024-02-22,0xb4885bc63399bf5518b994c1d0c153334ee579d0,5332,0x314fd5d24e1db1fd89c5b5b96025724ac51ce18c,0.0,0.0,380.002255,0,1,1708840159
2024-02-22,0xb4885bc63399bf5518b994c1d0c153334ee579d0,5568,0xda3e608973dd2150fbc1e19f3ed1f183a37af1d6,371.428522,371.428522,371.428522,1,1,1709025789
2024-02-22,0xb4885bc63399bf5518b994c1d0c153334ee579d0,5576,0x9b3e84714e7b8501648b50e2fc002f8f3dec5ad5,0.0,0.0,369.231848,0,1,1709047489
2024-02-22,0xb4885bc63399bf5518b994c1d0c153334ee579d0,5885,0x1c85d6ae1336d0e4e3f165bbfa9641bfa04cedb1,369.312214,369.312214,368.638751,1,1,1708585783
2024-02-22,0xb4885bc63399bf5518b994c1d0c153334ee579d0,5892,0x0c3ef07338d82406f4e49bcb6df157b94a3dcd38,360.102367,360.102367,360.102367,1,1,1708754455
2024-02-22,0xb4885bc63399bf5518b994c1d0c153334ee579d0,5898,0x7c0111879da162e53360f4a379c8cb25c81bb299,90.080776,90.080776,90.080776,1,1,1708746169
2024-02-22,0xb4885bc63399bf5518b994c1d0c153334ee579d0,5999,0x5f58f61a451741b986df1457d0997ffd7b4e8846,356.998203,356.998203,356.998203,1,1,1708673669
2024-02-22,0xb4885bc63399bf5518b994c1d0c153334ee579d0,6044,0x9e028c80aff3b1a29c66fb213a98d1c634a536a8,364.423932,364.423932,363.759383,1,1,1708619501
2024-02-22,0xb4885bc63399bf5518b994c1d0c153334ee579d0,6056,0xc630ee3e52a40a2c87d3507b18d11efb178d01ab,55.503435,55.503435,108.680979,1,1,1708568137
2024-02-22,0xb4885bc63399bf5518b994c1d0c153334ee579d0,6080,0x3c698d1e054a921dcf46bc213ca407e39ae4db8d,0.0,0.0,355.300945,0,1,1708839445
2024-02-22,0xb4885bc63399bf5518b994c1d0c153334ee579d0,6279,0xbacbe2ab5977f5ca3f14cd6a4458f6af1b316a98,0.0,0.0,387.050975,0,1,1709051103
2024-02-22,0xb4885bc63399bf5518b994c1d0c153334ee579d0,6585,0x221a68818a6a77fae0d920306b45a3b1e32e6743,5762.503896,5762.503896,0.0,1,0,1708614761
2024-02-22,0xb4885bc63399bf5518b994c1d0c153334ee579d0,6610,0x162073d3bd1d3bce47e85ee5b9904887d1ba6e77,140.347671,140.347671,141.661169,1,1,1709016999
2024-02-22,0xb4885bc63399bf5518b994c1d0c153334ee579d0,6696,0x49c1cc75c47a1c289aa25cd189d95beb609a89f3,475.945667,475.945667,484.49348,1,1,1709025837
2024-02-22,0xb4885bc63399bf5518b994c1d0c153334ee579d0,6770,0x80fdc30d21a672eef723b809ed4ba7c91728d421,0.0,0.0,139.664194,0,1,1708683229
2024-02-22,0xb4885bc63399bf5518b994c1d0c153334ee579d0,6806,0x16c5d7862f5e42b578c5b86bdf1f3887fdc0f412,1979.115075,1979.115075,1994.486749,1,1,1708823533
2024-02-22,0xb4885bc63399bf5518b994c1d0c153334ee579d0,6831,0x0e360309966bc76f39be1023da1df86045c53e7c,235.214598,235.214598,201.234472,1,1,1708626535
2024-02-22,0xb4885bc63399bf5518b994c1d0c153334ee579d0,6872,0xdc82091269279b03923c9e64026c548956ce27ca,0.0,0.0,87.113637,0,1,1708727179
2024-02-22,0xb4885bc63399bf5518b994c1d0c153334ee579d0,7009,0xfca9895a7dd0545c3d648f7ef235e546053946ca,891.153149,891.153149,897.488678,1,1,1708650397
2024-02-22,0xb4885bc63399bf5518b994c1d0c153334ee579d0,7343,0x162073d3bd1d3bce47e85ee5b9904887d1ba6e77,2822.254811,2822.254811,2825.87333,1,1,1709017027
2024-02-22,0xb4885bc63399bf5518b994c1d0c153334ee579d0,7905,0x12cfa0fcbf3b2b12d90025d03ebc3241ebd63bfa,2860.758313,2860.758313,2919.827675,1,1,1708650469
2024-02-22,0xb4885bc63399bf5518b994c1d0c153334ee579d0,8051,0xa1405ffe82d934ff555e620fb1a5bac2df4fe5a9,774.038014,774.038014,778.242448,1,1,1709092927
2024-02-22,0xb4885bc63399bf5518b994c1d0c153334ee579d0,8052,0xd722fe8c1ebc95471da98625651d2c704991b809,806.605796,806.605796,825.055037,1,1,1708931005
2024-02-22,0xb4885bc63399bf5518b994c1d0c153334ee579d0,8183,0x87ce2c69fb0b627d5628fd5322e291dea8ea5bcb,0.0,0.0,0.016151,0,1,1708759595
2024-02-22,0xb4885bc63399bf5518b994c1d0c153334ee579d0,8251,0xb1213ef183f374fa61845e67cbf1b0ec79642c27,170.791955,170.791955,190.712626,1,1,1708628139
2024-02-22,0xb4885bc63399bf5518b994c1d0c153334ee579d0,8688,0x3953097d0ac7ee4f390592b69b5ada2dff4108c6,969.919309,969.919309,1016.066201,1,1,1709029733
2024-02-22,0xb4885bc63399bf5518b994c1d0c153334ee579d0,8707,0xc8295d5fa5fc96c6b3f7d83a0e08f2344ce8ede7,4403.325009,4403.325009,4375.857476,1,1,1708624309
2024-02-22,0xb4885bc63399bf5518b994c1d0c153334ee579d0,8896,0x25d3df2b521e29826355d733f638ec70384565a1,9.167206,9.167206,9.698118,1,1,1708757655
2024-02-22,0xb4885bc63399bf5518b994c1d0c153334ee579d0,9193,0xb06f3d64068da3014892c64dbd62bc9b985648c7,0.0,0.0,1646.196965,0,1,1708994623
2024-02-22,0xb4885bc63399bf5518b994c1d0c153334ee579d0,9440,0x4142e7b1e829cf498bf3017b8f964e6ed293ffd4,916.065478,916.065478,969.670148,1,1,1708860611
2024-02-22,0xb4885bc63399bf5518b994c1d0c153334ee579d0,9452,0x2f561ff796d483553e068263882ae0d9068fb42b,116.347109,116.347109,123.531578,1,1,1709130395
2024-02-22,0xb4885bc63399bf5518b994c1d0c153334ee579d0,9473,0x8dace19fe85e4049be16a8cb010b83be9a7250c5,460.55724,460.55724,468.792202,1,1,1709093335
2024-02-22,0xb4885bc63399bf5518b994c1d0c153334ee579d0,9539,0xf5b1ce61ac45e5bfee6a35de8881d3a7ebd45653,0.0,0.0,4.477781,0,1,1709011373
2024-02-22,0xb4885bc63399bf5518b994c1d0c153334ee579d0,9639,0x0ea01228dea7d3e04811cf0ce05fb219773d72ca,0.0,0.0,91.156066,0,1,1708668847
2024-02-22,0xb4885bc63399bf5518b994c1d0c153334ee579d0,9655,0xb4f17a684e1d358abcfdb59292d4d32bd3e277d4,23.448531,23.448531,23.541302,1,1,1708810807
2024-02-22,0xb4885bc63399bf5518b994c1d0c153334ee579d0,9672,0xa12557a0d8378d97586c1efa9253a1bbbf666a5e,42.620939,42.620939,55.011358,1,1,1709036889
2024-02-22,0xb4885bc63399bf5518b994c1d0c153334ee579d0,9707,0x60034a6d90f54d3bbc3188033fd08b1a146802ba,3701.304492,3701.304492,3701.304492,1,1,1709124693
2024-02-22,0xb4885bc63399bf5518b994c1d0c153334ee579d0,10065,0xfb176697fe881af351fa450d85e730018bc36f68,30887.941733,30887.941733,31246.65544,1,1,1708693985
2024-02-22,0xb4885bc63399bf5518b994c1d0c153334ee579d0,10143,0x52b9783f1f955ac10d50c7d4ab62d7f2288d6446,0.0,0.0,1767.292837,0,1,1709160499
2024-02-22,0xb4885bc63399bf5518b994c1d0c153334ee579d0,10271,0x4d92c7272384c055ee2ef7ab0b7112c35b8cef79,0.0,0.0,11268.842877,0,1,1708791185
2024-02-22,0xb4885bc63399bf5518b994c1d0c153334ee579d0,10324,0xd753ec53fc35eedeba2cf8e45d3127f7bbb6807a,0.0,0.0,5323.213591,0,1,1708583663
2024-02-22,0xb4885bc63399bf5518b994c1d0c153334ee579d0,10348,0xe3478483a9a7ecd8cdde248ea43b48197b19e09e,0.0,0.0,0.038956,0,1,1708928261
2024-02-22,0xb4885bc63399bf5518b994c1d0c153334ee579d0,10352,0x18acc7e09e5b4adaf4d51dce21bc2ac616ea9440,17718.240054,17718.240054,35371.85957,1,1,1709161183
2024-02-22,0xb4885bc63399bf5518b994c1d0c153334ee579d0,10489,0x7a70eca937f10234c42b4daed0970fae6f88df15,0.0,0.0,2576.0,0,1,1708790723
2024-02-22,0xb4885bc63399bf5518b994c1d0c153334ee579d0,10526,0xfb4a7f3b61e66f2ffce84415eb39aaf3ab2a024c,11793.769944,11793.769944,11836.489477,1,1,1708860055
2024-02-22,0xb4885bc63399bf5518b994c1d0c153334ee579d0,10652,0x317ea3f40890987e177f82a7a9962247e2584ac5,20.896944,20.896944,21.064677,1,1,1708985269
2024-02-22,0xb4885bc63399bf5518b994c1d0c153334ee579d0,10667,0xd9d752442da02fff30ee95bf202e8713988fce56,232.933846,232.933846,233.826479,1,1,1708867985
2024-02-22,0xb4885bc63399bf5518b994c1d0c153334ee579d0,10756,0xbfe080527c234051b631e5c152eb2f3509d21d60,30.675195,30.675195,19.884415,1,1,1708794515
2024-02-22,0xb4885bc63399bf5518b994c1d0c153334ee579d0,10775,0x30f125a74a4bd2aa8db5de1521b58b1164de1e89,0.0,0.0,407.746762,0,1,1708781011
2024-02-22,0xb4885bc63399bf5518b994c1d0c153334ee579d0,10818,0xd564e5f05a781f4723d28080eb892f1db3ae1d33,695.841343,695.841343,2409.167924,1,1,1709028825
2024-02-22,0xb4885bc63399bf5518b994c1d0c153334ee579d0,10852,0x3426316b1eb507bf2bdfe37b97c7e4456cb8b49b,15.190629,15.190629,34.437554,1,1,1708631767
2024-02-22,0xb4885bc63399bf5518b994c1d0c153334ee579d0,10872,0xeab3e731b301144d2431e364731626e71c87f43c,270160.213327,270160.213327,0.0,1,0,1708925119
2024-02-22,0xb4885bc63399bf5518b994c1d0c153334ee579d0,10877,0x6f9449a07cfe89fd8a6e040a0c9d8eecfeb6f3fc,0.240247,0.240247,0.493235,1,1,1708901969
2024-02-22,0xb4885bc63399bf5518b994c1d0c153334ee579d0,10882,0x7b61766716e466331a2d302c0c0382af97f30f51,8.589019,8.589019,10.125595,1,1,1708896541
2024-02-22,0xb4885bc63399bf5518b994c1d0c153334ee579d0,10903,0x37d893705acea43cdeb3423de8e66464fb295daa,306.354518,306.354518,314.716715,1,1,1709055961
2024-02-22,0xb4885bc63399bf5518b994c1d0c153334ee579d0,10919,0x1cf8da0110f4cb8924aa4eba7ef3a04430897c05,306.336134,306.336134,309.392531,1,1,1709160809
2024-02-22,0xb4885bc63399bf5518b994c1d0c153334ee579d0,10933,0xa07d83334758af046dbcee6991e341c0e061d121,1713.220847,1713.220847,1624.223684,1,1,1709104211
2024-02-22,0xb4885bc63399bf5518b994c1d0c153334ee579d0,10963,0x0a262d0c4400f1a6cf77b08d6410c277a924f879,1062.401395,1062.401395,1225.975575,1,1,1709097605
2024-02-22,0xb4885bc63399bf5518b994c1d0c153334ee579d0,11008,0x34316386913935b8a912115920f6f767e15bf9a1,2.199332,2.199332,2.293818,1,1,1708777185
2024-02-22,0xb4885bc63399bf5518b994c1d0c153334ee579d0,11024,0xa417bd32b4405a9db92298b94dc019b64dd8aa35,1943.589337,1943.589337,1952.537978,1,1,1709075015
2024-02-22,0xb4885bc63399bf5518b994c1d0c153334ee579d0,11052,0x7e2400626811b1cae987c41139c39830f4b2ba9a,0.0,0.0,378.751005,0,1,1709101787
2024-02-22,0xb4885bc63399bf5518b994c1d0c153334ee579d0,11139,0x0a4b2413fc8f172633d8b146d0f3423049d84528,1065.429534,1065.429534,1087.141543,1,1,1708923115
2024-02-22,0xb4885bc63399bf5518b994c1d0c153334ee579d0,11282,0x9e5a57470a2a136a3d4de39e1996e05944c4b1fb,193506.826582,193506.826582,192552.780406,1,1,1708959861
2024-02-22,0xb4885bc63399bf5518b994c1d0c153334ee579d0,11352,0xce76e10b764de934d09883598b329498fe72d9e5,10231.0,10231.0,10231.0,1,1,1708596651
2024-02-22,0xb4885bc63399bf5518b994c1d0c153334ee579d0,11410,0x84572c31acdd30c03982e27b809d30b1efbcd8f2,3831.51969,3831.51969,0.0,1,0,1708632009
2024-02-22,0xb4885bc63399bf5518b994c1d0c153334ee579d0,11654,0x6c168e4fdc09b0008d95cb1e72f0c75ab93aa858,4.157572,4.157572,0.0,1,0,1708568831
2024-02-22,0xb4885bc63399bf5518b994c1d0c153334ee579d0,11727,0x1cf8423299241f155716eb19d0ca65bea4353f03,1732.828315,1732.828315,3495.784011,1,1,1709043353
2024-02-22,0xb4885bc63399bf5518b994c1d0c153334ee579d0,11928,0xc1634876892843d3f80e790baf3f05bf907e94f6,23.729331,23.729331,0.0,1,0,1708634153
2024-02-22,0xb4885bc63399bf5518b994c1d0c153334ee579d0,12202,0xbf4bb928a720e34c6cc681f6e33041d05b4cb8cc,6.063273,6.063273,0.0,1,0,1708693371
2024-02-22,0xb4885bc63399bf5518b994c1d0c153334ee579d0,12205,0xdf0eb1e4480e9aa00f7c16994ecf0dedde17c024,67.918325,67.918325,0.0,1,0,1708704009
2024-02-22,0xb4885bc63399bf5518b994c1d0c153334ee579d0,12221,0x525ef496ac790dc37829f2d6d9d026ca8aca00e4,2.827612,2.827612,0.0,1,0,1708760551
2024-02-22,0xb4885bc63399bf5518b994c1d0c153334ee579d0,12224,0x40e5383a4439f9e896e090f18de98b399467d128,1.896366,1.896366,0.0,1,0,1708761229
2024-02-22,0xb4885bc63399bf5518b994c1d0c153334ee579d0,12225,0x98cec3803d0239bf9c82dc50fef0fc9bf5787392,3.09571,3.09571,0.0,1,0,1708761507
2024-02-22,0xb4885bc63399bf5518b994c1d0c153334ee579d0,12282,0x96cef550d4658e5fd523b0db08cff6257c8d08cc,15.649303,15.649303,0.0,1,0,1708894369
2024-02-22,0xb4885bc63399bf5518b994c1d0c153334ee579d0,12283,0x6e307c83560f51c63b53f79dce4c3122b748e4f6,1.835164,1.835164,0.0,1,0,1708894643
2024-02-22,0xb4885bc63399bf5518b994c1d0c153334ee579d0,12320,0xf5b1ce61ac45e5bfee6a35de8881d3a7ebd45653,91.042818,91.042818,0.0,1,0,1709011719
2024-02-22,0xb4885bc63399bf5518b994c1d0c153334ee579d0,12369,0x20efb8e9cb62cfc0d58ac62464b7a5353b22600f,37.255471,37.255471,0.0,1,0,1709065313
2024-02-22,0xb5e331615fdba7df49e05cdeaceb14acdd5091c3,47,0x011b0a055e02425461a1ae95b30f483c4ff05be7,0.0,0.0,292380.929631,0,1,1709155381
2024-02-22,0xb5e331615fdba7df49e05cdeaceb14acdd5091c3,56,0x48a5a6a01ba89cddf97d2d552923d5a11401ed19,0.0,0.0,168785.692065,0,1,1709161045
2024-02-22,0xb5e331615fdba7df49e05cdeaceb14acdd5091c3,103,0x1c2ed7a6c4e3c1146103fa222181115a72243a06,0.0,0.0,55786.988668,0,1,1709160853
2024-02-22,0xb5e331615fdba7df49e05cdeaceb14acdd5091c3,230,0x961870e8aa20dd1a6a5833d0854a6a5c4ad77ec0,0.0,0.0,160378.728488,0,1,1709041183
2024-02-22,0xb5e331615fdba7df49e05cdeaceb14acdd5091c3,242,0xa0eb44b173af64f2fdb47c7d76ff3a33e04103b6,0.0,0.0,48421.890659,0,1,1709160951
2024-02-22,0xb5e331615fdba7df49e05cdeaceb14acdd5091c3,392,0xa12eec92d8c155c8ea9159cb87da4e062bf9992d,0.0,0.0,106312.261863,0,1,1709073467
2024-02-22,0xb5e331615fdba7df49e05cdeaceb14acdd5091c3,437,0xbae3b46e29e7cfd2bba8164765d592ce9802ec70,0.0,0.0,16794.528778,0,1,1709155711
2024-02-22,0xb5e331615fdba7df49e05cdeaceb14acdd5091c3,512,0x3b1b211b3fce0d1ee9f5e1afeecadeb98378d0b0,0.0,0.0,10907.557494,0,1,1709105263
2024-02-22,0xb5e331615fdba7df49e05cdeaceb14acdd5091c3,518,0x2221ceace30dbae7e209888452d29e711cb5741d,0.0,0.0,42347.761356,0,1,1709160759
2024-02-22,0xb5e331615fdba7df49e05cdeaceb14acdd5091c3,751,0x8e72a24221517e51502f20f387415a06b27a5b51,0.0,0.0,24546.807775,0,1,1709132539
2024-02-22,0xb5e331615fdba7df49e05cdeaceb14acdd5091c3,907,0xac9161439fa30e646dead6a11e23371f97eab067,0.0,0.0,17797.595434,0,1,1709159879
2024-02-22,0xb5e331615fdba7df49e05cdeaceb14acdd5091c3,1086,0x14da174fab1356466af2dd0ecdf94204e828a732,0.0,0.0,13299.328477,0,1,1709141161
2024-02-22,0xb5e331615fdba7df49e05cdeaceb14acdd5091c3,1448,0x809c5ec497a794f9bc4f7e2cd3181d5f7069944d,0.0,0.0,7749.597592,0,1,1709152311
2024-02-22,0xb5e331615fdba7df49e05cdeaceb14acdd5091c3,1731,0x17e06f16ce70607f2faca2dfc7eed07ab5f0ad26,0.0,0.0,5630.907937,0,1,1709152819
2024-02-22,0xb5e331615fdba7df49e05cdeaceb14acdd5091c3,1940,0x86a8b6a2d5a201ab8afe8e8b97b777a6c92b5790,0.0,0.0,4516.41307,0,1,1709160979
2024-02-22,0xb5e331615fdba7df49e05cdeaceb14acdd5091c3,2265,0x1793f0479842af9d573f952ec0b8293135d6411f,0.0,0.0,1806.050489,0,1,1709120647
2024-02-22,0xb5e331615fdba7df49e05cdeaceb14acdd5091c3,2421,0x9a2a659980a8fd84790b456696000c8eba9bc578,0.0,0.0,3351.350501,0,1,1709139269
2024-02-22,0xb5e331615fdba7df49e05cdeaceb14acdd5091c3,2803,0xa696d246c9fee573b7582bd9fac80ca795cf8dbd,0.0,0.0,1254.997838,0,1,1709159507
2024-02-22,0xb5e331615fdba7df49e05cdeaceb14acdd5091c3,2843,0x6a8db0cbd37c515a7f4c0ed6a58ae2e72c2fed33,0.0,0.0,1160.932919,0,1,1709159569
2024-02-22,0xb5e331615fdba7df49e05cdeaceb14acdd5091c3,2865,0xaff2595341a6c516db4b60b5332bb8b70f2f1625,0.0,0.0,1121.412102,0,1,1709159457
2024-02-22,0xb5e331615fdba7df49e05cdeaceb14acdd5091c3,2949,0x3c46fc2ac8101fabde89ff88da0fda895ddc1c15,0.0,0.0,1028.735413,0,1,1709159343
2024-02-22,0xb5e331615fdba7df49e05cdeaceb14acdd5091c3,4011,0x6322872f335dde0d4b44537f69fbae74bbed39de,0.0,0.0,82.260276,0,1,1708754505
2024-02-22,0xb5e331615fdba7df49e05cdeaceb14acdd5091c3,7380,0xd814e1b7cc203ff6ca4358bf4aa3ce9771fedc68,0.0,0.0,1366.828157,0,1,1708984293
2024-02-22,0xb5e331615fdba7df49e05cdeaceb14acdd5091c3,7784,0x92ef66846aa8a259190a30d0776814aa709a0a36,0.0,0.0,532.684151,0,1,1709159655
2024-02-22,0xb5e331615fdba7df49e05cdeaceb14acdd5091c3,7785,0x7bee722ab0f67a663068872fdb4d8b0641ce8953,0.0,0.0,547.513267,0,1,1709159699
2024-02-22,0xb5e331615fdba7df49e05cdeaceb14acdd5091c3,7786,0x37e408a94d43d6ebf2b9935e4cf215049b11b499,0.0,0.0,551.799173,0,1,1709159753
2024-02-22,0xb5e331615fdba7df49e05cdeaceb14acdd5091c3,7787,0xdc172b347938b52a7c0cec91267c76b450adfde4,0.0,0.0,612.654355,0,1,1709159797
2024-02-22,0xb5e331615fdba7df49e05cdeaceb14acdd5091c3,7788,0x8febd8f1f39c7b1aa7d9415efda9a770dafd58c5,0.0,0.0,648.32465,0,1,1709159847
2024-02-22,0xb5e331615fdba7df49e05cdeaceb14acdd5091c3,8748,0x31b22fb973e179b33622455dcc702058f5d8c92f,0.0,0.0,113.410953,0,1,1709004379
2024-02-22,0xb5e331615fdba7df49e05cdeaceb14acdd5091c3,9592,0xbfdcf5eaec3145704ecad91e2b868477e762c80b,56.706293,56.706293,0.0,1,0,1709018549
2024-02-22,0xb5e331615fdba7df49e05cdeaceb14acdd5091c3,9824,0x8d46f81fe6d39fe47e2ebca82cbb0fff0e620c66,3.083926,3.083926,31.448528,1,1,1708802501
2024-02-22,0xb5e331615fdba7df49e05cdeaceb14acdd5091c3,10294,0x48a6a8d403a58eccc70d4d57347f801d4e182564,0.0,0.0,1002772.092618,0,1,1709146349
2024-02-22,0xb5e331615fdba7df49e05cdeaceb14acdd5091c3,10295,0xc875b3dae5b0c371bc8cf9ded64868b78ac47587,456476.689949,456476.689949,891897.127401,1,1,1709162281
2024-02-22,0xb5e331615fdba7df49e05cdeaceb14acdd5091c3,10296,0x03c70563e94de5de56c11a0cc4ce3482f592854f,1192308.46681,1192308.46681,2329618.400981,1,1,1709162329
2024-02-22,0xb5e331615fdba7df49e05cdeaceb14acdd5091c3,10298,0xc9814f18a8751214f719de15c54d01b3d78ef14f,412440.86463,108325602.968505,108697422.773382,134,134,1709162249
2024-02-22,0xb5e331615fdba7df49e05cdeaceb14acdd5091c3,10611,0xbfdcf5eaec3145704ecad91e2b868477e762c80b,4.362426,4.362426,4.540444,1,1,1709018555
2024-02-22,0xb5e331615fdba7df49e05cdeaceb14acdd5091c3,10903,0x37d893705acea43cdeb3423de8e66464fb295daa,306.354518,306.354518,314.716715,1,1,1709055961
2024-02-22,0xb5e331615fdba7df49e05cdeaceb14acdd5091c3,12282,0x96cef550d4658e5fd523b0db08cff6257c8d08cc,3.129861,3.129861,0.0,1,0,1708894369
2024-02-22,0xb5e331615fdba7df49e05cdeaceb14acdd5091c3,12283,0x6e307c83560f51c63b53f79dce4c3122b748e4f6,1.835164,1.835164,0.0,1,0,1708894643
2024-02-22,0xb5e331615fdba7df49e05cdeaceb14acdd5091c3,12284,0xf3c3605011e7d0591eff603fbe9ec2639f860360,1.451366,1.451366,0.0,1,0,1708895653
2024-02-22,0xb5e331615fdba7df49e05cdeaceb14acdd5091c3,12285,0xbbf0b49ca84e61e833e8a10d4d2e6603f151b1a4,3.656556,3.656556,0.0,1,0,1708896417
2024-02-22,0xb680190fb16f417647e69d6a84719ae9c7e5e20a,68,0x132e47cf2c19ec2d8dd56e1528fc7e18dc09188f,4272.885515,4272.885515,5680.093538,1,1,1709148573
2024-02-22,0xb680190fb16f417647e69d6a84719ae9c7e5e20a,7121,0x011b0a055e02425461a1ae95b30f483c4ff05be7,3939.715265,3939.715265,5800.483165,1,1,1709155407
2024-02-22,0xb680190fb16f417647e69d6a84719ae9c7e5e20a,7122,0x011b0a055e02425461a1ae95b30f483c4ff05be7,2077.672708,2077.672708,2739.092006,1,1,1709155433
2024-02-22,0xb680190fb16f417647e69d6a84719ae9c7e5e20a,7445,0x9f298d2f27d98dda3399230bef6c366b032004e3,820.977905,820.977905,827.963934,1,1,1709105551
2024-02-22,0xb7a0b6322834014f95841e643dffa7bb9b9dc0ed,23,0xc01a1cd505e6afcd3ced2ee1bac67890497f6654,48893.63331,48893.63331,0.0,1,0,1709135969
2024-02-22,0xb7a0b6322834014f95841e643dffa7bb9b9dc0ed,24,0x208a17c5fabe5b90282e5906945ff335e39326c4,18676.921296,18676.921296,0.0,1,0,1709150649
2024-02-22,0xb7a0b6322834014f95841e643dffa7bb9b9dc0ed,43,0x2ddb405238368695f34d30a80ab60c449aa5ce48,61849.396813,61849.396813,61625.916605,1,1,1709151115
2024-02-22,0xb7a0b6322834014f95841e643dffa7bb9b9dc0ed,47,0x011b0a055e02425461a1ae95b30f483c4ff05be7,59914.447728,59914.447728,0.0,1,0,1709155381
2024-02-22,0xb7a0b6322834014f95841e643dffa7bb9b9dc0ed,68,0x132e47cf2c19ec2d8dd56e1528fc7e18dc09188f,142429.517174,142429.517174,0.0,1,0,1709148573
2024-02-22,0xb7a0b6322834014f95841e643dffa7bb9b9dc0ed,105,0x208a17c5fabe5b90282e5906945ff335e39326c4,52906.605219,52906.605219,0.0,1,0,1709150611
2024-02-22,0xb7a0b6322834014f95841e643dffa7bb9b9dc0ed,106,0x615e5022252b31af496574f00d5519c5d93261ab,132501.578653,132501.578653,133401.597891,1,1,1709148517
2024-02-22,0xb7a0b6322834014f95841e643dffa7bb9b9dc0ed,110,0x05e09d942505764bca4475abf8efdbc21d1c535b,120333.65958,120333.65958,0.0,1,0,1709153925
2024-02-22,0xb7a0b6322834014f95841e643dffa7bb9b9dc0ed,112,0x5c965d2f24e8fc49146575b039fbda4033d3cf94,0.0,0.0,564171.651052,0,1,1709133549
2024-02-22,0xb7a0b6322834014f95841e643dffa7bb9b9dc0ed,139,0xa04275c10f39e8675a34e147e2ef78d35129f2b6,0.0,0.0,35903.21984,0,1,1709115285
2024-02-22,0xb7a0b6322834014f95841e643dffa7bb9b9dc0ed,174,0x83bad39f067ef72e354f2ea9d318eaad381a7f15,0.0,0.0,69311.387906,0,1,1709131909
2024-02-22,0xb7a0b6322834014f95841e643dffa7bb9b9dc0ed,177,0xdffd8bbf8dcaf236c4e009ff6013bfc98407b6c0,46660.938133,46660.938133,0.0,1,0,1709154053
2024-02-22,0xb7a0b6322834014f95841e643dffa7bb9b9dc0ed,414,0x0eeacd4c475040463389d15ead034d1291b008b1,0.0,0.0,32478.8736,0,1,1708978503
2024-02-22,0xb7a0b6322834014f95841e643dffa7bb9b9dc0ed,486,0x7ee615e93d2d58feb14e58ea93f3fb5940d227e4,0.0,0.0,13118.275132,0,1,1709121243
2024-02-22,0xb7a0b6322834014f95841e643dffa7bb9b9dc0ed,523,0xde93a283495fa2834047b53871a8e4e09f96d841,0.0,0.0,11925.250348,0,1,1709156219
2024-02-22,0xb7a0b6322834014f95841e643dffa7bb9b9dc0ed,553,0xdaa070d909e010211606144ede5b2ca6864c2c1c,10383.462275,10383.462275,10226.927411,1,1,1709134245
2024-02-22,0xb7a0b6322834014f95841e643dffa7bb9b9dc0ed,604,0xf99c8873b972b4192e789f55ab954188d0d9a133,0.0,0.0,36257.00326,0,1,1709140151
2024-02-22,0xb7a0b6322834014f95841e643dffa7bb9b9dc0ed,630,0xa248f4a3d9c1b9d08e7e2e45cf5e11296b2bf4ea,0.0,0.0,18202.697593,0,1,1709123795
2024-02-22,0xb7a0b6322834014f95841e643dffa7bb9b9dc0ed,701,0xacd97a24977afa76d74c6ed7f363f6e4366f74bb,19132.052352,19132.052352,0.0,1,0,1709135309
2024-02-22,0xb7a0b6322834014f95841e643dffa7bb9b9dc0ed,894,0x4fca7ea8770ea56d3e5eb1ce0f35ffe44f198c7d,18208.739354,18208.739354,0.0,1,0,1709153891
2024-02-22,0xb7a0b6322834014f95841e643dffa7bb9b9dc0ed,926,0x256e2248abb150e5cf0860235e153d0b21b02b25,0.0,0.0,16967.830376,0,1,1708993609
2024-02-22,0xb7a0b6322834014f95841e643dffa7bb9b9dc0ed,957,0x77d4d1d555533652815c2f12171ae7f45b6332b2,16523.27132,16523.27132,0.0,1,0,1709146929
2024-02-22,0xb7a0b6322834014f95841e643dffa7bb9b9dc0ed,1159,0x54f2d57856e44dcf81880df34df300d145cc7d57,0.0,0.0,11793.86814,0,1,1709116489
2024-02-22,0xb7a0b6322834014f95841e643dffa7bb9b9dc0ed,1176,0x8844126ca5defee105ae50e5089933768ccf9999,0.0,0.0,11474.110655,0,1,1709020929
2024-02-22,0xb7a0b6322834014f95841e643dffa7bb9b9dc0ed,1473,0xb0720a40d6335df0ac90ff9e4b755217632ca78c,0.0,0.0,3885.286363,0,1,1709106869
2024-02-22,0xb7a0b6322834014f95841e643dffa7bb9b9dc0ed,1492,0x864de5bbaf4b8c808e94a8385b95b0855d170137,0.0,0.0,7394.575801,0,1,1709143517
2024-02-22,0xb7a0b6322834014f95841e643dffa7bb9b9dc0ed,1589,0x814b453a15806ca1b7eab9de64658f062463ae4b,0.0,0.0,6755.247798,0,1,1708814959
2024-02-22,0xb7a0b6322834014f95841e643dffa7bb9b9dc0ed,1653,0x90aa5c7a67081409d0b826facd34600463778a48,0.0,0.0,6350.343754,0,1,1709130361
2024-02-22,0xb7a0b6322834014f95841e643dffa7bb9b9dc0ed,1716,0x6a1a3ecd04df0ff2d7cb25584052cdd173fc609b,576.197375,576.197375,0.0,1,0,1709134709
2024-02-22,0xb7a0b6322834014f95841e643dffa7bb9b9dc0ed,1890,0x1a03c9a30d59cfb354df536bf9f20de7eba84077,0.0,0.0,4866.229018,0,1,1709126907
2024-02-22,0xb7a0b6322834014f95841e643dffa7bb9b9dc0ed,1914,0xcaeeac120121a33c5c232619a2616e306e329cd7,0.0,0.0,8892.839823,0,1,1709112935
2024-02-22,0xb7a0b6322834014f95841e643dffa7bb9b9dc0ed,2362,0xbaa9b493bccbe1a900b39870980f41356f85822a,8661.397155,8661.397155,0.0,1,0,1709150013
2024-02-22,0xb7a0b6322834014f95841e643dffa7bb9b9dc0ed,2405,0x3ee5a77e6d176f42eaf653d9f49fcb8adabbb6fc,0.0,0.0,3424.187291,0,1,1708815429
2024-02-22,0xb7a0b6322834014f95841e643dffa7bb9b9dc0ed,2841,0xfffd05ae9db4d5f4e23e2f37395db2f87359bf5d,0.0,0.0,2328.640983,0,1,1709123037
2024-02-22,0xb7a0b6322834014f95841e643dffa7bb9b9dc0ed,3154,0x9d32f1e7c5ff707e92b4b30937a1e5e2c2de2462,0.0,0.0,1734.543607,0,1,1709155859
2024-02-22,0xb7a0b6322834014f95841e643dffa7bb9b9dc0ed,3202,0xb07aee9bb2d03b6f65346f666154150cacdd3e51,0.0,0.0,2224.89245,0,1,1709129729
2024-02-22,0xb7a0b6322834014f95841e643dffa7bb9b9dc0ed,3461,0x08f83e8860912f8c8186461ea00db5f6030c70f6,0.0,0.0,2505.938844,0,1,1709156639
2024-02-22,0xb7a0b6322834014f95841e643dffa7bb9b9dc0ed,3501,0xb3654d8cb57f03410ea7e0a699fa3261394dcbcf,1298.977073,1298.977073,0.0,1,0,1709152941
2024-02-22,0xb7a0b6322834014f95841e643dffa7bb9b9dc0ed,3781,0xaf11495f021c5c2c5f5230f40d5d57ebe4059700,29152.544,29152.544,0.0,1,0,1709160339
2024-02-22,0xb7a0b6322834014f95841e643dffa7bb9b9dc0ed,3918,0xcac0eb798903ffe73ab1776da3174e6e40e721c6,0.0,0.0,914.192528,0,1,1708955987
2024-02-22,0xb7a0b6322834014f95841e643dffa7bb9b9dc0ed,4195,0x25a67a5f1f3125dd24e59289e82e890fcabe796c,709.62894,709.62894,0.0,1,0,1709153561
2024-02-22,0xb7a0b6322834014f95841e643dffa7bb9b9dc0ed,4197,0xc9ea255b552793e2533f666013a8d1d9e36cc206,691.314735,691.314735,0.0,1,0,1709153609
2024-02-22,0xb7a0b6322834014f95841e643dffa7bb9b9dc0ed,4231,0x633f6bb51b30aed1fec4625774919eca9f5aa55e,680.901827,680.901827,0.0,1,0,1709153411
2024-02-22,0xb7a0b6322834014f95841e643dffa7bb9b9dc0ed,5031,0xacda6f48036d4a4128830eaee9ad4a3a870b02fe,0.0,0.0,421.472824,0,1,1708847817
2024-02-22,0xb7a0b6322834014f95841e643dffa7bb9b9dc0ed,5583,0xa3bdbf5d5ff6059463421b5fcfc0aedcdb18b59b,0.0,0.0,374.44986,0,1,1709129459
2024-02-22,0xb7a0b6322834014f95841e643dffa7bb9b9dc0ed,7121,0x011b0a055e02425461a1ae95b30f483c4ff05be7,2954.786449,2954.786449,0.0,1,0,1709155407
2024-02-22,0xb7a0b6322834014f95841e643dffa7bb9b9dc0ed,9290,0x6c607fdeb11f83b3d5169014a45f45e035f9ab4a,0.0,0.0,9110.264525,0,1,1709159529
2024-02-22,0xb7a0b6322834014f95841e643dffa7bb9b9dc0ed,9427,0xba9d854c4b9ae5eef3dad86e1b65d661938b27a1,16954.258536,16954.258536,0.0,1,0,1709137567
2024-02-22,0xb7a0b6322834014f95841e643dffa7bb9b9dc0ed,10294,0x48a6a8d403a58eccc70d4d57347f801d4e182564,500913.445605,500913.445605,501386.046309,1,1,1709146349
2024-02-22,0xb7a0b6322834014f95841e643dffa7bb9b9dc0ed,10630,0xdaaffba0ab113acbee5c65ecdcccdc60aaf7d110,2886.013283,2886.013283,0.0,1,0,1709133925
2024-02-22,0xb7a0b6322834014f95841e643dffa7bb9b9dc0ed,11004,0xdaaffba0ab113acbee5c65ecdcccdc60aaf7d110,453.596461,453.596461,0.0,1,0,1709133931
2024-02-22,0xb7a0b6322834014f95841e643dffa7bb9b9dc0ed,11005,0x1b41643bc6d347c864c1337ae852c96495459f6c,475.028559,475.028559,0.0,1,0,1709135493
2024-02-22,0xb7a0b6322834014f95841e643dffa7bb9b9dc0ed,11022,0xea6d4b6962d9c19c62dd391bbf4c5e7a3ac0632a,2215.694234,2215.694234,0.0,1,0,1709134589
2024-02-22,0xb7a0b6322834014f95841e643dffa7bb9b9dc0ed,11051,0xdaaffba0ab113acbee5c65ecdcccdc60aaf7d110,1480.800088,1480.800088,0.0,1,0,1709133937
2024-02-22,0xb7a0b6322834014f95841e643dffa7bb9b9dc0ed,11090,0xea6d4b6962d9c19c62dd391bbf4c5e7a3ac0632a,2549.738594,2549.738594,0.0,1,0,1709134605
2024-02-22,0xb7a0b6322834014f95841e643dffa7bb9b9dc0ed,11274,0x9844c3688daaa98de18fbe52499a6b152236896b,0.0,0.0,176098.263029,0,1,1709073295
2024-02-22,0xb7a0b6322834014f95841e643dffa7bb9b9dc0ed,11395,0x1b41643bc6d347c864c1337ae852c96495459f6c,1287.666562,1287.666562,0.0,1,0,1709135505
2024-02-22,0xb7a0b6322834014f95841e643dffa7bb9b9dc0ed,11642,0xfd2496276bc48d338675488ea528d6c4fcbd1f12,1147.132166,1147.132166,0.0,1,0,1709134803
2024-02-22,0xb7a0b6322834014f95841e643dffa7bb9b9dc0ed,11895,0x2c80b4c8ec66b5dcde635cfa593acc18dd50015a,862.5,862.5,0.0,1,0,1709135145
2024-02-22,0xb7a0b6322834014f95841e643dffa7bb9b9dc0ed,11896,0x2c80b4c8ec66b5dcde635cfa593acc18dd50015a,562.19274,562.19274,0.0,1,0,1709135163
2024-02-22,0xb7a0b6322834014f95841e643dffa7bb9b9dc0ed,11982,0x1b41643bc6d347c864c1337ae852c96495459f6c,300.0,300.0,0.0,1,0,1709135519
2024-02-22,0xb7a0b6322834014f95841e643dffa7bb9b9dc0ed,12069,0xa92aecf166253ee71b7f805ee6783ba5417e4aa4,0.0,0.0,1720.0,0,1,1708567719
2024-02-22,0xb7a0b6322834014f95841e643dffa7bb9b9dc0ed,12376,0x2c80b4c8ec66b5dcde635cfa593acc18dd50015a,38.521144,38.521144,0.0,1,0,1709135177
2024-02-22,0xb905d9195019778cfbaa4e9ed90df3fc5871cd9a,505,0x6b6ca48da27304eeeb1d15d355d948f68b852733,0.0,0.0,43027.102282,0,1,1709071051
2024-02-22,0xb905d9195019778cfbaa4e9ed90df3fc5871cd9a,2380,0xacfa475e8769e933663edebc0078b11e412d14ce,0.0,0.0,3426.828181,0,1,1708952689
2024-02-22,0xb905d9195019778cfbaa4e9ed90df3fc5871cd9a,7121,0x011b0a055e02425461a1ae95b30f483c4ff05be7,0.0,0.0,8749.881384,0,1,1709155407
2024-02-22,0xb905d9195019778cfbaa4e9ed90df3fc5871cd9a,7122,0x011b0a055e02425461a1ae95b30f483c4ff05be7,0.0,0.0,3391.25677,0,1,1709155433
2024-02-22,0xbbf71aad6e1f8d180d3b1d898528654c1d18b2ff,6,0x28aa4f9ffe21365473b64c161b566c3cdead0108,3241978.997626,3241978.997626,4045083.818963,1,1,1709141183
2024-02-22,0xbbf71aad6e1f8d180d3b1d898528654c1d18b2ff,3320,0x8cbe0e70513178e65aaf6721955f6202262145d6,0.0,0.0,1580.019023,0,1,1709123163
2024-02-22,0xbbf71aad6e1f8d180d3b1d898528654c1d18b2ff,3585,0x88d867f64811718da2bb1337b6030ecb0cebb5eb,0.0,0.0,1178.406965,0,1,1709024665
2024-02-22,0xbbf71aad6e1f8d180d3b1d898528654c1d18b2ff,5979,0xadb2cc3215c14960240ac2e8f62371e1382497ef,121.089007,121.089007,86.695181,1,1,1709050819
2024-02-22,0xbbf71aad6e1f8d180d3b1d898528654c1d18b2ff,6165,0x57b2dd1f2a024775afcf89412c1140a367e2cb0e,352.740559,352.740559,352.740559,1,1,1709130619
2024-02-22,0xbbf71aad6e1f8d180d3b1d898528654c1d18b2ff,6777,0xee6c29d19ac7f94a2d100a9a6bac8491d1c5bad8,1151.439293,1151.439293,1164.706667,1,1,1708696399
2024-02-22,0xc95582235d8905ea7dac517286bec72f653fa24b,47,0x011b0a055e02425461a1ae95b30f483c4ff05be7,139800.378032,139800.378032,83062.7641,1,1,1709155381
2024-02-22,0xc95582235d8905ea7dac517286bec72f653fa24b,609,0x87dd9282247d03e8415c37025137752522defce1,35979.267962,35979.267962,35979.267962,1,1,1709149211
2024-02-22,0xc95582235d8905ea7dac517286bec72f653fa24b,688,0x398e17b329b074c700d18e87f49b85d0512699e9,0.0,0.0,14592.768584,0,1,1709139825
2024-02-22,0xc95582235d8905ea7dac517286bec72f653fa24b,813,0x1bc3e2c44e0b2dabb1b06a1890273571825d3e03,0.0,0.0,31272.512673,0,1,1709160727
2024-02-22,0xc95582235d8905ea7dac517286bec72f653fa24b,971,0xe3cfbf8fb378f5c4cf780077ee5c2ffe7aaea6dc,0.0,0.0,16322.660029,0,1,1709058475
2024-02-22,0xc95582235d8905ea7dac517286bec72f653fa24b,7121,0x011b0a055e02425461a1ae95b30f483c4ff05be7,35457.437389,35457.437389,0.0,1,0,1709155407
2024-02-22,0xc95582235d8905ea7dac517286bec72f653fa24b,10294,0x48a6a8d403a58eccc70d4d57347f801d4e182564,2003653.782419,2003653.782419,4512474.416782,1,1,1709146349
2024-02-22,0xc95582235d8905ea7dac517286bec72f653fa24b,12120,0x36829dc8b53fda4b7cd8824117ec4de24db01159,61866.85664,61866.85664,0.0,1,0,1708672479
2024-02-22,0xc95582235d8905ea7dac517286bec72f653fa24b,12346,0x1c21987eae9deb06c02208bdafde267059302d44,7.348823,7.348823,0.0,1,0,1709053739
2024-02-22,0xcaedc2561356b6a01a94e3c0438011459e91fbb9,9,0x08e18394086cb624b3d47430d115fafa01f4055e,0.0,0.0,764220.326744,0,1,1708991765
2024-02-22,0xcaedc2561356b6a01a94e3c0438011459e91fbb9,47,0x011b0a055e02425461a1ae95b30f483c4ff05be7,99857.41288,99857.41288,0.0,1,0,1709155381
2024-02-22,0xcaedc2561356b6a01a94e3c0438011459e91fbb9,48,0x12478d1a60a910c9cbffb90648766a2bdd5918f5,772109.805487,772109.805487,0.0,1,0,1709160293
2024-02-22,0xcaedc2561356b6a01a94e3c0438011459e91fbb9,52,0x28878aec6b4209d90a40890183e3322f0ae5b2e2,275696.92449,275696.92449,275194.174672,1,1,1709154645
2024-02-22,0xcaedc2561356b6a01a94e3c0438011459e91fbb9,55,0x285fed35cbea271a711681e84ffd83c68a596a75,844854.122897,844854.122897,0.0,1,0,1709158581
2024-02-22,0xcaedc2561356b6a01a94e3c0438011459e91fbb9,56,0x48a5a6a01ba89cddf97d2d552923d5a11401ed19,3381880.903245,3381880.903245,0.0,1,0,1709161045
2024-02-22,0xcaedc2561356b6a01a94e3c0438011459e91fbb9,71,0x2c84278aa407886b277bbd96ccf3c0e31a3f8ffd,995186.458524,995186.458524,0.0,1,0,1709161085
2024-02-22,0xcaedc2561356b6a01a94e3c0438011459e91fbb9,72,0x712180063c3b8aaedabc68e73803c3e299614749,494335.910859,494335.910859,986868.919564,1,1,1708932819
2024-02-22,0xcaedc2561356b6a01a94e3c0438011459e91fbb9,76,0x0578fe63a40dd249b853487dae3c9eb01957628e,1026634.573567,1026634.573567,1024762.444066,1,1,1709147641
2024-02-22,0xcaedc2561356b6a01a94e3c0438011459e91fbb9,77,0xeb6772188cf10aa563a1cd163f48355d1a949797,218859.336668,218859.336668,0.0,1,0,1709160893
2024-02-22,0xcaedc2561356b6a01a94e3c0438011459e91fbb9,81,0x5c70b3f22595caf8314f77dabc628363aaee18ad,824132.345238,824132.345238,0.0,1,0,1708973459
2024-02-22,0xcaedc2561356b6a01a94e3c0438011459e91fbb9,100,0x133d93566f9699b3af46fe150daa8a67a9563ed6,0.0,0.0,584551.16803,0,1,1709070101
2024-02-22,0xcaedc2561356b6a01a94e3c0438011459e91fbb9,101,0xaf03267d12153bef68dc4d6f7426857c5462544a,560148.251028,560148.251028,0.0,1,0,1709161003
2024-02-22,0xcaedc2561356b6a01a94e3c0438011459e91fbb9,103,0x1c2ed7a6c4e3c1146103fa222181115a72243a06,55888.905427,55888.905427,0.0,1,0,1709160853
2024-02-22,0xcaedc2561356b6a01a94e3c0438011459e91fbb9,108,0x342f3002bb6f77441dfa40480ebb169d6912b464,0.0,0.0,506838.012824,0,1,1709144393
2024-02-22,0xcaedc2561356b6a01a94e3c0438011459e91fbb9,114,0x611b0c1ed942b833c786c53883a4aa37a25602a6,95338.837599,95338.837599,0.0,1,0,1709131963
2024-02-22,0xcaedc2561356b6a01a94e3c0438011459e91fbb9,117,0xdb2b9d473014d8c6a5e55da92205199457ba6624,0.0,0.0,252369.501353,0,1,1709028739
2024-02-22,0xcaedc2561356b6a01a94e3c0438011459e91fbb9,118,0x4ccfeb186c61217f05d8756314c600089b27a1c3,424914.537952,424914.537952,0.0,1,0,1709160905
2024-02-22,0xcaedc2561356b6a01a94e3c0438011459e91fbb9,124,0x5d6f3d0c92d0564151357b0863e55e9ed4631b8d,441791.285456,441791.285456,0.0,1,0,1709157539
2024-02-22,0xcaedc2561356b6a01a94e3c0438011459e91fbb9,132,0xf0b0a5bb90f94b4f5570b41106d6c325f7b53079,0.0,0.0,392444.119418,0,1,1708933019
2024-02-22,0xcaedc2561356b6a01a94e3c0438011459e91fbb9,137,0xa4b6eeeb7eba0fc360a7402f2ebe90c178115e91,1221125.553538,1221125.553538,0.0,1,0,1709160603
2024-02-22,0xcaedc2561356b6a01a94e3c0438011459e91fbb9,139,0xa04275c10f39e8675a34e147e2ef78d35129f2b6,0.0,0.0,241064.476067,0,1,1709115285
2024-02-22,0xcaedc2561356b6a01a94e3c0438011459e91fbb9,147,0xe3f0254b09aec48ffa46f9eee5a3bc7a8e510e6d,0.0,0.0,84995.911297,0,1,1709148429
2024-02-22,0xcaedc2561356b6a01a94e3c0438011459e91fbb9,155,0x8371ec1d9b31899e8a7574f43a7864f395c80d00,174340.024378,174340.024378,0.0,1,0,1709160443
2024-02-22,0xcaedc2561356b6a01a94e3c0438011459e91fbb9,163,0x7ed7888f3bf70ed07f94fd7381d39476928331f7,280366.291196,280366.291196,0.0,1,0,1709157257
2024-02-22,0xcaedc2561356b6a01a94e3c0438011459e91fbb9,166,0x39d12116298f3b2b55e53e7b99c0bf47041761df,0.0,0.0,277161.183411,0,1,1709035733
2024-02-22,0xcaedc2561356b6a01a94e3c0438011459e91fbb9,170,0xbe6695fb4c6fed0385568a3dd1873746054ed958,243673.101277,243673.101277,0.0,1,0,1709156901
2024-02-22,0xcaedc2561356b6a01a94e3c0438011459e91fbb9,201,0x6e98386f1951e6f997691c4a3bfa27126a7f9041,200627.549676,200627.549676,0.0,1,0,1708933577
2024-02-22,0xcaedc2561356b6a01a94e3c0438011459e91fbb9,202,0x6f09e3fd9caf2a8b3c7e9fccd2423b17b9d8e383,200886.967652,200886.967652,0.0,1,0,1709160895
2024-02-22,0xcaedc2561356b6a01a94e3c0438011459e91fbb9,204,0x3aee7d5600c29ee7e4482c810746081313460738,193801.734891,193801.734891,0.0,1,0,1709159419
2024-02-22,0xcaedc2561356b6a01a94e3c0438011459e91fbb9,210,0x4e51a06e4643197e1be2f050b6af60f9ad3cef06,287918.73744,838826.423465,818155.97823,3,3,1709148519
2024-02-22,0xcaedc2561356b6a01a94e3c0438011459e91fbb9,218,0xc8336b9dabbac9bfb9aa483e76fc351b13121784,177206.095847,177206.095847,0.0,1,0,1709160891
2024-02-22,0xcaedc2561356b6a01a94e3c0438011459e91fbb9,220,0x4f6fff5cd87eaf8cf09467366fe783e7ecb1317b,0.0,0.0,170794.761319,0,1,1709085945
2024-02-22,0xcaedc2561356b6a01a94e3c0438011459e91fbb9,221,0x35a1a7740653b9c99b9b70c37c1c97192585b6bb,171908.028031,171908.028031,0.0,1,0,1709161129
2024-02-22,0xcaedc2561356b6a01a94e3c0438011459e91fbb9,224,0x4920a95670b6282951813a94d9066a730d315df3,168938.451566,168938.451566,0.0,1,0,1709158359
2024-02-22,0xcaedc2561356b6a01a94e3c0438011459e91fbb9,225,0xdcb7943f8454a5742b2b881b6ecfc8c7d198f631,168735.338955,168735.338955,0.0,1,0,1709160063
2024-02-22,0xcaedc2561356b6a01a94e3c0438011459e91fbb9,231,0xc82335bbdc978ce2e1f1c6c4f9e5bb2270bb2af1,159970.66438,159970.66438,0.0,1,0,1709160657
2024-02-22,0xcaedc2561356b6a01a94e3c0438011459e91fbb9,242,0xa0eb44b173af64f2fdb47c7d76ff3a33e04103b6,194041.408741,194041.408741,0.0,1,0,1709160951
2024-02-22,0xcaedc2561356b6a01a94e3c0438011459e91fbb9,243,0x9db9a11bd146e8f39dc61246c357aaa10f2f2170,147892.166293,147892.166293,0.0,1,0,1709160357
2024-02-22,0xcaedc2561356b6a01a94e3c0438011459e91fbb9,246,0xb17d6e24e2d6b28543b9b75fd731c4591155900b,148290.041181,148290.041181,0.0,1,0,1709160307
2024-02-22,0xcaedc2561356b6a01a94e3c0438011459e91fbb9,267,0x5b1c8cd6e98d8bca397fd09b0dcc9933d712ad13,47969.041301,47969.041301,0.0,1,0,1709160323
2024-02-22,0xcaedc2561356b6a01a94e3c0438011459e91fbb9,282,0xd96d96a973d920015e130701714f10804156aea7,121359.970029,121359.970029,0.0,1,0,1709160307
2024-02-22,0xcaedc2561356b6a01a94e3c0438011459e91fbb9,284,0x5a34f25040ba6e12daea0512d4d2a0043ecc9292,0.0,0.0,58835.888908,0,1,1709107767
2024-02-22,0xcaedc2561356b6a01a94e3c0438011459e91fbb9,285,0xe8788a8926dac3d25c591caa64d5296044c1446d,0.0,0.0,56909.082741,0,1,1708796899
2024-02-22,0xcaedc2561356b6a01a94e3c0438011459e91fbb9,287,0x28431a1446c86434ded04f7f8ba6808649329f4d,119339.485146,119339.485146,0.0,1,0,1709158569
2024-02-22,0xcaedc2561356b6a01a94e3c0438011459e91fbb9,304,0xbbb33d2e7bd7ddc722e53da9ca8ee97df41cfabf,0.0,0.0,27041.614222,0,1,1709014917
2024-02-22,0xcaedc2561356b6a01a94e3c0438011459e91fbb9,308,0xbf891e7efcc98a8239385d3172ba10ad593c7886,0.0,0.0,52827.478092,0,1,1709098441
2024-02-22,0xcaedc2561356b6a01a94e3c0438011459e91fbb9,312,0x9ced3bdc0e6ff65c3f072b0b5527184843ed4eaf,104908.231946,104908.231946,0.0,1,0,1709159525
2024-02-22,0xcaedc2561356b6a01a94e3c0438011459e91fbb9,316,0x44f8707165e52e9ae72b0f401d3efe7bbd037032,0.0,0.0,103462.243459,0,1,1709119821
2024-02-22,0xcaedc2561356b6a01a94e3c0438011459e91fbb9,324,0x8371ec1d9b31899e8a7574f43a7864f395c80d00,198443.468182,198443.468182,0.0,1,0,1709160551
2024-02-22,0xcaedc2561356b6a01a94e3c0438011459e91fbb9,329,0xac46dac5c58bf33a216a0b756bfb9b3d86407f97,0.0,0.0,95039.414143,0,1,1709048921
2024-02-22,0xcaedc2561356b6a01a94e3c0438011459e91fbb9,351,0x6d71973078b858dab13bf9894c3969df6e5fced7,106778.010846,106778.010846,0.0,1,0,1709161055
2024-02-22,0xcaedc2561356b6a01a94e3c0438011459e91fbb9,353,0x5ade40e345817b739b91c6b4615efce87f9d7c57,24280.585368,24280.585368,96945.233077,1,1,1708609393
2024-02-22,0xcaedc2561356b6a01a94e3c0438011459e91fbb9,362,0x5929cc4d10b6a1acc5bf5d221889f10251c628a1,80345.555915,80345.555915,0.0,1,0,1709158141
2024-02-22,0xcaedc2561356b6a01a94e3c0438011459e91fbb9,376,0xff53e3a27b7252148e0f1daf4a00261eee59177f,36163.91335,36163.91335,0.0,1,0,1709157287
2024-02-22,0xcaedc2561356b6a01a94e3c0438011459e91fbb9,388,0x823bf98d9f1119ae040aaef8118f13a612324112,70948.290146,70948.290146,70301.055409,1,1,1708790147
2024-02-22,0xcaedc2561356b6a01a94e3c0438011459e91fbb9,389,0x879d4cf44d51661f991bb3695cc61599d33847c2,33804.472319,33804.472319,0.0,1,0,1709161023
2024-02-22,0xcaedc2561356b6a01a94e3c0438011459e91fbb9,417,0xbe93d14c5defb8f41af8fb092f58e3c71c712b85,0.0,0.0,31096.061398,0,1,1708604827
2024-02-22,0xcaedc2561356b6a01a94e3c0438011459e91fbb9,418,0x873d59965b2c97ecd536be8438153db432597b9d,62207.071914,62207.071914,0.0,1,0,1709160397
2024-02-22,0xcaedc2561356b6a01a94e3c0438011459e91fbb9,426,0x0e39b12dc1f8a69202838f540684fb5ac307c9c1,0.0,0.0,59343.46487,0,1,1709076107
2024-02-22,0xcaedc2561356b6a01a94e3c0438011459e91fbb9,431,0xae2586e76c8a4d8dc1ff3d9ab70bec760ae143c2,0.0,0.0,65417.519236,0,1,1708806341
2024-02-22,0xcaedc2561356b6a01a94e3c0438011459e91fbb9,460,0x66fbb1cd0a879388005ea9e17c2d951c11334a9c,51571.90926,51571.90926,0.0,1,0,1709156649
2024-02-22,0xcaedc2561356b6a01a94e3c0438011459e91fbb9,466,0xdf2e0a3c668379e1b25901b3f719ebfd00f0bfbd,54824.286931,54824.286931,0.0,1,0,1709160027
2024-02-22,0xcaedc2561356b6a01a94e3c0438011459e91fbb9,469,0xe47fd677ba6d3738cec98aa18bb6fa015b6f7bda,0.0,0.0,49477.218034,0,1,1708866657
2024-02-22,0xcaedc2561356b6a01a94e3c0438011459e91fbb9,475,0xda1d9534bef3344fa5be3b644b767b349e7415c7,9819.809932,9819.809932,0.0,1,0,1709158869
2024-02-22,0xcaedc2561356b6a01a94e3c0438011459e91fbb9,481,0xeef9462b7e4db80ed34a9f22db06a9cda8854569,59296.209929,59296.209929,0.0,1,0,1709158413
2024-02-22,0xcaedc2561356b6a01a94e3c0438011459e91fbb9,485,0x5f3df357144f748d7d53f30719a6e4040e2c7d04,47017.18262,47017.18262,47017.18262,1,1,1709159021
2024-02-22,0xcaedc2561356b6a01a94e3c0438011459e91fbb9,487,0xf3fc9208014ab619fb4b4a9fd00efe5994a6c153,46694.174902,46694.174902,0.0,1,0,1709157475
2024-02-22,0xcaedc2561356b6a01a94e3c0438011459e91fbb9,518,0x2221ceace30dbae7e209888452d29e711cb5741d,42793.788283,42793.788283,0.0,1,0,1709160759
2024-02-22,0xcaedc2561356b6a01a94e3c0438011459e91fbb9,537,0xae4abce9adc6f4ada638ce10c5643f9429520e76,0.0,0.0,41512.135815,0,1,1709077517
2024-02-22,0xcaedc2561356b6a01a94e3c0438011459e91fbb9,557,0xeaceb7f4cddb1177b752ef682ad7a0c5cd31fc05,39926.4732,39926.4732,0.0,1,0,1709156665
2024-02-22,0xcaedc2561356b6a01a94e3c0438011459e91fbb9,570,0x4beb7e81fbc20476b23a324ed035e538618407da,51613.652939,51613.652939,0.0,1,0,1709156833
2024-02-22,0xcaedc2561356b6a01a94e3c0438011459e91fbb9,575,0x94587a95917188b338c822de2d1e77074131589f,10375.76417,10375.76417,0.0,1,0,1708709107
2024-02-22,0xcaedc2561356b6a01a94e3c0438011459e91fbb9,583,0x8371ec1d9b31899e8a7574f43a7864f395c80d00,509553.488746,509553.488746,0.0,1,0,1709160355
2024-02-22,0xcaedc2561356b6a01a94e3c0438011459e91fbb9,586,0xd83410edf02ee6c9f801fc81fdc89f712f84a81e,0.0,0.0,38194.649736,0,1,1709030805
2024-02-22,0xcaedc2561356b6a01a94e3c0438011459e91fbb9,608,0xc45d05cdc809d20c7b14959e8cd4a1199e3e966f,35991.688502,35991.688502,35991.688502,1,1,1708971195
2024-02-22,0xcaedc2561356b6a01a94e3c0438011459e91fbb9,612,0xb7db1273e05bb89c9c4858d3b0a280cf9dd38d69,0.0,0.0,17812.817859,0,1,1709093021
2024-02-22,0xcaedc2561356b6a01a94e3c0438011459e91fbb9,614,0x13e7652b9ec7a97a4a98906fc20338ac70940f98,35629.519563,35629.519563,0.0,1,0,1709159785
2024-02-22,0xcaedc2561356b6a01a94e3c0438011459e91fbb9,628,0x8fa5ebb986fa6db89291a383142bb756ab88428e,26165.065063,26165.065063,0.0,1,0,1709157021
2024-02-22,0xcaedc2561356b6a01a94e3c0438011459e91fbb9,638,0x3efec9925973afe87cbfe219dfe31fbba4266369,34751.569229,34751.569229,0.0,1,0,1709158015
2024-02-22,0xcaedc2561356b6a01a94e3c0438011459e91fbb9,664,0x577be3ed9a71e1c355f519bbdf5f09ba2018b1cc,0.0,0.0,31566.655077,0,1,1709121525
2024-02-22,0xcaedc2561356b6a01a94e3c0438011459e91fbb9,665,0x49e6f2d934077995cf4b24701fa5ae7f7b5e82e5,31588.9588,31588.9588,0.0,1,0,1708895823
2024-02-22,0xcaedc2561356b6a01a94e3c0438011459e91fbb9,675,0x1f452ea54d4d934afadc300c61ca0a3b1bbde958,35576.953666,35576.953666,0.0,1,0,1709160699
2024-02-22,0xcaedc2561356b6a01a94e3c0438011459e91fbb9,680,0x2328ecc367a913bf013533bbf9f0bf5aa8deb363,45450.197074,45450.197074,0.0,1,0,1709161037
2024-02-22,0xcaedc2561356b6a01a94e3c0438011459e91fbb9,718,0xe12dbb4320caa9035c5d104620aa7a0debcbd554,13385.40161,13385.40161,0.0,1,0,1709159569
2024-02-22,0xcaedc2561356b6a01a94e3c0438011459e91fbb9,725,0x1cab2ce19ff9b27680d4a8fdd3745197004ada57,26518.705937,26518.705937,0.0,1,0,1709157671
2024-02-22,0xcaedc2561356b6a01a94e3c0438011459e91fbb9,743,0x55f007605d7f78ba48beae6034ec46a2bbe98d3d,25363.578089,25363.578089,0.0,1,0,1709159327
2024-02-22,0xcaedc2561356b6a01a94e3c0438011459e91fbb9,745,0x6073e895631712c0bca0ff58af13acd61d8eb2f3,0.0,0.0,25379.68963,0,1,1708615813
2024-02-22,0xcaedc2561356b6a01a94e3c0438011459e91fbb9,749,0x973a783d79fd380309f3ccfc1f4ef9f21fcf6c0c,32999.99972,32999.99972,32999.99972,1,1,1709128275
2024-02-22,0xcaedc2561356b6a01a94e3c0438011459e91fbb9,754,0x4d3869e2451d28bb4f03aeda60322eaf01e912db,14869.552236,14869.552236,29344.038113,1,1,1708786817
2024-02-22,0xcaedc2561356b6a01a94e3c0438011459e91fbb9,755,0x5a4e672e859efceea0f74cf177822c4539f26741,0.0,0.0,24817.960844,0,1,1709149185
2024-02-22,0xcaedc2561356b6a01a94e3c0438011459e91fbb9,762,0xea840ad93de7e1c484ed4bafd387bb4641aba570,34854.488426,34854.488426,0.0,1,0,1709160231
2024-02-22,0xcaedc2561356b6a01a94e3c0438011459e91fbb9,769,0x38e76e6d3024475e2d39deb94b2797ce801381c0,0.0,0.0,24106.30425,0,1,1709152213
2024-02-22,0xcaedc2561356b6a01a94e3c0438011459e91fbb9,803,0x4c7eabe657187d2c8c5f7e2bb453478f72fd00c9,28244.070564,28244.070564,0.0,1,0,1709160519
2024-02-22,0xcaedc2561356b6a01a94e3c0438011459e91fbb9,813,0x1bc3e2c44e0b2dabb1b06a1890273571825d3e03,31440.594624,31440.594624,0.0,1,0,1709160727
2024-02-22,0xcaedc2561356b6a01a94e3c0438011459e91fbb9,816,0xe96f4e42719542b3f9556eef6ada7b819f0ac793,23052.762734,23052.762734,0.0,1,0,1709160931
2024-02-22,0xcaedc2561356b6a01a94e3c0438011459e91fbb9,847,0x04c872122ec2553b2d8adcc6c7eac4bec7717ccf,0.0,0.0,19874.289617,0,1,1709054227
2024-02-22,0xcaedc2561356b6a01a94e3c0438011459e91fbb9,871,0x712a81b587abcaa64ea8ff2f0201f2379bf120e7,19049.207903,19049.207903,0.0,1,0,1708583151
2024-02-22,0xcaedc2561356b6a01a94e3c0438011459e91fbb9,896,0x2c8dbcebdc218f0f4e39c868a01c6c9a857aa5bb,0.0,0.0,58816.670828,0,1,1709135087
2024-02-22,0xcaedc2561356b6a01a94e3c0438011459e91fbb9,900,0x0899a0b74ebab3f637b59dbf90883e6df481fe00,0.0,0.0,19361.886035,0,1,1709126703
2024-02-22,0xcaedc2561356b6a01a94e3c0438011459e91fbb9,902,0x186b12ceaf08fde22e32647fcc800e45876f5bd0,0.0,0.0,17897.050096,0,1,1709068469
2024-02-22,0xcaedc2561356b6a01a94e3c0438011459e91fbb9,937,0x4e8f911b2da10563da1357ed0eda1670902c6390,17109.694944,17109.694944,0.0,1,0,1709158861
2024-02-22,0xcaedc2561356b6a01a94e3c0438011459e91fbb9,941,0x340d827d96a2da5e617cb6c378c631f84a0a182e,21476.848389,21476.848389,0.0,1,0,1709160323
2024-02-22,0xcaedc2561356b6a01a94e3c0438011459e91fbb9,942,0x69e24369bfeda80348bd5104df01c4d8b33ecff9,0.0,0.0,20676.85972,0,1,1709089559
2024-02-22,0xcaedc2561356b6a01a94e3c0438011459e91fbb9,954,0xdb2b9d473014d8c6a5e55da92205199457ba6624,0.0,0.0,22108.335055,0,1,1709047757
2024-02-22,0xcaedc2561356b6a01a94e3c0438011459e91fbb9,958,0x4543e5710338bf6e514258ae7f4033ea29c700bd,16384.496386,16384.496386,0.0,1,0,1709156961
2024-02-22,0xcaedc2561356b6a01a94e3c0438011459e91fbb9,960,0x2932c3e41f92a3e4f5f36a81e346397de8620502,0.0,0.0,16019.660039,0,1,1708981065
2024-02-22,0xcaedc2561356b6a01a94e3c0438011459e91fbb9,989,0xe53f4d44c45dbc16a20ab64f8a8b4404ddbbefec,28844.747473,28844.747473,0.0,1,0,1709160721
2024-02-22,0xcaedc2561356b6a01a94e3c0438011459e91fbb9,1038,0x5eda2dc136986fc88d4df5696bc464f96a20268a,14230.060913,14230.060913,0.0,1,0,1709159471
2024-02-22,0xcaedc2561356b6a01a94e3c0438011459e91fbb9,1056,0xeb4576fe753dab07635c0bb6c8f0a355e1db5d31,29476.688536,29476.688536,0.0,1,0,1709159333
2024-02-22,0xcaedc2561356b6a01a94e3c0438011459e91fbb9,1096,0x0feeb7936a806bf2006eb3d73d3552eaf4300fec,13104.251296,13104.251296,0.0,1,0,1709160787
2024-02-22,0xcaedc2561356b6a01a94e3c0438011459e91fbb9,1123,0x4ce268f49ef0726d602a8b0f22fcc543aa23bb51,12420.238769,12420.238769,0.0,1,0,1709161001
2024-02-22,0xcaedc2561356b6a01a94e3c0438011459e91fbb9,1124,0x78ce9fe8d59e2e39fc100a02d30109b16d2d7fd9,39540.914635,39540.914635,0.0,1,0,1709160547
2024-02-22,0xcaedc2561356b6a01a94e3c0438011459e91fbb9,1157,0x118b85d62a78bcdebd619f75a3bb1fafcf411315,0.0,0.0,12069.873548,0,1,1708867829
2024-02-22,0xcaedc2561356b6a01a94e3c0438011459e91fbb9,1166,0x9859a4583763a5ca30cb3dc676b41eae3b628e4a,0.0,0.0,11879.048345,0,1,1709045333
2024-02-22,0xcaedc2561356b6a01a94e3c0438011459e91fbb9,1174,0x91f3acf393de794e7291fbf36dfc408da617cff0,0.0,0.0,14000.611714,0,1,1709058183
2024-02-22,0xcaedc2561356b6a01a94e3c0438011459e91fbb9,1190,0x843ca717461a5d27ec57d26e07618599c7ee4252,0.0,0.0,13788.45625,0,1,1708945299
2024-02-22,0xcaedc2561356b6a01a94e3c0438011459e91fbb9,1204,0xd613a4cc742267dd51259d9679cc0d1ad83f7776,0.0,0.0,11424.2418,0,1,1708935403
2024-02-22,0xcaedc2561356b6a01a94e3c0438011459e91fbb9,1206,0x7d9a78f607706b8f5ce26fba6c9eacabf8937df0,1621.832015,1621.832015,0.0,1,0,1709002849
2024-02-22,0xcaedc2561356b6a01a94e3c0438011459e91fbb9,1224,0xb002d5e8ea1c7db3dfed5aaf33ebcdef890d20d4,0.0,0.0,10756.207526,0,1,1709150089
2024-02-22,0xcaedc2561356b6a01a94e3c0438011459e91fbb9,1231,0x0185c555216bbd14f138a92730682a8e9fbc9e00,10778.305799,10778.305799,0.0,1,0,1709158887
2024-02-22,0xcaedc2561356b6a01a94e3c0438011459e91fbb9,1245,0x6b879c078ea4cc27bbdb486fcaa4fa27e6cbe97a,0.0,0.0,136902.039277,0,1,1709041171
2024-02-22,0xcaedc2561356b6a01a94e3c0438011459e91fbb9,1255,0x4f4d6d47a8a764cf8dab8f544b055fbd109304af,0.0,0.0,5116.88946,0,1,1709050979
2024-02-22,0xcaedc2561356b6a01a94e3c0438011459e91fbb9,1271,0xcfa985eafeacd824135173deb3fde50c05ac2ce1,0.0,0.0,10109.403093,0,1,1709116583
2024-02-22,0xcaedc2561356b6a01a94e3c0438011459e91fbb9,1307,0x49f5b5827f834a8a5aa8abbf7d4b63cafa25245b,10012.30626,10012.30626,0.0,1,0,1709160803
2024-02-22,0xcaedc2561356b6a01a94e3c0438011459e91fbb9,1329,0xa5803acce163edc79be0fb463b3d268bbd806970,0.0,0.0,9138.172403,0,1,1709151013
2024-02-22,0xcaedc2561356b6a01a94e3c0438011459e91fbb9,1332,0x3ca439c192dd92c859c1c3097cca4088eb13f865,0.0,0.0,8982.81729,0,1,1709113381
2024-02-22,0xcaedc2561356b6a01a94e3c0438011459e91fbb9,1360,0xacc2c59c954048fe4fc8d9f1c5dcc8b93afe53bf,8777.358552,8777.358552,0.0,1,0,1709157631
2024-02-22,0xcaedc2561356b6a01a94e3c0438011459e91fbb9,1363,0x43d16ccd581e1d6a8d51768f75ddf09b79f4f856,3086.547666,3086.547666,0.0,1,0,1709160245
2024-02-22,0xcaedc2561356b6a01a94e3c0438011459e91fbb9,1415,0xae2586e76c8a4d8dc1ff3d9ab70bec760ae143c2,0.0,0.0,9832.629461,0,1,1708806347
2024-02-22,0xcaedc2561356b6a01a94e3c0438011459e91fbb9,1422,0x6aaefbe8564aa2719139bb7a4335f94a380c6476,9557.607265,9557.607265,0.0,1,0,1709157185
2024-02-22,0xcaedc2561356b6a01a94e3c0438011459e91fbb9,1435,0xe324c2478a8c2cb019c32609d60691f2fa362f0b,16044.258724,16044.258724,0.0,1,0,1709160303
2024-02-22,0xcaedc2561356b6a01a94e3c0438011459e91fbb9,1436,0xfbe12d942b8c152248fd118f598c08124ff3d7de,0.0,0.0,10986.519521,0,1,1709154111
2024-02-22,0xcaedc2561356b6a01a94e3c0438011459e91fbb9,1446,0x9126f97fb57a9bc4949d09201c9119aef5526aab,0.0,0.0,7756.614637,0,1,1709026447
2024-02-22,0xcaedc2561356b6a01a94e3c0438011459e91fbb9,1465,0xf6081c039aa4df979d57aff3fe1e0d10ad5927b2,7820.5928,7820.5928,0.0,1,0,1709157617
2024-02-22,0xcaedc2561356b6a01a94e3c0438011459e91fbb9,1495,0xdb5bbaa2d64653b7101d56e91173e677717676fe,0.0,0.0,10455.735811,0,1,1709155639
2024-02-22,0xcaedc2561356b6a01a94e3c0438011459e91fbb9,1504,0xbd5f593c86319523e6e8afe60dedbefaedbdb8c9,7056.628111,7056.628111,0.0,1,0,1709160669
2024-02-22,0xcaedc2561356b6a01a94e3c0438011459e91fbb9,1540,0xfff6eb6fae78e604c93b35c97f6892e36acb1dbd,0.0,0.0,7119.022291,0,1,1708606471
2024-02-22,0xcaedc2561356b6a01a94e3c0438011459e91fbb9,1595,0x6532a7c47b033e83eac702b2baecdb8b834558de,6720.434382,6720.434382,0.0,1,0,1708588237
2024-02-22,0xcaedc2561356b6a01a94e3c0438011459e91fbb9,1611,0x601af9ec72c1a7a094c689c0b027100861e2dc09,0.0,0.0,6577.375208,0,1,1709140141
2024-02-22,0xcaedc2561356b6a01a94e3c0438011459e91fbb9,1618,0x8b478359b5593747473e67f78b1f0048c1c523ed,0.0,0.0,27826.075411,0,1,1709128611
2024-02-22,0xcaedc2561356b6a01a94e3c0438011459e91fbb9,1621,0xfb5b4b6bdb5787a07b227bc99e36d314bccd18ca,3825.97524,3825.97524,0.0,1,0,1709157107
2024-02-22,0xcaedc2561356b6a01a94e3c0438011459e91fbb9,1633,0x2071cd4a6e21cf2743af3dcbb63f755a375913e5,0.0,0.0,6412.378303,0,1,1709019753
2024-02-22,0xcaedc2561356b6a01a94e3c0438011459e91fbb9,1650,0x613ca7d1573dbdd7711ec1d84258a3d0fdb76d53,6378.887316,6378.887316,0.0,1,0,1709160007
2024-02-22,0xcaedc2561356b6a01a94e3c0438011459e91fbb9,1671,0xf1196bf726ed9227507f5a8b7c87ae177124db2b,10034.085829,10034.085829,0.0,1,0,1709156727
2024-02-22,0xcaedc2561356b6a01a94e3c0438011459e91fbb9,1672,0xc8feee4b352c46b15ed12492df669911d8496e51,25679.776739,25679.776739,0.0,1,0,1709161045
2024-02-22,0xcaedc2561356b6a01a94e3c0438011459e91fbb9,1780,0x2f7b7b0ea9b9cec865b38600551e6eb51014dfa3,5325.960662,5325.960662,0.0,1,0,1709158693
2024-02-22,0xcaedc2561356b6a01a94e3c0438011459e91fbb9,1846,0x5450a98bd84b8e0708a2a3d55e6c048f15977cd1,0.0,0.0,4956.24395,0,1,1708952001
2024-02-22,0xcaedc2561356b6a01a94e3c0438011459e91fbb9,1856,0x4b7292679d439ccd83b972a5ff848b47391affca,4900.372653,4900.372653,0.0,1,0,1709158641
2024-02-22,0xcaedc2561356b6a01a94e3c0438011459e91fbb9,1910,0x9fab59236a8608e5f1240fdeddf0d22277c7ce88,5486.092275,5486.092275,5486.092275,1,1,1708717799
2024-02-22,0xcaedc2561356b6a01a94e3c0438011459e91fbb9,1921,0x58fc8a5d2bc89dc1a353537271a217a6f64c92a4,0.0,0.0,4512.116997,0,1,1708778303
2024-02-22,0xcaedc2561356b6a01a94e3c0438011459e91fbb9,1940,0x86a8b6a2d5a201ab8afe8e8b97b777a6c92b5790,4516.41307,4516.41307,0.0,1,0,1709160979
2024-02-22,0xcaedc2561356b6a01a94e3c0438011459e91fbb9,1983,0xdc8c1959c74ab2cb3819add153e62739d12be550,0.0,0.0,5280.092939,0,1,1709067735
2024-02-22,0xcaedc2561356b6a01a94e3c0438011459e91fbb9,2039,0x6b8b01df86bfaaf79dda038009fc5597425ad0cf,4210.230385,4210.230385,0.0,1,0,1709159801
2024-02-22,0xcaedc2561356b6a01a94e3c0438011459e91fbb9,2047,0x7239c9c7ca2ed6f684182fca881618fe4b557f9e,6785.617083,6785.617083,0.0,1,0,1709159813
2024-02-22,0xcaedc2561356b6a01a94e3c0438011459e91fbb9,2063,0x8bfa2e0789f3f4d1ef2bdc86c5c7ea3885c1f2b9,0.0,0.0,4174.794227,0,1,1708592349
2024-02-22,0xcaedc2561356b6a01a94e3c0438011459e91fbb9,2087,0x4d85e4f760fb58e380f02657ae5aafb8bd010601,3576.47268,3576.47268,4768.63024,1,1,1708735185
2024-02-22,0xcaedc2561356b6a01a94e3c0438011459e91fbb9,2106,0x64931189b070fc7c8c80839c8a2d9a10b83082ab,4094.734587,4094.734587,0.0,1,0,1709160799
2024-02-22,0xcaedc2561356b6a01a94e3c0438011459e91fbb9,2114,0xdb743c5132eb9ae11bf829014c82ce503bc621cb,4018.970647,4018.970647,4018.970647,1,1,1708876839
2024-02-22,0xcaedc2561356b6a01a94e3c0438011459e91fbb9,2119,0x9cf77c286f8f253f27683c737183fd2fdae2520c,3668.933311,3668.933311,0.0,1,0,1708666427
2024-02-22,0xcaedc2561356b6a01a94e3c0438011459e91fbb9,2151,0x752b6547734c389311fdb9b03a83c2bb4df9cadc,0.0,0.0,3974.559948,0,1,1708950153
2024-02-22,0xcaedc2561356b6a01a94e3c0438011459e91fbb9,2154,0xbed9c70eff039b2dbd8bafda08c53bfd986d0c1f,3975.317123,3975.317123,0.0,1,0,1709159925
2024-02-22,0xcaedc2561356b6a01a94e3c0438011459e91fbb9,2173,0x8770dbd97a61c39a7c4c5ed256076135d64a242a,0.0,0.0,3844.423892,0,1,1709118413
2024-02-22,0xcaedc2561356b6a01a94e3c0438011459e91fbb9,2175,0x96b9d9a5cfe8c572def7588d31f7921138794e24,0.0,0.0,4932.694761,0,1,1708728493
2024-02-22,0xcaedc2561356b6a01a94e3c0438011459e91fbb9,2185,0x36e0edc88cd1902f189ac922a4401cf4f389a110,3901.5399,3901.5399,0.0,1,0,1709158997
2024-02-22,0xcaedc2561356b6a01a94e3c0438011459e91fbb9,2223,0xdeaa067e429ad097465d8f3b50ca306f13061038,0.0,0.0,3755.012422,0,1,1709067323
2024-02-22,0xcaedc2561356b6a01a94e3c0438011459e91fbb9,2226,0xdf632ea5ba8283488aae8538e17a2f802243a61a,3767.816178,3767.816178,0.0,1,0,1709157439
2024-02-22,0xcaedc2561356b6a01a94e3c0438011459e91fbb9,2235,0x9b4ac5feb3fa9c087906cce730dc1bed34f08514,0.0,0.0,3751.683976,0,1,1709015783
2024-02-22,0xcaedc2561356b6a01a94e3c0438011459e91fbb9,2306,0xedac1779d89ed877c99637861e89945ca7226c4f,0.0,0.0,3614.09514,0,1,1709127393
2024-02-22,0xcaedc2561356b6a01a94e3c0438011459e91fbb9,2380,0xacfa475e8769e933663edebc0078b11e412d14ce,3426.828181,3426.828181,0.0,1,0,1708952689
2024-02-22,0xcaedc2561356b6a01a94e3c0438011459e91fbb9,2492,0xc44fd65765199b4bc0a6a03943423819b15293c3,2267.946871,2267.946871,0.0,1,0,1709156805
2024-02-22,0xcaedc2561356b6a01a94e3c0438011459e91fbb9,2537,0xbfd212ba98bde92e75705292a290563bf85edac0,0.0,0.0,3171.550333,0,1,1709121459
2024-02-22,0xcaedc2561356b6a01a94e3c0438011459e91fbb9,2579,0x95aa6cf80aa61c3433215c7b8330c065ed29ce97,0.0,0.0,3190.005646,0,1,1708603433
2024-02-22,0xcaedc2561356b6a01a94e3c0438011459e91fbb9,2587,0xf26e5b93453a69a0297dc66e7bbd750d2b28160b,3186.956462,3186.956462,0.0,1,0,1708620093
2024-02-22,0xcaedc2561356b6a01a94e3c0438011459e91fbb9,2603,0xd2e44e40b5fb960a8a74dd7b9d6b7f14b805b50d,0.0,0.0,3159.419271,0,1,1709105791
2024-02-22,0xcaedc2561356b6a01a94e3c0438011459e91fbb9,2637,0x72fc2f0cceec498ee01ab302b62cb6f78ac36bee,0.0,0.0,2382.593935,0,1,1708598339
2024-02-22,0xcaedc2561356b6a01a94e3c0438011459e91fbb9,2650,0x04795cdee2b677b46878896dae76be5cb174dac6,0.0,0.0,3432.234609,0,1,1708947595
2024-02-22,0xcaedc2561356b6a01a94e3c0438011459e91fbb9,2699,0xc95f41579e19099503f85db8c949fd45565cfaf0,0.0,0.0,2943.938943,0,1,1708588309
2024-02-22,0xcaedc2561356b6a01a94e3c0438011459e91fbb9,2722,0x6d81fbdba7cc3afb7926f80c734965746b297668,0.0,0.0,3099.313213,0,1,1708862571
2024-02-22,0xcaedc2561356b6a01a94e3c0438011459e91fbb9,2731,0xd511a8d9448dc95e774000dcc342207144aa9377,0.0,0.0,2850.051943,0,1,1709150771
2024-02-22,0xcaedc2561356b6a01a94e3c0438011459e91fbb9,2775,0x323b7e14205c54604be21d74d1ad0ab070ec5bb2,0.0,0.0,2677.379828,0,1,1709017009
2024-02-22,0xcaedc2561356b6a01a94e3c0438011459e91fbb9,2818,0x38692e3b8a6b2e17bb0fdfedcb0fbe3a746e8f2d,0.0,0.0,3832.958113,0,1,1709115859
2024-02-22,0xcaedc2561356b6a01a94e3c0438011459e91fbb9,2846,0x7f922e25a3ff62f9a253c83f3f1f2e1dddae60bd,0.0,0.0,2358.434356,0,1,1709097429
2024-02-22,0xcaedc2561356b6a01a94e3c0438011459e91fbb9,2848,0x901a89cec0608eb5435a915f006b45bd46405314,0.0,0.0,2346.137042,0,1,1708923079
2024-02-22,0xcaedc2561356b6a01a94e3c0438011459e91fbb9,2894,0x55eeee5f33036885c336a78564522e89b69c26dc,0.0,0.0,2243.40897,0,1,1708925389
2024-02-22,0xcaedc2561356b6a01a94e3c0438011459e91fbb9,2915,0x6552a83d69e49a418eeeaae4e1e3e5d8ee0402be,0.0,0.0,2195.188848,0,1,1708691791
2024-02-22,0xcaedc2561356b6a01a94e3c0438011459e91fbb9,2974,0xe0a46db77fe3932a901214bfa0a1389d3e996332,0.0,0.0,2100.719753,0,1,1708774939
2024-02-22,0xcaedc2561356b6a01a94e3c0438011459e91fbb9,2984,0x1348431d99cba389dde4831879e29c0df0c1ebca,2025.651501,2025.651501,0.0,1,0,1709161023
2024-02-22,0xcaedc2561356b6a01a94e3c0438011459e91fbb9,3005,0xed09b11bd34b3094f479b08c9db9d47b32de994c,985.192348,985.192348,980.713208,1,1,1708712363
2024-02-22,0xcaedc2561356b6a01a94e3c0438011459e91fbb9,3034,0x033e0a61ac00288a6388d1c8bad11a881ca9e212,0.0,0.0,2182.621223,0,1,1709086747
2024-02-22,0xcaedc2561356b6a01a94e3c0438011459e91fbb9,3086,0x9b9e8bc43c15559653868587a193bd014dff5c65,0.0,0.0,2136.046615,0,1,1709034877
2024-02-22,0xcaedc2561356b6a01a94e3c0438011459e91fbb9,3160,0x25f0a60d95fb530435f733c8e480c8c4c1619d1e,0.0,0.0,1759.71193,0,1,1708959891
2024-02-22,0xcaedc2561356b6a01a94e3c0438011459e91fbb9,3269,0x60a299bc654ec399373fa377b482321a90220051,0.0,0.0,1619.427834,0,1,1709054919
2024-02-22,0xcaedc2561356b6a01a94e3c0438011459e91fbb9,3375,0x6d6e472aeec3f54509c6a805b8b216df2ad99c19,1503.018247,1503.018247,0.0,1,0,1708586463
2024-02-22,0xcaedc2561356b6a01a94e3c0438011459e91fbb9,3388,0xf057f269731f1e10f4cbec0d5aa22a39c9f9f12e,1489.108078,1489.108078,0.0,1,0,1708588611
2024-02-22,0xcaedc2561356b6a01a94e3c0438011459e91fbb9,3398,0x53a784ce1f0efdffb13b68b51cf51913ab7def94,0.0,0.0,1438.342627,0,1,1709026019
2024-02-22,0xcaedc2561356b6a01a94e3c0438011459e91fbb9,3400,0x1e51745bdb4436563097833ba83dcc51109d9fa8,0.0,0.0,718.259064,0,1,1709156987
2024-02-22,0xcaedc2561356b6a01a94e3c0438011459e91fbb9,3405,0x353c5a5bb339a756e25d9ab983db61c7b1ac2922,0.0,0.0,1460.197739,0,1,1709098045
2024-02-22,0xcaedc2561356b6a01a94e3c0438011459e91fbb9,3408,0x1f2b88b4fbcbecf1e0b07728c6db26bfdacdb0b2,0.0,0.0,1453.582947,0,1,1709098145
2024-02-22,0xcaedc2561356b6a01a94e3c0438011459e91fbb9,3412,0x22422040886ab7d0a08eeafa2c595a707a26c531,0.0,0.0,1448.265736,0,1,1709097743
2024-02-22,0xcaedc2561356b6a01a94e3c0438011459e91fbb9,3424,0xf99983c1b128b87bed9ae10ec19df12fefdeb822,0.0,0.0,1395.850217,0,1,1708813997
2024-02-22,0xcaedc2561356b6a01a94e3c0438011459e91fbb9,3430,0x4b4e54a9978453254acb96d3d8d9e202b5b01386,0.0,0.0,1419.012183,0,1,1709098011
2024-02-22,0xcaedc2561356b6a01a94e3c0438011459e91fbb9,3431,0xf9ce07a5611f18f018261d9e5be3fad92b49c852,0.0,0.0,1418.056603,0,1,1709097581
2024-02-22,0xcaedc2561356b6a01a94e3c0438011459e91fbb9,3434,0x7ec4dedf1587acf5f6090f8086e555ed72d6f0b8,0.0,0.0,1406.542614,0,1,1709097463
2024-02-22,0xcaedc2561356b6a01a94e3c0438011459e91fbb9,3499,0x62661b101ca48734668669a9f1cb83c4889049f3,0.0,0.0,1326.190775,0,1,1708992329
2024-02-22,0xcaedc2561356b6a01a94e3c0438011459e91fbb9,3566,0xacd65b8e9d50128780a114a16d8e9870e19c82c3,0.0,0.0,1206.826919,0,1,1708634877
2024-02-22,0xcaedc2561356b6a01a94e3c0438011459e91fbb9,3595,0x50e1310b03eda95b919b7d0b564518d77804434c,0.0,0.0,1189.217743,0,1,1709044601
2024-02-22,0xcaedc2561356b6a01a94e3c0438011459e91fbb9,3612,0x9bcbf958364aad003552de214ab562b8aacbee68,0.0,0.0,1101.242649,0,1,1708639197
2024-02-22,0xcaedc2561356b6a01a94e3c0438011459e91fbb9,3753,0x7384f4c55d2a6392b36fd4f16e314cb6cc14afe0,0.0,0.0,1045.647676,0,1,1708659375
2024-02-22,0xcaedc2561356b6a01a94e3c0438011459e91fbb9,3882,0x977ee6f3c17ecb90ac5504ad92240d40a33ba129,0.0,0.0,930.069657,0,1,1708698835
2024-02-22,0xcaedc2561356b6a01a94e3c0438011459e91fbb9,3988,0x08ba371f556b01d2a384acbea85798139f3bb680,1056.82941,1056.82941,0.0,1,0,1708874989
2024-02-22,0xcaedc2561356b6a01a94e3c0438011459e91fbb9,4113,0x194bbcbfd3913843d260025e6664226f3357c80e,0.0,0.0,750.65624,0,1,1708805943
2024-02-22,0xcaedc2561356b6a01a94e3c0438011459e91fbb9,4187,0x06dc0cbf44eed256c5975210095be703504a4541,709.386838,709.386838,709.386838,1,1,1708657753
2024-02-22,0xcaedc2561356b6a01a94e3c0438011459e91fbb9,4334,0x060f966545bcdfd968a2a00a7ee9306c7bc4cd70,0.0,0.0,614.784235,0,1,1708992837
2024-02-22,0xcaedc2561356b6a01a94e3c0438011459e91fbb9,4338,0xe5dea68128774d469030ae39066818f9e122bc47,0.0,0.0,596.217542,0,1,1709062859
2024-02-22,0xcaedc2561356b6a01a94e3c0438011459e91fbb9,4414,0x39afe2176de832be2a5164e5fc91e27d1355c88d,0.0,0.0,565.227528,0,1,1709056709
2024-02-22,0xcaedc2561356b6a01a94e3c0438011459e91fbb9,4482,0xfc427d3112ccef24dce7fda59238aceca2b8105a,0.0,0.0,584.440973,0,1,1708760291
2024-02-22,0xcaedc2561356b6a01a94e3c0438011459e91fbb9,4510,0x06e252cdb6bf0e724346be59ceadf6684c79793c,0.0,0.0,628.089195,0,1,1709048445
2024-02-22,0xcaedc2561356b6a01a94e3c0438011459e91fbb9,4670,0xe85dbb09a699c0543c363c3f6e51ef0049e3edc5,460.786289,460.786289,460.786289,1,1,1708915799
2024-02-22,0xcaedc2561356b6a01a94e3c0438011459e91fbb9,4770,0x2907b53ffa68caf0dd79b6f8c1238ba8b6708169,0.0,0.0,436.124232,0,1,1708729799
2024-02-22,0xcaedc2561356b6a01a94e3c0438011459e91fbb9,4890,0x12f03f0f9b9384feee357ab255b42ae99fdb8895,411.911121,411.911121,0.0,1,0,1708578009
2024-02-22,0xcaedc2561356b6a01a94e3c0438011459e91fbb9,4935,0x31a6686af02e5f51fd647a9dadfc9c711efcaa22,0.0,0.0,407.33231,0,1,1709075663
2024-02-22,0xcaedc2561356b6a01a94e3c0438011459e91fbb9,4972,0x9baa120b011334ae37ce01ac7c714c934cd7648d,404.198802,404.198802,0.0,1,0,1708577775
2024-02-22,0xcaedc2561356b6a01a94e3c0438011459e91fbb9,4978,0x31a6686af02e5f51fd647a9dadfc9c711efcaa22,0.0,0.0,403.80228,0,1,1709075519
2024-02-22,0xcaedc2561356b6a01a94e3c0438011459e91fbb9,4998,0x31a6686af02e5f51fd647a9dadfc9c711efcaa22,0.0,0.0,401.331415,0,1,1709075635
2024-02-22,0xcaedc2561356b6a01a94e3c0438011459e91fbb9,4999,0x31a6686af02e5f51fd647a9dadfc9c711efcaa22,0.0,0.0,401.331415,0,1,1709075647
2024-02-22,0xcaedc2561356b6a01a94e3c0438011459e91fbb9,5001,0x31a6686af02e5f51fd647a9dadfc9c711efcaa22,0.0,0.0,400.984842,0,1,1709075623
2024-02-22,0xcaedc2561356b6a01a94e3c0438011459e91fbb9,5004,0x31a6686af02e5f51fd647a9dadfc9c711efcaa22,0.0,0.0,400.638269,0,1,1709075587
2024-02-22,0xcaedc2561356b6a01a94e3c0438011459e91fbb9,5005,0x31a6686af02e5f51fd647a9dadfc9c711efcaa22,0.0,0.0,400.638269,0,1,1709075551
2024-02-22,0xcaedc2561356b6a01a94e3c0438011459e91fbb9,5006,0x31a6686af02e5f51fd647a9dadfc9c711efcaa22,0.0,0.0,400.638269,0,1,1709075573
2024-02-22,0xcaedc2561356b6a01a94e3c0438011459e91fbb9,5008,0x31a6686af02e5f51fd647a9dadfc9c711efcaa22,0.0,0.0,400.638269,0,1,1709075609
2024-02-22,0xcaedc2561356b6a01a94e3c0438011459e91fbb9,5009,0x31a6686af02e5f51fd647a9dadfc9c711efcaa22,0.0,0.0,400.638269,0,1,1709075535
2024-02-22,0xcaedc2561356b6a01a94e3c0438011459e91fbb9,5051,0x349e7c22cd2a12d42073443c633d2478a419b578,0.0,0.0,397.586586,0,1,1709066515
2024-02-22,0xcaedc2561356b6a01a94e3c0438011459e91fbb9,5062,0xe8d8b73ccc85ded891ad41893ebbb0d684350e04,0.0,0.0,400.859495,0,1,1708986105
2024-02-22,0xcaedc2561356b6a01a94e3c0438011459e91fbb9,5126,0xf10fd43f5f58128269ed4e312fe56084a18e50b9,0.0,0.0,6942.104838,0,1,1709015889
2024-02-22,0xcaedc2561356b6a01a94e3c0438011459e91fbb9,5144,0x0185c555216bbd14f138a92730682a8e9fbc9e00,399.844248,399.844248,0.0,1,0,1709158891
2024-02-22,0xcaedc2561356b6a01a94e3c0438011459e91fbb9,5341,0x3650801cbe79abf94dbdf297fae9e10ccf9616d4,0.0,0.0,379.140422,0,1,1709094061
2024-02-22,0xcaedc2561356b6a01a94e3c0438011459e91fbb9,5414,0x78b155d7bc284a887f09e028a360a36cc4c4d4c8,0.0,0.0,375.724742,0,1,1709036367
2024-02-22,0xcaedc2561356b6a01a94e3c0438011459e91fbb9,5560,0x3b368d514ab6413725fb4182f69119ba228d94bb,371.634719,371.634719,0.0,1,0,1708585159
2024-02-22,0xcaedc2561356b6a01a94e3c0438011459e91fbb9,5630,0xb60150e5ad44fea6e95aaf99e31da7d85cdd5bcf,0.0,0.0,368.124311,0,1,1708676937
2024-02-22,0xcaedc2561356b6a01a94e3c0438011459e91fbb9,5655,0xe9c59798e49a039823d731ee64cbde7151271482,367.101144,367.101144,0.0,1,0,1709161149
2024-02-22,0xcaedc2561356b6a01a94e3c0438011459e91fbb9,5719,0x0e9e11fe0f6e6abbe12ba1d099dcf27b1c4b473b,537.704195,537.704195,0.0,1,0,1709159777
2024-02-22,0xcaedc2561356b6a01a94e3c0438011459e91fbb9,6026,0x3be77b03e7869e69a6959a7149e2dcd577f66304,0.0,0.0,456.18852,0,1,1708775339
2024-02-22,0xcaedc2561356b6a01a94e3c0438011459e91fbb9,6147,0x8e651ce5299c187a9570a2afad5a899755d4c5cc,0.0,0.0,353.199371,0,1,1709048069
2024-02-22,0xcaedc2561356b6a01a94e3c0438011459e91fbb9,6167,0x495dc187ebc2398f57ca3fa70c49b5eb6c5271ec,352.699929,352.699929,0.0,1,0,1708781255
2024-02-22,0xcaedc2561356b6a01a94e3c0438011459e91fbb9,6251,0x7b5a85afce09aae49344f0b64f9476799f33c257,0.0,0.0,1213.195894,0,1,1708775641
2024-02-22,0xcaedc2561356b6a01a94e3c0438011459e91fbb9,6338,0x224e69025a2f705c8f31efb6694398f8fd09ac5c,0.0,0.0,4963.622368,0,1,1708569897
2024-02-22,0xcaedc2561356b6a01a94e3c0438011459e91fbb9,6347,0xb1e436ff825f116d390356f606f059ddadec96a6,0.0,0.0,422.373551,0,1,1708775047
2024-02-22,0xcaedc2561356b6a01a94e3c0438011459e91fbb9,6419,0x30224981a4b5a6e2938d0a62900f77f90a2a0c24,2339.654491,2339.654491,0.0,1,0,1709159885
2024-02-22,0xcaedc2561356b6a01a94e3c0438011459e91fbb9,6518,0x5da68351bd082abda73e42ac981db51d9364fe69,49.308246,49.308246,0.0,1,0,1708620155
2024-02-22,0xcaedc2561356b6a01a94e3c0438011459e91fbb9,6722,0x8f37f0654a652c2ea9e6d1caa44f37baac61c346,533.284531,533.284531,501.92832,1,1,1708853675
2024-02-22,0xcaedc2561356b6a01a94e3c0438011459e91fbb9,7015,0xeb0aef82e93f72dcfbed2fb2eaca7ea5e1f9c5c8,0.0,0.0,103.0,0,1,1708935335
2024-02-22,0xcaedc2561356b6a01a94e3c0438011459e91fbb9,7049,0xe7de9bada139629600b5d140c0eff9cff34524cc,0.0,0.0,2960.859562,0,1,1709114743
2024-02-22,0xcaedc2561356b6a01a94e3c0438011459e91fbb9,7139,0x2f7b7b0ea9b9cec865b38600551e6eb51014dfa3,9681.873195,9681.873195,0.0,1,0,1709158653
2024-02-22,0xcaedc2561356b6a01a94e3c0438011459e91fbb9,7141,0x36e0edc88cd1902f189ac922a4401cf4f389a110,5515.979287,5515.979287,0.0,1,0,1709158981
2024-02-22,0xcaedc2561356b6a01a94e3c0438011459e91fbb9,7802,0x470d235ca1caff614abee02d98ac3aa89a6758bd,0.0,0.0,2278.154864,0,1,1709100065
2024-02-22,0xcaedc2561356b6a01a94e3c0438011459e91fbb9,7973,0x752b6547734c389311fdb9b03a83c2bb4df9cadc,0.0,0.0,2051.835323,0,1,1708950181
2024-02-22,0xcaedc2561356b6a01a94e3c0438011459e91fbb9,8047,0x4ee67d558e065c6655f6a871a881e4717d97d1bd,5939.424906,5939.424906,0.0,1,0,1709160525
2024-02-22,0xcaedc2561356b6a01a94e3c0438011459e91fbb9,8347,0x0578fe63a40dd249b853487dae3c9eb01957628e,36845.387118,36845.387118,36778.197353,1,1,1709147653
2024-02-22,0xcaedc2561356b6a01a94e3c0438011459e91fbb9,8380,0x3b1c9d24c46df6ab9775d6bbb478987caa6018a3,35110.699187,35110.699187,0.0,1,0,1709159827
2024-02-22,0xcaedc2561356b6a01a94e3c0438011459e91fbb9,8389,0x4ccfeb186c61217f05d8756314c600089b27a1c3,4638.587585,4638.587585,0.0,1,0,1709160763
2024-02-22,0xcaedc2561356b6a01a94e3c0438011459e91fbb9,8405,0x5d6f3d0c92d0564151357b0863e55e9ed4631b8d,5642.878073,5642.878073,0.0,1,0,1709157567
2024-02-22,0xcaedc2561356b6a01a94e3c0438011459e91fbb9,8431,0x9c6016b2543cfd29a587992393c3c59df1dc48af,110331.864703,110331.864703,0.0,1,0,1709161049
2024-02-22,0xcaedc2561356b6a01a94e3c0438011459e91fbb9,8477,0xf10fd43f5f58128269ed4e312fe56084a18e50b9,0.0,0.0,1329.536101,0,1,1709015941
2024-02-22,0xcaedc2561356b6a01a94e3c0438011459e91fbb9,8485,0xfdbbfb0fe2986672af97eca0e797d76a0bbf35c9,514090.541374,514090.541374,0.0,1,0,1709160675
2024-02-22,0xcaedc2561356b6a01a94e3c0438011459e91fbb9,8543,0xd69334db1e0858da4ec72c9ed14c4319c5761c3f,16717.367774,16717.367774,0.0,1,0,1709157623
2024-02-22,0xcaedc2561356b6a01a94e3c0438011459e91fbb9,8646,0xde82ba72fdd75dff334b1ceb3e57e1945f1d7561,306.151805,306.151805,307.813986,1,1,1708947629
2024-02-22,0xcaedc2561356b6a01a94e3c0438011459e91fbb9,8680,0x61efc911eeef849147d696efab2fbd8717bef9e9,500.523628,500.523628,0.0,1,0,1709158315
2024-02-22,0xcaedc2561356b6a01a94e3c0438011459e91fbb9,8852,0x6adabc8287a814b21a67e2b5811ed19ae708872f,1420.404268,1420.404268,0.0,1,0,1708775985
2024-02-22,0xcaedc2561356b6a01a94e3c0438011459e91fbb9,9029,0xa96a2500ff54c0b38e69a66cafc1dcaa76651667,14742.997175,14742.997175,14757.032162,1,1,1708875593
2024-02-22,0xcaedc2561356b6a01a94e3c0438011459e91fbb9,9045,0xf7c0d5e897666ce6590a749ff1bd9edaf7eab2a5,0.0,0.0,2164.574874,0,1,1709052833
2024-02-22,0xcaedc2561356b6a01a94e3c0438011459e91fbb9,9054,0x0e4b04d0fb9e6191e6401f1f3cf10917c12e2f53,0.0,0.0,323.926712,0,1,1709037491
2024-02-22,0xcaedc2561356b6a01a94e3c0438011459e91fbb9,9244,0x0302f495deee51627014e73e3b5f937fbdfb2680,11645.382247,11645.382247,0.0,1,0,1709158237
2024-02-22,0xcaedc2561356b6a01a94e3c0438011459e91fbb9,9260,0xa96a2500ff54c0b38e69a66cafc1dcaa76651667,3539.582831,3539.582831,3520.660161,1,1,1708875599
2024-02-22,0xcaedc2561356b6a01a94e3c0438011459e91fbb9,9261,0xb6f28ae8f31d85dc27361852b986286113bc588d,5313.265488,5313.265488,0.0,1,0,1709157485
2024-02-22,0xcaedc2561356b6a01a94e3c0438011459e91fbb9,9262,0xd69334db1e0858da4ec72c9ed14c4319c5761c3f,4247.317208,4247.317208,0.0,1,0,1709157645
2024-02-22,0xcaedc2561356b6a01a94e3c0438011459e91fbb9,9275,0x8c553dbd9c7e52f0f698d0a11615fafe999ec271,3884.722294,3884.722294,3884.722294,1,1,1709081921
2024-02-22,0xcaedc2561356b6a01a94e3c0438011459e91fbb9,9282,0x5929cc4d10b6a1acc5bf5d221889f10251c628a1,50147.09847,50147.09847,0.0,1,0,1709158237
2024-02-22,0xcaedc2561356b6a01a94e3c0438011459e91fbb9,9394,0x941e5957eaa0bb7c83b25002fc4bb04b35ea9fdf,1327.981478,1327.981478,0.0,1,0,1709161021
2024-02-22,0xcaedc2561356b6a01a94e3c0438011459e91fbb9,9747,0xdab85506424396fb090d84b64ad63b770d87c028,0.0,0.0,101654.257247,0,1,1709079907
2024-02-22,0xcaedc2561356b6a01a94e3c0438011459e91fbb9,9755,0xe8b55fd62045d51274812e5c3ab803055c0e3eaa,0.0,0.0,3387.42413,0,1,1708632697
2024-02-22,0xcaedc2561356b6a01a94e3c0438011459e91fbb9,9762,0x981720fb00bf4bc7754b02e998df1b3d9fe4ff92,10864.031524,10864.031524,0.0,1,0,1709159685
2024-02-22,0xcaedc2561356b6a01a94e3c0438011459e91fbb9,9792,0x066bb7c61b4bbe60e08d985a939e51636a6d1f7e,0.0,0.0,1255.062691,0,1,1709099641
2024-02-22,0xcaedc2561356b6a01a94e3c0438011459e91fbb9,9928,0x5929cc4d10b6a1acc5bf5d221889f10251c628a1,15540.375616,15540.375616,0.0,1,0,1709158287
2024-02-22,0xcaedc2561356b6a01a94e3c0438011459e91fbb9,9951,0xbc83501a04709f5d69d7c69fd154144bddc968f4,80868.403893,80868.403893,0.0,1,0,1709159903
2024-02-22,0xcaedc2561356b6a01a94e3c0438011459e91fbb9,9969,0x166c794d890dd91bbe71f304eca660e1c4892cbb,7791.039729,7791.039729,0.0,1,0,1709159389
2024-02-22,0xcaedc2561356b6a01a94e3c0438011459e91fbb9,10064,0x112e37ae393dffdba7a05288732e615736526141,0.0,0.0,47.146602,0,1,1709101131
2024-02-22,0xcaedc2561356b6a01a94e3c0438011459e91fbb9,10066,0x629cbcaaae418da37f4ed34f13637f809f75278b,0.0,0.0,19478.462651,0,1,1709086745
2024-02-22,0xcaedc2561356b6a01a94e3c0438011459e91fbb9,10252,0xdab85506424396fb090d84b64ad63b770d87c028,0.0,0.0,15847.302578,0,1,1709079951
2024-02-22,0xcaedc2561356b6a01a94e3c0438011459e91fbb9,10294,0x48a6a8d403a58eccc70d4d57347f801d4e182564,5510047.901651,5510047.901651,4512474.416782,1,1,1709146349
2024-02-22,0xcaedc2561356b6a01a94e3c0438011459e91fbb9,10295,0xc875b3dae5b0c371bc8cf9ded64868b78ac47587,1255310.89736,1255310.89736,111487.140925,1,1,1709162281
2024-02-22,0xcaedc2561356b6a01a94e3c0438011459e91fbb9,10296,0x03c70563e94de5de56c11a0cc4ce3482f592854f,3278848.283728,3278848.283728,291202.300123,1,1,1709162329
2024-02-22,0xcaedc2561356b6a01a94e3c0438011459e91fbb9,10298,0xc9814f18a8751214f719de15c54d01b3d78ef14f,1134212.377732,14623357.640716,13587177.846673,134,134,1709162249
2024-02-22,0xcaedc2561356b6a01a94e3c0438011459e91fbb9,10383,0xf0b0a5bb90f94b4f5570b41106d6c325f7b53079,0.0,0.0,35710.70446,0,1,1708933049
2024-02-22,0xcaedc2561356b6a01a94e3c0438011459e91fbb9,10401,0x4761214935e9eaa77b612af141c1403af54601d9,0.0,0.0,47680.592587,0,1,1709123527
2024-02-22,0xcaedc2561356b6a01a94e3c0438011459e91fbb9,10414,0xdcac0ee047da0ab449f6beb08c8f79c00eabc67d,0.0,0.0,571.815007,0,1,1708628879
2024-02-22,0xcaedc2561356b6a01a94e3c0438011459e91fbb9,10536,0xae2586e76c8a4d8dc1ff3d9ab70bec760ae143c2,0.0,0.0,922.593239,0,1,1708806335
2024-02-22,0xcaedc2561356b6a01a94e3c0438011459e91fbb9,10647,0x712180063c3b8aaedabc68e73803c3e299614749,53612.360979,53612.360979,37646.669529,1,1,1708932869
2024-02-22,0xcaedc2561356b6a01a94e3c0438011459e91fbb9,10651,0x2fe5a31a678a114a297b18dec7771601fdcdec9f,0.0,0.0,15883.473677,0,1,1709109827
2024-02-22,0xcaedc2561356b6a01a94e3c0438011459e91fbb9,10657,0x892176d784bed3dc877a62f3ff9fc091377b2a49,0.0,0.0,19662.447437,0,1,1708881263
2024-02-22,0xcaedc2561356b6a01a94e3c0438011459e91fbb9,10718,0x5f3e643c0a4e7726e8976fd3b71d552f1deb1b48,0.0,0.0,872.637109,0,1,1709124385
2024-02-22,0xcaedc2561356b6a01a94e3c0438011459e91fbb9,10833,0xfc61e3721a0fe90da853f43e0f9cc6818815b1eb,5850.118479,5850.118479,3158.038304,1,1,1709159965
2024-02-22,0xcaedc2561356b6a01a94e3c0438011459e91fbb9,10852,0x3426316b1eb507bf2bdfe37b97c7e4456cb8b49b,8.82213,8.82213,0.0,1,0,1708631767
2024-02-22,0xcaedc2561356b6a01a94e3c0438011459e91fbb9,10909,0xe79a3cd39dc76cd97ace0a665edf9ec3f19af42c,8902.253128,8902.253128,4942.385626,1,1,1709159467
2024-02-22,0xcaedc2561356b6a01a94e3c0438011459e91fbb9,10917,0xc91703f7b55bb1459840b2f7ac099d47eb002422,5060.347016,5060.347016,0.0,1,0,1709159621
2024-02-22,0xcaedc2561356b6a01a94e3c0438011459e91fbb9,10925,0xe5e63a7fd8e329ee60ed8be8676f7bf103522fe7,0.0,0.0,15104.202319,0,1,1708830943
2024-02-22,0xcaedc2561356b6a01a94e3c0438011459e91fbb9,10942,0xbd584812c7aaeb901e8424725065cb0716b9264f,0.0,0.0,6738.666525,0,1,1708570865
2024-02-22,0xcaedc2561356b6a01a94e3c0438011459e91fbb9,10951,0xec493b8ee4aec10e4e2cc0c2f1da65aadb23bcfd,0.0,0.0,9210.138408,0,1,1708758283
2024-02-22,0xcaedc2561356b6a01a94e3c0438011459e91fbb9,10981,0x265b82f1d48881ee2b3c0b8c945d66dc3e4841d2,20306.158008,20306.158008,20411.205034,1,1,1709159057
2024-02-22,0xcaedc2561356b6a01a94e3c0438011459e91fbb9,10982,0x981720fb00bf4bc7754b02e998df1b3d9fe4ff92,15978.882736,15978.882736,8328.873436,1,1,1709159719
2024-02-22,0xcaedc2561356b6a01a94e3c0438011459e91fbb9,10983,0x35dca3c52e4e8766fe9dae7082e4337e203b9556,47231.728338,47231.728338,23768.987916,1,1,1709159831
2024-02-22,0xcaedc2561356b6a01a94e3c0438011459e91fbb9,11069,0x9bd11e9313f61b2aed601eb9d8271c3230752e7e,69567.31034,69567.31034,0.0,1,0,1709160415
2024-02-22,0xcaedc2561356b6a01a94e3c0438011459e91fbb9,11071,0xe5e63a7fd8e329ee60ed8be8676f7bf103522fe7,0.0,0.0,19531.542206,0,1,1708563797
2024-02-22,0xcaedc2561356b6a01a94e3c0438011459e91fbb9,11096,0xdf521a87f18df4223a00671210785500617d31bc,1042.32998,1042.32998,1041.304256,1,1,1708979643
2024-02-22,0xcaedc2561356b6a01a94e3c0438011459e91fbb9,11109,0xdf521a87f18df4223a00671210785500617d31bc,1074.998443,1074.998443,1079.917818,1,1,1709017263
2024-02-22,0xcaedc2561356b6a01a94e3c0438011459e91fbb9,11111,0xfcbb3474737f05eca92f4a8c4cdc09b2a34ce99d,203.109563,203.109563,145.723619,1,1,1708972911
2024-02-22,0xcaedc2561356b6a01a94e3c0438011459e91fbb9,11120,0x0b5897d201d83a9fcbeefc086c100a8eaa5ada9a,0.0,0.0,9928.409952,0,1,1709109093
2024-02-22,0xcaedc2561356b6a01a94e3c0438011459e91fbb9,11137,0x8db743ecf3813f7bc8f142d654ae8012efaa3481,0.0,0.0,53304.719049,0,1,1708589807
2024-02-22,0xcaedc2561356b6a01a94e3c0438011459e91fbb9,11221,0xa92aecf166253ee71b7f805ee6783ba5417e4aa4,0.0,0.0,19973.213235,0,1,1709130055
2024-02-22,0xcaedc2561356b6a01a94e3c0438011459e91fbb9,11263,0xec493b8ee4aec10e4e2cc0c2f1da65aadb23bcfd,0.0,0.0,1670.0,0,1,1708821841
2024-02-22,0xcaedc2561356b6a01a94e3c0438011459e91fbb9,11267,0xbd584812c7aaeb901e8424725065cb0716b9264f,0.0,0.0,1566.0,0,1,1709089197
2024-02-22,0xcaedc2561356b6a01a94e3c0438011459e91fbb9,11291,0x87f16c31e32ae543278f5194cf94862f1cb1eee0,0.0,0.0,49704.051333,0,1,1708609147
2024-02-22,0xcaedc2561356b6a01a94e3c0438011459e91fbb9,11292,0xf0b0a5bb90f94b4f5570b41106d6c325f7b53079,0.0,0.0,6526.345224,0,1,1708567229
2024-02-22,0xcaedc2561356b6a01a94e3c0438011459e91fbb9,11301,0x712180063c3b8aaedabc68e73803c3e299614749,0.0,0.0,7490.102465,0,1,1708567761
2024-02-22,0xcaedc2561356b6a01a94e3c0438011459e91fbb9,11327,0x265b82f1d48881ee2b3c0b8c945d66dc3e4841d2,3556.559044,3556.559044,3587.461217,1,1,1709159073
2024-02-22,0xcaedc2561356b6a01a94e3c0438011459e91fbb9,11344,0x4761214935e9eaa77b612af141c1403af54601d9,0.0,0.0,6160.0,0,1,1709123557
2024-02-22,0xcaedc2561356b6a01a94e3c0438011459e91fbb9,11345,0xe5e63a7fd8e329ee60ed8be8676f7bf103522fe7,0.0,0.0,6055.0,0,1,1708830981
2024-02-22,0xcaedc2561356b6a01a94e3c0438011459e91fbb9,11347,0x670647441d9c24d981923c9293a2e4eae6d0c8b3,672795.123167,672795.123167,0.0,1,0,1709160799
2024-02-22,0xcaedc2561356b6a01a94e3c0438011459e91fbb9,11558,0x5a1871c41659839d00a00f1b23eb38a6338dba74,0.0,0.0,12164.10547,0,1,1709149697
2024-02-22,0xcaedc2561356b6a01a94e3c0438011459e91fbb9,11570,0xb7e868a4fd6accc44fd2a8d2d58662287573a815,0.0,0.0,54578.297427,0,1,1709149967
2024-02-22,0xcaedc2561356b6a01a94e3c0438011459e91fbb9,11654,0x6c168e4fdc09b0008d95cb1e72f0c75ab93aa858,0.0,0.0,3.279218,0,1,1708568831
2024-02-22,0xcaedc2561356b6a01a94e3c0438011459e91fbb9,11666,0xbada88073dd58b151afd19a5b5bb6450ffcaa8f8,269874.298153,269874.298153,0.0,1,0,1709156623
2024-02-22,0xcaedc2561356b6a01a94e3c0438011459e91fbb9,11704,0xc91703f7b55bb1459840b2f7ac099d47eb002422,322.883427,322.883427,0.0,1,0,1709159841
2024-02-22,0xcaedc2561356b6a01a94e3c0438011459e91fbb9,11784,0xdab85506424396fb090d84b64ad63b770d87c028,0.0,0.0,6743.440979,0,1,1708909135
2024-02-22,0xcaedc2561356b6a01a94e3c0438011459e91fbb9,11976,0xe19bfd9e9a4d49314321b6d65ee4149113691c68,60.359919,60.359919,60.48748,1,1,1708596763
2024-02-22,0xcaedc2561356b6a01a94e3c0438011459e91fbb9,12012,0x556c9c6bde32c7a019a273fa2750ad13b46ac374,32385.01666,32385.01666,0.0,1,0,1709158675
2024-02-22,0xcaedc2561356b6a01a94e3c0438011459e91fbb9,12113,0xf341c76d256d4fa386a685090ec86f534b769678,6192.0,6192.0,0.0,1,0,1709159669
2024-02-22,0xcaedc2561356b6a01a94e3c0438011459e91fbb9,12143,0xbada88073dd58b151afd19a5b5bb6450ffcaa8f8,38098.0,38098.0,0.0,1,0,1709156667
2024-02-22,0xcaedc2561356b6a01a94e3c0438011459e91fbb9,12221,0x525ef496ac790dc37829f2d6d9d026ca8aca00e4,2.827612,2.827612,0.0,1,0,1708760551
2024-02-22,0xcaedc2561356b6a01a94e3c0438011459e91fbb9,12224,0x40e5383a4439f9e896e090f18de98b399467d128,1.896366,1.896366,0.0,1,0,1708761229
2024-02-22,0xcaedc2561356b6a01a94e3c0438011459e91fbb9,12225,0x98cec3803d0239bf9c82dc50fef0fc9bf5787392,7.739275,7.739275,0.0,1,0,1708761507
2024-02-22,0xcaedc2561356b6a01a94e3c0438011459e91fbb9,12245,0xe9249ecd422e8eb191696c4f807a8874d5c43910,9.954219,9.954219,0.0,1,0,1708791903
2024-02-22,0xcaedc2561356b6a01a94e3c0438011459e91fbb9,12279,0xa7a5c60bd67317ebf25109ca42ae8afe98408f12,149.928576,149.928576,0.0,1,0,1708879265
2024-02-22,0xcaedc2561356b6a01a94e3c0438011459e91fbb9,12281,0xeea30dfeab54a05434967f4540cddcd61dca2d21,8239.039887,8239.039887,0.0,1,0,1708890985
2024-02-22,0xcaedc2561356b6a01a94e3c0438011459e91fbb9,12282,0x96cef550d4658e5fd523b0db08cff6257c8d08cc,3.129861,3.129861,0.0,1,0,1708894369
2024-02-22,0xcaedc2561356b6a01a94e3c0438011459e91fbb9,12284,0xf3c3605011e7d0591eff603fbe9ec2639f860360,0.580546,0.580546,0.0,1,0,1708895653
2024-02-22,0xcaedc2561356b6a01a94e3c0438011459e91fbb9,12285,0xbbf0b49ca84e61e833e8a10d4d2e6603f151b1a4,3.656556,3.656556,0.0,1,0,1708896417
2024-02-22,0xcaedc2561356b6a01a94e3c0438011459e91fbb9,12303,0x0b0811d3d8342063db74b45a4344cdbee6389bdb,1.003516,1.003516,0.0,1,0,1708967531
2024-02-22,0xcaedc2561356b6a01a94e3c0438011459e91fbb9,12336,0x100d11a85e32c51183d10e7d51c8fbebf950bc05,17.883284,17.883284,0.0,1,0,1709032345
2024-02-22,0xcc79bfa7a3212d94390c358e88afcd39294549ca,2856,0xf3b059c887172f2cc52b5e77ee3b2c8b3a32e6ef,5890.313393,5890.313393,5869.489272,1,1,1708987971
2024-02-22,0xcdac0d6c6c59727a65f871236188350531885c43,61,0x7338afb07db145220849b04a45243956f20b14d9,353525.670618,353525.670618,0.0,1,0,1708816063
2024-02-22,0xcdac0d6c6c59727a65f871236188350531885c43,97,0x09d4083ffd20d21acb9118465ad7c52ac8b548f7,567436.532059,567436.532059,0.0,1,0,1708974727
2024-02-22,0xcdac0d6c6c59727a65f871236188350531885c43,121,0xede54584f748480851cad467b82c6a1173bebe10,117123.418622,117123.418622,116909.837068,1,1,1708565683
2024-02-22,0xcdac0d6c6c59727a65f871236188350531885c43,802,0xfb99a486d8529223b2f1f6b5de3333ee679959cd,0.0,0.0,53686.592346,0,1,1708985205
2024-02-22,0xcdac0d6c6c59727a65f871236188350531885c43,825,0x3542b2d6172bf3f39ab7f4cbc37ad0bb40dfe403,0.0,0.0,21754.447861,0,1,1708976499
2024-02-22,0xcdac0d6c6c59727a65f871236188350531885c43,1206,0x7d9a78f607706b8f5ce26fba6c9eacabf8937df0,2162.442687,2162.442687,0.0,1,0,1709002849
2024-02-22,0xcdac0d6c6c59727a65f871236188350531885c43,1404,0x035effa901e21cb460357b08fafcc2b6d69e323f,9609.95986,9609.95986,0.0,1,0,1708586889
2024-02-22,0xcdac0d6c6c59727a65f871236188350531885c43,1416,0x102ec91ad54c1d006e8c46233e55bd4b6693947e,8537.04761,8537.04761,0.0,1,0,1708652053
2024-02-22,0xcdac0d6c6c59727a65f871236188350531885c43,1557,0x41ea85a57725e77169c9f4d2edf17aaef50bb14d,7053.334702,7053.334702,0.0,1,0,1708565897
2024-02-22,0xcdac0d6c6c59727a65f871236188350531885c43,1570,0x0be7b271ba03874ad78d712246066c20c81693d3,2668.581962,2668.581962,0.0,1,0,1708573889
2024-02-22,0xcdac0d6c6c59727a65f871236188350531885c43,1894,0x125531d524226a5035f29fe57c7e5986ab175dfd,4617.665756,4617.665756,0.0,1,0,1708737505
2024-02-22,0xcdac0d6c6c59727a65f871236188350531885c43,2428,0x5164cf3b0c8c0fdfe4bcc9cf4f1e8f7e39461a59,3422.371833,3422.371833,0.0,1,0,1708795923
2024-02-22,0xcdac0d6c6c59727a65f871236188350531885c43,2504,0xca262fe527abb9e961acb6d97dcb661e8f9dbfd9,3290.723729,3290.723729,3290.723729,1,1,1708661013
2024-02-22,0xcdac0d6c6c59727a65f871236188350531885c43,2524,0xc3b34e05e1425a012a2617f3808c093f4c6c25ff,3270.542552,3270.542552,0.0,1,0,1708670609
2024-02-22,0xcdac0d6c6c59727a65f871236188350531885c43,2561,0x0a11acdd1ffbdb8adfc34a84f1836f360e6f3cce,0.0,0.0,3292.311295,0,1,1708888099
2024-02-22,0xcdac0d6c6c59727a65f871236188350531885c43,2615,0x7d9f4a3ab2568f61c9087a8b5506dfcd5e8fea49,0.0,0.0,3398.164626,0,1,1708567631
2024-02-22,0xcdac0d6c6c59727a65f871236188350531885c43,2624,0xfbdd38edc483bf77d7740ff82846caefb7ce94aa,3135.851625,3135.851625,0.0,1,0,1708897997
2024-02-22,0xcdac0d6c6c59727a65f871236188350531885c43,2640,0x0a251df99a88a20a93876205fb7f5faf2e85a481,1524.479069,1524.479069,0.0,1,0,1708855809
2024-02-22,0xcdac0d6c6c59727a65f871236188350531885c43,2852,0xb872e90d96cfa33ef31ff744f8beb9cfd92388b2,1162.666087,1162.666087,0.0,1,0,1709000031
2024-02-22,0xcdac0d6c6c59727a65f871236188350531885c43,3285,0xfa53b8cca72c61794ebac3d54b54554aa0f4229d,1604.915555,1604.915555,1604.915555,1,1,1708595401
2024-02-22,0xcdac0d6c6c59727a65f871236188350531885c43,4011,0x6322872f335dde0d4b44537f69fbae74bbed39de,0.0,0.0,82.260276,0,1,1708754505
2024-02-22,0xcdac0d6c6c59727a65f871236188350531885c43,4274,0x64f8e38e19c1b6992969dcd5769c149951018af1,659.501818,659.501818,0.0,1,0,1708715371
2024-02-22,0xcdac0d6c6c59727a65f871236188350531885c43,4518,0x43917a8174465dc01522e8e14335eaa2cde33f6f,79.33039,79.33039,56.724787,1,1,1708619271
2024-02-22,0xcdac0d6c6c59727a65f871236188350531885c43,5239,0xafef3d15f29a3f948a440d1ecd57eb212b12cb84,819.390072,819.390072,0.0,1,0,1708775115
2024-02-22,0xcdac0d6c6c59727a65f871236188350531885c43,6122,0x9784393a973a0af2e9c0c830e1e489b5b4d48466,353.025805,353.025805,0.0,1,0,1709031823
2024-02-22,0xcdac0d6c6c59727a65f871236188350531885c43,6134,0xee13abef092475bd997ec58588ecb01f009c9f7a,353.454084,353.454084,0.0,1,0,1708863035
2024-02-22,0xcdac0d6c6c59727a65f871236188350531885c43,6770,0x80fdc30d21a672eef723b809ed4ba7c91728d421,169.149131,169.149131,0.0,1,0,1708683229
2024-02-22,0xcdac0d6c6c59727a65f871236188350531885c43,7378,0x91817a270fb9f03e00918fae83b3fe718c1426e8,1819.318068,3489.840345,1670.522277,2,1,1708889857
2024-02-22,0xcdac0d6c6c59727a65f871236188350531885c43,7651,0x7e4cbd9030b814c364b6b57128e5868797436d51,125.264626,125.264626,50.105851,1,1,1709064287
2024-02-22,0xcdac0d6c6c59727a65f871236188350531885c43,9707,0x60034a6d90f54d3bbc3188033fd08b1a146802ba,2415.867,2415.867,2137.550282,1,1,1709124693
2024-02-22,0xcdac0d6c6c59727a65f871236188350531885c43,10348,0xe3478483a9a7ecd8cdde248ea43b48197b19e09e,0.0,0.0,0.097391,0,1,1708928261
2024-02-22,0xcdac0d6c6c59727a65f871236188350531885c43,10867,0x6ab2d5789af8fc628b306d04505de6e5a78ba660,714.161538,714.161538,714.161538,1,1,1708733431
2024-02-22,0xcdac0d6c6c59727a65f871236188350531885c43,10877,0x6f9449a07cfe89fd8a6e040a0c9d8eecfeb6f3fc,0.240247,0.240247,0.0,1,0,1708901969
2024-02-22,0xcdac0d6c6c59727a65f871236188350531885c43,10972,0xc8160b24922664d9b3cf7f0acbc149dc33917d15,0.0,0.0,294.754949,0,1,1709059633
2024-02-22,0xcdac0d6c6c59727a65f871236188350531885c43,11008,0x34316386913935b8a912115920f6f767e15bf9a1,2.199332,2.199332,2.293818,1,1,1708777185
2024-02-22,0xcdac0d6c6c59727a65f871236188350531885c43,11052,0x7e2400626811b1cae987c41139c39830f4b2ba9a,376.897951,376.897951,0.0,1,0,1709101787
2024-02-22,0xcdac0d6c6c59727a65f871236188350531885c43,11120,0x0b5897d201d83a9fcbeefc086c100a8eaa5ada9a,17068.9464,17068.9464,0.0,1,0,1709109093
2024-02-22,0xcdac0d6c6c59727a65f871236188350531885c43,11994,0x6cbf5040fa5815fbeff34ead90da7251e96434e4,0.0,0.0,1.254181,0,1,1708753933
2024-02-22,0xcdac0d6c6c59727a65f871236188350531885c43,12195,0x461329395d4465c19989945aada890daf2cb4cb3,3813.356323,3813.356323,0.0,1,0,1708752857
2024-02-22,0xcdac0d6c6c59727a65f871236188350531885c43,12201,0x5acec9f0830d5654764b09692cbfd2f52a32505f,2.291985,2.291985,0.0,1,0,1708692799
2024-02-22,0xcdac0d6c6c59727a65f871236188350531885c43,12221,0x525ef496ac790dc37829f2d6d9d026ca8aca00e4,2.827612,2.827612,0.0,1,0,1708760551
2024-02-22,0xcdac0d6c6c59727a65f871236188350531885c43,12224,0x40e5383a4439f9e896e090f18de98b399467d128,1.896366,1.896366,0.0,1,0,1708761229
2024-02-22,0xcdac0d6c6c59727a65f871236188350531885c43,12225,0x98cec3803d0239bf9c82dc50fef0fc9bf5787392,3.09571,3.09571,0.0,1,0,1708761507
2024-02-22,0xcdac0d6c6c59727a65f871236188350531885c43,12227,0x319fa60c799ef477f9909e9d3103dbd002ad8e89,6.142748,6.142748,0.0,1,0,1708762557
2024-02-22,0xcdac0d6c6c59727a65f871236188350531885c43,12235,0x2f9adbbe2293d89e1a26ed0bfe049d604971f64b,26.180477,26.180477,0.0,1,0,1708776027
2024-02-22,0xcdac0d6c6c59727a65f871236188350531885c43,12282,0x96cef550d4658e5fd523b0db08cff6257c8d08cc,3.129861,3.129861,0.0,1,0,1708894369
2024-02-22,0xcdac0d6c6c59727a65f871236188350531885c43,12284,0xf3c3605011e7d0591eff603fbe9ec2639f860360,1.161093,1.161093,0.0,1,0,1708895653
2024-02-22,0xcdac0d6c6c59727a65f871236188350531885c43,12285,0xbbf0b49ca84e61e833e8a10d4d2e6603f151b1a4,3.656556,3.656556,0.0,1,0,1708896417
2024-02-22,0xcdac0d6c6c59727a65f871236188350531885c43,12301,0x1aa0bce1c46985b2e86fc7fec8424ca8ca8b895c,6.979096,6.979096,0.0,1,0,1708964669
2024-02-22,0xcdac0d6c6c59727a65f871236188350531885c43,12369,0x20efb8e9cb62cfc0d58ac62464b7a5353b22600f,37.255471,37.255471,0.0,1,0,1709065313
2024-02-22,0xcdac0d6c6c59727a65f871236188350531885c43,12371,0x16fc16ef12fa315a9df3e6a12bb1562360e6c988,22.735396,22.735396,0.0,1,0,1709070673
2024-02-22,0xd266fb3e928b2a5f631b072a79fd5b82704ba983,68,0x132e47cf2c19ec2d8dd56e1528fc7e18dc09188f,0.0,0.0,1846.0304,0,1,1709148573
2024-02-22,0xd266fb3e928b2a5f631b072a79fd5b82704ba983,7122,0x011b0a055e02425461a1ae95b30f483c4ff05be7,0.0,0.0,130.432953,0,1,1709155433
2024-02-22,0xdab27fb1923fc017e941d837040add59b9aff9fd,47,0x011b0a055e02425461a1ae95b30f483c4ff05be7,59914.447728,59914.447728,0.0,1,0,1709155381
2024-02-22,0xdab27fb1923fc017e941d837040add59b9aff9fd,68,0x132e47cf2c19ec2d8dd56e1528fc7e18dc09188f,56971.80687,56971.80687,0.0,1,0,1709148573
2024-02-22,0xdab27fb1923fc017e941d837040add59b9aff9fd,132,0xf0b0a5bb90f94b4f5570b41106d6c325f7b53079,393161.07213,393161.07213,0.0,1,0,1708933019
2024-02-22,0xdab27fb1923fc017e941d837040add59b9aff9fd,285,0xe8788a8926dac3d25c591caa64d5296044c1446d,57129.290653,57129.290653,0.0,1,0,1708796899
2024-02-22,0xdab27fb1923fc017e941d837040add59b9aff9fd,368,0x4388cb70d7e0ba4a9363f97ea08579364c60290e,271538.144886,271538.144886,0.0,1,0,1708746535
2024-02-22,0xdab27fb1923fc017e941d837040add59b9aff9fd,431,0xae2586e76c8a4d8dc1ff3d9ab70bec760ae143c2,66190.306423,66190.306423,0.0,1,0,1708806341
2024-02-22,0xdab27fb1923fc017e941d837040add59b9aff9fd,486,0x7ee615e93d2d58feb14e58ea93f3fb5940d227e4,15816.263714,15816.263714,0.0,1,0,1709121243
2024-02-22,0xdab27fb1923fc017e941d837040add59b9aff9fd,644,0x89e1cfcc3bf93de8da0fb43a1311898067b3a11c,32831.501438,32831.501438,0.0,1,0,1708827455
2024-02-22,0xdab27fb1923fc017e941d837040add59b9aff9fd,741,0xbf49b454818783d12bf4f3375ff17c59015e66cb,29960.766742,29960.766742,0.0,1,0,1708816527
2024-02-22,0xdab27fb1923fc017e941d837040add59b9aff9fd,754,0x4d3869e2451d28bb4f03aeda60322eaf01e912db,14869.552236,14869.552236,0.0,1,0,1708786817
2024-02-22,0xdab27fb1923fc017e941d837040add59b9aff9fd,1172,0x647b41b745cf5e32e244e432902468c4bd89643c,2969.259269,2969.259269,0.0,1,0,1709083129
2024-02-22,0xdab27fb1923fc017e941d837040add59b9aff9fd,1180,0x08ebe5fc18744ffaa3d2af319a022a94a889b98a,11433.173919,11433.173919,0.0,1,0,1708833917
2024-02-22,0xdab27fb1923fc017e941d837040add59b9aff9fd,1187,0x4a337d1df22d0d3077caefd083a1b70aa168d087,11490.59672,11490.59672,0.0,1,0,1709041671
2024-02-22,0xdab27fb1923fc017e941d837040add59b9aff9fd,1415,0xae2586e76c8a4d8dc1ff3d9ab70bec760ae143c2,9902.224754,9902.224754,0.0,1,0,1708806347
2024-02-22,0xdab27fb1923fc017e941d837040add59b9aff9fd,1430,0xfb07d2bdef2deb1ebec001644b4732ab77281c7a,5377.964665,5377.964665,0.0,1,0,1709087201
2024-02-22,0xdab27fb1923fc017e941d837040add59b9aff9fd,1798,0xcc49a6d063ba72929600d1ed60d863a540b2565a,5098.038297,5098.038297,0.0,1,0,1708882027
2024-02-22,0xdab27fb1923fc017e941d837040add59b9aff9fd,1952,0xd23199f1222c418ffc74c385171330b21b16e452,4500.594339,4500.594339,0.0,1,0,1708730361
2024-02-22,0xdab27fb1923fc017e941d837040add59b9aff9fd,2527,0x980b32a10d21105a925dec09f42f92ddfe0fe6fa,3263.980958,3263.980958,0.0,1,0,1709044487
2024-02-22,0xdab27fb1923fc017e941d837040add59b9aff9fd,2722,0x6d81fbdba7cc3afb7926f80c734965746b297668,3104.975322,3104.975322,0.0,1,0,1708862571
2024-02-22,0xdab27fb1923fc017e941d837040add59b9aff9fd,2848,0x901a89cec0608eb5435a915f006b45bd46405314,2350.423179,2350.423179,0.0,1,0,1708923079
2024-02-22,0xdab27fb1923fc017e941d837040add59b9aff9fd,2860,0xd935a63d629cac4cfc8f632a2f4aab3ca8d99e38,2255.75857,2255.75857,0.0,1,0,1709074001
2024-02-22,0xdab27fb1923fc017e941d837040add59b9aff9fd,2879,0x3160d515e01067cc3563a0fe447c7dd7fc57364a,2270.526284,2270.526284,0.0,1,0,1709101975
2024-02-22,0xdab27fb1923fc017e941d837040add59b9aff9fd,2899,0x2481fef92f6358a410f4b42a7672f23cac514c2a,5505.431946,5505.431946,0.0,1,0,1708914581
2024-02-22,0xdab27fb1923fc017e941d837040add59b9aff9fd,3169,0xf61ce28e759c498e990b1f2fd4aeef32639d367a,1761.112647,1761.112647,0.0,1,0,1709048211
2024-02-22,0xdab27fb1923fc017e941d837040add59b9aff9fd,3424,0xf99983c1b128b87bed9ae10ec19df12fefdeb822,1395.850217,1395.850217,0.0,1,0,1708813997
2024-02-22,0xdab27fb1923fc017e941d837040add59b9aff9fd,3554,0xd1fb4d140aa11097838c296369c989aa2317bc04,1236.808175,1236.808175,0.0,1,0,1708770613
2024-02-22,0xdab27fb1923fc017e941d837040add59b9aff9fd,3717,0x4dc7970c0facd251e4398f706c45f3af877d029b,1072.145143,1072.145143,0.0,1,0,1709037613
2024-02-22,0xdab27fb1923fc017e941d837040add59b9aff9fd,4113,0x194bbcbfd3913843d260025e6664226f3357c80e,750.65624,750.65624,0.0,1,0,1708805943
2024-02-22,0xdab27fb1923fc017e941d837040add59b9aff9fd,4482,0xfc427d3112ccef24dce7fda59238aceca2b8105a,584.440973,584.440973,0.0,1,0,1708760291
2024-02-22,0xdab27fb1923fc017e941d837040add59b9aff9fd,5031,0xacda6f48036d4a4128830eaee9ad4a3a870b02fe,421.472824,421.472824,0.0,1,0,1708847817
2024-02-22,0xdab27fb1923fc017e941d837040add59b9aff9fd,5343,0x4335737ab8e25469ec173916b17c9389a1a5dbad,402.036683,402.036683,0.0,1,0,1708908213
2024-02-22,0xdab27fb1923fc017e941d837040add59b9aff9fd,5686,0xf9a384f1d4af97f86b489791b7a953afc512cd94,482.121557,482.121557,0.0,1,0,1708775881
2024-02-22,0xdab27fb1923fc017e941d837040add59b9aff9fd,6026,0x3be77b03e7869e69a6959a7149e2dcd577f66304,457.021927,457.021927,0.0,1,0,1708775339
2024-02-22,0xdab27fb1923fc017e941d837040add59b9aff9fd,6251,0x7b5a85afce09aae49344f0b64f9476799f33c257,1215.412271,1215.412271,0.0,1,0,1708775641
2024-02-22,0xdab27fb1923fc017e941d837040add59b9aff9fd,6347,0xb1e436ff825f116d390356f606f059ddadec96a6,423.145182,423.145182,0.0,1,0,1708775047
2024-02-22,0xdab27fb1923fc017e941d837040add59b9aff9fd,6374,0x61d16ca81b407b5b3125818017a8327a6782479f,348.921216,348.921216,0.0,1,0,1708889527
2024-02-22,0xdab27fb1923fc017e941d837040add59b9aff9fd,7121,0x011b0a055e02425461a1ae95b30f483c4ff05be7,9750.795282,9750.795282,0.0,1,0,1709155407
2024-02-22,0xdab27fb1923fc017e941d837040add59b9aff9fd,9054,0x0e4b04d0fb9e6191e6401f1f3cf10917c12e2f53,321.841461,321.841461,0.0,1,0,1709037491
2024-02-22,0xdab27fb1923fc017e941d837040add59b9aff9fd,9824,0x8d46f81fe6d39fe47e2ebca82cbb0fff0e620c66,27.755337,27.755337,0.0,1,0,1708802501
2024-02-22,0xdab27fb1923fc017e941d837040add59b9aff9fd,10271,0x4d92c7272384c055ee2ef7ab0b7112c35b8cef79,22364.110896,22364.110896,0.0,1,0,1708791185
2024-02-22,0xdab27fb1923fc017e941d837040add59b9aff9fd,10536,0xae2586e76c8a4d8dc1ff3d9ab70bec760ae143c2,933.491975,933.491975,0.0,1,0,1708806335
2024-02-22,0xdab27fb1923fc017e941d837040add59b9aff9fd,10657,0x892176d784bed3dc877a62f3ff9fc091377b2a49,19572.544876,19572.544876,0.0,1,0,1708882175
2024-02-22,0xdab27fb1923fc017e941d837040add59b9aff9fd,10967,0x4408e04e4d8aeb7edbc0bc0ae66028762fdf29e5,2548.323934,2548.323934,0.0,1,0,1709065887
2024-02-22,0xdab27fb1923fc017e941d837040add59b9aff9fd,11263,0xec493b8ee4aec10e4e2cc0c2f1da65aadb23bcfd,11163.892392,11163.892392,0.0,1,0,1708821841
2024-02-22,0xdab27fb1923fc017e941d837040add59b9aff9fd,11334,0x2c8dbcebdc218f0f4e39c868a01c6c9a857aa5bb,4601.417149,4601.417149,0.0,1,0,1709135139
2024-02-22,0xdab27fb1923fc017e941d837040add59b9aff9fd,12061,0x87f16c31e32ae543278f5194cf94862f1cb1eee0,51173.36903,102346.73806,51173.36903,2,1,1709036665
2024-02-22,0xdab27fb1923fc017e941d837040add59b9aff9fd,12104,0x66e192109e228471c55d51b3d9e24c05554a385a,4115.0,4115.0,0.0,1,0,1709139381
2024-02-22,0xdab27fb1923fc017e941d837040add59b9aff9fd,12252,0x66e192109e228471c55d51b3d9e24c05554a385a,1124.119865,1124.119865,0.0,1,0,1709139457
2024-02-22,0xdab27fb1923fc017e941d837040add59b9aff9fd,12303,0x0b0811d3d8342063db74b45a4344cdbee6389bdb,1.003516,1.003516,0.0,1,0,1708967531
2024-02-22,0xdab27fb1923fc017e941d837040add59b9aff9fd,12356,0x3b3f04deb78e8d12929af043b12b605e552eeace,50.163332,50.163332,0.0,1,0,1709055363
2024-02-22,0xe2d3b2f9d4baab9a0de671e95febac27e37050f2,11929,0xc1634876892843d3f80e790baf3f05bf907e94f6,13.006538,13.006538,36.229821,1,1,1708634193
2024-02-22,0xe96c788e66a97cf455f46c5b27786191fd3bc50b,43,0x2ddb405238368695f34d30a80ab60c449aa5ce48,0.0,0.0,154064.791512,0,1,1709151115
2024-02-22,0xe96c788e66a97cf455f46c5b27786191fd3bc50b,47,0x011b0a055e02425461a1ae95b30f483c4ff05be7,293580.793867,293580.793867,515653.63953,1,1,1709155381
2024-02-22,0xe96c788e66a97cf455f46c5b27786191fd3bc50b,52,0x28878aec6b4209d90a40890183e3322f0ae5b2e2,275696.92449,275696.92449,275194.174672,1,1,1709154645
2024-02-22,0xe96c788e66a97cf455f46c5b27786191fd3bc50b,55,0x285fed35cbea271a711681e84ffd83c68a596a75,567304.823481,567304.823481,567304.823481,1,1,1709158581
2024-02-22,0xe96c788e66a97cf455f46c5b27786191fd3bc50b,64,0xf1010ee787ee588766b441d7cc397b40ddfb17a3,596923.461683,596923.461683,595834.936076,1,1,1709150449
2024-02-22,0xe96c788e66a97cf455f46c5b27786191fd3bc50b,69,0xd0e72c1b2eb87e3dc0445b7f689cadcfc872b293,0.0,0.0,1159054.881528,0,1,1709122569
2024-02-22,0xe96c788e66a97cf455f46c5b27786191fd3bc50b,74,0x9c0d72f2ac26420cb7eeb155bf401b672840e87b,0.0,0.0,965059.683024,0,1,1709116029
2024-02-22,0xe96c788e66a97cf455f46c5b27786191fd3bc50b,99,0xa48cd684ded1eee3de13e052bbdcfed59558a1ca,0.0,0.0,1639618.660396,0,1,1709143681
2024-02-22,0xe96c788e66a97cf455f46c5b27786191fd3bc50b,101,0xaf03267d12153bef68dc4d6f7426857c5462544a,0.0,0.0,557150.172014,0,1,1709161003
2024-02-22,0xe96c788e66a97cf455f46c5b27786191fd3bc50b,103,0x1c2ed7a6c4e3c1146103fa222181115a72243a06,0.0,0.0,55786.988668,0,1,1709160853
2024-02-22,0xe96c788e66a97cf455f46c5b27786191fd3bc50b,109,0xbe7019f8333b0b3cfc707ac353ebc2123140134c,126377.785087,126377.785087,0.0,1,0,1709159393
2024-02-22,0xe96c788e66a97cf455f46c5b27786191fd3bc50b,165,0x54ecb3397b0bf31cb0b81eb2444e2a7b32507d8b,39643.504318,39643.504318,39571.212019,1,1,1709151371
2024-02-22,0xe96c788e66a97cf455f46c5b27786191fd3bc50b,177,0xdffd8bbf8dcaf236c4e009ff6013bfc98407b6c0,0.0,0.0,93151.698247,0,1,1709154053
2024-02-22,0xe96c788e66a97cf455f46c5b27786191fd3bc50b,247,0xc40ebdc95e9fae4ada1a2c5093d0599afe0256bd,114203.654481,114203.654481,0.0,1,0,1709156619
2024-02-22,0xe96c788e66a97cf455f46c5b27786191fd3bc50b,317,0x2d8ea9bcf57a8456085947ab4752f3f9104fc7db,0.0,0.0,106970.715067,0,1,1709138633
2024-02-22,0xe96c788e66a97cf455f46c5b27786191fd3bc50b,328,0x2d8ea9bcf57a8456085947ab4752f3f9104fc7db,0.0,0.0,124397.786427,0,1,1709138643
2024-02-22,0xe96c788e66a97cf455f46c5b27786191fd3bc50b,735,0x2130fd01026867a6c8dde24ad5e64f2e2dfce196,26010.551463,26010.551463,25916.652367,1,1,1709129943
2024-02-22,0xe96c788e66a97cf455f46c5b27786191fd3bc50b,858,0x9d068c281afa4f518e2393702adff6b4f22c1156,0.0,0.0,50189.176437,0,1,1709131341
2024-02-22,0xe96c788e66a97cf455f46c5b27786191fd3bc50b,920,0x6c2693f5a936f37ed03cfa8465bf2d8beff19a0f,43463.26118,43463.26118,0.0,1,0,1709150707
2024-02-22,0xe96c788e66a97cf455f46c5b27786191fd3bc50b,1056,0xeb4576fe753dab07635c0bb6c8f0a355e1db5d31,0.0,0.0,7355.734008,0,1,1709159333
2024-02-22,0xe96c788e66a97cf455f46c5b27786191fd3bc50b,1114,0x4e190b3d31d96e0cd11a1520185a77b57a0182f2,0.0,0.0,6262.097701,0,1,1709138467
2024-02-22,0xe96c788e66a97cf455f46c5b27786191fd3bc50b,1205,0x2cfed10c9e18d3d92fad0b7dca74932af9185703,0.0,0.0,11533.759035,0,1,1709115801
2024-02-22,0xe96c788e66a97cf455f46c5b27786191fd3bc50b,1222,0xfe22484158c747ccc0652d6f408b8a0547a59938,0.0,0.0,10744.043987,0,1,1709154339
2024-02-22,0xe96c788e66a97cf455f46c5b27786191fd3bc50b,1225,0xfc13ab4b466f17f3e1e5443147de34d96ccf1629,0.0,0.0,25456.105319,0,1,1709108429
2024-02-22,0xe96c788e66a97cf455f46c5b27786191fd3bc50b,1511,0x4f321ad6ddc21ebcf9ee7213d2b41895196b6a9b,3675.979854,3675.979854,0.0,1,0,1709131533
2024-02-22,0xe96c788e66a97cf455f46c5b27786191fd3bc50b,1973,0x0a27f53e3d044465d07607ef7a048e71809f295e,0.0,0.0,4413.346128,0,1,1709098675
2024-02-22,0xe96c788e66a97cf455f46c5b27786191fd3bc50b,2226,0xdf632ea5ba8283488aae8538e17a2f802243a61a,0.0,0.0,3767.816178,0,1,1709157439
2024-02-22,0xe96c788e66a97cf455f46c5b27786191fd3bc50b,2956,0xd4245cb7e14ad1309fd999c63ac84901700a8899,2381.938815,2381.938815,2377.595207,1,1,1709118323
2024-02-22,0xe96c788e66a97cf455f46c5b27786191fd3bc50b,7979,0x529656620d914443405a55ec42ad0eaeaf0b4a2c,0.0,0.0,210944.443646,0,1,1709125609
2024-02-22,0xe96c788e66a97cf455f46c5b27786191fd3bc50b,8388,0x5d396a2106694308a40608ef14a1c0892b6b7faa,452973.049136,452973.049136,452147.02571,1,1,1709152823
2024-02-22,0xe96c788e66a97cf455f46c5b27786191fd3bc50b,9290,0x6c607fdeb11f83b3d5169014a45f45e035f9ab4a,9110.264525,9110.264525,0.0,1,0,1709159529
2024-02-22,0xe96c788e66a97cf455f46c5b27786191fd3bc50b,10100,0x2bcdca8c689b4aa460b66ffde1d6b1761d41d5df,0.0,0.0,2274.440054,0,1,1709143373
2024-02-22,0xe96c788e66a97cf455f46c5b27786191fd3bc50b,10294,0x48a6a8d403a58eccc70d4d57347f801d4e182564,7012788.238465,7012788.238465,6518018.602019,1,1,1709146349
2024-02-22,0xe96c788e66a97cf455f46c5b27786191fd3bc50b,10295,0xc875b3dae5b0c371bc8cf9ded64868b78ac47587,456476.689949,456476.689949,278563.762581,1,1,1709162281
2024-02-22,0xe96c788e66a97cf455f46c5b27786191fd3bc50b,10296,0x03c70563e94de5de56c11a0cc4ce3482f592854f,1192308.46681,1192308.46681,727603.270845,1,1,1709162329
2024-02-22,0xe96c788e66a97cf455f46c5b27786191fd3bc50b,10298,0xc9814f18a8751214f719de15c54d01b3d78ef14f,412440.86463,34116660.268523,33949165.36933,134,134,1709162249
2024-02-22,0xe96c788e66a97cf455f46c5b27786191fd3bc50b,10906,0xd832dc1b9f66f3ef378a9c21bbeffaae9469be2d,0.0,0.0,1255.366628,0,1,1709020867
2024-02-22,0xe96c788e66a97cf455f46c5b27786191fd3bc50b,11550,0xd58de28a514b8d55a3273d8d80d2599a85322275,0.0,0.0,100.46034,0,1,1709052869
2024-02-22,0xeff0891e5a1bd47a8f1e77abebfee4145974d088,24,0x208a17c5fabe5b90282e5906945ff335e39326c4,18676.921296,18676.921296,9272.915799,1,1,1709150649
2024-02-22,0xeff0891e5a1bd47a8f1e77abebfee4145974d088,25,0xf1c4f79dd91d63bb4f22093270140697d5286200,178681.649518,178681.649518,178355.812851,1,1,1708942421
2024-02-22,0xeff0891e5a1bd47a8f1e77abebfee4145974d088,43,0x2ddb405238368695f34d30a80ab60c449aa5ce48,61849.396813,61849.396813,0.0,1,0,1709151115
2024-02-22,0xeff0891e5a1bd47a8f1e77abebfee4145974d088,47,0x011b0a055e02425461a1ae95b30f483c4ff05be7,73228.769445,73228.769445,0.0,1,0,1709155381
2024-02-22,0xeff0891e5a1bd47a8f1e77abebfee4145974d088,55,0x285fed35cbea271a711681e84ffd83c68a596a75,23642.2714,23642.2714,23642.2714,1,1,1709158581
2024-02-22,0xeff0891e5a1bd47a8f1e77abebfee4145974d088,56,0x48a5a6a01ba89cddf97d2d552923d5a11401ed19,0.0,0.0,101271.415239,0,1,1709161045
2024-02-22,0xeff0891e5a1bd47a8f1e77abebfee4145974d088,68,0x132e47cf2c19ec2d8dd56e1528fc7e18dc09188f,142429.517174,142429.517174,142002.338447,1,1,1709148573
2024-02-22,0xeff0891e5a1bd47a8f1e77abebfee4145974d088,105,0x208a17c5fabe5b90282e5906945ff335e39326c4,52906.605219,52906.605219,26405.063431,1,1,1709150611
2024-02-22,0xeff0891e5a1bd47a8f1e77abebfee4145974d088,106,0x615e5022252b31af496574f00d5519c5d93261ab,132501.578653,132501.578653,0.0,1,0,1709148517
2024-02-22,0xeff0891e5a1bd47a8f1e77abebfee4145974d088,110,0x05e09d942505764bca4475abf8efdbc21d1c535b,120333.65958,120333.65958,0.0,1,0,1709153925
2024-02-22,0xeff0891e5a1bd47a8f1e77abebfee4145974d088,160,0xb0eb6f452ecea6a76fda435b4629cf6a11b24a2a,0.0,0.0,139190.794289,0,1,1709143721
2024-02-22,0xeff0891e5a1bd47a8f1e77abebfee4145974d088,177,0xdffd8bbf8dcaf236c4e009ff6013bfc98407b6c0,46660.938133,46660.938133,0.0,1,0,1709154053
2024-02-22,0xeff0891e5a1bd47a8f1e77abebfee4145974d088,299,0x26553884cee0bb96f4ecea4de3ed52d88d3f2efc,55696.788411,55696.788411,0.0,1,0,1709159983
2024-02-22,0xeff0891e5a1bd47a8f1e77abebfee4145974d088,436,0xe171e110cfe6f658c4421c2da4c86e4933919de4,28642.161985,28642.161985,57179.862582,1,1,1709114099
2024-02-22,0xeff0891e5a1bd47a8f1e77abebfee4145974d088,449,0xf6657bbcfeb5c2746e8c609e35018a5a8caa13fb,18098.670798,18098.670798,18098.684354,1,1,1709102759
2024-02-22,0xeff0891e5a1bd47a8f1e77abebfee4145974d088,463,0x048c5753e83027bf30ef103adee49cf9612cab84,0.0,0.0,50623.211561,0,1,1708623515
2024-02-22,0xeff0891e5a1bd47a8f1e77abebfee4145974d088,475,0xda1d9534bef3344fa5be3b644b767b349e7415c7,16366.349887,16366.349887,16336.504869,1,1,1709158869
2024-02-22,0xeff0891e5a1bd47a8f1e77abebfee4145974d088,512,0x3b1b211b3fce0d1ee9f5e1afeecadeb98378d0b0,0.0,0.0,10907.557494,0,1,1709105263
2024-02-22,0xeff0891e5a1bd47a8f1e77abebfee4145974d088,523,0xde93a283495fa2834047b53871a8e4e09f96d841,0.0,0.0,11925.250348,0,1,1709156219
2024-02-22,0xeff0891e5a1bd47a8f1e77abebfee4145974d088,553,0xdaa070d909e010211606144ede5b2ca6864c2c1c,10383.462275,10383.462275,10226.927411,1,1,1709134245
2024-02-22,0xeff0891e5a1bd47a8f1e77abebfee4145974d088,718,0xe12dbb4320caa9035c5d104620aa7a0debcbd554,0.0,0.0,13385.40161,0,1,1709159569
2024-02-22,0xeff0891e5a1bd47a8f1e77abebfee4145974d088,758,0x8ccfcfa7e6133e0875192974d0d857fb7a28375e,0.0,0.0,7083.334673,0,1,1709155745
2024-02-22,0xeff0891e5a1bd47a8f1e77abebfee4145974d088,879,0x34ff77a853a14579d2120ac08c5e342cee08ad71,4725.931324,4725.931324,4708.870529,1,1,1709160485
2024-02-22,0xeff0891e5a1bd47a8f1e77abebfee4145974d088,912,0x49a5492fdfe5acc966dd5f41310dfdfe8daa349c,12928.805158,12928.805158,25810.457419,1,1,1709136251
2024-02-22,0xeff0891e5a1bd47a8f1e77abebfee4145974d088,989,0xe53f4d44c45dbc16a20ab64f8a8b4404ddbbefec,0.0,0.0,28714.846592,0,1,1709160721
2024-02-22,0xeff0891e5a1bd47a8f1e77abebfee4145974d088,1038,0x5eda2dc136986fc88d4df5696bc464f96a20268a,0.0,0.0,14204.111546,0,1,1709159471
2024-02-22,0xeff0891e5a1bd47a8f1e77abebfee4145974d088,1156,0xf2ff2bc69fb16674d0cc58bcdd7f674db576bc77,0.0,0.0,14594.263157,0,1,1709125217
2024-02-22,0xeff0891e5a1bd47a8f1e77abebfee4145974d088,1235,0x62e1af3e818afc059d111c4f53cf0a2d9fd29110,0.0,0.0,10579.628255,0,1,1709153837
2024-02-22,0xeff0891e5a1bd47a8f1e77abebfee4145974d088,1280,0x4fbe5303bca958b8f1ee35b5443aad9ad442e3d7,10291.650717,10291.650717,0.0,1,0,1709153695
2024-02-22,0xeff0891e5a1bd47a8f1e77abebfee4145974d088,2095,0x9126f97fb57a9bc4949d09201c9119aef5526aab,0.0,0.0,4020.193587,0,1,1709026403
2024-02-22,0xeff0891e5a1bd47a8f1e77abebfee4145974d088,2191,0x92d0996e3f19d4b4a56754043f79e174c30be515,0.0,0.0,3800.011692,0,1,1708998455
2024-02-22,0xeff0891e5a1bd47a8f1e77abebfee4145974d088,2522,0xc693b4ffb338579467a541b2bf267b1955870920,0.0,0.0,810.639249,0,1,1709160781
2024-02-22,0xeff0891e5a1bd47a8f1e77abebfee4145974d088,2630,0x62e1af3e818afc059d111c4f53cf0a2d9fd29110,0.0,0.0,3127.754251,0,1,1709153751
2024-02-22,0xeff0891e5a1bd47a8f1e77abebfee4145974d088,2798,0xa2bf60058c0657c45fdd1741220b4a7f0da91ca3,0.0,0.0,2608.706411,0,1,1708904127
2024-02-22,0xeff0891e5a1bd47a8f1e77abebfee4145974d088,3781,0xaf11495f021c5c2c5f5230f40d5d57ebe4059700,0.0,0.0,36374.228242,0,1,1709160339
2024-02-22,0xeff0891e5a1bd47a8f1e77abebfee4145974d088,7121,0x011b0a055e02425461a1ae95b30f483c4ff05be7,11819.145796,11819.145796,0.0,1,0,1709155407
2024-02-22,0xeff0891e5a1bd47a8f1e77abebfee4145974d088,7827,0x5c7e0d6dfc850621a703fbfa5502a9f25b2508ce,0.0,0.0,19.32597,0,1,1709135703
2024-02-22,0xeff0891e5a1bd47a8f1e77abebfee4145974d088,9269,0x12dad3425d0ec383ebd9e86139a103ce119aa0b2,0.0,0.0,46087.535489,0,1,1709136865
2024-02-22,0xeff0891e5a1bd47a8f1e77abebfee4145974d088,9632,0xc118aad878cd75907cf14945326dfda1a70835af,2040.405839,2040.405839,2051.136385,1,1,1708898039
2024-02-22,0xeff0891e5a1bd47a8f1e77abebfee4145974d088,9928,0x5929cc4d10b6a1acc5bf5d221889f10251c628a1,0.0,0.0,11712.108606,0,1,1709158287
2024-02-22,0xeff0891e5a1bd47a8f1e77abebfee4145974d088,10294,0x48a6a8d403a58eccc70d4d57347f801d4e182564,0.0,0.0,501386.046309,0,1,1709146349
2024-02-22,0xeff0891e5a1bd47a8f1e77abebfee4145974d088,12303,0x0b0811d3d8342063db74b45a4344cdbee6389bdb,1.003516,1.003516,0.0,1,0,1708967531
2024-02-22,0xf185f82a1948d014bae23d30b06fa8da35110315,21,0x4444aaaacdba5580282365e25b16309bd770ce4a,0.0,0.0,483343.526992,0,1,1709149223
2024-02-22,0xf185f82a1948d014bae23d30b06fa8da35110315,24,0x208a17c5fabe5b90282e5906945ff335e39326c4,0.0,0.0,9272.915799,0,1,1709150649
2024-02-22,0xf185f82a1948d014bae23d30b06fa8da35110315,51,0x0f228805c03a693aa964a791e0b2e2c6e6c6513f,0.0,0.0,440848.718474,0,1,1709156125
2024-02-22,0xf185f82a1948d014bae23d30b06fa8da35110315,55,0x285fed35cbea271a711681e84ffd83c68a596a75,113872.41951,113872.41951,45384.385879,1,1,1709158581
2024-02-22,0xf185f82a1948d014bae23d30b06fa8da35110315,56,0x48a5a6a01ba89cddf97d2d552923d5a11401ed19,0.0,0.0,135028.553652,0,1,1709161045
2024-02-22,0xf185f82a1948d014bae23d30b06fa8da35110315,103,0x1c2ed7a6c4e3c1146103fa222181115a72243a06,55888.905427,55888.905427,55786.988668,1,1,1709160853
2024-02-22,0xf185f82a1948d014bae23d30b06fa8da35110315,105,0x208a17c5fabe5b90282e5906945ff335e39326c4,0.0,0.0,52810.126862,0,1,1709150611
2024-02-22,0xf185f82a1948d014bae23d30b06fa8da35110315,109,0xbe7019f8333b0b3cfc707ac353ebc2123140134c,126377.785087,126377.785087,126147.327643,1,1,1709159393
2024-02-22,0xf185f82a1948d014bae23d30b06fa8da35110315,376,0xff53e3a27b7252148e0f1daf4a00261eee59177f,18081.956675,18081.956675,0.0,1,0,1709157287
2024-02-22,0xf185f82a1948d014bae23d30b06fa8da35110315,475,0xda1d9534bef3344fa5be3b644b767b349e7415c7,16366.349887,16366.349887,16336.504869,1,1,1709158869
2024-02-22,0xf185f82a1948d014bae23d30b06fa8da35110315,579,0x71535aae1b6c0c51db317b54d5eee72d1ab843c1,0.0,0.0,37776.973606,0,1,1709161115
2024-02-22,0xf185f82a1948d014bae23d30b06fa8da35110315,628,0x8fa5ebb986fa6db89291a383142bb756ab88428e,8721.688354,8721.688354,0.0,1,0,1709157021
2024-02-22,0xf185f82a1948d014bae23d30b06fa8da35110315,641,0x1aec38688e9e504fe1e5137e7c92bb1b092faa15,33582.92178,33582.92178,0.0,1,0,1709156531
2024-02-22,0xf185f82a1948d014bae23d30b06fa8da35110315,764,0xdbd5d31b7f48adc13a0ab0c591f7e3d4f9642e69,0.0,0.0,8071.050159,0,1,1709133319
2024-02-22,0xf185f82a1948d014bae23d30b06fa8da35110315,775,0xc210a5ef47b75851d5bfdf20d9a66a28df17a7a2,23190.934267,23190.934267,0.0,1,0,1709156323
2024-02-22,0xf185f82a1948d014bae23d30b06fa8da35110315,799,0xe7090015768ed8f07ada91bded606f3bc44100b4,22390.678537,22390.678537,0.0,1,0,1709158481
2024-02-22,0xf185f82a1948d014bae23d30b06fa8da35110315,842,0x58bcf1ac25551dd4eb790f2ef68c1857dcd67d9b,5248.561371,5248.561371,0.0,1,0,1709159739
2024-02-22,0xf185f82a1948d014bae23d30b06fa8da35110315,1043,0x3214e141bdae08be1f382a885cf3d2a448a5e780,0.0,0.0,17649.74775,0,1,1709106027
2024-02-22,0xf185f82a1948d014bae23d30b06fa8da35110315,1319,0x02d5aaf51e74be71ad72a5d8623f544112bfb18e,0.0,0.0,9259.473948,0,1,1709153917
2024-02-22,0xf185f82a1948d014bae23d30b06fa8da35110315,1375,0xca3459c85009d657393717d7e0072a42f0c69733,8658.429573,8658.429573,0.0,1,0,1709161099
2024-02-22,0xf185f82a1948d014bae23d30b06fa8da35110315,1408,0x8eea89024a753b68e508e800b91923917470d3b0,0.0,0.0,8235.094855,0,1,1709119723
2024-02-22,0xf185f82a1948d014bae23d30b06fa8da35110315,1671,0xf1196bf726ed9227507f5a8b7c87ae177124db2b,0.0,10034.085829,20049.873902,1,2,1709156727
2024-02-22,0xf185f82a1948d014bae23d30b06fa8da35110315,2183,0x9c4b88fbe06b6b1e461d9d294ecb7fb0c841db4f,0.0,0.0,2098.644379,0,1,1709129013
2024-02-22,0xf185f82a1948d014bae23d30b06fa8da35110315,2492,0xc44fd65765199b4bc0a6a03943423819b15293c3,971.977231,971.977231,0.0,1,0,1709156805
2024-02-22,0xf185f82a1948d014bae23d30b06fa8da35110315,2887,0x4ce268f49ef0726d602a8b0f22fcc543aa23bb51,2202.321446,2202.321446,0.0,1,0,1709161015
2024-02-22,0xf185f82a1948d014bae23d30b06fa8da35110315,3433,0x7497b333895c64a56924b293e68a6468963f2a7e,1417.285066,2831.985628,2122.050843,2,2,1708877175
2024-02-22,0xf185f82a1948d014bae23d30b06fa8da35110315,3461,0x08f83e8860912f8c8186461ea00db5f6030c70f6,2523.651868,2523.651868,0.0,1,0,1709156639
2024-02-22,0xf185f82a1948d014bae23d30b06fa8da35110315,3564,0x0b83821bb8b9d19582af26122556be7408313140,0.0,0.0,1203.727657,0,1,1709146741
2024-02-22,0xf185f82a1948d014bae23d30b06fa8da35110315,4185,0xa3b926f6d2bb5507fe711847640ba2086cb11a75,0.0,0.0,2618.113334,0,1,1709146781
2024-02-22,0xf185f82a1948d014bae23d30b06fa8da35110315,8421,0x77eeaf07c050a690f9b3c2e8e7642cc3cbeceeb4,232167.269812,232167.269812,233295.278306,1,1,1709135151
2024-02-22,0xf185f82a1948d014bae23d30b06fa8da35110315,10294,0x48a6a8d403a58eccc70d4d57347f801d4e182564,0.0,0.0,501386.046309,0,1,1709146349
2024-02-22,0xf213f2d02837012dc0236cc105061e121bb03e37,7,0x586cf50c2874f3e3997660c0fd0996b090fb9764,7276133.165809,7276133.165809,7262864.70213,1,1,1709041799
2024-02-22,0xf213f2d02837012dc0236cc105061e121bb03e37,21,0x4444aaaacdba5580282365e25b16309bd770ce4a,406956.744279,406956.744279,0.0,1,0,1709149223
2024-02-22,0xf213f2d02837012dc0236cc105061e121bb03e37,43,0x2ddb405238368695f34d30a80ab60c449aa5ce48,61849.396813,61849.396813,0.0,1,0,1709151115
2024-02-22,0xf213f2d02837012dc0236cc105061e121bb03e37,47,0x011b0a055e02425461a1ae95b30f483c4ff05be7,53257.286869,53257.286869,0.0,1,0,1709155381
2024-02-22,0xf213f2d02837012dc0236cc105061e121bb03e37,51,0x0f228805c03a693aa964a791e0b2e2c6e6c6513f,294436.067415,294436.067415,293899.145649,1,1,1709156125
2024-02-22,0xf213f2d02837012dc0236cc105061e121bb03e37,52,0x28878aec6b4209d90a40890183e3322f0ae5b2e2,275696.92449,275696.92449,0.0,1,0,1709154645
2024-02-22,0xf213f2d02837012dc0236cc105061e121bb03e37,53,0x1594b251df6b70ca9a01d4de0836ab4fd9811241,2485762.724569,2485762.724569,1240614.893841,1,1,1709149119
2024-02-22,0xf213f2d02837012dc0236cc105061e121bb03e37,55,0x285fed35cbea271a711681e84ffd83c68a596a75,0.0,0.0,113664.766347,0,1,1709158581
2024-02-22,0xf213f2d02837012dc0236cc105061e121bb03e37,59,0xa3cbd0c67dee5142209ff0cf155bc2bc51acf180,488652.234071,488652.234071,388831.912763,1,1,1709160511
2024-02-22,0xf213f2d02837012dc0236cc105061e121bb03e37,68,0x132e47cf2c19ec2d8dd56e1528fc7e18dc09188f,230735.817822,230735.817822,0.0,1,0,1709148573
2024-02-22,0xf213f2d02837012dc0236cc105061e121bb03e37,84,0x85df77f56d4852bd9470feec9ca89c44be06b5d8,0.0,0.0,797461.447518,0,1,1709127611
2024-02-22,0xf213f2d02837012dc0236cc105061e121bb03e37,87,0x5d396a2106694308a40608ef14a1c0892b6b7faa,201575.832791,201575.832791,201208.247213,1,1,1709152805
2024-02-22,0xf213f2d02837012dc0236cc105061e121bb03e37,91,0x423a66a3ce61eaa3bcd922c4d71b781e01d746f0,324657.580355,324657.580355,324065.547855,1,1,1709149359
2024-02-22,0xf213f2d02837012dc0236cc105061e121bb03e37,114,0x611b0c1ed942b833c786c53883a4aa37a25602a6,95338.837599,95338.837599,0.0,1,0,1709131963
2024-02-22,0xf213f2d02837012dc0236cc105061e121bb03e37,124,0x5d6f3d0c92d0564151357b0863e55e9ed4631b8d,0.0,0.0,110246.413161,0,1,1709157539
2024-02-22,0xf213f2d02837012dc0236cc105061e121bb03e37,147,0xe3f0254b09aec48ffa46f9eee5a3bc7a8e510e6d,85151.18958,85151.18958,0.0,1,0,1709148429
2024-02-22,0xf213f2d02837012dc0236cc105061e121bb03e37,151,0x5275817b74021e97c980e95ede6bbac0d0d6f3a2,83962.546268,83962.546268,0.0,1,0,1709065975
2024-02-22,0xf213f2d02837012dc0236cc105061e121bb03e37,186,0x32d6306ec178bcefe7b8d7302689376b42b047ee,0.0,0.0,914248.138856,0,1,1709122495
2024-02-22,0xf213f2d02837012dc0236cc105061e121bb03e37,203,0x79cb43cf6fcf2f519da4d2ea03cefa2b51587e2f,0.0,0.0,48573.363976,0,1,1709160139
2024-02-22,0xf213f2d02837012dc0236cc105061e121bb03e37,219,0x2c99d50eb4daa1d26b5ba0b1daab58cbfc0ac3e6,175021.405886,175021.405886,0.0,1,0,1709152357
2024-02-22,0xf213f2d02837012dc0236cc105061e121bb03e37,222,0x9f02988adb650e55cc5eb5619c383fd223848bb5,171763.770189,171763.770189,0.0,1,0,1709130365
2024-02-22,0xf213f2d02837012dc0236cc105061e121bb03e37,236,0x303f2d38ab911296deca9dc19968a854d9cbcadc,172798.903158,172798.903158,171795.797468,1,1,1709123489
2024-02-22,0xf213f2d02837012dc0236cc105061e121bb03e37,241,0xd639eee81b30d8b34d5d8cbce83f193e2ba298e4,38817.475364,38817.475364,0.0,1,0,1709149485
2024-02-22,0xf213f2d02837012dc0236cc105061e121bb03e37,267,0x5b1c8cd6e98d8bca397fd09b0dcc9933d712ad13,0.0,0.0,59851.958609,0,1,1709160323
2024-02-22,0xf213f2d02837012dc0236cc105061e121bb03e37,279,0xa82618668a71bb492d1aaf8948de95d73eb8a243,147765.037748,147765.037748,0.0,1,0,1709122635
2024-02-22,0xf213f2d02837012dc0236cc105061e121bb03e37,286,0xb33cd827dd59c090e71899bfca31f81f4b189ddb,93085.744865,93085.744865,92915.997446,1,1,1709147867
2024-02-22,0xf213f2d02837012dc0236cc105061e121bb03e37,302,0x188c30e9a6527f5f0c3f7fe59b72ac7253c62f28,115870.781644,115870.781644,115659.484349,1,1,1709153631
2024-02-22,0xf213f2d02837012dc0236cc105061e121bb03e37,350,0x38332d808ba345953f41c71d38ca1ef79cffa5c5,18028.312037,18028.312037,17995.436332,1,1,1709155993
2024-02-22,0xf213f2d02837012dc0236cc105061e121bb03e37,384,0xf865067a5b9672f11af8514440d9111afd05d040,0.0,0.0,70125.20693,0,1,1709133219
2024-02-22,0xf213f2d02837012dc0236cc105061e121bb03e37,462,0x0952615cd36904d97c736a0b0a5eea75c75e26d8,0.0,0.0,44382.841019,0,1,1709154943
2024-02-22,0xf213f2d02837012dc0236cc105061e121bb03e37,504,0xcfba6d63ec822425775d3c509e60ff689c1ae1e7,0.0,0.0,11861.886573,0,1,1709009489
2024-02-22,0xf213f2d02837012dc0236cc105061e121bb03e37,509,0x34223719d75cbc336b77ccd8af6b9342bd6af1cb,9210.800288,9210.800288,0.0,1,0,1709079679
2024-02-22,0xf213f2d02837012dc0236cc105061e121bb03e37,512,0x3b1b211b3fce0d1ee9f5e1afeecadeb98378d0b0,10927.484415,10927.484415,0.0,1,0,1709105263
2024-02-22,0xf213f2d02837012dc0236cc105061e121bb03e37,548,0xb82e12d1da436611c5c94d535c3a40f5fb3f35ab,20257.335558,20257.335558,10057.576619,1,1,1709127703
2024-02-22,0xf213f2d02837012dc0236cc105061e121bb03e37,558,0x985dbffd8daaf59cc68883d17cfab313b2343184,21500.62979,21500.62979,0.0,1,0,1709148545
2024-02-22,0xf213f2d02837012dc0236cc105061e121bb03e37,589,0x5d4d3fae4d0282fd8a558b5f42ba700974cbfd1a,241837.970991,241837.970991,0.0,1,0,1709147699
2024-02-22,0xf213f2d02837012dc0236cc105061e121bb03e37,599,0x21f59001e8543fbd84fcacade38b1a06274f0ca3,0.0,0.0,57093.606236,0,1,1708633673
2024-02-22,0xf213f2d02837012dc0236cc105061e121bb03e37,630,0xa248f4a3d9c1b9d08e7e2e45cf5e11296b2bf4ea,18202.697593,18202.697593,0.0,1,0,1709123795
2024-02-22,0xf213f2d02837012dc0236cc105061e121bb03e37,709,0x39d94ed8102740e8fad63e55473a466aa20e0983,0.0,0.0,27756.247225,0,1,1709134357
2024-02-22,0xf213f2d02837012dc0236cc105061e121bb03e37,753,0xee57d8989170370a6f88b2f99395b81204117bf2,5359.837859,5359.837859,5350.063874,1,1,1709148759
2024-02-22,0xf213f2d02837012dc0236cc105061e121bb03e37,765,0x7cb158d3afe100d7bb4933cb5b4c5b16f5ef937b,0.0,0.0,24451.695586,0,1,1709153113
2024-02-22,0xf213f2d02837012dc0236cc105061e121bb03e37,770,0x94df62c754cec7c0f90262bd4b292423282888ee,0.0,0.0,11749.932414,0,1,1709159043
2024-02-22,0xf213f2d02837012dc0236cc105061e121bb03e37,798,0x6a018ad51de844243ce7fb743c3e5f4481df6858,0.0,0.0,11183.296057,0,1,1709036819
2024-02-22,0xf213f2d02837012dc0236cc105061e121bb03e37,936,0xb9878d041806f426ac56e2dcee1239802d1ca696,0.0,0.0,22056.69203,0,1,1709015249
2024-02-22,0xf213f2d02837012dc0236cc105061e121bb03e37,957,0x77d4d1d555533652815c2f12171ae7f45b6332b2,0.0,0.0,16493.140147,0,1,1709146929
2024-02-22,0xf213f2d02837012dc0236cc105061e121bb03e37,963,0x48c84fb52dd6fd66cf4c150224b1d41b5f0729c4,16318.858782,16318.858782,0.0,1,0,1709147873
2024-02-22,0xf213f2d02837012dc0236cc105061e121bb03e37,1046,0x08f518870ec33bc96cc251692b79a745c1af78b5,14340.603667,14340.603667,13985.371382,1,1,1709156247
2024-02-22,0xf213f2d02837012dc0236cc105061e121bb03e37,1092,0x3823a62339c5e9a75990efd1f91cdeff73bda609,0.0,0.0,13184.709418,0,1,1709143063
2024-02-22,0xf213f2d02837012dc0236cc105061e121bb03e37,1155,0x8caaf4cb80ba7cbbbb324066bd03eae3fc98f813,3924.1375,3924.1375,0.0,1,0,1709066991
2024-02-22,0xf213f2d02837012dc0236cc105061e121bb03e37,1183,0x0c9e20b9046f31da1e84b1b968b5fff23e815fd6,0.0,0.0,11878.545576,0,1,1709145357
2024-02-22,0xf213f2d02837012dc0236cc105061e121bb03e37,1221,0x564b3a3cf630d7b3b35ae78e47feb074bce2b06e,0.0,0.0,4830.234412,0,1,1708977259
2024-02-22,0xf213f2d02837012dc0236cc105061e121bb03e37,1223,0xabe21a7537cff588e6209492afca65d635a3b313,10802.9746,10802.9746,0.0,1,0,1709116123
2024-02-22,0xf213f2d02837012dc0236cc105061e121bb03e37,1250,0xfde34a676aa8d44b66d5ced822831a5b1454f8b0,10399.57855,10399.57855,10380.614297,1,1,1709100385
2024-02-22,0xf213f2d02837012dc0236cc105061e121bb03e37,1262,0xd131f1bcdd547e067af447dd3c36c99d6be9fdeb,10130.784704,10130.784704,0.0,1,0,1709066603
2024-02-22,0xf213f2d02837012dc0236cc105061e121bb03e37,1272,0xcb3b366ced5ab2170d2ac72a5a97c4747e9186d8,0.0,0.0,10018.992675,0,1,1709103851
2024-02-22,0xf213f2d02837012dc0236cc105061e121bb03e37,1276,0xef0c7668af2e04bc8cb8dfa321e5f9159f4bafe4,0.0,0.0,10007.283644,0,1,1709154819
2024-02-22,0xf213f2d02837012dc0236cc105061e121bb03e37,1408,0x8eea89024a753b68e508e800b91923917470d3b0,8304.841359,8304.841359,0.0,1,0,1709119723
2024-02-22,0xf213f2d02837012dc0236cc105061e121bb03e37,1413,0x53e213da8c28d85dc6663c3b5e35bb0ffbb05752,3529.367233,3529.367233,0.0,1,0,1709151147
2024-02-22,0xf213f2d02837012dc0236cc105061e121bb03e37,1520,0xa2d35e418814a8b6367c66a5ac2fec8ea16332b2,3640.560021,3640.560021,7267.842485,1,1,1709137551
2024-02-22,0xf213f2d02837012dc0236cc105061e121bb03e37,1547,0x40db8365d1252bcb06598927698238a99d39228e,7834.105311,7834.105311,0.0,1,0,1709147333
2024-02-22,0xf213f2d02837012dc0236cc105061e121bb03e37,1695,0x7c16c022048b25142482cf06ac98064527395290,6059.685131,6059.685131,0.0,1,0,1709160843
2024-02-22,0xf213f2d02837012dc0236cc105061e121bb03e37,1741,0xd5de81e7e5e4f740a26ebb254d6052e1d03b4787,5670.784617,5670.784617,0.0,1,0,1709146695
2024-02-22,0xf213f2d02837012dc0236cc105061e121bb03e37,1766,0xd9105bfe2f1448acad670d102263389f7e2a8e0b,1087.380462,1087.380462,1087.380462,1,1,1709155843
2024-02-22,0xf213f2d02837012dc0236cc105061e121bb03e37,1912,0x3e516b6d229bf935f1b6bf4a0c2531ddab48cf1b,1828.014598,1828.014598,0.0,1,0,1709147655
2024-02-22,0xf213f2d02837012dc0236cc105061e121bb03e37,1920,0x00c67d9d6d3d13b42a87424e145826c467cccd84,0.0,0.0,4513.198549,0,1,1709043367
2024-02-22,0xf213f2d02837012dc0236cc105061e121bb03e37,1938,0x58603461149fc2a800a56d421e77dcbba2d83ca8,4547.976191,4547.976191,0.0,1,0,1709137081
2024-02-22,0xf213f2d02837012dc0236cc105061e121bb03e37,2135,0xa32ed73eae62f165e3b3ddbeb19100e3cfe17fc3,0.0,0.0,42064.4818,0,1,1709159165
2024-02-22,0xf213f2d02837012dc0236cc105061e121bb03e37,2447,0xdf90bc63d773e674e0ce2488dbf173cdc3622796,845.969052,845.969052,844.426377,1,1,1709116091
2024-02-22,0xf213f2d02837012dc0236cc105061e121bb03e37,2609,0xaef1889d58677805399c6f8326c11d159b09caf2,1576.345512,1576.345512,0.0,1,0,1709084619
2024-02-22,0xf213f2d02837012dc0236cc105061e121bb03e37,2674,0x8298ca68dd147f42d2b355d320da71561defcd21,0.0,0.0,2655.865872,0,1,1709003623
2024-02-22,0xf213f2d02837012dc0236cc105061e121bb03e37,2786,0x597bea912e8734e17ddc4f43a489a1472d9459cf,0.0,0.0,2620.579571,0,1,1709139401
2024-02-22,0xf213f2d02837012dc0236cc105061e121bb03e37,2881,0xd670a99b9ad6b9fe256294f51cfe5f38e51d54aa,2268.253767,2268.253767,2217.495941,1,1,1709160063
2024-02-22,0xf213f2d02837012dc0236cc105061e121bb03e37,2882,0x5e9b1a78a998c5370946bc779c285c8396847cbd,0.0,0.0,2261.189298,0,1,1709153635
2024-02-22,0xf213f2d02837012dc0236cc105061e121bb03e37,2886,0x05cefb1b44d447627bd0f341f29401790963ca9e,2257.901872,2257.901872,0.0,1,0,1709143637
2024-02-22,0xf213f2d02837012dc0236cc105061e121bb03e37,2902,0xf84368dcc03dbd47a6567b7267f573c28b2f07fa,468.60079,468.60079,468.60079,1,1,1709157027
2024-02-22,0xf213f2d02837012dc0236cc105061e121bb03e37,3698,0x413db04a4d7207cae7a7686639ce68caac137bae,276.044094,276.044094,0.0,1,0,1709071849
2024-02-22,0xf213f2d02837012dc0236cc105061e121bb03e37,6171,0xcb2aa9a60946058ff83fb095ddf2582c3c47c375,0.0,0.0,725.507389,0,1,1709155437
2024-02-22,0xf213f2d02837012dc0236cc105061e121bb03e37,6333,0xf25d523b15356911523a61394158472162bf9da1,87.439438,87.439438,0.0,1,0,1709070569
2024-02-22,0xf213f2d02837012dc0236cc105061e121bb03e37,7196,0x2b4a4fe93639c70aae55adf5e63f3cbf10956292,150371.758426,150371.758426,300195.093075,1,1,1709128561
2024-02-22,0xf213f2d02837012dc0236cc105061e121bb03e37,8330,0x43386877500087ee7da43ef57c8691490ddcebac,0.0,0.0,266998.274603,0,1,1708700641
2024-02-22,0xf213f2d02837012dc0236cc105061e121bb03e37,8348,0x0dda3228b0729bfe7698988a669b81d4a306a8ea,23193.83149,23193.83149,0.0,1,0,1709136549
2024-02-22,0xf213f2d02837012dc0236cc105061e121bb03e37,8355,0x1594b251df6b70ca9a01d4de0836ab4fd9811241,266671.048845,266671.048845,0.0,1,0,1709149137
2024-02-22,0xf213f2d02837012dc0236cc105061e121bb03e37,8405,0x5d6f3d0c92d0564151357b0863e55e9ed4631b8d,0.0,0.0,1128.462757,0,1,1709157567
2024-02-22,0xf213f2d02837012dc0236cc105061e121bb03e37,9292,0x2b4a4fe93639c70aae55adf5e63f3cbf10956292,4284.832269,4284.832269,8554.037242,1,1,1709128585
2024-02-22,0xf213f2d02837012dc0236cc105061e121bb03e37,9300,0xb33cd827dd59c090e71899bfca31f81f4b189ddb,22864.071217,22864.071217,22822.377216,1,1,1709147897
2024-02-22,0xf213f2d02837012dc0236cc105061e121bb03e37,9325,0x1594b251df6b70ca9a01d4de0836ab4fd9811241,215964.566241,215964.566241,0.0,1,0,1709149161
2024-02-22,0xf213f2d02837012dc0236cc105061e121bb03e37,9639,0x0ea01228dea7d3e04811cf0ce05fb219773d72ca,0.0,0.0,91.156066,0,1,1708668847
2024-02-22,0xf213f2d02837012dc0236cc105061e121bb03e37,9898,0xb33cd827dd59c090e71899bfca31f81f4b189ddb,69959.542121,69959.542121,70180.123713,1,1,1709147931
2024-02-22,0xf213f2d02837012dc0236cc105061e121bb03e37,9974,0x1594b251df6b70ca9a01d4de0836ab4fd9811241,161536.951841,161536.951841,0.0,1,0,1709149185
2024-02-22,0xf213f2d02837012dc0236cc105061e121bb03e37,9985,0x6a2064a87f83aee30a9331c680763ed7d473ae23,39274.994325,39274.994325,0.0,1,0,1709106967
2024-02-22,0xf213f2d02837012dc0236cc105061e121bb03e37,9989,0x2b4a4fe93639c70aae55adf5e63f3cbf10956292,13043.787416,13043.787416,26040.00258,1,1,1709128611
2024-02-22,0xf213f2d02837012dc0236cc105061e121bb03e37,10294,0x48a6a8d403a58eccc70d4d57347f801d4e182564,6511874.79286,6511874.79286,10529106.972492,1,1,1709146349
2024-02-22,0xf213f2d02837012dc0236cc105061e121bb03e37,10295,0xc875b3dae5b0c371bc8cf9ded64868b78ac47587,342357.517462,342357.517462,0.0,1,0,1709162281
2024-02-22,0xf213f2d02837012dc0236cc105061e121bb03e37,10296,0x03c70563e94de5de56c11a0cc4ce3482f592854f,894231.350108,894231.350108,0.0,1,0,1709162329
2024-02-22,0xf213f2d02837012dc0236cc105061e121bb03e37,10298,0xc9814f18a8751214f719de15c54d01b3d78ef14f,309330.648472,309330.648472,0.0,1,0,1709162249
2024-02-22,0xf213f2d02837012dc0236cc105061e121bb03e37,10471,0x1594b251df6b70ca9a01d4de0836ab4fd9811241,5414.486456,5414.486456,0.0,1,0,1709149211
2024-02-22,0xf213f2d02837012dc0236cc105061e121bb03e37,10482,0xa6e8129d47c647c7edfd5d5c53f04602df7aedcb,18532.817725,18532.817725,18532.817725,1,1,1709123547
2024-02-22,0xf213f2d02837012dc0236cc105061e121bb03e37,10503,0x2b4a4fe93639c70aae55adf5e63f3cbf10956292,745.440185,745.440185,1490.880371,1,1,1709128637
2024-02-22,0xf213f2d02837012dc0236cc105061e121bb03e37,10925,0xe5e63a7fd8e329ee60ed8be8676f7bf103522fe7,34865.404722,34865.404722,0.0,1,0,1708830943
2024-02-22,0xf213f2d02837012dc0236cc105061e121bb03e37,10937,0x7a53e106d5519afdbea37b03ba794b0e7b8f7cbf,0.0,0.0,195795.234712,0,1,1709129903
2024-02-22,0xf213f2d02837012dc0236cc105061e121bb03e37,10986,0xbd584812c7aaeb901e8424725065cb0716b9264f,0.0,0.0,9402.934242,0,1,1709089059
2024-02-22,0xf213f2d02837012dc0236cc105061e121bb03e37,11016,0xfe5e52e94970be23e55ec621b25be15d09204e5d,4778.1035,4778.1035,4856.960622,1,1,1709137047
2024-02-22,0xf213f2d02837012dc0236cc105061e121bb03e37,11091,0x5b976cdd56fa2bfb74f9c882648b4426d0ae1a3b,2000.0,2000.0,0.0,1,0,1709130777
2024-02-22,0xf213f2d02837012dc0236cc105061e121bb03e37,11316,0x2b4a4fe93639c70aae55adf5e63f3cbf10956292,1527.182191,1527.182191,3043.338008,1,1,1709128663
2024-02-22,0xf213f2d02837012dc0236cc105061e121bb03e37,11345,0xe5e63a7fd8e329ee60ed8be8676f7bf103522fe7,6107.57525,6107.57525,0.0,1,0,1708830981
2024-02-22,0xf213f2d02837012dc0236cc105061e121bb03e37,11353,0x68903dc8d0072ef73a0af25762b6e97180940267,71816.286913,71816.286913,71685.325622,1,1,1709126513
2024-02-22,0xf213f2d02837012dc0236cc105061e121bb03e37,11403,0xfe5e52e94970be23e55ec621b25be15d09204e5d,4312.146027,4312.146027,4334.503589,1,1,1709137693
2024-02-22,0xf213f2d02837012dc0236cc105061e121bb03e37,11503,0x73d3fe580f4e030aab88688584817a5da1fe7109,206.479111,206.479111,324.155667,1,1,1709125099
2024-02-22,0xf213f2d02837012dc0236cc105061e121bb03e37,11580,0xdf0e7c003be9d016b43ff4b489aa5e70e041f5aa,0.0,0.0,1.567197,0,1,1709006847
2024-02-22,0xf213f2d02837012dc0236cc105061e121bb03e37,11808,0xfe5e52e94970be23e55ec621b25be15d09204e5d,951.161533,951.161533,970.305291,1,1,1709137729
2024-02-22,0xf213f2d02837012dc0236cc105061e121bb03e37,11963,0x38332d808ba345953f41c71d38ca1ef79cffa5c5,672.51728,672.51728,843.16377,1,1,1709156067
2024-02-22,0xf213f2d02837012dc0236cc105061e121bb03e37,11994,0x6cbf5040fa5815fbeff34ead90da7251e96434e4,0.0,0.0,1.254181,0,1,1708753933
2024-02-22,0xf213f2d02837012dc0236cc105061e121bb03e37,12111,0x2b4a4fe93639c70aae55adf5e63f3cbf10956292,1723.142253,1723.142253,3440.0,1,1,1709128693
2024-02-22,0xf213f2d02837012dc0236cc105061e121bb03e37,12367,0xe3d293582c5553d681ac953b4b0bf63a1f987464,5.443004,5.443004,0.0,1,0,1709062497
2024-02-22,0xf213f2d02837012dc0236cc105061e121bb03e37,12373,0x67538b6d12c4755cf45c4681c02ead08f9bd6ed3,1.245274,1.245274,0.0,1,0,1709077755
2024-02-22,0xf213f2d02837012dc0236cc105061e121bb03e37,12386,0xebef259eb650590749c405dae136c9ca6ba05720,9.976528,9.976528,0.0,1,0,1709115287
2024-02-22,0xf53b7af40be75043eeba493c622f4f56b3c27a31,27,0x6665e62ef6f6db29d5f8191fbac472222c2cc80f,0.0,0.0,239349.766645,0,1,1708600757
2024-02-22,0xf53b7af40be75043eeba493c622f4f56b3c27a31,68,0x132e47cf2c19ec2d8dd56e1528fc7e18dc09188f,0.0,0.0,71001.169223,0,1,1709148573
2024-02-22,0xf53b7af40be75043eeba493c622f4f56b3c27a31,417,0xbe93d14c5defb8f41af8fb092f58e3c71c712b85,15576.435259,15576.435259,0.0,1,0,1708604827
2024-02-22,0xf53b7af40be75043eeba493c622f4f56b3c27a31,575,0x94587a95917188b338c822de2d1e77074131589f,10375.76417,10375.76417,0.0,1,0,1708709107
2024-02-22,0xf53b7af40be75043eeba493c622f4f56b3c27a31,597,0x1ce0c2b445c8e87ea4c40b6e721d9a39b09f6459,0.0,0.0,9205.755818,0,1,1709153997
2024-02-22,0xf53b7af40be75043eeba493c622f4f56b3c27a31,620,0xc8f7b747eefc216964e567c14ec823d17d25c932,0.0,0.0,35357.209622,0,1,1709128891
2024-02-22,0xf53b7af40be75043eeba493c622f4f56b3c27a31,723,0x65268d4fb73544b6056fa4f4bf20fc90e0b12a80,33351.95314,33351.95314,0.0,1,0,1708904223
2024-02-22,0xf53b7af40be75043eeba493c622f4f56b3c27a31,1006,0x806388e04b7583a0148451a8ecd29a748b8fd584,3806.602492,3806.602492,3799.660925,1,1,1708994071
2024-02-22,0xf53b7af40be75043eeba493c622f4f56b3c27a31,1114,0x4e190b3d31d96e0cd11a1520185a77b57a0182f2,0.0,0.0,6262.097701,0,1,1709138467
2024-02-22,0xf53b7af40be75043eeba493c622f4f56b3c27a31,1181,0x7ec7b375834ef33a1a677503d5065651ee530975,1142.354477,1142.354477,0.0,1,0,1708798935
2024-02-22,0xf53b7af40be75043eeba493c622f4f56b3c27a31,1223,0xabe21a7537cff588e6209492afca65d635a3b313,0.0,0.0,10783.27473,0,1,1709116123
2024-02-22,0xf53b7af40be75043eeba493c622f4f56b3c27a31,1256,0x5345462544ed763639519376c298e939228dd1f4,0.0,0.0,10566.460839,0,1,1709145389
2024-02-22,0xf53b7af40be75043eeba493c622f4f56b3c27a31,1457,0x26b5e14dbf21bfb62bff869f5f4bce8dbddbcfca,1971.275647,1971.275647,3935.361815,1,1,1708951003
2024-02-22,0xf53b7af40be75043eeba493c622f4f56b3c27a31,1521,0xdd84ce1adcb3a4908db61a1dfa3353c3974c5a2b,0.0,0.0,1815.862305,0,1,1709091691
2024-02-22,0xf53b7af40be75043eeba493c622f4f56b3c27a31,1606,0x69cd4abd687ab23e2f95f0a065cd9ad211a58713,0.0,0.0,6698.52217,0,1,1709057001
2024-02-22,0xf53b7af40be75043eeba493c622f4f56b3c27a31,1622,0x628a3240137ef7c5f729c6c106378edb3fa51250,0.0,0.0,6463.912292,0,1,1709161163
2024-02-22,0xf53b7af40be75043eeba493c622f4f56b3c27a31,1722,0xc00a6614b8030ce216302016e11c6b4140b5e499,1430.76961,1430.76961,0.0,1,0,1708970835
2024-02-22,0xf53b7af40be75043eeba493c622f4f56b3c27a31,1912,0x3e516b6d229bf935f1b6bf4a0c2531ddab48cf1b,0.0,0.0,1828.014598,0,1,1709147655
2024-02-22,0xf53b7af40be75043eeba493c622f4f56b3c27a31,1921,0x58fc8a5d2bc89dc1a353537271a217a6f64c92a4,4512.116997,4512.116997,0.0,1,0,1708778303
2024-02-22,0xf53b7af40be75043eeba493c622f4f56b3c27a31,1957,0x2d5a17539943a8c1a753578af3b4f91c9eb85eb9,0.0,0.0,16774.174405,0,1,1709078379
2024-02-22,0xf53b7af40be75043eeba493c622f4f56b3c27a31,2050,0xf71953b029dba0517d6eb7cbda9dd390728ddb98,0.0,0.0,4123.833194,0,1,1709139803
2024-02-22,0xf53b7af40be75043eeba493c622f4f56b3c27a31,2058,0x1b78284595ed8468608da05aa02933b84c6a4183,0.0,0.0,4097.077859,0,1,1709043553
2024-02-22,0xf53b7af40be75043eeba493c622f4f56b3c27a31,2098,0x7facf85e84f443fef7113bf85e7a582b251a25b5,0.0,0.0,4013.965399,0,1,1709150423
2024-02-22,0xf53b7af40be75043eeba493c622f4f56b3c27a31,2486,0x24a30823bd87e785b0c4b3803a2bffd91eb6876f,0.0,0.0,3346.868455,0,1,1709150211
2024-02-22,0xf53b7af40be75043eeba493c622f4f56b3c27a31,2867,0x387ec377e5b3ff17b61b61a3724a876369eb59bc,0.0,0.0,2241.78496,0,1,1709159407
2024-02-22,0xf53b7af40be75043eeba493c622f4f56b3c27a31,2965,0xc8aa83d7a13910536363d7c55599308fe2718c10,0.0,0.0,2051.86778,0,1,1709082717
2024-02-22,0xf53b7af40be75043eeba493c622f4f56b3c27a31,3079,0x14ab9f431b7d25fcad366ec9511dce38e229745c,1876.428019,1876.428019,0.0,1,0,1708960363
2024-02-22,0xf53b7af40be75043eeba493c622f4f56b3c27a31,3085,0x0c470f23b09847fc99e20b63aa9b0c3db13bacf7,3130.257178,3130.257178,0.0,1,0,1708740661
2024-02-22,0xf53b7af40be75043eeba493c622f4f56b3c27a31,3612,0x9bcbf958364aad003552de214ab562b8aacbee68,1096.261764,1096.261764,0.0,1,0,1708639197
2024-02-22,0xf53b7af40be75043eeba493c622f4f56b3c27a31,3840,0xe8de221533f666778d6513a1da0c56e8ef89c72a,0.0,0.0,489.736309,0,1,1709124563
2024-02-22,0xf53b7af40be75043eeba493c622f4f56b3c27a31,4149,0xf8e23dbd5817d577188cfe8d55227d2072b8a3ed,3842.507763,3842.507763,3835.500721,1,1,1709007127
2024-02-22,0xf53b7af40be75043eeba493c622f4f56b3c27a31,5158,0x75abf28b9cae8edb0c1209eff172f9420cc63549,388.966012,388.966012,388.966012,1,1,1708601715
2024-02-22,0xf53b7af40be75043eeba493c622f4f56b3c27a31,6024,0x9f9b50b562ef8bef5517d60cab05f8ec1666b9f9,363.43909,363.43909,0.0,1,0,1708799135
2024-02-22,0xf53b7af40be75043eeba493c622f4f56b3c27a31,6770,0x80fdc30d21a672eef723b809ed4ba7c91728d421,0.0,0.0,139.664194,0,1,1708683229
2024-02-22,0xf53b7af40be75043eeba493c622f4f56b3c27a31,7651,0x7e4cbd9030b814c364b6b57128e5868797436d51,0.0,0.0,50.105851,0,1,1709064287
2024-02-22,0xf53b7af40be75043eeba493c622f4f56b3c27a31,9427,0xba9d854c4b9ae5eef3dad86e1b65d661938b27a1,0.0,0.0,25595.53486,0,1,1709137567
2024-02-22,0xf53b7af40be75043eeba493c622f4f56b3c27a31,9918,0x2d5a17539943a8c1a753578af3b4f91c9eb85eb9,0.0,0.0,1525.18159,0,1,1709078383
2024-02-22,0xf53b7af40be75043eeba493c622f4f56b3c27a31,10065,0xfb176697fe881af351fa450d85e730018bc36f68,30887.941733,30887.941733,31246.65544,1,1,1708693985
2024-02-22,0xf53b7af40be75043eeba493c622f4f56b3c27a31,10244,0x80b9fd429f47dc6a7f02acff90a1959956a19607,0.0,0.0,1907.49735,0,1,1709060145
2024-02-22,0xf53b7af40be75043eeba493c622f4f56b3c27a31,10657,0x892176d784bed3dc877a62f3ff9fc091377b2a49,11743.526926,11743.526926,0.0,1,0,1708882175
2024-02-22,0xf53b7af40be75043eeba493c622f4f56b3c27a31,10796,0xb71ba81a183b2f956c9820729642063d64780b93,0.0,0.0,28813.135422,0,1,1709103651
2024-02-22,0xf53b7af40be75043eeba493c622f4f56b3c27a31,11334,0x2c8dbcebdc218f0f4e39c868a01c6c9a857aa5bb,0.0,0.0,4601.417149,0,1,1709135139
2024-02-22,0xf53b7af40be75043eeba493c622f4f56b3c27a31,12040,0xb71ba81a183b2f956c9820729642063d64780b93,0.0,0.0,946.0,0,1,1709082485
2024-02-22,0xf53b7af40be75043eeba493c622f4f56b3c27a31,12108,0x6665e62ef6f6db29d5f8191fbac472222c2cc80f,246292.895035,246292.895035,3946.528763,1,1,1709108995
2024-02-22,0xf53b7af40be75043eeba493c622f4f56b3c27a31,12303,0x0b0811d3d8342063db74b45a4344cdbee6389bdb,1.003516,1.003516,0.0,1,0,1708967531
2024-02-22,0xf6aec4f97623e691a9426a69baf5501509fca05d,1181,0x7ec7b375834ef33a1a677503d5065651ee530975,0.0,0.0,3769.769775,0,1,1708798935
2024-02-22,0xf6aec4f97623e691a9426a69baf5501509fca05d,1409,0x29e78e2438e589a0054d45b8a5f6c2eeee9a68df,0.0,0.0,8098.648332,0,1,1708968039
2024-02-22,0xf6aec4f97623e691a9426a69baf5501509fca05d,2265,0x1793f0479842af9d573f952ec0b8293135d6411f,0.0,0.0,1806.050489,0,1,1709120647
2024-02-22,0xf6aec4f97623e691a9426a69baf5501509fca05d,3072,0x6eabe04636a21156a56bb3ce4096ce49dbc280ed,0.0,0.0,460.681133,0,1,1708829481
2024-02-22,0xf6aec4f97623e691a9426a69baf5501509fca05d,3169,0xf61ce28e759c498e990b1f2fd4aeef32639d367a,0.0,0.0,1718.344616,0,1,1709048211
2024-02-22,0xf6aec4f97623e691a9426a69baf5501509fca05d,3879,0x8b6e3e6e1a0fc6bcb29e2bbe986fb09cb2302297,0.0,0.0,922.862851,0,1,1709141231
2024-02-22,0xf6aec4f97623e691a9426a69baf5501509fca05d,4279,0xcf7e5d2bbe28d27baf5e26e53135bb01e2fd5515,653.43152,653.43152,653.43152,1,1,1708908575
2024-02-22,0xf6aec4f97623e691a9426a69baf5501509fca05d,6524,0x7d13deee5864625dc0c1df65cb3c9768a2e73d75,8.638141,8.638141,8.963933,1,1,1708877817
2024-02-22,0xf89042057d079debe2a65a1a899e48e0e825105f,33,0x8aa63a11835bf0139e41859540f0c7161a92c7b1,0.0,0.0,130429.817678,0,1,1709132297
2024-02-22,0xf89042057d079debe2a65a1a899e48e0e825105f,47,0x011b0a055e02425461a1ae95b30f483c4ff05be7,0.0,0.0,292380.929631,0,1,1709155381
2024-02-22,0xf89042057d079debe2a65a1a899e48e0e825105f,52,0x28878aec6b4209d90a40890183e3322f0ae5b2e2,0.0,0.0,275194.174672,0,1,1709154645
2024-02-22,0xf89042057d079debe2a65a1a899e48e0e825105f,55,0x285fed35cbea271a711681e84ffd83c68a596a75,0.0,0.0,227329.532695,0,1,1709158581
2024-02-22,0xf89042057d079debe2a65a1a899e48e0e825105f,61,0x7338afb07db145220849b04a45243956f20b14d9,0.0,0.0,352249.429288,0,1,1708816063
2024-02-22,0xf89042057d079debe2a65a1a899e48e0e825105f,62,0xdbd5d31b7f48adc13a0ab0c591f7e3d4f9642e69,0.0,0.0,129117.482084,0,1,1709133363
2024-02-22,0xf89042057d079debe2a65a1a899e48e0e825105f,77,0xeb6772188cf10aa563a1cd163f48355d1a949797,0.0,0.0,436920.467175,0,1,1709160893
2024-02-22,0xf89042057d079debe2a65a1a899e48e0e825105f,88,0x8bace3a49a375027868cdd34e84521eed1f1b01d,670381.757018,670381.757018,669159.275819,1,1,1709155117
2024-02-22,0xf89042057d079debe2a65a1a899e48e0e825105f,89,0x4dacd010e15e220bc6c5c3210d166505d2b6c63a,0.0,0.0,652658.99143,0,1,1709141649
2024-02-22,0xf89042057d079debe2a65a1a899e48e0e825105f,124,0x5d6f3d0c92d0564151357b0863e55e9ed4631b8d,0.0,0.0,110246.413161,0,1,1709157539
2024-02-22,0xf89042057d079debe2a65a1a899e48e0e825105f,136,0x12c58f57177b8d5832f60cfa690770c19ac9da19,0.0,0.0,241770.583748,0,1,1709155939
2024-02-22,0xf89042057d079debe2a65a1a899e48e0e825105f,137,0xa4b6eeeb7eba0fc360a7402f2ebe90c178115e91,0.0,1221125.553538,2427866.343319,1,2,1709160603
2024-02-22,0xf89042057d079debe2a65a1a899e48e0e825105f,145,0xc5d7be4a4e5957baa078201f41d9fd5f21b91b1b,0.0,0.0,356013.208844,0,1,1709145383
2024-02-22,0xf89042057d079debe2a65a1a899e48e0e825105f,156,0xb0a4e99371dfb0734f002ae274933b4888f618ef,0.0,0.0,297520.779845,0,1,1709103873
2024-02-22,0xf89042057d079debe2a65a1a899e48e0e825105f,160,0xb0eb6f452ecea6a76fda435b4629cf6a11b24a2a,0.0,0.0,139190.794289,0,1,1709143721
2024-02-22,0xf89042057d079debe2a65a1a899e48e0e825105f,178,0x8dc80a1b59b2d81ae0f1653f9901922507ee9978,0.0,0.0,232817.55021,0,1,1708724019
2024-02-22,0xf89042057d079debe2a65a1a899e48e0e825105f,222,0x9f02988adb650e55cc5eb5619c383fd223848bb5,0.0,0.0,171143.136762,0,1,1709130365
2024-02-22,0xf89042057d079debe2a65a1a899e48e0e825105f,223,0xb6a4035370947825d94ca4ac5d30d828ad50265c,0.0,0.0,177983.553582,0,1,1709146937
2024-02-22,0xf89042057d079debe2a65a1a899e48e0e825105f,243,0x9db9a11bd146e8f39dc61246c357aaa10f2f2170,0.0,0.0,147892.166293,0,1,1709160357
2024-02-22,0xf89042057d079debe2a65a1a899e48e0e825105f,267,0x5b1c8cd6e98d8bca397fd09b0dcc9933d712ad13,0.0,0.0,59851.958609,0,1,1709160323
2024-02-22,0xf89042057d079debe2a65a1a899e48e0e825105f,275,0xa810ffea2709c116ef180d090c142fc5e08586a7,32615.749835,32615.749835,48834.4096,1,1,1709152385
2024-02-22,0xf89042057d079debe2a65a1a899e48e0e825105f,282,0xd96d96a973d920015e130701714f10804156aea7,0.0,0.0,60460.730238,0,1,1709160307
2024-02-22,0xf89042057d079debe2a65a1a899e48e0e825105f,298,0x8aa63a11835bf0139e41859540f0c7161a92c7b1,0.0,0.0,55838.23359,0,1,1709132281
2024-02-22,0xf89042057d079debe2a65a1a899e48e0e825105f,323,0xa2332e28a62bf41d3b0628a1121530ec2834d28e,0.0,0.0,106274.815039,0,1,1709011425
2024-02-22,0xf89042057d079debe2a65a1a899e48e0e825105f,341,0xb1d47d39c3bb868e5e4be068b7057d4caad0b31c,0.0,0.0,40664.243121,0,1,1709160321
2024-02-22,0xf89042057d079debe2a65a1a899e48e0e825105f,350,0x38332d808ba345953f41c71d38ca1ef79cffa5c5,0.0,0.0,17995.436332,0,1,1709155993
2024-02-22,0xf89042057d079debe2a65a1a899e48e0e825105f,389,0x879d4cf44d51661f991bb3695cc61599d33847c2,0.0,0.0,33804.472319,0,1,1709161023
2024-02-22,0xf89042057d079debe2a65a1a899e48e0e825105f,403,0xc3193e39f77c2ed59045cfffcdcacdda72f29987,0.0,0.0,32972.664463,0,1,1709013619
2024-02-22,0xf89042057d079debe2a65a1a899e48e0e825105f,408,0x79bd77fccfce56270c48c6bddb8ba7dac01bf875,0.0,0.0,65416.4725,0,1,1709101483
2024-02-22,0xf89042057d079debe2a65a1a899e48e0e825105f,416,0x151e5062d509bf6fc1b5345afa0e7397c9c82226,0.0,0.0,31262.940053,0,1,1709138853
2024-02-22,0xf89042057d079debe2a65a1a899e48e0e825105f,460,0x66fbb1cd0a879388005ea9e17c2d951c11334a9c,0.0,0.0,51571.90926,0,1,1709156649
2024-02-22,0xf89042057d079debe2a65a1a899e48e0e825105f,495,0xfa347793d0f0ea3a436cd311ebe0c95b1f089974,0.0,0.0,22196.101025,0,1,1709028145
2024-02-22,0xf89042057d079debe2a65a1a899e48e0e825105f,509,0x34223719d75cbc336b77ccd8af6b9342bd6af1cb,0.0,0.0,4565.632747,0,1,1709079679
2024-02-22,0xf89042057d079debe2a65a1a899e48e0e825105f,519,0xa23bde7b73b4acc73918e2362e6a646761955c7c,0.0,0.0,53735.4765,0,1,1709150451
2024-02-22,0xf89042057d079debe2a65a1a899e48e0e825105f,536,0xf6ed81d5e9f61dd1ea21e96ae1d660ecc388ae4f,12393.658358,12393.658358,12371.057782,1,1,1709150303
2024-02-22,0xf89042057d079debe2a65a1a899e48e0e825105f,543,0x6613a1521394c2f17c7d705e48279e44c2a01936,0.0,0.0,20380.328222,0,1,1708567425
2024-02-22,0xf89042057d079debe2a65a1a899e48e0e825105f,558,0x985dbffd8daaf59cc68883d17cfab313b2343184,0.0,0.0,21461.422106,0,1,1709148545
2024-02-22,0xf89042057d079debe2a65a1a899e48e0e825105f,575,0x94587a95917188b338c822de2d1e77074131589f,0.0,0.0,10338.273458,0,1,1708709107
2024-02-22,0xf89042057d079debe2a65a1a899e48e0e825105f,589,0x5d4d3fae4d0282fd8a558b5f42ba700974cbfd1a,0.0,0.0,241837.970991,0,1,1709147699
2024-02-22,0xf89042057d079debe2a65a1a899e48e0e825105f,614,0x13e7652b9ec7a97a4a98906fc20338ac70940f98,0.0,0.0,35629.519563,0,1,1709159785
2024-02-22,0xf89042057d079debe2a65a1a899e48e0e825105f,617,0xa33ca84383bac2efb11b8ce21bc10403ff9cc77a,0.0,0.0,35654.579903,0,1,1709018525
2024-02-22,0xf89042057d079debe2a65a1a899e48e0e825105f,638,0x3efec9925973afe87cbfe219dfe31fbba4266369,0.0,0.0,34248.71329,0,1,1709158015
2024-02-22,0xf89042057d079debe2a65a1a899e48e0e825105f,650,0x4ffc5f22770ab6046c8d66dabae3a9cd1e7a03e7,0.0,46347.005206,91710.474299,1,2,1708570995
2024-02-22,0xf89042057d079debe2a65a1a899e48e0e825105f,710,0xcaee6c7aae8805913e24a8ce5d5d22be2d4ff7ad,26973.480285,26973.480285,0.0,1,0,1709160921
2024-02-22,0xf89042057d079debe2a65a1a899e48e0e825105f,748,0x5805641e589cf538004a0ccfc31a57ac1ba2cb02,0.0,0.0,25319.588191,0,1,1709161193
2024-02-22,0xf89042057d079debe2a65a1a899e48e0e825105f,760,0xdbab0b75921e3008fd0bb621a8248d969d2d2f0d,0.0,0.0,24634.44783,0,1,1708741359
2024-02-22,0xf89042057d079debe2a65a1a899e48e0e825105f,762,0xea840ad93de7e1c484ed4bafd387bb4641aba570,0.0,0.0,34609.851514,0,1,1709160231
2024-02-22,0xf89042057d079debe2a65a1a899e48e0e825105f,776,0xc923dd451dfb1fc6a4608982c6c077414da06a4d,0.0,0.0,12648.966158,0,1,1709101633
2024-02-22,0xf89042057d079debe2a65a1a899e48e0e825105f,881,0x9eb2d5311edbafd2137b9292d5683c35bf301cc8,0.0,0.0,18842.197845,0,1,1709138411
2024-02-22,0xf89042057d079debe2a65a1a899e48e0e825105f,920,0x6c2693f5a936f37ed03cfa8465bf2d8beff19a0f,0.0,0.0,43384.003325,0,1,1709150707
2024-02-22,0xf89042057d079debe2a65a1a899e48e0e825105f,937,0x4e8f911b2da10563da1357ed0eda1670902c6390,0.0,0.0,17109.694944,0,1,1709158861
2024-02-22,0xf89042057d079debe2a65a1a899e48e0e825105f,1019,0x8a0454b05a952c572619935ed46b6d8d0aa97a76,0.0,0.0,3630.827026,0,1,1709061081
2024-02-22,0xf89042057d079debe2a65a1a899e48e0e825105f,1056,0xeb4576fe753dab07635c0bb6c8f0a355e1db5d31,0.0,0.0,7355.734008,0,1,1709159333
2024-02-22,0xf89042057d079debe2a65a1a899e48e0e825105f,1231,0x0185c555216bbd14f138a92730682a8e9fbc9e00,0.0,0.0,10758.650914,0,1,1709158887
2024-02-22,0xf89042057d079debe2a65a1a899e48e0e825105f,1265,0x90c0bf8d71369d21f8addf0da33d21dcb0b1c384,0.0,0.0,9922.895638,0,1,1709154337
2024-02-22,0xf89042057d079debe2a65a1a899e48e0e825105f,1306,0x0473a13cb3088ebd0092ea137170508da3f7fb8c,0.0,0.0,9524.665387,0,1,1709104609
2024-02-22,0xf89042057d079debe2a65a1a899e48e0e825105f,1307,0x49f5b5827f834a8a5aa8abbf7d4b63cafa25245b,0.0,0.0,9994.048221,0,1,1709160803
2024-02-22,0xf89042057d079debe2a65a1a899e48e0e825105f,1362,0x450cf20323733ea1ba31357cc129bd7da188cc68,0.0,0.0,9651.337407,0,1,1709082267
2024-02-22,0xf89042057d079debe2a65a1a899e48e0e825105f,1364,0xc62f2483eed109d42c78147ea618d858578103d8,0.0,9903.675527,19780.834735,1,2,1709082825
2024-02-22,0xf89042057d079debe2a65a1a899e48e0e825105f,1379,0xc6537969b03cbc712a2d9ec4d89917c4a310591f,0.0,0.0,8623.948349,0,1,1708960157
2024-02-22,0xf89042057d079debe2a65a1a899e48e0e825105f,1382,0x5a00e8683f37e8b08c744054a0ef606a18b1aef7,0.0,0.0,8637.628412,0,1,1709148989
2024-02-22,0xf89042057d079debe2a65a1a899e48e0e825105f,1452,0xc1e8a62e3c7cbc093fe83298989dfa41f7a915bc,0.0,0.0,7764.62225,0,1,1709117819
2024-02-22,0xf89042057d079debe2a65a1a899e48e0e825105f,1491,0xd608fb109124da6d3e8eca45d789ecaf8641ea77,0.0,0.0,1872.285867,0,1,1709131439
2024-02-22,0xf89042057d079debe2a65a1a899e48e0e825105f,1511,0x4f321ad6ddc21ebcf9ee7213d2b41895196b6a9b,0.0,0.0,1828.164002,0,1,1709131533
2024-02-22,0xf89042057d079debe2a65a1a899e48e0e825105f,1547,0x40db8365d1252bcb06598927698238a99d39228e,0.0,0.0,7834.105311,0,1,1709147333
2024-02-22,0xf89042057d079debe2a65a1a899e48e0e825105f,1553,0x69cd1c2e13113c09a22ff98cbd2db3f682f716b4,0.0,0.0,7016.499567,0,1,1709008343
2024-02-22,0xf89042057d079debe2a65a1a899e48e0e825105f,1570,0x0be7b271ba03874ad78d712246066c20c81693d3,1176.413013,1176.413013,1176.413013,1,1,1708573889
2024-02-22,0xf89042057d079debe2a65a1a899e48e0e825105f,1761,0x797bc498edee4357a16a1054db0323cbd04c84c3,0.0,0.0,2728.91236,0,1,1709154747
2024-02-22,0xf89042057d079debe2a65a1a899e48e0e825105f,1766,0xd9105bfe2f1448acad670d102263389f7e2a8e0b,0.0,0.0,1087.380462,0,1,1709155843
2024-02-22,0xf89042057d079debe2a65a1a899e48e0e825105f,1840,0x20a75d13cc7e7bde1534252f06a4578de8d70953,491.153023,491.153023,491.153023,1,1,1709160677
2024-02-22,0xf89042057d079debe2a65a1a899e48e0e825105f,1887,0x77337dfe579a03a07a475870db443d65127f0769,0.0,0.0,4741.666491,0,1,1709128321
2024-02-22,0xf89042057d079debe2a65a1a899e48e0e825105f,1916,0xc12ffe2735301127089465e5b0639e6b51725ec5,0.0,0.0,5730.419136,0,1,1709155673
2024-02-22,0xf89042057d079debe2a65a1a899e48e0e825105f,1938,0x58603461149fc2a800a56d421e77dcbba2d83ca8,0.0,0.0,4523.662633,0,1,1709137081
2024-02-22,0xf89042057d079debe2a65a1a899e48e0e825105f,2001,0x8e1378c5c12b3207edef52204a1c81c170818e62,0.0,0.0,14689.705731,0,1,1709155325
2024-02-22,0xf89042057d079debe2a65a1a899e48e0e825105f,2025,0xbac17eadc8c1cb94e59fa54f7e988b09f5ec58fe,0.0,0.0,5647.723048,0,1,1709154355
2024-02-22,0xf89042057d079debe2a65a1a899e48e0e825105f,2026,0x51cfa61222807b1b9b00f92e21f0bded7796e9a9,4282.001322,4282.001322,4266.543132,1,1,1709134737
2024-02-22,0xf89042057d079debe2a65a1a899e48e0e825105f,2225,0x9b6ad3558ea4dd6af9d1bc3cfdbd20c1d599c840,3782.794597,3782.794597,3782.794597,1,1,1708649975
2024-02-22,0xf89042057d079debe2a65a1a899e48e0e825105f,2362,0xbaa9b493bccbe1a900b39870980f41356f85822a,0.0,0.0,6493.082328,0,1,1709150013
2024-02-22,0xf89042057d079debe2a65a1a899e48e0e825105f,2447,0xdf90bc63d773e674e0ce2488dbf173cdc3622796,0.0,0.0,844.426377,0,1,1709116091
2024-02-22,0xf89042057d079debe2a65a1a899e48e0e825105f,2525,0x8170f9304373dc5eb1cb91cd1edf878769c69b3c,0.0,0.0,3255.295326,0,1,1709076867
2024-02-22,0xf89042057d079debe2a65a1a899e48e0e825105f,2527,0x980b32a10d21105a925dec09f42f92ddfe0fe6fa,0.0,0.0,3252.19786,0,1,1709044487
2024-02-22,0xf89042057d079debe2a65a1a899e48e0e825105f,2541,0xcb284f3bf78737c4fe5a9db1e3633130c10fa7b1,0.0,0.0,3229.774009,0,1,1709092711
2024-02-22,0xf89042057d079debe2a65a1a899e48e0e825105f,2609,0xaef1889d58677805399c6f8326c11d159b09caf2,0.0,0.0,3146.941904,0,1,1709084619
2024-02-22,0xf89042057d079debe2a65a1a899e48e0e825105f,2772,0x15b746e7c8ddee0f857772a70275ffa326072b02,0.0,0.0,2761.460187,0,1,1709032557
2024-02-22,0xf89042057d079debe2a65a1a899e48e0e825105f,2902,0xf84368dcc03dbd47a6567b7267f573c28b2f07fa,468.60079,468.60079,468.60079,1,1,1709157027
2024-02-22,0xf89042057d079debe2a65a1a899e48e0e825105f,2940,0xea2ffaa47fbdd4c5e6a6d37ee372f9c3ce539065,2134.993401,2134.993401,2134.993401,1,1,1708919923
2024-02-22,0xf89042057d079debe2a65a1a899e48e0e825105f,3085,0x0c470f23b09847fc99e20b63aa9b0c3db13bacf7,0.0,0.0,3165.100298,0,1,1708740661
2024-02-22,0xf89042057d079debe2a65a1a899e48e0e825105f,3400,0x1e51745bdb4436563097833ba83dcc51109d9fa8,718.259064,718.259064,359.129532,1,1,1709156987
2024-02-22,0xf89042057d079debe2a65a1a899e48e0e825105f,3416,0x0737467164f8bb1ef64f006612edb6035aea6efb,0.0,0.0,353.061837,0,1,1709039013
2024-02-22,0xf89042057d079debe2a65a1a899e48e0e825105f,3418,0xa6e2df09d9a7bea5ddca479a1a59e3195583cfa6,0.0,0.0,1440.338643,0,1,1709098107
2024-02-22,0xf89042057d079debe2a65a1a899e48e0e825105f,3433,0x7497b333895c64a56924b293e68a6468963f2a7e,0.0,0.0,707.350281,0,1,1708876947
2024-02-22,0xf89042057d079debe2a65a1a899e48e0e825105f,3668,0xd3744b27813f2456ff3ddf78214bf57735d5f1a1,0.0,0.0,1091.034831,0,1,1708754153
2024-02-22,0xf89042057d079debe2a65a1a899e48e0e825105f,3756,0x160cf6551ee3d910f673af762d5a2f1bd4855be1,278.072513,278.072513,0.0,1,0,1709107157
2024-02-22,0xf89042057d079debe2a65a1a899e48e0e825105f,3813,0xce797b56f9637aaf4058c38093949aafbf48ef57,1041.617059,1041.617059,1037.856781,1,1,1708966309
2024-02-22,0xf89042057d079debe2a65a1a899e48e0e825105f,3843,0xb230628e4855da9f6c2a34b6dae57532a08f5851,0.0,0.0,238.996985,0,1,1709059155
2024-02-22,0xf89042057d079debe2a65a1a899e48e0e825105f,4011,0x6322872f335dde0d4b44537f69fbae74bbed39de,0.0,0.0,82.260276,0,1,1708754505
2024-02-22,0xf89042057d079debe2a65a1a899e48e0e825105f,4024,0xfed7772aefda63fc29dfb785ec85312f6fa97982,0.0,0.0,811.236444,0,1,1709101681
2024-02-22,0xf89042057d079debe2a65a1a899e48e0e825105f,4604,0xdd97c44cff55f39516a928ff8aa90695742e604e,0.0,0.0,486.190245,0,1,1709157665
2024-02-22,0xf89042057d079debe2a65a1a899e48e0e825105f,4946,0xb6c8cabc2150083261d541a3011a658a36ca55b9,0.0,0.0,406.641037,0,1,1709088671
2024-02-22,0xf89042057d079debe2a65a1a899e48e0e825105f,5144,0x0185c555216bbd14f138a92730682a8e9fbc9e00,0.0,0.0,399.115108,0,1,1709158891
2024-02-22,0xf89042057d079debe2a65a1a899e48e0e825105f,5381,0x5600ff522af4782dee24727a306e13c6d810dc3c,0.0,0.0,385.393879,0,1,1709120891
2024-02-22,0xf89042057d079debe2a65a1a899e48e0e825105f,5432,0x4a40eb870dcf533d4dc097c3d87aafe9f64490a1,0.0,0.0,382.780705,0,1,1708667575
2024-02-22,0xf89042057d079debe2a65a1a899e48e0e825105f,6169,0xe172bd02f842e98183cdbb8294bf23f625588d9e,0.0,0.0,356.201853,0,1,1708623411
2024-02-22,0xf89042057d079debe2a65a1a899e48e0e825105f,6185,0x25aaa2e93586bf6f09e5666c20833a0c0cab6d8a,0.0,0.0,357.380498,0,1,1709075587
2024-02-22,0xf89042057d079debe2a65a1a899e48e0e825105f,6518,0x5da68351bd082abda73e42ac981db51d9364fe69,6.72019,6.72019,56.028436,1,1,1708620155
2024-02-22,0xf89042057d079debe2a65a1a899e48e0e825105f,7205,0x72d320a6f03249bd60fb3f1a0ca95daecbd9ca61,0.0,0.0,151.303177,0,1,1708780321
2024-02-22,0xf89042057d079debe2a65a1a899e48e0e825105f,7378,0x91817a270fb9f03e00918fae83b3fe718c1426e8,0.0,0.0,1715.658662,0,1,1708884769
2024-02-22,0xf89042057d079debe2a65a1a899e48e0e825105f,7646,0xb2bad852361ecb092956460682040723fc12abe2,983891.520374,983891.520374,808983.873515,1,1,1709151719
2024-02-22,0xf89042057d079debe2a65a1a899e48e0e825105f,7821,0xf256208dd9a484df9d93bac78f8fcc05f687a920,0.0,0.0,19.158883,0,1,1709135873
2024-02-22,0xf89042057d079debe2a65a1a899e48e0e825105f,7830,0xbcf0cb5dd3fd148b6b3ddb356ea204756a3deced,0.0,0.0,18.147982,0,1,1709134333
2024-02-22,0xf89042057d079debe2a65a1a899e48e0e825105f,7856,0xaf26e9e6dcc5b14b93c7b9b0f98b24108fab5818,0.0,0.0,18.452133,0,1,1709134007
2024-02-22,0xf89042057d079debe2a65a1a899e48e0e825105f,7993,0xd35fc346e15ba5b446917c9fd23a9471d6144701,10014.162788,10014.162788,10014.162788,1,1,1708583567
2024-02-22,0xf89042057d079debe2a65a1a899e48e0e825105f,8355,0x1594b251df6b70ca9a01d4de0836ab4fd9811241,0.0,0.0,266184.75825,0,1,1709149137
2024-02-22,0xf89042057d079debe2a65a1a899e48e0e825105f,8404,0x5d4d3fae4d0282fd8a558b5f42ba700974cbfd1a,43480.792032,43480.792032,43480.792032,1,1,1709147681
2024-02-22,0xf89042057d079debe2a65a1a899e48e0e825105f,8466,0xd35fc346e15ba5b446917c9fd23a9471d6144701,10002.357085,10002.357085,10002.357085,1,1,1708583593
2024-02-22,0xf89042057d079debe2a65a1a899e48e0e825105f,8485,0xfdbbfb0fe2986672af97eca0e797d76a0bbf35c9,0.0,0.0,513153.066547,0,1,1709160675
2024-02-22,0xf89042057d079debe2a65a1a899e48e0e825105f,8635,0x79b61a8c74a9441f8b6017a0f21093b141c0edd0,1010.243294,1010.243294,1013.174732,1,1,1708686693
2024-02-22,0xf89042057d079debe2a65a1a899e48e0e825105f,8680,0x61efc911eeef849147d696efab2fbd8717bef9e9,0.0,0.0,498.667627,0,1,1709158315
2024-02-22,0xf89042057d079debe2a65a1a899e48e0e825105f,8942,0x72d320a6f03249bd60fb3f1a0ca95daecbd9ca61,17.702367,17.702367,35.577265,1,1,1708780711
2024-02-22,0xf89042057d079debe2a65a1a899e48e0e825105f,9238,0xd35fc346e15ba5b446917c9fd23a9471d6144701,1640.16,1640.16,1640.16,1,1,1708583619
2024-02-22,0xf89042057d079debe2a65a1a899e48e0e825105f,9262,0xd69334db1e0858da4ec72c9ed14c4319c5761c3f,0.0,0.0,4239.701741,0,1,1709157645
2024-02-22,0xf89042057d079debe2a65a1a899e48e0e825105f,9325,0x1594b251df6b70ca9a01d4de0836ab4fd9811241,0.0,0.0,215570.741948,0,1,1709149161
2024-02-22,0xf89042057d079debe2a65a1a899e48e0e825105f,9643,0x72d320a6f03249bd60fb3f1a0ca95daecbd9ca61,0.0,0.0,93.846171,0,1,1708780367
2024-02-22,0xf89042057d079debe2a65a1a899e48e0e825105f,9972,0x8bace3a49a375027868cdd34e84521eed1f1b01d,194689.654123,194689.654123,193986.182679,1,1,1709155123
2024-02-22,0xf89042057d079debe2a65a1a899e48e0e825105f,9974,0x1594b251df6b70ca9a01d4de0836ab4fd9811241,0.0,0.0,161242.379555,0,1,1709149185
2024-02-22,0xf89042057d079debe2a65a1a899e48e0e825105f,10038,0x1f67dfd96a85180051ede7d5c74a5e17878a3e7f,0.0,0.0,11890.854156,0,1,1709082989
2024-02-22,0xf89042057d079debe2a65a1a899e48e0e825105f,10040,0x64878672b3fc544db57b043eb651e13f1cb8c4ed,0.0,0.0,10755.26243,0,1,1709081837
2024-02-22,0xf89042057d079debe2a65a1a899e48e0e825105f,10042,0xde1fa11188571b887901f62efa0291ce47e509ba,0.0,0.0,10282.455225,0,1,1709083717
2024-02-22,0xf89042057d079debe2a65a1a899e48e0e825105f,10092,0x2a36b16a31e28098572ef981ec551384487c944e,0.0,0.0,2501.711273,0,1,1709155359
2024-02-22,0xf89042057d079debe2a65a1a899e48e0e825105f,10230,0x79b61a8c74a9441f8b6017a0f21093b141c0edd0,163.386797,163.386797,165.393588,1,1,1708686701
2024-02-22,0xf89042057d079debe2a65a1a899e48e0e825105f,10294,0x48a6a8d403a58eccc70d4d57347f801d4e182564,0.0,0.0,8022176.740947,0,1,1709146349
2024-02-22,0xf89042057d079debe2a65a1a899e48e0e825105f,10295,0xc875b3dae5b0c371bc8cf9ded64868b78ac47587,2168264.277258,2168264.277258,2006768.536653,1,1,1709162281
2024-02-22,0xf89042057d079debe2a65a1a899e48e0e825105f,10296,0x03c70563e94de5de56c11a0cc4ce3482f592854f,5663465.217348,5663465.217348,5241641.402208,1,1,1709162329
2024-02-22,0xf89042057d079debe2a65a1a899e48e0e825105f,10298,0xc9814f18a8751214f719de15c54d01b3d78ef14f,1959094.106992,244763708.84071,244569201.240109,134,134,1709162249
2024-02-22,0xf89042057d079debe2a65a1a899e48e0e825105f,10367,0x46f3cc6a1c00a5cd8864d2b92f128196cae07d15,0.0,0.0,389.461247,0,1,1709025499
2024-02-22,0xf89042057d079debe2a65a1a899e48e0e825105f,10471,0x1594b251df6b70ca9a01d4de0836ab4fd9811241,0.0,0.0,5404.612817,0,1,1709149211
2024-02-22,0xf89042057d079debe2a65a1a899e48e0e825105f,10543,0x73edcd0f5cf8df7a3e1d11ef5d696c266d996f9d,0.0,0.0,7994.890398,0,1,1709149917
2024-02-22,0xf89042057d079debe2a65a1a899e48e0e825105f,10604,0x70868f0fe4c17392eced8734be8bda110095d1cd,123.49669,123.49669,129.30389,1,1,1709157945
2024-02-22,0xf89042057d079debe2a65a1a899e48e0e825105f,10688,0x79b61a8c74a9441f8b6017a0f21093b141c0edd0,242.718227,242.718227,244.584885,1,1,1708686711
2024-02-22,0xf89042057d079debe2a65a1a899e48e0e825105f,11052,0x7e2400626811b1cae987c41139c39830f4b2ba9a,376.897951,376.897951,0.0,1,0,1709101787
2024-02-22,0xf89042057d079debe2a65a1a899e48e0e825105f,11126,0xedb61a92de9d08874bdf2a9d1fdf8df9f111bf7d,57.85871,57.85871,62.992655,1,1,1708694089
2024-02-22,0xf89042057d079debe2a65a1a899e48e0e825105f,11433,0xbbafc0bc7e6c9bc0ec2c3924c0db2b96a260c8ed,4129.435323,4129.435323,4129.438093,1,1,1709139655
2024-02-22,0xf89042057d079debe2a65a1a899e48e0e825105f,11654,0x6c168e4fdc09b0008d95cb1e72f0c75ab93aa858,0.0,0.0,3.279218,0,1,1708568831
2024-02-22,0xf89042057d079debe2a65a1a899e48e0e825105f,11736,0x2b06b99b35e2cc63d51ccb560f712c1dd9c96a82,140.783792,1681.676087,2926.110583,3,3,1709111563
2024-02-22,0xf89042057d079debe2a65a1a899e48e0e825105f,11785,0x48a881c6c2ff0c962d017b2c4fb9701afbe3c5f4,993.29105,993.29105,995.567174,1,1,1708906303
2024-02-22,0xf89042057d079debe2a65a1a899e48e0e825105f,11963,0x38332d808ba345953f41c71d38ca1ef79cffa5c5,0.0,0.0,843.16377,0,1,1709156067
2024-02-22,0xf89042057d079debe2a65a1a899e48e0e825105f,12015,0x8e1378c5c12b3207edef52204a1c81c170818e62,0.0,0.0,5967.905457,0,1,1709155295
2024-02-22,0xf89042057d079debe2a65a1a899e48e0e825105f,12158,0x28878aec6b4209d90a40890183e3322f0ae5b2e2,0.0,0.0,41796.0,0,1,1708629979
2024-02-22,0xf89042057d079debe2a65a1a899e48e0e825105f,12201,0x5acec9f0830d5654764b09692cbfd2f52a32505f,2.291985,2.291985,0.0,1,0,1708692799
2024-02-22,0xf89042057d079debe2a65a1a899e48e0e825105f,12221,0x525ef496ac790dc37829f2d6d9d026ca8aca00e4,2.827612,2.827612,0.0,1,0,1708760551
2024-02-22,0xf89042057d079debe2a65a1a899e48e0e825105f,12223,0xf87350a137bf2bcd44fd40c8b822200dd928acb3,0.216604,0.216604,0.0,1,0,1708761115
2024-02-22,0xf89042057d079debe2a65a1a899e48e0e825105f,12224,0x40e5383a4439f9e896e090f18de98b399467d128,1.896366,1.896366,0.0,1,0,1708761229
2024-02-22,0xf89042057d079debe2a65a1a899e48e0e825105f,12225,0x98cec3803d0239bf9c82dc50fef0fc9bf5787392,3.09571,3.09571,0.0,1,0,1708761507
2024-02-22,0xf89042057d079debe2a65a1a899e48e0e825105f,12227,0x319fa60c799ef477f9909e9d3103dbd002ad8e89,6.142748,6.142748,0.0,1,0,1708762557
2024-02-22,0xf89042057d079debe2a65a1a899e48e0e825105f,12275,0x7015ca8433f4d5bb5eeda56d664cf1e2adfc319f,0.794204,0.794204,0.0,1,0,1708866375
2024-02-22,0xf89042057d079debe2a65a1a899e48e0e825105f,12283,0x6e307c83560f51c63b53f79dce4c3122b748e4f6,1.835164,1.835164,0.0,1,0,1708894643
2024-02-22,0xf89042057d079debe2a65a1a899e48e0e825105f,12324,0x1593c9ab842c36a926ae39cb2173731f9362e8fd,16.920529,16.920529,0.0,1,0,1709013847
2024-02-22,0xf89042057d079debe2a65a1a899e48e0e825105f,12367,0xe3d293582c5553d681ac953b4b0bf63a1f987464,0.5443,0.5443,0.0,1,0,1709062497
2024-02-22,0xf91e0dfe1265b914182de54e08c9ca2068beddde,47,0x011b0a055e02425461a1ae95b30f483c4ff05be7,627104.552885,627104.552885,250517.296524,1,1,1709155381
2024-02-22,0xf91e0dfe1265b914182de54e08c9ca2068beddde,49,0xd062ab63bb4f7af7e59b85defc3c90bfa9b81e6e,3187416.80491,3187416.80491,0.0,1,0,1709023599
2024-02-22,0xf91e0dfe1265b914182de54e08c9ca2068beddde,52,0x28878aec6b4209d90a40890183e3322f0ae5b2e2,275696.92449,275696.92449,275194.174672,1,1,1709154645
2024-02-22,0xf91e0dfe1265b914182de54e08c9ca2068beddde,56,0x48a5a6a01ba89cddf97d2d552923d5a11401ed19,0.0,0.0,202542.830478,0,1,1709161045
2024-02-22,0xf91e0dfe1265b914182de54e08c9ca2068beddde,70,0xcc05670640d43bec38f48e4aaaf88df5b6e59c20,0.0,0.0,679956.073942,0,1,1709061573
2024-02-22,0xf91e0dfe1265b914182de54e08c9ca2068beddde,80,0x34f543a73dcb1a4bcbae71e5dd41fcc1b5c17bf7,419104.579048,419104.579048,419104.579048,1,1,1709002743
2024-02-22,0xf91e0dfe1265b914182de54e08c9ca2068beddde,99,0xa48cd684ded1eee3de13e052bbdcfed59558a1ca,1642614.065314,1642614.065314,0.0,1,0,1709143681
2024-02-22,0xf91e0dfe1265b914182de54e08c9ca2068beddde,100,0x133d93566f9699b3af46fe150daa8a67a9563ed6,595780.00026,595780.00026,0.0,1,0,1709070101
2024-02-22,0xf91e0dfe1265b914182de54e08c9ca2068beddde,103,0x1c2ed7a6c4e3c1146103fa222181115a72243a06,55888.905427,55888.905427,55786.988668,1,1,1709160853
2024-02-22,0xf91e0dfe1265b914182de54e08c9ca2068beddde,106,0x615e5022252b31af496574f00d5519c5d93261ab,0.0,0.0,160081.917469,0,1,1709148517
2024-02-22,0xf91e0dfe1265b914182de54e08c9ca2068beddde,110,0x05e09d942505764bca4475abf8efdbc21d1c535b,120333.65958,120333.65958,0.0,1,0,1709153925
2024-02-22,0xf91e0dfe1265b914182de54e08c9ca2068beddde,114,0x611b0c1ed942b833c786c53883a4aa37a25602a6,95338.837599,95338.837599,71373.736148,1,1,1709131963
2024-02-22,0xf91e0dfe1265b914182de54e08c9ca2068beddde,117,0xdb2b9d473014d8c6a5e55da92205199457ba6624,506222.243361,506222.243361,252369.501353,1,1,1709028739
2024-02-22,0xf91e0dfe1265b914182de54e08c9ca2068beddde,126,0xf5a93410e7e32bbf28a8eaafbd7f241cf0b290fb,0.0,0.0,423486.861998,0,1,1709130881
2024-02-22,0xf91e0dfe1265b914182de54e08c9ca2068beddde,147,0xe3f0254b09aec48ffa46f9eee5a3bc7a8e510e6d,85151.18958,85151.18958,0.0,1,0,1709148429
2024-02-22,0xf91e0dfe1265b914182de54e08c9ca2068beddde,151,0x5275817b74021e97c980e95ede6bbac0d0d6f3a2,83962.546268,83962.546268,0.0,1,0,1709065975
2024-02-22,0xf91e0dfe1265b914182de54e08c9ca2068beddde,166,0x39d12116298f3b2b55e53e7b99c0bf47041761df,277667.526741,277667.526741,0.0,1,0,1709035733
2024-02-22,0xf91e0dfe1265b914182de54e08c9ca2068beddde,174,0x83bad39f067ef72e354f2ea9d318eaad381a7f15,69311.387906,69311.387906,69311.387906,1,1,1709131909
2024-02-22,0xf91e0dfe1265b914182de54e08c9ca2068beddde,185,0x5952bab55191f8a815ccd8ba4945f7a09ef5def7,0.0,0.0,713337.958182,0,1,1709133479
2024-02-22,0xf91e0dfe1265b914182de54e08c9ca2068beddde,189,0x549200c7cc0a789163db1bb80c4c4350afb897db,217734.839043,217734.839043,0.0,1,0,1708991179
2024-02-22,0xf91e0dfe1265b914182de54e08c9ca2068beddde,230,0x961870e8aa20dd1a6a5833d0854a6a5c4ad77ec0,160959.799584,160959.799584,0.0,1,0,1709041183
2024-02-22,0xf91e0dfe1265b914182de54e08c9ca2068beddde,238,0xb6f28ae8f31d85dc27361852b986286113bc588d,42376.011529,42376.011529,42298.736339,1,1,1709157047
2024-02-22,0xf91e0dfe1265b914182de54e08c9ca2068beddde,275,0xa810ffea2709c116ef180d090c142fc5e08586a7,32615.749835,32615.749835,0.0,1,0,1709152385
2024-02-22,0xf91e0dfe1265b914182de54e08c9ca2068beddde,289,0x95b05f935655c37ada2088c5767e5006f230b068,11670.164205,11670.164205,0.0,1,0,1709153629
2024-02-22,0xf91e0dfe1265b914182de54e08c9ca2068beddde,304,0xbbb33d2e7bd7ddc722e53da9ca8ee97df41cfabf,108364.065235,108364.065235,27041.614222,1,1,1709014917
2024-02-22,0xf91e0dfe1265b914182de54e08c9ca2068beddde,350,0x38332d808ba345953f41c71d38ca1ef79cffa5c5,18028.312037,18028.312037,0.0,1,0,1709155993
2024-02-22,0xf91e0dfe1265b914182de54e08c9ca2068beddde,352,0xcdedcee9c46284667997eb4d29f8427b696da3df,42138.183914,42138.183914,0.0,1,0,1709149623
2024-02-22,0xf91e0dfe1265b914182de54e08c9ca2068beddde,364,0xe7b27bd74f522afa05732ba82b2f46a38d4be098,39649.481397,39649.481397,39577.178198,1,1,1709129203
2024-02-22,0xf91e0dfe1265b914182de54e08c9ca2068beddde,370,0x02ef8147e2d0997cca48d99f01bad846d16558fa,0.0,0.0,181296.901581,0,1,1709057753
2024-02-22,0xf91e0dfe1265b914182de54e08c9ca2068beddde,371,0x84572c31acdd30c03982e27b809d30b1efbcd8f2,0.0,0.0,85729.082666,0,1,1708631945
2024-02-22,0xf91e0dfe1265b914182de54e08c9ca2068beddde,403,0xc3193e39f77c2ed59045cfffcdcacdda72f29987,33031.890854,33031.890854,0.0,1,0,1709013619
2024-02-22,0xf91e0dfe1265b914182de54e08c9ca2068beddde,405,0x2f707265e61300e8290c18e38ebcbd129fb0b0f5,154309.507724,154309.507724,0.0,1,0,1709131981
2024-02-22,0xf91e0dfe1265b914182de54e08c9ca2068beddde,420,0x8cc1547f2aebbbaa9466310355110427449a937f,61743.371762,61743.371762,0.0,1,0,1709150801
2024-02-22,0xf91e0dfe1265b914182de54e08c9ca2068beddde,422,0xa8e32be4ca13b271673f8b01f1eeacfde66fa413,0.0,0.0,60361.752508,0,1,1709058865
2024-02-22,0xf91e0dfe1265b914182de54e08c9ca2068beddde,427,0x0dda3228b0729bfe7698988a669b81d4a306a8ea,0.0,0.0,59808.032351,0,1,1709136533
2024-02-22,0xf91e0dfe1265b914182de54e08c9ca2068beddde,437,0xbae3b46e29e7cfd2bba8164765d592ce9802ec70,16855.432453,16855.432453,16794.528778,1,1,1709155711
2024-02-22,0xf91e0dfe1265b914182de54e08c9ca2068beddde,477,0x4c55adf88fe327befba5dd15000b039b818f365f,0.0,0.0,48225.515042,0,1,1709113673
2024-02-22,0xf91e0dfe1265b914182de54e08c9ca2068beddde,483,0x8f009a96f45514c31ee806fba7c4bfb842ff497e,0.0,0.0,47390.578016,0,1,1709115687
2024-02-22,0xf91e0dfe1265b914182de54e08c9ca2068beddde,487,0xf3fc9208014ab619fb4b4a9fd00efe5994a6c153,0.0,0.0,46609.025284,0,1,1709157475
2024-02-22,0xf91e0dfe1265b914182de54e08c9ca2068beddde,497,0xc5be928c3d096969842a3524a3bfcff051d7d68e,0.0,0.0,45463.301631,0,1,1709155233
2024-02-22,0xf91e0dfe1265b914182de54e08c9ca2068beddde,509,0x34223719d75cbc336b77ccd8af6b9342bd6af1cb,11513.50036,11513.50036,0.0,1,0,1709079679
2024-02-22,0xf91e0dfe1265b914182de54e08c9ca2068beddde,512,0x3b1b211b3fce0d1ee9f5e1afeecadeb98378d0b0,10927.484415,10927.484415,0.0,1,0,1709105263
2024-02-22,0xf91e0dfe1265b914182de54e08c9ca2068beddde,520,0xfba381fb57d1f1efdc12661e5be59425e545e649,64482.395138,64482.395138,0.0,1,0,1709010909
2024-02-22,0xf91e0dfe1265b914182de54e08c9ca2068beddde,523,0xde93a283495fa2834047b53871a8e4e09f96d841,11947.036483,11947.036483,0.0,1,0,1709156219
2024-02-22,0xf91e0dfe1265b914182de54e08c9ca2068beddde,531,0x44a088e784f2a7936c67d772f9e06df5093663bf,0.0,0.0,45577.647033,0,1,1709139149
2024-02-22,0xf91e0dfe1265b914182de54e08c9ca2068beddde,536,0xf6ed81d5e9f61dd1ea21e96ae1d660ecc388ae4f,12371.057782,12371.057782,12371.057782,1,1,1709150303
2024-02-22,0xf91e0dfe1265b914182de54e08c9ca2068beddde,544,0x16b00db74167b7469dda63b674ca9a3b1b70c439,0.0,0.0,15706.223672,0,1,1709149301
2024-02-22,0xf91e0dfe1265b914182de54e08c9ca2068beddde,565,0x9e32643153bb21a77a5a757d6c51a01aebea0fa7,43658.656269,43658.656269,0.0,1,0,1709041691
2024-02-22,0xf91e0dfe1265b914182de54e08c9ca2068beddde,577,0xc2c5cae84ebde7e29c9f8c6331d2e9b8137a84e1,0.0,0.0,35984.994045,0,1,1709132435
2024-02-22,0xf91e0dfe1265b914182de54e08c9ca2068beddde,642,0xf1b0e78a2bc422df50ec9ee4c324895c9b79f80a,0.0,0.0,41919.288943,0,1,1708760957
2024-02-22,0xf91e0dfe1265b914182de54e08c9ca2068beddde,665,0x49e6f2d934077995cf4b24701fa5ae7f7b5e82e5,0.0,0.0,31531.354446,0,1,1708895823
2024-02-22,0xf91e0dfe1265b914182de54e08c9ca2068beddde,674,0xf076823122f106c2b7f21cbaacd1c9db1ce4cf27,12633.238795,12633.238795,16430.551922,1,1,1709127357
2024-02-22,0xf91e0dfe1265b914182de54e08c9ca2068beddde,684,0x2a23d0650db1c536e71aeb63ecd3daa0b52e66e1,0.0,0.0,102264.222297,0,1,1709121505
2024-02-22,0xf91e0dfe1265b914182de54e08c9ca2068beddde,753,0xee57d8989170370a6f88b2f99395b81204117bf2,5359.837859,5359.837859,4012.547906,1,1,1709148759
2024-02-22,0xf91e0dfe1265b914182de54e08c9ca2068beddde,755,0x5a4e672e859efceea0f74cf177822c4539f26741,24817.960844,24817.960844,0.0,1,0,1709149185
2024-02-22,0xf91e0dfe1265b914182de54e08c9ca2068beddde,789,0x0e156bf3a5326322f7fee3d336fcf63d00641c6e,0.0,0.0,21694.457487,0,1,1709073781
2024-02-22,0xf91e0dfe1265b914182de54e08c9ca2068beddde,810,0x609470c2f08ff626078ba64ceb905d73b155089d,0.0,0.0,21878.032024,0,1,1709137747
2024-02-22,0xf91e0dfe1265b914182de54e08c9ca2068beddde,842,0x58bcf1ac25551dd4eb790f2ef68c1857dcd67d9b,0.0,0.0,5238.990306,0,1,1709159739
2024-02-22,0xf91e0dfe1265b914182de54e08c9ca2068beddde,859,0x0db56c99b8ad68f35f4b1772a4ffed3fb16204f6,0.0,0.0,19566.772313,0,1,1708802475
2024-02-22,0xf91e0dfe1265b914182de54e08c9ca2068beddde,867,0xa1a7aec61de1b80efe2dfe0ed8bb4243274ce67a,36193.000684,36193.000684,0.0,1,0,1709128937
2024-02-22,0xf91e0dfe1265b914182de54e08c9ca2068beddde,879,0x34ff77a853a14579d2120ac08c5e342cee08ad71,4725.931324,4725.931324,0.0,1,0,1709160485
2024-02-22,0xf91e0dfe1265b914182de54e08c9ca2068beddde,894,0x4fca7ea8770ea56d3e5eb1ce0f35ffe44f198c7d,0.0,0.0,18208.739354,0,1,1709153891
2024-02-22,0xf91e0dfe1265b914182de54e08c9ca2068beddde,936,0xb9878d041806f426ac56e2dcee1239802d1ca696,21921.159308,21921.159308,0.0,1,0,1709015249
2024-02-22,0xf91e0dfe1265b914182de54e08c9ca2068beddde,1006,0x806388e04b7583a0148451a8ecd29a748b8fd584,0.0,0.0,3799.660925,0,1,1708994071
2024-02-22,0xf91e0dfe1265b914182de54e08c9ca2068beddde,1019,0x8a0454b05a952c572619935ed46b6d8d0aa97a76,3630.827026,3630.827026,0.0,1,0,1709061081
2024-02-22,0xf91e0dfe1265b914182de54e08c9ca2068beddde,1155,0x8caaf4cb80ba7cbbbb324066bd03eae3fc98f813,3924.1375,3924.1375,0.0,1,0,1709066991
2024-02-22,0xf91e0dfe1265b914182de54e08c9ca2068beddde,1211,0x1d5faae928712c3db5543dc887c996e06e54cc0b,0.0,0.0,10716.963477,0,1,1709136075
2024-02-22,0xf91e0dfe1265b914182de54e08c9ca2068beddde,1265,0x90c0bf8d71369d21f8addf0da33d21dcb0b1c384,9922.895638,9922.895638,0.0,1,0,1709154337
2024-02-22,0xf91e0dfe1265b914182de54e08c9ca2068beddde,1276,0xef0c7668af2e04bc8cb8dfa321e5f9159f4bafe4,10007.283644,10007.283644,0.0,1,0,1709154819
2024-02-22,0xf91e0dfe1265b914182de54e08c9ca2068beddde,1287,0x2a7051d7cbbef7b6889f8e14774020b1653b94c1,4900.897134,4900.897134,4900.897134,1,1,1709020673
2024-02-22,0xf91e0dfe1265b914182de54e08c9ca2068beddde,1288,0x6059895f7f20cc25c251d4d283f525f7400ce034,24065.227284,24065.227284,0.0,1,0,1709150591
2024-02-22,0xf91e0dfe1265b914182de54e08c9ca2068beddde,1377,0xa4a2ffe1538f429e8d5a21adab35085f680b1a4a,5006.574573,5006.574573,0.0,1,0,1709016031
2024-02-22,0xf91e0dfe1265b914182de54e08c9ca2068beddde,1382,0x5a00e8683f37e8b08c744054a0ef606a18b1aef7,8653.408419,8653.408419,0.0,1,0,1709148989
2024-02-22,0xf91e0dfe1265b914182de54e08c9ca2068beddde,1441,0xc0fa207d207288d727baf8b4f2b3ca93f45da246,4848.442445,4848.442445,4848.442445,1,1,1709033651
2024-02-22,0xf91e0dfe1265b914182de54e08c9ca2068beddde,1455,0x7f44628bd0f7921820107392edad71abddcb17f9,0.0,0.0,8284.866065,0,1,1709043085
2024-02-22,0xf91e0dfe1265b914182de54e08c9ca2068beddde,1521,0xdd84ce1adcb3a4908db61a1dfa3353c3974c5a2b,0.0,0.0,1815.862305,0,1,1709091691
2024-02-22,0xf91e0dfe1265b914182de54e08c9ca2068beddde,1534,0xaf0b68a684e2b7961a0b6078e36f43d6e990e54b,13719.852873,13719.852873,0.0,1,0,1709152689
2024-02-22,0xf91e0dfe1265b914182de54e08c9ca2068beddde,1633,0x2071cd4a6e21cf2743af3dcbb63f755a375913e5,6412.378303,6412.378303,0.0,1,0,1709019753
2024-02-22,0xf91e0dfe1265b914182de54e08c9ca2068beddde,1665,0xc2359d9bd9c65a34ca2bea9a9e5eeff4dcd78d59,148293.103842,148293.103842,0.0,1,0,1709156397
2024-02-22,0xf91e0dfe1265b914182de54e08c9ca2068beddde,1716,0x6a1a3ecd04df0ff2d7cb25584052cdd173fc609b,576.197375,576.197375,0.0,1,0,1709134709
2024-02-22,0xf91e0dfe1265b914182de54e08c9ca2068beddde,1912,0x3e516b6d229bf935f1b6bf4a0c2531ddab48cf1b,3656.029197,3656.029197,3656.029197,1,1,1709147655
2024-02-22,0xf91e0dfe1265b914182de54e08c9ca2068beddde,1988,0x4f69c39fe8e37b0b4d9b439a05f89c25f2c658d3,0.0,0.0,4269.38878,0,1,1708905445
2024-02-22,0xf91e0dfe1265b914182de54e08c9ca2068beddde,2004,0xeb3f3f5b1ec4430451059cb6bddc984f723c037a,4342.395871,4342.395871,4334.477252,1,1,1709062431
2024-02-22,0xf91e0dfe1265b914182de54e08c9ca2068beddde,2015,0x188be73b0a68d20830eec346ee3eaa900f848bfa,8566.101428,8566.101428,0.0,1,0,1708984747
2024-02-22,0xf91e0dfe1265b914182de54e08c9ca2068beddde,2088,0xba90b576573d9b2563d752a30c4cee502c15c371,4138.343568,4138.343568,4130.797051,1,1,1709157197
2024-02-22,0xf91e0dfe1265b914182de54e08c9ca2068beddde,2105,0x4ffd0a59a26cb2aa76d403215e4cc2845c053994,0.0,0.0,4060.765161,0,1,1709159215
2024-02-22,0xf91e0dfe1265b914182de54e08c9ca2068beddde,2235,0x9b4ac5feb3fa9c087906cce730dc1bed34f08514,3751.683976,3751.683976,0.0,1,0,1709015783
2024-02-22,0xf91e0dfe1265b914182de54e08c9ca2068beddde,2307,0x49072cd3bf4153da87d5eb30719bb32bda60884b,0.0,0.0,3632.789221,0,1,1708952103
2024-02-22,0xf91e0dfe1265b914182de54e08c9ca2068beddde,2313,0x3888132606615fc0759853b6ec1107e717d0ae52,0.0,0.0,1209.508388,0,1,1709129589
2024-02-22,0xf91e0dfe1265b914182de54e08c9ca2068beddde,2362,0xbaa9b493bccbe1a900b39870980f41356f85822a,4336.629655,4336.629655,0.0,1,0,1709150013
2024-02-22,0xf91e0dfe1265b914182de54e08c9ca2068beddde,2432,0x23ca480459778bb1d10b93bcf706acf046350b35,3390.715942,3390.715942,0.0,1,0,1709010229
2024-02-22,0xf91e0dfe1265b914182de54e08c9ca2068beddde,2433,0xe326fe653ed62b38acea220cde1820a98e23c213,0.0,0.0,3329.550749,0,1,1708815297
2024-02-22,0xf91e0dfe1265b914182de54e08c9ca2068beddde,2522,0xc693b4ffb338579467a541b2bf267b1955870920,810.639249,810.639249,0.0,1,0,1709160781
2024-02-22,0xf91e0dfe1265b914182de54e08c9ca2068beddde,2543,0xea7799bb4139bc81fb001bd009bba7989fa0dad3,0.0,0.0,3077.663454,0,1,1709073181
2024-02-22,0xf91e0dfe1265b914182de54e08c9ca2068beddde,2601,0x98076110c0d195b468d5776ad89004c5864ffc6d,3167.888741,3167.888741,0.0,1,0,1709121097
2024-02-22,0xf91e0dfe1265b914182de54e08c9ca2068beddde,2634,0x9f36a6bb398118bdcd5b1bc3343d8feb6d7d02b9,0.0,0.0,3048.179319,0,1,1709113137
2024-02-22,0xf91e0dfe1265b914182de54e08c9ca2068beddde,2688,0x9dc2aea18955dd9f898d7ef130e4e166b9800354,5104.960115,5104.960115,2552.480057,1,1,1709068079
2024-02-22,0xf91e0dfe1265b914182de54e08c9ca2068beddde,2721,0x5fb5e55431ad15f6f262a594d3be218acedb9268,2910.686053,2910.686053,0.0,1,0,1709021699
2024-02-22,0xf91e0dfe1265b914182de54e08c9ca2068beddde,2748,0x1f85aa3b8ddda2f94391e196241ad728d24e7f3d,2725.830223,2725.830223,0.0,1,0,1709023089
2024-02-22,0xf91e0dfe1265b914182de54e08c9ca2068beddde,2772,0x15b746e7c8ddee0f857772a70275ffa326072b02,2736.947256,2736.947256,0.0,1,0,1709032557
2024-02-22,0xf91e0dfe1265b914182de54e08c9ca2068beddde,2805,0x55d0cecd3c360098ebfb10a9013d2059c492f930,2559.354564,2559.354564,2497.621856,1,1,1709124767
2024-02-22,0xf91e0dfe1265b914182de54e08c9ca2068beddde,2877,0x6f6cbac3fc494e57da3b53977fa9872c8fc74987,0.0,0.0,2272.639941,0,1,1709096955
2024-02-22,0xf91e0dfe1265b914182de54e08c9ca2068beddde,2882,0x5e9b1a78a998c5370946bc779c285c8396847cbd,2269.381854,2269.381854,0.0,1,0,1709153635
2024-02-22,0xf91e0dfe1265b914182de54e08c9ca2068beddde,2930,0x737ac6eaa3b71ffea9fe166bd996f9122b7db5cb,0.0,0.0,1356.583758,0,1,1709058065
2024-02-22,0xf91e0dfe1265b914182de54e08c9ca2068beddde,2983,0xeba06532a72bec44a1d33130aaa7c45c31e502f6,0.0,0.0,2026.194531,0,1,1709097013
2024-02-22,0xf91e0dfe1265b914182de54e08c9ca2068beddde,2984,0x1348431d99cba389dde4831879e29c0df0c1ebca,0.0,0.0,2025.651501,0,1,1709161023
2024-02-22,0xf91e0dfe1265b914182de54e08c9ca2068beddde,3049,0x24de90e08999faed07011a574104fe57f3465f96,0.0,0.0,1976.065327,0,1,1709031125
2024-02-22,0xf91e0dfe1265b914182de54e08c9ca2068beddde,3079,0x14ab9f431b7d25fcad366ec9511dce38e229745c,0.0,0.0,1831.167786,0,1,1708960363
2024-02-22,0xf91e0dfe1265b914182de54e08c9ca2068beddde,3269,0x60a299bc654ec399373fa377b482321a90220051,1619.427834,1619.427834,0.0,1,0,1709054919
2024-02-22,0xf91e0dfe1265b914182de54e08c9ca2068beddde,3329,0x9213dc91b318f030eeac9085871939c6c7c58089,0.0,0.0,50946.580537,0,1,1708888459
2024-02-22,0xf91e0dfe1265b914182de54e08c9ca2068beddde,3416,0x0737467164f8bb1ef64f006612edb6035aea6efb,353.061837,353.061837,0.0,1,0,1709039013
2024-02-22,0xf91e0dfe1265b914182de54e08c9ca2068beddde,3758,0xe492e921f11d8c42f78e80e9bb9abc75d9c49243,1671.606569,1671.606569,1671.606569,1,1,1709094479
2024-02-22,0xf91e0dfe1265b914182de54e08c9ca2068beddde,3781,0xaf11495f021c5c2c5f5230f40d5d57ebe4059700,29152.544,29152.544,0.0,1,0,1709160339
2024-02-22,0xf91e0dfe1265b914182de54e08c9ca2068beddde,3803,0x13539c39d6fec4c28ab795abc8bfc363e6a79ff3,1126.881397,1126.881397,0.0,1,0,1709017423
2024-02-22,0xf91e0dfe1265b914182de54e08c9ca2068beddde,3840,0xe8de221533f666778d6513a1da0c56e8ef89c72a,489.736309,489.736309,489.736309,1,1,1709124563
2024-02-22,0xf91e0dfe1265b914182de54e08c9ca2068beddde,3854,0x4c1695f54208fb92a8d87add8dbea206b0771872,0.0,0.0,964.072322,0,1,1709100953
2024-02-22,0xf91e0dfe1265b914182de54e08c9ca2068beddde,3927,0x13b4ffd03e9093465c9dfed09227b6232a823a9b,895.559001,895.559001,0.0,1,0,1709010203
2024-02-22,0xf91e0dfe1265b914182de54e08c9ca2068beddde,4185,0xa3b926f6d2bb5507fe711847640ba2086cb11a75,2750.659905,2750.659905,0.0,1,0,1709146781
2024-02-22,0xf91e0dfe1265b914182de54e08c9ca2068beddde,5126,0xf10fd43f5f58128269ed4e312fe56084a18e50b9,6979.416919,6979.416919,0.0,1,0,1709015889
2024-02-22,0xf91e0dfe1265b914182de54e08c9ca2068beddde,5371,0x4c0d9bff934e53cca53d98c187d0f6b29eecfd64,377.60476,377.60476,0.0,1,0,1709010327
2024-02-22,0xf91e0dfe1265b914182de54e08c9ca2068beddde,5686,0xf9a384f1d4af97f86b489791b7a953afc512cd94,0.0,0.0,480.38108,0,1,1708775881
2024-02-22,0xf91e0dfe1265b914182de54e08c9ca2068beddde,5696,0x21efd8ff83d2e290a5738a5a41152bcc08c24706,365.983246,365.983246,0.0,1,0,1709038579
2024-02-22,0xf91e0dfe1265b914182de54e08c9ca2068beddde,6673,0xf39fc42a037365d340595b93048ea198aa5f5e34,0.0,0.0,2856.697159,0,1,1709092925
2024-02-22,0xf91e0dfe1265b914182de54e08c9ca2068beddde,7121,0x011b0a055e02425461a1ae95b30f483c4ff05be7,110312.027432,110312.027432,0.0,1,0,1709155407
2024-02-22,0xf91e0dfe1265b914182de54e08c9ca2068beddde,8356,0x166c794d890dd91bbe71f304eca660e1c4892cbb,130716.241361,130716.241361,0.0,1,0,1709159361
2024-02-22,0xf91e0dfe1265b914182de54e08c9ca2068beddde,8416,0x7b59793ad075e4ce1e35181054759c080b8d965d,624329.072163,624329.072163,0.0,1,0,1709150147
2024-02-22,0xf91e0dfe1265b914182de54e08c9ca2068beddde,8477,0xf10fd43f5f58128269ed4e312fe56084a18e50b9,1343.191119,1343.191119,0.0,1,0,1709015941
2024-02-22,0xf91e0dfe1265b914182de54e08c9ca2068beddde,8589,0x05ed99aafe5bfc33e1636d57e03f55caf0b0e912,7551.206029,7551.206029,0.0,1,0,1709021019
2024-02-22,0xf91e0dfe1265b914182de54e08c9ca2068beddde,9261,0xb6f28ae8f31d85dc27361852b986286113bc588d,2656.632744,2656.632744,5303.576431,1,1,1709157485
2024-02-22,0xf91e0dfe1265b914182de54e08c9ca2068beddde,9305,0x6330849fa00916341d362cbfebe06b19bf8e4162,0.0,0.0,232970.627919,0,1,1709137477
2024-02-22,0xf91e0dfe1265b914182de54e08c9ca2068beddde,9717,0x55996ab2705ffbf8f1f08eb208a8e309f529f554,2.213639,2.213639,0.0,1,0,1709154435
2024-02-22,0xf91e0dfe1265b914182de54e08c9ca2068beddde,10052,0xd1deee713b0404b799f67bfcb64e0647c14bf11f,0.0,0.0,1789.700018,0,1,1708979589
2024-02-22,0xf91e0dfe1265b914182de54e08c9ca2068beddde,10294,0x48a6a8d403a58eccc70d4d57347f801d4e182564,2003653.782419,2003653.782419,3509702.324164,1,1,1709146349
2024-02-22,0xf91e0dfe1265b914182de54e08c9ca2068beddde,10295,0xc875b3dae5b0c371bc8cf9ded64868b78ac47587,342357.517462,342357.517462,111487.140925,1,1,1709162281
2024-02-22,0xf91e0dfe1265b914182de54e08c9ca2068beddde,10296,0x03c70563e94de5de56c11a0cc4ce3482f592854f,894231.350108,894231.350108,291202.300123,1,1,1709162329
2024-02-22,0xf91e0dfe1265b914182de54e08c9ca2068beddde,10298,0xc9814f18a8751214f719de15c54d01b3d78ef14f,309330.648472,13798475.911457,13587177.846673,134,134,1709162249
2024-02-22,0xf91e0dfe1265b914182de54e08c9ca2068beddde,10433,0xf9f7aca75cf438ce22184331a66591a02df3a216,0.0,0.0,366731.176082,0,1,1709140769
2024-02-22,0xf91e0dfe1265b914182de54e08c9ca2068beddde,10482,0xa6e8129d47c647c7edfd5d5c53f04602df7aedcb,18532.817725,18532.817725,0.0,1,0,1709123547
2024-02-22,0xf91e0dfe1265b914182de54e08c9ca2068beddde,10630,0xdaaffba0ab113acbee5c65ecdcccdc60aaf7d110,0.0,0.0,7997.251396,0,1,1709133925
2024-02-22,0xf91e0dfe1265b914182de54e08c9ca2068beddde,10811,0xe742c794bfe6393b9cb5643058d9810ef488e1ac,23878.008086,23878.008086,0.0,1,0,1709132511
2024-02-22,0xf91e0dfe1265b914182de54e08c9ca2068beddde,10818,0xd564e5f05a781f4723d28080eb892f1db3ae1d33,695.841343,695.841343,0.0,1,0,1709028825
2024-02-22,0xf91e0dfe1265b914182de54e08c9ca2068beddde,10906,0xd832dc1b9f66f3ef378a9c21bbeffaae9469be2d,2310.965272,2310.965272,0.0,1,0,1709020867
2024-02-22,0xf91e0dfe1265b914182de54e08c9ca2068beddde,11004,0xdaaffba0ab113acbee5c65ecdcccdc60aaf7d110,0.0,0.0,1340.498709,0,1,1709133931
2024-02-22,0xf91e0dfe1265b914182de54e08c9ca2068beddde,11022,0xea6d4b6962d9c19c62dd391bbf4c5e7a3ac0632a,2215.694234,2215.694234,5928.500754,1,1,1709134589
2024-02-22,0xf91e0dfe1265b914182de54e08c9ca2068beddde,11051,0xdaaffba0ab113acbee5c65ecdcccdc60aaf7d110,0.0,0.0,4574.7582,0,1,1709133937
2024-02-22,0xf91e0dfe1265b914182de54e08c9ca2068beddde,11090,0xea6d4b6962d9c19c62dd391bbf4c5e7a3ac0632a,2549.738594,2549.738594,9780.191763,1,1,1709134605
2024-02-22,0xf91e0dfe1265b914182de54e08c9ca2068beddde,11205,0x0d3ee89a51c1b52a99829846570c170744a06a5a,7.555434,7.555434,0.0,1,0,1709007655
2024-02-22,0xf91e0dfe1265b914182de54e08c9ca2068beddde,11238,0xea6d4b6962d9c19c62dd391bbf4c5e7a3ac0632a,0.0,0.0,946.200932,0,1,1708609551
2024-02-22,0xf91e0dfe1265b914182de54e08c9ca2068beddde,11274,0x9844c3688daaa98de18fbe52499a6b152236896b,0.0,0.0,176098.263029,0,1,1709073295
2024-02-22,0xf91e0dfe1265b914182de54e08c9ca2068beddde,11376,0x8c42138c925d1049ec6b29f1ecf817b1628e54ba,0.0,0.0,393221.264625,0,1,1708958265
2024-02-22,0xf91e0dfe1265b914182de54e08c9ca2068beddde,11410,0x84572c31acdd30c03982e27b809d30b1efbcd8f2,0.0,0.0,3754.928192,0,1,1708632009
2024-02-22,0xf91e0dfe1265b914182de54e08c9ca2068beddde,11642,0xfd2496276bc48d338675488ea528d6c4fcbd1f12,0.0,0.0,1772.002144,0,1,1709134803
2024-02-22,0xf91e0dfe1265b914182de54e08c9ca2068beddde,11660,0x67ef0c53d812b0a5e08adb21cba8e2cbf0a157b1,0.0,0.0,23680.862635,0,1,1708804143
2024-02-22,0xf91e0dfe1265b914182de54e08c9ca2068beddde,11963,0x38332d808ba345953f41c71d38ca1ef79cffa5c5,672.51728,672.51728,0.0,1,0,1709156067
2024-02-22,0xf91e0dfe1265b914182de54e08c9ca2068beddde,12028,0xbd584812c7aaeb901e8424725065cb0716b9264f,7675.936755,7675.936755,0.0,1,0,1709009959
2024-02-22,0xf91e0dfe1265b914182de54e08c9ca2068beddde,12112,0x52dcc21458b8e79d6fd3a7de51d322a602397bbe,0.0,0.0,57825.800353,0,1,1709090143
2024-02-22,0xf91e0dfe1265b914182de54e08c9ca2068beddde,12373,0x67538b6d12c4755cf45c4681c02ead08f9bd6ed3,1.245274,1.245274,0.0,1,0,1709077755
2024-02-22,0xfd8aa87c97d32345bfe4f753acf25729008331c9,1011,0x52d033e64774f31a8b7562806aa5782cbbd29382,130986.588972,130986.588972,130278.518352,1,1,1709133985
2024-02-22,0xfd8aa87c97d32345bfe4f753acf25729008331c9,12136,0x3b8f79458b6d303b47d56734b00cc6941443bd95,12956.0,12956.0,0.0,1,0,1709118839
2024-02-22,0xffa3f8737c39e36dec4300b162c2153c67c8352f,16,0x370880694995aa8a53f71645f7bec3b0e7bb25d9,0.0,0.0,551547.996174,0,1,1709134465
2024-02-22,0xffa3f8737c39e36dec4300b162c2153c67c8352f,47,0x011b0a055e02425461a1ae95b30f483c4ff05be7,0.0,0.0,152835.485943,0,1,1709155381
2024-02-22,0xffa3f8737c39e36dec4300b162c2153c67c8352f,159,0x05391a4b0749c29335024f41552a56cfa6bd3883,0.0,0.0,328058.520013,0,1,1709130059
2024-02-22,0xffa3f8737c39e36dec4300b162c2153c67c8352f,242,0xa0eb44b173af64f2fdb47c7d76ff3a33e04103b6,0.0,0.0,48421.890659,0,1,1709160951
2024-02-22,0xffa3f8737c39e36dec4300b162c2153c67c8352f,504,0xcfba6d63ec822425775d3c509e60ff689c1ae1e7,11883.55695,11883.55695,11861.886573,1,1,1709009489
2024-02-22,0xffa3f8737c39e36dec4300b162c2153c67c8352f,509,0x34223719d75cbc336b77ccd8af6b9342bd6af1cb,0.0,0.0,6848.44912,0,1,1709079679
2024-02-22,0xffa3f8737c39e36dec4300b162c2153c67c8352f,575,0x94587a95917188b338c822de2d1e77074131589f,0.0,0.0,10338.273458,0,1,1708709107
2024-02-22,0xffa3f8737c39e36dec4300b162c2153c67c8352f,1019,0x8a0454b05a952c572619935ed46b6d8d0aa97a76,0.0,0.0,3630.827026,0,1,1709061081
2024-02-22,0xffa3f8737c39e36dec4300b162c2153c67c8352f,1028,0xb6ce18faeb71ac9dca1984a3b2f66860ea90e0ad,0.0,0.0,14374.755298,0,1,1709064651
2024-02-22,0xffa3f8737c39e36dec4300b162c2153c67c8352f,1363,0x43d16ccd581e1d6a8d51768f75ddf09b79f4f856,1322.806143,1322.806143,2200.656544,1,1,1709160245
2024-02-22,0xffa3f8737c39e36dec4300b162c2153c67c8352f,1660,0xaa62cf7caaf0c7e50deaa9d5d0b907472f00b258,3159.194087,3159.194087,1576.716554,1,1,1708665405
2024-02-22,0xffa3f8737c39e36dec4300b162c2153c67c8352f,1903,0x81d98c8fda0410ee3e9d7586cb949cd19fa4cf38,3500.055833,3500.055833,0.0,1,0,1709021233
2024-02-22,0xffa3f8737c39e36dec4300b162c2153c67c8352f,2174,0xcf58445788527655c17f7cae55ca86231a340cd2,0.0,0.0,1171.187077,0,1,1709117961
2024-02-22,0xffa3f8737c39e36dec4300b162c2153c67c8352f,2458,0x9f88ce4eb5fbbdca7d911fa75c6f8fbd95d2bbbc,3364.184189,3364.184189,3364.184189,1,1,1709135961
2024-02-22,0xffa3f8737c39e36dec4300b162c2153c67c8352f,2637,0x72fc2f0cceec498ee01ab302b62cb6f78ac36bee,0.0,0.0,794.197978,0,1,1708598339
2024-02-22,0xffa3f8737c39e36dec4300b162c2153c67c8352f,2688,0x9dc2aea18955dd9f898d7ef130e4e166b9800354,0.0,0.0,2552.480057,0,1,1709068079
2024-02-22,0xffa3f8737c39e36dec4300b162c2153c67c8352f,2836,0x20a05ae8efe1eb91be0cd07356bc20eda9c2e298,0.0,0.0,2356.224895,0,1,1709113803
2024-02-22,0xffa3f8737c39e36dec4300b162c2153c67c8352f,3077,0xfc64410a03b205b995a9101f99a55026d8f1f1da,0.0,0.0,1103.229694,0,1,1709155209
2024-02-22,0xffa3f8737c39e36dec4300b162c2153c67c8352f,3312,0x6435bbe51f00a4a8c886fd4c6c78db1a8810b55f,1555.684693,1555.684693,1555.684693,1,1,1709107457
2024-02-22,0xffa3f8737c39e36dec4300b162c2153c67c8352f,3949,0x4e9f06bad29b7dd3b7de1929c8fb9ae939d0fe29,986.987477,986.987477,0.0,1,0,1708956165
2024-02-22,0xffa3f8737c39e36dec4300b162c2153c67c8352f,3963,0x8acf2f327e47fddd1124a55eb4efc1dfdacaa34c,951.03539,951.03539,951.03539,1,1,1708693335
2024-02-22,0xffa3f8737c39e36dec4300b162c2153c67c8352f,4011,0x6322872f335dde0d4b44537f69fbae74bbed39de,0.0,0.0,82.260276,0,1,1708754505
2024-02-22,0xffa3f8737c39e36dec4300b162c2153c67c8352f,4289,0x051f2ebef8580005ab864d55b6d0d001ecc89b85,974.260786,974.260786,972.484163,1,1,1709120513
2024-02-22,0xffa3f8737c39e36dec4300b162c2153c67c8352f,5981,0xf9c8c607a68175dcd87d0ba846af9b6629e27e16,0.0,0.0,285.659558,0,1,1709045733
2024-02-22,0xffa3f8737c39e36dec4300b162c2153c67c8352f,6770,0x80fdc30d21a672eef723b809ed4ba7c91728d421,0.0,0.0,139.664194,0,1,1708683229
2024-02-22,0xffa3f8737c39e36dec4300b162c2153c67c8352f,8852,0x6adabc8287a814b21a67e2b5811ed19ae708872f,1420.404268,1420.404268,0.0,1,0,1708775985
2024-02-22,0xffa3f8737c39e36dec4300b162c2153c67c8352f,9248,0x370880694995aa8a53f71645f7bec3b0e7bb25d9,0.0,0.0,929.753953,0,1,1708598257
2024-02-22,0xffa3f8737c39e36dec4300b162c2153c67c8352f,9592,0xbfdcf5eaec3145704ecad91e2b868477e762c80b,0.0,0.0,29.180237,0,1,1709018549
2024-02-22,0xffa3f8737c39e36dec4300b162c2153c67c8352f,9946,0x1151ce76cca782a19f751925ef383ed744533663,15991.011264,15991.011264,15867.521358,1,1,1708571595
2024-02-22,0xffa3f8737c39e36dec4300b162c2153c67c8352f,10103,0x90eaa36b25630590667823a1f83eb4f5db1d99bc,0.0,0.0,611.248202,0,1,1709050061
2024-02-22,0xffa3f8737c39e36dec4300b162c2153c67c8352f,10106,0x90eaa36b25630590667823a1f83eb4f5db1d99bc,0.0,0.0,925.686206,0,1,1709050071
2024-02-22,0xffa3f8737c39e36dec4300b162c2153c67c8352f,10242,0x4100af5c78d82379227c41a524fa8c7bf0d5769b,0.0,0.0,49.403527,0,1,1709066459
2024-02-22,0xffa3f8737c39e36dec4300b162c2153c67c8352f,10295,0xc875b3dae5b0c371bc8cf9ded64868b78ac47587,0.0,0.0,334461.422776,0,1,1709162281
2024-02-22,0xffa3f8737c39e36dec4300b162c2153c67c8352f,10296,0x03c70563e94de5de56c11a0cc4ce3482f592854f,0.0,0.0,873606.900368,0,1,1709162329
2024-02-22,0xffa3f8737c39e36dec4300b162c2153c67c8352f,10298,0xc9814f18a8751214f719de15c54d01b3d78ef14f,0.0,40467435.788953,40761533.540018,133,134,1709162249
2024-02-22,0xffa3f8737c39e36dec4300b162c2153c67c8352f,10449,0x370880694995aa8a53f71645f7bec3b0e7bb25d9,45487.583266,45487.583266,45487.583266,1,1,1709135215
2024-02-22,0xffa3f8737c39e36dec4300b162c2153c67c8352f,11008,0x34316386913935b8a912115920f6f767e15bf9a1,2.199332,2.199332,2.293818,1,1,1708777185
2024-02-22,0xffa3f8737c39e36dec4300b162c2153c67c8352f,11052,0x7e2400626811b1cae987c41139c39830f4b2ba9a,0.0,0.0,1325.628519,0,1,1709101787
2024-02-22,0xffa3f8737c39e36dec4300b162c2153c67c8352f,11129,0xfa53f48b0bfdc115f8eda45868d8e6a7a1c1f267,4804431.488172,37706812.48704,37618710.304266,8,8,1708906247
2024-02-22,0xffa3f8737c39e36dec4300b162c2153c67c8352f,11681,0xd4ac2e147c8065dbcadcc64b9d108e847baf6382,0.0,0.0,631.248491,0,1,1708626549
2024-02-22,0xffa3f8737c39e36dec4300b162c2153c67c8352f,12221,0x525ef496ac790dc37829f2d6d9d026ca8aca00e4,8.482836,8.482836,0.0,1,0,1708760551
2024-02-22,0xffa3f8737c39e36dec4300b162c2153c67c8352f,12224,0x40e5383a4439f9e896e090f18de98b399467d128,1.896366,1.896366,0.0,1,0,1708761229
2024-02-22,0xffa3f8737c39e36dec4300b162c2153c67c8352f,12225,0x98cec3803d0239bf9c82dc50fef0fc9bf5787392,7.739275,7.739275,0.0,1,0,1708761507
2024-02-22,0xffa3f8737c39e36dec4300b162c2153c67c8352f,12227,0x319fa60c799ef477f9909e9d3103dbd002ad8e89,6.142748,6.142748,0.0,1,0,1708762557
2024-02-22,0xffa3f8737c39e36dec4300b162c2153c67c8352f,12283,0x6e307c83560f51c63b53f79dce4c3122b748e4f6,1.835164,1.835164,0.0,1,0,1708894643
