epoch_start,pool,token_id,voter,final_weight,voted_weight,abstained_weight,n_voted,n_abstained,last_event_ts
2023-11-16,0x0b25c51637c43decd6cc1c1e3da4518d54ddb528,7,0x586cf50c2874f3e3997660c0fd0996b090fb9764,0.0,0.0,995621.660038,0,1,1700584061
2023-11-16,0x0b25c51637c43decd6cc1c1e3da4518d54ddb528,16,0x370880694995aa8a53f71645f7bec3b0e7bb25d9,0.0,0.0,387942.72107,0,1,1700674371
2023-11-16,0x0b25c51637c43decd6cc1c1e3da4518d54ddb528,24,0x208a17c5fabe5b90282e5906945ff335e39326c4,9153.262969,9153.262969,0.0,1,0,1700683823
2023-11-16,0x0b25c51637c43decd6cc1c1e3da4518d54ddb528,48,0x12478d1a60a910c9cbffb90648766a2bdd5918f5,0.0,0.0,1844388.882742,0,1,1700691537
2023-11-16,0x0b25c51637c43decd6cc1c1e3da4518d54ddb528,49,0xd062ab63bb4f7af7e59b85defc3c90bfa9b81e6e,3120931.104537,3120931.104537,0.0,1,0,1700613197
2023-11-16,0x0b25c51637c43decd6cc1c1e3da4518d54ddb528,50,0xdeded3860fb19525ac4594ae888a9c556a42a0a6,2971063.372216,2971063.372216,2968815.352506,1,1,1700670207
2023-11-16,0x0b25c51637c43decd6cc1c1e3da4518d54ddb528,52,0x28878aec6b4209d90a40890183e3322f0ae5b2e2,270222.310229,270222.310229,270012.126328,1,1,1700683257
2023-11-16,0x0b25c51637c43decd6cc1c1e3da4518d54ddb528,55,0x285fed35cbea271a711681e84ffd83c68a596a75,713473.626878,713473.626878,0.0,1,0,1700683597
2023-11-16,0x0b25c51637c43decd6cc1c1e3da4518d54ddb528,58,0x61d4ac515b82d1ec2f021e63b17519683ac1cabd,0.0,0.0,1609146.645457,0,1,1700692497
2023-11-16,0x0b25c51637c43decd6cc1c1e3da4518d54ddb528,60,0xc03282d46293499cdd8914a7bb7d78f793e70a5a,1699548.970179,1699548.970179,1699548.970179,1,1,1700677405
2023-11-16,0x0b25c51637c43decd6cc1c1e3da4518d54ddb528,62,0xa311ab5780aa036b71aac2b71163fd03ec0df59e,0.0,0.0,316722.046509,0,1,1700678287
2023-11-16,0x0b25c51637c43decd6cc1c1e3da4518d54ddb528,63,0x0172e05392aba65366c4dbbb70d958bbf43304e4,689954.193951,689954.193951,137886.429666,1,1,1700684433
2023-11-16,0x0b25c51637c43decd6cc1c1e3da4518d54ddb528,66,0xb21dfcf420cc7536c7ef5652ee8018741f17f017,1145928.825232,1145928.825232,0.0,1,0,1700656693
2023-11-16,0x0b25c51637c43decd6cc1c1e3da4518d54ddb528,91,0x423a66a3ce61eaa3bcd922c4d71b781e01d746f0,317974.138177,317974.138177,0.0,1,0,1700692567
2023-11-16,0x0b25c51637c43decd6cc1c1e3da4518d54ddb528,105,0x208a17c5fabe5b90282e5906945ff335e39326c4,25928.125611,25928.125611,0.0,1,0,1700683839
2023-11-16,0x0b25c51637c43decd6cc1c1e3da4518d54ddb528,110,0x05e09d942505764bca4475abf8efdbc21d1c535b,122057.083117,122057.083117,122057.083117,1,1,1700683789
2023-11-16,0x0b25c51637c43decd6cc1c1e3da4518d54ddb528,114,0x611b0c1ed942b833c786c53883a4aa37a25602a6,0.0,0.0,46687.477513,0,1,1700684273
2023-11-16,0x0b25c51637c43decd6cc1c1e3da4518d54ddb528,116,0x0aad9ea1468e2d39d4c1492e66fccbebd3c93f6c,459931.528445,459931.528445,0.0,1,0,1700693049
2023-11-16,0x0b25c51637c43decd6cc1c1e3da4518d54ddb528,120,0xd66487d456b74f1030778f68a8f6026219d525c1,441405.346329,441405.346329,0.0,1,0,1700693253
2023-11-16,0x0b25c51637c43decd6cc1c1e3da4518d54ddb528,124,0x5d6f3d0c92d0564151357b0863e55e9ed4631b8d,65035.148693,65035.148693,0.0,1,0,1700691635
2023-11-16,0x0b25c51637c43decd6cc1c1e3da4518d54ddb528,125,0x9fd31424cfceab50218906bc1b3d87fe7778ca61,436907.770893,436907.770893,436577.189832,1,1,1700626211
2023-11-16,0x0b25c51637c43decd6cc1c1e3da4518d54ddb528,128,0x193578944fb0a0d31508f889528e9c345d90961b,0.0,0.0,82412.032676,0,1,1700641841
2023-11-16,0x0b25c51637c43decd6cc1c1e3da4518d54ddb528,129,0xcb7d87f5502fc91529e0fe92373dddd8ff1f3d7c,214814.52281,214814.52281,0.0,1,0,1700693803
2023-11-16,0x0b25c51637c43decd6cc1c1e3da4518d54ddb528,131,0x9f0f8f07ec71a6435f1574ec022e98b5445d4988,0.0,0.0,399969.955323,0,1,1700679047
2023-11-16,0x0b25c51637c43decd6cc1c1e3da4518d54ddb528,133,0xd5b2daf2285d0fbf2f1c2a20e2866ccf9617e83b,196944.675191,196944.675191,290868.940022,1,1,1700693563
2023-11-16,0x0b25c51637c43decd6cc1c1e3da4518d54ddb528,134,0xd87ecc6c74f486b044824a222326a96f696fcfa2,384436.513801,384436.513801,0.0,1,0,1700633449
2023-11-16,0x0b25c51637c43decd6cc1c1e3da4518d54ddb528,136,0x12c58f57177b8d5832f60cfa690770c19ac9da19,450038.569119,450038.569119,0.0,1,0,1700683345
2023-11-16,0x0b25c51637c43decd6cc1c1e3da4518d54ddb528,137,0xa4b6eeeb7eba0fc360a7402f2ebe90c178115e91,0.0,69412.216649,128799.841727,1,2,1700692611
2023-11-16,0x0b25c51637c43decd6cc1c1e3da4518d54ddb528,149,0xf6708f67b55372f7a46df39413cb568a52e8ea09,322441.566726,322441.566726,322197.595156,1,1,1700690451
2023-11-16,0x0b25c51637c43decd6cc1c1e3da4518d54ddb528,153,0x0f45156f109e474295913d78036fa213b1745d5a,301315.343652,301315.343652,0.0,1,0,1700633713
2023-11-16,0x0b25c51637c43decd6cc1c1e3da4518d54ddb528,156,0xb0a4e99371dfb0734f002ae274933b4888f618ef,0.0,0.0,146224.803815,0,1,1700691253
2023-11-16,0x0b25c51637c43decd6cc1c1e3da4518d54ddb528,168,0xd91432ea17a0b4ff2c28af958d4b175353c7c730,0.0,0.0,255747.808949,0,1,1700677163
2023-11-16,0x0b25c51637c43decd6cc1c1e3da4518d54ddb528,173,0xc99783596103c9bee59cc2c260548fb848916c4b,119962.799847,119962.799847,0.0,1,0,1700680669
2023-11-16,0x0b25c51637c43decd6cc1c1e3da4518d54ddb528,192,0x739f9535bcd439483a1538431f92f358a80f1801,208372.007589,208372.007589,0.0,1,0,1700684053
2023-11-16,0x0b25c51637c43decd6cc1c1e3da4518d54ddb528,202,0x6f09e3fd9caf2a8b3c7e9fccd2423b17b9d8e383,0.0,0.0,196748.901519,0,1,1700693015
2023-11-16,0x0b25c51637c43decd6cc1c1e3da4518d54ddb528,208,0x7ecf3629e27b410d6a277cdca9c99240706eebec,353097.785893,353097.785893,349461.891201,1,1,1700653179
2023-11-16,0x0b25c51637c43decd6cc1c1e3da4518d54ddb528,219,0x2c99d50eb4daa1d26b5ba0b1daab58cbfc0ac3e6,171421.404472,171421.404472,171421.404472,1,1,1700690879
2023-11-16,0x0b25c51637c43decd6cc1c1e3da4518d54ddb528,222,0x9f02988adb650e55cc5eb5619c383fd223848bb5,0.0,0.0,168117.157811,0,1,1700667943
2023-11-16,0x0b25c51637c43decd6cc1c1e3da4518d54ddb528,236,0x303f2d38ab911296deca9dc19968a854d9cbcadc,150659.806192,150659.806192,150545.811244,1,1,1700693357
2023-11-16,0x0b25c51637c43decd6cc1c1e3da4518d54ddb528,237,0x1732951b80c737dbb8f367e83e530623bb612e54,0.0,0.0,149915.410626,0,1,1700607481
2023-11-16,0x0b25c51637c43decd6cc1c1e3da4518d54ddb528,239,0xb149f353383ab92e74c4cba3feb848b04bfb3617,149756.660918,149756.660918,149756.660918,1,1,1700691259
2023-11-16,0x0b25c51637c43decd6cc1c1e3da4518d54ddb528,247,0xc40ebdc95e9fae4ada1a2c5093d0599afe0256bd,0.0,0.0,43025.652523,0,1,1700687209
2023-11-16,0x0b25c51637c43decd6cc1c1e3da4518d54ddb528,248,0xdaa12ca83de2fab833fc28ce1300ba6ddee67204,0.0,0.0,35287.38932,0,1,1700684365
2023-11-16,0x0b25c51637c43decd6cc1c1e3da4518d54ddb528,250,0x97658d0a6a6180a99697a375f736bad40cc307b0,140597.146478,140597.146478,140490.765322,1,1,1700686507
2023-11-16,0x0b25c51637c43decd6cc1c1e3da4518d54ddb528,255,0xd180dd68759a1570a66439548319b94240f309c0,137720.860184,137720.860184,137450.106396,1,1,1700693215
2023-11-16,0x0b25c51637c43decd6cc1c1e3da4518d54ddb528,256,0xd6a2248e5d3696565c162c4554aa61fa6be75db3,34230.559352,34230.559352,34182.273657,1,1,1700666839
2023-11-16,0x0b25c51637c43decd6cc1c1e3da4518d54ddb528,257,0x4026b3da349c2952255ca9db4f055ea57f4e037c,0.0,0.0,135786.729247,0,1,1700683881
2023-11-16,0x0b25c51637c43decd6cc1c1e3da4518d54ddb528,272,0x48c49024e2885679d0c9eb3d4d6e73f2542b5839,61633.286459,61633.286459,0.0,1,0,1700678809
2023-11-16,0x0b25c51637c43decd6cc1c1e3da4518d54ddb528,276,0x05da533bca66b6df7a5fa7f9afbb62c36703c2e6,60148.253887,60148.253887,60102.743427,1,1,1700691151
2023-11-16,0x0b25c51637c43decd6cc1c1e3da4518d54ddb528,286,0xb33cd827dd59c090e71899bfca31f81f4b189ddb,91237.40615,91237.40615,91168.372453,1,1,1700684049
2023-11-16,0x0b25c51637c43decd6cc1c1e3da4518d54ddb528,292,0xc204d01bd43e7d084dcd60cf1a4bf8a75401fdd1,113780.40921,113780.40921,113694.318619,1,1,1700661435
2023-11-16,0x0b25c51637c43decd6cc1c1e3da4518d54ddb528,303,0xab12253171a0d73df64b115cd43fe0a32feb9daa,0.0,0.0,53390.288153,0,1,1700669543
2023-11-16,0x0b25c51637c43decd6cc1c1e3da4518d54ddb528,304,0xbbb33d2e7bd7ddc722e53da9ca8ee97df41cfabf,0.0,0.0,10613.187629,0,1,1700602061
2023-11-16,0x0b25c51637c43decd6cc1c1e3da4518d54ddb528,305,0x8de71aae74bee0847a1ee5f620f645910f8e5973,104332.16662,104332.16662,0.0,1,0,1700651031
2023-11-16,0x0b25c51637c43decd6cc1c1e3da4518d54ddb528,327,0xd2f132930ea3c58a389c6ad3a91ef104f95fe697,0.0,0.0,97544.734757,0,1,1700674725
2023-11-16,0x0b25c51637c43decd6cc1c1e3da4518d54ddb528,346,0x2b26da567c2a8c220daf91be8e37a429d33aef0b,0.0,0.0,90323.366145,0,1,1700674645
2023-11-16,0x0b25c51637c43decd6cc1c1e3da4518d54ddb528,352,0xcdedcee9c46284667997eb4d29f8427b696da3df,82603.382938,82603.382938,0.0,1,0,1700687453
2023-11-16,0x0b25c51637c43decd6cc1c1e3da4518d54ddb528,355,0x6de6e901bbefd26a9888798a25e4a49309d04ca9,80758.087228,80758.087228,0.0,1,0,1700693435
2023-11-16,0x0b25c51637c43decd6cc1c1e3da4518d54ddb528,363,0xbe12e889a5af67b12369c5610187a18c0a43dce0,77915.893086,77915.893086,0.0,1,0,1700685937
2023-11-16,0x0b25c51637c43decd6cc1c1e3da4518d54ddb528,364,0xe7b27bd74f522afa05732ba82b2f46a38d4be098,0.0,0.0,19393.317566,0,1,1700663383
2023-11-16,0x0b25c51637c43decd6cc1c1e3da4518d54ddb528,382,0xf5670ea8317e037d6fe14a4cd3c6c383ed2ff3e9,0.0,0.0,68933.445941,0,1,1700618665
2023-11-16,0x0b25c51637c43decd6cc1c1e3da4518d54ddb528,398,0x48c7e0db3dad3fe4eb0513b86fe5c38ebb4e0f91,6567.157293,6567.157293,65671.572925,1,1,1700674447
2023-11-16,0x0b25c51637c43decd6cc1c1e3da4518d54ddb528,403,0xc3193e39f77c2ed59045cfffcdcacdda72f29987,0.0,0.0,64821.140578,0,1,1700660471
2023-11-16,0x0b25c51637c43decd6cc1c1e3da4518d54ddb528,407,0xba971f58a00e8ffc7e91c0e8e7efccbfbfe8f09e,32556.511003,32556.511003,32531.877507,1,1,1700687843
2023-11-16,0x0b25c51637c43decd6cc1c1e3da4518d54ddb528,408,0x79bd77fccfce56270c48c6bddb8ba7dac01bf875,0.0,0.0,62885.720287,0,1,1700691187
2023-11-16,0x0b25c51637c43decd6cc1c1e3da4518d54ddb528,412,0xb1101c790731f62bd06cc5e91551fa523a20330d,62524.477132,62524.477132,62477.168731,1,1,1700613681
2023-11-16,0x0b25c51637c43decd6cc1c1e3da4518d54ddb528,416,0x151e5062d509bf6fc1b5345afa0e7397c9c82226,0.0,0.0,15383.363924,0,1,1700672895
2023-11-16,0x0b25c51637c43decd6cc1c1e3da4518d54ddb528,420,0x8cc1547f2aebbbaa9466310355110427449a937f,60517.311137,60517.311137,60471.521434,1,1,1700692761
2023-11-16,0x0b25c51637c43decd6cc1c1e3da4518d54ddb528,421,0xee9a23404333361302790e905bd0f27603d39818,0.0,0.0,61551.442924,0,1,1700678883
2023-11-16,0x0b25c51637c43decd6cc1c1e3da4518d54ddb528,424,0x7f29667850c1b15d868d69d55612c29d0305158d,59020.543663,59020.543663,58937.289168,1,1,1700692951
2023-11-16,0x0b25c51637c43decd6cc1c1e3da4518d54ddb528,425,0xf942457b49e10d4bbde841d93903cd707add1637,0.0,0.0,59753.325044,0,1,1700640917
2023-11-16,0x0b25c51637c43decd6cc1c1e3da4518d54ddb528,434,0x7da08fba7a69c67c0d06fd433af0c53f9c75cee8,0.0,0.0,81176.996964,0,1,1700676669
2023-11-16,0x0b25c51637c43decd6cc1c1e3da4518d54ddb528,437,0xbae3b46e29e7cfd2bba8164765d592ce9802ec70,27976.132722,27976.132722,0.0,1,0,1700585837
2023-11-16,0x0b25c51637c43decd6cc1c1e3da4518d54ddb528,462,0x0952615cd36904d97c736a0b0a5eea75c75e26d8,0.0,0.0,47464.532537,0,1,1700161869
2023-11-16,0x0b25c51637c43decd6cc1c1e3da4518d54ddb528,477,0x4c55adf88fe327befba5dd15000b039b818f365f,47354.553644,47354.553644,0.0,1,0,1700689943
2023-11-16,0x0b25c51637c43decd6cc1c1e3da4518d54ddb528,482,0xceff98a045a3732f3e26247a29ba5e7d52fe84b2,50789.889773,50789.889773,50751.460208,1,1,1700613639
2023-11-16,0x0b25c51637c43decd6cc1c1e3da4518d54ddb528,504,0xcfba6d63ec822425775d3c509e60ff689c1ae1e7,11647.58083,11647.58083,11544.485555,1,1,1700693037
2023-11-16,0x0b25c51637c43decd6cc1c1e3da4518d54ddb528,507,0x0d3015631c1e642e8eb35b5a0efcea24a7685603,43073.248781,43073.248781,43040.657921,1,1,1700603113
2023-11-16,0x0b25c51637c43decd6cc1c1e3da4518d54ddb528,510,0x7e1ff06fc9adaca7383560f3d674c6b686aef67e,43010.646313,43010.646313,0.0,1,0,1700603435
2023-11-16,0x0b25c51637c43decd6cc1c1e3da4518d54ddb528,512,0x3b1b211b3fce0d1ee9f5e1afeecadeb98378d0b0,12843.281705,12843.281705,12843.281705,1,1,1700662905
2023-11-16,0x0b25c51637c43decd6cc1c1e3da4518d54ddb528,519,0xa23bde7b73b4acc73918e2362e6a646761955c7c,26382.389182,26382.389182,26362.427262,1,1,1700683777
2023-11-16,0x0b25c51637c43decd6cc1c1e3da4518d54ddb528,523,0xde93a283495fa2834047b53871a8e4e09f96d841,11251.31502,11251.31502,11251.31502,1,1,1700687221
2023-11-16,0x0b25c51637c43decd6cc1c1e3da4518d54ddb528,525,0x1f92b5affd12981ef0fa7ba22a802379fd36929e,43189.194537,43189.194537,0.0,1,0,1700649183
2023-11-16,0x0b25c51637c43decd6cc1c1e3da4518d54ddb528,530,0xb8923121c123edf84d349a9e923b15ced48d219c,57919.548346,57919.548346,57919.548346,1,1,1700663175
2023-11-16,0x0b25c51637c43decd6cc1c1e3da4518d54ddb528,533,0xa08dd335d33b0bb368a0af757ed59617b3ac8c1c,0.0,0.0,41650.881579,0,1,1700684585
2023-11-16,0x0b25c51637c43decd6cc1c1e3da4518d54ddb528,536,0xf6ed81d5e9f61dd1ea21e96ae1d660ecc388ae4f,0.0,0.0,10201.157276,0,1,1700672587
2023-11-16,0x0b25c51637c43decd6cc1c1e3da4518d54ddb528,538,0x49fd1607a0b93334f090ebaf42c72babb38a0f76,0.0,0.0,41824.662737,0,1,1700578505
2023-11-16,0x0b25c51637c43decd6cc1c1e3da4518d54ddb528,542,0x2c2c0c044ca3d2d1e31ab37c8a94b525b2cb3bb6,0.0,0.0,44462.737712,0,1,1700572111
2023-11-16,0x0b25c51637c43decd6cc1c1e3da4518d54ddb528,544,0x16b00db74167b7469dda63b674ca9a3b1b70c439,0.0,0.0,19968.472364,0,1,1700675691
2023-11-16,0x0b25c51637c43decd6cc1c1e3da4518d54ddb528,545,0x9770e942e19aeb9fc935980ceb5ec81c10b1d030,0.0,0.0,39920.675733,0,1,1700671179
2023-11-16,0x0b25c51637c43decd6cc1c1e3da4518d54ddb528,548,0xb82e12d1da436611c5c94d535c3a40f5fb3f35ab,19817.044997,19817.044997,29725.567495,1,1,1700654161
2023-11-16,0x0b25c51637c43decd6cc1c1e3da4518d54ddb528,552,0x88eb2863997cbae2169d9022704acf21e423b377,0.0,0.0,40019.305103,0,1,1700693291
2023-11-16,0x0b25c51637c43decd6cc1c1e3da4518d54ddb528,555,0xa3f2d88fb722d4f2a082edbf98354b81dc34829e,0.0,0.0,40481.723207,0,1,1700676835
2023-11-16,0x0b25c51637c43decd6cc1c1e3da4518d54ddb528,558,0x985dbffd8daaf59cc68883d17cfab313b2343184,38967.150226,38967.150226,9734.416549,1,1,1700685905
2023-11-16,0x0b25c51637c43decd6cc1c1e3da4518d54ddb528,560,0x7476d1e9659a49b92c3f65f0a6de00a18fc3d6fa,38485.670797,38485.670797,0.0,1,0,1700628117
2023-11-16,0x0b25c51637c43decd6cc1c1e3da4518d54ddb528,577,0x0eafd23a586b190de1e344d4a4aaab3f88631686,18615.961244,18615.961244,0.0,1,0,1700600193
2023-11-16,0x0b25c51637c43decd6cc1c1e3da4518d54ddb528,581,0x6a3e98f964e93f183a9e5bb607dd9df75110d2ac,36861.355637,36861.355637,0.0,1,0,1700602201
2023-11-16,0x0b25c51637c43decd6cc1c1e3da4518d54ddb528,582,0xa1909f656e11086902c23ce4bc2ee1b4950adaee,36945.63461,36945.63461,36917.680135,1,1,1700589621
2023-11-16,0x0b25c51637c43decd6cc1c1e3da4518d54ddb528,589,0x5d4d3fae4d0282fd8a558b5f42ba700974cbfd1a,0.0,0.0,237004.398645,0,1,1700691181
2023-11-16,0x0b25c51637c43decd6cc1c1e3da4518d54ddb528,590,0x69bbbfde43c49fc50f5647223da5ef4756d78659,36640.390802,36640.390802,36640.390802,1,1,1700689829
2023-11-16,0x0b25c51637c43decd6cc1c1e3da4518d54ddb528,592,0x133d20c739f76236eebace7bf5bfa751bff15a9f,0.0,0.0,37261.142742,0,1,1700578831
2023-11-16,0x0b25c51637c43decd6cc1c1e3da4518d54ddb528,595,0xf89cb9b9b412feff16ca94c02db6faddccd51ce4,0.0,0.0,9091.189942,0,1,1700666109
2023-11-16,0x0b25c51637c43decd6cc1c1e3da4518d54ddb528,598,0x574378e51d3973ce57ce0f9a48c29fc06f4f003f,0.0,0.0,36058.367881,0,1,1700608649
2023-11-16,0x0b25c51637c43decd6cc1c1e3da4518d54ddb528,599,0x21f59001e8543fbd84fcacade38b1a06274f0ca3,0.0,51529.856923,102331.246475,1,2,1700670101
2023-11-16,0x0b25c51637c43decd6cc1c1e3da4518d54ddb528,606,0x27f33f5af3125c7488051134872e6e7a3c5a644a,0.0,0.0,35462.65549,0,1,1700482083
2023-11-16,0x0b25c51637c43decd6cc1c1e3da4518d54ddb528,612,0xb7db1273e05bb89c9c4858d3b0a280cf9dd38d69,0.0,0.0,11921.813268,0,1,1700663049
2023-11-16,0x0b25c51637c43decd6cc1c1e3da4518d54ddb528,619,0x745bb4141d5cbaa249923d8b89bcd798a75fbc89,0.0,0.0,34657.491848,0,1,1700657129
2023-11-16,0x0b25c51637c43decd6cc1c1e3da4518d54ddb528,628,0x8fa5ebb986fa6db89291a383142bb756ab88428e,34270.35683,34270.35683,0.0,1,0,1700687941
2023-11-16,0x0b25c51637c43decd6cc1c1e3da4518d54ddb528,636,0x599321b91d0e4e541f7d172ab1cacccc0d5a8e82,3316.842644,3316.842644,3316.842644,1,1,1700662671
2023-11-16,0x0b25c51637c43decd6cc1c1e3da4518d54ddb528,639,0xe564d9afc3e8d7ddc99912dbc5db58925b414024,33012.276576,33012.276576,0.0,1,0,1700603697
2023-11-16,0x0b25c51637c43decd6cc1c1e3da4518d54ddb528,664,0x577be3ed9a71e1c355f519bbdf5f09ba2018b1cc,30996.604205,30996.604205,0.0,1,0,1700692819
2023-11-16,0x0b25c51637c43decd6cc1c1e3da4518d54ddb528,670,0xf7f4ffea88aa541720a39bc909eef38b2f3a4d55,30838.859305,30838.859305,0.0,1,0,1700656849
2023-11-16,0x0b25c51637c43decd6cc1c1e3da4518d54ddb528,727,0x97eb9c07ab8b0b5972612551d55d5e4627753b9d,25947.171027,25947.171027,25927.538409,1,1,1700679703
2023-11-16,0x0b25c51637c43decd6cc1c1e3da4518d54ddb528,739,0xdfe7ad3e0cc6fb0798e66c67c72927c49fc42478,0.0,0.0,25409.034543,0,1,1700679581
2023-11-16,0x0b25c51637c43decd6cc1c1e3da4518d54ddb528,750,0x24a3bde2bd95fe4c36894049e34501d340d9fd56,29033.606315,29033.606315,28633.924392,1,1,1700653193
2023-11-16,0x0b25c51637c43decd6cc1c1e3da4518d54ddb528,753,0xee57d8989170370a6f88b2f99395b81204117bf2,12652.840136,12652.840136,12643.266515,1,1,1700681407
2023-11-16,0x0b25c51637c43decd6cc1c1e3da4518d54ddb528,755,0x5a4e672e859efceea0f74cf177822c4539f26741,24385.698938,24385.698938,0.0,1,0,1700654351
2023-11-16,0x0b25c51637c43decd6cc1c1e3da4518d54ddb528,761,0xe4495842d915738d659609727a51e39d15b66778,4360.370222,22528.57948,36322.671757,2,2,1700428031
2023-11-16,0x0b25c51637c43decd6cc1c1e3da4518d54ddb528,771,0x79c80fb4431b23940c0ed3f5ce45ba71d0f03577,23587.806619,23587.806619,23569.959186,1,1,1700668163
2023-11-16,0x0b25c51637c43decd6cc1c1e3da4518d54ddb528,774,0x98d925821767edcf7e773810e74244026b6e8a35,5837.461519,5837.461519,0.0,1,0,1700590787
2023-11-16,0x0b25c51637c43decd6cc1c1e3da4518d54ddb528,776,0xc923dd451dfb1fc6a4608982c6c077414da06a4d,0.0,0.0,12411.087066,0,1,1700551463
2023-11-16,0x0b25c51637c43decd6cc1c1e3da4518d54ddb528,786,0xf57d6e5cbc6c68a920a1bbc865eb99e2e6c19783,22510.715165,22510.715165,22429.042917,1,1,1700687869
2023-11-16,0x0b25c51637c43decd6cc1c1e3da4518d54ddb528,790,0x6de6e901bbefd26a9888798a25e4a49309d04ca9,22361.386926,22361.386926,0.0,1,0,1700693517
2023-11-16,0x0b25c51637c43decd6cc1c1e3da4518d54ddb528,809,0x6de6e901bbefd26a9888798a25e4a49309d04ca9,21615.829112,21615.829112,0.0,1,0,1700693381
2023-11-16,0x0b25c51637c43decd6cc1c1e3da4518d54ddb528,811,0xadc1d13acf57ea12cdf14679177fd669221adf2c,21369.008053,21369.008053,21369.008053,1,1,1700687449
2023-11-16,0x0b25c51637c43decd6cc1c1e3da4518d54ddb528,814,0x6de6e901bbefd26a9888798a25e4a49309d04ca9,21330.004108,21330.004108,0.0,1,0,1700693393
2023-11-16,0x0b25c51637c43decd6cc1c1e3da4518d54ddb528,815,0x6de6e901bbefd26a9888798a25e4a49309d04ca9,21303.885696,21303.885696,0.0,1,0,1700693463
2023-11-16,0x0b25c51637c43decd6cc1c1e3da4518d54ddb528,817,0x6de6e901bbefd26a9888798a25e4a49309d04ca9,21270.482598,21270.482598,0.0,1,0,1700693493
2023-11-16,0x0b25c51637c43decd6cc1c1e3da4518d54ddb528,819,0x82738b0ebc1d667765cb9cdeb4a2a96da6e6a77a,0.0,0.0,23123.866732,0,1,1700652369
2023-11-16,0x0b25c51637c43decd6cc1c1e3da4518d54ddb528,820,0x45f692a6959ee71c5962dd89b8ca909fd48ee6a4,0.0,0.0,21003.747429,0,1,1700649065
2023-11-16,0x0b25c51637c43decd6cc1c1e3da4518d54ddb528,823,0xfc101ee05afe9843c37fb7fdd5a64b9dc47411b6,12988.965479,12988.965479,0.0,1,0,1700688121
2023-11-16,0x0b25c51637c43decd6cc1c1e3da4518d54ddb528,827,0xe2952771c80d9b9c77a32e47d985bb3ff4e5a93d,0.0,0.0,13588.184955,0,1,1700687367
2023-11-16,0x0b25c51637c43decd6cc1c1e3da4518d54ddb528,864,0xdc7434d709bdbf483ed74989eae91c17b7ce1a33,0.0,0.0,9526.793963,0,1,1700679337
2023-11-16,0x0b25c51637c43decd6cc1c1e3da4518d54ddb528,868,0x3523481702186c04740e50396d0e1c807ce36c57,26777.329502,26777.329502,26211.942469,1,1,1700685845
2023-11-16,0x0b25c51637c43decd6cc1c1e3da4518d54ddb528,894,0x4fca7ea8770ea56d3e5eb1ce0f35ffe44f198c7d,0.0,0.0,17832.588065,0,1,1700688939
2023-11-16,0x0b25c51637c43decd6cc1c1e3da4518d54ddb528,920,0x6c2693f5a936f37ed03cfa8465bf2d8beff19a0f,20997.322633,20997.322633,20437.16801,1,1,1700680765
2023-11-16,0x0b25c51637c43decd6cc1c1e3da4518d54ddb528,921,0xa2f07232275cdf8463a5115723c9d73085a2fc17,11790.10314,11790.10314,11790.10314,1,1,1700687795
2023-11-16,0x0b25c51637c43decd6cc1c1e3da4518d54ddb528,957,0x77d4d1d555533652815c2f12171ae7f45b6332b2,16195.162702,16195.162702,16172.325782,1,1,1700677609
2023-11-16,0x0b25c51637c43decd6cc1c1e3da4518d54ddb528,1000,0x1cb0b1cc35bcf5815cf576ad96b67d84b6f72821,0.0,0.0,15020.799007,0,1,1700520809
2023-11-16,0x0b25c51637c43decd6cc1c1e3da4518d54ddb528,1024,0x917b4b0e86fc7766695095dd1a5292b3be8b2d14,0.0,0.0,14424.809966,0,1,1700348837
2023-11-16,0x0b25c51637c43decd6cc1c1e3da4518d54ddb528,1037,0x4870929afd7b982d31868628df0050628c76a04f,0.0,0.0,16047.805571,0,1,1700677471
2023-11-16,0x0b25c51637c43decd6cc1c1e3da4518d54ddb528,1056,0xeb4576fe753dab07635c0bb6c8f0a355e1db5d31,0.0,0.0,15406.15803,0,1,1700674897
2023-11-16,0x0b25c51637c43decd6cc1c1e3da4518d54ddb528,1057,0x9eda173b60b105d2e255a1f535f70db2587eefe0,13587.179333,13587.179333,0.0,1,0,1700598661
2023-11-16,0x0b25c51637c43decd6cc1c1e3da4518d54ddb528,1062,0x4ffaa20f217d5117b57fd6ff0e70e069029f5553,0.0,0.0,18448.929268,0,1,1700687125
2023-11-16,0x0b25c51637c43decd6cc1c1e3da4518d54ddb528,1074,0xeccb9b9c6fb7590a4d0588953b3170a1a84e3341,13200.05464,13200.05464,13200.05464,1,1,1700672469
2023-11-16,0x0b25c51637c43decd6cc1c1e3da4518d54ddb528,1080,0xfcea91e004426c4d6f17c0c0e9015af935516ee2,0.0,0.0,30409.752617,0,1,1700692823
2023-11-16,0x0b25c51637c43decd6cc1c1e3da4518d54ddb528,1092,0x3823a62339c5e9a75990efd1f91cdeff73bda609,0.0,0.0,12928.312292,0,1,1700659999
2023-11-16,0x0b25c51637c43decd6cc1c1e3da4518d54ddb528,1105,0x2ea2ce595bd68a0cd1fd34b06df98970952fe4d2,15846.589616,15846.589616,15443.071655,1,1,1700674101
2023-11-16,0x0b25c51637c43decd6cc1c1e3da4518d54ddb528,1130,0x3559b7256e235109f7519b457060ed37106a91fb,0.0,0.0,12305.388487,0,1,1700149611
2023-11-16,0x0b25c51637c43decd6cc1c1e3da4518d54ddb528,1149,0x93b82c49c2af67797977ae344c07884164e6a592,0.0,0.0,3936.777838,0,1,1700592989
2023-11-16,0x0b25c51637c43decd6cc1c1e3da4518d54ddb528,1162,0x72241b7cd963cf56ba409e80ed59e1aee76a1ada,0.0,0.0,11718.27134,0,1,1700693147
2023-11-16,0x0b25c51637c43decd6cc1c1e3da4518d54ddb528,1169,0xf9e1d1e9f22c96752356adfd377231528c7e851e,0.0,0.0,11629.506356,0,1,1700688043
2023-11-16,0x0b25c51637c43decd6cc1c1e3da4518d54ddb528,1176,0x8844126ca5defee105ae50e5089933768ccf9999,11474.110655,11474.110655,0.0,1,0,1700651867
2023-11-16,0x0b25c51637c43decd6cc1c1e3da4518d54ddb528,1192,0xd0c786157a01042a183dfa9cf20f561a0d7fff79,35919.497809,35919.497809,35919.497809,1,1,1700663121
2023-11-16,0x0b25c51637c43decd6cc1c1e3da4518d54ddb528,1211,0x1d5faae928712c3db5543dc887c996e06e54cc0b,0.0,0.0,10716.963477,0,1,1700666915
2023-11-16,0x0b25c51637c43decd6cc1c1e3da4518d54ddb528,1218,0x86e21992a439fe4f1149969f3fbf1d80897b8766,0.0,0.0,12392.839456,0,1,1700693295
2023-11-16,0x0b25c51637c43decd6cc1c1e3da4518d54ddb528,1221,0x564b3a3cf630d7b3b35ae78e47feb074bce2b06e,0.0,0.0,2554.830496,0,1,1700501619
2023-11-16,0x0b25c51637c43decd6cc1c1e3da4518d54ddb528,1225,0xfc13ab4b466f17f3e1e5443147de34d96ccf1629,0.0,0.0,15915.629382,0,1,1700672285
2023-11-16,0x0b25c51637c43decd6cc1c1e3da4518d54ddb528,1227,0x80ca39a504f37081ba2805420d234ddc9dab9d45,0.0,0.0,10479.179745,0,1,1700692177
2023-11-16,0x0b25c51637c43decd6cc1c1e3da4518d54ddb528,1260,0x6c6e3619e5f51a5915d666d67602771e7920e946,10705.913575,10705.913575,10558.731002,1,1,1700669961
2023-11-16,0x0b25c51637c43decd6cc1c1e3da4518d54ddb528,1265,0x90c0bf8d71369d21f8addf0da33d21dcb0b1c384,9922.895638,9922.895638,9893.74556,1,1,1700684311
2023-11-16,0x0b25c51637c43decd6cc1c1e3da4518d54ddb528,1279,0x5faf276f6e3e0b10213f8a04bd6c872f8752949b,0.0,0.0,9903.128527,0,1,1700642237
2023-11-16,0x0b25c51637c43decd6cc1c1e3da4518d54ddb528,1280,0x4fbe5303bca958b8f1ee35b5443aad9ad442e3d7,0.0,0.0,9769.052899,0,1,1700511559
2023-11-16,0x0b25c51637c43decd6cc1c1e3da4518d54ddb528,1296,0x581278ad4c00f4f2af057105817a8e78b424a65c,9602.298753,9602.298753,9595.033288,1,1,1700685587
2023-11-16,0x0b25c51637c43decd6cc1c1e3da4518d54ddb528,1306,0x0473a13cb3088ebd0092ea137170508da3f7fb8c,9353.727781,9353.727781,9340.538019,1,1,1700598057
2023-11-16,0x0b25c51637c43decd6cc1c1e3da4518d54ddb528,1322,0x3a781cb383b65a1fff97ce061c3d35a1c09e6960,7209.227089,7209.227089,0.0,1,0,1700630411
2023-11-16,0x0b25c51637c43decd6cc1c1e3da4518d54ddb528,1373,0x911c92d410afe1f06cd0bc551d62835634dbe014,20285.964261,20285.964261,20285.964261,1,1,1700681481
2023-11-16,0x0b25c51637c43decd6cc1c1e3da4518d54ddb528,1377,0xa4a2ffe1538f429e8d5a21adab35085f680b1a4a,0.0,0.0,8468.25205,0,1,1700593227
2023-11-16,0x0b25c51637c43decd6cc1c1e3da4518d54ddb528,1378,0x80cfcd0157030d8808e03d283e742c8008614654,8489.180282,8489.180282,8482.757045,1,1,1700693291
2023-11-16,0x0b25c51637c43decd6cc1c1e3da4518d54ddb528,1382,0x5a00e8683f37e8b08c744054a0ef606a18b1aef7,0.0,0.0,8475.157054,0,1,1700682305
2023-11-16,0x0b25c51637c43decd6cc1c1e3da4518d54ddb528,1385,0x8f2c46ce880c288bbf0926123814496a9842a591,4351.785024,4351.785024,4317.13967,1,1,1700607577
2023-11-16,0x0b25c51637c43decd6cc1c1e3da4518d54ddb528,1403,0x4a3592a24a88249f14adaac604eb2e79ffe948ca,2075.882173,2075.882173,0.0,1,0,1700688397
2023-11-16,0x0b25c51637c43decd6cc1c1e3da4518d54ddb528,1406,0x196d44adcdf5083a1effd9a8922683fcfc110f5e,0.0,0.0,8173.048883,0,1,1700449973
2023-11-16,0x0b25c51637c43decd6cc1c1e3da4518d54ddb528,1407,0x6ec39176ebc5cb9a0e9a0bddfe3afcc0c8b2defb,0.0,0.0,4090.293186,0,1,1700664231
2023-11-16,0x0b25c51637c43decd6cc1c1e3da4518d54ddb528,1428,0xc1c1fdadd3f76ff4e34f6f3f0b00f4db9b539a8f,0.0,0.0,17660.568981,0,1,1700662557
2023-11-16,0x0b25c51637c43decd6cc1c1e3da4518d54ddb528,1469,0x8fc4faa9dd274dc801ca629234e83183031634ec,1911.458472,1911.458472,1910.01219,1,1,1700670725
2023-11-16,0x0b25c51637c43decd6cc1c1e3da4518d54ddb528,1478,0x58c4f03a954e4cbb1b8e204a881a8e9a99d015dd,5007.072687,5007.072687,0.0,1,0,1700612469
2023-11-16,0x0b25c51637c43decd6cc1c1e3da4518d54ddb528,1495,0xdb5bbaa2d64653b7101d56e91173e677717676fe,0.0,0.0,9781.441799,0,1,1700677495
2023-11-16,0x0b25c51637c43decd6cc1c1e3da4518d54ddb528,1522,0x0f50eb3bb26cafb1303bc552137300e6d6b722c8,7111.17596,7111.17596,7111.17596,1,1,1700693353
2023-11-16,0x0b25c51637c43decd6cc1c1e3da4518d54ddb528,1541,0x24c93a9c54564bf70992f49a774e39385210688b,0.0,0.0,7137.034115,0,1,1700693433
2023-11-16,0x0b25c51637c43decd6cc1c1e3da4518d54ddb528,1548,0x9be82cd40bffdce2336ba286abc7afca42dbabc7,8576.440318,8576.440318,8464.854844,1,1,1700650307
2023-11-16,0x0b25c51637c43decd6cc1c1e3da4518d54ddb528,1556,0xdcac0ee047da0ab449f6beb08c8f79c00eabc67d,0.0,0.0,9331.527871,0,1,1700417861
2023-11-16,0x0b25c51637c43decd6cc1c1e3da4518d54ddb528,1567,0xb0fae6175f7e8719885fe0d02c473977c30446fa,0.0,0.0,6785.761264,0,1,1700686777
2023-11-16,0x0b25c51637c43decd6cc1c1e3da4518d54ddb528,1573,0x3559b7256e235109f7519b457060ed37106a91fb,74625.450355,74625.450355,0.0,1,0,1700683851
2023-11-16,0x0b25c51637c43decd6cc1c1e3da4518d54ddb528,1590,0x111a8934a5d0d3913e5d055dae46dc2c965709a0,7681.163345,7681.163345,0.0,1,0,1700680733
2023-11-16,0x0b25c51637c43decd6cc1c1e3da4518d54ddb528,1594,0xd3a64f0615e521684d439b061a50860c6689f1cb,0.0,0.0,6581.750988,0,1,1700688269
2023-11-16,0x0b25c51637c43decd6cc1c1e3da4518d54ddb528,1607,0x64169df8f5b881e6dddf5c9004e7d8e322d4f5de,6506.171965,6506.171965,6501.249147,1,1,1700681297
2023-11-16,0x0b25c51637c43decd6cc1c1e3da4518d54ddb528,1626,0xddd7148286c3df9fa0d5499d55f341179795aeb0,0.0,0.0,6352.988158,0,1,1700686543
2023-11-16,0x0b25c51637c43decd6cc1c1e3da4518d54ddb528,1651,0xb5f4af1a4b5021ae10207e1c2e119ce8249b3007,6251.461451,6251.461451,6242.646218,1,1,1700689871
2023-11-16,0x0b25c51637c43decd6cc1c1e3da4518d54ddb528,1670,0x161d9b5d6e3ed8d9c1d36a7caf971901c60b9222,6125.764141,6125.764141,6121.129154,1,1,1700683923
2023-11-16,0x0b25c51637c43decd6cc1c1e3da4518d54ddb528,1725,0x4215a881dfa38fa2faced28778c9366ef3e5fbb6,0.0,0.0,5709.527109,0,1,1700674783
2023-11-16,0x0b25c51637c43decd6cc1c1e3da4518d54ddb528,1760,0x17b7afbe43503813e525be9dee970d6faff75633,0.0,0.0,5363.29838,0,1,1700682571
2023-11-16,0x0b25c51637c43decd6cc1c1e3da4518d54ddb528,1790,0xa1c9b67b267c631555eb83164287d969b778183f,0.0,0.0,5163.224627,0,1,1700666939
2023-11-16,0x0b25c51637c43decd6cc1c1e3da4518d54ddb528,1839,0x34833ab677f5cc40a44a36330fb18fef2ac4f03b,4876.582203,4876.582203,0.0,1,0,1700613913
2023-11-16,0x0b25c51637c43decd6cc1c1e3da4518d54ddb528,1857,0xf7c8a4a99ba34b4744d08999dd017b5faa4d3378,4805.495389,4805.495389,0.0,1,0,1700683715
2023-11-16,0x0b25c51637c43decd6cc1c1e3da4518d54ddb528,1863,0x6547835644105f1313ffd5194f467720837b0c8c,1675.658004,1675.658004,0.0,1,0,1700633265
2023-11-16,0x0b25c51637c43decd6cc1c1e3da4518d54ddb528,1889,0xb157ff7802e405f346e174960c82a221be9b5d74,0.0,0.0,5551.101426,0,1,1700690447
2023-11-16,0x0b25c51637c43decd6cc1c1e3da4518d54ddb528,1942,0xbc8819c1821bc52b5d30d2dd52f0cb6110510005,0.0,0.0,4425.729105,0,1,1700690357
2023-11-16,0x0b25c51637c43decd6cc1c1e3da4518d54ddb528,1983,0xdc8c1959c74ab2cb3819add153e62739d12be550,0.0,0.0,4535.121674,0,1,1700156213
2023-11-16,0x0b25c51637c43decd6cc1c1e3da4518d54ddb528,1988,0x4f69c39fe8e37b0b4d9b439a05f89c25f2c658d3,0.0,0.0,4269.38878,0,1,1700421481
2023-11-16,0x0b25c51637c43decd6cc1c1e3da4518d54ddb528,2048,0x2b83ac024b0a4ba3f93776cacb61d98310614afe,4701.452003,4701.452003,0.0,1,0,1700617339
2023-11-16,0x0b25c51637c43decd6cc1c1e3da4518d54ddb528,2055,0x264827b8dd1ca3ef6afb080241b3d3d8de8178b3,4973.086823,4973.086823,0.0,1,0,1700690667
2023-11-16,0x0b25c51637c43decd6cc1c1e3da4518d54ddb528,2056,0xe77ffc696724fd0fcff578a05f3023081ae888c0,0.0,0.0,4421.596206,0,1,1700693945
2023-11-16,0x0b25c51637c43decd6cc1c1e3da4518d54ddb528,2135,0xa32ed73eae62f165e3b3ddbeb19100e3cfe17fc3,38629.934814,38629.934814,38600.705934,1,1,1700681067
2023-11-16,0x0b25c51637c43decd6cc1c1e3da4518d54ddb528,2208,0xbbcc2e027a065d7c4e1fdca27885b1783348448c,3781.587566,3781.587566,0.0,1,0,1700597967
2023-11-16,0x0b25c51637c43decd6cc1c1e3da4518d54ddb528,2214,0xbf4101e500419cd28c662adadad14eda897729ac,0.0,0.0,3881.803303,0,1,1700670113
2023-11-16,0x0b25c51637c43decd6cc1c1e3da4518d54ddb528,2245,0x0436bfa5fe3653bdcf9053459b6f2e9ffc093306,3652.057104,3652.057104,3652.057104,1,1,1700594325
2023-11-16,0x0b25c51637c43decd6cc1c1e3da4518d54ddb528,2250,0xecd7fe7a07d3b04ed6a31d07ca037f71f263a9df,0.0,0.0,11274.686607,0,1,1700502433
2023-11-16,0x0b25c51637c43decd6cc1c1e3da4518d54ddb528,2288,0x6415a12867ff9c118dd8c4a7fdf41ff0ac879c20,3563.063246,3563.063246,3563.063246,1,1,1700691615
2023-11-16,0x0b25c51637c43decd6cc1c1e3da4518d54ddb528,2338,0x316d738227930a117cf6d724ced8305a12650921,3508.089908,3508.089908,3505.435554,1,1,1700658261
2023-11-16,0x0b25c51637c43decd6cc1c1e3da4518d54ddb528,2351,0x3bc29ca7ff3bb9a205a766d31c1cdd6917202734,3479.497748,3479.497748,0.0,1,0,1700655527
2023-11-16,0x0b25c51637c43decd6cc1c1e3da4518d54ddb528,2352,0x514fab6ca1213f22db9f7e1bd461986abaee93b1,3644.965672,3644.965672,0.0,1,0,1700672177
2023-11-16,0x0b25c51637c43decd6cc1c1e3da4518d54ddb528,2355,0x8fb66dbf6a4d1cdaed5b72135324f345fa6c9b83,3637.115746,3637.115746,0.0,1,0,1700672529
2023-11-16,0x0b25c51637c43decd6cc1c1e3da4518d54ddb528,2357,0xfd6696e745434d6bc6af360ebcf81876cde48d90,3636.489364,3636.489364,0.0,1,0,1700672177
2023-11-16,0x0b25c51637c43decd6cc1c1e3da4518d54ddb528,2361,0xcbdfb1f0988749f791e265f60a485cc0f996a1cb,3635.779067,3635.779067,0.0,1,0,1700672531
2023-11-16,0x0b25c51637c43decd6cc1c1e3da4518d54ddb528,2362,0xbaa9b493bccbe1a900b39870980f41356f85822a,0.0,0.0,5714.3116,0,1,1700672771
2023-11-16,0x0b25c51637c43decd6cc1c1e3da4518d54ddb528,2372,0x4eb4ff4206b92b28383819275a91be201899467a,3654.159049,3654.159049,0.0,1,0,1700672529
2023-11-16,0x0b25c51637c43decd6cc1c1e3da4518d54ddb528,2375,0x2e7f0f4dabdfe46f743e7dd3eedb86b92cf78494,3658.94662,3658.94662,0.0,1,0,1700672529
2023-11-16,0x0b25c51637c43decd6cc1c1e3da4518d54ddb528,2376,0xc03edd677a9f4ed8128532a9b31e9a3fc2efffb2,3660.977082,3660.977082,0.0,1,0,1700672833
2023-11-16,0x0b25c51637c43decd6cc1c1e3da4518d54ddb528,2381,0x8fc4a12a6f356d51417339043421f6c434f3e3df,3650.092981,3650.092981,0.0,1,0,1700672833
2023-11-16,0x0b25c51637c43decd6cc1c1e3da4518d54ddb528,2447,0xdf90bc63d773e674e0ce2488dbf173cdc3622796,828.560527,828.560527,828.560527,1,1,1700255281
2023-11-16,0x0b25c51637c43decd6cc1c1e3da4518d54ddb528,2497,0x23cb5467e23aa967f7864a018ff862d35d52ed5f,0.0,0.0,3835.842247,0,1,1700675505
2023-11-16,0x0b25c51637c43decd6cc1c1e3da4518d54ddb528,2510,0x2afeb9ac4196037c575b45ada553b70ec80d40df,8692.143597,8692.143597,0.0,1,0,1700617127
2023-11-16,0x0b25c51637c43decd6cc1c1e3da4518d54ddb528,2541,0xcb284f3bf78737c4fe5a9db1e3633130c10fa7b1,0.0,0.0,3168.199466,0,1,1700665861
2023-11-16,0x0b25c51637c43decd6cc1c1e3da4518d54ddb528,2565,0xba77e0b03b41a980bb4e7bb32ec7a2dfe1b66f8f,3184.939136,3184.939136,0.0,1,0,1700617907
2023-11-16,0x0b25c51637c43decd6cc1c1e3da4518d54ddb528,2571,0xfc7c1d00b2ec6d3653e9de72590684456846c53d,0.0,0.0,1569.990925,0,1,1700692727
2023-11-16,0x0b25c51637c43decd6cc1c1e3da4518d54ddb528,2647,0x8a702ec3948fc97313d47f2a95dc516a30f93f81,3040.223755,3040.223755,3040.223755,1,1,1700690943
2023-11-16,0x0b25c51637c43decd6cc1c1e3da4518d54ddb528,2657,0x73c748b5f99c3507f11fb8fa2ea5e3b8f4f9a1d1,1512.692218,1512.692218,1512.692218,1,1,1700669041
2023-11-16,0x0b25c51637c43decd6cc1c1e3da4518d54ddb528,2666,0x2e25362700cf06eaaf4845c34789f67ea1b78d56,3007.191266,3007.191266,3007.191266,1,1,1700684149
2023-11-16,0x0b25c51637c43decd6cc1c1e3da4518d54ddb528,2670,0xabb3639ac7ea3fbd7e9bfd4d8fd46cad6c3056f6,1835.594943,1835.594943,1468.475955,1,1,1700647409
2023-11-16,0x0b25c51637c43decd6cc1c1e3da4518d54ddb528,2685,0x2245c733dd052343b60f44130a25c9f574a696d4,1814.5957,1814.5957,1451.67656,1,1,1700647325
2023-11-16,0x0b25c51637c43decd6cc1c1e3da4518d54ddb528,2748,0x1f85aa3b8ddda2f94391e196241ad728d24e7f3d,2725.830223,2725.830223,2725.830223,1,1,1700660329
2023-11-16,0x0b25c51637c43decd6cc1c1e3da4518d54ddb528,2755,0x27f34c4f30f11a6a9698d9711573a1319c6a135d,2755.098066,2755.098066,2751.213082,1,1,1700598103
2023-11-16,0x0b25c51637c43decd6cc1c1e3da4518d54ddb528,2772,0x15b746e7c8ddee0f857772a70275ffa326072b02,0.0,0.0,2632.56614,0,1,1700692017
2023-11-16,0x0b25c51637c43decd6cc1c1e3da4518d54ddb528,2854,0xdc5edfeb777bdfaa851ebda34c102162738290da,0.0,0.0,2278.729046,0,1,1700582979
2023-11-16,0x0b25c51637c43decd6cc1c1e3da4518d54ddb528,2891,0x947d1dbc0edf951f7c1ca46f934e499d8592a8d1,1103.317813,1103.317813,0.0,1,0,1700687861
2023-11-16,0x0b25c51637c43decd6cc1c1e3da4518d54ddb528,2902,0xf84368dcc03dbd47a6567b7267f573c28b2f07fa,582.244758,582.244758,0.0,1,0,1700690287
2023-11-16,0x0b25c51637c43decd6cc1c1e3da4518d54ddb528,2923,0xea3871fcdd47c06095b7ade579e8365083dbb871,0.0,0.0,2200.390803,0,1,1700628361
2023-11-16,0x0b25c51637c43decd6cc1c1e3da4518d54ddb528,2941,0xfe3a593fb8a90185a8e31edc8eb02e7d889d52f0,2083.202743,2083.202743,2083.202743,1,1,1700693283
2023-11-16,0x0b25c51637c43decd6cc1c1e3da4518d54ddb528,2956,0x2120783b3794aba5a099328b0c0b8bddadc250a0,2104.947535,2104.947535,2074.668196,1,1,1700651433
2023-11-16,0x0b25c51637c43decd6cc1c1e3da4518d54ddb528,3036,0x3f6364f662b0127a3430bb9a9fc16b602da9a188,2398.934662,2398.934662,0.0,1,0,1700618883
2023-11-16,0x0b25c51637c43decd6cc1c1e3da4518d54ddb528,3041,0x7caea457224c345d1518a23fbd07ebdbdd21170c,945.554742,945.554742,945.554742,1,1,1700263453
2023-11-16,0x0b25c51637c43decd6cc1c1e3da4518d54ddb528,3047,0xbee2d469aacb46251ae33cca91f482e26c971dff,692.316832,692.316832,691.365123,1,1,1700682399
2023-11-16,0x0b25c51637c43decd6cc1c1e3da4518d54ddb528,3129,0xf5e3c687d2b13751ada65906849df79b609d9746,2035.823522,2035.823522,2007.835463,1,1,1700691771
2023-11-16,0x0b25c51637c43decd6cc1c1e3da4518d54ddb528,3181,0x9ded50ae9d043e1473f7159c0279fd1631153f41,1711.378884,1711.378884,1711.378884,1,1,1700632087
2023-11-16,0x0b25c51637c43decd6cc1c1e3da4518d54ddb528,3228,0xace742dbb04af172ed4f19f6150f1a71986f7227,1670.824048,1670.824048,0.0,1,0,1700603961
2023-11-16,0x0b25c51637c43decd6cc1c1e3da4518d54ddb528,3247,0x99d6d24012361620bfa1a3f16d4e745066fc7c69,1639.30056,1639.30056,0.0,1,0,1700658131
2023-11-16,0x0b25c51637c43decd6cc1c1e3da4518d54ddb528,3248,0xc5ba2b86292a73830cfe7619f24f4fcab66e398b,1639.255794,1639.255794,0.0,1,0,1700658125
2023-11-16,0x0b25c51637c43decd6cc1c1e3da4518d54ddb528,3249,0xe6318ac14dc1235e01af21d354088118e15783ba,1641.507362,1641.507362,0.0,1,0,1700658119
2023-11-16,0x0b25c51637c43decd6cc1c1e3da4518d54ddb528,3250,0xdf23d6fd44249716a515bdddc81b82c18b915345,1641.507101,1641.507101,0.0,1,0,1700658121
2023-11-16,0x0b25c51637c43decd6cc1c1e3da4518d54ddb528,3266,0x7b329c7feffadc2217d9745e6e4cd28aa5434363,1624.366433,1624.366433,0.0,1,0,1700655589
2023-11-16,0x0b25c51637c43decd6cc1c1e3da4518d54ddb528,3270,0x418340b636a908e69e98bb0c36ec4610980dce87,1521.259526,1521.259526,0.0,1,0,1700623921
2023-11-16,0x0b25c51637c43decd6cc1c1e3da4518d54ddb528,3449,0x4b4d6ac4d00ee2c810dcc2cca41ef437b97f1178,0.0,0.0,1355.761673,0,1,1700139829
2023-11-16,0x0b25c51637c43decd6cc1c1e3da4518d54ddb528,3453,0x15446371fe06e86fcd27b1f567491a3eee9c238e,1352.874802,1352.874802,0.0,1,0,1700658281
2023-11-16,0x0b25c51637c43decd6cc1c1e3da4518d54ddb528,3470,0x8dc4eac2012e04f62ef6445cdf4b19dea81a2d8b,1595.987293,1595.987293,0.0,1,0,1700685729
2023-11-16,0x0b25c51637c43decd6cc1c1e3da4518d54ddb528,3491,0x71c1bffe933698f39b03c6c7545dfb193c4c8b86,0.0,0.0,1313.782706,0,1,1700691813
2023-11-16,0x0b25c51637c43decd6cc1c1e3da4518d54ddb528,3493,0x42acf5773af88b0e49f413e10edf9bcef93c3805,1309.67156,1309.67156,0.0,1,0,1700658127
2023-11-16,0x0b25c51637c43decd6cc1c1e3da4518d54ddb528,3500,0x839537454e13afeb1ad0d1b445ad530c994d26ba,1313.867179,1313.867179,0.0,1,0,1700691621
2023-11-16,0x0b25c51637c43decd6cc1c1e3da4518d54ddb528,3562,0x0dca5a86e290063f1a27724f7d92cbb8ec5fa4d2,1209.538801,1209.538801,1209.538801,1,1,1700686649
2023-11-16,0x0b25c51637c43decd6cc1c1e3da4518d54ddb528,3577,0x6b58a42a13f91afa54e80a0c60e6e9340d6cf5dd,1190.85941,1190.85941,1190.85941,1,1,1700685599
2023-11-16,0x0b25c51637c43decd6cc1c1e3da4518d54ddb528,3593,0x658191594cda88744d8158813029420dcf137a32,0.0,0.0,1168.299606,0,1,1700585279
2023-11-16,0x0b25c51637c43decd6cc1c1e3da4518d54ddb528,3613,0xd02364b9ee5f21c5cf4e346c093e8ccde32f57c0,0.0,0.0,1275.077871,0,1,1700671263
2023-11-16,0x0b25c51637c43decd6cc1c1e3da4518d54ddb528,3648,0x5f6486f13d2faf529eeb12016059078cda4bc90b,0.0,0.0,1105.388363,0,1,1700655919
2023-11-16,0x0b25c51637c43decd6cc1c1e3da4518d54ddb528,3668,0xd3744b27813f2456ff3ddf78214bf57735d5f1a1,0.0,0.0,1091.034831,0,1,1700437543
2023-11-16,0x0b25c51637c43decd6cc1c1e3da4518d54ddb528,3781,0xaf11495f021c5c2c5f5230f40d5d57ebe4059700,44919.245809,44919.245809,66057.714424,1,1,1700682695
2023-11-16,0x0b25c51637c43decd6cc1c1e3da4518d54ddb528,3789,0x3544773551eb240c2d8b499a62cab994e7bb2662,1011.93024,1011.93024,0.0,1,0,1700666801
2023-11-16,0x0b25c51637c43decd6cc1c1e3da4518d54ddb528,3840,0xe8de221533f666778d6513a1da0c56e8ef89c72a,959.238934,959.238934,0.0,1,0,1700621431
2023-11-16,0x0b25c51637c43decd6cc1c1e3da4518d54ddb528,3850,0xf81d02a2797afd51c71225b07076f87b29bca025,950.686563,950.686563,0.0,1,0,1700658077
2023-11-16,0x0b25c51637c43decd6cc1c1e3da4518d54ddb528,3934,0xd28f5dac3c8069339a7f48ec4a06402274470961,882.795881,882.795881,0.0,1,0,1700660483
2023-11-16,0x0b25c51637c43decd6cc1c1e3da4518d54ddb528,3941,0xf935861a8b8cc6867eeb463d97b501c69d177092,873.034476,873.034476,0.0,1,0,1700658129
2023-11-16,0x0b25c51637c43decd6cc1c1e3da4518d54ddb528,4008,0x09917c79b4c98c736f31b162cd6ad31bbb695e46,810.483052,810.483052,810.483052,1,1,1700664139
2023-11-16,0x0b25c51637c43decd6cc1c1e3da4518d54ddb528,4040,0x31e01a9b0796e131b5661eeaeb93981315b7d8d5,10846.213656,10846.213656,0.0,1,0,1700672177
2023-11-16,0x0b25c51637c43decd6cc1c1e3da4518d54ddb528,4063,0x0180bd56393851a46fab05ae627fb574dadb5049,776.008249,776.008249,0.0,1,0,1700692813
2023-11-16,0x0b25c51637c43decd6cc1c1e3da4518d54ddb528,4119,0xc2a08ff99df2dd45ca5cf5bc6636954f33294830,0.0,0.0,372.596136,0,1,1700689393
2023-11-16,0x0b25c51637c43decd6cc1c1e3da4518d54ddb528,4195,0x25a67a5f1f3125dd24e59289e82e890fcabe796c,0.0,0.0,694.430206,0,1,1700512479
2023-11-16,0x0b25c51637c43decd6cc1c1e3da4518d54ddb528,4197,0xc9ea255b552793e2533f666013a8d1d9e36cc206,0.0,0.0,691.314735,0,1,1700511851
2023-11-16,0x0b25c51637c43decd6cc1c1e3da4518d54ddb528,4231,0x633f6bb51b30aed1fec4625774919eca9f5aa55e,0.0,0.0,673.183862,0,1,1700511901
2023-11-16,0x0b25c51637c43decd6cc1c1e3da4518d54ddb528,4252,0x0c1169eee2578f4a333fab1363a3402d4e87267e,662.925085,662.925085,662.925085,1,1,1700621107
2023-11-16,0x0b25c51637c43decd6cc1c1e3da4518d54ddb528,4302,0x72665c34a1fdd9f54c3001c00d358e1833f1fb03,622.832701,622.832701,622.832701,1,1,1700291015
2023-11-16,0x0b25c51637c43decd6cc1c1e3da4518d54ddb528,4315,0x275da555121dab14d6006f454ed3c0e237788836,614.346597,614.346597,0.0,1,0,1700659233
2023-11-16,0x0b25c51637c43decd6cc1c1e3da4518d54ddb528,4338,0xe5dea68128774d469030ae39066818f9e122bc47,596.217542,596.217542,596.217542,1,1,1700594515
2023-11-16,0x0b25c51637c43decd6cc1c1e3da4518d54ddb528,4410,0x210d15947c855df5618cc3f91ad9eef4c18c03a0,555.033108,555.033108,0.0,1,0,1700688409
2023-11-16,0x0b25c51637c43decd6cc1c1e3da4518d54ddb528,4437,0xf16d62012ee210af984b816a6c8c0cc47eeb65e4,541.987738,541.987738,0.0,1,0,1700676283
2023-11-16,0x0b25c51637c43decd6cc1c1e3da4518d54ddb528,4467,0xff3885ef026edc8609037b0f3cdade548e302624,0.0,0.0,1495.957547,0,1,1700629013
2023-11-16,0x0b25c51637c43decd6cc1c1e3da4518d54ddb528,4512,0xda844e1ec97b0bab57f6d33f59b225ba57f0f0c9,517.075009,517.075009,517.075009,1,1,1700693801
2023-11-16,0x0b25c51637c43decd6cc1c1e3da4518d54ddb528,4570,0x4262c25b81d6e9cae2962d93f86e45b59d2c437f,6891.618195,6891.618195,0.0,1,0,1700598339
2023-11-16,0x0b25c51637c43decd6cc1c1e3da4518d54ddb528,4606,0x2aeacf58e7bb7fea78a7e7aba7eafc74da93f360,487.479163,487.479163,487.479163,1,1,1700644993
2023-11-16,0x0b25c51637c43decd6cc1c1e3da4518d54ddb528,4613,0x12ed17d0061c89362a1fd0ba9aa960d68b97bd79,474.034316,474.034316,0.0,1,0,1700663277
2023-11-16,0x0b25c51637c43decd6cc1c1e3da4518d54ddb528,4704,0xa4c136dc1b03a934a06a0ba21d22ad5e4d4a7f10,446.471767,446.471767,446.471767,1,1,1700658747
2023-11-16,0x0b25c51637c43decd6cc1c1e3da4518d54ddb528,4709,0xcdc4119c6149da8582bf495ea5b6b3a0b2e14521,444.996583,444.996583,0.0,1,0,1700617075
2023-11-16,0x0b25c51637c43decd6cc1c1e3da4518d54ddb528,4732,0x97d36238ec8e08495aac6972b9f1228cb6df4fd8,439.667439,439.667439,0.0,1,0,1700663975
2023-11-16,0x0b25c51637c43decd6cc1c1e3da4518d54ddb528,4765,0x61e64fa92220090534ccefac0948d7d7eb6f69d7,432.569029,432.569029,432.569029,1,1,1700664247
2023-11-16,0x0b25c51637c43decd6cc1c1e3da4518d54ddb528,4799,0xac57b566e6d2c76174317c2870f1f66276c96746,529.357111,529.357111,0.0,1,0,1700618823
2023-11-16,0x0b25c51637c43decd6cc1c1e3da4518d54ddb528,4804,0x8900cd1338cc3f30a159671b0402b79fcec1b9ad,213.020911,213.020911,0.0,1,0,1700672963
2023-11-16,0x0b25c51637c43decd6cc1c1e3da4518d54ddb528,4819,0x40f018468ae7bb1a15881088746fc14e22e77c77,421.75215,421.75215,421.75215,1,1,1700645299
2023-11-16,0x0b25c51637c43decd6cc1c1e3da4518d54ddb528,4836,0xeb07e4366b0832998b4fca4edbbd3dc12dcd50cd,419.649619,419.649619,419.649619,1,1,1700679749
2023-11-16,0x0b25c51637c43decd6cc1c1e3da4518d54ddb528,4837,0x95b0cb330519db2bcaf74b90c1bde3d62f673718,210.223062,210.223062,0.0,1,0,1700671885
2023-11-16,0x0b25c51637c43decd6cc1c1e3da4518d54ddb528,4946,0xb6c8cabc2150083261d541a3011a658a36ca55b9,406.641037,406.641037,0.0,1,0,1700657989
2023-11-16,0x0b25c51637c43decd6cc1c1e3da4518d54ddb528,4986,0x5283d441e291e3ba7c12c93aa85cb9b2b8e55639,0.0,0.0,402.365684,0,1,1700673907
2023-11-16,0x0b25c51637c43decd6cc1c1e3da4518d54ddb528,5124,0xdacbf0f8199c1e5ae5356a9d3a3b7d5f3e131360,476.658255,476.658255,0.0,1,0,1700618591
2023-11-16,0x0b25c51637c43decd6cc1c1e3da4518d54ddb528,5125,0xc342e5440d1bb36a5e4bc87542364f42d9a07d83,391.383529,391.383529,391.383529,1,1,1700658101
2023-11-16,0x0b25c51637c43decd6cc1c1e3da4518d54ddb528,5127,0x4270783a1d4e97e2249ca64b97bd29b8896e1cf8,390.986412,390.986412,0.0,1,0,1700664453
2023-11-16,0x0b25c51637c43decd6cc1c1e3da4518d54ddb528,5290,0x0a672383bc609c8dc0a746e358cae1a7db555aff,486.818376,486.818376,0.0,1,0,1700618277
2023-11-16,0x0b25c51637c43decd6cc1c1e3da4518d54ddb528,5338,0xc497a4a1655da235e69f6c32b7b8a2e59172f86d,0.0,0.0,94.798647,0,1,1700678601
2023-11-16,0x0b25c51637c43decd6cc1c1e3da4518d54ddb528,5351,0x23fcf8d02b1b515ca40ec908463626c1759c2756,378.662768,378.662768,378.662768,1,1,1700644595
2023-11-16,0x0b25c51637c43decd6cc1c1e3da4518d54ddb528,5384,0xf7247434d02f6484c5d440100aa264cf66a4a718,377.300041,377.300041,0.0,1,0,1700630953
2023-11-16,0x0b25c51637c43decd6cc1c1e3da4518d54ddb528,5402,0x4ecdab936c21e7b42feb6813e0ef8acb9f35e79e,376.407276,376.407276,0.0,1,0,1700657259
2023-11-16,0x0b25c51637c43decd6cc1c1e3da4518d54ddb528,5423,0xf01140a33593d481b9482561fa62a7a1e05ff81c,483.454898,483.454898,0.0,1,0,1700618227
2023-11-16,0x0b25c51637c43decd6cc1c1e3da4518d54ddb528,5436,0x46aebe33dd2369af555a78c2597be37f85aab766,374.645302,374.645302,0.0,1,0,1700675599
2023-11-16,0x0b25c51637c43decd6cc1c1e3da4518d54ddb528,5487,0xba0e5fb438b4efc2e904974c1ec3ff67855b0283,372.705658,372.705658,0.0,1,0,1700664121
2023-11-16,0x0b25c51637c43decd6cc1c1e3da4518d54ddb528,5500,0x4f356412d6264eb2d55b48ac711e02cd0a4eda31,0.0,0.0,371.795039,0,1,1700660059
2023-11-16,0x0b25c51637c43decd6cc1c1e3da4518d54ddb528,5505,0xfb245db74da26226cf183f13287f7110c27fd0c7,487.618595,487.618595,0.0,1,0,1700618117
2023-11-16,0x0b25c51637c43decd6cc1c1e3da4518d54ddb528,5558,0x8c6463594d7a4c2e8fe8c8e38964b6837a9d0415,0.0,0.0,369.665089,0,1,1700665195
2023-11-16,0x0b25c51637c43decd6cc1c1e3da4518d54ddb528,5570,0x19353b784ae308471cc9418c24e4b83bb40f7181,369.353462,369.353462,0.0,1,0,1700657207
2023-11-16,0x0b25c51637c43decd6cc1c1e3da4518d54ddb528,5628,0x2c85610b99c549b9c877bd86efa3898860d5d40a,369.353529,369.353529,0.0,1,0,1700692451
2023-11-16,0x0b25c51637c43decd6cc1c1e3da4518d54ddb528,5629,0x0d597548a504bd73aca94b5d470456b7a68953db,368.14751,368.14751,368.14751,1,1,1700616999
2023-11-16,0x0b25c51637c43decd6cc1c1e3da4518d54ddb528,5636,0x01788e63e54d738f0dac036de1392284d467897f,368.274505,368.274505,368.274505,1,1,1700639501
2023-11-16,0x0b25c51637c43decd6cc1c1e3da4518d54ddb528,5659,0x11090c1f4a652fa7cf21eb041cb8b0596eed5428,366.962794,366.962794,0.0,1,0,1700688833
2023-11-16,0x0b25c51637c43decd6cc1c1e3da4518d54ddb528,5682,0x50c0a9f5ac996f6618ac2a7e2831f0cbb10ecf30,366.415487,366.415487,0.0,1,0,1700665525
2023-11-16,0x0b25c51637c43decd6cc1c1e3da4518d54ddb528,5704,0x8a7cd852dfee6a5c05a8f049a17a14361f8e5ea7,366.324587,366.324587,366.324587,1,1,1700637417
2023-11-16,0x0b25c51637c43decd6cc1c1e3da4518d54ddb528,5730,0x8e3c3084dc48cac05e46346849125f684160b117,445.313542,445.313542,0.0,1,0,1700618663
2023-11-16,0x0b25c51637c43decd6cc1c1e3da4518d54ddb528,5750,0x7a43537c7d9ab1f6c53746bcf1421c15563d6140,364.405013,364.405013,364.405013,1,1,1700664381
2023-11-16,0x0b25c51637c43decd6cc1c1e3da4518d54ddb528,5768,0x90a14725b01a7e43186bcafb6e9c49e57953464c,0.0,0.0,365.078933,0,1,1700639909
2023-11-16,0x0b25c51637c43decd6cc1c1e3da4518d54ddb528,5776,0x7a43537c7d9ab1f6c53746bcf1421c15563d6140,363.526074,363.526074,0.0,1,0,1700664395
2023-11-16,0x0b25c51637c43decd6cc1c1e3da4518d54ddb528,5786,0x0b7c75a9689a84854256c7d5db7c87feb1bbbb8b,1276.616372,1276.616372,0.0,1,0,1700682517
2023-11-16,0x0b25c51637c43decd6cc1c1e3da4518d54ddb528,5789,0x26ef296bd133aa54aaefeeedae62502b78e2e301,471.477815,471.477815,0.0,1,0,1700618171
2023-11-16,0x0b25c51637c43decd6cc1c1e3da4518d54ddb528,5820,0x88078148095e45bf4c28470d07c39cb709f3566b,362.085564,362.085564,0.0,1,0,1700688787
2023-11-16,0x0b25c51637c43decd6cc1c1e3da4518d54ddb528,5822,0xaa7ce71fd8ddffda746af77ba54ccd96b52dfe92,362.089103,362.089103,362.089103,1,1,1700634519
2023-11-16,0x0b25c51637c43decd6cc1c1e3da4518d54ddb528,5823,0x479f2a7472a9730cb5da596c4644c5c0251a1b57,374.723296,374.723296,0.0,1,0,1700688727
2023-11-16,0x0b25c51637c43decd6cc1c1e3da4518d54ddb528,5884,0x8181432899253fa56fdfeb559a9da64ec75d9f15,361.530924,361.530924,0.0,1,0,1700617985
2023-11-16,0x0b25c51637c43decd6cc1c1e3da4518d54ddb528,5891,0x2188d1a5e18768ef32a3c2e647207ca3627d3ffd,441.280838,441.280838,0.0,1,0,1700618535
2023-11-16,0x0b25c51637c43decd6cc1c1e3da4518d54ddb528,5902,0xeac0059e9fc915a1479ed5c47832a7529d2944ac,359.810632,359.810632,0.0,1,0,1700601839
2023-11-16,0x0b25c51637c43decd6cc1c1e3da4518d54ddb528,5909,0xbcd6fd639044c26c7a24288adf62eb56bf4511bc,470.133902,470.133902,0.0,1,0,1700618035
2023-11-16,0x0b25c51637c43decd6cc1c1e3da4518d54ddb528,5971,0xb2d0fb36cca6b51b6464cccc92ded1a4cd9b8b65,438.93848,438.93848,0.0,1,0,1700618723
2023-11-16,0x0b25c51637c43decd6cc1c1e3da4518d54ddb528,6035,0x5321230699f17aa1a242a80d8ecee9233592baf9,477.88465,477.88465,0.0,1,0,1700617975
2023-11-16,0x0b25c51637c43decd6cc1c1e3da4518d54ddb528,6156,0x66805d8b82664acab4cbe0c0498889dde9af7841,354.296127,354.296127,354.296127,1,1,1700671661
2023-11-16,0x0b25c51637c43decd6cc1c1e3da4518d54ddb528,6197,0x0e15e6d82aca20e7c4a5c753b38d8ed0d8d09010,352.091413,352.091413,0.0,1,0,1700691163
2023-11-16,0x0b25c51637c43decd6cc1c1e3da4518d54ddb528,6400,0xfe4841a4615b8132e6e116a033ca39333c63d121,348.355146,348.355146,348.355146,1,1,1700366009
2023-11-16,0x0b25c51637c43decd6cc1c1e3da4518d54ddb528,6798,0xe77ffc696724fd0fcff578a05f3023081ae888c0,0.0,0.0,11118.838374,0,1,1700693959
2023-11-16,0x0b25c51637c43decd6cc1c1e3da4518d54ddb528,6932,0xf1ba347eb6b8f4cbcd132aa2990b3746c1c05065,99.730354,99.730354,0.0,1,0,1700617955
2023-11-16,0x0b25c51637c43decd6cc1c1e3da4518d54ddb528,6933,0x5db9e26d5035c124a9b7dddd545fd60c23cf26d0,0.708711,0.708711,0.0,1,0,1700643687
2023-11-16,0x0b25c51637c43decd6cc1c1e3da4518d54ddb528,7128,0x0f45156f109e474295913d78036fa213b1745d5a,156379.018636,156379.018636,0.0,1,0,1700633683
2023-11-16,0x0b25c51637c43decd6cc1c1e3da4518d54ddb528,7136,0xd87ecc6c74f486b044824a222326a96f696fcfa2,124245.738643,124245.738643,0.0,1,0,1700633477
2023-11-16,0x0b25c51637c43decd6cc1c1e3da4518d54ddb528,7196,0x2b4a4fe93639c70aae55adf5e63f3cbf10956292,240558.982125,240558.982125,221719.120138,1,1,1700683017
2023-11-16,0x0b25c51637c43decd6cc1c1e3da4518d54ddb528,7682,0x4444f125bd3d1a44c15b0545ab678629a4421995,605626.377936,605626.377936,0.0,1,0,1700615811
2023-11-16,0x0b25c51637c43decd6cc1c1e3da4518d54ddb528,7732,0xee9a23404333361302790e905bd0f27603d39818,0.0,5053.720986,8993.99967,1,2,1700119097
2023-11-16,0x0b25c51637c43decd6cc1c1e3da4518d54ddb528,7733,0x9f0f8f07ec71a6435f1574ec022e98b5445d4988,0.0,0.0,21169.36042,0,1,1700679057
2023-11-16,0x0b25c51637c43decd6cc1c1e3da4518d54ddb528,7844,0x4dccb4444a0a804b778ddac22dc21b4fd0fe1a0d,0.165483,0.165483,0.33253,1,1,1700646989
2023-11-16,0x0b25c51637c43decd6cc1c1e3da4518d54ddb528,8054,0xee9a23404333361302790e905bd0f27603d39818,0.0,0.0,4345.665506,0,1,1700119117
2023-11-16,0x0b25c51637c43decd6cc1c1e3da4518d54ddb528,8260,0xd0c786157a01042a183dfa9cf20f561a0d7fff79,36065.766698,36065.766698,36065.766698,1,1,1700663093
2023-11-16,0x0b25c51637c43decd6cc1c1e3da4518d54ddb528,8348,0x0dda3228b0729bfe7698988a669b81d4a306a8ea,14470.567874,14470.567874,13514.730608,1,1,1700660669
2023-11-16,0x0b25c51637c43decd6cc1c1e3da4518d54ddb528,8350,0x0f45156f109e474295913d78036fa213b1745d5a,79257.445584,79257.445584,0.0,1,0,1700633657
2023-11-16,0x0b25c51637c43decd6cc1c1e3da4518d54ddb528,8363,0x21f59001e8543fbd84fcacade38b1a06274f0ca3,1504.702665,1504.702665,1500.951002,1,1,1700670133
2023-11-16,0x0b25c51637c43decd6cc1c1e3da4518d54ddb528,8386,0x4444f125bd3d1a44c15b0545ab678629a4421995,127704.460395,127704.460395,0.0,1,0,1700615841
2023-11-16,0x0b25c51637c43decd6cc1c1e3da4518d54ddb528,8404,0x5d4d3fae4d0282fd8a558b5f42ba700974cbfd1a,0.0,0.0,42554.542874,0,1,1700691173
2023-11-16,0x0b25c51637c43decd6cc1c1e3da4518d54ddb528,8405,0x5d6f3d0c92d0564151357b0863e55e9ed4631b8d,1394.303495,1394.303495,0.0,1,0,1700691707
2023-11-16,0x0b25c51637c43decd6cc1c1e3da4518d54ddb528,8416,0x7b59793ad075e4ce1e35181054759c080b8d965d,0.0,0.0,507121.265793,0,1,1700273763
2023-11-16,0x0b25c51637c43decd6cc1c1e3da4518d54ddb528,8434,0x9f0f8f07ec71a6435f1574ec022e98b5445d4988,0.0,0.0,27667.026293,0,1,1700679071
2023-11-16,0x0b25c51637c43decd6cc1c1e3da4518d54ddb528,8435,0x9fd31424cfceab50218906bc1b3d87fe7778ca61,1692.794711,1692.794711,1691.513878,1,1,1700626241
2023-11-16,0x0b25c51637c43decd6cc1c1e3da4518d54ddb528,8438,0xa23bde7b73b4acc73918e2362e6a646761955c7c,0.0,0.0,1127.674649,0,1,1700652869
2023-11-16,0x0b25c51637c43decd6cc1c1e3da4518d54ddb528,8467,0xd87ecc6c74f486b044824a222326a96f696fcfa2,181618.302409,181618.302409,0.0,1,0,1700633503
2023-11-16,0x0b25c51637c43decd6cc1c1e3da4518d54ddb528,8631,0x5243968110439573d2395f1afe38f0f471c3510d,7303.264122,7303.264122,0.0,1,0,1700672177
2023-11-16,0x0b25c51637c43decd6cc1c1e3da4518d54ddb528,8782,0xeaba90bddbbbf7ec1a6b0483320c40840401e310,2.101807,2.101807,0.0,1,0,1700555751
2023-11-16,0x0b25c51637c43decd6cc1c1e3da4518d54ddb528,9089,0xc898bfd859624967d24bb87ed2931601b3b12145,4.904161,4.904161,12.46691,1,1,1700350697
2023-11-16,0x0b25c51637c43decd6cc1c1e3da4518d54ddb528,9108,0x892176d784bed3dc877a62f3ff9fc091377b2a49,0.0,0.0,249.999942,0,1,1700131579
2023-11-16,0x0b25c51637c43decd6cc1c1e3da4518d54ddb528,9151,0x006fe810cb3830872bcb217dfff18ebf1e33b290,20197.413126,20197.413126,10103.050731,1,1,1700681719
2023-11-16,0x0b25c51637c43decd6cc1c1e3da4518d54ddb528,9189,0xecd7fe7a07d3b04ed6a31d07ca037f71f263a9df,0.0,0.0,1093.44,0,1,1700502445
2023-11-16,0x0b25c51637c43decd6cc1c1e3da4518d54ddb528,9221,0xe77ffc696724fd0fcff578a05f3023081ae888c0,0.0,0.0,1457.92,0,1,1700693927
2023-11-16,0x0b25c51637c43decd6cc1c1e3da4518d54ddb528,9265,0x26602bf417c4e57ba3d2268d7f93a1e16f29e069,0.0,0.0,160522.399549,0,1,1700691007
2023-11-16,0x0b25c51637c43decd6cc1c1e3da4518d54ddb528,9266,0x7b59793ad075e4ce1e35181054759c080b8d965d,0.0,0.0,3098.08,0,1,1700273769
2023-11-16,0x0b25c51637c43decd6cc1c1e3da4518d54ddb528,9276,0xd0c786157a01042a183dfa9cf20f561a0d7fff79,29478.235645,29478.235645,29478.235645,1,1,1700663109
2023-11-16,0x0b25c51637c43decd6cc1c1e3da4518d54ddb528,9278,0xfcea91e004426c4d6f17c0c0e9015af935516ee2,3649.216421,3649.216421,3649.216421,1,1,1700692771
2023-11-16,0x0b25c51637c43decd6cc1c1e3da4518d54ddb528,9292,0x2b4a4fe93639c70aae55adf5e63f3cbf10956292,8383.04,8383.04,8383.04,1,1,1700683035
2023-11-16,0x0b25c51637c43decd6cc1c1e3da4518d54ddb528,9296,0x9f0f8f07ec71a6435f1574ec022e98b5445d4988,0.0,25196.398552,43523.579632,1,2,1700679083
2023-11-16,0x0b25c51637c43decd6cc1c1e3da4518d54ddb528,9297,0xf2ffa43dd3e085d8427c7d29c6ba33228f76ebfa,37203.571659,37203.571659,37203.571659,1,1,1700681545
2023-11-16,0x0b25c51637c43decd6cc1c1e3da4518d54ddb528,9300,0xb33cd827dd59c090e71899bfca31f81f4b189ddb,6938.761332,6938.761332,6933.5112,1,1,1700684069
2023-11-16,0x0b25c51637c43decd6cc1c1e3da4518d54ddb528,9325,0x1594b251df6b70ca9a01d4de0836ab4fd9811241,0.0,0.0,211515.916993,0,1,1700667909
2023-11-16,0x0b25c51637c43decd6cc1c1e3da4518d54ddb528,9334,0x0291eb432cb4a2613a7415018933e3db45bcd769,0.0,0.0,88675.959037,0,1,1700691861
2023-11-16,0x0b25c51637c43decd6cc1c1e3da4518d54ddb528,9344,0x4444f125bd3d1a44c15b0545ab678629a4421995,213346.796036,213346.796036,0.0,1,0,1700615863
2023-11-16,0x0b25c51637c43decd6cc1c1e3da4518d54ddb528,9399,0x006fe810cb3830872bcb217dfff18ebf1e33b290,0.0,0.0,10094.362395,0,1,1700258857
2023-11-16,0x0b25c51637c43decd6cc1c1e3da4518d54ddb528,9404,0x169ff4fd0e36bffa8c2c5ca740b112b42e8a171a,0.0,0.0,6777.018578,0,1,1700693671
2023-11-16,0x0b25c51637c43decd6cc1c1e3da4518d54ddb528,9450,0xe783d9f27c9baa28b630f639f9259a8163a1ac78,7.148369,7.148369,0.0,1,0,1700392285
2023-11-16,0x0b25c51637c43decd6cc1c1e3da4518d54ddb528,9458,0xa94615f9cfa6ff8e3cb581421ec7803b39d8ae97,78343.315802,78343.315802,78232.843306,1,1,1700663219
2023-11-16,0x0b25c51637c43decd6cc1c1e3da4518d54ddb528,9459,0xa94615f9cfa6ff8e3cb581421ec7803b39d8ae97,217215.855507,217215.855507,217215.855507,1,1,1700663233
2023-11-16,0x0b25c51637c43decd6cc1c1e3da4518d54ddb528,9526,0xad03274d1b44ac5280293a3346bcc1b4b9f2e49a,0.0,0.0,2312.839321,0,1,1700629015
2023-11-16,0x0b25c51637c43decd6cc1c1e3da4518d54ddb528,9527,0xf42e16a262c41d5a39107b5958ed6377f2c1fefc,0.0,0.0,2304.983983,0,1,1700629017
2023-11-16,0x0b25c51637c43decd6cc1c1e3da4518d54ddb528,9528,0x77f167cdc43b967658eb8ae473f94402c1672986,0.0,0.0,2320.734882,0,1,1700629005
2023-11-16,0x0b25c51637c43decd6cc1c1e3da4518d54ddb528,9529,0x182962a61a53b3c41da12d2452f4e87ca95a8e7e,0.0,0.0,2297.168598,0,1,1700629019
2023-11-16,0x0b25c51637c43decd6cc1c1e3da4518d54ddb528,9602,0x788d2c0813cac59770cdf36f7beb9bfc819b6475,1077284.98801,1077284.98801,0.0,1,0,1700696263
2023-11-16,0x0b25c51637c43decd6cc1c1e3da4518d54ddb528,9603,0x43e3267ce69862ffbeea59690cdb3e798f71ce7e,14562552.696762,14562552.696762,18580379.801742,1,1,1700681275
2023-11-16,0x0b25c51637c43decd6cc1c1e3da4518d54ddb528,9605,0x794d1ae064a5d2803cba821b7429d95cceccf1ea,5626062.998255,5626062.998255,9295314.326562,1,1,1700696243
2023-11-16,0x0b25c51637c43decd6cc1c1e3da4518d54ddb528,9608,0xacbe1fc97ced05874d2ee6993d92066fe3ec011f,17.943591,17.943591,37.314134,1,1,1700505345
2023-11-16,0x0b25c51637c43decd6cc1c1e3da4518d54ddb528,9609,0x2a23d0650db1c536e71aeb63ecd3daa0b52e66e1,0.0,0.0,7064.945078,0,1,1700184121
2023-11-16,0x0b25c51637c43decd6cc1c1e3da4518d54ddb528,9616,0xf120445761d31c9322416a8eabbbeeea1a1eac1e,61.278539,114.01498,122.570569,2,2,1700294245
2023-11-16,0x0b25c51637c43decd6cc1c1e3da4518d54ddb528,9629,0x0f45156f109e474295913d78036fa213b1745d5a,203447.936458,203447.936458,0.0,1,0,1700633633
2023-11-16,0x0b25c51637c43decd6cc1c1e3da4518d54ddb528,9631,0xd87ecc6c74f486b044824a222326a96f696fcfa2,256469.054255,256469.054255,0.0,1,0,1700633541
2023-11-16,0x0b25c51637c43decd6cc1c1e3da4518d54ddb528,9653,0x42fb915d37f3a4ea92c29f217a74465a1f331b83,53.129332,53.129332,0.0,1,0,1700144471
2023-11-16,0x0b25c51637c43decd6cc1c1e3da4518d54ddb528,9654,0x28831f39bb35edc44ee1c175b44308cd3bef57ee,16.463161,16.463161,0.0,1,0,1700170581
2023-11-16,0x0b25c51637c43decd6cc1c1e3da4518d54ddb528,9699,0x01e3a700a1a0509ec3ee32cc12c3c5a602f1ff8c,2.024291,2.024291,0.0,1,0,1700396189
2023-11-16,0x0b25c51637c43decd6cc1c1e3da4518d54ddb528,9717,0x55996ab2705ffbf8f1f08eb208a8e309f529f554,1810.997386,1810.997386,0.0,1,0,1700685103
2023-11-16,0x0b25c51637c43decd6cc1c1e3da4518d54ddb528,9721,0x4bba239c9cc83619228457502227d801e4738ba0,463.36226,463.36226,0.0,1,0,1700527747
2023-11-16,0x0b25c51637c43decd6cc1c1e3da4518d54ddb528,9732,0x328d75a47e07f26e1ad22ff3de08e8ba3ca190d4,15373.875257,15373.875257,0.0,1,0,1700632415
2023-11-16,0x0b25c51637c43decd6cc1c1e3da4518d54ddb528,9738,0x6c6dc387b28edf1d2ccac7acc99f4238db1592ba,0.00077,0.00077,0.0,1,0,1700646371
2023-11-16,0x0b25c51637c43decd6cc1c1e3da4518d54ddb528,9745,0xfd7a05de2cf423eb8b151a89694142677d164227,4.212385,4.212385,0.0,1,0,1700672895
2023-11-16,0x1b05e4e814b3431a48b8164c41eac834d9ce2da6,23,0xc01a1cd505e6afcd3ced2ee1bac67890497f6654,0.0,0.0,38309.375946,0,1,1700671491
2023-11-16,0x1b05e4e814b3431a48b8164c41eac834d9ce2da6,24,0x208a17c5fabe5b90282e5906945ff335e39326c4,9153.262969,9153.262969,10951.64857,1,1,1700683823
2023-11-16,0x1b05e4e814b3431a48b8164c41eac834d9ce2da6,43,0x2ddb405238368695f34d30a80ab60c449aa5ce48,0.0,0.0,60536.047102,0,1,1700692465
2023-11-16,0x1b05e4e814b3431a48b8164c41eac834d9ce2da6,47,0x011b0a055e02425461a1ae95b30f483c4ff05be7,0.0,0.0,391201.809102,0,1,1700693931
2023-11-16,0x1b05e4e814b3431a48b8164c41eac834d9ce2da6,52,0x28878aec6b4209d90a40890183e3322f0ae5b2e2,270222.310229,270222.310229,432019.402124,1,1,1700683257
2023-11-16,0x1b05e4e814b3431a48b8164c41eac834d9ce2da6,54,0xf265702178a66b4b7ce079fc8a1629e47cf1bcde,447022.714365,447022.714365,335013.359965,1,1,1700686191
2023-11-16,0x1b05e4e814b3431a48b8164c41eac834d9ce2da6,56,0x48a5a6a01ba89cddf97d2d552923d5a11401ed19,0.0,0.0,649897.780935,0,1,1700682157
2023-11-16,0x1b05e4e814b3431a48b8164c41eac834d9ce2da6,64,0xf1010ee787ee588766b441d7cc397b40ddfb17a3,292535.984686,292535.984686,233698.782003,1,1,1700692701
2023-11-16,0x1b05e4e814b3431a48b8164c41eac834d9ce2da6,67,0x8ce17ff2c7376e9adfe9c63c47a801097fa6c525,108398.375513,108398.375513,0.0,1,0,1700690971
2023-11-16,0x1b05e4e814b3431a48b8164c41eac834d9ce2da6,68,0x132e47cf2c19ec2d8dd56e1528fc7e18dc09188f,129045.433105,129045.433105,189250.936902,1,1,1700693779
2023-11-16,0x1b05e4e814b3431a48b8164c41eac834d9ce2da6,99,0xa48cd684ded1eee3de13e052bbdcfed59558a1ca,0.0,0.0,225861.63091,0,1,1700580977
2023-11-16,0x1b05e4e814b3431a48b8164c41eac834d9ce2da6,103,0x1c2ed7a6c4e3c1146103fa222181115a72243a06,0.0,0.0,54737.710413,0,1,1700693443
2023-11-16,0x1b05e4e814b3431a48b8164c41eac834d9ce2da6,105,0x208a17c5fabe5b90282e5906945ff335e39326c4,25928.125611,25928.125611,56874.306794,1,1,1700683839
2023-11-16,0x1b05e4e814b3431a48b8164c41eac834d9ce2da6,109,0xbe7019f8333b0b3cfc707ac353ebc2123140134c,495481.797385,495481.797385,123776.724246,1,1,1700685425
2023-11-16,0x1b05e4e814b3431a48b8164c41eac834d9ce2da6,114,0x611b0c1ed942b833c786c53883a4aa37a25602a6,93445.659571,93445.659571,46687.477513,1,1,1700684273
2023-11-16,0x1b05e4e814b3431a48b8164c41eac834d9ce2da6,123,0x3021338c74f10cef1ece6404ac1498c2559f7a5c,461546.50304,923093.00608,922144.2364,2,2,1700682763
2023-11-16,0x1b05e4e814b3431a48b8164c41eac834d9ce2da6,136,0x12c58f57177b8d5832f60cfa690770c19ac9da19,0.0,0.0,111564.310163,0,1,1700683345
2023-11-16,0x1b05e4e814b3431a48b8164c41eac834d9ce2da6,137,0xa4b6eeeb7eba0fc360a7402f2ebe90c178115e91,0.0,69412.216649,128799.841727,1,2,1700692611
2023-11-16,0x1b05e4e814b3431a48b8164c41eac834d9ce2da6,139,0xa04275c10f39e8675a34e147e2ef78d35129f2b6,0.0,0.0,170164.304116,0,1,1700693785
2023-11-16,0x1b05e4e814b3431a48b8164c41eac834d9ce2da6,143,0x62e1af3e818afc059d111c4f53cf0a2d9fd29110,0.0,0.0,352813.552931,0,1,1700690633
2023-11-16,0x1b05e4e814b3431a48b8164c41eac834d9ce2da6,232,0x576f1e53afe5e99b2257258c7e3248d3a1822548,0.0,0.0,56734.055921,0,1,1700692639
2023-11-16,0x1b05e4e814b3431a48b8164c41eac834d9ce2da6,248,0xdaa12ca83de2fab833fc28ce1300ba6ddee67204,28361.023572,28361.023572,0.0,1,0,1700684365
2023-11-16,0x1b05e4e814b3431a48b8164c41eac834d9ce2da6,256,0xd6a2248e5d3696565c162c4554aa61fa6be75db3,34230.559352,34230.559352,34182.273657,1,1,1700666839
2023-11-16,0x1b05e4e814b3431a48b8164c41eac834d9ce2da6,298,0x19869a4e9c80e277d0580d481d396d09e05b7169,0.0,0.0,109534.575849,0,1,1700685983
2023-11-16,0x1b05e4e814b3431a48b8164c41eac834d9ce2da6,302,0x188c30e9a6527f5f0c3f7fe59b72ac7253c62f28,0.0,0.0,113483.962017,0,1,1700685733
2023-11-16,0x1b05e4e814b3431a48b8164c41eac834d9ce2da6,328,0x2d8ea9bcf57a8456085947ab4752f3f9104fc7db,122369.732391,122369.732391,122277.142791,1,1,1700671563
2023-11-16,0x1b05e4e814b3431a48b8164c41eac834d9ce2da6,331,0x5181cdf1bb20da04ba788f82989f29e65b67314a,102110.191625,102110.191625,102110.191625,1,1,1700684113
2023-11-16,0x1b05e4e814b3431a48b8164c41eac834d9ce2da6,338,0x65877be34c0c3c3a317d97028fd91bd261410026,0.0,0.0,94993.899768,0,1,1700691443
2023-11-16,0x1b05e4e814b3431a48b8164c41eac834d9ce2da6,364,0xe7b27bd74f522afa05732ba82b2f46a38d4be098,0.0,0.0,19393.317566,0,1,1700663383
2023-11-16,0x1b05e4e814b3431a48b8164c41eac834d9ce2da6,376,0xff53e3a27b7252148e0f1daf4a00261eee59177f,7232.78267,7232.78267,7232.78267,1,1,1700690131
2023-11-16,0x1b05e4e814b3431a48b8164c41eac834d9ce2da6,411,0x089bf34290ff2767fbd1cda881566c76415a9c00,0.0,0.0,90663.716768,0,1,1700686223
2023-11-16,0x1b05e4e814b3431a48b8164c41eac834d9ce2da6,477,0x4c55adf88fe327befba5dd15000b039b818f365f,0.0,0.0,47318.723385,0,1,1700689943
2023-11-16,0x1b05e4e814b3431a48b8164c41eac834d9ce2da6,486,0x7ee615e93d2d58feb14e58ea93f3fb5940d227e4,0.0,0.0,10062.971868,0,1,1700668705
2023-11-16,0x1b05e4e814b3431a48b8164c41eac834d9ce2da6,502,0x66f920658396f4c3642a32f6b5d5b65c3d6349db,0.0,0.0,40497.701305,0,1,1700671529
2023-11-16,0x1b05e4e814b3431a48b8164c41eac834d9ce2da6,536,0xf6ed81d5e9f61dd1ea21e96ae1d660ecc388ae4f,10201.157276,10201.157276,10201.157276,1,1,1700672587
2023-11-16,0x1b05e4e814b3431a48b8164c41eac834d9ce2da6,597,0x1ce0c2b445c8e87ea4c40b6e721d9a39b09f6459,3606.240568,3606.240568,7212.481137,1,1,1700688147
2023-11-16,0x1b05e4e814b3431a48b8164c41eac834d9ce2da6,611,0xbe4896c3acb7fc415e2e69108333ed431eb38993,0.0,0.0,35191.980083,0,1,1700687987
2023-11-16,0x1b05e4e814b3431a48b8164c41eac834d9ce2da6,639,0xe564d9afc3e8d7ddc99912dbc5db58925b414024,0.0,0.0,16473.708947,0,1,1700603697
2023-11-16,0x1b05e4e814b3431a48b8164c41eac834d9ce2da6,701,0xacd97a24977afa76d74c6ed7f363f6e4366f74bb,0.0,15628.013046,31096.658761,1,2,1700678065
2023-11-16,0x1b05e4e814b3431a48b8164c41eac834d9ce2da6,739,0xdfe7ad3e0cc6fb0798e66c67c72927c49fc42478,25779.672888,25779.672888,0.0,1,0,1700679581
2023-11-16,0x1b05e4e814b3431a48b8164c41eac834d9ce2da6,764,0xa311ab5780aa036b71aac2b71163fd03ec0df59e,0.0,0.0,11998.842391,0,1,1700677917
2023-11-16,0x1b05e4e814b3431a48b8164c41eac834d9ce2da6,818,0x30a2837f3d319a3e1984de5a32c0df310e2496b7,11565.656293,11565.656293,11556.905276,1,1,1700690099
2023-11-16,0x1b05e4e814b3431a48b8164c41eac834d9ce2da6,895,0x03452486f10344aeb8bc1ab7457e5a9be613bd56,14910.174604,14910.174604,14898.892998,1,1,1700673741
2023-11-16,0x1b05e4e814b3431a48b8164c41eac834d9ce2da6,935,0xedbf8de67f84fb7f166652f9338a9a06fbe33893,0.0,0.0,8350.974084,0,1,1700673023
2023-11-16,0x1b05e4e814b3431a48b8164c41eac834d9ce2da6,963,0x48c84fb52dd6fd66cf4c150224b1d41b5f0729c4,0.0,0.0,16012.172234,0,1,1700690317
2023-11-16,0x1b05e4e814b3431a48b8164c41eac834d9ce2da6,973,0x89468c809f87e3748488a241839b4b22bfe94bdd,0.0,0.0,15733.855151,0,1,1700165301
2023-11-16,0x1b05e4e814b3431a48b8164c41eac834d9ce2da6,1053,0x3216a8a03b07b6b19cbc21d62c8942e625fc3e07,0.0,0.0,5141.837204,0,1,1700674237
2023-11-16,0x1b05e4e814b3431a48b8164c41eac834d9ce2da6,1113,0xe7cd9a570b8408761eecde5791732a9b6e024963,0.0,0.0,12534.220814,0,1,1700464831
2023-11-16,0x1b05e4e814b3431a48b8164c41eac834d9ce2da6,1235,0x62e1af3e818afc059d111c4f53cf0a2d9fd29110,0.0,0.0,10354.291065,0,1,1700690669
2023-11-16,0x1b05e4e814b3431a48b8164c41eac834d9ce2da6,1305,0x05b5240daa1894a299a41d1f63f1caacf94bdeb3,0.0,0.0,9352.750075,0,1,1700681685
2023-11-16,0x1b05e4e814b3431a48b8164c41eac834d9ce2da6,1331,0x24db8a0a16da2812b55af4d0f3a8ada8a68a330f,0.0,0.0,24515.166194,0,1,1700684783
2023-11-16,0x1b05e4e814b3431a48b8164c41eac834d9ce2da6,1430,0xfb07d2bdef2deb1ebec001644b4732ab77281c7a,0.0,0.0,5024.71137,0,1,1700668581
2023-11-16,0x1b05e4e814b3431a48b8164c41eac834d9ce2da6,1581,0xce06012ccf4b9648710b6d624c09e11cb780e93c,0.0,0.0,6661.19049,0,1,1700692415
2023-11-16,0x1b05e4e814b3431a48b8164c41eac834d9ce2da6,1592,0xdbdf70689cb64b096c5291843936c56731e8240b,0.0,0.0,6627.218526,0,1,1700673887
2023-11-16,0x1b05e4e814b3431a48b8164c41eac834d9ce2da6,1764,0x7690453f91dbadef8a592a32c679d8f0f5e0116b,8114.089514,8114.089514,8022.46518,1,1,1700694131
2023-11-16,0x1b05e4e814b3431a48b8164c41eac834d9ce2da6,1789,0x9c20b6eb1452e6ad77d67a8b5d86fddc384e93f3,0.0,0.0,5169.018082,0,1,1700662729
2023-11-16,0x1b05e4e814b3431a48b8164c41eac834d9ce2da6,1980,0x48fb55ed1fb62ed26274fb805f6444bea97c1f28,0.0,0.0,4306.143965,0,1,1700675799
2023-11-16,0x1b05e4e814b3431a48b8164c41eac834d9ce2da6,2013,0x6aef48ea854bc0e805232cecbab2fab592037c19,0.0,0.0,4231.167593,0,1,1700685639
2023-11-16,0x1b05e4e814b3431a48b8164c41eac834d9ce2da6,2071,0x078b8ff955e3cf77550bf2f2edfc0aacbc29adc6,0.0,0.0,4322.988233,0,1,1700687493
2023-11-16,0x1b05e4e814b3431a48b8164c41eac834d9ce2da6,2166,0x509814af024e569f6f9bdbd1400a1a1576a90622,0.0,0.0,3849.870989,0,1,1700664567
2023-11-16,0x1b05e4e814b3431a48b8164c41eac834d9ce2da6,2219,0xbf7a212642dd4ac4c46af83410e18337379c85ec,0.0,0.0,1166.894485,0,1,1700692843
2023-11-16,0x1b05e4e814b3431a48b8164c41eac834d9ce2da6,2332,0xae69116e4aa49645f78c1fc9f28f677aede0d153,0.0,0.0,3511.041042,0,1,1700671695
2023-11-16,0x1b05e4e814b3431a48b8164c41eac834d9ce2da6,2362,0xbaa9b493bccbe1a900b39870980f41356f85822a,9531.064233,9531.064233,3809.541067,1,1,1700672771
2023-11-16,0x1b05e4e814b3431a48b8164c41eac834d9ce2da6,2400,0x934c44b813dc4c9ca08d5fd0d5190447dcadeb51,0.0,0.0,3379.140724,0,1,1700605367
2023-11-16,0x1b05e4e814b3431a48b8164c41eac834d9ce2da6,2630,0x62e1af3e818afc059d111c4f53cf0a2d9fd29110,0.0,0.0,3057.133398,0,1,1700690699
2023-11-16,0x1b05e4e814b3431a48b8164c41eac834d9ce2da6,2771,0xbd7041c03b68467a55596f375c3e4bb716406a23,0.0,0.0,1274.175873,0,1,1700683673
2023-11-16,0x1b05e4e814b3431a48b8164c41eac834d9ce2da6,2856,0xf3b059c887172f2cc52b5e77ee3b2c8b3a32e6ef,2268.252503,2268.252503,2268.252503,1,1,1700675741
2023-11-16,0x1b05e4e814b3431a48b8164c41eac834d9ce2da6,3362,0x7ffbeb62cf6e5e53f898ba52d66d29ca3b2851fd,0.0,0.0,49669.680593,0,1,1700690731
2023-11-16,0x1b05e4e814b3431a48b8164c41eac834d9ce2da6,3461,0x08f83e8860912f8c8186461ea00db5f6030c70f6,0.0,0.0,2466.391661,0,1,1700678127
2023-11-16,0x1b05e4e814b3431a48b8164c41eac834d9ce2da6,4381,0xdb7fffd6a9b91e330028ad3801f006fec52f63df,0.0,0.0,571.024675,0,1,1700341467
2023-11-16,0x1b05e4e814b3431a48b8164c41eac834d9ce2da6,4468,0x981be1045cf995dedbac017d9f0560ef0f22bfaf,0.0,0.0,529.758385,0,1,1700666689
2023-11-16,0x1b05e4e814b3431a48b8164c41eac834d9ce2da6,4613,0x12ed17d0061c89362a1fd0ba9aa960d68b97bd79,0.0,0.0,142.210295,0,1,1700663277
2023-11-16,0x1b05e4e814b3431a48b8164c41eac834d9ce2da6,4655,0x968b8239b7e25868c00f7a7cddc2bfd9bf21fc20,0.0,0.0,460.816089,0,1,1700341273
2023-11-16,0x1b05e4e814b3431a48b8164c41eac834d9ce2da6,6512,0xf9a470029eab553ddc2351577a7fc8ad1c3540ab,0.0,0.0,74.754624,0,1,1700677539
2023-11-16,0x1b05e4e814b3431a48b8164c41eac834d9ce2da6,7121,0x011b0a055e02425461a1ae95b30f483c4ff05be7,0.0,0.0,27764.136713,0,1,1700693959
2023-11-16,0x1b05e4e814b3431a48b8164c41eac834d9ce2da6,7122,0x011b0a055e02425461a1ae95b30f483c4ff05be7,0.0,0.0,2559.590912,0,1,1700693983
2023-11-16,0x1b05e4e814b3431a48b8164c41eac834d9ce2da6,7844,0x4dccb4444a0a804b778ddac22dc21b4fd0fe1a0d,1.251037,1.251037,2.513889,1,1,1700646989
2023-11-16,0x1b05e4e814b3431a48b8164c41eac834d9ce2da6,7857,0x4886ba5d2b3e0ae1e80172d3bddc4feb32e1ce26,0.836297,0.836297,1.921987,1,1,1700651765
2023-11-16,0x1b05e4e814b3431a48b8164c41eac834d9ce2da6,8395,0x5181cdf1bb20da04ba788f82989f29e65b67314a,16293.7528,16293.7528,16293.7528,1,1,1700684143
2023-11-16,0x1b05e4e814b3431a48b8164c41eac834d9ce2da6,9323,0xfb86a60a4d204de91421871c6d69cb40d21ae736,0.0,0.0,53578.56,0,1,1700681111
2023-11-16,0x1b05e4e814b3431a48b8164c41eac834d9ce2da6,9324,0x166c794d890dd91bbe71f304eca660e1c4892cbb,49387.04,49387.04,0.0,1,0,1700692021
2023-11-16,0x1b05e4e814b3431a48b8164c41eac834d9ce2da6,9602,0x788d2c0813cac59770cdf36f7beb9bfc819b6475,480930.798219,480930.798219,0.0,1,0,1700696263
2023-11-16,0x1b05e4e814b3431a48b8164c41eac834d9ce2da6,9603,0x43e3267ce69862ffbeea59690cdb3e798f71ce7e,4471965.001368,4471965.001368,3440811.074397,1,1,1700681275
2023-11-16,0x1b05e4e814b3431a48b8164c41eac834d9ce2da6,9605,0x794d1ae064a5d2803cba821b7429d95cceccf1ea,2511635.267078,2511635.267078,1909307.807618,1,1,1700696243
2023-11-16,0x218f511431194b2c756d67a137de536bea74e498,971,0xe3cfbf8fb378f5c4cf780077ee5c2ffe7aaea6dc,0.0,0.0,1578.11027,0,1,1700667051
2023-11-16,0x218f511431194b2c756d67a137de536bea74e498,1317,0xdbfb0785366262f4736bcb5757cb20f0065c4dd1,0.0,0.0,9191.701868,0,1,1700692541
2023-11-16,0x218f511431194b2c756d67a137de536bea74e498,3266,0x7b329c7feffadc2217d9745e6e4cd28aa5434363,0.0,0.0,1624.366433,0,1,1700655589
2023-11-16,0x2223f9fe624f69da4d8256a7bcc9104fba7f8f75,21,0x4444aaaacdba5580282365e25b16309bd770ce4a,0.0,0.0,388858.133633,0,1,1700688869
2023-11-16,0x2223f9fe624f69da4d8256a7bcc9104fba7f8f75,23,0xc01a1cd505e6afcd3ced2ee1bac67890497f6654,0.0,0.0,38309.375946,0,1,1700671491
2023-11-16,0x2223f9fe624f69da4d8256a7bcc9104fba7f8f75,53,0x1594b251df6b70ca9a01d4de0836ab4fd9811241,0.0,0.0,1217279.277029,0,1,1700667741
2023-11-16,0x2223f9fe624f69da4d8256a7bcc9104fba7f8f75,55,0x285fed35cbea271a711681e84ffd83c68a596a75,0.0,0.0,1115270.341054,0,1,1700683597
2023-11-16,0x2223f9fe624f69da4d8256a7bcc9104fba7f8f75,56,0x48a5a6a01ba89cddf97d2d552923d5a11401ed19,0.0,0.0,942351.782355,0,1,1700682157
2023-11-16,0x2223f9fe624f69da4d8256a7bcc9104fba7f8f75,85,0xc877f7c4c1605692226888f884a823cfb8eb11bd,0.0,0.0,774810.397533,0,1,1700666037
2023-11-16,0x2223f9fe624f69da4d8256a7bcc9104fba7f8f75,93,0x0291eb432cb4a2613a7415018933e3db45bcd769,0.0,0.0,1021766.219978,0,1,1700691857
2023-11-16,0x2223f9fe624f69da4d8256a7bcc9104fba7f8f75,99,0xa48cd684ded1eee3de13e052bbdcfed59558a1ca,0.0,0.0,282327.038638,0,1,1700580977
2023-11-16,0x2223f9fe624f69da4d8256a7bcc9104fba7f8f75,121,0xede54584f748480851cad467b82c6a1173bebe10,67490.513097,179974.701591,224508.810129,2,2,1700098427
2023-11-16,0x2223f9fe624f69da4d8256a7bcc9104fba7f8f75,129,0xcb7d87f5502fc91529e0fe92373dddd8ff1f3d7c,0.0,0.0,107407.261405,0,1,1700693803
2023-11-16,0x2223f9fe624f69da4d8256a7bcc9104fba7f8f75,139,0xa04275c10f39e8675a34e147e2ef78d35129f2b6,0.0,0.0,222116.72697,0,1,1700693785
2023-11-16,0x2223f9fe624f69da4d8256a7bcc9104fba7f8f75,160,0xb0eb6f452ecea6a76fda435b4629cf6a11b24a2a,0.0,0.0,141907.265713,0,1,1700648903
2023-11-16,0x2223f9fe624f69da4d8256a7bcc9104fba7f8f75,173,0xc99783596103c9bee59cc2c260548fb848916c4b,119962.799847,119962.799847,0.0,1,0,1700680669
2023-11-16,0x2223f9fe624f69da4d8256a7bcc9104fba7f8f75,174,0x83bad39f067ef72e354f2ea9d318eaad381a7f15,0.0,0.0,122623.104174,0,1,1700684493
2023-11-16,0x2223f9fe624f69da4d8256a7bcc9104fba7f8f75,188,0xa60aadf62907bf06dd714781d44bbd4c2d783259,0.0,0.0,106714.672725,0,1,1700671523
2023-11-16,0x2223f9fe624f69da4d8256a7bcc9104fba7f8f75,232,0x576f1e53afe5e99b2257258c7e3248d3a1822548,0.0,0.0,55065.407217,0,1,1700692639
2023-11-16,0x2223f9fe624f69da4d8256a7bcc9104fba7f8f75,284,0x5a34f25040ba6e12daea0512d4d2a0043ecc9292,117671.777816,117671.777816,117671.777816,1,1,1700692923
2023-11-16,0x2223f9fe624f69da4d8256a7bcc9104fba7f8f75,286,0xb33cd827dd59c090e71899bfca31f81f4b189ddb,0.0,0.0,91168.372453,0,1,1700684049
2023-11-16,0x2223f9fe624f69da4d8256a7bcc9104fba7f8f75,317,0x2d8ea9bcf57a8456085947ab4752f3f9104fc7db,0.0,0.0,105147.155559,0,1,1700671541
2023-11-16,0x2223f9fe624f69da4d8256a7bcc9104fba7f8f75,322,0xc877f7c4c1605692226888f884a823cfb8eb11bd,0.0,0.0,98528.115169,0,1,1700666029
2023-11-16,0x2223f9fe624f69da4d8256a7bcc9104fba7f8f75,343,0xb1d47d39c3bb868e5e4be068b7057d4caad0b31c,0.0,0.0,86825.267647,0,1,1700690947
2023-11-16,0x2223f9fe624f69da4d8256a7bcc9104fba7f8f75,363,0xbe12e889a5af67b12369c5610187a18c0a43dce0,0.0,0.0,77687.002803,0,1,1700685937
2023-11-16,0x2223f9fe624f69da4d8256a7bcc9104fba7f8f75,364,0xe7b27bd74f522afa05732ba82b2f46a38d4be098,0.0,0.0,38786.635131,0,1,1700663383
2023-11-16,0x2223f9fe624f69da4d8256a7bcc9104fba7f8f75,416,0x151e5062d509bf6fc1b5345afa0e7397c9c82226,0.0,0.0,15383.363924,0,1,1700672895
2023-11-16,0x2223f9fe624f69da4d8256a7bcc9104fba7f8f75,433,0x4a9a3815060c3bd08fb4d44c9e74513874771b0c,0.0,0.0,65136.972792,0,1,1700665967
2023-11-16,0x2223f9fe624f69da4d8256a7bcc9104fba7f8f75,457,0x2bc87addae195da271c2cb6f773cee647aeefa60,0.0,0.0,51428.163856,0,1,1700678141
2023-11-16,0x2223f9fe624f69da4d8256a7bcc9104fba7f8f75,473,0x97020c9ec66e0f59231918b1d2f167a66026aff2,0.0,0.0,16171.334562,0,1,1700678139
2023-11-16,0x2223f9fe624f69da4d8256a7bcc9104fba7f8f75,486,0x7ee615e93d2d58feb14e58ea93f3fb5940d227e4,0.0,0.0,10062.971868,0,1,1700668705
2023-11-16,0x2223f9fe624f69da4d8256a7bcc9104fba7f8f75,514,0xe9eb5b18f6a6098eae9d38d03dbfdc924bd757e9,21266.158867,21266.158867,0.0,1,0,1700100563
2023-11-16,0x2223f9fe624f69da4d8256a7bcc9104fba7f8f75,536,0xf6ed81d5e9f61dd1ea21e96ae1d660ecc388ae4f,0.0,0.0,10201.157276,0,1,1700672587
2023-11-16,0x2223f9fe624f69da4d8256a7bcc9104fba7f8f75,543,0x6613a1521394c2f17c7d705e48279e44c2a01936,14020.897425,14020.897425,14020.897425,1,1,1700098151
2023-11-16,0x2223f9fe624f69da4d8256a7bcc9104fba7f8f75,548,0xb82e12d1da436611c5c94d535c3a40f5fb3f35ab,19817.044997,19817.044997,0.0,1,0,1700654161
2023-11-16,0x2223f9fe624f69da4d8256a7bcc9104fba7f8f75,551,0xdde346eaecec99ff62b8454fbd721593d40e2fbc,20587.61012,20587.61012,20572.03275,1,1,1700118969
2023-11-16,0x2223f9fe624f69da4d8256a7bcc9104fba7f8f75,558,0x985dbffd8daaf59cc68883d17cfab313b2343184,0.0,0.0,19468.833098,0,1,1700685905
2023-11-16,0x2223f9fe624f69da4d8256a7bcc9104fba7f8f75,595,0xf89cb9b9b412feff16ca94c02db6faddccd51ce4,0.0,0.0,18182.379883,0,1,1700666109
2023-11-16,0x2223f9fe624f69da4d8256a7bcc9104fba7f8f75,604,0xf99c8873b972b4192e789f55ab954188d0d9a133,0.0,0.0,35576.176179,0,1,1700665425
2023-11-16,0x2223f9fe624f69da4d8256a7bcc9104fba7f8f75,622,0x81f10d99464d604ea1e9242dc71733a506e95b4e,0.0,0.0,35757.199034,0,1,1700683785
2023-11-16,0x2223f9fe624f69da4d8256a7bcc9104fba7f8f75,636,0x599321b91d0e4e541f7d172ab1cacccc0d5a8e82,13267.370578,13267.370578,13267.370578,1,1,1700662671
2023-11-16,0x2223f9fe624f69da4d8256a7bcc9104fba7f8f75,657,0x2067bed542762d26e2755ce7d8776728f3429f48,31320.595578,31320.595578,31276.430172,1,1,1700210271
2023-11-16,0x2223f9fe624f69da4d8256a7bcc9104fba7f8f75,679,0x70c9fafea22acc41bda969f8ba2801af42456f51,0.0,0.0,85198.527111,0,1,1700671481
2023-11-16,0x2223f9fe624f69da4d8256a7bcc9104fba7f8f75,686,0x485efc3c9ce74e870d4b3765049856435f3d08c6,0.0,0.0,28672.83371,0,1,1700666113
2023-11-16,0x2223f9fe624f69da4d8256a7bcc9104fba7f8f75,738,0x3aa8ac0e6c1fb9cbb733565de16cdc5a676bcb04,0.0,0.0,25616.36689,0,1,1700679285
2023-11-16,0x2223f9fe624f69da4d8256a7bcc9104fba7f8f75,761,0xe4495842d915738d659609727a51e39d15b66778,3633.641852,3633.641852,0.0,1,0,1700428031
2023-11-16,0x2223f9fe624f69da4d8256a7bcc9104fba7f8f75,765,0x7cb158d3afe100d7bb4933cb5b4c5b16f5ef937b,0.0,0.0,23991.984614,0,1,1700679411
2023-11-16,0x2223f9fe624f69da4d8256a7bcc9104fba7f8f75,776,0xc923dd451dfb1fc6a4608982c6c077414da06a4d,6210.242439,6210.242439,0.0,1,0,1700551463
2023-11-16,0x2223f9fe624f69da4d8256a7bcc9104fba7f8f75,844,0x0849f5477813c0acb47aaceb5fb64da0ea5256a5,0.0,0.0,20199.865057,0,1,1700675611
2023-11-16,0x2223f9fe624f69da4d8256a7bcc9104fba7f8f75,861,0xdda35a6b42d74146b3d93c3718666a774a0fafd3,0.0,0.0,19203.03999,0,1,1700675995
2023-11-16,0x2223f9fe624f69da4d8256a7bcc9104fba7f8f75,892,0x829a2eab39abb84c1e0aa621736a14443b5c5075,0.0,0.0,38771.436443,0,1,1700689317
2023-11-16,0x2223f9fe624f69da4d8256a7bcc9104fba7f8f75,938,0xa7f343a7c53f3a852a7ae51f5e62b4d9b0594336,0.0,0.0,25631.653304,0,1,1700681013
2023-11-16,0x2223f9fe624f69da4d8256a7bcc9104fba7f8f75,976,0xac18c73423d43ad14630c32491ec0db14e2e6148,0.0,0.0,21333.490209,0,1,1700665859
2023-11-16,0x2223f9fe624f69da4d8256a7bcc9104fba7f8f75,1003,0x9726568bf0bff545b0bca6278e75881099629f3d,15321.412865,15321.412865,15277.398423,1,1,1700218121
2023-11-16,0x2223f9fe624f69da4d8256a7bcc9104fba7f8f75,1041,0x8f29777b60643264518b7b8de28cae85fe24848a,7106.151406,7106.151406,6901.013406,1,1,1700388953
2023-11-16,0x2223f9fe624f69da4d8256a7bcc9104fba7f8f75,1042,0xd92b3de78dbd6c29e3937eac884decf8e42a1d1e,5514.581036,5514.581036,5514.581036,1,1,1700473779
2023-11-16,0x2223f9fe624f69da4d8256a7bcc9104fba7f8f75,1087,0x341c18d764d0843698122ae5b5d2dee20067645d,12965.5493,12965.5493,0.0,1,0,1700101213
2023-11-16,0x2223f9fe624f69da4d8256a7bcc9104fba7f8f75,1148,0x616b8248a78ba31c04f769242060d0d16913c04d,11892.3176,11892.3176,11892.3176,1,1,1700233743
2023-11-16,0x2223f9fe624f69da4d8256a7bcc9104fba7f8f75,1188,0x3df6fedbf3ed9e580cbf573d712b5cbb725bb2a7,0.0,0.0,5615.981263,0,1,1700661389
2023-11-16,0x2223f9fe624f69da4d8256a7bcc9104fba7f8f75,1189,0x3c9c3de51bc19645fbab52097fb48a104472a70c,11205.39511,11205.39511,0.0,1,0,1700525153
2023-11-16,0x2223f9fe624f69da4d8256a7bcc9104fba7f8f75,1205,0x5b4a08e006917f68c35d450379d91c430d479296,0.0,0.0,10980.071165,0,1,1700657011
2023-11-16,0x2223f9fe624f69da4d8256a7bcc9104fba7f8f75,1220,0x45821aaa1d5923eb66363f82b9f37e2fef758433,0.0,0.0,10590.142513,0,1,1700691385
2023-11-16,0x2223f9fe624f69da4d8256a7bcc9104fba7f8f75,1309,0x34bbc9a46b09283698ba7aa1c273e8b4e9f7bcc3,5120.90079,5120.90079,4750.653061,1,1,1700387959
2023-11-16,0x2223f9fe624f69da4d8256a7bcc9104fba7f8f75,1349,0x5d20723d6eca69738eac8b4767c46682ecc76f3c,8763.075941,8763.075941,0.0,1,0,1700128271
2023-11-16,0x2223f9fe624f69da4d8256a7bcc9104fba7f8f75,1385,0x8f2c46ce880c288bbf0926123814496a9842a591,4351.785024,4351.785024,0.0,1,0,1700607577
2023-11-16,0x2223f9fe624f69da4d8256a7bcc9104fba7f8f75,1407,0x6ec39176ebc5cb9a0e9a0bddfe3afcc0c8b2defb,4090.293186,4090.293186,4090.293186,1,1,1700664231
2023-11-16,0x2223f9fe624f69da4d8256a7bcc9104fba7f8f75,1430,0xfb07d2bdef2deb1ebec001644b4732ab77281c7a,0.0,0.0,5024.71137,0,1,1700668581
2023-11-16,0x2223f9fe624f69da4d8256a7bcc9104fba7f8f75,1452,0xc1e8a62e3c7cbc093fe83298989dfa41f7a915bc,3875.137752,3875.137752,0.0,1,0,1700651915
2023-11-16,0x2223f9fe624f69da4d8256a7bcc9104fba7f8f75,1470,0xae78d5362f6687de8fbb9b5de6dd129883d61ea8,7628.471384,7628.471384,7628.471384,1,1,1700605101
2023-11-16,0x2223f9fe624f69da4d8256a7bcc9104fba7f8f75,1529,0xc5dfbcf2461c0edc8d0f98d8b0ed9b9fc8b86af9,0.0,0.0,7027.908393,0,1,1700674211
2023-11-16,0x2223f9fe624f69da4d8256a7bcc9104fba7f8f75,1573,0x3559b7256e235109f7519b457060ed37106a91fb,0.0,0.0,9399.100066,0,1,1700149665
2023-11-16,0x2223f9fe624f69da4d8256a7bcc9104fba7f8f75,1575,0x31e1c86c87791c903ccb82726e11a761187ef694,6744.486475,6744.486475,1682.80677,1,1,1700157983
2023-11-16,0x2223f9fe624f69da4d8256a7bcc9104fba7f8f75,1590,0x111a8934a5d0d3913e5d055dae46dc2c965709a0,0.0,0.0,7681.163345,0,1,1700680733
2023-11-16,0x2223f9fe624f69da4d8256a7bcc9104fba7f8f75,1640,0x321610a131df5280921d1ff04df8a13344bb53ae,7547.932699,7547.932699,0.0,1,0,1700117885
2023-11-16,0x2223f9fe624f69da4d8256a7bcc9104fba7f8f75,1692,0xd1cbf265fcdcafba2e406a17ddd3d178bc7b6803,600.787287,600.787287,5981.541427,1,1,1700163173
2023-11-16,0x2223f9fe624f69da4d8256a7bcc9104fba7f8f75,1713,0xf447b405fc7b41ddfef3cf66ec790eabd6b26a47,5804.07429,5804.07429,5804.07429,1,1,1700485737
2023-11-16,0x2223f9fe624f69da4d8256a7bcc9104fba7f8f75,1718,0xdbae4a204a9ee579e402c7cf9f72005ecbf8f8e4,5760.384327,5760.384327,0.0,1,0,1700096641
2023-11-16,0x2223f9fe624f69da4d8256a7bcc9104fba7f8f75,1812,0xd834ec8697f4ab0ebd626c0db8e2f7414e1f082d,0.0,0.0,6246.096189,0,1,1700685557
2023-11-16,0x2223f9fe624f69da4d8256a7bcc9104fba7f8f75,1839,0x34833ab677f5cc40a44a36330fb18fef2ac4f03b,0.0,0.0,4876.582203,0,1,1700613913
2023-11-16,0x2223f9fe624f69da4d8256a7bcc9104fba7f8f75,1857,0xf7c8a4a99ba34b4744d08999dd017b5faa4d3378,0.0,0.0,4805.495389,0,1,1700683715
2023-11-16,0x2223f9fe624f69da4d8256a7bcc9104fba7f8f75,1895,0xddc3244a5857a15d19dfc5ab66cf9565ac362f44,0.0,10630.513961,15753.66623,2,3,1700643083
2023-11-16,0x2223f9fe624f69da4d8256a7bcc9104fba7f8f75,1911,0xe2e61752ef7ed9ab04b61bcc88b918d5264dc259,0.0,0.0,4543.639625,0,1,1700675817
2023-11-16,0x2223f9fe624f69da4d8256a7bcc9104fba7f8f75,1928,0x70b1c13c592ee6fdb7ed2f06c70a409776a11ce6,0.0,0.0,4585.350792,0,1,1700665081
2023-11-16,0x2223f9fe624f69da4d8256a7bcc9104fba7f8f75,1966,0xdd77a81910f4513524bda1394a3de2237e4288e1,0.0,0.0,4705.502925,0,1,1700582907
2023-11-16,0x2223f9fe624f69da4d8256a7bcc9104fba7f8f75,1974,0x6858a4d8d7d0297c138b403b6a34cb3b424b7f4a,0.0,0.0,4310.763136,0,1,1700097179
2023-11-16,0x2223f9fe624f69da4d8256a7bcc9104fba7f8f75,1983,0xdc8c1959c74ab2cb3819add153e62739d12be550,4535.121674,4535.121674,0.0,1,0,1700156213
2023-11-16,0x2223f9fe624f69da4d8256a7bcc9104fba7f8f75,1991,0x4bdfae7d2a6fc206c5a80f4d41e683a5d5b30d5b,4263.70844,4263.70844,4263.70844,1,1,1700106657
2023-11-16,0x2223f9fe624f69da4d8256a7bcc9104fba7f8f75,2002,0x77e1892fd956c6df5a283804d57ba4c6e2803766,4239.431055,4239.431055,0.0,1,0,1700162591
2023-11-16,0x2223f9fe624f69da4d8256a7bcc9104fba7f8f75,2007,0x31b07bcd06794c8c10909d9061639521b167780e,0.0,0.0,1099.638213,0,1,1700135861
2023-11-16,0x2223f9fe624f69da4d8256a7bcc9104fba7f8f75,2025,0xbac17eadc8c1cb94e59fa54f7e988b09f5ec58fe,2093.446655,2093.446655,0.0,1,0,1700652015
2023-11-16,0x2223f9fe624f69da4d8256a7bcc9104fba7f8f75,2036,0xde107b82e3e47ed281d276644b8115548c085c24,2093.878641,2093.878641,0.0,1,0,1700116381
2023-11-16,0x2223f9fe624f69da4d8256a7bcc9104fba7f8f75,2092,0x54b2bc420f9d59a4a4eda1c5121d6fa43ad80193,4044.359676,4044.359676,4041.29956,1,1,1700182357
2023-11-16,0x2223f9fe624f69da4d8256a7bcc9104fba7f8f75,2114,0xdb743c5132eb9ae11bf829014c82ce503bc621cb,3997.152293,3997.152293,0.0,1,0,1700555189
2023-11-16,0x2223f9fe624f69da4d8256a7bcc9104fba7f8f75,2129,0x9e136c1c6d31504f6b0af8cba2cd3f1ea77b2e2b,862.463532,862.463532,862.463532,1,1,1700124211
2023-11-16,0x2223f9fe624f69da4d8256a7bcc9104fba7f8f75,2208,0xbbcc2e027a065d7c4e1fdca27885b1783348448c,0.0,0.0,3776.255121,0,1,1700597967
2023-11-16,0x2223f9fe624f69da4d8256a7bcc9104fba7f8f75,2220,0x8210b30a77b0dcdf25b14c9d6a65399b27d5c10f,0.0,0.0,3751.731177,0,1,1700671249
2023-11-16,0x2223f9fe624f69da4d8256a7bcc9104fba7f8f75,2242,0x288a2395f027f65684d836754ba43afa20ca09e6,0.0,0.0,3654.773174,0,1,1700116001
2023-11-16,0x2223f9fe624f69da4d8256a7bcc9104fba7f8f75,2244,0x6fb5421989807f828926b03e44a5ce61d6906ee3,0.0,0.0,3665.100303,0,1,1700680621
2023-11-16,0x2223f9fe624f69da4d8256a7bcc9104fba7f8f75,2254,0xd4a766461855f69ebe6f08a8fdde55c97a009cae,0.0,0.0,3629.805563,0,1,1700663023
2023-11-16,0x2223f9fe624f69da4d8256a7bcc9104fba7f8f75,2264,0x4232cc095d14c6a804a8235f3b48d9d66b732b0d,3619.234824,3619.234824,3619.234824,1,1,1700332791
2023-11-16,0x2223f9fe624f69da4d8256a7bcc9104fba7f8f75,2281,0x1d884c7d4132bb1d75bfd228ce9447d82527a217,0.0,0.0,3593.692548,0,1,1700101131
2023-11-16,0x2223f9fe624f69da4d8256a7bcc9104fba7f8f75,2299,0xc4f694f8da796b7b36d9f5ceeacae5722c2d1d6e,0.0,0.0,3809.214102,0,1,1700677201
2023-11-16,0x2223f9fe624f69da4d8256a7bcc9104fba7f8f75,2345,0x12924049e2d21664e35387c69429c98e9891a820,3488.04947,3488.04947,3488.04947,1,1,1700670715
2023-11-16,0x2223f9fe624f69da4d8256a7bcc9104fba7f8f75,2352,0x514fab6ca1213f22db9f7e1bd461986abaee93b1,0.0,0.0,3644.965672,0,1,1700672177
2023-11-16,0x2223f9fe624f69da4d8256a7bcc9104fba7f8f75,2355,0x8fb66dbf6a4d1cdaed5b72135324f345fa6c9b83,0.0,0.0,3637.115746,0,1,1700672529
2023-11-16,0x2223f9fe624f69da4d8256a7bcc9104fba7f8f75,2357,0xfd6696e745434d6bc6af360ebcf81876cde48d90,0.0,0.0,3636.489364,0,1,1700672177
2023-11-16,0x2223f9fe624f69da4d8256a7bcc9104fba7f8f75,2361,0xcbdfb1f0988749f791e265f60a485cc0f996a1cb,0.0,0.0,3635.779067,0,1,1700672531
2023-11-16,0x2223f9fe624f69da4d8256a7bcc9104fba7f8f75,2362,0xbaa9b493bccbe1a900b39870980f41356f85822a,0.0,0.0,9523.852666,0,1,1700672771
2023-11-16,0x2223f9fe624f69da4d8256a7bcc9104fba7f8f75,2363,0x376ac340cd8f91899a9d93737c191c644f2a42a9,3537.032695,3537.032695,0.0,1,0,1700676249
2023-11-16,0x2223f9fe624f69da4d8256a7bcc9104fba7f8f75,2372,0x4eb4ff4206b92b28383819275a91be201899467a,0.0,0.0,3654.159049,0,1,1700672529
2023-11-16,0x2223f9fe624f69da4d8256a7bcc9104fba7f8f75,2375,0x2e7f0f4dabdfe46f743e7dd3eedb86b92cf78494,0.0,0.0,3658.94662,0,1,1700672529
2023-11-16,0x2223f9fe624f69da4d8256a7bcc9104fba7f8f75,2376,0xc03edd677a9f4ed8128532a9b31e9a3fc2efffb2,0.0,0.0,3660.977082,0,1,1700672833
2023-11-16,0x2223f9fe624f69da4d8256a7bcc9104fba7f8f75,2381,0x8fc4a12a6f356d51417339043421f6c434f3e3df,0.0,0.0,3650.092981,0,1,1700672833
2023-11-16,0x2223f9fe624f69da4d8256a7bcc9104fba7f8f75,2392,0xac9c065b1a84a486628fd20efc9426e435ba7cc2,3394.263277,3394.263277,3394.263277,1,1,1700149211
2023-11-16,0x2223f9fe624f69da4d8256a7bcc9104fba7f8f75,2430,0x1b6a83f6fcf3ab0879199350f4556aecf42a6180,3334.362941,3334.362941,0.0,1,0,1700141023
2023-11-16,0x2223f9fe624f69da4d8256a7bcc9104fba7f8f75,2447,0xdf90bc63d773e674e0ce2488dbf173cdc3622796,828.560527,828.560527,828.560527,1,1,1700255281
2023-11-16,0x2223f9fe624f69da4d8256a7bcc9104fba7f8f75,2548,0x6264f0edba804a5b2d9d35fb8dc4dc9eb09be576,1047.921888,1047.921888,0.0,1,0,1700165821
2023-11-16,0x2223f9fe624f69da4d8256a7bcc9104fba7f8f75,2559,0xfdf45e7d16bdb5df94ac2f1ef36c34984787b0f9,3142.998275,3142.998275,0.0,1,0,1700239587
2023-11-16,0x2223f9fe624f69da4d8256a7bcc9104fba7f8f75,2561,0x0a11acdd1ffbdb8adfc34a84f1836f360e6f3cce,3233.318543,3233.318543,0.0,1,0,1700343263
2023-11-16,0x2223f9fe624f69da4d8256a7bcc9104fba7f8f75,2598,0xc0433e26e3d2ae7d1d80e39a6d58062d1eaa54f5,0.0,0.0,3739.384069,0,1,1700681195
2023-11-16,0x2223f9fe624f69da4d8256a7bcc9104fba7f8f75,2627,0x714a8521db3eee3f5f7d4d2dc0a33d91f0aed3dc,0.0,0.0,3057.86367,0,1,1700665261
2023-11-16,0x2223f9fe624f69da4d8256a7bcc9104fba7f8f75,2629,0xe012d8ecff24057e3a47c93f44ff6eb9d1ba2f4f,3063.752077,3063.752077,3063.752077,1,1,1700234705
2023-11-16,0x2223f9fe624f69da4d8256a7bcc9104fba7f8f75,2632,0x5449f6df38d7d6f2fb8ccea1f3f9f87418e8a174,1532.34357,1532.34357,1531.18414,1,1,1700232207
2023-11-16,0x2223f9fe624f69da4d8256a7bcc9104fba7f8f75,2646,0xc9ed7c5ae4b31dece1b8e5f224023e9583d63863,0.0,0.0,3040.316385,0,1,1700664817
2023-11-16,0x2223f9fe624f69da4d8256a7bcc9104fba7f8f75,2658,0xb9406fdc51ed957eb286c89c722aa5569bb6fd1a,0.0,0.0,3022.808608,0,1,1700666065
2023-11-16,0x2223f9fe624f69da4d8256a7bcc9104fba7f8f75,2670,0xabb3639ac7ea3fbd7e9bfd4d8fd46cad6c3056f6,1835.594943,1835.594943,1101.356966,1,1,1700647409
2023-11-16,0x2223f9fe624f69da4d8256a7bcc9104fba7f8f75,2675,0x6ac5755992f781674853e49c6846bebb89afcbc7,0.0,0.0,2992.174601,0,1,1700173445
2023-11-16,0x2223f9fe624f69da4d8256a7bcc9104fba7f8f75,2685,0x2245c733dd052343b60f44130a25c9f574a696d4,1814.5957,1814.5957,1088.75742,1,1,1700647325
2023-11-16,0x2223f9fe624f69da4d8256a7bcc9104fba7f8f75,2712,0x33a431c03ada4edf4a2facf97c19a999ff33926c,0.0,0.0,2897.474545,0,1,1700665629
2023-11-16,0x2223f9fe624f69da4d8256a7bcc9104fba7f8f75,2714,0xf059b59bdbec91d83c558b4a3cd3c1c6e275f2f1,0.0,0.0,3740.763972,0,1,1700673587
2023-11-16,0x2223f9fe624f69da4d8256a7bcc9104fba7f8f75,2726,0xae78d5362f6687de8fbb9b5de6dd129883d61ea8,2826.998302,2826.998302,2826.998302,1,1,1700605121
2023-11-16,0x2223f9fe624f69da4d8256a7bcc9104fba7f8f75,2738,0x995fc0caf93b0b69ee7a7dcd27c2332f1deeb818,2771.04487,2771.04487,2771.04487,1,1,1700692025
2023-11-16,0x2223f9fe624f69da4d8256a7bcc9104fba7f8f75,2795,0x9f834835927a0d9d589620669c0cd16b6af87d57,1902.877611,1902.877611,0.0,1,0,1700155745
2023-11-16,0x2223f9fe624f69da4d8256a7bcc9104fba7f8f75,2817,0xd9d836ebc67abeec65b29e586f89816dab991f69,2535.645847,2535.645847,2533.72728,1,1,1700243233
2023-11-16,0x2223f9fe624f69da4d8256a7bcc9104fba7f8f75,2872,0x70a9c497536e98f2dbb7c66911700fe2b2550900,2230.051645,2230.051645,0.0,1,0,1700186635
2023-11-16,0x2223f9fe624f69da4d8256a7bcc9104fba7f8f75,2888,0x5b2dddf2a4772d9c27c9b3099c371c3e7ba7b4a7,2253.364796,2253.364796,0.0,1,0,1700162701
2023-11-16,0x2223f9fe624f69da4d8256a7bcc9104fba7f8f75,2900,0xb3e1b74963301d2ebd72eceae539007c3aff3424,0.0,0.0,2176.443263,0,1,1700656227
2023-11-16,0x2223f9fe624f69da4d8256a7bcc9104fba7f8f75,2909,0xb4a0c27d79d54fd2eccb6dc9ef9eb49ec706626e,2161.557253,2161.557253,0.0,1,0,1700162861
2023-11-16,0x2223f9fe624f69da4d8256a7bcc9104fba7f8f75,2920,0x7a736aebfdff3ec824f8ea3f83639e863d7963c3,0.0,0.0,2137.779784,0,1,1700680433
2023-11-16,0x2223f9fe624f69da4d8256a7bcc9104fba7f8f75,3013,0xa7469382f287428fd4efb7d4a32ea1f821cc8560,0.0,5334.818783,10644.042253,1,2,1700682747
2023-11-16,0x2223f9fe624f69da4d8256a7bcc9104fba7f8f75,3028,0xc018272800c4a989bddb0d3437be912443bf9737,0.0,0.0,2002.690892,0,1,1700597549
2023-11-16,0x2223f9fe624f69da4d8256a7bcc9104fba7f8f75,3047,0xbee2d469aacb46251ae33cca91f482e26c971dff,692.316832,692.316832,691.365123,1,1,1700682399
2023-11-16,0x2223f9fe624f69da4d8256a7bcc9104fba7f8f75,3122,0x2ec19e982172ead28b312a07faf25105fb3747d8,1775.740244,1775.740244,0.0,1,0,1700121651
2023-11-16,0x2223f9fe624f69da4d8256a7bcc9104fba7f8f75,3127,0x8bb89c74736017e0d1102ed65d49be9cb6b3cc48,1761.929907,1761.929907,0.0,1,0,1700655863
2023-11-16,0x2223f9fe624f69da4d8256a7bcc9104fba7f8f75,3130,0xd71bfda29efe1120c8b9d32e798a298db6cca377,1766.97446,1766.97446,0.0,1,0,1700638065
2023-11-16,0x2223f9fe624f69da4d8256a7bcc9104fba7f8f75,3138,0xd210ae3ea4bb169163f4e9876109a2c204ad3a87,0.0,0.0,2009.897263,0,1,1700683171
2023-11-16,0x2223f9fe624f69da4d8256a7bcc9104fba7f8f75,3150,0x5259e022cd88761eabf328f29aab25a123112c8a,0.0,0.0,6054.313885,0,1,1700668633
2023-11-16,0x2223f9fe624f69da4d8256a7bcc9104fba7f8f75,3202,0xb07aee9bb2d03b6f65346f666154150cacdd3e51,0.0,0.0,1807.312475,0,1,1700666853
2023-11-16,0x2223f9fe624f69da4d8256a7bcc9104fba7f8f75,3204,0x57020360f19aa928d7d4d4347a36c0d5df2945c4,1792.970263,1792.970263,1788.495713,1,1,1700406533
2023-11-16,0x2223f9fe624f69da4d8256a7bcc9104fba7f8f75,3416,0x0737467164f8bb1ef64f006612edb6035aea6efb,706.123675,706.123675,0.0,1,0,1700429559
2023-11-16,0x2223f9fe624f69da4d8256a7bcc9104fba7f8f75,3469,0xc8728ae130381eb77fc9a8b715564b00e83e19df,1340.89646,1340.89646,1336.027296,1,1,1700244735
2023-11-16,0x2223f9fe624f69da4d8256a7bcc9104fba7f8f75,3470,0x8dc4eac2012e04f62ef6445cdf4b19dea81a2d8b,0.0,0.0,1595.987293,0,1,1700685729
2023-11-16,0x2223f9fe624f69da4d8256a7bcc9104fba7f8f75,3485,0x380acfb35859fa7093b1fd59fca78023bae785ee,1374.381561,1374.381561,1317.070915,1,1,1700508897
2023-11-16,0x2223f9fe624f69da4d8256a7bcc9104fba7f8f75,3628,0x69f527687d71773d2c95dd998aa8695b38d2a516,560.29353,560.29353,0.0,1,0,1700111243
2023-11-16,0x2223f9fe624f69da4d8256a7bcc9104fba7f8f75,3634,0x01ab07010c2f4bf5971537669cc19d5d8cf320a0,1110.844142,1110.844142,1110.844142,1,1,1700145611
2023-11-16,0x2223f9fe624f69da4d8256a7bcc9104fba7f8f75,3668,0xd3744b27813f2456ff3ddf78214bf57735d5f1a1,1091.034831,1091.034831,0.0,1,0,1700437543
2023-11-16,0x2223f9fe624f69da4d8256a7bcc9104fba7f8f75,3679,0x5e36d7f200917d3744a227338f5cffd67da183c1,271.435734,271.435734,271.435734,1,1,1700131929
2023-11-16,0x2223f9fe624f69da4d8256a7bcc9104fba7f8f75,3781,0xaf11495f021c5c2c5f5230f40d5d57ebe4059700,0.0,0.0,66057.714424,0,1,1700682695
2023-11-16,0x2223f9fe624f69da4d8256a7bcc9104fba7f8f75,3822,0x9bf2df3e97a2a181221424ddc14b18400e94f776,1018.864651,1018.864651,1016.861603,1,1,1700245393
2023-11-16,0x2223f9fe624f69da4d8256a7bcc9104fba7f8f75,3898,0x05de7185d0a89c40ef6a4b684296debfd2e7bd0d,2477.080849,2477.080849,2477.080849,1,1,1700680317
2023-11-16,0x2223f9fe624f69da4d8256a7bcc9104fba7f8f75,3935,0xc9830f98c08c56d095c77b49a30c776732e7c9a3,0.0,0.0,948.205274,0,1,1700531799
2023-11-16,0x2223f9fe624f69da4d8256a7bcc9104fba7f8f75,4001,0x8588f044ef45e156ab6c62d4a4628b301464c379,820.78374,820.78374,816.989283,1,1,1700504041
2023-11-16,0x2223f9fe624f69da4d8256a7bcc9104fba7f8f75,4040,0x31e01a9b0796e131b5661eeaeb93981315b7d8d5,0.0,0.0,10846.213656,0,1,1700672177
2023-11-16,0x2223f9fe624f69da4d8256a7bcc9104fba7f8f75,4042,0xd923de646d3f0bb9eb7f9169f259c79c3ede2188,710.260209,710.260209,0.0,1,0,1700564683
2023-11-16,0x2223f9fe624f69da4d8256a7bcc9104fba7f8f75,4062,0xc4a30458b226630d3fa9961c24974f4e6b043afe,776.702025,776.702025,776.702025,1,1,1700216795
2023-11-16,0x2223f9fe624f69da4d8256a7bcc9104fba7f8f75,4106,0xabddd183743e61a04a7b31de3dc68171ca3ed4cc,700.301457,700.301457,707.198687,1,1,1700569225
2023-11-16,0x2223f9fe624f69da4d8256a7bcc9104fba7f8f75,4119,0xc2a08ff99df2dd45ca5cf5bc6636954f33294830,0.0,0.0,372.596136,0,1,1700689393
2023-11-16,0x2223f9fe624f69da4d8256a7bcc9104fba7f8f75,4120,0x98dc06b6809984a490e3c8a8a3e262ae6ed16be9,734.627735,734.627735,0.0,1,0,1700215693
2023-11-16,0x2223f9fe624f69da4d8256a7bcc9104fba7f8f75,4217,0xf234cd5e91ea2c6a3f5c5359862a7c08b97324e8,682.85486,682.85486,682.85486,1,1,1700218829
2023-11-16,0x2223f9fe624f69da4d8256a7bcc9104fba7f8f75,4272,0x137d0a214c0a24962fd0ad046994d4ac385e6800,645.488751,645.488751,0.0,1,0,1700301421
2023-11-16,0x2223f9fe624f69da4d8256a7bcc9104fba7f8f75,4300,0xea785f32dffa4532fcad90f0a067786280aec2f5,638.468111,638.468111,623.728466,1,1,1700444119
2023-11-16,0x2223f9fe624f69da4d8256a7bcc9104fba7f8f75,4342,0x9061b1c3c257e0bec68c210fc15e4f4ee27ecb3c,0.0,0.0,594.760632,0,1,1700101955
2023-11-16,0x2223f9fe624f69da4d8256a7bcc9104fba7f8f75,4366,0x0b925788742a43c0efd615452ac55a38cbc374f4,580.900954,580.900954,0.0,1,0,1700116127
2023-11-16,0x2223f9fe624f69da4d8256a7bcc9104fba7f8f75,4436,0x56e9ccfad783e020756e599b6ccb8cf36208751b,542.500864,542.500864,542.500864,1,1,1700289319
2023-11-16,0x2223f9fe624f69da4d8256a7bcc9104fba7f8f75,4479,0xb8b5678fb2ed1df5f8e04dd418d255796b97e6c1,0.0,0.0,538.373393,0,1,1700410229
2023-11-16,0x2223f9fe624f69da4d8256a7bcc9104fba7f8f75,4518,0x43917a8174465dc01522e8e14335eaa2cde33f6f,51.624425,51.624425,103.24885,1,1,1700147223
2023-11-16,0x2223f9fe624f69da4d8256a7bcc9104fba7f8f75,4551,0xe35eb1d49422e501ce277137438b0170b61ab8f7,502.794175,502.794175,502.794175,1,1,1700680213
2023-11-16,0x2223f9fe624f69da4d8256a7bcc9104fba7f8f75,4603,0x9061b1c3c257e0bec68c210fc15e4f4ee27ecb3c,0.0,0.0,476.524023,0,1,1700101945
2023-11-16,0x2223f9fe624f69da4d8256a7bcc9104fba7f8f75,4682,0x4a56a7439580657891a35ee5a9f2096186c4fcbc,454.050556,454.050556,0.0,1,0,1700535505
2023-11-16,0x2223f9fe624f69da4d8256a7bcc9104fba7f8f75,4748,0x52930efa0cfa8a99f787c51d40e57938b359ae92,435.929885,435.929885,435.929885,1,1,1700282187
2023-11-16,0x2223f9fe624f69da4d8256a7bcc9104fba7f8f75,4781,0x999252a932817efb9b5d4c1410976b43cfd16d9a,430.075264,430.075264,0.0,1,0,1700548747
2023-11-16,0x2223f9fe624f69da4d8256a7bcc9104fba7f8f75,4825,0xf494ee7d264af843bfb9d8bf138e42bd8f64a0b4,1290.031365,1290.031365,1289.187092,1,1,1700261161
2023-11-16,0x2223f9fe624f69da4d8256a7bcc9104fba7f8f75,4837,0x95b0cb330519db2bcaf74b90c1bde3d62f673718,210.223062,210.223062,209.545739,1,1,1700671885
2023-11-16,0x2223f9fe624f69da4d8256a7bcc9104fba7f8f75,4936,0x77e395ccb0f042083f389404f3459dad40b6d552,0.0,0.0,55.500285,0,1,1700157097
2023-11-16,0x2223f9fe624f69da4d8256a7bcc9104fba7f8f75,4964,0x1a61eac03bf943cbe38371bdd4e3bd5922a8af8b,405.116477,405.116477,0.0,1,0,1700218611
2023-11-16,0x2223f9fe624f69da4d8256a7bcc9104fba7f8f75,5257,0xb9b86b8d34e6abb1697584726d5c41a8004c2bd6,383.255847,383.255847,383.255847,1,1,1700117591
2023-11-16,0x2223f9fe624f69da4d8256a7bcc9104fba7f8f75,5266,0xa40f2c85f814827d9bc01d6e2e6328832991076e,414.207849,414.207849,0.0,1,0,1700101373
2023-11-16,0x2223f9fe624f69da4d8256a7bcc9104fba7f8f75,5273,0xac6e453b964714200f353d2b435df5bfd2393d71,382.686691,382.686691,0.0,1,0,1700223301
2023-11-16,0x2223f9fe624f69da4d8256a7bcc9104fba7f8f75,5334,0x0aab76fddcb7deca2c4ca111fce385af3b016c2e,189.883452,189.883452,189.883452,1,1,1700117527
2023-11-16,0x2223f9fe624f69da4d8256a7bcc9104fba7f8f75,5397,0xa4a45767a697384f685a916e17b1e35e37314540,376.594946,376.594946,0.0,1,0,1700429497
2023-11-16,0x2223f9fe624f69da4d8256a7bcc9104fba7f8f75,5439,0x27e32ef9576dc05f4d08d978106fc16351d4cb0c,374.547599,374.547599,0.0,1,0,1700450129
2023-11-16,0x2223f9fe624f69da4d8256a7bcc9104fba7f8f75,5453,0xdc15d4432bbfe149bc6d158442fc78ee0f671d59,373.760856,373.760856,373.760856,1,1,1700216105
2023-11-16,0x2223f9fe624f69da4d8256a7bcc9104fba7f8f75,5457,0x8db7a537d8478df3c6d95ff33b4270342862957f,37.491226,37.491226,37.491226,1,1,1700151115
2023-11-16,0x2223f9fe624f69da4d8256a7bcc9104fba7f8f75,5545,0x4bfd8ef76f883b04b2ce6d66f4ba0fca7237832e,370.087575,370.087575,370.087575,1,1,1700666377
2023-11-16,0x2223f9fe624f69da4d8256a7bcc9104fba7f8f75,5582,0xc7756898bb188376100560e96f96060e6f2b55c3,348.214458,348.214458,352.197589,1,1,1700626447
2023-11-16,0x2223f9fe624f69da4d8256a7bcc9104fba7f8f75,5586,0x90a14725b01a7e43186bcafb6e9c49e57953464c,369.481773,369.481773,369.481773,1,1,1700640611
2023-11-16,0x2223f9fe624f69da4d8256a7bcc9104fba7f8f75,5646,0xf8591e4b202fd34786f84d3a696e833e97b02a20,367.367271,367.367271,0.0,1,0,1700108081
2023-11-16,0x2223f9fe624f69da4d8256a7bcc9104fba7f8f75,5666,0x0f14d4fd4f10a4734bd24e592f11ce46ccfa56dc,366.831671,366.831671,366.831671,1,1,1700665787
2023-11-16,0x2223f9fe624f69da4d8256a7bcc9104fba7f8f75,5679,0xad77b6fb6b1245df29ee6833f635439561f84c48,377.219699,377.219699,376.93428,1,1,1700215645
2023-11-16,0x2223f9fe624f69da4d8256a7bcc9104fba7f8f75,5693,0x80c5831a12fe013643b36d3af20822d7fc75c214,366.148298,366.148298,0.0,1,0,1700311045
2023-11-16,0x2223f9fe624f69da4d8256a7bcc9104fba7f8f75,5768,0x90a14725b01a7e43186bcafb6e9c49e57953464c,365.078933,365.078933,0.0,1,0,1700639909
2023-11-16,0x2223f9fe624f69da4d8256a7bcc9104fba7f8f75,5787,0x90a14725b01a7e43186bcafb6e9c49e57953464c,363.682559,363.682559,363.682559,1,1,1700640367
2023-11-16,0x2223f9fe624f69da4d8256a7bcc9104fba7f8f75,5837,0x90a14725b01a7e43186bcafb6e9c49e57953464c,362.196661,362.196661,362.196661,1,1,1700640839
2023-11-16,0x2223f9fe624f69da4d8256a7bcc9104fba7f8f75,5857,0x90a14725b01a7e43186bcafb6e9c49e57953464c,361.550008,361.550008,0.0,1,0,1700640101
2023-11-16,0x2223f9fe624f69da4d8256a7bcc9104fba7f8f75,5871,0x6d4fe8ace1e3981998b6bfb3d2ec86e0671570e2,0.0,0.0,361.839414,0,1,1700213151
2023-11-16,0x2223f9fe624f69da4d8256a7bcc9104fba7f8f75,5898,0x7c0111879da162e53360f4a379c8cb25c81bb299,180.161552,180.161552,180.161552,1,1,1700117505
2023-11-16,0x2223f9fe624f69da4d8256a7bcc9104fba7f8f75,5901,0x2c7a4dbcf33080ac93b14be408b457eb40a7dfb8,90.248948,90.248948,0.0,1,0,1700672299
2023-11-16,0x2223f9fe624f69da4d8256a7bcc9104fba7f8f75,5902,0xeac0059e9fc915a1479ed5c47832a7529d2944ac,0.0,0.0,359.810632,0,1,1700601839
2023-11-16,0x2223f9fe624f69da4d8256a7bcc9104fba7f8f75,5925,0xf46d36a35eca074dac347bab4f70d969e8cbce59,359.045846,359.045846,359.045846,1,1,1700625793
2023-11-16,0x2223f9fe624f69da4d8256a7bcc9104fba7f8f75,6040,0x347113c4ec42f6610b5348e908ffea04f7f4f651,266.732127,266.732127,0.0,1,0,1700386733
2023-11-16,0x2223f9fe624f69da4d8256a7bcc9104fba7f8f75,6056,0xc630ee3e52a40a2c87d3507b18d11efb178d01ab,92.047488,92.047488,149.026538,1,1,1700101223
2023-11-16,0x2223f9fe624f69da4d8256a7bcc9104fba7f8f75,6069,0xa984ce40edccbf979c95a9c77c3a2078e1c346bc,354.930306,354.930306,354.930306,1,1,1700317245
2023-11-16,0x2223f9fe624f69da4d8256a7bcc9104fba7f8f75,6102,0x4ef2c738db963dbdc91bb18542da1cc44e8bc29c,354.242925,354.242925,0.0,1,0,1700271103
2023-11-16,0x2223f9fe624f69da4d8256a7bcc9104fba7f8f75,6107,0x395fbf8d53d44fb9e61684a72757ab5cfc8d83d7,354.140715,354.140715,354.140715,1,1,1700377273
2023-11-16,0x2223f9fe624f69da4d8256a7bcc9104fba7f8f75,6136,0xc89989842a112b89755deeec9761d878585deb41,353.425496,353.425496,0.0,1,0,1700321697
2023-11-16,0x2223f9fe624f69da4d8256a7bcc9104fba7f8f75,6143,0x64df2ed136aa64add306e8499324b243861a07ce,354.900603,354.900603,0.0,1,0,1700609733
2023-11-16,0x2223f9fe624f69da4d8256a7bcc9104fba7f8f75,6253,0x3e1084ddb8a931a2cae673292f5e707b5125c2f0,352.462483,352.462483,352.231811,1,1,1700260563
2023-11-16,0x2223f9fe624f69da4d8256a7bcc9104fba7f8f75,6313,0xc0de72a1b723452cacf35570db24fa13ec8bc562,0.0,0.0,175.025474,0,1,1700251561
2023-11-16,0x2223f9fe624f69da4d8256a7bcc9104fba7f8f75,6534,0xf1b1b0b6735e5d0059a2c134979e075ef050e9bf,24.397611,24.397611,0.0,1,0,1700236489
2023-11-16,0x2223f9fe624f69da4d8256a7bcc9104fba7f8f75,6766,0xb4dc4c7460c58e7652cd615675a1f707ebb67e9a,29.331508,29.331508,29.685086,1,1,1700229245
2023-11-16,0x2223f9fe624f69da4d8256a7bcc9104fba7f8f75,6806,0x16c5d7862f5e42b578c5b86bdf1f3887fdc0f412,548.408306,548.408306,550.474132,1,1,1700116505
2023-11-16,0x2223f9fe624f69da4d8256a7bcc9104fba7f8f75,6850,0x47b0c8c154fb9222d22e170a0801b9807dee2576,183.683544,183.683544,276.900226,1,1,1700124703
2023-11-16,0x2223f9fe624f69da4d8256a7bcc9104fba7f8f75,6865,0x1aa4a66ef0cfa99ca9d39fdad2b05489744c972a,25.162206,25.162206,25.29096,1,1,1700105593
2023-11-16,0x2223f9fe624f69da4d8256a7bcc9104fba7f8f75,6933,0x5db9e26d5035c124a9b7dddd545fd60c23cf26d0,0.708711,0.708711,0.972389,1,1,1700643687
2023-11-16,0x2223f9fe624f69da4d8256a7bcc9104fba7f8f75,7176,0x5cfe303601b458d56fb0fa51bcf94e457ca23aa2,0.0,0.0,6.899783,0,1,1700373635
2023-11-16,0x2223f9fe624f69da4d8256a7bcc9104fba7f8f75,7188,0xb4dc4c7460c58e7652cd615675a1f707ebb67e9a,247.584043,247.584043,247.979693,1,1,1700229379
2023-11-16,0x2223f9fe624f69da4d8256a7bcc9104fba7f8f75,7205,0x72d320a6f03249bd60fb3f1a0ca95daecbd9ca61,11.479982,11.479982,12.908039,1,1,1700115899
2023-11-16,0x2223f9fe624f69da4d8256a7bcc9104fba7f8f75,7213,0xc898bfd859624967d24bb87ed2931601b3b12145,0.212979,0.212979,1.472052,1,1,1700350683
2023-11-16,0x2223f9fe624f69da4d8256a7bcc9104fba7f8f75,7247,0xa07d83334758af046dbcee6991e341c0e061d121,248.124974,248.124974,211.844174,1,1,1700590429
2023-11-16,0x2223f9fe624f69da4d8256a7bcc9104fba7f8f75,7282,0xd8fb6bdcaedcb9256320b4c93831bf1d4e157d51,30.137095,60.274294,42.489101,2,2,1700150309
2023-11-16,0x2223f9fe624f69da4d8256a7bcc9104fba7f8f75,7388,0x7b8bad250aace0cca1025730e59163e6887bb94b,100.790832,100.790832,100.714569,1,1,1700096447
2023-11-16,0x2223f9fe624f69da4d8256a7bcc9104fba7f8f75,7419,0x2e2d86b5368d2f16691d2a1865269bc819dc35b1,19.052126,19.052126,19.555539,1,1,1700282433
2023-11-16,0x2223f9fe624f69da4d8256a7bcc9104fba7f8f75,7423,0xb6febe3d208f5e540108acd84328b1e5a9c849dc,19.052132,19.052132,19.555523,1,1,1700282391
2023-11-16,0x2223f9fe624f69da4d8256a7bcc9104fba7f8f75,7449,0x26bf2a1433258eb23e65e3615c75c595f2d38d40,651.051,651.051,664.846755,1,1,1700683845
2023-11-16,0x2223f9fe624f69da4d8256a7bcc9104fba7f8f75,7537,0x22624ab25a119ae289df53abcd0f5456774c3e6f,17.45277,17.45277,17.913886,1,1,1700282345
2023-11-16,0x2223f9fe624f69da4d8256a7bcc9104fba7f8f75,7541,0xa0945653ce6100c2f9ff67fdf7c68ada264ed048,19.052146,19.052146,19.555499,1,1,1700282307
2023-11-16,0x2223f9fe624f69da4d8256a7bcc9104fba7f8f75,7544,0x91a9ea45875a9364dd093e8a9f721d0dde4bd0df,19.854369,19.854369,20.378895,1,1,1700282271
2023-11-16,0x2223f9fe624f69da4d8256a7bcc9104fba7f8f75,7601,0xa8ba70c3504123728c8f9b849ba77f412985ca32,2.007899,2.007899,0.0,1,0,1700176213
2023-11-16,0x2223f9fe624f69da4d8256a7bcc9104fba7f8f75,7604,0x3da2f820db7d5aa9a905ab98c9b2781391f1ca61,1.940092,1.940092,1.973974,1,1,1700423397
2023-11-16,0x2223f9fe624f69da4d8256a7bcc9104fba7f8f75,7651,0x98d925821767edcf7e773810e74244026b6e8a35,478.488903,478.488903,0.0,1,0,1700590811
2023-11-16,0x2223f9fe624f69da4d8256a7bcc9104fba7f8f75,7705,0xce030f1137e05bc3d13303ddb5a955600b9b5771,0.0,0.0,1925.818887,0,1,1700462667
2023-11-16,0x2223f9fe624f69da4d8256a7bcc9104fba7f8f75,7746,0x3b6280e12f19160c8b340a77d8cfb6eb5e32ea77,46.152766,46.152766,48.356602,1,1,1700209093
2023-11-16,0x2223f9fe624f69da4d8256a7bcc9104fba7f8f75,7820,0x71c1b8f932b20444e8e62d641d07d764599a6fa5,28.793886,28.793886,28.922674,1,1,1700402545
2023-11-16,0x2223f9fe624f69da4d8256a7bcc9104fba7f8f75,7834,0xacbe1fc97ced05874d2ee6993d92066fe3ec011f,17.436609,17.436609,0.0,1,0,1700505357
2023-11-16,0x2223f9fe624f69da4d8256a7bcc9104fba7f8f75,7835,0xe4a8840ba281865797cfaf7bcfc0876771285643,5.11116,5.11116,7.787884,1,1,1700394957
2023-11-16,0x2223f9fe624f69da4d8256a7bcc9104fba7f8f75,7844,0x4dccb4444a0a804b778ddac22dc21b4fd0fe1a0d,4.976501,4.976501,5.001839,1,1,1700646989
2023-11-16,0x2223f9fe624f69da4d8256a7bcc9104fba7f8f75,7857,0x4886ba5d2b3e0ae1e80172d3bddc4feb32e1ce26,0.361334,0.361334,0.830421,1,1,1700651765
2023-11-16,0x2223f9fe624f69da4d8256a7bcc9104fba7f8f75,7880,0x20a7549c9f0249486ff762aac2ed7c2485d7c744,89.498037,133.777973,44.279936,2,1,1700353515
2023-11-16,0x2223f9fe624f69da4d8256a7bcc9104fba7f8f75,7897,0x1a221e6e5c5c6c395e6bfe0acd2a2d435667bf62,37.496788,37.496788,0.0,1,0,1700658519
2023-11-16,0x2223f9fe624f69da4d8256a7bcc9104fba7f8f75,7904,0x2e19b317352d936105f55638a9eb6c1cb723dde7,0.0,0.0,0.378438,0,1,1700260051
2023-11-16,0x2223f9fe624f69da4d8256a7bcc9104fba7f8f75,8083,0xca82abdbb7d552fa2903ab2943518e798325e44b,169.98392,169.98392,175.657981,1,1,1700401307
2023-11-16,0x2223f9fe624f69da4d8256a7bcc9104fba7f8f75,8236,0x42e3c1b90fb712909b09593c419d245c50942a50,272.287955,272.287955,296.964571,1,1,1700286773
2023-11-16,0x2223f9fe624f69da4d8256a7bcc9104fba7f8f75,8298,0x3b6280e12f19160c8b340a77d8cfb6eb5e32ea77,22.896127,22.896127,21.89303,1,1,1700209113
2023-11-16,0x2223f9fe624f69da4d8256a7bcc9104fba7f8f75,8343,0x6c6dc387b28edf1d2ccac7acc99f4238db1592ba,0.0,0.0,0.852173,0,1,1700643761
2023-11-16,0x2223f9fe624f69da4d8256a7bcc9104fba7f8f75,8355,0x1594b251df6b70ca9a01d4de0836ab4fd9811241,0.0,0.0,261177.897901,0,1,1700667813
2023-11-16,0x2223f9fe624f69da4d8256a7bcc9104fba7f8f75,8392,0x505f69dbcc43a51d7ef1c2201f54ee116c45b20b,0.0,0.0,227668.291477,0,1,1700652627
2023-11-16,0x2223f9fe624f69da4d8256a7bcc9104fba7f8f75,8394,0x5163d2109ac93b447828789b8df537bc9fa3bf19,8436.025784,10545.03223,4215.299644,2,2,1700411959
2023-11-16,0x2223f9fe624f69da4d8256a7bcc9104fba7f8f75,8479,0xf51e5a0a85d29aa0508894405d734bcf044dcb5b,0.0,0.0,290908.478487,0,1,1700664929
2023-11-16,0x2223f9fe624f69da4d8256a7bcc9104fba7f8f75,8500,0x280b6cdf7d768c91cdc4489cf1a8658476960ed2,10.693844,10.693844,10.939463,1,1,1700312531
2023-11-16,0x2223f9fe624f69da4d8256a7bcc9104fba7f8f75,8502,0x892176d784bed3dc877a62f3ff9fc091377b2a49,0.0,0.0,3899.999855,0,1,1700131307
2023-11-16,0x2223f9fe624f69da4d8256a7bcc9104fba7f8f75,8545,0x03ba0c4cc3a8226f5b277a8eb5d37cc15cc1f1e4,1740.983183,1740.983183,0.0,1,0,1700184763
2023-11-16,0x2223f9fe624f69da4d8256a7bcc9104fba7f8f75,8631,0x5243968110439573d2395f1afe38f0f471c3510d,0.0,0.0,7303.264122,0,1,1700672177
2023-11-16,0x2223f9fe624f69da4d8256a7bcc9104fba7f8f75,8648,0x06d93e26b219ba35925de8f3179300fac7948b78,15.915289,15.915289,0.0,1,0,1700223821
2023-11-16,0x2223f9fe624f69da4d8256a7bcc9104fba7f8f75,8688,0x3953097d0ac7ee4f390592b69b5ada2dff4108c6,288.829707,288.829707,363.298016,1,1,1700134127
2023-11-16,0x2223f9fe624f69da4d8256a7bcc9104fba7f8f75,8769,0xb764113ac0c2d8e1a99bb2a69149503d9bf4f614,101.101683,101.101683,68.369858,1,1,1700546247
2023-11-16,0x2223f9fe624f69da4d8256a7bcc9104fba7f8f75,8782,0xeaba90bddbbbf7ec1a6b0483320c40840401e310,2.101807,2.101807,0.0,1,0,1700555751
2023-11-16,0x2223f9fe624f69da4d8256a7bcc9104fba7f8f75,8820,0x3aa8ac0e6c1fb9cbb733565de16cdc5a676bcb04,0.0,0.0,6722.164325,0,1,1700679267
2023-11-16,0x2223f9fe624f69da4d8256a7bcc9104fba7f8f75,8823,0xae0d56da41765c64d29a3dac984ed1d98964de9c,132.65648,132.65648,0.0,1,0,1700536401
2023-11-16,0x2223f9fe624f69da4d8256a7bcc9104fba7f8f75,8942,0x72d320a6f03249bd60fb3f1a0ca95daecbd9ca61,37.6874,37.6874,38.05429,1,1,1700115921
2023-11-16,0x2223f9fe624f69da4d8256a7bcc9104fba7f8f75,9003,0x882bd42f3202629f05caf71767715eec6d726097,292.501857,1976.662184,1950.664097,7,7,1700661683
2023-11-16,0x2223f9fe624f69da4d8256a7bcc9104fba7f8f75,9045,0xf7c0d5e897666ce6590a749ff1bd9edaf7eab2a5,6.815503,7.268065,14.097364,2,2,1700526117
2023-11-16,0x2223f9fe624f69da4d8256a7bcc9104fba7f8f75,9095,0x72d320a6f03249bd60fb3f1a0ca95daecbd9ca61,3.057294,3.057294,3.346904,1,1,1700115983
2023-11-16,0x2223f9fe624f69da4d8256a7bcc9104fba7f8f75,9108,0x892176d784bed3dc877a62f3ff9fc091377b2a49,0.0,0.0,249.999942,0,1,1700131579
2023-11-16,0x2223f9fe624f69da4d8256a7bcc9104fba7f8f75,9191,0xdd37133ec04c73e260a50003fb4709148614b11b,8148.652795,8148.652795,8353.737051,1,1,1700685091
2023-11-16,0x2223f9fe624f69da4d8256a7bcc9104fba7f8f75,9196,0x1aa4a66ef0cfa99ca9d39fdad2b05489744c972a,2671.898566,2671.898566,2685.038476,1,1,1700105605
2023-11-16,0x2223f9fe624f69da4d8256a7bcc9104fba7f8f75,9216,0xac18c73423d43ad14630c32491ec0db14e2e6148,0.0,0.0,1275.68,0,1,1700665919
2023-11-16,0x2223f9fe624f69da4d8256a7bcc9104fba7f8f75,9224,0x3aa8ac0e6c1fb9cbb733565de16cdc5a676bcb04,0.0,0.0,1457.92,0,1,1700679245
2023-11-16,0x2223f9fe624f69da4d8256a7bcc9104fba7f8f75,9295,0x892176d784bed3dc877a62f3ff9fc091377b2a49,0.0,0.0,2009.999511,0,1,1700131319
2023-11-16,0x2223f9fe624f69da4d8256a7bcc9104fba7f8f75,9300,0xb33cd827dd59c090e71899bfca31f81f4b189ddb,0.0,0.0,6933.5112,0,1,1700684069
2023-11-16,0x2223f9fe624f69da4d8256a7bcc9104fba7f8f75,9308,0x474737676ca5993eeca3c2a072572440e0524bbe,0.0,0.0,10205.44,0,1,1700266923
2023-11-16,0x2223f9fe624f69da4d8256a7bcc9104fba7f8f75,9366,0x9dca1574a3f3f617374e7872d8fb6e8013d7aa34,58906.201367,58906.201367,60379.128095,1,1,1700143233
2023-11-16,0x2223f9fe624f69da4d8256a7bcc9104fba7f8f75,9417,0x72d320a6f03249bd60fb3f1a0ca95daecbd9ca61,30.498922,30.498922,30.792948,1,1,1700115949
2023-11-16,0x2223f9fe624f69da4d8256a7bcc9104fba7f8f75,9424,0x71907411420f7189cec5fcb834e073c6bc320c30,134.446784,134.446784,159.050691,1,1,1700652423
2023-11-16,0x2223f9fe624f69da4d8256a7bcc9104fba7f8f75,9450,0xe783d9f27c9baa28b630f639f9259a8163a1ac78,25.862744,25.862744,36.179925,1,1,1700392285
2023-11-16,0x2223f9fe624f69da4d8256a7bcc9104fba7f8f75,9471,0x9dca1574a3f3f617374e7872d8fb6e8013d7aa34,39741.967293,39741.967293,40464.819222,1,1,1700143247
2023-11-16,0x2223f9fe624f69da4d8256a7bcc9104fba7f8f75,9560,0x1d561de671575e80a7ab5dcb9ff2f3019708bc31,153.678464,153.678464,97.498511,1,1,1700365645
2023-11-16,0x2223f9fe624f69da4d8256a7bcc9104fba7f8f75,9566,0x9ceed061721e6721d79e295df5f0875efe35f9d5,0.0,0.0,5.925229,0,1,1700193403
2023-11-16,0x2223f9fe624f69da4d8256a7bcc9104fba7f8f75,9568,0x60df8a187bd4edc720e272f6ea0d068355ef39ab,0.0,0.0,425.689805,0,1,1700332367
2023-11-16,0x2223f9fe624f69da4d8256a7bcc9104fba7f8f75,9595,0xf00408ddcaf624129cc0d08aa122a7abe1f2ef31,1244.311547,2488.623928,2243.964708,2,2,1700421627
2023-11-16,0x2223f9fe624f69da4d8256a7bcc9104fba7f8f75,9603,0x43e3267ce69862ffbeea59690cdb3e798f71ce7e,25226469.238485,25226469.238485,25232614.545575,1,1,1700681275
2023-11-16,0x2223f9fe624f69da4d8256a7bcc9104fba7f8f75,9604,0x70ec93ef92bde5aa7afff6546207bd378a28933c,68548796.948347,68548796.948347,68496930.317679,1,1,1700680029
2023-11-16,0x2223f9fe624f69da4d8256a7bcc9104fba7f8f75,9608,0xacbe1fc97ced05874d2ee6993d92066fe3ec011f,17.943591,17.943591,0.0,1,0,1700505345
2023-11-16,0x2223f9fe624f69da4d8256a7bcc9104fba7f8f75,9616,0xf120445761d31c9322416a8eabbbeeea1a1eac1e,73.534247,136.817976,63.283729,2,1,1700294245
2023-11-16,0x2223f9fe624f69da4d8256a7bcc9104fba7f8f75,9622,0x1594b251df6b70ca9a01d4de0836ab4fd9811241,0.0,0.0,76156.277889,0,1,1700667263
2023-11-16,0x2223f9fe624f69da4d8256a7bcc9104fba7f8f75,9625,0xa548c2c9dfc2bdb15b0659cecea65af0344a83b0,62.46838,62.46838,62.512045,1,1,1700153027
2023-11-16,0x2223f9fe624f69da4d8256a7bcc9104fba7f8f75,9629,0x0f45156f109e474295913d78036fa213b1745d5a,0.0,0.0,203294.0,0,1,1700633633
2023-11-16,0x2223f9fe624f69da4d8256a7bcc9104fba7f8f75,9631,0xd87ecc6c74f486b044824a222326a96f696fcfa2,0.0,0.0,256275.0,0,1,1700633541
2023-11-16,0x2223f9fe624f69da4d8256a7bcc9104fba7f8f75,9638,0xec999b3e78071c8277618acded05e87d55630731,28.428763,28.428763,0.0,1,0,1700103639
2023-11-16,0x2223f9fe624f69da4d8256a7bcc9104fba7f8f75,9643,0x72d320a6f03249bd60fb3f1a0ca95daecbd9ca61,56.309495,56.309495,0.0,1,0,1700116109
2023-11-16,0x2223f9fe624f69da4d8256a7bcc9104fba7f8f75,9649,0x44e4443e8c41f7cbd3d974ebf3667a5e2e06a05d,249.097755,249.097755,0.0,1,0,1700202451
2023-11-16,0x2223f9fe624f69da4d8256a7bcc9104fba7f8f75,9654,0x28831f39bb35edc44ee1c175b44308cd3bef57ee,16.463161,16.463161,0.0,1,0,1700170581
2023-11-16,0x2223f9fe624f69da4d8256a7bcc9104fba7f8f75,9656,0x9ceed061721e6721d79e295df5f0875efe35f9d5,41.22225,41.22225,0.0,1,0,1700200991
2023-11-16,0x2223f9fe624f69da4d8256a7bcc9104fba7f8f75,9661,0xeadf3fa0ab0330431f9fd9b80d70eb565637fadf,7.591737,7.591737,0.0,1,0,1700215071
2023-11-16,0x2223f9fe624f69da4d8256a7bcc9104fba7f8f75,9667,0x3f973ba2936c3484d04b1e5f8367d6b8079e4752,95.604249,95.604249,0.0,1,0,1700267217
2023-11-16,0x2223f9fe624f69da4d8256a7bcc9104fba7f8f75,9670,0x137d0a214c0a24962fd0ad046994d4ac385e6800,1021.753729,1021.753729,0.0,1,0,1700301439
2023-11-16,0x2223f9fe624f69da4d8256a7bcc9104fba7f8f75,9676,0x1341df844780b66af4ccc98ae0f34be87eabe1d5,31.442719,31.442719,0.0,1,0,1700312049
2023-11-16,0x2223f9fe624f69da4d8256a7bcc9104fba7f8f75,9679,0xed0862ea1853918ca6d0c63d17f03548343a0d6c,0.304125,0.304125,0.0,1,0,1700326705
2023-11-16,0x2223f9fe624f69da4d8256a7bcc9104fba7f8f75,9692,0x6bba98c99e643f762d3e02ead642b7d765a63a6d,59.98309,59.98309,0.0,1,0,1700388835
2023-11-16,0x2223f9fe624f69da4d8256a7bcc9104fba7f8f75,9701,0xa91e079ddfd695e8077a2513a5d033449137c03c,389.046657,389.046657,0.0,1,0,1700396565
2023-11-16,0x2223f9fe624f69da4d8256a7bcc9104fba7f8f75,9706,0x28c974c18c6553b445c4b77f35d83f3499acf58f,75.956787,75.956787,0.0,1,0,1700423725
2023-11-16,0x2223f9fe624f69da4d8256a7bcc9104fba7f8f75,9707,0x60034a6d90f54d3bbc3188033fd08b1a146802ba,417.263569,417.263569,0.0,1,0,1700429107
2023-11-16,0x2223f9fe624f69da4d8256a7bcc9104fba7f8f75,9709,0x784e37141a45e35cd7ad1c2d2fc8a5c7ae614693,153.477934,153.477934,0.0,1,0,1700446697
2023-11-16,0x2223f9fe624f69da4d8256a7bcc9104fba7f8f75,9712,0xb4f9e8baa902acb18c90a792ac34f00cfa855f21,469.620364,469.620364,0.0,1,0,1700453891
2023-11-16,0x2223f9fe624f69da4d8256a7bcc9104fba7f8f75,9720,0x97979dfebcf5b58248be33387fa3a5f81e564132,106.773111,106.773111,0.0,1,0,1700515069
2023-11-16,0x2223f9fe624f69da4d8256a7bcc9104fba7f8f75,9728,0x28eeaa9164d225b063fa742b5d78af09c93f0d65,0.07311,0.07311,0.0,1,0,1700578031
2023-11-16,0x2223f9fe624f69da4d8256a7bcc9104fba7f8f75,9729,0x8439a3b6ed9cf3771ba4b91c2812316a209ec194,5.099284,5.099284,0.0,1,0,1700589795
2023-11-16,0x2223f9fe624f69da4d8256a7bcc9104fba7f8f75,9732,0x328d75a47e07f26e1ad22ff3de08e8ba3ca190d4,15373.875257,15373.875257,0.0,1,0,1700632415
2023-11-16,0x2223f9fe624f69da4d8256a7bcc9104fba7f8f75,9736,0xcaeb1d2e20ae2f5e36d305db44cc95ba251619c3,0.065788,0.065788,0.0,1,0,1700643527
2023-11-16,0x2223f9fe624f69da4d8256a7bcc9104fba7f8f75,9737,0x513cc4fed6450ad228bd44d97c293e3120d36d97,0.077169,0.077169,0.0,1,0,1700643637
2023-11-16,0x2223f9fe624f69da4d8256a7bcc9104fba7f8f75,9738,0x6c6dc387b28edf1d2ccac7acc99f4238db1592ba,0.00077,0.00077,0.0,1,0,1700646371
2023-11-16,0x2722c8f9b5e2ac72d1f225f8e8c990e449ba0078,24,0x208a17c5fabe5b90282e5906945ff335e39326c4,0.0,0.0,3650.549523,0,1,1700683823
2023-11-16,0x2722c8f9b5e2ac72d1f225f8e8c990e449ba0078,43,0x2ddb405238368695f34d30a80ab60c449aa5ce48,0.0,0.0,60536.047102,0,1,1700692465
2023-11-16,0x2722c8f9b5e2ac72d1f225f8e8c990e449ba0078,47,0x011b0a055e02425461a1ae95b30f483c4ff05be7,0.0,0.0,65200.301517,0,1,1700693931
2023-11-16,0x2722c8f9b5e2ac72d1f225f8e8c990e449ba0078,51,0x0f228805c03a693aa964a791e0b2e2c6e6c6513f,0.0,0.0,285150.605496,0,1,1700691351
2023-11-16,0x2722c8f9b5e2ac72d1f225f8e8c990e449ba0078,56,0x48a5a6a01ba89cddf97d2d552923d5a11401ed19,0.0,0.0,194969.33428,0,1,1700682157
2023-11-16,0x2722c8f9b5e2ac72d1f225f8e8c990e449ba0078,103,0x1c2ed7a6c4e3c1146103fa222181115a72243a06,0.0,0.0,54737.710413,0,1,1700693443
2023-11-16,0x2722c8f9b5e2ac72d1f225f8e8c990e449ba0078,105,0x208a17c5fabe5b90282e5906945ff335e39326c4,0.0,0.0,10340.783053,0,1,1700683839
2023-11-16,0x2722c8f9b5e2ac72d1f225f8e8c990e449ba0078,109,0xbe7019f8333b0b3cfc707ac353ebc2123140134c,0.0,0.0,123776.724246,0,1,1700685425
2023-11-16,0x2722c8f9b5e2ac72d1f225f8e8c990e449ba0078,160,0xb0eb6f452ecea6a76fda435b4629cf6a11b24a2a,0.0,0.0,141907.265713,0,1,1700648903
2023-11-16,0x2722c8f9b5e2ac72d1f225f8e8c990e449ba0078,289,0x95b05f935655c37ada2088c5767e5006f230b068,11438.519975,11438.519975,11416.046901,1,1,1700693583
2023-11-16,0x2722c8f9b5e2ac72d1f225f8e8c990e449ba0078,304,0xbbb33d2e7bd7ddc722e53da9ca8ee97df41cfabf,0.0,0.0,10613.187629,0,1,1700602061
2023-11-16,0x2722c8f9b5e2ac72d1f225f8e8c990e449ba0078,329,0xac46dac5c58bf33a216a0b756bfb9b3d86407f97,0.0,0.0,93251.749525,0,1,1700668823
2023-11-16,0x2722c8f9b5e2ac72d1f225f8e8c990e449ba0078,341,0xb1d47d39c3bb868e5e4be068b7057d4caad0b31c,0.0,0.0,85806.561113,0,1,1700690955
2023-11-16,0x2722c8f9b5e2ac72d1f225f8e8c990e449ba0078,486,0x7ee615e93d2d58feb14e58ea93f3fb5940d227e4,0.0,0.0,10062.971868,0,1,1700668705
2023-11-16,0x2722c8f9b5e2ac72d1f225f8e8c990e449ba0078,502,0x66f920658396f4c3642a32f6b5d5b65c3d6349db,0.0,0.0,67496.168841,0,1,1700671529
2023-11-16,0x2722c8f9b5e2ac72d1f225f8e8c990e449ba0078,560,0x7476d1e9659a49b92c3f65f0a6de00a18fc3d6fa,0.0,0.0,38410.009484,0,1,1700628117
2023-11-16,0x2722c8f9b5e2ac72d1f225f8e8c990e449ba0078,561,0x13cf222f836693b1406725fffc147294a06dd2b2,0.0,0.0,38419.822024,0,1,1700633033
2023-11-16,0x2722c8f9b5e2ac72d1f225f8e8c990e449ba0078,623,0x78082d8db5a648e92950c3ebd9867edc7cccd19f,0.0,0.0,17279.857874,0,1,1700670841
2023-11-16,0x2722c8f9b5e2ac72d1f225f8e8c990e449ba0078,632,0x794783dcfcac8c1944727057a3208d8f8bb91506,0.0,0.0,33558.536903,0,1,1700679377
2023-11-16,0x2722c8f9b5e2ac72d1f225f8e8c990e449ba0078,701,0xacd97a24977afa76d74c6ed7f363f6e4366f74bb,0.0,15628.013046,31096.658761,1,2,1700678065
2023-11-16,0x2722c8f9b5e2ac72d1f225f8e8c990e449ba0078,787,0x1c494f1919c1512ebe74a5dcc17dac9a64069023,0.0,0.0,11227.445005,0,1,1700648931
2023-11-16,0x2722c8f9b5e2ac72d1f225f8e8c990e449ba0078,911,0x8950d9117c136b29a9b1ae8cd38db72226404243,17415.976874,17415.976874,17415.976874,1,1,1700676131
2023-11-16,0x2722c8f9b5e2ac72d1f225f8e8c990e449ba0078,955,0x9cb016669c235ccebcd2fbbffa2d8d3a2247b02c,0.0,0.0,8118.268895,0,1,1700672437
2023-11-16,0x2722c8f9b5e2ac72d1f225f8e8c990e449ba0078,999,0x1c494f1919c1512ebe74a5dcc17dac9a64069023,0.0,0.0,7521.014794,0,1,1700648905
2023-11-16,0x2722c8f9b5e2ac72d1f225f8e8c990e449ba0078,1053,0x3216a8a03b07b6b19cbc21d62c8942e625fc3e07,0.0,0.0,5141.837204,0,1,1700674237
2023-11-16,0x2722c8f9b5e2ac72d1f225f8e8c990e449ba0078,1101,0x1c494f1919c1512ebe74a5dcc17dac9a64069023,0.0,0.0,6404.681302,0,1,1700648861
2023-11-16,0x2722c8f9b5e2ac72d1f225f8e8c990e449ba0078,1292,0xb118026c68fd7f03efbcdf675dea96d625c084e5,0.0,0.0,9537.172879,0,1,1700676059
2023-11-16,0x2722c8f9b5e2ac72d1f225f8e8c990e449ba0078,1297,0x1c494f1919c1512ebe74a5dcc17dac9a64069023,0.0,0.0,4724.988348,0,1,1700648887
2023-11-16,0x2722c8f9b5e2ac72d1f225f8e8c990e449ba0078,1299,0x1c494f1919c1512ebe74a5dcc17dac9a64069023,0.0,0.0,4723.000139,0,1,1700648961
2023-11-16,0x2722c8f9b5e2ac72d1f225f8e8c990e449ba0078,1390,0xcb879f75c93f3cd545a7955f41419a96817cc5d9,0.0,0.0,8385.664366,0,1,1700676677
2023-11-16,0x2722c8f9b5e2ac72d1f225f8e8c990e449ba0078,1391,0xf9b7850ee758ca9878a052aeed04f24a50531ea1,0.0,0.0,42295.898671,0,1,1700492851
2023-11-16,0x2722c8f9b5e2ac72d1f225f8e8c990e449ba0078,1392,0x6a0d078799f60c9a4a8c325e07800db05cc4e0ef,0.0,0.0,8389.511927,0,1,1700678805
2023-11-16,0x2722c8f9b5e2ac72d1f225f8e8c990e449ba0078,1396,0xba3e2dc0119d8b84ef61c0c48a923054bec9665b,4196.296046,4196.296046,4171.691602,1,1,1700336161
2023-11-16,0x2722c8f9b5e2ac72d1f225f8e8c990e449ba0078,1430,0xfb07d2bdef2deb1ebec001644b4732ab77281c7a,0.0,0.0,5024.71137,0,1,1700668581
2023-11-16,0x2722c8f9b5e2ac72d1f225f8e8c990e449ba0078,1461,0x2bcdca8c689b4aa460b66ffde1d6b1761d41d5df,0.0,0.0,3845.858127,0,1,1700659791
2023-11-16,0x2722c8f9b5e2ac72d1f225f8e8c990e449ba0078,1468,0x1c494f1919c1512ebe74a5dcc17dac9a64069023,0.0,0.0,6556.090483,0,1,1700649091
2023-11-16,0x2722c8f9b5e2ac72d1f225f8e8c990e449ba0078,1478,0x58c4f03a954e4cbb1b8e204a881a8e9a99d015dd,0.0,0.0,5003.284146,0,1,1700612469
2023-11-16,0x2722c8f9b5e2ac72d1f225f8e8c990e449ba0078,1482,0x1c494f1919c1512ebe74a5dcc17dac9a64069023,0.0,0.0,4462.925821,0,1,1700649007
2023-11-16,0x2722c8f9b5e2ac72d1f225f8e8c990e449ba0078,1560,0x07c7d97b79881d8245ee3aa4dce27fdfb2cc3130,0.0,0.0,6840.8835,0,1,1700264555
2023-11-16,0x2722c8f9b5e2ac72d1f225f8e8c990e449ba0078,1570,0x0be7b271ba03874ad78d712246066c20c81693d3,2376.67498,2376.67498,1690.736881,1,1,1700274853
2023-11-16,0x2722c8f9b5e2ac72d1f225f8e8c990e449ba0078,1585,0x6f7e3d13f1dc8077892749322eeb8b39ff7b0917,0.0,0.0,6641.314578,0,1,1700692541
2023-11-16,0x2722c8f9b5e2ac72d1f225f8e8c990e449ba0078,1657,0x6e6cea0e277d9cfcef9094c5c8713bb52ed600e0,0.0,0.0,6193.560353,0,1,1700676311
2023-11-16,0x2722c8f9b5e2ac72d1f225f8e8c990e449ba0078,1782,0x8f824380bdf496f539d8306500f87a2cba38f828,0.0,0.0,5217.649746,0,1,1700688237
2023-11-16,0x2722c8f9b5e2ac72d1f225f8e8c990e449ba0078,2105,0x4ffd0a59a26cb2aa76d403215e4cc2845c053994,0.0,0.0,4002.938382,0,1,1700665609
2023-11-16,0x2722c8f9b5e2ac72d1f225f8e8c990e449ba0078,2298,0x1395de9daec52ad405e945603ea0a9346d00d01c,0.0,0.0,3550.764195,0,1,1700654797
2023-11-16,0x2722c8f9b5e2ac72d1f225f8e8c990e449ba0078,2405,0x3ee5a77e6d176f42eaf653d9f49fcb8adabbb6fc,0.0,0.0,3370.15147,0,1,1700692751
2023-11-16,0x2722c8f9b5e2ac72d1f225f8e8c990e449ba0078,2408,0x4a23bccf39a5ca0e3cfdd67d74cba3f380eca38f,0.0,0.0,3363.330351,0,1,1700605519
2023-11-16,0x2722c8f9b5e2ac72d1f225f8e8c990e449ba0078,2433,0xe326fe653ed62b38acea220cde1820a98e23c213,0.0,0.0,3329.550749,0,1,1700605567
2023-11-16,0x2722c8f9b5e2ac72d1f225f8e8c990e449ba0078,2435,0x61f12ea36c822a30eef51941368ad8f54cf372a0,0.0,0.0,3328.389807,0,1,1700692599
2023-11-16,0x2722c8f9b5e2ac72d1f225f8e8c990e449ba0078,2786,0x597bea912e8734e17ddc4f43a489a1472d9459cf,0.0,0.0,2584.81013,0,1,1700674709
2023-11-16,0x2722c8f9b5e2ac72d1f225f8e8c990e449ba0078,2795,0x9f834835927a0d9d589620669c0cd16b6af87d57,634.292537,634.292537,634.292537,1,1,1700155745
2023-11-16,0x2722c8f9b5e2ac72d1f225f8e8c990e449ba0078,2856,0xf3b059c887172f2cc52b5e77ee3b2c8b3a32e6ef,0.0,0.0,2268.252503,0,1,1700675741
2023-11-16,0x2722c8f9b5e2ac72d1f225f8e8c990e449ba0078,2857,0x14ea6d2a6765eb177ef66db2c14c8214b4046257,0.0,0.0,1128.303768,0,1,1700160655
2023-11-16,0x2722c8f9b5e2ac72d1f225f8e8c990e449ba0078,3719,0x0bf1fee0f3dbb4031e4c12e2985df93f267d53ab,1070.965608,1070.965608,0.0,1,0,1700189591
2023-11-16,0x2722c8f9b5e2ac72d1f225f8e8c990e449ba0078,3789,0x3544773551eb240c2d8b499a62cab994e7bb2662,0.0,0.0,1011.93024,0,1,1700666801
2023-11-16,0x2722c8f9b5e2ac72d1f225f8e8c990e449ba0078,3876,0x7d59226c6c2aa0b820d47c521dbd781ee8f6349b,0.0,0.0,463.2905,0,1,1700682937
2023-11-16,0x2722c8f9b5e2ac72d1f225f8e8c990e449ba0078,3880,0x96a1e88dc09887de698b9b4bc722ab505d2be452,995.938381,995.938381,923.930656,1,1,1700692581
2023-11-16,0x2722c8f9b5e2ac72d1f225f8e8c990e449ba0078,4613,0x12ed17d0061c89362a1fd0ba9aa960d68b97bd79,0.0,0.0,189.613726,0,1,1700663277
2023-11-16,0x2722c8f9b5e2ac72d1f225f8e8c990e449ba0078,5014,0x6d337a274f7ce25b8c678ec7da2cde5722507b44,401.73768,401.73768,401.73768,1,1,1700639303
2023-11-16,0x2722c8f9b5e2ac72d1f225f8e8c990e449ba0078,5425,0x3a46a54225da7255adfd7115d157861d1f16a3c3,375.256184,375.256184,375.256184,1,1,1700607125
2023-11-16,0x2722c8f9b5e2ac72d1f225f8e8c990e449ba0078,5457,0x8db7a537d8478df3c6d95ff33b4270342862957f,37.491226,37.491226,0.0,1,0,1700151115
2023-11-16,0x2722c8f9b5e2ac72d1f225f8e8c990e449ba0078,5533,0xd608da94e1696d9b31b993b222bcd970dc6c54ca,349.492931,349.492931,354.572175,1,1,1700623425
2023-11-16,0x2722c8f9b5e2ac72d1f225f8e8c990e449ba0078,5543,0x573a7a075b85e25d78444b16548051f6d14859df,370.139854,370.139854,370.139854,1,1,1700607141
2023-11-16,0x2722c8f9b5e2ac72d1f225f8e8c990e449ba0078,5567,0xf69f557f2960572c661c7aef950da9edfc8e4936,348.477175,348.477175,352.276314,1,1,1700626371
2023-11-16,0x2722c8f9b5e2ac72d1f225f8e8c990e449ba0078,5572,0xab269f6a366fdf46f20cd9dae2ee2ceacac4a8a1,348.33955,348.33955,352.363724,1,1,1700624197
2023-11-16,0x2722c8f9b5e2ac72d1f225f8e8c990e449ba0078,5610,0x2979925d64a2d0e50b4efb2c3f6bd92d0c54df5a,348.202498,348.202498,351.716742,1,1,1700625997
2023-11-16,0x2722c8f9b5e2ac72d1f225f8e8c990e449ba0078,5615,0xb67a27222b4013d107630f59f595d4e578b1fe8b,348.010126,348.010126,351.520637,1,1,1700626069
2023-11-16,0x2722c8f9b5e2ac72d1f225f8e8c990e449ba0078,5658,0xda3b3c61db1e4e7488e07c8db672e87f4230e459,346.165535,346.165535,349.939815,1,1,1700627015
2023-11-16,0x2722c8f9b5e2ac72d1f225f8e8c990e449ba0078,5687,0x818ab232724233ee2c2b66a42e515d5d98ef8a8f,345.428185,345.428185,349.194701,1,1,1700626717
2023-11-16,0x2722c8f9b5e2ac72d1f225f8e8c990e449ba0078,5702,0x03f05d064549743f94b56f47b70b6bfafc012c50,345.561865,345.561865,348.902835,1,1,1700635545
2023-11-16,0x2722c8f9b5e2ac72d1f225f8e8c990e449ba0078,5710,0xed52cbe639c5a64138ce678b86a8f231a89cdb05,345.374343,345.374343,348.713295,1,1,1700635687
2023-11-16,0x2722c8f9b5e2ac72d1f225f8e8c990e449ba0078,5715,0xa32df494ddf72c7b8ea81fcda5bc08dfa287c4e9,345.302302,345.302302,348.640747,1,1,1700635613
2023-11-16,0x2722c8f9b5e2ac72d1f225f8e8c990e449ba0078,5727,0x63265ff8ea0f3c87ec4df6746e71f20aa3a7af7f,344.999169,344.999169,348.147399,1,1,1700636279
2023-11-16,0x2722c8f9b5e2ac72d1f225f8e8c990e449ba0078,5739,0xc42104b600ca8f036ae1074b41ec47cf639fd1bd,344.065667,344.065667,347.669025,1,1,1700635805
2023-11-16,0x2722c8f9b5e2ac72d1f225f8e8c990e449ba0078,5746,0x7a68fa1ffeeb5fe98a4517ccbd4c94fcc54cf997,344.266461,344.266461,347.408058,1,1,1700636145
2023-11-16,0x2722c8f9b5e2ac72d1f225f8e8c990e449ba0078,5751,0xff8ab0d1e6600de5d061b4b247dea2027bb09bee,344.121619,344.121619,347.26157,1,1,1700635757
2023-11-16,0x2722c8f9b5e2ac72d1f225f8e8c990e449ba0078,5804,0x0580e3be789d7d3b4d503697ea7b983f728ab544,342.482559,342.482559,345.809255,1,1,1700642781
2023-11-16,0x2722c8f9b5e2ac72d1f225f8e8c990e449ba0078,5926,0x36bac71a12d2398994e7e224e2f66ab8b46dae3b,0.0,0.0,359.132816,0,1,1700692889
2023-11-16,0x2722c8f9b5e2ac72d1f225f8e8c990e449ba0078,6144,0x1c494f1919c1512ebe74a5dcc17dac9a64069023,0.0,0.0,8278.691528,0,1,1700648981
2023-11-16,0x2722c8f9b5e2ac72d1f225f8e8c990e449ba0078,7122,0x011b0a055e02425461a1ae95b30f483c4ff05be7,0.0,0.0,30715.090939,0,1,1700693983
2023-11-16,0x2722c8f9b5e2ac72d1f225f8e8c990e449ba0078,7291,0x55f45b50eb79c3bb7d7f15f50a9196964641e9d3,51.379022,51.379022,38.53431,1,1,1700532601
2023-11-16,0x2722c8f9b5e2ac72d1f225f8e8c990e449ba0078,8032,0xf265702178a66b4b7ce079fc8a1629e47cf1bcde,0.0,0.0,165181.006647,0,1,1700686515
2023-11-16,0x2722c8f9b5e2ac72d1f225f8e8c990e449ba0078,9560,0x1d561de671575e80a7ab5dcb9ff2f3019708bc31,153.678464,153.678464,97.498511,1,1,1700365645
2023-11-16,0x2722c8f9b5e2ac72d1f225f8e8c990e449ba0078,9602,0x788d2c0813cac59770cdf36f7beb9bfc819b6475,163516.471394,163516.471394,0.0,1,0,1700696263
2023-11-16,0x2722c8f9b5e2ac72d1f225f8e8c990e449ba0078,9605,0x794d1ae064a5d2803cba821b7429d95cceccf1ea,853955.990807,853955.990807,1155633.673032,1,1,1700696243
2023-11-16,0x2722c8f9b5e2ac72d1f225f8e8c990e449ba0078,9641,0x14821442b7581632ee23ff31aba8e461a7a81022,240.610009,240.610009,0.0,1,0,1700112999
2023-11-16,0x2722c8f9b5e2ac72d1f225f8e8c990e449ba0078,9654,0x28831f39bb35edc44ee1c175b44308cd3bef57ee,16.463161,16.463161,0.0,1,0,1700170581
2023-11-16,0x2722c8f9b5e2ac72d1f225f8e8c990e449ba0078,9707,0x60034a6d90f54d3bbc3188033fd08b1a146802ba,834.527138,834.527138,0.0,1,0,1700429107
2023-11-16,0x27a8afa3bd49406e48a074350fb7b2020c43b2bd,30,0x7c3ac4cd86e7838ab8ac3f3e7051d399f4d96e51,0.0,0.0,9642.431209,0,1,1700677293
2023-11-16,0x27a8afa3bd49406e48a074350fb7b2020c43b2bd,281,0xea04a9fe2cef51b504e7da8cf1b859454ae27030,41845.068064,41845.068064,59643.838225,1,1,1700280193
2023-11-16,0x27a8afa3bd49406e48a074350fb7b2020c43b2bd,353,0x5ade40e345817b739b91c6b4615efce87f9d7c57,91681.453766,91681.453766,0.0,1,0,1700131559
2023-11-16,0x27a8afa3bd49406e48a074350fb7b2020c43b2bd,360,0xbd1c10d1451a084c00adb7b6052c81d0bdaa67aa,0.0,0.0,79051.20675,0,1,1700689997
2023-11-16,0x27a8afa3bd49406e48a074350fb7b2020c43b2bd,389,0x879d4cf44d51661f991bb3695cc61599d33847c2,0.0,0.0,33804.472319,0,1,1700693619
2023-11-16,0x27a8afa3bd49406e48a074350fb7b2020c43b2bd,405,0x2f707265e61300e8290c18e38ebcbd129fb0b0f5,90141.184741,90141.184741,118986.363859,1,1,1700347421
2023-11-16,0x27a8afa3bd49406e48a074350fb7b2020c43b2bd,417,0xbe93d14c5defb8f41af8fb092f58e3c71c712b85,15267.12831,15267.12831,15255.57662,1,1,1700143241
2023-11-16,0x27a8afa3bd49406e48a074350fb7b2020c43b2bd,575,0x94587a95917188b338c822de2d1e77074131589f,0.0,0.0,9375.024046,0,1,1700332877
2023-11-16,0x27a8afa3bd49406e48a074350fb7b2020c43b2bd,594,0xcf1e9fb3aa42bc4f888cfe1161f3778e71141453,36485.967159,36485.967159,0.0,1,0,1700688087
2023-11-16,0x27a8afa3bd49406e48a074350fb7b2020c43b2bd,597,0x1ce0c2b445c8e87ea4c40b6e721d9a39b09f6459,3606.240568,3606.240568,0.0,1,0,1700688147
2023-11-16,0x27a8afa3bd49406e48a074350fb7b2020c43b2bd,659,0x54426307974b659b48e70b1faa44f17aa0e3c4cf,31188.581667,31188.581667,31164.983198,1,1,1700545901
2023-11-16,0x27a8afa3bd49406e48a074350fb7b2020c43b2bd,723,0x65268d4fb73544b6056fa4f4bf20fc90e0b12a80,15709.703051,15709.703051,3709.012784,1,1,1700440075
2023-11-16,0x27a8afa3bd49406e48a074350fb7b2020c43b2bd,759,0xeead1396fe5f0daec6dbc04d8a43e85dde4d97da,6121.56575,6121.56575,12204.796644,1,1,1700280265
2023-11-16,0x27a8afa3bd49406e48a074350fb7b2020c43b2bd,774,0x98d925821767edcf7e773810e74244026b6e8a35,2334.984607,2334.984607,3502.476911,1,1,1700590787
2023-11-16,0x27a8afa3bd49406e48a074350fb7b2020c43b2bd,889,0x4c37700d949db46aa11a9f1627070f9af31f8011,4567.278851,4567.278851,0.0,1,0,1700192623
2023-11-16,0x27a8afa3bd49406e48a074350fb7b2020c43b2bd,956,0x09fa38eba245bb68354b8950fa2fe71f02863393,16199.127068,16199.127068,16186.870191,1,1,1700624789
2023-11-16,0x27a8afa3bd49406e48a074350fb7b2020c43b2bd,987,0x9d480d2e3a1a3e5fe678ca8b932b4ca7d1503e2c,15339.251907,15339.251907,15339.251907,1,1,1700238849
2023-11-16,0x27a8afa3bd49406e48a074350fb7b2020c43b2bd,1006,0x806388e04b7583a0148451a8ecd29a748b8fd584,7462.046276,7462.046276,5965.120166,1,1,1700526589
2023-11-16,0x27a8afa3bd49406e48a074350fb7b2020c43b2bd,1039,0x4a5efa846e7375a40dcd596c7c6dadb28df28ae4,13929.44705,13929.44705,13909.805032,1,1,1700412629
2023-11-16,0x27a8afa3bd49406e48a074350fb7b2020c43b2bd,1048,0xe22477e3cbd246214ed15298352500f14de10e5e,0.0,0.0,18232.780674,0,1,1700258349
2023-11-16,0x27a8afa3bd49406e48a074350fb7b2020c43b2bd,1079,0x73ea5b1ab2f4a36556b0a57381ed0101643615f3,0.0,0.0,18380.384537,0,1,1700105603
2023-11-16,0x27a8afa3bd49406e48a074350fb7b2020c43b2bd,1221,0x564b3a3cf630d7b3b35ae78e47feb074bce2b06e,2544.576161,2544.576161,0.0,1,0,1700501619
2023-11-16,0x27a8afa3bd49406e48a074350fb7b2020c43b2bd,1425,0x248b007f76e7616791b8fe278c93096ddcf67f25,6887.328309,6887.328309,0.0,1,0,1700692231
2023-11-16,0x27a8afa3bd49406e48a074350fb7b2020c43b2bd,1449,0x01fc9b47d4c1ece4af9ea9991c5a051aa57884cf,0.0,0.0,7755.460167,0,1,1700666515
2023-11-16,0x27a8afa3bd49406e48a074350fb7b2020c43b2bd,1723,0x8c270f234cdcbd30d281799b584db3d0789e1317,5923.922952,5923.922952,0.0,1,0,1700144581
2023-11-16,0x27a8afa3bd49406e48a074350fb7b2020c43b2bd,1884,0xc92d60af8001b1070ce40337205af18a0bbed142,4674.445433,4674.445433,4674.445433,1,1,1700120309
2023-11-16,0x27a8afa3bd49406e48a074350fb7b2020c43b2bd,1987,0x2ed8034947261547603ee66d164af539a14bf8f6,4283.231758,4283.231758,4283.231758,1,1,1700487583
2023-11-16,0x27a8afa3bd49406e48a074350fb7b2020c43b2bd,2129,0x9e136c1c6d31504f6b0af8cba2cd3f1ea77b2e2b,862.463532,862.463532,862.463532,1,1,1700124211
2023-11-16,0x27a8afa3bd49406e48a074350fb7b2020c43b2bd,2270,0x68da9f01a7de69436f40af6a412ecbcc7eb87ead,3607.853669,3607.853669,3607.853669,1,1,1700173553
2023-11-16,0x27a8afa3bd49406e48a074350fb7b2020c43b2bd,2313,0x3888132606615fc0759853b6ec1107e717d0ae52,0.0,0.0,1206.762876,0,1,1700646703
2023-11-16,0x27a8afa3bd49406e48a074350fb7b2020c43b2bd,2348,0xa0efd27acc781549d5b78e89e561aa0903932d56,3472.940576,3472.940576,0.0,1,0,1700098005
2023-11-16,0x27a8afa3bd49406e48a074350fb7b2020c43b2bd,2398,0xa0d09dd6130596c3fadb66ac6d94ed982510cdef,5026.225528,5026.225528,0.0,1,0,1700487621
2023-11-16,0x27a8afa3bd49406e48a074350fb7b2020c43b2bd,2548,0x6264f0edba804a5b2d9d35fb8dc4dc9eb09be576,1079.677096,1079.677096,0.0,1,0,1700165821
2023-11-16,0x27a8afa3bd49406e48a074350fb7b2020c43b2bd,2557,0x3367a005c2bef54f2836a616ce3e4fa2d35910da,3156.641787,3156.641787,0.0,1,0,1700106133
2023-11-16,0x27a8afa3bd49406e48a074350fb7b2020c43b2bd,2674,0x8298ca68dd147f42d2b355d320da71561defcd21,0.0,0.0,1788.276031,0,1,1700625667
2023-11-16,0x27a8afa3bd49406e48a074350fb7b2020c43b2bd,2722,0x6d81fbdba7cc3afb7926f80c734965746b297668,2939.941538,5879.883076,5877.637457,2,2,1700153517
2023-11-16,0x27a8afa3bd49406e48a074350fb7b2020c43b2bd,2827,0xbd48855db52b9d0b5ea728e75fb20b74297ac70e,0.0,0.0,2401.353736,0,1,1700329351
2023-11-16,0x27a8afa3bd49406e48a074350fb7b2020c43b2bd,2857,0x14ea6d2a6765eb177ef66db2c14c8214b4046257,1128.303768,1128.303768,0.0,1,0,1700160655
2023-11-16,0x27a8afa3bd49406e48a074350fb7b2020c43b2bd,3645,0xe7bbf1db8cba14a889874b1e2c82750c0baa5537,1107.822858,1107.822858,1107.822858,1,1,1700170271
2023-11-16,0x27a8afa3bd49406e48a074350fb7b2020c43b2bd,4098,0x3db61d37ee38e2aa668fcbb3ba7b99262040ded3,1265.289517,1265.289517,0.0,1,0,1700691723
2023-11-16,0x27a8afa3bd49406e48a074350fb7b2020c43b2bd,4441,0x8bb820c251ac194ca770f9f0cdc12b76354e3de6,3598.914172,3598.914172,3596.191096,1,1,1700411665
2023-11-16,0x27a8afa3bd49406e48a074350fb7b2020c43b2bd,4518,0x43917a8174465dc01522e8e14335eaa2cde33f6f,51.624425,51.624425,51.624425,1,1,1700147223
2023-11-16,0x27a8afa3bd49406e48a074350fb7b2020c43b2bd,4877,0xcf0c8d0d34a0535e84e61ee7065fae086a261865,2220.099745,2220.099745,0.0,1,0,1700626291
2023-11-16,0x27a8afa3bd49406e48a074350fb7b2020c43b2bd,4936,0x77e395ccb0f042083f389404f3459dad40b6d552,0.0,0.0,194.250998,0,1,1700157097
2023-11-16,0x27a8afa3bd49406e48a074350fb7b2020c43b2bd,5457,0x8db7a537d8478df3c6d95ff33b4270342862957f,37.491226,37.491226,37.491226,1,1,1700151115
2023-11-16,0x27a8afa3bd49406e48a074350fb7b2020c43b2bd,5565,0x8392c202d0fccd7f149748c59da28d2d1484dabd,0.0,0.0,73.891551,0,1,1700348521
2023-11-16,0x27a8afa3bd49406e48a074350fb7b2020c43b2bd,6044,0x9e028c80aff3b1a29c66fb213a98d1c634a536a8,0.0,0.0,356.917558,0,1,1700152869
2023-11-16,0x27a8afa3bd49406e48a074350fb7b2020c43b2bd,6585,0x221a68818a6a77fae0d920306b45a3b1e32e6743,0.0,4650.632607,9145.191489,1,2,1700381341
2023-11-16,0x27a8afa3bd49406e48a074350fb7b2020c43b2bd,6808,0x8aa98470de4bf6a85f13393ae1169a5e625a4e6d,0.0,0.0,363.614723,0,1,1700429171
2023-11-16,0x27a8afa3bd49406e48a074350fb7b2020c43b2bd,6850,0x47b0c8c154fb9222d22e170a0801b9807dee2576,183.683544,183.683544,184.600151,1,1,1700124703
2023-11-16,0x27a8afa3bd49406e48a074350fb7b2020c43b2bd,7024,0x6a202f991c4c1df079449be9847b1dac3f51854f,0.0,0.0,80.546578,0,1,1700453333
2023-11-16,0x27a8afa3bd49406e48a074350fb7b2020c43b2bd,7429,0xbca4cb848b87352176c548e915a1ae3a7d40b129,140.820911,140.820911,0.0,1,0,1700619753
2023-11-16,0x27a8afa3bd49406e48a074350fb7b2020c43b2bd,7829,0xeef53a1f4eb3846f33c3e549d6fdf130fa4f8b27,30.913417,30.913417,0.0,1,0,1700172379
2023-11-16,0x27a8afa3bd49406e48a074350fb7b2020c43b2bd,7844,0x4dccb4444a0a804b778ddac22dc21b4fd0fe1a0d,1.251037,1.251037,2.513889,1,1,1700646989
2023-11-16,0x27a8afa3bd49406e48a074350fb7b2020c43b2bd,8340,0xb646d2010fd291d79b693189c95a0efb1c7ac2de,0.0,0.0,52.373698,0,1,1700583615
2023-11-16,0x27a8afa3bd49406e48a074350fb7b2020c43b2bd,8498,0x728d66a885376d1ddf0809f4254085f171b157bd,0.0,0.0,13087.380772,0,1,1700109275
2023-11-16,0x27a8afa3bd49406e48a074350fb7b2020c43b2bd,8502,0x892176d784bed3dc877a62f3ff9fc091377b2a49,6333.199728,6333.199728,3899.999855,1,1,1700579719
2023-11-16,0x27a8afa3bd49406e48a074350fb7b2020c43b2bd,9045,0xf7c0d5e897666ce6590a749ff1bd9edaf7eab2a5,18.57815,19.811772,1.233623,2,1,1700526117
2023-11-16,0x27a8afa3bd49406e48a074350fb7b2020c43b2bd,9192,0x92b77f8512fdb3b1c0261fcb894e74fef6714224,162.878219,162.878219,0.0,1,0,1700626319
2023-11-16,0x27a8afa3bd49406e48a074350fb7b2020c43b2bd,9480,0x8bb820c251ac194ca770f9f0cdc12b76354e3de6,2610.071481,2610.071481,2655.017198,1,1,1700411673
2023-11-16,0x27a8afa3bd49406e48a074350fb7b2020c43b2bd,9654,0x28831f39bb35edc44ee1c175b44308cd3bef57ee,16.463161,16.463161,0.0,1,0,1700170581
2023-11-16,0x27a8afa3bd49406e48a074350fb7b2020c43b2bd,9700,0x90bbb031933476511820bb0f219d510a91a7b533,120.13181,120.13181,0.0,1,0,1700396193
2023-11-16,0x27a8afa3bd49406e48a074350fb7b2020c43b2bd,9707,0x60034a6d90f54d3bbc3188033fd08b1a146802ba,834.527138,834.527138,0.0,1,0,1700429107
2023-11-16,0x27a8afa3bd49406e48a074350fb7b2020c43b2bd,9713,0x2fe0be2dac8d8aaf14e944131837e6364f74914c,262.098678,262.098678,0.0,1,0,1700462391
2023-11-16,0x2b7704f1cb9324cd8586b33c6c540cbd64e58237,24,0x208a17c5fabe5b90282e5906945ff335e39326c4,9153.262969,9153.262969,0.0,1,0,1700683823
2023-11-16,0x2b7704f1cb9324cd8586b33c6c540cbd64e58237,47,0x011b0a055e02425461a1ae95b30f483c4ff05be7,0.0,0.0,65200.301517,0,1,1700693931
2023-11-16,0x2b7704f1cb9324cd8586b33c6c540cbd64e58237,51,0x0f228805c03a693aa964a791e0b2e2c6e6c6513f,285366.524677,285366.524677,0.0,1,0,1700691351
2023-11-16,0x2b7704f1cb9324cd8586b33c6c540cbd64e58237,54,0xf265702178a66b4b7ce079fc8a1629e47cf1bcde,0.0,0.0,335013.359965,0,1,1700686191
2023-11-16,0x2b7704f1cb9324cd8586b33c6c540cbd64e58237,55,0x285fed35cbea271a711681e84ffd83c68a596a75,290269.680071,290269.680071,290269.680071,1,1,1700683597
2023-11-16,0x2b7704f1cb9324cd8586b33c6c540cbd64e58237,67,0x8ce17ff2c7376e9adfe9c63c47a801097fa6c525,216796.751026,216796.751026,162368.202825,1,1,1700690971
2023-11-16,0x2b7704f1cb9324cd8586b33c6c540cbd64e58237,68,0x132e47cf2c19ec2d8dd56e1528fc7e18dc09188f,51618.173242,51618.173242,63083.645634,1,1,1700693779
2023-11-16,0x2b7704f1cb9324cd8586b33c6c540cbd64e58237,76,0x0578fe63a40dd249b853487dae3c9eb01957628e,0.0,0.0,1005486.951053,0,1,1700688365
2023-11-16,0x2b7704f1cb9324cd8586b33c6c540cbd64e58237,77,0xeb6772188cf10aa563a1cd163f48355d1a949797,0.0,0.0,214351.058109,0,1,1700693783
2023-11-16,0x2b7704f1cb9324cd8586b33c6c540cbd64e58237,92,0x0f9548165c4960624debb7e38b504e9fd524d6af,0.0,0.0,155090.524009,0,1,1700693689
2023-11-16,0x2b7704f1cb9324cd8586b33c6c540cbd64e58237,103,0x1c2ed7a6c4e3c1146103fa222181115a72243a06,54779.15841,54779.15841,0.0,1,0,1700693443
2023-11-16,0x2b7704f1cb9324cd8586b33c6c540cbd64e58237,105,0x208a17c5fabe5b90282e5906945ff335e39326c4,25928.125611,25928.125611,0.0,1,0,1700683839
2023-11-16,0x2b7704f1cb9324cd8586b33c6c540cbd64e58237,121,0xede54584f748480851cad467b82c6a1173bebe10,0.0,44993.675398,89803.524052,1,2,1700098427
2023-11-16,0x2b7704f1cb9324cd8586b33c6c540cbd64e58237,139,0xa04275c10f39e8675a34e147e2ef78d35129f2b6,36088.898657,36088.898657,0.0,1,0,1700693785
2023-11-16,0x2b7704f1cb9324cd8586b33c6c540cbd64e58237,147,0xe3f0254b09aec48ffa46f9eee5a3bc7a8e510e6d,83460.31139,83460.31139,0.0,1,0,1700692787
2023-11-16,0x2b7704f1cb9324cd8586b33c6c540cbd64e58237,177,0xdffd8bbf8dcaf236c4e009ff6013bfc98407b6c0,0.0,0.0,57124.789329,0,1,1700684541
2023-11-16,0x2b7704f1cb9324cd8586b33c6c540cbd64e58237,203,0x637fceaf3e5289d2b396b831335e7d8a180c5656,19039.282843,19039.282843,0.0,1,0,1700692921
2023-11-16,0x2b7704f1cb9324cd8586b33c6c540cbd64e58237,295,0xa311ab5780aa036b71aac2b71163fd03ec0df59e,0.0,0.0,55481.119612,0,1,1700678045
2023-11-16,0x2b7704f1cb9324cd8586b33c6c540cbd64e58237,304,0xbbb33d2e7bd7ddc722e53da9ca8ee97df41cfabf,21242.448103,21242.448103,10613.187629,1,1,1700602061
2023-11-16,0x2b7704f1cb9324cd8586b33c6c540cbd64e58237,321,0xcb6586874cc04b01cc4fdb777de502cea7b3d6c1,25046.000989,25046.000989,0.0,1,0,1700693089
2023-11-16,0x2b7704f1cb9324cd8586b33c6c540cbd64e58237,347,0xdffd8bbf8dcaf236c4e009ff6013bfc98407b6c0,0.0,0.0,42463.979924,0,1,1700684417
2023-11-16,0x2b7704f1cb9324cd8586b33c6c540cbd64e58237,396,0x2b03c480f4f7ff5a8275ddb77227889e58eda16f,65295.290799,65295.290799,0.0,1,0,1700691873
2023-11-16,0x2b7704f1cb9324cd8586b33c6c540cbd64e58237,402,0xbe95c6177367869d213520add168255160ca5bf5,0.0,0.0,64981.878208,0,1,1700693147
2023-11-16,0x2b7704f1cb9324cd8586b33c6c540cbd64e58237,464,0xec3878066f14315e5d1771a9ca07d887d6ea8fd9,140368.774902,140368.774902,0.0,1,0,1700690275
2023-11-16,0x2b7704f1cb9324cd8586b33c6c540cbd64e58237,471,0x03a1a0ee0e2a14bd069c8691a4adeabfa6a4d709,0.0,0.0,24047.907087,0,1,1700693055
2023-11-16,0x2b7704f1cb9324cd8586b33c6c540cbd64e58237,596,0xdffd8bbf8dcaf236c4e009ff6013bfc98407b6c0,0.0,0.0,18187.507904,0,1,1700684491
2023-11-16,0x2b7704f1cb9324cd8586b33c6c540cbd64e58237,597,0x1ce0c2b445c8e87ea4c40b6e721d9a39b09f6459,3606.240568,3606.240568,0.0,1,0,1700688147
2023-11-16,0x2b7704f1cb9324cd8586b33c6c540cbd64e58237,726,0x2957c2968ebcb91f5683768a9bdc468d08c2a2c2,0.0,0.0,26049.82889,0,1,1700670207
2023-11-16,0x2b7704f1cb9324cd8586b33c6c540cbd64e58237,778,0x01f12fb1d38156fc6d1c9a7d813bde4b52d38e47,0.0,0.0,23073.035762,0,1,1700687261
2023-11-16,0x2b7704f1cb9324cd8586b33c6c540cbd64e58237,925,0xe4a718104474da81790a305bcec5cf98c0359a10,16686.568535,16686.568535,0.0,1,0,1700691787
2023-11-16,0x2b7704f1cb9324cd8586b33c6c540cbd64e58237,1042,0xd92b3de78dbd6c29e3937eac884decf8e42a1d1e,4135.935777,4135.935777,4135.935777,1,1,1700473779
2023-11-16,0x2b7704f1cb9324cd8586b33c6c540cbd64e58237,1093,0x234ef83bd3859c04c93eaafd0ecf6dfefe2d5a4b,0.0,0.0,12839.831164,0,1,1700690675
2023-11-16,0x2b7704f1cb9324cd8586b33c6c540cbd64e58237,1098,0x6e81417b312917305d12f76fa3b6bd66ffaa75e7,0.0,0.0,6414.703272,0,1,1700693377
2023-11-16,0x2b7704f1cb9324cd8586b33c6c540cbd64e58237,1132,0xf09e41562b8c306e72415d8edb66af1a85fb3909,0.0,0.0,12226.435115,0,1,1700532855
2023-11-16,0x2b7704f1cb9324cd8586b33c6c540cbd64e58237,1197,0x0be4eb0e89abed9f52d94f1550c22a16008cc463,5845.61155,5845.61155,4091.928085,1,1,1700693319
2023-11-16,0x2b7704f1cb9324cd8586b33c6c540cbd64e58237,1230,0xee659f1f00a10b1ac28e81a66b06c8bfae44ca07,0.0,0.0,10211.23409,0,1,1700682299
2023-11-16,0x2b7704f1cb9324cd8586b33c6c540cbd64e58237,1363,0x43d16ccd581e1d6a8d51768f75ddf09b79f4f856,2159.26852,2159.26852,2159.26852,1,1,1700691595
2023-11-16,0x2b7704f1cb9324cd8586b33c6c540cbd64e58237,1501,0x9848a28343dd74edb05ea1fcb838ad71df0fe641,0.0,0.0,7275.774393,0,1,1700458795
2023-11-16,0x2b7704f1cb9324cd8586b33c6c540cbd64e58237,1504,0xbd5f593c86319523e6e8afe60dedbefaedbdb8c9,0.0,0.0,7276.879897,0,1,1700686315
2023-11-16,0x2b7704f1cb9324cd8586b33c6c540cbd64e58237,1541,0x24c93a9c54564bf70992f49a774e39385210688b,7154.873301,7154.873301,0.0,1,0,1700693433
2023-11-16,0x2b7704f1cb9324cd8586b33c6c540cbd64e58237,1598,0x8643c722031a05fcbb12212804693b81ccf5a4d5,6533.782293,6533.782293,6533.782293,1,1,1700664671
2023-11-16,0x2b7704f1cb9324cd8586b33c6c540cbd64e58237,1650,0x613ca7d1573dbdd7711ec1d84258a3d0fdb76d53,6247.522153,6247.522153,0.0,1,0,1700687869
2023-11-16,0x2b7704f1cb9324cd8586b33c6c540cbd64e58237,1766,0xd9105bfe2f1448acad670d102263389f7e2a8e0b,1334.742571,1334.742571,0.0,1,0,1700691295
2023-11-16,0x2b7704f1cb9324cd8586b33c6c540cbd64e58237,1811,0x410f2959ee9c8115ca6cf0f817b14373b63b5d4c,2885.299786,2885.299786,0.0,1,0,1700692605
2023-11-16,0x2b7704f1cb9324cd8586b33c6c540cbd64e58237,1863,0x6547835644105f1313ffd5194f467720837b0c8c,0.0,0.0,1196.898574,0,1,1700633265
2023-11-16,0x2b7704f1cb9324cd8586b33c6c540cbd64e58237,2073,0x518180f11414d823647daa068a5847d63c3f128c,0.0,0.0,4071.738114,0,1,1700693011
2023-11-16,0x2b7704f1cb9324cd8586b33c6c540cbd64e58237,2088,0xba90b576573d9b2563d752a30c4cee502c15c371,2028.092231,2028.092231,2021.376066,1,1,1700689913
2023-11-16,0x2b7704f1cb9324cd8586b33c6c540cbd64e58237,2106,0x64931189b070fc7c8c80839c8a2d9a10b83082ab,0.0,0.0,3998.980805,0,1,1700692585
2023-11-16,0x2b7704f1cb9324cd8586b33c6c540cbd64e58237,2856,0xf3b059c887172f2cc52b5e77ee3b2c8b3a32e6ef,2268.252503,2268.252503,2268.252503,1,1,1700675741
2023-11-16,0x2b7704f1cb9324cd8586b33c6c540cbd64e58237,3083,0x59617225c006871c2a279089570063f0294ae2c9,1826.817407,1826.817407,1826.817407,1,1,1700656635
2023-11-16,0x2b7704f1cb9324cd8586b33c6c540cbd64e58237,3133,0x6b995c46343c82c3171cea9a22e7533004307675,0.0,0.0,1750.4831,0,1,1700692849
2023-11-16,0x2b7704f1cb9324cd8586b33c6c540cbd64e58237,4161,0x0690e8ca6e430507147482ae90a9ca2ae78e4773,0.0,0.0,708.130888,0,1,1700458851
2023-11-16,0x2b7704f1cb9324cd8586b33c6c540cbd64e58237,5740,0x4f5695d12c30eae448c5f38023b12572e483453c,364.760704,364.760704,0.0,1,0,1700689369
2023-11-16,0x2b7704f1cb9324cd8586b33c6c540cbd64e58237,5952,0x1772ef83b2279a672154476c8facd9f2196d8dee,358.22212,358.22212,358.22212,1,1,1700541879
2023-11-16,0x2b7704f1cb9324cd8586b33c6c540cbd64e58237,6245,0x939a7ef73572e9218c7085aca6d894bc237f15e3,351.196914,351.196914,351.196914,1,1,1700665441
2023-11-16,0x2b7704f1cb9324cd8586b33c6c540cbd64e58237,6766,0xb4dc4c7460c58e7652cd615675a1f707ebb67e9a,29.331508,29.331508,29.685086,1,1,1700229245
2023-11-16,0x2b7704f1cb9324cd8586b33c6c540cbd64e58237,7121,0x011b0a055e02425461a1ae95b30f483c4ff05be7,135452.655116,135452.655116,55528.273427,1,1,1700693959
2023-11-16,0x2b7704f1cb9324cd8586b33c6c540cbd64e58237,7122,0x011b0a055e02425461a1ae95b30f483c4ff05be7,2561.529062,2561.529062,1279.795456,1,1,1700693983
2023-11-16,0x2b7704f1cb9324cd8586b33c6c540cbd64e58237,7130,0x1f452ea54d4d934afadc300c61ca0a3b1bbde958,829.757168,829.757168,0.0,1,0,1700685697
2023-11-16,0x2b7704f1cb9324cd8586b33c6c540cbd64e58237,7844,0x4dccb4444a0a804b778ddac22dc21b4fd0fe1a0d,0.165483,0.165483,0.33253,1,1,1700646989
2023-11-16,0x2b7704f1cb9324cd8586b33c6c540cbd64e58237,8343,0x6c6dc387b28edf1d2ccac7acc99f4238db1592ba,0.0,0.0,0.074405,0,1,1700643761
2023-11-16,0x2b7704f1cb9324cd8586b33c6c540cbd64e58237,8347,0x0578fe63a40dd249b853487dae3c9eb01957628e,0.0,0.0,36086.409817,0,1,1700688377
2023-11-16,0x2b7704f1cb9324cd8586b33c6c540cbd64e58237,8356,0x166c794d890dd91bbe71f304eca660e1c4892cbb,127901.358462,127901.358462,0.0,1,0,1700692053
2023-11-16,0x2b7704f1cb9324cd8586b33c6c540cbd64e58237,8377,0x34a09c6b42d7d11cf23008ad63ac2983e18efbdd,0.0,0.0,49786.967274,0,1,1700652075
2023-11-16,0x2b7704f1cb9324cd8586b33c6c540cbd64e58237,8484,0xfd90ad81ad93d9af1008a513d964f6fbc589034d,0.0,22632.118104,42779.15685,1,2,1700691763
2023-11-16,0x2b7704f1cb9324cd8586b33c6c540cbd64e58237,8502,0x892176d784bed3dc877a62f3ff9fc091377b2a49,0.0,0.0,3899.999855,0,1,1700131307
2023-11-16,0x2b7704f1cb9324cd8586b33c6c540cbd64e58237,8545,0x03ba0c4cc3a8226f5b277a8eb5d37cc15cc1f1e4,0.0,0.0,1738.527348,0,1,1700184763
2023-11-16,0x2b7704f1cb9324cd8586b33c6c540cbd64e58237,9290,0x6c607fdeb11f83b3d5169014a45f45e035f9ab4a,8929.76,8929.76,0.0,1,0,1700691911
2023-11-16,0x2b7704f1cb9324cd8586b33c6c540cbd64e58237,9602,0x788d2c0813cac59770cdf36f7beb9bfc819b6475,317414.326824,317414.326824,0.0,1,0,1700696263
2023-11-16,0x2b7704f1cb9324cd8586b33c6c540cbd64e58237,9603,0x43e3267ce69862ffbeea59690cdb3e798f71ce7e,1490655.000456,1490655.000456,2179180.347118,1,1,1700681275
2023-11-16,0x2b7704f1cb9324cd8586b33c6c540cbd64e58237,9605,0x794d1ae064a5d2803cba821b7429d95cceccf1ea,1657679.276272,1657679.276272,1105388.730726,1,1,1700696243
2023-11-16,0x2b7704f1cb9324cd8586b33c6c540cbd64e58237,9654,0x28831f39bb35edc44ee1c175b44308cd3bef57ee,16.463161,16.463161,0.0,1,0,1700170581
2023-11-16,0x2d25e0514f23c6367687de89bd5167dc754d4934,12,0xd204e3dc1937d3a30fc6f20abc48ac5506c94d1e,3160971.53308,3160971.53308,2908768.981144,1,1,1700685371
2023-11-16,0x2d25e0514f23c6367687de89bd5167dc754d4934,24,0x208a17c5fabe5b90282e5906945ff335e39326c4,9153.262969,9153.262969,0.0,1,0,1700683823
2023-11-16,0x2d25e0514f23c6367687de89bd5167dc754d4934,100,0x133d93566f9699b3af46fe150daa8a67a9563ed6,0.0,0.0,552259.980992,0,1,1700627377
2023-11-16,0x2d25e0514f23c6367687de89bd5167dc754d4934,105,0x208a17c5fabe5b90282e5906945ff335e39326c4,25928.125611,25928.125611,0.0,1,0,1700683839
2023-11-16,0x2d25e0514f23c6367687de89bd5167dc754d4934,155,0x2db6f5e838ed2bad993e9ff2d3d7a5c1cc35704c,0.0,0.0,318328.207715,0,1,1700607205
2023-11-16,0x2d25e0514f23c6367687de89bd5167dc754d4934,159,0x05391a4b0749c29335024f41552a56cfa6bd3883,0.0,0.0,287156.847165,0,1,1700667099
2023-11-16,0x2d25e0514f23c6367687de89bd5167dc754d4934,283,0x5df1b58ca9fa06e3b43a14d58e4989c890cb40e1,0.0,0.0,118505.726993,0,1,1700692133
2023-11-16,0x2d25e0514f23c6367687de89bd5167dc754d4934,285,0xe8788a8926dac3d25c591caa64d5296044c1446d,0.0,0.0,118985.717575,0,1,1700408475
2023-11-16,0x2d25e0514f23c6367687de89bd5167dc754d4934,350,0x38332d808ba345953f41c71d38ca1ef79cffa5c5,0.0,0.0,41423.20974,0,1,1700690555
2023-11-16,0x2d25e0514f23c6367687de89bd5167dc754d4934,389,0x879d4cf44d51661f991bb3695cc61599d33847c2,0.0,0.0,33804.472319,0,1,1700693619
2023-11-16,0x2d25e0514f23c6367687de89bd5167dc754d4934,417,0xbe93d14c5defb8f41af8fb092f58e3c71c712b85,0.0,0.0,15255.57662,0,1,1700143241
2023-11-16,0x2d25e0514f23c6367687de89bd5167dc754d4934,469,0xe47fd677ba6d3738cec98aa18bb6fa015b6f7bda,0.0,0.0,48462.363742,0,1,1700512327
2023-11-16,0x2d25e0514f23c6367687de89bd5167dc754d4934,575,0x94587a95917188b338c822de2d1e77074131589f,9382.122917,9382.122917,9375.024046,1,1,1700332877
2023-11-16,0x2d25e0514f23c6367687de89bd5167dc754d4934,647,0xdffda37c4ba2faccac137df790872529a2d3ea44,0.0,0.0,32050.897002,0,1,1700569557
2023-11-16,0x2d25e0514f23c6367687de89bd5167dc754d4934,774,0x98d925821767edcf7e773810e74244026b6e8a35,0.0,0.0,2334.984607,0,1,1700590787
2023-11-16,0x2d25e0514f23c6367687de89bd5167dc754d4934,798,0x6a018ad51de844243ce7fb743c3e5f4481df6858,11012.400466,11012.400466,5506.200233,1,1,1700572441
2023-11-16,0x2d25e0514f23c6367687de89bd5167dc754d4934,945,0xa66daaf3e6736cce993b56eced596512a7911df8,0.0,0.0,16438.234385,0,1,1700689847
2023-11-16,0x2d25e0514f23c6367687de89bd5167dc754d4934,1006,0x806388e04b7583a0148451a8ecd29a748b8fd584,0.0,0.0,4473.840124,0,1,1700526589
2023-11-16,0x2d25e0514f23c6367687de89bd5167dc754d4934,1132,0xf09e41562b8c306e72415d8edb66af1a85fb3909,12232.023969,12232.023969,0.0,1,0,1700532855
2023-11-16,0x2d25e0514f23c6367687de89bd5167dc754d4934,1452,0xc1e8a62e3c7cbc093fe83298989dfa41f7a915bc,0.0,0.0,7714.43123,0,1,1700651915
2023-11-16,0x2d25e0514f23c6367687de89bd5167dc754d4934,1506,0x9d2e29be44fb2c3d7afdbeb79f59f51224373aff,7419.280761,7419.280761,7419.280761,1,1,1700627891
2023-11-16,0x2d25e0514f23c6367687de89bd5167dc754d4934,1521,0xdd84ce1adcb3a4908db61a1dfa3353c3974c5a2b,0.0,0.0,1778.668046,0,1,1700660181
2023-11-16,0x2d25e0514f23c6367687de89bd5167dc754d4934,1855,0xbfad818edb25dc4eebac8cc44a7533be4652ad6c,2414.889639,2414.889639,2413.062441,1,1,1700169781
2023-11-16,0x2d25e0514f23c6367687de89bd5167dc754d4934,2025,0xbac17eadc8c1cb94e59fa54f7e988b09f5ec58fe,0.0,0.0,4184.980304,0,1,1700652015
2023-11-16,0x2d25e0514f23c6367687de89bd5167dc754d4934,2141,0x3412c43a36e80263707dfba6078ac9b5871e2ec7,3906.347235,3906.347235,3906.347235,1,1,1700603205
2023-11-16,0x2d25e0514f23c6367687de89bd5167dc754d4934,2170,0xe864c76dc41797e606b67ecd23cf0575841cb24e,3846.583049,3846.583049,3846.583049,1,1,1700550231
2023-11-16,0x2d25e0514f23c6367687de89bd5167dc754d4934,2243,0xdd7fbd024e7e484d41d14936a44709992c8a1e07,0.0,0.0,913.582497,0,1,1700669959
2023-11-16,0x2d25e0514f23c6367687de89bd5167dc754d4934,2294,0x18f7485c58e26842063af692e595603a8da006a1,0.0,0.0,3548.522293,0,1,1700155133
2023-11-16,0x2d25e0514f23c6367687de89bd5167dc754d4934,2313,0x3888132606615fc0759853b6ec1107e717d0ae52,0.0,0.0,1171.269851,0,1,1700646703
2023-11-16,0x2d25e0514f23c6367687de89bd5167dc754d4934,2417,0x5652c18df7e92d38e0bdc98ad8eb80768474a2ce,0.0,0.0,3355.675388,0,1,1700300661
2023-11-16,0x2d25e0514f23c6367687de89bd5167dc754d4934,2553,0x00a01bc13a1ddf4a4af6852baee66b76a0316cbc,3168.194986,3168.194986,3165.797809,1,1,1700670041
2023-11-16,0x2d25e0514f23c6367687de89bd5167dc754d4934,2607,0xddc22fbc4559feff07fb35cda96a636aebbd2aa4,0.0,0.0,3083.459102,0,1,1700584909
2023-11-16,0x2d25e0514f23c6367687de89bd5167dc754d4934,2700,0x153cd5217d6dabe839ded8ffeff369a72ab392be,0.0,0.0,2934.651769,0,1,1700688875
2023-11-16,0x2d25e0514f23c6367687de89bd5167dc754d4934,2801,0xe79c4a3807621f223de76404fb609b8a278e0262,0.0,0.0,2519.791642,0,1,1700693749
2023-11-16,0x2d25e0514f23c6367687de89bd5167dc754d4934,3592,0x670327de2a3a370e548f39db2a074cc2999b6824,0.0,0.0,1165.46957,0,1,1700165731
2023-11-16,0x2d25e0514f23c6367687de89bd5167dc754d4934,3679,0x5e36d7f200917d3744a227338f5cffd67da183c1,542.871469,542.871469,542.871469,1,1,1700131929
2023-11-16,0x2d25e0514f23c6367687de89bd5167dc754d4934,3854,0x4c1695f54208fb92a8d87add8dbea206b0771872,0.0,0.0,964.072322,0,1,1700677973
2023-11-16,0x2d25e0514f23c6367687de89bd5167dc754d4934,4034,0x87e696610f11480ed9d01b1e2e26a90eb5832a02,0.0,0.0,788.96771,0,1,1700355903
2023-11-16,0x2d25e0514f23c6367687de89bd5167dc754d4934,4094,0x52aac9e83a3793f327942ac6541c7161cec14360,768.621072,768.621072,768.621072,1,1,1700236967
2023-11-16,0x2d25e0514f23c6367687de89bd5167dc754d4934,4120,0x98dc06b6809984a490e3c8a8a3e262ae6ed16be9,0.0,0.0,734.627735,0,1,1700215693
2023-11-16,0x2d25e0514f23c6367687de89bd5167dc754d4934,4363,0x9f1e80183dec5f0f788bf39740cfe84c719aca8f,0.0,0.0,581.772404,0,1,1700143511
2023-11-16,0x2d25e0514f23c6367687de89bd5167dc754d4934,4759,0xfa7e3c1ea5f7f5c4e713aa2d7494abd0e2d55854,923.437378,923.437378,869.872817,1,1,1700251249
2023-11-16,0x2d25e0514f23c6367687de89bd5167dc754d4934,5058,0x3194442e87fcc749a8616e6a8413b56cedc0ba49,396.847561,396.847561,396.847561,1,1,1700106189
2023-11-16,0x2d25e0514f23c6367687de89bd5167dc754d4934,5113,0x69553b2e3dcbce595a384b4e61d1decd9310a600,391.94904,391.94904,391.94904,1,1,1700136279
2023-11-16,0x2d25e0514f23c6367687de89bd5167dc754d4934,5137,0xaaace11297d9ff901b46171df27ea60e174790cc,390.587655,390.587655,390.587655,1,1,1700612619
2023-11-16,0x2d25e0514f23c6367687de89bd5167dc754d4934,5334,0x0aab76fddcb7deca2c4ca111fce385af3b016c2e,189.883452,189.883452,189.883452,1,1,1700117527
2023-11-16,0x2d25e0514f23c6367687de89bd5167dc754d4934,5347,0x6aefa01456ffbe8b69633e46e4b7e36a7ca4b29e,189.442064,189.442064,79.118122,1,1,1700562213
2023-11-16,0x2d25e0514f23c6367687de89bd5167dc754d4934,5503,0x16d6995da1c23df1ca7ca7f47dc8abe3aed31e3c,371.561018,371.561018,371.561018,1,1,1700228505
2023-11-16,0x2d25e0514f23c6367687de89bd5167dc754d4934,5513,0xa7994df7c06a54781b2e338eef9f82d7a71e6721,371.132896,371.132896,371.132896,1,1,1700232905
2023-11-16,0x2d25e0514f23c6367687de89bd5167dc754d4934,5529,0x16010bd4a55d758db2dd17e0ff3bba97861b712a,370.72316,370.72316,370.72316,1,1,1700233551
2023-11-16,0x2d25e0514f23c6367687de89bd5167dc754d4934,5565,0x8392c202d0fccd7f149748c59da28d2d1484dabd,0.0,0.0,73.891551,0,1,1700348521
2023-11-16,0x2d25e0514f23c6367687de89bd5167dc754d4934,5697,0xf27ea3cc5e31532d5565a7fe7693848094568367,365.98098,365.98098,365.98098,1,1,1700607105
2023-11-16,0x2d25e0514f23c6367687de89bd5167dc754d4934,5898,0x7c0111879da162e53360f4a379c8cb25c81bb299,90.080776,90.080776,90.080776,1,1,1700117505
2023-11-16,0x2d25e0514f23c6367687de89bd5167dc754d4934,5949,0x57eff2124ccf201b16344493002ab259627c78c7,358.33866,358.33866,358.33866,1,1,1700354221
2023-11-16,0x2d25e0514f23c6367687de89bd5167dc754d4934,5975,0x3601508f2a20b12f3f18308fab210c75dd73b577,108.764471,108.764471,78.148694,1,1,1700389581
2023-11-16,0x2d25e0514f23c6367687de89bd5167dc754d4934,6722,0x8f37f0654a652c2ea9e6d1caa44f37baac61c346,546.476901,546.476901,1099.648444,1,1,1700400999
2023-11-16,0x2d25e0514f23c6367687de89bd5167dc754d4934,6933,0x5db9e26d5035c124a9b7dddd545fd60c23cf26d0,0.708711,0.708711,0.972389,1,1,1700643687
2023-11-16,0x2d25e0514f23c6367687de89bd5167dc754d4934,7406,0x2db6f5e838ed2bad993e9ff2d3d7a5c1cc35704c,0.0,0.0,432833.522814,0,1,1700607225
2023-11-16,0x2d25e0514f23c6367687de89bd5167dc754d4934,7835,0xe4a8840ba281865797cfaf7bcfc0876771285643,2.55558,2.55558,2.32381,1,1,1700394957
2023-11-16,0x2d25e0514f23c6367687de89bd5167dc754d4934,7844,0x4dccb4444a0a804b778ddac22dc21b4fd0fe1a0d,4.976501,4.976501,5.001839,1,1,1700646989
2023-11-16,0x2d25e0514f23c6367687de89bd5167dc754d4934,7857,0x4886ba5d2b3e0ae1e80172d3bddc4feb32e1ce26,4.35121,4.35121,4.373527,1,1,1700651765
2023-11-16,0x2d25e0514f23c6367687de89bd5167dc754d4934,7905,0x12cfa0fcbf3b2b12d90025d03ebc3241ebd63bfa,242.030133,242.030133,243.142741,1,1,1700148687
2023-11-16,0x2d25e0514f23c6367687de89bd5167dc754d4934,8280,0x4ae6f3ec7b50e7b01a5b2b3a0b2688a65bb350a5,77.38173,77.38173,53.119692,1,1,1700230595
2023-11-16,0x2d25e0514f23c6367687de89bd5167dc754d4934,8340,0xb646d2010fd291d79b693189c95a0efb1c7ac2de,0.0,0.0,52.373698,0,1,1700583615
2023-11-16,0x2d25e0514f23c6367687de89bd5167dc754d4934,8343,0x6c6dc387b28edf1d2ccac7acc99f4238db1592ba,0.0,0.0,0.852173,0,1,1700643761
2023-11-16,0x2d25e0514f23c6367687de89bd5167dc754d4934,8782,0xeaba90bddbbbf7ec1a6b0483320c40840401e310,1.050904,1.050904,0.0,1,0,1700555751
2023-11-16,0x2d25e0514f23c6367687de89bd5167dc754d4934,8940,0x226fa898550ef48313d359d90f69914018a89f73,0.0,0.0,3012.118739,0,1,1700552833
2023-11-16,0x2d25e0514f23c6367687de89bd5167dc754d4934,8941,0x226fa898550ef48313d359d90f69914018a89f73,0.0,0.0,1393.967262,0,1,1700552793
2023-11-16,0x2d25e0514f23c6367687de89bd5167dc754d4934,8944,0x226fa898550ef48313d359d90f69914018a89f73,0.0,0.0,674.788387,0,1,1700552809
2023-11-16,0x2d25e0514f23c6367687de89bd5167dc754d4934,8946,0x226fa898550ef48313d359d90f69914018a89f73,0.0,0.0,345.162919,0,1,1700552859
2023-11-16,0x2d25e0514f23c6367687de89bd5167dc754d4934,9108,0x892176d784bed3dc877a62f3ff9fc091377b2a49,0.0,0.0,249.999942,0,1,1700131579
2023-11-16,0x2d25e0514f23c6367687de89bd5167dc754d4934,9272,0x226fa898550ef48313d359d90f69914018a89f73,0.0,0.0,400.928,0,1,1700552771
2023-11-16,0x2d25e0514f23c6367687de89bd5167dc754d4934,9295,0x892176d784bed3dc877a62f3ff9fc091377b2a49,0.0,0.0,2009.999511,0,1,1700131319
2023-11-16,0x2d25e0514f23c6367687de89bd5167dc754d4934,9317,0x2db6f5e838ed2bad993e9ff2d3d7a5c1cc35704c,0.0,0.0,12085.64915,0,1,1700607239
2023-11-16,0x2d25e0514f23c6367687de89bd5167dc754d4934,9654,0x28831f39bb35edc44ee1c175b44308cd3bef57ee,16.463161,16.463161,0.0,1,0,1700170581
2023-11-16,0x3cf04a380e54fa4ed31ea48acb9132ea35e2e8d9,24,0x208a17c5fabe5b90282e5906945ff335e39326c4,0.0,0.0,3650.549523,0,1,1700683823
2023-11-16,0x3cf04a380e54fa4ed31ea48acb9132ea35e2e8d9,43,0x2ddb405238368695f34d30a80ab60c449aa5ce48,0.0,0.0,60536.047102,0,1,1700692465
2023-11-16,0x3cf04a380e54fa4ed31ea48acb9132ea35e2e8d9,47,0x011b0a055e02425461a1ae95b30f483c4ff05be7,0.0,0.0,260801.206068,0,1,1700693931
2023-11-16,0x3cf04a380e54fa4ed31ea48acb9132ea35e2e8d9,51,0x0f228805c03a693aa964a791e0b2e2c6e6c6513f,0.0,0.0,285150.605496,0,1,1700691351
2023-11-16,0x3cf04a380e54fa4ed31ea48acb9132ea35e2e8d9,103,0x1c2ed7a6c4e3c1146103fa222181115a72243a06,0.0,0.0,54737.710413,0,1,1700693443
2023-11-16,0x3cf04a380e54fa4ed31ea48acb9132ea35e2e8d9,105,0x208a17c5fabe5b90282e5906945ff335e39326c4,0.0,0.0,10340.783053,0,1,1700683839
2023-11-16,0x3cf04a380e54fa4ed31ea48acb9132ea35e2e8d9,108,0x342f3002bb6f77441dfa40480ebb169d6912b464,0.0,0.0,497304.532522,0,1,1700685559
2023-11-16,0x3cf04a380e54fa4ed31ea48acb9132ea35e2e8d9,165,0x54ecb3397b0bf31cb0b81eb2444e2a7b32507d8b,0.0,0.0,81470.346363,0,1,1700689629
2023-11-16,0x3cf04a380e54fa4ed31ea48acb9132ea35e2e8d9,182,0xed5847639328edd38e7ce934442ff4ee8e714f7c,0.0,0.0,222529.109198,0,1,1700670687
2023-11-16,0x3cf04a380e54fa4ed31ea48acb9132ea35e2e8d9,289,0x95b05f935655c37ada2088c5767e5006f230b068,0.0,0.0,11416.046901,0,1,1700693583
2023-11-16,0x3cf04a380e54fa4ed31ea48acb9132ea35e2e8d9,376,0xff53e3a27b7252148e0f1daf4a00261eee59177f,0.0,0.0,18081.956675,0,1,1700690131
2023-11-16,0x3cf04a380e54fa4ed31ea48acb9132ea35e2e8d9,467,0xf68d2bfcecd7895bba05a7451dd09a1749026454,0.0,0.0,80642.603315,0,1,1700683209
2023-11-16,0x3cf04a380e54fa4ed31ea48acb9132ea35e2e8d9,486,0x7ee615e93d2d58feb14e58ea93f3fb5940d227e4,0.0,0.0,10062.971868,0,1,1700668705
2023-11-16,0x3cf04a380e54fa4ed31ea48acb9132ea35e2e8d9,597,0x1ce0c2b445c8e87ea4c40b6e721d9a39b09f6459,0.0,0.0,7212.481137,0,1,1700688147
2023-11-16,0x3cf04a380e54fa4ed31ea48acb9132ea35e2e8d9,623,0x78082d8db5a648e92950c3ebd9867edc7cccd19f,0.0,0.0,17279.857874,0,1,1700670841
2023-11-16,0x3cf04a380e54fa4ed31ea48acb9132ea35e2e8d9,675,0x1f452ea54d4d934afadc300c61ca0a3b1bbde958,0.0,0.0,30704.017591,0,1,1700685689
2023-11-16,0x3cf04a380e54fa4ed31ea48acb9132ea35e2e8d9,708,0x166c794d890dd91bbe71f304eca660e1c4892cbb,0.0,0.0,64134.374829,0,1,1700692035
2023-11-16,0x3cf04a380e54fa4ed31ea48acb9132ea35e2e8d9,764,0xa311ab5780aa036b71aac2b71163fd03ec0df59e,0.0,0.0,11998.842391,0,1,1700677917
2023-11-16,0x3cf04a380e54fa4ed31ea48acb9132ea35e2e8d9,787,0x1c494f1919c1512ebe74a5dcc17dac9a64069023,0.0,0.0,11227.445005,0,1,1700648931
2023-11-16,0x3cf04a380e54fa4ed31ea48acb9132ea35e2e8d9,971,0xe3cfbf8fb378f5c4cf780077ee5c2ffe7aaea6dc,0.0,0.0,1578.11027,0,1,1700667051
2023-11-16,0x3cf04a380e54fa4ed31ea48acb9132ea35e2e8d9,999,0x1c494f1919c1512ebe74a5dcc17dac9a64069023,0.0,0.0,7521.014794,0,1,1700648905
2023-11-16,0x3cf04a380e54fa4ed31ea48acb9132ea35e2e8d9,1101,0x1c494f1919c1512ebe74a5dcc17dac9a64069023,0.0,0.0,6404.681302,0,1,1700648861
2023-11-16,0x3cf04a380e54fa4ed31ea48acb9132ea35e2e8d9,1297,0x1c494f1919c1512ebe74a5dcc17dac9a64069023,0.0,0.0,4724.988348,0,1,1700648887
2023-11-16,0x3cf04a380e54fa4ed31ea48acb9132ea35e2e8d9,1299,0x1c494f1919c1512ebe74a5dcc17dac9a64069023,0.0,0.0,4723.000139,0,1,1700648961
2023-11-16,0x3cf04a380e54fa4ed31ea48acb9132ea35e2e8d9,1468,0x1c494f1919c1512ebe74a5dcc17dac9a64069023,0.0,0.0,6556.090483,0,1,1700649091
2023-11-16,0x3cf04a380e54fa4ed31ea48acb9132ea35e2e8d9,1482,0x1c494f1919c1512ebe74a5dcc17dac9a64069023,0.0,0.0,4462.925821,0,1,1700649007
2023-11-16,0x3cf04a380e54fa4ed31ea48acb9132ea35e2e8d9,1671,0xf1196bf726ed9227507f5a8b7c87ae177124db2b,0.0,0.0,7390.430114,0,1,1700689287
2023-11-16,0x3cf04a380e54fa4ed31ea48acb9132ea35e2e8d9,1678,0x833c6aeb65d319a678ad0520a37860acc57f2ac1,0.0,0.0,6084.315169,0,1,1700693541
2023-11-16,0x3cf04a380e54fa4ed31ea48acb9132ea35e2e8d9,1757,0xe9cc16b79e7ea3cbc8124afb7b547826bc3dca28,0.0,0.0,32902.646001,0,1,1700651779
2023-11-16,0x3cf04a380e54fa4ed31ea48acb9132ea35e2e8d9,1832,0x8c580556fdb1f57853e49f409ae9b89f7658e7a2,0.0,0.0,5313.754189,0,1,1700691255
2023-11-16,0x3cf04a380e54fa4ed31ea48acb9132ea35e2e8d9,2008,0xa47400440c17f917e10ebd878611afd3223da9a4,0.0,0.0,3.082601,0,1,1700692393
2023-11-16,0x3cf04a380e54fa4ed31ea48acb9132ea35e2e8d9,2071,0x078b8ff955e3cf77550bf2f2edfc0aacbc29adc6,0.0,0.0,4322.988233,0,1,1700687493
2023-11-16,0x3cf04a380e54fa4ed31ea48acb9132ea35e2e8d9,2280,0x0630717c9c6baeabd2b0852e09df08febaccd227,0.0,0.0,7023.88032,0,1,1700680117
2023-11-16,0x3cf04a380e54fa4ed31ea48acb9132ea35e2e8d9,2691,0xb086ff01a395cc817f31a15dc5446c11e741d085,0.0,0.0,3908.477612,0,1,1700696397
2023-11-16,0x3cf04a380e54fa4ed31ea48acb9132ea35e2e8d9,2783,0xae5c50251017ad218700f875dce2f20ff783ce1f,0.0,0.0,2582.83268,0,1,1700680741
2023-11-16,0x3cf04a380e54fa4ed31ea48acb9132ea35e2e8d9,2856,0xf3b059c887172f2cc52b5e77ee3b2c8b3a32e6ef,0.0,0.0,2268.252503,1,1,1700675741
2023-11-16,0x3cf04a380e54fa4ed31ea48acb9132ea35e2e8d9,4646,0xa31aeea459c1ab0124ed44711a678d6e18874692,0.0,0.0,884.240235,0,1,1700690955
2023-11-16,0x3cf04a380e54fa4ed31ea48acb9132ea35e2e8d9,6144,0x1c494f1919c1512ebe74a5dcc17dac9a64069023,0.0,0.0,8278.691528,0,1,1700648981
2023-11-16,0x3cf04a380e54fa4ed31ea48acb9132ea35e2e8d9,7121,0x011b0a055e02425461a1ae95b30f483c4ff05be7,0.0,0.0,27764.136713,0,1,1700693959
2023-11-16,0x3cf04a380e54fa4ed31ea48acb9132ea35e2e8d9,7122,0x011b0a055e02425461a1ae95b30f483c4ff05be7,0.0,0.0,1279.795456,0,1,1700693983
2023-11-16,0x3cf04a380e54fa4ed31ea48acb9132ea35e2e8d9,8343,0x6c6dc387b28edf1d2ccac7acc99f4238db1592ba,0.0,0.0,0.852173,0,1,1700643761
2023-11-16,0x3cf04a380e54fa4ed31ea48acb9132ea35e2e8d9,9605,0x794d1ae064a5d2803cba821b7429d95cceccf1ea,0.0,0.0,1457103.326866,0,1,1700696243
2023-11-16,0x3f386acc3a8e9194cf6279c219df8dd3c5b71974,10,0x24e9cbb9ddda1247ae4b4eeee3c569a2190ac401,1168760.43342,1168760.43342,0.0,1,0,1700392465
2023-11-16,0x3f386acc3a8e9194cf6279c219df8dd3c5b71974,24,0x208a17c5fabe5b90282e5906945ff335e39326c4,9153.262969,9153.262969,0.0,1,0,1700683823
2023-11-16,0x3f386acc3a8e9194cf6279c219df8dd3c5b71974,55,0x285fed35cbea271a711681e84ffd83c68a596a75,111527.034105,111527.034105,96756.560024,1,1,1700683597
2023-11-16,0x3f386acc3a8e9194cf6279c219df8dd3c5b71974,67,0x8ce17ff2c7376e9adfe9c63c47a801097fa6c525,108398.375513,108398.375513,0.0,1,0,1700690971
2023-11-16,0x3f386acc3a8e9194cf6279c219df8dd3c5b71974,105,0x208a17c5fabe5b90282e5906945ff335e39326c4,25928.125611,25928.125611,0.0,1,0,1700683839
2023-11-16,0x3f386acc3a8e9194cf6279c219df8dd3c5b71974,110,0x05e09d942505764bca4475abf8efdbc21d1c535b,48822.833247,48822.833247,0.0,1,0,1700683789
2023-11-16,0x3f386acc3a8e9194cf6279c219df8dd3c5b71974,155,0x2db6f5e838ed2bad993e9ff2d3d7a5c1cc35704c,0.0,0.0,318328.207715,0,1,1700607205
2023-11-16,0x3f386acc3a8e9194cf6279c219df8dd3c5b71974,174,0x83bad39f067ef72e354f2ea9d318eaad381a7f15,61899.452056,61899.452056,0.0,1,0,1700684493
2023-11-16,0x3f386acc3a8e9194cf6279c219df8dd3c5b71974,197,0x6cd1b82490eb7aa18bec4305c6c2e691194c6898,199414.680335,199414.680335,0.0,1,0,1700619871
2023-11-16,0x3f386acc3a8e9194cf6279c219df8dd3c5b71974,220,0x4f6fff5cd87eaf8cf09467366fe783e7ecb1317b,168174.545302,168174.545302,0.0,1,0,1700619951
2023-11-16,0x3f386acc3a8e9194cf6279c219df8dd3c5b71974,229,0x4dcea47ec4b26079cb4f9a0e0f400e1aa6f199a9,79258.49466,79258.49466,0.0,1,0,1700272213
2023-11-16,0x3f386acc3a8e9194cf6279c219df8dd3c5b71974,257,0x4026b3da349c2952255ca9db4f055ea57f4e037c,135889.548455,135889.548455,0.0,1,0,1700683881
2023-11-16,0x3f386acc3a8e9194cf6279c219df8dd3c5b71974,461,0xa46c8bcaa1a5d3a7c0822a09ffe593399a1de80f,0.0,0.0,50032.208487,0,1,1700655439
2023-11-16,0x3f386acc3a8e9194cf6279c219df8dd3c5b71974,586,0xd83410edf02ee6c9f801fc81fdc89f712f84a81e,0.0,0.0,36732.182103,0,1,1700560331
2023-11-16,0x3f386acc3a8e9194cf6279c219df8dd3c5b71974,597,0x1ce0c2b445c8e87ea4c40b6e721d9a39b09f6459,3606.240568,3606.240568,0.0,1,0,1700688147
2023-11-16,0x3f386acc3a8e9194cf6279c219df8dd3c5b71974,654,0xc555347d2b369b074be94fe6f7ae9ab43966b884,31317.846854,31317.846854,0.0,1,0,1700335891
2023-11-16,0x3f386acc3a8e9194cf6279c219df8dd3c5b71974,682,0x510bd1a857df836c2ad57aa3a6fae396e011d958,0.0,0.0,29119.149616,0,1,1700525551
2023-11-16,0x3f386acc3a8e9194cf6279c219df8dd3c5b71974,741,0xbf49b454818783d12bf4f3375ff17c59015e66cb,7544.183302,7544.183302,12564.125143,1,1,1700678283
2023-11-16,0x3f386acc3a8e9194cf6279c219df8dd3c5b71974,774,0x98d925821767edcf7e773810e74244026b6e8a35,4669.969215,4669.969215,5837.461519,1,1,1700590787
2023-11-16,0x3f386acc3a8e9194cf6279c219df8dd3c5b71974,833,0xbca143600d9718f30022b2463d597996bc410e5e,20517.041086,20517.041086,0.0,1,0,1700563043
2023-11-16,0x3f386acc3a8e9194cf6279c219df8dd3c5b71974,1024,0x917b4b0e86fc7766695095dd1a5292b3be8b2d14,15006.814184,15006.814184,0.0,1,0,1700348837
2023-11-16,0x3f386acc3a8e9194cf6279c219df8dd3c5b71974,1044,0xcb6222f4df04385ea08e8da2a5871131ff5f6cba,6915.873388,6915.873388,6906.121263,1,1,1700667247
2023-11-16,0x3f386acc3a8e9194cf6279c219df8dd3c5b71974,1095,0x8f246d1a8b2fde3943b040fee5ebb3ecc82f7338,12871.319953,12871.319953,12811.816247,1,1,1700689343
2023-11-16,0x3f386acc3a8e9194cf6279c219df8dd3c5b71974,1113,0xe7cd9a570b8408761eecde5791732a9b6e024963,12534.220814,12534.220814,0.0,1,0,1700464831
2023-11-16,0x3f386acc3a8e9194cf6279c219df8dd3c5b71974,1244,0xbc113ac29567ee89363e4d07462823f60b8b5528,0.0,0.0,10247.038427,0,1,1700661611
2023-11-16,0x3f386acc3a8e9194cf6279c219df8dd3c5b71974,1262,0xd131f1bcdd547e067af447dd3c36c99d6be9fdeb,0.0,0.0,9922.44538,0,1,1700534801
2023-11-16,0x3f386acc3a8e9194cf6279c219df8dd3c5b71974,1280,0x4fbe5303bca958b8f1ee35b5443aad9ad442e3d7,9778.604711,9778.604711,0.0,1,0,1700511559
2023-11-16,0x3f386acc3a8e9194cf6279c219df8dd3c5b71974,1317,0xdbfb0785366262f4736bcb5757cb20f0065c4dd1,9202.836147,9202.836147,0.0,1,0,1700692541
2023-11-16,0x3f386acc3a8e9194cf6279c219df8dd3c5b71974,1363,0x43d16ccd581e1d6a8d51768f75ddf09b79f4f856,0.0,0.0,2159.26852,0,1,1700691595
2023-11-16,0x3f386acc3a8e9194cf6279c219df8dd3c5b71974,1396,0xba3e2dc0119d8b84ef61c0c48a923054bec9665b,4171.691602,4171.691602,4171.691602,1,1,1700336161
2023-11-16,0x3f386acc3a8e9194cf6279c219df8dd3c5b71974,1521,0xdd84ce1adcb3a4908db61a1dfa3353c3974c5a2b,0.0,0.0,1778.668046,0,1,1700660181
2023-11-16,0x3f386acc3a8e9194cf6279c219df8dd3c5b71974,1560,0x07c7d97b79881d8245ee3aa4dce27fdfb2cc3130,6949.762916,6949.762916,0.0,1,0,1700264555
2023-11-16,0x3f386acc3a8e9194cf6279c219df8dd3c5b71974,1868,0x03b0e4a19f357a112be59d658ec4e2834d510f39,0.0,0.0,4759.934443,0,1,1700408531
2023-11-16,0x3f386acc3a8e9194cf6279c219df8dd3c5b71974,2313,0x3888132606615fc0759853b6ec1107e717d0ae52,1206.762876,1206.762876,0.0,1,0,1700646703
2023-11-16,0x3f386acc3a8e9194cf6279c219df8dd3c5b71974,2337,0x27211186a6aca2c1371ea8b3deb528659a118081,863.689705,863.689705,863.689905,1,1,1700457455
2023-11-16,0x3f386acc3a8e9194cf6279c219df8dd3c5b71974,2447,0xdf90bc63d773e674e0ce2488dbf173cdc3622796,828.560527,828.560527,0.0,1,0,1700255281
2023-11-16,0x3f386acc3a8e9194cf6279c219df8dd3c5b71974,2850,0x48f58df7267077f9a45894a1e283863e0030b51c,2298.172794,2298.172794,0.0,1,0,1700435467
2023-11-16,0x3f386acc3a8e9194cf6279c219df8dd3c5b71974,2856,0xf3b059c887172f2cc52b5e77ee3b2c8b3a32e6ef,4536.505006,4536.505006,2268.252503,1,1,1700675741
2023-11-16,0x3f386acc3a8e9194cf6279c219df8dd3c5b71974,3329,0x9213dc91b318f030eeac9085871939c6c7c58089,50045.928336,50045.928336,0.0,1,0,1700547251
2023-11-16,0x3f386acc3a8e9194cf6279c219df8dd3c5b71974,3399,0xb7b570dc117b4946925bc39166418516fb011cbb,0.0,0.0,1437.810922,0,1,1700676063
2023-11-16,0x3f386acc3a8e9194cf6279c219df8dd3c5b71974,3810,0xa8ddc541d443d29d61375a3e4e190ac81fb88608,943.073528,943.073528,952.895956,1,1,1700502461
2023-11-16,0x3f386acc3a8e9194cf6279c219df8dd3c5b71974,3861,0xfa2049ac8f12fc423c8d28754da0d7e72ccc7a9c,940.907895,940.907895,0.0,1,0,1700468659
2023-11-16,0x3f386acc3a8e9194cf6279c219df8dd3c5b71974,4034,0x87e696610f11480ed9d01b1e2e26a90eb5832a02,788.96771,788.96771,0.0,1,0,1700355903
2023-11-16,0x3f386acc3a8e9194cf6279c219df8dd3c5b71974,4380,0x6c73e9148ac9acd1a96d554b6b20905414f8696f,571.753705,571.753705,571.753705,1,1,1700375153
2023-11-16,0x3f386acc3a8e9194cf6279c219df8dd3c5b71974,4428,0x39f6b2d21a5f93291fba2eb2cc1e435d21bcbc89,546.821432,546.821432,546.821432,1,1,1700644301
2023-11-16,0x3f386acc3a8e9194cf6279c219df8dd3c5b71974,4600,0xd0d9e3505349bc945a414a6ec8ff8bcadabf20e3,480.297029,480.297029,480.297029,1,1,1700448091
2023-11-16,0x3f386acc3a8e9194cf6279c219df8dd3c5b71974,5027,0x905285888823e842e79a67005500822110f72411,399.173777,399.173777,399.173777,1,1,1700577579
2023-11-16,0x3f386acc3a8e9194cf6279c219df8dd3c5b71974,5302,0x92f5c1eb1058a21782d6fc9c99c0161f306f7f09,0.0,0.0,381.272539,0,1,1700479055
2023-11-16,0x3f386acc3a8e9194cf6279c219df8dd3c5b71974,5347,0x6aefa01456ffbe8b69633e46e4b7e36a7ca4b29e,94.721032,94.721032,149.883003,1,1,1700562213
2023-11-16,0x3f386acc3a8e9194cf6279c219df8dd3c5b71974,5682,0x50c0a9f5ac996f6618ac2a7e2831f0cbb10ecf30,0.0,0.0,366.415487,0,1,1700665525
2023-11-16,0x3f386acc3a8e9194cf6279c219df8dd3c5b71974,5994,0x88ca0e1c12c6e87f5b7b6475786e1982ac95092b,356.706208,356.706208,0.0,1,0,1700376223
2023-11-16,0x3f386acc3a8e9194cf6279c219df8dd3c5b71974,6147,0x8e651ce5299c187a9570a2afad5a899755d4c5cc,0.0,0.0,353.199371,0,1,1700639459
2023-11-16,0x3f386acc3a8e9194cf6279c219df8dd3c5b71974,6433,0x510bd1a857df836c2ad57aa3a6fae396e011d958,0.0,0.0,2072.965715,0,1,1700525579
2023-11-16,0x3f386acc3a8e9194cf6279c219df8dd3c5b71974,6437,0xc4bd79660360fa7952cd57b1fef51693ed4e26d3,0.0,0.0,304.047124,0,1,1700675129
2023-11-16,0x3f386acc3a8e9194cf6279c219df8dd3c5b71974,7406,0x2db6f5e838ed2bad993e9ff2d3d7a5c1cc35704c,0.0,0.0,432833.522814,0,1,1700607225
2023-11-16,0x3f386acc3a8e9194cf6279c219df8dd3c5b71974,7450,0x83f953956671d9f88adf75bbe2ecea58c76ad98e,94388.874576,94388.874576,90206.163715,1,1,1700419269
2023-11-16,0x3f386acc3a8e9194cf6279c219df8dd3c5b71974,7844,0x4dccb4444a0a804b778ddac22dc21b4fd0fe1a0d,4.976501,4.976501,5.001839,1,1,1700646989
2023-11-16,0x3f386acc3a8e9194cf6279c219df8dd3c5b71974,7857,0x4886ba5d2b3e0ae1e80172d3bddc4feb32e1ce26,4.35121,4.35121,4.373527,1,1,1700651765
2023-11-16,0x3f386acc3a8e9194cf6279c219df8dd3c5b71974,8343,0x6c6dc387b28edf1d2ccac7acc99f4238db1592ba,0.0,0.0,0.777768,0,1,1700643761
2023-11-16,0x3f386acc3a8e9194cf6279c219df8dd3c5b71974,8422,0x83f953956671d9f88adf75bbe2ecea58c76ad98e,30185.098938,30185.098938,28096.223274,1,1,1700419297
2023-11-16,0x3f386acc3a8e9194cf6279c219df8dd3c5b71974,8782,0xeaba90bddbbbf7ec1a6b0483320c40840401e310,1.050904,1.050904,0.0,1,0,1700555751
2023-11-16,0x3f386acc3a8e9194cf6279c219df8dd3c5b71974,9108,0x892176d784bed3dc877a62f3ff9fc091377b2a49,0.0,0.0,249.999942,0,1,1700131579
2023-11-16,0x3f386acc3a8e9194cf6279c219df8dd3c5b71974,9317,0x2db6f5e838ed2bad993e9ff2d3d7a5c1cc35704c,0.0,0.0,12085.64915,0,1,1700607239
2023-11-16,0x3f386acc3a8e9194cf6279c219df8dd3c5b71974,9450,0xe783d9f27c9baa28b630f639f9259a8163a1ac78,12.609829,12.609829,0.0,1,0,1700392285
2023-11-16,0x3f386acc3a8e9194cf6279c219df8dd3c5b71974,9603,0x43e3267ce69862ffbeea59690cdb3e798f71ce7e,1490655.000456,1490655.000456,1605711.834718,1,1,1700681275
2023-11-16,0x3f386acc3a8e9194cf6279c219df8dd3c5b71974,9699,0x01e3a700a1a0509ec3ee32cc12c3c5a602f1ff8c,2.024291,2.024291,0.0,1,0,1700396189
2023-11-16,0x3fc28bfac25fc8e93b5b2fc15efbbd5a8aa44efe,9,0x08e18394086cb624b3d47430d115fafa01f4055e,0.0,0.0,799811.301976,0,1,1700570441
2023-11-16,0x3fc28bfac25fc8e93b5b2fc15efbbd5a8aa44efe,13,0x17ee1f11aa0654bd4ab1af4b6b309c7f137c925e,1261835.643638,1261835.643638,1261835.643638,1,1,1700689375
2023-11-16,0x3fc28bfac25fc8e93b5b2fc15efbbd5a8aa44efe,62,0xa311ab5780aa036b71aac2b71163fd03ec0df59e,0.0,0.0,316722.046509,0,1,1700678287
2023-11-16,0x3fc28bfac25fc8e93b5b2fc15efbbd5a8aa44efe,66,0xb21dfcf420cc7536c7ef5652ee8018741f17f017,0.0,0.0,1145061.771837,0,1,1700656693
2023-11-16,0x3fc28bfac25fc8e93b5b2fc15efbbd5a8aa44efe,69,0xd0e72c1b2eb87e3dc0445b7f689cadcfc872b293,0.0,0.0,1136012.359354,0,1,1700649507
2023-11-16,0x3fc28bfac25fc8e93b5b2fc15efbbd5a8aa44efe,80,0x34f543a73dcb1a4bcbae71e5dd41fcc1b5c17bf7,0.0,0.0,204911.120573,0,1,1700637837
2023-11-16,0x3fc28bfac25fc8e93b5b2fc15efbbd5a8aa44efe,81,0x5c70b3f22595caf8314f77dabc628363aaee18ad,0.0,0.0,807158.008939,0,1,1700459095
2023-11-16,0x3fc28bfac25fc8e93b5b2fc15efbbd5a8aa44efe,114,0x611b0c1ed942b833c786c53883a4aa37a25602a6,0.0,0.0,46687.477513,0,1,1700684273
2023-11-16,0x3fc28bfac25fc8e93b5b2fc15efbbd5a8aa44efe,116,0x0aad9ea1468e2d39d4c1492e66fccbebd3c93f6c,0.0,0.0,459931.528445,0,1,1700693049
2023-11-16,0x3fc28bfac25fc8e93b5b2fc15efbbd5a8aa44efe,117,0xdb2b9d473014d8c6a5e55da92205199457ba6624,0.0,0.0,230342.701708,0,1,1700560101
2023-11-16,0x3fc28bfac25fc8e93b5b2fc15efbbd5a8aa44efe,120,0xd66487d456b74f1030778f68a8f6026219d525c1,0.0,0.0,441405.346329,0,1,1700693253
2023-11-16,0x3fc28bfac25fc8e93b5b2fc15efbbd5a8aa44efe,121,0xede54584f748480851cad467b82c6a1173bebe10,112484.188494,224968.376989,224508.810129,2,2,1700098427
2023-11-16,0x3fc28bfac25fc8e93b5b2fc15efbbd5a8aa44efe,133,0xd5b2daf2285d0fbf2f1c2a20e2866ccf9617e83b,0.0,0.0,96956.313341,0,1,1700693563
2023-11-16,0x3fc28bfac25fc8e93b5b2fc15efbbd5a8aa44efe,144,0x89808c49f858b86e80b892506cf11606fb25fcdc,0.0,0.0,348963.387179,0,1,1700684591
2023-11-16,0x3fc28bfac25fc8e93b5b2fc15efbbd5a8aa44efe,173,0xc99783596103c9bee59cc2c260548fb848916c4b,0.0,0.0,239744.062846,0,1,1700680669
2023-11-16,0x3fc28bfac25fc8e93b5b2fc15efbbd5a8aa44efe,184,0x76c2cd1b8a249f465f8445c455cb78e0eed36f1e,0.0,0.0,54624.169845,0,1,1700691877
2023-11-16,0x3fc28bfac25fc8e93b5b2fc15efbbd5a8aa44efe,189,0xb223b0ba47eed82f7384f50df96ba406a080df7a,0.0,0.0,212881.292639,0,1,1700691103
2023-11-16,0x3fc28bfac25fc8e93b5b2fc15efbbd5a8aa44efe,195,0x302757fe1990e6558e03d05036bb88c3129a22c8,0.0,0.0,82288.491286,0,1,1700643743
2023-11-16,0x3fc28bfac25fc8e93b5b2fc15efbbd5a8aa44efe,197,0x6cd1b82490eb7aa18bec4305c6c2e691194c6898,0.0,0.0,199414.680335,0,1,1700619871
2023-11-16,0x3fc28bfac25fc8e93b5b2fc15efbbd5a8aa44efe,210,0x4e51a06e4643197e1be2f050b6af60f9ad3cef06,0.0,230096.088841,457340.850047,1,2,1700105627
2023-11-16,0x3fc28bfac25fc8e93b5b2fc15efbbd5a8aa44efe,220,0x4f6fff5cd87eaf8cf09467366fe783e7ecb1317b,0.0,0.0,168174.545302,0,1,1700619951
2023-11-16,0x3fc28bfac25fc8e93b5b2fc15efbbd5a8aa44efe,229,0x4dcea47ec4b26079cb4f9a0e0f400e1aa6f199a9,0.0,0.0,39629.24733,0,1,1700272213
2023-11-16,0x3fc28bfac25fc8e93b5b2fc15efbbd5a8aa44efe,272,0x48c49024e2885679d0c9eb3d4d6e73f2542b5839,0.0,0.0,92449.929689,0,1,1700678809
2023-11-16,0x3fc28bfac25fc8e93b5b2fc15efbbd5a8aa44efe,273,0xb385222c461dd7df0526ed22568b81984f6e5f02,0.0,0.0,122911.484337,0,1,1700294501
2023-11-16,0x3fc28bfac25fc8e93b5b2fc15efbbd5a8aa44efe,305,0x8de71aae74bee0847a1ee5f620f645910f8e5973,0.0,0.0,104332.16662,0,1,1700651031
2023-11-16,0x3fc28bfac25fc8e93b5b2fc15efbbd5a8aa44efe,318,0xcf0afa96743819d52515bff99635a7978f2a856f,0.0,0.0,100946.214633,0,1,1700248819
2023-11-16,0x3fc28bfac25fc8e93b5b2fc15efbbd5a8aa44efe,324,0xfb86a60a4d204de91421871c6d69cb40d21ae736,0.0,0.0,387882.353964,0,1,1700681095
2023-11-16,0x3fc28bfac25fc8e93b5b2fc15efbbd5a8aa44efe,353,0x5ade40e345817b739b91c6b4615efce87f9d7c57,0.0,0.0,91612.084086,0,1,1700131559
2023-11-16,0x3fc28bfac25fc8e93b5b2fc15efbbd5a8aa44efe,371,0x84572c31acdd30c03982e27b809d30b1efbcd8f2,0.0,0.0,84116.542761,0,1,1700160165
2023-11-16,0x3fc28bfac25fc8e93b5b2fc15efbbd5a8aa44efe,387,0x314c0695273ba259bb60074f2c92c67ac7ae6d40,0.0,0.0,105585.873242,0,1,1700677689
2023-11-16,0x3fc28bfac25fc8e93b5b2fc15efbbd5a8aa44efe,392,0xa12eec92d8c155c8ea9159cb87da4e062bf9992d,0.0,0.0,97298.90558,0,1,1700607201
2023-11-16,0x3fc28bfac25fc8e93b5b2fc15efbbd5a8aa44efe,416,0x151e5062d509bf6fc1b5345afa0e7397c9c82226,0.0,0.0,15383.363924,0,1,1700672895
2023-11-16,0x3fc28bfac25fc8e93b5b2fc15efbbd5a8aa44efe,417,0xbe93d14c5defb8f41af8fb092f58e3c71c712b85,0.0,0.0,15255.57662,0,1,1700143241
2023-11-16,0x3fc28bfac25fc8e93b5b2fc15efbbd5a8aa44efe,428,0xbb1766a13674dc9c8d194377f3c92153de381883,0.0,0.0,59421.449734,0,1,1700647735
2023-11-16,0x3fc28bfac25fc8e93b5b2fc15efbbd5a8aa44efe,430,0xb4173fee41920a8e7d3451863f9779468ebab98e,0.0,0.0,58337.161809,0,1,1700626037
2023-11-16,0x3fc28bfac25fc8e93b5b2fc15efbbd5a8aa44efe,455,0xed96bc0fd61b87f3b7f6478e55db024e75972fac,0.0,0.0,51218.58542,0,1,1700658133
2023-11-16,0x3fc28bfac25fc8e93b5b2fc15efbbd5a8aa44efe,465,0x8c9277158dd4647cf6cc9b9fe21f78ae25fe42c9,0.0,0.0,49641.152406,0,1,1700169005
2023-11-16,0x3fc28bfac25fc8e93b5b2fc15efbbd5a8aa44efe,501,0xdf19049d52b307bce8eeb325a2c9ccedc1939bec,0.0,0.0,43841.6939,0,1,1700100199
2023-11-16,0x3fc28bfac25fc8e93b5b2fc15efbbd5a8aa44efe,510,0x7e1ff06fc9adaca7383560f3d674c6b686aef67e,0.0,0.0,42978.10282,0,1,1700603435
2023-11-16,0x3fc28bfac25fc8e93b5b2fc15efbbd5a8aa44efe,514,0xe9eb5b18f6a6098eae9d38d03dbfdc924bd757e9,0.0,0.0,42532.317735,0,1,1700100563
2023-11-16,0x3fc28bfac25fc8e93b5b2fc15efbbd5a8aa44efe,524,0x76da9f88e63a85ba8bfa19f3821d5a271753d3dc,0.0,0.0,41627.514153,0,1,1700183555
2023-11-16,0x3fc28bfac25fc8e93b5b2fc15efbbd5a8aa44efe,525,0x1f92b5affd12981ef0fa7ba22a802379fd36929e,0.0,0.0,43156.515948,0,1,1700649183
2023-11-16,0x3fc28bfac25fc8e93b5b2fc15efbbd5a8aa44efe,550,0xadfc26b6520a35c37af3ac5af174249737ec612c,0.0,0.0,45871.752223,0,1,1700626201
2023-11-16,0x3fc28bfac25fc8e93b5b2fc15efbbd5a8aa44efe,556,0x8019067c09ea6587383f728bdc708f41590a12ce,0.0,0.0,39229.203013,0,1,1700653825
2023-11-16,0x3fc28bfac25fc8e93b5b2fc15efbbd5a8aa44efe,565,0x9e32643153bb21a77a5a757d6c51a01aebea0fa7,0.0,0.0,38188.045938,0,1,1700476889
2023-11-16,0x3fc28bfac25fc8e93b5b2fc15efbbd5a8aa44efe,568,0xfd9ce79fd7f62ca88ace958cd2716f4cce25e2df,0.0,0.0,38046.077426,0,1,1700115629
2023-11-16,0x3fc28bfac25fc8e93b5b2fc15efbbd5a8aa44efe,572,0xcbc21fbf92519f6d90c05a6fda1a7cb72fa6e02b,0.0,0.0,37611.285288,0,1,1700248943
2023-11-16,0x3fc28bfac25fc8e93b5b2fc15efbbd5a8aa44efe,575,0x94587a95917188b338c822de2d1e77074131589f,0.0,0.0,9375.024046,0,1,1700332877
2023-11-16,0x3fc28bfac25fc8e93b5b2fc15efbbd5a8aa44efe,583,0xd8a30dbb3b8b204b6d8bb800d0f2865d07dc904c,0.0,0.0,36910.437006,0,1,1700538221
2023-11-16,0x3fc28bfac25fc8e93b5b2fc15efbbd5a8aa44efe,584,0x38e481367e0c50f4166ad2a1c9fde0e3c662cfba,0.0,0.0,36735.559024,0,1,1700648023
2023-11-16,0x3fc28bfac25fc8e93b5b2fc15efbbd5a8aa44efe,603,0xa13a8b8039b6e8e26b1763b0e7e9ec992a73b996,0.0,0.0,40974.642233,0,1,1700621099
2023-11-16,0x3fc28bfac25fc8e93b5b2fc15efbbd5a8aa44efe,608,0xc45d05cdc809d20c7b14959e8cd4a1199e3e966f,0.0,0.0,35277.406823,0,1,1700524941
2023-11-16,0x3fc28bfac25fc8e93b5b2fc15efbbd5a8aa44efe,612,0xb7db1273e05bb89c9c4858d3b0a280cf9dd38d69,0.0,0.0,11571.171701,0,1,1700663049
2023-11-16,0x3fc28bfac25fc8e93b5b2fc15efbbd5a8aa44efe,642,0xf1b0e78a2bc422df50ec9ee4c324895c9b79f80a,0.0,0.0,40722.619818,0,1,1700114615
2023-11-16,0x3fc28bfac25fc8e93b5b2fc15efbbd5a8aa44efe,654,0xc555347d2b369b074be94fe6f7ae9ab43966b884,0.0,0.0,31303.537623,0,1,1700335891
2023-11-16,0x3fc28bfac25fc8e93b5b2fc15efbbd5a8aa44efe,664,0x577be3ed9a71e1c355f519bbdf5f09ba2018b1cc,0.0,0.0,30952.895661,0,1,1700692819
2023-11-16,0x3fc28bfac25fc8e93b5b2fc15efbbd5a8aa44efe,665,0x49e6f2d934077995cf4b24701fa5ae7f7b5e82e5,0.0,0.0,30938.258548,0,1,1700277353
2023-11-16,0x3fc28bfac25fc8e93b5b2fc15efbbd5a8aa44efe,670,0xf7f4ffea88aa541720a39bc909eef38b2f3a4d55,0.0,0.0,30815.52545,0,1,1700656849
2023-11-16,0x3fc28bfac25fc8e93b5b2fc15efbbd5a8aa44efe,674,0xf076823122f106c2b7f21cbaacd1c9db1ce4cf27,0.0,0.0,15020.994721,0,1,1700667647
2023-11-16,0x3fc28bfac25fc8e93b5b2fc15efbbd5a8aa44efe,684,0x2a23d0650db1c536e71aeb63ecd3daa0b52e66e1,0.0,23459.668542,46901.586606,1,2,1700652519
2023-11-16,0x3fc28bfac25fc8e93b5b2fc15efbbd5a8aa44efe,694,0xbfc4fbbec37c291aed1d14f02b5221d0be0fe8f1,0.0,0.0,28292.028631,0,1,1700665941
2023-11-16,0x3fc28bfac25fc8e93b5b2fc15efbbd5a8aa44efe,709,0x39d94ed8102740e8fad63e55473a466aa20e0983,0.0,0.0,27216.688236,0,1,1700660049
2023-11-16,0x3fc28bfac25fc8e93b5b2fc15efbbd5a8aa44efe,711,0x74e8beb278dc75d26d5918ae83bf85b58c82d3fb,0.0,0.0,28365.032635,0,1,1700129393
2023-11-16,0x3fc28bfac25fc8e93b5b2fc15efbbd5a8aa44efe,723,0x65268d4fb73544b6056fa4f4bf20fc90e0b12a80,0.0,0.0,27199.427079,0,1,1700440075
2023-11-16,0x3fc28bfac25fc8e93b5b2fc15efbbd5a8aa44efe,752,0xb919cab8962c5e6d8cc0483661819a44a8ff98e6,0.0,0.0,26274.025554,0,1,1700686477
2023-11-16,0x3fc28bfac25fc8e93b5b2fc15efbbd5a8aa44efe,754,0x4d3869e2451d28bb4f03aeda60322eaf01e912db,0.0,0.0,26768.032175,0,1,1700600407
2023-11-16,0x3fc28bfac25fc8e93b5b2fc15efbbd5a8aa44efe,755,0x5a4e672e859efceea0f74cf177822c4539f26741,0.0,0.0,24385.698938,0,1,1700654351
2023-11-16,0x3fc28bfac25fc8e93b5b2fc15efbbd5a8aa44efe,769,0x38e76e6d3024475e2d39deb94b2797ce801381c0,0.0,0.0,23565.526863,0,1,1700309541
2023-11-16,0x3fc28bfac25fc8e93b5b2fc15efbbd5a8aa44efe,774,0x98d925821767edcf7e773810e74244026b6e8a35,0.0,0.0,2334.984607,0,1,1700590787
2023-11-16,0x3fc28bfac25fc8e93b5b2fc15efbbd5a8aa44efe,798,0x6a018ad51de844243ce7fb743c3e5f4481df6858,0.0,0.0,5506.200233,0,1,1700572441
2023-11-16,0x3fc28bfac25fc8e93b5b2fc15efbbd5a8aa44efe,846,0xf492f0aa5c607be83dda570d39f73c767fe36367,0.0,0.0,24278.207604,0,1,1700655627
2023-11-16,0x3fc28bfac25fc8e93b5b2fc15efbbd5a8aa44efe,854,0xb0796f5bba95dff18fb1de01d44e48d4d0df5118,0.0,0.0,19572.129081,0,1,1700099799
2023-11-16,0x3fc28bfac25fc8e93b5b2fc15efbbd5a8aa44efe,862,0xecb4c1245665e8a1f43826355aab0dd6bf336e05,0.0,0.0,19895.845323,0,1,1700096435
2023-11-16,0x3fc28bfac25fc8e93b5b2fc15efbbd5a8aa44efe,864,0xdc7434d709bdbf483ed74989eae91c17b7ce1a33,0.0,0.0,9526.793963,0,1,1700679337
2023-11-16,0x3fc28bfac25fc8e93b5b2fc15efbbd5a8aa44efe,875,0x5f449ca0c6ae1cac4c4830220229233f0b60c103,0.0,0.0,18574.468596,0,1,1700657689
2023-11-16,0x3fc28bfac25fc8e93b5b2fc15efbbd5a8aa44efe,877,0x2ccf109701bb766ea47cc673b1366af4e82976b1,0.0,0.0,18477.103829,0,1,1700554129
2023-11-16,0x3fc28bfac25fc8e93b5b2fc15efbbd5a8aa44efe,902,0x186b12ceaf08fde22e32647fcc800e45876f5bd0,0.0,0.0,17549.382117,0,1,1700620417
2023-11-16,0x3fc28bfac25fc8e93b5b2fc15efbbd5a8aa44efe,937,0x4e8f911b2da10563da1357ed0eda1670902c6390,0.0,0.0,16568.171258,0,1,1700692793
2023-11-16,0x3fc28bfac25fc8e93b5b2fc15efbbd5a8aa44efe,941,0x340d827d96a2da5e617cb6c378c631f84a0a182e,0.0,0.0,17885.916807,0,1,1700649209
2023-11-16,0x3fc28bfac25fc8e93b5b2fc15efbbd5a8aa44efe,991,0x986fcc6b0d290308ad6f6a0e8471f74f53dec06a,0.0,0.0,15274.809424,0,1,1700114791
2023-11-16,0x3fc28bfac25fc8e93b5b2fc15efbbd5a8aa44efe,995,0x25a6029c33fee6e0632017ee3424626ca47aeecb,0.0,0.0,16883.885275,0,1,1700656627
2023-11-16,0x3fc28bfac25fc8e93b5b2fc15efbbd5a8aa44efe,1099,0xe8b55fd62045d51274812e5c3ab803055c0e3eaa,0.0,0.0,12823.902956,0,1,1700136227
2023-11-16,0x3fc28bfac25fc8e93b5b2fc15efbbd5a8aa44efe,1100,0x113e29e69e25a902d579a1fcb78bcd661fc5f705,0.0,0.0,12795.097689,0,1,1700679935
2023-11-16,0x3fc28bfac25fc8e93b5b2fc15efbbd5a8aa44efe,1118,0xa66375ade8c5ec7bc41c8f0c19cf927d7f3192e6,0.0,0.0,12538.23283,0,1,1700686065
2023-11-16,0x3fc28bfac25fc8e93b5b2fc15efbbd5a8aa44efe,1124,0x78ce9fe8d59e2e39fc100a02d30109b16d2d7fd9,0.0,0.0,16633.341958,0,1,1700303765
2023-11-16,0x3fc28bfac25fc8e93b5b2fc15efbbd5a8aa44efe,1150,0x62365e0af7b6a188d063825afa3399ba0b5aa7cd,0.0,0.0,12177.703886,0,1,1700113299
2023-11-16,0x3fc28bfac25fc8e93b5b2fc15efbbd5a8aa44efe,1166,0x9859a4583763a5ca30cb3dc676b41eae3b628e4a,0.0,0.0,11639.972368,0,1,1700644121
2023-11-16,0x3fc28bfac25fc8e93b5b2fc15efbbd5a8aa44efe,1173,0xe3ff24a97bfb65cadef30f6ad19a6ea7e6f6149d,0.0,0.0,11136.396721,0,1,1700668741
2023-11-16,0x3fc28bfac25fc8e93b5b2fc15efbbd5a8aa44efe,1176,0x8844126ca5defee105ae50e5089933768ccf9999,0.0,0.0,11474.110655,0,1,1700651867
2023-11-16,0x3fc28bfac25fc8e93b5b2fc15efbbd5a8aa44efe,1183,0x0c9e20b9046f31da1e84b1b968b5fff23e815fd6,0.0,0.0,11647.519552,0,1,1700582605
2023-11-16,0x3fc28bfac25fc8e93b5b2fc15efbbd5a8aa44efe,1189,0x3c9c3de51bc19645fbab52097fb48a104472a70c,0.0,0.0,11205.39511,0,1,1700525153
2023-11-16,0x3fc28bfac25fc8e93b5b2fc15efbbd5a8aa44efe,1221,0x564b3a3cf630d7b3b35ae78e47feb074bce2b06e,0.0,0.0,2554.830496,0,1,1700501619
2023-11-16,0x3fc28bfac25fc8e93b5b2fc15efbbd5a8aa44efe,1250,0xfde34a676aa8d44b66d5ced822831a5b1454f8b0,0.0,0.0,10185.357865,0,1,1700399337
2023-11-16,0x3fc28bfac25fc8e93b5b2fc15efbbd5a8aa44efe,1255,0x4f4d6d47a8a764cf8dab8f544b055fbd109304af,0.0,0.0,10039.594638,0,1,1700671409
2023-11-16,0x3fc28bfac25fc8e93b5b2fc15efbbd5a8aa44efe,1275,0xe0dd8c40acc74005c71ce5d02cd5116a2eedb1b0,0.0,0.0,9825.831777,0,1,1700631305
2023-11-16,0x3fc28bfac25fc8e93b5b2fc15efbbd5a8aa44efe,1294,0x2cafb5b9dc0bbf8afda42b652e404bdfe998e2d9,0.0,0.0,9497.723239,0,1,1700688335
2023-11-16,0x3fc28bfac25fc8e93b5b2fc15efbbd5a8aa44efe,1309,0x34bbc9a46b09283698ba7aa1c273e8b4e9f7bcc3,5120.90079,5120.90079,4750.653061,1,1,1700387959
2023-11-16,0x3fc28bfac25fc8e93b5b2fc15efbbd5a8aa44efe,1322,0x3a781cb383b65a1fff97ce061c3d35a1c09e6960,0.0,0.0,7209.227089,0,1,1700630411
2023-11-16,0x3fc28bfac25fc8e93b5b2fc15efbbd5a8aa44efe,1347,0x11cc69ac73a83f4b3cb1420f2faf7b09491f1d8e,0.0,0.0,5714.094494,0,1,1700680987
2023-11-16,0x3fc28bfac25fc8e93b5b2fc15efbbd5a8aa44efe,1349,0x5d20723d6eca69738eac8b4767c46682ecc76f3c,0.0,0.0,8756.445464,0,1,1700128271
2023-11-16,0x3fc28bfac25fc8e93b5b2fc15efbbd5a8aa44efe,1394,0x7a49983815a5f0499e590698c44adfe766e6812f,0.0,0.0,8366.52753,0,1,1700140259
2023-11-16,0x3fc28bfac25fc8e93b5b2fc15efbbd5a8aa44efe,1400,0x9afde32e2b7065514cb899a0de8e79d6c83874c0,0.0,0.0,8327.92446,0,1,1700405287
2023-11-16,0x3fc28bfac25fc8e93b5b2fc15efbbd5a8aa44efe,1403,0x4a3592a24a88249f14adaac604eb2e79ffe948ca,0.0,0.0,8282.809354,0,1,1700688397
2023-11-16,0x3fc28bfac25fc8e93b5b2fc15efbbd5a8aa44efe,1431,0x7fbd935c9972b6a4c0b6f7c6f650996677bf6e0a,0.0,0.0,7922.839467,0,1,1700424793
2023-11-16,0x3fc28bfac25fc8e93b5b2fc15efbbd5a8aa44efe,1455,0x7f44628bd0f7921820107392edad71abddcb17f9,0.0,0.0,8129.096243,0,1,1700581289
2023-11-16,0x3fc28bfac25fc8e93b5b2fc15efbbd5a8aa44efe,1464,0x27adfbdb9a913ffdf886b4f76eca80ab8f189bef,0.0,0.0,7832.871272,0,1,1700602759
2023-11-16,0x3fc28bfac25fc8e93b5b2fc15efbbd5a8aa44efe,1471,0xcbb54eda2048b57d1b0afb19a73948e9d58b6973,7634.586168,7634.586168,7634.586168,1,1,1700654537
2023-11-16,0x3fc28bfac25fc8e93b5b2fc15efbbd5a8aa44efe,1476,0xef044f956283f12854d3b7ec000f3485b824619a,7548.248485,7548.248485,7548.248485,1,1,1700107739
2023-11-16,0x3fc28bfac25fc8e93b5b2fc15efbbd5a8aa44efe,1478,0x58c4f03a954e4cbb1b8e204a881a8e9a99d015dd,0.0,0.0,5003.284146,0,1,1700612469
2023-11-16,0x3fc28bfac25fc8e93b5b2fc15efbbd5a8aa44efe,1508,0x14da1d50102b7e29103dd28ca2f2796866c99b11,0.0,0.0,7235.129965,0,1,1700155561
2023-11-16,0x3fc28bfac25fc8e93b5b2fc15efbbd5a8aa44efe,1520,0xa2d35e418814a8b6367c66a5ac2fec8ea16332b2,0.0,0.0,3563.255461,0,1,1700633347
2023-11-16,0x3fc28bfac25fc8e93b5b2fc15efbbd5a8aa44efe,1521,0xdd84ce1adcb3a4908db61a1dfa3353c3974c5a2b,0.0,0.0,1778.668046,0,1,1700660181
2023-11-16,0x3fc28bfac25fc8e93b5b2fc15efbbd5a8aa44efe,1540,0xfff6eb6fae78e604c93b35c97f6892e36acb1dbd,0.0,0.0,6985.140475,0,1,1700100279
2023-11-16,0x3fc28bfac25fc8e93b5b2fc15efbbd5a8aa44efe,1575,0x31e1c86c87791c903ccb82726e11a761187ef694,0.0,0.0,1682.80677,0,1,1700157983
2023-11-16,0x3fc28bfac25fc8e93b5b2fc15efbbd5a8aa44efe,1618,0x8b478359b5593747473e67f78b1f0048c1c523ed,0.0,13291.749824,26382.249404,1,2,1700658157
2023-11-16,0x3fc28bfac25fc8e93b5b2fc15efbbd5a8aa44efe,1619,0x848ac158d4af8a753227ad4e955a6ea3b0cbf480,0.0,0.0,6355.693518,0,1,1700650461
2023-11-16,0x3fc28bfac25fc8e93b5b2fc15efbbd5a8aa44efe,1624,0xc4f39ba15f5376732c594523408ea2e5149aa43d,0.0,0.0,6361.192887,0,1,1700143247
2023-11-16,0x3fc28bfac25fc8e93b5b2fc15efbbd5a8aa44efe,1636,0x5343f404f7293bcb1ec7eddb1077b152039b739e,6315.698383,6315.698383,6311.565017,1,1,1700162527
2023-11-16,0x3fc28bfac25fc8e93b5b2fc15efbbd5a8aa44efe,1660,0xaa62cf7caaf0c7e50deaa9d5d0b907472f00b258,0.0,0.0,6188.235838,0,1,1700577153
2023-11-16,0x3fc28bfac25fc8e93b5b2fc15efbbd5a8aa44efe,1664,0x3845db689ece1e8db5af208f77f44cc1c7171407,0.0,0.0,6172.348078,0,1,1700098717
2023-11-16,0x3fc28bfac25fc8e93b5b2fc15efbbd5a8aa44efe,1679,0x018439894b681cc2aaddb613a425a1cfa6e59c29,0.0,0.0,6089.739524,0,1,1700114915
2023-11-16,0x3fc28bfac25fc8e93b5b2fc15efbbd5a8aa44efe,1700,0xce2628d07b3df18674761f79f341267df8c92f71,0.0,0.0,5887.542334,0,1,1700595905
2023-11-16,0x3fc28bfac25fc8e93b5b2fc15efbbd5a8aa44efe,1703,0x5c4adac003213c3bd26fbcd3419064f0cb9df76e,0.0,0.0,5877.291501,0,1,1700653815
2023-11-16,0x3fc28bfac25fc8e93b5b2fc15efbbd5a8aa44efe,1709,0xf7c04a39e47c7ea9d6888f9389ea85846e22ae1a,0.0,0.0,5809.615707,0,1,1700692727
2023-11-16,0x3fc28bfac25fc8e93b5b2fc15efbbd5a8aa44efe,1717,0xac749ef37797f963acc59146e1d2f4015e97dc79,0.0,0.0,5761.552562,0,1,1700477227
2023-11-16,0x3fc28bfac25fc8e93b5b2fc15efbbd5a8aa44efe,1718,0xdbae4a204a9ee579e402c7cf9f72005ecbf8f8e4,0.0,0.0,5760.384327,0,1,1700096641
2023-11-16,0x3fc28bfac25fc8e93b5b2fc15efbbd5a8aa44efe,1723,0x8c270f234cdcbd30d281799b584db3d0789e1317,0.0,0.0,5919.440687,0,1,1700144581
2023-11-16,0x3fc28bfac25fc8e93b5b2fc15efbbd5a8aa44efe,1770,0x43748da96eab61ccf623bf7087ef02e70478211e,0.0,0.0,5400.433492,0,1,1700328153
2023-11-16,0x3fc28bfac25fc8e93b5b2fc15efbbd5a8aa44efe,1799,0xac98dc2496bcd84b6f1079d90dd37734137b126b,0.0,0.0,5102.587932,0,1,1700110725
2023-11-16,0x3fc28bfac25fc8e93b5b2fc15efbbd5a8aa44efe,1862,0x5f05a92fafe95a92e302bd0dd1479db425b4dc17,0.0,0.0,5277.771859,0,1,1700635803
2023-11-16,0x3fc28bfac25fc8e93b5b2fc15efbbd5a8aa44efe,1924,0xbd04e7a7c2dd830ec4819f3d12e93931383cc4a4,0.0,0.0,4519.965573,0,1,1700661745
2023-11-16,0x3fc28bfac25fc8e93b5b2fc15efbbd5a8aa44efe,1957,0x2d5a17539943a8c1a753578af3b4f91c9eb85eb9,0.0,0.0,16459.029122,0,1,1700584353
2023-11-16,0x3fc28bfac25fc8e93b5b2fc15efbbd5a8aa44efe,1977,0x4cc56a1fa96fc2cffc869affbb33b2d1a3196b93,0.0,0.0,5142.113131,0,1,1700690475
2023-11-16,0x3fc28bfac25fc8e93b5b2fc15efbbd5a8aa44efe,2002,0x77e1892fd956c6df5a283804d57ba4c6e2803766,0.0,0.0,4239.431055,0,1,1700162591
2023-11-16,0x3fc28bfac25fc8e93b5b2fc15efbbd5a8aa44efe,2007,0x31b07bcd06794c8c10909d9061639521b167780e,0.0,0.0,2199.276426,0,1,1700135861
2023-11-16,0x3fc28bfac25fc8e93b5b2fc15efbbd5a8aa44efe,2022,0x9a4773eeee73e34e1ee0e9a64e4b7453b0b04246,0.0,0.0,4210.116645,0,1,1700114303
2023-11-16,0x3fc28bfac25fc8e93b5b2fc15efbbd5a8aa44efe,2035,0x7f85cf44e446a4b1aace2a28774e88cd6d4e3441,0.0,0.0,4177.031152,0,1,1700644553
2023-11-16,0x3fc28bfac25fc8e93b5b2fc15efbbd5a8aa44efe,2036,0xde107b82e3e47ed281d276644b8115548c085c24,0.0,0.0,4187.757282,0,1,1700116381
2023-11-16,0x3fc28bfac25fc8e93b5b2fc15efbbd5a8aa44efe,2040,0xaae833d972e4a8dbcdcd007a5bda0b22e5ddf583,0.0,0.0,4148.733116,0,1,1700455289
2023-11-16,0x3fc28bfac25fc8e93b5b2fc15efbbd5a8aa44efe,2043,0x29976c9c4ca5d92d70cccd2611eef58f1ffe158d,0.0,0.0,4142.122417,0,1,1700635567
2023-11-16,0x3fc28bfac25fc8e93b5b2fc15efbbd5a8aa44efe,2050,0xf71953b029dba0517d6eb7cbda9dd390728ddb98,0.0,0.0,4123.833194,0,1,1700107307
2023-11-16,0x3fc28bfac25fc8e93b5b2fc15efbbd5a8aa44efe,2055,0x264827b8dd1ca3ef6afb080241b3d3d8de8178b3,0.0,0.0,4967.313892,0,1,1700690667
2023-11-16,0x3fc28bfac25fc8e93b5b2fc15efbbd5a8aa44efe,2087,0x4d85e4f760fb58e380f02657ae5aafb8bd010601,0.0,0.0,2354.969571,0,1,1700268821
2023-11-16,0x3fc28bfac25fc8e93b5b2fc15efbbd5a8aa44efe,2107,0x25f7a39cfc039dc051674c3ba5c08da460a6d941,0.0,0.0,4814.33305,0,1,1700572041
2023-11-16,0x3fc28bfac25fc8e93b5b2fc15efbbd5a8aa44efe,2109,0xaba92f62ef9d45d0b61808d330461c3b2d8fece8,0.0,0.0,4005.585085,0,1,1700665655
2023-11-16,0x3fc28bfac25fc8e93b5b2fc15efbbd5a8aa44efe,2129,0x9e136c1c6d31504f6b0af8cba2cd3f1ea77b2e2b,0.0,0.0,862.463532,0,1,1700124211
2023-11-16,0x3fc28bfac25fc8e93b5b2fc15efbbd5a8aa44efe,2189,0x881ee0c4b131cc79d3bb9dc44a4539bc034a35e6,0.0,0.0,379162.142847,0,1,1700584247
2023-11-16,0x3fc28bfac25fc8e93b5b2fc15efbbd5a8aa44efe,2219,0xbf7a212642dd4ac4c46af83410e18337379c85ec,0.0,0.0,1166.894485,0,1,1700692843
2023-11-16,0x3fc28bfac25fc8e93b5b2fc15efbbd5a8aa44efe,2243,0xdd7fbd024e7e484d41d14936a44709992c8a1e07,0.0,0.0,913.582497,0,1,1700669959
2023-11-16,0x3fc28bfac25fc8e93b5b2fc15efbbd5a8aa44efe,2312,0x3fe2e08a1f7766606574a91a5cfaf3342d023947,0.0,0.0,3534.792582,0,1,1700633051
2023-11-16,0x3fc28bfac25fc8e93b5b2fc15efbbd5a8aa44efe,2342,0x194707c58d18dda44ce8f88c45a85f65b618fafc,0.0,0.0,7350.171948,0,1,1700503575
2023-11-16,0x3fc28bfac25fc8e93b5b2fc15efbbd5a8aa44efe,2348,0xa0efd27acc781549d5b78e89e561aa0903932d56,0.0,0.0,3472.940576,0,1,1700098005
2023-11-16,0x3fc28bfac25fc8e93b5b2fc15efbbd5a8aa44efe,2421,0x9a2a659980a8fd84790b456696000c8eba9bc578,0.0,0.0,1675.675251,0,1,1700690477
2023-11-16,0x3fc28bfac25fc8e93b5b2fc15efbbd5a8aa44efe,2430,0x1b6a83f6fcf3ab0879199350f4556aecf42a6180,0.0,0.0,3334.362941,0,1,1700141023
2023-11-16,0x3fc28bfac25fc8e93b5b2fc15efbbd5a8aa44efe,2436,0xb436141073efe6c21ac6be9a5bb0d1d74f0ce87c,0.0,0.0,3326.862132,0,1,1700350719
2023-11-16,0x3fc28bfac25fc8e93b5b2fc15efbbd5a8aa44efe,2447,0xdf90bc63d773e674e0ce2488dbf173cdc3622796,0.0,0.0,828.560527,0,1,1700255281
2023-11-16,0x3fc28bfac25fc8e93b5b2fc15efbbd5a8aa44efe,2462,0xb8dbac300e69c9c2d56542f83bbac3dbad065d02,0.0,0.0,3282.375125,0,1,1700661109
2023-11-16,0x3fc28bfac25fc8e93b5b2fc15efbbd5a8aa44efe,2474,0x47c465e7beac169081371969c0fcf62d10c84ef7,0.0,0.0,3274.923409,0,1,1700652677
2023-11-16,0x3fc28bfac25fc8e93b5b2fc15efbbd5a8aa44efe,2494,0x875a6dc230931ebd99542a89f76837d861d2c2f7,0.0,0.0,3248.836611,0,1,1700206319
2023-11-16,0x3fc28bfac25fc8e93b5b2fc15efbbd5a8aa44efe,2512,0x66911f0d4c73a9189ed29ecafc1514236f51dd45,0.0,0.0,3699.663739,0,1,1700136943
2023-11-16,0x3fc28bfac25fc8e93b5b2fc15efbbd5a8aa44efe,2515,0x0a5d2190afc397b91c2de36d128b03b275a3a255,0.0,0.0,3219.148631,0,1,1700099043
2023-11-16,0x3fc28bfac25fc8e93b5b2fc15efbbd5a8aa44efe,2587,0xf26e5b93453a69a0297dc66e7bbd750d2b28160b,0.0,0.0,3119.505019,0,1,1700232373
2023-11-16,0x3fc28bfac25fc8e93b5b2fc15efbbd5a8aa44efe,2633,0xfcc06f7f02f6ab02051f259db4f82f20d8d02112,0.0,0.0,3150.393608,0,1,1700401571
2023-11-16,0x3fc28bfac25fc8e93b5b2fc15efbbd5a8aa44efe,2637,0x72fc2f0cceec498ee01ab302b62cb6f78ac36bee,0.0,0.0,3105.365901,0,1,1700175507
2023-11-16,0x3fc28bfac25fc8e93b5b2fc15efbbd5a8aa44efe,2670,0xabb3639ac7ea3fbd7e9bfd4d8fd46cad6c3056f6,0.0,0.0,1101.356966,0,1,1700647409
2023-11-16,0x3fc28bfac25fc8e93b5b2fc15efbbd5a8aa44efe,2674,0x8298ca68dd147f42d2b355d320da71561defcd21,0.0,0.0,1788.276031,0,1,1700625667
2023-11-16,0x3fc28bfac25fc8e93b5b2fc15efbbd5a8aa44efe,2685,0x2245c733dd052343b60f44130a25c9f574a696d4,0.0,0.0,1088.75742,0,1,1700647325
2023-11-16,0x3fc28bfac25fc8e93b5b2fc15efbbd5a8aa44efe,2814,0x3559b7256e235109f7519b457060ed37106a91fb,0.0,0.0,2473.269857,0,1,1700149179
2023-11-16,0x3fc28bfac25fc8e93b5b2fc15efbbd5a8aa44efe,2846,0x7f922e25a3ff62f9a253c83f3f1f2e1dddae60bd,0.0,0.0,2314.084537,0,1,1700640221
2023-11-16,0x3fc28bfac25fc8e93b5b2fc15efbbd5a8aa44efe,2872,0x70a9c497536e98f2dbb7c66911700fe2b2550900,0.0,0.0,2230.051645,0,1,1700186635
2023-11-16,0x3fc28bfac25fc8e93b5b2fc15efbbd5a8aa44efe,2877,0x6f6cbac3fc494e57da3b53977fa9872c8fc74987,0.0,0.0,2229.901051,0,1,1700630217
2023-11-16,0x3fc28bfac25fc8e93b5b2fc15efbbd5a8aa44efe,2888,0x5b2dddf2a4772d9c27c9b3099c371c3e7ba7b4a7,0.0,0.0,2253.364796,0,1,1700162701
2023-11-16,0x3fc28bfac25fc8e93b5b2fc15efbbd5a8aa44efe,2891,0x947d1dbc0edf951f7c1ca46f934e499d8592a8d1,0.0,0.0,1101.148734,0,1,1700687861
2023-11-16,0x3fc28bfac25fc8e93b5b2fc15efbbd5a8aa44efe,2899,0x2481fef92f6358a410f4b42a7672f23cac514c2a,0.0,0.0,3676.604605,0,1,1700452699
2023-11-16,0x3fc28bfac25fc8e93b5b2fc15efbbd5a8aa44efe,2902,0xf84368dcc03dbd47a6567b7267f573c28b2f07fa,0.0,0.0,582.244758,0,1,1700690287
2023-11-16,0x3fc28bfac25fc8e93b5b2fc15efbbd5a8aa44efe,2909,0xb4a0c27d79d54fd2eccb6dc9ef9eb49ec706626e,0.0,0.0,2161.557253,0,1,1700162861
2023-11-16,0x3fc28bfac25fc8e93b5b2fc15efbbd5a8aa44efe,2961,0x3fc6121cb50b00a5fb8bd2a3c755f804d0e694d2,0.0,0.0,2448.510674,0,1,1700119285
2023-11-16,0x3fc28bfac25fc8e93b5b2fc15efbbd5a8aa44efe,2983,0xeba06532a72bec44a1d33130aaa7c45c31e502f6,0.0,0.0,1988.090252,0,1,1700630359
2023-11-16,0x3fc28bfac25fc8e93b5b2fc15efbbd5a8aa44efe,3027,0xac6d3a1c8f29a2c64dd24db057c15e02c967effe,0.0,0.0,1943.287129,0,1,1700125561
2023-11-16,0x3fc28bfac25fc8e93b5b2fc15efbbd5a8aa44efe,3073,0xb0be01cf3a5cde8a86e1a39367ea997f5dd08372,0.0,0.0,1841.147943,0,1,1700640121
2023-11-16,0x3fc28bfac25fc8e93b5b2fc15efbbd5a8aa44efe,3130,0xd71bfda29efe1120c8b9d32e798a298db6cca377,0.0,0.0,1765.637499,0,1,1700638065
2023-11-16,0x3fc28bfac25fc8e93b5b2fc15efbbd5a8aa44efe,3131,0x5192309938ef4a6804e89d20c839169f05d8a8ac,0.0,0.0,1755.459004,0,1,1700642813
2023-11-16,0x3fc28bfac25fc8e93b5b2fc15efbbd5a8aa44efe,3135,0x9dc5d3c206276ec16c2a171c364fedddfd27be50,0.0,0.0,1748.698174,0,1,1700532949
2023-11-16,0x3fc28bfac25fc8e93b5b2fc15efbbd5a8aa44efe,3160,0x25f0a60d95fb530435f733c8e480c8c4c1619d1e,0.0,0.0,1726.321684,0,1,1700575275
2023-11-16,0x3fc28bfac25fc8e93b5b2fc15efbbd5a8aa44efe,3228,0xace742dbb04af172ed4f19f6150f1a71986f7227,0.0,0.0,1668.467181,0,1,1700603961
2023-11-16,0x3fc28bfac25fc8e93b5b2fc15efbbd5a8aa44efe,3229,0xa177d003fa7f0d865a42fc02b5fdff4d44386585,0.0,0.0,1786.900039,0,1,1700365617
2023-11-16,0x3fc28bfac25fc8e93b5b2fc15efbbd5a8aa44efe,3247,0x99d6d24012361620bfa1a3f16d4e745066fc7c69,0.0,0.0,1639.30056,0,1,1700658131
2023-11-16,0x3fc28bfac25fc8e93b5b2fc15efbbd5a8aa44efe,3248,0xc5ba2b86292a73830cfe7619f24f4fcab66e398b,0.0,0.0,1639.255794,0,1,1700658125
2023-11-16,0x3fc28bfac25fc8e93b5b2fc15efbbd5a8aa44efe,3249,0xe6318ac14dc1235e01af21d354088118e15783ba,0.0,0.0,1641.507362,0,1,1700658119
2023-11-16,0x3fc28bfac25fc8e93b5b2fc15efbbd5a8aa44efe,3250,0xdf23d6fd44249716a515bdddc81b82c18b915345,0.0,0.0,1641.507101,0,1,1700658121
2023-11-16,0x3fc28bfac25fc8e93b5b2fc15efbbd5a8aa44efe,3281,0x87db6a19c3b8baf8829e0fdc2bbb09cdca373e58,0.0,0.0,1605.770588,0,1,1700492641
2023-11-16,0x3fc28bfac25fc8e93b5b2fc15efbbd5a8aa44efe,3285,0xfa53b8cca72c61794ebac3d54b54554aa0f4229d,1604.915555,1604.915555,1604.915555,1,1,1700145523
2023-11-16,0x3fc28bfac25fc8e93b5b2fc15efbbd5a8aa44efe,3329,0x9213dc91b318f030eeac9085871939c6c7c58089,0.0,0.0,50045.928336,0,1,1700547251
2023-11-16,0x3fc28bfac25fc8e93b5b2fc15efbbd5a8aa44efe,3405,0x353c5a5bb339a756e25d9ab983db61c7b1ac2922,0.0,0.0,1432.739054,0,1,1700641467
2023-11-16,0x3fc28bfac25fc8e93b5b2fc15efbbd5a8aa44efe,3408,0x1f2b88b4fbcbecf1e0b07728c6db26bfdacdb0b2,0.0,0.0,1426.248652,0,1,1700642415
2023-11-16,0x3fc28bfac25fc8e93b5b2fc15efbbd5a8aa44efe,3412,0x22422040886ab7d0a08eeafa2c595a707a26c531,0.0,0.0,1421.03143,0,1,1700640953
2023-11-16,0x3fc28bfac25fc8e93b5b2fc15efbbd5a8aa44efe,3415,0x20478bb296ab33837b82cfb5d1bfe20d8fee0413,0.0,0.0,1414.103012,0,1,1700330301
2023-11-16,0x3fc28bfac25fc8e93b5b2fc15efbbd5a8aa44efe,3416,0x0737467164f8bb1ef64f006612edb6035aea6efb,0.0,0.0,1412.247349,0,1,1700429559
2023-11-16,0x3fc28bfac25fc8e93b5b2fc15efbbd5a8aa44efe,3418,0xa6e2df09d9a7bea5ddca479a1a59e3195583cfa6,0.0,0.0,1415.790394,0,1,1700630015
2023-11-16,0x3fc28bfac25fc8e93b5b2fc15efbbd5a8aa44efe,3430,0x4b4e54a9978453254acb96d3d8d9e202b5b01386,0.0,0.0,1391.415255,0,1,1700630093
2023-11-16,0x3fc28bfac25fc8e93b5b2fc15efbbd5a8aa44efe,3431,0xf9ce07a5611f18f018261d9e5be3fad92b49c852,0.0,0.0,1391.388866,0,1,1700630569
2023-11-16,0x3fc28bfac25fc8e93b5b2fc15efbbd5a8aa44efe,3434,0x7ec4dedf1587acf5f6090f8086e555ed72d6f0b8,0.0,0.0,1380.091406,0,1,1700630455
2023-11-16,0x3fc28bfac25fc8e93b5b2fc15efbbd5a8aa44efe,3446,0x1a2923d39f11f4b0a47bcdec29b30ec273da0932,0.0,0.0,2182.611295,0,1,1700581981
2023-11-16,0x3fc28bfac25fc8e93b5b2fc15efbbd5a8aa44efe,3453,0x15446371fe06e86fcd27b1f567491a3eee9c238e,0.0,0.0,1352.874802,0,1,1700658281
2023-11-16,0x3fc28bfac25fc8e93b5b2fc15efbbd5a8aa44efe,3493,0x42acf5773af88b0e49f413e10edf9bcef93c3805,0.0,0.0,1309.67156,0,1,1700658127
2023-11-16,0x3fc28bfac25fc8e93b5b2fc15efbbd5a8aa44efe,3500,0x839537454e13afeb1ad0d1b445ad530c994d26ba,0.0,0.0,1313.867179,0,1,1700691621
2023-11-16,0x3fc28bfac25fc8e93b5b2fc15efbbd5a8aa44efe,3506,0x7e4cab656162c16a2326c7b008c9cee2f978af5c,1292.057553,1292.057553,1292.057553,1,1,1700690903
2023-11-16,0x3fc28bfac25fc8e93b5b2fc15efbbd5a8aa44efe,3518,0x4936f33b7b060c7336fd0e4c61316ea248da6827,0.0,0.0,1347.844023,0,1,1700422259
2023-11-16,0x3fc28bfac25fc8e93b5b2fc15efbbd5a8aa44efe,3539,0x69155e7ca2e688ccdc247f6c4ddf374b3ae77bd6,0.0,0.0,13703.072743,0,1,1700370831
2023-11-16,0x3fc28bfac25fc8e93b5b2fc15efbbd5a8aa44efe,3561,0xfb60594e45cfb9a5e823fd991cbd2caca82a1e77,0.0,0.0,2147.717455,0,1,1700129785
2023-11-16,0x3fc28bfac25fc8e93b5b2fc15efbbd5a8aa44efe,3753,0x7384f4c55d2a6392b36fd4f16e314cb6cc14afe0,0.0,0.0,1045.647676,0,1,1700112989
2023-11-16,0x3fc28bfac25fc8e93b5b2fc15efbbd5a8aa44efe,3840,0xe8de221533f666778d6513a1da0c56e8ef89c72a,0.0,0.0,479.619467,0,1,1700621431
2023-11-16,0x3fc28bfac25fc8e93b5b2fc15efbbd5a8aa44efe,3850,0xf81d02a2797afd51c71225b07076f87b29bca025,0.0,0.0,950.686563,0,1,1700658077
2023-11-16,0x3fc28bfac25fc8e93b5b2fc15efbbd5a8aa44efe,3934,0xd28f5dac3c8069339a7f48ec4a06402274470961,0.0,0.0,882.795881,0,1,1700660483
2023-11-16,0x3fc28bfac25fc8e93b5b2fc15efbbd5a8aa44efe,3941,0xf935861a8b8cc6867eeb463d97b501c69d177092,0.0,0.0,873.034476,0,1,1700658129
2023-11-16,0x3fc28bfac25fc8e93b5b2fc15efbbd5a8aa44efe,4048,0x452e1f2a5f71ab4fa3f8323a3902a479c643a882,0.0,0.0,784.617601,0,1,1700348099
2023-11-16,0x3fc28bfac25fc8e93b5b2fc15efbbd5a8aa44efe,4057,0x43e49750a2ac66dce8d35bb4be8cbd458dc91736,0.0,0.0,778.645474,0,1,1700122399
2023-11-16,0x3fc28bfac25fc8e93b5b2fc15efbbd5a8aa44efe,4156,0x1db30c74a4d16cdfee29680ca4637ec12ac55ec7,0.0,0.0,1367.212362,0,1,1700109965
2023-11-16,0x3fc28bfac25fc8e93b5b2fc15efbbd5a8aa44efe,4189,0x6cc78993fc28d60b6653a2e7e89d6a5b69975e6b,0.0,0.0,695.926339,0,1,1700576621
2023-11-16,0x3fc28bfac25fc8e93b5b2fc15efbbd5a8aa44efe,4268,0x9a293d82710058d930376ee0af037da5d3421ec6,0.0,0.0,714.871073,0,1,1700230239
2023-11-16,0x3fc28bfac25fc8e93b5b2fc15efbbd5a8aa44efe,4340,0xcdd5ccc914ba68b56eacb1a6058475648a3fda12,0.0,0.0,943.959496,0,1,1700228061
2023-11-16,0x3fc28bfac25fc8e93b5b2fc15efbbd5a8aa44efe,4369,0xcf6d2f6e2839ac50f49a76c1da88f82f62d29b74,0.0,0.0,577.994409,0,1,1700391817
2023-11-16,0x3fc28bfac25fc8e93b5b2fc15efbbd5a8aa44efe,4410,0x210d15947c855df5618cc3f91ad9eef4c18c03a0,0.0,0.0,555.033108,0,1,1700688409
2023-11-16,0x3fc28bfac25fc8e93b5b2fc15efbbd5a8aa44efe,4477,0x90554d3c00b5b34fa2849b76c17bc874c90f9563,0.0,0.0,1535.243678,0,1,1700127943
2023-11-16,0x3fc28bfac25fc8e93b5b2fc15efbbd5a8aa44efe,4482,0xfc427d3112ccef24dce7fda59238aceca2b8105a,0.0,0.0,576.23927,0,1,1700545389
2023-11-16,0x3fc28bfac25fc8e93b5b2fc15efbbd5a8aa44efe,4518,0x43917a8174465dc01522e8e14335eaa2cde33f6f,51.624425,51.624425,51.624425,1,1,1700147223
2023-11-16,0x3fc28bfac25fc8e93b5b2fc15efbbd5a8aa44efe,4570,0x4262c25b81d6e9cae2962d93f86e45b59d2c437f,0.0,0.0,6955.196825,0,1,1700598339
2023-11-16,0x3fc28bfac25fc8e93b5b2fc15efbbd5a8aa44efe,4631,0x81f967ad9533232946d5f9e492862bdd93b5d641,0.0,0.0,5077.957456,0,1,1700123427
2023-11-16,0x3fc28bfac25fc8e93b5b2fc15efbbd5a8aa44efe,4659,0x7a7acf2241c2b388b6b7eb8bba78f615f6f773b2,0.0,0.0,459.088327,0,1,1700505673
2023-11-16,0x3fc28bfac25fc8e93b5b2fc15efbbd5a8aa44efe,4670,0xe85dbb09a699c0543c363c3f6e51ef0049e3edc5,0.0,0.0,454.660111,0,1,1700106831
2023-11-16,0x3fc28bfac25fc8e93b5b2fc15efbbd5a8aa44efe,4709,0xcdc4119c6149da8582bf495ea5b6b3a0b2e14521,0.0,0.0,444.996583,0,1,1700617075
2023-11-16,0x3fc28bfac25fc8e93b5b2fc15efbbd5a8aa44efe,4732,0x97d36238ec8e08495aac6972b9f1228cb6df4fd8,0.0,0.0,439.667439,0,1,1700663975
2023-11-16,0x3fc28bfac25fc8e93b5b2fc15efbbd5a8aa44efe,4780,0x73de251d953309dc73ac3c24691917841fc64505,0.0,0.0,3310.610585,0,1,1700506761
2023-11-16,0x3fc28bfac25fc8e93b5b2fc15efbbd5a8aa44efe,4876,0xb1d67ccacf4416f726615d42f27bcd1cc45e03c1,0.0,0.0,413.287514,0,1,1700680535
2023-11-16,0x3fc28bfac25fc8e93b5b2fc15efbbd5a8aa44efe,4877,0xcf0c8d0d34a0535e84e61ee7065fae086a261865,0.0,0.0,2220.099745,0,1,1700626291
2023-11-16,0x3fc28bfac25fc8e93b5b2fc15efbbd5a8aa44efe,4890,0x12f03f0f9b9384feee357ab255b42ae99fdb8895,0.0,0.0,411.911121,0,1,1700099869
2023-11-16,0x3fc28bfac25fc8e93b5b2fc15efbbd5a8aa44efe,4972,0x9baa120b011334ae37ce01ac7c714c934cd7648d,0.0,0.0,404.198802,0,1,1700099811
2023-11-16,0x3fc28bfac25fc8e93b5b2fc15efbbd5a8aa44efe,5031,0xacda6f48036d4a4128830eaee9ad4a3a870b02fe,0.0,0.0,421.472824,0,1,1700619353
2023-11-16,0x3fc28bfac25fc8e93b5b2fc15efbbd5a8aa44efe,5051,0x349e7c22cd2a12d42073443c633d2478a419b578,0.0,0.0,397.586586,0,1,1700450271
2023-11-16,0x3fc28bfac25fc8e93b5b2fc15efbbd5a8aa44efe,5062,0xe8d8b73ccc85ded891ad41893ebbb0d684350e04,0.0,0.0,396.315786,0,1,1700228295
2023-11-16,0x3fc28bfac25fc8e93b5b2fc15efbbd5a8aa44efe,5220,0x1273fcc09e78829d4164aa0986cd54ec0bf61a8c,0.0,0.0,1194.21771,0,1,1700406431
2023-11-16,0x3fc28bfac25fc8e93b5b2fc15efbbd5a8aa44efe,5237,0xa1efc03fe3318cc186bc48809a30b2fed31a2423,0.0,0.0,384.349337,0,1,1700666033
2023-11-16,0x3fc28bfac25fc8e93b5b2fc15efbbd5a8aa44efe,5266,0xa40f2c85f814827d9bc01d6e2e6328832991076e,0.0,0.0,414.207849,0,1,1700101373
2023-11-16,0x3fc28bfac25fc8e93b5b2fc15efbbd5a8aa44efe,5384,0xf7247434d02f6484c5d440100aa264cf66a4a718,0.0,0.0,377.300041,0,1,1700630953
2023-11-16,0x3fc28bfac25fc8e93b5b2fc15efbbd5a8aa44efe,5385,0x091f9b4cc27aa8b0df96e265afc055f6a158da3f,0.0,0.0,377.24079,0,1,1700430345
2023-11-16,0x3fc28bfac25fc8e93b5b2fc15efbbd5a8aa44efe,5397,0xa4a45767a697384f685a916e17b1e35e37314540,0.0,0.0,376.594946,0,1,1700429497
2023-11-16,0x3fc28bfac25fc8e93b5b2fc15efbbd5a8aa44efe,5432,0x4a40eb870dcf533d4dc097c3d87aafe9f64490a1,0.0,0.0,376.266962,0,1,1700632519
2023-11-16,0x3fc28bfac25fc8e93b5b2fc15efbbd5a8aa44efe,5436,0x46aebe33dd2369af555a78c2597be37f85aab766,0.0,0.0,374.645302,0,1,1700675599
2023-11-16,0x3fc28bfac25fc8e93b5b2fc15efbbd5a8aa44efe,5487,0xba0e5fb438b4efc2e904974c1ec3ff67855b0283,0.0,0.0,372.705658,0,1,1700664121
2023-11-16,0x3fc28bfac25fc8e93b5b2fc15efbbd5a8aa44efe,5517,0xd1f2e5be1a01a20d7f860ab1e608cbaeb5bc3acd,350.463502,350.463502,354.21056,1,1,1700609597
2023-11-16,0x3fc28bfac25fc8e93b5b2fc15efbbd5a8aa44efe,5550,0x03fd0ac5a10b884df17e038f2796c7b5a0d41a9f,349.33522,349.33522,352.922806,1,1,1700623357
2023-11-16,0x3fc28bfac25fc8e93b5b2fc15efbbd5a8aa44efe,5587,0x1b49144f6e4c41ee7ed030cf93b185cbbbbc7f0e,0.0,0.0,370.717499,0,1,1700126459
2023-11-16,0x3fc28bfac25fc8e93b5b2fc15efbbd5a8aa44efe,5628,0x2c85610b99c549b9c877bd86efa3898860d5d40a,0.0,0.0,369.353529,0,1,1700692451
2023-11-16,0x3fc28bfac25fc8e93b5b2fc15efbbd5a8aa44efe,5646,0xf8591e4b202fd34786f84d3a696e833e97b02a20,0.0,0.0,367.367271,0,1,1700108081
2023-11-16,0x3fc28bfac25fc8e93b5b2fc15efbbd5a8aa44efe,5659,0x11090c1f4a652fa7cf21eb041cb8b0596eed5428,0.0,0.0,366.962794,0,1,1700688833
2023-11-16,0x3fc28bfac25fc8e93b5b2fc15efbbd5a8aa44efe,5691,0x019ff7bac7aa857aafa92fb7908b65722d27f74e,345.360132,345.360132,349.166581,1,1,1700635435
2023-11-16,0x3fc28bfac25fc8e93b5b2fc15efbbd5a8aa44efe,5695,0x280745a947018d18dbe637261d8c378a1a1262bb,345.67822,345.67822,348.838953,1,1,1700635367
2023-11-16,0x3fc28bfac25fc8e93b5b2fc15efbbd5a8aa44efe,5820,0x88078148095e45bf4c28470d07c39cb709f3566b,0.0,0.0,362.085564,0,1,1700688787
2023-11-16,0x3fc28bfac25fc8e93b5b2fc15efbbd5a8aa44efe,5823,0x479f2a7472a9730cb5da596c4644c5c0251a1b57,0.0,0.0,374.723296,0,1,1700688727
2023-11-16,0x3fc28bfac25fc8e93b5b2fc15efbbd5a8aa44efe,5824,0x7b042c22a39c651fb6e516928cd5f5179cd9d4db,0.0,0.0,180.991771,0,1,1700665961
2023-11-16,0x3fc28bfac25fc8e93b5b2fc15efbbd5a8aa44efe,5857,0x90a14725b01a7e43186bcafb6e9c49e57953464c,0.0,0.0,361.550008,0,1,1700640101
2023-11-16,0x3fc28bfac25fc8e93b5b2fc15efbbd5a8aa44efe,5919,0x69221ff37014459b4be9038bd51e724fc258f60a,0.0,0.0,360.39682,0,1,1700323725
2023-11-16,0x3fc28bfac25fc8e93b5b2fc15efbbd5a8aa44efe,5975,0x3601508f2a20b12f3f18308fab210c75dd73b577,116.695101,116.695101,83.846955,1,1,1700389581
2023-11-16,0x3fc28bfac25fc8e93b5b2fc15efbbd5a8aa44efe,5983,0x34ab31d3a10be1912fcf684e88b9e6fc8e8b8b63,0.0,0.0,356.976241,0,1,1700138663
2023-11-16,0x3fc28bfac25fc8e93b5b2fc15efbbd5a8aa44efe,5994,0x88ca0e1c12c6e87f5b7b6475786e1982ac95092b,0.0,0.0,356.706208,0,1,1700376223
2023-11-16,0x3fc28bfac25fc8e93b5b2fc15efbbd5a8aa44efe,6001,0xe538eb2f128634a95a0ce48f9efb3b6b58d1b3eb,0.0,0.0,696.753032,0,1,1700133415
2023-11-16,0x3fc28bfac25fc8e93b5b2fc15efbbd5a8aa44efe,6004,0xb128eeb7c7a7df19a209af6c0ded6f8cb7573a82,0.0,0.0,356.430826,0,1,1700612979
2023-11-16,0x3fc28bfac25fc8e93b5b2fc15efbbd5a8aa44efe,6026,0x3be77b03e7869e69a6959a7149e2dcd577f66304,0.0,0.0,431.678643,0,1,1700585463
2023-11-16,0x3fc28bfac25fc8e93b5b2fc15efbbd5a8aa44efe,6056,0xc630ee3e52a40a2c87d3507b18d11efb178d01ab,189.035998,189.035998,86.154452,1,1,1700101223
2023-11-16,0x3fc28bfac25fc8e93b5b2fc15efbbd5a8aa44efe,6063,0x68811b7700b567f31e33004b04fbaa33b78dc57d,0.0,0.0,363.854162,0,1,1700666449
2023-11-16,0x3fc28bfac25fc8e93b5b2fc15efbbd5a8aa44efe,6094,0xa81d465f8950d8999173eb9aba97f9c12d1758f5,354.351153,354.351153,354.351153,1,1,1700661971
2023-11-16,0x3fc28bfac25fc8e93b5b2fc15efbbd5a8aa44efe,6119,0x90126de0707a9a0085f511afcb345e81b7fcec1d,0.0,0.0,353.746933,0,1,1700663071
2023-11-16,0x3fc28bfac25fc8e93b5b2fc15efbbd5a8aa44efe,6169,0xe172bd02f842e98183cdbb8294bf23f625588d9e,0.0,0.0,352.63917,0,1,1700571509
2023-11-16,0x3fc28bfac25fc8e93b5b2fc15efbbd5a8aa44efe,6183,0xf9a4bdfa984aa261b511ab83af6ba329be7594aa,0.0,0.0,371.952728,0,1,1700227851
2023-11-16,0x3fc28bfac25fc8e93b5b2fc15efbbd5a8aa44efe,6294,0xd91fbb9d4fd7cceb4b167ba827b68ad4d2d0c385,0.0,0.0,350.243262,0,1,1700211619
2023-11-16,0x3fc28bfac25fc8e93b5b2fc15efbbd5a8aa44efe,6347,0xb1e436ff825f116d390356f606f059ddadec96a6,0.0,0.0,414.439204,0,1,1700584713
2023-11-16,0x3fc28bfac25fc8e93b5b2fc15efbbd5a8aa44efe,6353,0x021d294aff0bd7925daf78fa68a096a1e0e110ce,0.0,0.0,349.325042,0,1,1700686117
2023-11-16,0x3fc28bfac25fc8e93b5b2fc15efbbd5a8aa44efe,6418,0xb4173fee41920a8e7d3451863f9779468ebab98e,0.0,0.0,17969.795531,0,1,1700626167
2023-11-16,0x3fc28bfac25fc8e93b5b2fc15efbbd5a8aa44efe,6587,0x747276019e3340104c96397bf6537ad01f93d7df,0.0,0.0,43.491441,0,1,1700321725
2023-11-16,0x3fc28bfac25fc8e93b5b2fc15efbbd5a8aa44efe,6630,0x7f85cf44e446a4b1aace2a28774e88cd6d4e3441,0.0,0.0,41.677298,0,1,1700644615
2023-11-16,0x3fc28bfac25fc8e93b5b2fc15efbbd5a8aa44efe,6653,0xd1ad3830b54e97fcc05195c637b8e8e038378070,0.0,0.0,5.675895,0,1,1700367347
2023-11-16,0x3fc28bfac25fc8e93b5b2fc15efbbd5a8aa44efe,6677,0x75821898ad35392425896085089629611391d2bf,0.0,0.0,47.839356,0,1,1700398189
2023-11-16,0x3fc28bfac25fc8e93b5b2fc15efbbd5a8aa44efe,6678,0xbfd53e1ffac52f2055fb533ff847dae4906f8fea,0.0,0.0,47.837539,0,1,1700395363
2023-11-16,0x3fc28bfac25fc8e93b5b2fc15efbbd5a8aa44efe,6680,0xb92c0ea6df755163924c1d6723ba841351e8a35a,0.0,0.0,47.529909,0,1,1700395563
2023-11-16,0x3fc28bfac25fc8e93b5b2fc15efbbd5a8aa44efe,6681,0x55fa88037a255be3e1c1607fe2cf7a622be5c41d,0.0,0.0,47.639472,0,1,1700396013
2023-11-16,0x3fc28bfac25fc8e93b5b2fc15efbbd5a8aa44efe,6682,0xc88d6999c4c91c11f08dc41012a0ce6573a0ed48,0.0,0.0,47.708634,0,1,1700396169
2023-11-16,0x3fc28bfac25fc8e93b5b2fc15efbbd5a8aa44efe,6718,0x2971c6868ad10508a9a5a06591a6c25df5c84bde,0.0,0.0,52.918193,0,1,1700396357
2023-11-16,0x3fc28bfac25fc8e93b5b2fc15efbbd5a8aa44efe,6720,0xe246aa8b63ce04aaed9aa2dbe569f1558b480fb8,0.0,0.0,53.129508,0,1,1700396799
2023-11-16,0x3fc28bfac25fc8e93b5b2fc15efbbd5a8aa44efe,6724,0x16aa28569ed5b88b76b67249e3381bec7efe6eff,0.0,0.0,52.824134,0,1,1700397125
2023-11-16,0x3fc28bfac25fc8e93b5b2fc15efbbd5a8aa44efe,6725,0x69145fce197aa12437293242006373d764c6eef3,0.0,0.0,53.430364,0,1,1700397507
2023-11-16,0x3fc28bfac25fc8e93b5b2fc15efbbd5a8aa44efe,6726,0x1fac2b17c44eaee090585ddbe8d3abdacf504946,0.0,0.0,52.775395,0,1,1700397597
2023-11-16,0x3fc28bfac25fc8e93b5b2fc15efbbd5a8aa44efe,6728,0x8a7d5ba462c2130e02d9a3f4c08a140220fc1204,0.0,0.0,52.973273,0,1,1700397717
2023-11-16,0x3fc28bfac25fc8e93b5b2fc15efbbd5a8aa44efe,6730,0xc40d30d5e72308d83252609a42fe758ae3289b55,0.0,0.0,52.974788,0,1,1700397907
2023-11-16,0x3fc28bfac25fc8e93b5b2fc15efbbd5a8aa44efe,6731,0xe7677698617c6a3d4676eb787c1bc10081d5b8d3,0.0,0.0,53.409679,0,1,1700398433
2023-11-16,0x3fc28bfac25fc8e93b5b2fc15efbbd5a8aa44efe,6850,0x47b0c8c154fb9222d22e170a0801b9807dee2576,183.683544,183.683544,184.600151,1,1,1700124703
2023-11-16,0x3fc28bfac25fc8e93b5b2fc15efbbd5a8aa44efe,6933,0x5db9e26d5035c124a9b7dddd545fd60c23cf26d0,0.0,0.0,0.972389,0,1,1700643687
2023-11-16,0x3fc28bfac25fc8e93b5b2fc15efbbd5a8aa44efe,7049,0xe7de9bada139629600b5d140c0eff9cff34524cc,0.0,0.0,2937.73449,0,1,1700554623
2023-11-16,0x3fc28bfac25fc8e93b5b2fc15efbbd5a8aa44efe,7059,0xb4173fee41920a8e7d3451863f9779468ebab98e,0.0,0.0,4646.124801,0,1,1700626059
2023-11-16,0x3fc28bfac25fc8e93b5b2fc15efbbd5a8aa44efe,7213,0xc898bfd859624967d24bb87ed2931601b3b12145,1.446818,1.446818,13.248467,1,1,1700350683
2023-11-16,0x3fc28bfac25fc8e93b5b2fc15efbbd5a8aa44efe,7380,0xd814e1b7cc203ff6ca4358bf4aa3ce9771fedc68,0.0,0.0,2037.655322,0,1,1700520493
2023-11-16,0x3fc28bfac25fc8e93b5b2fc15efbbd5a8aa44efe,7421,0xf3a60fd05491731f6004a88caa91f7f2dc01461b,19.05212,19.05212,19.555552,1,1,1700282469
2023-11-16,0x3fc28bfac25fc8e93b5b2fc15efbbd5a8aa44efe,7429,0xbca4cb848b87352176c548e915a1ae3a7d40b129,0.0,0.0,133.71692,0,1,1700619753
2023-11-16,0x3fc28bfac25fc8e93b5b2fc15efbbd5a8aa44efe,7498,0x146695f336d600e9fbc78185aa0e64104fc191f2,0.0,0.0,583.685138,0,1,1700200591
2023-11-16,0x3fc28bfac25fc8e93b5b2fc15efbbd5a8aa44efe,7680,0xa2fce43edf434840a99e2fae74ebdcbab8c83f80,39.253089,39.253089,40.207953,1,1,1700641529
2023-11-16,0x3fc28bfac25fc8e93b5b2fc15efbbd5a8aa44efe,7835,0xe4a8840ba281865797cfaf7bcfc0876771285643,0.024891,0.024891,0.243494,1,1,1700394957
2023-11-16,0x3fc28bfac25fc8e93b5b2fc15efbbd5a8aa44efe,7844,0x4dccb4444a0a804b778ddac22dc21b4fd0fe1a0d,4.976501,4.976501,5.001839,1,1,1700646989
2023-11-16,0x3fc28bfac25fc8e93b5b2fc15efbbd5a8aa44efe,7857,0x4886ba5d2b3e0ae1e80172d3bddc4feb32e1ce26,4.35121,4.35121,4.373527,1,1,1700651765
2023-11-16,0x3fc28bfac25fc8e93b5b2fc15efbbd5a8aa44efe,7905,0x12cfa0fcbf3b2b12d90025d03ebc3241ebd63bfa,484.060266,484.060266,486.285481,1,1,1700148687
2023-11-16,0x3fc28bfac25fc8e93b5b2fc15efbbd5a8aa44efe,7991,0xdbde6081017f0a9f88db0b23ea731f75e5285242,0.0,0.0,968.829312,0,1,1700274959
2023-11-16,0x3fc28bfac25fc8e93b5b2fc15efbbd5a8aa44efe,8077,0x6b02c2b4e93e18a7a5a0a519ba36c8eb5c8a8732,0.0,0.0,1765.351251,0,1,1700675131
2023-11-16,0x3fc28bfac25fc8e93b5b2fc15efbbd5a8aa44efe,8091,0xd847fda8158b1dcada13d386b1372136724d4f3f,0.0,0.0,10732.337152,0,1,1700256983
2023-11-16,0x3fc28bfac25fc8e93b5b2fc15efbbd5a8aa44efe,8124,0xab1bd7cc8616515929c34256afe543b35b800b71,0.0,0.0,76.886624,0,1,1700157365
2023-11-16,0x3fc28bfac25fc8e93b5b2fc15efbbd5a8aa44efe,8340,0xb646d2010fd291d79b693189c95a0efb1c7ac2de,0.0,0.0,104.747396,0,1,1700583615
2023-11-16,0x3fc28bfac25fc8e93b5b2fc15efbbd5a8aa44efe,8343,0x6c6dc387b28edf1d2ccac7acc99f4238db1592ba,0.0,0.0,0.852173,0,1,1700643761
2023-11-16,0x3fc28bfac25fc8e93b5b2fc15efbbd5a8aa44efe,8358,0x17ee1f11aa0654bd4ab1af4b6b309c7f137c925e,421660.89,421660.89,421660.89,1,1,1700689375
2023-11-16,0x3fc28bfac25fc8e93b5b2fc15efbbd5a8aa44efe,8375,0x314c0695273ba259bb60074f2c92c67ac7ae6d40,0.0,0.0,8058.40812,0,1,1700677679
2023-11-16,0x3fc28bfac25fc8e93b5b2fc15efbbd5a8aa44efe,8390,0x4e51a06e4643197e1be2f050b6af60f9ad3cef06,0.0,0.0,3946.862163,0,1,1700105639
2023-11-16,0x3fc28bfac25fc8e93b5b2fc15efbbd5a8aa44efe,8394,0x5163d2109ac93b447828789b8df537bc9fa3bf19,0.0,6327.019338,12645.898932,1,2,1700411959
2023-11-16,0x3fc28bfac25fc8e93b5b2fc15efbbd5a8aa44efe,8502,0x892176d784bed3dc877a62f3ff9fc091377b2a49,0.0,0.0,3899.999855,0,1,1700131307
2023-11-16,0x3fc28bfac25fc8e93b5b2fc15efbbd5a8aa44efe,8543,0xd69334db1e0858da4ec72c9ed14c4319c5761c3f,0.0,0.0,16362.618232,0,1,1700116469
2023-11-16,0x3fc28bfac25fc8e93b5b2fc15efbbd5a8aa44efe,8560,0x11f3f6e46e2413bd848e7c2efe39171c187cd146,0.0,0.0,651.000278,0,1,1700136997
2023-11-16,0x3fc28bfac25fc8e93b5b2fc15efbbd5a8aa44efe,8680,0x61efc911eeef849147d696efab2fbd8717bef9e9,0.0,0.0,338.046051,0,1,1700125639
2023-11-16,0x3fc28bfac25fc8e93b5b2fc15efbbd5a8aa44efe,8703,0xb215627ef2ff410d67eb9d8dec14d533b234051e,0.0,0.0,5034.781502,0,1,1700667307
2023-11-16,0x3fc28bfac25fc8e93b5b2fc15efbbd5a8aa44efe,8769,0xb764113ac0c2d8e1a99bb2a69149503d9bf4f614,0.0,0.0,68.369858,0,1,1700546247
2023-11-16,0x3fc28bfac25fc8e93b5b2fc15efbbd5a8aa44efe,8823,0xae0d56da41765c64d29a3dac984ed1d98964de9c,0.0,0.0,135.924795,0,1,1700536401
2023-11-16,0x3fc28bfac25fc8e93b5b2fc15efbbd5a8aa44efe,8940,0x226fa898550ef48313d359d90f69914018a89f73,0.0,0.0,6024.237479,0,1,1700552833
2023-11-16,0x3fc28bfac25fc8e93b5b2fc15efbbd5a8aa44efe,8941,0x226fa898550ef48313d359d90f69914018a89f73,0.0,0.0,2787.934523,0,1,1700552793
2023-11-16,0x3fc28bfac25fc8e93b5b2fc15efbbd5a8aa44efe,8944,0x226fa898550ef48313d359d90f69914018a89f73,0.0,0.0,1349.576773,0,1,1700552809
2023-11-16,0x3fc28bfac25fc8e93b5b2fc15efbbd5a8aa44efe,8946,0x226fa898550ef48313d359d90f69914018a89f73,0.0,0.0,690.325838,0,1,1700552859
2023-11-16,0x3fc28bfac25fc8e93b5b2fc15efbbd5a8aa44efe,9029,0xa96a2500ff54c0b38e69a66cafc1dcaa76651667,0.0,0.0,15584.238016,0,1,1700509571
2023-11-16,0x3fc28bfac25fc8e93b5b2fc15efbbd5a8aa44efe,9088,0x860b3630a3534f707d1dc7b98757bbec8446d736,116.431439,116.431439,119.91587,1,1,1700353745
2023-11-16,0x3fc28bfac25fc8e93b5b2fc15efbbd5a8aa44efe,9089,0xc898bfd859624967d24bb87ed2931601b3b12145,4.904161,4.904161,37.400731,1,1,1700350697
2023-11-16,0x3fc28bfac25fc8e93b5b2fc15efbbd5a8aa44efe,9108,0x892176d784bed3dc877a62f3ff9fc091377b2a49,0.0,0.0,249.999942,0,1,1700131579
2023-11-16,0x3fc28bfac25fc8e93b5b2fc15efbbd5a8aa44efe,9129,0x85f813e2b8d084bf6936143c1e813781809cb0f1,0.0,0.0,14668.84,0,1,1700486189
2023-11-16,0x3fc28bfac25fc8e93b5b2fc15efbbd5a8aa44efe,9146,0x1151ce76cca782a19f751925ef383ed744533663,0.0,0.0,12785.5,0,1,1700100285
2023-11-16,0x3fc28bfac25fc8e93b5b2fc15efbbd5a8aa44efe,9184,0xb215627ef2ff410d67eb9d8dec14d533b234051e,0.0,0.0,1093.44,0,1,1700667319
2023-11-16,0x3fc28bfac25fc8e93b5b2fc15efbbd5a8aa44efe,9192,0x92b77f8512fdb3b1c0261fcb894e74fef6714224,0.0,0.0,108.554697,0,1,1700626319
2023-11-16,0x3fc28bfac25fc8e93b5b2fc15efbbd5a8aa44efe,9243,0xdbc88e5858fd2cd02b2670383100b04804fe2f27,2186.88,2186.88,2186.88,1,1,1700156075
2023-11-16,0x3fc28bfac25fc8e93b5b2fc15efbbd5a8aa44efe,9255,0x4e51a06e4643197e1be2f050b6af60f9ad3cef06,0.0,0.0,2371.990674,0,1,1700105653
2023-11-16,0x3fc28bfac25fc8e93b5b2fc15efbbd5a8aa44efe,9258,0xd847fda8158b1dcada13d386b1372136724d4f3f,0.0,0.0,2369.12,0,1,1700257009
2023-11-16,0x3fc28bfac25fc8e93b5b2fc15efbbd5a8aa44efe,9262,0xd69334db1e0858da4ec72c9ed14c4319c5761c3f,0.0,0.0,3990.504464,0,1,1700116483
2023-11-16,0x3fc28bfac25fc8e93b5b2fc15efbbd5a8aa44efe,9272,0x226fa898550ef48313d359d90f69914018a89f73,0.0,0.0,3407.888,0,1,1700552771
2023-11-16,0x3fc28bfac25fc8e93b5b2fc15efbbd5a8aa44efe,9295,0x892176d784bed3dc877a62f3ff9fc091377b2a49,0.0,0.0,2009.999511,0,1,1700131319
2023-11-16,0x3fc28bfac25fc8e93b5b2fc15efbbd5a8aa44efe,9394,0x941e5957eaa0bb7c83b25002fc4bb04b35ea9fdf,0.0,0.0,112.419542,0,1,1700667123
2023-11-16,0x3fc28bfac25fc8e93b5b2fc15efbbd5a8aa44efe,9493,0x0ba892e34ea9f88ee54928f4f5f4d41f79c705b1,0.0,0.0,1489.334629,0,1,1700623295
2023-11-16,0x3fc28bfac25fc8e93b5b2fc15efbbd5a8aa44efe,9584,0xf7e4e27fdfd48f24cdd21798b34541d1dde3e5eb,81.155928,81.155928,40.669537,1,1,1700221569
2023-11-16,0x3fc28bfac25fc8e93b5b2fc15efbbd5a8aa44efe,9603,0x43e3267ce69862ffbeea59690cdb3e798f71ce7e,0.0,0.0,4473054.396716,0,1,1700681275
2023-11-16,0x3fc28bfac25fc8e93b5b2fc15efbbd5a8aa44efe,9605,0x794d1ae064a5d2803cba821b7429d95cceccf1ea,0.0,0.0,4873759.403657,0,1,1700696243
2023-11-16,0x3fc28bfac25fc8e93b5b2fc15efbbd5a8aa44efe,9654,0x28831f39bb35edc44ee1c175b44308cd3bef57ee,16.463161,16.463161,0.0,1,0,1700170581
2023-11-16,0x44ecc644449fc3a9858d2007caa8cfaa4c561f91,23,0xc01a1cd505e6afcd3ced2ee1bac67890497f6654,0.0,0.0,38309.375946,0,1,1700671491
2023-11-16,0x44ecc644449fc3a9858d2007caa8cfaa4c561f91,56,0x48a5a6a01ba89cddf97d2d552923d5a11401ed19,0.0,0.0,64989.778093,0,1,1700682157
2023-11-16,0x44ecc644449fc3a9858d2007caa8cfaa4c561f91,139,0xa04275c10f39e8675a34e147e2ef78d35129f2b6,0.0,0.0,16944.895234,0,1,1700693785
2023-11-16,0x44ecc644449fc3a9858d2007caa8cfaa4c561f91,401,0x0a653bd08e2b0a80d1d212d33032953db8298efd,0.0,0.0,65297.449767,0,1,1700679167
2023-11-16,0x44ecc644449fc3a9858d2007caa8cfaa4c561f91,473,0x97020c9ec66e0f59231918b1d2f167a66026aff2,0.0,0.0,6468.533825,0,1,1700678139
2023-11-16,0x44ecc644449fc3a9858d2007caa8cfaa4c561f91,502,0x66f920658396f4c3642a32f6b5d5b65c3d6349db,0.0,0.0,13499.233768,0,1,1700671529
2023-11-16,0x44ecc644449fc3a9858d2007caa8cfaa4c561f91,794,0xd48b17b111579360d1465ccc470144967505c053,0.0,0.0,22025.31835,0,1,1700666241
2023-11-16,0x44ecc644449fc3a9858d2007caa8cfaa4c561f91,1492,0x864de5bbaf4b8c808e94a8385b95b0855d170137,0.0,0.0,7394.575801,0,1,1700689663
2023-11-16,0x44ecc644449fc3a9858d2007caa8cfaa4c561f91,2266,0xb00f8b601558243c9abcddabd54ea17f70471b8e,0.0,0.0,2004.462631,0,1,1700689711
2023-11-16,0x44ecc644449fc3a9858d2007caa8cfaa4c561f91,3712,0xc9f40ddb6b288bd3539ad35cbfae86883c6a0bad,1073.065994,1073.065994,1073.065994,1,1,1700588785
2023-11-16,0x44ecc644449fc3a9858d2007caa8cfaa4c561f91,4518,0x43917a8174465dc01522e8e14335eaa2cde33f6f,51.624425,51.624425,103.24885,1,1,1700147223
2023-11-16,0x44ecc644449fc3a9858d2007caa8cfaa4c561f91,4936,0x77e395ccb0f042083f389404f3459dad40b6d552,201.250713,201.250713,0.0,1,0,1700157097
2023-11-16,0x44ecc644449fc3a9858d2007caa8cfaa4c561f91,5457,0x8db7a537d8478df3c6d95ff33b4270342862957f,37.491226,37.491226,37.491226,1,1,1700151115
2023-11-16,0x44ecc644449fc3a9858d2007caa8cfaa4c561f91,5786,0x0b7c75a9689a84854256c7d5db7c87feb1bbbb8b,0.0,0.0,1276.616372,0,1,1700682517
2023-11-16,0x44ecc644449fc3a9858d2007caa8cfaa4c561f91,6330,0xb4765bee75a0fa0a2f66bf68ce1796c55854c154,0.0,0.0,349.827008,0,1,1700673831
2023-11-16,0x44ecc644449fc3a9858d2007caa8cfaa4c561f91,6374,0x61d16ca81b407b5b3125818017a8327a6782479f,0.0,0.0,348.921216,0,1,1700667743
2023-11-16,0x44ecc644449fc3a9858d2007caa8cfaa4c561f91,8502,0x892176d784bed3dc877a62f3ff9fc091377b2a49,0.0,0.0,3899.999855,0,1,1700131307
2023-11-16,0x44ecc644449fc3a9858d2007caa8cfaa4c561f91,9604,0x70ec93ef92bde5aa7afff6546207bd378a28933c,3264228.426112,3264228.426112,3261758.586556,1,1,1700680029
2023-11-16,0x4a3636608d7bc5776cb19eb72caa36ebb9ea683b,68,0x132e47cf2c19ec2d8dd56e1528fc7e18dc09188f,38713.629932,38713.629932,0.0,1,0,1700693779
2023-11-16,0x4a3636608d7bc5776cb19eb72caa36ebb9ea683b,103,0x1c2ed7a6c4e3c1146103fa222181115a72243a06,54779.15841,54779.15841,0.0,1,0,1700693443
2023-11-16,0x4a3636608d7bc5776cb19eb72caa36ebb9ea683b,182,0xed5847639328edd38e7ce934442ff4ee8e714f7c,222697.610693,222697.610693,0.0,1,0,1700670687
2023-11-16,0x4a3636608d7bc5776cb19eb72caa36ebb9ea683b,248,0xdaa12ca83de2fab833fc28ce1300ba6ddee67204,28361.023572,28361.023572,0.0,1,0,1700684365
2023-11-16,0x4a3636608d7bc5776cb19eb72caa36ebb9ea683b,329,0xac46dac5c58bf33a216a0b756bfb9b3d86407f97,93322.360777,93322.360777,0.0,1,0,1700668823
2023-11-16,0x4a3636608d7bc5776cb19eb72caa36ebb9ea683b,347,0xdffd8bbf8dcaf236c4e009ff6013bfc98407b6c0,84992.268235,84992.268235,0.0,1,0,1700684417
2023-11-16,0x4a3636608d7bc5776cb19eb72caa36ebb9ea683b,456,0xf1ce37c80d4a9fd6d3c5de003043c6588219f73a,51103.704579,51103.704579,0.0,1,0,1700679153
2023-11-16,0x4a3636608d7bc5776cb19eb72caa36ebb9ea683b,544,0x16b00db74167b7469dda63b674ca9a3b1b70c439,20007.781326,20007.781326,0.0,1,0,1700675691
2023-11-16,0x4a3636608d7bc5776cb19eb72caa36ebb9ea683b,596,0xdffd8bbf8dcaf236c4e009ff6013bfc98407b6c0,36402.55937,36402.55937,0.0,1,0,1700684491
2023-11-16,0x4a3636608d7bc5776cb19eb72caa36ebb9ea683b,597,0x1ce0c2b445c8e87ea4c40b6e721d9a39b09f6459,3606.240568,3606.240568,0.0,1,0,1700688147
2023-11-16,0x4a3636608d7bc5776cb19eb72caa36ebb9ea683b,688,0x398e17b329b074c700d18e87f49b85d0512699e9,28658.531348,28658.531348,0.0,1,0,1700659961
2023-11-16,0x4a3636608d7bc5776cb19eb72caa36ebb9ea683b,694,0xbfc4fbbec37c291aed1d14f02b5221d0be0fe8f1,14156.725834,14156.725834,0.0,1,0,1700665941
2023-11-16,0x4a3636608d7bc5776cb19eb72caa36ebb9ea683b,715,0x13108ab5c6eb7efdcd7ba6f8cc55d265eae6176f,26635.051079,26635.051079,0.0,1,0,1700660619
2023-11-16,0x4a3636608d7bc5776cb19eb72caa36ebb9ea683b,782,0x3631e591a117cd71ea786dc39dd8011d189e0b9d,23002.882092,23002.882092,22985.477235,1,1,1700118507
2023-11-16,0x4a3636608d7bc5776cb19eb72caa36ebb9ea683b,808,0x5f338dd3c5ba4e5368a6139b81e1c120ccb2567d,21618.295671,21618.295671,0.0,1,0,1700658267
2023-11-16,0x4a3636608d7bc5776cb19eb72caa36ebb9ea683b,858,0x9d068c281afa4f518e2393702adff6b4f22c1156,49186.23288,49186.23288,0.0,1,0,1700667165
2023-11-16,0x4a3636608d7bc5776cb19eb72caa36ebb9ea683b,929,0xfaeaad01421b3acfd3bdcbface76d5038f4ce665,16962.522212,16962.522212,0.0,1,0,1700661531
2023-11-16,0x4a3636608d7bc5776cb19eb72caa36ebb9ea683b,954,0x04c872122ec2553b2d8adcc6c7eac4bec7717ccf,23651.105104,23651.105104,0.0,1,0,1700685307
2023-11-16,0x4a3636608d7bc5776cb19eb72caa36ebb9ea683b,971,0xe3cfbf8fb378f5c4cf780077ee5c2ffe7aaea6dc,11995.466949,11995.466949,0.0,1,0,1700667051
2023-11-16,0x4a3636608d7bc5776cb19eb72caa36ebb9ea683b,1038,0x5eda2dc136986fc88d4df5696bc464f96a20268a,6973.762523,6973.762523,0.0,1,0,1700658145
2023-11-16,0x4a3636608d7bc5776cb19eb72caa36ebb9ea683b,1044,0xcb6222f4df04385ea08e8da2a5871131ff5f6cba,6915.873388,6915.873388,0.0,1,0,1700667247
2023-11-16,0x4a3636608d7bc5776cb19eb72caa36ebb9ea683b,1104,0xe8fef7bf385e911bcd537992c35f895b4304d49b,12784.253297,12784.253297,0.0,1,0,1700658189
2023-11-16,0x4a3636608d7bc5776cb19eb72caa36ebb9ea683b,1114,0x4e190b3d31d96e0cd11a1520185a77b57a0182f2,12524.195402,12524.195402,0.0,1,0,1700690425
2023-11-16,0x4a3636608d7bc5776cb19eb72caa36ebb9ea683b,1137,0x40f3e010538edf80ea510cf6409b04ab889330b6,12105.98012,12105.98012,0.0,1,0,1700666633
2023-11-16,0x4a3636608d7bc5776cb19eb72caa36ebb9ea683b,1185,0xc954892d9caf463e967884e379a6ee4c78d61be7,11228.523789,11228.523789,0.0,1,0,1700657297
2023-11-16,0x4a3636608d7bc5776cb19eb72caa36ebb9ea683b,1243,0xe8b2c24038079bb624010ca7185d5cdfb716320e,96095.7356,96095.7356,0.0,1,0,1700659795
2023-11-16,0x4a3636608d7bc5776cb19eb72caa36ebb9ea683b,1305,0x05b5240daa1894a299a41d1f63f1caacf94bdeb3,4679.91604,4679.91604,0.0,1,0,1700681685
2023-11-16,0x4a3636608d7bc5776cb19eb72caa36ebb9ea683b,1445,0xfaaa79ed017a66f19bd08161a2ebd215150758c4,7766.254039,7766.254039,0.0,1,0,1700684421
2023-11-16,0x4a3636608d7bc5776cb19eb72caa36ebb9ea683b,1457,0x26b5e14dbf21bfb62bff869f5f4bce8dbddbcfca,7728.704255,7728.704255,0.0,1,0,1700653745
2023-11-16,0x4a3636608d7bc5776cb19eb72caa36ebb9ea683b,1461,0x2bcdca8c689b4aa460b66ffde1d6b1761d41d5df,7697.540506,7697.540506,0.0,1,0,1700659791
2023-11-16,0x4a3636608d7bc5776cb19eb72caa36ebb9ea683b,1646,0xb215627ef2ff410d67eb9d8dec14d533b234051e,6264.048853,6264.048853,0.0,1,0,1700667283
2023-11-16,0x4a3636608d7bc5776cb19eb72caa36ebb9ea683b,1720,0xdda0bba4035e29ef29e4f7592027e2b861293408,5951.391572,5951.391572,0.0,1,0,1700663755
2023-11-16,0x4a3636608d7bc5776cb19eb72caa36ebb9ea683b,1741,0xd5de81e7e5e4f740a26ebb254d6052e1d03b4787,5558.273043,5558.273043,0.0,1,0,1700657985
2023-11-16,0x4a3636608d7bc5776cb19eb72caa36ebb9ea683b,1757,0xe9cc16b79e7ea3cbc8124afb7b547826bc3dca28,35179.888112,35179.888112,0.0,1,0,1700651779
2023-11-16,0x4a3636608d7bc5776cb19eb72caa36ebb9ea683b,1760,0x17b7afbe43503813e525be9dee970d6faff75633,5363.29838,5363.29838,0.0,1,0,1700682571
2023-11-16,0x4a3636608d7bc5776cb19eb72caa36ebb9ea683b,1778,0x0a862efcbfcb4f63ee339950bd2414062107e079,5575.941186,5575.941186,0.0,1,0,1700683031
2023-11-16,0x4a3636608d7bc5776cb19eb72caa36ebb9ea683b,1780,0x2f7b7b0ea9b9cec865b38600551e6eb51014dfa3,5239.18,5239.18,0.0,1,0,1700683341
2023-11-16,0x4a3636608d7bc5776cb19eb72caa36ebb9ea683b,1789,0x9c20b6eb1452e6ad77d67a8b5d86fddc384e93f3,5169.018082,5169.018082,0.0,1,0,1700662729
2023-11-16,0x4a3636608d7bc5776cb19eb72caa36ebb9ea683b,1790,0xa1c9b67b267c631555eb83164287d969b778183f,5163.224627,5163.224627,0.0,1,0,1700666939
2023-11-16,0x4a3636608d7bc5776cb19eb72caa36ebb9ea683b,2004,0xeb3f3f5b1ec4430451059cb6bddc984f723c037a,4256.181368,4256.181368,0.0,1,0,1700676279
2023-11-16,0x4a3636608d7bc5776cb19eb72caa36ebb9ea683b,2042,0x8ccfbc13159c5916dbbf5815d899411aeb1876ef,4151.584603,4151.584603,0.0,1,0,1700665111
2023-11-16,0x4a3636608d7bc5776cb19eb72caa36ebb9ea683b,2071,0x078b8ff955e3cf77550bf2f2edfc0aacbc29adc6,4322.988233,4322.988233,0.0,1,0,1700687493
2023-11-16,0x4a3636608d7bc5776cb19eb72caa36ebb9ea683b,2105,0x4ffd0a59a26cb2aa76d403215e4cc2845c053994,4002.938382,4002.938382,0.0,1,0,1700665609
2023-11-16,0x4a3636608d7bc5776cb19eb72caa36ebb9ea683b,2185,0x36e0edc88cd1902f189ac922a4401cf4f389a110,3838.005017,3838.005017,0.0,1,0,1700683495
2023-11-16,0x4a3636608d7bc5776cb19eb72caa36ebb9ea683b,2214,0xbf4101e500419cd28c662adadad14eda897729ac,3881.803303,3881.803303,0.0,1,0,1700670113
2023-11-16,0x4a3636608d7bc5776cb19eb72caa36ebb9ea683b,2220,0x8210b30a77b0dcdf25b14c9d6a65399b27d5c10f,3751.731177,3751.731177,0.0,1,0,1700671249
2023-11-16,0x4a3636608d7bc5776cb19eb72caa36ebb9ea683b,2243,0xdd7fbd024e7e484d41d14936a44709992c8a1e07,3654.329987,3654.329987,0.0,1,0,1700669959
2023-11-16,0x4a3636608d7bc5776cb19eb72caa36ebb9ea683b,2371,0xff870ef8bdbbfb1739d69b1849f5549328f776af,3446.654747,3446.654747,0.0,1,0,1700666099
2023-11-16,0x4a3636608d7bc5776cb19eb72caa36ebb9ea683b,2489,0x8e33f8940d988647eab344af105a0e23157624f0,3258.464121,3258.464121,0.0,1,0,1700668333
2023-11-16,0x4a3636608d7bc5776cb19eb72caa36ebb9ea683b,2564,0x57cfcecf5239bc42166b9a949c80057ab93604ef,3138.20205,3138.20205,0.0,1,0,1700667679
2023-11-16,0x4a3636608d7bc5776cb19eb72caa36ebb9ea683b,2580,0x0a2f675591577bfa8d5d8d2ec3fb8179aa821405,3131.160241,3131.160241,0.0,1,0,1700665533
2023-11-16,0x4a3636608d7bc5776cb19eb72caa36ebb9ea683b,2603,0xd2e44e40b5fb960a8a74dd7b9d6b7f14b805b50d,3100.011842,3100.011842,0.0,1,0,1700651859
2023-11-16,0x4a3636608d7bc5776cb19eb72caa36ebb9ea683b,2771,0xbd7041c03b68467a55596f375c3e4bb716406a23,5096.703491,5096.703491,0.0,1,0,1700683673
2023-11-16,0x4a3636608d7bc5776cb19eb72caa36ebb9ea683b,2841,0xfffd05ae9db4d5f4e23e2f37395db2f87359bf5d,2328.640983,2328.640983,0.0,1,0,1700659189
2023-11-16,0x4a3636608d7bc5776cb19eb72caa36ebb9ea683b,2856,0xf3b059c887172f2cc52b5e77ee3b2c8b3a32e6ef,4536.505006,4536.505006,2268.252503,1,1,1700675741
2023-11-16,0x4a3636608d7bc5776cb19eb72caa36ebb9ea683b,3014,0xb46c872fe2f96ad7a39645658f719b535dba6ef2,1918.916096,1918.916096,0.0,1,0,1700666767
2023-11-16,0x4a3636608d7bc5776cb19eb72caa36ebb9ea683b,3019,0xd51dc8660c014c1beaff0f2085c574752800351c,1916.659811,1916.659811,0.0,1,0,1700666697
2023-11-16,0x4a3636608d7bc5776cb19eb72caa36ebb9ea683b,3025,0xf195a2592ebe67c8d9058f3798ab18e8ab5f24df,1910.235141,1910.235141,0.0,1,0,1700666827
2023-11-16,0x4a3636608d7bc5776cb19eb72caa36ebb9ea683b,3079,0x14ab9f431b7d25fcad366ec9511dce38e229745c,1831.167786,1831.167786,0.0,1,0,1700683643
2023-11-16,0x4a3636608d7bc5776cb19eb72caa36ebb9ea683b,3089,0xadc83821108c2382a4cf96b55b8c75134f061d9e,1819.354779,1819.354779,0.0,1,0,1700685149
2023-11-16,0x4a3636608d7bc5776cb19eb72caa36ebb9ea683b,3146,0x63bfe79845300e314cb0f01d23b1f19e341056d9,1743.201815,1743.201815,0.0,1,0,1700666885
2023-11-16,0x4a3636608d7bc5776cb19eb72caa36ebb9ea683b,3648,0x5f6486f13d2faf529eeb12016059078cda4bc90b,1105.388363,1105.388363,0.0,1,0,1700655919
2023-11-16,0x4a3636608d7bc5776cb19eb72caa36ebb9ea683b,3751,0x6c7b8f499a3a0c310e4a1c9edb8406e764590950,2014.381791,2014.381791,0.0,1,0,1700660985
2023-11-16,0x4a3636608d7bc5776cb19eb72caa36ebb9ea683b,3804,0x2a57701cc3338ded47fe44695db146342cab2428,2240.245237,2240.245237,0.0,1,0,1700682985
2023-11-16,0x4a3636608d7bc5776cb19eb72caa36ebb9ea683b,4201,0x3a8b02caf5297f5904f6a236ba5bf53526e99c0d,690.537743,690.537743,0.0,1,0,1700668327
2023-11-16,0x4a3636608d7bc5776cb19eb72caa36ebb9ea683b,4502,0x553222b267bc978aca3c28493aef72d924b264bd,509.271818,509.271818,513.847202,1,1,1700272627
2023-11-16,0x4a3636608d7bc5776cb19eb72caa36ebb9ea683b,4718,0xdaab06a2611095939d61300030701908af24590b,853.011366,853.011366,0.0,1,0,1700658837
2023-11-16,0x4a3636608d7bc5776cb19eb72caa36ebb9ea683b,5811,0x22723cc5ae5a1b4514ca41f2466e2ade15cf529b,1026.815671,1026.815671,370.50173,1,1,1700519119
2023-11-16,0x4a3636608d7bc5776cb19eb72caa36ebb9ea683b,6150,0xef5456132d6abbdf88a5a8ba89a0629f314c386c,353.137564,353.137564,0.0,1,0,1700666665
2023-11-16,0x4a3636608d7bc5776cb19eb72caa36ebb9ea683b,7138,0x6ac54906d7eae6bec5c7fbd26988de4bebd621a7,522.95315,522.95315,0.0,1,0,1700682507
2023-11-16,0x4a3636608d7bc5776cb19eb72caa36ebb9ea683b,7139,0x2f7b7b0ea9b9cec865b38600551e6eb51014dfa3,3640.51117,3640.51117,0.0,1,0,1700683743
2023-11-16,0x4a3636608d7bc5776cb19eb72caa36ebb9ea683b,7141,0x36e0edc88cd1902f189ac922a4401cf4f389a110,3412.910035,3412.910035,0.0,1,0,1700683513
2023-11-16,0x4a3636608d7bc5776cb19eb72caa36ebb9ea683b,7142,0xbe8eb72d33d76008bb4964189e86f56378acc518,1586.763022,1586.763022,0.0,1,0,1700654761
2023-11-16,0x4a3636608d7bc5776cb19eb72caa36ebb9ea683b,7455,0xa43df556c9d48a0202c42496f236d4a04752d3ee,41.237117,41.237117,0.0,1,0,1700665871
2023-11-16,0x4a3636608d7bc5776cb19eb72caa36ebb9ea683b,7682,0x4444f125bd3d1a44c15b0545ab678629a4421995,0.0,0.0,518806.584238,0,1,1700615811
2023-11-16,0x4a3636608d7bc5776cb19eb72caa36ebb9ea683b,7809,0x7f595c0e51ad8015b39571636cb3c88ef7c5c67f,19.159605,19.159605,0.0,1,0,1700670929
2023-11-16,0x4a3636608d7bc5776cb19eb72caa36ebb9ea683b,7822,0x1aa8ac6fd914936df700a81f21e2c34fef858190,19.132954,19.132954,0.0,1,0,1700675085
2023-11-16,0x4a3636608d7bc5776cb19eb72caa36ebb9ea683b,7844,0x4dccb4444a0a804b778ddac22dc21b4fd0fe1a0d,0.165483,0.165483,0.33253,1,1,1700646989
2023-11-16,0x4a3636608d7bc5776cb19eb72caa36ebb9ea683b,8377,0x34a09c6b42d7d11cf23008ad63ac2983e18efbdd,52234.700088,52234.700088,0.0,1,0,1700652075
2023-11-16,0x4a3636608d7bc5776cb19eb72caa36ebb9ea683b,8380,0x3b1c9d24c46df6ab9775d6bbb478987caa6018a3,34785.218633,34785.218633,0.0,1,0,1700683051
2023-11-16,0x4a3636608d7bc5776cb19eb72caa36ebb9ea683b,8386,0x4444f125bd3d1a44c15b0545ab678629a4421995,0.0,0.0,127240.8526,0,1,1700615841
2023-11-16,0x4a3636608d7bc5776cb19eb72caa36ebb9ea683b,8502,0x892176d784bed3dc877a62f3ff9fc091377b2a49,0.0,0.0,3899.999855,0,1,1700131307
2023-11-16,0x4a3636608d7bc5776cb19eb72caa36ebb9ea683b,8741,0xb2ff5b8a05b43749b1307215c501dcde0932a711,446.112537,446.112537,446.112537,1,1,1700112671
2023-11-16,0x4a3636608d7bc5776cb19eb72caa36ebb9ea683b,9269,0x12dad3425d0ec383ebd9e86139a103ce119aa0b2,45381.250804,45381.250804,0.0,1,0,1700669391
2023-11-16,0x4a3636608d7bc5776cb19eb72caa36ebb9ea683b,9295,0x892176d784bed3dc877a62f3ff9fc091377b2a49,0.0,0.0,2009.999511,0,1,1700131319
2023-11-16,0x4a3636608d7bc5776cb19eb72caa36ebb9ea683b,9344,0x4444f125bd3d1a44c15b0545ab678629a4421995,0.0,0.0,212927.442137,0,1,1700615863
2023-11-16,0x4a3636608d7bc5776cb19eb72caa36ebb9ea683b,9394,0x941e5957eaa0bb7c83b25002fc4bb04b35ea9fdf,111.474144,111.474144,0.0,1,0,1700667123
2023-11-16,0x4a3636608d7bc5776cb19eb72caa36ebb9ea683b,9435,0xfec11b5757f1694866155bd0989709ce58e8dccc,33673.624649,33673.624649,0.0,1,0,1700651513
2023-11-16,0x4f9dc2229f2357b27c22db56cb39582c854ad6d5,6,0x28aa4f9ffe21365473b64c161b566c3cdead0108,2539570.038806,2539570.038806,3806472.755081,1,1,1700541665
2023-11-16,0x4f9dc2229f2357b27c22db56cb39582c854ad6d5,47,0x011b0a055e02425461a1ae95b30f483c4ff05be7,0.0,0.0,260801.206068,0,1,1700693931
2023-11-16,0x4f9dc2229f2357b27c22db56cb39582c854ad6d5,51,0x0f228805c03a693aa964a791e0b2e2c6e6c6513f,0.0,0.0,285150.605496,0,1,1700691351
2023-11-16,0x4f9dc2229f2357b27c22db56cb39582c854ad6d5,68,0x132e47cf2c19ec2d8dd56e1528fc7e18dc09188f,0.0,0.0,126167.291268,0,1,1700693779
2023-11-16,0x4f9dc2229f2357b27c22db56cb39582c854ad6d5,77,0xeb6772188cf10aa563a1cd163f48355d1a949797,0.0,0.0,214351.058109,0,1,1700693783
2023-11-16,0x4f9dc2229f2357b27c22db56cb39582c854ad6d5,92,0x0f9548165c4960624debb7e38b504e9fd524d6af,0.0,0.0,124072.419207,0,1,1700693689
2023-11-16,0x4f9dc2229f2357b27c22db56cb39582c854ad6d5,137,0xa4b6eeeb7eba0fc360a7402f2ebe90c178115e91,0.0,69412.216649,128799.841727,1,2,1700692611
2023-11-16,0x4f9dc2229f2357b27c22db56cb39582c854ad6d5,179,0xfda5a361f3c67ebfed328f3a9e95bd275734e675,0.0,0.0,227491.303533,0,1,1700693647
2023-11-16,0x4f9dc2229f2357b27c22db56cb39582c854ad6d5,195,0x302757fe1990e6558e03d05036bb88c3129a22c8,0.0,0.0,61716.368464,0,1,1700643743
2023-11-16,0x4f9dc2229f2357b27c22db56cb39582c854ad6d5,316,0x8217157f6a42eecf3d07ef7c8d67ad416c3e9f02,0.0,0.0,101449.759865,0,1,1700666205
2023-11-16,0x4f9dc2229f2357b27c22db56cb39582c854ad6d5,489,0x88ee8692adfc54798c2190c1e68612f75ab15618,0.0,0.0,45528.317328,0,1,1700577795
2023-11-16,0x4f9dc2229f2357b27c22db56cb39582c854ad6d5,609,0x87dd9282247d03e8415c37025137752522defce1,0.0,0.0,35290.072705,0,1,1700693815
2023-11-16,0x4f9dc2229f2357b27c22db56cb39582c854ad6d5,693,0xd2c83998be2306e814f2a220eb9740051dbd2104,0.0,0.0,7075.161233,0,1,1700669529
2023-11-16,0x4f9dc2229f2357b27c22db56cb39582c854ad6d5,707,0xb307d426a34a72a94b32bca5c5f0c8b36440fa80,0.0,0.0,27317.659711,0,1,1700688593
2023-11-16,0x4f9dc2229f2357b27c22db56cb39582c854ad6d5,1050,0x97e620556c626cc3312e3ea40a908045c550651e,0.0,0.0,13705.046528,0,1,1700689345
2023-11-16,0x4f9dc2229f2357b27c22db56cb39582c854ad6d5,1197,0x0be4eb0e89abed9f52d94f1550c22a16008cc463,0.0,0.0,4091.928085,0,1,1700693319
2023-11-16,0x4f9dc2229f2357b27c22db56cb39582c854ad6d5,1878,0x952815ea349a0c10db5d854a16a27d768e85053e,0.0,0.0,9510.643521,0,1,1700646695
2023-11-16,0x4f9dc2229f2357b27c22db56cb39582c854ad6d5,2028,0xca681f8652250aef6b62a30b8156539aa13fea03,0.0,0.0,4180.274549,0,1,1700683513
2023-11-16,0x4f9dc2229f2357b27c22db56cb39582c854ad6d5,2505,0x7f8374961620a370c47eedb599076320d5c82c9b,0.0,0.0,3222.436956,0,1,1700571207
2023-11-16,0x4f9dc2229f2357b27c22db56cb39582c854ad6d5,2860,0xd935a63d629cac4cfc8f632a2f4aab3ca8d99e38,563.939642,563.939642,2255.75857,1,1,1700653833
2023-11-16,0x4f9dc2229f2357b27c22db56cb39582c854ad6d5,4054,0x8179c1bd8d0286dab47e167e037282a1795712e8,1294.100436,1294.100436,881.08001,1,1,1700423901
2023-11-16,0x4f9dc2229f2357b27c22db56cb39582c854ad6d5,4611,0xf88c5c03aab1070412dba46c92cee0ae6b9a5443,475.120102,475.120102,475.120102,1,1,1700160023
2023-11-16,0x4f9dc2229f2357b27c22db56cb39582c854ad6d5,6150,0xef5456132d6abbdf88a5a8ba89a0629f314c386c,0.0,0.0,353.137564,0,1,1700666665
2023-11-16,0x4f9dc2229f2357b27c22db56cb39582c854ad6d5,6569,0xdfcfa08f40e84ba07056f4340a06b3282eb895fe,739.486294,739.486294,742.640049,1,1,1700150549
2023-11-16,0x4f9dc2229f2357b27c22db56cb39582c854ad6d5,6671,0x5df74b38a56d81a52d723715329c334635d5de1b,0.0,0.0,301.35969,0,1,1700693035
2023-11-16,0x4f9dc2229f2357b27c22db56cb39582c854ad6d5,7844,0x4dccb4444a0a804b778ddac22dc21b4fd0fe1a0d,0.165483,0.165483,0.33253,1,1,1700646989
2023-11-16,0x4f9dc2229f2357b27c22db56cb39582c854ad6d5,7857,0x4886ba5d2b3e0ae1e80172d3bddc4feb32e1ce26,4.35121,4.35121,2.887829,1,1,1700651765
2023-11-16,0x4f9dc2229f2357b27c22db56cb39582c854ad6d5,8782,0xeaba90bddbbbf7ec1a6b0483320c40840401e310,1.050904,1.050904,0.0,1,0,1700555751
2023-11-16,0x4f9dc2229f2357b27c22db56cb39582c854ad6d5,9602,0x788d2c0813cac59770cdf36f7beb9bfc819b6475,76948.927715,76948.927715,0.0,1,0,1700696263
2023-11-16,0x4f9dc2229f2357b27c22db56cb39582c854ad6d5,9603,0x43e3267ce69862ffbeea59690cdb3e798f71ce7e,0.0,0.0,4243666.991756,0,1,1700681275
2023-11-16,0x4f9dc2229f2357b27c22db56cb39582c854ad6d5,9605,0x794d1ae064a5d2803cba821b7429d95cceccf1ea,401861.642733,401861.642733,2009797.69223,1,1,1700696243
2023-11-16,0x4f9dc2229f2357b27c22db56cb39582c854ad6d5,9654,0x28831f39bb35edc44ee1c175b44308cd3bef57ee,16.463161,16.463161,0.0,1,0,1700170581
2023-11-16,0x554eca2a48136724294ce47fb7bfe9aadfcee3c6,24,0x208a17c5fabe5b90282e5906945ff335e39326c4,0.0,0.0,18252.747617,0,1,1700683823
2023-11-16,0x554eca2a48136724294ce47fb7bfe9aadfcee3c6,47,0x011b0a055e02425461a1ae95b30f483c4ff05be7,0.0,0.0,195600.904551,0,1,1700693931
2023-11-16,0x554eca2a48136724294ce47fb7bfe9aadfcee3c6,51,0x0f228805c03a693aa964a791e0b2e2c6e6c6513f,0.0,0.0,570301.210991,0,1,1700691351
2023-11-16,0x554eca2a48136724294ce47fb7bfe9aadfcee3c6,54,0xf265702178a66b4b7ce079fc8a1629e47cf1bcde,0.0,0.0,335013.359965,0,1,1700686191
2023-11-16,0x554eca2a48136724294ce47fb7bfe9aadfcee3c6,55,0x285fed35cbea271a711681e84ffd83c68a596a75,0.0,0.0,39424.085903,0,1,1700683597
2023-11-16,0x554eca2a48136724294ce47fb7bfe9aadfcee3c6,64,0xf1010ee787ee588766b441d7cc397b40ddfb17a3,0.0,0.0,233698.782003,0,1,1700692701
2023-11-16,0x554eca2a48136724294ce47fb7bfe9aadfcee3c6,105,0x208a17c5fabe5b90282e5906945ff335e39326c4,0.0,0.0,20681.566107,0,1,1700683839
2023-11-16,0x554eca2a48136724294ce47fb7bfe9aadfcee3c6,110,0x05e09d942505764bca4475abf8efdbc21d1c535b,0.0,0.0,122057.083117,0,1,1700683789
2023-11-16,0x554eca2a48136724294ce47fb7bfe9aadfcee3c6,114,0x611b0c1ed942b833c786c53883a4aa37a25602a6,0.0,0.0,46687.477513,0,1,1700684273
2023-11-16,0x554eca2a48136724294ce47fb7bfe9aadfcee3c6,147,0xe3f0254b09aec48ffa46f9eee5a3bc7a8e510e6d,0.0,0.0,83397.162139,0,1,1700692787
2023-11-16,0x554eca2a48136724294ce47fb7bfe9aadfcee3c6,156,0xb0a4e99371dfb0734f002ae274933b4888f618ef,0.0,0.0,146224.803815,0,1,1700691253
2023-11-16,0x554eca2a48136724294ce47fb7bfe9aadfcee3c6,216,0x4aad47cf429dc976079648f739e094aa21350b56,0.0,0.0,174625.738892,0,1,1700683077
2023-11-16,0x554eca2a48136724294ce47fb7bfe9aadfcee3c6,238,0xb6f28ae8f31d85dc27361852b986286113bc588d,0.0,0.0,58104.352627,0,1,1700693789
2023-11-16,0x554eca2a48136724294ce47fb7bfe9aadfcee3c6,242,0xa0eb44b173af64f2fdb47c7d76ff3a33e04103b6,159753.264447,159753.264447,159632.389042,1,1,1700301705
2023-11-16,0x554eca2a48136724294ce47fb7bfe9aadfcee3c6,304,0xbbb33d2e7bd7ddc722e53da9ca8ee97df41cfabf,0.0,0.0,10613.187629,0,1,1700602061
2023-11-16,0x554eca2a48136724294ce47fb7bfe9aadfcee3c6,321,0xcb6586874cc04b01cc4fdb777de502cea7b3d6c1,0.0,0.0,100108.200921,0,1,1700693089
2023-11-16,0x554eca2a48136724294ce47fb7bfe9aadfcee3c6,376,0xff53e3a27b7252148e0f1daf4a00261eee59177f,0.0,0.0,14465.56534,0,1,1700690131
2023-11-16,0x554eca2a48136724294ce47fb7bfe9aadfcee3c6,441,0xdceb0bb3311342e3ce9e49f57affce9deac40ba1,16756.700739,16756.700739,16723.779122,1,1,1700126279
2023-11-16,0x554eca2a48136724294ce47fb7bfe9aadfcee3c6,442,0x2ad7f82d4266d47e875ae2b06322f2e008cbf5c6,67724.435518,67724.435518,65259.618535,1,1,1700098477
2023-11-16,0x554eca2a48136724294ce47fb7bfe9aadfcee3c6,473,0x97020c9ec66e0f59231918b1d2f167a66026aff2,0.0,0.0,6468.533825,0,1,1700678139
2023-11-16,0x554eca2a48136724294ce47fb7bfe9aadfcee3c6,481,0xeef9462b7e4db80ed34a9f22db06a9cda8854569,46629.180489,46629.180489,46629.180489,1,1,1700634803
2023-11-16,0x554eca2a48136724294ce47fb7bfe9aadfcee3c6,494,0x153b4f4f2c6c284f844a53eb2e097d23b7bfa4dd,0.0,0.0,44464.615516,0,1,1700660369
2023-11-16,0x554eca2a48136724294ce47fb7bfe9aadfcee3c6,504,0xcfba6d63ec822425775d3c509e60ff689c1ae1e7,4659.032332,4659.032332,4617.794222,1,1,1700693037
2023-11-16,0x554eca2a48136724294ce47fb7bfe9aadfcee3c6,543,0x6613a1521394c2f17c7d705e48279e44c2a01936,13959.317952,13959.317952,13959.317952,1,1,1700098151
2023-11-16,0x554eca2a48136724294ce47fb7bfe9aadfcee3c6,551,0xdde346eaecec99ff62b8454fbd721593d40e2fbc,20587.61012,20587.61012,20572.03275,1,1,1700118969
2023-11-16,0x554eca2a48136724294ce47fb7bfe9aadfcee3c6,578,0xd1ebfdaa76d8873dec4c68c91148d4befbd853a6,37151.374408,37151.374408,0.0,1,0,1700118657
2023-11-16,0x554eca2a48136724294ce47fb7bfe9aadfcee3c6,594,0xcf1e9fb3aa42bc4f888cfe1161f3778e71141453,0.0,0.0,36458.360487,0,1,1700688087
2023-11-16,0x554eca2a48136724294ce47fb7bfe9aadfcee3c6,774,0x98d925821767edcf7e773810e74244026b6e8a35,0.0,0.0,2334.984607,0,1,1700590787
2023-11-16,0x554eca2a48136724294ce47fb7bfe9aadfcee3c6,1027,0x5f4f120d8435ea38f0f4635a910fee03801be88d,0.0,0.0,23969.859119,0,1,1700586975
2023-11-16,0x554eca2a48136724294ce47fb7bfe9aadfcee3c6,1081,0x1143d16a0276653a3be32b298ceff28067d5f85d,0.0,0.0,13116.978409,0,1,1700692737
2023-11-16,0x554eca2a48136724294ce47fb7bfe9aadfcee3c6,1090,0x1b89a08d82079337740e1cef68c571069725306e,0.0,0.0,12955.135331,0,1,1700524253
2023-11-16,0x554eca2a48136724294ce47fb7bfe9aadfcee3c6,1108,0x2ed7cc0236ba832d7dfb190e9bced27de1a034f2,12745.8463,12745.8463,12736.202307,1,1,1700479401
2023-11-16,0x554eca2a48136724294ce47fb7bfe9aadfcee3c6,1221,0x564b3a3cf630d7b3b35ae78e47feb074bce2b06e,0.0,0.0,2554.830496,0,1,1700501619
2023-11-16,0x554eca2a48136724294ce47fb7bfe9aadfcee3c6,1242,0xa82e10f6120aa01b95474bbba71cf9649492c05a,10328.534353,10328.534353,10320.71939,1,1,1700425547
2023-11-16,0x554eca2a48136724294ce47fb7bfe9aadfcee3c6,1300,0x28c783bd0bad451861807cd48d250dc8ad5ec8f9,0.0,0.0,9476.625081,0,1,1700688355
2023-11-16,0x554eca2a48136724294ce47fb7bfe9aadfcee3c6,1362,0x450cf20323733ea1ba31357cc129bd7da188cc68,9021.544697,9021.544697,9014.718653,1,1,1700589775
2023-11-16,0x554eca2a48136724294ce47fb7bfe9aadfcee3c6,1375,0xca3459c85009d657393717d7e0072a42f0c69733,0.0,0.0,8463.606757,0,1,1700690215
2023-11-16,0x554eca2a48136724294ce47fb7bfe9aadfcee3c6,1490,0x60a627b29d8038e7f34b351cd340b7a41b036720,7443.117205,7443.117205,7437.485459,1,1,1700124497
2023-11-16,0x554eca2a48136724294ce47fb7bfe9aadfcee3c6,1595,0x6532a7c47b033e83eac702b2baecdb8b834558de,6586.984268,6586.984268,6582.000305,1,1,1700136171
2023-11-16,0x554eca2a48136724294ce47fb7bfe9aadfcee3c6,1714,0x33e499dbd9dc9ca564b1b1a0d7941e31cc53e5ab,0.0,0.0,5800.59331,0,1,1700688787
2023-11-16,0x554eca2a48136724294ce47fb7bfe9aadfcee3c6,1811,0x410f2959ee9c8115ca6cf0f817b14373b63b5d4c,0.0,0.0,2885.299786,0,1,1700692605
2023-11-16,0x554eca2a48136724294ce47fb7bfe9aadfcee3c6,1846,0x5450a98bd84b8e0708a2a3d55e6c048f15977cd1,0.0,0.0,4844.655265,0,1,1700358241
2023-11-16,0x554eca2a48136724294ce47fb7bfe9aadfcee3c6,2007,0x31b07bcd06794c8c10909d9061639521b167780e,0.0,0.0,1099.638213,0,1,1700135861
2023-11-16,0x554eca2a48136724294ce47fb7bfe9aadfcee3c6,2063,0x8bfa2e0789f3f4d1ef2bdc86c5c7ea3885c1f2b9,4099.646084,4099.646084,4096.544135,1,1,1700607565
2023-11-16,0x554eca2a48136724294ce47fb7bfe9aadfcee3c6,2133,0x63c80fe5b716d2e5c937a8fe787aa17df59d4344,0.0,0.0,9240.827869,0,1,1700679571
2023-11-16,0x554eca2a48136724294ce47fb7bfe9aadfcee3c6,2186,0xec2cbcb2b994f8410073220d84d29eb66f9d9ec5,0.0,0.0,3818.549246,0,1,1700662281
2023-11-16,0x554eca2a48136724294ce47fb7bfe9aadfcee3c6,2632,0x5449f6df38d7d6f2fb8ccea1f3f9f87418e8a174,1532.34357,1532.34357,1531.18414,1,1,1700232207
2023-11-16,0x554eca2a48136724294ce47fb7bfe9aadfcee3c6,2856,0xf3b059c887172f2cc52b5e77ee3b2c8b3a32e6ef,2268.252503,2268.252503,2268.252503,1,1,1700675741
2023-11-16,0x554eca2a48136724294ce47fb7bfe9aadfcee3c6,3062,0x5a219e0846af2f551ae29561366ce40ae1e13abf,1860.274734,1860.274734,1858.867179,1,1,1700690709
2023-11-16,0x554eca2a48136724294ce47fb7bfe9aadfcee3c6,3124,0xeeb991702e3472166da495b22f3349a7a3aa638a,1767.856473,1767.856473,1767.856473,1,1,1700101559
2023-11-16,0x554eca2a48136724294ce47fb7bfe9aadfcee3c6,3127,0x8bb89c74736017e0d1102ed65d49be9cb6b3cc48,0.0,0.0,1761.929907,0,1,1700655863
2023-11-16,0x554eca2a48136724294ce47fb7bfe9aadfcee3c6,3187,0x9a86fdd83709649801d9daa57e12df0ad81223ff,1700.495489,1700.495489,1700.495489,1,1,1700532913
2023-11-16,0x554eca2a48136724294ce47fb7bfe9aadfcee3c6,3223,0x5c21289b0e1a48353e7a439eb5c416b6040ddfb6,0.0,0.0,1670.328102,0,1,1700689931
2023-11-16,0x554eca2a48136724294ce47fb7bfe9aadfcee3c6,3270,0x418340b636a908e69e98bb0c36ec4610980dce87,0.0,0.0,1528.716431,0,1,1700623921
2023-11-16,0x554eca2a48136724294ce47fb7bfe9aadfcee3c6,3368,0xbcaf219ba7c5299892b074d69398564dfdfe79f3,1485.810972,1485.810972,1484.686751,1,1,1700607511
2023-11-16,0x554eca2a48136724294ce47fb7bfe9aadfcee3c6,3384,0xbf9b4d7fbd072a17d39df9f2a51f764ef047f457,1459.447829,1459.447829,1459.447829,1,1,1700612791
2023-11-16,0x554eca2a48136724294ce47fb7bfe9aadfcee3c6,3451,0xf3284a18b5baafcffe6e0635f5452f7f5a2a7da4,1354.125834,1354.125834,1354.125834,1,1,1700401935
2023-11-16,0x554eca2a48136724294ce47fb7bfe9aadfcee3c6,3497,0xc73093429e9e151f2b3bed7cc99d73e30457185b,1309.167592,1309.167592,1308.177026,1,1,1700607641
2023-11-16,0x554eca2a48136724294ce47fb7bfe9aadfcee3c6,4042,0xd923de646d3f0bb9eb7f9169f259c79c3ede2188,78.917801,78.917801,786.119614,1,1,1700564683
2023-11-16,0x554eca2a48136724294ce47fb7bfe9aadfcee3c6,5056,0x7e5c1a665bfd595a8de3ac91dabb37a65db04096,1692.813585,1692.813585,1692.813585,1,1,1700175017
2023-11-16,0x554eca2a48136724294ce47fb7bfe9aadfcee3c6,5565,0x8392c202d0fccd7f149748c59da28d2d1484dabd,0.0,0.0,73.891551,0,1,1700348521
2023-11-16,0x554eca2a48136724294ce47fb7bfe9aadfcee3c6,5824,0x7b042c22a39c651fb6e516928cd5f5179cd9d4db,0.0,0.0,180.991771,0,1,1700665961
2023-11-16,0x554eca2a48136724294ce47fb7bfe9aadfcee3c6,5841,0xe14a13b8eb93b6569a748ea57a1a97025fc82be9,0.0,0.0,361.569083,0,1,1700693767
2023-11-16,0x554eca2a48136724294ce47fb7bfe9aadfcee3c6,6197,0x0e15e6d82aca20e7c4a5c753b38d8ed0d8d09010,0.0,0.0,352.091413,0,1,1700691163
2023-11-16,0x554eca2a48136724294ce47fb7bfe9aadfcee3c6,6570,0xe7548e35ed9cb5ff77dc62d605af2c6c8a89c3fd,17.159686,17.159686,18.0939,1,1,1700513211
2023-11-16,0x554eca2a48136724294ce47fb7bfe9aadfcee3c6,6933,0x5db9e26d5035c124a9b7dddd545fd60c23cf26d0,0.0,0.0,0.972389,0,1,1700643687
2023-11-16,0x554eca2a48136724294ce47fb7bfe9aadfcee3c6,6957,0x1b89a08d82079337740e1cef68c571069725306e,0.0,0.0,1247.448604,0,1,1700524285
2023-11-16,0x554eca2a48136724294ce47fb7bfe9aadfcee3c6,7121,0x011b0a055e02425461a1ae95b30f483c4ff05be7,0.0,0.0,31234.653803,0,1,1700693959
2023-11-16,0x554eca2a48136724294ce47fb7bfe9aadfcee3c6,7122,0x011b0a055e02425461a1ae95b30f483c4ff05be7,0.0,0.0,1279.795456,0,1,1700693983
2023-11-16,0x554eca2a48136724294ce47fb7bfe9aadfcee3c6,7651,0x98d925821767edcf7e773810e74244026b6e8a35,0.0,0.0,479.968504,0,1,1700590811
2023-11-16,0x554eca2a48136724294ce47fb7bfe9aadfcee3c6,7844,0x4dccb4444a0a804b778ddac22dc21b4fd0fe1a0d,4.976501,4.976501,2.513889,1,1,1700646989
2023-11-16,0x554eca2a48136724294ce47fb7bfe9aadfcee3c6,7857,0x4886ba5d2b3e0ae1e80172d3bddc4feb32e1ce26,4.35121,4.35121,4.373527,1,1,1700651765
2023-11-16,0x554eca2a48136724294ce47fb7bfe9aadfcee3c6,9204,0x63c80fe5b716d2e5c937a8fe787aa17df59d4344,1342.16221,1342.16221,1342.16221,1,1,1700679751
2023-11-16,0x554eca2a48136724294ce47fb7bfe9aadfcee3c6,9261,0xb6f28ae8f31d85dc27361852b986286113bc588d,0.0,0.0,1924.047822,0,1,1700693801
2023-11-16,0x554eca2a48136724294ce47fb7bfe9aadfcee3c6,9372,0x6a2064a87f83aee30a9331c680763ed7d473ae23,148129.049834,148129.049834,148355.371153,1,1,1700127169
2023-11-16,0x554eca2a48136724294ce47fb7bfe9aadfcee3c6,9374,0x6a2064a87f83aee30a9331c680763ed7d473ae23,103817.938256,103817.938256,103976.549841,1,1,1700127185
2023-11-16,0x554eca2a48136724294ce47fb7bfe9aadfcee3c6,9558,0x8feafd5e0fcefdd2624906c0f913d563306aae17,0.488718,0.488718,19.413337,1,1,1700671913
2023-11-16,0x554eca2a48136724294ce47fb7bfe9aadfcee3c6,9603,0x43e3267ce69862ffbeea59690cdb3e798f71ce7e,0.0,0.0,2523261.454558,0,1,1700681275
2023-11-16,0x554eca2a48136724294ce47fb7bfe9aadfcee3c6,9605,0x794d1ae064a5d2803cba821b7429d95cceccf1ea,0.0,0.0,1406858.384561,0,1,1700696243
2023-11-16,0x554eca2a48136724294ce47fb7bfe9aadfcee3c6,9609,0x2a23d0650db1c536e71aeb63ecd3daa0b52e66e1,0.0,0.0,7064.945078,0,1,1700184121
2023-11-16,0x554eca2a48136724294ce47fb7bfe9aadfcee3c6,9654,0x28831f39bb35edc44ee1c175b44308cd3bef57ee,16.463161,16.463161,0.0,1,0,1700170581
2023-11-16,0x554eca2a48136724294ce47fb7bfe9aadfcee3c6,9707,0x60034a6d90f54d3bbc3188033fd08b1a146802ba,208.631785,208.631785,0.0,1,0,1700429107
2023-11-16,0x5bfb340fa9305abb164fb0248d0d82fc3d82c3bb,43,0x2ddb405238368695f34d30a80ab60c449aa5ce48,303107.649878,303107.649878,0.0,1,0,1700692465
2023-11-16,0x5bfb340fa9305abb164fb0248d0d82fc3d82c3bb,47,0x011b0a055e02425461a1ae95b30f483c4ff05be7,1892240.485218,1892240.485218,65200.301517,1,1,1700693931
2023-11-16,0x5bfb340fa9305abb164fb0248d0d82fc3d82c3bb,48,0x12478d1a60a910c9cbffb90648766a2bdd5918f5,1477594.673505,1477594.673505,0.0,1,0,1700691537
2023-11-16,0x5bfb340fa9305abb164fb0248d0d82fc3d82c3bb,51,0x0f228805c03a693aa964a791e0b2e2c6e6c6513f,285366.524677,285366.524677,0.0,1,0,1700691351
2023-11-16,0x5bfb340fa9305abb164fb0248d0d82fc3d82c3bb,64,0xf1010ee787ee588766b441d7cc397b40ddfb17a3,292535.984686,292535.984686,0.0,1,0,1700692701
2023-11-16,0x5bfb340fa9305abb164fb0248d0d82fc3d82c3bb,67,0x8ce17ff2c7376e9adfe9c63c47a801097fa6c525,108398.375513,108398.375513,0.0,1,0,1700690971
2023-11-16,0x5bfb340fa9305abb164fb0248d0d82fc3d82c3bb,77,0xeb6772188cf10aa563a1cd163f48355d1a949797,214513.367093,214513.367093,0.0,1,0,1700693783
2023-11-16,0x5bfb340fa9305abb164fb0248d0d82fc3d82c3bb,101,0xaf03267d12153bef68dc4d6f7426857c5462544a,546517.668943,546517.668943,0.0,1,0,1700693697
2023-11-16,0x5bfb340fa9305abb164fb0248d0d82fc3d82c3bb,103,0x1c2ed7a6c4e3c1146103fa222181115a72243a06,54779.15841,54779.15841,0.0,1,0,1700693443
2023-11-16,0x5bfb340fa9305abb164fb0248d0d82fc3d82c3bb,124,0x5d6f3d0c92d0564151357b0863e55e9ed4631b8d,86604.318047,86604.318047,0.0,1,0,1700691635
2023-11-16,0x5bfb340fa9305abb164fb0248d0d82fc3d82c3bb,133,0xd5b2daf2285d0fbf2f1c2a20e2866ccf9617e83b,196944.675191,196944.675191,0.0,1,0,1700693563
2023-11-16,0x5bfb340fa9305abb164fb0248d0d82fc3d82c3bb,135,0x166c794d890dd91bbe71f304eca660e1c4892cbb,378815.384612,378815.384612,0.0,1,0,1700692073
2023-11-16,0x5bfb340fa9305abb164fb0248d0d82fc3d82c3bb,137,0xa4b6eeeb7eba0fc360a7402f2ebe90c178115e91,694122.166487,694122.166487,0.0,1,0,1700692611
2023-11-16,0x5bfb340fa9305abb164fb0248d0d82fc3d82c3bb,147,0xe3f0254b09aec48ffa46f9eee5a3bc7a8e510e6d,83460.31139,83460.31139,0.0,1,0,1700692787
2023-11-16,0x5bfb340fa9305abb164fb0248d0d82fc3d82c3bb,156,0xb0a4e99371dfb0734f002ae274933b4888f618ef,146335.526848,146335.526848,0.0,1,0,1700691253
2023-11-16,0x5bfb340fa9305abb164fb0248d0d82fc3d82c3bb,165,0x54ecb3397b0bf31cb0b81eb2444e2a7b32507d8b,81532.036607,81532.036607,0.0,1,0,1700689629
2023-11-16,0x5bfb340fa9305abb164fb0248d0d82fc3d82c3bb,189,0xb223b0ba47eed82f7384f50df96ba406a080df7a,212881.292639,212881.292639,0.0,1,0,1700691103
2023-11-16,0x5bfb340fa9305abb164fb0248d0d82fc3d82c3bb,190,0x48d18a882b0be145606a11fce6f8a301256b93fa,105728.744383,105728.744383,0.0,1,0,1700687809
2023-11-16,0x5bfb340fa9305abb164fb0248d0d82fc3d82c3bb,193,0xf1578f87c0343051c07156533ea263320212bc9d,207182.559837,207182.559837,0.0,1,0,1700690093
2023-11-16,0x5bfb340fa9305abb164fb0248d0d82fc3d82c3bb,199,0x69323bd279f2ed51bffe88ab8f25a46fc53562bb,205491.74448,205491.74448,0.0,1,0,1700693833
2023-11-16,0x5bfb340fa9305abb164fb0248d0d82fc3d82c3bb,203,0x637fceaf3e5289d2b396b831335e7d8a180c5656,19039.282843,19039.282843,0.0,1,0,1700692921
2023-11-16,0x5bfb340fa9305abb164fb0248d0d82fc3d82c3bb,209,0xfcbb477ec276476b6029ed0467f28f5ac1712884,91848.642659,91848.642659,0.0,1,0,1700693883
2023-11-16,0x5bfb340fa9305abb164fb0248d0d82fc3d82c3bb,218,0xc8336b9dabbac9bfb9aa483e76fc351b13121784,86843.624924,86843.624924,0.0,1,0,1700693787
2023-11-16,0x5bfb340fa9305abb164fb0248d0d82fc3d82c3bb,224,0x4920a95670b6282951813a94d9066a730d315df3,82791.889596,82791.889596,0.0,1,0,1700691225
2023-11-16,0x5bfb340fa9305abb164fb0248d0d82fc3d82c3bb,225,0xdcb7943f8454a5742b2b881b6ecfc8c7d198f631,165385.427663,165385.427663,0.0,1,0,1700692225
2023-11-16,0x5bfb340fa9305abb164fb0248d0d82fc3d82c3bb,298,0x19869a4e9c80e277d0580d481d396d09e05b7169,109534.575849,109534.575849,0.0,1,0,1700685983
2023-11-16,0x5bfb340fa9305abb164fb0248d0d82fc3d82c3bb,299,0x26553884cee0bb96f4ecea4de3ed52d88d3f2efc,54591.161233,54591.161233,0.0,1,0,1700693817
2023-11-16,0x5bfb340fa9305abb164fb0248d0d82fc3d82c3bb,341,0xb1d47d39c3bb868e5e4be068b7057d4caad0b31c,42686.399567,42686.399567,0.0,1,0,1700690955
2023-11-16,0x5bfb340fa9305abb164fb0248d0d82fc3d82c3bb,343,0xb1d47d39c3bb868e5e4be068b7057d4caad0b31c,43412.633823,43412.633823,0.0,1,0,1700690947
2023-11-16,0x5bfb340fa9305abb164fb0248d0d82fc3d82c3bb,376,0xff53e3a27b7252148e0f1daf4a00261eee59177f,21698.34801,21698.34801,0.0,1,0,1700690131
2023-11-16,0x5bfb340fa9305abb164fb0248d0d82fc3d82c3bb,445,0x24ed7409cb9f1adbe5b83c86a237049da6eca675,196362.947974,196362.947974,0.0,1,0,1700685957
2023-11-16,0x5bfb340fa9305abb164fb0248d0d82fc3d82c3bb,458,0x7a921b0365b4571bee00ba5a1dbb422b11f13f9e,50856.530622,50856.530622,0.0,1,0,1700692583
2023-11-16,0x5bfb340fa9305abb164fb0248d0d82fc3d82c3bb,471,0x03a1a0ee0e2a14bd069c8691a4adeabfa6a4d709,12023.953544,12023.953544,0.0,1,0,1700693055
2023-11-16,0x5bfb340fa9305abb164fb0248d0d82fc3d82c3bb,523,0xde93a283495fa2834047b53871a8e4e09f96d841,11251.31502,11251.31502,0.0,1,0,1700687221
2023-11-16,0x5bfb340fa9305abb164fb0248d0d82fc3d82c3bb,552,0x88eb2863997cbae2169d9022704acf21e423b377,40019.305103,40019.305103,0.0,1,0,1700693291
2023-11-16,0x5bfb340fa9305abb164fb0248d0d82fc3d82c3bb,585,0xe0d96d1e847d222aaf54366b74db508a393b8d8a,40499.995816,40499.995816,0.0,1,0,1700693965
2023-11-16,0x5bfb340fa9305abb164fb0248d0d82fc3d82c3bb,637,0xb83f754eb815e2100f4ba99aa61c299152b07145,0.0,22372.159887,39744.312594,1,2,1700692527
2023-11-16,0x5bfb340fa9305abb164fb0248d0d82fc3d82c3bb,658,0x7f64219e48e349295a580bca164434ea5d1e8433,17657.324395,17657.324395,0.0,1,0,1700693909
2023-11-16,0x5bfb340fa9305abb164fb0248d0d82fc3d82c3bb,718,0xe12dbb4320caa9035c5d104620aa7a0debcbd554,13083.832931,13083.832931,0.0,1,0,1700690895
2023-11-16,0x5bfb340fa9305abb164fb0248d0d82fc3d82c3bb,724,0xa4e057e58a11de90f6e63dc9b6c51025bd2c9646,15691.22619,15691.22619,0.0,1,0,1700686989
2023-11-16,0x5bfb340fa9305abb164fb0248d0d82fc3d82c3bb,725,0x1cab2ce19ff9b27680d4a8fdd3745197004ada57,25992.329866,25992.329866,0.0,1,0,1700693561
2023-11-16,0x5bfb340fa9305abb164fb0248d0d82fc3d82c3bb,758,0x8ccfcfa7e6133e0875192974d0d857fb7a28375e,6559.013645,6559.013645,0.0,1,0,1700687079
2023-11-16,0x5bfb340fa9305abb164fb0248d0d82fc3d82c3bb,775,0xc210a5ef47b75851d5bfdf20d9a66a28df17a7a2,23190.934267,23190.934267,0.0,1,0,1700691037
2023-11-16,0x5bfb340fa9305abb164fb0248d0d82fc3d82c3bb,795,0xa1bf240a6b4b54b77497cd3d741f385e0f5b5199,21996.169319,21996.169319,0.0,1,0,1700692643
2023-11-16,0x5bfb340fa9305abb164fb0248d0d82fc3d82c3bb,827,0xe2952771c80d9b9c77a32e47d985bb3ff4e5a93d,13588.184955,13588.184955,0.0,1,0,1700687367
2023-11-16,0x5bfb340fa9305abb164fb0248d0d82fc3d82c3bb,842,0x58bcf1ac25551dd4eb790f2ef68c1857dcd67d9b,10288.693458,10288.693458,0.0,1,0,1700692327
2023-11-16,0x5bfb340fa9305abb164fb0248d0d82fc3d82c3bb,859,0x0db56c99b8ad68f35f4b1772a4ffed3fb16204f6,0.0,0.0,19287.325361,0,1,1700605683
2023-11-16,0x5bfb340fa9305abb164fb0248d0d82fc3d82c3bb,870,0xf2829fc923b6fd040ead55d3f973f2953e86d13e,18684.845203,18684.845203,0.0,1,0,1700693567
2023-11-16,0x5bfb340fa9305abb164fb0248d0d82fc3d82c3bb,879,0x34ff77a853a14579d2120ac08c5e342cee08ad71,4632.150585,4632.150585,0.0,1,0,1700693637
2023-11-16,0x5bfb340fa9305abb164fb0248d0d82fc3d82c3bb,894,0x4fca7ea8770ea56d3e5eb1ce0f35ffe44f198c7d,17832.588065,17832.588065,0.0,1,0,1700688939
2023-11-16,0x5bfb340fa9305abb164fb0248d0d82fc3d82c3bb,933,0x2067d095f4cacb434e921a2cf5b89a09dbf518a4,16773.0349,16773.0349,0.0,1,0,1700693891
2023-11-16,0x5bfb340fa9305abb164fb0248d0d82fc3d82c3bb,937,0x4e8f911b2da10563da1357ed0eda1670902c6390,16568.171258,16568.171258,0.0,1,0,1700692793
2023-11-16,0x5bfb340fa9305abb164fb0248d0d82fc3d82c3bb,964,0xf06b0077dfedd43f91c752f568af4b4b78a1e51b,15925.04932,15925.04932,0.0,1,0,1700693215
2023-11-16,0x5bfb340fa9305abb164fb0248d0d82fc3d82c3bb,1050,0x97e620556c626cc3312e3ea40a908045c550651e,13724.406203,13724.406203,0.0,1,0,1700689345
2023-11-16,0x5bfb340fa9305abb164fb0248d0d82fc3d82c3bb,1073,0xfd72b24b9730dff0b879d176b9a8fb3992281c21,13183.946865,13183.946865,0.0,1,0,1700692107
2023-11-16,0x5bfb340fa9305abb164fb0248d0d82fc3d82c3bb,1162,0x72241b7cd963cf56ba409e80ed59e1aee76a1ada,11734.824507,11734.824507,0.0,1,0,1700693147
2023-11-16,0x5bfb340fa9305abb164fb0248d0d82fc3d82c3bb,1372,0xa8df0d3d1abf9fd16f992bbf4595c621935cfe0a,8523.864658,8523.864658,0.0,1,0,1700689117
2023-11-16,0x5bfb340fa9305abb164fb0248d0d82fc3d82c3bb,1457,0x26b5e14dbf21bfb62bff869f5f4bce8dbddbcfca,0.0,0.0,3861.428211,0,1,1700653745
2023-11-16,0x5bfb340fa9305abb164fb0248d0d82fc3d82c3bb,1496,0xd5cd4169d75fa1567c773af21964bc85ed701c6e,10034.373298,10034.373298,0.0,1,0,1700688991
2023-11-16,0x5bfb340fa9305abb164fb0248d0d82fc3d82c3bb,1581,0xce06012ccf4b9648710b6d624c09e11cb780e93c,6661.19049,6661.19049,0.0,1,0,1700692415
2023-11-16,0x5bfb340fa9305abb164fb0248d0d82fc3d82c3bb,1634,0xaf02f27abf8337fe8c78e9dd22ab85b4661ff50d,6300.267291,6300.267291,0.0,1,0,1700693757
2023-11-16,0x5bfb340fa9305abb164fb0248d0d82fc3d82c3bb,1671,0xf1196bf726ed9227507f5a8b7c87ae177124db2b,7390.430114,7390.430114,0.0,1,0,1700689287
2023-11-16,0x5bfb340fa9305abb164fb0248d0d82fc3d82c3bb,1678,0x833c6aeb65d319a678ad0520a37860acc57f2ac1,6084.315169,6084.315169,0.0,1,0,1700693541
2023-11-16,0x5bfb340fa9305abb164fb0248d0d82fc3d82c3bb,1699,0x160039aa40989833a2ee4d40080db05504f9e95d,5941.582282,5941.582282,0.0,1,0,1700692693
2023-11-16,0x5bfb340fa9305abb164fb0248d0d82fc3d82c3bb,1766,0xd9105bfe2f1448acad670d102263389f7e2a8e0b,1334.742571,1334.742571,0.0,1,0,1700691295
2023-11-16,0x5bfb340fa9305abb164fb0248d0d82fc3d82c3bb,1842,0xc8f7738df10e9c8f8f0c330d6c89fb820ad5bfe4,4950.289079,4950.289079,0.0,1,0,1700688363
2023-11-16,0x5bfb340fa9305abb164fb0248d0d82fc3d82c3bb,1856,0x4b7292679d439ccd83b972a5ff848b47391affca,4807.388883,4807.388883,0.0,1,0,1700688755
2023-11-16,0x5bfb340fa9305abb164fb0248d0d82fc3d82c3bb,1890,0x1a03c9a30d59cfb354df536bf9f20de7eba84077,4781.507315,4781.507315,0.0,1,0,1700688297
2023-11-16,0x5bfb340fa9305abb164fb0248d0d82fc3d82c3bb,1977,0x4cc56a1fa96fc2cffc869affbb33b2d1a3196b93,2571.056565,2571.056565,0.0,1,0,1700690475
2023-11-16,0x5bfb340fa9305abb164fb0248d0d82fc3d82c3bb,2008,0xa47400440c17f917e10ebd878611afd3223da9a4,4710.150398,4710.150398,0.0,1,0,1700692393
2023-11-16,0x5bfb340fa9305abb164fb0248d0d82fc3d82c3bb,2009,0x33ec34b1b4bfcdc9b5e37ba4ab02f6e993a457ae,4382.501725,4382.501725,0.0,1,0,1700690967
2023-11-16,0x5bfb340fa9305abb164fb0248d0d82fc3d82c3bb,2047,0x7239c9c7ca2ed6f684182fca881618fe4b557f9e,5678.585609,5678.585609,0.0,1,0,1700688325
2023-11-16,0x5bfb340fa9305abb164fb0248d0d82fc3d82c3bb,2266,0xb00f8b601558243c9abcddabd54ea17f70471b8e,2009.472833,2009.472833,0.0,1,0,1700689711
2023-11-16,0x5bfb340fa9305abb164fb0248d0d82fc3d82c3bb,2544,0xe33b746a030c3b3c512d274b05ea6e40772cf212,0.0,0.0,14399.974048,0,1,1700616315
2023-11-16,0x5bfb340fa9305abb164fb0248d0d82fc3d82c3bb,2571,0xfc7c1d00b2ec6d3653e9de72590684456846c53d,1650.874503,1650.874503,0.0,1,0,1700692727
2023-11-16,0x5bfb340fa9305abb164fb0248d0d82fc3d82c3bb,2700,0x153cd5217d6dabe839ded8ffeff369a72ab392be,2934.651769,2934.651769,0.0,1,0,1700688875
2023-11-16,0x5bfb340fa9305abb164fb0248d0d82fc3d82c3bb,2733,0x2836545d6e07e9e96a9b622a2e5f4787ec9cc2ae,4302.291122,4302.291122,0.0,1,0,1700693635
2023-11-16,0x5bfb340fa9305abb164fb0248d0d82fc3d82c3bb,2772,0x15b746e7c8ddee0f857772a70275ffa326072b02,2632.56614,2632.56614,0.0,1,0,1700692017
2023-11-16,0x5bfb340fa9305abb164fb0248d0d82fc3d82c3bb,2876,0x1d8c4d80464270afb50576cab66f08a29903747f,2224.396786,2224.396786,0.0,1,0,1700690689
2023-11-16,0x5bfb340fa9305abb164fb0248d0d82fc3d82c3bb,3066,0x9e59edf20d62acbc689d5e72b8f72fedd7a3d282,12558.142294,12558.142294,0.0,1,0,1700688373
2023-11-16,0x5bfb340fa9305abb164fb0248d0d82fc3d82c3bb,3259,0xf31e07d448b4be2e83c1135ec33ad1644cb5b5a7,1635.179077,1635.179077,0.0,1,0,1700690713
2023-11-16,0x5bfb340fa9305abb164fb0248d0d82fc3d82c3bb,3362,0x7ffbeb62cf6e5e53f898ba52d66d29ca3b2851fd,49452.087984,49452.087984,0.0,1,0,1700690731
2023-11-16,0x5bfb340fa9305abb164fb0248d0d82fc3d82c3bb,3396,0x998b284af974df8a7a9aa395dea78e61a36646aa,1986.728746,1986.728746,0.0,1,0,1700693169
2023-11-16,0x5bfb340fa9305abb164fb0248d0d82fc3d82c3bb,3400,0x1e51745bdb4436563097833ba83dcc51109d9fa8,718.259064,718.259064,0.0,1,0,1700688609
2023-11-16,0x5bfb340fa9305abb164fb0248d0d82fc3d82c3bb,3575,0x1f367e135c820b3ed88c16edb30ef2d508ad1191,1191.776874,1191.776874,0.0,1,0,1700693671
2023-11-16,0x5bfb340fa9305abb164fb0248d0d82fc3d82c3bb,3610,0xdbcfcf489faa6a6d068bdd71f130da5f1526d51f,0.0,0.0,1142.511781,0,1,1700635487
2023-11-16,0x5bfb340fa9305abb164fb0248d0d82fc3d82c3bb,3756,0x160cf6551ee3d910f673af762d5a2f1bd4855be1,1089.437969,1089.437969,0.0,1,0,1700690855
2023-11-16,0x5bfb340fa9305abb164fb0248d0d82fc3d82c3bb,3908,0xf60de76791c2f09995df52aa1c6e2e7dcf1e75d7,3081.746829,3081.746829,0.0,1,0,1700693341
2023-11-16,0x5bfb340fa9305abb164fb0248d0d82fc3d82c3bb,4299,0x942114d2222af79422d11ddb0a96ddf2997fecb9,1113.099541,1113.099541,0.0,1,0,1700691023
2023-11-16,0x5bfb340fa9305abb164fb0248d0d82fc3d82c3bb,4644,0x54bf5834b8ac11a33f98dd3283e496d89768f490,894.62952,894.62952,0.0,1,0,1700693499
2023-11-16,0x5bfb340fa9305abb164fb0248d0d82fc3d82c3bb,4646,0xa31aeea459c1ab0124ed44711a678d6e18874692,895.05586,895.05586,0.0,1,0,1700690955
2023-11-16,0x5bfb340fa9305abb164fb0248d0d82fc3d82c3bb,5524,0x1496294adcc04f835994d5c80901c7d98061cf16,372.301635,372.301635,0.0,1,0,1700691957
2023-11-16,0x5bfb340fa9305abb164fb0248d0d82fc3d82c3bb,5554,0xc15ab8dd7daeea5f1aa3b56507cac8a877e21b15,5277.529008,5277.529008,0.0,1,0,1700691763
2023-11-16,0x5bfb340fa9305abb164fb0248d0d82fc3d82c3bb,5719,0x0e9e11fe0f6e6abbe12ba1d099dcf27b1c4b473b,528.942985,528.942985,0.0,1,0,1700689611
2023-11-16,0x5bfb340fa9305abb164fb0248d0d82fc3d82c3bb,6151,0x6bd46edb7ebb742dd6fa514491b80241d2d83a57,166.359745,166.359745,0.0,1,0,1700690053
2023-11-16,0x5bfb340fa9305abb164fb0248d0d82fc3d82c3bb,7122,0x011b0a055e02425461a1ae95b30f483c4ff05be7,3842.293593,3842.293593,11518.159102,1,1,1700693983
2023-11-16,0x5bfb340fa9305abb164fb0248d0d82fc3d82c3bb,7857,0x4886ba5d2b3e0ae1e80172d3bddc4feb32e1ce26,0.836297,0.836297,1.921987,1,1,1700651765
2023-11-16,0x5bfb340fa9305abb164fb0248d0d82fc3d82c3bb,8032,0xf265702178a66b4b7ce079fc8a1629e47cf1bcde,248121.387798,248121.387798,0.0,1,0,1700686515
2023-11-16,0x5bfb340fa9305abb164fb0248d0d82fc3d82c3bb,8404,0x5d4d3fae4d0282fd8a558b5f42ba700974cbfd1a,42663.627999,42663.627999,0.0,1,0,1700691173
2023-11-16,0x5bfb340fa9305abb164fb0248d0d82fc3d82c3bb,8405,0x5d6f3d0c92d0564151357b0863e55e9ed4631b8d,1394.303495,1394.303495,0.0,1,0,1700691707
2023-11-16,0x5bfb340fa9305abb164fb0248d0d82fc3d82c3bb,8431,0x9c6016b2543cfd29a587992393c3c59df1dc48af,107556.758219,107556.758219,0.0,1,0,1700693779
2023-11-16,0x5bfb340fa9305abb164fb0248d0d82fc3d82c3bb,8460,0xd1a0b66835d830e9ada42eef436f3aa8005b20b5,51696.14919,51696.14919,0.0,1,0,1700689529
2023-11-16,0x5bfb340fa9305abb164fb0248d0d82fc3d82c3bb,8478,0xf265702178a66b4b7ce079fc8a1629e47cf1bcde,0.0,0.0,95878.701449,0,1,1700686967
2023-11-16,0x5bfb340fa9305abb164fb0248d0d82fc3d82c3bb,8484,0xfd90ad81ad93d9af1008a513d964f6fbc589034d,28290.147629,28290.147629,0.0,1,0,1700691763
2023-11-16,0x5bfb340fa9305abb164fb0248d0d82fc3d82c3bb,8485,0xfdbbfb0fe2986672af97eca0e797d76a0bbf35c9,497826.654761,497826.654761,0.0,1,0,1700693511
2023-11-16,0x5bfb340fa9305abb164fb0248d0d82fc3d82c3bb,9407,0x6f1d6b86d4ad705385e751e6e88b0fdfdbadf298,882542.871586,882542.871586,713262.973316,1,1,1700597209
2023-11-16,0x5bfb340fa9305abb164fb0248d0d82fc3d82c3bb,9593,0xa70eb3c073d4ddc52ca0546c072e4d2f6ee21582,0.0,0.0,0.985723,0,1,1700471571
2023-11-16,0x5bfb340fa9305abb164fb0248d0d82fc3d82c3bb,9602,0x788d2c0813cac59770cdf36f7beb9bfc819b6475,480930.798219,480930.798219,0.0,1,0,1700696263
2023-11-16,0x5bfb340fa9305abb164fb0248d0d82fc3d82c3bb,9605,0x794d1ae064a5d2803cba821b7429d95cceccf1ea,2511635.267078,2511635.267078,753674.134586,1,1,1700696243
2023-11-16,0x5bfb340fa9305abb164fb0248d0d82fc3d82c3bb,9746,0xd5513a00f2e9825556f4011223dc5dad08386768,108.751994,108.751994,0.0,1,0,1700689513
2023-11-16,0x5f43555b02507133ecd5b78218283ed849b07eac,10,0x24e9cbb9ddda1247ae4b4eeee3c569a2190ac401,389586.81114,389586.81114,0.0,1,0,1700392465
2023-11-16,0x5f43555b02507133ecd5b78218283ed849b07eac,24,0x208a17c5fabe5b90282e5906945ff335e39326c4,9153.262969,9153.262969,0.0,1,0,1700683823
2023-11-16,0x5f43555b02507133ecd5b78218283ed849b07eac,55,0x285fed35cbea271a711681e84ffd83c68a596a75,111527.034105,111527.034105,0.0,1,0,1700683597
2023-11-16,0x5f43555b02507133ecd5b78218283ed849b07eac,105,0x208a17c5fabe5b90282e5906945ff335e39326c4,25928.125611,25928.125611,0.0,1,0,1700683839
2023-11-16,0x5f43555b02507133ecd5b78218283ed849b07eac,334,0xa7d7ac8fe7e8693b5599c69cc7d4f6226677845b,0.0,0.0,89915.477321,0,1,1700652535
2023-11-16,0x5f43555b02507133ecd5b78218283ed849b07eac,393,0x193db18a5ef9a0320b7374c1fe8af976235f3211,66520.293369,66520.293369,0.0,1,0,1700627061
2023-11-16,0x5f43555b02507133ecd5b78218283ed849b07eac,441,0xdceb0bb3311342e3ce9e49f57affce9deac40ba1,16756.700739,16756.700739,16723.779122,1,1,1700126279
2023-11-16,0x5f43555b02507133ecd5b78218283ed849b07eac,487,0xf3fc9208014ab619fb4b4a9fd00efe5994a6c153,45767.478512,45767.478512,45653.274304,1,1,1700244557
2023-11-16,0x5f43555b02507133ecd5b78218283ed849b07eac,553,0xdaa070d909e010211606144ede5b2ca6864c2c1c,0.0,0.0,19624.440563,0,1,1700686667
2023-11-16,0x5f43555b02507133ecd5b78218283ed849b07eac,575,0x94587a95917188b338c822de2d1e77074131589f,9382.122917,9382.122917,0.0,1,0,1700332877
2023-11-16,0x5f43555b02507133ecd5b78218283ed849b07eac,597,0x1ce0c2b445c8e87ea4c40b6e721d9a39b09f6459,3606.240568,3606.240568,0.0,1,0,1700688147
2023-11-16,0x5f43555b02507133ecd5b78218283ed849b07eac,741,0xbf49b454818783d12bf4f3375ff17c59015e66cb,8801.547186,8801.547186,0.0,1,0,1700678283
2023-11-16,0x5f43555b02507133ecd5b78218283ed849b07eac,824,0x0e80b8ea35ed0d15689a6372940619a5a99588bb,20828.261886,20828.261886,0.0,1,0,1700544023
2023-11-16,0x5f43555b02507133ecd5b78218283ed849b07eac,870,0xf2829fc923b6fd040ead55d3f973f2953e86d13e,0.0,0.0,18622.920643,0,1,1700693567
2023-11-16,0x5f43555b02507133ecd5b78218283ed849b07eac,878,0x50bbf827267c4e920b512f8aa6c1c9d1a465a128,18509.304943,18509.304943,18509.304943,1,1,1700128707
2023-11-16,0x5f43555b02507133ecd5b78218283ed849b07eac,882,0x23146a7907987ab0bdcebb3a3824072be077ea48,0.0,0.0,18414.020942,0,1,1700567945
2023-11-16,0x5f43555b02507133ecd5b78218283ed849b07eac,1048,0xe22477e3cbd246214ed15298352500f14de10e5e,18246.586736,18246.586736,0.0,1,0,1700258349
2023-11-16,0x5f43555b02507133ecd5b78218283ed849b07eac,1171,0xe0654abc5fb4917ac59237f8b9f75316982cf0bf,11650.107828,11650.107828,11641.292913,1,1,1700441853
2023-11-16,0x5f43555b02507133ecd5b78218283ed849b07eac,1225,0xfc13ab4b466f17f3e1e5443147de34d96ccf1629,16137.484004,16137.484004,0.0,1,0,1700672285
2023-11-16,0x5f43555b02507133ecd5b78218283ed849b07eac,1512,0xc2979f313dd6731efd591e983d4cc5231e49a387,7170.503001,7170.503001,0.0,1,0,1700523955
2023-11-16,0x5f43555b02507133ecd5b78218283ed849b07eac,1521,0xdd84ce1adcb3a4908db61a1dfa3353c3974c5a2b,0.0,0.0,1778.668046,0,1,1700660181
2023-11-16,0x5f43555b02507133ecd5b78218283ed849b07eac,1710,0x544d7d8eab614ba0786f1660f3371a89e2cd40c4,0.0,0.0,6180.126875,0,1,1700412617
2023-11-16,0x5f43555b02507133ecd5b78218283ed849b07eac,1724,0x179eeb87a643f2f9db0d10f056a34a16e2e7ac55,0.0,0.0,7212.694439,0,1,1700690521
2023-11-16,0x5f43555b02507133ecd5b78218283ed849b07eac,2184,0xcf6862511797537ebf04ea5b16e08ce1826ed413,3820.47766,3820.47766,3820.47766,1,1,1700194871
2023-11-16,0x5f43555b02507133ecd5b78218283ed849b07eac,2313,0x3888132606615fc0759853b6ec1107e717d0ae52,1171.269851,1171.269851,0.0,1,0,1700646703
2023-11-16,0x5f43555b02507133ecd5b78218283ed849b07eac,2363,0x376ac340cd8f91899a9d93737c191c644f2a42a9,0.0,0.0,3537.032695,0,1,1700676249
2023-11-16,0x5f43555b02507133ecd5b78218283ed849b07eac,2400,0x934c44b813dc4c9ca08d5fd0d5190447dcadeb51,3379.140724,3379.140724,0.0,1,0,1700605367
2023-11-16,0x5f43555b02507133ecd5b78218283ed849b07eac,2718,0x66d4908e053f7150038b1bf3579cf384fde0ba72,2870.567978,2870.567978,0.0,1,0,1700344711
2023-11-16,0x5f43555b02507133ecd5b78218283ed849b07eac,2856,0xf3b059c887172f2cc52b5e77ee3b2c8b3a32e6ef,2268.252503,2268.252503,2268.252503,1,1,1700675741
2023-11-16,0x5f43555b02507133ecd5b78218283ed849b07eac,3243,0x87f16c31e32ae543278f5194cf94862f1cb1eee0,1650.917881,1650.917881,1644.021517,1,1,1700324387
2023-11-16,0x5f43555b02507133ecd5b78218283ed849b07eac,3334,0x0e9b063789909565ceda1fba162474405a151e66,1690.127834,1690.127834,0.0,1,0,1700580737
2023-11-16,0x5f43555b02507133ecd5b78218283ed849b07eac,3539,0x69155e7ca2e688ccdc247f6c4ddf374b3ae77bd6,6804.308222,6804.308222,0.0,1,0,1700370831
2023-11-16,0x5f43555b02507133ecd5b78218283ed849b07eac,3796,0x0f19b546dee3d1d57e5d017994fb3f437ae9a3f7,0.0,0.0,1007.095236,0,1,1700693939
2023-11-16,0x5f43555b02507133ecd5b78218283ed849b07eac,5347,0x6aefa01456ffbe8b69633e46e4b7e36a7ca4b29e,94.721032,94.721032,149.883003,1,1,1700562213
2023-11-16,0x5f43555b02507133ecd5b78218283ed849b07eac,5890,0x3522c0c193583ea1074ee3337c36b5697822a2dc,0.0,0.0,360.140565,0,1,1700221419
2023-11-16,0x5f43555b02507133ecd5b78218283ed849b07eac,6700,0xcb8d777e02595272fea07b50933a07d83c8b0f48,0.078322,0.078322,2.918251,1,1,1700489773
2023-11-16,0x5f43555b02507133ecd5b78218283ed849b07eac,7844,0x4dccb4444a0a804b778ddac22dc21b4fd0fe1a0d,4.976501,4.976501,5.001839,1,1,1700646989
2023-11-16,0x5f43555b02507133ecd5b78218283ed849b07eac,7857,0x4886ba5d2b3e0ae1e80172d3bddc4feb32e1ce26,4.35121,4.35121,4.373527,1,1,1700651765
2023-11-16,0x5f43555b02507133ecd5b78218283ed849b07eac,8077,0x6b02c2b4e93e18a7a5a0a519ba36c8eb5c8a8732,1753.50952,1753.50952,0.0,1,0,1700675131
2023-11-16,0x5f43555b02507133ecd5b78218283ed849b07eac,8665,0x7cb6329ef5a332e8687888d604b03cf9afefc944,1736.190263,1736.190263,1610.54002,1,1,1700214085
2023-11-16,0x5f43555b02507133ecd5b78218283ed849b07eac,8782,0xeaba90bddbbbf7ec1a6b0483320c40840401e310,1.050904,1.050904,0.0,1,0,1700555751
2023-11-16,0x5f43555b02507133ecd5b78218283ed849b07eac,9108,0x892176d784bed3dc877a62f3ff9fc091377b2a49,0.0,0.0,249.999942,0,1,1700131579
2023-11-16,0x5f43555b02507133ecd5b78218283ed849b07eac,9666,0xfd2a3b06bea0655d1512d0a8752fde86793c782f,323.784389,323.784389,0.0,1,0,1700257013
2023-11-16,0x5f45e48f9c053286ce9ca08db897f8b7eb3f7992,16,0x370880694995aa8a53f71645f7bec3b0e7bb25d9,195393.237787,195393.237787,0.0,1,0,1700674371
2023-11-16,0x5f45e48f9c053286ce9ca08db897f8b7eb3f7992,23,0xc01a1cd505e6afcd3ced2ee1bac67890497f6654,0.0,0.0,38309.375946,0,1,1700671491
2023-11-16,0x5f45e48f9c053286ce9ca08db897f8b7eb3f7992,24,0x208a17c5fabe5b90282e5906945ff335e39326c4,9153.262969,9153.262969,25553.846664,1,1,1700683823
2023-11-16,0x5f45e48f9c053286ce9ca08db897f8b7eb3f7992,43,0x2ddb405238368695f34d30a80ab60c449aa5ce48,0.0,0.0,90804.070653,0,1,1700692465
2023-11-16,0x5f45e48f9c053286ce9ca08db897f8b7eb3f7992,47,0x011b0a055e02425461a1ae95b30f483c4ff05be7,0.0,0.0,912804.221239,0,1,1700693931
2023-11-16,0x5f45e48f9c053286ce9ca08db897f8b7eb3f7992,51,0x0f228805c03a693aa964a791e0b2e2c6e6c6513f,713416.311693,713416.311693,285150.605496,1,1,1700691351
2023-11-16,0x5f45e48f9c053286ce9ca08db897f8b7eb3f7992,52,0x28878aec6b4209d90a40890183e3322f0ae5b2e2,270222.310229,270222.310229,378016.976859,1,1,1700683257
2023-11-16,0x5f45e48f9c053286ce9ca08db897f8b7eb3f7992,67,0x8ce17ff2c7376e9adfe9c63c47a801097fa6c525,108398.375513,108398.375513,108245.46855,1,1,1700690971
2023-11-16,0x5f45e48f9c053286ce9ca08db897f8b7eb3f7992,68,0x132e47cf2c19ec2d8dd56e1528fc7e18dc09188f,51618.173242,51618.173242,126167.291268,1,1,1700693779
2023-11-16,0x5f45e48f9c053286ce9ca08db897f8b7eb3f7992,85,0xc877f7c4c1605692226888f884a823cfb8eb11bd,776335.65155,776335.65155,0.0,1,0,1700666037
2023-11-16,0x5f45e48f9c053286ce9ca08db897f8b7eb3f7992,100,0x133d93566f9699b3af46fe150daa8a67a9563ed6,552678.158337,552678.158337,0.0,1,0,1700627377
2023-11-16,0x5f45e48f9c053286ce9ca08db897f8b7eb3f7992,103,0x1c2ed7a6c4e3c1146103fa222181115a72243a06,0.0,0.0,54737.710413,0,1,1700693443
2023-11-16,0x5f45e48f9c053286ce9ca08db897f8b7eb3f7992,105,0x208a17c5fabe5b90282e5906945ff335e39326c4,25928.125611,25928.125611,51703.915267,1,1,1700683839
2023-11-16,0x5f45e48f9c053286ce9ca08db897f8b7eb3f7992,109,0xbe7019f8333b0b3cfc707ac353ebc2123140134c,0.0,0.0,123776.724246,0,1,1700685425
2023-11-16,0x5f45e48f9c053286ce9ca08db897f8b7eb3f7992,122,0xc1061bc6e62d7908eb21f57788b48b3636a2c2d6,0.0,0.0,426090.920583,0,1,1700691313
2023-11-16,0x5f45e48f9c053286ce9ca08db897f8b7eb3f7992,124,0x5d6f3d0c92d0564151357b0863e55e9ed4631b8d,43302.159024,43302.159024,108173.487402,1,1,1700691635
2023-11-16,0x5f45e48f9c053286ce9ca08db897f8b7eb3f7992,131,0x9f0f8f07ec71a6435f1574ec022e98b5445d4988,200136.408491,200136.408491,0.0,1,0,1700679047
2023-11-16,0x5f45e48f9c053286ce9ca08db897f8b7eb3f7992,137,0xa4b6eeeb7eba0fc360a7402f2ebe90c178115e91,0.0,69412.216649,128799.841727,1,2,1700692611
2023-11-16,0x5f45e48f9c053286ce9ca08db897f8b7eb3f7992,172,0x606d2c436a07be40c276a6176bb1376c34e49ee9,237112.660555,237112.660555,236933.252085,1,1,1700686573
2023-11-16,0x5f45e48f9c053286ce9ca08db897f8b7eb3f7992,174,0x83bad39f067ef72e354f2ea9d318eaad381a7f15,61899.452056,61899.452056,122623.104174,1,1,1700684493
2023-11-16,0x5f45e48f9c053286ce9ca08db897f8b7eb3f7992,175,0x8d40f0992ad97612da0791cf97ba59addb26a2b4,0.0,0.0,233185.794519,0,1,1700693469
2023-11-16,0x5f45e48f9c053286ce9ca08db897f8b7eb3f7992,181,0xa46d9574912af2494d3f26257608243de7fe8285,56596.889639,56596.889639,0.0,1,0,1700666303
2023-11-16,0x5f45e48f9c053286ce9ca08db897f8b7eb3f7992,191,0x21c8dc59f2e9a11c4c1a0c310641968132c6b1be,0.0,0.0,213181.316299,0,1,1700683735
2023-11-16,0x5f45e48f9c053286ce9ca08db897f8b7eb3f7992,195,0x302757fe1990e6558e03d05036bb88c3129a22c8,102938.501298,102938.501298,0.0,1,0,1700643743
2023-11-16,0x5f45e48f9c053286ce9ca08db897f8b7eb3f7992,199,0x69323bd279f2ed51bffe88ab8f25a46fc53562bb,0.0,0.0,204815.961178,0,1,1700693833
2023-11-16,0x5f45e48f9c053286ce9ca08db897f8b7eb3f7992,200,0x84740d1658462441250885423588b6fd12314747,194578.827877,194578.827877,0.0,1,0,1700656171
2023-11-16,0x5f45e48f9c053286ce9ca08db897f8b7eb3f7992,203,0x637fceaf3e5289d2b396b831335e7d8a180c5656,0.0,0.0,47576.976475,0,1,1700692921
2023-11-16,0x5f45e48f9c053286ce9ca08db897f8b7eb3f7992,211,0x2d1ef4acf4cae6a38950971aaaa15f88d9b3f165,182355.093445,182355.093445,182355.093445,1,1,1700684983
2023-11-16,0x5f45e48f9c053286ce9ca08db897f8b7eb3f7992,212,0x931369f621980fe1d8f07f6fbeb3040aadb36409,0.0,0.0,187150.904202,0,1,1700692933
2023-11-16,0x5f45e48f9c053286ce9ca08db897f8b7eb3f7992,218,0xc8336b9dabbac9bfb9aa483e76fc351b13121784,0.0,0.0,173115.540044,0,1,1700693787
2023-11-16,0x5f45e48f9c053286ce9ca08db897f8b7eb3f7992,221,0x35a1a7740653b9c99b9b70c37c1c97192585b6bb,0.0,0.0,168368.666217,0,1,1700693909
2023-11-16,0x5f45e48f9c053286ce9ca08db897f8b7eb3f7992,222,0x9f02988adb650e55cc5eb5619c383fd223848bb5,168117.157811,168117.157811,0.0,1,0,1700667943
2023-11-16,0x5f45e48f9c053286ce9ca08db897f8b7eb3f7992,237,0x1732951b80c737dbb8f367e83e530623bb612e54,150028.928228,150028.928228,0.0,1,0,1700607481
2023-11-16,0x5f45e48f9c053286ce9ca08db897f8b7eb3f7992,251,0x73cefbf6e7766721d99192449e481567010082e2,0.0,0.0,160594.324061,0,1,1700693789
2023-11-16,0x5f45e48f9c053286ce9ca08db897f8b7eb3f7992,263,0xf207a39d27f9103813b94256ce13fcabb9adec81,0.0,0.0,130219.715361,0,1,1700257547
2023-11-16,0x5f45e48f9c053286ce9ca08db897f8b7eb3f7992,275,0xa810ffea2709c116ef180d090c142fc5e08586a7,0.0,0.0,43768.257053,0,1,1700682081
2023-11-16,0x5f45e48f9c053286ce9ca08db897f8b7eb3f7992,276,0x05da533bca66b6df7a5fa7f9afbb62c36703c2e6,60148.253887,60148.253887,60102.743427,1,1,1700691151
2023-11-16,0x5f45e48f9c053286ce9ca08db897f8b7eb3f7992,313,0x2f9677016cb1e92e8f8a999c4541650c80c8637a,48758.367802,48758.367802,48968.078704,1,1,1700683789
2023-11-16,0x5f45e48f9c053286ce9ca08db897f8b7eb3f7992,316,0x8217157f6a42eecf3d07ef7c8d67ad416c3e9f02,25398.254235,25398.254235,0.0,1,0,1700666205
2023-11-16,0x5f45e48f9c053286ce9ca08db897f8b7eb3f7992,317,0x2d8ea9bcf57a8456085947ab4752f3f9104fc7db,105226.774144,105226.774144,0.0,1,0,1700671541
2023-11-16,0x5f45e48f9c053286ce9ca08db897f8b7eb3f7992,322,0xc877f7c4c1605692226888f884a823cfb8eb11bd,98528.115169,98528.115169,0.0,1,0,1700666029
2023-11-16,0x5f45e48f9c053286ce9ca08db897f8b7eb3f7992,327,0xd2f132930ea3c58a389c6ad3a91ef104f95fe697,98830.589709,98830.589709,0.0,1,0,1700674725
2023-11-16,0x5f45e48f9c053286ce9ca08db897f8b7eb3f7992,336,0x29f7ec2bef88eaf2370096d3559e9fae8984622c,0.0,0.0,266192.720416,0,1,1700682351
2023-11-16,0x5f45e48f9c053286ce9ca08db897f8b7eb3f7992,350,0x38332d808ba345953f41c71d38ca1ef79cffa5c5,20807.85963,20807.85963,0.0,1,0,1700690555
2023-11-16,0x5f45e48f9c053286ce9ca08db897f8b7eb3f7992,351,0x6d71973078b858dab13bf9894c3969df6e5fced7,0.0,0.0,105675.317454,0,1,1700668995
2023-11-16,0x5f45e48f9c053286ce9ca08db897f8b7eb3f7992,352,0xcdedcee9c46284667997eb4d29f8427b696da3df,0.0,0.0,82540.882072,0,1,1700687453
2023-11-16,0x5f45e48f9c053286ce9ca08db897f8b7eb3f7992,364,0xe7b27bd74f522afa05732ba82b2f46a38d4be098,38786.635131,38786.635131,0.0,1,0,1700663383
2023-11-16,0x5f45e48f9c053286ce9ca08db897f8b7eb3f7992,376,0xff53e3a27b7252148e0f1daf4a00261eee59177f,7232.78267,7232.78267,7232.78267,1,1,1700690131
2023-11-16,0x5f45e48f9c053286ce9ca08db897f8b7eb3f7992,382,0xf5670ea8317e037d6fe14a4cd3c6c383ed2ff3e9,68933.445941,68933.445941,0.0,1,0,1700618665
2023-11-16,0x5f45e48f9c053286ce9ca08db897f8b7eb3f7992,394,0x683028fc63477b8a702cfe7475865952d3e8ac09,0.0,69058.20125,137889.296639,1,2,1700693629
2023-11-16,0x5f45e48f9c053286ce9ca08db897f8b7eb3f7992,396,0x2b03c480f4f7ff5a8275ddb77227889e58eda16f,0.0,0.0,65311.15204,0,1,1700691873
2023-11-16,0x5f45e48f9c053286ce9ca08db897f8b7eb3f7992,407,0xba971f58a00e8ffc7e91c0e8e7efccbfbfe8f09e,32556.511003,32556.511003,32531.877507,1,1,1700687843
2023-11-16,0x5f45e48f9c053286ce9ca08db897f8b7eb3f7992,416,0x151e5062d509bf6fc1b5345afa0e7397c9c82226,30766.727848,30766.727848,0.0,1,0,1700672895
2023-11-16,0x5f45e48f9c053286ce9ca08db897f8b7eb3f7992,421,0xee9a23404333361302790e905bd0f27603d39818,30799.025177,30799.025177,0.0,1,0,1700678883
2023-11-16,0x5f45e48f9c053286ce9ca08db897f8b7eb3f7992,425,0xf942457b49e10d4bbde841d93903cd707add1637,59753.325044,59753.325044,0.0,1,0,1700640917
2023-11-16,0x5f45e48f9c053286ce9ca08db897f8b7eb3f7992,428,0xbb1766a13674dc9c8d194377f3c92153de381883,59466.444311,59466.444311,0.0,1,0,1700647735
2023-11-16,0x5f45e48f9c053286ce9ca08db897f8b7eb3f7992,436,0xe171e110cfe6f658c4421c2da4c86e4933919de4,28073.459684,28073.459684,0.0,1,0,1700668529
2023-11-16,0x5f45e48f9c053286ce9ca08db897f8b7eb3f7992,452,0x21484a41b00c014c4ad5c92bbb7661fd7c1c9a2b,25976.272285,25976.272285,0.0,1,0,1700658785
2023-11-16,0x5f45e48f9c053286ce9ca08db897f8b7eb3f7992,456,0x43ea46f06e272c4e64dc153f41f8cb53e795b670,0.0,0.0,50934.569716,0,1,1700484443
2023-11-16,0x5f45e48f9c053286ce9ca08db897f8b7eb3f7992,461,0xa46c8bcaa1a5d3a7c0822a09ffe593399a1de80f,50032.208487,50032.208487,0.0,1,0,1700655439
2023-11-16,0x5f45e48f9c053286ce9ca08db897f8b7eb3f7992,472,0xf207a39d27f9103813b94256ce13fcabb9adec81,0.0,0.0,47996.597703,0,1,1700257513
2023-11-16,0x5f45e48f9c053286ce9ca08db897f8b7eb3f7992,486,0x7ee615e93d2d58feb14e58ea93f3fb5940d227e4,20141.183323,20141.183323,0.0,1,0,1700668705
2023-11-16,0x5f45e48f9c053286ce9ca08db897f8b7eb3f7992,502,0x66f920658396f4c3642a32f6b5d5b65c3d6349db,67547.277684,67547.277684,0.0,1,0,1700671529
2023-11-16,0x5f45e48f9c053286ce9ca08db897f8b7eb3f7992,523,0xde93a283495fa2834047b53871a8e4e09f96d841,0.0,0.0,11251.31502,0,1,1700687221
2023-11-16,0x5f45e48f9c053286ce9ca08db897f8b7eb3f7992,536,0xf6ed81d5e9f61dd1ea21e96ae1d660ecc388ae4f,8686.370046,8686.370046,0.0,1,0,1700672587
2023-11-16,0x5f45e48f9c053286ce9ca08db897f8b7eb3f7992,544,0x16b00db74167b7469dda63b674ca9a3b1b70c439,20007.781326,20007.781326,0.0,1,0,1700675691
2023-11-16,0x5f45e48f9c053286ce9ca08db897f8b7eb3f7992,550,0xadfc26b6520a35c37af3ac5af174249737ec612c,46576.892591,46576.892591,0.0,1,0,1700626201
2023-11-16,0x5f45e48f9c053286ce9ca08db897f8b7eb3f7992,556,0x8019067c09ea6587383f728bdc708f41590a12ce,39258.907798,39258.907798,0.0,1,0,1700653825
2023-11-16,0x5f45e48f9c053286ce9ca08db897f8b7eb3f7992,561,0x13cf222f836693b1406725fffc147294a06dd2b2,38419.822024,38419.822024,0.0,1,0,1700633033
2023-11-16,0x5f45e48f9c053286ce9ca08db897f8b7eb3f7992,576,0x1138f2c7e2198d6b1d7de80377454d280f6877d1,37249.623526,37249.623526,0.0,1,0,1700679495
2023-11-16,0x5f45e48f9c053286ce9ca08db897f8b7eb3f7992,579,0x71535aae1b6c0c51db317b54d5eee72d1ab843c1,0.0,0.0,37066.39937,0,1,1700693875
2023-11-16,0x5f45e48f9c053286ce9ca08db897f8b7eb3f7992,595,0xf89cb9b9b412feff16ca94c02db6faddccd51ce4,10909.42793,10909.42793,0.0,1,0,1700666109
2023-11-16,0x5f45e48f9c053286ce9ca08db897f8b7eb3f7992,597,0x1ce0c2b445c8e87ea4c40b6e721d9a39b09f6459,0.0,0.0,7212.481137,0,1,1700688147
2023-11-16,0x5f45e48f9c053286ce9ca08db897f8b7eb3f7992,598,0x574378e51d3973ce57ce0f9a48c29fc06f4f003f,36058.367881,36058.367881,0.0,1,0,1700608649
2023-11-16,0x5f45e48f9c053286ce9ca08db897f8b7eb3f7992,603,0xa13a8b8039b6e8e26b1763b0e7e9ec992a73b996,41005.668683,41005.668683,0.0,1,0,1700621099
2023-11-16,0x5f45e48f9c053286ce9ca08db897f8b7eb3f7992,612,0xb7db1273e05bb89c9c4858d3b0a280cf9dd38d69,17532.078335,17532.078335,0.0,1,0,1700663049
2023-11-16,0x5f45e48f9c053286ce9ca08db897f8b7eb3f7992,619,0x745bb4141d5cbaa249923d8b89bcd798a75fbc89,34772.576557,34772.576557,0.0,1,0,1700657129
2023-11-16,0x5f45e48f9c053286ce9ca08db897f8b7eb3f7992,621,0x6b73f2b5ddf22a3e190893bbd83e2f0a882a7dac,34634.240542,34634.240542,0.0,1,0,1700656089
2023-11-16,0x5f45e48f9c053286ce9ca08db897f8b7eb3f7992,623,0x78082d8db5a648e92950c3ebd9867edc7cccd19f,34608.517477,34608.517477,0.0,1,0,1700670841
2023-11-16,0x5f45e48f9c053286ce9ca08db897f8b7eb3f7992,658,0x7f64219e48e349295a580bca164434ea5d1e8433,0.0,0.0,35314.64879,0,1,1700693909
2023-11-16,0x5f45e48f9c053286ce9ca08db897f8b7eb3f7992,685,0x30858a8051eaa08fbc3dc37fb290792fd30664b7,28851.279972,28851.279972,28829.449994,1,1,1700667573
2023-11-16,0x5f45e48f9c053286ce9ca08db897f8b7eb3f7992,696,0x0927ddcc52c08e3347cc9652da2c34fe9c837d0f,0.0,0.0,27888.041904,0,1,1700693749
2023-11-16,0x5f45e48f9c053286ce9ca08db897f8b7eb3f7992,709,0x39d94ed8102740e8fad63e55473a466aa20e0983,27216.688236,27216.688236,0.0,1,0,1700660049
2023-11-16,0x5f45e48f9c053286ce9ca08db897f8b7eb3f7992,717,0x24b1bf98402c33a78c96178b833f89dbde7e76a7,22904.381912,22904.381912,0.0,1,0,1700651017
2023-11-16,0x5f45e48f9c053286ce9ca08db897f8b7eb3f7992,737,0x7d374fe73fd8358a93c53e978477f7ba4129be0c,34195.884659,34195.884659,0.0,1,0,1700678759
2023-11-16,0x5f45e48f9c053286ce9ca08db897f8b7eb3f7992,738,0x3aa8ac0e6c1fb9cbb733565de16cdc5a676bcb04,25616.36689,25616.36689,0.0,1,0,1700679285
2023-11-16,0x5f45e48f9c053286ce9ca08db897f8b7eb3f7992,749,0x973a783d79fd380309f3ccfc1f4ef9f21fcf6c0c,24999.998679,24999.998679,24999.998679,1,1,1700643167
2023-11-16,0x5f45e48f9c053286ce9ca08db897f8b7eb3f7992,758,0x8ccfcfa7e6133e0875192974d0d857fb7a28375e,6559.013645,6559.013645,13108.101691,1,1,1700687079
2023-11-16,0x5f45e48f9c053286ce9ca08db897f8b7eb3f7992,813,0x1bc3e2c44e0b2dabb1b06a1890273571825d3e03,0.0,0.0,29019.246183,0,1,1700692743
2023-11-16,0x5f45e48f9c053286ce9ca08db897f8b7eb3f7992,820,0x45f692a6959ee71c5962dd89b8ca909fd48ee6a4,21003.747429,21003.747429,0.0,1,0,1700649065
2023-11-16,0x5f45e48f9c053286ce9ca08db897f8b7eb3f7992,844,0x0849f5477813c0acb47aaceb5fb64da0ea5256a5,20199.865057,20199.865057,0.0,1,0,1700675611
2023-11-16,0x5f45e48f9c053286ce9ca08db897f8b7eb3f7992,862,0xecb4c1245665e8a1f43826355aab0dd6bf336e05,20682.734651,20682.734651,0.0,1,0,1700675165
2023-11-16,0x5f45e48f9c053286ce9ca08db897f8b7eb3f7992,895,0x03452486f10344aeb8bc1ab7457e5a9be613bd56,14910.174604,14910.174604,14898.892998,1,1,1700673741
2023-11-16,0x5f45e48f9c053286ce9ca08db897f8b7eb3f7992,900,0x0899a0b74ebab3f637b59dbf90883e6df481fe00,17643.726835,17643.726835,0.0,1,0,1700659507
2023-11-16,0x5f45e48f9c053286ce9ca08db897f8b7eb3f7992,925,0xe4a718104474da81790a305bcec5cf98c0359a10,0.0,0.0,16767.902591,0,1,1700691787
2023-11-16,0x5f45e48f9c053286ce9ca08db897f8b7eb3f7992,938,0xa7f343a7c53f3a852a7ae51f5e62b4d9b0594336,25705.498528,25705.498528,0.0,1,0,1700681013
2023-11-16,0x5f45e48f9c053286ce9ca08db897f8b7eb3f7992,941,0x340d827d96a2da5e617cb6c378c631f84a0a182e,17885.916807,17885.916807,0.0,1,0,1700649209
2023-11-16,0x5f45e48f9c053286ce9ca08db897f8b7eb3f7992,942,0x69e24369bfeda80348bd5104df01c4d8b33ecff9,20303.318051,20303.318051,0.0,1,0,1700633875
2023-11-16,0x5f45e48f9c053286ce9ca08db897f8b7eb3f7992,976,0xac18c73423d43ad14630c32491ec0db14e2e6148,21333.490209,21333.490209,0.0,1,0,1700665859
2023-11-16,0x5f45e48f9c053286ce9ca08db897f8b7eb3f7992,995,0x25a6029c33fee6e0632017ee3424626ca47aeecb,16896.669939,16896.669939,0.0,1,0,1700656627
2023-11-16,0x5f45e48f9c053286ce9ca08db897f8b7eb3f7992,1073,0xfd72b24b9730dff0b879d176b9a8fb3992281c21,0.0,0.0,13183.946865,0,1,1700692107
2023-11-16,0x5f45e48f9c053286ce9ca08db897f8b7eb3f7992,1137,0x40f3e010538edf80ea510cf6409b04ab889330b6,0.0,0.0,12105.98012,0,1,1700666633
2023-11-16,0x5f45e48f9c053286ce9ca08db897f8b7eb3f7992,1145,0x278fbf0cdf19dfec7f2a7c7d319c957b2b62fa6d,11909.508182,11909.508182,0.0,1,0,1700660705
2023-11-16,0x5f45e48f9c053286ce9ca08db897f8b7eb3f7992,1146,0x28dd6f5a98003fc07c92d1a9e909d042963a1001,11958.239922,11958.239922,0.0,1,0,1700632651
2023-11-16,0x5f45e48f9c053286ce9ca08db897f8b7eb3f7992,1193,0x1ed39934aec99f0a203af206b9ef3c81b57a76ea,11176.664559,11176.664559,0.0,1,0,1700656993
2023-11-16,0x5f45e48f9c053286ce9ca08db897f8b7eb3f7992,1224,0xb002d5e8ea1c7db3dfed5aaf33ebcdef890d20d4,10514.186638,10514.186638,0.0,1,0,1700631755
2023-11-16,0x5f45e48f9c053286ce9ca08db897f8b7eb3f7992,1255,0x4f4d6d47a8a764cf8dab8f544b055fbd109304af,5019.797319,5019.797319,0.0,1,0,1700671409
2023-11-16,0x5f45e48f9c053286ce9ca08db897f8b7eb3f7992,1271,0xcfa985eafeacd824135173deb3fde50c05ac2ce1,0.0,0.0,9868.838646,0,1,1700564623
2023-11-16,0x5f45e48f9c053286ce9ca08db897f8b7eb3f7992,1275,0xe0dd8c40acc74005c71ce5d02cd5116a2eedb1b0,9833.272005,9833.272005,0.0,1,0,1700631305
2023-11-16,0x5f45e48f9c053286ce9ca08db897f8b7eb3f7992,1279,0x5faf276f6e3e0b10213f8a04bd6c872f8752949b,10047.584179,10047.584179,0.0,1,0,1700642237
2023-11-16,0x5f45e48f9c053286ce9ca08db897f8b7eb3f7992,1335,0x647bd6d2997fd588838960b419222d1cef903ede,8884.627857,8884.627857,0.0,1,0,1700669731
2023-11-16,0x5f45e48f9c053286ce9ca08db897f8b7eb3f7992,1367,0xcce0a627557f2b9af402607e5342ba15ad5f0053,8613.736518,8613.736518,0.0,1,0,1700646751
2023-11-16,0x5f45e48f9c053286ce9ca08db897f8b7eb3f7992,1372,0xa8df0d3d1abf9fd16f992bbf4595c621935cfe0a,0.0,0.0,8484.4591,0,1,1700689117
2023-11-16,0x5f45e48f9c053286ce9ca08db897f8b7eb3f7992,1426,0xd08c3c698c25b3cc25b6d9bb7a9224070679b04b,8422.178301,8422.178301,0.0,1,0,1700671013
2023-11-16,0x5f45e48f9c053286ce9ca08db897f8b7eb3f7992,1452,0xc1e8a62e3c7cbc093fe83298989dfa41f7a915bc,3875.137752,3875.137752,0.0,1,0,1700651915
2023-11-16,0x5f45e48f9c053286ce9ca08db897f8b7eb3f7992,1458,0x698129ecee187bc180ea93803b9faea9fce33a46,0.0,0.0,7690.070914,0,1,1700693569
2023-11-16,0x5f45e48f9c053286ce9ca08db897f8b7eb3f7992,1469,0x8fc4faa9dd274dc801ca629234e83183031634ec,1911.458472,1911.458472,0.0,1,0,1700670725
2023-11-16,0x5f45e48f9c053286ce9ca08db897f8b7eb3f7992,1473,0xb0720a40d6335df0ac90ff9e4b755217632ca78c,3815.095997,3815.095997,0.0,1,0,1700661197
2023-11-16,0x5f45e48f9c053286ce9ca08db897f8b7eb3f7992,1484,0x3f9d06d42cb2b04ada2d9a8cdfbf63c5206d7deb,8371.596745,8371.596745,0.0,1,0,1700669317
2023-11-16,0x5f45e48f9c053286ce9ca08db897f8b7eb3f7992,1520,0xa2d35e418814a8b6367c66a5ac2fec8ea16332b2,3568.28713,3568.28713,0.0,1,0,1700633347
2023-11-16,0x5f45e48f9c053286ce9ca08db897f8b7eb3f7992,1534,0xaf0b68a684e2b7961a0b6078e36f43d6e990e54b,0.0,0.0,12169.206696,0,1,1700685203
2023-11-16,0x5f45e48f9c053286ce9ca08db897f8b7eb3f7992,1566,0x24bf21c742791848cb37d228afad72a5a273b181,6802.169681,6802.169681,0.0,1,0,1700683243
2023-11-16,0x5f45e48f9c053286ce9ca08db897f8b7eb3f7992,1603,0x17114903eb90909d3058dae24d583e5970030ffb,6497.455539,6497.455539,0.0,1,0,1700675733
2023-11-16,0x5f45e48f9c053286ce9ca08db897f8b7eb3f7992,1658,0x4a2490c461d8bdcc0d7b6c2f7851d845d4fe4ab8,6186.844691,6186.844691,6186.844691,1,1,1700674617
2023-11-16,0x5f45e48f9c053286ce9ca08db897f8b7eb3f7992,1702,0x05ed99aafe5bfc33e1636d57e03f55caf0b0e912,5894.049466,5894.049466,0.0,1,0,1700618201
2023-11-16,0x5f45e48f9c053286ce9ca08db897f8b7eb3f7992,1707,0x3159bfbb1f89b363c24ead3aa5aaafe400269e69,0.0,0.0,6170.172058,0,1,1700288805
2023-11-16,0x5f45e48f9c053286ce9ca08db897f8b7eb3f7992,1731,0x17e06f16ce70607f2faca2dfc7eed07ab5f0ad26,0.0,0.0,5630.907937,0,1,1700686387
2023-11-16,0x5f45e48f9c053286ce9ca08db897f8b7eb3f7992,1737,0x66819a1ad0bd3e0d2d0c8302f38c1f200f215e4f,0.0,0.0,5605.981477,0,1,1700605763
2023-11-16,0x5f45e48f9c053286ce9ca08db897f8b7eb3f7992,1744,0x49f4d0222c880d4780b636662f5f18f572f2f88a,5522.70629,5522.70629,0.0,1,0,1700647761
2023-11-16,0x5f45e48f9c053286ce9ca08db897f8b7eb3f7992,1766,0xd9105bfe2f1448acad670d102263389f7e2a8e0b,0.0,0.0,1328.572098,0,1,1700691295
2023-11-16,0x5f45e48f9c053286ce9ca08db897f8b7eb3f7992,1823,0xbce49959edb00ebc509e6a9e11dce059582e7756,0.0,0.0,4956.702687,0,1,1700691533
2023-11-16,0x5f45e48f9c053286ce9ca08db897f8b7eb3f7992,1836,0x11add7af96d6f94bad07e338e9a4ca5dc0f94d4f,4890.735212,4890.735212,0.0,1,0,1700623817
2023-11-16,0x5f45e48f9c053286ce9ca08db897f8b7eb3f7992,1842,0xc8f7738df10e9c8f8f0c330d6c89fb820ad5bfe4,0.0,0.0,4950.289079,0,1,1700688363
2023-11-16,0x5f45e48f9c053286ce9ca08db897f8b7eb3f7992,1863,0x6547835644105f1313ffd5194f467720837b0c8c,1675.658004,1675.658004,1196.898574,1,1,1700633265
2023-11-16,0x5f45e48f9c053286ce9ca08db897f8b7eb3f7992,1873,0xef1244af7099dce45ee7f937534f0968501efb29,4748.940463,4748.940463,0.0,1,0,1700648745
2023-11-16,0x5f45e48f9c053286ce9ca08db897f8b7eb3f7992,1890,0x1a03c9a30d59cfb354df536bf9f20de7eba84077,0.0,0.0,4781.507315,0,1,1700688297
2023-11-16,0x5f45e48f9c053286ce9ca08db897f8b7eb3f7992,1897,0x08b2f2bf6daddcd68c7c842e4c3a376c1fc69527,0.0,0.0,4594.349883,0,1,1700687909
2023-11-16,0x5f45e48f9c053286ce9ca08db897f8b7eb3f7992,1928,0x70b1c13c592ee6fdb7ed2f06c70a409776a11ce6,4585.350792,4585.350792,0.0,1,0,1700665081
2023-11-16,0x5f45e48f9c053286ce9ca08db897f8b7eb3f7992,2025,0xbac17eadc8c1cb94e59fa54f7e988b09f5ec58fe,2093.446655,2093.446655,0.0,1,0,1700652015
2023-11-16,0x5f45e48f9c053286ce9ca08db897f8b7eb3f7992,2035,0x7f85cf44e446a4b1aace2a28774e88cd6d4e3441,4180.194046,4180.194046,0.0,1,0,1700644553
2023-11-16,0x5f45e48f9c053286ce9ca08db897f8b7eb3f7992,2053,0xef1244af7099dce45ee7f937534f0968501efb29,4131.84873,4131.84873,0.0,1,0,1700648671
2023-11-16,0x5f45e48f9c053286ce9ca08db897f8b7eb3f7992,2083,0x2c9bdd583e515eb958cb60ffe663b3acf16412d5,0.0,0.0,4055.588295,0,1,1700542017
2023-11-16,0x5f45e48f9c053286ce9ca08db897f8b7eb3f7992,2098,0x7facf85e84f443fef7113bf85e7a582b251a25b5,0.0,0.0,4013.965399,0,1,1700681579
2023-11-16,0x5f45e48f9c053286ce9ca08db897f8b7eb3f7992,2108,0xd52d391ebdfe9708346fa5017076d5d190493f78,4100.82774,4100.82774,0.0,1,0,1700633627
2023-11-16,0x5f45e48f9c053286ce9ca08db897f8b7eb3f7992,2109,0xaba92f62ef9d45d0b61808d330461c3b2d8fece8,4005.585085,4005.585085,0.0,1,0,1700665655
2023-11-16,0x5f45e48f9c053286ce9ca08db897f8b7eb3f7992,2244,0x6fb5421989807f828926b03e44a5ce61d6906ee3,3670.277604,3670.277604,0.0,1,0,1700680621
2023-11-16,0x5f45e48f9c053286ce9ca08db897f8b7eb3f7992,2255,0xd8992543ef65dc04ba8e71be895435bee3ab796f,0.0,0.0,3688.264655,0,1,1700658775
2023-11-16,0x5f45e48f9c053286ce9ca08db897f8b7eb3f7992,2276,0x53a385d47d3a011539ec377f53acb410f53ff97d,0.0,0.0,3598.059686,0,1,1700693649
2023-11-16,0x5f45e48f9c053286ce9ca08db897f8b7eb3f7992,2299,0xc4f694f8da796b7b36d9f5ceeacae5722c2d1d6e,3809.214102,3809.214102,0.0,1,0,1700677201
2023-11-16,0x5f45e48f9c053286ce9ca08db897f8b7eb3f7992,2314,0x32a59b87352e980dd6ab1baf462696d28e63525d,0.0,0.0,3523.488425,0,1,1700687585
2023-11-16,0x5f45e48f9c053286ce9ca08db897f8b7eb3f7992,2332,0xae69116e4aa49645f78c1fc9f28f677aede0d153,3515.998979,3515.998979,0.0,1,0,1700671695
2023-11-16,0x5f45e48f9c053286ce9ca08db897f8b7eb3f7992,2362,0xbaa9b493bccbe1a900b39870980f41356f85822a,9531.064233,9531.064233,0.0,1,0,1700672771
2023-11-16,0x5f45e48f9c053286ce9ca08db897f8b7eb3f7992,2541,0xcb284f3bf78737c4fe5a9db1e3633130c10fa7b1,3168.199466,3168.199466,0.0,1,0,1700665861
2023-11-16,0x5f45e48f9c053286ce9ca08db897f8b7eb3f7992,2598,0xc0433e26e3d2ae7d1d80e39a6d58062d1eaa54f5,3742.215572,3742.215572,0.0,1,0,1700681195
2023-11-16,0x5f45e48f9c053286ce9ca08db897f8b7eb3f7992,2627,0x714a8521db3eee3f5f7d4d2dc0a33d91f0aed3dc,3057.86367,3057.86367,0.0,1,0,1700665261
2023-11-16,0x5f45e48f9c053286ce9ca08db897f8b7eb3f7992,2646,0xc9ed7c5ae4b31dece1b8e5f224023e9583d63863,3040.316385,3040.316385,0.0,1,0,1700664817
2023-11-16,0x5f45e48f9c053286ce9ca08db897f8b7eb3f7992,2658,0xb9406fdc51ed957eb286c89c722aa5569bb6fd1a,3022.808608,3022.808608,0.0,1,0,1700666065
2023-11-16,0x5f45e48f9c053286ce9ca08db897f8b7eb3f7992,2712,0x33a431c03ada4edf4a2facf97c19a999ff33926c,2897.474545,2897.474545,0.0,1,0,1700665629
2023-11-16,0x5f45e48f9c053286ce9ca08db897f8b7eb3f7992,2749,0x1d9a60325cd837f84f42cee66b3beb09ed29a86b,5068.45564,5068.45564,5062.323443,1,1,1700689551
2023-11-16,0x5f45e48f9c053286ce9ca08db897f8b7eb3f7992,2771,0xbd7041c03b68467a55596f375c3e4bb716406a23,0.0,0.0,1274.175873,0,1,1700683673
2023-11-16,0x5f45e48f9c053286ce9ca08db897f8b7eb3f7992,2805,0x55d0cecd3c360098ebfb10a9013d2059c492f930,0.0,0.0,2497.621856,0,1,1700692545
2023-11-16,0x5f45e48f9c053286ce9ca08db897f8b7eb3f7992,2857,0x14ea6d2a6765eb177ef66db2c14c8214b4046257,0.0,0.0,1128.303768,0,1,1700160655
2023-11-16,0x5f45e48f9c053286ce9ca08db897f8b7eb3f7992,2860,0xd935a63d629cac4cfc8f632a2f4aab3ca8d99e38,1691.818927,1691.818927,0.0,1,0,1700653833
2023-11-16,0x5f45e48f9c053286ce9ca08db897f8b7eb3f7992,2877,0x6f6cbac3fc494e57da3b53977fa9872c8fc74987,2231.589557,2231.589557,0.0,1,0,1700630217
2023-11-16,0x5f45e48f9c053286ce9ca08db897f8b7eb3f7992,2882,0x5e9b1a78a998c5370946bc779c285c8396847cbd,0.0,0.0,2222.652857,0,1,1700690437
2023-11-16,0x5f45e48f9c053286ce9ca08db897f8b7eb3f7992,2902,0xf84368dcc03dbd47a6567b7267f573c28b2f07fa,0.0,0.0,1164.489515,0,1,1700690287
2023-11-16,0x5f45e48f9c053286ce9ca08db897f8b7eb3f7992,2930,0x737ac6eaa3b71ffea9fe166bd996f9122b7db5cb,2116.831485,2116.831485,2116.831485,1,1,1700678475
2023-11-16,0x5f45e48f9c053286ce9ca08db897f8b7eb3f7992,2983,0xeba06532a72bec44a1d33130aaa7c45c31e502f6,1989.595656,1989.595656,0.0,1,0,1700630359
2023-11-16,0x5f45e48f9c053286ce9ca08db897f8b7eb3f7992,2998,0x1c0d0ab4eb517556197dff3bf4dbb9481702d516,0.0,0.0,1942.803781,0,1,1700490953
2023-11-16,0x5f45e48f9c053286ce9ca08db897f8b7eb3f7992,3037,0x74887f105a8e96c3457e5fbd5fc999f22cb7a998,2266.69649,2266.69649,0.0,1,0,1700632307
2023-11-16,0x5f45e48f9c053286ce9ca08db897f8b7eb3f7992,3091,0xa6473cce13f11614745e6bf9cad704646616a9b8,1817.689682,1817.689682,1817.689682,1,1,1700647009
2023-11-16,0x5f45e48f9c053286ce9ca08db897f8b7eb3f7992,3154,0x9d32f1e7c5ff707e92b4b30937a1e5e2c2de2462,0.0,0.0,1734.543607,0,1,1700690807
2023-11-16,0x5f45e48f9c053286ce9ca08db897f8b7eb3f7992,3323,0xddf0c0dadfd7b17c9e22f332590fef9aab3fcaba,1549.997309,1549.997309,1549.997309,1,1,1700692161
2023-11-16,0x5f45e48f9c053286ce9ca08db897f8b7eb3f7992,3400,0x1e51745bdb4436563097833ba83dcc51109d9fa8,0.0,0.0,718.259064,0,1,1700688609
2023-11-16,0x5f45e48f9c053286ce9ca08db897f8b7eb3f7992,3405,0x353c5a5bb339a756e25d9ab983db61c7b1ac2922,1433.82394,1433.82394,0.0,1,0,1700641467
2023-11-16,0x5f45e48f9c053286ce9ca08db897f8b7eb3f7992,3408,0x1f2b88b4fbcbecf1e0b07728c6db26bfdacdb0b2,1427.328623,1427.328623,0.0,1,0,1700642415
2023-11-16,0x5f45e48f9c053286ce9ca08db897f8b7eb3f7992,3412,0x22422040886ab7d0a08eeafa2c595a707a26c531,1422.107451,1422.107451,0.0,1,0,1700640953
2023-11-16,0x5f45e48f9c053286ce9ca08db897f8b7eb3f7992,3418,0xa6e2df09d9a7bea5ddca479a1a59e3195583cfa6,1416.862446,1416.862446,0.0,1,0,1700630015
2023-11-16,0x5f45e48f9c053286ce9ca08db897f8b7eb3f7992,3430,0x4b4e54a9978453254acb96d3d8d9e202b5b01386,1393.38076,1393.38076,0.0,1,0,1700630093
2023-11-16,0x5f45e48f9c053286ce9ca08db897f8b7eb3f7992,3431,0xf9ce07a5611f18f018261d9e5be3fad92b49c852,1392.442441,1392.442441,0.0,1,0,1700630569
2023-11-16,0x5f45e48f9c053286ce9ca08db897f8b7eb3f7992,3434,0x7ec4dedf1587acf5f6090f8086e555ed72d6f0b8,1381.136427,1381.136427,0.0,1,0,1700630455
2023-11-16,0x5f45e48f9c053286ce9ca08db897f8b7eb3f7992,3575,0x1f367e135c820b3ed88c16edb30ef2d508ad1191,0.0,0.0,1191.776874,0,1,1700693671
2023-11-16,0x5f45e48f9c053286ce9ca08db897f8b7eb3f7992,3613,0xd02364b9ee5f21c5cf4e346c093e8ccde32f57c0,1275.077871,1275.077871,0.0,1,0,1700671263
2023-11-16,0x5f45e48f9c053286ce9ca08db897f8b7eb3f7992,3756,0x160cf6551ee3d910f673af762d5a2f1bd4855be1,0.0,1089.437969,2175.16855,1,2,1700690855
2023-11-16,0x5f45e48f9c053286ce9ca08db897f8b7eb3f7992,3915,0x120c7d2b23d969f96c09d353ad076c8bb64cb407,224.252604,224.252604,296.013438,1,1,1700680547
2023-11-16,0x5f45e48f9c053286ce9ca08db897f8b7eb3f7992,3988,0x08ba371f556b01d2a384acbea85798139f3bb680,1001.771421,1001.771421,0.0,1,0,1700657333
2023-11-16,0x5f45e48f9c053286ce9ca08db897f8b7eb3f7992,4103,0x2217854468cfa2eecc21761bcc67a2f773aa1425,0.0,0.0,879.65586,0,1,1700422813
2023-11-16,0x5f45e48f9c053286ce9ca08db897f8b7eb3f7992,4146,0xfc1aa1f2e40ec0cc25300c4b08b8513984844f19,1862.045775,1862.045775,1860.636881,1,1,1700108669
2023-11-16,0x5f45e48f9c053286ce9ca08db897f8b7eb3f7992,4211,0x6c6418d85470512d0b79ad5b7fdcc6ddeffe1835,341.979339,341.979339,341.979339,1,1,1700382321
2023-11-16,0x5f45e48f9c053286ce9ca08db897f8b7eb3f7992,4467,0xff3885ef026edc8609037b0f3cdade548e302624,1493.640494,1493.640494,0.0,1,0,1700642679
2023-11-16,0x5f45e48f9c053286ce9ca08db897f8b7eb3f7992,4468,0x981be1045cf995dedbac017d9f0560ef0f22bfaf,529.758385,529.758385,0.0,1,0,1700666689
2023-11-16,0x5f45e48f9c053286ce9ca08db897f8b7eb3f7992,4804,0x8900cd1338cc3f30a159671b0402b79fcec1b9ad,0.0,0.0,213.020911,0,1,1700672963
2023-11-16,0x5f45e48f9c053286ce9ca08db897f8b7eb3f7992,5432,0x4a40eb870dcf533d4dc097c3d87aafe9f64490a1,376.551876,376.551876,0.0,1,0,1700632519
2023-11-16,0x5f45e48f9c053286ce9ca08db897f8b7eb3f7992,5454,0xe38d5840a51f7da315b085bacf144969a8006e72,374.527662,374.527662,0.0,1,0,1700330627
2023-11-16,0x5f45e48f9c053286ce9ca08db897f8b7eb3f7992,5500,0x4f356412d6264eb2d55b48ac711e02cd0a4eda31,371.795039,371.795039,0.0,1,0,1700660059
2023-11-16,0x5f45e48f9c053286ce9ca08db897f8b7eb3f7992,5558,0x8c6463594d7a4c2e8fe8c8e38964b6837a9d0415,369.665089,369.665089,0.0,1,0,1700665195
2023-11-16,0x5f45e48f9c053286ce9ca08db897f8b7eb3f7992,5719,0x0e9e11fe0f6e6abbe12ba1d099dcf27b1c4b473b,0.0,0.0,528.197119,0,1,1700688929
2023-11-16,0x5f45e48f9c053286ce9ca08db897f8b7eb3f7992,5901,0x2c7a4dbcf33080ac93b14be408b457eb40a7dfb8,0.0,0.0,90.248948,0,1,1700672299
2023-11-16,0x5f45e48f9c053286ce9ca08db897f8b7eb3f7992,6004,0xb128eeb7c7a7df19a209af6c0ded6f8cb7573a82,356.430826,356.430826,0.0,1,0,1700612979
2023-11-16,0x5f45e48f9c053286ce9ca08db897f8b7eb3f7992,6005,0x2ebd5817147aca120f8a261b92e3957af93afb9b,356.38977,356.38977,0.0,1,0,1700633551
2023-11-16,0x5f45e48f9c053286ce9ca08db897f8b7eb3f7992,6151,0x6bd46edb7ebb742dd6fa514491b80241d2d83a57,0.0,0.0,167.212414,0,1,1700690053
2023-11-16,0x5f45e48f9c053286ce9ca08db897f8b7eb3f7992,6277,0x6c9258895ffbe2178b3edefe09af304a1e99bf2f,350.522226,350.522226,0.0,1,0,1700633443
2023-11-16,0x5f45e48f9c053286ce9ca08db897f8b7eb3f7992,6313,0xc0de72a1b723452cacf35570db24fa13ec8bc562,87.512737,87.512737,0.0,1,0,1700251561
2023-11-16,0x5f45e48f9c053286ce9ca08db897f8b7eb3f7992,6420,0xc2dce2922d16c81e0d1b57d5cd5fa842cc29fbf4,91.435359,91.435359,0.0,1,0,1700656373
2023-11-16,0x5f45e48f9c053286ce9ca08db897f8b7eb3f7992,6457,0x2cac43da9303af89e6de4e197d52f1f9c3ca2936,2981.501076,2981.501076,0.0,1,0,1700661077
2023-11-16,0x5f45e48f9c053286ce9ca08db897f8b7eb3f7992,6630,0x7f85cf44e446a4b1aace2a28774e88cd6d4e3441,41.289387,41.289387,0.0,1,0,1700644615
2023-11-16,0x5f45e48f9c053286ce9ca08db897f8b7eb3f7992,6653,0xd1ad3830b54e97fcc05195c637b8e8e038378070,5.64683,5.64683,0.0,1,0,1700643775
2023-11-16,0x5f45e48f9c053286ce9ca08db897f8b7eb3f7992,6933,0x5db9e26d5035c124a9b7dddd545fd60c23cf26d0,1.181185,1.181185,0.0,1,0,1700643687
2023-11-16,0x5f45e48f9c053286ce9ca08db897f8b7eb3f7992,7121,0x011b0a055e02425461a1ae95b30f483c4ff05be7,0.0,0.0,17352.585446,0,1,1700693959
2023-11-16,0x5f45e48f9c053286ce9ca08db897f8b7eb3f7992,7122,0x011b0a055e02425461a1ae95b30f483c4ff05be7,0.0,0.0,1279.795456,0,1,1700693983
2023-11-16,0x5f45e48f9c053286ce9ca08db897f8b7eb3f7992,7142,0xbe8eb72d33d76008bb4964189e86f56378acc518,1586.763022,1586.763022,0.0,1,0,1700654761
2023-11-16,0x5f45e48f9c053286ce9ca08db897f8b7eb3f7992,7495,0x39260b9be6b55b18505c6dd098d7fe0bb8622101,953.201464,953.201464,959.361784,1,1,1700269159
2023-11-16,0x5f45e48f9c053286ce9ca08db897f8b7eb3f7992,7689,0xdeaf31807c9be428438df60e76f11e4f45fc5c08,2076.902125,2076.902125,2107.4871,1,1,1700628745
2023-11-16,0x5f45e48f9c053286ce9ca08db897f8b7eb3f7992,7732,0xee9a23404333361302790e905bd0f27603d39818,4701.338539,4701.338539,0.0,1,0,1700678893
2023-11-16,0x5f45e48f9c053286ce9ca08db897f8b7eb3f7992,7733,0x9f0f8f07ec71a6435f1574ec022e98b5445d4988,10592.695047,10592.695047,0.0,1,0,1700679057
2023-11-16,0x5f45e48f9c053286ce9ca08db897f8b7eb3f7992,7805,0xa1ef9bb97b894ef2a89e2575ecf75651683977c9,19.159586,19.159586,0.0,1,0,1700671051
2023-11-16,0x5f45e48f9c053286ce9ca08db897f8b7eb3f7992,7844,0x4dccb4444a0a804b778ddac22dc21b4fd0fe1a0d,0.165483,0.165483,0.33253,1,1,1700646989
2023-11-16,0x5f45e48f9c053286ce9ca08db897f8b7eb3f7992,8047,0x4ee67d558e065c6655f6a871a881e4717d97d1bd,0.0,0.0,5773.281298,0,1,1700693131
2023-11-16,0x5f45e48f9c053286ce9ca08db897f8b7eb3f7992,8355,0x1594b251df6b70ca9a01d4de0836ab4fd9811241,261375.664685,261375.664685,0.0,1,0,1700667813
2023-11-16,0x5f45e48f9c053286ce9ca08db897f8b7eb3f7992,8356,0x166c794d890dd91bbe71f304eca660e1c4892cbb,0.0,0.0,67595.465816,0,1,1700692053
2023-11-16,0x5f45e48f9c053286ce9ca08db897f8b7eb3f7992,8405,0x5d6f3d0c92d0564151357b0863e55e9ed4631b8d,0.0,0.0,1394.303495,0,1,1700691707
2023-11-16,0x5f45e48f9c053286ce9ca08db897f8b7eb3f7992,8431,0x9c6016b2543cfd29a587992393c3c59df1dc48af,0.0,0.0,107345.443207,0,1,1700693779
2023-11-16,0x5f45e48f9c053286ce9ca08db897f8b7eb3f7992,8434,0x9f0f8f07ec71a6435f1574ec022e98b5445d4988,13843.988035,13843.988035,0.0,1,0,1700679071
2023-11-16,0x5f45e48f9c053286ce9ca08db897f8b7eb3f7992,8478,0xf265702178a66b4b7ce079fc8a1629e47cf1bcde,0.0,0.0,223716.970047,0,1,1700686967
2023-11-16,0x5f45e48f9c053286ce9ca08db897f8b7eb3f7992,8589,0x05ed99aafe5bfc33e1636d57e03f55caf0b0e912,5222.994702,5222.994702,0.0,1,0,1700618239
2023-11-16,0x5f45e48f9c053286ce9ca08db897f8b7eb3f7992,8705,0x4d76cb378a48babd6f755d90db3ac06a58af5ead,1192.073114,1192.073114,1192.073114,1,1,1700466087
2023-11-16,0x5f45e48f9c053286ce9ca08db897f8b7eb3f7992,8820,0x3aa8ac0e6c1fb9cbb733565de16cdc5a676bcb04,6689.16431,6689.16431,0.0,1,0,1700679267
2023-11-16,0x5f45e48f9c053286ce9ca08db897f8b7eb3f7992,8889,0xbca8c307facb171038b08620095b182121bd68b5,0.0,0.0,16.144016,0,1,1700642579
2023-11-16,0x5f45e48f9c053286ce9ca08db897f8b7eb3f7992,8925,0x5353d57398a1d5cc3f715df0a365d4b5f2a4044b,3875.494498,3875.494498,3892.302445,1,1,1700612811
2023-11-16,0x5f45e48f9c053286ce9ca08db897f8b7eb3f7992,9086,0x5353d57398a1d5cc3f715df0a365d4b5f2a4044b,1886.528011,1886.528011,1894.669585,1,1,1700612817
2023-11-16,0x5f45e48f9c053286ce9ca08db897f8b7eb3f7992,9184,0xb215627ef2ff410d67eb9d8dec14d533b234051e,1093.44,1093.44,0.0,1,0,1700667319
2023-11-16,0x5f45e48f9c053286ce9ca08db897f8b7eb3f7992,9216,0xac18c73423d43ad14630c32491ec0db14e2e6148,1275.68,1275.68,0.0,1,0,1700665919
2023-11-16,0x5f45e48f9c053286ce9ca08db897f8b7eb3f7992,9224,0x3aa8ac0e6c1fb9cbb733565de16cdc5a676bcb04,1457.92,1457.92,0.0,1,0,1700679245
2023-11-16,0x5f45e48f9c053286ce9ca08db897f8b7eb3f7992,9296,0x9f0f8f07ec71a6435f1574ec022e98b5445d4988,12598.199276,12598.199276,0.0,1,0,1700679083
2023-11-16,0x5f45e48f9c053286ce9ca08db897f8b7eb3f7992,9360,0x5b3067c5e26fec823d6fbf8f315e43632658d2f6,1903.519364,1903.519364,0.0,1,0,1700639579
2023-11-16,0x5f45e48f9c053286ce9ca08db897f8b7eb3f7992,9501,0x494623b30f5f6633c43bb7b9f80728ea2f104549,20.774629,20.774629,0.0,1,0,1700671207
2023-11-16,0x5f45e48f9c053286ce9ca08db897f8b7eb3f7992,9526,0xad03274d1b44ac5280293a3346bcc1b4b9f2e49a,2309.257018,2309.257018,0.0,1,0,1700642679
2023-11-16,0x5f45e48f9c053286ce9ca08db897f8b7eb3f7992,9527,0xf42e16a262c41d5a39107b5958ed6377f2c1fefc,2301.413775,2301.413775,0.0,1,0,1700642683
2023-11-16,0x5f45e48f9c053286ce9ca08db897f8b7eb3f7992,9528,0x77f167cdc43b967658eb8ae473f94402c1672986,2317.140314,2317.140314,0.0,1,0,1700642681
2023-11-16,0x5f45e48f9c053286ce9ca08db897f8b7eb3f7992,9529,0x182962a61a53b3c41da12d2452f4e87ca95a8e7e,2293.610422,2293.610422,0.0,1,0,1700642687
2023-11-16,0x5f45e48f9c053286ce9ca08db897f8b7eb3f7992,9602,0x788d2c0813cac59770cdf36f7beb9bfc819b6475,884912.668722,884912.668722,0.0,1,0,1700696263
2023-11-16,0x5f45e48f9c053286ce9ca08db897f8b7eb3f7992,9603,0x43e3267ce69862ffbeea59690cdb3e798f71ce7e,11007913.849521,11007913.849521,5849378.826474,1,1,1700681275
2023-11-16,0x5f45e48f9c053286ce9ca08db897f8b7eb3f7992,9605,0x794d1ae064a5d2803cba821b7429d95cceccf1ea,4621408.891424,4621408.891424,2863961.711427,1,1,1700696243
2023-11-16,0x5f45e48f9c053286ce9ca08db897f8b7eb3f7992,9654,0x28831f39bb35edc44ee1c175b44308cd3bef57ee,16.463161,16.463161,0.0,1,0,1700170581
2023-11-16,0x5f45e48f9c053286ce9ca08db897f8b7eb3f7992,9738,0x6c6dc387b28edf1d2ccac7acc99f4238db1592ba,0.00077,0.00077,0.0,1,0,1700646371
2023-11-16,0x607363389331f4b2d1b955d009506a67c565d75e,2902,0xf84368dcc03dbd47a6567b7267f573c28b2f07fa,0.0,0.0,582.244758,0,1,1700690287
2023-11-16,0x60d473c6a68fbf54c9085ceee081aba959035579,5623,0x46f3cc6a1c00a5cd8864d2b92f128196cae07d15,184.968461,184.968461,0.0,1,0,1700158783
2023-11-16,0x61366a4e6b1db1b85dd701f2f4bfa275ef271197,24,0x208a17c5fabe5b90282e5906945ff335e39326c4,9153.262969,9153.262969,18252.747617,1,1,1700683823
2023-11-16,0x61366a4e6b1db1b85dd701f2f4bfa275ef271197,30,0x7c3ac4cd86e7838ab8ac3f3e7051d399f4d96e51,0.0,0.0,57854.587254,0,1,1700677293
2023-11-16,0x61366a4e6b1db1b85dd701f2f4bfa275ef271197,45,0x8d82d851e220c5e20ed85340e8e290018c6e59f7,0.0,0.0,2841.46371,0,1,1700508281
2023-11-16,0x61366a4e6b1db1b85dd701f2f4bfa275ef271197,47,0x011b0a055e02425461a1ae95b30f483c4ff05be7,0.0,0.0,326001.507585,0,1,1700693931
2023-11-16,0x61366a4e6b1db1b85dd701f2f4bfa275ef271197,48,0x12478d1a60a910c9cbffb90648766a2bdd5918f5,0.0,0.0,1844388.882742,0,1,1700691537
2023-11-16,0x61366a4e6b1db1b85dd701f2f4bfa275ef271197,51,0x0f228805c03a693aa964a791e0b2e2c6e6c6513f,0.0,0.0,285150.605496,0,1,1700691351
2023-11-16,0x61366a4e6b1db1b85dd701f2f4bfa275ef271197,52,0x28878aec6b4209d90a40890183e3322f0ae5b2e2,270222.310229,270222.310229,432019.402124,1,1,1700683257
2023-11-16,0x61366a4e6b1db1b85dd701f2f4bfa275ef271197,55,0x285fed35cbea271a711681e84ffd83c68a596a75,0.0,0.0,193513.120047,0,1,1700683597
2023-11-16,0x61366a4e6b1db1b85dd701f2f4bfa275ef271197,62,0xa311ab5780aa036b71aac2b71163fd03ec0df59e,950885.6158,950885.6158,316722.046509,1,1,1700678287
2023-11-16,0x61366a4e6b1db1b85dd701f2f4bfa275ef271197,64,0xf1010ee787ee588766b441d7cc397b40ddfb17a3,292535.984686,292535.984686,233698.782003,1,1,1700692701
2023-11-16,0x61366a4e6b1db1b85dd701f2f4bfa275ef271197,67,0x8ce17ff2c7376e9adfe9c63c47a801097fa6c525,54199.187757,54199.187757,216490.937101,1,1,1700690971
2023-11-16,0x61366a4e6b1db1b85dd701f2f4bfa275ef271197,68,0x132e47cf2c19ec2d8dd56e1528fc7e18dc09188f,325194.491426,325194.491426,163871.088977,1,1,1700693779
2023-11-16,0x61366a4e6b1db1b85dd701f2f4bfa275ef271197,103,0x1c2ed7a6c4e3c1146103fa222181115a72243a06,54779.15841,54779.15841,54737.710413,1,1,1700693443
2023-11-16,0x61366a4e6b1db1b85dd701f2f4bfa275ef271197,105,0x208a17c5fabe5b90282e5906945ff335e39326c4,25928.125611,25928.125611,36192.740687,1,1,1700683839
2023-11-16,0x61366a4e6b1db1b85dd701f2f4bfa275ef271197,107,0x96ec73998ab961041b6f6f34e815dd0063301269,502122.541767,502122.541767,0.0,1,0,1700693467
2023-11-16,0x61366a4e6b1db1b85dd701f2f4bfa275ef271197,110,0x05e09d942505764bca4475abf8efdbc21d1c535b,73234.24987,73234.24987,122057.083117,1,1,1700683789
2023-11-16,0x61366a4e6b1db1b85dd701f2f4bfa275ef271197,114,0x611b0c1ed942b833c786c53883a4aa37a25602a6,0.0,0.0,46687.477513,0,1,1700684273
2023-11-16,0x61366a4e6b1db1b85dd701f2f4bfa275ef271197,128,0x193578944fb0a0d31508f889528e9c345d90961b,0.0,0.0,82412.032676,0,1,1700641841
2023-11-16,0x61366a4e6b1db1b85dd701f2f4bfa275ef271197,129,0xcb7d87f5502fc91529e0fe92373dddd8ff1f3d7c,214814.52281,214814.52281,214814.52281,1,1,1700693803
2023-11-16,0x61366a4e6b1db1b85dd701f2f4bfa275ef271197,137,0xa4b6eeeb7eba0fc360a7402f2ebe90c178115e91,0.0,69412.216649,128799.841727,1,2,1700692611
2023-11-16,0x61366a4e6b1db1b85dd701f2f4bfa275ef271197,138,0x53e0b897eae600b2f6855fce4a42482e9229d2c2,181718.62629,181718.62629,0.0,1,0,1700664681
2023-11-16,0x61366a4e6b1db1b85dd701f2f4bfa275ef271197,139,0xa04275c10f39e8675a34e147e2ef78d35129f2b6,13533.336997,13533.336997,0.0,1,0,1700693785
2023-11-16,0x61366a4e6b1db1b85dd701f2f4bfa275ef271197,147,0xe3f0254b09aec48ffa46f9eee5a3bc7a8e510e6d,83460.31139,83460.31139,83397.162139,1,1,1700692787
2023-11-16,0x61366a4e6b1db1b85dd701f2f4bfa275ef271197,194,0x569a259d029a89bfea35a6d178a08edf6e55d1b1,0.0,0.0,205431.028994,0,1,1700684459
2023-11-16,0x61366a4e6b1db1b85dd701f2f4bfa275ef271197,203,0x637fceaf3e5289d2b396b831335e7d8a180c5656,28558.924265,28558.924265,0.0,1,0,1700692921
2023-11-16,0x61366a4e6b1db1b85dd701f2f4bfa275ef271197,216,0x4aad47cf429dc976079648f739e094aa21350b56,174625.738892,174625.738892,0.0,1,0,1700683077
2023-11-16,0x61366a4e6b1db1b85dd701f2f4bfa275ef271197,232,0x576f1e53afe5e99b2257258c7e3248d3a1822548,0.0,0.0,55065.407217,0,1,1700692639
2023-11-16,0x61366a4e6b1db1b85dd701f2f4bfa275ef271197,247,0xc40ebdc95e9fae4ada1a2c5093d0599afe0256bd,57367.536698,57367.536698,57367.536698,1,1,1700687209
2023-11-16,0x61366a4e6b1db1b85dd701f2f4bfa275ef271197,248,0xdaa12ca83de2fab833fc28ce1300ba6ddee67204,0.0,0.0,35287.38932,0,1,1700684365
2023-11-16,0x61366a4e6b1db1b85dd701f2f4bfa275ef271197,265,0xb48c2698dc9a6b0cb80e2829bd27c105bd7f1c80,136729.132627,136729.132627,0.0,1,0,1700693343
2023-11-16,0x61366a4e6b1db1b85dd701f2f4bfa275ef271197,277,0x68acb2051b73c2342be78cd1a7e5ca44483d10c5,29939.767845,29939.767845,29939.767845,1,1,1700693861
2023-11-16,0x61366a4e6b1db1b85dd701f2f4bfa275ef271197,295,0xa311ab5780aa036b71aac2b71163fd03ec0df59e,55523.130527,55523.130527,0.0,1,0,1700678045
2023-11-16,0x61366a4e6b1db1b85dd701f2f4bfa275ef271197,321,0xcb6586874cc04b01cc4fdb777de502cea7b3d6c1,25046.000989,25046.000989,0.0,1,0,1700693089
2023-11-16,0x61366a4e6b1db1b85dd701f2f4bfa275ef271197,355,0x6de6e901bbefd26a9888798a25e4a49309d04ca9,0.0,0.0,80696.982583,0,1,1700693435
2023-11-16,0x61366a4e6b1db1b85dd701f2f4bfa275ef271197,391,0x6fe797a05359c9d91b1f85d418e2ed4ea6c65a8f,0.0,0.0,33508.05529,0,1,1700637595
2023-11-16,0x61366a4e6b1db1b85dd701f2f4bfa275ef271197,438,0xe87c09608c6306cb72977ddf65bcbc8200cc9a96,16727.711238,16727.711238,13939.759365,1,1,1700685693
2023-11-16,0x61366a4e6b1db1b85dd701f2f4bfa275ef271197,504,0xcfba6d63ec822425775d3c509e60ff689c1ae1e7,4659.032332,4659.032332,4617.794222,1,1,1700693037
2023-11-16,0x61366a4e6b1db1b85dd701f2f4bfa275ef271197,535,0xd5b2daf2285d0fbf2f1c2a20e2866ccf9617e83b,42679.697143,42679.697143,42888.183521,1,1,1700693585
2023-11-16,0x61366a4e6b1db1b85dd701f2f4bfa275ef271197,544,0x16b00db74167b7469dda63b674ca9a3b1b70c439,0.0,0.0,19968.472364,0,1,1700675691
2023-11-16,0x61366a4e6b1db1b85dd701f2f4bfa275ef271197,636,0x599321b91d0e4e541f7d172ab1cacccc0d5a8e82,3316.842644,3316.842644,3316.842644,1,1,1700662671
2023-11-16,0x61366a4e6b1db1b85dd701f2f4bfa275ef271197,735,0x2130fd01026867a6c8dde24ad5e64f2e2dfce196,25411.261651,25411.261651,25411.261651,1,1,1700671971
2023-11-16,0x61366a4e6b1db1b85dd701f2f4bfa275ef271197,758,0x8ccfcfa7e6133e0875192974d0d857fb7a28375e,6559.013645,6559.013645,6554.050846,1,1,1700687079
2023-11-16,0x61366a4e6b1db1b85dd701f2f4bfa275ef271197,761,0xe4495842d915738d659609727a51e39d15b66778,5329.341382,5329.341382,0.0,1,0,1700428031
2023-11-16,0x61366a4e6b1db1b85dd701f2f4bfa275ef271197,790,0x6de6e901bbefd26a9888798a25e4a49309d04ca9,0.0,0.0,22344.467449,0,1,1700693517
2023-11-16,0x61366a4e6b1db1b85dd701f2f4bfa275ef271197,809,0x6de6e901bbefd26a9888798a25e4a49309d04ca9,0.0,0.0,21599.473753,0,1,1700693381
2023-11-16,0x61366a4e6b1db1b85dd701f2f4bfa275ef271197,814,0x6de6e901bbefd26a9888798a25e4a49309d04ca9,0.0,0.0,21313.865014,0,1,1700693393
2023-11-16,0x61366a4e6b1db1b85dd701f2f4bfa275ef271197,815,0x6de6e901bbefd26a9888798a25e4a49309d04ca9,0.0,0.0,21287.766364,0,1,1700693463
2023-11-16,0x61366a4e6b1db1b85dd701f2f4bfa275ef271197,817,0x6de6e901bbefd26a9888798a25e4a49309d04ca9,0.0,0.0,21254.388541,0,1,1700693493
2023-11-16,0x61366a4e6b1db1b85dd701f2f4bfa275ef271197,818,0x30a2837f3d319a3e1984de5a32c0df310e2496b7,11565.656293,11565.656293,11556.905276,1,1,1700690099
2023-11-16,0x61366a4e6b1db1b85dd701f2f4bfa275ef271197,823,0xfc101ee05afe9843c37fb7fdd5a64b9dc47411b6,0.0,0.0,10486.486167,0,1,1700688121
2023-11-16,0x61366a4e6b1db1b85dd701f2f4bfa275ef271197,831,0xd5b2daf2285d0fbf2f1c2a20e2866ccf9617e83b,33173.936324,33173.936324,33173.936324,1,1,1700693573
2023-11-16,0x61366a4e6b1db1b85dd701f2f4bfa275ef271197,879,0x34ff77a853a14579d2120ac08c5e342cee08ad71,3705.720468,3705.720468,0.0,1,0,1700693637
2023-11-16,0x61366a4e6b1db1b85dd701f2f4bfa275ef271197,910,0x16b00db74167b7469dda63b674ca9a3b1b70c439,0.0,0.0,21632.226271,0,1,1700675699
2023-11-16,0x61366a4e6b1db1b85dd701f2f4bfa275ef271197,1098,0x6e81417b312917305d12f76fa3b6bd66ffaa75e7,3209.780278,3209.780278,0.0,1,0,1700693377
2023-11-16,0x61366a4e6b1db1b85dd701f2f4bfa275ef271197,1114,0x4e190b3d31d96e0cd11a1520185a77b57a0182f2,0.0,0.0,12524.195402,0,1,1700690425
2023-11-16,0x61366a4e6b1db1b85dd701f2f4bfa275ef271197,1197,0x0be4eb0e89abed9f52d94f1550c22a16008cc463,5845.61155,5845.61155,0.0,1,0,1700693319
2023-11-16,0x61366a4e6b1db1b85dd701f2f4bfa275ef271197,1283,0xd61015823b60a7c6e156c887a72467a8170259d2,10559.595671,10559.595671,10559.595671,1,1,1700674253
2023-11-16,0x61366a4e6b1db1b85dd701f2f4bfa275ef271197,1385,0x8f2c46ce880c288bbf0926123814496a9842a591,0.0,0.0,4317.13967,0,1,1700607577
2023-11-16,0x61366a4e6b1db1b85dd701f2f4bfa275ef271197,1413,0x53e213da8c28d85dc6663c3b5e35bb0ffbb05752,8074.872502,8074.872502,8074.872502,1,1,1700686789
2023-11-16,0x61366a4e6b1db1b85dd701f2f4bfa275ef271197,1426,0xd08c3c698c25b3cc25b6d9bb7a9224070679b04b,0.0,0.0,8415.805761,0,1,1700671013
2023-11-16,0x61366a4e6b1db1b85dd701f2f4bfa275ef271197,1469,0x8fc4faa9dd274dc801ca629234e83183031634ec,0.0,0.0,1910.01219,0,1,1700670725
2023-11-16,0x61366a4e6b1db1b85dd701f2f4bfa275ef271197,1570,0x0be7b271ba03874ad78d712246066c20c81693d3,0.0,0.0,685.938099,0,1,1700274853
2023-11-16,0x61366a4e6b1db1b85dd701f2f4bfa275ef271197,1720,0xdda0bba4035e29ef29e4f7592027e2b861293408,0.0,0.0,5934.276228,0,1,1700663755
2023-11-16,0x61366a4e6b1db1b85dd701f2f4bfa275ef271197,1764,0x7690453f91dbadef8a592a32c679d8f0f5e0116b,8114.089514,8114.089514,8022.46518,1,1,1700694131
2023-11-16,0x61366a4e6b1db1b85dd701f2f4bfa275ef271197,1811,0x410f2959ee9c8115ca6cf0f817b14373b63b5d4c,2885.299786,2885.299786,0.0,1,0,1700692605
2023-11-16,0x61366a4e6b1db1b85dd701f2f4bfa275ef271197,1898,0x83f350d16c9581ca9af97dd53a77c72c8be2cbe7,0.0,0.0,4593.31668,0,1,1700681219
2023-11-16,0x61366a4e6b1db1b85dd701f2f4bfa275ef271197,1990,0x5f14568ba9750b5fcdcb8d50163594da0bdcfe2a,0.0,0.0,4267.080356,0,1,1700635661
2023-11-16,0x61366a4e6b1db1b85dd701f2f4bfa275ef271197,2856,0xf3b059c887172f2cc52b5e77ee3b2c8b3a32e6ef,2268.252503,2268.252503,2268.252503,1,1,1700675741
2023-11-16,0x61366a4e6b1db1b85dd701f2f4bfa275ef271197,2886,0x05cefb1b44d447627bd0f341f29401790963ca9e,2213.096899,2213.096899,0.0,1,0,1700691863
2023-11-16,0x61366a4e6b1db1b85dd701f2f4bfa275ef271197,3079,0x14ab9f431b7d25fcad366ec9511dce38e229745c,0.0,0.0,1831.167786,0,1,1700683643
2023-11-16,0x61366a4e6b1db1b85dd701f2f4bfa275ef271197,4484,0x98e78cd936e6d7bb685d1cb3e4f3766322057183,262.064293,262.064293,0.0,1,0,1700693467
2023-11-16,0x61366a4e6b1db1b85dd701f2f4bfa275ef271197,4502,0x553222b267bc978aca3c28493aef72d924b264bd,509.271818,509.271818,513.847202,1,1,1700272627
2023-11-16,0x61366a4e6b1db1b85dd701f2f4bfa275ef271197,4584,0x3c948a11c4d5462ace49a505ece7112531b16725,0.0,0.0,500.943936,0,1,1700693855
2023-11-16,0x61366a4e6b1db1b85dd701f2f4bfa275ef271197,5476,0x3967d78660bcbc95c625d58a40c42ce10bd905d6,929.75826,929.75826,877.659545,1,1,1700648691
2023-11-16,0x61366a4e6b1db1b85dd701f2f4bfa275ef271197,5871,0x6d4fe8ace1e3981998b6bfb3d2ec86e0671570e2,362.350367,362.350367,0.0,1,0,1700213151
2023-11-16,0x61366a4e6b1db1b85dd701f2f4bfa275ef271197,6786,0x00ba280c55643f707e23376c948be41b5468ef58,0.0,0.0,1048.927197,0,1,1700404893
2023-11-16,0x61366a4e6b1db1b85dd701f2f4bfa275ef271197,7121,0x011b0a055e02425461a1ae95b30f483c4ff05be7,0.0,0.0,58998.790516,0,1,1700693959
2023-11-16,0x61366a4e6b1db1b85dd701f2f4bfa275ef271197,7122,0x011b0a055e02425461a1ae95b30f483c4ff05be7,0.0,0.0,1279.795456,0,1,1700693983
2023-11-16,0x61366a4e6b1db1b85dd701f2f4bfa275ef271197,7455,0xa43df556c9d48a0202c42496f236d4a04752d3ee,0.0,0.0,42.487349,0,1,1700665871
2023-11-16,0x61366a4e6b1db1b85dd701f2f4bfa275ef271197,7908,0xf389c517d6a07e07faf03a1f0fe67d57c3760cfc,65.681165,65.681165,0.0,1,0,1700558283
2023-11-16,0x61366a4e6b1db1b85dd701f2f4bfa275ef271197,8032,0xf265702178a66b4b7ce079fc8a1629e47cf1bcde,165414.258532,165414.258532,165181.006647,1,1,1700686515
2023-11-16,0x61366a4e6b1db1b85dd701f2f4bfa275ef271197,8343,0x6c6dc387b28edf1d2ccac7acc99f4238db1592ba,0.0,0.0,0.852173,0,1,1700643761
2023-11-16,0x61366a4e6b1db1b85dd701f2f4bfa275ef271197,8403,0x166c794d890dd91bbe71f304eca660e1c4892cbb,50621.144124,50621.144124,0.0,1,0,1700692045
2023-11-16,0x61366a4e6b1db1b85dd701f2f4bfa275ef271197,8479,0xf51e5a0a85d29aa0508894405d734bcf044dcb5b,0.0,0.0,290908.478487,0,1,1700664929
2023-11-16,0x61366a4e6b1db1b85dd701f2f4bfa275ef271197,9265,0x26602bf417c4e57ba3d2268d7f93a1e16f29e069,0.0,0.0,160522.399549,0,1,1700691007
2023-11-16,0x61366a4e6b1db1b85dd701f2f4bfa275ef271197,9270,0xcb7d87f5502fc91529e0fe92373dddd8ff1f3d7c,4191.52,4191.52,4191.52,1,1,1700693855
2023-11-16,0x61366a4e6b1db1b85dd701f2f4bfa275ef271197,9602,0x788d2c0813cac59770cdf36f7beb9bfc819b6475,644447.269613,644447.269613,0.0,1,0,1700696263
2023-11-16,0x61366a4e6b1db1b85dd701f2f4bfa275ef271197,9603,0x43e3267ce69862ffbeea59690cdb3e798f71ce7e,4013301.924304,4013301.924304,5505297.719035,1,1,1700681275
2023-11-16,0x61366a4e6b1db1b85dd701f2f4bfa275ef271197,9605,0x794d1ae064a5d2803cba821b7429d95cceccf1ea,3365591.257885,3365591.257885,2713226.88451,1,1,1700696243
2023-11-16,0x61366a4e6b1db1b85dd701f2f4bfa275ef271197,9654,0x28831f39bb35edc44ee1c175b44308cd3bef57ee,16.463161,16.463161,0.0,1,0,1700170581
2023-11-16,0x61366a4e6b1db1b85dd701f2f4bfa275ef271197,9699,0x01e3a700a1a0509ec3ee32cc12c3c5a602f1ff8c,1.349527,1.349527,0.0,1,0,1700396189
2023-11-16,0x61366a4e6b1db1b85dd701f2f4bfa275ef271197,9719,0x27214fcaf6cd9ac9858040da59f84bcca1935cf7,1997.209545,1997.209545,0.0,1,0,1700693587
2023-11-16,0x656d48d3f337c6b3cd2ed8471b135ff54b1f96ad,8424,0x8bace3a49a375027868cdd34e84521eed1f1b01d,185157.925752,185157.925752,0.0,1,0,1700687157
2023-11-16,0x6689a0582bafcc286a81dc38d76e0470acd17275,68,0x132e47cf2c19ec2d8dd56e1528fc7e18dc09188f,129045.433105,129045.433105,63083.645634,1,1,1700693779
2023-11-16,0x6689a0582bafcc286a81dc38d76e0470acd17275,103,0x1c2ed7a6c4e3c1146103fa222181115a72243a06,54779.15841,54779.15841,0.0,1,0,1700693443
2023-11-16,0x6689a0582bafcc286a81dc38d76e0470acd17275,285,0xe8788a8926dac3d25c591caa64d5296044c1446d,118489.715902,118489.715902,0.0,1,0,1700408475
2023-11-16,0x6689a0582bafcc286a81dc38d76e0470acd17275,469,0xe47fd677ba6d3738cec98aa18bb6fa015b6f7bda,48462.363742,48462.363742,0.0,1,0,1700512327
2023-11-16,0x6689a0582bafcc286a81dc38d76e0470acd17275,489,0x88ee8692adfc54798c2190c1e68612f75ab15618,45528.317328,45528.317328,0.0,1,0,1700577795
2023-11-16,0x6689a0582bafcc286a81dc38d76e0470acd17275,553,0xdaa070d909e010211606144ede5b2ca6864c2c1c,19673.492318,19673.492318,19624.440563,1,1,1700686667
2023-11-16,0x6689a0582bafcc286a81dc38d76e0470acd17275,575,0x94587a95917188b338c822de2d1e77074131589f,9382.122917,9382.122917,0.0,1,0,1700332877
2023-11-16,0x6689a0582bafcc286a81dc38d76e0470acd17275,622,0x81f10d99464d604ea1e9242dc71733a506e95b4e,17961.558045,17961.558045,0.0,1,0,1700683785
2023-11-16,0x6689a0582bafcc286a81dc38d76e0470acd17275,764,0xa311ab5780aa036b71aac2b71163fd03ec0df59e,24015.856093,24015.856093,0.0,1,0,1700677917
2023-11-16,0x6689a0582bafcc286a81dc38d76e0470acd17275,774,0x98d925821767edcf7e773810e74244026b6e8a35,2334.984607,2334.984607,2334.984607,1,1,1700590787
2023-11-16,0x6689a0582bafcc286a81dc38d76e0470acd17275,847,0x04c872122ec2553b2d8adcc6c7eac4bec7717ccf,19874.289617,19874.289617,0.0,1,0,1700685287
2023-11-16,0x6689a0582bafcc286a81dc38d76e0470acd17275,927,0xe91f0085f5c3e67c8ebd5c8f6e7f4d884452dbaa,16937.319384,16937.319384,0.0,1,0,1700237265
2023-11-16,0x6689a0582bafcc286a81dc38d76e0470acd17275,1011,0x52d033e64774f31a8b7562806aa5782cbbd29382,116299.531842,232599.063685,231420.198535,2,2,1700661789
2023-11-16,0x6689a0582bafcc286a81dc38d76e0470acd17275,1044,0xcb6222f4df04385ea08e8da2a5871131ff5f6cba,0.0,0.0,6906.121263,0,1,1700667247
2023-11-16,0x6689a0582bafcc286a81dc38d76e0470acd17275,1111,0x11ebee2bf244325b5559f0f583722d35659ddce8,12602.77496,12602.77496,0.0,1,0,1700511185
2023-11-16,0x6689a0582bafcc286a81dc38d76e0470acd17275,1174,0x91f3acf393de794e7291fbf36dfc408da617cff0,11636.839012,11636.839012,11620.424063,1,1,1700264053
2023-11-16,0x6689a0582bafcc286a81dc38d76e0470acd17275,1195,0x68e3cf61a8d76bcfca8ea495151416fec501a4c6,0.0,0.0,26683.195128,0,1,1700523859
2023-11-16,0x6689a0582bafcc286a81dc38d76e0470acd17275,1305,0x05b5240daa1894a299a41d1f63f1caacf94bdeb3,4679.91604,4679.91604,0.0,1,0,1700681685
2023-11-16,0x6689a0582bafcc286a81dc38d76e0470acd17275,1331,0x24db8a0a16da2812b55af4d0f3a8ada8a68a330f,24885.471838,24885.471838,0.0,1,0,1700684783
2023-11-16,0x6689a0582bafcc286a81dc38d76e0470acd17275,1480,0x5ad023ceceea45e75529d8e29e7b64d691200bc7,7524.47264,7524.47264,0.0,1,0,1700684825
2023-11-16,0x6689a0582bafcc286a81dc38d76e0470acd17275,1656,0xcbbfa40f36f0fda22f28bc25e43d52573d6826db,6234.641707,6234.641707,0.0,1,0,1700683619
2023-11-16,0x6689a0582bafcc286a81dc38d76e0470acd17275,1784,0x186e20ae3530520c9f3e6c46f2f5d1062b784761,5312.43884,5312.43884,5304.94773,1,1,1700487953
2023-11-16,0x6689a0582bafcc286a81dc38d76e0470acd17275,1846,0x5450a98bd84b8e0708a2a3d55e6c048f15977cd1,4867.155974,4867.155974,0.0,1,0,1700358241
2023-11-16,0x6689a0582bafcc286a81dc38d76e0470acd17275,2189,0x881ee0c4b131cc79d3bb9dc44a4539bc034a35e6,379449.248601,379449.248601,0.0,1,0,1700584247
2023-11-16,0x6689a0582bafcc286a81dc38d76e0470acd17275,2243,0xdd7fbd024e7e484d41d14936a44709992c8a1e07,0.0,0.0,913.582497,0,1,1700669959
2023-11-16,0x6689a0582bafcc286a81dc38d76e0470acd17275,2564,0x57cfcecf5239bc42166b9a949c80057ab93604ef,0.0,0.0,1569.101025,0,1,1700667679
2023-11-16,0x6689a0582bafcc286a81dc38d76e0470acd17275,2587,0xf26e5b93453a69a0297dc66e7bbd750d2b28160b,3119.505019,3119.505019,0.0,1,0,1700232373
2023-11-16,0x6689a0582bafcc286a81dc38d76e0470acd17275,3160,0x25f0a60d95fb530435f733c8e480c8c4c1619d1e,1726.321684,1726.321684,0.0,1,0,1700575275
2023-11-16,0x6689a0582bafcc286a81dc38d76e0470acd17275,3371,0xd77900479ef30963f4b5aa7d752b15795192ee15,1470.633782,1470.633782,0.0,1,0,1700475761
2023-11-16,0x6689a0582bafcc286a81dc38d76e0470acd17275,3518,0x4936f33b7b060c7336fd0e4c61316ea248da6827,1347.844023,1347.844023,0.0,1,0,1700422259
2023-11-16,0x6689a0582bafcc286a81dc38d76e0470acd17275,3772,0x062bcf5e546b235953576763658936f9e9f38327,1034.071346,1034.071346,0.0,1,0,1700531321
2023-11-16,0x6689a0582bafcc286a81dc38d76e0470acd17275,4320,0x6c0cafe6165d1a37659b6f9728de30969c35cbf2,609.671381,609.671381,0.0,1,0,1700571219
2023-11-16,0x6689a0582bafcc286a81dc38d76e0470acd17275,4340,0xcdd5ccc914ba68b56eacb1a6058475648a3fda12,948.103429,948.103429,0.0,1,0,1700228061
2023-11-16,0x6689a0582bafcc286a81dc38d76e0470acd17275,4369,0xcf6d2f6e2839ac50f49a76c1da88f82f62d29b74,433.495807,433.495807,0.0,1,0,1700391817
2023-11-16,0x6689a0582bafcc286a81dc38d76e0470acd17275,4509,0x9b31f9017f7cd97f2c775ef237ef9be79213c6c6,0.0,0.0,517.356871,0,1,1700653377
2023-11-16,0x6689a0582bafcc286a81dc38d76e0470acd17275,4780,0x73de251d953309dc73ac3c24691917841fc64505,3310.610585,3310.610585,0.0,1,0,1700506761
2023-11-16,0x6689a0582bafcc286a81dc38d76e0470acd17275,5062,0xe8d8b73ccc85ded891ad41893ebbb0d684350e04,396.315786,396.315786,0.0,1,0,1700228295
2023-11-16,0x6689a0582bafcc286a81dc38d76e0470acd17275,5220,0x1273fcc09e78829d4164aa0986cd54ec0bf61a8c,1198.920773,1198.920773,0.0,1,0,1700406431
2023-11-16,0x6689a0582bafcc286a81dc38d76e0470acd17275,5385,0x091f9b4cc27aa8b0df96e265afc055f6a158da3f,377.24079,377.24079,0.0,1,0,1700430345
2023-11-16,0x6689a0582bafcc286a81dc38d76e0470acd17275,5457,0x8db7a537d8478df3c6d95ff33b4270342862957f,0.0,0.0,37.491226,0,1,1700151115
2023-11-16,0x6689a0582bafcc286a81dc38d76e0470acd17275,5565,0x8392c202d0fccd7f149748c59da28d2d1484dabd,369.457755,369.457755,73.891551,1,1,1700348521
2023-11-16,0x6689a0582bafcc286a81dc38d76e0470acd17275,5656,0xf83abc519e046c5391d219fabf1a3c87dd5924d3,367.055716,367.055716,367.055716,1,1,1700401535
2023-11-16,0x6689a0582bafcc286a81dc38d76e0470acd17275,5919,0x69221ff37014459b4be9038bd51e724fc258f60a,180.452868,180.452868,0.0,1,0,1700323725
2023-11-16,0x6689a0582bafcc286a81dc38d76e0470acd17275,6050,0x88840c37e8fa21afe5c28f0c704f9dcbd1601a45,355.468895,355.468895,0.0,1,0,1700582483
2023-11-16,0x6689a0582bafcc286a81dc38d76e0470acd17275,6062,0x5b9550f5bc5e3b1d82297c7683a84003158465a9,335.666099,335.666099,344.855429,1,1,1700545199
2023-11-16,0x6689a0582bafcc286a81dc38d76e0470acd17275,6169,0xe172bd02f842e98183cdbb8294bf23f625588d9e,352.63917,352.63917,0.0,1,0,1700571509
2023-11-16,0x6689a0582bafcc286a81dc38d76e0470acd17275,6183,0xf9a4bdfa984aa261b511ab83af6ba329be7594aa,371.952728,371.952728,0.0,1,0,1700227851
2023-11-16,0x6689a0582bafcc286a81dc38d76e0470acd17275,6275,0xfd80f0a932530ceea80893619446b67f62b91432,352.285554,352.285554,350.656949,1,1,1700424953
2023-11-16,0x6689a0582bafcc286a81dc38d76e0470acd17275,6420,0xc2dce2922d16c81e0d1b57d5cd5fa842cc29fbf4,0.0,0.0,92.458158,0,1,1700656373
2023-11-16,0x6689a0582bafcc286a81dc38d76e0470acd17275,6518,0x5da68351bd082abda73e42ac981db51d9364fe69,60.193261,60.193261,55.856465,1,1,1700245575
2023-11-16,0x6689a0582bafcc286a81dc38d76e0470acd17275,6677,0x75821898ad35392425896085089629611391d2bf,47.596683,47.596683,0.0,1,0,1700398189
2023-11-16,0x6689a0582bafcc286a81dc38d76e0470acd17275,6678,0xbfd53e1ffac52f2055fb533ff847dae4906f8fea,47.803596,47.803596,0.0,1,0,1700395363
2023-11-16,0x6689a0582bafcc286a81dc38d76e0470acd17275,6680,0xb92c0ea6df755163924c1d6723ba841351e8a35a,47.290003,47.290003,0.0,1,0,1700395563
2023-11-16,0x6689a0582bafcc286a81dc38d76e0470acd17275,6681,0x55fa88037a255be3e1c1607fe2cf7a622be5c41d,47.60555,47.60555,0.0,1,0,1700396013
2023-11-16,0x6689a0582bafcc286a81dc38d76e0470acd17275,6682,0xc88d6999c4c91c11f08dc41012a0ce6573a0ed48,47.467741,47.467741,0.0,1,0,1700396169
2023-11-16,0x6689a0582bafcc286a81dc38d76e0470acd17275,6718,0x2971c6868ad10508a9a5a06591a6c25df5c84bde,52.680857,52.680857,0.0,1,0,1700396357
2023-11-16,0x6689a0582bafcc286a81dc38d76e0470acd17275,6720,0xe246aa8b63ce04aaed9aa2dbe569f1558b480fb8,52.891127,52.891127,0.0,1,0,1700396799
2023-11-16,0x6689a0582bafcc286a81dc38d76e0470acd17275,6724,0x16aa28569ed5b88b76b67249e3381bec7efe6eff,52.587098,52.587098,0.0,1,0,1700397125
2023-11-16,0x6689a0582bafcc286a81dc38d76e0470acd17275,6725,0x69145fce197aa12437293242006373d764c6eef3,53.190721,53.190721,0.0,1,0,1700397507
2023-11-16,0x6689a0582bafcc286a81dc38d76e0470acd17275,6726,0x1fac2b17c44eaee090585ddbe8d3abdacf504946,52.538752,52.538752,0.0,1,0,1700397597
2023-11-16,0x6689a0582bafcc286a81dc38d76e0470acd17275,6728,0x8a7d5ba462c2130e02d9a3f4c08a140220fc1204,52.735861,52.735861,0.0,1,0,1700397717
2023-11-16,0x6689a0582bafcc286a81dc38d76e0470acd17275,6730,0xc40d30d5e72308d83252609a42fe758ae3289b55,52.737397,52.737397,0.0,1,0,1700397907
2023-11-16,0x6689a0582bafcc286a81dc38d76e0470acd17275,6731,0xe7677698617c6a3d4676eb787c1bc10081d5b8d3,53.370191,53.370191,0.0,1,0,1700398433
2023-11-16,0x6689a0582bafcc286a81dc38d76e0470acd17275,6761,0x58e03d622a88b4012ee0a97235c6b110077fb867,0.0,0.0,1616.75973,0,1,1700609679
2023-11-16,0x6689a0582bafcc286a81dc38d76e0470acd17275,7024,0x6a202f991c4c1df079449be9847b1dac3f51854f,79.670771,79.670771,80.546578,1,1,1700453333
2023-11-16,0x6689a0582bafcc286a81dc38d76e0470acd17275,7213,0xc898bfd859624967d24bb87ed2931601b3b12145,12.808382,12.808382,0.0,1,0,1700350683
2023-11-16,0x6689a0582bafcc286a81dc38d76e0470acd17275,7633,0x9d837774efb22c42d975fd86a8642ce97462f848,180.586407,180.586407,0.0,1,0,1700408625
2023-11-16,0x6689a0582bafcc286a81dc38d76e0470acd17275,7966,0x5eaa8bdc315608e8cf873cfaba05e42826f68c4d,15446.71802,29928.016164,28907.715937,2,2,1700661885
2023-11-16,0x6689a0582bafcc286a81dc38d76e0470acd17275,7994,0x9482ae158cb3a8216f2a658b35ff6cb5ebe5b559,0.0,0.0,10.483668,0,1,1700683559
2023-11-16,0x6689a0582bafcc286a81dc38d76e0470acd17275,8091,0xd847fda8158b1dcada13d386b1372136724d4f3f,10676.969869,10676.969869,0.0,1,0,1700256983
2023-11-16,0x6689a0582bafcc286a81dc38d76e0470acd17275,8340,0xb646d2010fd291d79b693189c95a0efb1c7ac2de,103.889324,103.889324,0.0,1,0,1700583615
2023-11-16,0x6689a0582bafcc286a81dc38d76e0470acd17275,8428,0x92b200b674f7e7fbecd6d71d041d079c513d9965,57516.51359,57516.51359,57289.698558,1,1,1700661615
2023-11-16,0x6689a0582bafcc286a81dc38d76e0470acd17275,8502,0x892176d784bed3dc877a62f3ff9fc091377b2a49,9499.799592,9499.799592,0.0,1,0,1700579719
2023-11-16,0x6689a0582bafcc286a81dc38d76e0470acd17275,9029,0xa96a2500ff54c0b38e69a66cafc1dcaa76651667,15524.512724,15524.512724,0.0,1,0,1700509571
2023-11-16,0x6689a0582bafcc286a81dc38d76e0470acd17275,9089,0xc898bfd859624967d24bb87ed2931601b3b12145,39.23329,39.23329,0.0,1,0,1700350697
2023-11-16,0x6689a0582bafcc286a81dc38d76e0470acd17275,9258,0xd847fda8158b1dcada13d386b1372136724d4f3f,2369.12,2369.12,0.0,1,0,1700257009
2023-11-16,0x6689a0582bafcc286a81dc38d76e0470acd17275,9295,0x892176d784bed3dc877a62f3ff9fc091377b2a49,0.0,0.0,2009.999511,0,1,1700131319
2023-11-16,0x679d601aaa86cd555e8bfd48ddc8b4aade2a0f27,10,0x24e9cbb9ddda1247ae4b4eeee3c569a2190ac401,0.0,0.0,1554461.830349,0,1,1700392465
2023-11-16,0x679d601aaa86cd555e8bfd48ddc8b4aade2a0f27,24,0x208a17c5fabe5b90282e5906945ff335e39326c4,9153.262969,9153.262969,0.0,1,0,1700683823
2023-11-16,0x679d601aaa86cd555e8bfd48ddc8b4aade2a0f27,43,0x2ddb405238368695f34d30a80ab60c449aa5ce48,0.0,0.0,151340.117756,0,1,1700692465
2023-11-16,0x679d601aaa86cd555e8bfd48ddc8b4aade2a0f27,47,0x011b0a055e02425461a1ae95b30f483c4ff05be7,0.0,0.0,912804.221239,0,1,1700693931
2023-11-16,0x679d601aaa86cd555e8bfd48ddc8b4aade2a0f27,52,0x28878aec6b4209d90a40890183e3322f0ae5b2e2,270222.310229,270222.310229,432019.402124,1,1,1700683257
2023-11-16,0x679d601aaa86cd555e8bfd48ddc8b4aade2a0f27,53,0x1594b251df6b70ca9a01d4de0836ab4fd9811241,2436402.028631,2436402.028631,0.0,1,0,1700667741
2023-11-16,0x679d601aaa86cd555e8bfd48ddc8b4aade2a0f27,54,0xf265702178a66b4b7ce079fc8a1629e47cf1bcde,447022.714365,447022.714365,0.0,1,0,1700686191
2023-11-16,0x679d601aaa86cd555e8bfd48ddc8b4aade2a0f27,67,0x8ce17ff2c7376e9adfe9c63c47a801097fa6c525,108398.375513,108398.375513,0.0,1,0,1700690971
2023-11-16,0x679d601aaa86cd555e8bfd48ddc8b4aade2a0f27,103,0x1c2ed7a6c4e3c1146103fa222181115a72243a06,0.0,0.0,54737.710413,0,1,1700693443
2023-11-16,0x679d601aaa86cd555e8bfd48ddc8b4aade2a0f27,105,0x208a17c5fabe5b90282e5906945ff335e39326c4,25928.125611,25928.125611,36192.740687,1,1,1700683839
2023-11-16,0x679d601aaa86cd555e8bfd48ddc8b4aade2a0f27,107,0x96ec73998ab961041b6f6f34e815dd0063301269,0.0,0.0,501742.616727,0,1,1700693467
2023-11-16,0x679d601aaa86cd555e8bfd48ddc8b4aade2a0f27,117,0xdb2b9d473014d8c6a5e55da92205199457ba6624,0.0,0.0,230342.701708,0,1,1700560101
2023-11-16,0x679d601aaa86cd555e8bfd48ddc8b4aade2a0f27,124,0x5d6f3d0c92d0564151357b0863e55e9ed4631b8d,0.0,0.0,108173.487402,0,1,1700691635
2023-11-16,0x679d601aaa86cd555e8bfd48ddc8b4aade2a0f27,131,0x9f0f8f07ec71a6435f1574ec022e98b5445d4988,200136.408491,200136.408491,0.0,1,0,1700679047
2023-11-16,0x679d601aaa86cd555e8bfd48ddc8b4aade2a0f27,136,0x12c58f57177b8d5832f60cfa690770c19ac9da19,0.0,0.0,111564.310163,0,1,1700683345
2023-11-16,0x679d601aaa86cd555e8bfd48ddc8b4aade2a0f27,137,0xa4b6eeeb7eba0fc360a7402f2ebe90c178115e91,0.0,69412.216649,128799.841727,1,2,1700692611
2023-11-16,0x679d601aaa86cd555e8bfd48ddc8b4aade2a0f27,159,0x05391a4b0749c29335024f41552a56cfa6bd3883,287374.285495,287374.285495,0.0,1,0,1700667099
2023-11-16,0x679d601aaa86cd555e8bfd48ddc8b4aade2a0f27,165,0x54ecb3397b0bf31cb0b81eb2444e2a7b32507d8b,0.0,0.0,81470.346363,0,1,1700689629
2023-11-16,0x679d601aaa86cd555e8bfd48ddc8b4aade2a0f27,177,0xdffd8bbf8dcaf236c4e009ff6013bfc98407b6c0,0.0,0.0,57124.789329,0,1,1700684541
2023-11-16,0x679d601aaa86cd555e8bfd48ddc8b4aade2a0f27,181,0xa46d9574912af2494d3f26257608243de7fe8285,113193.779279,113193.779279,0.0,1,0,1700666303
2023-11-16,0x679d601aaa86cd555e8bfd48ddc8b4aade2a0f27,238,0xb6f28ae8f31d85dc27361852b986286113bc588d,0.0,0.0,49803.730823,0,1,1700693789
2023-11-16,0x679d601aaa86cd555e8bfd48ddc8b4aade2a0f27,256,0xd6a2248e5d3696565c162c4554aa61fa6be75db3,34230.559352,34230.559352,34182.273657,1,1,1700666839
2023-11-16,0x679d601aaa86cd555e8bfd48ddc8b4aade2a0f27,271,0x791437cc4fa77c534b8b55d0cc6f06c9cab5ebb5,124111.938365,124111.938365,0.0,1,0,1700680969
2023-11-16,0x679d601aaa86cd555e8bfd48ddc8b4aade2a0f27,275,0xa810ffea2709c116ef180d090c142fc5e08586a7,0.0,0.0,43768.257053,0,1,1700682081
2023-11-16,0x679d601aaa86cd555e8bfd48ddc8b4aade2a0f27,289,0x95b05f935655c37ada2088c5767e5006f230b068,11438.519975,11438.519975,11416.046901,1,1,1700693583
2023-11-16,0x679d601aaa86cd555e8bfd48ddc8b4aade2a0f27,304,0xbbb33d2e7bd7ddc722e53da9ca8ee97df41cfabf,0.0,0.0,10613.187629,0,1,1700602061
2023-11-16,0x679d601aaa86cd555e8bfd48ddc8b4aade2a0f27,313,0x2f9677016cb1e92e8f8a999c4541650c80c8637a,0.0,0.0,48968.078704,0,1,1700683789
2023-11-16,0x679d601aaa86cd555e8bfd48ddc8b4aade2a0f27,316,0x8217157f6a42eecf3d07ef7c8d67ad416c3e9f02,25398.254235,25398.254235,0.0,1,0,1700666205
2023-11-16,0x679d601aaa86cd555e8bfd48ddc8b4aade2a0f27,364,0xe7b27bd74f522afa05732ba82b2f46a38d4be098,38786.635131,38786.635131,0.0,1,0,1700663383
2023-11-16,0x679d601aaa86cd555e8bfd48ddc8b4aade2a0f27,369,0xbfc7e3604c3bb518a4a15f8ceeaf06ed48ac0de2,74606.502617,74606.502617,0.0,1,0,1700667867
2023-11-16,0x679d601aaa86cd555e8bfd48ddc8b4aade2a0f27,376,0xff53e3a27b7252148e0f1daf4a00261eee59177f,0.0,0.0,18081.956675,0,1,1700690131
2023-11-16,0x679d601aaa86cd555e8bfd48ddc8b4aade2a0f27,398,0x48c7e0db3dad3fe4eb0513b86fe5c38ebb4e0f91,6567.157293,6567.157293,0.0,1,0,1700674447
2023-11-16,0x679d601aaa86cd555e8bfd48ddc8b4aade2a0f27,421,0xee9a23404333361302790e905bd0f27603d39818,30799.025177,30799.025177,0.0,1,0,1700678883
2023-11-16,0x679d601aaa86cd555e8bfd48ddc8b4aade2a0f27,426,0x0e39b12dc1f8a69202838f540684fb5ac307c9c1,0.0,0.0,14685.166183,0,1,1700691597
2023-11-16,0x679d601aaa86cd555e8bfd48ddc8b4aade2a0f27,452,0x21484a41b00c014c4ad5c92bbb7661fd7c1c9a2b,25976.272285,25976.272285,0.0,1,0,1700658785
2023-11-16,0x679d601aaa86cd555e8bfd48ddc8b4aade2a0f27,460,0x66fbb1cd0a879388005ea9e17c2d951c11334a9c,25127.357122,25127.357122,25127.357122,1,1,1700648693
2023-11-16,0x679d601aaa86cd555e8bfd48ddc8b4aade2a0f27,486,0x7ee615e93d2d58feb14e58ea93f3fb5940d227e4,15105.887492,15105.887492,0.0,1,0,1700668705
2023-11-16,0x679d601aaa86cd555e8bfd48ddc8b4aade2a0f27,504,0xcfba6d63ec822425775d3c509e60ff689c1ae1e7,4659.032332,4659.032332,4617.794222,1,1,1700693037
2023-11-16,0x679d601aaa86cd555e8bfd48ddc8b4aade2a0f27,536,0xf6ed81d5e9f61dd1ea21e96ae1d660ecc388ae4f,18887.527322,18887.527322,0.0,1,0,1700672587
2023-11-16,0x679d601aaa86cd555e8bfd48ddc8b4aade2a0f27,595,0xf89cb9b9b412feff16ca94c02db6faddccd51ce4,14545.903907,14545.903907,0.0,1,0,1700666109
2023-11-16,0x679d601aaa86cd555e8bfd48ddc8b4aade2a0f27,597,0x1ce0c2b445c8e87ea4c40b6e721d9a39b09f6459,0.0,0.0,7212.481137,0,1,1700688147
2023-11-16,0x679d601aaa86cd555e8bfd48ddc8b4aade2a0f27,612,0xb7db1273e05bb89c9c4858d3b0a280cf9dd38d69,17532.078335,17532.078335,0.0,1,0,1700663049
2023-11-16,0x679d601aaa86cd555e8bfd48ddc8b4aade2a0f27,618,0x622f88102bf8d68e65faf109f66e0781b46bbed3,37182.862998,37182.862998,0.0,1,0,1700658649
2023-11-16,0x679d601aaa86cd555e8bfd48ddc8b4aade2a0f27,636,0x599321b91d0e4e541f7d172ab1cacccc0d5a8e82,3316.842644,3316.842644,3316.842644,1,1,1700662671
2023-11-16,0x679d601aaa86cd555e8bfd48ddc8b4aade2a0f27,655,0x3590f55eecc2eb731e6888acf5e5c87f22be85be,31255.943346,31255.943346,0.0,1,0,1700662771
2023-11-16,0x679d601aaa86cd555e8bfd48ddc8b4aade2a0f27,694,0xbfc4fbbec37c291aed1d14f02b5221d0be0fe8f1,14156.725834,14156.725834,0.0,1,0,1700665941
2023-11-16,0x679d601aaa86cd555e8bfd48ddc8b4aade2a0f27,718,0xe12dbb4320caa9035c5d104620aa7a0debcbd554,0.0,0.0,26167.665862,0,1,1700690895
2023-11-16,0x679d601aaa86cd555e8bfd48ddc8b4aade2a0f27,737,0x7d374fe73fd8358a93c53e978477f7ba4129be0c,34195.884659,34195.884659,68340.021501,1,1,1700678759
2023-11-16,0x679d601aaa86cd555e8bfd48ddc8b4aade2a0f27,775,0xc210a5ef47b75851d5bfdf20d9a66a28df17a7a2,0.0,0.0,23190.934267,0,1,1700691037
2023-11-16,0x679d601aaa86cd555e8bfd48ddc8b4aade2a0f27,798,0x6a018ad51de844243ce7fb743c3e5f4481df6858,0.0,0.0,5506.200233,0,1,1700572441
2023-11-16,0x679d601aaa86cd555e8bfd48ddc8b4aade2a0f27,801,0x2c9c3050b242df683c5db26a0c5874c938e06b8f,0.0,0.0,21890.890734,0,1,1700689747
2023-11-16,0x679d601aaa86cd555e8bfd48ddc8b4aade2a0f27,875,0x5f449ca0c6ae1cac4c4830220229233f0b60c103,18588.533389,18588.533389,0.0,1,0,1700657689
2023-11-16,0x679d601aaa86cd555e8bfd48ddc8b4aade2a0f27,942,0x69e24369bfeda80348bd5104df01c4d8b33ecff9,0.0,0.0,20287.955787,0,1,1700633875
2023-11-16,0x679d601aaa86cd555e8bfd48ddc8b4aade2a0f27,946,0x4523b791292da89a9194b61ba4cd9d98f2af68e0,16501.272477,16501.272477,0.0,1,0,1700662067
2023-11-16,0x679d601aaa86cd555e8bfd48ddc8b4aade2a0f27,971,0xe3cfbf8fb378f5c4cf780077ee5c2ffe7aaea6dc,3998.488983,3998.488983,1578.11027,1,1,1700667051
2023-11-16,0x679d601aaa86cd555e8bfd48ddc8b4aade2a0f27,1053,0x3216a8a03b07b6b19cbc21d62c8942e625fc3e07,4113.469763,4113.469763,0.0,1,0,1700674237
2023-11-16,0x679d601aaa86cd555e8bfd48ddc8b4aade2a0f27,1096,0x0feeb7936a806bf2006eb3d73d3552eaf4300fec,0.0,0.0,12859.881706,0,1,1700692225
2023-11-16,0x679d601aaa86cd555e8bfd48ddc8b4aade2a0f27,1142,0x88afc9ea8dd40c6b4478532846d87ef614e0057d,12039.867736,12039.867736,0.0,1,0,1700661111
2023-11-16,0x679d601aaa86cd555e8bfd48ddc8b4aade2a0f27,1211,0x1d5faae928712c3db5543dc887c996e06e54cc0b,10716.963477,10716.963477,0.0,1,0,1700666915
2023-11-16,0x679d601aaa86cd555e8bfd48ddc8b4aade2a0f27,1221,0x564b3a3cf630d7b3b35ae78e47feb074bce2b06e,2544.576161,2544.576161,0.0,1,0,1700501619
2023-11-16,0x679d601aaa86cd555e8bfd48ddc8b4aade2a0f27,1222,0xfe22484158c747ccc0652d6f408b8a0547a59938,0.0,0.0,10591.721475,0,1,1700691003
2023-11-16,0x679d601aaa86cd555e8bfd48ddc8b4aade2a0f27,1255,0x4f4d6d47a8a764cf8dab8f544b055fbd109304af,5019.797319,5019.797319,0.0,1,0,1700671409
2023-11-16,0x679d601aaa86cd555e8bfd48ddc8b4aade2a0f27,1263,0x8ba6fb982cb4b6a240065376b944100bce31b9d6,0.0,0.0,9911.549153,0,1,1700686645
2023-11-16,0x679d601aaa86cd555e8bfd48ddc8b4aade2a0f27,1300,0x28c783bd0bad451861807cd48d250dc8ad5ec8f9,9513.979686,9513.979686,0.0,1,0,1700688355
2023-11-16,0x679d601aaa86cd555e8bfd48ddc8b4aade2a0f27,1469,0x8fc4faa9dd274dc801ca629234e83183031634ec,1911.458472,1911.458472,0.0,1,0,1700670725
2023-11-16,0x679d601aaa86cd555e8bfd48ddc8b4aade2a0f27,1473,0xb0720a40d6335df0ac90ff9e4b755217632ca78c,3815.095997,3815.095997,0.0,1,0,1700661197
2023-11-16,0x679d601aaa86cd555e8bfd48ddc8b4aade2a0f27,1538,0x7854163b1b0d24e77dca702b97b5cc33e0f83dcb,0.0,0.0,8501.864719,0,1,1700646897
2023-11-16,0x679d601aaa86cd555e8bfd48ddc8b4aade2a0f27,1618,0x8b478359b5593747473e67f78b1f0048c1c523ed,13291.749824,13291.749824,0.0,1,0,1700658157
2023-11-16,0x679d601aaa86cd555e8bfd48ddc8b4aade2a0f27,1662,0x5f05ed08e67cbd71e5f4819146c5409f405baee7,0.0,0.0,6161.609588,0,1,1700687367
2023-11-16,0x679d601aaa86cd555e8bfd48ddc8b4aade2a0f27,1764,0x7690453f91dbadef8a592a32c679d8f0f5e0116b,8114.089514,8114.089514,8022.46518,1,1,1700694131
2023-11-16,0x679d601aaa86cd555e8bfd48ddc8b4aade2a0f27,1766,0xd9105bfe2f1448acad670d102263389f7e2a8e0b,0.0,0.0,1328.572098,0,1,1700691295
2023-11-16,0x679d601aaa86cd555e8bfd48ddc8b4aade2a0f27,1775,0xf22862b5c8d5a17a68536521e0c82c5387bd65af,0.0,10736.006573,16001.840426,1,2,1700681137
2023-11-16,0x679d601aaa86cd555e8bfd48ddc8b4aade2a0f27,1856,0x4b7292679d439ccd83b972a5ff848b47391affca,0.0,0.0,4807.388883,0,1,1700688755
2023-11-16,0x679d601aaa86cd555e8bfd48ddc8b4aade2a0f27,1911,0xe2e61752ef7ed9ab04b61bcc88b918d5264dc259,4543.639625,4543.639625,0.0,1,0,1700675817
2023-11-16,0x679d601aaa86cd555e8bfd48ddc8b4aade2a0f27,1920,0x00c67d9d6d3d13b42a87424e145826c467cccd84,0.0,0.0,4513.198549,0,1,1700574745
2023-11-16,0x679d601aaa86cd555e8bfd48ddc8b4aade2a0f27,1959,0x6d1e0084a6910a8803ab7c22483a1a2db3f1001a,0.0,0.0,4379.848576,0,1,1700689045
2023-11-16,0x679d601aaa86cd555e8bfd48ddc8b4aade2a0f27,2009,0x33ec34b1b4bfcdc9b5e37ba4ab02f6e993a457ae,0.0,0.0,4379.185758,0,1,1700690967
2023-11-16,0x679d601aaa86cd555e8bfd48ddc8b4aade2a0f27,2042,0x8ccfbc13159c5916dbbf5815d899411aeb1876ef,0.0,0.0,4151.584603,0,1,1700665111
2023-11-16,0x679d601aaa86cd555e8bfd48ddc8b4aade2a0f27,2154,0xbed9c70eff039b2dbd8bafda08c53bfd986d0c1f,3896.392645,3896.392645,3890.898313,1,1,1700685903
2023-11-16,0x679d601aaa86cd555e8bfd48ddc8b4aade2a0f27,2225,0x9b6ad3558ea4dd6af9d1bc3cfdbd20c1d599c840,0.0,0.0,3717.598759,0,1,1700681607
2023-11-16,0x679d601aaa86cd555e8bfd48ddc8b4aade2a0f27,2226,0xdf632ea5ba8283488aae8538e17a2f802243a61a,0.0,0.0,3708.357679,0,1,1700688959
2023-11-16,0x679d601aaa86cd555e8bfd48ddc8b4aade2a0f27,2254,0xd4a766461855f69ebe6f08a8fdde55c97a009cae,3629.805563,3629.805563,0.0,1,0,1700663023
2023-11-16,0x679d601aaa86cd555e8bfd48ddc8b4aade2a0f27,2255,0xd8992543ef65dc04ba8e71be895435bee3ab796f,3691.05745,3691.05745,0.0,1,0,1700658775
2023-11-16,0x679d601aaa86cd555e8bfd48ddc8b4aade2a0f27,2362,0xbaa9b493bccbe1a900b39870980f41356f85822a,9531.064233,9531.064233,0.0,1,0,1700672771
2023-11-16,0x679d601aaa86cd555e8bfd48ddc8b4aade2a0f27,2496,0x6a90b0f458c45a6ccb805455fe1d3a69c93a18ec,0.0,0.0,3238.46639,0,1,1700686657
2023-11-16,0x679d601aaa86cd555e8bfd48ddc8b4aade2a0f27,2771,0xbd7041c03b68467a55596f375c3e4bb716406a23,0.0,0.0,1274.175873,0,1,1700683673
2023-11-16,0x679d601aaa86cd555e8bfd48ddc8b4aade2a0f27,2831,0x23d3c0d5e8226f18bf58bb3c68b149b3d7385936,0.0,0.0,2387.480569,0,1,1700691879
2023-11-16,0x679d601aaa86cd555e8bfd48ddc8b4aade2a0f27,2876,0x1d8c4d80464270afb50576cab66f08a29903747f,0.0,0.0,2224.396786,0,1,1700690689
2023-11-16,0x679d601aaa86cd555e8bfd48ddc8b4aade2a0f27,3182,0x2f9021771ede6a07324ae62cb4864105691248fb,0.0,0.0,2006.844658,0,1,1700646573
2023-11-16,0x679d601aaa86cd555e8bfd48ddc8b4aade2a0f27,3393,0x2446f1a75162f045d02f23d1d3b0f5a2c0f9a4cb,1500.995085,1500.995085,0.0,1,0,1700665153
2023-11-16,0x679d601aaa86cd555e8bfd48ddc8b4aade2a0f27,3744,0x41cb5d2a058bcf1ca12ea056807a12c21677ae7e,0.0,0.0,1052.62721,0,1,1700673889
2023-11-16,0x679d601aaa86cd555e8bfd48ddc8b4aade2a0f27,3915,0x120c7d2b23d969f96c09d353ad076c8bb64cb407,0.0,0.0,296.013438,0,1,1700680547
2023-11-16,0x679d601aaa86cd555e8bfd48ddc8b4aade2a0f27,4168,0x00fc321ff1d2becb6be797f076b4d11987c0ffb9,0.0,0.0,663.498804,0,1,1700686629
2023-11-16,0x679d601aaa86cd555e8bfd48ddc8b4aade2a0f27,4511,0x91615f66e5f9c82ea22e0f0aacf85561c731880c,0.0,0.0,517.231234,0,1,1700644375
2023-11-16,0x679d601aaa86cd555e8bfd48ddc8b4aade2a0f27,4756,0x7e73ff12a9883ea094162f6d15bd2592988ce070,0.0,0.0,434.633477,0,1,1700647163
2023-11-16,0x679d601aaa86cd555e8bfd48ddc8b4aade2a0f27,4876,0xb1d67ccacf4416f726615d42f27bcd1cc45e03c1,413.287514,413.287514,0.0,1,0,1700680535
2023-11-16,0x679d601aaa86cd555e8bfd48ddc8b4aade2a0f27,5095,0x989277137e5f118bc2dc8faa615fb7bf1857e6e3,393.557643,393.557643,393.557643,1,1,1700684073
2023-11-16,0x679d601aaa86cd555e8bfd48ddc8b4aade2a0f27,5237,0xa1efc03fe3318cc186bc48809a30b2fed31a2423,384.349337,384.349337,0.0,1,0,1700666033
2023-11-16,0x679d601aaa86cd555e8bfd48ddc8b4aade2a0f27,5338,0xc497a4a1655da235e69f6c32b7b8a2e59172f86d,0.0,0.0,94.798647,0,1,1700678601
2023-11-16,0x679d601aaa86cd555e8bfd48ddc8b4aade2a0f27,5402,0x4ecdab936c21e7b42feb6813e0ef8acb9f35e79e,0.0,0.0,376.407276,0,1,1700657259
2023-11-16,0x679d601aaa86cd555e8bfd48ddc8b4aade2a0f27,5570,0x19353b784ae308471cc9418c24e4b83bb40f7181,0.0,0.0,369.353462,0,1,1700657207
2023-11-16,0x679d601aaa86cd555e8bfd48ddc8b4aade2a0f27,5623,0x46f3cc6a1c00a5cd8864d2b92f128196cae07d15,0.0,0.0,258.59069,0,1,1700158783
2023-11-16,0x679d601aaa86cd555e8bfd48ddc8b4aade2a0f27,5901,0x2c7a4dbcf33080ac93b14be408b457eb40a7dfb8,90.248948,90.248948,90.248948,1,1,1700672299
2023-11-16,0x679d601aaa86cd555e8bfd48ddc8b4aade2a0f27,6063,0x68811b7700b567f31e33004b04fbaa33b78dc57d,363.854162,363.854162,0.0,1,0,1700666449
2023-11-16,0x679d601aaa86cd555e8bfd48ddc8b4aade2a0f27,6143,0x64df2ed136aa64add306e8499324b243861a07ce,0.0,0.0,354.400155,0,1,1700609733
2023-11-16,0x679d601aaa86cd555e8bfd48ddc8b4aade2a0f27,6151,0x6bd46edb7ebb742dd6fa514491b80241d2d83a57,0.0,0.0,167.212414,0,1,1700690053
2023-11-16,0x679d601aaa86cd555e8bfd48ddc8b4aade2a0f27,6330,0xb4765bee75a0fa0a2f66bf68ce1796c55854c154,349.827008,349.827008,0.0,1,0,1700673831
2023-11-16,0x679d601aaa86cd555e8bfd48ddc8b4aade2a0f27,6340,0x639e1e07800943464a26ab99eb7caebeb0b9a526,0.0,0.0,349.472582,0,1,1700673925
2023-11-16,0x679d601aaa86cd555e8bfd48ddc8b4aade2a0f27,6360,0x7d62cf2e7fe9de04aaefbb7b158abff76f786f27,349.188149,349.188149,349.188149,1,1,1700661205
2023-11-16,0x679d601aaa86cd555e8bfd48ddc8b4aade2a0f27,7121,0x011b0a055e02425461a1ae95b30f483c4ff05be7,0.0,0.0,55528.273427,0,1,1700693959
2023-11-16,0x679d601aaa86cd555e8bfd48ddc8b4aade2a0f27,7130,0x1f452ea54d4d934afadc300c61ca0a3b1bbde958,0.0,0.0,829.757168,0,1,1700685697
2023-11-16,0x679d601aaa86cd555e8bfd48ddc8b4aade2a0f27,7732,0xee9a23404333361302790e905bd0f27603d39818,4701.338539,4701.338539,0.0,1,0,1700678893
2023-11-16,0x679d601aaa86cd555e8bfd48ddc8b4aade2a0f27,7733,0x9f0f8f07ec71a6435f1574ec022e98b5445d4988,10592.695047,10592.695047,0.0,1,0,1700679057
2023-11-16,0x679d601aaa86cd555e8bfd48ddc8b4aade2a0f27,8032,0xf265702178a66b4b7ce079fc8a1629e47cf1bcde,0.0,0.0,165181.006647,0,1,1700686515
2023-11-16,0x679d601aaa86cd555e8bfd48ddc8b4aade2a0f27,8280,0x4ae6f3ec7b50e7b01a5b2b3a0b2688a65bb350a5,38.690865,38.690865,26.559846,1,1,1700230595
2023-11-16,0x679d601aaa86cd555e8bfd48ddc8b4aade2a0f27,8330,0xc42ca12276f6ed7a384abe67e81583a8c9bcf4e9,181316.114279,181316.114279,181178.923601,1,1,1700661655
2023-11-16,0x679d601aaa86cd555e8bfd48ddc8b4aade2a0f27,8343,0x6c6dc387b28edf1d2ccac7acc99f4238db1592ba,0.0,0.0,0.852173,0,1,1700643761
2023-11-16,0x679d601aaa86cd555e8bfd48ddc8b4aade2a0f27,8405,0x5d6f3d0c92d0564151357b0863e55e9ed4631b8d,0.0,0.0,1394.303495,0,1,1700691707
2023-11-16,0x679d601aaa86cd555e8bfd48ddc8b4aade2a0f27,8434,0x9f0f8f07ec71a6435f1574ec022e98b5445d4988,13843.988035,13843.988035,0.0,1,0,1700679071
2023-11-16,0x679d601aaa86cd555e8bfd48ddc8b4aade2a0f27,8456,0xc42ca12276f6ed7a384abe67e81583a8c9bcf4e9,36023.788974,36023.788974,35996.532003,1,1,1700661667
2023-11-16,0x679d601aaa86cd555e8bfd48ddc8b4aade2a0f27,8460,0xd1a0b66835d830e9ada42eef436f3aa8005b20b5,0.0,0.0,51657.033914,0,1,1700689529
2023-11-16,0x679d601aaa86cd555e8bfd48ddc8b4aade2a0f27,8485,0xfdbbfb0fe2986672af97eca0e797d76a0bbf35c9,0.0,497826.654761,994968.86854,1,2,1700693511
2023-11-16,0x679d601aaa86cd555e8bfd48ddc8b4aade2a0f27,8703,0xb215627ef2ff410d67eb9d8dec14d533b234051e,4990.456085,4990.456085,0.0,1,0,1700667307
2023-11-16,0x679d601aaa86cd555e8bfd48ddc8b4aade2a0f27,8782,0xeaba90bddbbbf7ec1a6b0483320c40840401e310,2.101807,2.101807,0.0,1,0,1700555751
2023-11-16,0x679d601aaa86cd555e8bfd48ddc8b4aade2a0f27,9220,0xf51e5a0a85d29aa0508894405d734bcf044dcb5b,145975.226507,145975.226507,0.0,1,0,1700665393
2023-11-16,0x679d601aaa86cd555e8bfd48ddc8b4aade2a0f27,9244,0x14debc53d8c0f8f58383b745f77389e042465b56,0.0,0.0,11392.075322,0,1,1700692653
2023-11-16,0x679d601aaa86cd555e8bfd48ddc8b4aade2a0f27,9296,0x9f0f8f07ec71a6435f1574ec022e98b5445d4988,12598.199276,12598.199276,0.0,1,0,1700679083
2023-11-16,0x679d601aaa86cd555e8bfd48ddc8b4aade2a0f27,9302,0xc42ca12276f6ed7a384abe67e81583a8c9bcf4e9,12599.3252,12599.3252,12589.792071,1,1,1700661689
2023-11-16,0x679d601aaa86cd555e8bfd48ddc8b4aade2a0f27,9347,0xc42ca12276f6ed7a384abe67e81583a8c9bcf4e9,143602.637641,143602.637641,143493.982415,1,1,1700661679
2023-11-16,0x679d601aaa86cd555e8bfd48ddc8b4aade2a0f27,9391,0xca2c43f9e2562ca7bf4508535e964cb715ca0ccf,0.0,0.0,27184.022233,0,1,1700693049
2023-11-16,0x679d601aaa86cd555e8bfd48ddc8b4aade2a0f27,9602,0x788d2c0813cac59770cdf36f7beb9bfc819b6475,644447.269613,644447.269613,0.0,1,0,1700696263
2023-11-16,0x679d601aaa86cd555e8bfd48ddc8b4aade2a0f27,9603,0x43e3267ce69862ffbeea59690cdb3e798f71ce7e,9517258.849065,9517258.849065,5619991.421514,1,1,1700681275
2023-11-16,0x679d601aaa86cd555e8bfd48ddc8b4aade2a0f27,9605,0x794d1ae064a5d2803cba821b7429d95cceccf1ea,3365591.257885,3365591.257885,2813716.769121,1,1,1700696243
2023-11-16,0x679d601aaa86cd555e8bfd48ddc8b4aade2a0f27,9624,0xc42ca12276f6ed7a384abe67e81583a8c9bcf4e9,100075.721102,100075.721102,100000.0,1,1,1700661697
2023-11-16,0x679d601aaa86cd555e8bfd48ddc8b4aade2a0f27,9738,0x6c6dc387b28edf1d2ccac7acc99f4238db1592ba,0.00077,0.00077,0.0,1,0,1700646371
2023-11-16,0x679d601aaa86cd555e8bfd48ddc8b4aade2a0f27,9743,0x1594b251df6b70ca9a01d4de0836ab4fd9811241,98534.577996,98534.577996,0.0,1,0,1700667973
2023-11-16,0x688f778c51db4d990bf1abaf8d33fd95e48c6641,5623,0x46f3cc6a1c00a5cd8864d2b92f128196cae07d15,184.968461,184.968461,0.0,1,0,1700158783
2023-11-16,0x6cdcb1c4a4d1c3c6d054b27ac5b77e89eafb971d,4414,0x39afe2176de832be2a5164e5fc91e27d1355c88d,0.0,0.0,554.600528,0,1,1700404303
2023-11-16,0x6dbbd2c5ec6a59f54fb0e5f750a245137ff0492c,24,0x208a17c5fabe5b90282e5906945ff335e39326c4,9153.262969,9153.262969,0.0,1,0,1700683823
2023-11-16,0x6dbbd2c5ec6a59f54fb0e5f750a245137ff0492c,47,0x011b0a055e02425461a1ae95b30f483c4ff05be7,0.0,0.0,391201.809102,0,1,1700693931
2023-11-16,0x6dbbd2c5ec6a59f54fb0e5f750a245137ff0492c,51,0x0f228805c03a693aa964a791e0b2e2c6e6c6513f,0.0,0.0,285150.605496,0,1,1700691351
2023-11-16,0x6dbbd2c5ec6a59f54fb0e5f750a245137ff0492c,55,0x285fed35cbea271a711681e84ffd83c68a596a75,111527.034105,111527.034105,0.0,1,0,1700683597
2023-11-16,0x6dbbd2c5ec6a59f54fb0e5f750a245137ff0492c,68,0x132e47cf2c19ec2d8dd56e1528fc7e18dc09188f,51618.173242,51618.173242,249400.308778,1,1,1700693779
2023-11-16,0x6dbbd2c5ec6a59f54fb0e5f750a245137ff0492c,103,0x1c2ed7a6c4e3c1146103fa222181115a72243a06,0.0,0.0,54737.710413,0,1,1700693443
2023-11-16,0x6dbbd2c5ec6a59f54fb0e5f750a245137ff0492c,105,0x208a17c5fabe5b90282e5906945ff335e39326c4,25928.125611,25928.125611,0.0,1,0,1700683839
2023-11-16,0x6dbbd2c5ec6a59f54fb0e5f750a245137ff0492c,110,0x05e09d942505764bca4475abf8efdbc21d1c535b,48822.833247,48822.833247,0.0,1,0,1700683789
2023-11-16,0x6dbbd2c5ec6a59f54fb0e5f750a245137ff0492c,114,0x611b0c1ed942b833c786c53883a4aa37a25602a6,0.0,0.0,46687.477513,0,1,1700684273
2023-11-16,0x6dbbd2c5ec6a59f54fb0e5f750a245137ff0492c,128,0x193578944fb0a0d31508f889528e9c345d90961b,0.0,0.0,82412.032676,0,1,1700641841
2023-11-16,0x6dbbd2c5ec6a59f54fb0e5f750a245137ff0492c,138,0x53e0b897eae600b2f6855fce4a42482e9229d2c2,0.0,0.0,181718.62629,0,1,1700664681
2023-11-16,0x6dbbd2c5ec6a59f54fb0e5f750a245137ff0492c,174,0x83bad39f067ef72e354f2ea9d318eaad381a7f15,61899.452056,61899.452056,0.0,1,0,1700684493
2023-11-16,0x6dbbd2c5ec6a59f54fb0e5f750a245137ff0492c,180,0x6a42c1f4dd8d9fcf3bd7bbcda396d12dda35ee9b,226806.567193,226806.567193,0.0,1,0,1700684917
2023-11-16,0x6dbbd2c5ec6a59f54fb0e5f750a245137ff0492c,186,0x32d6306ec178bcefe7b8d7302689376b42b047ee,0.0,0.0,836160.204204,0,1,1700649565
2023-11-16,0x6dbbd2c5ec6a59f54fb0e5f750a245137ff0492c,203,0x637fceaf3e5289d2b396b831335e7d8a180c5656,0.0,0.0,28546.185885,0,1,1700692921
2023-11-16,0x6dbbd2c5ec6a59f54fb0e5f750a245137ff0492c,209,0xfcbb477ec276476b6029ed0467f28f5ac1712884,0.0,0.0,101987.257201,0,1,1700693883
2023-11-16,0x6dbbd2c5ec6a59f54fb0e5f750a245137ff0492c,248,0xdaa12ca83de2fab833fc28ce1300ba6ddee67204,28361.023572,28361.023572,21172.433592,1,1,1700684365
2023-11-16,0x6dbbd2c5ec6a59f54fb0e5f750a245137ff0492c,269,0xb88d3ade7e4231c97038f6d82475a233772ffc25,0.0,0.0,126680.016214,0,1,1700666019
2023-11-16,0x6dbbd2c5ec6a59f54fb0e5f750a245137ff0492c,369,0xbfc7e3604c3bb518a4a15f8ceeaf06ed48ac0de2,0.0,0.0,74501.299429,0,1,1700667867
2023-11-16,0x6dbbd2c5ec6a59f54fb0e5f750a245137ff0492c,438,0xe87c09608c6306cb72977ddf65bcbc8200cc9a96,0.0,0.0,19515.663111,0,1,1700685693
2023-11-16,0x6dbbd2c5ec6a59f54fb0e5f750a245137ff0492c,512,0x3b1b211b3fce0d1ee9f5e1afeecadeb98378d0b0,0.0,0.0,14983.828655,0,1,1700662905
2023-11-16,0x6dbbd2c5ec6a59f54fb0e5f750a245137ff0492c,523,0xde93a283495fa2834047b53871a8e4e09f96d841,0.0,0.0,11251.31502,0,1,1700687221
2023-11-16,0x6dbbd2c5ec6a59f54fb0e5f750a245137ff0492c,585,0xe0d96d1e847d222aaf54366b74db508a393b8d8a,0.0,0.0,40000.002565,0,1,1700693965
2023-11-16,0x6dbbd2c5ec6a59f54fb0e5f750a245137ff0492c,658,0x7f64219e48e349295a580bca164434ea5d1e8433,0.0,0.0,35314.64879,0,1,1700693909
2023-11-16,0x6dbbd2c5ec6a59f54fb0e5f750a245137ff0492c,674,0xf076823122f106c2b7f21cbaacd1c9db1ce4cf27,0.0,0.0,7510.497361,0,1,1700667647
2023-11-16,0x6dbbd2c5ec6a59f54fb0e5f750a245137ff0492c,712,0xd565b4ce530a9720db5d030044acada55318c749,26891.779763,26891.779763,0.0,1,0,1700691981
2023-11-16,0x6dbbd2c5ec6a59f54fb0e5f750a245137ff0492c,717,0x24b1bf98402c33a78c96178b833f89dbde7e76a7,0.0,0.0,22564.248831,0,1,1700651017
2023-11-16,0x6dbbd2c5ec6a59f54fb0e5f750a245137ff0492c,858,0x9d068c281afa4f518e2393702adff6b4f22c1156,0.0,0.0,24593.11644,0,1,1700667165
2023-11-16,0x6dbbd2c5ec6a59f54fb0e5f750a245137ff0492c,879,0x34ff77a853a14579d2120ac08c5e342cee08ad71,0.0,0.0,9257.291448,0,1,1700693637
2023-11-16,0x6dbbd2c5ec6a59f54fb0e5f750a245137ff0492c,946,0x4523b791292da89a9194b61ba4cd9d98f2af68e0,0.0,0.0,16488.786985,0,1,1700662067
2023-11-16,0x6dbbd2c5ec6a59f54fb0e5f750a245137ff0492c,1159,0x54f2d57856e44dcf81880df34df300d145cc7d57,0.0,0.0,11793.86814,0,1,1700642563
2023-11-16,0x6dbbd2c5ec6a59f54fb0e5f750a245137ff0492c,1622,0x628a3240137ef7c5f729c6c106378edb3fa51250,0.0,0.0,6340.387244,0,1,1700693917
2023-11-16,0x6dbbd2c5ec6a59f54fb0e5f750a245137ff0492c,2421,0x9a2a659980a8fd84790b456696000c8eba9bc578,0.0,0.0,837.837625,0,1,1700690477
2023-11-16,0x6dbbd2c5ec6a59f54fb0e5f750a245137ff0492c,2507,0x4f46c9d3257d95e35a2441df2fdf293af13f47d9,0.0,0.0,3989.193523,0,1,1700666649
2023-11-16,0x6dbbd2c5ec6a59f54fb0e5f750a245137ff0492c,2965,0xc8aa83d7a13910536363d7c55599308fe2718c10,0.0,0.0,2019.488021,0,1,1700693377
2023-11-16,0x6dbbd2c5ec6a59f54fb0e5f750a245137ff0492c,2971,0x9a717799733552a3a49667dee2b6341bc4d8a38d,0.0,0.0,2058.12839,0,1,1700642305
2023-11-16,0x6dbbd2c5ec6a59f54fb0e5f750a245137ff0492c,3086,0x9b9e8bc43c15559653868587a193bd014dff5c65,0.0,0.0,2049.311779,0,1,1700595067
2023-11-16,0x6dbbd2c5ec6a59f54fb0e5f750a245137ff0492c,3804,0x2a57701cc3338ded47fe44695db146342cab2428,0.0,0.0,2240.245237,0,1,1700682985
2023-11-16,0x6dbbd2c5ec6a59f54fb0e5f750a245137ff0492c,3962,0xf51754d95c0b9bb416ab4915e9f10b04d04d29e5,0.0,0.0,859.611916,0,1,1700635789
2023-11-16,0x6dbbd2c5ec6a59f54fb0e5f750a245137ff0492c,4107,0xa8293dd8eb52564a35b8357a539146321b934153,0.0,0.0,739.93106,0,1,1700636065
2023-11-16,0x6dbbd2c5ec6a59f54fb0e5f750a245137ff0492c,4201,0x3a8b02caf5297f5904f6a236ba5bf53526e99c0d,0.0,0.0,690.537743,0,1,1700668327
2023-11-16,0x6dbbd2c5ec6a59f54fb0e5f750a245137ff0492c,4313,0x7bb9dccc97052ddef05141897fe8313fd4ad0418,0.0,0.0,615.267271,0,1,1700635937
2023-11-16,0x6dbbd2c5ec6a59f54fb0e5f750a245137ff0492c,4484,0x98e78cd936e6d7bb685d1cb3e4f3766322057183,0.0,0.0,131.032147,0,1,1700693467
2023-11-16,0x6dbbd2c5ec6a59f54fb0e5f750a245137ff0492c,5025,0x7386d48802560a1d90459de0af88103a1754b872,399.265568,399.265568,399.265568,1,1,1700676673
2023-11-16,0x6dbbd2c5ec6a59f54fb0e5f750a245137ff0492c,5476,0x3967d78660bcbc95c625d58a40c42ce10bd905d6,929.75826,929.75826,877.659545,1,1,1700648691
2023-11-16,0x6dbbd2c5ec6a59f54fb0e5f750a245137ff0492c,5693,0x80c5831a12fe013643b36d3af20822d7fc75c214,0.0,0.0,366.148298,0,1,1700311045
2023-11-16,0x6dbbd2c5ec6a59f54fb0e5f750a245137ff0492c,7121,0x011b0a055e02425461a1ae95b30f483c4ff05be7,0.0,0.0,17352.585446,0,1,1700693959
2023-11-16,0x6dbbd2c5ec6a59f54fb0e5f750a245137ff0492c,9249,0x4127143a866bf5d8ad2afb6de8e63164b8ad5bf6,172491.758347,172491.758347,172361.244513,1,1,1700684941
2023-11-16,0x6dbbd2c5ec6a59f54fb0e5f750a245137ff0492c,9602,0x788d2c0813cac59770cdf36f7beb9bfc819b6475,317414.326824,317414.326824,0.0,1,0,1700696263
2023-11-16,0x6dbbd2c5ec6a59f54fb0e5f750a245137ff0492c,9603,0x43e3267ce69862ffbeea59690cdb3e798f71ce7e,1490655.000456,1490655.000456,3440811.074397,1,1,1700681275
2023-11-16,0x6dbbd2c5ec6a59f54fb0e5f750a245137ff0492c,9605,0x794d1ae064a5d2803cba821b7429d95cceccf1ea,1657679.276272,1657679.276272,1658083.096089,1,1,1700696243
2023-11-16,0x6eab8c1b93f5799dadf2c687a30230a540dbd636,68,0x132e47cf2c19ec2d8dd56e1528fc7e18dc09188f,25809.086621,25809.086621,0.0,1,0,1700693779
2023-11-16,0x6eab8c1b93f5799dadf2c687a30230a540dbd636,649,0x3838433f63f4d4a24260f2485aacf5894ba7bc93,0.0,0.0,15884.209463,0,1,1700693915
2023-11-16,0x6eab8c1b93f5799dadf2c687a30230a540dbd636,1390,0xcb879f75c93f3cd545a7955f41419a96817cc5d9,8385.664366,8385.664366,0.0,1,0,1700676677
2023-11-16,0x6eab8c1b93f5799dadf2c687a30230a540dbd636,1430,0xfb07d2bdef2deb1ebec001644b4732ab77281c7a,20114.064549,20114.064549,0.0,1,0,1700668581
2023-11-16,0x6eab8c1b93f5799dadf2c687a30230a540dbd636,1748,0x6166e79c794750cdf8473ca5799f6d5c9ae74aac,5496.277078,5496.277078,0.0,1,0,1700688327
2023-11-16,0x6eab8c1b93f5799dadf2c687a30230a540dbd636,2073,0x518180f11414d823647daa068a5847d63c3f128c,4081.91552,4081.91552,0.0,1,0,1700693011
2023-11-16,0x6eab8c1b93f5799dadf2c687a30230a540dbd636,3138,0xd210ae3ea4bb169163f4e9876109a2c204ad3a87,2009.897263,2009.897263,0.0,1,0,1700683171
2023-11-16,0x6eab8c1b93f5799dadf2c687a30230a540dbd636,6374,0x61d16ca81b407b5b3125818017a8327a6782479f,348.921216,348.921216,0.0,1,0,1700667743
2023-11-16,0x6eab8c1b93f5799dadf2c687a30230a540dbd636,7122,0x011b0a055e02425461a1ae95b30f483c4ff05be7,30738.348744,30738.348744,0.0,1,0,1700693983
2023-11-16,0x6eab8c1b93f5799dadf2c687a30230a540dbd636,9190,0x9e4965d38dda1494903b5e1efa089b5709c65efb,139.088045,139.088045,141.055005,1,1,1700634693
2023-11-16,0x6eab8c1b93f5799dadf2c687a30230a540dbd636,9250,0x6d71973078b858dab13bf9894c3969df6e5fced7,0.0,0.0,2733.6,0,1,1700669035
2023-11-16,0x723aef6543aece026a15662be4d3fb3424d502a9,43,0x2ddb405238368695f34d30a80ab60c449aa5ce48,0.0,0.0,60536.047102,0,1,1700692465
2023-11-16,0x723aef6543aece026a15662be4d3fb3424d502a9,47,0x011b0a055e02425461a1ae95b30f483c4ff05be7,0.0,0.0,65200.301517,0,1,1700693931
2023-11-16,0x723aef6543aece026a15662be4d3fb3424d502a9,56,0x48a5a6a01ba89cddf97d2d552923d5a11401ed19,0.0,0.0,97484.66714,0,1,1700682157
2023-11-16,0x723aef6543aece026a15662be4d3fb3424d502a9,68,0x132e47cf2c19ec2d8dd56e1528fc7e18dc09188f,38713.629932,38713.629932,0.0,1,0,1700693779
2023-11-16,0x723aef6543aece026a15662be4d3fb3424d502a9,103,0x1c2ed7a6c4e3c1146103fa222181115a72243a06,0.0,0.0,54737.710413,0,1,1700693443
2023-11-16,0x723aef6543aece026a15662be4d3fb3424d502a9,109,0xbe7019f8333b0b3cfc707ac353ebc2123140134c,0.0,0.0,123776.724246,0,1,1700685425
2023-11-16,0x723aef6543aece026a15662be4d3fb3424d502a9,289,0x95b05f935655c37ada2088c5767e5006f230b068,28596.299937,28596.299937,11416.046901,1,1,1700693583
2023-11-16,0x723aef6543aece026a15662be4d3fb3424d502a9,304,0xbbb33d2e7bd7ddc722e53da9ca8ee97df41cfabf,0.0,0.0,10613.187629,0,1,1700602061
2023-11-16,0x723aef6543aece026a15662be4d3fb3424d502a9,391,0x6fe797a05359c9d91b1f85d418e2ed4ea6c65a8f,0.0,0.0,33508.05529,0,1,1700637595
2023-11-16,0x723aef6543aece026a15662be4d3fb3424d502a9,935,0xedbf8de67f84fb7f166652f9338a9a06fbe33893,0.0,0.0,8350.974084,0,1,1700673023
2023-11-16,0x723aef6543aece026a15662be4d3fb3424d502a9,1256,0x5345462544ed763639519376c298e939228dd1f4,0.0,0.0,10355.248519,0,1,1700686863
2023-11-16,0x723aef6543aece026a15662be4d3fb3424d502a9,1436,0xfbe12d942b8c152248fd118f598c08124ff3d7de,0.0,0.0,9826.336303,0,1,1700683051
2023-11-16,0x723aef6543aece026a15662be4d3fb3424d502a9,1489,0xabe780bdc3872b4dec16bd44b2bb999f9151ae28,8132.710334,8132.710334,8032.867194,1,1,1700190059
2023-11-16,0x723aef6543aece026a15662be4d3fb3424d502a9,1570,0x0be7b271ba03874ad78d712246066c20c81693d3,1013.753813,1013.753813,1013.753813,1,1,1700274853
2023-11-16,0x723aef6543aece026a15662be4d3fb3424d502a9,1780,0x2f7b7b0ea9b9cec865b38600551e6eb51014dfa3,0.0,0.0,5228.881881,0,1,1700683341
2023-11-16,0x723aef6543aece026a15662be4d3fb3424d502a9,1819,0x90b50ee9aeb83001fbeaf61541fc666341f36400,0.0,0.0,5052.535988,0,1,1700688177
2023-11-16,0x723aef6543aece026a15662be4d3fb3424d502a9,2004,0xeb3f3f5b1ec4430451059cb6bddc984f723c037a,0.0,0.0,4247.813883,0,1,1700676279
2023-11-16,0x723aef6543aece026a15662be4d3fb3424d502a9,2011,0xe116d5f4ccd817e93a4827b4b1166fb3fa61bec5,0.0,0.0,4235.955762,0,1,1700675305
2023-11-16,0x723aef6543aece026a15662be4d3fb3424d502a9,2185,0x36e0edc88cd1902f189ac922a4401cf4f389a110,0.0,0.0,3830.461045,0,1,1700683495
2023-11-16,0x723aef6543aece026a15662be4d3fb3424d502a9,2266,0xb00f8b601558243c9abcddabd54ea17f70471b8e,0.0,0.0,2004.462631,0,1,1700689711
2023-11-16,0x723aef6543aece026a15662be4d3fb3424d502a9,2795,0x9f834835927a0d9d589620669c0cd16b6af87d57,0.0,0.0,1902.877611,0,1,1700155745
2023-11-16,0x723aef6543aece026a15662be4d3fb3424d502a9,3014,0xb46c872fe2f96ad7a39645658f719b535dba6ef2,0.0,0.0,1918.916096,0,1,1700666767
2023-11-16,0x723aef6543aece026a15662be4d3fb3424d502a9,3019,0xd51dc8660c014c1beaff0f2085c574752800351c,0.0,0.0,1916.659811,0,1,1700666697
2023-11-16,0x723aef6543aece026a15662be4d3fb3424d502a9,3391,0xb9be40bdec31ec3935830acc8bcaad1a431f8bb0,0.0,0.0,1452.750062,0,1,1700693723
2023-11-16,0x723aef6543aece026a15662be4d3fb3424d502a9,3908,0xf60de76791c2f09995df52aa1c6e2e7dcf1e75d7,1540.873415,1540.873415,955.098214,1,1,1700693341
2023-11-16,0x723aef6543aece026a15662be4d3fb3424d502a9,4211,0x6c6418d85470512d0b79ad5b7fdcc6ddeffe1835,341.979339,341.979339,341.979339,1,1,1700382321
2023-11-16,0x723aef6543aece026a15662be4d3fb3424d502a9,4501,0x6ee5ba66d2ed642d0a3a92f002631fe3364e9054,0.0,0.0,519.640872,0,1,1700687799
2023-11-16,0x723aef6543aece026a15662be4d3fb3424d502a9,4644,0x54bf5834b8ac11a33f98dd3283e496d89768f490,0.0,0.0,894.62952,0,1,1700693499
2023-11-16,0x723aef6543aece026a15662be4d3fb3424d502a9,4657,0xd4ddc6316f5704d43518aa574325eeefc33bd3c9,459.609826,459.609826,459.609826,1,1,1700503033
2023-11-16,0x723aef6543aece026a15662be4d3fb3424d502a9,5465,0x1e6f4bc39b916e581929fc72b5190e08b4751941,0.0,0.0,364.676101,0,1,1700682843
2023-11-16,0x723aef6543aece026a15662be4d3fb3424d502a9,5841,0xe14a13b8eb93b6569a748ea57a1a97025fc82be9,362.047732,362.047732,0.0,1,0,1700693767
2023-11-16,0x723aef6543aece026a15662be4d3fb3424d502a9,7121,0x011b0a055e02425461a1ae95b30f483c4ff05be7,55570.320047,55570.320047,0.0,1,0,1700693959
2023-11-16,0x723aef6543aece026a15662be4d3fb3424d502a9,7122,0x011b0a055e02425461a1ae95b30f483c4ff05be7,43545.994054,43545.994054,25595.909116,1,1,1700693983
2023-11-16,0x723aef6543aece026a15662be4d3fb3424d502a9,7139,0x2f7b7b0ea9b9cec865b38600551e6eb51014dfa3,0.0,0.0,3875.318288,0,1,1700683743
2023-11-16,0x723aef6543aece026a15662be4d3fb3424d502a9,7141,0x36e0edc88cd1902f189ac922a4401cf4f389a110,0.0,0.0,3641.615393,0,1,1700683513
2023-11-16,0x723aef6543aece026a15662be4d3fb3424d502a9,9435,0xfec11b5757f1694866155bd0989709ce58e8dccc,0.0,0.0,32612.213899,0,1,1700651513
2023-11-16,0x7f670f78b17dec44d5ef68a48740b6f8849cc2e6,9,0x08e18394086cb624b3d47430d115fafa01f4055e,799811.301976,799811.301976,0.0,1,0,1700570441
2023-11-16,0x7f670f78b17dec44d5ef68a48740b6f8849cc2e6,23,0xc01a1cd505e6afcd3ced2ee1bac67890497f6654,191691.921139,191691.921139,0.0,1,0,1700671491
2023-11-16,0x7f670f78b17dec44d5ef68a48740b6f8849cc2e6,24,0x208a17c5fabe5b90282e5906945ff335e39326c4,9153.262969,9153.262969,3650.549523,1,1,1700683823
2023-11-16,0x7f670f78b17dec44d5ef68a48740b6f8849cc2e6,27,0x6665e62ef6f6db29d5f8191fbac472222c2cc80f,124655.829486,124655.829486,0.0,1,0,1700637797
2023-11-16,0x7f670f78b17dec44d5ef68a48740b6f8849cc2e6,51,0x0f228805c03a693aa964a791e0b2e2c6e6c6513f,713416.311693,713416.311693,0.0,1,0,1700691351
2023-11-16,0x7f670f78b17dec44d5ef68a48740b6f8849cc2e6,55,0x285fed35cbea271a711681e84ffd83c68a596a75,111527.034105,111527.034105,0.0,1,0,1700683597
2023-11-16,0x7f670f78b17dec44d5ef68a48740b6f8849cc2e6,105,0x208a17c5fabe5b90282e5906945ff335e39326c4,25928.125611,25928.125611,10340.783053,1,1,1700683839
2023-11-16,0x7f670f78b17dec44d5ef68a48740b6f8849cc2e6,114,0x611b0c1ed942b833c786c53883a4aa37a25602a6,93445.659571,93445.659571,0.0,1,0,1700684273
2023-11-16,0x7f670f78b17dec44d5ef68a48740b6f8849cc2e6,121,0xede54584f748480851cad467b82c6a1173bebe10,67490.513097,134981.026193,134705.286078,2,2,1700098427
2023-11-16,0x7f670f78b17dec44d5ef68a48740b6f8849cc2e6,165,0x54ecb3397b0bf31cb0b81eb2444e2a7b32507d8b,0.0,0.0,81470.346363,0,1,1700689629
2023-11-16,0x7f670f78b17dec44d5ef68a48740b6f8849cc2e6,203,0x637fceaf3e5289d2b396b831335e7d8a180c5656,0.0,0.0,19115.713124,0,1,1700692921
2023-11-16,0x7f670f78b17dec44d5ef68a48740b6f8849cc2e6,272,0x48c49024e2885679d0c9eb3d4d6e73f2542b5839,61633.286459,61633.286459,30816.64323,1,1,1700678809
2023-11-16,0x7f670f78b17dec44d5ef68a48740b6f8849cc2e6,281,0xea04a9fe2cef51b504e7da8cf1b859454ae27030,41845.068064,41845.068064,0.0,1,0,1700280193
2023-11-16,0x7f670f78b17dec44d5ef68a48740b6f8849cc2e6,304,0xbbb33d2e7bd7ddc722e53da9ca8ee97df41cfabf,21242.448103,21242.448103,0.0,1,0,1700602061
2023-11-16,0x7f670f78b17dec44d5ef68a48740b6f8849cc2e6,339,0x2efba4ccd1aee02c9f37467ac281465d688e6469,88485.14969,88485.14969,88360.376118,1,1,1700689435
2023-11-16,0x7f670f78b17dec44d5ef68a48740b6f8849cc2e6,371,0x84572c31acdd30c03982e27b809d30b1efbcd8f2,84180.236734,84180.236734,0.0,1,0,1700160165
2023-11-16,0x7f670f78b17dec44d5ef68a48740b6f8849cc2e6,388,0x823bf98d9f1119ae040aaef8118f13a612324112,69031.26611,69031.26611,0.0,1,0,1700334921
2023-11-16,0x7f670f78b17dec44d5ef68a48740b6f8849cc2e6,400,0x1b08bc49accb4fb813bc9cb7f3a1f7f93510010e,65379.030893,65379.030893,0.0,1,0,1700528195
2023-11-16,0x7f670f78b17dec44d5ef68a48740b6f8849cc2e6,405,0x2f707265e61300e8290c18e38ebcbd129fb0b0f5,90141.184741,90141.184741,122592.011248,1,1,1700347421
2023-11-16,0x7f670f78b17dec44d5ef68a48740b6f8849cc2e6,417,0xbe93d14c5defb8f41af8fb092f58e3c71c712b85,15267.12831,15267.12831,15255.57662,1,1,1700143241
2023-11-16,0x7f670f78b17dec44d5ef68a48740b6f8849cc2e6,446,0xb760c246db7eee48169c729d0394a7773be6a376,53225.985639,53225.985639,0.0,1,0,1700532113
2023-11-16,0x7f670f78b17dec44d5ef68a48740b6f8849cc2e6,462,0x0952615cd36904d97c736a0b0a5eea75c75e26d8,46952.4481,46952.4481,0.0,1,0,1700161869
2023-11-16,0x7f670f78b17dec44d5ef68a48740b6f8849cc2e6,464,0xec3878066f14315e5d1771a9ca07d887d6ea8fd9,0.0,0.0,133518.642279,0,1,1700690275
2023-11-16,0x7f670f78b17dec44d5ef68a48740b6f8849cc2e6,465,0x8c9277158dd4647cf6cc9b9fe21f78ae25fe42c9,49678.741234,49678.741234,0.0,1,0,1700169005
2023-11-16,0x7f670f78b17dec44d5ef68a48740b6f8849cc2e6,494,0x153b4f4f2c6c284f844a53eb2e097d23b7bfa4dd,44552.187178,44552.187178,0.0,1,0,1700660369
2023-11-16,0x7f670f78b17dec44d5ef68a48740b6f8849cc2e6,499,0xbec85812e620b56525681312b12efce711a58135,24495.067356,24495.067356,48692.38227,1,1,1700680009
2023-11-16,0x7f670f78b17dec44d5ef68a48740b6f8849cc2e6,501,0xdf19049d52b307bce8eeb325a2c9ccedc1939bec,43841.6939,43841.6939,0.0,1,0,1700100259
2023-11-16,0x7f670f78b17dec44d5ef68a48740b6f8849cc2e6,524,0x76da9f88e63a85ba8bfa19f3821d5a271753d3dc,41659.034965,41659.034965,0.0,1,0,1700183555
2023-11-16,0x7f670f78b17dec44d5ef68a48740b6f8849cc2e6,543,0x6613a1521394c2f17c7d705e48279e44c2a01936,12044.028465,12044.028465,12013.744597,1,1,1700098151
2023-11-16,0x7f670f78b17dec44d5ef68a48740b6f8849cc2e6,565,0x9e32643153bb21a77a5a757d6c51a01aebea0fa7,38223.232836,38223.232836,0.0,1,0,1700476889
2023-11-16,0x7f670f78b17dec44d5ef68a48740b6f8849cc2e6,568,0xfd9ce79fd7f62ca88ace958cd2716f4cce25e2df,38074.886335,38074.886335,0.0,1,0,1700115629
2023-11-16,0x7f670f78b17dec44d5ef68a48740b6f8849cc2e6,575,0x94587a95917188b338c822de2d1e77074131589f,9382.122917,9382.122917,9375.024046,1,1,1700332877
2023-11-16,0x7f670f78b17dec44d5ef68a48740b6f8849cc2e6,597,0x1ce0c2b445c8e87ea4c40b6e721d9a39b09f6459,3606.240568,3606.240568,0.0,1,0,1700688147
2023-11-16,0x7f670f78b17dec44d5ef68a48740b6f8849cc2e6,606,0x27f33f5af3125c7488051134872e6e7a3c5a644a,35489.508204,35489.508204,0.0,1,0,1700482083
2023-11-16,0x7f670f78b17dec44d5ef68a48740b6f8849cc2e6,642,0xf1b0e78a2bc422df50ec9ee4c324895c9b79f80a,40722.619818,40722.619818,0.0,1,0,1700114615
2023-11-16,0x7f670f78b17dec44d5ef68a48740b6f8849cc2e6,682,0x510bd1a857df836c2ad57aa3a6fae396e011d958,29176.495037,29176.495037,0.0,1,0,1700525551
2023-11-16,0x7f670f78b17dec44d5ef68a48740b6f8849cc2e6,711,0x74e8beb278dc75d26d5918ae83bf85b58c82d3fb,28365.032635,28365.032635,0.0,1,0,1700129393
2023-11-16,0x7f670f78b17dec44d5ef68a48740b6f8849cc2e6,712,0xd565b4ce530a9720db5d030044acada55318c749,0.0,0.0,13445.889881,0,1,1700691981
2023-11-16,0x7f670f78b17dec44d5ef68a48740b6f8849cc2e6,723,0x65268d4fb73544b6056fa4f4bf20fc90e0b12a80,15709.703051,15709.703051,0.0,1,0,1700440075
2023-11-16,0x7f670f78b17dec44d5ef68a48740b6f8849cc2e6,754,0x4d3869e2451d28bb4f03aeda60322eaf01e912db,13394.150612,13394.150612,0.0,1,0,1700600407
2023-11-16,0x7f670f78b17dec44d5ef68a48740b6f8849cc2e6,759,0xeead1396fe5f0daec6dbc04d8a43e85dde4d97da,12243.131499,12243.131499,0.0,1,0,1700280265
2023-11-16,0x7f670f78b17dec44d5ef68a48740b6f8849cc2e6,769,0x38e76e6d3024475e2d39deb94b2797ce801381c0,23565.526863,23565.526863,0.0,1,0,1700309541
2023-11-16,0x7f670f78b17dec44d5ef68a48740b6f8849cc2e6,774,0x98d925821767edcf7e773810e74244026b6e8a35,2334.984607,2334.984607,2334.984607,1,1,1700590787
2023-11-16,0x7f670f78b17dec44d5ef68a48740b6f8849cc2e6,854,0xb0796f5bba95dff18fb1de01d44e48d4d0df5118,19599.766859,19599.766859,0.0,1,0,1700099799
2023-11-16,0x7f670f78b17dec44d5ef68a48740b6f8849cc2e6,882,0x23146a7907987ab0bdcebb3a3824072be077ea48,18414.020942,18414.020942,0.0,1,0,1700567945
2023-11-16,0x7f670f78b17dec44d5ef68a48740b6f8849cc2e6,887,0x50fa50fa2032d85eb2dda303929bf56886aa9afb,16562.95659,16562.95659,0.0,1,0,1700614411
2023-11-16,0x7f670f78b17dec44d5ef68a48740b6f8849cc2e6,889,0x4c37700d949db46aa11a9f1627070f9af31f8011,9134.557702,9134.557702,0.0,1,0,1700192623
2023-11-16,0x7f670f78b17dec44d5ef68a48740b6f8849cc2e6,912,0x49a5492fdfe5acc966dd5f41310dfdfe8daa349c,25344.236995,25344.236995,0.0,1,0,1700671375
2023-11-16,0x7f670f78b17dec44d5ef68a48740b6f8849cc2e6,973,0x89468c809f87e3748488a241839b4b22bfe94bdd,15733.855151,15733.855151,0.0,1,0,1700165301
2023-11-16,0x7f670f78b17dec44d5ef68a48740b6f8849cc2e6,991,0x986fcc6b0d290308ad6f6a0e8471f74f53dec06a,15286.375678,15286.375678,0.0,1,0,1700114791
2023-11-16,0x7f670f78b17dec44d5ef68a48740b6f8849cc2e6,1006,0x806388e04b7583a0148451a8ecd29a748b8fd584,7462.046276,7462.046276,4473.840124,1,1,1700526589
2023-11-16,0x7f670f78b17dec44d5ef68a48740b6f8849cc2e6,1018,0x1b7ea7d42c476a1e2808f23e18d850c5a4692df7,14660.759437,14660.759437,0.0,1,0,1700522695
2023-11-16,0x7f670f78b17dec44d5ef68a48740b6f8849cc2e6,1027,0x5f4f120d8435ea38f0f4635a910fee03801be88d,23988.00936,23988.00936,0.0,1,0,1700586975
2023-11-16,0x7f670f78b17dec44d5ef68a48740b6f8849cc2e6,1063,0xe8a17d5276f9c665e7713a2f7a4a0a388915af8d,13390.617267,13390.617267,0.0,1,0,1700522229
2023-11-16,0x7f670f78b17dec44d5ef68a48740b6f8849cc2e6,1079,0x73ea5b1ab2f4a36556b0a57381ed0101643615f3,18513.222678,18513.222678,0.0,1,0,1700105603
2023-11-16,0x7f670f78b17dec44d5ef68a48740b6f8849cc2e6,1090,0x1b89a08d82079337740e1cef68c571069725306e,12980.64836,12980.64836,0.0,1,0,1700524253
2023-11-16,0x7f670f78b17dec44d5ef68a48740b6f8849cc2e6,1099,0xe8b55fd62045d51274812e5c3ab803055c0e3eaa,6431.900967,12848.707645,6416.806678,2,1,1700654281
2023-11-16,0x7f670f78b17dec44d5ef68a48740b6f8849cc2e6,1124,0x78ce9fe8d59e2e39fc100a02d30109b16d2d7fd9,20547.770373,20547.770373,0.0,1,0,1700303765
2023-11-16,0x7f670f78b17dec44d5ef68a48740b6f8849cc2e6,1136,0xec99bbb6137a80c959db44fdcda5d0ace324e7ce,12453.79781,12453.79781,0.0,1,0,1700432545
2023-11-16,0x7f670f78b17dec44d5ef68a48740b6f8849cc2e6,1149,0x93b82c49c2af67797977ae344c07884164e6a592,0.0,0.0,3936.777838,0,1,1700592989
2023-11-16,0x7f670f78b17dec44d5ef68a48740b6f8849cc2e6,1150,0x62365e0af7b6a188d063825afa3399ba0b5aa7cd,12177.703886,12177.703886,0.0,1,0,1700113299
2023-11-16,0x7f670f78b17dec44d5ef68a48740b6f8849cc2e6,1212,0x5bb96c35a68cba037d0f261c67477416db137f03,10766.139152,10766.139152,10750.957739,1,1,1700361693
2023-11-16,0x7f670f78b17dec44d5ef68a48740b6f8849cc2e6,1221,0x564b3a3cf630d7b3b35ae78e47feb074bce2b06e,2544.576161,2544.576161,0.0,1,0,1700501619
2023-11-16,0x7f670f78b17dec44d5ef68a48740b6f8849cc2e6,1295,0x4334703b0b74e2045926f82f4158a103fce1df4f,9454.802686,9454.802686,0.0,1,0,1700381449
2023-11-16,0x7f670f78b17dec44d5ef68a48740b6f8849cc2e6,1391,0xf9b7850ee758ca9878a052aeed04f24a50531ea1,42355.645629,42355.645629,0.0,1,0,1700492851
2023-11-16,0x7f670f78b17dec44d5ef68a48740b6f8849cc2e6,1394,0x7a49983815a5f0499e590698c44adfe766e6812f,8372.862756,8372.862756,0.0,1,0,1700140259
2023-11-16,0x7f670f78b17dec44d5ef68a48740b6f8849cc2e6,1405,0xc96088187468ccdfad6154442cb0204dd323314c,8162.884264,8162.884264,0.0,1,0,1700382103
2023-11-16,0x7f670f78b17dec44d5ef68a48740b6f8849cc2e6,1406,0x196d44adcdf5083a1effd9a8922683fcfc110f5e,8173.048883,8173.048883,0.0,1,0,1700449973
2023-11-16,0x7f670f78b17dec44d5ef68a48740b6f8849cc2e6,1423,0xcd9141a4edea3ecc66e958b058981d8a84cce240,7991.906213,7991.906213,0.0,1,0,1700654671
2023-11-16,0x7f670f78b17dec44d5ef68a48740b6f8849cc2e6,1425,0x248b007f76e7616791b8fe278c93096ddcf67f25,0.0,0.0,6879.495915,0,1,1700692231
2023-11-16,0x7f670f78b17dec44d5ef68a48740b6f8849cc2e6,1431,0x7fbd935c9972b6a4c0b6f7c6f650996677bf6e0a,7954.041157,7954.041157,0.0,1,0,1700424793
2023-11-16,0x7f670f78b17dec44d5ef68a48740b6f8849cc2e6,1455,0x7f44628bd0f7921820107392edad71abddcb17f9,8135.251684,8135.251684,0.0,1,0,1700581289
2023-11-16,0x7f670f78b17dec44d5ef68a48740b6f8849cc2e6,1478,0x58c4f03a954e4cbb1b8e204a881a8e9a99d015dd,5007.072687,5007.072687,0.0,1,0,1700612469
2023-11-16,0x7f670f78b17dec44d5ef68a48740b6f8849cc2e6,1540,0xfff6eb6fae78e604c93b35c97f6892e36acb1dbd,6990.4297,6990.4297,0.0,1,0,1700100279
2023-11-16,0x7f670f78b17dec44d5ef68a48740b6f8849cc2e6,1624,0xc4f39ba15f5376732c594523408ea2e5149aa43d,6366.009652,6366.009652,0.0,1,0,1700143247
2023-11-16,0x7f670f78b17dec44d5ef68a48740b6f8849cc2e6,1673,0x1b1dec1f6764df3b94fe991d206abde03b1dba9a,6081.636011,6081.636011,0.0,1,0,1700287335
2023-11-16,0x7f670f78b17dec44d5ef68a48740b6f8849cc2e6,1679,0x018439894b681cc2aaddb613a425a1cfa6e59c29,6094.350742,6094.350742,0.0,1,0,1700114915
2023-11-16,0x7f670f78b17dec44d5ef68a48740b6f8849cc2e6,1696,0x915c4580dffd112db25a6cf06c76cdd9009637b7,5934.976913,5934.976913,5934.976913,1,1,1700144291
2023-11-16,0x7f670f78b17dec44d5ef68a48740b6f8849cc2e6,1703,0x5c4adac003213c3bd26fbcd3419064f0cb9df76e,5890.157496,5890.157496,0.0,1,0,1700653815
2023-11-16,0x7f670f78b17dec44d5ef68a48740b6f8849cc2e6,1707,0x3159bfbb1f89b363c24ead3aa5aaafe400269e69,6257.508025,6257.508025,0.0,1,0,1700288805
2023-11-16,0x7f670f78b17dec44d5ef68a48740b6f8849cc2e6,1710,0x544d7d8eab614ba0786f1660f3371a89e2cd40c4,6192.190549,6192.190549,0.0,1,0,1700412617
2023-11-16,0x7f670f78b17dec44d5ef68a48740b6f8849cc2e6,1724,0x179eeb87a643f2f9db0d10f056a34a16e2e7ac55,7222.879475,7222.879475,0.0,1,0,1700690521
2023-11-16,0x7f670f78b17dec44d5ef68a48740b6f8849cc2e6,1740,0x5be66fe7e6bfffa5af7d9f9a3b49ae7c50ca54df,5567.975023,5567.975023,0.0,1,0,1700216541
2023-11-16,0x7f670f78b17dec44d5ef68a48740b6f8849cc2e6,1799,0xac98dc2496bcd84b6f1079d90dd37734137b126b,5102.587932,5102.587932,0.0,1,0,1700110725
2023-11-16,0x7f670f78b17dec44d5ef68a48740b6f8849cc2e6,1862,0x5f05a92fafe95a92e302bd0dd1479db425b4dc17,5277.771859,5277.771859,0.0,1,0,1700635803
2023-11-16,0x7f670f78b17dec44d5ef68a48740b6f8849cc2e6,1863,0x6547835644105f1313ffd5194f467720837b0c8c,1436.278289,1436.278289,0.0,1,0,1700633265
2023-11-16,0x7f670f78b17dec44d5ef68a48740b6f8849cc2e6,1868,0x03b0e4a19f357a112be59d658ec4e2834d510f39,4759.934443,4759.934443,0.0,1,0,1700408531
2023-11-16,0x7f670f78b17dec44d5ef68a48740b6f8849cc2e6,1895,0xddc3244a5857a15d19dfc5ab66cf9565ac362f44,5315.256981,5315.256981,0.0,1,0,1700643083
2023-11-16,0x7f670f78b17dec44d5ef68a48740b6f8849cc2e6,1957,0x2d5a17539943a8c1a753578af3b4f91c9eb85eb9,16471.492081,16471.492081,0.0,1,0,1700584353
2023-11-16,0x7f670f78b17dec44d5ef68a48740b6f8849cc2e6,1974,0x6858a4d8d7d0297c138b403b6a34cb3b424b7f4a,4330.784215,4330.784215,0.0,1,0,1700097179
2023-11-16,0x7f670f78b17dec44d5ef68a48740b6f8849cc2e6,2022,0x9a4773eeee73e34e1ee0e9a64e4b7453b0b04246,4210.116645,4210.116645,0.0,1,0,1700114303
2023-11-16,0x7f670f78b17dec44d5ef68a48740b6f8849cc2e6,2050,0xf71953b029dba0517d6eb7cbda9dd390728ddb98,4123.833194,4123.833194,0.0,1,0,1700107307
2023-11-16,0x7f670f78b17dec44d5ef68a48740b6f8849cc2e6,2083,0x2c9bdd583e515eb958cb60ffe663b3acf16412d5,4061.315186,4061.315186,0.0,1,0,1700542017
2023-11-16,0x7f670f78b17dec44d5ef68a48740b6f8849cc2e6,2087,0x4d85e4f760fb58e380f02657ae5aafb8bd010601,3532.454357,3532.454357,0.0,1,0,1700268821
2023-11-16,0x7f670f78b17dec44d5ef68a48740b6f8849cc2e6,2129,0x9e136c1c6d31504f6b0af8cba2cd3f1ea77b2e2b,862.463532,862.463532,0.0,1,0,1700124211
2023-11-16,0x7f670f78b17dec44d5ef68a48740b6f8849cc2e6,2167,0xba386d72ee66b86c51ec92e75b6a32e2563bfd59,4216.049503,4216.049503,0.0,1,0,1700219677
2023-11-16,0x7f670f78b17dec44d5ef68a48740b6f8849cc2e6,2242,0x288a2395f027f65684d836754ba43afa20ca09e6,3654.773174,3654.773174,0.0,1,0,1700116001
2023-11-16,0x7f670f78b17dec44d5ef68a48740b6f8849cc2e6,2281,0x1d884c7d4132bb1d75bfd228ce9447d82527a217,3593.692548,3593.692548,0.0,1,0,1700101131
2023-11-16,0x7f670f78b17dec44d5ef68a48740b6f8849cc2e6,2294,0x18f7485c58e26842063af692e595603a8da006a1,3548.522293,3548.522293,0.0,1,0,1700155133
2023-11-16,0x7f670f78b17dec44d5ef68a48740b6f8849cc2e6,2300,0x45adff324eb1ac03a6a115dc539052232d4ba980,4028.677917,4028.677917,0.0,1,0,1700617517
2023-11-16,0x7f670f78b17dec44d5ef68a48740b6f8849cc2e6,2312,0x3fe2e08a1f7766606574a91a5cfaf3342d023947,3537.469166,3537.469166,0.0,1,0,1700633051
2023-11-16,0x7f670f78b17dec44d5ef68a48740b6f8849cc2e6,2334,0x3af30125b7a81c23bd3608645c354cd02223224d,0.0,0.0,3501.413934,0,1,1700662223
2023-11-16,0x7f670f78b17dec44d5ef68a48740b6f8849cc2e6,2337,0x27211186a6aca2c1371ea8b3deb528659a118081,2505.406421,2505.406421,863.689905,1,1,1700457455
2023-11-16,0x7f670f78b17dec44d5ef68a48740b6f8849cc2e6,2342,0x194707c58d18dda44ce8f88c45a85f65b618fafc,7350.171948,7350.171948,0.0,1,0,1700503575
2023-11-16,0x7f670f78b17dec44d5ef68a48740b6f8849cc2e6,2436,0xb436141073efe6c21ac6be9a5bb0d1d74f0ce87c,3326.862132,3326.862132,0.0,1,0,1700350719
2023-11-16,0x7f670f78b17dec44d5ef68a48740b6f8849cc2e6,2494,0x875a6dc230931ebd99542a89f76837d861d2c2f7,3251.296666,3251.296666,0.0,1,0,1700206319
2023-11-16,0x7f670f78b17dec44d5ef68a48740b6f8849cc2e6,2512,0x66911f0d4c73a9189ed29ecafc1514236f51dd45,3699.663739,3699.663739,0.0,1,0,1700136943
2023-11-16,0x7f670f78b17dec44d5ef68a48740b6f8849cc2e6,2515,0x0a5d2190afc397b91c2de36d128b03b275a3a255,3221.586206,3221.586206,0.0,1,0,1700099043
2023-11-16,0x7f670f78b17dec44d5ef68a48740b6f8849cc2e6,2548,0x6264f0edba804a5b2d9d35fb8dc4dc9eb09be576,1047.921888,1047.921888,0.0,1,0,1700165821
2023-11-16,0x7f670f78b17dec44d5ef68a48740b6f8849cc2e6,2592,0x58c58d02323af6659e8d94fe3feb14385503a8f9,3121.516892,3121.516892,0.0,1,0,1700154689
2023-11-16,0x7f670f78b17dec44d5ef68a48740b6f8849cc2e6,2619,0xd4f537901080542baf88a54fe899fc004a42cb50,3081.367707,3081.367707,0.0,1,0,1700423111
2023-11-16,0x7f670f78b17dec44d5ef68a48740b6f8849cc2e6,2637,0x72fc2f0cceec498ee01ab302b62cb6f78ac36bee,3105.365901,3105.365901,0.0,1,0,1700175507
2023-11-16,0x7f670f78b17dec44d5ef68a48740b6f8849cc2e6,2827,0xbd48855db52b9d0b5ea728e75fb20b74297ac70e,2401.353736,2401.353736,0.0,1,0,1700329351
2023-11-16,0x7f670f78b17dec44d5ef68a48740b6f8849cc2e6,2857,0x14ea6d2a6765eb177ef66db2c14c8214b4046257,1128.303768,1128.303768,0.0,1,0,1700160655
2023-11-16,0x7f670f78b17dec44d5ef68a48740b6f8849cc2e6,2899,0x2481fef92f6358a410f4b42a7672f23cac514c2a,3899.803627,3899.803627,0.0,1,0,1700452699
2023-11-16,0x7f670f78b17dec44d5ef68a48740b6f8849cc2e6,2928,0x6dd93f62e209533888afd02421a69312d4b9b275,1099.663841,2158.399395,1058.735554,2,1,1700522673
2023-11-16,0x7f670f78b17dec44d5ef68a48740b6f8849cc2e6,2961,0x3fc6121cb50b00a5fb8bd2a3c755f804d0e694d2,2448.510674,2448.510674,0.0,1,0,1700119285
2023-11-16,0x7f670f78b17dec44d5ef68a48740b6f8849cc2e6,2998,0x1c0d0ab4eb517556197dff3bf4dbb9481702d516,1942.803781,1942.803781,0.0,1,0,1700490953
2023-11-16,0x7f670f78b17dec44d5ef68a48740b6f8849cc2e6,3027,0xac6d3a1c8f29a2c64dd24db057c15e02c967effe,1943.287129,1943.287129,0.0,1,0,1700125561
2023-11-16,0x7f670f78b17dec44d5ef68a48740b6f8849cc2e6,3047,0xbee2d469aacb46251ae33cca91f482e26c971dff,692.316832,692.316832,691.365123,1,1,1700682399
2023-11-16,0x7f670f78b17dec44d5ef68a48740b6f8849cc2e6,3049,0x24de90e08999faed07011a574104fe57f3465f96,0.0,0.0,1869.854444,0,1,1700648275
2023-11-16,0x7f670f78b17dec44d5ef68a48740b6f8849cc2e6,3087,0xa3ad5cfb4ff4b68e37a338da200ba441c1850b5b,1820.792687,1820.792687,1820.792687,1,1,1700121653
2023-11-16,0x7f670f78b17dec44d5ef68a48740b6f8849cc2e6,3106,0xb4fbd802d9dc5c0208346c311bcb6b9ecff468c6,1863.693499,1863.693499,0.0,1,0,1700322865
2023-11-16,0x7f670f78b17dec44d5ef68a48740b6f8849cc2e6,3203,0xc8295d5fa5fc96c6b3f7d83a0e08f2344ce8ede7,1687.312677,1687.312677,1687.312677,1,1,1700478519
2023-11-16,0x7f670f78b17dec44d5ef68a48740b6f8849cc2e6,3227,0x7f5fe0cf45ad50b4e80fe66a87f692b7c006bc3e,1663.48588,1663.48588,0.0,1,0,1700285685
2023-11-16,0x7f670f78b17dec44d5ef68a48740b6f8849cc2e6,3229,0xa177d003fa7f0d865a42fc02b5fdff4d44386585,1786.900039,1786.900039,0.0,1,0,1700365617
2023-11-16,0x7f670f78b17dec44d5ef68a48740b6f8849cc2e6,3415,0x20478bb296ab33837b82cfb5d1bfe20d8fee0413,1418.181498,1418.181498,0.0,1,0,1700330301
2023-11-16,0x7f670f78b17dec44d5ef68a48740b6f8849cc2e6,3446,0x1a2923d39f11f4b0a47bcdec29b30ec273da0932,2191.989636,2191.989636,0.0,1,0,1700581981
2023-11-16,0x7f670f78b17dec44d5ef68a48740b6f8849cc2e6,3449,0x4b4d6ac4d00ee2c810dcc2cca41ef437b97f1178,1355.761673,1355.761673,0.0,1,0,1700139829
2023-11-16,0x7f670f78b17dec44d5ef68a48740b6f8849cc2e6,3499,0x62661b101ca48734668669a9f1cb83c4889049f3,1303.648205,1303.648205,0.0,1,0,1700520183
2023-11-16,0x7f670f78b17dec44d5ef68a48740b6f8849cc2e6,3539,0x69155e7ca2e688ccdc247f6c4ddf374b3ae77bd6,6804.308222,6804.308222,0.0,1,0,1700370831
2023-11-16,0x7f670f78b17dec44d5ef68a48740b6f8849cc2e6,3561,0xfb60594e45cfb9a5e823fd991cbd2caca82a1e77,2149.343731,2149.343731,0.0,1,0,1700129785
2023-11-16,0x7f670f78b17dec44d5ef68a48740b6f8849cc2e6,3592,0x670327de2a3a370e548f39db2a074cc2999b6824,1165.46957,1165.46957,0.0,1,0,1700165731
2023-11-16,0x7f670f78b17dec44d5ef68a48740b6f8849cc2e6,3593,0x658191594cda88744d8158813029420dcf137a32,1233.880722,1233.880722,0.0,1,0,1700585279
2023-11-16,0x7f670f78b17dec44d5ef68a48740b6f8849cc2e6,3608,0x094b12a57fcf2c37e0b5898a50f372427812280f,1302.798519,1302.798519,0.0,1,0,1700510993
2023-11-16,0x7f670f78b17dec44d5ef68a48740b6f8849cc2e6,3753,0x7384f4c55d2a6392b36fd4f16e314cb6cc14afe0,1045.647676,1045.647676,0.0,1,0,1700112989
2023-11-16,0x7f670f78b17dec44d5ef68a48740b6f8849cc2e6,3781,0xaf11495f021c5c2c5f5230f40d5d57ebe4059700,43598.09152,43598.09152,0.0,1,0,1700682695
2023-11-16,0x7f670f78b17dec44d5ef68a48740b6f8849cc2e6,3788,0x21e7f980c2bfb1ef908f68e92f791147856ef26c,1018.117348,1018.117348,1018.117348,1,1,1700686883
2023-11-16,0x7f670f78b17dec44d5ef68a48740b6f8849cc2e6,3806,0xe0767d2b47ec6a28e97afbf3a626cdfb226065c1,999.170604,999.170604,0.0,1,0,1700229273
2023-11-16,0x7f670f78b17dec44d5ef68a48740b6f8849cc2e6,3830,0x5e85d4ba1bd85e8ad194b6eac304de9e15684af3,969.754007,969.754007,969.754007,1,1,1700475209
2023-11-16,0x7f670f78b17dec44d5ef68a48740b6f8849cc2e6,3871,0x460145d20d34679006962c14b4a057286c9c6aba,931.591134,931.591134,931.591134,1,1,1700589115
2023-11-16,0x7f670f78b17dec44d5ef68a48740b6f8849cc2e6,4051,0xaeaadea688cf7e0a53d61e01b0a1e9a6c6a1e9d0,1512.795465,1512.795465,0.0,1,0,1700635369
2023-11-16,0x7f670f78b17dec44d5ef68a48740b6f8849cc2e6,4052,0x488bb1b37ba4a7399b21a27b320ecc652075e135,4081.178032,4081.178032,4075.423132,1,1,1700101603
2023-11-16,0x7f670f78b17dec44d5ef68a48740b6f8849cc2e6,4057,0x43e49750a2ac66dce8d35bb4be8cbd458dc91736,778.645474,778.645474,0.0,1,0,1700122399
2023-11-16,0x7f670f78b17dec44d5ef68a48740b6f8849cc2e6,4091,0xfc05c439a4475b9126f61b34c1727a0d148fd216,0.0,0.0,1010.303462,0,1,1700114605
2023-11-16,0x7f670f78b17dec44d5ef68a48740b6f8849cc2e6,4103,0x2217854468cfa2eecc21761bcc67a2f773aa1425,439.82793,439.82793,0.0,1,0,1700422813
2023-11-16,0x7f670f78b17dec44d5ef68a48740b6f8849cc2e6,4156,0x1db30c74a4d16cdfee29680ca4637ec12ac55ec7,1367.212362,1367.212362,0.0,1,0,1700109965
2023-11-16,0x7f670f78b17dec44d5ef68a48740b6f8849cc2e6,4246,0x5a884d400df60d92391185d39bf169700a049539,665.448142,665.448142,665.448142,1,1,1700209349
2023-11-16,0x7f670f78b17dec44d5ef68a48740b6f8849cc2e6,4268,0x9a293d82710058d930376ee0af037da5d3421ec6,809.126432,809.126432,584.894514,1,1,1700230239
2023-11-16,0x7f670f78b17dec44d5ef68a48740b6f8849cc2e6,4363,0x9f1e80183dec5f0f788bf39740cfe84c719aca8f,581.772404,581.772404,0.0,1,0,1700143511
2023-11-16,0x7f670f78b17dec44d5ef68a48740b6f8849cc2e6,4369,0xcf6d2f6e2839ac50f49a76c1da88f82f62d29b74,144.498602,144.498602,0.0,1,0,1700391817
2023-11-16,0x7f670f78b17dec44d5ef68a48740b6f8849cc2e6,4452,0xd4ac35f8bd79d31c61d9704eabb3195185ec7b63,534.802017,534.802017,534.802017,1,1,1700546867
2023-11-16,0x7f670f78b17dec44d5ef68a48740b6f8849cc2e6,4477,0x90554d3c00b5b34fa2849b76c17bc874c90f9563,1697.293156,1697.293156,0.0,1,0,1700128199
2023-11-16,0x7f670f78b17dec44d5ef68a48740b6f8849cc2e6,4502,0x553222b267bc978aca3c28493aef72d924b264bd,509.271818,509.271818,513.847202,1,1,1700272627
2023-11-16,0x7f670f78b17dec44d5ef68a48740b6f8849cc2e6,4518,0x43917a8174465dc01522e8e14335eaa2cde33f6f,51.624425,51.624425,103.24885,1,1,1700147223
2023-11-16,0x7f670f78b17dec44d5ef68a48740b6f8849cc2e6,4534,0xf9699c81e1f99f736e6874ed79e9813cc5056149,5726.324591,11330.93242,5604.607829,2,1,1700159283
2023-11-16,0x7f670f78b17dec44d5ef68a48740b6f8849cc2e6,4609,0xf507e035b9243ae54b9bca48dc5448d2888f50bd,475.218913,475.218913,475.218913,1,1,1700419613
2023-11-16,0x7f670f78b17dec44d5ef68a48740b6f8849cc2e6,4631,0x81f967ad9533232946d5f9e492862bdd93b5d641,5086.804846,5086.804846,0.0,1,0,1700123427
2023-11-16,0x7f670f78b17dec44d5ef68a48740b6f8849cc2e6,4659,0x7a7acf2241c2b388b6b7eb8bba78f615f6f773b2,459.088327,459.088327,0.0,1,0,1700505673
2023-11-16,0x7f670f78b17dec44d5ef68a48740b6f8849cc2e6,4670,0xe85dbb09a699c0543c363c3f6e51ef0049e3edc5,454.660111,454.660111,0.0,1,0,1700106831
2023-11-16,0x7f670f78b17dec44d5ef68a48740b6f8849cc2e6,4936,0x77e395ccb0f042083f389404f3459dad40b6d552,201.250713,201.250713,194.250998,1,1,1700157097
2023-11-16,0x7f670f78b17dec44d5ef68a48740b6f8849cc2e6,5051,0x349e7c22cd2a12d42073443c633d2478a419b578,397.586586,397.586586,0.0,1,0,1700450271
2023-11-16,0x7f670f78b17dec44d5ef68a48740b6f8849cc2e6,5302,0x92f5c1eb1058a21782d6fc9c99c0161f306f7f09,383.002905,383.002905,0.0,1,0,1700479055
2023-11-16,0x7f670f78b17dec44d5ef68a48740b6f8849cc2e6,5339,0x87ae00631183f8ae41dafab2b0eb959fcf4f8b9d,379.15075,379.15075,379.15075,1,1,1700607161
2023-11-16,0x7f670f78b17dec44d5ef68a48740b6f8849cc2e6,5343,0x4335737ab8e25469ec173916b17c9389a1a5dbad,394.059837,394.059837,0.0,1,0,1700380035
2023-11-16,0x7f670f78b17dec44d5ef68a48740b6f8849cc2e6,5457,0x8db7a537d8478df3c6d95ff33b4270342862957f,37.491226,37.491226,37.491226,1,1,1700151115
2023-11-16,0x7f670f78b17dec44d5ef68a48740b6f8849cc2e6,5587,0x1b49144f6e4c41ee7ed030cf93b185cbbbbc7f0e,372.269814,372.269814,0.0,1,0,1700126459
2023-11-16,0x7f670f78b17dec44d5ef68a48740b6f8849cc2e6,5674,0xa8621894ca5ab12391c3b387cb2a238a93e238a3,1003.917583,1003.917583,1003.157981,1,1,1700121159
2023-11-16,0x7f670f78b17dec44d5ef68a48740b6f8849cc2e6,5680,0x43dc42a73f9459750d52e41371bfaa6e09eec670,366.41739,366.41739,0.0,1,0,1700255653
2023-11-16,0x7f670f78b17dec44d5ef68a48740b6f8849cc2e6,5765,0x5d781a5e0d360006b28c96f383d54f6b622044ab,0.0,0.0,14892.013067,0,1,1700677509
2023-11-16,0x7f670f78b17dec44d5ef68a48740b6f8849cc2e6,5817,0x6545a8cb2d809f8488e89480df5055fb176aa318,181.095021,181.095021,0.0,1,0,1700214019
2023-11-16,0x7f670f78b17dec44d5ef68a48740b6f8849cc2e6,5890,0x3522c0c193583ea1074ee3337c36b5697822a2dc,361.813216,361.813216,0.0,1,0,1700221419
2023-11-16,0x7f670f78b17dec44d5ef68a48740b6f8849cc2e6,5919,0x69221ff37014459b4be9038bd51e724fc258f60a,180.452868,180.452868,0.0,1,0,1700323725
2023-11-16,0x7f670f78b17dec44d5ef68a48740b6f8849cc2e6,5983,0x34ab31d3a10be1912fcf684e88b9e6fc8e8b8b63,356.976241,356.976241,0.0,1,0,1700138663
2023-11-16,0x7f670f78b17dec44d5ef68a48740b6f8849cc2e6,6001,0xe538eb2f128634a95a0ce48f9efb3b6b58d1b3eb,698.124626,698.124626,0.0,1,0,1700133415
2023-11-16,0x7f670f78b17dec44d5ef68a48740b6f8849cc2e6,6044,0x9e028c80aff3b1a29c66fb213a98d1c634a536a8,357.18782,357.18782,0.0,1,0,1700152869
2023-11-16,0x7f670f78b17dec44d5ef68a48740b6f8849cc2e6,6260,0x1962f0009f1a7f1ea458f7f7574f9798dc851fe0,350.882686,350.882686,350.882686,1,1,1700242935
2023-11-16,0x7f670f78b17dec44d5ef68a48740b6f8849cc2e6,6313,0xc0de72a1b723452cacf35570db24fa13ec8bc562,175.025474,175.025474,175.025474,1,1,1700251561
2023-11-16,0x7f670f78b17dec44d5ef68a48740b6f8849cc2e6,6372,0x6b6597710ac103f998e77f48caad882788e24471,349.050908,349.050908,349.050908,1,1,1700361251
2023-11-16,0x7f670f78b17dec44d5ef68a48740b6f8849cc2e6,6433,0x510bd1a857df836c2ad57aa3a6fae396e011d958,3042.58851,3042.58851,0.0,1,0,1700525579
2023-11-16,0x7f670f78b17dec44d5ef68a48740b6f8849cc2e6,6518,0x5da68351bd082abda73e42ac981db51d9364fe69,10.421739,10.421739,14.758535,1,1,1700245575
2023-11-16,0x7f670f78b17dec44d5ef68a48740b6f8849cc2e6,6520,0x509aaf71f59b61f6e2184f8c2db7da0bacf6d53a,4575.559327,4575.559327,0.0,1,0,1700236007
2023-11-16,0x7f670f78b17dec44d5ef68a48740b6f8849cc2e6,6575,0x1f1b1e1a3d061f80d2a4396178e10e228e8bdc08,115.277593,115.277593,0.0,1,0,1700333353
2023-11-16,0x7f670f78b17dec44d5ef68a48740b6f8849cc2e6,6585,0x221a68818a6a77fae0d920306b45a3b1e32e6743,4849.687325,4849.687325,0.0,1,0,1700381341
2023-11-16,0x7f670f78b17dec44d5ef68a48740b6f8849cc2e6,6671,0x5df74b38a56d81a52d723715329c334635d5de1b,299.756231,299.756231,0.0,1,0,1700693035
2023-11-16,0x7f670f78b17dec44d5ef68a48740b6f8849cc2e6,6683,0x9d3c53321cfa9d08660ad32e09c7ef2625b16e67,0.104737,0.104737,0.0,1,0,1700353059
2023-11-16,0x7f670f78b17dec44d5ef68a48740b6f8849cc2e6,6700,0xcb8d777e02595272fea07b50933a07d83c8b0f48,2.605543,2.605543,0.0,1,0,1700489773
2023-11-16,0x7f670f78b17dec44d5ef68a48740b6f8849cc2e6,6777,0xee6c29d19ac7f94a2d100a9a6bac8491d1c5bad8,1218.950901,1218.950901,1225.040371,1,1,1700125907
2023-11-16,0x7f670f78b17dec44d5ef68a48740b6f8849cc2e6,6786,0x00ba280c55643f707e23376c948be41b5468ef58,1010.214208,1010.214208,0.0,1,0,1700404893
2023-11-16,0x7f670f78b17dec44d5ef68a48740b6f8849cc2e6,6808,0x8aa98470de4bf6a85f13393ae1169a5e625a4e6d,361.794235,361.794235,0.0,1,0,1700429171
2023-11-16,0x7f670f78b17dec44d5ef68a48740b6f8849cc2e6,6850,0x47b0c8c154fb9222d22e170a0801b9807dee2576,183.683544,183.683544,0.0,1,0,1700124703
2023-11-16,0x7f670f78b17dec44d5ef68a48740b6f8849cc2e6,6957,0x1b89a08d82079337740e1cef68c571069725306e,1240.531969,1240.531969,0.0,1,0,1700524285
2023-11-16,0x7f670f78b17dec44d5ef68a48740b6f8849cc2e6,6961,0x1b7ea7d42c476a1e2808f23e18d850c5a4692df7,1352.293516,2626.733031,1274.439515,2,1,1700523435
2023-11-16,0x7f670f78b17dec44d5ef68a48740b6f8849cc2e6,7049,0xe7de9bada139629600b5d140c0eff9cff34524cc,2952.071719,2952.071719,0.0,1,0,1700554623
2023-11-16,0x7f670f78b17dec44d5ef68a48740b6f8849cc2e6,7056,0xe3abfa7745b463bde635ffd59456f4792b556e0e,17406.320435,17406.320435,0.0,1,0,1700685663
2023-11-16,0x7f670f78b17dec44d5ef68a48740b6f8849cc2e6,7187,0x1b08bc49accb4fb813bc9cb7f3a1f7f93510010e,3933.161817,7846.142223,3912.980406,2,1,1700528603
2023-11-16,0x7f670f78b17dec44d5ef68a48740b6f8849cc2e6,7247,0xa07d83334758af046dbcee6991e341c0e061d121,248.124974,248.124974,0.0,1,0,1700590429
2023-11-16,0x7f670f78b17dec44d5ef68a48740b6f8849cc2e6,7291,0x55f45b50eb79c3bb7d7f15f50a9196964641e9d3,101.092377,101.092377,115.602931,1,1,1700532601
2023-11-16,0x7f670f78b17dec44d5ef68a48740b6f8849cc2e6,7445,0x9f298d2f27d98dda3399230bef6c366b032004e3,942.481496,942.481496,952.585426,1,1,1700689297
2023-11-16,0x7f670f78b17dec44d5ef68a48740b6f8849cc2e6,7829,0xeef53a1f4eb3846f33c3e549d6fdf130fa4f8b27,30.913417,30.913417,0.0,1,0,1700172379
2023-11-16,0x7f670f78b17dec44d5ef68a48740b6f8849cc2e6,7844,0x4dccb4444a0a804b778ddac22dc21b4fd0fe1a0d,0.402736,0.402736,0.33253,1,1,1700646989
2023-11-16,0x7f670f78b17dec44d5ef68a48740b6f8849cc2e6,7857,0x4886ba5d2b3e0ae1e80172d3bddc4feb32e1ce26,0.644689,0.644689,0.857191,1,1,1700651765
2023-11-16,0x7f670f78b17dec44d5ef68a48740b6f8849cc2e6,7905,0x12cfa0fcbf3b2b12d90025d03ebc3241ebd63bfa,242.030133,242.030133,243.142741,1,1,1700148687
2023-11-16,0x7f670f78b17dec44d5ef68a48740b6f8849cc2e6,7908,0xf389c517d6a07e07faf03a1f0fe67d57c3760cfc,0.0,0.0,66.929209,0,1,1700558283
2023-11-16,0x7f670f78b17dec44d5ef68a48740b6f8849cc2e6,7920,0xf849c3169e095a54ed49f7ba1e94f1102c356988,6.126288,6.126288,7.369909,1,1,1700459793
2023-11-16,0x7f670f78b17dec44d5ef68a48740b6f8849cc2e6,7991,0xdbde6081017f0a9f88db0b23ea731f75e5285242,965.273512,965.273512,0.0,1,0,1700274959
2023-11-16,0x7f670f78b17dec44d5ef68a48740b6f8849cc2e6,8032,0xf265702178a66b4b7ce079fc8a1629e47cf1bcde,0.0,0.0,165181.006647,0,1,1700686515
2023-11-16,0x7f670f78b17dec44d5ef68a48740b6f8849cc2e6,8124,0xab1bd7cc8616515929c34256afe543b35b800b71,76.558251,76.558251,0.0,1,0,1700157365
2023-11-16,0x7f670f78b17dec44d5ef68a48740b6f8849cc2e6,8185,0xadc33cce5be8ce812c5cf183c024a00b5357e901,0.0,0.0,3.603526,0,1,1700167209
2023-11-16,0x7f670f78b17dec44d5ef68a48740b6f8849cc2e6,8243,0xcbabc8a26a18265c9a1290d9930da4277fef4e28,0.0,0.0,5.473212,0,1,1700196819
2023-11-16,0x7f670f78b17dec44d5ef68a48740b6f8849cc2e6,8301,0xcb9503adf8d6a6335a2238891e824e5da551ddf2,0.0,998.028322,1946.522338,1,2,1700114537
2023-11-16,0x7f670f78b17dec44d5ef68a48740b6f8849cc2e6,8340,0xb646d2010fd291d79b693189c95a0efb1c7ac2de,31.166797,31.166797,0.0,1,0,1700583615
2023-11-16,0x7f670f78b17dec44d5ef68a48740b6f8849cc2e6,8498,0x728d66a885376d1ddf0809f4254085f171b157bd,13454.570293,13454.570293,0.0,1,0,1700109275
2023-11-16,0x7f670f78b17dec44d5ef68a48740b6f8849cc2e6,8502,0x892176d784bed3dc877a62f3ff9fc091377b2a49,9499.799592,9499.799592,3899.999855,1,1,1700579719
2023-11-16,0x7f670f78b17dec44d5ef68a48740b6f8849cc2e6,8543,0xd69334db1e0858da4ec72c9ed14c4319c5761c3f,16362.618232,16362.618232,0.0,1,0,1700116469
2023-11-16,0x7f670f78b17dec44d5ef68a48740b6f8849cc2e6,8560,0x11f3f6e46e2413bd848e7c2efe39171c187cd146,648.221758,648.221758,0.0,1,0,1700136997
2023-11-16,0x7f670f78b17dec44d5ef68a48740b6f8849cc2e6,8680,0x61efc911eeef849147d696efab2fbd8717bef9e9,336.714474,336.714474,0.0,1,0,1700125639
2023-11-16,0x7f670f78b17dec44d5ef68a48740b6f8849cc2e6,8707,0xc8295d5fa5fc96c6b3f7d83a0e08f2344ce8ede7,4616.812724,4616.812724,4651.372307,1,1,1700478509
2023-11-16,0x7f670f78b17dec44d5ef68a48740b6f8849cc2e6,8782,0xeaba90bddbbbf7ec1a6b0483320c40840401e310,2.101807,2.101807,0.0,1,0,1700555751
2023-11-16,0x7f670f78b17dec44d5ef68a48740b6f8849cc2e6,8940,0x226fa898550ef48313d359d90f69914018a89f73,11909.575988,11909.575988,3012.118739,1,1,1700552833
2023-11-16,0x7f670f78b17dec44d5ef68a48740b6f8849cc2e6,8941,0x226fa898550ef48313d359d90f69914018a89f73,5422.534365,5422.534365,1393.967262,1,1,1700552793
2023-11-16,0x7f670f78b17dec44d5ef68a48740b6f8849cc2e6,8944,0x226fa898550ef48313d359d90f69914018a89f73,2545.818866,2545.818866,674.788387,1,1,1700552809
2023-11-16,0x7f670f78b17dec44d5ef68a48740b6f8849cc2e6,8946,0x226fa898550ef48313d359d90f69914018a89f73,1227.315806,1227.315806,345.162919,1,1,1700552859
2023-11-16,0x7f670f78b17dec44d5ef68a48740b6f8849cc2e6,9045,0xf7c0d5e897666ce6590a749ff1bd9edaf7eab2a5,265.804609,283.454517,17.649908,2,1,1700526117
2023-11-16,0x7f670f78b17dec44d5ef68a48740b6f8849cc2e6,9108,0x892176d784bed3dc877a62f3ff9fc091377b2a49,0.0,0.0,249.999942,0,1,1700131579
2023-11-16,0x7f670f78b17dec44d5ef68a48740b6f8849cc2e6,9146,0x1151ce76cca782a19f751925ef383ed744533663,13342.0,39118.0,25776.0,3,2,1700627809
2023-11-16,0x7f670f78b17dec44d5ef68a48740b6f8849cc2e6,9262,0xd69334db1e0858da4ec72c9ed14c4319c5761c3f,3990.504464,3990.504464,0.0,1,0,1700116483
2023-11-16,0x7f670f78b17dec44d5ef68a48740b6f8849cc2e6,9268,0x68e3cf61a8d76bcfca8ea495151416fec501a4c6,29744.493028,29744.493028,0.0,1,0,1700524443
2023-11-16,0x7f670f78b17dec44d5ef68a48740b6f8849cc2e6,9272,0x226fa898550ef48313d359d90f69914018a89f73,4009.28,4009.28,200.464,1,1,1700552771
2023-11-16,0x7f670f78b17dec44d5ef68a48740b6f8849cc2e6,9295,0x892176d784bed3dc877a62f3ff9fc091377b2a49,0.0,0.0,2009.999511,0,1,1700131319
2023-11-16,0x7f670f78b17dec44d5ef68a48740b6f8849cc2e6,9305,0x6330849fa00916341d362cbfebe06b19bf8e4162,0.0,0.0,172812.049842,0,1,1700691763
2023-11-16,0x7f670f78b17dec44d5ef68a48740b6f8849cc2e6,9493,0x0ba892e34ea9f88ee54928f4f5f4d41f79c705b1,2964.780846,2964.780846,0.0,1,0,1700623295
2023-11-16,0x7f670f78b17dec44d5ef68a48740b6f8849cc2e6,9538,0xd48f1a44e56526e96a983ff750559aa365810d5a,26.951042,26.951042,3.335094,1,1,1700103149
2023-11-16,0x7f670f78b17dec44d5ef68a48740b6f8849cc2e6,9560,0x1d561de671575e80a7ab5dcb9ff2f3019708bc31,79.458309,79.458309,194.997021,1,1,1700365645
2023-11-16,0x7f670f78b17dec44d5ef68a48740b6f8849cc2e6,9603,0x43e3267ce69862ffbeea59690cdb3e798f71ce7e,1031991.923393,1031991.923393,1261630.727279,1,1,1700681275
2023-11-16,0x7f670f78b17dec44d5ef68a48740b6f8849cc2e6,9639,0x0ea01228dea7d3e04811cf0ce05fb219773d72ca,17.259968,17.259968,0.0,1,0,1700108049
2023-11-16,0x7f670f78b17dec44d5ef68a48740b6f8849cc2e6,9641,0x14821442b7581632ee23ff31aba8e461a7a81022,240.610009,240.610009,0.0,1,0,1700112999
2023-11-16,0x7f670f78b17dec44d5ef68a48740b6f8849cc2e6,9647,0x4b5883f3e0f201b0e2f453a82a97e353aa25041d,0.060196,0.060196,0.0,1,0,1700134255
2023-11-16,0x7f670f78b17dec44d5ef68a48740b6f8849cc2e6,9649,0x44e4443e8c41f7cbd3d974ebf3667a5e2e06a05d,249.097755,249.097755,0.0,1,0,1700202451
2023-11-16,0x7f670f78b17dec44d5ef68a48740b6f8849cc2e6,9650,0x851128efbde53d2fcd58b2f0fc3611b32fbc7a39,73.247815,73.247815,0.0,1,0,1700136533
2023-11-16,0x7f670f78b17dec44d5ef68a48740b6f8849cc2e6,9654,0x28831f39bb35edc44ee1c175b44308cd3bef57ee,32.926323,32.926323,0.0,1,0,1700170581
2023-11-16,0x7f670f78b17dec44d5ef68a48740b6f8849cc2e6,9659,0x3b6280e12f19160c8b340a77d8cfb6eb5e32ea77,726.207044,726.207044,0.0,1,0,1700209759
2023-11-16,0x7f670f78b17dec44d5ef68a48740b6f8849cc2e6,9669,0x7f5fe0cf45ad50b4e80fe66a87f692b7c006bc3e,43.72319,43.72319,0.0,1,0,1700286023
2023-11-16,0x7f670f78b17dec44d5ef68a48740b6f8849cc2e6,9678,0x9faa9d3fdbf962d8ce187575e68a44cd858dcba8,23800.520855,23800.520855,0.0,1,0,1700328437
2023-11-16,0x7f670f78b17dec44d5ef68a48740b6f8849cc2e6,9699,0x01e3a700a1a0509ec3ee32cc12c3c5a602f1ff8c,1.349527,1.349527,0.0,1,0,1700396189
2023-11-16,0x7f670f78b17dec44d5ef68a48740b6f8849cc2e6,9707,0x60034a6d90f54d3bbc3188033fd08b1a146802ba,625.895354,625.895354,0.0,1,0,1700429107
2023-11-16,0x7f670f78b17dec44d5ef68a48740b6f8849cc2e6,9715,0x10dbc99c90234e4447f0366e8368d688f622475a,7.517435,7.517435,0.0,1,0,1700473295
2023-11-16,0x7f670f78b17dec44d5ef68a48740b6f8849cc2e6,9727,0xbf6ad28484f234a9e358aefc4cd610f6ad92f523,186.375336,186.375336,0.0,1,0,1700564829
2023-11-16,0x82a0c1a0d4ef0c0ca3cfda3ad1aa78309cc6139b,16,0x370880694995aa8a53f71645f7bec3b0e7bb25d9,195393.237787,195393.237787,0.0,1,0,1700674371
2023-11-16,0x82a0c1a0d4ef0c0ca3cfda3ad1aa78309cc6139b,21,0x4444aaaacdba5580282365e25b16309bd770ce4a,203819.981436,203819.981436,0.0,1,0,1700688869
2023-11-16,0x82a0c1a0d4ef0c0ca3cfda3ad1aa78309cc6139b,24,0x208a17c5fabe5b90282e5906945ff335e39326c4,9153.262969,9153.262969,18252.747617,1,1,1700683823
2023-11-16,0x82a0c1a0d4ef0c0ca3cfda3ad1aa78309cc6139b,30,0x7c3ac4cd86e7838ab8ac3f3e7051d399f4d96e51,24106.078022,24106.078022,0.0,1,0,1700677293
2023-11-16,0x82a0c1a0d4ef0c0ca3cfda3ad1aa78309cc6139b,52,0x28878aec6b4209d90a40890183e3322f0ae5b2e2,270222.310229,270222.310229,0.0,1,0,1700683257
2023-11-16,0x82a0c1a0d4ef0c0ca3cfda3ad1aa78309cc6139b,54,0xf265702178a66b4b7ce079fc8a1629e47cf1bcde,447022.714365,447022.714365,446684.479953,1,1,1700686191
2023-11-16,0x82a0c1a0d4ef0c0ca3cfda3ad1aa78309cc6139b,55,0x285fed35cbea271a711681e84ffd83c68a596a75,334581.102316,334581.102316,290431.20139,1,1,1700683597
2023-11-16,0x82a0c1a0d4ef0c0ca3cfda3ad1aa78309cc6139b,67,0x8ce17ff2c7376e9adfe9c63c47a801097fa6c525,0.0,0.0,270613.671376,0,1,1700690971
2023-11-16,0x82a0c1a0d4ef0c0ca3cfda3ad1aa78309cc6139b,70,0xdaf8667875d27ebd1bf70c72f135492260e3037b,945143.721198,945143.721198,1258413.999462,1,1,1700675851
2023-11-16,0x82a0c1a0d4ef0c0ca3cfda3ad1aa78309cc6139b,91,0x423a66a3ce61eaa3bcd922c4d71b781e01d746f0,317974.138177,317974.138177,635532.074232,1,1,1700692567
2023-11-16,0x82a0c1a0d4ef0c0ca3cfda3ad1aa78309cc6139b,103,0x1c2ed7a6c4e3c1146103fa222181115a72243a06,54779.15841,54779.15841,0.0,1,0,1700693443
2023-11-16,0x82a0c1a0d4ef0c0ca3cfda3ad1aa78309cc6139b,105,0x208a17c5fabe5b90282e5906945ff335e39326c4,25928.125611,25928.125611,20681.566107,1,1,1700683839
2023-11-16,0x82a0c1a0d4ef0c0ca3cfda3ad1aa78309cc6139b,110,0x05e09d942505764bca4475abf8efdbc21d1c535b,73234.24987,73234.24987,122057.083117,1,1,1700683789
2023-11-16,0x82a0c1a0d4ef0c0ca3cfda3ad1aa78309cc6139b,114,0x611b0c1ed942b833c786c53883a4aa37a25602a6,93445.659571,93445.659571,46687.477513,1,1,1700684273
2023-11-16,0x82a0c1a0d4ef0c0ca3cfda3ad1aa78309cc6139b,130,0xddf8da887a1d5c07d05a948856b79dab091efc78,389518.217611,389518.217611,0.0,1,0,1700676473
2023-11-16,0x82a0c1a0d4ef0c0ca3cfda3ad1aa78309cc6139b,137,0xa4b6eeeb7eba0fc360a7402f2ebe90c178115e91,0.0,69412.216649,128799.841727,1,2,1700692611
2023-11-16,0x82a0c1a0d4ef0c0ca3cfda3ad1aa78309cc6139b,162,0xfa9e221a7af006531a816e98792a3e4b22a01461,0.0,0.0,280276.246246,0,1,1700691791
2023-11-16,0x82a0c1a0d4ef0c0ca3cfda3ad1aa78309cc6139b,165,0x54ecb3397b0bf31cb0b81eb2444e2a7b32507d8b,81532.036607,81532.036607,0.0,1,0,1700689629
2023-11-16,0x82a0c1a0d4ef0c0ca3cfda3ad1aa78309cc6139b,177,0xdffd8bbf8dcaf236c4e009ff6013bfc98407b6c0,114336.089698,114336.089698,57124.789329,1,1,1700684541
2023-11-16,0x82a0c1a0d4ef0c0ca3cfda3ad1aa78309cc6139b,193,0xf1578f87c0343051c07156533ea263320212bc9d,0.0,0.0,207182.559837,0,1,1700690093
2023-11-16,0x82a0c1a0d4ef0c0ca3cfda3ad1aa78309cc6139b,225,0xdcb7943f8454a5742b2b881b6ecfc8c7d198f631,0.0,0.0,165152.134651,0,1,1700692225
2023-11-16,0x82a0c1a0d4ef0c0ca3cfda3ad1aa78309cc6139b,248,0xdaa12ca83de2fab833fc28ce1300ba6ddee67204,28361.023572,28361.023572,35287.38932,1,1,1700684365
2023-11-16,0x82a0c1a0d4ef0c0ca3cfda3ad1aa78309cc6139b,398,0x48c7e0db3dad3fe4eb0513b86fe5c38ebb4e0f91,13134.314585,13134.314585,0.0,1,0,1700674447
2023-11-16,0x82a0c1a0d4ef0c0ca3cfda3ad1aa78309cc6139b,429,0x7798ba9512b5a684c12e31518923ea4221a41fb9,62164.982151,62164.982151,61712.138323,1,1,1700688265
2023-11-16,0x82a0c1a0d4ef0c0ca3cfda3ad1aa78309cc6139b,473,0x97020c9ec66e0f59231918b1d2f167a66026aff2,64420.255657,64420.255657,3234.266912,1,1,1700678139
2023-11-16,0x82a0c1a0d4ef0c0ca3cfda3ad1aa78309cc6139b,499,0xbec85812e620b56525681312b12efce711a58135,24495.067356,24495.067356,0.0,1,0,1700680009
2023-11-16,0x82a0c1a0d4ef0c0ca3cfda3ad1aa78309cc6139b,532,0x84fbeb26f4931f94cecd487bea6f7c88f9109e53,0.0,0.0,41028.485582,0,1,1700677627
2023-11-16,0x82a0c1a0d4ef0c0ca3cfda3ad1aa78309cc6139b,577,0x0eafd23a586b190de1e344d4a4aaab3f88631686,0.0,0.0,37203.751397,0,1,1700600193
2023-11-16,0x82a0c1a0d4ef0c0ca3cfda3ad1aa78309cc6139b,615,0xebfced2b9ca169d2ca566e1f72a75a9b6cc9291d,0.0,0.0,34993.333542,0,1,1700599815
2023-11-16,0x82a0c1a0d4ef0c0ca3cfda3ad1aa78309cc6139b,617,0xa33ca84383bac2efb11b8ce21bc10403ff9cc77a,0.0,0.0,35024.412649,0,1,1700673509
2023-11-16,0x82a0c1a0d4ef0c0ca3cfda3ad1aa78309cc6139b,628,0x8fa5ebb986fa6db89291a383142bb756ab88428e,0.0,0.0,17135.178415,0,1,1700687941
2023-11-16,0x82a0c1a0d4ef0c0ca3cfda3ad1aa78309cc6139b,753,0xee57d8989170370a6f88b2f99395b81204117bf2,12652.840136,12652.840136,12643.266515,1,1,1700681407
2023-11-16,0x82a0c1a0d4ef0c0ca3cfda3ad1aa78309cc6139b,758,0x8ccfcfa7e6133e0875192974d0d857fb7a28375e,0.0,0.0,6554.050846,0,1,1700687079
2023-11-16,0x82a0c1a0d4ef0c0ca3cfda3ad1aa78309cc6139b,797,0x2971e3b9ad4bacc4f7b8cdefb2a11a19f907ac3e,0.0,0.0,22407.068166,0,1,1700666389
2023-11-16,0x82a0c1a0d4ef0c0ca3cfda3ad1aa78309cc6139b,808,0x5f338dd3c5ba4e5368a6139b81e1c120ccb2567d,0.0,0.0,21571.074373,0,1,1700658267
2023-11-16,0x82a0c1a0d4ef0c0ca3cfda3ad1aa78309cc6139b,864,0xdc7434d709bdbf483ed74989eae91c17b7ce1a33,9526.793963,9526.793963,0.0,1,0,1700679337
2023-11-16,0x82a0c1a0d4ef0c0ca3cfda3ad1aa78309cc6139b,879,0x34ff77a853a14579d2120ac08c5e342cee08ad71,1852.860234,1852.860234,0.0,1,0,1700693637
2023-11-16,0x82a0c1a0d4ef0c0ca3cfda3ad1aa78309cc6139b,887,0x50fa50fa2032d85eb2dda303929bf56886aa9afb,1840.32851,1840.32851,0.0,1,0,1700614411
2023-11-16,0x82a0c1a0d4ef0c0ca3cfda3ad1aa78309cc6139b,1053,0x3216a8a03b07b6b19cbc21d62c8942e625fc3e07,10283.674408,10283.674408,0.0,1,0,1700674237
2023-11-16,0x82a0c1a0d4ef0c0ca3cfda3ad1aa78309cc6139b,1111,0x11ebee2bf244325b5559f0f583722d35659ddce8,0.0,0.0,12584.997461,0,1,1700511185
2023-11-16,0x82a0c1a0d4ef0c0ca3cfda3ad1aa78309cc6139b,1141,0x3a39899dc78b7307acd83f51463c853fa79e1b09,0.0,0.0,12412.811688,0,1,1700663025
2023-11-16,0x82a0c1a0d4ef0c0ca3cfda3ad1aa78309cc6139b,1288,0x6059895f7f20cc25c251d4d283f525f7400ce034,5639.85532,5639.85532,4332.689945,1,1,1700675825
2023-11-16,0x82a0c1a0d4ef0c0ca3cfda3ad1aa78309cc6139b,1392,0x6a0d078799f60c9a4a8c325e07800db05cc4e0ef,8389.511927,8389.511927,0.0,1,0,1700678805
2023-11-16,0x82a0c1a0d4ef0c0ca3cfda3ad1aa78309cc6139b,1425,0x248b007f76e7616791b8fe278c93096ddcf67f25,6887.328309,6887.328309,6879.495915,1,1,1700692231
2023-11-16,0x82a0c1a0d4ef0c0ca3cfda3ad1aa78309cc6139b,1458,0x698129ecee187bc180ea93803b9faea9fce33a46,7690.070914,7690.070914,0.0,1,0,1700693569
2023-11-16,0x82a0c1a0d4ef0c0ca3cfda3ad1aa78309cc6139b,1496,0xd5cd4169d75fa1567c773af21964bc85ed701c6e,0.0,0.0,10034.373298,0,1,1700688991
2023-11-16,0x82a0c1a0d4ef0c0ca3cfda3ad1aa78309cc6139b,1627,0x00b439a201110adac18614945349d2b565a4cc24,6328.742957,6328.742957,0.0,1,0,1700338259
2023-11-16,0x82a0c1a0d4ef0c0ca3cfda3ad1aa78309cc6139b,1791,0x08072a5fbc90eed1ca4fb863c1df8aa1fec61cfa,0.0,0.0,5170.182132,0,1,1700690799
2023-11-16,0x82a0c1a0d4ef0c0ca3cfda3ad1aa78309cc6139b,1829,0xe77ffc696724fd0fcff578a05f3023081ae888c0,0.0,0.0,4928.38002,0,1,1700693905
2023-11-16,0x82a0c1a0d4ef0c0ca3cfda3ad1aa78309cc6139b,2133,0x63c80fe5b716d2e5c937a8fe787aa17df59d4344,9240.827869,9240.827869,0.0,1,0,1700679571
2023-11-16,0x82a0c1a0d4ef0c0ca3cfda3ad1aa78309cc6139b,2271,0xa2451e7404b3e1811dd06649dfd8f34d1c579be0,3623.410244,3623.410244,3611.418061,1,1,1700685075
2023-11-16,0x82a0c1a0d4ef0c0ca3cfda3ad1aa78309cc6139b,2280,0x0630717c9c6baeabd2b0852e09df08febaccd227,7037.707189,7037.707189,0.0,1,0,1700680117
2023-11-16,0x82a0c1a0d4ef0c0ca3cfda3ad1aa78309cc6139b,2387,0x7f097b89aa45749d34d696cf9eac5d5df57ace47,3416.759474,3416.759474,3416.759474,1,1,1700674313
2023-11-16,0x82a0c1a0d4ef0c0ca3cfda3ad1aa78309cc6139b,2472,0xe74b3696c6d93716ce01472125be3b9c74aa378b,0.0,0.0,3270.62186,0,1,1700691581
2023-11-16,0x82a0c1a0d4ef0c0ca3cfda3ad1aa78309cc6139b,2497,0x23cb5467e23aa967f7864a018ff862d35d52ed5f,3967.075743,3967.075743,0.0,1,0,1700675505
2023-11-16,0x82a0c1a0d4ef0c0ca3cfda3ad1aa78309cc6139b,2714,0xf059b59bdbec91d83c558b4a3cd3c1c6e275f2f1,3915.770642,3915.770642,0.0,1,0,1700673587
2023-11-16,0x82a0c1a0d4ef0c0ca3cfda3ad1aa78309cc6139b,2805,0x55d0cecd3c360098ebfb10a9013d2059c492f930,2497.621856,2497.621856,0.0,1,0,1700692545
2023-11-16,0x82a0c1a0d4ef0c0ca3cfda3ad1aa78309cc6139b,3259,0xf31e07d448b4be2e83c1135ec33ad1644cb5b5a7,0.0,0.0,1635.179077,0,1,1700690713
2023-11-16,0x82a0c1a0d4ef0c0ca3cfda3ad1aa78309cc6139b,3461,0x08f83e8860912f8c8186461ea00db5f6030c70f6,2466.391661,2466.391661,0.0,1,0,1700678127
2023-11-16,0x82a0c1a0d4ef0c0ca3cfda3ad1aa78309cc6139b,3781,0xaf11495f021c5c2c5f5230f40d5d57ebe4059700,43598.09152,43598.09152,0.0,1,0,1700682695
2023-11-16,0x82a0c1a0d4ef0c0ca3cfda3ad1aa78309cc6139b,3854,0x4c1695f54208fb92a8d87add8dbea206b0771872,964.072322,964.072322,0.0,1,0,1700677973
2023-11-16,0x82a0c1a0d4ef0c0ca3cfda3ad1aa78309cc6139b,3915,0x120c7d2b23d969f96c09d353ad076c8bb64cb407,448.505208,448.505208,0.0,1,0,1700680547
2023-11-16,0x82a0c1a0d4ef0c0ca3cfda3ad1aa78309cc6139b,4091,0xfc05c439a4475b9126f61b34c1727a0d148fd216,1010.303462,1010.303462,0.0,1,0,1700114605
2023-11-16,0x82a0c1a0d4ef0c0ca3cfda3ad1aa78309cc6139b,4342,0x9061b1c3c257e0bec68c210fc15e4f4ee27ecb3c,594.760632,594.760632,0.0,1,0,1700101955
2023-11-16,0x82a0c1a0d4ef0c0ca3cfda3ad1aa78309cc6139b,4518,0x43917a8174465dc01522e8e14335eaa2cde33f6f,103.24885,103.24885,0.0,1,0,1700147223
2023-11-16,0x82a0c1a0d4ef0c0ca3cfda3ad1aa78309cc6139b,4603,0x9061b1c3c257e0bec68c210fc15e4f4ee27ecb3c,476.524023,476.524023,0.0,1,0,1700101945
2023-11-16,0x82a0c1a0d4ef0c0ca3cfda3ad1aa78309cc6139b,4936,0x77e395ccb0f042083f389404f3459dad40b6d552,201.250713,201.250713,0.0,1,0,1700157097
2023-11-16,0x82a0c1a0d4ef0c0ca3cfda3ad1aa78309cc6139b,5457,0x8db7a537d8478df3c6d95ff33b4270342862957f,37.491226,37.491226,0.0,1,0,1700151115
2023-11-16,0x82a0c1a0d4ef0c0ca3cfda3ad1aa78309cc6139b,5901,0x2c7a4dbcf33080ac93b14be408b457eb40a7dfb8,54.149369,54.149369,0.0,1,0,1700672299
2023-11-16,0x82a0c1a0d4ef0c0ca3cfda3ad1aa78309cc6139b,6437,0xc4bd79660360fa7952cd57b1fef51693ed4e26d3,287.730426,287.730426,0.0,1,0,1700675129
2023-11-16,0x82a0c1a0d4ef0c0ca3cfda3ad1aa78309cc6139b,6971,0xb701ab6c82c2458b45b8395c4f0e09f3ee0861c1,0.0,0.0,1550.313382,0,1,1700657115
2023-11-16,0x82a0c1a0d4ef0c0ca3cfda3ad1aa78309cc6139b,7056,0xe3abfa7745b463bde635ffd59456f4792b556e0e,0.0,0.0,16639.723925,0,1,1700685663
2023-11-16,0x82a0c1a0d4ef0c0ca3cfda3ad1aa78309cc6139b,7979,0x529656620d914443405a55ec42ad0eaeaf0b4a2c,0.0,135839.502491,237160.916334,1,2,1700655239
2023-11-16,0x82a0c1a0d4ef0c0ca3cfda3ad1aa78309cc6139b,8301,0xcb9503adf8d6a6335a2238891e824e5da551ddf2,1049.299862,2047.325344,998.025482,2,1,1700442087
2023-11-16,0x82a0c1a0d4ef0c0ca3cfda3ad1aa78309cc6139b,9323,0xfb86a60a4d204de91421871c6d69cb40d21ae736,53643.461868,53643.461868,0.0,1,0,1700681111
2023-11-16,0x82a0c1a0d4ef0c0ca3cfda3ad1aa78309cc6139b,9602,0x788d2c0813cac59770cdf36f7beb9bfc819b6475,317414.326824,317414.326824,0.0,1,0,1700696263
2023-11-16,0x82a0c1a0d4ef0c0ca3cfda3ad1aa78309cc6139b,9603,0x43e3267ce69862ffbeea59690cdb3e798f71ce7e,4471965.001368,4471965.001368,3326117.371917,1,1,1700681275
2023-11-16,0x82a0c1a0d4ef0c0ca3cfda3ad1aa78309cc6139b,9605,0x794d1ae064a5d2803cba821b7429d95cceccf1ea,1657679.276272,1657679.276272,1708328.038395,1,1,1700696243
2023-11-16,0x82a0c1a0d4ef0c0ca3cfda3ad1aa78309cc6139b,9630,0x9e14f3b50ee1518d32259484d7b3ab1bf5ec30c9,0.0,0.0,1113.075687,0,1,1700687025
2023-11-16,0x82a0c1a0d4ef0c0ca3cfda3ad1aa78309cc6139b,9636,0xcdd49f7b85b111b35761a725aaf9d5dbc02b4cef,0.0,0.0,37451.819907,0,1,1700686963
2023-11-16,0x82a0c1a0d4ef0c0ca3cfda3ad1aa78309cc6139b,9642,0xa3a700cef0d10eef4a865d2ea5a9ed0c1be61f3e,2.076161,2.076161,0.0,1,0,1700113767
2023-11-16,0x82a0c1a0d4ef0c0ca3cfda3ad1aa78309cc6139b,9654,0x28831f39bb35edc44ee1c175b44308cd3bef57ee,16.463161,16.463161,0.0,1,0,1700170581
2023-11-16,0x82a0c1a0d4ef0c0ca3cfda3ad1aa78309cc6139b,9738,0x6c6dc387b28edf1d2ccac7acc99f4238db1592ba,0.00077,0.00077,0.0,1,0,1700646371
2023-11-16,0x84ff3b6e2046579fb2f2b891ce18ee10b5fbdbf2,24,0x208a17c5fabe5b90282e5906945ff335e39326c4,0.0,0.0,3650.549523,0,1,1700683823
2023-11-16,0x84ff3b6e2046579fb2f2b891ce18ee10b5fbdbf2,43,0x2ddb405238368695f34d30a80ab60c449aa5ce48,0.0,0.0,60536.047102,0,1,1700692465
2023-11-16,0x84ff3b6e2046579fb2f2b891ce18ee10b5fbdbf2,47,0x011b0a055e02425461a1ae95b30f483c4ff05be7,0.0,0.0,65200.301517,0,1,1700693931
2023-11-16,0x84ff3b6e2046579fb2f2b891ce18ee10b5fbdbf2,68,0x132e47cf2c19ec2d8dd56e1528fc7e18dc09188f,38713.629932,38713.629932,62350.077194,1,1,1700693779
2023-11-16,0x84ff3b6e2046579fb2f2b891ce18ee10b5fbdbf2,80,0x34f543a73dcb1a4bcbae71e5dd41fcc1b5c17bf7,411538.300981,411538.300981,204911.120573,1,1,1700637837
2023-11-16,0x84ff3b6e2046579fb2f2b891ce18ee10b5fbdbf2,105,0x208a17c5fabe5b90282e5906945ff335e39326c4,0.0,0.0,5170.391527,0,1,1700683839
2023-11-16,0x84ff3b6e2046579fb2f2b891ce18ee10b5fbdbf2,254,0xa311ab5780aa036b71aac2b71163fd03ec0df59e,0.0,0.0,34530.356732,0,1,1700677971
2023-11-16,0x84ff3b6e2046579fb2f2b891ce18ee10b5fbdbf2,265,0xb48c2698dc9a6b0cb80e2829bd27c105bd7f1c80,0.0,0.0,136729.132627,0,1,1700693343
2023-11-16,0x84ff3b6e2046579fb2f2b891ce18ee10b5fbdbf2,289,0x95b05f935655c37ada2088c5767e5006f230b068,11438.519975,11438.519975,11416.046901,1,1,1700693583
2023-11-16,0x84ff3b6e2046579fb2f2b891ce18ee10b5fbdbf2,295,0xa311ab5780aa036b71aac2b71163fd03ec0df59e,0.0,0.0,55481.119612,0,1,1700678045
2023-11-16,0x84ff3b6e2046579fb2f2b891ce18ee10b5fbdbf2,304,0xbbb33d2e7bd7ddc722e53da9ca8ee97df41cfabf,21242.448103,21242.448103,10613.187629,1,1,1700602061
2023-11-16,0x84ff3b6e2046579fb2f2b891ce18ee10b5fbdbf2,446,0xb760c246db7eee48169c729d0394a7773be6a376,0.0,0.0,53150.931278,0,1,1700532113
2023-11-16,0x84ff3b6e2046579fb2f2b891ce18ee10b5fbdbf2,520,0xfba381fb57d1f1efdc12661e5be59425e545e649,0.0,60741.686326,106384.294293,1,2,1700689071
2023-11-16,0x84ff3b6e2046579fb2f2b891ce18ee10b5fbdbf2,597,0x1ce0c2b445c8e87ea4c40b6e721d9a39b09f6459,0.0,0.0,7212.481137,0,1,1700688147
2023-11-16,0x84ff3b6e2046579fb2f2b891ce18ee10b5fbdbf2,601,0xe3d69bcab5daaea39787eeaf4c0369de366d71bd,40917.35015,40917.35015,40886.390525,1,1,1700685693
2023-11-16,0x84ff3b6e2046579fb2f2b891ce18ee10b5fbdbf2,605,0x748e56db8a0b50ab45e5ee166d768b0f068a17d9,0.0,0.0,17847.014547,0,1,1700691341
2023-11-16,0x84ff3b6e2046579fb2f2b891ce18ee10b5fbdbf2,1136,0xec99bbb6137a80c959db44fdcda5d0ace324e7ce,0.0,0.0,12453.79781,0,1,1700432545
2023-11-16,0x84ff3b6e2046579fb2f2b891ce18ee10b5fbdbf2,1149,0x93b82c49c2af67797977ae344c07884164e6a592,0.0,0.0,3936.777838,0,1,1700592989
2023-11-16,0x84ff3b6e2046579fb2f2b891ce18ee10b5fbdbf2,1219,0xbb8fb8fe5198f25d117c0e7b1b9c8260cb19c3c0,10645.739472,10645.739472,10637.6845,1,1,1700630227
2023-11-16,0x84ff3b6e2046579fb2f2b891ce18ee10b5fbdbf2,1335,0x647bd6d2997fd588838960b419222d1cef903ede,0.0,0.0,8872.099577,0,1,1700669731
2023-11-16,0x84ff3b6e2046579fb2f2b891ce18ee10b5fbdbf2,1337,0x6ccd7c23e6ccd9c5258edda9fca61d1214de5622,0.0,0.0,8835.970881,0,1,1700597393
2023-11-16,0x84ff3b6e2046579fb2f2b891ce18ee10b5fbdbf2,1631,0x3e3672b23eb22946a31263d2d178bf0fb1f4bbfd,0.0,0.0,6354.7477,0,1,1700643511
2023-11-16,0x84ff3b6e2046579fb2f2b891ce18ee10b5fbdbf2,1650,0x613ca7d1573dbdd7711ec1d84258a3d0fdb76d53,0.0,0.0,6247.522153,0,1,1700687869
2023-11-16,0x84ff3b6e2046579fb2f2b891ce18ee10b5fbdbf2,1811,0x410f2959ee9c8115ca6cf0f817b14373b63b5d4c,0.0,0.0,2885.299786,0,1,1700692605
2023-11-16,0x84ff3b6e2046579fb2f2b891ce18ee10b5fbdbf2,2029,0xc7f4cdb175b1885e95b8f49ccbbd3f929ab7d1ba,0.0,0.0,4167.9473,0,1,1700683445
2023-11-16,0x84ff3b6e2046579fb2f2b891ce18ee10b5fbdbf2,2183,0x9c4b88fbe06b6b1e461d9d294ecb7fb0c841db4f,4107.549285,4107.549285,4107.549285,1,1,1700665395
2023-11-16,0x84ff3b6e2046579fb2f2b891ce18ee10b5fbdbf2,2458,0x9f88ce4eb5fbbdca7d911fa75c6f8fbd95d2bbbc,3291.66362,3291.66362,3291.66362,1,1,1700651927
2023-11-16,0x84ff3b6e2046579fb2f2b891ce18ee10b5fbdbf2,2580,0x0a2f675591577bfa8d5d8d2ec3fb8179aa821405,0.0,0.0,3128.791086,0,1,1700665533
2023-11-16,0x84ff3b6e2046579fb2f2b891ce18ee10b5fbdbf2,2698,0x924af56089af7aeb6c211ee3781e24b7444cc216,0.0,0.0,2946.816251,0,1,1700648161
2023-11-16,0x84ff3b6e2046579fb2f2b891ce18ee10b5fbdbf2,2841,0xfffd05ae9db4d5f4e23e2f37395db2f87359bf5d,0.0,0.0,2328.640983,0,1,1700659189
2023-11-16,0x84ff3b6e2046579fb2f2b891ce18ee10b5fbdbf2,2856,0xf3b059c887172f2cc52b5e77ee3b2c8b3a32e6ef,2268.252503,2268.252503,2268.252503,1,1,1700675741
2023-11-16,0x84ff3b6e2046579fb2f2b891ce18ee10b5fbdbf2,3025,0xf195a2592ebe67c8d9058f3798ab18e8ab5f24df,0.0,0.0,1910.235141,0,1,1700666827
2023-11-16,0x84ff3b6e2046579fb2f2b891ce18ee10b5fbdbf2,3146,0x63bfe79845300e314cb0f01d23b1f19e341056d9,0.0,0.0,1743.201815,0,1,1700666885
2023-11-16,0x84ff3b6e2046579fb2f2b891ce18ee10b5fbdbf2,3772,0x062bcf5e546b235953576763658936f9e9f38327,0.0,0.0,1034.071346,0,1,1700531321
2023-11-16,0x84ff3b6e2046579fb2f2b891ce18ee10b5fbdbf2,4975,0x4dd7fc3a3b6457d1e67e3b046b2b0d2dcf25257d,0.0,0.0,403.938344,0,1,1700644649
2023-11-16,0x84ff3b6e2046579fb2f2b891ce18ee10b5fbdbf2,5282,0x9b6d3f6fc8e477dd7bb6f177f1321cdbda13984f,382.27425,382.27425,382.27425,1,1,1700619105
2023-11-16,0x84ff3b6e2046579fb2f2b891ce18ee10b5fbdbf2,5623,0x46f3cc6a1c00a5cd8864d2b92f128196cae07d15,0.0,0.0,36.941527,0,1,1700158783
2023-11-16,0x84ff3b6e2046579fb2f2b891ce18ee10b5fbdbf2,5740,0x4f5695d12c30eae448c5f38023b12572e483453c,0.0,0.0,364.760704,0,1,1700689369
2023-11-16,0x84ff3b6e2046579fb2f2b891ce18ee10b5fbdbf2,6605,0xfcb2015b8b9a22f1f34f96718a5f4707abf277d5,0.0,0.0,17.093762,0,1,1700259877
2023-11-16,0x84ff3b6e2046579fb2f2b891ce18ee10b5fbdbf2,7122,0x011b0a055e02425461a1ae95b30f483c4ff05be7,0.0,0.0,25595.909116,0,1,1700693983
2023-11-16,0x84ff3b6e2046579fb2f2b891ce18ee10b5fbdbf2,8473,0xe3d69bcab5daaea39787eeaf4c0369de366d71bd,1126.935688,1126.935688,1126.935688,1,1,1700685705
2023-11-16,0x84ff3b6e2046579fb2f2b891ce18ee10b5fbdbf2,8478,0xf265702178a66b4b7ce079fc8a1629e47cf1bcde,0.0,0.0,95878.701449,0,1,1700686967
2023-11-16,0x84ff3b6e2046579fb2f2b891ce18ee10b5fbdbf2,9324,0x166c794d890dd91bbe71f304eca660e1c4892cbb,0.0,0.0,49387.04,0,1,1700692021
2023-11-16,0x84ff3b6e2046579fb2f2b891ce18ee10b5fbdbf2,9602,0x788d2c0813cac59770cdf36f7beb9bfc819b6475,163516.471394,163516.471394,0.0,1,0,1700696263
2023-11-16,0x84ff3b6e2046579fb2f2b891ce18ee10b5fbdbf2,9605,0x794d1ae064a5d2803cba821b7429d95cceccf1ea,853955.990807,853955.990807,1004898.846115,1,1,1700696243
2023-11-16,0x84ff3b6e2046579fb2f2b891ce18ee10b5fbdbf2,9609,0x2a23d0650db1c536e71aeb63ecd3daa0b52e66e1,0.0,0.0,7064.945078,0,1,1700184121
2023-11-16,0x89de19c640b03649206e9998481ee9e8e23ebcaf,68,0x132e47cf2c19ec2d8dd56e1528fc7e18dc09188f,19356.814966,19356.814966,0.0,1,0,1700693779
2023-11-16,0x89de19c640b03649206e9998481ee9e8e23ebcaf,649,0x3838433f63f4d4a24260f2485aacf5894ba7bc93,0.0,0.0,15884.209463,0,1,1700693915
2023-11-16,0x89de19c640b03649206e9998481ee9e8e23ebcaf,2219,0xbf7a212642dd4ac4c46af83410e18337379c85ec,0.0,0.0,1166.894485,0,1,1700692843
2023-11-16,0x89de19c640b03649206e9998481ee9e8e23ebcaf,3580,0xcc71d2ff046b1464fa39f5d1108695d92d01767e,0.0,0.0,1184.485115,0,1,1700693621
2023-11-16,0x89de19c640b03649206e9998481ee9e8e23ebcaf,4781,0x999252a932817efb9b5d4c1410976b43cfd16d9a,0.0,0.0,430.075264,0,1,1700548747
2023-11-16,0x89de19c640b03649206e9998481ee9e8e23ebcaf,5623,0x46f3cc6a1c00a5cd8864d2b92f128196cae07d15,0.0,0.0,36.941527,0,1,1700158783
2023-11-16,0x89de19c640b03649206e9998481ee9e8e23ebcaf,7122,0x011b0a055e02425461a1ae95b30f483c4ff05be7,3842.293593,3842.293593,0.0,1,0,1700693983
2023-11-16,0x89de19c640b03649206e9998481ee9e8e23ebcaf,8803,0x3b6280e12f19160c8b340a77d8cfb6eb5e32ea77,100.223875,100.223875,111.190865,1,1,1700209119
2023-11-16,0x8b432c54d6e8e1b8d1802753514ab53044af1861,7,0x586cf50c2874f3e3997660c0fd0996b090fb9764,4156529.188392,4156529.188392,2989473.061531,1,1,1700584061
2023-11-16,0x8b432c54d6e8e1b8d1802753514ab53044af1861,24,0x208a17c5fabe5b90282e5906945ff335e39326c4,9153.262969,9153.262969,18252.747617,1,1,1700683823
2023-11-16,0x8b432c54d6e8e1b8d1802753514ab53044af1861,47,0x011b0a055e02425461a1ae95b30f483c4ff05be7,0.0,0.0,195600.904551,0,1,1700693931
2023-11-16,0x8b432c54d6e8e1b8d1802753514ab53044af1861,51,0x0f228805c03a693aa964a791e0b2e2c6e6c6513f,0.0,0.0,570301.210991,0,1,1700691351
2023-11-16,0x8b432c54d6e8e1b8d1802753514ab53044af1861,55,0x285fed35cbea271a711681e84ffd83c68a596a75,111527.034105,111527.034105,58086.240278,1,1,1700683597
2023-11-16,0x8b432c54d6e8e1b8d1802753514ab53044af1861,67,0x8ce17ff2c7376e9adfe9c63c47a801097fa6c525,54199.187757,54199.187757,0.0,1,0,1700690971
2023-11-16,0x8b432c54d6e8e1b8d1802753514ab53044af1861,105,0x208a17c5fabe5b90282e5906945ff335e39326c4,25928.125611,25928.125611,20681.566107,1,1,1700683839
2023-11-16,0x8b432c54d6e8e1b8d1802753514ab53044af1861,110,0x05e09d942505764bca4475abf8efdbc21d1c535b,73234.24987,73234.24987,0.0,1,0,1700683789
2023-11-16,0x8b432c54d6e8e1b8d1802753514ab53044af1861,114,0x611b0c1ed942b833c786c53883a4aa37a25602a6,93445.659571,93445.659571,0.0,1,0,1700684273
2023-11-16,0x8b432c54d6e8e1b8d1802753514ab53044af1861,122,0xc1061bc6e62d7908eb21f57788b48b3636a2c2d6,426413.561324,426413.561324,0.0,1,0,1700691313
2023-11-16,0x8b432c54d6e8e1b8d1802753514ab53044af1861,248,0xdaa12ca83de2fab833fc28ce1300ba6ddee67204,28361.023572,28361.023572,14114.955728,1,1,1700684365
2023-11-16,0x8b432c54d6e8e1b8d1802753514ab53044af1861,277,0x68acb2051b73c2342be78cd1a7e5ca44483d10c5,0.0,0.0,29939.767845,0,1,1700693861
2023-11-16,0x8b432c54d6e8e1b8d1802753514ab53044af1861,299,0x26553884cee0bb96f4ecea4de3ed52d88d3f2efc,0.0,0.0,54338.788018,0,1,1700693817
2023-11-16,0x8b432c54d6e8e1b8d1802753514ab53044af1861,368,0x4388cb70d7e0ba4a9363f97ea08579364c60290e,200533.871843,200533.871843,0.0,1,0,1700685549
2023-11-16,0x8b432c54d6e8e1b8d1802753514ab53044af1861,437,0xbae3b46e29e7cfd2bba8164765d592ce9802ec70,13988.066361,13988.066361,27954.964915,1,1,1700585837
2023-11-16,0x8b432c54d6e8e1b8d1802753514ab53044af1861,512,0x3b1b211b3fce0d1ee9f5e1afeecadeb98378d0b0,0.0,0.0,14983.828655,0,1,1700662905
2023-11-16,0x8b432c54d6e8e1b8d1802753514ab53044af1861,523,0xde93a283495fa2834047b53871a8e4e09f96d841,11251.31502,11251.31502,11251.31502,1,1,1700687221
2023-11-16,0x8b432c54d6e8e1b8d1802753514ab53044af1861,576,0x1138f2c7e2198d6b1d7de80377454d280f6877d1,0.0,0.0,37249.623526,0,1,1700679495
2023-11-16,0x8b432c54d6e8e1b8d1802753514ab53044af1861,751,0x8e72a24221517e51502f20f387415a06b27a5b51,0.0,0.0,24546.807775,0,1,1700689425
2023-11-16,0x8b432c54d6e8e1b8d1802753514ab53044af1861,770,0x94df62c754cec7c0f90262bd4b292423282888ee,0.0,0.0,23499.864829,0,1,1700692267
2023-11-16,0x8b432c54d6e8e1b8d1802753514ab53044af1861,779,0x82d685057b3078618b541c3dee62fbfc71b4859e,23105.005346,23105.005346,23087.523219,1,1,1700693457
2023-11-16,0x8b432c54d6e8e1b8d1802753514ab53044af1861,789,0x0e156bf3a5326322f7fee3d336fcf63d00641c6e,0.0,0.0,22414.534188,0,1,1700691691
2023-11-16,0x8b432c54d6e8e1b8d1802753514ab53044af1861,795,0xa1bf240a6b4b54b77497cd3d741f385e0f5b5199,0.0,0.0,21996.169319,0,1,1700692643
2023-11-16,0x8b432c54d6e8e1b8d1802753514ab53044af1861,823,0xfc101ee05afe9843c37fb7fdd5a64b9dc47411b6,0.0,0.0,10486.486167,0,1,1700688121
2023-11-16,0x8b432c54d6e8e1b8d1802753514ab53044af1861,907,0xac9161439fa30e646dead6a11e23371f97eab067,0.0,0.0,17427.524982,0,1,1700693863
2023-11-16,0x8b432c54d6e8e1b8d1802753514ab53044af1861,1288,0x6059895f7f20cc25c251d4d283f525f7400ce034,0.0,0.0,4332.689945,0,1,1700675825
2023-11-16,0x8b432c54d6e8e1b8d1802753514ab53044af1861,1289,0x5505f7442fcbad24f65265c422f8a055993815c4,0.0,0.0,9588.576875,0,1,1700687257
2023-11-16,0x8b432c54d6e8e1b8d1802753514ab53044af1861,1774,0xa520375aaafb2b5700dfdba1c3d56c626df8bb06,0.0,0.0,7204.920328,0,1,1700521667
2023-11-16,0x8b432c54d6e8e1b8d1802753514ab53044af1861,1863,0x6547835644105f1313ffd5194f467720837b0c8c,0.0,0.0,1196.898574,0,1,1700633265
2023-11-16,0x8b432c54d6e8e1b8d1802753514ab53044af1861,2080,0x868cbfd33ec93b451c510125e4d9f1ab1e42fcd2,0.0,0.0,4044.57374,0,1,1700667959
2023-11-16,0x8b432c54d6e8e1b8d1802753514ab53044af1861,2088,0xba90b576573d9b2563d752a30c4cee502c15c371,2028.092231,2028.092231,2021.376066,1,1,1700689913
2023-11-16,0x8b432c54d6e8e1b8d1802753514ab53044af1861,2198,0x04c872122ec2553b2d8adcc6c7eac4bec7717ccf,0.0,0.0,3776.490869,0,1,1700685295
2023-11-16,0x8b432c54d6e8e1b8d1802753514ab53044af1861,7121,0x011b0a055e02425461a1ae95b30f483c4ff05be7,0.0,0.0,6941.034178,0,1,1700693959
2023-11-16,0x8b432c54d6e8e1b8d1802753514ab53044af1861,7122,0x011b0a055e02425461a1ae95b30f483c4ff05be7,0.0,0.0,2559.590912,0,1,1700693983
2023-11-16,0x8b432c54d6e8e1b8d1802753514ab53044af1861,7247,0xa07d83334758af046dbcee6991e341c0e061d121,248.124974,248.124974,211.844174,1,1,1700590429
2023-11-16,0x8b432c54d6e8e1b8d1802753514ab53044af1861,7633,0x9d837774efb22c42d975fd86a8642ce97462f848,0.0,180.586526,309.311108,1,2,1700408625
2023-11-16,0x8b432c54d6e8e1b8d1802753514ab53044af1861,8032,0xf265702178a66b4b7ce079fc8a1629e47cf1bcde,0.0,0.0,165181.006647,0,1,1700686515
2023-11-16,0x8b432c54d6e8e1b8d1802753514ab53044af1861,8280,0x4ae6f3ec7b50e7b01a5b2b3a0b2688a65bb350a5,77.38173,77.38173,53.119692,1,1,1700230595
2023-11-16,0x8b432c54d6e8e1b8d1802753514ab53044af1861,9602,0x788d2c0813cac59770cdf36f7beb9bfc819b6475,240465.399109,240465.399109,0.0,1,0,1700696263
2023-11-16,0x8b432c54d6e8e1b8d1802753514ab53044af1861,9603,0x43e3267ce69862ffbeea59690cdb3e798f71ce7e,1949318.077519,1949318.077519,2867342.561997,1,1,1700681275
2023-11-16,0x8b432c54d6e8e1b8d1802753514ab53044af1861,9605,0x794d1ae064a5d2803cba821b7429d95cceccf1ea,1255817.633539,1255817.633539,1457103.326866,1,1,1700696243
2023-11-16,0x8c7d15fcb443e07c5dc980901a6281f96d87c10f,43,0x2ddb405238368695f34d30a80ab60c449aa5ce48,30310.764988,30310.764988,0.0,1,0,1700692465
2023-11-16,0x8c7d15fcb443e07c5dc980901a6281f96d87c10f,68,0x132e47cf2c19ec2d8dd56e1528fc7e18dc09188f,129045.433105,129045.433105,0.0,1,0,1700693779
2023-11-16,0x8c7d15fcb443e07c5dc980901a6281f96d87c10f,77,0xeb6772188cf10aa563a1cd163f48355d1a949797,85805.346837,85805.346837,0.0,1,0,1700693783
2023-11-16,0x8c7d15fcb443e07c5dc980901a6281f96d87c10f,103,0x1c2ed7a6c4e3c1146103fa222181115a72243a06,54779.15841,54779.15841,0.0,1,0,1700693443
2023-11-16,0x8c7d15fcb443e07c5dc980901a6281f96d87c10f,139,0xa04275c10f39e8675a34e147e2ef78d35129f2b6,121800.032969,121800.032969,0.0,1,0,1700693785
2023-11-16,0x8c7d15fcb443e07c5dc980901a6281f96d87c10f,209,0xfcbb477ec276476b6029ed0467f28f5ac1712884,10205.40474,10205.40474,0.0,1,0,1700693883
2023-11-16,0x8c7d15fcb443e07c5dc980901a6281f96d87c10f,212,0x931369f621980fe1d8f07f6fbeb3040aadb36409,187292.61693,187292.61693,0.0,1,0,1700692933
2023-11-16,0x8c7d15fcb443e07c5dc980901a6281f96d87c10f,262,0x32af25467b00aae516505b3331cfec52092ea5ba,132666.6548,132666.6548,0.0,1,0,1700692925
2023-11-16,0x8c7d15fcb443e07c5dc980901a6281f96d87c10f,609,0x87dd9282247d03e8415c37025137752522defce1,35290.072705,35290.072705,0.0,1,0,1700693815
2023-11-16,0x8c7d15fcb443e07c5dc980901a6281f96d87c10f,879,0x34ff77a853a14579d2120ac08c5e342cee08ad71,3705.720468,3705.720468,0.0,1,0,1700693637
2023-11-16,0x8c7d15fcb443e07c5dc980901a6281f96d87c10f,1080,0xfcea91e004426c4d6f17c0c0e9015af935516ee2,30432.779217,30432.779217,0.0,1,0,1700692823
2023-11-16,0x8c7d15fcb443e07c5dc980901a6281f96d87c10f,1096,0x0feeb7936a806bf2006eb3d73d3552eaf4300fec,12859.881706,12859.881706,0.0,1,0,1700692225
2023-11-16,0x8c7d15fcb443e07c5dc980901a6281f96d87c10f,1098,0x6e81417b312917305d12f76fa3b6bd66ffaa75e7,9629.340834,9629.340834,0.0,1,0,1700693377
2023-11-16,0x8c7d15fcb443e07c5dc980901a6281f96d87c10f,1585,0x6f7e3d13f1dc8077892749322eeb8b39ff7b0917,6641.314578,6641.314578,0.0,1,0,1700692541
2023-11-16,0x8c7d15fcb443e07c5dc980901a6281f96d87c10f,1709,0xf7c04a39e47c7ea9d6888f9389ea85846e22ae1a,5809.615707,5809.615707,0.0,1,0,1700692727
2023-11-16,0x8c7d15fcb443e07c5dc980901a6281f96d87c10f,2276,0x53a385d47d3a011539ec377f53acb410f53ff97d,3598.059686,3598.059686,0.0,1,0,1700693649
2023-11-16,0x8c7d15fcb443e07c5dc980901a6281f96d87c10f,2405,0x3ee5a77e6d176f42eaf653d9f49fcb8adabbb6fc,3370.15147,3370.15147,0.0,1,0,1700692751
2023-11-16,0x8c7d15fcb443e07c5dc980901a6281f96d87c10f,2435,0x61f12ea36c822a30eef51941368ad8f54cf372a0,3328.389807,3328.389807,0.0,1,0,1700692599
2023-11-16,0x8c7d15fcb443e07c5dc980901a6281f96d87c10f,2801,0xe79c4a3807621f223de76404fb609b8a278e0262,2519.791642,2519.791642,0.0,1,0,1700693749
2023-11-16,0x8c7d15fcb443e07c5dc980901a6281f96d87c10f,2965,0xc8aa83d7a13910536363d7c55599308fe2718c10,2019.488021,2019.488021,0.0,1,0,1700693377
2023-11-16,0x8c7d15fcb443e07c5dc980901a6281f96d87c10f,3133,0x6b995c46343c82c3171cea9a22e7533004307675,1750.4831,1750.4831,0.0,1,0,1700692849
2023-11-16,0x8c7d15fcb443e07c5dc980901a6281f96d87c10f,3391,0xb9be40bdec31ec3935830acc8bcaad1a431f8bb0,1452.750062,1452.750062,0.0,1,0,1700693723
2023-11-16,0x8c7d15fcb443e07c5dc980901a6281f96d87c10f,4484,0x98e78cd936e6d7bb685d1cb3e4f3766322057183,262.064293,262.064293,0.0,1,0,1700693467
2023-11-16,0x8c7d15fcb443e07c5dc980901a6281f96d87c10f,5926,0x36bac71a12d2398994e7e224e2f66ab8b46dae3b,360.201279,360.201279,0.0,1,0,1700692889
2023-11-16,0x8c7d15fcb443e07c5dc980901a6281f96d87c10f,6142,0xaa00ec0ccd12d8b15ad502daa6be6166b7c472f9,353.279359,353.279359,0.0,1,0,1700692673
2023-11-16,0x8c7d15fcb443e07c5dc980901a6281f96d87c10f,7984,0xde3d47efad0a417473342a49fab24bdfd7139b72,15551.250665,15551.250665,0.0,1,0,1700692607
2023-11-16,0x8c7d15fcb443e07c5dc980901a6281f96d87c10f,9244,0x14debc53d8c0f8f58383b745f77389e042465b56,11392.075322,11392.075322,0.0,1,0,1700692653
2023-11-16,0x8e9154ac849e839d60299e85156bcb589de2693a,68,0x132e47cf2c19ec2d8dd56e1528fc7e18dc09188f,12904.543311,12904.543311,6308.364563,1,1,1700693779
2023-11-16,0x8e9154ac849e839d60299e85156bcb589de2693a,971,0xe3cfbf8fb378f5c4cf780077ee5c2ffe7aaea6dc,0.0,0.0,7890.551349,0,1,1700667051
2023-11-16,0x8e9154ac849e839d60299e85156bcb589de2693a,2421,0x9a2a659980a8fd84790b456696000c8eba9bc578,0.0,0.0,837.837625,0,1,1700690477
2023-11-16,0x8e9154ac849e839d60299e85156bcb589de2693a,3225,0x0b016476072f7d7d5c4e03bdf84511f80e12cb5e,2171.494979,2171.494979,2112.834896,1,1,1700638115
2023-11-16,0x8e9154ac849e839d60299e85156bcb589de2693a,7122,0x011b0a055e02425461a1ae95b30f483c4ff05be7,5123.058124,5123.058124,0.0,1,0,1700693983
2023-11-16,0x9287c921f5d920ceee0d07d7c58d476e46acc640,139,0xa04275c10f39e8675a34e147e2ef78d35129f2b6,0.0,0.0,37868.934731,0,1,1700693785
2023-11-16,0x9287c921f5d920ceee0d07d7c58d476e46acc640,405,0x2f707265e61300e8290c18e38ebcbd129fb0b0f5,90141.184741,90141.184741,0.0,1,0,1700347421
2023-11-16,0x9287c921f5d920ceee0d07d7c58d476e46acc640,417,0xbe93d14c5defb8f41af8fb092f58e3c71c712b85,15267.12831,15267.12831,0.0,1,0,1700143241
2023-11-16,0x9287c921f5d920ceee0d07d7c58d476e46acc640,486,0x7ee615e93d2d58feb14e58ea93f3fb5940d227e4,0.0,0.0,10062.971868,0,1,1700668705
2023-11-16,0x9287c921f5d920ceee0d07d7c58d476e46acc640,502,0x66f920658396f4c3642a32f6b5d5b65c3d6349db,0.0,0.0,13499.233768,0,1,1700671529
2023-11-16,0x9287c921f5d920ceee0d07d7c58d476e46acc640,1156,0xf2ff2bc69fb16674d0cc58bcdd7f674db576bc77,0.0,0.0,13932.134959,0,1,1700678811
2023-11-16,0x9287c921f5d920ceee0d07d7c58d476e46acc640,1430,0xfb07d2bdef2deb1ebec001644b4732ab77281c7a,0.0,0.0,5024.71137,0,1,1700668581
2023-11-16,0x9287c921f5d920ceee0d07d7c58d476e46acc640,1461,0x2bcdca8c689b4aa460b66ffde1d6b1761d41d5df,0.0,0.0,3845.858127,0,1,1700659791
2023-11-16,0x9287c921f5d920ceee0d07d7c58d476e46acc640,1755,0x2e97bab47dfb1fd1395be6d86fcd48c19374b79b,0.0,0.0,5908.363635,0,1,1700647779
2023-11-16,0x9287c921f5d920ceee0d07d7c58d476e46acc640,2101,0x9dd711b0cb4430f429231e5cb9940dbd1952a36f,0.0,0.0,4074.08075,0,1,1700682377
2023-11-16,0x9287c921f5d920ceee0d07d7c58d476e46acc640,2129,0x9e136c1c6d31504f6b0af8cba2cd3f1ea77b2e2b,862.463532,862.463532,862.463532,1,1,1700124211
2023-11-16,0x9287c921f5d920ceee0d07d7c58d476e46acc640,2173,0x8770dbd97a61c39a7c4c5ed256076135d64a242a,0.0,0.0,3844.423892,0,1,1700649269
2023-11-16,0x9287c921f5d920ceee0d07d7c58d476e46acc640,2443,0x6c478ceb0c323eacbbac0bc3aca176d1c7c7e9a4,0.0,0.0,3315.064814,0,1,1700692851
2023-11-16,0x9287c921f5d920ceee0d07d7c58d476e46acc640,3362,0x7ffbeb62cf6e5e53f898ba52d66d29ca3b2851fd,0.0,0.0,49669.680593,0,1,1700690731
2023-11-16,0x9287c921f5d920ceee0d07d7c58d476e46acc640,3719,0x0bf1fee0f3dbb4031e4c12e2985df93f267d53ab,0.0,0.0,1070.965608,0,1,1700189591
2023-11-16,0x9287c921f5d920ceee0d07d7c58d476e46acc640,4613,0x12ed17d0061c89362a1fd0ba9aa960d68b97bd79,0.0,0.0,142.210295,0,1,1700663277
2023-11-16,0x9287c921f5d920ceee0d07d7c58d476e46acc640,4718,0xdaab06a2611095939d61300030701908af24590b,0.0,0.0,853.011366,0,1,1700658837
2023-11-16,0x9287c921f5d920ceee0d07d7c58d476e46acc640,5457,0x8db7a537d8478df3c6d95ff33b4270342862957f,37.491226,37.491226,37.491226,1,1,1700151115
2023-11-16,0x9287c921f5d920ceee0d07d7c58d476e46acc640,6050,0x88840c37e8fa21afe5c28f0c704f9dcbd1601a45,0.0,0.0,355.468895,0,1,1700582483
2023-11-16,0x9287c921f5d920ceee0d07d7c58d476e46acc640,7829,0xeef53a1f4eb3846f33c3e549d6fdf130fa4f8b27,30.913417,30.913417,0.0,1,0,1700172379
2023-11-16,0x9287c921f5d920ceee0d07d7c58d476e46acc640,7844,0x4dccb4444a0a804b778ddac22dc21b4fd0fe1a0d,0.913308,0.913308,1.83524,1,1,1700646989
2023-11-16,0x9287c921f5d920ceee0d07d7c58d476e46acc640,9045,0xf7c0d5e897666ce6590a749ff1bd9edaf7eab2a5,34.077514,36.340323,2.262809,2,1,1700526117
2023-11-16,0x9287c921f5d920ceee0d07d7c58d476e46acc640,9220,0xf51e5a0a85d29aa0508894405d734bcf044dcb5b,0.0,0.0,1642.14739,0,1,1700664833
2023-11-16,0x9287c921f5d920ceee0d07d7c58d476e46acc640,9295,0x892176d784bed3dc877a62f3ff9fc091377b2a49,0.0,0.0,2009.999511,0,1,1700131319
2023-11-16,0x9287c921f5d920ceee0d07d7c58d476e46acc640,9604,0x70ec93ef92bde5aa7afff6546207bd378a28933c,2176152.284074,2176152.284074,1413428.720841,1,1,1700680029
2023-11-16,0x9287c921f5d920ceee0d07d7c58d476e46acc640,9644,0x3f5c26c355d50c6a87f19008da73622556b6d78a,0.000458,0.000458,0.0,1,0,1700120149
2023-11-16,0x951fdfa193d92c74c9e35ea8c8c757cbcbb85147,47,0x011b0a055e02425461a1ae95b30f483c4ff05be7,456747.703328,456747.703328,0.0,1,0,1700693931
2023-11-16,0x951fdfa193d92c74c9e35ea8c8c757cbcbb85147,77,0xeb6772188cf10aa563a1cd163f48355d1a949797,85805.346837,85805.346837,0.0,1,0,1700693783
2023-11-16,0x951fdfa193d92c74c9e35ea8c8c757cbcbb85147,209,0xfcbb477ec276476b6029ed0467f28f5ac1712884,20410.80948,20410.80948,0.0,1,0,1700693883
2023-11-16,0x951fdfa193d92c74c9e35ea8c8c757cbcbb85147,221,0x35a1a7740653b9c99b9b70c37c1c97192585b6bb,168368.666217,168368.666217,0.0,1,0,1700693909
2023-11-16,0x951fdfa193d92c74c9e35ea8c8c757cbcbb85147,251,0x73cefbf6e7766721d99192449e481567010082e2,166388.628547,166388.628547,0.0,1,0,1700693789
2023-11-16,0x951fdfa193d92c74c9e35ea8c8c757cbcbb85147,277,0x68acb2051b73c2342be78cd1a7e5ca44483d10c5,30293.028291,30293.028291,0.0,1,0,1700693861
2023-11-16,0x951fdfa193d92c74c9e35ea8c8c757cbcbb85147,299,0x26553884cee0bb96f4ecea4de3ed52d88d3f2efc,54591.161233,54591.161233,0.0,1,0,1700693817
2023-11-16,0x951fdfa193d92c74c9e35ea8c8c757cbcbb85147,649,0x3838433f63f4d4a24260f2485aacf5894ba7bc93,31768.418925,31768.418925,0.0,1,0,1700693915
2023-11-16,0x951fdfa193d92c74c9e35ea8c8c757cbcbb85147,658,0x7f64219e48e349295a580bca164434ea5d1e8433,17657.324395,17657.324395,0.0,1,0,1700693909
2023-11-16,0x951fdfa193d92c74c9e35ea8c8c757cbcbb85147,680,0x2328ecc367a913bf013533bbf9f0bf5aa8deb363,29237.869237,29237.869237,0.0,1,0,1700693983
2023-11-16,0x951fdfa193d92c74c9e35ea8c8c757cbcbb85147,696,0x0927ddcc52c08e3347cc9652da2c34fe9c837d0f,28017.566228,28017.566228,0.0,1,0,1700693749
2023-11-16,0x951fdfa193d92c74c9e35ea8c8c757cbcbb85147,1622,0x628a3240137ef7c5f729c6c106378edb3fa51250,6360.881537,6360.881537,0.0,1,0,1700693917
2023-11-16,0x951fdfa193d92c74c9e35ea8c8c757cbcbb85147,1695,0x7c16c022048b25142482cf06ac98064527395290,5944.703596,5944.703596,0.0,1,0,1700693895
2023-11-16,0x951fdfa193d92c74c9e35ea8c8c757cbcbb85147,1796,0x94003c45a74dbe132d45d15a0993caebf55aeb61,7326.112284,7326.112284,0.0,1,0,1700693773
2023-11-16,0x951fdfa193d92c74c9e35ea8c8c757cbcbb85147,1829,0xe77ffc696724fd0fcff578a05f3023081ae888c0,4934.349965,4934.349965,0.0,1,0,1700693905
2023-11-16,0x951fdfa193d92c74c9e35ea8c8c757cbcbb85147,2056,0xe77ffc696724fd0fcff578a05f3023081ae888c0,4429.30001,4429.30001,0.0,1,0,1700693945
2023-11-16,0x951fdfa193d92c74c9e35ea8c8c757cbcbb85147,2095,0x8e2f7d5aaae5abbd5052acb74019b9b11cb74349,4020.193587,4020.193587,0.0,1,0,1700693803
2023-11-16,0x951fdfa193d92c74c9e35ea8c8c757cbcbb85147,2319,0x0e80a01f8e69d535975fa34e64498651bc74247f,3650.646062,3650.646062,0.0,1,0,1700693713
2023-11-16,0x951fdfa193d92c74c9e35ea8c8c757cbcbb85147,3796,0x0f19b546dee3d1d57e5d017994fb3f437ae9a3f7,1007.095236,1007.095236,0.0,1,0,1700693939
2023-11-16,0x951fdfa193d92c74c9e35ea8c8c757cbcbb85147,4990,0x3a2acc5f5cfc976eb517008fec19a506501b3130,21480.362752,21480.362752,0.0,1,0,1700693613
2023-11-16,0x951fdfa193d92c74c9e35ea8c8c757cbcbb85147,6798,0xe77ffc696724fd0fcff578a05f3023081ae888c0,10585.745851,10585.745851,0.0,1,0,1700693959
2023-11-16,0x951fdfa193d92c74c9e35ea8c8c757cbcbb85147,7121,0x011b0a055e02425461a1ae95b30f483c4ff05be7,27785.160024,27785.160024,0.0,1,0,1700693959
2023-11-16,0x951fdfa193d92c74c9e35ea8c8c757cbcbb85147,7122,0x011b0a055e02425461a1ae95b30f483c4ff05be7,3842.293593,3842.293593,0.0,1,0,1700693983
2023-11-16,0x951fdfa193d92c74c9e35ea8c8c757cbcbb85147,9221,0xe77ffc696724fd0fcff578a05f3023081ae888c0,1459.686037,1459.686037,0.0,1,0,1700693927
2023-11-16,0x951fdfa193d92c74c9e35ea8c8c757cbcbb85147,9602,0x788d2c0813cac59770cdf36f7beb9bfc819b6475,163516.471394,163516.471394,0.0,1,0,1700696263
2023-11-16,0x951fdfa193d92c74c9e35ea8c8c757cbcbb85147,9605,0x794d1ae064a5d2803cba821b7429d95cceccf1ea,853955.990807,853955.990807,0.0,1,0,1700696243
2023-11-16,0x951fdfa193d92c74c9e35ea8c8c757cbcbb85147,9750,0xf60de76791c2f09995df52aa1c6e2e7dcf1e75d7,1530.757335,1530.757335,0.0,1,0,1700693819
2023-11-16,0x9b4db2f16199b8639ba386f44903ea2d51d65e43,21,0x4444aaaacdba5580282365e25b16309bd770ce4a,203819.981436,203819.981436,0.0,1,0,1700688869
2023-11-16,0x9b4db2f16199b8639ba386f44903ea2d51d65e43,30,0x7c3ac4cd86e7838ab8ac3f3e7051d399f4d96e51,24106.078022,24106.078022,0.0,1,0,1700677293
2023-11-16,0x9b4db2f16199b8639ba386f44903ea2d51d65e43,112,0x5c965d2f24e8fc49146575b039fbda4033d3cf94,1383369.506767,1383369.506767,0.0,1,0,1700673199
2023-11-16,0x9b4db2f16199b8639ba386f44903ea2d51d65e43,191,0x21c8dc59f2e9a11c4c1a0c310641968132c6b1be,213342.739541,213342.739541,0.0,1,0,1700683735
2023-11-16,0x9b4db2f16199b8639ba386f44903ea2d51d65e43,204,0x3aee7d5600c29ee7e4482c810746081313460738,189953.801529,189953.801529,0.0,1,0,1700682193
2023-11-16,0x9b4db2f16199b8639ba386f44903ea2d51d65e43,387,0x314c0695273ba259bb60074f2c92c67ac7ae6d40,106070.444965,106070.444965,0.0,1,0,1700677689
2023-11-16,0x9b4db2f16199b8639ba386f44903ea2d51d65e43,434,0x7da08fba7a69c67c0d06fd433af0c53f9c75cee8,81176.996964,81176.996964,0.0,1,0,1700676669
2023-11-16,0x9b4db2f16199b8639ba386f44903ea2d51d65e43,555,0xa3f2d88fb722d4f2a082edbf98354b81dc34829e,41046.014897,41046.014897,0.0,1,0,1700676835
2023-11-16,0x9b4db2f16199b8639ba386f44903ea2d51d65e43,622,0x81f10d99464d604ea1e9242dc71733a506e95b4e,17961.558045,17961.558045,0.0,1,0,1700683785
2023-11-16,0x9b4db2f16199b8639ba386f44903ea2d51d65e43,752,0xb919cab8962c5e6d8cc0483661819a44a8ff98e6,36794.138952,36794.138952,0.0,1,0,1700686477
2023-11-16,0x9b4db2f16199b8639ba386f44903ea2d51d65e43,864,0xdc7434d709bdbf483ed74989eae91c17b7ce1a33,9526.793963,9526.793963,0.0,1,0,1700679337
2023-11-16,0x9b4db2f16199b8639ba386f44903ea2d51d65e43,935,0xedbf8de67f84fb7f166652f9338a9a06fbe33893,8357.297534,8357.297534,0.0,1,0,1700673023
2023-11-16,0x9b4db2f16199b8639ba386f44903ea2d51d65e43,955,0x9cb016669c235ccebcd2fbbffa2d8d3a2247b02c,8124.416138,8124.416138,0.0,1,0,1700672437
2023-11-16,0x9b4db2f16199b8639ba386f44903ea2d51d65e43,1156,0xf2ff2bc69fb16674d0cc58bcdd7f674db576bc77,13942.684525,13942.684525,0.0,1,0,1700678811
2023-11-16,0x9b4db2f16199b8639ba386f44903ea2d51d65e43,1230,0xee659f1f00a10b1ac28e81a66b06c8bfae44ca07,10161.31435,10161.31435,0.0,1,0,1700682299
2023-11-16,0x9b4db2f16199b8639ba386f44903ea2d51d65e43,1292,0xb118026c68fd7f03efbcdf675dea96d625c084e5,9537.172879,9537.172879,0.0,1,0,1700676059
2023-11-16,0x9b4db2f16199b8639ba386f44903ea2d51d65e43,1436,0xfbe12d942b8c152248fd118f598c08124ff3d7de,10131.195281,10131.195281,0.0,1,0,1700683051
2023-11-16,0x9b4db2f16199b8639ba386f44903ea2d51d65e43,1657,0x6e6cea0e277d9cfcef9094c5c8713bb52ed600e0,6193.560353,6193.560353,0.0,1,0,1700676311
2023-11-16,0x9b4db2f16199b8639ba386f44903ea2d51d65e43,1725,0x4215a881dfa38fa2faced28778c9366ef3e5fbb6,5709.527109,5709.527109,0.0,1,0,1700674783
2023-11-16,0x9b4db2f16199b8639ba386f44903ea2d51d65e43,1876,0xfa01c614b923a3a6574719574ca4311e8a1ae08c,4710.250561,4710.250561,0.0,1,0,1700681991
2023-11-16,0x9b4db2f16199b8639ba386f44903ea2d51d65e43,1898,0x83f350d16c9581ca9af97dd53a77c72c8be2cbe7,4593.31668,4593.31668,0.0,1,0,1700681219
2023-11-16,0x9b4db2f16199b8639ba386f44903ea2d51d65e43,1980,0x48fb55ed1fb62ed26274fb805f6444bea97c1f28,4306.143965,4306.143965,0.0,1,0,1700675799
2023-11-16,0x9b4db2f16199b8639ba386f44903ea2d51d65e43,2011,0xe116d5f4ccd817e93a4827b4b1166fb3fa61bec5,4241.93735,4241.93735,0.0,1,0,1700675305
2023-11-16,0x9b4db2f16199b8639ba386f44903ea2d51d65e43,2013,0x6aef48ea854bc0e805232cecbab2fab592037c19,4231.167593,4231.167593,0.0,1,0,1700685639
2023-11-16,0x9b4db2f16199b8639ba386f44903ea2d51d65e43,2028,0xca681f8652250aef6b62a30b8156539aa13fea03,4180.274549,4180.274549,0.0,1,0,1700683513
2023-11-16,0x9b4db2f16199b8639ba386f44903ea2d51d65e43,2029,0xc7f4cdb175b1885e95b8f49ccbbd3f929ab7d1ba,4167.9473,4167.9473,0.0,1,0,1700683445
2023-11-16,0x9b4db2f16199b8639ba386f44903ea2d51d65e43,2098,0x7facf85e84f443fef7113bf85e7a582b251a25b5,4013.965399,4013.965399,0.0,1,0,1700681579
2023-11-16,0x9b4db2f16199b8639ba386f44903ea2d51d65e43,2783,0xae5c50251017ad218700f875dce2f20ff783ce1f,2582.83268,2582.83268,0.0,1,0,1700680741
2023-11-16,0x9b4db2f16199b8639ba386f44903ea2d51d65e43,2786,0x597bea912e8734e17ddc4f43a489a1472d9459cf,2586.767377,2586.767377,0.0,1,0,1700674709
2023-11-16,0x9b4db2f16199b8639ba386f44903ea2d51d65e43,4986,0x5283d441e291e3ba7c12c93aa85cb9b2b8e55639,402.365684,402.365684,0.0,1,0,1700673907
2023-11-16,0x9b4db2f16199b8639ba386f44903ea2d51d65e43,5901,0x2c7a4dbcf33080ac93b14be408b457eb40a7dfb8,36.099579,36.099579,0.0,1,0,1700672299
2023-11-16,0x9b4db2f16199b8639ba386f44903ea2d51d65e43,6340,0x639e1e07800943464a26ab99eb7caebeb0b9a526,349.472582,349.472582,0.0,1,0,1700673925
2023-11-16,0x9b4db2f16199b8639ba386f44903ea2d51d65e43,7824,0x4a3c33c04dca69366ae48ea69b4476b08bb49410,19.158898,19.158898,0.0,1,0,1700675231
2023-11-16,0x9b4db2f16199b8639ba386f44903ea2d51d65e43,7826,0xf1292d7254238ac0d056efb720c4ababee0ce3ad,19.158902,19.158902,0.0,1,0,1700675343
2023-11-16,0x9b4db2f16199b8639ba386f44903ea2d51d65e43,8375,0x314c0695273ba259bb60074f2c92c67ac7ae6d40,8058.40812,8058.40812,0.0,1,0,1700677679
2023-11-16,0x9e4cb8b916289864321661ce02cf66aa5ba63c94,21,0x4444aaaacdba5580282365e25b16309bd770ce4a,203819.981436,203819.981436,0.0,1,0,1700688869
2023-11-16,0x9e4cb8b916289864321661ce02cf66aa5ba63c94,23,0xc01a1cd505e6afcd3ced2ee1bac67890497f6654,0.0,0.0,38309.375946,0,1,1700671491
2023-11-16,0x9e4cb8b916289864321661ce02cf66aa5ba63c94,24,0x208a17c5fabe5b90282e5906945ff335e39326c4,9153.262969,9153.262969,18252.747617,1,1,1700683823
2023-11-16,0x9e4cb8b916289864321661ce02cf66aa5ba63c94,43,0x2ddb405238368695f34d30a80ab60c449aa5ce48,0.0,0.0,60536.047102,0,1,1700692465
2023-11-16,0x9e4cb8b916289864321661ce02cf66aa5ba63c94,47,0x011b0a055e02425461a1ae95b30f483c4ff05be7,391498.031424,391498.031424,1108405.12579,1,1,1700693931
2023-11-16,0x9e4cb8b916289864321661ce02cf66aa5ba63c94,51,0x0f228805c03a693aa964a791e0b2e2c6e6c6513f,285366.524677,285366.524677,0.0,1,0,1700691351
2023-11-16,0x9e4cb8b916289864321661ce02cf66aa5ba63c94,52,0x28878aec6b4209d90a40890183e3322f0ae5b2e2,270222.310229,270222.310229,378016.976859,1,1,1700683257
2023-11-16,0x9e4cb8b916289864321661ce02cf66aa5ba63c94,54,0xf265702178a66b4b7ce079fc8a1629e47cf1bcde,447022.714365,447022.714365,446684.479953,1,1,1700686191
2023-11-16,0x9e4cb8b916289864321661ce02cf66aa5ba63c94,59,0xa3cbd0c67dee5142209ff0cf155bc2bc51acf180,0.0,0.0,957185.812716,0,1,1700693421
2023-11-16,0x9e4cb8b916289864321661ce02cf66aa5ba63c94,77,0xeb6772188cf10aa563a1cd163f48355d1a949797,171610.693675,171610.693675,214351.058109,1,1,1700693783
2023-11-16,0x9e4cb8b916289864321661ce02cf66aa5ba63c94,92,0x0f9548165c4960624debb7e38b504e9fd524d6af,0.0,0.0,124072.419207,0,1,1700693689
2023-11-16,0x9e4cb8b916289864321661ce02cf66aa5ba63c94,99,0xa48cd684ded1eee3de13e052bbdcfed59558a1ca,0.0,0.0,282327.038638,0,1,1700580977
2023-11-16,0x9e4cb8b916289864321661ce02cf66aa5ba63c94,103,0x1c2ed7a6c4e3c1146103fa222181115a72243a06,54779.15841,54779.15841,54737.710413,1,1,1700693443
2023-11-16,0x9e4cb8b916289864321661ce02cf66aa5ba63c94,105,0x208a17c5fabe5b90282e5906945ff335e39326c4,25928.125611,25928.125611,51703.915267,1,1,1700683839
2023-11-16,0x9e4cb8b916289864321661ce02cf66aa5ba63c94,114,0x611b0c1ed942b833c786c53883a4aa37a25602a6,0.0,0.0,46687.477513,0,1,1700684273
2023-11-16,0x9e4cb8b916289864321661ce02cf66aa5ba63c94,118,0x4ccfeb186c61217f05d8756314c600089b27a1c3,0.0,0.0,383447.504301,0,1,1700648707
2023-11-16,0x9e4cb8b916289864321661ce02cf66aa5ba63c94,124,0x5d6f3d0c92d0564151357b0863e55e9ed4631b8d,43302.159024,43302.159024,108173.487402,1,1,1700691635
2023-11-16,0x9e4cb8b916289864321661ce02cf66aa5ba63c94,128,0x193578944fb0a0d31508f889528e9c345d90961b,103093.04497,103093.04497,0.0,1,0,1700641841
2023-11-16,0x9e4cb8b916289864321661ce02cf66aa5ba63c94,135,0x166c794d890dd91bbe71f304eca660e1c4892cbb,0.0,0.0,378815.384612,0,1,1700692073
2023-11-16,0x9e4cb8b916289864321661ce02cf66aa5ba63c94,136,0x12c58f57177b8d5832f60cfa690770c19ac9da19,0.0,0.0,223128.620325,0,1,1700683345
2023-11-16,0x9e4cb8b916289864321661ce02cf66aa5ba63c94,137,0xa4b6eeeb7eba0fc360a7402f2ebe90c178115e91,0.0,69412.216649,128799.841727,1,2,1700692611
2023-11-16,0x9e4cb8b916289864321661ce02cf66aa5ba63c94,139,0xa04275c10f39e8675a34e147e2ef78d35129f2b6,212022.279613,212022.279613,0.0,1,0,1700693785
2023-11-16,0x9e4cb8b916289864321661ce02cf66aa5ba63c94,151,0x5275817b74021e97c980e95ede6bbac0d0d6f3a2,307760.133514,307760.133514,0.0,1,0,1700589535
2023-11-16,0x9e4cb8b916289864321661ce02cf66aa5ba63c94,188,0xa60aadf62907bf06dd714781d44bbd4c2d783259,106795.478252,106795.478252,0.0,1,0,1700671523
2023-11-16,0x9e4cb8b916289864321661ce02cf66aa5ba63c94,203,0x637fceaf3e5289d2b396b831335e7d8a180c5656,38078.565687,38078.565687,0.0,1,0,1700692921
2023-11-16,0x9e4cb8b916289864321661ce02cf66aa5ba63c94,204,0x3aee7d5600c29ee7e4482c810746081313460738,0.0,0.0,189580.602387,0,1,1700682193
2023-11-16,0x9e4cb8b916289864321661ce02cf66aa5ba63c94,224,0x4920a95670b6282951813a94d9066a730d315df3,0.0,0.0,165458.492198,0,1,1700691225
2023-11-16,0x9e4cb8b916289864321661ce02cf66aa5ba63c94,235,0xfee6be6b5cc8cb4ee8189850a69973e774e7614e,0.0,0.0,326105.670147,0,1,1700693815
2023-11-16,0x9e4cb8b916289864321661ce02cf66aa5ba63c94,238,0xb6f28ae8f31d85dc27361852b986286113bc588d,83069.071262,83069.071262,58104.352627,1,1,1700693789
2023-11-16,0x9e4cb8b916289864321661ce02cf66aa5ba63c94,247,0xc40ebdc95e9fae4ada1a2c5093d0599afe0256bd,43025.652523,43025.652523,43025.652523,1,1,1700687209
2023-11-16,0x9e4cb8b916289864321661ce02cf66aa5ba63c94,254,0xa311ab5780aa036b71aac2b71163fd03ec0df59e,69113.006998,69113.006998,34530.356732,1,1,1700677971
2023-11-16,0x9e4cb8b916289864321661ce02cf66aa5ba63c94,271,0x791437cc4fa77c534b8b55d0cc6f06c9cab5ebb5,0.0,0.0,124018.030545,0,1,1700680969
2023-11-16,0x9e4cb8b916289864321661ce02cf66aa5ba63c94,275,0xa810ffea2709c116ef180d090c142fc5e08586a7,0.0,0.0,37515.648902,0,1,1700682081
2023-11-16,0x9e4cb8b916289864321661ce02cf66aa5ba63c94,289,0x95b05f935655c37ada2088c5767e5006f230b068,11438.519975,11438.519975,11416.046901,1,1,1700693583
2023-11-16,0x9e4cb8b916289864321661ce02cf66aa5ba63c94,302,0x188c30e9a6527f5f0c3f7fe59b72ac7253c62f28,113569.893323,113569.893323,0.0,1,0,1700685733
2023-11-16,0x9e4cb8b916289864321661ce02cf66aa5ba63c94,304,0xbbb33d2e7bd7ddc722e53da9ca8ee97df41cfabf,21242.448103,21242.448103,0.0,1,0,1700602061
2023-11-16,0x9e4cb8b916289864321661ce02cf66aa5ba63c94,312,0x9ced3bdc0e6ff65c3f072b0b5527184843ed4eaf,0.0,0.0,102747.806019,0,1,1700691825
2023-11-16,0x9e4cb8b916289864321661ce02cf66aa5ba63c94,331,0x5181cdf1bb20da04ba788f82989f29e65b67314a,0.0,0.0,102110.191625,0,1,1700684113
2023-11-16,0x9e4cb8b916289864321661ce02cf66aa5ba63c94,335,0x582c34536d7f4a2a5d96118d5d80ba3000c6b5af,89530.168768,89530.168768,89530.168768,1,1,1700666439
2023-11-16,0x9e4cb8b916289864321661ce02cf66aa5ba63c94,349,0x90f15e09b8fb5bc080b968170c638920db3a3446,83297.630392,83297.630392,83133.976894,1,1,1700619195
2023-11-16,0x9e4cb8b916289864321661ce02cf66aa5ba63c94,350,0x38332d808ba345953f41c71d38ca1ef79cffa5c5,20807.85963,20807.85963,41423.20974,1,1,1700690555
2023-11-16,0x9e4cb8b916289864321661ce02cf66aa5ba63c94,392,0xa12eec92d8c155c8ea9159cb87da4e062bf9992d,100665.241998,100665.241998,0.0,1,0,1700607201
2023-11-16,0x9e4cb8b916289864321661ce02cf66aa5ba63c94,398,0x48c7e0db3dad3fe4eb0513b86fe5c38ebb4e0f91,13134.314585,13134.314585,0.0,1,0,1700674447
2023-11-16,0x9e4cb8b916289864321661ce02cf66aa5ba63c94,430,0xb4173fee41920a8e7d3451863f9779468ebab98e,58381.335351,58381.335351,0.0,1,0,1700626037
2023-11-16,0x9e4cb8b916289864321661ce02cf66aa5ba63c94,445,0x24ed7409cb9f1adbe5b83c86a237049da6eca675,0.0,0.0,196214.372288,0,1,1700685957
2023-11-16,0x9e4cb8b916289864321661ce02cf66aa5ba63c94,458,0x7a921b0365b4571bee00ba5a1dbb422b11f13f9e,0.0,0.0,50856.530622,0,1,1700692583
2023-11-16,0x9e4cb8b916289864321661ce02cf66aa5ba63c94,504,0xcfba6d63ec822425775d3c509e60ff689c1ae1e7,4659.032332,4659.032332,4617.794222,1,1,1700693037
2023-11-16,0x9e4cb8b916289864321661ce02cf66aa5ba63c94,512,0x3b1b211b3fce0d1ee9f5e1afeecadeb98378d0b0,8562.187803,8562.187803,0.0,1,0,1700662905
2023-11-16,0x9e4cb8b916289864321661ce02cf66aa5ba63c94,516,0xe5cc37b25e4a223797d9bf07884b858b5dbe5152,45891.74062,45891.74062,44430.118695,1,1,1700334569
2023-11-16,0x9e4cb8b916289864321661ce02cf66aa5ba63c94,527,0x80d2214479e1cf9d79ea6690c4fff58fc56f866c,0.0,0.0,41214.516715,0,1,1700687403
2023-11-16,0x9e4cb8b916289864321661ce02cf66aa5ba63c94,548,0xb82e12d1da436611c5c94d535c3a40f5fb3f35ab,0.0,0.0,9908.522498,0,1,1700654161
2023-11-16,0x9e4cb8b916289864321661ce02cf66aa5ba63c94,573,0x1125917201ed36700f86c3cecec8c5dafae280d1,0.0,0.0,43981.930196,0,1,1700692481
2023-11-16,0x9e4cb8b916289864321661ce02cf66aa5ba63c94,597,0x1ce0c2b445c8e87ea4c40b6e721d9a39b09f6459,3606.240568,3606.240568,0.0,1,0,1700688147
2023-11-16,0x9e4cb8b916289864321661ce02cf66aa5ba63c94,599,0x21f59001e8543fbd84fcacade38b1a06274f0ca3,51529.856923,51529.856923,0.0,1,0,1700670101
2023-11-16,0x9e4cb8b916289864321661ce02cf66aa5ba63c94,636,0x599321b91d0e4e541f7d172ab1cacccc0d5a8e82,3316.842644,3316.842644,3316.842644,1,1,1700662671
2023-11-16,0x9e4cb8b916289864321661ce02cf66aa5ba63c94,644,0x89e1cfcc3bf93de8da0fb43a1311898067b3a11c,0.0,0.0,32515.102489,0,1,1700595947
2023-11-16,0x9e4cb8b916289864321661ce02cf66aa5ba63c94,675,0x1f452ea54d4d934afadc300c61ca0a3b1bbde958,30837.332898,30837.332898,0.0,1,0,1700685689
2023-11-16,0x9e4cb8b916289864321661ce02cf66aa5ba63c94,684,0x2a23d0650db1c536e71aeb63ecd3daa0b52e66e1,0.0,23459.668542,46901.586606,1,2,1700652519
2023-11-16,0x9e4cb8b916289864321661ce02cf66aa5ba63c94,707,0xb307d426a34a72a94b32bca5c5f0c8b36440fa80,27363.356965,27363.356965,0.0,1,0,1700688593
2023-11-16,0x9e4cb8b916289864321661ce02cf66aa5ba63c94,743,0x55f007605d7f78ba48beae6034ec46a2bbe98d3d,0.0,0.0,24921.98377,0,1,1700686357
2023-11-16,0x9e4cb8b916289864321661ce02cf66aa5ba63c94,754,0x4d3869e2451d28bb4f03aeda60322eaf01e912db,13394.150612,13394.150612,0.0,1,0,1700600407
2023-11-16,0x9e4cb8b916289864321661ce02cf66aa5ba63c94,761,0xe4495842d915738d659609727a51e39d15b66778,4844.855802,4844.855802,0.0,1,0,1700428031
2023-11-16,0x9e4cb8b916289864321661ce02cf66aa5ba63c94,768,0x6ad0e9ea8d43213dbaaf18ec11d02c75b4f9322d,0.0,0.0,24633.852578,0,1,1700656355
2023-11-16,0x9e4cb8b916289864321661ce02cf66aa5ba63c94,776,0xc923dd451dfb1fc6a4608982c6c077414da06a4d,0.0,0.0,12411.087066,0,1,1700551463
2023-11-16,0x9e4cb8b916289864321661ce02cf66aa5ba63c94,803,0x4c7eabe657187d2c8c5f7e2bb453478f72fd00c9,0.0,0.0,21969.843066,0,1,1700689995
2023-11-16,0x9e4cb8b916289864321661ce02cf66aa5ba63c94,816,0xe96f4e42719542b3f9556eef6ada7b819f0ac793,0.0,0.0,22660.677199,0,1,1700692935
2023-11-16,0x9e4cb8b916289864321661ce02cf66aa5ba63c94,842,0x58bcf1ac25551dd4eb790f2ef68c1857dcd67d9b,0.0,0.0,10280.908641,0,1,1700692327
2023-11-16,0x9e4cb8b916289864321661ce02cf66aa5ba63c94,900,0x0899a0b74ebab3f637b59dbf90883e6df481fe00,0.0,0.0,17630.376919,0,1,1700659507
2023-11-16,0x9e4cb8b916289864321661ce02cf66aa5ba63c94,913,0xe1dbf93df16ecf805fb053d53b7a6e3214c4a09d,0.0,0.0,17250.198647,0,1,1700693277
2023-11-16,0x9e4cb8b916289864321661ce02cf66aa5ba63c94,919,0x9ae07f4f2a9498ea935f6871725cf596820e7e7f,0.0,0.0,17119.584692,0,1,1700693163
2023-11-16,0x9e4cb8b916289864321661ce02cf66aa5ba63c94,964,0xf06b0077dfedd43f91c752f568af4b4b78a1e51b,0.0,0.0,15925.04932,0,1,1700693215
2023-11-16,0x9e4cb8b916289864321661ce02cf66aa5ba63c94,984,0x68e0384d0a5daaf5dc4247ab0d49cf6dce4aa748,16312.762235,16312.762235,16036.462826,1,1,1700693899
2023-11-16,0x9e4cb8b916289864321661ce02cf66aa5ba63c94,1035,0xfa53f48b0bfdc115f8eda45868d8e6a7a1c1f267,0.0,0.0,19416.212278,0,1,1700649635
2023-11-16,0x9e4cb8b916289864321661ce02cf66aa5ba63c94,1042,0xd92b3de78dbd6c29e3937eac884decf8e42a1d1e,4135.935777,4135.935777,4135.935777,1,1,1700473779
2023-11-16,0x9e4cb8b916289864321661ce02cf66aa5ba63c94,1043,0x3214e141bdae08be1f382a885cf3d2a448a5e780,16250.558353,16250.558353,16250.558353,1,1,1700638033
2023-11-16,0x9e4cb8b916289864321661ce02cf66aa5ba63c94,1127,0x1980316479f2b01203b2cbf7e5eac1adc8f82bbe,0.0,0.0,12301.908842,0,1,1700691171
2023-11-16,0x9e4cb8b916289864321661ce02cf66aa5ba63c94,1154,0xe43fa6cbb7dda0bd863593c5e75fae9b4dcd5cd4,0.0,0.0,11888.894556,0,1,1700688707
2023-11-16,0x9e4cb8b916289864321661ce02cf66aa5ba63c94,1197,0x0be4eb0e89abed9f52d94f1550c22a16008cc463,0.0,0.0,3507.36693,0,1,1700693319
2023-11-16,0x9e4cb8b916289864321661ce02cf66aa5ba63c94,1205,0x5b4a08e006917f68c35d450379d91c430d479296,10988.385395,10988.385395,0.0,1,0,1700657011
2023-11-16,0x9e4cb8b916289864321661ce02cf66aa5ba63c94,1214,0xf5ccd855b7d196c3f3d54ae65e90531f1849bbe2,0.0,0.0,10696.967624,0,1,1700662855
2023-11-16,0x9e4cb8b916289864321661ce02cf66aa5ba63c94,1363,0x43d16ccd581e1d6a8d51768f75ddf09b79f4f856,2159.26852,2159.26852,2159.26852,1,1,1700691595
2023-11-16,0x9e4cb8b916289864321661ce02cf66aa5ba63c94,1367,0xcce0a627557f2b9af402607e5342ba15ad5f0053,0.0,0.0,8613.736518,0,1,1700646751
2023-11-16,0x9e4cb8b916289864321661ce02cf66aa5ba63c94,1386,0x74ad47b91469d6b2356337afdb05608cfabbbde8,8405.138768,8405.138768,8405.138768,1,1,1700662981
2023-11-16,0x9e4cb8b916289864321661ce02cf66aa5ba63c94,1408,0x8eea89024a753b68e508e800b91923917470d3b0,8120.945052,8120.945052,8120.945052,1,1,1700637949
2023-11-16,0x9e4cb8b916289864321661ce02cf66aa5ba63c94,1520,0xa2d35e418814a8b6367c66a5ac2fec8ea16332b2,3568.28713,3568.28713,0.0,1,0,1700633347
2023-11-16,0x9e4cb8b916289864321661ce02cf66aa5ba63c94,1553,0x69cd1c2e13113c09a22ff98cbd2db3f682f716b4,0.0,0.0,6894.818588,0,1,1700640485
2023-11-16,0x9e4cb8b916289864321661ce02cf66aa5ba63c94,1586,0x446925b8fa3ce7072a6f389df46150978da748fb,6636.180954,6636.180954,0.0,1,0,1700605455
2023-11-16,0x9e4cb8b916289864321661ce02cf66aa5ba63c94,1737,0x66819a1ad0bd3e0d2d0c8302f38c1f200f215e4f,5619.993761,5619.993761,0.0,1,0,1700605763
2023-11-16,0x9e4cb8b916289864321661ce02cf66aa5ba63c94,1748,0x6166e79c794750cdf8473ca5799f6d5c9ae74aac,0.0,0.0,2746.059193,0,1,1700688327
2023-11-16,0x9e4cb8b916289864321661ce02cf66aa5ba63c94,1764,0x7690453f91dbadef8a592a32c679d8f0f5e0116b,8114.089514,8114.089514,8022.46518,1,1,1700694131
2023-11-16,0x9e4cb8b916289864321661ce02cf66aa5ba63c94,1766,0xd9105bfe2f1448acad670d102263389f7e2a8e0b,0.0,0.0,1328.572098,0,1,1700691295
2023-11-16,0x9e4cb8b916289864321661ce02cf66aa5ba63c94,1794,0x808c136858c6ef2d6819faa2e0c09548bb03c1f0,5129.78974,5129.78974,5129.78974,1,1,1700686713
2023-11-16,0x9e4cb8b916289864321661ce02cf66aa5ba63c94,2047,0x7239c9c7ca2ed6f684182fca881618fe4b557f9e,0.0,0.0,5592.614985,0,1,1700688325
2023-11-16,0x9e4cb8b916289864321661ce02cf66aa5ba63c94,2408,0x4a23bccf39a5ca0e3cfdd67d74cba3f380eca38f,3363.330351,3363.330351,0.0,1,0,1700605519
2023-11-16,0x9e4cb8b916289864321661ce02cf66aa5ba63c94,2413,0xbc1d315ba25501b20cfc475a86087145b7f48374,0.0,0.0,3371.973714,0,1,1700691597
2023-11-16,0x9e4cb8b916289864321661ce02cf66aa5ba63c94,2474,0x47c465e7beac169081371969c0fcf62d10c84ef7,3274.923409,3274.923409,0.0,1,0,1700652677
2023-11-16,0x9e4cb8b916289864321661ce02cf66aa5ba63c94,2543,0xea7799bb4139bc81fb001bd009bba7989fa0dad3,0.0,0.0,3179.799518,0,1,1700690899
2023-11-16,0x9e4cb8b916289864321661ce02cf66aa5ba63c94,2674,0x8298ca68dd147f42d2b355d320da71561defcd21,3576.552062,3576.552062,0.0,1,0,1700625667
2023-11-16,0x9e4cb8b916289864321661ce02cf66aa5ba63c94,2771,0xbd7041c03b68467a55596f375c3e4bb716406a23,0.0,0.0,1274.175873,0,1,1700683673
2023-11-16,0x9e4cb8b916289864321661ce02cf66aa5ba63c94,3086,0x9b9e8bc43c15559653868587a193bd014dff5c65,2050.86354,2050.86354,0.0,1,0,1700595067
2023-11-16,0x9e4cb8b916289864321661ce02cf66aa5ba63c94,3610,0xdbcfcf489faa6a6d068bdd71f130da5f1526d51f,1142.511781,1142.511781,0.0,1,0,1700635487
2023-11-16,0x9e4cb8b916289864321661ce02cf66aa5ba63c94,3915,0x120c7d2b23d969f96c09d353ad076c8bb64cb407,224.252604,224.252604,304.983542,1,1,1700680547
2023-11-16,0x9e4cb8b916289864321661ce02cf66aa5ba63c94,3962,0xf51754d95c0b9bb416ab4915e9f10b04d04d29e5,859.611916,859.611916,0.0,1,0,1700635789
2023-11-16,0x9e4cb8b916289864321661ce02cf66aa5ba63c94,4107,0xa8293dd8eb52564a35b8357a539146321b934153,739.93106,739.93106,0.0,1,0,1700636065
2023-11-16,0x9e4cb8b916289864321661ce02cf66aa5ba63c94,4185,0xa3b926f6d2bb5507fe711847640ba2086cb11a75,1681.045519,1681.045519,1587.176069,1,1,1700683121
2023-11-16,0x9e4cb8b916289864321661ce02cf66aa5ba63c94,4299,0x942114d2222af79422d11ddb0a96ddf2997fecb9,0.0,0.0,1113.099541,0,1,1700691023
2023-11-16,0x9e4cb8b916289864321661ce02cf66aa5ba63c94,4313,0x7bb9dccc97052ddef05141897fe8313fd4ad0418,615.267271,615.267271,0.0,1,0,1700635937
2023-11-16,0x9e4cb8b916289864321661ce02cf66aa5ba63c94,4635,0xdbc88e5858fd2cd02b2670383100b04804fe2f27,17017.03296,33760.695623,33487.325326,2,2,1700264463
2023-11-16,0x9e4cb8b916289864321661ce02cf66aa5ba63c94,4682,0x4a56a7439580657891a35ee5a9f2096186c4fcbc,0.0,0.0,451.951495,0,1,1700535505
2023-11-16,0x9e4cb8b916289864321661ce02cf66aa5ba63c94,4705,0xfa5ce2a0882b2f5625df1f38f18b0f19f4f6fa67,446.027023,446.027023,446.027023,1,1,1700645075
2023-11-16,0x9e4cb8b916289864321661ce02cf66aa5ba63c94,4936,0x77e395ccb0f042083f389404f3459dad40b6d552,0.0,0.0,111.00057,0,1,1700157097
2023-11-16,0x9e4cb8b916289864321661ce02cf66aa5ba63c94,4975,0x4dd7fc3a3b6457d1e67e3b046b2b0d2dcf25257d,403.938344,403.938344,0.0,1,0,1700644649
2023-11-16,0x9e4cb8b916289864321661ce02cf66aa5ba63c94,5127,0x4270783a1d4e97e2249ca64b97bd29b8896e1cf8,0.0,0.0,390.986412,0,1,1700664453
2023-11-16,0x9e4cb8b916289864321661ce02cf66aa5ba63c94,5457,0x8db7a537d8478df3c6d95ff33b4270342862957f,0.0,0.0,37.491226,0,1,1700151115
2023-11-16,0x9e4cb8b916289864321661ce02cf66aa5ba63c94,5473,0xfe8427a949048d14bb26778fa1253d79aadab6ee,425.99327,425.99327,425.99327,1,1,1700651845
2023-11-16,0x9e4cb8b916289864321661ce02cf66aa5ba63c94,5901,0x2c7a4dbcf33080ac93b14be408b457eb40a7dfb8,90.248948,90.248948,90.248948,1,1,1700672299
2023-11-16,0x9e4cb8b916289864321661ce02cf66aa5ba63c94,5975,0x3601508f2a20b12f3f18308fab210c75dd73b577,77.796734,77.796734,55.89797,1,1,1700389581
2023-11-16,0x9e4cb8b916289864321661ce02cf66aa5ba63c94,6269,0x561201443956b904dfb2e4553f330440c27e9bbf,356.767959,356.767959,0.0,1,0,1700595559
2023-11-16,0x9e4cb8b916289864321661ce02cf66aa5ba63c94,6418,0xb4173fee41920a8e7d3451863f9779468ebab98e,18587.209768,18587.209768,0.0,1,0,1700626167
2023-11-16,0x9e4cb8b916289864321661ce02cf66aa5ba63c94,7059,0xb4173fee41920a8e7d3451863f9779468ebab98e,6707.180273,6707.180273,0.0,1,0,1700626059
2023-11-16,0x9e4cb8b916289864321661ce02cf66aa5ba63c94,7121,0x011b0a055e02425461a1ae95b30f483c4ff05be7,79882.335068,79882.335068,6941.034178,1,1,1700693959
2023-11-16,0x9e4cb8b916289864321661ce02cf66aa5ba63c94,7746,0x3b6280e12f19160c8b340a77d8cfb6eb5e32ea77,92.305532,92.305532,96.713203,1,1,1700209093
2023-11-16,0x9e4cb8b916289864321661ce02cf66aa5ba63c94,7844,0x4dccb4444a0a804b778ddac22dc21b4fd0fe1a0d,4.976501,4.976501,5.001839,1,1,1700646989
2023-11-16,0x9e4cb8b916289864321661ce02cf66aa5ba63c94,7857,0x4886ba5d2b3e0ae1e80172d3bddc4feb32e1ce26,4.35121,4.35121,4.373527,1,1,1700651765
2023-11-16,0x9e4cb8b916289864321661ce02cf66aa5ba63c94,8298,0x3b6280e12f19160c8b340a77d8cfb6eb5e32ea77,7.632042,7.632042,21.89303,1,1,1700209113
2023-11-16,0x9e4cb8b916289864321661ce02cf66aa5ba63c94,8343,0x6c6dc387b28edf1d2ccac7acc99f4238db1592ba,0.0,0.0,0.852173,0,1,1700643761
2023-11-16,0x9e4cb8b916289864321661ce02cf66aa5ba63c94,8395,0x5181cdf1bb20da04ba788f82989f29e65b67314a,0.0,0.0,16293.7528,0,1,1700684143
2023-11-16,0x9e4cb8b916289864321661ce02cf66aa5ba63c94,8405,0x5d6f3d0c92d0564151357b0863e55e9ed4631b8d,0.0,0.0,1394.303495,0,1,1700691707
2023-11-16,0x9e4cb8b916289864321661ce02cf66aa5ba63c94,8421,0x77eeaf07c050a690f9b3c2e8e7642cc3cbeceeb4,698149.440996,698149.440996,696008.595123,1,1,1700644223
2023-11-16,0x9e4cb8b916289864321661ce02cf66aa5ba63c94,8497,0x6c607fdeb11f83b3d5169014a45f45e035f9ab4a,0.0,0.0,41838.744834,0,1,1700691899
2023-11-16,0x9e4cb8b916289864321661ce02cf66aa5ba63c94,8502,0x892176d784bed3dc877a62f3ff9fc091377b2a49,0.0,0.0,3899.999855,0,1,1700131307
2023-11-16,0x9e4cb8b916289864321661ce02cf66aa5ba63c94,8782,0xeaba90bddbbbf7ec1a6b0483320c40840401e310,1.050904,1.050904,0.0,1,0,1700555751
2023-11-16,0x9e4cb8b916289864321661ce02cf66aa5ba63c94,9108,0x892176d784bed3dc877a62f3ff9fc091377b2a49,0.0,0.0,249.999942,0,1,1700131579
2023-11-16,0x9e4cb8b916289864321661ce02cf66aa5ba63c94,9261,0xb6f28ae8f31d85dc27361852b986286113bc588d,0.0,0.0,2886.071733,0,1,1700693801
2023-11-16,0x9e4cb8b916289864321661ce02cf66aa5ba63c94,9265,0x26602bf417c4e57ba3d2268d7f93a1e16f29e069,0.0,0.0,160522.399549,0,1,1700691007
2023-11-16,0x9e4cb8b916289864321661ce02cf66aa5ba63c94,9290,0x6c607fdeb11f83b3d5169014a45f45e035f9ab4a,0.0,0.0,8929.76,0,1,1700691911
2023-11-16,0x9e4cb8b916289864321661ce02cf66aa5ba63c94,9295,0x892176d784bed3dc877a62f3ff9fc091377b2a49,0.0,0.0,2009.999511,0,1,1700131319
2023-11-16,0x9e4cb8b916289864321661ce02cf66aa5ba63c94,9325,0x1594b251df6b70ca9a01d4de0836ab4fd9811241,211676.079177,211676.079177,0.0,1,0,1700667909
2023-11-16,0x9e4cb8b916289864321661ce02cf66aa5ba63c94,9345,0x77eeaf07c050a690f9b3c2e8e7642cc3cbeceeb4,177953.380553,177953.380553,177603.758443,1,1,1700644245
2023-11-16,0x9e4cb8b916289864321661ce02cf66aa5ba63c94,9518,0xcc873fb2d32aae0c4b541a8ca663dbcbcaaac4ad,0.0,0.0,3103.622318,0,1,1700692599
2023-11-16,0x9e4cb8b916289864321661ce02cf66aa5ba63c94,9602,0x788d2c0813cac59770cdf36f7beb9bfc819b6475,884912.668722,884912.668722,0.0,1,0,1700696263
2023-11-16,0x9e4cb8b916289864321661ce02cf66aa5ba63c94,9603,0x43e3267ce69862ffbeea59690cdb3e798f71ce7e,6535948.848153,6535948.848153,4243666.991756,1,1,1700681275
2023-11-16,0x9e4cb8b916289864321661ce02cf66aa5ba63c94,9605,0x794d1ae064a5d2803cba821b7429d95cceccf1ea,4621408.891424,4621408.891424,2763471.826816,1,1,1700696243
2023-11-16,0x9e4cb8b916289864321661ce02cf66aa5ba63c94,9609,0x2a23d0650db1c536e71aeb63ecd3daa0b52e66e1,0.0,0.0,7064.945078,0,1,1700184121
2023-11-16,0x9e4cb8b916289864321661ce02cf66aa5ba63c94,9698,0x1dacdc738c87c2f04dd21c874a314372f876cab7,39.948031,39.948031,0.0,1,0,1700396227
2023-11-16,0x9e4cb8b916289864321661ce02cf66aa5ba63c94,9699,0x01e3a700a1a0509ec3ee32cc12c3c5a602f1ff8c,1.349527,1.349527,0.0,1,0,1700396189
2023-11-16,0x9e4cb8b916289864321661ce02cf66aa5ba63c94,9738,0x6c6dc387b28edf1d2ccac7acc99f4238db1592ba,0.00077,0.00077,0.0,1,0,1700646371
2023-11-16,0xa6385c73961dd9c58db2ef0c4eb98ce4b60651e8,9,0x08e18394086cb624b3d47430d115fafa01f4055e,0.0,0.0,799811.301976,0,1,1700570441
2023-11-16,0xa6385c73961dd9c58db2ef0c4eb98ce4b60651e8,16,0x370880694995aa8a53f71645f7bec3b0e7bb25d9,390786.475575,390786.475575,387942.72107,1,1,1700674371
2023-11-16,0xa6385c73961dd9c58db2ef0c4eb98ce4b60651e8,24,0x208a17c5fabe5b90282e5906945ff335e39326c4,9153.262969,9153.262969,0.0,1,0,1700683823
2023-11-16,0xa6385c73961dd9c58db2ef0c4eb98ce4b60651e8,27,0x6665e62ef6f6db29d5f8191fbac472222c2cc80f,0.0,0.0,124561.510138,0,1,1700637797
2023-11-16,0xa6385c73961dd9c58db2ef0c4eb98ce4b60651e8,49,0xd062ab63bb4f7af7e59b85defc3c90bfa9b81e6e,0.0,0.0,3120931.104537,0,1,1700613197
2023-11-16,0xa6385c73961dd9c58db2ef0c4eb98ce4b60651e8,52,0x28878aec6b4209d90a40890183e3322f0ae5b2e2,270222.310229,270222.310229,0.0,1,0,1700683257
2023-11-16,0xa6385c73961dd9c58db2ef0c4eb98ce4b60651e8,64,0xf1010ee787ee588766b441d7cc397b40ddfb17a3,0.0,0.0,467397.564006,0,1,1700692701
2023-11-16,0xa6385c73961dd9c58db2ef0c4eb98ce4b60651e8,69,0xd0e72c1b2eb87e3dc0445b7f689cadcfc872b293,1136872.560434,1136872.560434,0.0,1,0,1700649507
2023-11-16,0xa6385c73961dd9c58db2ef0c4eb98ce4b60651e8,70,0xdaf8667875d27ebd1bf70c72f135492260e3037b,315047.907066,315047.907066,0.0,1,0,1700675851
2023-11-16,0xa6385c73961dd9c58db2ef0c4eb98ce4b60651e8,74,0x9c0d72f2ac26420cb7eeb155bf401b672840e87b,946907.777087,946907.777087,946191.310597,1,1,1700648823
2023-11-16,0xa6385c73961dd9c58db2ef0c4eb98ce4b60651e8,80,0x34f543a73dcb1a4bcbae71e5dd41fcc1b5c17bf7,411538.300981,411538.300981,409822.241146,1,1,1700637837
2023-11-16,0xa6385c73961dd9c58db2ef0c4eb98ce4b60651e8,86,0x9ebd10b46b43351097cab2d3c03ccf440957a2a9,0.0,0.0,715979.718107,0,1,1700625313
2023-11-16,0xa6385c73961dd9c58db2ef0c4eb98ce4b60651e8,100,0x133d93566f9699b3af46fe150daa8a67a9563ed6,0.0,0.0,552259.980992,0,1,1700627377
2023-11-16,0xa6385c73961dd9c58db2ef0c4eb98ce4b60651e8,105,0x208a17c5fabe5b90282e5906945ff335e39326c4,51856.251223,51856.251223,0.0,1,0,1700683839
2023-11-16,0xa6385c73961dd9c58db2ef0c4eb98ce4b60651e8,114,0x611b0c1ed942b833c786c53883a4aa37a25602a6,0.0,0.0,46687.477513,0,1,1700684273
2023-11-16,0xa6385c73961dd9c58db2ef0c4eb98ce4b60651e8,118,0x4ccfeb186c61217f05d8756314c600089b27a1c3,449321.626431,449321.626431,0.0,1,0,1700648707
2023-11-16,0xa6385c73961dd9c58db2ef0c4eb98ce4b60651e8,126,0xf5a93410e7e32bbf28a8eaafbd7f241cf0b290fb,416582.766157,416582.766157,0.0,1,0,1700668537
2023-11-16,0xa6385c73961dd9c58db2ef0c4eb98ce4b60651e8,128,0x193578944fb0a0d31508f889528e9c345d90961b,309279.13491,309279.13491,82412.032676,1,1,1700641841
2023-11-16,0xa6385c73961dd9c58db2ef0c4eb98ce4b60651e8,134,0xd87ecc6c74f486b044824a222326a96f696fcfa2,0.0,0.0,384145.634492,0,1,1700633449
2023-11-16,0xa6385c73961dd9c58db2ef0c4eb98ce4b60651e8,138,0x53e0b897eae600b2f6855fce4a42482e9229d2c2,0.0,0.0,181718.62629,0,1,1700664681
2023-11-16,0xa6385c73961dd9c58db2ef0c4eb98ce4b60651e8,147,0xe3f0254b09aec48ffa46f9eee5a3bc7a8e510e6d,0.0,0.0,166794.324279,0,1,1700692787
2023-11-16,0xa6385c73961dd9c58db2ef0c4eb98ce4b60651e8,151,0x5275817b74021e97c980e95ede6bbac0d0d6f3a2,0.0,0.0,309016.018662,0,1,1700589535
2023-11-16,0xa6385c73961dd9c58db2ef0c4eb98ce4b60651e8,153,0x0f45156f109e474295913d78036fa213b1745d5a,0.0,0.0,301087.356986,0,1,1700633713
2023-11-16,0xa6385c73961dd9c58db2ef0c4eb98ce4b60651e8,165,0x54ecb3397b0bf31cb0b81eb2444e2a7b32507d8b,81532.036607,81532.036607,0.0,1,0,1700689629
2023-11-16,0xa6385c73961dd9c58db2ef0c4eb98ce4b60651e8,168,0xd91432ea17a0b4ff2c28af958d4b175353c7c730,255747.808949,255747.808949,0.0,1,0,1700677163
2023-11-16,0xa6385c73961dd9c58db2ef0c4eb98ce4b60651e8,181,0xa46d9574912af2494d3f26257608243de7fe8285,56596.889639,56596.889639,0.0,1,0,1700666303
2023-11-16,0xa6385c73961dd9c58db2ef0c4eb98ce4b60651e8,184,0x76c2cd1b8a249f465f8445c455cb78e0eed36f1e,0.0,0.0,163872.509535,0,1,1700691877
2023-11-16,0xa6385c73961dd9c58db2ef0c4eb98ce4b60651e8,185,0x5952bab55191f8a815ccd8ba4945f7a09ef5def7,1051118.65876,1051118.65876,0.0,1,0,1700668591
2023-11-16,0xa6385c73961dd9c58db2ef0c4eb98ce4b60651e8,190,0x48d18a882b0be145606a11fce6f8a301256b93fa,0.0,0.0,211297.491976,0,1,1700687809
2023-11-16,0xa6385c73961dd9c58db2ef0c4eb98ce4b60651e8,195,0x302757fe1990e6558e03d05036bb88c3129a22c8,102938.501298,102938.501298,0.0,1,0,1700643743
2023-11-16,0xa6385c73961dd9c58db2ef0c4eb98ce4b60651e8,207,0x670647441d9c24d981923c9293a2e4eae6d0c8b3,591271.402097,591271.402097,590824.023634,1,1,1700669065
2023-11-16,0xa6385c73961dd9c58db2ef0c4eb98ce4b60651e8,279,0xa82618668a71bb492d1aaf8948de95d73eb8a243,0.0,0.0,136668.23366,0,1,1700649371
2023-11-16,0xa6385c73961dd9c58db2ef0c4eb98ce4b60651e8,295,0xa311ab5780aa036b71aac2b71163fd03ec0df59e,55523.130527,55523.130527,0.0,1,0,1700678045
2023-11-16,0xa6385c73961dd9c58db2ef0c4eb98ce4b60651e8,304,0xbbb33d2e7bd7ddc722e53da9ca8ee97df41cfabf,0.0,0.0,21226.375258,0,1,1700602061
2023-11-16,0xa6385c73961dd9c58db2ef0c4eb98ce4b60651e8,316,0x8217157f6a42eecf3d07ef7c8d67ad416c3e9f02,50796.50847,50796.50847,0.0,1,0,1700666205
2023-11-16,0xa6385c73961dd9c58db2ef0c4eb98ce4b60651e8,324,0xfb86a60a4d204de91421871c6d69cb40d21ae736,388731.468278,388731.468278,0.0,1,0,1700681095
2023-11-16,0xa6385c73961dd9c58db2ef0c4eb98ce4b60651e8,379,0xc32053db3de17c5e6845d35dbd4ebb860fe265d9,0.0,0.0,85382.587324,0,1,1700623623
2023-11-16,0xa6385c73961dd9c58db2ef0c4eb98ce4b60651e8,393,0x193db18a5ef9a0320b7374c1fe8af976235f3211,0.0,0.0,66520.293369,0,1,1700627061
2023-11-16,0xa6385c73961dd9c58db2ef0c4eb98ce4b60651e8,398,0x48c7e0db3dad3fe4eb0513b86fe5c38ebb4e0f91,13134.314585,13134.314585,0.0,1,0,1700674447
2023-11-16,0xa6385c73961dd9c58db2ef0c4eb98ce4b60651e8,410,0xe88857d67cf8e0031ca1674ffe17f72578e566ee,62816.694928,62816.694928,62769.165424,1,1,1700667565
2023-11-16,0xa6385c73961dd9c58db2ef0c4eb98ce4b60651e8,423,0xa904a0f8b4f0292785ad610dae1084a916142a77,0.0,0.0,58968.567522,0,1,1700679023
2023-11-16,0xa6385c73961dd9c58db2ef0c4eb98ce4b60651e8,427,0x0dda3228b0729bfe7698988a669b81d4a306a8ea,58832.983478,58832.983478,58788.468202,1,1,1700660637
2023-11-16,0xa6385c73961dd9c58db2ef0c4eb98ce4b60651e8,433,0x4a9a3815060c3bd08fb4d44c9e74513874771b0c,65136.972792,65136.972792,0.0,1,0,1700665967
2023-11-16,0xa6385c73961dd9c58db2ef0c4eb98ce4b60651e8,436,0xe171e110cfe6f658c4421c2da4c86e4933919de4,28073.459684,28073.459684,56104.43647,1,1,1700668529
2023-11-16,0xa6385c73961dd9c58db2ef0c4eb98ce4b60651e8,455,0xed96bc0fd61b87f3b7f6478e55db024e75972fac,51257.368697,51257.368697,0.0,1,0,1700658133
2023-11-16,0xa6385c73961dd9c58db2ef0c4eb98ce4b60651e8,473,0x97020c9ec66e0f59231918b1d2f167a66026aff2,0.0,0.0,16171.334562,0,1,1700678139
2023-11-16,0xa6385c73961dd9c58db2ef0c4eb98ce4b60651e8,483,0x8f009a96f45514c31ee806fba7c4bfb842ff497e,46534.384275,46534.384275,46499.174588,1,1,1700669471
2023-11-16,0xa6385c73961dd9c58db2ef0c4eb98ce4b60651e8,486,0x7ee615e93d2d58feb14e58ea93f3fb5940d227e4,15105.887492,15105.887492,0.0,1,0,1700668705
2023-11-16,0xa6385c73961dd9c58db2ef0c4eb98ce4b60651e8,508,0x63b461a9577cdaea028f25d059868d9abe6eddbf,43047.44305,43047.44305,0.0,1,0,1700654921
2023-11-16,0xa6385c73961dd9c58db2ef0c4eb98ce4b60651e8,512,0x3b1b211b3fce0d1ee9f5e1afeecadeb98378d0b0,21405.469508,21405.469508,0.0,1,0,1700662905
2023-11-16,0xa6385c73961dd9c58db2ef0c4eb98ce4b60651e8,584,0x38e481367e0c50f4166ad2a1c9fde0e3c662cfba,36896.623617,36896.623617,0.0,1,0,1700648023
2023-11-16,0xa6385c73961dd9c58db2ef0c4eb98ce4b60651e8,604,0xf99c8873b972b4192e789f55ab954188d0d9a133,35576.176179,35576.176179,0.0,1,0,1700665425
2023-11-16,0xa6385c73961dd9c58db2ef0c4eb98ce4b60651e8,612,0xb7db1273e05bb89c9c4858d3b0a280cf9dd38d69,0.0,0.0,11571.171701,0,1,1700663049
2023-11-16,0xa6385c73961dd9c58db2ef0c4eb98ce4b60651e8,635,0x4cd34f7ea5412cfdcf382139786b44eb63617701,33336.685795,33336.685795,33311.461989,1,1,1700642781
2023-11-16,0xa6385c73961dd9c58db2ef0c4eb98ce4b60651e8,674,0xf076823122f106c2b7f21cbaacd1c9db1ce4cf27,30041.989443,30041.989443,7510.497361,1,1,1700667647
2023-11-16,0xa6385c73961dd9c58db2ef0c4eb98ce4b60651e8,679,0x70c9fafea22acc41bda969f8ba2801af42456f51,85263.040375,85263.040375,0.0,1,0,1700671481
2023-11-16,0xa6385c73961dd9c58db2ef0c4eb98ce4b60651e8,684,0x2a23d0650db1c536e71aeb63ecd3daa0b52e66e1,93838.674169,140758.011254,93803.173211,2,2,1700652519
2023-11-16,0xa6385c73961dd9c58db2ef0c4eb98ce4b60651e8,686,0x485efc3c9ce74e870d4b3765049856435f3d08c6,28672.83371,28672.83371,0.0,1,0,1700666113
2023-11-16,0xa6385c73961dd9c58db2ef0c4eb98ce4b60651e8,715,0x13108ab5c6eb7efdcd7ba6f8cc55d265eae6176f,0.0,0.0,26635.051079,0,1,1700660619
2023-11-16,0xa6385c73961dd9c58db2ef0c4eb98ce4b60651e8,717,0x24b1bf98402c33a78c96178b833f89dbde7e76a7,22904.381912,22904.381912,22564.248831,1,1,1700651017
2023-11-16,0xa6385c73961dd9c58db2ef0c4eb98ce4b60651e8,726,0x2957c2968ebcb91f5683768a9bdc468d08c2a2c2,26101.142709,26101.142709,0.0,1,0,1700670207
2023-11-16,0xa6385c73961dd9c58db2ef0c4eb98ce4b60651e8,741,0xbf49b454818783d12bf4f3375ff17c59015e66cb,8801.547186,8801.547186,12564.125143,1,1,1700678283
2023-11-16,0xa6385c73961dd9c58db2ef0c4eb98ce4b60651e8,797,0x2971e3b9ad4bacc4f7b8cdefb2a11a19f907ac3e,22511.01749,22511.01749,0.0,1,0,1700666389
2023-11-16,0xa6385c73961dd9c58db2ef0c4eb98ce4b60651e8,810,0x609470c2f08ff626078ba64ceb905d73b155089d,21482.785404,21482.785404,21466.53071,1,1,1700666375
2023-11-16,0xa6385c73961dd9c58db2ef0c4eb98ce4b60651e8,824,0x0e80b8ea35ed0d15689a6372940619a5a99588bb,0.0,0.0,20812.50243,0,1,1700544023
2023-11-16,0xa6385c73961dd9c58db2ef0c4eb98ce4b60651e8,847,0x04c872122ec2553b2d8adcc6c7eac4bec7717ccf,0.0,0.0,19874.289617,0,1,1700685287
2023-11-16,0xa6385c73961dd9c58db2ef0c4eb98ce4b60651e8,873,0x0e42d7887e4dfd681fe295bec85729c0420e0ae0,0.0,0.0,18604.143265,0,1,1700613151
2023-11-16,0xa6385c73961dd9c58db2ef0c4eb98ce4b60651e8,887,0x50fa50fa2032d85eb2dda303929bf56886aa9afb,0.0,0.0,18389.360474,0,1,1700614411
2023-11-16,0xa6385c73961dd9c58db2ef0c4eb98ce4b60651e8,954,0x04c872122ec2553b2d8adcc6c7eac4bec7717ccf,0.0,0.0,23791.258442,0,1,1700685307
2023-11-16,0xa6385c73961dd9c58db2ef0c4eb98ce4b60651e8,978,0x28a21a3a4b197ea59aa8e4ab7001ed62bc53d1ca,0.0,0.0,15644.501237,0,1,1700620499
2023-11-16,0xa6385c73961dd9c58db2ef0c4eb98ce4b60651e8,989,0xe53f4d44c45dbc16a20ab64f8a8b4404ddbbefec,15820.843333,15820.843333,15808.87268,1,1,1700640067
2023-11-16,0xa6385c73961dd9c58db2ef0c4eb98ce4b60651e8,1034,0x582b07d825557d79be4f5ea051167b6c534fea1e,13994.238937,13994.238937,13994.238937,1,1,1700641411
2023-11-16,0xa6385c73961dd9c58db2ef0c4eb98ce4b60651e8,1038,0x5eda2dc136986fc88d4df5696bc464f96a20268a,6973.762523,6973.762523,10452.728862,1,1,1700658145
2023-11-16,0xa6385c73961dd9c58db2ef0c4eb98ce4b60651e8,1053,0x3216a8a03b07b6b19cbc21d62c8942e625fc3e07,6170.204645,6170.204645,0.0,1,0,1700674237
2023-11-16,0xa6385c73961dd9c58db2ef0c4eb98ce4b60651e8,1141,0x3a39899dc78b7307acd83f51463c853fa79e1b09,12412.811688,12412.811688,0.0,1,0,1700663025
2023-11-16,0xa6385c73961dd9c58db2ef0c4eb98ce4b60651e8,1142,0x88afc9ea8dd40c6b4478532846d87ef614e0057d,0.0,0.0,12039.867736,0,1,1700661111
2023-11-16,0xa6385c73961dd9c58db2ef0c4eb98ce4b60651e8,1149,0x93b82c49c2af67797977ae344c07884164e6a592,0.0,0.0,1312.259279,0,1,1700592989
2023-11-16,0xa6385c73961dd9c58db2ef0c4eb98ce4b60651e8,1159,0x54f2d57856e44dcf81880df34df300d145cc7d57,11793.86814,11793.86814,0.0,1,0,1700642563
2023-11-16,0xa6385c73961dd9c58db2ef0c4eb98ce4b60651e8,1166,0x9859a4583763a5ca30cb3dc676b41eae3b628e4a,11639.972368,11639.972368,0.0,1,0,1700644121
2023-11-16,0xa6385c73961dd9c58db2ef0c4eb98ce4b60651e8,1188,0x3df6fedbf3ed9e580cbf573d712b5cbb725bb2a7,5610.359273,5610.359273,0.0,1,0,1700661389
2023-11-16,0xa6385c73961dd9c58db2ef0c4eb98ce4b60651e8,1214,0xf5ccd855b7d196c3f3d54ae65e90531f1849bbe2,10696.967624,10696.967624,0.0,1,0,1700662855
2023-11-16,0xa6385c73961dd9c58db2ef0c4eb98ce4b60651e8,1221,0x564b3a3cf630d7b3b35ae78e47feb074bce2b06e,0.0,0.0,2554.830496,0,1,1700501619
2023-11-16,0xa6385c73961dd9c58db2ef0c4eb98ce4b60651e8,1244,0xbc113ac29567ee89363e4d07462823f60b8b5528,10247.038427,10247.038427,0.0,1,0,1700661611
2023-11-16,0xa6385c73961dd9c58db2ef0c4eb98ce4b60651e8,1257,0x14678eaae5571cab919a68519574a0edf2024ffd,9993.62338,9993.62338,0.0,1,0,1700647579
2023-11-16,0xa6385c73961dd9c58db2ef0c4eb98ce4b60651e8,1288,0x6059895f7f20cc25c251d4d283f525f7400ce034,6579.831207,6579.831207,4332.689945,1,1,1700675825
2023-11-16,0xa6385c73961dd9c58db2ef0c4eb98ce4b60651e8,1295,0x4334703b0b74e2045926f82f4158a103fce1df4f,0.0,0.0,9454.802686,0,1,1700381449
2023-11-16,0xa6385c73961dd9c58db2ef0c4eb98ce4b60651e8,1341,0xb86a352cffe8629266fd0279407ecddb67e5c328,8846.008197,8846.008197,0.0,1,0,1700653767
2023-11-16,0xa6385c73961dd9c58db2ef0c4eb98ce4b60651e8,1347,0x11cc69ac73a83f4b3cb1420f2faf7b09491f1d8e,0.0,0.0,5714.094494,0,1,1700680987
2023-11-16,0xa6385c73961dd9c58db2ef0c4eb98ce4b60651e8,1445,0xfaaa79ed017a66f19bd08161a2ebd215150758c4,0.0,0.0,7766.254039,0,1,1700684421
2023-11-16,0xa6385c73961dd9c58db2ef0c4eb98ce4b60651e8,1449,0x01fc9b47d4c1ece4af9ea9991c5a051aa57884cf,7755.460167,7755.460167,0.0,1,0,1700666515
2023-11-16,0xa6385c73961dd9c58db2ef0c4eb98ce4b60651e8,1507,0x4335335c596ac1fb3872a4f3b02ddc5418f8e33d,8382.730857,16569.682904,16373.904095,2,2,1700650013
2023-11-16,0xa6385c73961dd9c58db2ef0c4eb98ce4b60651e8,1520,0xa2d35e418814a8b6367c66a5ac2fec8ea16332b2,0.0,0.0,3563.255461,0,1,1700633347
2023-11-16,0xa6385c73961dd9c58db2ef0c4eb98ce4b60651e8,1521,0xdd84ce1adcb3a4908db61a1dfa3353c3974c5a2b,7114.672185,7114.672185,0.0,1,0,1700660181
2023-11-16,0xa6385c73961dd9c58db2ef0c4eb98ce4b60651e8,1538,0x7854163b1b0d24e77dca702b97b5cc33e0f83dcb,8535.401653,8535.401653,0.0,1,0,1700646897
2023-11-16,0xa6385c73961dd9c58db2ef0c4eb98ce4b60651e8,1553,0x69cd1c2e13113c09a22ff98cbd2db3f682f716b4,6894.818588,6894.818588,0.0,1,0,1700640485
2023-11-16,0xa6385c73961dd9c58db2ef0c4eb98ce4b60651e8,1606,0x69cd4abd687ab23e2f95f0a065cd9ad211a58713,6481.112857,6481.112857,6481.112857,1,1,1700668343
2023-11-16,0xa6385c73961dd9c58db2ef0c4eb98ce4b60651e8,1619,0x848ac158d4af8a753227ad4e955a6ea3b0cbf480,6355.693518,6355.693518,0.0,1,0,1700650461
2023-11-16,0xa6385c73961dd9c58db2ef0c4eb98ce4b60651e8,1702,0x05ed99aafe5bfc33e1636d57e03f55caf0b0e912,0.0,0.0,5894.049466,0,1,1700618201
2023-11-16,0xa6385c73961dd9c58db2ef0c4eb98ce4b60651e8,1743,0x2fe5a31a678a114a297b18dec7771601fdcdec9f,6888.472549,6888.472549,0.0,1,0,1700647495
2023-11-16,0xa6385c73961dd9c58db2ef0c4eb98ce4b60651e8,1744,0x49f4d0222c880d4780b636662f5f18f572f2f88a,0.0,0.0,5497.174993,0,1,1700647761
2023-11-16,0xa6385c73961dd9c58db2ef0c4eb98ce4b60651e8,1755,0x2e97bab47dfb1fd1395be6d86fcd48c19374b79b,5908.363635,5908.363635,0.0,1,0,1700647779
2023-11-16,0xa6385c73961dd9c58db2ef0c4eb98ce4b60651e8,1836,0x11add7af96d6f94bad07e338e9a4ca5dc0f94d4f,0.0,0.0,4890.735212,0,1,1700623817
2023-11-16,0xa6385c73961dd9c58db2ef0c4eb98ce4b60651e8,1873,0xef1244af7099dce45ee7f937534f0968501efb29,0.0,0.0,4748.940463,0,1,1700648745
2023-11-16,0xa6385c73961dd9c58db2ef0c4eb98ce4b60651e8,1878,0x952815ea349a0c10db5d854a16a27d768e85053e,9510.643521,9510.643521,0.0,1,0,1700646695
2023-11-16,0xa6385c73961dd9c58db2ef0c4eb98ce4b60651e8,1914,0xcaeeac120121a33c5c232619a2616e306e329cd7,8285.563369,8285.563369,0.0,1,0,1700652037
2023-11-16,0xa6385c73961dd9c58db2ef0c4eb98ce4b60651e8,1973,0x0a27f53e3d044465d07607ef7a048e71809f295e,4313.868492,4313.868492,4313.868492,1,1,1700647845
2023-11-16,0xa6385c73961dd9c58db2ef0c4eb98ce4b60651e8,1994,0xcfccc57dddc110c806a7c005c197646210e529ac,4580.055141,4580.055141,0.0,1,0,1700647299
2023-11-16,0xa6385c73961dd9c58db2ef0c4eb98ce4b60651e8,2041,0xec5b22756d0191fbbb4afffdd5ae2a660538d196,9864.221404,9864.221404,0.0,1,0,1700658651
2023-11-16,0xa6385c73961dd9c58db2ef0c4eb98ce4b60651e8,2048,0x2b83ac024b0a4ba3f93776cacb61d98310614afe,0.0,0.0,4697.894705,0,1,1700617339
2023-11-16,0xa6385c73961dd9c58db2ef0c4eb98ce4b60651e8,2053,0xef1244af7099dce45ee7f937534f0968501efb29,0.0,0.0,4131.84873,0,1,1700648671
2023-11-16,0xa6385c73961dd9c58db2ef0c4eb98ce4b60651e8,2166,0x509814af024e569f6f9bdbd1400a1a1576a90622,3849.870989,3849.870989,0.0,1,0,1700664567
2023-11-16,0xa6385c73961dd9c58db2ef0c4eb98ce4b60651e8,2173,0x8770dbd97a61c39a7c4c5ed256076135d64a242a,3844.423892,3844.423892,0.0,1,0,1700649269
2023-11-16,0xa6385c73961dd9c58db2ef0c4eb98ce4b60651e8,2186,0xec2cbcb2b994f8410073220d84d29eb66f9d9ec5,3818.549246,3818.549246,0.0,1,0,1700662281
2023-11-16,0xa6385c73961dd9c58db2ef0c4eb98ce4b60651e8,2219,0xbf7a212642dd4ac4c46af83410e18337379c85ec,0.0,0.0,1166.894485,0,1,1700692843
2023-11-16,0xa6385c73961dd9c58db2ef0c4eb98ce4b60651e8,2298,0x1395de9daec52ad405e945603ea0a9346d00d01c,3550.764195,3550.764195,0.0,1,0,1700654797
2023-11-16,0xa6385c73961dd9c58db2ef0c4eb98ce4b60651e8,2313,0x3888132606615fc0759853b6ec1107e717d0ae52,1171.269851,1171.269851,0.0,1,0,1700646703
2023-11-16,0xa6385c73961dd9c58db2ef0c4eb98ce4b60651e8,2324,0xa435530d50d7d17fd9fc6e1c897dbf7c08e12d35,0.0,0.0,3522.944659,0,1,1700677581
2023-11-16,0xa6385c73961dd9c58db2ef0c4eb98ce4b60651e8,2337,0x27211186a6aca2c1371ea8b3deb528659a118081,0.0,0.0,1653.350914,0,1,1700457455
2023-11-16,0xa6385c73961dd9c58db2ef0c4eb98ce4b60651e8,2398,0xa0d09dd6130596c3fadb66ac6d94ed982510cdef,0.0,0.0,5026.225528,0,1,1700487621
2023-11-16,0xa6385c73961dd9c58db2ef0c4eb98ce4b60651e8,2462,0xb8dbac300e69c9c2d56542f83bbac3dbad065d02,3297.255265,3297.255265,0.0,1,0,1700661109
2023-11-16,0xa6385c73961dd9c58db2ef0c4eb98ce4b60651e8,2507,0x4f46c9d3257d95e35a2441df2fdf293af13f47d9,3989.193523,3989.193523,0.0,1,0,1700666649
2023-11-16,0xa6385c73961dd9c58db2ef0c4eb98ce4b60651e8,2510,0x2afeb9ac4196037c575b45ada553b70ec80d40df,0.0,0.0,8692.143597,0,1,1700617127
2023-11-16,0xa6385c73961dd9c58db2ef0c4eb98ce4b60651e8,2565,0xba77e0b03b41a980bb4e7bb32ec7a2dfe1b66f8f,0.0,0.0,3184.939136,0,1,1700617907
2023-11-16,0xa6385c73961dd9c58db2ef0c4eb98ce4b60651e8,2601,0x98076110c0d195b468d5776ad89004c5864ffc6d,3104.98282,3104.98282,0.0,1,0,1700650751
2023-11-16,0xa6385c73961dd9c58db2ef0c4eb98ce4b60651e8,2603,0xd2e44e40b5fb960a8a74dd7b9d6b7f14b805b50d,0.0,0.0,3100.011842,0,1,1700651859
2023-11-16,0xa6385c73961dd9c58db2ef0c4eb98ce4b60651e8,2698,0x924af56089af7aeb6c211ee3781e24b7444cc216,3450.588716,3450.588716,0.0,1,0,1700648161
2023-11-16,0xa6385c73961dd9c58db2ef0c4eb98ce4b60651e8,2775,0x323b7e14205c54604be21d74d1ad0ab070ec5bb2,0.0,0.0,2605.71226,0,1,1700672217
2023-11-16,0xa6385c73961dd9c58db2ef0c4eb98ce4b60651e8,2829,0x50fa50fa2032d85eb2dda303929bf56886aa9afb,0.0,0.0,16140.861909,0,1,1700614309
2023-11-16,0xa6385c73961dd9c58db2ef0c4eb98ce4b60651e8,2832,0x181ebf93092438f13ebef682b275230c7169d0f2,2378.368308,2378.368308,2378.368308,1,1,1700652855
2023-11-16,0xa6385c73961dd9c58db2ef0c4eb98ce4b60651e8,2846,0x7f922e25a3ff62f9a253c83f3f1f2e1dddae60bd,2315.836787,2315.836787,0.0,1,0,1700640221
2023-11-16,0xa6385c73961dd9c58db2ef0c4eb98ce4b60651e8,2928,0x6dd93f62e209533888afd02421a69312d4b9b275,0.0,0.0,2117.471107,0,1,1700522615
2023-11-16,0xa6385c73961dd9c58db2ef0c4eb98ce4b60651e8,3036,0x3f6364f662b0127a3430bb9a9fc16b602da9a188,0.0,0.0,2397.119537,0,1,1700618883
2023-11-16,0xa6385c73961dd9c58db2ef0c4eb98ce4b60651e8,3049,0x24de90e08999faed07011a574104fe57f3465f96,1869.854444,1869.854444,0.0,1,0,1700648275
2023-11-16,0xa6385c73961dd9c58db2ef0c4eb98ce4b60651e8,3089,0xadc83821108c2382a4cf96b55b8c75134f061d9e,0.0,0.0,1819.354779,0,1,1700685149
2023-11-16,0xa6385c73961dd9c58db2ef0c4eb98ce4b60651e8,3097,0x28893320e3ec737271510b92b3efe948144a396e,2502.53489,2502.53489,0.0,1,0,1700672001
2023-11-16,0xa6385c73961dd9c58db2ef0c4eb98ce4b60651e8,3131,0x5192309938ef4a6804e89d20c839169f05d8a8ac,1755.459004,1755.459004,0.0,1,0,1700642813
2023-11-16,0xa6385c73961dd9c58db2ef0c4eb98ce4b60651e8,3859,0x181ebf93092438f13ebef682b275230c7169d0f2,941.73706,941.73706,941.73706,1,1,1700652871
2023-11-16,0xa6385c73961dd9c58db2ef0c4eb98ce4b60651e8,4051,0xaeaadea688cf7e0a53d61e01b0a1e9a6c6a1e9d0,0.0,0.0,1512.795465,0,1,1700635369
2023-11-16,0xa6385c73961dd9c58db2ef0c4eb98ce4b60651e8,4518,0x43917a8174465dc01522e8e14335eaa2cde33f6f,103.24885,103.24885,0.0,1,0,1700147223
2023-11-16,0xa6385c73961dd9c58db2ef0c4eb98ce4b60651e8,4756,0x7e73ff12a9883ea094162f6d15bd2592988ce070,434.633477,434.633477,0.0,1,0,1700647163
2023-11-16,0xa6385c73961dd9c58db2ef0c4eb98ce4b60651e8,4799,0xac57b566e6d2c76174317c2870f1f66276c96746,0.0,0.0,528.956579,0,1,1700618823
2023-11-16,0xa6385c73961dd9c58db2ef0c4eb98ce4b60651e8,4936,0x77e395ccb0f042083f389404f3459dad40b6d552,201.250713,201.250713,0.0,1,0,1700157097
2023-11-16,0xa6385c73961dd9c58db2ef0c4eb98ce4b60651e8,5124,0xdacbf0f8199c1e5ae5356a9d3a3b7d5f3e131360,0.0,0.0,476.658255,0,1,1700618591
2023-11-16,0xa6385c73961dd9c58db2ef0c4eb98ce4b60651e8,5290,0x0a672383bc609c8dc0a746e358cae1a7db555aff,0.0,0.0,486.450031,0,1,1700618277
2023-11-16,0xa6385c73961dd9c58db2ef0c4eb98ce4b60651e8,5381,0x5600ff522af4782dee24727a306e13c6d810dc3c,378.837992,378.837992,378.837992,1,1,1700098887
2023-11-16,0xa6385c73961dd9c58db2ef0c4eb98ce4b60651e8,5423,0xf01140a33593d481b9482561fa62a7a1e05ff81c,0.0,0.0,483.089098,0,1,1700618227
2023-11-16,0xa6385c73961dd9c58db2ef0c4eb98ce4b60651e8,5505,0xfb245db74da26226cf183f13287f7110c27fd0c7,0.0,0.0,487.618595,0,1,1700618117
2023-11-16,0xa6385c73961dd9c58db2ef0c4eb98ce4b60651e8,5605,0x2b0d2cbcc667631afca6d50dc20a6cc23d9b08e4,368.753563,368.753563,0.0,1,0,1700647377
2023-11-16,0xa6385c73961dd9c58db2ef0c4eb98ce4b60651e8,5730,0x8e3c3084dc48cac05e46346849125f684160b117,0.0,0.0,445.313542,0,1,1700618663
2023-11-16,0xa6385c73961dd9c58db2ef0c4eb98ce4b60651e8,5789,0x26ef296bd133aa54aaefeeedae62502b78e2e301,0.0,0.0,471.121077,0,1,1700618171
2023-11-16,0xa6385c73961dd9c58db2ef0c4eb98ce4b60651e8,5884,0x8181432899253fa56fdfeb559a9da64ec75d9f15,0.0,0.0,361.530924,0,1,1700617985
2023-11-16,0xa6385c73961dd9c58db2ef0c4eb98ce4b60651e8,5891,0x2188d1a5e18768ef32a3c2e647207ca3627d3ffd,0.0,0.0,441.280838,0,1,1700618535
2023-11-16,0xa6385c73961dd9c58db2ef0c4eb98ce4b60651e8,5909,0xbcd6fd639044c26c7a24288adf62eb56bf4511bc,0.0,0.0,469.778181,0,1,1700618035
2023-11-16,0xa6385c73961dd9c58db2ef0c4eb98ce4b60651e8,5971,0xb2d0fb36cca6b51b6464cccc92ded1a4cd9b8b65,0.0,0.0,438.93848,0,1,1700618723
2023-11-16,0xa6385c73961dd9c58db2ef0c4eb98ce4b60651e8,6035,0x5321230699f17aa1a242a80d8ecee9233592baf9,0.0,0.0,477.88465,0,1,1700617975
2023-11-16,0xa6385c73961dd9c58db2ef0c4eb98ce4b60651e8,6147,0x8e651ce5299c187a9570a2afad5a899755d4c5cc,353.199371,353.199371,0.0,1,0,1700639459
2023-11-16,0xa6385c73961dd9c58db2ef0c4eb98ce4b60651e8,6932,0xf1ba347eb6b8f4cbcd132aa2990b3746c1c05065,0.0,0.0,100.264105,0,1,1700617955
2023-11-16,0xa6385c73961dd9c58db2ef0c4eb98ce4b60651e8,6971,0xb701ab6c82c2458b45b8395c4f0e09f3ee0861c1,1542.211953,1542.211953,0.0,1,0,1700657115
2023-11-16,0xa6385c73961dd9c58db2ef0c4eb98ce4b60651e8,7066,0xf712ab8c4505eb4b36a2ff9fa746470be81e6538,337.884035,337.884035,337.884035,1,1,1700668125
2023-11-16,0xa6385c73961dd9c58db2ef0c4eb98ce4b60651e8,7096,0x7098d5ee6c5f1d1641f3a872e9acf0b97cc8aa75,472.684585,472.684585,475.262122,1,1,1700660891
2023-11-16,0xa6385c73961dd9c58db2ef0c4eb98ce4b60651e8,7128,0x0f45156f109e474295913d78036fa213b1745d5a,0.0,0.0,157060.130234,0,1,1700633683
2023-11-16,0xa6385c73961dd9c58db2ef0c4eb98ce4b60651e8,7136,0xd87ecc6c74f486b044824a222326a96f696fcfa2,0.0,0.0,124787.250354,0,1,1700633477
2023-11-16,0xa6385c73961dd9c58db2ef0c4eb98ce4b60651e8,7979,0x529656620d914443405a55ec42ad0eaeaf0b4a2c,135839.502491,135839.502491,0.0,1,0,1700655239
2023-11-16,0xa6385c73961dd9c58db2ef0c4eb98ce4b60651e8,8350,0x0f45156f109e474295913d78036fa213b1745d5a,0.0,0.0,79584.655245,0,1,1700633657
2023-11-16,0xa6385c73961dd9c58db2ef0c4eb98ce4b60651e8,8389,0x4ccfeb186c61217f05d8756314c600089b27a1c3,4895.64834,4895.64834,0.0,1,0,1700648673
2023-11-16,0xa6385c73961dd9c58db2ef0c4eb98ce4b60651e8,8392,0x505f69dbcc43a51d7ef1c2201f54ee116c45b20b,233284.684417,233284.684417,0.0,1,0,1700652627
2023-11-16,0xa6385c73961dd9c58db2ef0c4eb98ce4b60651e8,8467,0xd87ecc6c74f486b044824a222326a96f696fcfa2,0.0,0.0,182368.695672,0,1,1700633503
2023-11-16,0xa6385c73961dd9c58db2ef0c4eb98ce4b60651e8,8476,0xec5b22756d0191fbbb4afffdd5ae2a660538d196,1278.453327,1278.453327,0.0,1,0,1700658661
2023-11-16,0xa6385c73961dd9c58db2ef0c4eb98ce4b60651e8,8589,0x05ed99aafe5bfc33e1636d57e03f55caf0b0e912,0.0,0.0,5265.610454,0,1,1700618239
2023-11-16,0xa6385c73961dd9c58db2ef0c4eb98ce4b60651e8,9199,0xdab85506424396fb090d84b64ad63b770d87c028,149999.998344,149999.998344,0.0,1,0,1700667853
2023-11-16,0xa6385c73961dd9c58db2ef0c4eb98ce4b60651e8,9220,0xf51e5a0a85d29aa0508894405d734bcf044dcb5b,291950.453014,291950.453014,0.0,1,0,1700665393
2023-11-16,0xa6385c73961dd9c58db2ef0c4eb98ce4b60651e8,9493,0x0ba892e34ea9f88ee54928f4f5f4d41f79c705b1,0.0,0.0,1489.334629,0,1,1700623295
2023-11-16,0xa6385c73961dd9c58db2ef0c4eb98ce4b60651e8,9603,0x43e3267ce69862ffbeea59690cdb3e798f71ce7e,1490655.000456,1490655.000456,0.0,1,0,1700681275
2023-11-16,0xa6385c73961dd9c58db2ef0c4eb98ce4b60651e8,9604,0x70ec93ef92bde5aa7afff6546207bd378a28933c,3264228.426112,3264228.426112,3261758.586556,1,1,1700680029
2023-11-16,0xa6385c73961dd9c58db2ef0c4eb98ce4b60651e8,9609,0x2a23d0650db1c536e71aeb63ecd3daa0b52e66e1,33306.312305,33306.312305,0.0,1,0,1700652537
2023-11-16,0xa6385c73961dd9c58db2ef0c4eb98ce4b60651e8,9637,0x2fe5a31a678a114a297b18dec7771601fdcdec9f,109.975209,109.975209,0.0,1,0,1700647475
2023-11-16,0xa6385c73961dd9c58db2ef0c4eb98ce4b60651e8,9654,0x28831f39bb35edc44ee1c175b44308cd3bef57ee,16.463161,16.463161,0.0,1,0,1700170581
2023-11-16,0xa6385c73961dd9c58db2ef0c4eb98ce4b60651e8,9707,0x60034a6d90f54d3bbc3188033fd08b1a146802ba,417.263569,417.263569,0.0,1,0,1700429107
2023-11-16,0xa6385c73961dd9c58db2ef0c4eb98ce4b60651e8,9734,0x1c8bf1d0c78653ec49d621a83716d11deff355ba,41.873819,41.873819,0.0,1,0,1700639515
2023-11-16,0xa6385c73961dd9c58db2ef0c4eb98ce4b60651e8,9738,0x6c6dc387b28edf1d2ccac7acc99f4238db1592ba,0.00077,0.00077,0.0,1,0,1700646371
2023-11-16,0xa819af1cc8abe618ea8abadeb464960f7451ceab,24,0x208a17c5fabe5b90282e5906945ff335e39326c4,9153.262969,9153.262969,0.0,1,0,1700683823
2023-11-16,0xa819af1cc8abe618ea8abadeb464960f7451ceab,67,0x8ce17ff2c7376e9adfe9c63c47a801097fa6c525,0.0,0.0,108245.46855,0,1,1700690971
2023-11-16,0xa819af1cc8abe618ea8abadeb464960f7451ceab,101,0xaf03267d12153bef68dc4d6f7426857c5462544a,0.0,0.0,546517.668943,0,1,1700693697
2023-11-16,0xa819af1cc8abe618ea8abadeb464960f7451ceab,104,0x50a201b8dadf001f4ee6f84a0bf94f63be874b99,566379.930002,566379.930002,565580.993352,1,1,1700693867
2023-11-16,0xa819af1cc8abe618ea8abadeb464960f7451ceab,105,0x208a17c5fabe5b90282e5906945ff335e39326c4,25928.125611,25928.125611,0.0,1,0,1700683839
2023-11-16,0xa819af1cc8abe618ea8abadeb464960f7451ceab,130,0xddf8da887a1d5c07d05a948856b79dab091efc78,0.0,0.0,388752.440135,0,1,1700676473
2023-11-16,0xa819af1cc8abe618ea8abadeb464960f7451ceab,203,0x637fceaf3e5289d2b396b831335e7d8a180c5656,0.0,0.0,47576.976475,0,1,1700692921
2023-11-16,0xa819af1cc8abe618ea8abadeb464960f7451ceab,277,0x68acb2051b73c2342be78cd1a7e5ca44483d10c5,0.0,0.0,29939.767845,0,1,1700693861
2023-11-16,0xa819af1cc8abe618ea8abadeb464960f7451ceab,879,0x34ff77a853a14579d2120ac08c5e342cee08ad71,0.0,0.0,4628.645724,0,1,1700693637
2023-11-16,0xa819af1cc8abe618ea8abadeb464960f7451ceab,971,0xe3cfbf8fb378f5c4cf780077ee5c2ffe7aaea6dc,0.0,0.0,1578.11027,0,1,1700667051
2023-11-16,0xa819af1cc8abe618ea8abadeb464960f7451ceab,1081,0x1143d16a0276653a3be32b298ceff28067d5f85d,13116.978409,13116.978409,0.0,1,0,1700692737
2023-11-16,0xa819af1cc8abe618ea8abadeb464960f7451ceab,1321,0x42fcdf3b9597e46121b194c7911faf0ab2f6ea43,0.0,0.0,9067.133905,0,1,1700678091
2023-11-16,0xa819af1cc8abe618ea8abadeb464960f7451ceab,1333,0x5cac4a6ff0c0c90053f0204e8caf1b707bc307e6,0.0,0.0,11096.938809,0,1,1700644863
2023-11-16,0xa819af1cc8abe618ea8abadeb464960f7451ceab,1892,0x287d2974af3a369e9bd42ef5636b5d1fda13a35a,0.0,0.0,5466.38411,0,1,1700642603
2023-11-16,0xa819af1cc8abe618ea8abadeb464960f7451ceab,1899,0xf6b9cb280ae3c5dd5ec22d7a1a2a7f5f0a1ae879,0.0,0.0,7545.145957,0,1,1700692171
2023-11-16,0xa819af1cc8abe618ea8abadeb464960f7451ceab,3007,0x6a4d00bc2a921e9bf5397cecba78c6802be3702f,0.0,0.0,1925.54052,0,1,1700691119
2023-11-16,0xa819af1cc8abe618ea8abadeb464960f7451ceab,3077,0xfc64410a03b205b995a9101f99a55026d8f1f1da,1994.260984,1994.260984,1981.417494,1,1,1700688277
2023-11-16,0xa819af1cc8abe618ea8abadeb464960f7451ceab,3097,0x28893320e3ec737271510b92b3efe948144a396e,0.0,0.0,2502.53489,0,1,1700672001
2023-11-16,0xa819af1cc8abe618ea8abadeb464960f7451ceab,4676,0x7d0a940d81ce63ce716a1e3cd7372f78f79d2414,1320.979044,1320.979044,1320.979044,1,1,1700680905
2023-11-16,0xa819af1cc8abe618ea8abadeb464960f7451ceab,5457,0x8db7a537d8478df3c6d95ff33b4270342862957f,37.491226,37.491226,37.491226,1,1,1700151115
2023-11-16,0xa819af1cc8abe618ea8abadeb464960f7451ceab,6090,0x8896e3f5fc50191c5c74d209030acc3acc0fa49e,356.09212,356.09212,355.589992,1,1,1700685185
2023-11-16,0xa819af1cc8abe618ea8abadeb464960f7451ceab,6269,0x561201443956b904dfb2e4553f330440c27e9bbf,0.0,0.0,356.767959,0,1,1700595559
2023-11-16,0xa819af1cc8abe618ea8abadeb464960f7451ceab,6310,0xc94327cbb9eef801a4bbe3459766bb712c5ad979,0.0,0.0,175.609143,0,1,1700637821
2023-11-16,0xa819af1cc8abe618ea8abadeb464960f7451ceab,7844,0x4dccb4444a0a804b778ddac22dc21b4fd0fe1a0d,0.165483,0.165483,0.33253,1,1,1700646989
2023-11-16,0xa819af1cc8abe618ea8abadeb464960f7451ceab,8893,0x561201443956b904dfb2e4553f330440c27e9bbf,0.0,0.0,1167.617927,0,1,1700521291
2023-11-16,0xa819af1cc8abe618ea8abadeb464960f7451ceab,9602,0x788d2c0813cac59770cdf36f7beb9bfc819b6475,163516.471394,163516.471394,0.0,1,0,1700696263
2023-11-16,0xa819af1cc8abe618ea8abadeb464960f7451ceab,9603,0x43e3267ce69862ffbeea59690cdb3e798f71ce7e,0.0,0.0,2293874.049598,0,1,1700681275
2023-11-16,0xa819af1cc8abe618ea8abadeb464960f7451ceab,9605,0x794d1ae064a5d2803cba821b7429d95cceccf1ea,853955.990807,853955.990807,1004898.846115,1,1,1700696243
2023-11-16,0xa819af1cc8abe618ea8abadeb464960f7451ceab,9654,0x28831f39bb35edc44ee1c175b44308cd3bef57ee,16.463161,16.463161,0.0,1,0,1700170581
2023-11-16,0xa8d5db293917ea106a5fc4da5a25340e8b428966,21,0x4444aaaacdba5580282365e25b16309bd770ce4a,203819.981436,203819.981436,0.0,1,0,1700688869
2023-11-16,0xa8d5db293917ea106a5fc4da5a25340e8b428966,30,0x7c3ac4cd86e7838ab8ac3f3e7051d399f4d96e51,24106.078022,24106.078022,0.0,1,0,1700677293
2023-11-16,0xa8d5db293917ea106a5fc4da5a25340e8b428966,68,0x132e47cf2c19ec2d8dd56e1528fc7e18dc09188f,0.0,0.0,124700.154389,0,1,1700693779
2023-11-16,0xa8d5db293917ea106a5fc4da5a25340e8b428966,92,0x0f9548165c4960624debb7e38b504e9fd524d6af,0.0,0.0,62036.209604,0,1,1700693689
2023-11-16,0xa8d5db293917ea106a5fc4da5a25340e8b428966,174,0x83bad39f067ef72e354f2ea9d318eaad381a7f15,61899.452056,61899.452056,0.0,1,0,1700684493
2023-11-16,0xa8d5db293917ea106a5fc4da5a25340e8b428966,334,0xa7d7ac8fe7e8693b5599c69cc7d4f6226677845b,89915.477321,89915.477321,0.0,1,0,1700652535
2023-11-16,0xa8d5db293917ea106a5fc4da5a25340e8b428966,471,0x03a1a0ee0e2a14bd069c8691a4adeabfa6a4d709,0.0,0.0,24047.907087,0,1,1700693055
2023-11-16,0xa8d5db293917ea106a5fc4da5a25340e8b428966,597,0x1ce0c2b445c8e87ea4c40b6e721d9a39b09f6459,3606.240568,3606.240568,0.0,1,0,1700688147
2023-11-16,0xa8d5db293917ea106a5fc4da5a25340e8b428966,615,0xebfced2b9ca169d2ca566e1f72a75a9b6cc9291d,34993.333542,34993.333542,0.0,1,0,1700599815
2023-11-16,0xa8d5db293917ea106a5fc4da5a25340e8b428966,644,0x89e1cfcc3bf93de8da0fb43a1311898067b3a11c,32561.033147,32561.033147,0.0,1,0,1700595947
2023-11-16,0xa8d5db293917ea106a5fc4da5a25340e8b428966,725,0x1cab2ce19ff9b27680d4a8fdd3745197004ada57,0.0,0.0,25941.242815,0,1,1700693561
2023-11-16,0xa8d5db293917ea106a5fc4da5a25340e8b428966,859,0x0db56c99b8ad68f35f4b1772a4ffed3fb16204f6,19314.560968,19314.560968,0.0,1,0,1700605683
2023-11-16,0xa8d5db293917ea106a5fc4da5a25340e8b428966,978,0x28a21a3a4b197ea59aa8e4ab7001ed62bc53d1ca,15644.501237,15644.501237,0.0,1,0,1700620499
2023-11-16,0xa8d5db293917ea106a5fc4da5a25340e8b428966,1084,0xb44b476a7f6a83b5e0559433b0d3ad374a0c1682,0.0,0.0,16277.922191,0,1,1700690547
2023-11-16,0xa8d5db293917ea106a5fc4da5a25340e8b428966,1221,0x564b3a3cf630d7b3b35ae78e47feb074bce2b06e,2544.576161,2544.576161,0.0,1,0,1700501619
2023-11-16,0xa8d5db293917ea106a5fc4da5a25340e8b428966,1224,0xb002d5e8ea1c7db3dfed5aaf33ebcdef890d20d4,0.0,0.0,10514.186638,0,1,1700631755
2023-11-16,0xa8d5db293917ea106a5fc4da5a25340e8b428966,1262,0xd131f1bcdd547e067af447dd3c36c99d6be9fdeb,9929.958765,9929.958765,0.0,1,0,1700534801
2023-11-16,0xa8d5db293917ea106a5fc4da5a25340e8b428966,1333,0x5cac4a6ff0c0c90053f0204e8caf1b707bc307e6,11129.633872,11129.633872,0.0,1,0,1700644863
2023-11-16,0xa8d5db293917ea106a5fc4da5a25340e8b428966,1337,0x6ccd7c23e6ccd9c5258edda9fca61d1214de5622,8835.970881,8835.970881,0.0,1,0,1700597393
2023-11-16,0xa8d5db293917ea106a5fc4da5a25340e8b428966,1395,0x11d2168f37409b96453e4de1e0e39b1d5bbe0812,8160.467038,8160.467038,0.0,1,0,1700685811
2023-11-16,0xa8d5db293917ea106a5fc4da5a25340e8b428966,1480,0x5ad023ceceea45e75529d8e29e7b64d691200bc7,0.0,0.0,7524.47264,0,1,1700684825
2023-11-16,0xa8d5db293917ea106a5fc4da5a25340e8b428966,1631,0x3e3672b23eb22946a31263d2d178bf0fb1f4bbfd,6354.7477,6354.7477,0.0,1,0,1700643511
2023-11-16,0xa8d5db293917ea106a5fc4da5a25340e8b428966,1634,0xaf02f27abf8337fe8c78e9dd22ab85b4661ff50d,0.0,0.0,6300.267291,0,1,1700693757
2023-11-16,0xa8d5db293917ea106a5fc4da5a25340e8b428966,1656,0xcbbfa40f36f0fda22f28bc25e43d52573d6826db,0.0,0.0,6225.850192,0,1,1700683619
2023-11-16,0xa8d5db293917ea106a5fc4da5a25340e8b428966,1695,0x7c16c022048b25142482cf06ac98064527395290,0.0,0.0,5944.703596,0,1,1700693895
2023-11-16,0xa8d5db293917ea106a5fc4da5a25340e8b428966,1700,0xce2628d07b3df18674761f79f341267df8c92f71,5887.542334,5887.542334,0.0,1,0,1700595905
2023-11-16,0xa8d5db293917ea106a5fc4da5a25340e8b428966,1892,0x287d2974af3a369e9bd42ef5636b5d1fda13a35a,5466.38411,5466.38411,0.0,1,0,1700642603
2023-11-16,0xa8d5db293917ea106a5fc4da5a25340e8b428966,2061,0x30d691551581f9fded589023a0561071719e43fc,4086.826083,4086.826083,4086.826083,1,1,1700685463
2023-11-16,0xa8d5db293917ea106a5fc4da5a25340e8b428966,2071,0x078b8ff955e3cf77550bf2f2edfc0aacbc29adc6,4322.988233,4322.988233,0.0,1,0,1700687493
2023-11-16,0xa8d5db293917ea106a5fc4da5a25340e8b428966,2152,0x037b21279931e628b11b4507b9f7870b15de1c17,0.0,0.0,3888.746303,0,1,1700692925
2023-11-16,0xa8d5db293917ea106a5fc4da5a25340e8b428966,2171,0x926934c924042370f421027abeb420b036cb71be,3845.166932,3845.166932,0.0,1,0,1700625351
2023-11-16,0xa8d5db293917ea106a5fc4da5a25340e8b428966,2198,0x04c872122ec2553b2d8adcc6c7eac4bec7717ccf,3776.490869,3776.490869,0.0,1,0,1700685295
2023-11-16,0xa8d5db293917ea106a5fc4da5a25340e8b428966,2371,0xff870ef8bdbbfb1739d69b1849f5549328f776af,0.0,0.0,3446.654747,0,1,1700666099
2023-11-16,0xa8d5db293917ea106a5fc4da5a25340e8b428966,2433,0xe326fe653ed62b38acea220cde1820a98e23c213,3329.550749,3329.550749,0.0,1,0,1700605567
2023-11-16,0xa8d5db293917ea106a5fc4da5a25340e8b428966,2544,0xe33b746a030c3b3c512d274b05ea6e40772cf212,23342.458857,23342.458857,0.0,1,0,1700616315
2023-11-16,0xa8d5db293917ea106a5fc4da5a25340e8b428966,2928,0x6dd93f62e209533888afd02421a69312d4b9b275,1099.663841,2158.399395,1058.735554,2,1,1700522673
2023-11-16,0xa8d5db293917ea106a5fc4da5a25340e8b428966,2971,0x9a717799733552a3a49667dee2b6341bc4d8a38d,2058.12839,2058.12839,0.0,1,0,1700642305
2023-11-16,0xa8d5db293917ea106a5fc4da5a25340e8b428966,3182,0x2f9021771ede6a07324ae62cb4864105691248fb,2012.639246,2012.639246,0.0,1,0,1700646573
2023-11-16,0xa8d5db293917ea106a5fc4da5a25340e8b428966,4103,0x2217854468cfa2eecc21761bcc67a2f773aa1425,439.82793,439.82793,0.0,1,0,1700422813
2023-11-16,0xa8d5db293917ea106a5fc4da5a25340e8b428966,4484,0x98e78cd936e6d7bb685d1cb3e4f3766322057183,0.0,0.0,262.064293,0,1,1700693467
2023-11-16,0xa8d5db293917ea106a5fc4da5a25340e8b428966,4511,0x91615f66e5f9c82ea22e0f0aacf85561c731880c,517.231234,517.231234,0.0,1,0,1700644375
2023-11-16,0xa8d5db293917ea106a5fc4da5a25340e8b428966,4990,0x3a2acc5f5cfc976eb517008fec19a506501b3130,0.0,0.0,21464.109892,0,1,1700693613
2023-11-16,0xa8d5db293917ea106a5fc4da5a25340e8b428966,6026,0x3be77b03e7869e69a6959a7149e2dcd577f66304,431.678643,431.678643,0.0,1,0,1700585463
2023-11-16,0xa8d5db293917ea106a5fc4da5a25340e8b428966,6347,0xb1e436ff825f116d390356f606f059ddadec96a6,414.753022,414.753022,0.0,1,0,1700584713
2023-11-16,0xa8d5db293917ea106a5fc4da5a25340e8b428966,6761,0x58e03d622a88b4012ee0a97235c6b110077fb867,1730.850822,3418.691645,1687.840822,2,1,1700609795
2023-11-16,0xa8d5db293917ea106a5fc4da5a25340e8b428966,7024,0x6a202f991c4c1df079449be9847b1dac3f51854f,79.670771,79.670771,0.0,1,0,1700453333
2023-11-16,0xa8d5db293917ea106a5fc4da5a25340e8b428966,7122,0x011b0a055e02425461a1ae95b30f483c4ff05be7,5123.058124,5123.058124,0.0,1,0,1700693983
2023-11-16,0xa8d5db293917ea106a5fc4da5a25340e8b428966,7138,0x6ac54906d7eae6bec5c7fbd26988de4bebd621a7,0.0,0.0,522.95315,0,1,1700682507
2023-11-16,0xa8d5db293917ea106a5fc4da5a25340e8b428966,7994,0x9482ae158cb3a8216f2a658b35ff6cb5ebe5b559,10.288977,10.288977,0.0,1,0,1700683559
2023-11-16,0xa8d5db293917ea106a5fc4da5a25340e8b428966,8340,0xb646d2010fd291d79b693189c95a0efb1c7ac2de,72.722527,72.722527,0.0,1,0,1700583615
2023-11-16,0xa8d5db293917ea106a5fc4da5a25340e8b428966,8449,0xb44b476a7f6a83b5e0559433b0d3ad374a0c1682,0.0,0.0,6206.272449,0,1,1700690581
2023-11-16,0xa8d5db293917ea106a5fc4da5a25340e8b428966,8502,0x892176d784bed3dc877a62f3ff9fc091377b2a49,37999.198369,37999.198369,0.0,1,0,1700579719
2023-11-16,0xa8d5db293917ea106a5fc4da5a25340e8b428966,8669,0xb44b476a7f6a83b5e0559433b0d3ad374a0c1682,0.0,0.0,6257.645854,0,1,1700690667
2023-11-16,0xa8d5db293917ea106a5fc4da5a25340e8b428966,8893,0x561201443956b904dfb2e4553f330440c27e9bbf,1159.875568,1159.875568,0.0,1,0,1700521291
2023-11-16,0xa8d5db293917ea106a5fc4da5a25340e8b428966,9218,0xb44b476a7f6a83b5e0559433b0d3ad374a0c1682,0.0,0.0,3907.826247,0,1,1700690709
2023-11-16,0xa8d5db293917ea106a5fc4da5a25340e8b428966,9360,0x5b3067c5e26fec823d6fbf8f315e43632658d2f6,0.0,0.0,1902.079089,0,1,1700639579
2023-11-16,0xa8d5db293917ea106a5fc4da5a25340e8b428966,9547,0xe02fb5c70af32f80aa7f9e8775fe7f12550348ec,33545.416426,33545.416426,22607.318135,1,1,1700665897
2023-11-16,0xa8d5db293917ea106a5fc4da5a25340e8b428966,9730,0xef8347476de8dca8639af6f065e96361cd656a3c,94.659007,94.659007,0.0,1,0,1700603275
2023-11-16,0xa8d5db293917ea106a5fc4da5a25340e8b428966,9735,0x7c50313112374a1236c021dbbfa11ea0566e631c,3.929525,3.929525,0.0,1,0,1700640065
2023-11-16,0xaf58fdee432a104a932a899968d60f92838886cd,303,0xab12253171a0d73df64b115cd43fe0a32feb9daa,0.0,0.0,53390.288153,0,1,1700669543
2023-11-16,0xaf58fdee432a104a932a899968d60f92838886cd,605,0x748e56db8a0b50ab45e5ee166d768b0f068a17d9,0.0,0.0,17847.014547,0,1,1700691341
2023-11-16,0xaf58fdee432a104a932a899968d60f92838886cd,927,0xe91f0085f5c3e67c8ebd5c8f6e7f4d884452dbaa,0.0,0.0,16937.319384,0,1,1700237265
2023-11-16,0xaf58fdee432a104a932a899968d60f92838886cd,1011,0x52d033e64774f31a8b7562806aa5782cbbd29382,116299.531842,209339.157316,185136.158828,2,2,1700661789
2023-11-16,0xaf58fdee432a104a932a899968d60f92838886cd,1395,0x11d2168f37409b96453e4de1e0e39b1d5bbe0812,0.0,0.0,8240.681293,0,1,1700685811
2023-11-16,0xaf58fdee432a104a932a899968d60f92838886cd,1640,0x321610a131df5280921d1ff04df8a13344bb53ae,0.0,0.0,7531.445591,0,1,1700117885
2023-11-16,0xaf58fdee432a104a932a899968d60f92838886cd,2489,0x8e33f8940d988647eab344af105a0e23157624f0,0.0,0.0,3250.339819,0,1,1700668333
2023-11-16,0xaf58fdee432a104a932a899968d60f92838886cd,2571,0xfc7c1d00b2ec6d3653e9de72590684456846c53d,0.0,0.0,1569.990925,0,1,1700692727
2023-11-16,0xaf58fdee432a104a932a899968d60f92838886cd,5454,0xe38d5840a51f7da315b085bacf144969a8006e72,0.0,0.0,374.527662,0,1,1700330627
2023-11-16,0xaf58fdee432a104a932a899968d60f92838886cd,5524,0x1496294adcc04f835994d5c80901c7d98061cf16,0.0,0.0,372.057979,0,1,1700691957
2023-11-16,0xaf58fdee432a104a932a899968d60f92838886cd,5554,0xc15ab8dd7daeea5f1aa3b56507cac8a877e21b15,0.0,0.0,5270.087125,0,1,1700691763
2023-11-16,0xaf58fdee432a104a932a899968d60f92838886cd,6575,0x1f1b1e1a3d061f80d2a4396178e10e228e8bdc08,0.0,0.0,116.369882,0,1,1700333353
2023-11-16,0xaf58fdee432a104a932a899968d60f92838886cd,7805,0xa1ef9bb97b894ef2a89e2575ecf75651683977c9,0.0,0.0,19.340336,0,1,1700671051
2023-11-16,0xaf58fdee432a104a932a899968d60f92838886cd,7821,0xf256208dd9a484df9d93bac78f8fcc05f687a920,0.0,0.0,19.325808,0,1,1700675467
2023-11-16,0xaf58fdee432a104a932a899968d60f92838886cd,7966,0x5eaa8bdc315608e8cf873cfaba05e42826f68c4d,3861.679505,3861.679505,0.0,1,0,1700661885
2023-11-16,0xaf58fdee432a104a932a899968d60f92838886cd,8428,0x92b200b674f7e7fbecd6d71d041d079c513d9965,38344.342393,38344.342393,38193.132372,1,1,1700661615
2023-11-16,0xb304b47e039e20afad75fa2ada6cd8d95a9eea41,6520,0x509aaf71f59b61f6e2184f8c2db7da0bacf6d53a,0.0,0.0,4575.559327,0,1,1700236007
2023-11-16,0xb4885bc63399bf5518b994c1d0c153334ee579d0,21,0x4444aaaacdba5580282365e25b16309bd770ce4a,0.0,0.0,194429.066816,0,1,1700688869
2023-11-16,0xb4885bc63399bf5518b994c1d0c153334ee579d0,45,0x8d82d851e220c5e20ed85340e8e290018c6e59f7,3081.843452,3081.843452,0.0,1,0,1700508539
2023-11-16,0xb4885bc63399bf5518b994c1d0c153334ee579d0,55,0x285fed35cbea271a711681e84ffd83c68a596a75,111527.034105,111527.034105,146789.453342,1,1,1700683597
2023-11-16,0xb4885bc63399bf5518b994c1d0c153334ee579d0,63,0x0172e05392aba65366c4dbbb70d958bbf43304e4,0.0,0.0,551545.718663,0,1,1700684433
2023-11-16,0xb4885bc63399bf5518b994c1d0c153334ee579d0,81,0x5c70b3f22595caf8314f77dabc628363aaee18ad,807769.197881,807769.197881,0.0,1,0,1700459095
2023-11-16,0xb4885bc63399bf5518b994c1d0c153334ee579d0,121,0xede54584f748480851cad467b82c6a1173bebe10,202471.53929,314955.727784,224508.810129,2,2,1700098427
2023-11-16,0xb4885bc63399bf5518b994c1d0c153334ee579d0,129,0xcb7d87f5502fc91529e0fe92373dddd8ff1f3d7c,0.0,0.0,107407.261405,0,1,1700693803
2023-11-16,0xb4885bc63399bf5518b994c1d0c153334ee579d0,144,0x89808c49f858b86e80b892506cf11606fb25fcdc,350340.010808,350340.010808,0.0,1,0,1700684591
2023-11-16,0xb4885bc63399bf5518b994c1d0c153334ee579d0,188,0xa60aadf62907bf06dd714781d44bbd4c2d783259,0.0,0.0,106714.672725,0,1,1700671523
2023-11-16,0xb4885bc63399bf5518b994c1d0c153334ee579d0,210,0x4e51a06e4643197e1be2f050b6af60f9ad3cef06,230096.088841,230096.088841,0.0,1,0,1700105627
2023-11-16,0xb4885bc63399bf5518b994c1d0c153334ee579d0,229,0x4dcea47ec4b26079cb4f9a0e0f400e1aa6f199a9,79258.49466,79258.49466,118887.741989,1,1,1700272213
2023-11-16,0xb4885bc63399bf5518b994c1d0c153334ee579d0,240,0x04d4e38e09a2f3dae520f3d0071e10b51b78b77a,0.0,0.0,148604.940636,0,1,1700662639
2023-11-16,0xb4885bc63399bf5518b994c1d0c153334ee579d0,273,0xb385222c461dd7df0526ed22568b81984f6e5f02,123004.554268,123004.554268,0.0,1,0,1700294501
2023-11-16,0xb4885bc63399bf5518b994c1d0c153334ee579d0,281,0xea04a9fe2cef51b504e7da8cf1b859454ae27030,35867.201198,35867.201198,59643.838225,1,1,1700280193
2023-11-16,0xb4885bc63399bf5518b994c1d0c153334ee579d0,286,0xb33cd827dd59c090e71899bfca31f81f4b189ddb,91237.40615,91237.40615,0.0,1,0,1700684049
2023-11-16,0xb4885bc63399bf5518b994c1d0c153334ee579d0,318,0xcf0afa96743819d52515bff99635a7978f2a856f,100946.214633,100946.214633,0.0,1,0,1700248819
2023-11-16,0xb4885bc63399bf5518b994c1d0c153334ee579d0,342,0xe0c4bfa2072750ae2e18ed25b0cf8a58350dc24e,87142.106904,87142.106904,87076.171867,1,1,1700678427
2023-11-16,0xb4885bc63399bf5518b994c1d0c153334ee579d0,388,0x823bf98d9f1119ae040aaef8118f13a612324112,0.0,0.0,68933.924605,0,1,1700334921
2023-11-16,0xb4885bc63399bf5518b994c1d0c153334ee579d0,400,0x1b08bc49accb4fb813bc9cb7f3a1f7f93510010e,0.0,0.0,65329.562629,0,1,1700528195
2023-11-16,0xb4885bc63399bf5518b994c1d0c153334ee579d0,403,0xc3193e39f77c2ed59045cfffcdcacdda72f29987,64870.22386,64870.22386,0.0,1,0,1700660471
2023-11-16,0xb4885bc63399bf5518b994c1d0c153334ee579d0,405,0x2f707265e61300e8290c18e38ebcbd129fb0b0f5,90141.184741,90141.184741,118986.363859,1,1,1700347421
2023-11-16,0xb4885bc63399bf5518b994c1d0c153334ee579d0,413,0xa78d7c58d8654618874e48942c5b1a62d1477cac,74613.008944,74613.008944,74556.553899,1,1,1700324387
2023-11-16,0xb4885bc63399bf5518b994c1d0c153334ee579d0,417,0xbe93d14c5defb8f41af8fb092f58e3c71c712b85,15267.12831,15267.12831,0.0,1,0,1700143241
2023-11-16,0xb4885bc63399bf5518b994c1d0c153334ee579d0,426,0x0e39b12dc1f8a69202838f540684fb5ac307c9c1,0.0,0.0,14685.166183,0,1,1700691597
2023-11-16,0xb4885bc63399bf5518b994c1d0c153334ee579d0,441,0xdceb0bb3311342e3ce9e49f57affce9deac40ba1,22342.267652,22342.267652,22298.372162,1,1,1700126279
2023-11-16,0xb4885bc63399bf5518b994c1d0c153334ee579d0,457,0x2bc87addae195da271c2cb6f773cee647aeefa60,51428.163856,51428.163856,0.0,1,0,1700678141
2023-11-16,0xb4885bc63399bf5518b994c1d0c153334ee579d0,463,0x048c5753e83027bf30ef103adee49cf9612cab84,49709.022694,49709.022694,49638.927629,1,1,1700677589
2023-11-16,0xb4885bc63399bf5518b994c1d0c153334ee579d0,473,0x97020c9ec66e0f59231918b1d2f167a66026aff2,0.0,0.0,16171.334562,0,1,1700678139
2023-11-16,0xb4885bc63399bf5518b994c1d0c153334ee579d0,491,0xde3ba1b41e6c612a3ca3213b84bdaf598dffdb9b,44860.615091,44860.615091,44826.671841,1,1,1700422949
2023-11-16,0xb4885bc63399bf5518b994c1d0c153334ee579d0,514,0xe9eb5b18f6a6098eae9d38d03dbfdc924bd757e9,21266.158867,21266.158867,0.0,1,0,1700100563
2023-11-16,0xb4885bc63399bf5518b994c1d0c153334ee579d0,536,0xf6ed81d5e9f61dd1ea21e96ae1d660ecc388ae4f,0.0,0.0,10201.157276,0,1,1700672587
2023-11-16,0xb4885bc63399bf5518b994c1d0c153334ee579d0,542,0x2c2c0c044ca3d2d1e31ab37c8a94b525b2cb3bb6,45082.52243,45082.52243,0.0,1,0,1700572111
2023-11-16,0xb4885bc63399bf5518b994c1d0c153334ee579d0,572,0xcbc21fbf92519f6d90c05a6fda1a7cb72fa6e02b,37611.285288,37611.285288,0.0,1,0,1700248943
2023-11-16,0xb4885bc63399bf5518b994c1d0c153334ee579d0,581,0x6a3e98f964e93f183a9e5bb607dd9df75110d2ac,0.0,0.0,36861.355637,0,1,1700602201
2023-11-16,0xb4885bc63399bf5518b994c1d0c153334ee579d0,586,0xd83410edf02ee6c9f801fc81fdc89f712f84a81e,37674.448361,37674.448361,0.0,1,0,1700560331
2023-11-16,0xb4885bc63399bf5518b994c1d0c153334ee579d0,608,0xc45d05cdc809d20c7b14959e8cd4a1199e3e966f,35277.406823,35277.406823,0.0,1,0,1700524941
2023-11-16,0xb4885bc63399bf5518b994c1d0c153334ee579d0,625,0xc814d2ef6d893568c74cd969eb6f72a62fc261f7,34261.62633,34261.62633,34229.544524,1,1,1700599019
2023-11-16,0xb4885bc63399bf5518b994c1d0c153334ee579d0,636,0x599321b91d0e4e541f7d172ab1cacccc0d5a8e82,3316.842644,3316.842644,3316.842644,1,1,1700662671
2023-11-16,0xb4885bc63399bf5518b994c1d0c153334ee579d0,665,0x49e6f2d934077995cf4b24701fa5ae7f7b5e82e5,30961.685338,30961.685338,0.0,1,0,1700277353
2023-11-16,0xb4885bc63399bf5518b994c1d0c153334ee579d0,698,0x7a70eca937f10234c42b4daed0970fae6f88df15,27600.554123,27600.554123,27600.554123,1,1,1700324459
2023-11-16,0xb4885bc63399bf5518b994c1d0c153334ee579d0,759,0xeead1396fe5f0daec6dbc04d8a43e85dde4d97da,6121.56575,6121.56575,12204.796644,1,1,1700280265
2023-11-16,0xb4885bc63399bf5518b994c1d0c153334ee579d0,765,0x7cb158d3afe100d7bb4933cb5b4c5b16f5ef937b,23991.984614,23991.984614,0.0,1,0,1700679411
2023-11-16,0xb4885bc63399bf5518b994c1d0c153334ee579d0,773,0x4b17b32de85aa3636929ac2cc029b95173b2aee5,23481.239335,23481.239335,23463.472535,1,1,1700117737
2023-11-16,0xb4885bc63399bf5518b994c1d0c153334ee579d0,774,0x98d925821767edcf7e773810e74244026b6e8a35,5837.461519,5837.461519,2334.984607,1,1,1700590787
2023-11-16,0xb4885bc63399bf5518b994c1d0c153334ee579d0,776,0xc923dd451dfb1fc6a4608982c6c077414da06a4d,6210.242439,6210.242439,0.0,1,0,1700551463
2023-11-16,0xb4885bc63399bf5518b994c1d0c153334ee579d0,777,0xf3afc2383a0b45ae73d77b49df7f2184b1ad4b90,23248.89737,23248.89737,23231.306369,1,1,1700107905
2023-11-16,0xb4885bc63399bf5518b994c1d0c153334ee579d0,802,0xfb99a486d8529223b2f1f6b5de3333ee679959cd,22544.815552,22544.815552,22527.757286,1,1,1700576471
2023-11-16,0xb4885bc63399bf5518b994c1d0c153334ee579d0,832,0xde1a20ad593386d0ac260a8450b2349d8ab4eb57,20506.574929,20506.574929,20506.574929,1,1,1700391575
2023-11-16,0xb4885bc63399bf5518b994c1d0c153334ee579d0,877,0x2ccf109701bb766ea47cc673b1366af4e82976b1,18477.103829,18477.103829,0.0,1,0,1700554129
2023-11-16,0xb4885bc63399bf5518b994c1d0c153334ee579d0,889,0x4c37700d949db46aa11a9f1627070f9af31f8011,4567.278851,4567.278851,0.0,1,0,1700192623
2023-11-16,0xb4885bc63399bf5518b994c1d0c153334ee579d0,902,0x186b12ceaf08fde22e32647fcc800e45876f5bd0,17549.382117,17549.382117,0.0,1,0,1700620417
2023-11-16,0xb4885bc63399bf5518b994c1d0c153334ee579d0,1016,0x91b7377a3dd7931ad4757b60d7e859954b939e85,14600.624829,14600.624829,14600.624829,1,1,1700097807
2023-11-16,0xb4885bc63399bf5518b994c1d0c153334ee579d0,1018,0x1b7ea7d42c476a1e2808f23e18d850c5a4692df7,0.0,0.0,14624.179172,0,1,1700522695
2023-11-16,0xb4885bc63399bf5518b994c1d0c153334ee579d0,1041,0x8f29777b60643264518b7b8de28cae85fe24848a,7106.151406,7106.151406,6901.013406,1,1,1700388953
2023-11-16,0xb4885bc63399bf5518b994c1d0c153334ee579d0,1053,0x3216a8a03b07b6b19cbc21d62c8942e625fc3e07,0.0,0.0,10283.674408,0,1,1700674237
2023-11-16,0xb4885bc63399bf5518b994c1d0c153334ee579d0,1057,0x9eda173b60b105d2e255a1f535f70db2587eefe0,0.0,0.0,13576.898756,0,1,1700598661
2023-11-16,0xb4885bc63399bf5518b994c1d0c153334ee579d0,1069,0x30d41a62b6e36e72b4fed35236c3168f4369b2f5,14933.022317,14933.022317,14933.022317,1,1,1700692847
2023-11-16,0xb4885bc63399bf5518b994c1d0c153334ee579d0,1087,0x341c18d764d0843698122ae5b5d2dee20067645d,0.0,0.0,12965.5493,0,1,1700101213
2023-11-16,0xb4885bc63399bf5518b994c1d0c153334ee579d0,1092,0x3823a62339c5e9a75990efd1f91cdeff73bda609,12946.568345,12946.568345,0.0,1,0,1700659999
2023-11-16,0xb4885bc63399bf5518b994c1d0c153334ee579d0,1099,0xe8b55fd62045d51274812e5c3ab803055c0e3eaa,6431.900967,12848.707645,6416.806678,2,1,1700654281
2023-11-16,0xb4885bc63399bf5518b994c1d0c153334ee579d0,1186,0xb413a48088cfb0074f75349c790062920434e321,0.0,0.0,11221.649231,0,1,1700443949
2023-11-16,0xb4885bc63399bf5518b994c1d0c153334ee579d0,1200,0xf2ee11039377dd00a9c611af560d27c7517e9481,11034.959326,11034.959326,11034.959326,1,1,1700654919
2023-11-16,0xb4885bc63399bf5518b994c1d0c153334ee579d0,1248,0xb9e80ff4f9b97f160bddf80a1e0513f7f1d14570,10196.98893,10196.98893,10196.98893,1,1,1700103203
2023-11-16,0xb4885bc63399bf5518b994c1d0c153334ee579d0,1250,0xfde34a676aa8d44b66d5ced822831a5b1454f8b0,10193.07033,10193.07033,0.0,1,0,1700399337
2023-11-16,0xb4885bc63399bf5518b994c1d0c153334ee579d0,1257,0x14678eaae5571cab919a68519574a0edf2024ffd,0.0,0.0,9961.42466,0,1,1700647579
2023-11-16,0xb4885bc63399bf5518b994c1d0c153334ee579d0,1322,0x3a781cb383b65a1fff97ce061c3d35a1c09e6960,7209.227089,7209.227089,7209.227089,1,1,1700630411
2023-11-16,0xb4885bc63399bf5518b994c1d0c153334ee579d0,1400,0x9afde32e2b7065514cb899a0de8e79d6c83874c0,8327.92446,8327.92446,0.0,1,0,1700405287
2023-11-16,0xb4885bc63399bf5518b994c1d0c153334ee579d0,1407,0x6ec39176ebc5cb9a0e9a0bddfe3afcc0c8b2defb,4090.293186,4090.293186,0.0,1,0,1700664231
2023-11-16,0xb4885bc63399bf5518b994c1d0c153334ee579d0,1501,0x9848a28343dd74edb05ea1fcb838ad71df0fe641,7275.774393,7275.774393,0.0,1,0,1700458795
2023-11-16,0xb4885bc63399bf5518b994c1d0c153334ee579d0,1508,0x54bae794b6dda32a5379f091afdf5bab0e37b664,7240.608485,7240.608485,0.0,1,0,1700155817
2023-11-16,0xb4885bc63399bf5518b994c1d0c153334ee579d0,1529,0xc5dfbcf2461c0edc8d0f98d8b0ed9b9fc8b86af9,7060.549089,7060.549089,0.0,1,0,1700674211
2023-11-16,0xb4885bc63399bf5518b994c1d0c153334ee579d0,1557,0x41ea85a57725e77169c9f4d2edf17aaef50bb14d,6913.274065,6913.274065,6908.043219,1,1,1700104439
2023-11-16,0xb4885bc63399bf5518b994c1d0c153334ee579d0,1570,0x0be7b271ba03874ad78d712246066c20c81693d3,3381.473763,3381.473763,3381.473763,1,1,1700274853
2023-11-16,0xb4885bc63399bf5518b994c1d0c153334ee579d0,1575,0x31e1c86c87791c903ccb82726e11a761187ef694,0.0,0.0,3373.769799,0,1,1700157983
2023-11-16,0xb4885bc63399bf5518b994c1d0c153334ee579d0,1627,0x00b439a201110adac18614945349d2b565a4cc24,0.0,0.0,6328.742957,0,1,1700338259
2023-11-16,0xb4885bc63399bf5518b994c1d0c153334ee579d0,1635,0x66c97dc031bb2f6ad421cef7b01de0ca2ae4fe64,0.0,0.0,6294.2791,0,1,1700688783
2023-11-16,0xb4885bc63399bf5518b994c1d0c153334ee579d0,1646,0xb215627ef2ff410d67eb9d8dec14d533b234051e,0.0,0.0,6259.309235,0,1,1700667283
2023-11-16,0xb4885bc63399bf5518b994c1d0c153334ee579d0,1664,0x3845db689ece1e8db5af208f77f44cc1c7171407,6172.348078,6172.348078,0.0,1,0,1700098717
2023-11-16,0xb4885bc63399bf5518b994c1d0c153334ee579d0,1692,0xd1cbf265fcdcafba2e406a17ddd3d178bc7b6803,5407.085583,5407.085583,0.0,1,0,1700163173
2023-11-16,0xb4885bc63399bf5518b994c1d0c153334ee579d0,1717,0xac749ef37797f963acc59146e1d2f4015e97dc79,5761.552562,5761.552562,0.0,1,0,1700477227
2023-11-16,0xb4885bc63399bf5518b994c1d0c153334ee579d0,1727,0xcdb7361e0793350be029f2b1139621597e4cb053,5710.037535,5710.037535,5701.982945,1,1,1700109379
2023-11-16,0xb4885bc63399bf5518b994c1d0c153334ee579d0,1770,0x43748da96eab61ccf623bf7087ef02e70478211e,5400.433492,5400.433492,0.0,1,0,1700328153
2023-11-16,0xb4885bc63399bf5518b994c1d0c153334ee579d0,1855,0xbfad818edb25dc4eebac8cc44a7533be4652ad6c,2414.889639,2414.889639,2413.062441,1,1,1700169781
2023-11-16,0xb4885bc63399bf5518b994c1d0c153334ee579d0,1924,0xbd04e7a7c2dd830ec4819f3d12e93931383cc4a4,4519.965573,4519.965573,0.0,1,0,1700661745
2023-11-16,0xb4885bc63399bf5518b994c1d0c153334ee579d0,1938,0x58603461149fc2a800a56d421e77dcbba2d83ca8,4457.712913,4457.712913,4454.340038,1,1,1700663379
2023-11-16,0xb4885bc63399bf5518b994c1d0c153334ee579d0,1966,0xdd77a81910f4513524bda1394a3de2237e4288e1,4705.502925,4705.502925,0.0,1,0,1700582907
2023-11-16,0xb4885bc63399bf5518b994c1d0c153334ee579d0,1990,0x5f14568ba9750b5fcdcb8d50163594da0bdcfe2a,4267.080356,4267.080356,0.0,1,0,1700635661
2023-11-16,0xb4885bc63399bf5518b994c1d0c153334ee579d0,2036,0xde107b82e3e47ed281d276644b8115548c085c24,2093.878641,2093.878641,0.0,1,0,1700116381
2023-11-16,0xb4885bc63399bf5518b994c1d0c153334ee579d0,2040,0xaae833d972e4a8dbcdcd007a5bda0b22e5ddf583,4148.733116,4148.733116,0.0,1,0,1700455289
2023-11-16,0xb4885bc63399bf5518b994c1d0c153334ee579d0,2043,0x29976c9c4ca5d92d70cccd2611eef58f1ffe158d,4142.122417,4142.122417,0.0,1,0,1700635567
2023-11-16,0xb4885bc63399bf5518b994c1d0c153334ee579d0,2087,0x4d85e4f760fb58e380f02657ae5aafb8bd010601,1177.484786,1177.484786,2354.969571,1,1,1700268821
2023-11-16,0xb4885bc63399bf5518b994c1d0c153334ee579d0,2107,0x25f7a39cfc039dc051674c3ba5c08da460a6d941,4817.978516,4817.978516,0.0,1,0,1700572041
2023-11-16,0xb4885bc63399bf5518b994c1d0c153334ee579d0,2114,0xdb743c5132eb9ae11bf829014c82ce503bc621cb,0.0,0.0,3978.673585,0,1,1700555189
2023-11-16,0xb4885bc63399bf5518b994c1d0c153334ee579d0,2129,0x9e136c1c6d31504f6b0af8cba2cd3f1ea77b2e2b,862.463532,862.463532,862.463532,1,1,1700124211
2023-11-16,0xb4885bc63399bf5518b994c1d0c153334ee579d0,2140,0x217dd57e76b135095f3863968f21cee6efec5792,4050.667359,4050.667359,4050.667359,1,1,1700133563
2023-11-16,0xb4885bc63399bf5518b994c1d0c153334ee579d0,2142,0x4140100f2229122245e981c3874ba29cc183c8dc,3904.503187,3904.503187,3904.503187,1,1,1700684901
2023-11-16,0xb4885bc63399bf5518b994c1d0c153334ee579d0,2167,0xba386d72ee66b86c51ec92e75b6a32e2563bfd59,0.0,0.0,3912.345259,0,1,1700219677
2023-11-16,0xb4885bc63399bf5518b994c1d0c153334ee579d0,2225,0x9b6ad3558ea4dd6af9d1bc3cfdbd20c1d599c840,3717.598759,3717.598759,0.0,1,0,1700681607
2023-11-16,0xb4885bc63399bf5518b994c1d0c153334ee579d0,2235,0x9b4ac5feb3fa9c087906cce730dc1bed34f08514,3683.985874,3683.985874,3674.800623,1,1,1700637011
2023-11-16,0xb4885bc63399bf5518b994c1d0c153334ee579d0,2250,0xecd7fe7a07d3b04ed6a31d07ca037f71f263a9df,12032.893626,12032.893626,0.0,1,0,1700502433
2023-11-16,0xb4885bc63399bf5518b994c1d0c153334ee579d0,2262,0xb8e1f0f1e0aab629ec07ae9e4fa680b58732c643,3619.233317,3619.233317,3619.233317,1,1,1700108305
2023-11-16,0xb4885bc63399bf5518b994c1d0c153334ee579d0,2313,0x3888132606615fc0759853b6ec1107e717d0ae52,0.0,0.0,1171.269851,0,1,1700646703
2023-11-16,0xb4885bc63399bf5518b994c1d0c153334ee579d0,2362,0xbaa9b493bccbe1a900b39870980f41356f85822a,0.0,0.0,19047.705333,0,1,1700672771
2023-11-16,0xb4885bc63399bf5518b994c1d0c153334ee579d0,2447,0xdf90bc63d773e674e0ce2488dbf173cdc3622796,828.560527,828.560527,828.560527,1,1,1700255281
2023-11-16,0xb4885bc63399bf5518b994c1d0c153334ee579d0,2473,0xead71ff7bcce7c3dd572b3cd6fb7bc4c6359af5f,3270.253851,3270.253851,3270.253851,1,1,1700134279
2023-11-16,0xb4885bc63399bf5518b994c1d0c153334ee579d0,2502,0xc877d91a16a5fb483dd96a4a00ede9b240374a25,3240.140581,3240.140581,3237.688967,1,1,1700511809
2023-11-16,0xb4885bc63399bf5518b994c1d0c153334ee579d0,2504,0x7d60b9996f4b3bfb907ab30356352a7c07fb4d57,3222.488802,3222.488802,3222.488802,1,1,1700350931
2023-11-16,0xb4885bc63399bf5518b994c1d0c153334ee579d0,2505,0x7f8374961620a370c47eedb599076320d5c82c9b,3222.436956,3222.436956,0.0,1,0,1700571207
2023-11-16,0xb4885bc63399bf5518b994c1d0c153334ee579d0,2516,0x1706f86e1798e341944746fe336d63b60e1d0ccb,3217.016793,3217.016793,3212.088758,1,1,1700129357
2023-11-16,0xb4885bc63399bf5518b994c1d0c153334ee579d0,2557,0x3367a005c2bef54f2836a616ce3e4fa2d35910da,0.0,0.0,3156.641787,0,1,1700106133
2023-11-16,0xb4885bc63399bf5518b994c1d0c153334ee579d0,2559,0xfdf45e7d16bdb5df94ac2f1ef36c34984787b0f9,0.0,0.0,3142.998275,0,1,1700239587
2023-11-16,0xb4885bc63399bf5518b994c1d0c153334ee579d0,2561,0x0a11acdd1ffbdb8adfc34a84f1836f360e6f3cce,0.0,0.0,3223.820157,0,1,1700343263
2023-11-16,0xb4885bc63399bf5518b994c1d0c153334ee579d0,2564,0x57cfcecf5239bc42166b9a949c80057ab93604ef,0.0,0.0,1569.101025,0,1,1700667679
2023-11-16,0xb4885bc63399bf5518b994c1d0c153334ee579d0,2592,0x58c58d02323af6659e8d94fe3feb14385503a8f9,0.0,0.0,3107.086218,0,1,1700154689
2023-11-16,0xb4885bc63399bf5518b994c1d0c153334ee579d0,2597,0x8bcf9320497028119da1c99525d19a9f0d86f92a,3107.474595,3107.474595,3107.474595,1,1,1700205753
2023-11-16,0xb4885bc63399bf5518b994c1d0c153334ee579d0,2602,0x793cf10f2542ad8a98b5951f632bf8526bc2ac63,3096.685285,3096.685285,3096.685285,1,1,1700199555
2023-11-16,0xb4885bc63399bf5518b994c1d0c153334ee579d0,2607,0xddc22fbc4559feff07fb35cda96a636aebbd2aa4,3083.459102,3083.459102,0.0,1,0,1700584909
2023-11-16,0xb4885bc63399bf5518b994c1d0c153334ee579d0,2617,0x06040158f9dd01fb6cc71ad99ec854c1a5a69ee9,3070.063779,3070.063779,3070.063779,1,1,1700582023
2023-11-16,0xb4885bc63399bf5518b994c1d0c153334ee579d0,2619,0xd4f537901080542baf88a54fe899fc004a42cb50,0.0,0.0,3077.022647,0,1,1700423111
2023-11-16,0xb4885bc63399bf5518b994c1d0c153334ee579d0,2633,0xfcc06f7f02f6ab02051f259db4f82f20d8d02112,3152.779121,3152.779121,0.0,1,0,1700401571
2023-11-16,0xb4885bc63399bf5518b994c1d0c153334ee579d0,2643,0xc04afceea0be5a8cece930c4e6208eb03becd066,3055.945157,3055.945157,3041.817619,1,1,1700683505
2023-11-16,0xb4885bc63399bf5518b994c1d0c153334ee579d0,2650,0x04795cdee2b677b46878896dae76be5cb174dac6,3376.691287,3376.691287,0.0,1,0,1700483599
2023-11-16,0xb4885bc63399bf5518b994c1d0c153334ee579d0,2657,0x73c748b5f99c3507f11fb8fa2ea5e3b8f4f9a1d1,1512.692218,1512.692218,1512.692218,1,1,1700669041
2023-11-16,0xb4885bc63399bf5518b994c1d0c153334ee579d0,2675,0x6ac5755992f781674853e49c6846bebb89afcbc7,3006.087336,3006.087336,0.0,1,0,1700173445
2023-11-16,0xb4885bc63399bf5518b994c1d0c153334ee579d0,2699,0xc95f41579e19099503f85db8c949fd45565cfaf0,2943.938943,2943.938943,2943.938943,1,1,1700149849
2023-11-16,0xb4885bc63399bf5518b994c1d0c153334ee579d0,2735,0x6e56e7ff87b9d28bfa3eb58aff1c4ecc0955b25e,2786.477535,2786.477535,2786.477535,1,1,1700616097
2023-11-16,0xb4885bc63399bf5518b994c1d0c153334ee579d0,2769,0x96051588ee65acde2453e972e1120cf6b2f4651d,2655.48455,2655.48455,2655.48455,1,1,1700122473
2023-11-16,0xb4885bc63399bf5518b994c1d0c153334ee579d0,2776,0x67d693dee156cf89ee524b961cf19e4c023936e3,2682.111742,2682.111742,2680.082354,1,1,1700243721
2023-11-16,0xb4885bc63399bf5518b994c1d0c153334ee579d0,2850,0x48f58df7267077f9a45894a1e283863e0030b51c,0.0,0.0,2294.932123,0,1,1700435467
2023-11-16,0xb4885bc63399bf5518b994c1d0c153334ee579d0,2854,0xdc5edfeb777bdfaa851ebda34c102162738290da,2278.729046,2278.729046,0.0,1,0,1700582979
2023-11-16,0xb4885bc63399bf5518b994c1d0c153334ee579d0,2891,0x947d1dbc0edf951f7c1ca46f934e499d8592a8d1,1103.317813,1103.317813,1101.148734,1,1,1700687861
2023-11-16,0xb4885bc63399bf5518b994c1d0c153334ee579d0,2902,0xf84368dcc03dbd47a6567b7267f573c28b2f07fa,582.244758,582.244758,0.0,1,0,1700690287
2023-11-16,0xb4885bc63399bf5518b994c1d0c153334ee579d0,2904,0x205f1c1ff61eec1d8138c665b827914316874262,2169.817117,2169.817117,2169.817117,1,1,1700154075
2023-11-16,0xb4885bc63399bf5518b994c1d0c153334ee579d0,2920,0x7a736aebfdff3ec824f8ea3f83639e863d7963c3,2147.708573,2147.708573,0.0,1,0,1700680433
2023-11-16,0xb4885bc63399bf5518b994c1d0c153334ee579d0,3001,0x1c46564c7476f3f846abcf73e0a885e445ca85e8,1943.099175,1943.099175,0.0,1,0,1700519265
2023-11-16,0xb4885bc63399bf5518b994c1d0c153334ee579d0,3033,0xdc849cb277d665a4d2d86220eecfcf5f2b5fff47,1900.94633,1900.94633,1899.508001,1,1,1700380669
2023-11-16,0xb4885bc63399bf5518b994c1d0c153334ee579d0,3041,0x7caea457224c345d1518a23fbd07ebdbdd21170c,945.554742,945.554742,945.554742,1,1,1700263453
2023-11-16,0xb4885bc63399bf5518b994c1d0c153334ee579d0,3047,0xbee2d469aacb46251ae33cca91f482e26c971dff,692.316832,692.316832,691.365123,1,1,1700682399
2023-11-16,0xb4885bc63399bf5518b994c1d0c153334ee579d0,3105,0xf5659d33af64b5b987f048a4ba7cfca1c96f7f7a,1799.50662,1799.50662,1791.995389,1,1,1700421643
2023-11-16,0xb4885bc63399bf5518b994c1d0c153334ee579d0,3113,0x46f0aacc078a848cbc33d0a3bdcaa614abdcad59,1784.036298,1784.036298,1778.288265,1,1,1700106649
2023-11-16,0xb4885bc63399bf5518b994c1d0c153334ee579d0,3122,0x2ec19e982172ead28b312a07faf25105fb3747d8,0.0,0.0,1773.236259,0,1,1700121651
2023-11-16,0xb4885bc63399bf5518b994c1d0c153334ee579d0,3191,0xa74e65f8bee81a717de22cc49d798caa11fb494a,1750.872824,1750.872824,1749.548047,1,1,1700243883
2023-11-16,0xb4885bc63399bf5518b994c1d0c153334ee579d0,3240,0xd23049316c5058dead7d488e78305ad5a82ec362,1647.523189,1647.523189,1647.523189,1,1,1700634839
2023-11-16,0xb4885bc63399bf5518b994c1d0c153334ee579d0,3281,0x87db6a19c3b8baf8829e0fdc2bbb09cdca373e58,1605.770588,1605.770588,0.0,1,0,1700492641
2023-11-16,0xb4885bc63399bf5518b994c1d0c153334ee579d0,3334,0x0e9b063789909565ceda1fba162474405a151e66,0.0,0.0,1688.849019,0,1,1700580737
2023-11-16,0xb4885bc63399bf5518b994c1d0c153334ee579d0,3371,0xd77900479ef30963f4b5aa7d752b15795192ee15,0.0,0.0,1470.633782,0,1,1700475761
2023-11-16,0xb4885bc63399bf5518b994c1d0c153334ee579d0,3416,0x0737467164f8bb1ef64f006612edb6035aea6efb,706.123675,706.123675,0.0,1,0,1700429559
2023-11-16,0xb4885bc63399bf5518b994c1d0c153334ee579d0,3422,0x500f6caa3f6b1315bf511dd16c7aafe6b6c8ff44,1407.469994,1407.469994,1406.405049,1,1,1700149189
2023-11-16,0xb4885bc63399bf5518b994c1d0c153334ee579d0,3480,0xbdc4b0525d600449fe5efcd08282a837e8fec813,1327.343294,1327.343294,1325.471598,1,1,1700435397
2023-11-16,0xb4885bc63399bf5518b994c1d0c153334ee579d0,3499,0x62661b101ca48734668669a9f1cb83c4889049f3,0.0,0.0,1303.648205,0,1,1700520183
2023-11-16,0xb4885bc63399bf5518b994c1d0c153334ee579d0,3529,0x8293fdc6648dcd00b9194dfa0ab731b51e294f66,2757.854449,2757.854449,1257.714724,1,1,1700157809
2023-11-16,0xb4885bc63399bf5518b994c1d0c153334ee579d0,3550,0xf03df965490882583018c64fd41fa82d7dee032f,4164.629117,4164.629117,1222.503109,1,1,1700527175
2023-11-16,0xb4885bc63399bf5518b994c1d0c153334ee579d0,3582,0x1c7a8e5db7b506c8b2f306406f7946515a9e9617,1422.971589,1422.971589,1422.971589,1,1,1700128157
2023-11-16,0xb4885bc63399bf5518b994c1d0c153334ee579d0,3590,0x9b32e12d0678628aee378dbdf92f7f66f3f4df80,1171.843657,1171.843657,1170.956995,1,1,1700318221
2023-11-16,0xb4885bc63399bf5518b994c1d0c153334ee579d0,3615,0x4b9d8dde4c5ceb5ba567334d9fb86cfc94282a03,1205.533564,1205.533564,1205.533564,1,1,1700640479
2023-11-16,0xb4885bc63399bf5518b994c1d0c153334ee579d0,3628,0x69f527687d71773d2c95dd998aa8695b38d2a516,560.29353,560.29353,1120.587059,1,1,1700111243
2023-11-16,0xb4885bc63399bf5518b994c1d0c153334ee579d0,3679,0x5e36d7f200917d3744a227338f5cffd67da183c1,271.435734,271.435734,271.435734,1,1,1700131929
2023-11-16,0xb4885bc63399bf5518b994c1d0c153334ee579d0,3775,0x5970622555421159b9856656c1b6ae482a86ec42,1028.448322,1028.448322,1028.448322,1,1,1700138109
2023-11-16,0xb4885bc63399bf5518b994c1d0c153334ee579d0,3783,0xc396e325afef0e49d7712a223208c8440c1b9afe,1018.353565,1018.353565,0.0,1,0,1700451813
2023-11-16,0xb4885bc63399bf5518b994c1d0c153334ee579d0,3785,0xa773c2b60ad3c01500fcb0829cb9ef3ba747a761,1022.15152,1022.15152,1017.420811,1,1,1700110151
2023-11-16,0xb4885bc63399bf5518b994c1d0c153334ee579d0,3806,0xe0767d2b47ec6a28e97afbf3a626cdfb226065c1,0.0,0.0,999.170604,0,1,1700229273
2023-11-16,0xb4885bc63399bf5518b994c1d0c153334ee579d0,3813,0xce797b56f9637aaf4058c38093949aafbf48ef57,1020.944335,1020.944335,1020.171849,1,1,1700243151
2023-11-16,0xb4885bc63399bf5518b994c1d0c153334ee579d0,3862,0x3e88681de2e12d1ac4116a7a6fb964a2c4c102ae,966.059477,966.059477,966.059477,1,1,1700653997
2023-11-16,0xb4885bc63399bf5518b994c1d0c153334ee579d0,3963,0x8acf2f327e47fddd1124a55eb4efc1dfdacaa34c,878.155183,878.155183,878.155183,1,1,1700519349
2023-11-16,0xb4885bc63399bf5518b994c1d0c153334ee579d0,3981,0x24e0050594a816cba945e6efe59e1492f5926c70,842.197172,842.197172,842.197172,1,1,1700119983
2023-11-16,0xb4885bc63399bf5518b994c1d0c153334ee579d0,4108,0xadce21bdc15c6f39888c9b0a3ec41c9637932495,742.881474,742.881474,742.319382,1,1,1700110369
2023-11-16,0xb4885bc63399bf5518b994c1d0c153334ee579d0,4124,0x42be9b4b12a8021529a1440158c84f624c316d10,735.845251,735.845251,735.845251,1,1,1700250183
2023-11-16,0xb4885bc63399bf5518b994c1d0c153334ee579d0,4161,0x0690e8ca6e430507147482ae90a9ca2ae78e4773,708.130888,708.130888,0.0,1,0,1700458851
2023-11-16,0xb4885bc63399bf5518b994c1d0c153334ee579d0,4189,0x6cc78993fc28d60b6653a2e7e89d6a5b69975e6b,695.926339,695.926339,0.0,1,0,1700576621
2023-11-16,0xb4885bc63399bf5518b994c1d0c153334ee579d0,4195,0x25a67a5f1f3125dd24e59289e82e890fcabe796c,694.430206,694.430206,0.0,1,0,1700512479
2023-11-16,0xb4885bc63399bf5518b994c1d0c153334ee579d0,4197,0xc9ea255b552793e2533f666013a8d1d9e36cc206,691.314735,691.314735,0.0,1,0,1700511851
2023-11-16,0xb4885bc63399bf5518b994c1d0c153334ee579d0,4268,0x9a293d82710058d930376ee0af037da5d3421ec6,539.417621,539.417621,0.0,1,0,1700230239
2023-11-16,0xb4885bc63399bf5518b994c1d0c153334ee579d0,4315,0x275da555121dab14d6006f454ed3c0e237788836,0.0,0.0,614.346597,0,1,1700659233
2023-11-16,0xb4885bc63399bf5518b994c1d0c153334ee579d0,4381,0xdb7fffd6a9b91e330028ad3801f006fec52f63df,571.024675,571.024675,0.0,1,0,1700341467
2023-11-16,0xb4885bc63399bf5518b994c1d0c153334ee579d0,4413,0x76d04d8b79f698de344d79d59dc7660cd59d2e18,553.053735,553.053735,553.053735,1,1,1700633095
2023-11-16,0xb4885bc63399bf5518b994c1d0c153334ee579d0,4419,0xee1a6dd8ed5ccdef81506dada15518b512bf9fb2,549.417677,549.417677,549.417677,1,1,1700633039
2023-11-16,0xb4885bc63399bf5518b994c1d0c153334ee579d0,4433,0x78b8a76bea31733777556033e2a116df66c4c41c,544.242981,544.242981,544.242981,1,1,1700624469
2023-11-16,0xb4885bc63399bf5518b994c1d0c153334ee579d0,4437,0xf16d62012ee210af984b816a6c8c0cc47eeb65e4,0.0,0.0,541.987738,0,1,1700676283
2023-11-16,0xb4885bc63399bf5518b994c1d0c153334ee579d0,4479,0xb8b5678fb2ed1df5f8e04dd418d255796b97e6c1,562.626712,1101.000106,538.373393,2,1,1700410363
2023-11-16,0xb4885bc63399bf5518b994c1d0c153334ee579d0,4482,0xfc427d3112ccef24dce7fda59238aceca2b8105a,576.23927,576.23927,0.0,1,0,1700545389
2023-11-16,0xb4885bc63399bf5518b994c1d0c153334ee579d0,4502,0x553222b267bc978aca3c28493aef72d924b264bd,509.271818,509.271818,513.847202,1,1,1700272627
2023-11-16,0xb4885bc63399bf5518b994c1d0c153334ee579d0,4518,0x43917a8174465dc01522e8e14335eaa2cde33f6f,51.624425,51.624425,103.24885,1,1,1700147223
2023-11-16,0xb4885bc63399bf5518b994c1d0c153334ee579d0,4531,0x6f3a6d9867d6213056b55ce52b55514215deb343,512.351921,512.351921,512.351921,1,1,1700632987
2023-11-16,0xb4885bc63399bf5518b994c1d0c153334ee579d0,4534,0xf9699c81e1f99f736e6874ed79e9813cc5056149,0.0,0.0,5604.607829,0,1,1700159049
2023-11-16,0xb4885bc63399bf5518b994c1d0c153334ee579d0,4587,0xe0a86afb73c0922a50d4a985a25507ecda8a9b51,0.0,0.0,485.765049,0,1,1700672233
2023-11-16,0xb4885bc63399bf5518b994c1d0c153334ee579d0,4640,0x1c3be20a226333e26833618b96e9d10aa741da6e,0.0,0.0,464.734166,0,1,1700539833
2023-11-16,0xb4885bc63399bf5518b994c1d0c153334ee579d0,4655,0x968b8239b7e25868c00f7a7cddc2bfd9bf21fc20,460.816089,460.816089,0.0,1,0,1700341273
2023-11-16,0xb4885bc63399bf5518b994c1d0c153334ee579d0,4727,0x648d11ee45749530e7837ba6b089517e4bb8c902,442.392516,442.392516,442.057785,1,1,1700150781
2023-11-16,0xb4885bc63399bf5518b994c1d0c153334ee579d0,4837,0x95b0cb330519db2bcaf74b90c1bde3d62f673718,0.0,0.0,209.545739,0,1,1700671885
2023-11-16,0xb4885bc63399bf5518b994c1d0c153334ee579d0,4890,0x12f03f0f9b9384feee357ab255b42ae99fdb8895,411.911121,411.911121,0.0,1,0,1700099869
2023-11-16,0xb4885bc63399bf5518b994c1d0c153334ee579d0,4972,0x9baa120b011334ae37ce01ac7c714c934cd7648d,404.198802,404.198802,0.0,1,0,1700099811
2023-11-16,0xb4885bc63399bf5518b994c1d0c153334ee579d0,4973,0x314d295677f81d037fd61bea21e81f9ea7aa2c64,404.230292,404.230292,0.0,1,0,1700672483
2023-11-16,0xb4885bc63399bf5518b994c1d0c153334ee579d0,5064,0xf98f3faabc33db5d781ba5a2da687a1332d1781d,407.889288,407.889288,407.580663,1,1,1700242677
2023-11-16,0xb4885bc63399bf5518b994c1d0c153334ee579d0,5126,0xf10fd43f5f58128269ed4e312fe56084a18e50b9,6840.992936,6840.992936,6818.338522,1,1,1700636869
2023-11-16,0xb4885bc63399bf5518b994c1d0c153334ee579d0,5457,0x8db7a537d8478df3c6d95ff33b4270342862957f,37.491226,37.491226,37.491226,1,1,1700151115
2023-11-16,0xb4885bc63399bf5518b994c1d0c153334ee579d0,5482,0xa7bf2712349bd3dcbc0cebbf49fdd2449077d744,381.999838,381.999838,381.710803,1,1,1700243775
2023-11-16,0xb4885bc63399bf5518b994c1d0c153334ee579d0,5508,0x57be998a9ff5fb63b596b2f44ac1ecff0f08fc0a,371.402697,371.402697,371.402697,1,1,1700214273
2023-11-16,0xb4885bc63399bf5518b994c1d0c153334ee579d0,5565,0x8392c202d0fccd7f149748c59da28d2d1484dabd,0.0,0.0,73.891551,0,1,1700348521
2023-11-16,0xb4885bc63399bf5518b994c1d0c153334ee579d0,5568,0xda3e608973dd2150fbc1e19f3ed1f183a37af1d6,370.822069,370.822069,370.579381,1,1,1700270999
2023-11-16,0xb4885bc63399bf5518b994c1d0c153334ee579d0,5653,0x751961da42a72e417ced3621bfb660a89a23d5d7,367.146352,367.146352,367.146352,1,1,1700133321
2023-11-16,0xb4885bc63399bf5518b994c1d0c153334ee579d0,5657,0x188a46d9dc1c0049c9bae886d9cacd0a0e56d1ed,367.000057,367.000057,367.000057,1,1,1700661663
2023-11-16,0xb4885bc63399bf5518b994c1d0c153334ee579d0,5716,0x33a9bf6730d54eb663bbdacdb99fcb9ba19cc2fd,365.598856,365.598856,365.598856,1,1,1700214239
2023-11-16,0xb4885bc63399bf5518b994c1d0c153334ee579d0,5816,0x1ca018c20fb01b40f7dfa52258d620a6a0ed3769,362.14981,362.14981,362.14981,1,1,1700214045
2023-11-16,0xb4885bc63399bf5518b994c1d0c153334ee579d0,5817,0x6545a8cb2d809f8488e89480df5055fb176aa318,181.095021,181.095021,362.190042,1,1,1700214019
2023-11-16,0xb4885bc63399bf5518b994c1d0c153334ee579d0,5885,0x1c85d6ae1336d0e4e3f165bbfa9641bfa04cedb1,361.979206,361.979206,361.705319,1,1,1700113459
2023-11-16,0xb4885bc63399bf5518b994c1d0c153334ee579d0,5898,0x7c0111879da162e53360f4a379c8cb25c81bb299,90.080776,90.080776,90.080776,1,1,1700117505
2023-11-16,0xb4885bc63399bf5518b994c1d0c153334ee579d0,5961,0x7603c40b04ae8d4a82aedbccb5c3cd81b6681895,336.429759,336.429759,338.05398,1,1,1700619971
2023-11-16,0xb4885bc63399bf5518b994c1d0c153334ee579d0,5962,0x04576fb84df8df948d0004a84a3f5c8cb286b565,336.392855,336.392855,338.016914,1,1,1700619933
2023-11-16,0xb4885bc63399bf5518b994c1d0c153334ee579d0,5999,0x5f58f61a451741b986df1457d0997ffd7b4e8846,356.998203,356.998203,356.998203,1,1,1700474319
2023-11-16,0xb4885bc63399bf5518b994c1d0c153334ee579d0,6040,0x347113c4ec42f6610b5348e908ffea04f7f4f651,88.910709,88.910709,0.0,1,0,1700386733
2023-11-16,0xb4885bc63399bf5518b994c1d0c153334ee579d0,6056,0xc630ee3e52a40a2c87d3507b18d11efb178d01ab,74.153734,74.153734,120.056229,1,1,1700101223
2023-11-16,0xb4885bc63399bf5518b994c1d0c153334ee579d0,6119,0x90126de0707a9a0085f511afcb345e81b7fcec1d,353.746933,353.746933,0.0,1,0,1700663071
2023-11-16,0xb4885bc63399bf5518b994c1d0c153334ee579d0,6122,0x9784393a973a0af2e9c0c830e1e489b5b4d48466,353.621855,353.621855,353.621855,1,1,1700131917
2023-11-16,0xb4885bc63399bf5518b994c1d0c153334ee579d0,6142,0xaa00ec0ccd12d8b15ad502daa6be6166b7c472f9,0.0,0.0,353.279359,0,1,1700692673
2023-11-16,0xb4885bc63399bf5518b994c1d0c153334ee579d0,6294,0xd91fbb9d4fd7cceb4b167ba827b68ad4d2d0c385,350.243262,350.243262,0.0,1,0,1700211619
2023-11-16,0xb4885bc63399bf5518b994c1d0c153334ee579d0,6315,0x0e241bb8df0d354d1e9a97df499f0e2540a81129,350.038626,350.038626,350.038626,1,1,1700106923
2023-11-16,0xb4885bc63399bf5518b994c1d0c153334ee579d0,6406,0x451248229712d6f207ff9466d8d3a33cb59d103c,462.791594,462.791594,462.791594,1,1,1700184467
2023-11-16,0xb4885bc63399bf5518b994c1d0c153334ee579d0,6457,0x2cac43da9303af89e6de4e197d52f1f9c3ca2936,0.0,0.0,3012.451355,0,1,1700661077
2023-11-16,0xb4885bc63399bf5518b994c1d0c153334ee579d0,6511,0x41d2f3add533465d1038bfac72855e8430f92eec,218.642513,218.642513,218.642513,1,1,1700101287
2023-11-16,0xb4885bc63399bf5518b994c1d0c153334ee579d0,6534,0xf1b1b0b6735e5d0059a2c134979e075ef050e9bf,0.0,0.0,30.081014,0,1,1700236489
2023-11-16,0xb4885bc63399bf5518b994c1d0c153334ee579d0,6605,0xfcb2015b8b9a22f1f34f96718a5f4707abf277d5,16.798794,16.798794,0.0,1,0,1700259877
2023-11-16,0xb4885bc63399bf5518b994c1d0c153334ee579d0,6687,0x1d4143b2434b20ff360a05912626f56563838ba5,60.871533,60.871533,61.867199,1,1,1700401211
2023-11-16,0xb4885bc63399bf5518b994c1d0c153334ee579d0,6722,0x8f37f0654a652c2ea9e6d1caa44f37baac61c346,546.476901,546.476901,0.0,1,0,1700400999
2023-11-16,0xb4885bc63399bf5518b994c1d0c153334ee579d0,6806,0x16c5d7862f5e42b578c5b86bdf1f3887fdc0f412,548.408306,548.408306,550.474132,1,1,1700116505
2023-11-16,0xb4885bc63399bf5518b994c1d0c153334ee579d0,6850,0x47b0c8c154fb9222d22e170a0801b9807dee2576,183.683544,183.683544,276.900226,1,1,1700124703
2023-11-16,0xb4885bc63399bf5518b994c1d0c153334ee579d0,6858,0xe262d54679746af1526f44a5f5c406f8e3f43bf3,26.438712,50.541287,48.85661,2,2,1700523501
2023-11-16,0xb4885bc63399bf5518b994c1d0c153334ee579d0,6933,0x5db9e26d5035c124a9b7dddd545fd60c23cf26d0,0.708711,0.708711,0.972389,1,1,1700643687
2023-11-16,0xb4885bc63399bf5518b994c1d0c153334ee579d0,6961,0x1b7ea7d42c476a1e2808f23e18d850c5a4692df7,0.0,0.0,771.040774,0,1,1700522725
2023-11-16,0xb4885bc63399bf5518b994c1d0c153334ee579d0,7164,0x1d4143b2434b20ff360a05912626f56563838ba5,72.551983,72.551983,78.258776,1,1,1700401219
2023-11-16,0xb4885bc63399bf5518b994c1d0c153334ee579d0,7176,0x5cfe303601b458d56fb0fa51bcf94e457ca23aa2,0.0,0.0,6.899783,0,1,1700373635
2023-11-16,0xb4885bc63399bf5518b994c1d0c153334ee579d0,7187,0x1b08bc49accb4fb813bc9cb7f3a1f7f93510010e,0.0,0.0,3931.409059,0,1,1700528229
2023-11-16,0xb4885bc63399bf5518b994c1d0c153334ee579d0,7247,0xa07d83334758af046dbcee6991e341c0e061d121,248.124974,248.124974,211.844174,1,1,1700590429
2023-11-16,0xb4885bc63399bf5518b994c1d0c153334ee579d0,7380,0xd814e1b7cc203ff6ca4358bf4aa3ce9771fedc68,2716.873763,2716.873763,679.218441,1,1,1700520493
2023-11-16,0xb4885bc63399bf5518b994c1d0c153334ee579d0,7492,0xe08753f2caf86cfa29ce24b1ca765f6f3a25a68d,520.735525,1041.471801,1009.968659,2,2,1700531749
2023-11-16,0xb4885bc63399bf5518b994c1d0c153334ee579d0,7498,0x146695f336d600e9fbc78185aa0e64104fc191f2,1167.370276,1167.370276,583.685138,1,1,1700200591
2023-11-16,0xb4885bc63399bf5518b994c1d0c153334ee579d0,7680,0xa2fce43edf434840a99e2fae74ebdcbab8c83f80,39.253089,39.253089,40.207953,1,1,1700641529
2023-11-16,0xb4885bc63399bf5518b994c1d0c153334ee579d0,7705,0xce030f1137e05bc3d13303ddb5a955600b9b5771,1913.463813,1913.463813,0.0,1,0,1700462667
2023-11-16,0xb4885bc63399bf5518b994c1d0c153334ee579d0,7747,0x65cb5bff8bafe67cd9106b454843dbf233aacf7b,90.721684,90.721684,0.0,1,0,1700410253
2023-11-16,0xb4885bc63399bf5518b994c1d0c153334ee579d0,7794,0x6e56e7ff87b9d28bfa3eb58aff1c4ecc0955b25e,8470.346749,8470.346749,8605.629625,1,1,1700616121
2023-11-16,0xb4885bc63399bf5518b994c1d0c153334ee579d0,7829,0xeef53a1f4eb3846f33c3e549d6fdf130fa4f8b27,30.913417,30.913417,0.0,1,0,1700172379
2023-11-16,0xb4885bc63399bf5518b994c1d0c153334ee579d0,7834,0xacbe1fc97ced05874d2ee6993d92066fe3ec011f,17.436609,17.436609,36.40493,1,1,1700505357
2023-11-16,0xb4885bc63399bf5518b994c1d0c153334ee579d0,7835,0xe4a8840ba281865797cfaf7bcfc0876771285643,2.530689,2.530689,0.028657,1,1,1700394957
2023-11-16,0xb4885bc63399bf5518b994c1d0c153334ee579d0,7844,0x4dccb4444a0a804b778ddac22dc21b4fd0fe1a0d,4.976501,4.976501,6.411319,1,1,1700646989
2023-11-16,0xb4885bc63399bf5518b994c1d0c153334ee579d0,7857,0x4886ba5d2b3e0ae1e80172d3bddc4feb32e1ce26,0.836297,0.836297,1.921987,1,1,1700651765
2023-11-16,0xb4885bc63399bf5518b994c1d0c153334ee579d0,7880,0x20a7549c9f0249486ff762aac2ed7c2485d7c744,0.0,0.0,49.933544,0,1,1700352745
2023-11-16,0xb4885bc63399bf5518b994c1d0c153334ee579d0,7904,0x2e19b317352d936105f55638a9eb6c1cb723dde7,0.0,0.0,0.378438,0,1,1700260051
2023-11-16,0xb4885bc63399bf5518b994c1d0c153334ee579d0,7998,0x04d4e38e09a2f3dae520f3d0071e10b51b78b77a,0.0,0.0,35173.370601,0,1,1700662695
2023-11-16,0xb4885bc63399bf5518b994c1d0c153334ee579d0,8052,0xd722fe8c1ebc95471da98625651d2c704991b809,858.688692,858.688692,863.461006,1,1,1700207199
2023-11-16,0xb4885bc63399bf5518b994c1d0c153334ee579d0,8262,0xbb8151d891ae8b3ee3696944652ef2308edc8d65,4475.47474,4475.47474,4573.031317,1,1,1700123053
2023-11-16,0xb4885bc63399bf5518b994c1d0c153334ee579d0,8280,0x4ae6f3ec7b50e7b01a5b2b3a0b2688a65bb350a5,77.417896,77.417896,143.953879,1,1,1700230595
2023-11-16,0xb4885bc63399bf5518b994c1d0c153334ee579d0,8325,0x0fb0d6fcb87ec73436f1ba270def3ee0b466ed32,24.936906,24.936906,25.136161,1,1,1700399757
2023-11-16,0xb4885bc63399bf5518b994c1d0c153334ee579d0,8343,0x6c6dc387b28edf1d2ccac7acc99f4238db1592ba,0.0,0.0,0.852173,0,1,1700643761
2023-11-16,0xb4885bc63399bf5518b994c1d0c153334ee579d0,8346,0x04d4e38e09a2f3dae520f3d0071e10b51b78b77a,0.0,0.0,6450.70776,0,1,1700662865
2023-11-16,0xb4885bc63399bf5518b994c1d0c153334ee579d0,8390,0x4e51a06e4643197e1be2f050b6af60f9ad3cef06,3949.85077,3949.85077,0.0,1,0,1700105639
2023-11-16,0xb4885bc63399bf5518b994c1d0c153334ee579d0,8412,0x6e56e7ff87b9d28bfa3eb58aff1c4ecc0955b25e,2061.45324,2061.45324,2061.45324,1,1,1700616139
2023-11-16,0xb4885bc63399bf5518b994c1d0c153334ee579d0,8433,0x9e5a57470a2a136a3d4de39e1996e05944c4b1fb,170151.577698,170151.577698,169258.081564,1,1,1700164633
2023-11-16,0xb4885bc63399bf5518b994c1d0c153334ee579d0,8477,0xf10fd43f5f58128269ed4e312fe56084a18e50b9,1315.617406,1315.617406,1311.83388,1,1,1700636905
2023-11-16,0xb4885bc63399bf5518b994c1d0c153334ee579d0,8502,0x892176d784bed3dc877a62f3ff9fc091377b2a49,0.0,0.0,3899.999855,0,1,1700131307
2023-11-16,0xb4885bc63399bf5518b994c1d0c153334ee579d0,8648,0x06d93e26b219ba35925de8f3179300fac7948b78,15.915289,15.915289,32.096458,1,1,1700223821
2023-11-16,0xb4885bc63399bf5518b994c1d0c153334ee579d0,8688,0x3953097d0ac7ee4f390592b69b5ada2dff4108c6,866.489122,866.489122,615.029309,1,1,1700134127
2023-11-16,0xb4885bc63399bf5518b994c1d0c153334ee579d0,8769,0xb764113ac0c2d8e1a99bb2a69149503d9bf4f614,33.700561,33.700561,0.0,1,0,1700546247
2023-11-16,0xb4885bc63399bf5518b994c1d0c153334ee579d0,8782,0xeaba90bddbbbf7ec1a6b0483320c40840401e310,2.101807,2.101807,0.0,1,0,1700555751
2023-11-16,0xb4885bc63399bf5518b994c1d0c153334ee579d0,8804,0x3c5501066f049bf00d4c851fad3ee345c8961484,510.192598,1020.385688,926.955972,2,2,1700222899
2023-11-16,0xb4885bc63399bf5518b994c1d0c153334ee579d0,8817,0x233ed7e3201808f96c8fe909cbaa8466ae893352,1047.100869,1047.100869,1055.052078,1,1,1700142541
2023-11-16,0xb4885bc63399bf5518b994c1d0c153334ee579d0,8932,0x474737676ca5993eeca3c2a072572440e0524bbe,46841.184185,46841.184185,0.0,1,0,1700266893
2023-11-16,0xb4885bc63399bf5518b994c1d0c153334ee579d0,9045,0xf7c0d5e897666ce6590a749ff1bd9edaf7eab2a5,15.499364,16.52855,5.577453,2,2,1700526117
2023-11-16,0xb4885bc63399bf5518b994c1d0c153334ee579d0,9108,0x892176d784bed3dc877a62f3ff9fc091377b2a49,0.0,0.0,249.999942,0,1,1700131579
2023-11-16,0xb4885bc63399bf5518b994c1d0c153334ee579d0,9120,0xbfdd62139f97163d83cf5cb7f940564b56c6fa5d,1988.089868,1988.089868,1984.208192,1,1,1700648095
2023-11-16,0xb4885bc63399bf5518b994c1d0c153334ee579d0,9146,0x1151ce76cca782a19f751925ef383ed744533663,13342.0,39118.0,25776.0,3,2,1700627809
2023-11-16,0xb4885bc63399bf5518b994c1d0c153334ee579d0,9189,0xecd7fe7a07d3b04ed6a31d07ca037f71f263a9df,1093.44,1093.44,0.0,1,0,1700502445
2023-11-16,0xb4885bc63399bf5518b994c1d0c153334ee579d0,9195,0x44f86b5fa8c8e901f28a933b6ace084f45a3d65c,9.847727,9.847727,2.224582,1,1,1700540803
2023-11-16,0xb4885bc63399bf5518b994c1d0c153334ee579d0,9255,0x4e51a06e4643197e1be2f050b6af60f9ad3cef06,2373.786771,2373.786771,0.0,1,0,1700105653
2023-11-16,0xb4885bc63399bf5518b994c1d0c153334ee579d0,9295,0x892176d784bed3dc877a62f3ff9fc091377b2a49,0.0,0.0,2009.999511,0,1,1700131319
2023-11-16,0xb4885bc63399bf5518b994c1d0c153334ee579d0,9300,0xb33cd827dd59c090e71899bfca31f81f4b189ddb,6938.761332,6938.761332,0.0,1,0,1700684069
2023-11-16,0xb4885bc63399bf5518b994c1d0c153334ee579d0,9308,0x474737676ca5993eeca3c2a072572440e0524bbe,10205.44,10205.44,0.0,1,0,1700266923
2023-11-16,0xb4885bc63399bf5518b994c1d0c153334ee579d0,9393,0x5487c7995736150bcaec76aba8f0afa54b3d0ac9,618.420429,618.420429,625.337643,1,1,1700251361
2023-11-16,0xb4885bc63399bf5518b994c1d0c153334ee579d0,9440,0x4142e7b1e829cf498bf3017b8f964e6ed293ffd4,969.670148,969.670148,976.858549,1,1,1700149027
2023-11-16,0xb4885bc63399bf5518b994c1d0c153334ee579d0,9450,0xe783d9f27c9baa28b630f639f9259a8163a1ac78,25.862744,25.862744,36.179925,1,1,1700392285
2023-11-16,0xb4885bc63399bf5518b994c1d0c153334ee579d0,9550,0x7213c705c84e5d9e30d6cfb081fae1fc3dda3af4,0.0,0.0,2.015499,0,1,1700643251
2023-11-16,0xb4885bc63399bf5518b994c1d0c153334ee579d0,9583,0x6ea4207627aaf2ef86642ed8b331579b606471c3,11.367225,11.367225,7.035825,1,1,1700283093
2023-11-16,0xb4885bc63399bf5518b994c1d0c153334ee579d0,9604,0x70ec93ef92bde5aa7afff6546207bd378a28933c,31554208.11908,31554208.11908,31530333.003376,1,1,1700680029
2023-11-16,0xb4885bc63399bf5518b994c1d0c153334ee579d0,9616,0xf120445761d31c9322416a8eabbbeeea1a1eac1e,110.30137,205.226963,94.925593,2,1,1700294245
2023-11-16,0xb4885bc63399bf5518b994c1d0c153334ee579d0,9639,0x0ea01228dea7d3e04811cf0ce05fb219773d72ca,17.259968,17.259968,0.0,1,0,1700108049
2023-11-16,0xb4885bc63399bf5518b994c1d0c153334ee579d0,9647,0x4b5883f3e0f201b0e2f453a82a97e353aa25041d,0.060196,0.060196,0.0,1,0,1700134255
2023-11-16,0xb4885bc63399bf5518b994c1d0c153334ee579d0,9654,0x28831f39bb35edc44ee1c175b44308cd3bef57ee,16.463161,16.463161,0.0,1,0,1700170581
2023-11-16,0xb4885bc63399bf5518b994c1d0c153334ee579d0,9655,0xb4f17a684e1d358abcfdb59292d4d32bd3e277d4,25.174774,25.174774,0.0,1,0,1700191533
2023-11-16,0xb4885bc63399bf5518b994c1d0c153334ee579d0,9657,0x8cc1d659fc5157d7c1a1cd273d1ede9b69b6566e,8.219129,8.219129,0.0,1,0,1700197443
2023-11-16,0xb4885bc63399bf5518b994c1d0c153334ee579d0,9672,0xa12557a0d8378d97586c1efa9253a1bbbf666a5e,141.557164,141.557164,0.0,1,0,1700305621
2023-11-16,0xb4885bc63399bf5518b994c1d0c153334ee579d0,9674,0x8f21bd39fcaea3a729d46339a383081ecb7e84e0,41.277902,41.277902,0.0,1,0,1700307721
2023-11-16,0xb4885bc63399bf5518b994c1d0c153334ee579d0,9675,0x8f21bd39fcaea3a729d46339a383081ecb7e84e0,3473.420427,3473.420427,0.0,1,0,1700309497
2023-11-16,0xb4885bc63399bf5518b994c1d0c153334ee579d0,9679,0xed0862ea1853918ca6d0c63d17f03548343a0d6c,0.076031,0.076031,0.0,1,0,1700326705
2023-11-16,0xb4885bc63399bf5518b994c1d0c153334ee579d0,9699,0x01e3a700a1a0509ec3ee32cc12c3c5a602f1ff8c,2.699054,2.699054,0.0,1,0,1700396189
2023-11-16,0xb4885bc63399bf5518b994c1d0c153334ee579d0,9707,0x60034a6d90f54d3bbc3188033fd08b1a146802ba,834.527138,834.527138,0.0,1,0,1700429107
2023-11-16,0xb4885bc63399bf5518b994c1d0c153334ee579d0,9715,0x10dbc99c90234e4447f0366e8368d688f622475a,7.517435,7.517435,0.0,1,0,1700473295
2023-11-16,0xb4885bc63399bf5518b994c1d0c153334ee579d0,9724,0x13c4dd9f8ad8a70120c6b4387a31b9428e60d4ef,24.779069,24.779069,0.0,1,0,1700557191
2023-11-16,0xb4885bc63399bf5518b994c1d0c153334ee579d0,9728,0x28eeaa9164d225b063fa742b5d78af09c93f0d65,0.07311,0.07311,0.0,1,0,1700578031
2023-11-16,0xb4885bc63399bf5518b994c1d0c153334ee579d0,9732,0x328d75a47e07f26e1ad22ff3de08e8ba3ca190d4,30747.750515,30747.750515,0.0,1,0,1700632415
2023-11-16,0xb4885bc63399bf5518b994c1d0c153334ee579d0,9738,0x6c6dc387b28edf1d2ccac7acc99f4238db1592ba,0.00077,0.00077,0.0,1,0,1700646371
2023-11-16,0xb5e331615fdba7df49e05cdeaceb14acdd5091c3,21,0x4444aaaacdba5580282365e25b16309bd770ce4a,0.0,0.0,194429.066816,0,1,1700688869
2023-11-16,0xb5e331615fdba7df49e05cdeaceb14acdd5091c3,43,0x2ddb405238368695f34d30a80ab60c449aa5ce48,272796.88489,272796.88489,0.0,1,0,1700692465
2023-11-16,0xb5e331615fdba7df49e05cdeaceb14acdd5091c3,47,0x011b0a055e02425461a1ae95b30f483c4ff05be7,3784480.970436,3784480.970436,65200.301517,1,1,1700693931
2023-11-16,0xb5e331615fdba7df49e05cdeaceb14acdd5091c3,48,0x12478d1a60a910c9cbffb90648766a2bdd5918f5,2216392.010258,2216392.010258,0.0,1,0,1700691537
2023-11-16,0xb5e331615fdba7df49e05cdeaceb14acdd5091c3,51,0x0f228805c03a693aa964a791e0b2e2c6e6c6513f,285366.524677,285366.524677,0.0,1,0,1700691351
2023-11-16,0xb5e331615fdba7df49e05cdeaceb14acdd5091c3,58,0x61d4ac515b82d1ec2f021e63b17519683ac1cabd,1610365.109035,1610365.109035,0.0,1,0,1700692497
2023-11-16,0xb5e331615fdba7df49e05cdeaceb14acdd5091c3,59,0xa3cbd0c67dee5142209ff0cf155bc2bc51acf180,1915821.208729,1915821.208729,0.0,1,0,1700693421
2023-11-16,0xb5e331615fdba7df49e05cdeaceb14acdd5091c3,64,0xf1010ee787ee588766b441d7cc397b40ddfb17a3,292535.984686,292535.984686,0.0,1,0,1700692701
2023-11-16,0xb5e331615fdba7df49e05cdeaceb14acdd5091c3,67,0x8ce17ff2c7376e9adfe9c63c47a801097fa6c525,108398.375513,108398.375513,0.0,1,0,1700690971
2023-11-16,0xb5e331615fdba7df49e05cdeaceb14acdd5091c3,76,0x0578fe63a40dd249b853487dae3c9eb01957628e,1006248.316856,1006248.316856,0.0,1,0,1700688365
2023-11-16,0xb5e331615fdba7df49e05cdeaceb14acdd5091c3,77,0xeb6772188cf10aa563a1cd163f48355d1a949797,214513.367093,214513.367093,0.0,1,0,1700693783
2023-11-16,0xb5e331615fdba7df49e05cdeaceb14acdd5091c3,88,0x8bace3a49a375027868cdd34e84521eed1f1b01d,328546.461045,328546.461045,0.0,1,0,1700692951
2023-11-16,0xb5e331615fdba7df49e05cdeaceb14acdd5091c3,92,0x0f9548165c4960624debb7e38b504e9fd524d6af,620831.841054,620831.841054,0.0,1,0,1700693689
2023-11-16,0xb5e331615fdba7df49e05cdeaceb14acdd5091c3,93,0x0291eb432cb4a2613a7415018933e3db45bcd769,1022539.912622,1022539.912622,0.0,1,0,1700691857
2023-11-16,0xb5e331615fdba7df49e05cdeaceb14acdd5091c3,99,0xa48cd684ded1eee3de13e052bbdcfed59558a1ca,0.0,0.0,169396.223183,0,1,1700580977
2023-11-16,0xb5e331615fdba7df49e05cdeaceb14acdd5091c3,103,0x1c2ed7a6c4e3c1146103fa222181115a72243a06,54779.15841,54779.15841,0.0,1,0,1700693443
2023-11-16,0xb5e331615fdba7df49e05cdeaceb14acdd5091c3,105,0x208a17c5fabe5b90282e5906945ff335e39326c4,0.0,0.0,15511.17458,0,1,1700683839
2023-11-16,0xb5e331615fdba7df49e05cdeaceb14acdd5091c3,112,0x5c965d2f24e8fc49146575b039fbda4033d3cf94,0.0,0.0,345580.699177,0,1,1700673199
2023-11-16,0xb5e331615fdba7df49e05cdeaceb14acdd5091c3,113,0xfa9e221a7af006531a816e98792a3e4b22a01461,473962.516944,473962.516944,0.0,1,0,1700691769
2023-11-16,0xb5e331615fdba7df49e05cdeaceb14acdd5091c3,124,0x5d6f3d0c92d0564151357b0863e55e9ed4631b8d,86604.318047,86604.318047,0.0,1,0,1700691635
2023-11-16,0xb5e331615fdba7df49e05cdeaceb14acdd5091c3,126,0xf5a93410e7e32bbf28a8eaafbd7f241cf0b290fb,0.0,0.0,416267.563769,0,1,1700668537
2023-11-16,0xb5e331615fdba7df49e05cdeaceb14acdd5091c3,143,0x62e1af3e818afc059d111c4f53cf0a2d9fd29110,352813.552931,352813.552931,0.0,1,0,1700690633
2023-11-16,0xb5e331615fdba7df49e05cdeaceb14acdd5091c3,145,0xc5d7be4a4e5957baa078201f41d9fd5f21b91b1b,349581.207091,349581.207091,0.0,1,0,1700690493
2023-11-16,0xb5e331615fdba7df49e05cdeaceb14acdd5091c3,147,0xe3f0254b09aec48ffa46f9eee5a3bc7a8e510e6d,83460.31139,83460.31139,0.0,1,0,1700692787
2023-11-16,0xb5e331615fdba7df49e05cdeaceb14acdd5091c3,156,0xb0a4e99371dfb0734f002ae274933b4888f618ef,146335.526848,146335.526848,0.0,1,0,1700691253
2023-11-16,0xb5e331615fdba7df49e05cdeaceb14acdd5091c3,157,0x29563a4408812680728b4b8c44b19288cc9083ce,294187.335628,294187.335628,0.0,1,0,1700686867
2023-11-16,0xb5e331615fdba7df49e05cdeaceb14acdd5091c3,162,0xfa9e221a7af006531a816e98792a3e4b22a01461,280488.474509,280488.474509,0.0,1,0,1700691791
2023-11-16,0xb5e331615fdba7df49e05cdeaceb14acdd5091c3,165,0x54ecb3397b0bf31cb0b81eb2444e2a7b32507d8b,81532.036607,81532.036607,81470.346363,1,1,1700689629
2023-11-16,0xb5e331615fdba7df49e05cdeaceb14acdd5091c3,175,0x8d40f0992ad97612da0791cf97ba59addb26a2b4,233362.365373,233362.365373,0.0,1,0,1700693469
2023-11-16,0xb5e331615fdba7df49e05cdeaceb14acdd5091c3,179,0xfda5a361f3c67ebfed328f3a9e95bd275734e675,227491.303533,227491.303533,0.0,1,0,1700693647
2023-11-16,0xb5e331615fdba7df49e05cdeaceb14acdd5091c3,184,0x76c2cd1b8a249f465f8445c455cb78e0eed36f1e,218496.679379,218496.679379,0.0,1,0,1700691877
2023-11-16,0xb5e331615fdba7df49e05cdeaceb14acdd5091c3,190,0x48d18a882b0be145606a11fce6f8a301256b93fa,105728.744383,105728.744383,0.0,1,0,1700687809
2023-11-16,0xb5e331615fdba7df49e05cdeaceb14acdd5091c3,202,0x6f09e3fd9caf2a8b3c7e9fccd2423b17b9d8e383,196897.881956,196897.881956,0.0,1,0,1700693015
2023-11-16,0xb5e331615fdba7df49e05cdeaceb14acdd5091c3,203,0x637fceaf3e5289d2b396b831335e7d8a180c5656,38078.565687,38078.565687,0.0,1,0,1700692921
2023-11-16,0xb5e331615fdba7df49e05cdeaceb14acdd5091c3,209,0xfcbb477ec276476b6029ed0467f28f5ac1712884,81643.237919,81643.237919,0.0,1,0,1700693883
2023-11-16,0xb5e331615fdba7df49e05cdeaceb14acdd5091c3,218,0xc8336b9dabbac9bfb9aa483e76fc351b13121784,86843.624924,86843.624924,0.0,1,0,1700693787
2023-11-16,0xb5e331615fdba7df49e05cdeaceb14acdd5091c3,224,0x4920a95670b6282951813a94d9066a730d315df3,82791.889596,82791.889596,0.0,1,0,1700691225
2023-11-16,0xb5e331615fdba7df49e05cdeaceb14acdd5091c3,235,0xfee6be6b5cc8cb4ee8189850a69973e774e7614e,326352.600955,326352.600955,0.0,1,0,1700693815
2023-11-16,0xb5e331615fdba7df49e05cdeaceb14acdd5091c3,238,0xb6f28ae8f31d85dc27361852b986286113bc588d,83069.071262,83069.071262,0.0,1,0,1700693789
2023-11-16,0xb5e331615fdba7df49e05cdeaceb14acdd5091c3,241,0xd639eee81b30d8b34d5d8cbce83f193e2ba298e4,152186.65046,152186.65046,152071.500244,1,1,1700687611
2023-11-16,0xb5e331615fdba7df49e05cdeaceb14acdd5091c3,243,0x9db9a11bd146e8f39dc61246c357aaa10f2f2170,146412.968654,146412.968654,0.0,1,0,1700691923
2023-11-16,0xb5e331615fdba7df49e05cdeaceb14acdd5091c3,247,0xc40ebdc95e9fae4ada1a2c5093d0599afe0256bd,43308.111421,43308.111421,0.0,1,0,1700687209
2023-11-16,0xb5e331615fdba7df49e05cdeaceb14acdd5091c3,254,0xa311ab5780aa036b71aac2b71163fd03ec0df59e,0.0,0.0,34530.356732,0,1,1700677971
2023-11-16,0xb5e331615fdba7df49e05cdeaceb14acdd5091c3,277,0x68acb2051b73c2342be78cd1a7e5ca44483d10c5,29939.767845,29939.767845,0.0,1,0,1700693861
2023-11-16,0xb5e331615fdba7df49e05cdeaceb14acdd5091c3,289,0x95b05f935655c37ada2088c5767e5006f230b068,17157.779962,17157.779962,0.0,1,0,1700693583
2023-11-16,0xb5e331615fdba7df49e05cdeaceb14acdd5091c3,290,0x9deb607b7e92096df55b02aa563e82f612fd0def,113433.629051,113433.629051,0.0,1,0,1700693975
2023-11-16,0xb5e331615fdba7df49e05cdeaceb14acdd5091c3,312,0x9ced3bdc0e6ff65c3f072b0b5527184843ed4eaf,102825.607791,102825.607791,0.0,1,0,1700691825
2023-11-16,0xb5e331615fdba7df49e05cdeaceb14acdd5091c3,341,0xb1d47d39c3bb868e5e4be068b7057d4caad0b31c,42686.399567,42686.399567,0.0,1,0,1700690955
2023-11-16,0xb5e331615fdba7df49e05cdeaceb14acdd5091c3,343,0xb1d47d39c3bb868e5e4be068b7057d4caad0b31c,43412.633823,43412.633823,0.0,1,0,1700690947
2023-11-16,0xb5e331615fdba7df49e05cdeaceb14acdd5091c3,350,0x38332d808ba345953f41c71d38ca1ef79cffa5c5,41615.71926,41615.71926,0.0,1,0,1700690555
2023-11-16,0xb5e331615fdba7df49e05cdeaceb14acdd5091c3,360,0xbd1c10d1451a084c00adb7b6052c81d0bdaa67aa,79253.946922,79253.946922,0.0,1,0,1700689997
2023-11-16,0xb5e331615fdba7df49e05cdeaceb14acdd5091c3,368,0x4388cb70d7e0ba4a9363f97ea08579364c60290e,0.0,0.0,200382.140278,0,1,1700685549
2023-11-16,0xb5e331615fdba7df49e05cdeaceb14acdd5091c3,376,0xff53e3a27b7252148e0f1daf4a00261eee59177f,36163.91335,36163.91335,7232.78267,1,1,1700690131
2023-11-16,0xb5e331615fdba7df49e05cdeaceb14acdd5091c3,389,0x879d4cf44d51661f991bb3695cc61599d33847c2,33804.472319,33804.472319,0.0,1,0,1700693619
2023-11-16,0xb5e331615fdba7df49e05cdeaceb14acdd5091c3,394,0x683028fc63477b8a702cfe7475865952d3e8ac09,69058.20125,69058.20125,0.0,1,0,1700693629
2023-11-16,0xb5e331615fdba7df49e05cdeaceb14acdd5091c3,402,0xbe95c6177367869d213520add168255160ca5bf5,65031.083202,65031.083202,0.0,1,0,1700693147
2023-11-16,0xb5e331615fdba7df49e05cdeaceb14acdd5091c3,408,0x79bd77fccfce56270c48c6bddb8ba7dac01bf875,62974.552315,62974.552315,0.0,1,0,1700691187
2023-11-16,0xb5e331615fdba7df49e05cdeaceb14acdd5091c3,411,0x089bf34290ff2767fbd1cda881566c76415a9c00,90290.641065,90290.641065,0.0,1,0,1700686223
2023-11-16,0xb5e331615fdba7df49e05cdeaceb14acdd5091c3,426,0x0e39b12dc1f8a69202838f540684fb5ac307c9c1,58856.298745,58856.298745,0.0,1,0,1700691597
2023-11-16,0xb5e331615fdba7df49e05cdeaceb14acdd5091c3,444,0x610d49f8a264db3b41a793173ba5b8aca70444c2,53385.100034,53385.100034,0.0,1,0,1700687131
2023-11-16,0xb5e331615fdba7df49e05cdeaceb14acdd5091c3,448,0xfad576ebc93a47031ba895064405f8a04b6e96fc,54280.564802,54280.564802,0.0,1,0,1700693587
2023-11-16,0xb5e331615fdba7df49e05cdeaceb14acdd5091c3,471,0x03a1a0ee0e2a14bd069c8691a4adeabfa6a4d709,36071.860631,36071.860631,0.0,1,0,1700693055
2023-11-16,0xb5e331615fdba7df49e05cdeaceb14acdd5091c3,493,0x15bbcf76110505d3be5a9eb10c63f57f66d20c40,46754.840604,46754.840604,0.0,1,0,1700687543
2023-11-16,0xb5e331615fdba7df49e05cdeaceb14acdd5091c3,497,0xc5be928c3d096969842a3524a3bfcff051d7d68e,44642.282498,44642.282498,0.0,1,0,1700689003
2023-11-16,0xb5e331615fdba7df49e05cdeaceb14acdd5091c3,520,0xfba381fb57d1f1efdc12661e5be59425e545e649,60741.686326,60741.686326,0.0,1,0,1700689071
2023-11-16,0xb5e331615fdba7df49e05cdeaceb14acdd5091c3,523,0xde93a283495fa2834047b53871a8e4e09f96d841,11251.31502,11251.31502,0.0,1,0,1700687221
2023-11-16,0xb5e331615fdba7df49e05cdeaceb14acdd5091c3,527,0x80d2214479e1cf9d79ea6690c4fff58fc56f866c,41245.724802,41245.724802,0.0,1,0,1700687403
2023-11-16,0xb5e331615fdba7df49e05cdeaceb14acdd5091c3,554,0x8b3f14f0582fbf275be87d265c931b4dfd5f13b7,39272.432519,39272.432519,0.0,1,0,1700693967
2023-11-16,0xb5e331615fdba7df49e05cdeaceb14acdd5091c3,570,0x4beb7e81fbc20476b23a324ed035e538618407da,42381.463312,42381.463312,0.0,1,0,1700688443
2023-11-16,0xb5e331615fdba7df49e05cdeaceb14acdd5091c3,579,0x71535aae1b6c0c51db317b54d5eee72d1ab843c1,37094.466456,37094.466456,0.0,1,0,1700693875
2023-11-16,0xb5e331615fdba7df49e05cdeaceb14acdd5091c3,589,0x5d4d3fae4d0282fd8a558b5f42ba700974cbfd1a,237291.49162,237291.49162,0.0,1,0,1700691181
2023-11-16,0xb5e331615fdba7df49e05cdeaceb14acdd5091c3,605,0x748e56db8a0b50ab45e5ee166d768b0f068a17d9,35737.266708,35737.266708,0.0,1,0,1700691341
2023-11-16,0xb5e331615fdba7df49e05cdeaceb14acdd5091c3,637,0xb83f754eb815e2100f4ba99aa61c299152b07145,0.0,22372.159887,39744.312594,1,2,1700692527
2023-11-16,0xb5e331615fdba7df49e05cdeaceb14acdd5091c3,658,0x7f64219e48e349295a580bca164434ea5d1e8433,35314.64879,35314.64879,0.0,1,0,1700693909
2023-11-16,0xb5e331615fdba7df49e05cdeaceb14acdd5091c3,718,0xe12dbb4320caa9035c5d104620aa7a0debcbd554,13083.832931,13083.832931,0.0,1,0,1700690895
2023-11-16,0xb5e331615fdba7df49e05cdeaceb14acdd5091c3,724,0xa4e057e58a11de90f6e63dc9b6c51025bd2c9646,23536.839286,23536.839286,0.0,1,0,1700686989
2023-11-16,0xb5e331615fdba7df49e05cdeaceb14acdd5091c3,743,0x55f007605d7f78ba48beae6034ec46a2bbe98d3d,24921.98377,24921.98377,0.0,1,0,1700686357
2023-11-16,0xb5e331615fdba7df49e05cdeaceb14acdd5091c3,751,0x8e72a24221517e51502f20f387415a06b27a5b51,24546.807775,24546.807775,0.0,1,0,1700689425
2023-11-16,0xb5e331615fdba7df49e05cdeaceb14acdd5091c3,758,0x8ccfcfa7e6133e0875192974d0d857fb7a28375e,6559.013645,6559.013645,0.0,1,0,1700687079
2023-11-16,0xb5e331615fdba7df49e05cdeaceb14acdd5091c3,770,0x94df62c754cec7c0f90262bd4b292423282888ee,23499.864829,23499.864829,0.0,1,0,1700692267
2023-11-16,0xb5e331615fdba7df49e05cdeaceb14acdd5091c3,778,0x01f12fb1d38156fc6d1c9a7d813bde4b52d38e47,23073.035762,23073.035762,0.0,1,0,1700687261
2023-11-16,0xb5e331615fdba7df49e05cdeaceb14acdd5091c3,789,0x0e156bf3a5326322f7fee3d336fcf63d00641c6e,22431.50672,22431.50672,0.0,1,0,1700691691
2023-11-16,0xb5e331615fdba7df49e05cdeaceb14acdd5091c3,801,0x2c9c3050b242df683c5db26a0c5874c938e06b8f,21890.890734,21890.890734,0.0,1,0,1700689747
2023-11-16,0xb5e331615fdba7df49e05cdeaceb14acdd5091c3,803,0x4c7eabe657187d2c8c5f7e2bb453478f72fd00c9,21969.843066,21969.843066,0.0,1,0,1700689995
2023-11-16,0xb5e331615fdba7df49e05cdeaceb14acdd5091c3,813,0x1bc3e2c44e0b2dabb1b06a1890273571825d3e03,29041.219876,29041.219876,0.0,1,0,1700692743
2023-11-16,0xb5e331615fdba7df49e05cdeaceb14acdd5091c3,816,0xe96f4e42719542b3f9556eef6ada7b819f0ac793,22717.318099,22717.318099,0.0,1,0,1700692935
2023-11-16,0xb5e331615fdba7df49e05cdeaceb14acdd5091c3,823,0xfc101ee05afe9843c37fb7fdd5a64b9dc47411b6,12988.965479,12988.965479,0.0,1,0,1700688121
2023-11-16,0xb5e331615fdba7df49e05cdeaceb14acdd5091c3,827,0xe2952771c80d9b9c77a32e47d985bb3ff4e5a93d,13588.184955,13588.184955,0.0,1,0,1700687367
2023-11-16,0xb5e331615fdba7df49e05cdeaceb14acdd5091c3,830,0x25953e9d83dfb9e339dad7280b629d693cababf2,20539.378568,20539.378568,0.0,1,0,1700693863
2023-11-16,0xb5e331615fdba7df49e05cdeaceb14acdd5091c3,842,0x58bcf1ac25551dd4eb790f2ef68c1857dcd67d9b,10288.693458,10288.693458,0.0,1,0,1700692327
2023-11-16,0xb5e331615fdba7df49e05cdeaceb14acdd5091c3,858,0x9d068c281afa4f518e2393702adff6b4f22c1156,0.0,0.0,24593.11644,0,1,1700667165
2023-11-16,0xb5e331615fdba7df49e05cdeaceb14acdd5091c3,879,0x34ff77a853a14579d2120ac08c5e342cee08ad71,4632.150585,4632.150585,0.0,1,0,1700693637
2023-11-16,0xb5e331615fdba7df49e05cdeaceb14acdd5091c3,892,0x829a2eab39abb84c1e0aa621736a14443b5c5075,38771.436443,38771.436443,0.0,1,0,1700689317
2023-11-16,0xb5e331615fdba7df49e05cdeaceb14acdd5091c3,896,0x2c8dbcebdc218f0f4e39c868a01c6c9a857aa5bb,19927.47365,19927.47365,0.0,1,0,1700686013
2023-11-16,0xb5e331615fdba7df49e05cdeaceb14acdd5091c3,907,0xac9161439fa30e646dead6a11e23371f97eab067,17427.524982,17427.524982,0.0,1,0,1700693863
2023-11-16,0xb5e331615fdba7df49e05cdeaceb14acdd5091c3,913,0xe1dbf93df16ecf805fb053d53b7a6e3214c4a09d,17250.198647,17250.198647,0.0,1,0,1700693277
2023-11-16,0xb5e331615fdba7df49e05cdeaceb14acdd5091c3,919,0x9ae07f4f2a9498ea935f6871725cf596820e7e7f,17119.584692,17119.584692,0.0,1,0,1700693163
2023-11-16,0xb5e331615fdba7df49e05cdeaceb14acdd5091c3,921,0xa2f07232275cdf8463a5115723c9d73085a2fc17,11790.10314,11790.10314,0.0,1,0,1700687795
2023-11-16,0xb5e331615fdba7df49e05cdeaceb14acdd5091c3,945,0xa66daaf3e6736cce993b56eced596512a7911df8,23965.332998,23965.332998,0.0,1,0,1700689847
2023-11-16,0xb5e331615fdba7df49e05cdeaceb14acdd5091c3,963,0x48c84fb52dd6fd66cf4c150224b1d41b5f0729c4,16012.172234,16012.172234,0.0,1,0,1700690317
2023-11-16,0xb5e331615fdba7df49e05cdeaceb14acdd5091c3,1035,0xfa53f48b0bfdc115f8eda45868d8e6a7a1c1f267,19421.233913,19421.233913,0.0,1,0,1700690247
2023-11-16,0xb5e331615fdba7df49e05cdeaceb14acdd5091c3,1062,0x4ffaa20f217d5117b57fd6ff0e70e069029f5553,19136.200575,19136.200575,0.0,1,0,1700687125
2023-11-16,0xb5e331615fdba7df49e05cdeaceb14acdd5091c3,1086,0x14da174fab1356466af2dd0ecdf94204e828a732,13021.430455,13021.430455,0.0,1,0,1700693183
2023-11-16,0xb5e331615fdba7df49e05cdeaceb14acdd5091c3,1093,0x234ef83bd3859c04c93eaafd0ecf6dfefe2d5a4b,12839.831164,12839.831164,0.0,1,0,1700690675
2023-11-16,0xb5e331615fdba7df49e05cdeaceb14acdd5091c3,1118,0xa66375ade8c5ec7bc41c8f0c19cf927d7f3192e6,12547.726918,12547.726918,0.0,1,0,1700686065
2023-11-16,0xb5e331615fdba7df49e05cdeaceb14acdd5091c3,1127,0x1980316479f2b01203b2cbf7e5eac1adc8f82bbe,12350.356162,12350.356162,0.0,1,0,1700691171
2023-11-16,0xb5e331615fdba7df49e05cdeaceb14acdd5091c3,1154,0xe43fa6cbb7dda0bd863593c5e75fae9b4dcd5cd4,11897.896958,11897.896958,0.0,1,0,1700688707
2023-11-16,0xb5e331615fdba7df49e05cdeaceb14acdd5091c3,1169,0xf9e1d1e9f22c96752356adfd377231528c7e851e,11668.123644,11668.123644,0.0,1,0,1700688043
2023-11-16,0xb5e331615fdba7df49e05cdeaceb14acdd5091c3,1218,0x86e21992a439fe4f1149969f3fbf1d80897b8766,12392.839456,12392.839456,0.0,1,0,1700693295
2023-11-16,0xb5e331615fdba7df49e05cdeaceb14acdd5091c3,1220,0x45821aaa1d5923eb66363f82b9f37e2fef758433,10590.142513,10590.142513,0.0,1,0,1700691385
2023-11-16,0xb5e331615fdba7df49e05cdeaceb14acdd5091c3,1222,0xfe22484158c747ccc0652d6f408b8a0547a59938,10591.721475,10591.721475,0.0,1,0,1700691003
2023-11-16,0xb5e331615fdba7df49e05cdeaceb14acdd5091c3,1227,0x80ca39a504f37081ba2805420d234ddc9dab9d45,10479.179745,10479.179745,0.0,1,0,1700692177
2023-11-16,0xb5e331615fdba7df49e05cdeaceb14acdd5091c3,1232,0xb5153c06e693b39d680040e7075833017ba9f10d,44417.082761,44417.082761,0.0,1,0,1700693287
2023-11-16,0xb5e331615fdba7df49e05cdeaceb14acdd5091c3,1235,0x62e1af3e818afc059d111c4f53cf0a2d9fd29110,10354.291065,10354.291065,0.0,1,0,1700690669
2023-11-16,0xb5e331615fdba7df49e05cdeaceb14acdd5091c3,1256,0x5345462544ed763639519376c298e939228dd1f4,10375.642856,10375.642856,0.0,1,0,1700686863
2023-11-16,0xb5e331615fdba7df49e05cdeaceb14acdd5091c3,1263,0x8ba6fb982cb4b6a240065376b944100bce31b9d6,9911.549153,9911.549153,0.0,1,0,1700686645
2023-11-16,0xb5e331615fdba7df49e05cdeaceb14acdd5091c3,1272,0xcb3b366ced5ab2170d2ac72a5a97c4747e9186d8,9872.98066,9872.98066,0.0,1,0,1700686797
2023-11-16,0xb5e331615fdba7df49e05cdeaceb14acdd5091c3,1289,0x5505f7442fcbad24f65265c422f8a055993815c4,9633.11044,9633.11044,0.0,1,0,1700687257
2023-11-16,0xb5e331615fdba7df49e05cdeaceb14acdd5091c3,1294,0x2cafb5b9dc0bbf8afda42b652e404bdfe998e2d9,9525.706512,9525.706512,0.0,1,0,1700688335
2023-11-16,0xb5e331615fdba7df49e05cdeaceb14acdd5091c3,1323,0xc74d294ec7ffd446e6fb6d18f2555e358af509fc,9031.284483,9031.284483,0.0,1,0,1700690611
2023-11-16,0xb5e331615fdba7df49e05cdeaceb14acdd5091c3,1341,0xb86a352cffe8629266fd0279407ecddb67e5c328,0.0,0.0,8846.008197,0,1,1700653767
2023-11-16,0xb5e331615fdba7df49e05cdeaceb14acdd5091c3,1346,0x103a1f94bc38313af8724777da71201e40adef5a,8766.314216,8766.314216,0.0,1,0,1700692463
2023-11-16,0xb5e331615fdba7df49e05cdeaceb14acdd5091c3,1363,0x43d16ccd581e1d6a8d51768f75ddf09b79f4f856,2159.26852,2159.26852,0.0,1,0,1700691595
2023-11-16,0xb5e331615fdba7df49e05cdeaceb14acdd5091c3,1375,0xca3459c85009d657393717d7e0072a42f0c69733,8463.606757,8463.606757,0.0,1,0,1700690215
2023-11-16,0xb5e331615fdba7df49e05cdeaceb14acdd5091c3,1403,0x4a3592a24a88249f14adaac604eb2e79ffe948ca,6227.646518,6227.646518,0.0,1,0,1700688397
2023-11-16,0xb5e331615fdba7df49e05cdeaceb14acdd5091c3,1434,0x7f55b20cb25b9e4351664289d3c718da83371663,7876.737516,7876.737516,0.0,1,0,1700689699
2023-11-16,0xb5e331615fdba7df49e05cdeaceb14acdd5091c3,1492,0x864de5bbaf4b8c808e94a8385b95b0855d170137,7394.575801,7394.575801,0.0,1,0,1700689663
2023-11-16,0xb5e331615fdba7df49e05cdeaceb14acdd5091c3,1504,0xbd5f593c86319523e6e8afe60dedbefaedbdb8c9,7276.879897,7276.879897,0.0,1,0,1700686315
2023-11-16,0xb5e331615fdba7df49e05cdeaceb14acdd5091c3,1533,0x0ea983f21f58f0e1a29ed653bcfc8afac4fec2a4,11410.248777,11410.248777,0.0,1,0,1700688969
2023-11-16,0xb5e331615fdba7df49e05cdeaceb14acdd5091c3,1567,0xb0fae6175f7e8719885fe0d02c473977c30446fa,6785.761264,6785.761264,0.0,1,0,1700686777
2023-11-16,0xb5e331615fdba7df49e05cdeaceb14acdd5091c3,1589,0x814b453a15806ca1b7eab9de64658f062463ae4b,6614.98454,6614.98454,6614.98454,1,1,1700692485
2023-11-16,0xb5e331615fdba7df49e05cdeaceb14acdd5091c3,1594,0xd3a64f0615e521684d439b061a50860c6689f1cb,6581.750988,6581.750988,0.0,1,0,1700688269
2023-11-16,0xb5e331615fdba7df49e05cdeaceb14acdd5091c3,1626,0xddd7148286c3df9fa0d5499d55f341179795aeb0,6361.959204,6361.959204,0.0,1,0,1700686543
2023-11-16,0xb5e331615fdba7df49e05cdeaceb14acdd5091c3,1662,0x5f05ed08e67cbd71e5f4819146c5409f405baee7,6161.609588,6161.609588,0.0,1,0,1700687367
2023-11-16,0xb5e331615fdba7df49e05cdeaceb14acdd5091c3,1731,0x17e06f16ce70607f2faca2dfc7eed07ab5f0ad26,5630.907937,5630.907937,0.0,1,0,1700686387
2023-11-16,0xb5e331615fdba7df49e05cdeaceb14acdd5091c3,1766,0xd9105bfe2f1448acad670d102263389f7e2a8e0b,2669.485142,2669.485142,0.0,1,0,1700691295
2023-11-16,0xb5e331615fdba7df49e05cdeaceb14acdd5091c3,1782,0x8f824380bdf496f539d8306500f87a2cba38f828,5217.649746,5217.649746,0.0,1,0,1700688237
2023-11-16,0xb5e331615fdba7df49e05cdeaceb14acdd5091c3,1819,0x90b50ee9aeb83001fbeaf61541fc666341f36400,5052.535988,5052.535988,0.0,1,0,1700688177
2023-11-16,0xb5e331615fdba7df49e05cdeaceb14acdd5091c3,1823,0xbce49959edb00ebc509e6a9e11dce059582e7756,4956.702687,4956.702687,0.0,1,0,1700691533
2023-11-16,0xb5e331615fdba7df49e05cdeaceb14acdd5091c3,1832,0x8c580556fdb1f57853e49f409ae9b89f7658e7a2,5313.754189,5313.754189,0.0,1,0,1700691255
2023-11-16,0xb5e331615fdba7df49e05cdeaceb14acdd5091c3,1897,0x08b2f2bf6daddcd68c7c842e4c3a376c1fc69527,4594.349883,4594.349883,0.0,1,0,1700687909
2023-11-16,0xb5e331615fdba7df49e05cdeaceb14acdd5091c3,1899,0xf6b9cb280ae3c5dd5ec22d7a1a2a7f5f0a1ae879,8138.788533,8138.788533,0.0,1,0,1700692171
2023-11-16,0xb5e331615fdba7df49e05cdeaceb14acdd5091c3,1942,0xbc8819c1821bc52b5d30d2dd52f0cb6110510005,4425.729105,4425.729105,0.0,1,0,1700690357
2023-11-16,0xb5e331615fdba7df49e05cdeaceb14acdd5091c3,1959,0x6d1e0084a6910a8803ab7c22483a1a2db3f1001a,4379.848576,4379.848576,0.0,1,0,1700689045
2023-11-16,0xb5e331615fdba7df49e05cdeaceb14acdd5091c3,1960,0x0de4348c28c4e9ef19d5faf4024ef6653c326ec8,4359.633713,4359.633713,0.0,1,0,1700691305
2023-11-16,0xb5e331615fdba7df49e05cdeaceb14acdd5091c3,1977,0x4cc56a1fa96fc2cffc869affbb33b2d1a3196b93,2571.056565,2571.056565,0.0,1,0,1700690475
2023-11-16,0xb5e331615fdba7df49e05cdeaceb14acdd5091c3,2039,0x6b8b01df86bfaaf79dda038009fc5597425ad0cf,4169.331413,4169.331413,0.0,1,0,1700693183
2023-11-16,0xb5e331615fdba7df49e05cdeaceb14acdd5091c3,2106,0x64931189b070fc7c8c80839c8a2d9a10b83082ab,3998.980805,3998.980805,0.0,1,0,1700692585
2023-11-16,0xb5e331615fdba7df49e05cdeaceb14acdd5091c3,2152,0x037b21279931e628b11b4507b9f7870b15de1c17,3900.203769,3900.203769,0.0,1,0,1700692925
2023-11-16,0xb5e331615fdba7df49e05cdeaceb14acdd5091c3,2266,0xb00f8b601558243c9abcddabd54ea17f70471b8e,2009.472833,2009.472833,0.0,1,0,1700689711
2023-11-16,0xb5e331615fdba7df49e05cdeaceb14acdd5091c3,2314,0x32a59b87352e980dd6ab1baf462696d28e63525d,3523.488425,3523.488425,0.0,1,0,1700687585
2023-11-16,0xb5e331615fdba7df49e05cdeaceb14acdd5091c3,2413,0xbc1d315ba25501b20cfc475a86087145b7f48374,3374.52701,3374.52701,0.0,1,0,1700691597
2023-11-16,0xb5e331615fdba7df49e05cdeaceb14acdd5091c3,2421,0x9a2a659980a8fd84790b456696000c8eba9bc578,3351.350501,3351.350501,0.0,1,0,1700690477
2023-11-16,0xb5e331615fdba7df49e05cdeaceb14acdd5091c3,2443,0x6c478ceb0c323eacbbac0bc3aca176d1c7c7e9a4,3315.064814,3315.064814,0.0,1,0,1700692851
2023-11-16,0xb5e331615fdba7df49e05cdeaceb14acdd5091c3,2472,0xe74b3696c6d93716ce01472125be3b9c74aa378b,3270.62186,3270.62186,0.0,1,0,1700691581
2023-11-16,0xb5e331615fdba7df49e05cdeaceb14acdd5091c3,2496,0x6a90b0f458c45a6ccb805455fe1d3a69c93a18ec,3238.46639,3238.46639,0.0,1,0,1700686657
2023-11-16,0xb5e331615fdba7df49e05cdeaceb14acdd5091c3,2543,0xea7799bb4139bc81fb001bd009bba7989fa0dad3,3182.207298,3182.207298,0.0,1,0,1700690899
2023-11-16,0xb5e331615fdba7df49e05cdeaceb14acdd5091c3,2571,0xfc7c1d00b2ec6d3653e9de72590684456846c53d,1650.874503,1650.874503,0.0,1,0,1700692727
2023-11-16,0xb5e331615fdba7df49e05cdeaceb14acdd5091c3,2623,0xd12d05ba5bf8983e8c41071a32422c3c2d309669,3061.5079,3061.5079,0.0,1,0,1700690307
2023-11-16,0xb5e331615fdba7df49e05cdeaceb14acdd5091c3,2630,0x62e1af3e818afc059d111c4f53cf0a2d9fd29110,3057.133398,3057.133398,0.0,1,0,1700690699
2023-11-16,0xb5e331615fdba7df49e05cdeaceb14acdd5091c3,2831,0x23d3c0d5e8226f18bf58bb3c68b149b3d7385936,2387.480569,2387.480569,0.0,1,0,1700691879
2023-11-16,0xb5e331615fdba7df49e05cdeaceb14acdd5091c3,2882,0x5e9b1a78a998c5370946bc779c285c8396847cbd,2222.652857,2222.652857,0.0,1,0,1700690437
2023-11-16,0xb5e331615fdba7df49e05cdeaceb14acdd5091c3,2902,0xf84368dcc03dbd47a6567b7267f573c28b2f07fa,1164.489515,1164.489515,0.0,1,0,1700690287
2023-11-16,0xb5e331615fdba7df49e05cdeaceb14acdd5091c3,3007,0x6a4d00bc2a921e9bf5397cecba78c6802be3702f,1934.483577,1934.483577,0.0,1,0,1700691119
2023-11-16,0xb5e331615fdba7df49e05cdeaceb14acdd5091c3,3040,0x8b05f073dc61b5f89f2b0ab09fe1c6f987a016a2,1772.710172,1772.710172,0.0,1,0,1700693425
2023-11-16,0xb5e331615fdba7df49e05cdeaceb14acdd5091c3,3096,0x8ee25bb8d6777c21ceffdea20583856c620dcae1,1811.12502,1811.12502,0.0,1,0,1700691805
2023-11-16,0xb5e331615fdba7df49e05cdeaceb14acdd5091c3,3154,0x9d32f1e7c5ff707e92b4b30937a1e5e2c2de2462,1734.543607,1734.543607,0.0,1,0,1700690807
2023-11-16,0xb5e331615fdba7df49e05cdeaceb14acdd5091c3,3223,0x5c21289b0e1a48353e7a439eb5c416b6040ddfb6,1670.328102,1670.328102,0.0,1,0,1700689931
2023-11-16,0xb5e331615fdba7df49e05cdeaceb14acdd5091c3,3362,0x7ffbeb62cf6e5e53f898ba52d66d29ca3b2851fd,49452.087984,49452.087984,0.0,1,0,1700690731
2023-11-16,0xb5e331615fdba7df49e05cdeaceb14acdd5091c3,3400,0x1e51745bdb4436563097833ba83dcc51109d9fa8,718.259064,718.259064,0.0,1,0,1700688609
2023-11-16,0xb5e331615fdba7df49e05cdeaceb14acdd5091c3,3726,0xa731c24fc9ca345f43d8614248f9adcd5ed4e281,1068.398452,1068.398452,0.0,1,0,1700688113
2023-11-16,0xb5e331615fdba7df49e05cdeaceb14acdd5091c3,3908,0xf60de76791c2f09995df52aa1c6e2e7dcf1e75d7,1540.873415,1540.873415,0.0,1,0,1700693341
2023-11-16,0xb5e331615fdba7df49e05cdeaceb14acdd5091c3,4168,0x00fc321ff1d2becb6be797f076b4d11987c0ffb9,660.149094,660.149094,0.0,1,0,1700686629
2023-11-16,0xb5e331615fdba7df49e05cdeaceb14acdd5091c3,4501,0x6ee5ba66d2ed642d0a3a92f002631fe3364e9054,519.640872,519.640872,0.0,1,0,1700687799
2023-11-16,0xb5e331615fdba7df49e05cdeaceb14acdd5091c3,5776,0x7a43537c7d9ab1f6c53746bcf1421c15563d6140,0.0,0.0,363.526074,0,1,1700664395
2023-11-16,0xb5e331615fdba7df49e05cdeaceb14acdd5091c3,6151,0x6bd46edb7ebb742dd6fa514491b80241d2d83a57,166.359745,166.359745,0.0,1,0,1700690053
2023-11-16,0xb5e331615fdba7df49e05cdeaceb14acdd5091c3,7121,0x011b0a055e02425461a1ae95b30f483c4ff05be7,48624.030041,48624.030041,24293.619624,1,1,1700693959
2023-11-16,0xb5e331615fdba7df49e05cdeaceb14acdd5091c3,7122,0x011b0a055e02425461a1ae95b30f483c4ff05be7,3842.293593,3842.293593,20476.727292,1,1,1700693983
2023-11-16,0xb5e331615fdba7df49e05cdeaceb14acdd5091c3,7857,0x4886ba5d2b3e0ae1e80172d3bddc4feb32e1ce26,0.836297,0.836297,1.921987,1,1,1700651765
2023-11-16,0xb5e331615fdba7df49e05cdeaceb14acdd5091c3,7890,0x166c794d890dd91bbe71f304eca660e1c4892cbb,139228.549827,139228.549827,0.0,1,0,1700692063
2023-11-16,0xb5e331615fdba7df49e05cdeaceb14acdd5091c3,8032,0xf265702178a66b4b7ce079fc8a1629e47cf1bcde,413535.64633,413535.64633,0.0,1,0,1700686515
2023-11-16,0xb5e331615fdba7df49e05cdeaceb14acdd5091c3,8347,0x0578fe63a40dd249b853487dae3c9eb01957628e,36113.734844,36113.734844,0.0,1,0,1700688377
2023-11-16,0xb5e331615fdba7df49e05cdeaceb14acdd5091c3,8405,0x5d6f3d0c92d0564151357b0863e55e9ed4631b8d,1394.303495,1394.303495,0.0,1,0,1700691707
2023-11-16,0xb5e331615fdba7df49e05cdeaceb14acdd5091c3,8478,0xf265702178a66b4b7ce079fc8a1629e47cf1bcde,0.0,0.0,63919.134299,0,1,1700686967
2023-11-16,0xb5e331615fdba7df49e05cdeaceb14acdd5091c3,8484,0xfd90ad81ad93d9af1008a513d964f6fbc589034d,28290.147629,28290.147629,0.0,1,0,1700691763
2023-11-16,0xb5e331615fdba7df49e05cdeaceb14acdd5091c3,8497,0x6c607fdeb11f83b3d5169014a45f45e035f9ab4a,41838.744834,41838.744834,0.0,1,0,1700691899
2023-11-16,0xb5e331615fdba7df49e05cdeaceb14acdd5091c3,9261,0xb6f28ae8f31d85dc27361852b986286113bc588d,4813.761831,4813.761831,0.0,1,0,1700693801
2023-11-16,0xb5e331615fdba7df49e05cdeaceb14acdd5091c3,9305,0x6330849fa00916341d362cbfebe06b19bf8e4162,179404.243112,179404.243112,0.0,1,0,1700691763
2023-11-16,0xb5e331615fdba7df49e05cdeaceb14acdd5091c3,9391,0xca2c43f9e2562ca7bf4508535e964cb715ca0ccf,27204.606275,27204.606275,0.0,1,0,1700693049
2023-11-16,0xb5e331615fdba7df49e05cdeaceb14acdd5091c3,9404,0x169ff4fd0e36bffa8c2c5ca740b112b42e8a171a,6712.600896,6712.600896,0.0,1,0,1700693671
2023-11-16,0xb5e331615fdba7df49e05cdeaceb14acdd5091c3,9407,0x6f1d6b86d4ad705385e751e6e88b0fdfdbadf298,1270000.717649,1270000.717649,1448139.976127,1,1,1700597209
2023-11-16,0xb5e331615fdba7df49e05cdeaceb14acdd5091c3,9518,0xcc873fb2d32aae0c4b541a8ca663dbcbcaaac4ad,3088.461707,3088.461707,0.0,1,0,1700692599
2023-11-16,0xb5e331615fdba7df49e05cdeaceb14acdd5091c3,9602,0x788d2c0813cac59770cdf36f7beb9bfc819b6475,1067666.372045,1067666.372045,0.0,1,0,1700696263
2023-11-16,0xb5e331615fdba7df49e05cdeaceb14acdd5091c3,9603,0x43e3267ce69862ffbeea59690cdb3e798f71ce7e,0.0,0.0,2179180.347118,0,1,1700681275
2023-11-16,0xb5e331615fdba7df49e05cdeaceb14acdd5091c3,9605,0x794d1ae064a5d2803cba821b7429d95cceccf1ea,5575830.292914,5575830.292914,1105388.730726,1,1,1700696243
2023-11-16,0xb5e331615fdba7df49e05cdeaceb14acdd5091c3,9630,0x9e14f3b50ee1518d32259484d7b3ab1bf5ec30c9,3581.049304,3581.049304,0.0,1,0,1700687025
2023-11-16,0xb5e331615fdba7df49e05cdeaceb14acdd5091c3,9636,0xcdd49f7b85b111b35761a725aaf9d5dbc02b4cef,39843.695895,39843.695895,0.0,1,0,1700686963
2023-11-16,0xb5e331615fdba7df49e05cdeaceb14acdd5091c3,9747,0xdab85506424396fb090d84b64ad63b770d87c028,25627.670939,25627.670939,0.0,1,0,1700689633
2023-11-16,0xb680190fb16f417647e69d6a84719ae9c7e5e20a,68,0x132e47cf2c19ec2d8dd56e1528fc7e18dc09188f,10323.634648,10323.634648,0.0,1,0,1700693779
2023-11-16,0xb680190fb16f417647e69d6a84719ae9c7e5e20a,578,0xd1ebfdaa76d8873dec4c68c91148d4befbd853a6,0.0,0.0,36979.427437,0,1,1700118657
2023-11-16,0xb680190fb16f417647e69d6a84719ae9c7e5e20a,1988,0x4f69c39fe8e37b0b4d9b439a05f89c25f2c658d3,4269.38878,4269.38878,0.0,1,0,1700421481
2023-11-16,0xb680190fb16f417647e69d6a84719ae9c7e5e20a,3073,0xb0be01cf3a5cde8a86e1a39367ea997f5dd08372,1841.147943,1841.147943,0.0,1,0,1700640121
2023-11-16,0xb680190fb16f417647e69d6a84719ae9c7e5e20a,3383,0x040ed3a364499a167f83ec6d15540bbb6f8119da,1460.210165,1460.210165,0.0,1,0,1700670249
2023-11-16,0xb680190fb16f417647e69d6a84719ae9c7e5e20a,4048,0x452e1f2a5f71ab4fa3f8323a3902a479c643a882,784.617601,784.617601,0.0,1,0,1700348099
2023-11-16,0xb680190fb16f417647e69d6a84719ae9c7e5e20a,4414,0x39afe2176de832be2a5164e5fc91e27d1355c88d,555.020478,555.020478,0.0,1,0,1700404303
2023-11-16,0xb680190fb16f417647e69d6a84719ae9c7e5e20a,4510,0x06e252cdb6bf0e724346be59ceadf6684c79793c,617.230796,617.230796,617.230796,1,1,1700664475
2023-11-16,0xb680190fb16f417647e69d6a84719ae9c7e5e20a,4672,0x6d9c2f7ff3b55abceaba347a0ca0da6ff295cedc,454.149269,454.149269,0.0,1,0,1700620303
2023-11-16,0xb680190fb16f417647e69d6a84719ae9c7e5e20a,7122,0x011b0a055e02425461a1ae95b30f483c4ff05be7,6403.822655,6403.822655,0.0,1,0,1700693983
2023-11-16,0xb905d9195019778cfbaa4e9ed90df3fc5871cd9a,24,0x208a17c5fabe5b90282e5906945ff335e39326c4,0.0,0.0,3650.549523,0,1,1700683823
2023-11-16,0xb905d9195019778cfbaa4e9ed90df3fc5871cd9a,47,0x011b0a055e02425461a1ae95b30f483c4ff05be7,0.0,0.0,195600.904551,0,1,1700693931
2023-11-16,0xb905d9195019778cfbaa4e9ed90df3fc5871cd9a,105,0x208a17c5fabe5b90282e5906945ff335e39326c4,0.0,0.0,5170.391527,0,1,1700683839
2023-11-16,0xb905d9195019778cfbaa4e9ed90df3fc5871cd9a,118,0x4ccfeb186c61217f05d8756314c600089b27a1c3,0.0,0.0,67667.206641,0,1,1700648707
2023-11-16,0xb905d9195019778cfbaa4e9ed90df3fc5871cd9a,289,0x95b05f935655c37ada2088c5767e5006f230b068,0.0,0.0,22832.093802,0,1,1700693583
2023-11-16,0xb905d9195019778cfbaa4e9ed90df3fc5871cd9a,361,0xb450aa35d3f2bc49bd24fa31439ad4aa2c6a17c2,0.0,0.0,79014.455075,0,1,1700680809
2023-11-16,0xb905d9195019778cfbaa4e9ed90df3fc5871cd9a,474,0x115d0d8822efc9607c52b04628098b48970b993b,0.0,0.0,50078.017294,0,1,1700677877
2023-11-16,0xb905d9195019778cfbaa4e9ed90df3fc5871cd9a,554,0x8b3f14f0582fbf275be87d265c931b4dfd5f13b7,0.0,0.0,39204.126672,0,1,1700693967
2023-11-16,0xb905d9195019778cfbaa4e9ed90df3fc5871cd9a,680,0x2328ecc367a913bf013533bbf9f0bf5aa8deb363,0.0,0.0,29215.746752,0,1,1700693983
2023-11-16,0xb905d9195019778cfbaa4e9ed90df3fc5871cd9a,833,0xbca143600d9718f30022b2463d597996bc410e5e,0.0,0.0,20517.041086,0,1,1700563043
2023-11-16,0xb905d9195019778cfbaa4e9ed90df3fc5871cd9a,842,0x58bcf1ac25551dd4eb790f2ef68c1857dcd67d9b,0.0,0.0,10280.908641,0,1,1700692327
2023-11-16,0xb905d9195019778cfbaa4e9ed90df3fc5871cd9a,1086,0x14da174fab1356466af2dd0ecdf94204e828a732,0.0,0.0,13021.430455,0,1,1700693183
2023-11-16,0xb905d9195019778cfbaa4e9ed90df3fc5871cd9a,1145,0x278fbf0cdf19dfec7f2a7c7d319c957b2b62fa6d,0.0,0.0,11909.508182,0,1,1700660705
2023-11-16,0xb905d9195019778cfbaa4e9ed90df3fc5871cd9a,1346,0x103a1f94bc38313af8724777da71201e40adef5a,0.0,0.0,8766.314216,0,1,1700692463
2023-11-16,0xb905d9195019778cfbaa4e9ed90df3fc5871cd9a,1359,0x04f262c14de7993ab2db4fb6d326e50236e8ff5d,0.0,0.0,14249.832149,0,1,1700619179
2023-11-16,0xb905d9195019778cfbaa4e9ed90df3fc5871cd9a,1457,0x26b5e14dbf21bfb62bff869f5f4bce8dbddbcfca,0.0,0.0,3861.428211,0,1,1700653745
2023-11-16,0xb905d9195019778cfbaa4e9ed90df3fc5871cd9a,1512,0xc2979f313dd6731efd591e983d4cc5231e49a387,0.0,0.0,7170.503001,0,1,1700523955
2023-11-16,0xb905d9195019778cfbaa4e9ed90df3fc5871cd9a,1748,0x6166e79c794750cdf8473ca5799f6d5c9ae74aac,0.0,0.0,2746.059193,0,1,1700688327
2023-11-16,0xb905d9195019778cfbaa4e9ed90df3fc5871cd9a,1945,0x116f282adca7a37e59668d80400d2e4277dac80a,0.0,0.0,10751.012834,0,1,1700661573
2023-11-16,0xb905d9195019778cfbaa4e9ed90df3fc5871cd9a,1960,0x0de4348c28c4e9ef19d5faf4024ef6653c326ec8,0.0,0.0,4359.633713,0,1,1700691305
2023-11-16,0xb905d9195019778cfbaa4e9ed90df3fc5871cd9a,3096,0x8ee25bb8d6777c21ceffdea20583856c620dcae1,0.0,0.0,1811.12502,0,1,1700691805
2023-11-16,0xb905d9195019778cfbaa4e9ed90df3fc5871cd9a,3269,0x60a299bc654ec399373fa377b482321a90220051,0.0,0.0,1619.427834,0,1,1700673265
2023-11-16,0xb905d9195019778cfbaa4e9ed90df3fc5871cd9a,3396,0x998b284af974df8a7a9aa395dea78e61a36646aa,0.0,0.0,1739.104084,0,1,1700693169
2023-11-16,0xb905d9195019778cfbaa4e9ed90df3fc5871cd9a,3876,0x7d59226c6c2aa0b820d47c521dbd781ee8f6349b,0.0,0.0,231.64525,0,1,1700682937
2023-11-16,0xb905d9195019778cfbaa4e9ed90df3fc5871cd9a,4098,0x3db61d37ee38e2aa668fcbb3ba7b99262040ded3,0.0,0.0,1263.504697,0,1,1700691723
2023-11-16,0xb905d9195019778cfbaa4e9ed90df3fc5871cd9a,5623,0x46f3cc6a1c00a5cd8864d2b92f128196cae07d15,0.0,0.0,36.941527,0,1,1700158783
2023-11-16,0xb905d9195019778cfbaa4e9ed90df3fc5871cd9a,5680,0x43dc42a73f9459750d52e41371bfaa6e09eec670,0.0,0.0,366.41739,0,1,1700255653
2023-11-16,0xb905d9195019778cfbaa4e9ed90df3fc5871cd9a,6102,0x4ef2c738db963dbdc91bb18542da1cc44e8bc29c,0.0,0.0,354.242925,0,1,1700271103
2023-11-16,0xb905d9195019778cfbaa4e9ed90df3fc5871cd9a,6136,0xc89989842a112b89755deeec9761d878585deb41,0.0,0.0,353.425496,0,1,1700321697
2023-11-16,0xb905d9195019778cfbaa4e9ed90df3fc5871cd9a,7121,0x011b0a055e02425461a1ae95b30f483c4ff05be7,0.0,0.0,6941.034178,0,1,1700693959
2023-11-16,0xb905d9195019778cfbaa4e9ed90df3fc5871cd9a,7122,0x011b0a055e02425461a1ae95b30f483c4ff05be7,0.0,0.0,1279.795456,0,1,1700693983
2023-11-16,0xb905d9195019778cfbaa4e9ed90df3fc5871cd9a,8047,0x4ee67d558e065c6655f6a871a881e4717d97d1bd,0.0,0.0,5773.281298,0,1,1700693131
2023-11-16,0xb905d9195019778cfbaa4e9ed90df3fc5871cd9a,8380,0x3b1c9d24c46df6ab9775d6bbb478987caa6018a3,0.0,0.0,34785.218633,0,1,1700683051
2023-11-16,0xb905d9195019778cfbaa4e9ed90df3fc5871cd9a,8387,0x44c630a1fcc2817e048cc1101050a18f919cd099,0.0,0.0,41990.796531,0,1,1700676437
2023-11-16,0xb905d9195019778cfbaa4e9ed90df3fc5871cd9a,8389,0x4ccfeb186c61217f05d8756314c600089b27a1c3,0.0,0.0,4914.658453,0,1,1700648673
2023-11-16,0xb905d9195019778cfbaa4e9ed90df3fc5871cd9a,8403,0x166c794d890dd91bbe71f304eca660e1c4892cbb,0.0,0.0,50621.144124,0,1,1700692045
2023-11-16,0xb905d9195019778cfbaa4e9ed90df3fc5871cd9a,8478,0xf265702178a66b4b7ce079fc8a1629e47cf1bcde,0.0,0.0,159797.835748,0,1,1700686967
2023-11-16,0xb905d9195019778cfbaa4e9ed90df3fc5871cd9a,8484,0xfd90ad81ad93d9af1008a513d964f6fbc589034d,0.0,22632.118104,42779.15685,1,2,1700691763
2023-11-16,0xb905d9195019778cfbaa4e9ed90df3fc5871cd9a,9045,0xf7c0d5e897666ce6590a749ff1bd9edaf7eab2a5,0.0,0.0,4.548267,0,1,1700157831
2023-11-16,0xb905d9195019778cfbaa4e9ed90df3fc5871cd9a,9501,0x494623b30f5f6633c43bb7b9f80728ea2f104549,0.0,0.0,20.96196,0,1,1700671207
2023-11-16,0xbbf71aad6e1f8d180d3b1d898528654c1d18b2ff,6,0x28aa4f9ffe21365473b64c161b566c3cdead0108,3809355.058209,3809355.058209,2537648.503387,1,1,1700541665
2023-11-16,0xbbf71aad6e1f8d180d3b1d898528654c1d18b2ff,9,0x08e18394086cb624b3d47430d115fafa01f4055e,799811.301976,799811.301976,0.0,1,0,1700570441
2023-11-16,0xbbf71aad6e1f8d180d3b1d898528654c1d18b2ff,24,0x208a17c5fabe5b90282e5906945ff335e39326c4,9153.262969,9153.262969,18252.747617,1,1,1700683823
2023-11-16,0xbbf71aad6e1f8d180d3b1d898528654c1d18b2ff,47,0x011b0a055e02425461a1ae95b30f483c4ff05be7,0.0,0.0,260801.206068,0,1,1700693931
2023-11-16,0xbbf71aad6e1f8d180d3b1d898528654c1d18b2ff,52,0x28878aec6b4209d90a40890183e3322f0ae5b2e2,270222.310229,270222.310229,0.0,1,0,1700683257
2023-11-16,0xbbf71aad6e1f8d180d3b1d898528654c1d18b2ff,99,0xa48cd684ded1eee3de13e052bbdcfed59558a1ca,565081.639567,565081.639567,0.0,1,0,1700580977
2023-11-16,0xbbf71aad6e1f8d180d3b1d898528654c1d18b2ff,105,0x208a17c5fabe5b90282e5906945ff335e39326c4,25928.125611,25928.125611,36192.740687,1,1,1700683839
2023-11-16,0xbbf71aad6e1f8d180d3b1d898528654c1d18b2ff,112,0x5c965d2f24e8fc49146575b039fbda4033d3cf94,0.0,0.0,1036742.097531,0,1,1700673199
2023-11-16,0xbbf71aad6e1f8d180d3b1d898528654c1d18b2ff,128,0x193578944fb0a0d31508f889528e9c345d90961b,0.0,0.0,82412.032676,0,1,1700641841
2023-11-16,0xbbf71aad6e1f8d180d3b1d898528654c1d18b2ff,137,0xa4b6eeeb7eba0fc360a7402f2ebe90c178115e91,0.0,69412.216649,128799.841727,1,2,1700692611
2023-11-16,0xbbf71aad6e1f8d180d3b1d898528654c1d18b2ff,163,0x7ed7888f3bf70ed07f94fd7381d39476928331f7,275595.360228,275595.360228,275595.360228,1,1,1700684967
2023-11-16,0xbbf71aad6e1f8d180d3b1d898528654c1d18b2ff,181,0xa46d9574912af2494d3f26257608243de7fe8285,0.0,0.0,226068.327766,0,1,1700666303
2023-11-16,0xbbf71aad6e1f8d180d3b1d898528654c1d18b2ff,185,0x5952bab55191f8a815ccd8ba4945f7a09ef5def7,0.0,0.0,1400067.549694,0,1,1700668591
2023-11-16,0xbbf71aad6e1f8d180d3b1d898528654c1d18b2ff,195,0x302757fe1990e6558e03d05036bb88c3129a22c8,0.0,0.0,61716.368464,0,1,1700643743
2023-11-16,0xbbf71aad6e1f8d180d3b1d898528654c1d18b2ff,200,0x84740d1658462441250885423588b6fd12314747,0.0,0.0,194578.827877,0,1,1700656171
2023-11-16,0xbbf71aad6e1f8d180d3b1d898528654c1d18b2ff,289,0x95b05f935655c37ada2088c5767e5006f230b068,11438.519975,11438.519975,11416.046901,1,1,1700693583
2023-11-16,0xbbf71aad6e1f8d180d3b1d898528654c1d18b2ff,321,0xcb6586874cc04b01cc4fdb777de502cea7b3d6c1,30055.201186,30055.201186,0.0,1,0,1700693089
2023-11-16,0xbbf71aad6e1f8d180d3b1d898528654c1d18b2ff,398,0x48c7e0db3dad3fe4eb0513b86fe5c38ebb4e0f91,13134.314585,13134.314585,0.0,1,0,1700674447
2023-11-16,0xbbf71aad6e1f8d180d3b1d898528654c1d18b2ff,438,0xe87c09608c6306cb72977ddf65bcbc8200cc9a96,39031.326221,39031.326221,22303.614984,1,1,1700685693
2023-11-16,0xbbf71aad6e1f8d180d3b1d898528654c1d18b2ff,452,0x21484a41b00c014c4ad5c92bbb7661fd7c1c9a2b,0.0,0.0,51913.235296,0,1,1700658785
2023-11-16,0xbbf71aad6e1f8d180d3b1d898528654c1d18b2ff,504,0xcfba6d63ec822425775d3c509e60ff689c1ae1e7,4659.032332,4659.032332,4617.794222,1,1,1700693037
2023-11-16,0xbbf71aad6e1f8d180d3b1d898528654c1d18b2ff,508,0x63b461a9577cdaea028f25d059868d9abe6eddbf,0.0,0.0,43014.871715,0,1,1700654921
2023-11-16,0xbbf71aad6e1f8d180d3b1d898528654c1d18b2ff,545,0x9770e942e19aeb9fc935980ceb5ec81c10b1d030,19988.533732,19988.533732,0.0,1,0,1700671179
2023-11-16,0xbbf71aad6e1f8d180d3b1d898528654c1d18b2ff,570,0x4beb7e81fbc20476b23a324ed035e538618407da,0.0,0.0,42298.163969,0,1,1700688443
2023-11-16,0xbbf71aad6e1f8d180d3b1d898528654c1d18b2ff,618,0x622f88102bf8d68e65faf109f66e0781b46bbed3,0.0,0.0,37154.729027,0,1,1700658649
2023-11-16,0xbbf71aad6e1f8d180d3b1d898528654c1d18b2ff,621,0x6b73f2b5ddf22a3e190893bbd83e2f0a882a7dac,0.0,0.0,34634.240542,0,1,1700656089
2023-11-16,0xbbf71aad6e1f8d180d3b1d898528654c1d18b2ff,655,0x3590f55eecc2eb731e6888acf5e5c87f22be85be,0.0,0.0,31255.943346,0,1,1700662771
2023-11-16,0xbbf71aad6e1f8d180d3b1d898528654c1d18b2ff,693,0xd2c83998be2306e814f2a220eb9740051dbd2104,28300.644931,28300.644931,21225.483698,1,1,1700669529
2023-11-16,0xbbf71aad6e1f8d180d3b1d898528654c1d18b2ff,776,0xc923dd451dfb1fc6a4608982c6c077414da06a4d,6210.242439,6210.242439,0.0,1,0,1700551463
2023-11-16,0xbbf71aad6e1f8d180d3b1d898528654c1d18b2ff,885,0xb39d022edf05c31e1981f4f4d8137dda9c57cfae,0.0,0.0,27831.950448,0,1,1700512009
2023-11-16,0xbbf71aad6e1f8d180d3b1d898528654c1d18b2ff,896,0x2c8dbcebdc218f0f4e39c868a01c6c9a857aa5bb,0.0,0.0,19879.803275,0,1,1700686013
2023-11-16,0xbbf71aad6e1f8d180d3b1d898528654c1d18b2ff,904,0x544845005e42fe00a3c0e9735eeec25aa068b428,0.0,0.0,17521.882474,0,1,1700680549
2023-11-16,0xbbf71aad6e1f8d180d3b1d898528654c1d18b2ff,929,0xfaeaad01421b3acfd3bdcbface76d5038f4ce665,0.0,0.0,16896.840333,0,1,1700661531
2023-11-16,0xbbf71aad6e1f8d180d3b1d898528654c1d18b2ff,1104,0xe8fef7bf385e911bcd537992c35f895b4304d49b,0.0,0.0,12774.580244,0,1,1700658189
2023-11-16,0xbbf71aad6e1f8d180d3b1d898528654c1d18b2ff,1146,0x28dd6f5a98003fc07c92d1a9e909d042963a1001,0.0,0.0,11949.191863,0,1,1700632651
2023-11-16,0xbbf71aad6e1f8d180d3b1d898528654c1d18b2ff,1185,0xc954892d9caf463e967884e379a6ee4c78d61be7,0.0,0.0,11228.523789,0,1,1700657297
2023-11-16,0xbbf71aad6e1f8d180d3b1d898528654c1d18b2ff,1193,0x1ed39934aec99f0a203af206b9ef3c81b57a76ea,0.0,0.0,11176.664559,0,1,1700656993
2023-11-16,0xbbf71aad6e1f8d180d3b1d898528654c1d18b2ff,1232,0xb5153c06e693b39d680040e7075833017ba9f10d,0.0,0.0,44417.082761,0,1,1700693287
2023-11-16,0xbbf71aad6e1f8d180d3b1d898528654c1d18b2ff,1243,0xe8b2c24038079bb624010ca7185d5cdfb716320e,0.0,0.0,96575.247855,0,1,1700659795
2023-11-16,0xbbf71aad6e1f8d180d3b1d898528654c1d18b2ff,1271,0xcfa985eafeacd824135173deb3fde50c05ac2ce1,9922.302448,9922.302448,0.0,1,0,1700564623
2023-11-16,0xbbf71aad6e1f8d180d3b1d898528654c1d18b2ff,1332,0x3ca439c192dd92c859c1c3097cca4088eb13f865,8880.997806,8880.997806,8880.997806,1,1,1700649135
2023-11-16,0xbbf71aad6e1f8d180d3b1d898528654c1d18b2ff,1469,0x8fc4faa9dd274dc801ca629234e83183031634ec,0.0,0.0,1910.01219,0,1,1700670725
2023-11-16,0xbbf71aad6e1f8d180d3b1d898528654c1d18b2ff,1473,0xb0720a40d6335df0ac90ff9e4b755217632ca78c,0.0,0.0,7624.418699,0,1,1700661197
2023-11-16,0xbbf71aad6e1f8d180d3b1d898528654c1d18b2ff,1484,0x3f9d06d42cb2b04ada2d9a8cdfbf63c5206d7deb,0.0,0.0,8253.826583,0,1,1700669317
2023-11-16,0xbbf71aad6e1f8d180d3b1d898528654c1d18b2ff,1528,0xf7ce05cb95d321c7f22aefd1defb99e54e087b15,7123.602294,7123.602294,0.0,1,0,1700679799
2023-11-16,0xbbf71aad6e1f8d180d3b1d898528654c1d18b2ff,1533,0x0ea983f21f58f0e1a29ed653bcfc8afac4fec2a4,0.0,0.0,11401.615348,0,1,1700688969
2023-11-16,0xbbf71aad6e1f8d180d3b1d898528654c1d18b2ff,1741,0xd5de81e7e5e4f740a26ebb254d6052e1d03b4787,0.0,0.0,5547.352795,0,1,1700657985
2023-11-16,0xbbf71aad6e1f8d180d3b1d898528654c1d18b2ff,1743,0x2fe5a31a678a114a297b18dec7771601fdcdec9f,0.0,0.0,6883.260469,0,1,1700647495
2023-11-16,0xbbf71aad6e1f8d180d3b1d898528654c1d18b2ff,1775,0xf22862b5c8d5a17a68536521e0c82c5387bd65af,10736.006573,10736.006573,0.0,1,0,1700681137
2023-11-16,0xbbf71aad6e1f8d180d3b1d898528654c1d18b2ff,1778,0x0a862efcbfcb4f63ee339950bd2414062107e079,0.0,0.0,5575.941186,0,1,1700683031
2023-11-16,0xbbf71aad6e1f8d180d3b1d898528654c1d18b2ff,1796,0x94003c45a74dbe132d45d15a0993caebf55aeb61,0.0,0.0,7326.112284,0,1,1700693773
2023-11-16,0xbbf71aad6e1f8d180d3b1d898528654c1d18b2ff,1815,0xc2c35b30bb2a0fc88d02fff39c4fcab37b7b44bf,5548.523305,5548.523305,5548.523305,1,1,1700666853
2023-11-16,0xbbf71aad6e1f8d180d3b1d898528654c1d18b2ff,1914,0xcaeeac120121a33c5c232619a2616e306e329cd7,0.0,0.0,8285.563369,0,1,1700652037
2023-11-16,0xbbf71aad6e1f8d180d3b1d898528654c1d18b2ff,1920,0x00c67d9d6d3d13b42a87424e145826c467cccd84,4513.198549,4513.198549,0.0,1,0,1700574745
2023-11-16,0xbbf71aad6e1f8d180d3b1d898528654c1d18b2ff,1994,0xcfccc57dddc110c806a7c005c197646210e529ac,0.0,0.0,4580.055141,0,1,1700647299
2023-11-16,0xbbf71aad6e1f8d180d3b1d898528654c1d18b2ff,2041,0xec5b22756d0191fbbb4afffdd5ae2a660538d196,0.0,0.0,9864.221404,0,1,1700658651
2023-11-16,0xbbf71aad6e1f8d180d3b1d898528654c1d18b2ff,2108,0xd52d391ebdfe9708346fa5017076d5d190493f78,0.0,0.0,4097.724898,0,1,1700633627
2023-11-16,0xbbf71aad6e1f8d180d3b1d898528654c1d18b2ff,2171,0x926934c924042370f421027abeb420b036cb71be,0.0,0.0,3845.166932,0,1,1700625351
2023-11-16,0xbbf71aad6e1f8d180d3b1d898528654c1d18b2ff,2300,0x45adff324eb1ac03a6a115dc539052232d4ba980,0.0,0.0,4025.629666,0,1,1700617517
2023-11-16,0xbbf71aad6e1f8d180d3b1d898528654c1d18b2ff,2319,0x0e80a01f8e69d535975fa34e64498651bc74247f,0.0,0.0,3650.646062,0,1,1700693713
2023-11-16,0xbbf71aad6e1f8d180d3b1d898528654c1d18b2ff,2537,0xbfd212ba98bde92e75705292a290563bf85edac0,3171.550333,3171.550333,3171.550333,1,1,1700649309
2023-11-16,0xbbf71aad6e1f8d180d3b1d898528654c1d18b2ff,2596,0x261e1f4667e750b2f3895b2c0c9a4ddadfed5835,14892.401856,29784.803713,23811.537764,2,2,1700690793
2023-11-16,0xbbf71aad6e1f8d180d3b1d898528654c1d18b2ff,2601,0x98076110c0d195b468d5776ad89004c5864ffc6d,0.0,0.0,3102.633472,0,1,1700650751
2023-11-16,0xbbf71aad6e1f8d180d3b1d898528654c1d18b2ff,2733,0x2836545d6e07e9e96a9b622a2e5f4787ec9cc2ae,0.0,0.0,4302.291122,0,1,1700693635
2023-11-16,0xbbf71aad6e1f8d180d3b1d898528654c1d18b2ff,2794,0x3d409b7cac949135657a9ee5f59ffc27e0bf5d6e,0.0,0.0,2539.34948,0,1,1700670867
2023-11-16,0xbbf71aad6e1f8d180d3b1d898528654c1d18b2ff,3037,0x74887f105a8e96c3457e5fbd5fc999f22cb7a998,0.0,0.0,2266.69649,0,1,1700632307
2023-11-16,0xbbf71aad6e1f8d180d3b1d898528654c1d18b2ff,3040,0x8b05f073dc61b5f89f2b0ab09fe1c6f987a016a2,0.0,0.0,1782.213707,0,1,1700693425
2023-11-16,0xbbf71aad6e1f8d180d3b1d898528654c1d18b2ff,3066,0x9e59edf20d62acbc689d5e72b8f72fedd7a3d282,0.0,0.0,12548.640325,0,1,1700688373
2023-11-16,0xbbf71aad6e1f8d180d3b1d898528654c1d18b2ff,3608,0x094b12a57fcf2c37e0b5898a50f372427812280f,0.0,0.0,1217.938594,0,1,1700510993
2023-11-16,0xbbf71aad6e1f8d180d3b1d898528654c1d18b2ff,3726,0xa731c24fc9ca345f43d8614248f9adcd5ed4e281,0.0,0.0,1068.398452,0,1,1700688113
2023-11-16,0xbbf71aad6e1f8d180d3b1d898528654c1d18b2ff,3751,0x6c7b8f499a3a0c310e4a1c9edb8406e764590950,0.0,0.0,2010.424168,0,1,1700660985
2023-11-16,0xbbf71aad6e1f8d180d3b1d898528654c1d18b2ff,3840,0xe8de221533f666778d6513a1da0c56e8ef89c72a,0.0,0.0,479.619467,0,1,1700621431
2023-11-16,0xbbf71aad6e1f8d180d3b1d898528654c1d18b2ff,4119,0xc2a08ff99df2dd45ca5cf5bc6636954f33294830,388.251004,388.251004,0.0,1,0,1700689393
2023-11-16,0xbbf71aad6e1f8d180d3b1d898528654c1d18b2ff,4320,0x6c0cafe6165d1a37659b6f9728de30969c35cbf2,0.0,0.0,609.671381,0,1,1700571219
2023-11-16,0xbbf71aad6e1f8d180d3b1d898528654c1d18b2ff,4804,0x8900cd1338cc3f30a159671b0402b79fcec1b9ad,213.020911,213.020911,213.020911,1,1,1700672963
2023-11-16,0xbbf71aad6e1f8d180d3b1d898528654c1d18b2ff,5273,0xac6e453b964714200f353d2b435df5bfd2393d71,0.0,0.0,382.686691,0,1,1700223301
2023-11-16,0xbbf71aad6e1f8d180d3b1d898528654c1d18b2ff,5338,0xc497a4a1655da235e69f6c32b7b8a2e59172f86d,0.0,0.0,189.597295,0,1,1700678601
2023-11-16,0xbbf71aad6e1f8d180d3b1d898528654c1d18b2ff,5605,0x2b0d2cbcc667631afca6d50dc20a6cc23d9b08e4,0.0,0.0,368.753563,0,1,1700647377
2023-11-16,0xbbf71aad6e1f8d180d3b1d898528654c1d18b2ff,5765,0x5d781a5e0d360006b28c96f383d54f6b622044ab,20257.052362,20257.052362,0.0,1,0,1700677509
2023-11-16,0xbbf71aad6e1f8d180d3b1d898528654c1d18b2ff,6005,0x2ebd5817147aca120f8a261b92e3957af93afb9b,0.0,0.0,356.38977,0,1,1700633551
2023-11-16,0xbbf71aad6e1f8d180d3b1d898528654c1d18b2ff,6277,0x6c9258895ffbe2178b3edefe09af304a1e99bf2f,0.0,0.0,350.522226,0,1,1700633443
2023-11-16,0xbbf71aad6e1f8d180d3b1d898528654c1d18b2ff,6313,0xc0de72a1b723452cacf35570db24fa13ec8bc562,87.512737,87.512737,0.0,1,0,1700251561
2023-11-16,0xbbf71aad6e1f8d180d3b1d898528654c1d18b2ff,6777,0xee6c29d19ac7f94a2d100a9a6bac8491d1c5bad8,1218.950901,1218.950901,1225.040371,1,1,1700125907
2023-11-16,0xbbf71aad6e1f8d180d3b1d898528654c1d18b2ff,7121,0x011b0a055e02425461a1ae95b30f483c4ff05be7,0.0,0.0,6941.034178,0,1,1700693959
2023-11-16,0xbbf71aad6e1f8d180d3b1d898528654c1d18b2ff,7122,0x011b0a055e02425461a1ae95b30f483c4ff05be7,0.0,0.0,1279.795456,0,1,1700693983
2023-11-16,0xbbf71aad6e1f8d180d3b1d898528654c1d18b2ff,7857,0x4886ba5d2b3e0ae1e80172d3bddc4feb32e1ce26,4.35121,4.35121,4.373527,1,1,1700651765
2023-11-16,0xbbf71aad6e1f8d180d3b1d898528654c1d18b2ff,8476,0xec5b22756d0191fbbb4afffdd5ae2a660538d196,0.0,0.0,1278.453327,0,1,1700658661
2023-11-16,0xbbf71aad6e1f8d180d3b1d898528654c1d18b2ff,8646,0xde82ba72fdd75dff334b1ceb3e57e1945f1d7561,327.324089,327.324089,0.0,1,0,1700568053
2023-11-16,0xbbf71aad6e1f8d180d3b1d898528654c1d18b2ff,8748,0x31b22fb973e179b33622455dcc702058f5d8c92f,119.074266,119.074266,0.0,1,0,1700548231
2023-11-16,0xbbf71aad6e1f8d180d3b1d898528654c1d18b2ff,8782,0xeaba90bddbbbf7ec1a6b0483320c40840401e310,2.101807,2.101807,0.0,1,0,1700555751
2023-11-16,0xbbf71aad6e1f8d180d3b1d898528654c1d18b2ff,9199,0xdab85506424396fb090d84b64ad63b770d87c028,0.0,0.0,128675.835364,0,1,1700667853
2023-11-16,0xbbf71aad6e1f8d180d3b1d898528654c1d18b2ff,9269,0x12dad3425d0ec383ebd9e86139a103ce119aa0b2,0.0,0.0,45381.250804,0,1,1700669391
2023-11-16,0xbbf71aad6e1f8d180d3b1d898528654c1d18b2ff,9602,0x788d2c0813cac59770cdf36f7beb9bfc819b6475,240465.399109,240465.399109,0.0,1,0,1700696263
2023-11-16,0xbbf71aad6e1f8d180d3b1d898528654c1d18b2ff,9603,0x43e3267ce69862ffbeea59690cdb3e798f71ce7e,7911938.079343,7911938.079343,4587748.099195,1,1,1700681275
2023-11-16,0xbbf71aad6e1f8d180d3b1d898528654c1d18b2ff,9605,0x794d1ae064a5d2803cba821b7429d95cceccf1ea,1255817.633539,1255817.633539,2361512.28837,1,1,1700696243
2023-11-16,0xbbf71aad6e1f8d180d3b1d898528654c1d18b2ff,9654,0x28831f39bb35edc44ee1c175b44308cd3bef57ee,16.463161,16.463161,0.0,1,0,1700170581
2023-11-16,0xbbf71aad6e1f8d180d3b1d898528654c1d18b2ff,9694,0x97db0e57b1c315a08cc889ed405adb100d7f137d,289.646867,289.646867,0.0,1,0,1700393735
2023-11-16,0xbbf71aad6e1f8d180d3b1d898528654c1d18b2ff,9738,0x6c6dc387b28edf1d2ccac7acc99f4238db1592ba,0.00077,0.00077,0.0,1,0,1700646371
2023-11-16,0xc3b5ac236fb5abe245310feca2526f89667d4cae,30,0x7c3ac4cd86e7838ab8ac3f3e7051d399f4d96e51,0.0,0.0,28927.293627,0,1,1700677293
2023-11-16,0xc3b5ac236fb5abe245310feca2526f89667d4cae,68,0x132e47cf2c19ec2d8dd56e1528fc7e18dc09188f,12904.543311,12904.543311,0.0,1,0,1700693779
2023-11-16,0xc3b5ac236fb5abe245310feca2526f89667d4cae,180,0x6a42c1f4dd8d9fcf3bd7bbcda396d12dda35ee9b,0.0,0.0,226226.653483,0,1,1700684917
2023-11-16,0xc3b5ac236fb5abe245310feca2526f89667d4cae,209,0xfcbb477ec276476b6029ed0467f28f5ac1712884,0.0,0.0,101987.257201,0,1,1700693883
2023-11-16,0xc3b5ac236fb5abe245310feca2526f89667d4cae,366,0xd48a206697ba7dd8641f97060b2ac74a252be092,0.0,0.0,75553.251114,0,1,1700682985
2023-11-16,0xc3b5ac236fb5abe245310feca2526f89667d4cae,879,0x34ff77a853a14579d2120ac08c5e342cee08ad71,0.0,0.0,4628.645724,0,1,1700693637
2023-11-16,0xc3b5ac236fb5abe245310feca2526f89667d4cae,971,0xe3cfbf8fb378f5c4cf780077ee5c2ffe7aaea6dc,0.0,0.0,1578.11027,0,1,1700667051
2023-11-16,0xc3b5ac236fb5abe245310feca2526f89667d4cae,1434,0x7f55b20cb25b9e4351664289d3c718da83371663,0.0,0.0,7876.737516,0,1,1700689699
2023-11-16,0xc3b5ac236fb5abe245310feca2526f89667d4cae,1876,0xfa01c614b923a3a6574719574ca4311e8a1ae08c,0.0,0.0,4710.250561,0,1,1700681991
2023-11-16,0xcdac0d6c6c59727a65f871236188350531885c43,68,0x132e47cf2c19ec2d8dd56e1528fc7e18dc09188f,6452.271655,6452.271655,0.0,1,0,1700693779
2023-11-16,0xcdac0d6c6c59727a65f871236188350531885c43,2621,0xb5eca0a315609bf3831056bfcd42db2363cb4466,0.0,0.0,3064.582678,0,1,1700683027
2023-11-16,0xcdac0d6c6c59727a65f871236188350531885c43,3580,0xcc71d2ff046b1464fa39f5d1108695d92d01767e,1184.485115,1184.485115,0.0,1,0,1700693621
2023-11-16,0xcdac0d6c6c59727a65f871236188350531885c43,4880,0x815337f5fc956fdb31468ee84aaa64f868c8aca5,412.510397,412.510397,412.510397,1,1,1700474311
2023-11-16,0xcdac0d6c6c59727a65f871236188350531885c43,5332,0x314fd5d24e1db1fd89c5b5b96025724ac51ce18c,380.002255,380.002255,380.002255,1,1,1700184457
2023-11-16,0xcdac0d6c6c59727a65f871236188350531885c43,6080,0x3c698d1e054a921dcf46bc213ca407e39ae4db8d,355.300945,355.300945,355.300945,1,1,1700183607
2023-11-16,0xd266fb3e928b2a5f631b072a79fd5b82704ba983,68,0x132e47cf2c19ec2d8dd56e1528fc7e18dc09188f,90331.803174,90331.803174,0.0,1,0,1700693779
2023-11-16,0xd266fb3e928b2a5f631b072a79fd5b82704ba983,904,0x544845005e42fe00a3c0e9735eeec25aa068b428,17535.150237,17535.150237,0.0,1,0,1700680549
2023-11-16,0xd266fb3e928b2a5f631b072a79fd5b82704ba983,912,0x49a5492fdfe5acc966dd5f41310dfdfe8daa349c,0.0,0.0,25269.784282,0,1,1700671375
2023-11-16,0xd266fb3e928b2a5f631b072a79fd5b82704ba983,1534,0xaf0b68a684e2b7961a0b6078e36f43d6e990e54b,12169.206696,12169.206696,0.0,1,0,1700685203
2023-11-16,0xd266fb3e928b2a5f631b072a79fd5b82704ba983,1603,0x17114903eb90909d3058dae24d583e5970030ffb,0.0,0.0,6497.455539,0,1,1700675733
2023-11-16,0xd266fb3e928b2a5f631b072a79fd5b82704ba983,2621,0xb5eca0a315609bf3831056bfcd42db2363cb4466,3064.582678,3064.582678,0.0,1,0,1700683027
2023-11-16,0xd266fb3e928b2a5f631b072a79fd5b82704ba983,3013,0xa7469382f287428fd4efb7d4a32ea1f821cc8560,5334.818783,5334.818783,0.0,1,0,1700682747
2023-11-16,0xd266fb3e928b2a5f631b072a79fd5b82704ba983,3383,0x040ed3a364499a167f83ec6d15540bbb6f8119da,0.0,0.0,1460.210165,0,1,1700670249
2023-11-16,0xd266fb3e928b2a5f631b072a79fd5b82704ba983,3491,0x71c1bffe933698f39b03c6c7545dfb193c4c8b86,1313.782706,1313.782706,0.0,1,0,1700691813
2023-11-16,0xd266fb3e928b2a5f631b072a79fd5b82704ba983,4758,0xccbe6dc54b1908cf97dac2e0c32249ecd3179d5f,446.523445,446.523445,446.523445,1,1,1700693269
2023-11-16,0xd266fb3e928b2a5f631b072a79fd5b82704ba983,5465,0x1e6f4bc39b916e581929fc72b5190e08b4751941,770.282903,770.282903,364.676101,1,1,1700682843
2023-11-16,0xd266fb3e928b2a5f631b072a79fd5b82704ba983,7122,0x011b0a055e02425461a1ae95b30f483c4ff05be7,19211.467965,19211.467965,0.0,1,0,1700693983
2023-11-16,0xd266fb3e928b2a5f631b072a79fd5b82704ba983,7897,0x1a221e6e5c5c6c395e6bfe0acd2a2d435667bf62,0.0,0.0,37.69106,0,1,1700658519
2023-11-16,0xd266fb3e928b2a5f631b072a79fd5b82704ba983,9604,0x70ec93ef92bde5aa7afff6546207bd378a28933c,0.0,0.0,761077.00353,0,1,1700680029
2023-11-16,0xe2d3b2f9d4baab9a0de671e95febac27e37050f2,4672,0x6d9c2f7ff3b55abceaba347a0ca0da6ff295cedc,0.0,0.0,454.149269,0,1,1700620303
2023-11-16,0xeff0891e5a1bd47a8f1e77abebfee4145974d088,1038,0x5eda2dc136986fc88d4df5696bc464f96a20268a,0.0,0.0,3484.242954,0,1,1700658145
2023-11-16,0xeff0891e5a1bd47a8f1e77abebfee4145974d088,2377,0xc8b02bd12705f1cf4ee78dae82557919c8733dc4,0.0,0.0,3432.81741,0,1,1700658485
2023-11-16,0xeff0891e5a1bd47a8f1e77abebfee4145974d088,4946,0xb6c8cabc2150083261d541a3011a658a36ca55b9,0.0,0.0,406.641037,0,1,1700657989
2023-11-16,0xeff0891e5a1bd47a8f1e77abebfee4145974d088,7809,0x7f595c0e51ad8015b39571636cb3c88ef7c5c67f,0.0,0.0,19.340347,0,1,1700670929
2023-11-16,0xeff0891e5a1bd47a8f1e77abebfee4145974d088,7822,0x1aa8ac6fd914936df700a81f21e2c34fef858190,0.0,0.0,19.340188,0,1,1700675085
2023-11-16,0xeff0891e5a1bd47a8f1e77abebfee4145974d088,7824,0x4a3c33c04dca69366ae48ea69b4476b08bb49410,0.0,0.0,19.326832,0,1,1700675231
2023-11-16,0xeff0891e5a1bd47a8f1e77abebfee4145974d088,7826,0xf1292d7254238ac0d056efb720c4ababee0ce3ad,0.0,0.0,19.325982,0,1,1700675343
2023-11-16,0xf6aec4f97623e691a9426a69baf5501509fca05d,15,0x657240bfbfe9e2087a0c09e54e029dfef42ba54f,798766.863825,798766.863825,798766.863825,1,1,1700663027
2023-11-16,0xf6aec4f97623e691a9426a69baf5501509fca05d,24,0x208a17c5fabe5b90282e5906945ff335e39326c4,9153.262969,9153.262969,0.0,1,0,1700683823
2023-11-16,0xf6aec4f97623e691a9426a69baf5501509fca05d,30,0x7c3ac4cd86e7838ab8ac3f3e7051d399f4d96e51,24106.078022,24106.078022,0.0,1,0,1700677293
2023-11-16,0xf6aec4f97623e691a9426a69baf5501509fca05d,55,0x285fed35cbea271a711681e84ffd83c68a596a75,223054.068211,223054.068211,0.0,1,0,1700683597
2023-11-16,0xf6aec4f97623e691a9426a69baf5501509fca05d,68,0x132e47cf2c19ec2d8dd56e1528fc7e18dc09188f,129045.433105,129045.433105,87290.108072,1,1,1700693779
2023-11-16,0xf6aec4f97623e691a9426a69baf5501509fca05d,77,0xeb6772188cf10aa563a1cd163f48355d1a949797,0.0,0.0,214351.058109,0,1,1700693783
2023-11-16,0xf6aec4f97623e691a9426a69baf5501509fca05d,92,0x0f9548165c4960624debb7e38b504e9fd524d6af,0.0,0.0,155090.524009,0,1,1700693689
2023-11-16,0xf6aec4f97623e691a9426a69baf5501509fca05d,105,0x208a17c5fabe5b90282e5906945ff335e39326c4,25928.125611,25928.125611,0.0,1,0,1700683839
2023-11-16,0xf6aec4f97623e691a9426a69baf5501509fca05d,110,0x05e09d942505764bca4475abf8efdbc21d1c535b,48822.833247,48822.833247,0.0,1,0,1700683789
2023-11-16,0xf6aec4f97623e691a9426a69baf5501509fca05d,138,0x53e0b897eae600b2f6855fce4a42482e9229d2c2,181718.62629,181718.62629,0.0,1,0,1700664681
2023-11-16,0xf6aec4f97623e691a9426a69baf5501509fca05d,177,0xdffd8bbf8dcaf236c4e009ff6013bfc98407b6c0,0.0,0.0,57124.789329,0,1,1700684541
2023-11-16,0xf6aec4f97623e691a9426a69baf5501509fca05d,185,0x5952bab55191f8a815ccd8ba4945f7a09ef5def7,350372.886253,350372.886253,0.0,1,0,1700668591
2023-11-16,0xf6aec4f97623e691a9426a69baf5501509fca05d,262,0x32af25467b00aae516505b3331cfec52092ea5ba,0.0,0.0,132666.6548,0,1,1700692925
2023-11-16,0xf6aec4f97623e691a9426a69baf5501509fca05d,269,0xb88d3ade7e4231c97038f6d82475a233772ffc25,126680.016214,126680.016214,0.0,1,0,1700666019
2023-11-16,0xf6aec4f97623e691a9426a69baf5501509fca05d,299,0x26553884cee0bb96f4ecea4de3ed52d88d3f2efc,0.0,0.0,54338.788018,0,1,1700693817
2023-11-16,0xf6aec4f97623e691a9426a69baf5501509fca05d,347,0xdffd8bbf8dcaf236c4e009ff6013bfc98407b6c0,0.0,0.0,42463.979924,0,1,1700684417
2023-11-16,0xf6aec4f97623e691a9426a69baf5501509fca05d,437,0xbae3b46e29e7cfd2bba8164765d592ce9802ec70,13988.066361,13988.066361,27954.964915,1,1,1700585837
2023-11-16,0xf6aec4f97623e691a9426a69baf5501509fca05d,448,0xfad576ebc93a47031ba895064405f8a04b6e96fc,0.0,0.0,54239.49406,0,1,1700693587
2023-11-16,0xf6aec4f97623e691a9426a69baf5501509fca05d,545,0x9770e942e19aeb9fc935980ceb5ec81c10b1d030,19988.533732,19988.533732,0.0,1,0,1700671179
2023-11-16,0xf6aec4f97623e691a9426a69baf5501509fca05d,596,0xdffd8bbf8dcaf236c4e009ff6013bfc98407b6c0,0.0,0.0,18187.507904,0,1,1700684491
2023-11-16,0xf6aec4f97623e691a9426a69baf5501509fca05d,597,0x1ce0c2b445c8e87ea4c40b6e721d9a39b09f6459,3606.240568,3606.240568,0.0,1,0,1700688147
2023-11-16,0xf6aec4f97623e691a9426a69baf5501509fca05d,701,0xacd97a24977afa76d74c6ed7f363f6e4366f74bb,31256.026092,31256.026092,0.0,1,0,1700678065
2023-11-16,0xf6aec4f97623e691a9426a69baf5501509fca05d,712,0xd565b4ce530a9720db5d030044acada55318c749,0.0,0.0,13445.889881,0,1,1700691981
2023-11-16,0xf6aec4f97623e691a9426a69baf5501509fca05d,827,0xe2952771c80d9b9c77a32e47d985bb3ff4e5a93d,0.0,0.0,13588.184955,0,1,1700687367
2023-11-16,0xf6aec4f97623e691a9426a69baf5501509fca05d,921,0xa2f07232275cdf8463a5115723c9d73085a2fc17,0.0,0.0,11790.10314,0,1,1700687795
2023-11-16,0xf6aec4f97623e691a9426a69baf5501509fca05d,933,0x2067d095f4cacb434e921a2cf5b89a09dbf518a4,0.0,0.0,16773.0349,0,1,1700693891
2023-11-16,0xf6aec4f97623e691a9426a69baf5501509fca05d,1098,0x6e81417b312917305d12f76fa3b6bd66ffaa75e7,0.0,0.0,6414.703272,0,1,1700693377
2023-11-16,0xf6aec4f97623e691a9426a69baf5501509fca05d,1288,0x6059895f7f20cc25c251d4d283f525f7400ce034,6579.831207,6579.831207,4332.689945,1,1,1700675825
2023-11-16,0xf6aec4f97623e691a9426a69baf5501509fca05d,1812,0xd834ec8697f4ab0ebd626c0db8e2f7414e1f082d,6246.096189,6246.096189,0.0,1,0,1700685557
2023-11-16,0xf6aec4f97623e691a9426a69baf5501509fca05d,1863,0x6547835644105f1313ffd5194f467720837b0c8c,0.0,0.0,1196.898574,0,1,1700633265
2023-11-16,0xf6aec4f97623e691a9426a69baf5501509fca05d,1918,0xbd46acf2ae90ed50f7ffef99a6d9ac7d475f57b0,4520.80891,4520.80891,4520.80891,1,1,1700689851
2023-11-16,0xf6aec4f97623e691a9426a69baf5501509fca05d,2039,0x6b8b01df86bfaaf79dda038009fc5597425ad0cf,0.0,0.0,4163.452207,0,1,1700693183
2023-11-16,0xf6aec4f97623e691a9426a69baf5501509fca05d,2080,0x868cbfd33ec93b451c510125e4d9f1ab1e42fcd2,4044.57374,4044.57374,0.0,1,0,1700667959
2023-11-16,0xf6aec4f97623e691a9426a69baf5501509fca05d,2095,0x8e2f7d5aaae5abbd5052acb74019b9b11cb74349,0.0,0.0,4020.193587,0,1,1700693803
2023-11-16,0xf6aec4f97623e691a9426a69baf5501509fca05d,2324,0xa435530d50d7d17fd9fc6e1c897dbf7c08e12d35,3522.944659,3522.944659,0.0,1,0,1700677581
2023-11-16,0xf6aec4f97623e691a9426a69baf5501509fca05d,2886,0x05cefb1b44d447627bd0f341f29401790963ca9e,0.0,0.0,2211.422385,0,1,1700691863
2023-11-16,0xf6aec4f97623e691a9426a69baf5501509fca05d,3001,0x1c46564c7476f3f846abcf73e0a885e445ca85e8,0.0,0.0,1936.043814,0,1,1700519265
2023-11-16,0xf6aec4f97623e691a9426a69baf5501509fca05d,3202,0xb07aee9bb2d03b6f65346f666154150cacdd3e51,1807.312475,1807.312475,0.0,1,0,1700666853
2023-11-16,0xf6aec4f97623e691a9426a69baf5501509fca05d,3537,0x5bcbaba9704f625bdb7eb1d8a3c305737916e6ff,1248.744527,1248.744527,1248.744527,1,1,1700332873
2023-11-16,0xf6aec4f97623e691a9426a69baf5501509fca05d,4063,0x0180bd56393851a46fab05ae627fb574dadb5049,0.0,0.0,776.008249,0,1,1700692813
2023-11-16,0xf6aec4f97623e691a9426a69baf5501509fca05d,4484,0x98e78cd936e6d7bb685d1cb3e4f3766322057183,0.0,0.0,131.032147,0,1,1700693467
2023-11-16,0xf6aec4f97623e691a9426a69baf5501509fca05d,5343,0x4335737ab8e25469ec173916b17c9389a1a5dbad,0.0,0.0,392.630129,0,1,1700380035
2023-11-16,0xf6aec4f97623e691a9426a69baf5501509fca05d,5457,0x8db7a537d8478df3c6d95ff33b4270342862957f,37.491226,37.491226,37.491226,1,1,1700151115
2023-11-16,0xf6aec4f97623e691a9426a69baf5501509fca05d,7247,0xa07d83334758af046dbcee6991e341c0e061d121,0.0,0.0,211.844174,0,1,1700590429
2023-11-16,0xf6aec4f97623e691a9426a69baf5501509fca05d,7844,0x4dccb4444a0a804b778ddac22dc21b4fd0fe1a0d,0.165483,0.165483,0.33253,1,1,1700646989
2023-11-16,0xf6aec4f97623e691a9426a69baf5501509fca05d,8409,0x657240bfbfe9e2087a0c09e54e029dfef42ba54f,162908.4921,162908.4921,162908.4921,1,1,1700663027
2023-11-16,0xf6aec4f97623e691a9426a69baf5501509fca05d,8484,0xfd90ad81ad93d9af1008a513d964f6fbc589034d,0.0,11316.059052,21389.578425,1,2,1700691763
2023-11-16,0xf6aec4f97623e691a9426a69baf5501509fca05d,8782,0xeaba90bddbbbf7ec1a6b0483320c40840401e310,1.050904,1.050904,0.0,1,0,1700555751
2023-11-16,0xf6aec4f97623e691a9426a69baf5501509fca05d,9220,0xf51e5a0a85d29aa0508894405d734bcf044dcb5b,145975.226507,145975.226507,0.0,1,0,1700665393
2023-11-16,0xf6aec4f97623e691a9426a69baf5501509fca05d,9295,0x892176d784bed3dc877a62f3ff9fc091377b2a49,0.0,0.0,2009.999511,0,1,1700131319
2023-11-16,0xf6aec4f97623e691a9426a69baf5501509fca05d,9342,0x657240bfbfe9e2087a0c09e54e029dfef42ba54f,301651.164556,301651.164556,301651.164556,1,1,1700663027
2023-11-16,0xf6aec4f97623e691a9426a69baf5501509fca05d,9602,0x788d2c0813cac59770cdf36f7beb9bfc819b6475,163516.471394,163516.471394,0.0,1,0,1700696263
2023-11-16,0xf6aec4f97623e691a9426a69baf5501509fca05d,9603,0x43e3267ce69862ffbeea59690cdb3e798f71ce7e,2981310.000912,2981310.000912,2064486.644638,1,1,1700681275
2023-11-16,0xf6aec4f97623e691a9426a69baf5501509fca05d,9605,0x794d1ae064a5d2803cba821b7429d95cceccf1ea,853955.990807,853955.990807,1055143.788421,1,1,1700696243
2023-11-16,0xf6aec4f97623e691a9426a69baf5501509fca05d,9654,0x28831f39bb35edc44ee1c175b44308cd3bef57ee,16.463161,16.463161,0.0,1,0,1700170581
2023-11-16,0xf6aec4f97623e691a9426a69baf5501509fca05d,9693,0x6f7b5ab424eae43be8f751ec7f6358e831ca3fff,1.514539,1.514539,0.0,1,0,1700389761
2023-11-16,0xf6aec4f97623e691a9426a69baf5501509fca05d,9699,0x01e3a700a1a0509ec3ee32cc12c3c5a602f1ff8c,1.349527,1.349527,0.0,1,0,1700396189
2023-11-16,0xf89042057d079debe2a65a1a899e48e0e825105f,67,0x8ce17ff2c7376e9adfe9c63c47a801097fa6c525,0.0,0.0,216490.937101,0,1,1700690971
2023-11-16,0xf89042057d079debe2a65a1a899e48e0e825105f,86,0x9ebd10b46b43351097cab2d3c03ccf440957a2a9,716521.865841,716521.865841,0.0,1,0,1700625313
2023-11-16,0xf89042057d079debe2a65a1a899e48e0e825105f,88,0x8bace3a49a375027868cdd34e84521eed1f1b01d,328546.461045,328546.461045,656595.740559,1,1,1700692951
2023-11-16,0xf89042057d079debe2a65a1a899e48e0e825105f,100,0x133d93566f9699b3af46fe150daa8a67a9563ed6,552678.158337,552678.158337,0.0,1,0,1700627377
2023-11-16,0xf89042057d079debe2a65a1a899e48e0e825105f,192,0x739f9535bcd439483a1538431f92f358a80f1801,0.0,0.0,207681.429482,0,1,1700684053
2023-11-16,0xf89042057d079debe2a65a1a899e48e0e825105f,346,0x2b26da567c2a8c220daf91be8e37a429d33aef0b,90391.759994,90391.759994,0.0,1,0,1700674645
2023-11-16,0xf89042057d079debe2a65a1a899e48e0e825105f,361,0xb450aa35d3f2bc49bd24fa31439ad4aa2c6a17c2,79014.455075,79014.455075,0.0,1,0,1700680809
2023-11-16,0xf89042057d079debe2a65a1a899e48e0e825105f,379,0xc32053db3de17c5e6845d35dbd4ebb860fe265d9,85447.239961,85447.239961,0.0,1,0,1700623623
2023-11-16,0xf89042057d079debe2a65a1a899e48e0e825105f,460,0x66fbb1cd0a879388005ea9e17c2d951c11334a9c,25127.357122,25127.357122,25127.357122,1,1,1700648693
2023-11-16,0xf89042057d079debe2a65a1a899e48e0e825105f,474,0x115d0d8822efc9607c52b04628098b48970b993b,50078.017294,50078.017294,0.0,1,0,1700677877
2023-11-16,0xf89042057d079debe2a65a1a899e48e0e825105f,502,0x66f920658396f4c3642a32f6b5d5b65c3d6349db,67547.277684,67547.277684,0.0,1,0,1700671529
2023-11-16,0xf89042057d079debe2a65a1a899e48e0e825105f,536,0xf6ed81d5e9f61dd1ea21e96ae1d660ecc388ae4f,37775.054644,37775.054644,0.0,1,0,1700672587
2023-11-16,0xf89042057d079debe2a65a1a899e48e0e825105f,600,0x3559b7256e235109f7519b457060ed37106a91fb,0.0,0.0,48263.588989,0,1,1700240197
2023-11-16,0xf89042057d079debe2a65a1a899e48e0e825105f,617,0xa33ca84383bac2efb11b8ce21bc10403ff9cc77a,35073.870576,35073.870576,0.0,1,0,1700673509
2023-11-16,0xf89042057d079debe2a65a1a899e48e0e825105f,628,0x8fa5ebb986fa6db89291a383142bb756ab88428e,0.0,0.0,17135.178415,0,1,1700687941
2023-11-16,0xf89042057d079debe2a65a1a899e48e0e825105f,632,0x794783dcfcac8c1944727057a3208d8f8bb91506,33583.947798,33583.947798,0.0,1,0,1700679377
2023-11-16,0xf89042057d079debe2a65a1a899e48e0e825105f,861,0xdda35a6b42d74146b3d93c3718666a774a0fafd3,19217.580743,19217.580743,0.0,1,0,1700675995
2023-11-16,0xf89042057d079debe2a65a1a899e48e0e825105f,910,0x16b00db74167b7469dda63b674ca9a3b1b70c439,21674.810419,21674.810419,0.0,1,0,1700675699
2023-11-16,0xf89042057d079debe2a65a1a899e48e0e825105f,935,0xedbf8de67f84fb7f166652f9338a9a06fbe33893,8357.297534,8357.297534,0.0,1,0,1700673023
2023-11-16,0xf89042057d079debe2a65a1a899e48e0e825105f,955,0x9cb016669c235ccebcd2fbbffa2d8d3a2247b02c,8124.416138,8124.416138,0.0,1,0,1700672437
2023-11-16,0xf89042057d079debe2a65a1a899e48e0e825105f,1056,0xeb4576fe753dab07635c0bb6c8f0a355e1db5d31,15779.36414,15779.36414,0.0,1,0,1700674897
2023-11-16,0xf89042057d079debe2a65a1a899e48e0e825105f,1321,0x42fcdf3b9597e46121b194c7911faf0ab2f6ea43,9067.133905,9067.133905,0.0,1,0,1700678091
2023-11-16,0xf89042057d079debe2a65a1a899e48e0e825105f,1462,0xadfbf9eccee2c330d7a045fb5533b978ff5ff2b2,8108.998096,8108.998096,0.0,1,0,1700674337
2023-11-16,0xf89042057d079debe2a65a1a899e48e0e825105f,1495,0xdb5bbaa2d64653b7101d56e91173e677717676fe,10054.708896,10054.708896,0.0,1,0,1700677495
2023-11-16,0xf89042057d079debe2a65a1a899e48e0e825105f,1592,0xdbdf70689cb64b096c5291843936c56731e8240b,6632.236729,6632.236729,0.0,1,0,1700673887
2023-11-16,0xf89042057d079debe2a65a1a899e48e0e825105f,2008,0xa47400440c17f917e10ebd878611afd3223da9a4,0.0,0.0,4707.067798,0,1,1700692393
2023-11-16,0xf89042057d079debe2a65a1a899e48e0e825105f,2775,0x323b7e14205c54604be21d74d1ad0ab070ec5bb2,2605.71226,2605.71226,0.0,1,0,1700672217
2023-11-16,0xf89042057d079debe2a65a1a899e48e0e825105f,2794,0x3d409b7cac949135657a9ee5f59ffc27e0bf5d6e,2539.34948,2539.34948,0.0,1,0,1700670867
2023-11-16,0xf89042057d079debe2a65a1a899e48e0e825105f,3269,0x60a299bc654ec399373fa377b482321a90220051,1619.427834,1619.427834,0.0,1,0,1700673265
2023-11-16,0xf89042057d079debe2a65a1a899e48e0e825105f,3744,0x41cb5d2a058bcf1ca12ea056807a12c21677ae7e,1055.258277,1055.258277,0.0,1,0,1700673889
2023-11-16,0xf89042057d079debe2a65a1a899e48e0e825105f,3876,0x7d59226c6c2aa0b820d47c521dbd781ee8f6349b,0.0,0.0,231.64525,0,1,1700682937
2023-11-16,0xf89042057d079debe2a65a1a899e48e0e825105f,4119,0xc2a08ff99df2dd45ca5cf5bc6636954f33294830,388.251004,388.251004,0.0,1,0,1700689393
2023-11-16,0xf89042057d079debe2a65a1a899e48e0e825105f,5031,0xacda6f48036d4a4128830eaee9ad4a3a870b02fe,421.472824,421.472824,0.0,1,0,1700619353
2023-11-16,0xf89042057d079debe2a65a1a899e48e0e825105f,5439,0x27e32ef9576dc05f4d08d978106fc16351d4cb0c,0.0,0.0,374.547599,0,1,1700450129
2023-11-16,0xf89042057d079debe2a65a1a899e48e0e825105f,6310,0xc94327cbb9eef801a4bbe3459766bb712c5ad979,0.0,0.0,175.609143,0,1,1700637821
2023-11-16,0xf89042057d079debe2a65a1a899e48e0e825105f,6933,0x5db9e26d5035c124a9b7dddd545fd60c23cf26d0,0.708711,0.708711,0.0,1,0,1700643687
2023-11-16,0xf89042057d079debe2a65a1a899e48e0e825105f,7142,0xbe8eb72d33d76008bb4964189e86f56378acc518,0.0,0.0,3226.767871,0,1,1700654761
2023-11-16,0xf89042057d079debe2a65a1a899e48e0e825105f,7646,0xb2bad852361ecb092956460682040723fc12abe2,218619.638885,218619.638885,218190.120439,1,1,1700602575
2023-11-16,0xf89042057d079debe2a65a1a899e48e0e825105f,7821,0xf256208dd9a484df9d93bac78f8fcc05f687a920,19.158883,19.158883,0.0,1,0,1700675467
2023-11-16,0xf89042057d079debe2a65a1a899e48e0e825105f,7993,0xd35fc346e15ba5b446917c9fd23a9471d6144701,10014.162788,10014.162788,10014.162788,1,1,1700238879
2023-11-16,0xf89042057d079debe2a65a1a899e48e0e825105f,8387,0x44c630a1fcc2817e048cc1101050a18f919cd099,42022.592425,42022.592425,0.0,1,0,1700676437
2023-11-16,0xf89042057d079debe2a65a1a899e48e0e825105f,8424,0x8bace3a49a375027868cdd34e84521eed1f1b01d,0.0,0.0,141142.63343,0,1,1700687157
2023-11-16,0xf89042057d079debe2a65a1a899e48e0e825105f,8466,0xd35fc346e15ba5b446917c9fd23a9471d6144701,10002.357085,10002.357085,10002.357085,1,1,1700238897
2023-11-16,0xf89042057d079debe2a65a1a899e48e0e825105f,9602,0x788d2c0813cac59770cdf36f7beb9bfc819b6475,76948.927715,76948.927715,0.0,1,0,1700696263
2023-11-16,0xf89042057d079debe2a65a1a899e48e0e825105f,9603,0x43e3267ce69862ffbeea59690cdb3e798f71ce7e,5045293.847697,5045293.847697,1720405.537198,1,1,1700681275
2023-11-16,0xf89042057d079debe2a65a1a899e48e0e825105f,9605,0x794d1ae064a5d2803cba821b7429d95cceccf1ea,401861.642733,401861.642733,0.0,1,0,1700696243
2023-11-16,0xf89042057d079debe2a65a1a899e48e0e825105f,9730,0xef8347476de8dca8639af6f065e96361cd656a3c,31.553002,31.553002,0.0,1,0,1700603275
2023-11-16,0xf89042057d079debe2a65a1a899e48e0e825105f,9735,0x7c50313112374a1236c021dbbfa11ea0566e631c,1.309842,1.309842,0.0,1,0,1700640065
2023-11-16,0xfd8aa87c97d32345bfe4f753acf25729008331c9,1011,0x52d033e64774f31a8b7562806aa5782cbbd29382,0.0,23259.906368,46284.039707,1,2,1700661789
2023-11-16,0xfd8aa87c97d32345bfe4f753acf25729008331c9,7966,0x5eaa8bdc315608e8cf873cfaba05e42826f68c4d,0.0,4827.099381,9635.905312,1,2,1700661885
2023-11-16,0xffa3f8737c39e36dec4300b162c2153c67c8352f,24,0x208a17c5fabe5b90282e5906945ff335e39326c4,18306.525938,18306.525938,18252.747617,1,1,1700683823
2023-11-16,0xffa3f8737c39e36dec4300b162c2153c67c8352f,47,0x011b0a055e02425461a1ae95b30f483c4ff05be7,0.0,0.0,717203.316688,0,1,1700693931
2023-11-16,0xffa3f8737c39e36dec4300b162c2153c67c8352f,51,0x0f228805c03a693aa964a791e0b2e2c6e6c6513f,285366.524677,285366.524677,0.0,1,0,1700691351
2023-11-16,0xffa3f8737c39e36dec4300b162c2153c67c8352f,52,0x28878aec6b4209d90a40890183e3322f0ae5b2e2,270222.310229,270222.310229,378016.976859,1,1,1700683257
2023-11-16,0xffa3f8737c39e36dec4300b162c2153c67c8352f,53,0x1594b251df6b70ca9a01d4de0836ab4fd9811241,0.0,0.0,1217279.277029,0,1,1700667741
2023-11-16,0xffa3f8737c39e36dec4300b162c2153c67c8352f,54,0xf265702178a66b4b7ce079fc8a1629e47cf1bcde,447022.714365,447022.714365,335013.359965,1,1,1700686191
2023-11-16,0xffa3f8737c39e36dec4300b162c2153c67c8352f,56,0x48a5a6a01ba89cddf97d2d552923d5a11401ed19,0.0,0.0,1299795.561869,0,1,1700682157
2023-11-16,0xffa3f8737c39e36dec4300b162c2153c67c8352f,59,0xa3cbd0c67dee5142209ff0cf155bc2bc51acf180,0.0,0.0,957185.812716,0,1,1700693421
2023-11-16,0xffa3f8737c39e36dec4300b162c2153c67c8352f,62,0xa311ab5780aa036b71aac2b71163fd03ec0df59e,316961.871933,316961.871933,316722.046509,1,1,1700678287
2023-11-16,0xffa3f8737c39e36dec4300b162c2153c67c8352f,63,0x0172e05392aba65366c4dbbb70d958bbf43304e4,689954.193951,689954.193951,689432.148329,1,1,1700684433
2023-11-16,0xffa3f8737c39e36dec4300b162c2153c67c8352f,67,0x8ce17ff2c7376e9adfe9c63c47a801097fa6c525,108398.375513,108398.375513,0.0,1,0,1700690971
2023-11-16,0xffa3f8737c39e36dec4300b162c2153c67c8352f,77,0xeb6772188cf10aa563a1cd163f48355d1a949797,85805.346837,85805.346837,0.0,1,0,1700693783
2023-11-16,0xffa3f8737c39e36dec4300b162c2153c67c8352f,99,0xa48cd684ded1eee3de13e052bbdcfed59558a1ca,565081.639567,565081.639567,169396.223183,1,1,1700580977
2023-11-16,0xffa3f8737c39e36dec4300b162c2153c67c8352f,103,0x1c2ed7a6c4e3c1146103fa222181115a72243a06,54779.15841,54779.15841,54737.710413,1,1,1700693443
2023-11-16,0xffa3f8737c39e36dec4300b162c2153c67c8352f,105,0x208a17c5fabe5b90282e5906945ff335e39326c4,25928.125611,25928.125611,129259.788167,1,1,1700683839
2023-11-16,0xffa3f8737c39e36dec4300b162c2153c67c8352f,108,0x342f3002bb6f77441dfa40480ebb169d6912b464,497681.096995,497681.096995,0.0,1,0,1700685559
2023-11-16,0xffa3f8737c39e36dec4300b162c2153c67c8352f,113,0xfa9e221a7af006531a816e98792a3e4b22a01461,0.0,0.0,473603.898851,0,1,1700691769
2023-11-16,0xffa3f8737c39e36dec4300b162c2153c67c8352f,114,0x611b0c1ed942b833c786c53883a4aa37a25602a6,93445.659571,93445.659571,46687.477513,1,1,1700684273
2023-11-16,0xffa3f8737c39e36dec4300b162c2153c67c8352f,117,0xdb2b9d473014d8c6a5e55da92205199457ba6624,461034.239482,461034.239482,0.0,1,0,1700560101
2023-11-16,0xffa3f8737c39e36dec4300b162c2153c67c8352f,124,0x5d6f3d0c92d0564151357b0863e55e9ed4631b8d,108173.487402,108173.487402,108173.487402,1,1,1700691635
2023-11-16,0xffa3f8737c39e36dec4300b162c2153c67c8352f,137,0xa4b6eeeb7eba0fc360a7402f2ebe90c178115e91,0.0,69412.216649,128799.841727,1,2,1700692611
2023-11-16,0xffa3f8737c39e36dec4300b162c2153c67c8352f,139,0xa04275c10f39e8675a34e147e2ef78d35129f2b6,67666.684983,67666.684983,0.0,1,0,1700693785
2023-11-16,0xffa3f8737c39e36dec4300b162c2153c67c8352f,145,0xc5d7be4a4e5957baa078201f41d9fd5f21b91b1b,0.0,0.0,349316.700635,0,1,1700690493
2023-11-16,0xffa3f8737c39e36dec4300b162c2153c67c8352f,157,0x29563a4408812680728b4b8c44b19288cc9083ce,0.0,0.0,294187.335628,0,1,1700686867
2023-11-16,0xffa3f8737c39e36dec4300b162c2153c67c8352f,177,0xdffd8bbf8dcaf236c4e009ff6013bfc98407b6c0,114336.089698,114336.089698,0.0,1,0,1700684541
2023-11-16,0xffa3f8737c39e36dec4300b162c2153c67c8352f,188,0xa60aadf62907bf06dd714781d44bbd4c2d783259,106795.478252,106795.478252,0.0,1,0,1700671523
2023-11-16,0xffa3f8737c39e36dec4300b162c2153c67c8352f,194,0x569a259d029a89bfea35a6d178a08edf6e55d1b1,205431.028994,205431.028994,0.0,1,0,1700684459
2023-11-16,0xffa3f8737c39e36dec4300b162c2153c67c8352f,203,0x637fceaf3e5289d2b396b831335e7d8a180c5656,47598.207108,47598.207108,47576.976475,1,1,1700692921
2023-11-16,0xffa3f8737c39e36dec4300b162c2153c67c8352f,243,0x9db9a11bd146e8f39dc61246c357aaa10f2f2170,0.0,0.0,146412.968654,0,1,1700691923
2023-11-16,0xffa3f8737c39e36dec4300b162c2153c67c8352f,247,0xc40ebdc95e9fae4ada1a2c5093d0599afe0256bd,0.0,0.0,173.72902,0,1,1700687209
2023-11-16,0xffa3f8737c39e36dec4300b162c2153c67c8352f,254,0xa311ab5780aa036b71aac2b71163fd03ec0df59e,69113.006998,69113.006998,34530.356732,1,1,1700677971
2023-11-16,0xffa3f8737c39e36dec4300b162c2153c67c8352f,256,0xd6a2248e5d3696565c162c4554aa61fa6be75db3,34230.559352,34230.559352,34182.273657,1,1,1700666839
2023-11-16,0xffa3f8737c39e36dec4300b162c2153c67c8352f,277,0x68acb2051b73c2342be78cd1a7e5ca44483d10c5,29939.767845,29939.767845,29939.767845,1,1,1700693861
2023-11-16,0xffa3f8737c39e36dec4300b162c2153c67c8352f,289,0x95b05f935655c37ada2088c5767e5006f230b068,11438.519975,11438.519975,11416.046901,1,1,1700693583
2023-11-16,0xffa3f8737c39e36dec4300b162c2153c67c8352f,290,0x9deb607b7e92096df55b02aa563e82f612fd0def,0.0,0.0,113433.629051,0,1,1700693975
2023-11-16,0xffa3f8737c39e36dec4300b162c2153c67c8352f,304,0xbbb33d2e7bd7ddc722e53da9ca8ee97df41cfabf,21242.448103,21242.448103,10613.187629,1,1,1700602061
2023-11-16,0xffa3f8737c39e36dec4300b162c2153c67c8352f,313,0x2f9677016cb1e92e8f8a999c4541650c80c8637a,48758.367802,48758.367802,0.0,1,0,1700683789
2023-11-16,0xffa3f8737c39e36dec4300b162c2153c67c8352f,321,0xcb6586874cc04b01cc4fdb777de502cea7b3d6c1,20036.800791,20036.800791,0.0,1,0,1700693089
2023-11-16,0xffa3f8737c39e36dec4300b162c2153c67c8352f,331,0x5181cdf1bb20da04ba788f82989f29e65b67314a,102110.191625,102110.191625,0.0,1,0,1700684113
2023-11-16,0xffa3f8737c39e36dec4300b162c2153c67c8352f,366,0xd48a206697ba7dd8641f97060b2ac74a252be092,75659.939762,75659.939762,0.0,1,0,1700682985
2023-11-16,0xffa3f8737c39e36dec4300b162c2153c67c8352f,389,0x879d4cf44d51661f991bb3695cc61599d33847c2,33804.472319,33804.472319,0.0,1,0,1700693619
2023-11-16,0xffa3f8737c39e36dec4300b162c2153c67c8352f,416,0x151e5062d509bf6fc1b5345afa0e7397c9c82226,30766.727848,30766.727848,15383.363924,1,1,1700672895
2023-11-16,0xffa3f8737c39e36dec4300b162c2153c67c8352f,426,0x0e39b12dc1f8a69202838f540684fb5ac307c9c1,0.0,0.0,29370.332367,0,1,1700691597
2023-11-16,0xffa3f8737c39e36dec4300b162c2153c67c8352f,444,0x610d49f8a264db3b41a793173ba5b8aca70444c2,0.0,0.0,53385.100034,0,1,1700687131
2023-11-16,0xffa3f8737c39e36dec4300b162c2153c67c8352f,467,0xf68d2bfcecd7895bba05a7451dd09a1749026454,80642.603315,80642.603315,0.0,1,0,1700683209
2023-11-16,0xffa3f8737c39e36dec4300b162c2153c67c8352f,493,0x15bbcf76110505d3be5a9eb10c63f57f66d20c40,0.0,0.0,46754.840604,0,1,1700687543
2023-11-16,0xffa3f8737c39e36dec4300b162c2153c67c8352f,497,0xc5be928c3d096969842a3524a3bfcff051d7d68e,0.0,0.0,44608.504447,0,1,1700689003
2023-11-16,0xffa3f8737c39e36dec4300b162c2153c67c8352f,504,0xcfba6d63ec822425775d3c509e60ff689c1ae1e7,11647.58083,11647.58083,11544.485555,1,1,1700693037
2023-11-16,0xffa3f8737c39e36dec4300b162c2153c67c8352f,519,0xa23bde7b73b4acc73918e2362e6a646761955c7c,26382.389182,26382.389182,26362.427262,1,1,1700683777
2023-11-16,0xffa3f8737c39e36dec4300b162c2153c67c8352f,533,0xa08dd335d33b0bb368a0af757ed59617b3ac8c1c,41650.881579,41650.881579,0.0,1,0,1700684585
2023-11-16,0xffa3f8737c39e36dec4300b162c2153c67c8352f,538,0x49fd1607a0b93334f090ebaf42c72babb38a0f76,41856.332832,41856.332832,0.0,1,0,1700578505
2023-11-16,0xffa3f8737c39e36dec4300b162c2153c67c8352f,553,0xdaa070d909e010211606144ede5b2ca6864c2c1c,19673.492318,19673.492318,0.0,1,0,1700686667
2023-11-16,0xffa3f8737c39e36dec4300b162c2153c67c8352f,558,0x985dbffd8daaf59cc68883d17cfab313b2343184,0.0,0.0,9734.416549,0,1,1700685905
2023-11-16,0xffa3f8737c39e36dec4300b162c2153c67c8352f,577,0x0eafd23a586b190de1e344d4a4aaab3f88631686,18615.961244,18615.961244,0.0,1,0,1700600193
2023-11-16,0xffa3f8737c39e36dec4300b162c2153c67c8352f,583,0xd8a30dbb3b8b204b6d8bb800d0f2865d07dc904c,36938.385996,36938.385996,0.0,1,0,1700538221
2023-11-16,0xffa3f8737c39e36dec4300b162c2153c67c8352f,592,0x133d20c739f76236eebace7bf5bfa751bff15a9f,37289.35729,37289.35729,0.0,1,0,1700578831
2023-11-16,0xffa3f8737c39e36dec4300b162c2153c67c8352f,595,0xf89cb9b9b412feff16ca94c02db6faddccd51ce4,10909.42793,10909.42793,9091.189942,1,1,1700666109
2023-11-16,0xffa3f8737c39e36dec4300b162c2153c67c8352f,636,0x599321b91d0e4e541f7d172ab1cacccc0d5a8e82,3316.842644,3316.842644,3316.842644,1,1,1700662671
2023-11-16,0xffa3f8737c39e36dec4300b162c2153c67c8352f,639,0xe564d9afc3e8d7ddc99912dbc5db58925b414024,0.0,0.0,16473.708947,0,1,1700603697
2023-11-16,0xffa3f8737c39e36dec4300b162c2153c67c8352f,647,0xdffda37c4ba2faccac137df790872529a2d3ea44,32050.897002,32050.897002,0.0,1,0,1700569557
2023-11-16,0xffa3f8737c39e36dec4300b162c2153c67c8352f,688,0x398e17b329b074c700d18e87f49b85d0512699e9,0.0,0.0,28587.077271,0,1,1700659961
2023-11-16,0xffa3f8737c39e36dec4300b162c2153c67c8352f,708,0x166c794d890dd91bbe71f304eca660e1c4892cbb,64134.374829,64134.374829,0.0,1,0,1700692035
2023-11-16,0xffa3f8737c39e36dec4300b162c2153c67c8352f,761,0xe4495842d915738d659609727a51e39d15b66778,6056.069753,12112.139505,12107.557252,2,2,1700428031
2023-11-16,0xffa3f8737c39e36dec4300b162c2153c67c8352f,776,0xc923dd451dfb1fc6a4608982c6c077414da06a4d,6210.242439,6210.242439,0.0,1,0,1700551463
2023-11-16,0xffa3f8737c39e36dec4300b162c2153c67c8352f,798,0x6a018ad51de844243ce7fb743c3e5f4481df6858,11012.400466,11012.400466,5506.200233,1,1,1700572441
2023-11-16,0xffa3f8737c39e36dec4300b162c2153c67c8352f,830,0x25953e9d83dfb9e339dad7280b629d693cababf2,0.0,0.0,20539.378568,0,1,1700693863
2023-11-16,0xffa3f8737c39e36dec4300b162c2153c67c8352f,867,0xa1a7aec61de1b80efe2dfe0ed8bb4243274ce67a,0.0,0.0,23921.839436,0,1,1700601265
2023-11-16,0xffa3f8737c39e36dec4300b162c2153c67c8352f,873,0x0e42d7887e4dfd681fe295bec85729c0420e0ae0,18604.143265,18604.143265,0.0,1,0,1700613151
2023-11-16,0xffa3f8737c39e36dec4300b162c2153c67c8352f,955,0x9cb016669c235ccebcd2fbbffa2d8d3a2247b02c,0.0,0.0,8118.268895,0,1,1700672437
2023-11-16,0xffa3f8737c39e36dec4300b162c2153c67c8352f,1063,0xe8a17d5276f9c665e7713a2f7a4a0a388915af8d,0.0,0.0,13390.617267,0,1,1700522229
2023-11-16,0xffa3f8737c39e36dec4300b162c2153c67c8352f,1144,0x285076b12efd407377af179edfecf3f371274844,11974.44573,11974.44573,11974.44573,1,1,1700693837
2023-11-16,0xffa3f8737c39e36dec4300b162c2153c67c8352f,1183,0x0c9e20b9046f31da1e84b1b968b5fff23e815fd6,11663.967,11663.967,0.0,1,0,1700582605
2023-11-16,0xffa3f8737c39e36dec4300b162c2153c67c8352f,1186,0xb413a48088cfb0074f75349c790062920434e321,11221.649231,11221.649231,0.0,1,0,1700443949
2023-11-16,0xffa3f8737c39e36dec4300b162c2153c67c8352f,1188,0x3df6fedbf3ed9e580cbf573d712b5cbb725bb2a7,5610.359273,5610.359273,5604.737283,1,1,1700661389
2023-11-16,0xffa3f8737c39e36dec4300b162c2153c67c8352f,1272,0xcb3b366ced5ab2170d2ac72a5a97c4747e9186d8,0.0,0.0,9848.36444,0,1,1700686797
2023-11-16,0xffa3f8737c39e36dec4300b162c2153c67c8352f,1314,0xcce9efdd67dbb46186c84ab94f58b7990b18893e,9198.353409,9198.353409,9198.353409,1,1,1700657073
2023-11-16,0xffa3f8737c39e36dec4300b162c2153c67c8352f,1323,0xc74d294ec7ffd446e6fb6d18f2555e358af509fc,0.0,0.0,9031.284483,0,1,1700690611
2023-11-16,0xffa3f8737c39e36dec4300b162c2153c67c8352f,1340,0xe5edfe0e968bf5dad6d023814989b536c0875676,8815.029381,8815.029381,8815.029381,1,1,1700691885
2023-11-16,0xffa3f8737c39e36dec4300b162c2153c67c8352f,1358,0x4ac4ff89b9d4b3daf54942e3df63751a4a54c735,8676.777039,8676.777039,8643.179028,1,1,1700680175
2023-11-16,0xffa3f8737c39e36dec4300b162c2153c67c8352f,1363,0x43d16ccd581e1d6a8d51768f75ddf09b79f4f856,2159.26852,2159.26852,2159.26852,1,1,1700691595
2023-11-16,0xffa3f8737c39e36dec4300b162c2153c67c8352f,1382,0x5a00e8683f37e8b08c744054a0ef606a18b1aef7,8481.574536,8481.574536,0.0,1,0,1700682305
2023-11-16,0xffa3f8737c39e36dec4300b162c2153c67c8352f,1423,0xcd9141a4edea3ecc66e958b058981d8a84cce240,0.0,0.0,7991.906213,0,1,1700654671
2023-11-16,0xffa3f8737c39e36dec4300b162c2153c67c8352f,1462,0xadfbf9eccee2c330d7a045fb5533b978ff5ff2b2,0.0,0.0,7892.975628,0,1,1700674337
2023-11-16,0xffa3f8737c39e36dec4300b162c2153c67c8352f,1469,0x8fc4faa9dd274dc801ca629234e83183031634ec,1911.458472,1911.458472,1910.01219,1,1,1700670725
2023-11-16,0xffa3f8737c39e36dec4300b162c2153c67c8352f,1528,0xf7ce05cb95d321c7f22aefd1defb99e54e087b15,0.0,0.0,7123.602294,0,1,1700679799
2023-11-16,0xffa3f8737c39e36dec4300b162c2153c67c8352f,1547,0x40db8365d1252bcb06598927698238a99d39228e,7594.538716,7594.538716,7594.538716,1,1,1700680737
2023-11-16,0xffa3f8737c39e36dec4300b162c2153c67c8352f,1566,0x24bf21c742791848cb37d228afad72a5a273b181,0.0,0.0,6802.169681,0,1,1700683243
2023-11-16,0xffa3f8737c39e36dec4300b162c2153c67c8352f,1586,0x446925b8fa3ce7072a6f389df46150978da748fb,0.0,0.0,6636.180954,0,1,1700605455
2023-11-16,0xffa3f8737c39e36dec4300b162c2153c67c8352f,1660,0xaa62cf7caaf0c7e50deaa9d5d0b907472f00b258,6192.921639,6192.921639,0.0,1,0,1700577153
2023-11-16,0xffa3f8737c39e36dec4300b162c2153c67c8352f,1699,0x160039aa40989833a2ee4d40080db05504f9e95d,0.0,0.0,5937.086655,0,1,1700692693
2023-11-16,0xffa3f8737c39e36dec4300b162c2153c67c8352f,1766,0xd9105bfe2f1448acad670d102263389f7e2a8e0b,0.0,0.0,1328.572098,0,1,1700691295
2023-11-16,0xffa3f8737c39e36dec4300b162c2153c67c8352f,1791,0x08072a5fbc90eed1ca4fb863c1df8aa1fec61cfa,5180.359901,5180.359901,0.0,1,0,1700690799
2023-11-16,0xffa3f8737c39e36dec4300b162c2153c67c8352f,1889,0xb157ff7802e405f346e174960c82a221be9b5d74,5551.101426,5551.101426,0.0,1,0,1700690447
2023-11-16,0xffa3f8737c39e36dec4300b162c2153c67c8352f,2099,0x5a1df87bce2216a0a1198e841822b06aec23bd7c,0.0,0.0,4013.117085,0,1,1700666253
2023-11-16,0xffa3f8737c39e36dec4300b162c2153c67c8352f,2226,0xdf632ea5ba8283488aae8538e17a2f802243a61a,3708.357679,3708.357679,0.0,1,0,1700688959
2023-11-16,0xffa3f8737c39e36dec4300b162c2153c67c8352f,2243,0xdd7fbd024e7e484d41d14936a44709992c8a1e07,0.0,0.0,913.582497,0,1,1700669959
2023-11-16,0xffa3f8737c39e36dec4300b162c2153c67c8352f,2330,0x5b8afbfce951bf914ad72efaf47a755d3a51c29b,100419.505736,100419.505736,100343.524513,1,1,1700098607
2023-11-16,0xffa3f8737c39e36dec4300b162c2153c67c8352f,2351,0x3bc29ca7ff3bb9a205a766d31c1cdd6917202734,0.0,0.0,3476.865027,0,1,1700655527
2023-11-16,0xffa3f8737c39e36dec4300b162c2153c67c8352f,2362,0xbaa9b493bccbe1a900b39870980f41356f85822a,9531.064233,9531.064233,0.0,1,0,1700672771
2023-11-16,0xffa3f8737c39e36dec4300b162c2153c67c8352f,2434,0xd2d0b9e9168790ec17ac1dfbedaed5ee2380fe6b,0.0,0.0,3341.354609,0,1,1700663993
2023-11-16,0xffa3f8737c39e36dec4300b162c2153c67c8352f,2623,0xd12d05ba5bf8983e8c41071a32422c3c2d309669,0.0,0.0,3061.5079,0,1,1700690307
2023-11-16,0xffa3f8737c39e36dec4300b162c2153c67c8352f,2650,0x04795cdee2b677b46878896dae76be5cb174dac6,0.0,0.0,3361.594214,0,1,1700483599
2023-11-16,0xffa3f8737c39e36dec4300b162c2153c67c8352f,3100,0x742401080cae03b38649e84d7dd2213aa8934ae6,1809.973959,1809.973959,1808.604464,1,1,1700370269
2023-11-16,0xffa3f8737c39e36dec4300b162c2153c67c8352f,3106,0xb4fbd802d9dc5c0208346c311bcb6b9ecff468c6,0.0,0.0,1857.516921,0,1,1700322865
2023-11-16,0xffa3f8737c39e36dec4300b162c2153c67c8352f,3135,0x9dc5d3c206276ec16c2a171c364fedddfd27be50,1748.698174,1748.698174,0.0,1,0,1700532949
2023-11-16,0xffa3f8737c39e36dec4300b162c2153c67c8352f,3150,0x5259e022cd88761eabf328f29aab25a123112c8a,6054.313885,6054.313885,0.0,1,0,1700668633
2023-11-16,0xffa3f8737c39e36dec4300b162c2153c67c8352f,3393,0x2446f1a75162f045d02f23d1d3b0f5a2c0f9a4cb,0.0,0.0,1498.878521,0,1,1700665153
2023-11-16,0xffa3f8737c39e36dec4300b162c2153c67c8352f,3400,0x1e51745bdb4436563097833ba83dcc51109d9fa8,0.0,0.0,718.259064,0,1,1700688609
2023-11-16,0xffa3f8737c39e36dec4300b162c2153c67c8352f,3988,0x08ba371f556b01d2a384acbea85798139f3bb680,0.0,0.0,1001.771421,0,1,1700657333
2023-11-16,0xffa3f8737c39e36dec4300b162c2153c67c8352f,4231,0x633f6bb51b30aed1fec4625774919eca9f5aa55e,673.183862,673.183862,0.0,1,0,1700511901
2023-11-16,0xffa3f8737c39e36dec4300b162c2153c67c8352f,4289,0x051f2ebef8580005ab864d55b6d0d001ecc89b85,954.917528,954.917528,954.195001,1,1,1700525941
2023-11-16,0xffa3f8737c39e36dec4300b162c2153c67c8352f,4604,0xdd97c44cff55f39516a928ff8aa90695742e604e,478.266101,478.266101,477.591694,1,1,1700693047
2023-11-16,0xffa3f8737c39e36dec4300b162c2153c67c8352f,4640,0x1c3be20a226333e26833618b96e9d10aa741da6e,464.734166,464.734166,0.0,1,0,1700539833
2023-11-16,0xffa3f8737c39e36dec4300b162c2153c67c8352f,4964,0x1a61eac03bf943cbe38371bdd4e3bd5922a8af8b,0.0,0.0,405.116477,0,1,1700218611
2023-11-16,0xffa3f8737c39e36dec4300b162c2153c67c8352f,4973,0x314d295677f81d037fd61bea21e81f9ea7aa2c64,0.0,0.0,404.230292,0,1,1700672483
2023-11-16,0xffa3f8737c39e36dec4300b162c2153c67c8352f,5061,0x0df8dee19af23c0fb17c95c2ff6d6eec4a929ea1,396.380442,396.380442,396.380442,1,1,1700617599
2023-11-16,0xffa3f8737c39e36dec4300b162c2153c67c8352f,5901,0x2c7a4dbcf33080ac93b14be408b457eb40a7dfb8,0.0,0.0,90.248948,0,1,1700672299
2023-11-16,0xffa3f8737c39e36dec4300b162c2153c67c8352f,5975,0x3601508f2a20b12f3f18308fab210c75dd73b577,54.382236,54.382236,139.744924,1,1,1700389581
2023-11-16,0xffa3f8737c39e36dec4300b162c2153c67c8352f,7039,0xb5235bb9ec03353da455d742dd09cbc3817fe3fa,198257.669256,198257.669256,198107.659952,1,1,1700674553
2023-11-16,0xffa3f8737c39e36dec4300b162c2153c67c8352f,7121,0x011b0a055e02425461a1ae95b30f483c4ff05be7,0.0,0.0,3470.517089,0,1,1700693959
2023-11-16,0xffa3f8737c39e36dec4300b162c2153c67c8352f,7448,0xb5235bb9ec03353da455d742dd09cbc3817fe3fa,118850.012713,118850.012713,118760.086266,1,1,1700674561
2023-11-16,0xffa3f8737c39e36dec4300b162c2153c67c8352f,7722,0xb5235bb9ec03353da455d742dd09cbc3817fe3fa,193572.605834,387145.211667,310148.345959,2,2,1700674569
2023-11-16,0xffa3f8737c39e36dec4300b162c2153c67c8352f,7746,0x3b6280e12f19160c8b340a77d8cfb6eb5e32ea77,46.152766,46.152766,48.356602,1,1,1700209093
2023-11-16,0xffa3f8737c39e36dec4300b162c2153c67c8352f,7844,0x4dccb4444a0a804b778ddac22dc21b4fd0fe1a0d,4.976501,4.976501,1.558894,1,1,1700646989
2023-11-16,0xffa3f8737c39e36dec4300b162c2153c67c8352f,7857,0x4886ba5d2b3e0ae1e80172d3bddc4feb32e1ce26,4.35121,4.35121,0.857191,1,1,1700651765
2023-11-16,0xffa3f8737c39e36dec4300b162c2153c67c8352f,7890,0x166c794d890dd91bbe71f304eca660e1c4892cbb,0.0,0.0,139228.549827,0,1,1700692063
2023-11-16,0xffa3f8737c39e36dec4300b162c2153c67c8352f,7984,0xde3d47efad0a417473342a49fab24bdfd7139b72,0.0,0.0,15628.698507,0,1,1700692607
2023-11-16,0xffa3f8737c39e36dec4300b162c2153c67c8352f,8046,0xb5235bb9ec03353da455d742dd09cbc3817fe3fa,143556.066704,143556.066704,143447.446717,1,1,1700674583
2023-11-16,0xffa3f8737c39e36dec4300b162c2153c67c8352f,8061,0x73edcd0f5cf8df7a3e1d11ef5d696c266d996f9d,701.767651,701.767651,701.767651,1,1,1700676147
2023-11-16,0xffa3f8737c39e36dec4300b162c2153c67c8352f,8343,0x6c6dc387b28edf1d2ccac7acc99f4238db1592ba,0.0,0.0,0.852173,0,1,1700643761
2023-11-16,0xffa3f8737c39e36dec4300b162c2153c67c8352f,8395,0x5181cdf1bb20da04ba788f82989f29e65b67314a,16293.7528,16293.7528,0.0,1,0,1700684143
2023-11-16,0xffa3f8737c39e36dec4300b162c2153c67c8352f,8405,0x5d6f3d0c92d0564151357b0863e55e9ed4631b8d,1394.303495,1394.303495,1394.303495,1,1,1700691707
2023-11-16,0xffa3f8737c39e36dec4300b162c2153c67c8352f,8438,0xa23bde7b73b4acc73918e2362e6a646761955c7c,0.0,0.0,1127.674649,0,1,1700652869
2023-11-16,0xffa3f8737c39e36dec4300b162c2153c67c8352f,8451,0xb5235bb9ec03353da455d742dd09cbc3817fe3fa,212937.897757,212937.897757,212776.780834,1,1,1700674593
2023-11-16,0xffa3f8737c39e36dec4300b162c2153c67c8352f,8502,0x892176d784bed3dc877a62f3ff9fc091377b2a49,0.0,0.0,3899.999855,0,1,1700131307
2023-11-16,0xffa3f8737c39e36dec4300b162c2153c67c8352f,8646,0xde82ba72fdd75dff334b1ceb3e57e1945f1d7561,0.0,0.0,329.162084,0,1,1700568053
2023-11-16,0xffa3f8737c39e36dec4300b162c2153c67c8352f,8748,0x31b22fb973e179b33622455dcc702058f5d8c92f,0.0,0.0,119.705947,0,1,1700548231
2023-11-16,0xffa3f8737c39e36dec4300b162c2153c67c8352f,8782,0xeaba90bddbbbf7ec1a6b0483320c40840401e310,2.101807,2.101807,0.0,1,0,1700555751
2023-11-16,0xffa3f8737c39e36dec4300b162c2153c67c8352f,9090,0xb5235bb9ec03353da455d742dd09cbc3817fe3fa,167085.662235,167085.662235,166959.238859,1,1,1700674603
2023-11-16,0xffa3f8737c39e36dec4300b162c2153c67c8352f,9091,0xb5235bb9ec03353da455d742dd09cbc3817fe3fa,201636.662084,403273.324168,306194.152084,2,2,1700674613
2023-11-16,0xffa3f8737c39e36dec4300b162c2153c67c8352f,9092,0xb5235bb9ec03353da455d742dd09cbc3817fe3fa,201636.661223,403273.322447,306194.150363,2,2,1700674623
2023-11-16,0xffa3f8737c39e36dec4300b162c2153c67c8352f,9108,0x892176d784bed3dc877a62f3ff9fc091377b2a49,0.0,0.0,249.999942,0,1,1700131579
2023-11-16,0xffa3f8737c39e36dec4300b162c2153c67c8352f,9146,0x1151ce76cca782a19f751925ef383ed744533663,0.0,0.0,12785.5,0,1,1700100285
2023-11-16,0xffa3f8737c39e36dec4300b162c2153c67c8352f,9265,0x26602bf417c4e57ba3d2268d7f93a1e16f29e069,0.0,0.0,160522.399549,0,1,1700691007
2023-11-16,0xffa3f8737c39e36dec4300b162c2153c67c8352f,9334,0x0291eb432cb4a2613a7415018933e3db45bcd769,88743.10545,88743.10545,0.0,1,0,1700691861
2023-11-16,0xffa3f8737c39e36dec4300b162c2153c67c8352f,9343,0xb5235bb9ec03353da455d742dd09cbc3817fe3fa,232426.802431,232426.802431,232250.93946,1,1,1700674631
2023-11-16,0xffa3f8737c39e36dec4300b162c2153c67c8352f,9535,0xb5235bb9ec03353da455d742dd09cbc3817fe3fa,139157.468158,139157.468158,139052.176317,1,1,1700674641
2023-11-16,0xffa3f8737c39e36dec4300b162c2153c67c8352f,9602,0x788d2c0813cac59770cdf36f7beb9bfc819b6475,1048429.140117,1048429.140117,0.0,1,0,1700696263
2023-11-16,0xffa3f8737c39e36dec4300b162c2153c67c8352f,9603,0x43e3267ce69862ffbeea59690cdb3e798f71ce7e,9975921.926128,9975921.926128,7340396.958713,1,1,1700681275
2023-11-16,0xffa3f8737c39e36dec4300b162c2153c67c8352f,9605,0x794d1ae064a5d2803cba821b7429d95cceccf1ea,5475364.88223,5475364.88223,3718125.730625,1,1,1700696243
2023-11-16,0xffa3f8737c39e36dec4300b162c2153c67c8352f,9654,0x28831f39bb35edc44ee1c175b44308cd3bef57ee,16.463161,16.463161,0.0,1,0,1700170581
2023-11-16,0xffa3f8737c39e36dec4300b162c2153c67c8352f,9699,0x01e3a700a1a0509ec3ee32cc12c3c5a602f1ff8c,1.349527,1.349527,0.0,1,0,1700396189
2023-11-16,0xffa3f8737c39e36dec4300b162c2153c67c8352f,9719,0x27214fcaf6cd9ac9858040da59f84bcca1935cf7,1997.209545,1997.209545,0.0,1,0,1700693587
2023-11-16,0xffa3f8737c39e36dec4300b162c2153c67c8352f,9731,0x94759c0cdd84054a71c4b9746dcdee90783aca4f,1648.937128,1648.937128,0.0,1,0,1700629511
2023-11-16,0xffa3f8737c39e36dec4300b162c2153c67c8352f,9738,0x6c6dc387b28edf1d2ccac7acc99f4238db1592ba,0.00077,0.00077,0.0,1,0,1700646371
