epoch_start,pool,token_id,voter,final_weight,voted_weight,abstained_weight,n_voted,n_abstained,last_event_ts
2024-01-04,0x0b25c51637c43decd6cc1c1e3da4518d54ddb528,11,0x84244d2b664c28925e7bbb72ea4dd128c32b03e6,2056398.273533,2056398.273533,2053406.905828,1,1,1704890283
2024-01-04,0x0b25c51637c43decd6cc1c1e3da4518d54ddb528,16,0x370880694995aa8a53f71645f7bec3b0e7bb25d9,0.0,0.0,214746.636956,0,1,1704904721
2024-01-04,0x0b25c51637c43decd6cc1c1e3da4518d54ddb528,24,0x208a17c5fabe5b90282e5906945ff335e39326c4,0.0,0.0,92158.198869,0,1,1704918173
2024-01-04,0x0b25c51637c43decd6cc1c1e3da4518d54ddb528,33,0x8aa63a11835bf0139e41859540f0c7161a92c7b1,0.0,0.0,267612.267585,0,1,1704899629
2024-01-04,0x0b25c51637c43decd6cc1c1e3da4518d54ddb528,48,0x12478d1a60a910c9cbffb90648766a2bdd5918f5,0.0,0.0,2417512.160047,0,1,1704926909
2024-01-04,0x0b25c51637c43decd6cc1c1e3da4518d54ddb528,49,0xd062ab63bb4f7af7e59b85defc3c90bfa9b81e6e,0.0,0.0,1575706.219939,0,1,1704682047
2024-01-04,0x0b25c51637c43decd6cc1c1e3da4518d54ddb528,50,0xdeded3860fb19525ac4594ae888a9c556a42a0a6,2995737.252612,2995737.252612,2991379.46269,1,1,1704921975
2024-01-04,0x0b25c51637c43decd6cc1c1e3da4518d54ddb528,51,0x0f228805c03a693aa964a791e0b2e2c6e6c6513f,0.0,0.0,718295.904728,0,1,1704923325
2024-01-04,0x0b25c51637c43decd6cc1c1e3da4518d54ddb528,52,0x28878aec6b4209d90a40890183e3322f0ae5b2e2,272466.91242,272466.91242,272070.564722,1,1,1704918123
2024-01-04,0x0b25c51637c43decd6cc1c1e3da4518d54ddb528,53,0x1594b251df6b70ca9a01d4de0836ab4fd9811241,614160.001807,614160.001807,490613.284489,1,1,1704901557
2024-01-04,0x0b25c51637c43decd6cc1c1e3da4518d54ddb528,54,0xf265702178a66b4b7ce079fc8a1629e47cf1bcde,450735.909486,450735.909486,562600.300459,1,1,1704922797
2024-01-04,0x0b25c51637c43decd6cc1c1e3da4518d54ddb528,55,0x285fed35cbea271a711681e84ffd83c68a596a75,0.0,0.0,674247.640728,0,1,1704918159
2024-01-04,0x0b25c51637c43decd6cc1c1e3da4518d54ddb528,56,0x48a5a6a01ba89cddf97d2d552923d5a11401ed19,635029.293202,635029.293202,0.0,1,0,1704927135
2024-01-04,0x0b25c51637c43decd6cc1c1e3da4518d54ddb528,59,0xa3cbd0c67dee5142209ff0cf155bc2bc51acf180,772693.155664,772693.155664,771569.147061,1,1,1704927015
2024-01-04,0x0b25c51637c43decd6cc1c1e3da4518d54ddb528,60,0xc03282d46293499cdd8914a7bb7d78f793e70a5a,1714922.177594,1714922.177594,0.0,1,0,1704920831
2024-01-04,0x0b25c51637c43decd6cc1c1e3da4518d54ddb528,62,0xdbd5d31b7f48adc13a0ab0c591f7e3d4f9642e69,255675.773114,255675.773114,0.0,1,0,1704914737
2024-01-04,0x0b25c51637c43decd6cc1c1e3da4518d54ddb528,66,0xb21dfcf420cc7536c7ef5652ee8018741f17f017,1197663.550767,1197663.550767,1195921.353201,1,1,1704917215
2024-01-04,0x0b25c51637c43decd6cc1c1e3da4518d54ddb528,67,0x8ce17ff2c7376e9adfe9c63c47a801097fa6c525,0.0,0.0,109139.793882,0,1,1704918343
2024-01-04,0x0b25c51637c43decd6cc1c1e3da4518d54ddb528,70,0xcc05670640d43bec38f48e4aaaf88df5b6e59c20,0.0,0.0,1280189.656302,0,1,1704919097
2024-01-04,0x0b25c51637c43decd6cc1c1e3da4518d54ddb528,71,0x2c84278aa407886b277bbd96ccf3c0e31a3f8ffd,983527.045641,983527.045641,982096.344653,1,1,1704926939
2024-01-04,0x0b25c51637c43decd6cc1c1e3da4518d54ddb528,77,0xeb6772188cf10aa563a1cd163f48355d1a949797,0.0,0.0,215980.586044,0,1,1704918511
2024-01-04,0x0b25c51637c43decd6cc1c1e3da4518d54ddb528,83,0x6b879c078ea4cc27bbdb486fcaa4fa27e6cbe97a,801665.532585,801665.532585,800499.378919,1,1,1704860241
2024-01-04,0x0b25c51637c43decd6cc1c1e3da4518d54ddb528,91,0x423a66a3ce61eaa3bcd922c4d71b781e01d746f0,256685.502836,256685.502836,320390.139724,1,1,1704924083
2024-01-04,0x0b25c51637c43decd6cc1c1e3da4518d54ddb528,104,0x50a201b8dadf001f4ee6f84a0bf94f63be874b99,592864.448679,592864.448679,0.0,1,0,1704927099
2024-01-04,0x0b25c51637c43decd6cc1c1e3da4518d54ddb528,105,0x208a17c5fabe5b90282e5906945ff335e39326c4,0.0,0.0,261054.328321,0,1,1704917695
2024-01-04,0x0b25c51637c43decd6cc1c1e3da4518d54ddb528,106,0x615e5022252b31af496574f00d5519c5d93261ab,127763.164703,127763.164703,0.0,1,0,1704834857
2024-01-04,0x0b25c51637c43decd6cc1c1e3da4518d54ddb528,110,0x05e09d942505764bca4475abf8efdbc21d1c535b,123025.685756,123025.685756,0.0,1,0,1704923567
2024-01-04,0x0b25c51637c43decd6cc1c1e3da4518d54ddb528,120,0xd66487d456b74f1030778f68a8f6026219d525c1,451184.846519,451184.846519,0.0,1,0,1704926997
2024-01-04,0x0b25c51637c43decd6cc1c1e3da4518d54ddb528,124,0x5d6f3d0c92d0564151357b0863e55e9ed4631b8d,109154.475675,109154.475675,108995.692634,1,1,1704913069
2024-01-04,0x0b25c51637c43decd6cc1c1e3da4518d54ddb528,125,0xdad29981b5feefeeaf3ef92e678e53c5620a1fd8,290050.248356,521453.238137,460548.857796,2,2,1704861481
2024-01-04,0x0b25c51637c43decd6cc1c1e3da4518d54ddb528,131,0x9f0f8f07ec71a6435f1574ec022e98b5445d4988,403597.683982,403597.683982,403010.585124,1,1,1704908989
2024-01-04,0x0b25c51637c43decd6cc1c1e3da4518d54ddb528,136,0x12c58f57177b8d5832f60cfa690770c19ac9da19,0.0,0.0,233245.979409,0,1,1704922455
2024-01-04,0x0b25c51637c43decd6cc1c1e3da4518d54ddb528,137,0xa4b6eeeb7eba0fc360a7402f2ebe90c178115e91,0.0,0.0,288282.498735,0,1,1704926497
2024-01-04,0x0b25c51637c43decd6cc1c1e3da4518d54ddb528,148,0x6580bcc99af557e277cae063d7308cdbd59bf7b3,336256.588549,336256.588549,335767.448331,1,1,1704901115
2024-01-04,0x0b25c51637c43decd6cc1c1e3da4518d54ddb528,149,0xf6708f67b55372f7a46df39413cb568a52e8ea09,332320.095491,332320.095491,331836.681546,1,1,1704924819
2024-01-04,0x0b25c51637c43decd6cc1c1e3da4518d54ddb528,164,0x6788a760215e6cb56d54e34c3464c74976fdc97a,273531.777119,273531.777119,0.0,1,0,1704926987
2024-01-04,0x0b25c51637c43decd6cc1c1e3da4518d54ddb528,173,0xc99783596103c9bee59cc2c260548fb848916c4b,241918.280144,241918.280144,241566.370429,1,1,1704920295
2024-01-04,0x0b25c51637c43decd6cc1c1e3da4518d54ddb528,175,0x412eb8c11c4c41103e2763c408f0162c74675109,235300.790353,235300.790353,0.0,1,0,1704927409
2024-01-04,0x0b25c51637c43decd6cc1c1e3da4518d54ddb528,188,0xa60aadf62907bf06dd714781d44bbd4c2d783259,0.0,0.0,107525.933196,0,1,1704917969
2024-01-04,0x0b25c51637c43decd6cc1c1e3da4518d54ddb528,189,0x549200c7cc0a789163db1bb80c4c4350afb897db,215183.899603,215183.899603,0.0,1,0,1704926189
2024-01-04,0x0b25c51637c43decd6cc1c1e3da4518d54ddb528,190,0x48d18a882b0be145606a11fce6f8a301256b93fa,106606.980422,106606.980422,0.0,1,0,1704926997
2024-01-04,0x0b25c51637c43decd6cc1c1e3da4518d54ddb528,201,0x6e98386f1951e6f997691c4a3bfa27126a7f9041,0.0,0.0,197988.609557,0,1,1704762871
2024-01-04,0x0b25c51637c43decd6cc1c1e3da4518d54ddb528,203,0x637fceaf3e5289d2b396b831335e7d8a180c5656,38078.565687,38078.565687,0.0,1,0,1704926293
2024-01-04,0x0b25c51637c43decd6cc1c1e3da4518d54ddb528,207,0x670647441d9c24d981923c9293a2e4eae6d0c8b3,604894.984593,604894.984593,604015.06588,1,1,1704924921
2024-01-04,0x0b25c51637c43decd6cc1c1e3da4518d54ddb528,219,0x2c99d50eb4daa1d26b5ba0b1daab58cbfc0ac3e6,172722.596294,172722.596294,172722.596294,1,1,1704921027
2024-01-04,0x0b25c51637c43decd6cc1c1e3da4518d54ddb528,222,0x9f02988adb650e55cc5eb5619c383fd223848bb5,169751.881589,169751.881589,0.0,1,0,1704903529
2024-01-04,0x0b25c51637c43decd6cc1c1e3da4518d54ddb528,224,0x4920a95670b6282951813a94d9066a730d315df3,166959.201204,166959.201204,166716.331732,1,1,1704926487
2024-01-04,0x0b25c51637c43decd6cc1c1e3da4518d54ddb528,234,0x1cabc3e62e0527cbe09917f5ca8e6d9999502d82,153676.971579,153676.971579,153453.423283,1,1,1704903707
2024-01-04,0x0b25c51637c43decd6cc1c1e3da4518d54ddb528,235,0xfee6be6b5cc8cb4ee8189850a69973e774e7614e,526122.433257,526122.433257,525357.102107,1,1,1704927147
2024-01-04,0x0b25c51637c43decd6cc1c1e3da4518d54ddb528,236,0x303f2d38ab911296deca9dc19968a854d9cbcadc,163688.810177,163688.810177,157941.810124,1,1,1704848715
2024-01-04,0x0b25c51637c43decd6cc1c1e3da4518d54ddb528,238,0xb6f28ae8f31d85dc27361852b986286113bc588d,41879.542339,41879.542339,66909.79471,1,1,1704923647
2024-01-04,0x0b25c51637c43decd6cc1c1e3da4518d54ddb528,239,0xb149f353383ab92e74c4cba3feb848b04bfb3617,151114.954268,151114.954268,150895.132846,1,1,1704921779
2024-01-04,0x0b25c51637c43decd6cc1c1e3da4518d54ddb528,241,0xd639eee81b30d8b34d5d8cbce83f193e2ba298e4,0.0,0.0,61291.027967,0,1,1704919697
2024-01-04,0x0b25c51637c43decd6cc1c1e3da4518d54ddb528,247,0xc40ebdc95e9fae4ada1a2c5093d0599afe0256bd,37621.88882,112865.66646,149450.266194,2,2,1704923131
2024-01-04,0x0b25c51637c43decd6cc1c1e3da4518d54ddb528,248,0xdaa12ca83de2fab833fc28ce1300ba6ddee67204,28479.145136,28479.145136,28479.145136,1,1,1704926007
2024-01-04,0x0b25c51637c43decd6cc1c1e3da4518d54ddb528,251,0x73cefbf6e7766721d99192449e481567010082e2,181479.921437,181479.921437,0.0,1,0,1704923117
2024-01-04,0x0b25c51637c43decd6cc1c1e3da4518d54ddb528,267,0x5b1c8cd6e98d8bca397fd09b0dcc9933d712ad13,118517.613129,118517.613129,59172.604936,1,1,1704920535
2024-01-04,0x0b25c51637c43decd6cc1c1e3da4518d54ddb528,273,0xb385222c461dd7df0526ed22568b81984f6e5f02,124025.84817,124025.84817,0.0,1,0,1704826863
2024-01-04,0x0b25c51637c43decd6cc1c1e3da4518d54ddb528,284,0x5a34f25040ba6e12daea0512d4d2a0043ecc9292,117671.777816,117671.777816,117671.777816,1,1,1704907007
2024-01-04,0x0b25c51637c43decd6cc1c1e3da4518d54ddb528,286,0xb33cd827dd59c090e71899bfca31f81f4b189ddb,91995.170206,91995.170206,183235.790106,1,1,1704914317
2024-01-04,0x0b25c51637c43decd6cc1c1e3da4518d54ddb528,289,0x95b05f935655c37ada2088c5767e5006f230b068,0.0,0.0,5909.915354,0,1,1704921527
2024-01-04,0x0b25c51637c43decd6cc1c1e3da4518d54ddb528,292,0xc204d01bd43e7d084dcd60cf1a4bf8a75401fdd1,114725.52642,114725.52642,114558.639373,1,1,1704886623
2024-01-04,0x0b25c51637c43decd6cc1c1e3da4518d54ddb528,295,0xdbd5d31b7f48adc13a0ab0c591f7e3d4f9642e69,0.0,0.0,55902.895156,0,1,1704914917
2024-01-04,0x0b25c51637c43decd6cc1c1e3da4518d54ddb528,298,0x8aa63a11835bf0139e41859540f0c7161a92c7b1,110769.147173,110769.147173,110608.015327,1,1,1704900999
2024-01-04,0x0b25c51637c43decd6cc1c1e3da4518d54ddb528,302,0x188c30e9a6527f5f0c3f7fe59b72ac7253c62f28,114513.261882,114513.261882,0.0,1,0,1704923881
2024-01-04,0x0b25c51637c43decd6cc1c1e3da4518d54ddb528,305,0x8de71aae74bee0847a1ee5f620f645910f8e5973,104332.16662,104332.16662,104332.16662,1,1,1704884839
2024-01-04,0x0b25c51637c43decd6cc1c1e3da4518d54ddb528,323,0xa2332e28a62bf41d3b0628a1121530ec2834d28e,105221.866486,105221.866486,0.0,1,0,1704905453
2024-01-04,0x0b25c51637c43decd6cc1c1e3da4518d54ddb528,350,0x38332d808ba345953f41c71d38ca1ef79cffa5c5,20980.65865,20980.65865,20921.685888,1,1,1704912835
2024-01-04,0x0b25c51637c43decd6cc1c1e3da4518d54ddb528,355,0x6de6e901bbefd26a9888798a25e4a49309d04ca9,81428.90445,81428.90445,0.0,1,0,1704924987
2024-01-04,0x0b25c51637c43decd6cc1c1e3da4518d54ddb528,361,0xb450aa35d3f2bc49bd24fa31439ad4aa2c6a17c2,0.0,0.0,79558.673765,0,1,1704924423
2024-01-04,0x0b25c51637c43decd6cc1c1e3da4518d54ddb528,365,0xbdf81b19af7848f7384c38e68208885ff0c9f390,78159.887556,78159.887556,78046.191213,1,1,1704927031
2024-01-04,0x0b25c51637c43decd6cc1c1e3da4518d54ddb528,380,0xc2fec534c461c45533e142f724d0e3930650929c,35188.719985,35188.719985,35002.527756,1,1,1704903341
2024-01-04,0x0b25c51637c43decd6cc1c1e3da4518d54ddb528,381,0x3845db689ece1e8db5af208f77f44cc1c7171407,70303.010209,70303.010209,70200.74298,1,1,1704344843
2024-01-04,0x0b25c51637c43decd6cc1c1e3da4518d54ddb528,390,0x873d59965b2c97ecd536be8438153db432597b9d,67950.954155,67950.954155,33885.494001,1,1,1704927553
2024-01-04,0x0b25c51637c43decd6cc1c1e3da4518d54ddb528,398,0x48c7e0db3dad3fe4eb0513b86fe5c38ebb4e0f91,6638.176179,6638.176179,0.0,1,0,1704867749
2024-01-04,0x0b25c51637c43decd6cc1c1e3da4518d54ddb528,403,0xc3193e39f77c2ed59045cfffcdcacdda72f29987,65409.068511,65409.068511,65313.920321,1,1,1704889057
2024-01-04,0x0b25c51637c43decd6cc1c1e3da4518d54ddb528,408,0x79bd77fccfce56270c48c6bddb8ba7dac01bf875,0.0,0.0,63270.052716,0,1,1704917657
2024-01-04,0x0b25c51637c43decd6cc1c1e3da4518d54ddb528,411,0x089bf34290ff2767fbd1cda881566c76415a9c00,0.0,0.0,88226.82514,0,1,1704923733
2024-01-04,0x0b25c51637c43decd6cc1c1e3da4518d54ddb528,412,0xb1101c790731f62bd06cc5e91551fa523a20330d,63043.768543,63043.768543,0.0,1,0,1704877165
2024-01-04,0x0b25c51637c43decd6cc1c1e3da4518d54ddb528,420,0x8cc1547f2aebbbaa9466310355110427449a937f,0.0,0.0,60931.23474,0,1,1704923221
2024-01-04,0x0b25c51637c43decd6cc1c1e3da4518d54ddb528,421,0xee9a23404333361302790e905bd0f27603d39818,62109.71469,62109.71469,62019.365949,1,1,1704908831
2024-01-04,0x0b25c51637c43decd6cc1c1e3da4518d54ddb528,426,0x0e39b12dc1f8a69202838f540684fb5ac307c9c1,0.0,0.0,29428.149373,0,1,1704914147
2024-01-04,0x0b25c51637c43decd6cc1c1e3da4518d54ddb528,429,0x7798ba9512b5a684c12e31518923ea4221a41fb9,64862.362121,64862.362121,0.0,1,0,1704925667
2024-01-04,0x0b25c51637c43decd6cc1c1e3da4518d54ddb528,449,0xf6657bbcfeb5c2746e8c609e35018a5a8caa13fb,14280.088808,14280.088808,0.0,1,0,1704918221
2024-01-04,0x0b25c51637c43decd6cc1c1e3da4518d54ddb528,455,0xed96bc0fd61b87f3b7f6478e55db024e75972fac,50915.126608,50915.126608,51092.475079,1,1,1704869895
2024-01-04,0x0b25c51637c43decd6cc1c1e3da4518d54ddb528,466,0xdf2e0a3c668379e1b25901b3f719ebfd00f0bfbd,53469.412895,53469.412895,0.0,1,0,1704892143
2024-01-04,0x0b25c51637c43decd6cc1c1e3da4518d54ddb528,475,0xda1d9534bef3344fa5be3b644b767b349e7415c7,14172.411717,14172.411717,13858.728231,1,1,1704926539
2024-01-04,0x0b25c51637c43decd6cc1c1e3da4518d54ddb528,482,0xceff98a045a3732f3e26247a29ba5e7d52fe84b2,52541.579938,52541.579938,0.0,1,0,1704877073
2024-01-04,0x0b25c51637c43decd6cc1c1e3da4518d54ddb528,486,0x7ee615e93d2d58feb14e58ea93f3fb5940d227e4,25657.809439,25657.809439,0.0,1,0,1704885525
2024-01-04,0x0b25c51637c43decd6cc1c1e3da4518d54ddb528,492,0x0d137799300898b205df530df8aeed1dcdae80ea,70891.263892,70891.263892,0.0,1,0,1704866093
2024-01-04,0x0b25c51637c43decd6cc1c1e3da4518d54ddb528,504,0xcfba6d63ec822425775d3c509e60ff689c1ae1e7,4697.732594,4697.732594,4690.898973,1,1,1704906031
2024-01-04,0x0b25c51637c43decd6cc1c1e3da4518d54ddb528,519,0xa23bde7b73b4acc73918e2362e6a646761955c7c,0.0,0.0,26562.83827,0,1,1704918085
2024-01-04,0x0b25c51637c43decd6cc1c1e3da4518d54ddb528,523,0xde93a283495fa2834047b53871a8e4e09f96d841,0.0,0.0,11525.28846,0,1,1704911997
2024-01-04,0x0b25c51637c43decd6cc1c1e3da4518d54ddb528,530,0xb8923121c123edf84d349a9e923b15ced48d219c,65631.108972,65631.108972,58232.89551,1,1,1704905675
2024-01-04,0x0b25c51637c43decd6cc1c1e3da4518d54ddb528,536,0xf6ed81d5e9f61dd1ea21e96ae1d660ecc388ae4f,12248.456644,12248.456644,0.0,1,0,1704900951
2024-01-04,0x0b25c51637c43decd6cc1c1e3da4518d54ddb528,538,0x49fd1607a0b93334f090ebaf42c72babb38a0f76,0.0,0.0,42142.619909,0,1,1704920427
2024-01-04,0x0b25c51637c43decd6cc1c1e3da4518d54ddb528,544,0x16b00db74167b7469dda63b674ca9a3b1b70c439,20173.805931,20173.805931,0.0,1,0,1704925085
2024-01-04,0x0b25c51637c43decd6cc1c1e3da4518d54ddb528,545,0x9770e942e19aeb9fc935980ceb5ec81c10b1d030,40308.928712,40308.928712,0.0,1,0,1704918903
2024-01-04,0x0b25c51637c43decd6cc1c1e3da4518d54ddb528,548,0xb82e12d1da436611c5c94d535c3a40f5fb3f35ab,19991.539411,19991.539411,13194.416011,1,1,1704916911
2024-01-04,0x0b25c51637c43decd6cc1c1e3da4518d54ddb528,556,0x8019067c09ea6587383f728bdc708f41590a12ce,39585.011999,39585.011999,39527.429123,1,1,1704864867
2024-01-04,0x0b25c51637c43decd6cc1c1e3da4518d54ddb528,582,0xa1909f656e11086902c23ce4bc2ee1b4950adaee,37252.523602,37252.523602,37198.333712,1,1,1704898041
2024-01-04,0x0b25c51637c43decd6cc1c1e3da4518d54ddb528,588,0x37df0e34dc942d2ab60206748fb101fa51fd7992,37052.472246,37052.472246,0.0,1,0,1704909833
2024-01-04,0x0b25c51637c43decd6cc1c1e3da4518d54ddb528,590,0x69bbbfde43c49fc50f5647223da5ef4756d78659,36962.422524,36962.422524,36962.422524,1,1,1704926097
2024-01-04,0x0b25c51637c43decd6cc1c1e3da4518d54ddb528,592,0x133d20c739f76236eebace7bf5bfa751bff15a9f,0.0,0.0,37544.407371,0,1,1704920487
2024-01-04,0x0b25c51637c43decd6cc1c1e3da4518d54ddb528,599,0x21f59001e8543fbd84fcacade38b1a06274f0ca3,53315.585697,106631.171393,105788.729424,2,2,1704914411
2024-01-04,0x0b25c51637c43decd6cc1c1e3da4518d54ddb528,619,0x745bb4141d5cbaa249923d8b89bcd798a75fbc89,35061.28961,35061.28961,0.0,1,0,1704922667
2024-01-04,0x0b25c51637c43decd6cc1c1e3da4518d54ddb528,635,0xb83f754eb815e2100f4ba99aa61c299152b07145,178494.647596,178494.647596,178494.647596,1,1,1704925511
2024-01-04,0x0b25c51637c43decd6cc1c1e3da4518d54ddb528,664,0x577be3ed9a71e1c355f519bbdf5f09ba2018b1cc,31208.571774,31208.571774,31208.571774,1,1,1704883439
2024-01-04,0x0b25c51637c43decd6cc1c1e3da4518d54ddb528,684,0x2a23d0650db1c536e71aeb63ecd3daa0b52e66e1,49519.839835,345166.97286,392676.324021,4,4,1704850267
2024-01-04,0x0b25c51637c43decd6cc1c1e3da4518d54ddb528,692,0x6da02f6523fe3854a932b31cdce8b977b6724a1e,28512.985854,28512.985854,28512.985854,1,1,1704900793
2024-01-04,0x0b25c51637c43decd6cc1c1e3da4518d54ddb528,701,0xacd97a24977afa76d74c6ed7f363f6e4366f74bb,0.0,36358.663951,71806.121894,1,2,1704911239
2024-01-04,0x0b25c51637c43decd6cc1c1e3da4518d54ddb528,717,0x24b1bf98402c33a78c96178b833f89dbde7e76a7,25046.159488,25046.159488,24955.137144,1,1,1704862687
2024-01-04,0x0b25c51637c43decd6cc1c1e3da4518d54ddb528,718,0xe12dbb4320caa9035c5d104620aa7a0debcbd554,26467.674745,26467.674745,0.0,1,0,1704927011
2024-01-04,0x0b25c51637c43decd6cc1c1e3da4518d54ddb528,732,0x4d28d9893821cd060639ee99642978cbc1f8d52f,72812.561257,72812.561257,65555.118936,1,1,1704872681
2024-01-04,0x0b25c51637c43decd6cc1c1e3da4518d54ddb528,737,0x7d374fe73fd8358a93c53e978477f7ba4129be0c,34479.903441,34479.903441,0.0,1,0,1704903869
2024-01-04,0x0b25c51637c43decd6cc1c1e3da4518d54ddb528,750,0x24a3bde2bd95fe4c36894049e34501d340d9fd56,31548.530089,31548.530089,31103.219456,1,1,1704882547
2024-01-04,0x0b25c51637c43decd6cc1c1e3da4518d54ddb528,753,0xee57d8989170370a6f88b2f99395b81204117bf2,12705.609417,12705.609417,25411.218833,1,1,1704887265
2024-01-04,0x0b25c51637c43decd6cc1c1e3da4518d54ddb528,762,0xea840ad93de7e1c484ed4bafd387bb4641aba570,0.0,0.0,29678.465674,0,1,1704922483
2024-01-04,0x0b25c51637c43decd6cc1c1e3da4518d54ddb528,763,0x50cd86868d9326d9ce433bd9aa16aef91f6f461e,24173.074904,24173.074904,0.0,1,0,1704837947
2024-01-04,0x0b25c51637c43decd6cc1c1e3da4518d54ddb528,765,0x7cb158d3afe100d7bb4933cb5b4c5b16f5ef937b,6052.357468,6052.357468,24174.213297,1,1,1704919097
2024-01-04,0x0b25c51637c43decd6cc1c1e3da4518d54ddb528,768,0x6ad0e9ea8d43213dbaaf18ec11d02c75b4f9322d,25706.794266,25706.794266,0.0,1,0,1704926117
2024-01-04,0x0b25c51637c43decd6cc1c1e3da4518d54ddb528,771,0x79c80fb4431b23940c0ed3f5ce45ba71d0f03577,23783.696994,23783.696994,23749.099716,1,1,1704912763
2024-01-04,0x0b25c51637c43decd6cc1c1e3da4518d54ddb528,781,0x1e593f9fabd9a166fc6dd0ad8255a266fdfb490e,0.0,0.0,24788.141799,0,1,1704903607
2024-01-04,0x0b25c51637c43decd6cc1c1e3da4518d54ddb528,790,0x6de6e901bbefd26a9888798a25e4a49309d04ca9,22547.131834,22547.131834,0.0,1,0,1704924897
2024-01-04,0x0b25c51637c43decd6cc1c1e3da4518d54ddb528,798,0x6a018ad51de844243ce7fb743c3e5f4481df6858,4432.36808,4432.36808,5540.460101,1,1,1704901005
2024-01-04,0x0b25c51637c43decd6cc1c1e3da4518d54ddb528,800,0xd9e393321f61a2f476431aba1407f1f12e273f21,22108.741017,22108.741017,22018.195875,1,1,1704916641
2024-01-04,0x0b25c51637c43decd6cc1c1e3da4518d54ddb528,809,0x6de6e901bbefd26a9888798a25e4a49309d04ca9,21795.381042,21795.381042,0.0,1,0,1704924847
2024-01-04,0x0b25c51637c43decd6cc1c1e3da4518d54ddb528,810,0x609470c2f08ff626078ba64ceb905d73b155089d,21661.213732,21661.213732,0.0,1,0,1704876527
2024-01-04,0x0b25c51637c43decd6cc1c1e3da4518d54ddb528,811,0xadc1d13acf57ea12cdf14679177fd669221adf2c,21623.696164,21623.696164,21369.008053,1,1,1704894147
2024-01-04,0x0b25c51637c43decd6cc1c1e3da4518d54ddb528,814,0x6de6e901bbefd26a9888798a25e4a49309d04ca9,21507.181832,21507.181832,0.0,1,0,1704924877
2024-01-04,0x0b25c51637c43decd6cc1c1e3da4518d54ddb528,815,0x6de6e901bbefd26a9888798a25e4a49309d04ca9,21480.846467,21480.846467,0.0,1,0,1704924955
2024-01-04,0x0b25c51637c43decd6cc1c1e3da4518d54ddb528,817,0x6de6e901bbefd26a9888798a25e4a49309d04ca9,21447.165906,21447.165906,0.0,1,0,1704924927
2024-01-04,0x0b25c51637c43decd6cc1c1e3da4518d54ddb528,823,0xfc101ee05afe9843c37fb7fdd5a64b9dc47411b6,0.0,0.0,13415.283204,0,1,1704776337
2024-01-04,0x0b25c51637c43decd6cc1c1e3da4518d54ddb528,827,0xe2952771c80d9b9c77a32e47d985bb3ff4e5a93d,0.0,0.0,13700.377951,0,1,1704776417
2024-01-04,0x0b25c51637c43decd6cc1c1e3da4518d54ddb528,828,0xb5e00b32bbea4a4ecc7a28fd7f7a1248bd2822c9,20591.913574,20591.913574,0.0,1,0,1704890215
2024-01-04,0x0b25c51637c43decd6cc1c1e3da4518d54ddb528,830,0x25953e9d83dfb9e339dad7280b629d693cababf2,20539.378568,20539.378568,20539.378568,1,1,1704927143
2024-01-04,0x0b25c51637c43decd6cc1c1e3da4518d54ddb528,842,0x58bcf1ac25551dd4eb790f2ef68c1857dcd67d9b,5187.070237,5187.070237,20718.09918,1,1,1704925315
2024-01-04,0x0b25c51637c43decd6cc1c1e3da4518d54ddb528,879,0x34ff77a853a14579d2120ac08c5e342cee08ad71,0.0,0.0,3731.055158,0,1,1704926961
2024-01-04,0x0b25c51637c43decd6cc1c1e3da4518d54ddb528,900,0x0899a0b74ebab3f637b59dbf90883e6df481fe00,18320.809309,18320.809309,18294.158695,1,1,1704900887
2024-01-04,0x0b25c51637c43decd6cc1c1e3da4518d54ddb528,911,0x8950d9117c136b29a9b1ae8cd38db72226404243,17595.105668,17595.105668,17569.510709,1,1,1704903061
2024-01-04,0x0b25c51637c43decd6cc1c1e3da4518d54ddb528,921,0xa2f07232275cdf8463a5115723c9d73085a2fc17,0.0,0.0,11887.44999,0,1,1704776245
2024-01-04,0x0b25c51637c43decd6cc1c1e3da4518d54ddb528,945,0xa66daaf3e6736cce993b56eced596512a7911df8,23965.332998,23965.332998,23965.332998,1,1,1704921691
2024-01-04,0x0b25c51637c43decd6cc1c1e3da4518d54ddb528,946,0x4523b791292da89a9194b61ba4cd9d98f2af68e0,4159.585083,4159.585083,8307.068572,1,1,1704923239
2024-01-04,0x0b25c51637c43decd6cc1c1e3da4518d54ddb528,948,0xc0c900871fffb8a3e8373d040a16d2b179398b40,17477.373014,17477.373014,0.0,1,0,1704892479
2024-01-04,0x0b25c51637c43decd6cc1c1e3da4518d54ddb528,957,0x77d4d1d555533652815c2f12171ae7f45b6332b2,16329.687855,16329.687855,16305.933653,1,1,1704921663
2024-01-04,0x0b25c51637c43decd6cc1c1e3da4518d54ddb528,1000,0x97f9f6571cda07b8a93e9828812173e0939f7ef6,15103.01942,15103.01942,15103.01942,1,1,1704927497
2024-01-04,0x0b25c51637c43decd6cc1c1e3da4518d54ddb528,1002,0xaaa5367b0f777e88f3291b572eb27e798526f5c5,27236.000007,27236.000007,0.0,1,0,1704922169
2024-01-04,0x0b25c51637c43decd6cc1c1e3da4518d54ddb528,1038,0x5eda2dc136986fc88d4df5696bc464f96a20268a,3515.845048,3515.845048,3501.426454,1,1,1704879427
2024-01-04,0x0b25c51637c43decd6cc1c1e3da4518d54ddb528,1046,0x08f518870ec33bc96cc251692b79a745c1af78b5,0.0,0.0,13862.614723,0,1,1704918189
2024-01-04,0x0b25c51637c43decd6cc1c1e3da4518d54ddb528,1056,0xeb4576fe753dab07635c0bb6c8f0a355e1db5d31,0.0,0.0,10613.375241,0,1,1704862225
2024-01-04,0x0b25c51637c43decd6cc1c1e3da4518d54ddb528,1092,0x3823a62339c5e9a75990efd1f91cdeff73bda609,0.0,0.0,12985.016446,0,1,1704892133
2024-01-04,0x0b25c51637c43decd6cc1c1e3da4518d54ddb528,1103,0xf20fdc9a62de0b4724580eebb867e34fe0c6e5cf,12842.622931,12842.622931,0.0,1,0,1704874371
2024-01-04,0x0b25c51637c43decd6cc1c1e3da4518d54ddb528,1105,0x2ea2ce595bd68a0cd1fd34b06df98970952fe4d2,18490.356493,18490.356493,17834.126047,1,1,1704914097
2024-01-04,0x0b25c51637c43decd6cc1c1e3da4518d54ddb528,1108,0x5ffd5cec88490d984d3f83496592b65c1225871c,150297.296397,150297.296397,150796.210604,1,1,1704871193
2024-01-04,0x0b25c51637c43decd6cc1c1e3da4518d54ddb528,1125,0x012ed994df76022637f79ff9e209d7d44a4d1c8e,12417.469136,12417.469136,0.0,1,0,1704927155
2024-01-04,0x0b25c51637c43decd6cc1c1e3da4518d54ddb528,1129,0x56e08babb8bf928bd8571d2a2a78235ae57ae5bd,3381.282892,3381.282892,3357.193652,1,1,1704925299
2024-01-04,0x0b25c51637c43decd6cc1c1e3da4518d54ddb528,1169,0xf9e1d1e9f22c96752356adfd377231528c7e851e,11764.969212,11764.969212,0.0,1,0,1704915815
2024-01-04,0x0b25c51637c43decd6cc1c1e3da4518d54ddb528,1176,0x8844126ca5defee105ae50e5089933768ccf9999,11474.110655,11474.110655,0.0,1,0,1704885281
2024-01-04,0x0b25c51637c43decd6cc1c1e3da4518d54ddb528,1192,0xd0c786157a01042a183dfa9cf20f561a0d7fff79,36288.895739,36288.895739,36186.894346,1,1,1704878147
2024-01-04,0x0b25c51637c43decd6cc1c1e3da4518d54ddb528,1211,0x1d5faae928712c3db5543dc887c996e06e54cc0b,10716.963477,10716.963477,0.0,1,0,1704902379
2024-01-04,0x0b25c51637c43decd6cc1c1e3da4518d54ddb528,1220,0x45821aaa1d5923eb66363f82b9f37e2fef758433,10727.368301,10727.368301,10683.434949,1,1,1704915823
2024-01-04,0x0b25c51637c43decd6cc1c1e3da4518d54ddb528,1227,0x80ca39a504f37081ba2805420d234ddc9dab9d45,10553.699704,10553.699704,0.0,1,0,1704924303
2024-01-04,0x0b25c51637c43decd6cc1c1e3da4518d54ddb528,1234,0x5a6e9ba01afdcec6bbf20d02493047fa8ccb5b98,10482.42327,10482.42327,10467.174871,1,1,1704927237
2024-01-04,0x0b25c51637c43decd6cc1c1e3da4518d54ddb528,1245,0x6b879c078ea4cc27bbdb486fcaa4fa27e6cbe97a,135545.2963,135545.2963,0.0,1,0,1704860217
2024-01-04,0x0b25c51637c43decd6cc1c1e3da4518d54ddb528,1246,0x9dd0a901019a1cbf910793cbbd365ca4f77dbb12,0.0,0.0,5295.602834,0,1,1704464593
2024-01-04,0x0b25c51637c43decd6cc1c1e3da4518d54ddb528,1276,0xef0c7668af2e04bc8cb8dfa321e5f9159f4bafe4,9808.125752,9808.125752,0.0,1,0,1704854125
2024-01-04,0x0b25c51637c43decd6cc1c1e3da4518d54ddb528,1278,0x8a2e722c2f167283e38ffee0ee5f1a035596915f,0.0,0.0,9997.060197,0,1,1704915803
2024-01-04,0x0b25c51637c43decd6cc1c1e3da4518d54ddb528,1294,0x2cafb5b9dc0bbf8afda42b652e404bdfe998e2d9,9534.072162,9534.072162,0.0,1,0,1704922631
2024-01-04,0x0b25c51637c43decd6cc1c1e3da4518d54ddb528,1300,0x28c783bd0bad451861807cd48d250dc8ad5ec8f9,0.0,0.0,9566.003561,0,1,1704368761
2024-01-04,0x0b25c51637c43decd6cc1c1e3da4518d54ddb528,1307,0x49f5b5827f834a8a5aa8abbf7d4b63cafa25245b,9895.004008,9895.004008,0.0,1,0,1704927025
2024-01-04,0x0b25c51637c43decd6cc1c1e3da4518d54ddb528,1332,0x3ca439c192dd92c859c1c3097cca4088eb13f865,8982.81729,8982.81729,0.0,1,0,1704863757
2024-01-04,0x0b25c51637c43decd6cc1c1e3da4518d54ddb528,1360,0xacc2c59c954048fe4fc8d9f1c5dcc8b93afe53bf,8647.879996,8647.879996,8647.879996,1,1,1704835691
2024-01-04,0x0b25c51637c43decd6cc1c1e3da4518d54ddb528,1392,0x6a0d078799f60c9a4a8c325e07800db05cc4e0ef,8480.282194,8480.282194,8467.946236,1,1,1704903149
2024-01-04,0x0b25c51637c43decd6cc1c1e3da4518d54ddb528,1401,0xf75200b7684a120fba433145609112616749c082,0.0,0.0,8299.709392,0,1,1704752511
2024-01-04,0x0b25c51637c43decd6cc1c1e3da4518d54ddb528,1428,0xc1c1fdadd3f76ff4e34f6f3f0b00f4db9b539a8f,18865.078233,18865.078233,0.0,1,0,1704917799
2024-01-04,0x0b25c51637c43decd6cc1c1e3da4518d54ddb528,1465,0xf6081c039aa4df979d57aff3fe1e0d10ad5927b2,7728.968241,7728.968241,0.0,1,0,1704927479
2024-01-04,0x0b25c51637c43decd6cc1c1e3da4518d54ddb528,1469,0x8fc4faa9dd274dc801ca629234e83183031634ec,2003.356995,2003.356995,2000.442784,1,1,1704904541
2024-01-04,0x0b25c51637c43decd6cc1c1e3da4518d54ddb528,1472,0xf1f57b31a953f8e481c5c8f52fe38600268dba14,0.0,0.0,1910.75733,0,1,1704771693
2024-01-04,0x0b25c51637c43decd6cc1c1e3da4518d54ddb528,1520,0xa2d35e418814a8b6367c66a5ac2fec8ea16332b2,0.0,0.0,3592.674176,0,1,1704781459
2024-01-04,0x0b25c51637c43decd6cc1c1e3da4518d54ddb528,1521,0xdd84ce1adcb3a4908db61a1dfa3353c3974c5a2b,0.0,0.0,2438.238849,0,1,1704693989
2024-01-04,0x0b25c51637c43decd6cc1c1e3da4518d54ddb528,1534,0xaf0b68a684e2b7961a0b6078e36f43d6e990e54b,0.0,0.0,12750.568463,0,1,1704914509
2024-01-04,0x0b25c51637c43decd6cc1c1e3da4518d54ddb528,1565,0xac858f98be6124ee42d776fa626328db1c562e23,0.0,0.0,7471.835409,0,1,1704921459
2024-01-04,0x0b25c51637c43decd6cc1c1e3da4518d54ddb528,1626,0xddd7148286c3df9fa0d5499d55f341179795aeb0,6388.474657,6388.474657,0.0,1,0,1704922565
2024-01-04,0x0b25c51637c43decd6cc1c1e3da4518d54ddb528,1631,0x3e3672b23eb22946a31263d2d178bf0fb1f4bbfd,6354.7477,6354.7477,0.0,1,0,1704885347
2024-01-04,0x0b25c51637c43decd6cc1c1e3da4518d54ddb528,1658,0x4a2490c461d8bdcc0d7b6c2f7851d845d4fe4ab8,6186.844691,6186.844691,6186.844691,1,1,1704904977
2024-01-04,0x0b25c51637c43decd6cc1c1e3da4518d54ddb528,1663,0xf8d64874eae3da370c9e7b4cd3522e581737985a,6149.633249,6149.633249,0.0,1,0,1704913369
2024-01-04,0x0b25c51637c43decd6cc1c1e3da4518d54ddb528,1670,0x161d9b5d6e3ed8d9c1d36a7caf971901c60b9222,6176.647813,6176.647813,6167.662869,1,1,1704923713
2024-01-04,0x0b25c51637c43decd6cc1c1e3da4518d54ddb528,1762,0x6708cfc9aad523f63be6ce23ef082a79af705992,5328.382001,5328.382001,0.0,1,0,1704887523
2024-01-04,0x0b25c51637c43decd6cc1c1e3da4518d54ddb528,1775,0xf22862b5c8d5a17a68536521e0c82c5387bd65af,10849.327633,10849.327633,10736.006573,1,1,1704882053
2024-01-04,0x0b25c51637c43decd6cc1c1e3da4518d54ddb528,1777,0x920bcba669734d63db9899e968959e99adcfe850,0.0,0.0,5238.283505,0,1,1704927413
2024-01-04,0x0b25c51637c43decd6cc1c1e3da4518d54ddb528,1778,0x0a862efcbfcb4f63ee339950bd2414062107e079,5665.620905,5665.620905,0.0,1,0,1704897013
2024-01-04,0x0b25c51637c43decd6cc1c1e3da4518d54ddb528,1795,0x442ed3e7d89d44180ea826675c5d6e5b350e0f4c,0.0,0.0,2566.514133,0,1,1704895113
2024-01-04,0x0b25c51637c43decd6cc1c1e3da4518d54ddb528,1805,0xae864413489b508175997e0ed00bd9c01484c846,0.0,0.0,5053.294652,0,1,1704923709
2024-01-04,0x0b25c51637c43decd6cc1c1e3da4518d54ddb528,1811,0x410f2959ee9c8115ca6cf0f817b14373b63b5d4c,3000.555655,3000.555655,3000.555655,1,1,1704925817
2024-01-04,0x0b25c51637c43decd6cc1c1e3da4518d54ddb528,1851,0x43c3ecaf74d44700a7821f3ea58ceae569d7158c,0.0,6040.044594,11994.18126,1,2,1704384311
2024-01-04,0x0b25c51637c43decd6cc1c1e3da4518d54ddb528,1920,0x00c67d9d6d3d13b42a87424e145826c467cccd84,0.0,0.0,4513.198549,0,1,1704796401
2024-01-04,0x0b25c51637c43decd6cc1c1e3da4518d54ddb528,1937,0x9f05a7a5d012321d06a501a671ce3ae85bcd551f,4485.357846,4485.357846,0.0,1,0,1704823313
2024-01-04,0x0b25c51637c43decd6cc1c1e3da4518d54ddb528,1938,0x58603461149fc2a800a56d421e77dcbba2d83ca8,4494.736046,4494.736046,4488.197717,1,1,1704891909
2024-01-04,0x0b25c51637c43decd6cc1c1e3da4518d54ddb528,1945,0x116f282adca7a37e59668d80400d2e4277dac80a,11013.462044,11013.462044,11052.610776,1,1,1704927143
2024-01-04,0x0b25c51637c43decd6cc1c1e3da4518d54ddb528,2001,0x8e1378c5c12b3207edef52204a1c81c170818e62,7272.063026,7272.063026,0.0,1,0,1704917975
2024-01-04,0x0b25c51637c43decd6cc1c1e3da4518d54ddb528,2026,0x51cfa61222807b1b9b00f92e21f0bded7796e9a9,4178.40602,4178.40602,4178.40602,1,1,1704883543
2024-01-04,0x0b25c51637c43decd6cc1c1e3da4518d54ddb528,2055,0x264827b8dd1ca3ef6afb080241b3d3d8de8178b3,5608.421373,5608.421373,0.0,1,0,1704927481
2024-01-04,0x0b25c51637c43decd6cc1c1e3da4518d54ddb528,2067,0x2ce1a66f22a2dc6e410d9021d57aeb8d13d6bfef,4070.699854,4070.699854,0.0,1,0,1704817789
2024-01-04,0x0b25c51637c43decd6cc1c1e3da4518d54ddb528,2088,0xba90b576573d9b2563d752a30c4cee502c15c371,4089.869981,4089.869981,4083.920596,1,1,1704923801
2024-01-04,0x0b25c51637c43decd6cc1c1e3da4518d54ddb528,2104,0xe7168d1dbccae469491922763c5feaad64244170,4129.053977,4129.053977,4087.177717,1,1,1704861759
2024-01-04,0x0b25c51637c43decd6cc1c1e3da4518d54ddb528,2135,0xa32ed73eae62f165e3b3ddbeb19100e3cfe17fc3,41647.609337,41647.609337,41587.026076,1,1,1704922679
2024-01-04,0x0b25c51637c43decd6cc1c1e3da4518d54ddb528,2166,0x509814af024e569f6f9bdbd1400a1a1576a90622,3894.009258,3894.009258,0.0,1,0,1704824107
2024-01-04,0x0b25c51637c43decd6cc1c1e3da4518d54ddb528,2208,0xbbcc2e027a065d7c4e1fdca27885b1783348448c,3797.357985,3797.357985,3797.357985,1,1,1704886429
2024-01-04,0x0b25c51637c43decd6cc1c1e3da4518d54ddb528,2210,0x9f05a7a5d012321d06a501a671ce3ae85bcd551f,3798.61409,3798.61409,0.0,1,0,1704823331
2024-01-04,0x0b25c51637c43decd6cc1c1e3da4518d54ddb528,2245,0x0436bfa5fe3653bdcf9053459b6f2e9ffc093306,3652.057104,3652.057104,3652.057104,1,1,1704910459
2024-01-04,0x0b25c51637c43decd6cc1c1e3da4518d54ddb528,2261,0xde7667870f823e899b1d21cce01ed690e4c80f51,1119.177849,1119.177849,1015.061217,1,1,1704924791
2024-01-04,0x0b25c51637c43decd6cc1c1e3da4518d54ddb528,2288,0x6415a12867ff9c118dd8c4a7fdf41ff0ac879c20,3563.063246,3563.063246,3563.063246,1,1,1704921361
2024-01-04,0x0b25c51637c43decd6cc1c1e3da4518d54ddb528,2289,0xb11fe701874bf43197702b53ebdb304b0a1be053,3660.123964,3660.123964,0.0,1,0,1704923905
2024-01-04,0x0b25c51637c43decd6cc1c1e3da4518d54ddb528,2330,0x3845db689ece1e8db5af208f77f44cc1c7171407,153451.567377,153451.567377,0.0,1,0,1704344827
2024-01-04,0x0b25c51637c43decd6cc1c1e3da4518d54ddb528,2352,0x514fab6ca1213f22db9f7e1bd461986abaee93b1,4122.366374,4122.366374,4038.475513,1,1,1704468571
2024-01-04,0x0b25c51637c43decd6cc1c1e3da4518d54ddb528,2355,0x8fb66dbf6a4d1cdaed5b72135324f345fa6c9b83,4068.569153,4068.569153,3985.275938,1,1,1704467817
2024-01-04,0x0b25c51637c43decd6cc1c1e3da4518d54ddb528,2357,0xfd6696e745434d6bc6af360ebcf81876cde48d90,4110.435361,4110.435361,4027.218948,1,1,1704467813
2024-01-04,0x0b25c51637c43decd6cc1c1e3da4518d54ddb528,2361,0xcbdfb1f0988749f791e265f60a485cc0f996a1cb,4069.72156,4069.72156,3985.753216,1,1,1704467813
2024-01-04,0x0b25c51637c43decd6cc1c1e3da4518d54ddb528,2362,0xbaa9b493bccbe1a900b39870980f41356f85822a,10714.556343,10714.556343,4273.767425,1,1,1704900145
2024-01-04,0x0b25c51637c43decd6cc1c1e3da4518d54ddb528,2372,0x4eb4ff4206b92b28383819275a91be201899467a,4107.541481,4107.541481,4042.248549,1,1,1704468283
2024-01-04,0x0b25c51637c43decd6cc1c1e3da4518d54ddb528,2375,0x2e7f0f4dabdfe46f743e7dd3eedb86b92cf78494,4120.229146,4120.229146,4054.025568,1,1,1704468285
2024-01-04,0x0b25c51637c43decd6cc1c1e3da4518d54ddb528,2376,0xc03edd677a9f4ed8128532a9b31e9a3fc2efffb2,4167.542173,4167.542173,4100.456499,1,1,1704468283
2024-01-04,0x0b25c51637c43decd6cc1c1e3da4518d54ddb528,2381,0x8fc4a12a6f356d51417339043421f6c434f3e3df,4152.856825,4152.856825,4086.227206,1,1,1704468287
2024-01-04,0x0b25c51637c43decd6cc1c1e3da4518d54ddb528,2382,0x657a38e6994cb578351376dcdb077330d00665d6,3416.511921,3416.511921,3416.511921,1,1,1704924611
2024-01-04,0x0b25c51637c43decd6cc1c1e3da4518d54ddb528,2397,0xba971f58a00e8ffc7e91c0e8e7efccbfbfe8f09e,129044.911668,129044.911668,128857.194733,1,1,1704923017
2024-01-04,0x0b25c51637c43decd6cc1c1e3da4518d54ddb528,2402,0x3af395f085ac04dc4fc26c247d6b8bf11b282b8a,3380.708836,3380.708836,0.0,1,0,1704841173
2024-01-04,0x0b25c51637c43decd6cc1c1e3da4518d54ddb528,2434,0xd2d0b9e9168790ec17ac1dfbedaed5ee2380fe6b,3501.067705,3501.067705,0.0,1,0,1704924373
2024-01-04,0x0b25c51637c43decd6cc1c1e3da4518d54ddb528,2472,0xe74b3696c6d93716ce01472125be3b9c74aa378b,3291.503056,3291.503056,3291.503056,1,1,1704872665
2024-01-04,0x0b25c51637c43decd6cc1c1e3da4518d54ddb528,2487,0x3177bdcb49b717864a2fd9b26df27c82471519c9,0.0,0.0,3275.643208,0,1,1704330175
2024-01-04,0x0b25c51637c43decd6cc1c1e3da4518d54ddb528,2505,0x7f8374961620a370c47eedb599076320d5c82c9b,3264.251637,3264.251637,3250.883072,1,1,1704909123
2024-01-04,0x0b25c51637c43decd6cc1c1e3da4518d54ddb528,2510,0x2afeb9ac4196037c575b45ada553b70ec80d40df,0.0,0.0,5118.720079,0,1,1704751297
2024-01-04,0x0b25c51637c43decd6cc1c1e3da4518d54ddb528,2571,0xfc7c1d00b2ec6d3653e9de72590684456846c53d,0.0,0.0,3301.749006,0,1,1704922303
2024-01-04,0x0b25c51637c43decd6cc1c1e3da4518d54ddb528,2629,0xe012d8ecff24057e3a47c93f44ff6eb9d1ba2f4f,3063.752077,3063.752077,0.0,1,0,1704924637
2024-01-04,0x0b25c51637c43decd6cc1c1e3da4518d54ddb528,2697,0x5115b261fb75084af050349020f09164cb8fe059,2948.279634,2948.279634,2948.279634,1,1,1704805605
2024-01-04,0x0b25c51637c43decd6cc1c1e3da4518d54ddb528,2698,0x924af56089af7aeb6c211ee3781e24b7444cc216,3730.287051,3730.287051,0.0,1,0,1704889821
2024-01-04,0x0b25c51637c43decd6cc1c1e3da4518d54ddb528,2755,0x27f34c4f30f11a6a9698d9711573a1319c6a135d,2074.936979,2074.936979,2074.936979,1,1,1704886365
2024-01-04,0x0b25c51637c43decd6cc1c1e3da4518d54ddb528,2882,0x5e9b1a78a998c5370946bc779c285c8396847cbd,0.0,0.0,2236.498734,0,1,1704919093
2024-01-04,0x0b25c51637c43decd6cc1c1e3da4518d54ddb528,2902,0xf84368dcc03dbd47a6567b7267f573c28b2f07fa,585.750987,585.750987,585.750987,1,1,1704912941
2024-01-04,0x0b25c51637c43decd6cc1c1e3da4518d54ddb528,2956,0xd4245cb7e14ad1309fd999c63ac84901700a8899,2254.432049,2254.432049,2251.152609,1,1,1704885919
2024-01-04,0x0b25c51637c43decd6cc1c1e3da4518d54ddb528,3007,0x6a4d00bc2a921e9bf5397cecba78c6802be3702f,17633.096307,35173.3264,35080.460186,2,2,1704924667
2024-01-04,0x0b25c51637c43decd6cc1c1e3da4518d54ddb528,3032,0x29964b7c46144d79457473661f99f725d4fdf0e3,2910.249813,2910.249813,2910.249813,1,1,1704836619
2024-01-04,0x0b25c51637c43decd6cc1c1e3da4518d54ddb528,3036,0x3f6364f662b0127a3430bb9a9fc16b602da9a188,2415.337507,2415.337507,2415.337507,1,1,1704884777
2024-01-04,0x0b25c51637c43decd6cc1c1e3da4518d54ddb528,3047,0xbee2d469aacb46251ae33cca91f482e26c971dff,948.047286,948.047286,692.316832,1,1,1704922543
2024-01-04,0x0b25c51637c43decd6cc1c1e3da4518d54ddb528,3061,0x5e14c52c105c036c61ac707468f462003dc17c94,1875.730694,1875.730694,0.0,1,0,1704892741
2024-01-04,0x0b25c51637c43decd6cc1c1e3da4518d54ddb528,3090,0x64836f2ba7f1036d5126ad20a2dc0ffef119a63c,1817.792825,1817.792825,1817.792825,1,1,1704905071
2024-01-04,0x0b25c51637c43decd6cc1c1e3da4518d54ddb528,3097,0x28893320e3ec737271510b92b3efe948144a396e,0.0,0.0,2502.53489,0,1,1704918921
2024-01-04,0x0b25c51637c43decd6cc1c1e3da4518d54ddb528,3106,0xb4fbd802d9dc5c0208346c311bcb6b9ecff468c6,0.0,0.0,1912.395044,0,1,1704918513
2024-01-04,0x0b25c51637c43decd6cc1c1e3da4518d54ddb528,3121,0xd6d29ce0996f3be82f171af75c64ecd61549112a,0.0,0.0,1903.204457,0,1,1704686159
2024-01-04,0x0b25c51637c43decd6cc1c1e3da4518d54ddb528,3266,0x7b329c7feffadc2217d9745e6e4cd28aa5434363,1641.380348,1641.380348,1641.380348,1,1,1704903937
2024-01-04,0x0b25c51637c43decd6cc1c1e3da4518d54ddb528,3380,0xbe5c3717205ef314f01a280cc552b95aa9da4757,1481.797542,1481.797542,0.0,1,0,1704889181
2024-01-04,0x0b25c51637c43decd6cc1c1e3da4518d54ddb528,3500,0x839537454e13afeb1ad0d1b445ad530c994d26ba,1342.067507,1342.067507,0.0,1,0,1704863065
2024-01-04,0x0b25c51637c43decd6cc1c1e3da4518d54ddb528,3781,0xaf11495f021c5c2c5f5230f40d5d57ebe4059700,28808.415035,28808.415035,0.0,1,0,1704924225
2024-01-04,0x0b25c51637c43decd6cc1c1e3da4518d54ddb528,3880,0x96a1e88dc09887de698b9b4bc722ab505d2be452,2609.215833,2609.215833,0.0,1,0,1704886179
2024-01-04,0x0b25c51637c43decd6cc1c1e3da4518d54ddb528,3934,0xd28f5dac3c8069339a7f48ec4a06402274470961,0.0,0.0,882.795881,0,1,1704892553
2024-01-04,0x0b25c51637c43decd6cc1c1e3da4518d54ddb528,4011,0x6322872f335dde0d4b44537f69fbae74bbed39de,204.110623,204.110623,408.221246,1,1,1704812733
2024-01-04,0x0b25c51637c43decd6cc1c1e3da4518d54ddb528,4031,0xf82bd0b306cceb8fc0366002b1b1ed1485a0dfdb,800.218756,800.218756,800.218756,1,1,1704927427
2024-01-04,0x0b25c51637c43decd6cc1c1e3da4518d54ddb528,4040,0x31e01a9b0796e131b5661eeaeb93981315b7d8d5,11901.947191,11901.947191,11749.582685,1,1,1704466347
2024-01-04,0x0b25c51637c43decd6cc1c1e3da4518d54ddb528,4299,0x942114d2222af79422d11ddb0a96ddf2997fecb9,1122.212489,1122.212489,1122.212489,1,1,1704920287
2024-01-04,0x0b25c51637c43decd6cc1c1e3da4518d54ddb528,4512,0xda844e1ec97b0bab57f6d33f59b225ba57f0f0c9,517.075009,517.075009,0.0,1,0,1704892807
2024-01-04,0x0b25c51637c43decd6cc1c1e3da4518d54ddb528,4610,0x7adeb9c2181d693d08dd0cf5dd51bf165cdfc7d1,356.021815,356.021815,474.695753,1,1,1704918307
2024-01-04,0x0b25c51637c43decd6cc1c1e3da4518d54ddb528,4613,0x12ed17d0061c89362a1fd0ba9aa960d68b97bd79,237.017158,237.017158,237.017158,1,1,1704906699
2024-01-04,0x0b25c51637c43decd6cc1c1e3da4518d54ddb528,4704,0xa4c136dc1b03a934a06a0ba21d22ad5e4d4a7f10,446.471767,446.471767,0.0,1,0,1704891965
2024-01-04,0x0b25c51637c43decd6cc1c1e3da4518d54ddb528,4758,0xccbe6dc54b1908cf97dac2e0c32249ecd3179d5f,446.523445,446.523445,446.523445,1,1,1704920319
2024-01-04,0x0b25c51637c43decd6cc1c1e3da4518d54ddb528,4799,0xac57b566e6d2c76174317c2870f1f66276c96746,532.973409,532.973409,532.973409,1,1,1704884717
2024-01-04,0x0b25c51637c43decd6cc1c1e3da4518d54ddb528,4837,0x95b0cb330519db2bcaf74b90c1bde3d62f673718,210.223062,210.223062,210.223062,1,1,1704901201
2024-01-04,0x0b25c51637c43decd6cc1c1e3da4518d54ddb528,4946,0xb6c8cabc2150083261d541a3011a658a36ca55b9,0.0,0.0,406.641037,0,1,1704435229
2024-01-04,0x0b25c51637c43decd6cc1c1e3da4518d54ddb528,4993,0x95f615c88f791351b414322a0a7f9cc7354ae19f,0.0,308.27413,609.735461,1,2,1704643679
2024-01-04,0x0b25c51637c43decd6cc1c1e3da4518d54ddb528,5059,0x57b90a59920e3a88af8317e30ea0e3b6a26c89f4,1141.637246,1141.637246,0.0,1,0,1704847359
2024-01-04,0x0b25c51637c43decd6cc1c1e3da4518d54ddb528,5124,0xdacbf0f8199c1e5ae5356a9d3a3b7d5f3e131360,480.279314,480.279314,480.279314,1,1,1704884533
2024-01-04,0x0b25c51637c43decd6cc1c1e3da4518d54ddb528,5125,0xc342e5440d1bb36a5e4bc87542364f42d9a07d83,391.383529,391.383529,0.0,1,0,1704891431
2024-01-04,0x0b25c51637c43decd6cc1c1e3da4518d54ddb528,5237,0xa1efc03fe3318cc186bc48809a30b2fed31a2423,0.0,0.0,384.349337,0,1,1704893525
2024-01-04,0x0b25c51637c43decd6cc1c1e3da4518d54ddb528,5290,0x0a672383bc609c8dc0a746e358cae1a7db555aff,490.144071,490.144071,490.144071,1,1,1704884423
2024-01-04,0x0b25c51637c43decd6cc1c1e3da4518d54ddb528,5299,0xe8eda53fde3cc6149989ca8aa8a2354f0a287b51,381.325166,381.325166,0.0,1,0,1704862503
2024-01-04,0x0b25c51637c43decd6cc1c1e3da4518d54ddb528,5351,0x23fcf8d02b1b515ca40ec908463626c1759c2756,378.662768,378.662768,378.662768,1,1,1704883939
2024-01-04,0x0b25c51637c43decd6cc1c1e3da4518d54ddb528,5423,0xf01140a33593d481b9482561fa62a7a1e05ff81c,486.757616,486.757616,486.757616,1,1,1704884335
2024-01-04,0x0b25c51637c43decd6cc1c1e3da4518d54ddb528,5500,0x4f356412d6264eb2d55b48ac711e02cd0a4eda31,0.0,0.0,371.795039,0,1,1704904413
2024-01-04,0x0b25c51637c43decd6cc1c1e3da4518d54ddb528,5505,0xfb245db74da26226cf183f13287f7110c27fd0c7,491.322918,491.322918,491.322918,1,1,1704884199
2024-01-04,0x0b25c51637c43decd6cc1c1e3da4518d54ddb528,5545,0x4bfd8ef76f883b04b2ce6d66f4ba0fca7237832e,370.087575,370.087575,370.087575,1,1,1704857105
2024-01-04,0x0b25c51637c43decd6cc1c1e3da4518d54ddb528,5636,0x01788e63e54d738f0dac036de1392284d467897f,368.274505,368.274505,368.274505,1,1,1704882191
2024-01-04,0x0b25c51637c43decd6cc1c1e3da4518d54ddb528,5704,0x8a7cd852dfee6a5c05a8f049a17a14361f8e5ea7,366.324587,366.324587,366.324587,1,1,1704880723
2024-01-04,0x0b25c51637c43decd6cc1c1e3da4518d54ddb528,5730,0x8e3c3084dc48cac05e46346849125f684160b117,448.693789,448.693789,448.693789,1,1,1704884591
2024-01-04,0x0b25c51637c43decd6cc1c1e3da4518d54ddb528,5738,0x79f91e61466426e50499b9bd56e46ac2f9df78e6,365.299355,365.299355,365.299355,1,1,1704883005
2024-01-04,0x0b25c51637c43decd6cc1c1e3da4518d54ddb528,5765,0x5d781a5e0d360006b28c96f383d54f6b622044ab,0.0,0.0,21056.747493,0,1,1704821309
2024-01-04,0x0b25c51637c43decd6cc1c1e3da4518d54ddb528,5789,0x26ef296bd133aa54aaefeeedae62502b78e2e301,473.443505,473.443505,473.443505,1,1,1704884259
2024-01-04,0x0b25c51637c43decd6cc1c1e3da4518d54ddb528,5822,0xaa7ce71fd8ddffda746af77ba54ccd96b52dfe92,362.089103,362.089103,362.089103,1,1,1704873815
2024-01-04,0x0b25c51637c43decd6cc1c1e3da4518d54ddb528,5891,0x2188d1a5e18768ef32a3c2e647207ca3627d3ffd,444.633144,444.633144,444.633144,1,1,1704884473
2024-01-04,0x0b25c51637c43decd6cc1c1e3da4518d54ddb528,5909,0xbcd6fd639044c26c7a24288adf62eb56bf4511bc,472.093989,472.093989,472.093989,1,1,1704884145
2024-01-04,0x0b25c51637c43decd6cc1c1e3da4518d54ddb528,5971,0xb2d0fb36cca6b51b6464cccc92ded1a4cd9b8b65,442.270288,442.270288,442.270288,1,1,1704884667
2024-01-04,0x0b25c51637c43decd6cc1c1e3da4518d54ddb528,5983,0x34ab31d3a10be1912fcf684e88b9e6fc8e8b8b63,356.976241,356.976241,0.0,1,0,1704889383
2024-01-04,0x0b25c51637c43decd6cc1c1e3da4518d54ddb528,6009,0x2ceba06d249bbfa20894e2092b77dd86db0a9302,377.508553,377.508553,377.508553,1,1,1704917353
2024-01-04,0x0b25c51637c43decd6cc1c1e3da4518d54ddb528,6035,0x5321230699f17aa1a242a80d8ecee9233592baf9,481.515026,481.515026,481.515026,1,1,1704884037
2024-01-04,0x0b25c51637c43decd6cc1c1e3da4518d54ddb528,6063,0x68811b7700b567f31e33004b04fbaa33b78dc57d,363.854162,363.854162,363.854162,1,1,1704895215
2024-01-04,0x0b25c51637c43decd6cc1c1e3da4518d54ddb528,6119,0x90126de0707a9a0085f511afcb345e81b7fcec1d,0.0,0.0,353.746933,0,1,1704824061
2024-01-04,0x0b25c51637c43decd6cc1c1e3da4518d54ddb528,6168,0xe6b7775e47507a45184ae31122e91de586652ed4,623.685395,623.685395,0.0,1,0,1704900403
2024-01-04,0x0b25c51637c43decd6cc1c1e3da4518d54ddb528,6175,0x479e26d0e79d430340a0c6468f16ab9f5a033b97,0.0,0.0,176.278146,0,1,1704809697
2024-01-04,0x0b25c51637c43decd6cc1c1e3da4518d54ddb528,6457,0x2cac43da9303af89e6de4e197d52f1f9c3ca2936,2875.684163,2875.684163,0.0,1,0,1704869523
2024-01-04,0x0b25c51637c43decd6cc1c1e3da4518d54ddb528,6564,0xbdec7287c08c0c153f9843c4796d59e3bf7178e4,0.0,0.0,4.76134,0,1,1704633107
2024-01-04,0x0b25c51637c43decd6cc1c1e3da4518d54ddb528,6648,0xa0eba15eda152fcdc38fb32e3c50f73e3a2ea965,4528.502207,4528.502207,0.0,1,0,1704879061
2024-01-04,0x0b25c51637c43decd6cc1c1e3da4518d54ddb528,6653,0xd1ad3830b54e97fcc05195c637b8e8e038378070,5.705201,5.705201,0.0,1,0,1704877525
2024-01-04,0x0b25c51637c43decd6cc1c1e3da4518d54ddb528,6965,0x0eb036276f40f1f0b98000de40f7e193f02a3178,9.389486,9.389486,0.0,1,0,1704872035
2024-01-04,0x0b25c51637c43decd6cc1c1e3da4518d54ddb528,7196,0x2b4a4fe93639c70aae55adf5e63f3cbf10956292,266859.578778,266859.578778,262298.374422,1,1,1704817817
2024-01-04,0x0b25c51637c43decd6cc1c1e3da4518d54ddb528,7265,0xd7a93a650ba0c438b43c633d9faa864a58409d27,1696.46854,1696.46854,1691.700079,1,1,1704926949
2024-01-04,0x0b25c51637c43decd6cc1c1e3da4518d54ddb528,7266,0x194453ebfaf52dc98c0ce902196b99f95271e470,1027.957134,1027.957134,0.0,1,0,1704927019
2024-01-04,0x0b25c51637c43decd6cc1c1e3da4518d54ddb528,7498,0x146695f336d600e9fbc78185aa0e64104fc191f2,0.0,0.0,1362.585619,0,1,1704782475
2024-01-04,0x0b25c51637c43decd6cc1c1e3da4518d54ddb528,7705,0xce030f1137e05bc3d13303ddb5a955600b9b5771,2072.148056,2072.148056,0.0,1,0,1704888459
2024-01-04,0x0b25c51637c43decd6cc1c1e3da4518d54ddb528,7732,0xee9a23404333361302790e905bd0f27603d39818,15633.91362,31267.827241,30252.713713,2,2,1704908845
2024-01-04,0x0b25c51637c43decd6cc1c1e3da4518d54ddb528,7733,0x9f0f8f07ec71a6435f1574ec022e98b5445d4988,38572.632188,38572.632188,0.0,1,0,1704909001
2024-01-04,0x0b25c51637c43decd6cc1c1e3da4518d54ddb528,7844,0x4dccb4444a0a804b778ddac22dc21b4fd0fe1a0d,12.0055,12.0055,4.827035,1,1,1704885359
2024-01-04,0x0b25c51637c43decd6cc1c1e3da4518d54ddb528,7979,0x529656620d914443405a55ec42ad0eaeaf0b4a2c,202643.849224,202643.849224,0.0,1,0,1704873851
2024-01-04,0x0b25c51637c43decd6cc1c1e3da4518d54ddb528,8260,0xd0c786157a01042a183dfa9cf20f561a0d7fff79,36436.750619,36436.750619,36334.333633,1,1,1704878131
2024-01-04,0x0b25c51637c43decd6cc1c1e3da4518d54ddb528,8348,0x0dda3228b0729bfe7698988a669b81d4a306a8ea,0.0,0.0,19515.683171,0,1,1704898641
2024-01-04,0x0b25c51637c43decd6cc1c1e3da4518d54ddb528,8356,0x166c794d890dd91bbe71f304eca660e1c4892cbb,0.0,0.0,128365.04406,0,1,1704922973
2024-01-04,0x0b25c51637c43decd6cc1c1e3da4518d54ddb528,8363,0x21f59001e8543fbd84fcacade38b1a06274f0ca3,1517.189026,1517.189026,1504.702665,1,1,1704914451
2024-01-04,0x0b25c51637c43decd6cc1c1e3da4518d54ddb528,8405,0x5d6f3d0c92d0564151357b0863e55e9ed4631b8d,1402.812262,1402.812262,1402.812262,1,1,1704913067
2024-01-04,0x0b25c51637c43decd6cc1c1e3da4518d54ddb528,8416,0x7b59793ad075e4ce1e35181054759c080b8d965d,523968.246979,523968.246979,525790.487011,1,1,1704920671
2024-01-04,0x0b25c51637c43decd6cc1c1e3da4518d54ddb528,8431,0x9c6016b2543cfd29a587992393c3c59df1dc48af,109039.237825,109039.237825,0.0,1,0,1704927215
2024-01-04,0x0b25c51637c43decd6cc1c1e3da4518d54ddb528,8434,0x9f0f8f07ec71a6435f1574ec022e98b5445d4988,40600.266674,40600.266674,0.0,1,0,1704909017
2024-01-04,0x0b25c51637c43decd6cc1c1e3da4518d54ddb528,8485,0xfdbbfb0fe2986672af97eca0e797d76a0bbf35c9,503396.622835,503396.622835,0.0,1,0,1704926571
2024-01-04,0x0b25c51637c43decd6cc1c1e3da4518d54ddb528,8502,0x892176d784bed3dc877a62f3ff9fc091377b2a49,10099.792191,10099.792191,0.0,1,0,1704910201
2024-01-04,0x0b25c51637c43decd6cc1c1e3da4518d54ddb528,8631,0x5243968110439573d2395f1afe38f0f471c3510d,8013.803513,8013.803513,7911.213643,1,1,1704466347
2024-01-04,0x0b25c51637c43decd6cc1c1e3da4518d54ddb528,8748,0x31b22fb973e179b33622455dcc702058f5d8c92f,114.850487,114.850487,116.048131,1,1,1704908559
2024-01-04,0x0b25c51637c43decd6cc1c1e3da4518d54ddb528,8814,0x3bc3a083d85905afdff3e20b4802b10dbd21bd9f,0.0,0.0,10.76708,0,1,1704378567
2024-01-04,0x0b25c51637c43decd6cc1c1e3da4518d54ddb528,9120,0xbfdd62139f97163d83cf5cb7f940564b56c6fa5d,1993.988196,1993.988196,1993.988196,1,1,1704903889
2024-01-04,0x0b25c51637c43decd6cc1c1e3da4518d54ddb528,9129,0x85f813e2b8d084bf6936143c1e813781809cb0f1,17024.936288,17024.936288,0.0,1,0,1704924505
2024-01-04,0x0b25c51637c43decd6cc1c1e3da4518d54ddb528,9261,0xb6f28ae8f31d85dc27361852b986286113bc588d,0.0,4403.773845,7755.281072,1,2,1704923715
2024-01-04,0x0b25c51637c43decd6cc1c1e3da4518d54ddb528,9270,0xcb7d87f5502fc91529e0fe92373dddd8ff1f3d7c,215879.076591,215879.076591,215406.191239,1,1,1704927527
2024-01-04,0x0b25c51637c43decd6cc1c1e3da4518d54ddb528,9276,0xd0c786157a01042a183dfa9cf20f561a0d7fff79,29780.986262,29780.986262,29590.833031,1,1,1704878139
2024-01-04,0x0b25c51637c43decd6cc1c1e3da4518d54ddb528,9292,0x2b4a4fe93639c70aae55adf5e63f3cbf10956292,8469.263999,8469.263999,8456.944068,1,1,1704817839
2024-01-04,0x0b25c51637c43decd6cc1c1e3da4518d54ddb528,9296,0x9f0f8f07ec71a6435f1574ec022e98b5445d4988,42455.655501,42455.655501,0.0,1,0,1704909071
2024-01-04,0x0b25c51637c43decd6cc1c1e3da4518d54ddb528,9300,0xb33cd827dd59c090e71899bfca31f81f4b189ddb,6996.351341,6996.351341,13935.396331,1,1,1704914345
2024-01-04,0x0b25c51637c43decd6cc1c1e3da4518d54ddb528,9371,0x6580bcc99af557e277cae063d7308cdbd59bf7b3,672796.967898,672796.967898,671818.274642,1,1,1704901127
2024-01-04,0x0b25c51637c43decd6cc1c1e3da4518d54ddb528,9412,0xe76740857cf71561a3dde058d8af70423c0326bc,0.062302,0.062302,0.0,1,0,1704923341
2024-01-04,0x0b25c51637c43decd6cc1c1e3da4518d54ddb528,9458,0xa94615f9cfa6ff8e3cb581421ec7803b39d8ae97,78993.688398,78993.688398,78771.651709,1,1,1704878253
2024-01-04,0x0b25c51637c43decd6cc1c1e3da4518d54ddb528,9459,0xa94615f9cfa6ff8e3cb581421ec7803b39d8ae97,219326.305772,219326.305772,218709.819978,1,1,1704878265
2024-01-04,0x0b25c51637c43decd6cc1c1e3da4518d54ddb528,9561,0x099b9c7ce4689068ac6206ecdc0d41d9d016937a,1.464432,1.464432,0.0,1,0,1704784537
2024-01-04,0x0b25c51637c43decd6cc1c1e3da4518d54ddb528,9608,0xacbe1fc97ced05874d2ee6993d92066fe3ec011f,5.934521,5.934521,17.254275,1,1,1704870107
2024-01-04,0x0b25c51637c43decd6cc1c1e3da4518d54ddb528,9616,0xf120445761d31c9322416a8eabbbeeea1a1eac1e,66.477719,66.477719,66.828606,1,1,1704373153
2024-01-04,0x0b25c51637c43decd6cc1c1e3da4518d54ddb528,9744,0x37df0e34dc942d2ab60206748fb101fa51fd7992,1045.332895,1045.332895,0.0,1,0,1704909855
2024-01-04,0x0b25c51637c43decd6cc1c1e3da4518d54ddb528,9872,0xf22862b5c8d5a17a68536521e0c82c5387bd65af,755.549246,755.549246,0.0,1,0,1704882055
2024-01-04,0x0b25c51637c43decd6cc1c1e3da4518d54ddb528,9899,0xa66daaf3e6736cce993b56eced596512a7911df8,964.0,964.0,964.0,1,1,1704921707
2024-01-04,0x0b25c51637c43decd6cc1c1e3da4518d54ddb528,9954,0x7d374fe73fd8358a93c53e978477f7ba4129be0c,2800.582356,2800.582356,0.0,1,0,1704903891
2024-01-04,0x0b25c51637c43decd6cc1c1e3da4518d54ddb528,9987,0x84244d2b664c28925e7bbb72ea4dd128c32b03e6,29126.38315,29126.38315,29007.097637,1,1,1704890283
2024-01-04,0x0b25c51637c43decd6cc1c1e3da4518d54ddb528,9989,0x2b4a4fe93639c70aae55adf5e63f3cbf10956292,25781.937829,25781.937829,25744.433783,1,1,1704817867
2024-01-04,0x0b25c51637c43decd6cc1c1e3da4518d54ddb528,10001,0xa94615f9cfa6ff8e3cb581421ec7803b39d8ae97,38187.11729,38187.11729,38079.780346,1,1,1704878277
2024-01-04,0x0b25c51637c43decd6cc1c1e3da4518d54ddb528,10167,0x32d6306ec178bcefe7b8d7302689376b42b047ee,1229937.452803,1229937.452803,0.0,1,0,1704885261
2024-01-04,0x0b25c51637c43decd6cc1c1e3da4518d54ddb528,10213,0x1f97c3af53ae481bfcafddc759ea93a3aa728850,1.776745,1.776745,2.342096,1,1,1704496767
2024-01-04,0x0b25c51637c43decd6cc1c1e3da4518d54ddb528,10261,0x97d37e8b619cf4c6145da456766ca4fa157292d3,0.0,0.0,33422.837312,0,1,1704803215
2024-01-04,0x0b25c51637c43decd6cc1c1e3da4518d54ddb528,10263,0x0c688322a70da7c228959f55bee9ddb2f04771c8,2929.472137,2929.472137,2926.229458,1,1,1704829261
2024-01-04,0x0b25c51637c43decd6cc1c1e3da4518d54ddb528,10293,0x274829c52bba894d62a4931b46b76cfe0606ac26,0.0,0.0,43.542502,0,1,1704570287
2024-01-04,0x0b25c51637c43decd6cc1c1e3da4518d54ddb528,10294,0x48a6a8d403a58eccc70d4d57347f801d4e182564,7381258.231379,7381258.231379,7499999.99873,1,1,1704913363
2024-01-04,0x0b25c51637c43decd6cc1c1e3da4518d54ddb528,10295,0xc875b3dae5b0c371bc8cf9ded64868b78ac47587,3905798.372033,3905798.372033,0.0,1,0,1704913979
2024-01-04,0x0b25c51637c43decd6cc1c1e3da4518d54ddb528,10296,0x03c70563e94de5de56c11a0cc4ce3482f592854f,13365807.487517,13365807.487517,11588168.975072,1,1,1704929195
2024-01-04,0x0b25c51637c43decd6cc1c1e3da4518d54ddb528,10298,0xc9814f18a8751214f719de15c54d01b3d78ef14f,2542694.924787,271354886.817262,271312191.894739,110,110,1704929143
2024-01-04,0x0b25c51637c43decd6cc1c1e3da4518d54ddb528,10454,0x84244d2b664c28925e7bbb72ea4dd128c32b03e6,26570.685296,26570.685296,26496.0,1,1,1704890283
2024-01-04,0x0b25c51637c43decd6cc1c1e3da4518d54ddb528,10482,0xa6e8129d47c647c7edfd5d5c53f04602df7aedcb,18349.201586,18349.201586,18322.509671,1,1,1704885959
2024-01-04,0x0b25c51637c43decd6cc1c1e3da4518d54ddb528,10503,0x2b4a4fe93639c70aae55adf5e63f3cbf10956292,1472.0,1472.0,1472.0,1,1,1704891491
2024-01-04,0x0b25c51637c43decd6cc1c1e3da4518d54ddb528,10630,0xdaaffba0ab113acbee5c65ecdcccdc60aaf7d110,792.596204,792.596204,0.0,1,0,1704896729
2024-01-04,0x0b25c51637c43decd6cc1c1e3da4518d54ddb528,10654,0x6e98386f1951e6f997691c4a3bfa27126a7f9041,0.0,0.0,1146.668651,0,1,1704762921
2024-01-04,0x0b25c51637c43decd6cc1c1e3da4518d54ddb528,10656,0x145acc258b553369e51b4e5fb4d7b7201125eecb,0.064829,0.064829,0.065329,1,1,1704891285
2024-01-04,0x0b25c51637c43decd6cc1c1e3da4518d54ddb528,10657,0x892176d784bed3dc877a62f3ff9fc091377b2a49,0.989558,0.989558,0.0,1,0,1704873411
2024-01-04,0x0b25c51637c43decd6cc1c1e3da4518d54ddb528,10805,0x0e813273103600c72fde051748f3793a01485c6c,0.0,0.0,467.611402,0,1,1704331071
2024-01-04,0x0b25c51637c43decd6cc1c1e3da4518d54ddb528,10818,0xd564e5f05a781f4723d28080eb892f1db3ae1d33,0.0,0.0,1445.047307,0,1,1704611205
2024-01-04,0x0b25c51637c43decd6cc1c1e3da4518d54ddb528,10849,0xb5687c5ac13eea05bc1285dbe837192dd028be81,38.491485,38.491485,0.0,1,0,1704415251
2024-01-04,0x0b25c51637c43decd6cc1c1e3da4518d54ddb528,10866,0x1f97c3af53ae481bfcafddc759ea93a3aa728850,2.7007,2.7007,0.0,1,0,1704496781
2024-01-04,0x0b25c51637c43decd6cc1c1e3da4518d54ddb528,10901,0xf1a766dcbc01e8fcbac053143b59c7d47e8369d4,0.077343,0.077343,0.0,1,0,1704832911
2024-01-04,0x0b25c51637c43decd6cc1c1e3da4518d54ddb528,10946,0xd4ac2e147c8065dbcadcc64b9d108e847baf6382,149.834983,149.834983,0.0,1,0,1704823393
2024-01-04,0x0b25c51637c43decd6cc1c1e3da4518d54ddb528,10947,0xac9558ce54f84e343ab5da0ffaa5d0ea7c4e59a3,40423.749614,40423.749614,0.0,1,0,1704827233
2024-01-04,0x0b25c51637c43decd6cc1c1e3da4518d54ddb528,10960,0x98c591f5a409fbe00345be802e40af9f569e2646,7.577817,7.577817,0.0,1,0,1704873815
2024-01-04,0x0b25c51637c43decd6cc1c1e3da4518d54ddb528,10964,0xd34943a71bb298869632561607215d1c05a38c11,1612.273394,1612.273394,0.0,1,0,1704889111
2024-01-04,0x0b25c51637c43decd6cc1c1e3da4518d54ddb528,10966,0x43f30df3266fec92cbacf32130a94afb34237f3b,9.975497,9.975497,0.0,1,0,1704894691
2024-01-04,0x1307f36bc34081401497a873522570aeba4cde90,16,0x370880694995aa8a53f71645f7bec3b0e7bb25d9,0.0,0.0,429493.273911,0,1,1704904721
2024-01-04,0x1307f36bc34081401497a873522570aeba4cde90,24,0x208a17c5fabe5b90282e5906945ff335e39326c4,18431.639774,18431.639774,0.0,1,0,1704918173
2024-01-04,0x1307f36bc34081401497a873522570aeba4cde90,43,0x2ddb405238368695f34d30a80ab60c449aa5ce48,0.0,0.0,91429.726369,0,1,1704915295
2024-01-04,0x1307f36bc34081401497a873522570aeba4cde90,52,0x28878aec6b4209d90a40890183e3322f0ae5b2e2,0.0,0.0,272070.564722,0,1,1704918123
2024-01-04,0x1307f36bc34081401497a873522570aeba4cde90,54,0xf265702178a66b4b7ce079fc8a1629e47cf1bcde,450735.909486,450735.909486,562600.300459,1,1,1704922797
2024-01-04,0x1307f36bc34081401497a873522570aeba4cde90,55,0x285fed35cbea271a711681e84ffd83c68a596a75,0.0,0.0,112374.606788,0,1,1704918159
2024-01-04,0x1307f36bc34081401497a873522570aeba4cde90,56,0x48a5a6a01ba89cddf97d2d552923d5a11401ed19,167112.971895,167112.971895,0.0,1,0,1704927135
2024-01-04,0x1307f36bc34081401497a873522570aeba4cde90,62,0xdbd5d31b7f48adc13a0ab0c591f7e3d4f9642e69,255675.773114,255675.773114,0.0,1,0,1704914737
2024-01-04,0x1307f36bc34081401497a873522570aeba4cde90,67,0x8ce17ff2c7376e9adfe9c63c47a801097fa6c525,109298.786848,109298.786848,0.0,1,0,1704918343
2024-01-04,0x1307f36bc34081401497a873522570aeba4cde90,77,0xeb6772188cf10aa563a1cd163f48355d1a949797,216295.22283,216295.22283,0.0,1,0,1704918511
2024-01-04,0x1307f36bc34081401497a873522570aeba4cde90,105,0x208a17c5fabe5b90282e5906945ff335e39326c4,52286.925551,52286.925551,0.0,1,0,1704917695
2024-01-04,0x1307f36bc34081401497a873522570aeba4cde90,106,0x615e5022252b31af496574f00d5519c5d93261ab,127763.164703,127763.164703,0.0,1,0,1704834857
2024-01-04,0x1307f36bc34081401497a873522570aeba4cde90,110,0x05e09d942505764bca4475abf8efdbc21d1c535b,123025.685756,123025.685756,173082.100177,1,1,1704923567
2024-01-04,0x1307f36bc34081401497a873522570aeba4cde90,134,0xd87ecc6c74f486b044824a222326a96f696fcfa2,0.0,0.0,77413.193101,0,1,1704775161
2024-01-04,0x1307f36bc34081401497a873522570aeba4cde90,153,0x0f45156f109e474295913d78036fa213b1745d5a,0.0,0.0,60675.253377,0,1,1704774823
2024-01-04,0x1307f36bc34081401497a873522570aeba4cde90,174,0x83bad39f067ef72e354f2ea9d318eaad381a7f15,65920.399178,131840.798355,131369.739773,2,2,1704902455
2024-01-04,0x1307f36bc34081401497a873522570aeba4cde90,194,0x569a259d029a89bfea35a6d178a08edf6e55d1b1,0.0,0.0,218813.080082,0,1,1704909099
2024-01-04,0x1307f36bc34081401497a873522570aeba4cde90,208,0x7ecf3629e27b410d6a277cdca9c99240706eebec,0.0,0.0,400639.981769,0,1,1704906239
2024-01-04,0x1307f36bc34081401497a873522570aeba4cde90,242,0xa0eb44b173af64f2fdb47c7d76ff3a33e04103b6,95884.028484,95884.028484,0.0,1,0,1704925877
2024-01-04,0x1307f36bc34081401497a873522570aeba4cde90,247,0xc40ebdc95e9fae4ada1a2c5093d0599afe0256bd,37621.88882,37621.88882,0.0,1,0,1704923131
2024-01-04,0x1307f36bc34081401497a873522570aeba4cde90,253,0x7bfee91193d9df2ac0bfe90191d40f23c773c060,0.0,0.0,140657.588998,0,1,1704818937
2024-01-04,0x1307f36bc34081401497a873522570aeba4cde90,254,0xdbd5d31b7f48adc13a0ab0c591f7e3d4f9642e69,0.0,0.0,34792.861528,0,1,1704914793
2024-01-04,0x1307f36bc34081401497a873522570aeba4cde90,262,0x32af25467b00aae516505b3331cfec52092ea5ba,133869.852867,133869.852867,0.0,1,0,1704925351
2024-01-04,0x1307f36bc34081401497a873522570aeba4cde90,268,0xb6fb12999a09effdbcc6f60776331eaccc42e539,128382.494264,128382.494264,0.0,1,0,1704926799
2024-01-04,0x1307f36bc34081401497a873522570aeba4cde90,289,0x95b05f935655c37ada2088c5767e5006f230b068,11516.741294,11516.741294,11516.741294,1,1,1704921527
2024-01-04,0x1307f36bc34081401497a873522570aeba4cde90,295,0xdbd5d31b7f48adc13a0ab0c591f7e3d4f9642e69,27992.166764,27992.166764,0.0,1,0,1704914917
2024-01-04,0x1307f36bc34081401497a873522570aeba4cde90,299,0x26553884cee0bb96f4ecea4de3ed52d88d3f2efc,54964.306389,54964.306389,0.0,1,0,1704924749
2024-01-04,0x1307f36bc34081401497a873522570aeba4cde90,303,0xab12253171a0d73df64b115cd43fe0a32feb9daa,0.0,0.0,26987.129202,0,1,1704898067
2024-01-04,0x1307f36bc34081401497a873522570aeba4cde90,415,0xfc8333829a69d922b9d691f4d76185bdf4f47642,62615.563811,62615.563811,62524.47923,1,1,1704926763
2024-01-04,0x1307f36bc34081401497a873522570aeba4cde90,437,0xbae3b46e29e7cfd2bba8164765d592ce9802ec70,16293.592237,16293.592237,0.0,1,0,1704925767
2024-01-04,0x1307f36bc34081401497a873522570aeba4cde90,512,0x3b1b211b3fce0d1ee9f5e1afeecadeb98378d0b0,10769.358898,10769.358898,10769.358898,1,1,1704893947
2024-01-04,0x1307f36bc34081401497a873522570aeba4cde90,523,0xde93a283495fa2834047b53871a8e4e09f96d841,11695.614363,11695.614363,11525.28846,1,1,1704911997
2024-01-04,0x1307f36bc34081401497a873522570aeba4cde90,545,0x9770e942e19aeb9fc935980ceb5ec81c10b1d030,0.0,0.0,10062.573195,0,1,1704918903
2024-01-04,0x1307f36bc34081401497a873522570aeba4cde90,558,0x985dbffd8daaf59cc68883d17cfab313b2343184,0.0,0.0,20495.459862,0,1,1704917093
2024-01-04,0x1307f36bc34081401497a873522570aeba4cde90,567,0x327b9dee1830f8201efa751fd96f7b1ad0b300a1,0.0,0.0,37979.881551,0,1,1704891913
2024-01-04,0x1307f36bc34081401497a873522570aeba4cde90,674,0xf076823122f106c2b7f21cbaacd1c9db1ce4cf27,0.0,0.0,15902.097268,0,1,1704900241
2024-01-04,0x1307f36bc34081401497a873522570aeba4cde90,758,0x8ccfcfa7e6133e0875192974d0d857fb7a28375e,6734.579413,6734.579413,6724.782865,1,1,1704912207
2024-01-04,0x1307f36bc34081401497a873522570aeba4cde90,1156,0xf2ff2bc69fb16674d0cc58bcdd7f674db576bc77,0.0,0.0,14428.609993,0,1,1704915553
2024-01-04,0x1307f36bc34081401497a873522570aeba4cde90,1223,0xabe21a7537cff588e6209492afca65d635a3b313,0.0,0.0,10646.378549,0,1,1704878655
2024-01-04,0x1307f36bc34081401497a873522570aeba4cde90,1286,0xa60dd9d42fdd43e91da63bd261997e14f21c69fd,0.0,0.0,11086.915371,0,1,1704876855
2024-01-04,0x1307f36bc34081401497a873522570aeba4cde90,1631,0x3e3672b23eb22946a31263d2d178bf0fb1f4bbfd,0.0,0.0,6354.7477,0,1,1704885347
2024-01-04,0x1307f36bc34081401497a873522570aeba4cde90,2138,0x3ba1ff476a9a3dd20be5f10311c1033da584d19b,3910.350534,3910.350534,0.0,1,0,1704924629
2024-01-04,0x1307f36bc34081401497a873522570aeba4cde90,2522,0xc693b4ffb338579467a541b2bf267b1955870920,797.846854,797.846854,0.0,1,0,1704927147
2024-01-04,0x1307f36bc34081401497a873522570aeba4cde90,2603,0xd2e44e40b5fb960a8a74dd7b9d6b7f14b805b50d,0.0,0.0,3119.309709,0,1,1704891747
2024-01-04,0x1307f36bc34081401497a873522570aeba4cde90,3202,0xb07aee9bb2d03b6f65346f666154150cacdd3e51,0.0,0.0,1807.312475,0,1,1704892485
2024-01-04,0x1307f36bc34081401497a873522570aeba4cde90,3781,0xaf11495f021c5c2c5f5230f40d5d57ebe4059700,28808.415035,28808.415035,0.0,1,0,1704924225
2024-01-04,0x1307f36bc34081401497a873522570aeba4cde90,6313,0xc0de72a1b723452cacf35570db24fa13ec8bc562,87.512737,87.512737,0.0,1,0,1704750495
2024-01-04,0x1307f36bc34081401497a873522570aeba4cde90,7128,0x0f45156f109e474295913d78036fa213b1745d5a,0.0,0.0,30503.865436,0,1,1704774765
2024-01-04,0x1307f36bc34081401497a873522570aeba4cde90,7136,0xd87ecc6c74f486b044824a222326a96f696fcfa2,0.0,0.0,24235.428443,0,1,1704775207
2024-01-04,0x1307f36bc34081401497a873522570aeba4cde90,8032,0xf265702178a66b4b7ce079fc8a1629e47cf1bcde,0.0,0.0,244717.05077,0,1,1704923031
2024-01-04,0x1307f36bc34081401497a873522570aeba4cde90,8350,0x0f45156f109e474295913d78036fa213b1745d5a,0.0,0.0,15483.463632,0,1,1704774727
2024-01-04,0x1307f36bc34081401497a873522570aeba4cde90,8467,0xd87ecc6c74f486b044824a222326a96f696fcfa2,0.0,0.0,35479.819169,0,1,1704775251
2024-01-04,0x1307f36bc34081401497a873522570aeba4cde90,9290,0x6c607fdeb11f83b3d5169014a45f45e035f9ab4a,8929.76,8929.76,0.0,1,0,1704923085
2024-01-04,0x1307f36bc34081401497a873522570aeba4cde90,9324,0x166c794d890dd91bbe71f304eca660e1c4892cbb,0.0,0.0,49387.04,0,1,1704923005
2024-01-04,0x1307f36bc34081401497a873522570aeba4cde90,9427,0xba9d854c4b9ae5eef3dad86e1b65d661938b27a1,0.0,0.0,16731.430651,0,1,1704887177
2024-01-04,0x1307f36bc34081401497a873522570aeba4cde90,9629,0x0f45156f109e474295913d78036fa213b1745d5a,0.0,0.0,64503.647538,0,1,1704774695
2024-01-04,0x1307f36bc34081401497a873522570aeba4cde90,9631,0xd87ecc6c74f486b044824a222326a96f696fcfa2,0.0,0.0,76619.498754,0,1,1704775309
2024-01-04,0x1307f36bc34081401497a873522570aeba4cde90,10294,0x48a6a8d403a58eccc70d4d57347f801d4e182564,5508012.304981,5508012.304981,3999999.999323,1,1,1704913363
2024-01-04,0x1307f36bc34081401497a873522570aeba4cde90,10295,0xc875b3dae5b0c371bc8cf9ded64868b78ac47587,854393.393882,854393.393882,1843755.978291,1,1,1704913979
2024-01-04,0x1307f36bc34081401497a873522570aeba4cde90,10296,0x03c70563e94de5de56c11a0cc4ce3482f592854f,1272934.04643,1272934.04643,1269696.347628,1,1,1704929195
2024-01-04,0x1307f36bc34081401497a873522570aeba4cde90,10298,0xc9814f18a8751214f719de15c54d01b3d78ef14f,242161.421408,242161.421408,0.0,1,0,1704929143
2024-01-04,0x1307f36bc34081401497a873522570aeba4cde90,10458,0xd87ecc6c74f486b044824a222326a96f696fcfa2,0.0,0.0,5065.089045,0,1,1704775013
2024-01-04,0x1307f36bc34081401497a873522570aeba4cde90,10459,0x0f45156f109e474295913d78036fa213b1745d5a,0.0,0.0,3105.42254,0,1,1704774667
2024-01-04,0x1307f36bc34081401497a873522570aeba4cde90,10680,0x145acc258b553369e51b4e5fb4d7b7201125eecb,504.514971,504.514971,0.0,1,0,1704909255
2024-01-04,0x1b00a1afe48adb8d8c76b854da22a70011446481,114,0x611b0c1ed942b833c786c53883a4aa37a25602a6,0.0,0.0,23521.201255,0,1,1704898687
2024-01-04,0x1b00a1afe48adb8d8c76b854da22a70011446481,139,0xa04275c10f39e8675a34e147e2ef78d35129f2b6,0.0,0.0,63954.472113,0,1,1704897857
2024-01-04,0x1b00a1afe48adb8d8c76b854da22a70011446481,248,0xdaa12ca83de2fab833fc28ce1300ba6ddee67204,0.0,0.0,28479.145136,0,1,1704926007
2024-01-04,0x1b00a1afe48adb8d8c76b854da22a70011446481,341,0xb1d47d39c3bb868e5e4be068b7057d4caad0b31c,0.0,0.0,41738.776455,0,1,1704926799
2024-01-04,0x1b00a1afe48adb8d8c76b854da22a70011446481,417,0xbe93d14c5defb8f41af8fb092f58e3c71c712b85,0.0,0.0,30743.103466,0,1,1704410291
2024-01-04,0x1b00a1afe48adb8d8c76b854da22a70011446481,474,0x115d0d8822efc9607c52b04628098b48970b993b,0.0,0.0,50078.017294,0,1,1704909161
2024-01-04,0x1b00a1afe48adb8d8c76b854da22a70011446481,501,0xdf19049d52b307bce8eeb325a2c9ccedc1939bec,0.0,0.0,44114.381291,0,1,1704331795
2024-01-04,0x1b00a1afe48adb8d8c76b854da22a70011446481,502,0x66f920658396f4c3642a32f6b5d5b65c3d6349db,0.0,0.0,14961.999028,0,1,1704906775
2024-01-04,0x1b00a1afe48adb8d8c76b854da22a70011446481,555,0xa3f2d88fb722d4f2a082edbf98354b81dc34829e,0.0,0.0,42461.531584,0,1,1704921043
2024-01-04,0x1b00a1afe48adb8d8c76b854da22a70011446481,575,0x94587a95917188b338c822de2d1e77074131589f,0.0,0.0,9446.294342,0,1,1704331023
2024-01-04,0x1b00a1afe48adb8d8c76b854da22a70011446481,745,0x6073e895631712c0bca0ff58af13acd61d8eb2f3,0.0,0.0,25091.671316,0,1,1704331447
2024-01-04,0x1b00a1afe48adb8d8c76b854da22a70011446481,1364,0xc62f2483eed109d42c78147ea618d858578103d8,9968.183595,9968.183595,10016.620149,1,1,1704926539
2024-01-04,0x1b00a1afe48adb8d8c76b854da22a70011446481,1466,0xea2f79bce55908a11e0bf7dffb855c962041674f,0.0,0.0,7919.241326,0,1,1704913877
2024-01-04,0x1b00a1afe48adb8d8c76b854da22a70011446481,1491,0xd608fb109124da6d3e8eca45d789ecaf8641ea77,0.0,0.0,7489.143466,0,1,1704898541
2024-01-04,0x1b00a1afe48adb8d8c76b854da22a70011446481,1508,0x54bae794b6dda32a5379f091afdf5bab0e37b664,0.0,0.0,7631.896855,0,1,1704569351
2024-01-04,0x1b00a1afe48adb8d8c76b854da22a70011446481,1540,0xfff6eb6fae78e604c93b35c97f6892e36acb1dbd,0.0,0.0,7038.21735,0,1,1704339773
2024-01-04,0x1b00a1afe48adb8d8c76b854da22a70011446481,1624,0xc4f39ba15f5376732c594523408ea2e5149aa43d,0.0,0.0,6409.533396,0,1,1704361973
2024-01-04,0x1b00a1afe48adb8d8c76b854da22a70011446481,1671,0xf1196bf726ed9227507f5a8b7c87ae177124db2b,0.0,0.0,8234.323607,0,1,1704923769
2024-01-04,0x1b00a1afe48adb8d8c76b854da22a70011446481,1702,0x05ed99aafe5bfc33e1636d57e03f55caf0b0e912,0.0,0.0,5930.729175,0,1,1704879863
2024-01-04,0x1b00a1afe48adb8d8c76b854da22a70011446481,1761,0x797bc498edee4357a16a1054db0323cbd04c84c3,0.0,0.0,5388.917759,0,1,1704834085
2024-01-04,0x1b00a1afe48adb8d8c76b854da22a70011446481,1815,0xc2c35b30bb2a0fc88d02fff39c4fcab37b7b44bf,0.0,0.0,5548.523305,0,1,1704894065
2024-01-04,0x1b00a1afe48adb8d8c76b854da22a70011446481,1912,0x3e516b6d229bf935f1b6bf4a0c2531ddab48cf1b,0.0,0.0,1800.193301,0,1,1704909291
2024-01-04,0x1b00a1afe48adb8d8c76b854da22a70011446481,2022,0x9a4773eeee73e34e1ee0e9a64e4b7453b0b04246,0.0,0.0,4236.350026,0,1,1704551401
2024-01-04,0x1b00a1afe48adb8d8c76b854da22a70011446481,2047,0x7239c9c7ca2ed6f684182fca881618fe4b557f9e,0.0,0.0,5876.314586,0,1,1704924587
2024-01-04,0x1b00a1afe48adb8d8c76b854da22a70011446481,2360,0xd671422bddc48942f8c1f8f5c8662efb6ab0aff4,0.0,0.0,3473.178468,0,1,1704394987
2024-01-04,0x1b00a1afe48adb8d8c76b854da22a70011446481,2435,0x61f12ea36c822a30eef51941368ad8f54cf372a0,0.0,0.0,3328.389807,0,1,1704885293
2024-01-04,0x1b00a1afe48adb8d8c76b854da22a70011446481,2515,0x0a5d2190afc397b91c2de36d128b03b275a3a255,0.0,0.0,3243.621068,0,1,1704332279
2024-01-04,0x1b00a1afe48adb8d8c76b854da22a70011446481,2517,0x3e4495646313c4b9b316827de8567196a5c95ac8,0.0,0.0,3240.639603,0,1,1704401075
2024-01-04,0x1b00a1afe48adb8d8c76b854da22a70011446481,2699,0xc95f41579e19099503f85db8c949fd45565cfaf0,0.0,0.0,2943.938943,0,1,1704361287
2024-01-04,0x1b00a1afe48adb8d8c76b854da22a70011446481,2857,0x14ea6d2a6765eb177ef66db2c14c8214b4046257,0.0,0.0,1128.303768,0,1,1704376373
2024-01-04,0x1b00a1afe48adb8d8c76b854da22a70011446481,2862,0xdb5b154d5bffdf6854c72f7dd06f446d3f8d8408,0.0,0.0,1138.333849,0,1,1704906223
2024-01-04,0x1b00a1afe48adb8d8c76b854da22a70011446481,2961,0x3fc6121cb50b00a5fb8bd2a3c755f804d0e694d2,0.0,0.0,2611.963029,0,1,1704366039
2024-01-04,0x1b00a1afe48adb8d8c76b854da22a70011446481,2966,0x88a1303994f0c906d8c0ee9c72fe17f627ed9f48,0.0,0.0,2019.377987,0,1,1704333741
2024-01-04,0x1b00a1afe48adb8d8c76b854da22a70011446481,3552,0xf874afa0b950270dc702740904d103822307f028,0.0,0.0,1221.470385,0,1,1704397565
2024-01-04,0x1b00a1afe48adb8d8c76b854da22a70011446481,3963,0x8acf2f327e47fddd1124a55eb4efc1dfdacaa34c,0.0,0.0,943.602656,0,1,1704409601
2024-01-04,0x1b00a1afe48adb8d8c76b854da22a70011446481,4156,0x1db30c74a4d16cdfee29680ca4637ec12ac55ec7,0.0,0.0,1367.212362,0,1,1704354183
2024-01-04,0x1b00a1afe48adb8d8c76b854da22a70011446481,4646,0xa31aeea459c1ab0124ed44711a678d6e18874692,0.0,0.0,901.165197,0,1,1704920945
2024-01-04,0x1b00a1afe48adb8d8c76b854da22a70011446481,5341,0x3650801cbe79abf94dbdf297fae9e10ccf9616d4,0.0,0.0,379.140422,0,1,1704906207
2024-01-04,0x1b00a1afe48adb8d8c76b854da22a70011446481,6001,0xe538eb2f128634a95a0ce48f9efb3b6b58d1b3eb,0.0,0.0,4010.207987,0,1,1704355261
2024-01-04,0x1b00a1afe48adb8d8c76b854da22a70011446481,6251,0x7b5a85afce09aae49344f0b64f9476799f33c257,0.0,0.0,1194.870943,0,1,1704732709
2024-01-04,0x1b00a1afe48adb8d8c76b854da22a70011446481,6332,0xcf587e6c2530e353971c2a3ea0f12543680e6d04,352.419854,352.419854,352.419854,1,1,1704360481
2024-01-04,0x1b00a1afe48adb8d8c76b854da22a70011446481,6347,0xb1e436ff825f116d390356f606f059ddadec96a6,0.0,0.0,416.481912,0,1,1704455865
2024-01-04,0x1b00a1afe48adb8d8c76b854da22a70011446481,6391,0xf47f60cb5426f63a8dd3786387742c2c49ad96e3,351.095516,351.095516,351.095516,1,1,1704360715
2024-01-04,0x1b00a1afe48adb8d8c76b854da22a70011446481,6677,0x75821898ad35392425896085089629611391d2bf,0.0,0.0,46.436247,0,1,1704487271
2024-01-04,0x1b00a1afe48adb8d8c76b854da22a70011446481,6680,0xb92c0ea6df755163924c1d6723ba841351e8a35a,0.0,0.0,46.315974,0,1,1704483617
2024-01-04,0x1b00a1afe48adb8d8c76b854da22a70011446481,6720,0xe246aa8b63ce04aaed9aa2dbe569f1558b480fb8,0.0,0.0,51.613886,0,1,1704484415
2024-01-04,0x1b00a1afe48adb8d8c76b854da22a70011446481,6725,0x69145fce197aa12437293242006373d764c6eef3,0.0,0.0,51.906449,0,1,1704488343
2024-01-04,0x1b00a1afe48adb8d8c76b854da22a70011446481,6726,0x1fac2b17c44eaee090585ddbe8d3abdacf504946,0.0,0.0,51.270185,0,1,1704488233
2024-01-04,0x1b00a1afe48adb8d8c76b854da22a70011446481,6728,0x8a7d5ba462c2130e02d9a3f4c08a140220fc1204,0.0,0.0,51.462502,0,1,1704488169
2024-01-04,0x1b00a1afe48adb8d8c76b854da22a70011446481,6731,0xe7677698617c6a3d4676eb787c1bc10081d5b8d3,0.0,0.0,51.843019,0,1,1704487201
2024-01-04,0x1b00a1afe48adb8d8c76b854da22a70011446481,7802,0x470d235ca1caff614abee02d98ac3aa89a6758bd,0.0,0.0,2339.527296,0,1,1704874543
2024-01-04,0x1b00a1afe48adb8d8c76b854da22a70011446481,8498,0x728d66a885376d1ddf0809f4254085f171b157bd,0.0,17861.035054,33915.010143,1,2,1704349107
2024-01-04,0x1b00a1afe48adb8d8c76b854da22a70011446481,8589,0x05ed99aafe5bfc33e1636d57e03f55caf0b0e912,0.0,0.0,8478.387094,0,1,1704879883
2024-01-04,0x1b00a1afe48adb8d8c76b854da22a70011446481,10002,0x285fed35cbea271a711681e84ffd83c68a596a75,0.0,0.0,19991.370391,0,1,1704918217
2024-01-04,0x1b00a1afe48adb8d8c76b854da22a70011446481,10044,0xec7c75a3f03598fd7f9babcdd904ecf389f78c4f,0.0,0.0,2008.233002,0,1,1704398377
2024-01-04,0x1b00a1afe48adb8d8c76b854da22a70011446481,10215,0x9238a15d59eb5484e7f1cddcf5e23539c50a05b2,13.489984,13.489984,21.658722,1,1,1704689671
2024-01-04,0x1b00a1afe48adb8d8c76b854da22a70011446481,10310,0x7ab62f39b074cb376c3aa4a37dfd0606b566fbfe,0.0,0.0,7.207158,0,1,1704653399
2024-01-04,0x1b00a1afe48adb8d8c76b854da22a70011446481,10352,0x18acc7e09e5b4adaf4d51dce21bc2ac616ea9440,16880.037128,16880.037128,33710.964705,1,1,1704368139
2024-01-04,0x1b00a1afe48adb8d8c76b854da22a70011446481,10477,0x18acc7e09e5b4adaf4d51dce21bc2ac616ea9440,2904.021172,2904.021172,4645.638497,1,1,1704368155
2024-01-04,0x1b00a1afe48adb8d8c76b854da22a70011446481,10630,0xdaaffba0ab113acbee5c65ecdcccdc60aaf7d110,0.0,2278.728617,2485.37078,1,2,1704781871
2024-01-04,0x1b05e4e814b3431a48b8164c41eac834d9ce2da6,16,0x370880694995aa8a53f71645f7bec3b0e7bb25d9,214746.636956,214746.636956,0.0,1,0,1704904721
2024-01-04,0x1b05e4e814b3431a48b8164c41eac834d9ce2da6,24,0x208a17c5fabe5b90282e5906945ff335e39326c4,0.0,0.0,18431.639774,0,1,1704918173
2024-01-04,0x1b05e4e814b3431a48b8164c41eac834d9ce2da6,52,0x28878aec6b4209d90a40890183e3322f0ae5b2e2,0.0,0.0,272070.564722,0,1,1704918123
2024-01-04,0x1b05e4e814b3431a48b8164c41eac834d9ce2da6,53,0x1594b251df6b70ca9a01d4de0836ab4fd9811241,0.0,0.0,490613.284489,0,1,1704901557
2024-01-04,0x1b05e4e814b3431a48b8164c41eac834d9ce2da6,55,0x285fed35cbea271a711681e84ffd83c68a596a75,0.0,0.0,112374.606788,0,1,1704918159
2024-01-04,0x1b05e4e814b3431a48b8164c41eac834d9ce2da6,59,0xa3cbd0c67dee5142209ff0cf155bc2bc51acf180,482933.22229,482933.22229,482230.716913,1,1,1704927015
2024-01-04,0x1b05e4e814b3431a48b8164c41eac834d9ce2da6,67,0x8ce17ff2c7376e9adfe9c63c47a801097fa6c525,0.0,0.0,109139.793882,0,1,1704918343
2024-01-04,0x1b05e4e814b3431a48b8164c41eac834d9ce2da6,77,0xeb6772188cf10aa563a1cd163f48355d1a949797,0.0,0.0,215980.586044,0,1,1704918511
2024-01-04,0x1b05e4e814b3431a48b8164c41eac834d9ce2da6,85,0xc877f7c4c1605692226888f884a823cfb8eb11bd,0.0,0.0,781643.542411,0,1,1704897191
2024-01-04,0x1b05e4e814b3431a48b8164c41eac834d9ce2da6,99,0xa48cd684ded1eee3de13e052bbdcfed59558a1ca,1148689.240568,1148689.240568,1147018.284148,1,1,1704888131
2024-01-04,0x1b05e4e814b3431a48b8164c41eac834d9ce2da6,103,0x1c2ed7a6c4e3c1146103fa222181115a72243a06,0.0,0.0,55153.774709,0,1,1704927049
2024-01-04,0x1b05e4e814b3431a48b8164c41eac834d9ce2da6,105,0x208a17c5fabe5b90282e5906945ff335e39326c4,0.0,0.0,52210.865664,0,1,1704917695
2024-01-04,0x1b05e4e814b3431a48b8164c41eac834d9ce2da6,114,0x611b0c1ed942b833c786c53883a4aa37a25602a6,70666.399605,70666.399605,0.0,1,0,1704898687
2024-01-04,0x1b05e4e814b3431a48b8164c41eac834d9ce2da6,163,0x7ed7888f3bf70ed07f94fd7381d39476928331f7,0.0,0.0,138310.844544,0,1,1704915697
2024-01-04,0x1b05e4e814b3431a48b8164c41eac834d9ce2da6,181,0xa46d9574912af2494d3f26257608243de7fe8285,228268.047291,228268.047291,0.0,1,0,1704901519
2024-01-04,0x1b05e4e814b3431a48b8164c41eac834d9ce2da6,186,0x32d6306ec178bcefe7b8d7302689376b42b047ee,889751.408852,889751.408852,0.0,1,0,1704885275
2024-01-04,0x1b05e4e814b3431a48b8164c41eac834d9ce2da6,248,0xdaa12ca83de2fab833fc28ce1300ba6ddee67204,28479.145136,28479.145136,28479.145136,1,1,1704926007
2024-01-04,0x1b05e4e814b3431a48b8164c41eac834d9ce2da6,289,0x95b05f935655c37ada2088c5767e5006f230b068,5915.168621,5915.168621,5915.168621,1,1,1704921527
2024-01-04,0x1b05e4e814b3431a48b8164c41eac834d9ce2da6,303,0xab12253171a0d73df64b115cd43fe0a32feb9daa,26893.836837,26893.836837,26987.129202,1,1,1704898067
2024-01-04,0x1b05e4e814b3431a48b8164c41eac834d9ce2da6,316,0xa46d9574912af2494d3f26257608243de7fe8285,0.0,0.0,102287.88832,0,1,1704901535
2024-01-04,0x1b05e4e814b3431a48b8164c41eac834d9ce2da6,317,0x2d8ea9bcf57a8456085947ab4752f3f9104fc7db,106100.840566,106100.840566,105946.499535,1,1,1704905161
2024-01-04,0x1b05e4e814b3431a48b8164c41eac834d9ce2da6,322,0xc877f7c4c1605692226888f884a823cfb8eb11bd,0.0,0.0,99393.103797,0,1,1704897199
2024-01-04,0x1b05e4e814b3431a48b8164c41eac834d9ce2da6,364,0xe7b27bd74f522afa05732ba82b2f46a38d4be098,39075.210209,39075.210209,19537.605105,1,1,1704904299
2024-01-04,0x1b05e4e814b3431a48b8164c41eac834d9ce2da6,405,0x2f707265e61300e8290c18e38ebcbd129fb0b0f5,0.0,0.0,135189.958034,0,1,1704920441
2024-01-04,0x1b05e4e814b3431a48b8164c41eac834d9ce2da6,536,0xf6ed81d5e9f61dd1ea21e96ae1d660ecc388ae4f,12272.213156,12272.213156,12230.63926,1,1,1704900951
2024-01-04,0x1b05e4e814b3431a48b8164c41eac834d9ce2da6,585,0xe0d96d1e847d222aaf54366b74db508a393b8d8a,43499.996345,43499.996345,42749.998885,1,1,1704927555
2024-01-04,0x1b05e4e814b3431a48b8164c41eac834d9ce2da6,644,0x89e1cfcc3bf93de8da0fb43a1311898067b3a11c,0.0,0.0,32739.153368,0,1,1704853899
2024-01-04,0x1b05e4e814b3431a48b8164c41eac834d9ce2da6,748,0x5805641e589cf538004a0ccfc31a57ac1ba2cb02,12534.475952,12534.475952,12499.243852,1,1,1704926913
2024-01-04,0x1b05e4e814b3431a48b8164c41eac834d9ce2da6,763,0x50cd86868d9326d9ce433bd9aa16aef91f6f461e,0.0,0.0,24008.125321,0,1,1704837947
2024-01-04,0x1b05e4e814b3431a48b8164c41eac834d9ce2da6,892,0x829a2eab39abb84c1e0aa621736a14443b5c5075,0.0,0.0,39032.696927,0,1,1704914335
2024-01-04,0x1b05e4e814b3431a48b8164c41eac834d9ce2da6,1218,0x86e21992a439fe4f1149969f3fbf1d80897b8766,12392.839456,12392.839456,12392.839456,1,1,1704897655
2024-01-04,0x1b05e4e814b3431a48b8164c41eac834d9ce2da6,1469,0x8fc4faa9dd274dc801ca629234e83183031634ec,2003.356995,2003.356995,0.0,1,0,1704904541
2024-01-04,0x1b05e4e814b3431a48b8164c41eac834d9ce2da6,1522,0x0f50eb3bb26cafb1303bc552137300e6d6b722c8,7111.17596,7111.17596,7111.17596,1,1,1704897741
2024-01-04,0x1b05e4e814b3431a48b8164c41eac834d9ce2da6,1744,0x49f4d0222c880d4780b636662f5f18f572f2f88a,0.0,0.0,5552.851842,0,1,1704898887
2024-01-04,0x1b05e4e814b3431a48b8164c41eac834d9ce2da6,1811,0x410f2959ee9c8115ca6cf0f817b14373b63b5d4c,0.0,0.0,3000.555655,0,1,1704925817
2024-01-04,0x1b05e4e814b3431a48b8164c41eac834d9ce2da6,1876,0xfa01c614b923a3a6574719574ca4311e8a1ae08c,0.0,0.0,5173.590342,0,1,1704916209
2024-01-04,0x1b05e4e814b3431a48b8164c41eac834d9ce2da6,2273,0x69d6c073b693c250e26b9daaa439bfcb4993a6e4,0.0,0.0,3632.352667,0,1,1704891285
2024-01-04,0x1b05e4e814b3431a48b8164c41eac834d9ce2da6,2299,0xc4f694f8da796b7b36d9f5ceeacae5722c2d1d6e,3941.118951,3941.118951,0.0,1,0,1704911793
2024-01-04,0x1b05e4e814b3431a48b8164c41eac834d9ce2da6,2362,0xbaa9b493bccbe1a900b39870980f41356f85822a,4285.822537,4285.822537,4273.767425,1,1,1704900145
2024-01-04,0x1b05e4e814b3431a48b8164c41eac834d9ce2da6,2609,0xaef1889d58677805399c6f8326c11d159b09caf2,0.0,0.0,776.753643,0,1,1704834057
2024-01-04,0x1b05e4e814b3431a48b8164c41eac834d9ce2da6,2862,0xdb5b154d5bffdf6854c72f7dd06f446d3f8d8408,0.0,0.0,569.166925,0,1,1704906223
2024-01-04,0x1b05e4e814b3431a48b8164c41eac834d9ce2da6,3362,0x7ffbeb62cf6e5e53f898ba52d66d29ca3b2851fd,0.0,0.0,24135.24533,0,1,1704926515
2024-01-04,0x1b05e4e814b3431a48b8164c41eac834d9ce2da6,4033,0xced29ba48490c51e4348e654c313ac97762beccc,0.0,0.0,495.536239,0,1,1704400567
2024-01-04,0x1b05e4e814b3431a48b8164c41eac834d9ce2da6,4484,0x98e78cd936e6d7bb685d1cb3e4f3766322057183,0.0,0.0,131.032147,0,1,1704926837
2024-01-04,0x1b05e4e814b3431a48b8164c41eac834d9ce2da6,4894,0x54d8e8fb753cabb05600b8a04e536def9f42e3d6,66.168017,66.168017,66.168017,1,1,1704372363
2024-01-04,0x1b05e4e814b3431a48b8164c41eac834d9ce2da6,6167,0x495dc187ebc2398f57ca3fa70c49b5eb6c5271ec,352.699929,352.699929,352.699929,1,1,1704616001
2024-01-04,0x1b05e4e814b3431a48b8164c41eac834d9ce2da6,8032,0xf265702178a66b4b7ce079fc8a1629e47cf1bcde,0.0,0.0,244717.05077,0,1,1704923031
2024-01-04,0x1b05e4e814b3431a48b8164c41eac834d9ce2da6,8355,0x1594b251df6b70ca9a01d4de0836ab4fd9811241,263546.782195,263546.782195,0.0,1,0,1704901615
2024-01-04,0x1b05e4e814b3431a48b8164c41eac834d9ce2da6,9218,0xb44b476a7f6a83b5e0559433b0d3ad374a0c1682,0.0,0.0,34833.171474,0,1,1704918671
2024-01-04,0x1b05e4e814b3431a48b8164c41eac834d9ce2da6,9269,0x12dad3425d0ec383ebd9e86139a103ce119aa0b2,0.0,0.0,45726.215318,0,1,1704906537
2024-01-04,0x1b05e4e814b3431a48b8164c41eac834d9ce2da6,9903,0x169ff4fd0e36bffa8c2c5ca740b112b42e8a171a,0.0,0.0,10418.246974,0,1,1704927343
2024-01-04,0x1b05e4e814b3431a48b8164c41eac834d9ce2da6,9935,0x829a2eab39abb84c1e0aa621736a14443b5c5075,0.0,0.0,2685.798516,0,1,1704914353
2024-01-04,0x1b05e4e814b3431a48b8164c41eac834d9ce2da6,9950,0x9faa9d3fdbf962d8ce187575e68a44cd858dcba8,0.0,0.0,29702.732187,0,1,1704910063
2024-01-04,0x1b05e4e814b3431a48b8164c41eac834d9ce2da6,9974,0x1594b251df6b70ca9a01d4de0836ab4fd9811241,159644.416024,159644.416024,0.0,1,0,1704901737
2024-01-04,0x1b05e4e814b3431a48b8164c41eac834d9ce2da6,10104,0xc4559c52ce2d04311bf20576acf102ea079aa8f2,305.92573,305.92573,311.974494,1,1,1704888981
2024-01-04,0x1b05e4e814b3431a48b8164c41eac834d9ce2da6,10167,0x32d6306ec178bcefe7b8d7302689376b42b047ee,0.0,0.0,1234017.770307,0,1,1704885261
2024-01-04,0x1b05e4e814b3431a48b8164c41eac834d9ce2da6,10294,0x48a6a8d403a58eccc70d4d57347f801d4e182564,6008740.696343,6008740.696343,4999999.999153,1,1,1704913363
2024-01-04,0x1b05e4e814b3431a48b8164c41eac834d9ce2da6,10295,0xc875b3dae5b0c371bc8cf9ded64868b78ac47587,976449.593008,976449.593008,0.0,1,0,1704913979
2024-01-04,0x1b05e4e814b3431a48b8164c41eac834d9ce2da6,10296,0x03c70563e94de5de56c11a0cc4ce3482f592854f,2545868.09286,2545868.09286,3385856.927008,1,1,1704929195
2024-01-04,0x1b05e4e814b3431a48b8164c41eac834d9ce2da6,10298,0xc9814f18a8751214f719de15c54d01b3d78ef14f,484322.842817,484322.842817,0.0,1,0,1704929143
2024-01-04,0x1b05e4e814b3431a48b8164c41eac834d9ce2da6,10449,0x370880694995aa8a53f71645f7bec3b0e7bb25d9,8994.274595,8994.274595,0.0,1,0,1704904735
2024-01-04,0x1b05e4e814b3431a48b8164c41eac834d9ce2da6,10463,0x9faa9d3fdbf962d8ce187575e68a44cd858dcba8,0.0,0.0,10304.0,0,1,1704909955
2024-01-04,0x1b05e4e814b3431a48b8164c41eac834d9ce2da6,10502,0x8b478359b5593747473e67f78b1f0048c1c523ed,0.0,1940.867323,3506.997422,1,2,1704373261
2024-01-04,0x1b05e4e814b3431a48b8164c41eac834d9ce2da6,10656,0x145acc258b553369e51b4e5fb4d7b7201125eecb,0.064829,0.064829,0.0,1,0,1704891285
2024-01-04,0x1b05e4e814b3431a48b8164c41eac834d9ce2da6,10680,0x145acc258b553369e51b4e5fb4d7b7201125eecb,504.514971,504.514971,0.0,1,0,1704909255
2024-01-04,0x2223f9fe624f69da4d8256a7bcc9104fba7f8f75,121,0xede54584f748480851cad467b82c6a1173bebe10,229678.199228,458829.889807,503733.712927,2,2,1704431827
2024-01-04,0x2223f9fe624f69da4d8256a7bcc9104fba7f8f75,125,0xdad29981b5feefeeaf3ef92e678e53c5620a1fd8,193366.832237,424769.822018,460548.857796,2,2,1704861481
2024-01-04,0x2223f9fe624f69da4d8256a7bcc9104fba7f8f75,229,0x4dcea47ec4b26079cb4f9a0e0f400e1aa6f199a9,39629.24733,39629.24733,79258.49466,1,1,1704599571
2024-01-04,0x2223f9fe624f69da4d8256a7bcc9104fba7f8f75,267,0x5b1c8cd6e98d8bca397fd09b0dcc9933d712ad13,0.0,0.0,59172.604936,0,1,1704920535
2024-01-04,0x2223f9fe624f69da4d8256a7bcc9104fba7f8f75,281,0xea04a9fe2cef51b504e7da8cf1b859454ae27030,36417.926425,36417.926425,36417.926425,1,1,1704585983
2024-01-04,0x2223f9fe624f69da4d8256a7bcc9104fba7f8f75,318,0xcf0afa96743819d52515bff99635a7978f2a856f,0.0,0.0,101966.065564,0,1,1704498283
2024-01-04,0x2223f9fe624f69da4d8256a7bcc9104fba7f8f75,568,0xfd9ce79fd7f62ca88ace958cd2716f4cce25e2df,38335.309242,38335.309242,38335.309242,1,1,1704739987
2024-01-04,0x2223f9fe624f69da4d8256a7bcc9104fba7f8f75,572,0xcbc21fbf92519f6d90c05a6fda1a7cb72fa6e02b,0.0,0.0,37991.268871,0,1,1704498333
2024-01-04,0x2223f9fe624f69da4d8256a7bcc9104fba7f8f75,613,0xbce3bd1e1cc867d6be17924e4d53ae1cc147dc7b,35431.154371,35431.154371,35379.613961,1,1,1704744193
2024-01-04,0x2223f9fe624f69da4d8256a7bcc9104fba7f8f75,629,0x9c037cb27bfb666474e264cb9ca554720bb1f102,0.0,0.0,33985.359082,0,1,1704916223
2024-01-04,0x2223f9fe624f69da4d8256a7bcc9104fba7f8f75,657,0x2067bed542762d26e2755ce7d8776728f3429f48,15790.309693,15790.309693,31491.789783,1,1,1704796345
2024-01-04,0x2223f9fe624f69da4d8256a7bcc9104fba7f8f75,716,0x7026d2dc1a6314dcae5b8834c506987a30c702a6,28203.073728,28203.073728,28294.185375,1,1,1704552661
2024-01-04,0x2223f9fe624f69da4d8256a7bcc9104fba7f8f75,776,0xc923dd451dfb1fc6a4608982c6c077414da06a4d,12523.61086,12523.61086,12505.393219,1,1,1704787573
2024-01-04,0x2223f9fe624f69da4d8256a7bcc9104fba7f8f75,1003,0x9726568bf0bff545b0bca6278e75881099629f3d,15739.662247,15739.662247,15657.057648,1,1,1704441605
2024-01-04,0x2223f9fe624f69da4d8256a7bcc9104fba7f8f75,1006,0x806388e04b7583a0148451a8ecd29a748b8fd584,0.0,0.0,3746.58355,0,1,1704763017
2024-01-04,0x2223f9fe624f69da4d8256a7bcc9104fba7f8f75,1038,0x5eda2dc136986fc88d4df5696bc464f96a20268a,3515.845048,3515.845048,7002.852908,1,1,1704879427
2024-01-04,0x2223f9fe624f69da4d8256a7bcc9104fba7f8f75,1069,0x30d41a62b6e36e72b4fed35236c3168f4369b2f5,15924.182853,15924.182853,15384.825763,1,1,1704919125
2024-01-04,0x2223f9fe624f69da4d8256a7bcc9104fba7f8f75,1148,0x616b8248a78ba31c04f769242060d0d16913c04d,11957.994802,11957.994802,11957.994802,1,1,1704632971
2024-01-04,0x2223f9fe624f69da4d8256a7bcc9104fba7f8f75,1170,0x1cf274a674a29ffe2425c1111b64b4d181744ce2,11602.987265,11602.987265,11602.987265,1,1,1704920009
2024-01-04,0x2223f9fe624f69da4d8256a7bcc9104fba7f8f75,1221,0x564b3a3cf630d7b3b35ae78e47feb074bce2b06e,2473.91641,2473.91641,4976.280781,1,1,1704744367
2024-01-04,0x2223f9fe624f69da4d8256a7bcc9104fba7f8f75,1255,0x4f4d6d47a8a764cf8dab8f544b055fbd109304af,0.0,0.0,5019.797319,0,1,1704726923
2024-01-04,0x2223f9fe624f69da4d8256a7bcc9104fba7f8f75,1302,0x764f4909251f81976a0a2dcebce95333e4c27517,3955.76381,3955.76381,4944.704762,1,1,1704454025
2024-01-04,0x2223f9fe624f69da4d8256a7bcc9104fba7f8f75,1349,0x5d20723d6eca69738eac8b4767c46682ecc76f3c,8835.843388,8835.843388,8822.990209,1,1,1704359551
2024-01-04,0x2223f9fe624f69da4d8256a7bcc9104fba7f8f75,1428,0xc1c1fdadd3f76ff4e34f6f3f0b00f4db9b539a8f,0.0,0.0,18727.099342,0,1,1704917799
2024-01-04,0x2223f9fe624f69da4d8256a7bcc9104fba7f8f75,1469,0x8fc4faa9dd274dc801ca629234e83183031634ec,0.0,0.0,2000.442784,0,1,1704904541
2024-01-04,0x2223f9fe624f69da4d8256a7bcc9104fba7f8f75,1472,0xf1f57b31a953f8e481c5c8f52fe38600268dba14,0.0,0.0,764.302932,0,1,1704771693
2024-01-04,0x2223f9fe624f69da4d8256a7bcc9104fba7f8f75,1595,0x6532a7c47b033e83eac702b2baecdb8b834558de,6641.699067,6641.699067,0.0,1,0,1704463221
2024-01-04,0x2223f9fe624f69da4d8256a7bcc9104fba7f8f75,1614,0xa455c79ad2e6b2c64372886661de7a2ed0254d75,8440.238645,8440.238645,8330.56486,1,1,1704379587
2024-01-04,0x2223f9fe624f69da4d8256a7bcc9104fba7f8f75,1713,0xf447b405fc7b41ddfef3cf66ec790eabd6b26a47,5804.07429,5804.07429,5804.07429,1,1,1704344053
2024-01-04,0x2223f9fe624f69da4d8256a7bcc9104fba7f8f75,1786,0x49ae63864988ee94791a8aeb0aa05a465699a5db,0.0,0.0,5230.720218,0,1,1704462137
2024-01-04,0x2223f9fe624f69da4d8256a7bcc9104fba7f8f75,1968,0xbb2d01f1cb61a1c784ef7170906463c282f757fa,0.0,0.0,7760.09578,0,1,1704420891
2024-01-04,0x2223f9fe624f69da4d8256a7bcc9104fba7f8f75,2002,0x77e1892fd956c6df5a283804d57ba4c6e2803766,4857.233274,4857.233274,4857.233274,1,1,1704336133
2024-01-04,0x2223f9fe624f69da4d8256a7bcc9104fba7f8f75,2067,0x2ce1a66f22a2dc6e410d9021d57aeb8d13d6bfef,0.0,0.0,4070.699854,0,1,1704817789
2024-01-04,0x2223f9fe624f69da4d8256a7bcc9104fba7f8f75,2087,0x4d85e4f760fb58e380f02657ae5aafb8bd010601,2384.31512,2384.31512,2354.969571,1,1,1704399767
2024-01-04,0x2223f9fe624f69da4d8256a7bcc9104fba7f8f75,2092,0x54b2bc420f9d59a4a4eda1c5121d6fa43ad80193,4077.95068,4077.95068,4072.018634,1,1,1704423413
2024-01-04,0x2223f9fe624f69da4d8256a7bcc9104fba7f8f75,2094,0x99999990d598b918799f38163204bbc30611b6b6,4040.366205,4040.366205,0.0,1,0,1704738631
2024-01-04,0x2223f9fe624f69da4d8256a7bcc9104fba7f8f75,2097,0x9c0cf2725082ac208ba8d8fd3fb2702e76113b14,0.0,0.0,4028.439427,0,1,1704565931
2024-01-04,0x2223f9fe624f69da4d8256a7bcc9104fba7f8f75,2109,0xaba92f62ef9d45d0b61808d330461c3b2d8fece8,4044.509414,4044.509414,4027.945347,1,1,1704900211
2024-01-04,0x2223f9fe624f69da4d8256a7bcc9104fba7f8f75,2117,0x3a08ca9e3a394c7b947b9ca56493e38176f3428c,4028.152224,4028.152224,0.0,1,0,1704686983
2024-01-04,0x2223f9fe624f69da4d8256a7bcc9104fba7f8f75,2127,0x0c5d1d586b67c8cf51174d8d71c12b254d496ff6,4552.398741,4552.398741,4528.506928,1,1,1704644117
2024-01-04,0x2223f9fe624f69da4d8256a7bcc9104fba7f8f75,2129,0x9e136c1c6d31504f6b0af8cba2cd3f1ea77b2e2b,2156.15883,2156.15883,2156.15883,1,1,1704450847
2024-01-04,0x2223f9fe624f69da4d8256a7bcc9104fba7f8f75,2170,0xe864c76dc41797e606b67ecd23cf0575841cb24e,3984.901682,3984.901682,4004.173044,1,1,1704810103
2024-01-04,0x2223f9fe624f69da4d8256a7bcc9104fba7f8f75,2244,0x6fb5421989807f828926b03e44a5ce61d6906ee3,3690.352156,3690.352156,3690.352156,1,1,1704903587
2024-01-04,0x2223f9fe624f69da4d8256a7bcc9104fba7f8f75,2351,0x3bc29ca7ff3bb9a205a766d31c1cdd6917202734,0.0,0.0,3503.291989,0,1,1704798611
2024-01-04,0x2223f9fe624f69da4d8256a7bcc9104fba7f8f75,2444,0x5dd39a3fc1c33e4411438e79bf86d4fab4f6932f,3357.854919,3357.854919,3315.62731,1,1,1704693139
2024-01-04,0x2223f9fe624f69da4d8256a7bcc9104fba7f8f75,2487,0x3177bdcb49b717864a2fd9b26df27c82471519c9,3283.804941,3283.804941,0.0,1,0,1704330175
2024-01-04,0x2223f9fe624f69da4d8256a7bcc9104fba7f8f75,2550,0x69fa137938a050a105c99fcd5824c2591b837c5c,0.0,0.0,3158.523528,0,1,1704786249
2024-01-04,0x2223f9fe624f69da4d8256a7bcc9104fba7f8f75,2559,0xfdf45e7d16bdb5df94ac2f1ef36c34984787b0f9,3183.611007,3183.611007,3142.998275,1,1,1704901405
2024-01-04,0x2223f9fe624f69da4d8256a7bcc9104fba7f8f75,2632,0x5449f6df38d7d6f2fb8ccea1f3f9f87418e8a174,1545.071985,1545.071985,1542.824425,1,1,1704363981
2024-01-04,0x2223f9fe624f69da4d8256a7bcc9104fba7f8f75,2633,0xfcc06f7f02f6ab02051f259db4f82f20d8d02112,0.0,0.0,3165.927939,0,1,1704642355
2024-01-04,0x2223f9fe624f69da4d8256a7bcc9104fba7f8f75,2664,0x1dbd54599a449220bdd5e3540861ce670ea9ec36,3229.057331,3229.057331,0.0,1,0,1704589561
2024-01-04,0x2223f9fe624f69da4d8256a7bcc9104fba7f8f75,2711,0x18c6a47aca1c6a237e53ed2fc3a8fb392c97169b,1468.519387,1468.519387,0.0,1,0,1704739507
2024-01-04,0x2223f9fe624f69da4d8256a7bcc9104fba7f8f75,2728,0xd9652b834ab5918b404902f0ca1452477603a2cb,3125.466865,3125.466865,3123.71513,1,1,1704602867
2024-01-04,0x2223f9fe624f69da4d8256a7bcc9104fba7f8f75,2755,0x27f34c4f30f11a6a9698d9711573a1319c6a135d,691.64566,691.64566,691.64566,1,1,1704886365
2024-01-04,0x2223f9fe624f69da4d8256a7bcc9104fba7f8f75,2769,0x96051588ee65acde2453e972e1120cf6b2f4651d,0.0,0.0,2671.990207,0,1,1704562591
2024-01-04,0x2223f9fe624f69da4d8256a7bcc9104fba7f8f75,2847,0xa529dbf959fc80f9db66d990b47eb33e26c416a0,0.0,0.0,2299.471425,0,1,1704380257
2024-01-04,0x2223f9fe624f69da4d8256a7bcc9104fba7f8f75,2849,0x12ef58947285f01ce8d8ecd90b3ea384b022cd1c,2290.432861,2290.432861,0.0,1,0,1704546731
2024-01-04,0x2223f9fe624f69da4d8256a7bcc9104fba7f8f75,2856,0xf3b059c887172f2cc52b5e77ee3b2c8b3a32e6ef,5742.810466,5742.810466,0.0,1,0,1704330091
2024-01-04,0x2223f9fe624f69da4d8256a7bcc9104fba7f8f75,2888,0x5b2dddf2a4772d9c27c9b3099c371c3e7ba7b4a7,2587.409054,2587.409054,2587.409054,1,1,1704335733
2024-01-04,0x2223f9fe624f69da4d8256a7bcc9104fba7f8f75,2909,0xb4a0c27d79d54fd2eccb6dc9ef9eb49ec706626e,2458.577533,2458.577533,2458.577533,1,1,1704336311
2024-01-04,0x2223f9fe624f69da4d8256a7bcc9104fba7f8f75,2960,0x4765697e4e357148f0819b961bd7ec4837d1020a,0.0,0.0,508.613487,0,1,1704787359
2024-01-04,0x2223f9fe624f69da4d8256a7bcc9104fba7f8f75,3047,0xbee2d469aacb46251ae33cca91f482e26c971dff,948.047286,948.047286,692.316832,1,1,1704922543
2024-01-04,0x2223f9fe624f69da4d8256a7bcc9104fba7f8f75,3083,0x59617225c006871c2a279089570063f0294ae2c9,1826.817407,1826.817407,1826.817407,1,1,1704361453
2024-01-04,0x2223f9fe624f69da4d8256a7bcc9104fba7f8f75,3130,0xd71bfda29efe1120c8b9d32e798a298db6cca377,0.0,0.0,1772.221936,0,1,1704505937
2024-01-04,0x2223f9fe624f69da4d8256a7bcc9104fba7f8f75,3132,0x5d91c94fd64a08f9b9812c22f4da940b8ceda4ee,0.0,0.0,1759.787328,0,1,1704631769
2024-01-04,0x2223f9fe624f69da4d8256a7bcc9104fba7f8f75,3203,0xc8295d5fa5fc96c6b3f7d83a0e08f2344ce8ede7,0.0,0.0,1706.712869,0,1,1704495195
2024-01-04,0x2223f9fe624f69da4d8256a7bcc9104fba7f8f75,3236,0x670fbd72155b2ae2e5336c82dc62c8b22ed4ba09,0.0,0.0,824.836718,0,1,1704367807
2024-01-04,0x2223f9fe624f69da4d8256a7bcc9104fba7f8f75,3284,0x142769f06e9ed0fa58bdee540be49014fe0c9c7d,1600.138914,1600.138914,0.0,1,0,1704546825
2024-01-04,0x2223f9fe624f69da4d8256a7bcc9104fba7f8f75,3347,0x175fb20b9b5bcf80a0167d403405e6f3a074cfa0,201.299532,201.299532,193.339338,1,1,1704483891
2024-01-04,0x2223f9fe624f69da4d8256a7bcc9104fba7f8f75,3381,0x185541a045ed6fe9ff1142419b647cccbd62a04a,740.509959,740.509959,0.0,1,0,1704478737
2024-01-04,0x2223f9fe624f69da4d8256a7bcc9104fba7f8f75,3433,0x7497b333895c64a56924b293e68a6468963f2a7e,0.0,0.0,348.330115,0,1,1704921275
2024-01-04,0x2223f9fe624f69da4d8256a7bcc9104fba7f8f75,3437,0xc16373b5fdb767c5c10b1ef1668649f94f925e03,346.810775,346.810775,0.0,1,0,1704650539
2024-01-04,0x2223f9fe624f69da4d8256a7bcc9104fba7f8f75,3525,0x3db37898b3b68c8392ecd25be05ff8d0c4a1dd56,1284.041043,1284.041043,1278.77515,1,1,1704472315
2024-01-04,0x2223f9fe624f69da4d8256a7bcc9104fba7f8f75,3561,0xfb60594e45cfb9a5e823fd991cbd2caca82a1e77,2606.90054,2606.90054,0.0,1,0,1704356453
2024-01-04,0x2223f9fe624f69da4d8256a7bcc9104fba7f8f75,3580,0xcc71d2ff046b1464fa39f5d1108695d92d01767e,592.242557,592.242557,0.0,1,0,1704926493
2024-01-04,0x2223f9fe624f69da4d8256a7bcc9104fba7f8f75,3590,0x9b32e12d0678628aee378dbdf92f7f66f3f4df80,0.0,0.0,1176.727682,0,1,1704333321
2024-01-04,0x2223f9fe624f69da4d8256a7bcc9104fba7f8f75,3615,0x4b9d8dde4c5ceb5ba567334d9fb86cfc94282a03,0.0,0.0,1265.779972,0,1,1704795889
2024-01-04,0x2223f9fe624f69da4d8256a7bcc9104fba7f8f75,3634,0x01ab07010c2f4bf5971537669cc19d5d8cf320a0,1110.844142,1110.844142,1110.844142,1,1,1704734047
2024-01-04,0x2223f9fe624f69da4d8256a7bcc9104fba7f8f75,3649,0xfe0ebcacfcca78e2dab89210b70b6755fe209419,0.0,0.0,1112.74007,0,1,1704793489
2024-01-04,0x2223f9fe624f69da4d8256a7bcc9104fba7f8f75,3740,0x85733c9aec50f084ac58259ec23933931cbbc2ee,527.120675,527.120675,0.0,1,0,1704765003
2024-01-04,0x2223f9fe624f69da4d8256a7bcc9104fba7f8f75,3757,0x305dd3323db135dcad64fd40744133259823d627,1029.889058,1029.889058,0.0,1,0,1704795151
2024-01-04,0x2223f9fe624f69da4d8256a7bcc9104fba7f8f75,3770,0x7fa6d3944fefcd7f567d960c2150e351825113ef,1046.396101,1046.396101,1036.275067,1,1,1704907631
2024-01-04,0x2223f9fe624f69da4d8256a7bcc9104fba7f8f75,3775,0x5970622555421159b9856656c1b6ae482a86ec42,0.0,0.0,514.224161,0,1,1704387581
2024-01-04,0x2223f9fe624f69da4d8256a7bcc9104fba7f8f75,3880,0x96a1e88dc09887de698b9b4bc722ab505d2be452,0.0,0.0,2563.866317,0,1,1704886179
2024-01-04,0x2223f9fe624f69da4d8256a7bcc9104fba7f8f75,4011,0x6322872f335dde0d4b44537f69fbae74bbed39de,81.644249,81.644249,0.0,1,0,1704812733
2024-01-04,0x2223f9fe624f69da4d8256a7bcc9104fba7f8f75,4062,0xc4a30458b226630d3fa9961c24974f4e6b043afe,781.198604,781.198604,781.198604,1,1,1704365875
2024-01-04,0x2223f9fe624f69da4d8256a7bcc9104fba7f8f75,4090,0x94824d798c4d2fd2e093ee4e0084d2f1f75f7554,1577.312827,1577.312827,0.0,1,0,1704491025
2024-01-04,0x2223f9fe624f69da4d8256a7bcc9104fba7f8f75,4187,0x06dc0cbf44eed256c5975210095be703504a4541,0.0,0.0,695.926339,0,1,1704392525
2024-01-04,0x2223f9fe624f69da4d8256a7bcc9104fba7f8f75,4272,0x137d0a214c0a24962fd0ad046994d4ac385e6800,0.0,0.0,645.488751,0,1,1704343401
2024-01-04,0x2223f9fe624f69da4d8256a7bcc9104fba7f8f75,4302,0x72665c34a1fdd9f54c3001c00d358e1833f1fb03,622.832701,622.832701,622.832701,1,1,1704441099
2024-01-04,0x2223f9fe624f69da4d8256a7bcc9104fba7f8f75,4396,0xd5bd29aa9816f2140bfe283a5b3a8f42d2060a8c,1756.689138,1756.689138,566.30751,1,1,1704520825
2024-01-04,0x2223f9fe624f69da4d8256a7bcc9104fba7f8f75,4397,0xeb6d85ff965506cf2639a828c3c04fa9f0d09112,564.993056,564.993056,564.993056,1,1,1704365817
2024-01-04,0x2223f9fe624f69da4d8256a7bcc9104fba7f8f75,4467,0xff3885ef026edc8609037b0f3cdade548e302624,1450.941246,1450.941246,1458.116672,1,1,1704896745
2024-01-04,0x2223f9fe624f69da4d8256a7bcc9104fba7f8f75,4479,0xb8b5678fb2ed1df5f8e04dd418d255796b97e6c1,0.0,0.0,567.952141,0,1,1704337601
2024-01-04,0x2223f9fe624f69da4d8256a7bcc9104fba7f8f75,4512,0xda844e1ec97b0bab57f6d33f59b225ba57f0f0c9,0.0,0.0,517.075009,0,1,1704892807
2024-01-04,0x2223f9fe624f69da4d8256a7bcc9104fba7f8f75,4513,0x8325aff2ccc014468cdf20f2538d8534db7a100f,516.892581,516.892581,516.892581,1,1,1704730223
2024-01-04,0x2223f9fe624f69da4d8256a7bcc9104fba7f8f75,4518,0x43917a8174465dc01522e8e14335eaa2cde33f6f,103.987508,103.987508,103.987508,1,1,1704465255
2024-01-04,0x2223f9fe624f69da4d8256a7bcc9104fba7f8f75,4547,0xf95b24e8ff2ec71a76fb2d7495153efae0c622ca,1012.386348,1012.386348,1002.609081,1,1,1704768775
2024-01-04,0x2223f9fe624f69da4d8256a7bcc9104fba7f8f75,4610,0x7adeb9c2181d693d08dd0cf5dd51bf165cdfc7d1,118.673938,118.673938,0.0,1,0,1704918307
2024-01-04,0x2223f9fe624f69da4d8256a7bcc9104fba7f8f75,4613,0x12ed17d0061c89362a1fd0ba9aa960d68b97bd79,0.0,0.0,118.508579,0,1,1704906699
2024-01-04,0x2223f9fe624f69da4d8256a7bcc9104fba7f8f75,4726,0xc441fcd2e080a01f451b63e9b6ba4b524c5e1d58,445.901614,445.901614,440.847357,1,1,1704333539
2024-01-04,0x2223f9fe624f69da4d8256a7bcc9104fba7f8f75,4740,0x37b8ef2da4964886f16c6b14fc87a5c8c9ac4038,329.040702,329.040702,438.720935,1,1,1704546047
2024-01-04,0x2223f9fe624f69da4d8256a7bcc9104fba7f8f75,4770,0x2907b53ffa68caf0dd79b6f8c1238ba8b6708169,436.124232,436.124232,0.0,1,0,1704493015
2024-01-04,0x2223f9fe624f69da4d8256a7bcc9104fba7f8f75,4837,0x95b0cb330519db2bcaf74b90c1bde3d62f673718,210.223062,210.223062,210.223062,1,1,1704901201
2024-01-04,0x2223f9fe624f69da4d8256a7bcc9104fba7f8f75,4993,0x95f615c88f791351b414322a0a7f9cc7354ae19f,620.732209,933.190289,618.010895,2,2,1704643679
2024-01-04,0x2223f9fe624f69da4d8256a7bcc9104fba7f8f75,5228,0x91a332f12e51a5ab2b343c6587189969b533f55d,385.028288,385.028288,385.028288,1,1,1704742525
2024-01-04,0x2223f9fe624f69da4d8256a7bcc9104fba7f8f75,5257,0xb9b86b8d34e6abb1697584726d5c41a8004c2bd6,372.86932,372.86932,0.0,1,0,1704375399
2024-01-04,0x2223f9fe624f69da4d8256a7bcc9104fba7f8f75,5266,0xa40f2c85f814827d9bc01d6e2e6328832991076e,438.771928,438.771928,433.519949,1,1,1704341191
2024-01-04,0x2223f9fe624f69da4d8256a7bcc9104fba7f8f75,5299,0xe8eda53fde3cc6149989ca8aa8a2354f0a287b51,0.0,0.0,381.325166,0,1,1704862503
2024-01-04,0x2223f9fe624f69da4d8256a7bcc9104fba7f8f75,5324,0x6cf81036bdc80b9d47eaaaa05a52cf2e44dcea64,374.729291,374.729291,0.0,1,0,1704795199
2024-01-04,0x2223f9fe624f69da4d8256a7bcc9104fba7f8f75,5532,0x9975ad2b2035aa176068152f58fde6a93aa92208,371.071515,371.071515,371.071515,1,1,1704651683
2024-01-04,0x2223f9fe624f69da4d8256a7bcc9104fba7f8f75,5555,0x3259a48fb47be1da1d13391a54596fa6ed339509,369.759478,369.759478,369.759478,1,1,1704700203
2024-01-04,0x2223f9fe624f69da4d8256a7bcc9104fba7f8f75,5666,0x0f14d4fd4f10a4734bd24e592f11ce46ccfa56dc,366.831671,366.831671,366.831671,1,1,1704857241
2024-01-04,0x2223f9fe624f69da4d8256a7bcc9104fba7f8f75,5668,0x26bf2a1433258eb23e65e3615c75c595f2d38d40,0.0,0.0,366.819773,0,1,1704635069
2024-01-04,0x2223f9fe624f69da4d8256a7bcc9104fba7f8f75,5721,0x4f9285efe27e44dfbe679ca8fef70fa8172517fb,370.21685,370.21685,367.494579,1,1,1704824919
2024-01-04,0x2223f9fe624f69da4d8256a7bcc9104fba7f8f75,5722,0xd6fa492088b1239b075b33fa2452bb2ddb9948a1,365.405531,365.405531,365.405531,1,1,1704507813
2024-01-04,0x2223f9fe624f69da4d8256a7bcc9104fba7f8f75,5925,0xf46d36a35eca074dac347bab4f70d969e8cbce59,363.699114,363.699114,360.713412,1,1,1704865611
2024-01-04,0x2223f9fe624f69da4d8256a7bcc9104fba7f8f75,5937,0xe98659f19ac46d515877f1dcb5d7ede77a0b61c3,363.433081,363.433081,361.944661,1,1,1704420319
2024-01-04,0x2223f9fe624f69da4d8256a7bcc9104fba7f8f75,5983,0x34ab31d3a10be1912fcf684e88b9e6fc8e8b8b63,0.0,0.0,356.976241,0,1,1704889383
2024-01-04,0x2223f9fe624f69da4d8256a7bcc9104fba7f8f75,6043,0xf489741242f62a0d1a13507ab2c9c4473cc59b83,360.224679,360.224679,358.747386,1,1,1704334593
2024-01-04,0x2223f9fe624f69da4d8256a7bcc9104fba7f8f75,6056,0xc630ee3e52a40a2c87d3507b18d11efb178d01ab,177.53274,177.53274,99.397812,1,1,1704417957
2024-01-04,0x2223f9fe624f69da4d8256a7bcc9104fba7f8f75,6069,0xa984ce40edccbf979c95a9c77c3a2078e1c346bc,354.930306,354.930306,354.930306,1,1,1704466929
2024-01-04,0x2223f9fe624f69da4d8256a7bcc9104fba7f8f75,6136,0xc89989842a112b89755deeec9761d878585deb41,0.0,0.0,353.425496,0,1,1704331409
2024-01-04,0x2223f9fe624f69da4d8256a7bcc9104fba7f8f75,6175,0x479e26d0e79d430340a0c6468f16ab9f5a033b97,0.0,0.0,176.278146,0,1,1704809697
2024-01-04,0x2223f9fe624f69da4d8256a7bcc9104fba7f8f75,6182,0x59659e3270e7e143f8f1bba1af3d237d8c9f9354,355.987242,355.987242,355.987242,1,1,1704718893
2024-01-04,0x2223f9fe624f69da4d8256a7bcc9104fba7f8f75,6201,0x81c516261ab29dd24d9acc0a1d8ccb822ad7c982,351.975884,351.975884,351.975884,1,1,1704712095
2024-01-04,0x2223f9fe624f69da4d8256a7bcc9104fba7f8f75,6225,0x6ee7ac91bbbc33e146726438496d407b08212b3b,87.888478,87.888478,0.0,1,0,1704733003
2024-01-04,0x2223f9fe624f69da4d8256a7bcc9104fba7f8f75,6313,0xc0de72a1b723452cacf35570db24fa13ec8bc562,262.538211,262.538211,0.0,1,0,1704750495
2024-01-04,0x2223f9fe624f69da4d8256a7bcc9104fba7f8f75,6589,0x89c5f77ba94c96e4456ee463a0335b4128b0e263,3065.458276,3065.458276,3117.172615,1,1,1704376643
2024-01-04,0x2223f9fe624f69da4d8256a7bcc9104fba7f8f75,6653,0xd1ad3830b54e97fcc05195c637b8e8e038378070,0.0,0.0,5.701135,0,1,1704877525
2024-01-04,0x2223f9fe624f69da4d8256a7bcc9104fba7f8f75,6717,0x043951150857e82d8f59bcabf1cf4ef99fb9ae03,1819.27383,1819.27383,466.051207,1,1,1704493161
2024-01-04,0x2223f9fe624f69da4d8256a7bcc9104fba7f8f75,6850,0x47b0c8c154fb9222d22e170a0801b9807dee2576,333.819598,333.819598,335.879038,1,1,1704453199
2024-01-04,0x2223f9fe624f69da4d8256a7bcc9104fba7f8f75,6862,0x76b173f37cb39f288c2b97a8bea9bf96b643c485,844.636893,844.636893,0.0,1,0,1704927163
2024-01-04,0x2223f9fe624f69da4d8256a7bcc9104fba7f8f75,6872,0xdc82091269279b03923c9e64026c548956ce27ca,88.011781,88.011781,88.230379,1,1,1704369339
2024-01-04,0x2223f9fe624f69da4d8256a7bcc9104fba7f8f75,7005,0xfb82b0e2af6abedbf0263f3299d4f9d55a4c7313,0.485902,0.485902,0.0,1,0,1704547307
2024-01-04,0x2223f9fe624f69da4d8256a7bcc9104fba7f8f75,7009,0xfca9895a7dd0545c3d648f7ef235e546053946ca,921.455965,921.455965,929.911847,1,1,1704889957
2024-01-04,0x2223f9fe624f69da4d8256a7bcc9104fba7f8f75,7449,0x26bf2a1433258eb23e65e3615c75c595f2d38d40,577.554931,577.554931,579.078689,1,1,1704635425
2024-01-04,0x2223f9fe624f69da4d8256a7bcc9104fba7f8f75,7625,0xfb8826794abb11d8528e3934af4470dcac7615b2,3.670141,3.670141,3.764634,1,1,1704361273
2024-01-04,0x2223f9fe624f69da4d8256a7bcc9104fba7f8f75,7834,0xacbe1fc97ced05874d2ee6993d92066fe3ec011f,5.461301,5.461301,16.697472,1,1,1704870083
2024-01-04,0x2223f9fe624f69da4d8256a7bcc9104fba7f8f75,7844,0x4dccb4444a0a804b778ddac22dc21b4fd0fe1a0d,4.8022,4.8022,4.827035,1,1,1704885359
2024-01-04,0x2223f9fe624f69da4d8256a7bcc9104fba7f8f75,8083,0xca82abdbb7d552fa2903ab2943518e798325e44b,137.509356,137.509356,169.98392,1,1,1704617495
2024-01-04,0x2223f9fe624f69da4d8256a7bcc9104fba7f8f75,8308,0x5303878c813f98c97fb1f641d6a89bf44bb03c0d,1.365721,1.365721,1.896179,1,1,1704482413
2024-01-04,0x2223f9fe624f69da4d8256a7bcc9104fba7f8f75,8597,0x3c44d74a3bb9cacd11ba62ef01a4ba95a58b6be9,381.436791,381.436791,459.24066,1,1,1704841925
2024-01-04,0x2223f9fe624f69da4d8256a7bcc9104fba7f8f75,8688,0x3953097d0ac7ee4f390592b69b5ada2dff4108c6,516.773708,516.773708,516.773813,1,1,1704444681
2024-01-04,0x2223f9fe624f69da4d8256a7bcc9104fba7f8f75,8705,0x4d76cb378a48babd6f755d90db3ac06a58af5ead,0.0,0.0,1210.042851,0,1,1704656241
2024-01-04,0x2223f9fe624f69da4d8256a7bcc9104fba7f8f75,8707,0xc8295d5fa5fc96c6b3f7d83a0e08f2344ce8ede7,0.0,0.0,4525.12497,0,1,1704495181
2024-01-04,0x2223f9fe624f69da4d8256a7bcc9104fba7f8f75,8733,0x84dac26765a13e7ce22dfe1001f97927d0b9634b,97.908055,97.908055,0.0,1,0,1704717621
2024-01-04,0x2223f9fe624f69da4d8256a7bcc9104fba7f8f75,8741,0xb2ff5b8a05b43749b1307215c501dcde0932a711,0.0,0.0,712.362113,0,1,1704343543
2024-01-04,0x2223f9fe624f69da4d8256a7bcc9104fba7f8f75,8769,0xb764113ac0c2d8e1a99bb2a69149503d9bf4f614,94.069551,94.069551,128.597032,1,1,1704637263
2024-01-04,0x2223f9fe624f69da4d8256a7bcc9104fba7f8f75,8773,0x994cf20f5084427d078dbe368ee9c5b6b9ec0755,69.151133,69.151133,75.216021,1,1,1704609403
2024-01-04,0x2223f9fe624f69da4d8256a7bcc9104fba7f8f75,8846,0x6d75b5c51c41d5361f5729a2d453fee4ef40e652,1697.657965,1697.657965,1505.802059,1,1,1704461561
2024-01-04,0x2223f9fe624f69da4d8256a7bcc9104fba7f8f75,8852,0x6adabc8287a814b21a67e2b5811ed19ae708872f,2912.891455,2912.891455,2942.472607,1,1,1704577751
2024-01-04,0x2223f9fe624f69da4d8256a7bcc9104fba7f8f75,9003,0x882bd42f3202629f05caf71767715eec6d726097,101.876501,101.876501,123.543671,1,1,1704505855
2024-01-04,0x2223f9fe624f69da4d8256a7bcc9104fba7f8f75,9095,0x72d320a6f03249bd60fb3f1a0ca95daecbd9ca61,1.935548,1.935548,0.088457,1,1,1704537593
2024-01-04,0x2223f9fe624f69da4d8256a7bcc9104fba7f8f75,9275,0x8c553dbd9c7e52f0f698d0a11615fafe999ec271,3866.428651,3866.428651,3845.964475,1,1,1704880557
2024-01-04,0x2223f9fe624f69da4d8256a7bcc9104fba7f8f75,9412,0xe76740857cf71561a3dde058d8af70423c0326bc,0.062302,0.062302,0.0,1,0,1704923341
2024-01-04,0x2223f9fe624f69da4d8256a7bcc9104fba7f8f75,9413,0xe76740857cf71561a3dde058d8af70423c0326bc,48.06927,48.06927,0.0,1,0,1704923375
2024-01-04,0x2223f9fe624f69da4d8256a7bcc9104fba7f8f75,9414,0xe76740857cf71561a3dde058d8af70423c0326bc,86.425308,86.425308,0.0,1,0,1704923383
2024-01-04,0x2223f9fe624f69da4d8256a7bcc9104fba7f8f75,9417,0x72d320a6f03249bd60fb3f1a0ca95daecbd9ca61,0.0,0.0,30.498922,0,1,1704537581
2024-01-04,0x2223f9fe624f69da4d8256a7bcc9104fba7f8f75,9427,0xba9d854c4b9ae5eef3dad86e1b65d661938b27a1,0.0,0.0,16731.430651,0,1,1704887177
2024-01-04,0x2223f9fe624f69da4d8256a7bcc9104fba7f8f75,9492,0xdc9733f0dd4b68f45613c4e89b4c647ba46901b8,543.337778,543.337778,567.637842,1,1,1704907035
2024-01-04,0x2223f9fe624f69da4d8256a7bcc9104fba7f8f75,9526,0xad03274d1b44ac5280293a3346bcc1b4b9f2e49a,2240.406555,2240.406555,2251.48584,1,1,1704896763
2024-01-04,0x2223f9fe624f69da4d8256a7bcc9104fba7f8f75,9527,0xf42e16a262c41d5a39107b5958ed6377f2c1fefc,2235.62212,2235.62212,2246.678481,1,1,1704896765
2024-01-04,0x2223f9fe624f69da4d8256a7bcc9104fba7f8f75,9528,0x77f167cdc43b967658eb8ae473f94402c1672986,2250.899004,2250.899004,2262.030991,1,1,1704896767
2024-01-04,0x2223f9fe624f69da4d8256a7bcc9104fba7f8f75,9529,0x182962a61a53b3c41da12d2452f4e87ca95a8e7e,2228.041843,2228.041843,2239.060056,1,1,1704896769
2024-01-04,0x2223f9fe624f69da4d8256a7bcc9104fba7f8f75,9533,0x59e254c164fa43f0a64030eca2ad48a8574a77ed,2.132267,2.132267,0.0,1,0,1704645129
2024-01-04,0x2223f9fe624f69da4d8256a7bcc9104fba7f8f75,9546,0x175fb20b9b5bcf80a0167d403405e6f3a074cfa0,57.017919,57.017919,57.375054,1,1,1704483903
2024-01-04,0x2223f9fe624f69da4d8256a7bcc9104fba7f8f75,9548,0x274949b0db377742a46074f75749e953a8da45a7,0.0,0.0,111.927399,0,1,1704817619
2024-01-04,0x2223f9fe624f69da4d8256a7bcc9104fba7f8f75,9561,0x099b9c7ce4689068ac6206ecdc0d41d9d016937a,1.464432,1.464432,0.0,1,0,1704784537
2024-01-04,0x2223f9fe624f69da4d8256a7bcc9104fba7f8f75,9602,0x5a1df87bce2216a0a1198e841822b06aec23bd7c,587425.986392,6157812.674721,6229732.000807,10,10,1704918929
2024-01-04,0x2223f9fe624f69da4d8256a7bcc9104fba7f8f75,9608,0xacbe1fc97ced05874d2ee6993d92066fe3ec011f,5.934521,5.934521,17.254275,1,1,1704870107
2024-01-04,0x2223f9fe624f69da4d8256a7bcc9104fba7f8f75,9616,0xf120445761d31c9322416a8eabbbeeea1a1eac1e,66.477719,66.477719,66.828606,1,1,1704373153
2024-01-04,0x2223f9fe624f69da4d8256a7bcc9104fba7f8f75,9625,0xa548c2c9dfc2bdb15b0659cecea65af0344a83b0,244.634416,244.634416,245.852636,1,1,1704386809
2024-01-04,0x2223f9fe624f69da4d8256a7bcc9104fba7f8f75,9701,0xa91e079ddfd695e8077a2513a5d033449137c03c,286.157921,286.157921,321.971071,1,1,1704794765
2024-01-04,0x2223f9fe624f69da4d8256a7bcc9104fba7f8f75,9707,0x60034a6d90f54d3bbc3188033fd08b1a146802ba,1282.134378,1282.134378,1282.134378,1,1,1704905041
2024-01-04,0x2223f9fe624f69da4d8256a7bcc9104fba7f8f75,9762,0x981720fb00bf4bc7754b02e998df1b3d9fe4ff92,0.0,0.0,9759.621135,0,1,1704357031
2024-01-04,0x2223f9fe624f69da4d8256a7bcc9104fba7f8f75,9807,0xf3d820fc48e80f1a318d946cf3faecc9b3d80599,28.7035,28.7035,0.0,1,0,1704648023
2024-01-04,0x2223f9fe624f69da4d8256a7bcc9104fba7f8f75,10061,0xaf75e34f5d6d9655b8a0736d4e96e3674ee9089d,4.370464,4.370464,0.0,1,0,1704587947
2024-01-04,0x2223f9fe624f69da4d8256a7bcc9104fba7f8f75,10093,0x6581bcc4a8bb99efbb1e2b34ad042582cf598484,8.122184,8.122184,6.438993,1,1,1704372173
2024-01-04,0x2223f9fe624f69da4d8256a7bcc9104fba7f8f75,10215,0x9238a15d59eb5484e7f1cddcf5e23539c50a05b2,26.235967,26.235967,42.122921,1,1,1704689671
2024-01-04,0x2223f9fe624f69da4d8256a7bcc9104fba7f8f75,10224,0x0404a256b583ce02c43d36e60945f57bc7bfb0aa,2516.463034,2516.463034,0.0,1,0,1704364921
2024-01-04,0x2223f9fe624f69da4d8256a7bcc9104fba7f8f75,10271,0x4d92c7272384c055ee2ef7ab0b7112c35b8cef79,9795.513778,9795.513778,9971.607924,1,1,1704745871
2024-01-04,0x2223f9fe624f69da4d8256a7bcc9104fba7f8f75,10293,0x274829c52bba894d62a4931b46b76cfe0606ac26,172.867751,172.867751,0.0,1,0,1704570287
2024-01-04,0x2223f9fe624f69da4d8256a7bcc9104fba7f8f75,10294,0x48a6a8d403a58eccc70d4d57347f801d4e182564,21148089.355689,21148089.355689,21117325.996424,1,1,1704913363
2024-01-04,0x2223f9fe624f69da4d8256a7bcc9104fba7f8f75,10297,0x6a941fe89cac5f440bb14e5286ad3e38ca3f2d39,43835267.096115,43835267.096115,62374389.678674,1,1,1704913761
2024-01-04,0x2223f9fe624f69da4d8256a7bcc9104fba7f8f75,10343,0x869921f41af38fe397c8309d3d1885809508b723,197.134756,197.134756,22.707532,1,1,1704331397
2024-01-04,0x2223f9fe624f69da4d8256a7bcc9104fba7f8f75,10376,0x1b1e924a0a9c86a9023be9791bb81ecfb8cc4011,246.65389,246.65389,0.0,1,0,1704459567
2024-01-04,0x2223f9fe624f69da4d8256a7bcc9104fba7f8f75,10396,0x9a9bfa5ff9f86235779814d43f77c7669f6766f2,0.0,0.0,368.776217,0,1,1704331195
2024-01-04,0x2223f9fe624f69da4d8256a7bcc9104fba7f8f75,10413,0xf9e4206fdf1e0eb75e1db336f62590bc3e320f0a,1898.599877,1898.599877,1356.375504,1,1,1704480609
2024-01-04,0x2223f9fe624f69da4d8256a7bcc9104fba7f8f75,10489,0x7a70eca937f10234c42b4daed0970fae6f88df15,2576.0,2576.0,0.0,1,0,1704668299
2024-01-04,0x2223f9fe624f69da4d8256a7bcc9104fba7f8f75,10597,0x0a262d0c4400f1a6cf77b08d6410c277a924f879,51.708917,51.708917,0.0,1,0,1704884079
2024-01-04,0x2223f9fe624f69da4d8256a7bcc9104fba7f8f75,10626,0xce76e10b764de934d09883598b329498fe72d9e5,0.0,0.0,30.257421,0,1,1704365095
2024-01-04,0x2223f9fe624f69da4d8256a7bcc9104fba7f8f75,10628,0xa70eb3c073d4ddc52ca0546c072e4d2f6ee21582,0.0,0.0,9.497818,0,1,1704406725
2024-01-04,0x2223f9fe624f69da4d8256a7bcc9104fba7f8f75,10630,0xdaaffba0ab113acbee5c65ecdcccdc60aaf7d110,792.596204,792.596204,0.0,1,0,1704896729
2024-01-04,0x2223f9fe624f69da4d8256a7bcc9104fba7f8f75,10656,0x145acc258b553369e51b4e5fb4d7b7201125eecb,0.064829,0.064829,0.065329,1,1,1704891285
2024-01-04,0x2223f9fe624f69da4d8256a7bcc9104fba7f8f75,10657,0x892176d784bed3dc877a62f3ff9fc091377b2a49,0.989558,0.989558,2.492648,1,1,1704873411
2024-01-04,0x2223f9fe624f69da4d8256a7bcc9104fba7f8f75,10680,0x145acc258b553369e51b4e5fb4d7b7201125eecb,504.514971,504.514971,0.0,1,0,1704909255
2024-01-04,0x2223f9fe624f69da4d8256a7bcc9104fba7f8f75,10779,0x5d4f22f6d43828eda31f8b4c73d9567c173a3fff,0.0,0.0,5794.532439,0,1,1704334349
2024-01-04,0x2223f9fe624f69da4d8256a7bcc9104fba7f8f75,10841,0x01bfc5b437268a605a99b6c3ec88fe88c4992dd1,0.004718,0.004718,0.0,1,0,1704390075
2024-01-04,0x2223f9fe624f69da4d8256a7bcc9104fba7f8f75,10844,0xdc8a41cf628dca998ed225f433f5dc9a3638c206,65.783132,65.783132,0.0,1,0,1704401257
2024-01-04,0x2223f9fe624f69da4d8256a7bcc9104fba7f8f75,10845,0xa499a4a5b48cf4f5ec58ce9cce28db4e6ea77653,2020.385743,4020.647168,2000.261426,2,1,1704465569
2024-01-04,0x2223f9fe624f69da4d8256a7bcc9104fba7f8f75,10847,0xf3e5b415e84047d68e412cccd2d14b15e308b120,1748.334784,1748.334784,0.0,1,0,1704408045
2024-01-04,0x2223f9fe624f69da4d8256a7bcc9104fba7f8f75,10858,0x6be504ca1a913733953194ef999029ace1a49e06,583.280774,583.280774,0.0,1,0,1704458661
2024-01-04,0x2223f9fe624f69da4d8256a7bcc9104fba7f8f75,10863,0x92d0ab04a2d7d117adeddc7d7777ce8ff4baaf10,6.40843,6.40843,0.0,1,0,1704488299
2024-01-04,0x2223f9fe624f69da4d8256a7bcc9104fba7f8f75,10867,0x6ab2d5789af8fc628b306d04505de6e5a78ba660,2764.814323,2764.814323,0.0,1,0,1704498589
2024-01-04,0x2223f9fe624f69da4d8256a7bcc9104fba7f8f75,10869,0x50730184bd0137087417ba46fad3528caa048587,39.833022,39.833022,0.0,1,0,1704507383
2024-01-04,0x2223f9fe624f69da4d8256a7bcc9104fba7f8f75,10870,0x07be60be011231cf44c2be63eb2c7f050e9c0a30,7.463196,7.463196,0.0,1,0,1704531463
2024-01-04,0x2223f9fe624f69da4d8256a7bcc9104fba7f8f75,10874,0x1444d0116858c9a2c680988a7dcdf4bae543d3f3,28.662916,28.662916,0.0,1,0,1704549531
2024-01-04,0x2223f9fe624f69da4d8256a7bcc9104fba7f8f75,10875,0x4f60c1e4c0a7938013e0c6dcacd05ea8d2a20105,1.23764,1.23764,0.0,1,0,1704551831
2024-01-04,0x2223f9fe624f69da4d8256a7bcc9104fba7f8f75,10878,0xf7d5922a4f8c733120c77562f443b7bea379317e,109.499704,109.499704,0.0,1,0,1704554521
2024-01-04,0x2223f9fe624f69da4d8256a7bcc9104fba7f8f75,10879,0x8f25a86bea55521b10a0af426c201f507f9e394d,0.628614,0.628614,0.0,1,0,1704557201
2024-01-04,0x2223f9fe624f69da4d8256a7bcc9104fba7f8f75,10881,0xfb8826794abb11d8528e3934af4470dcac7615b2,58.190899,58.190899,0.0,1,0,1704567429
2024-01-04,0x2223f9fe624f69da4d8256a7bcc9104fba7f8f75,10891,0x92616db33b534e8f2c5281396cb9c1dd88470365,0.547318,0.547318,0.0,1,0,1704595955
2024-01-04,0x2223f9fe624f69da4d8256a7bcc9104fba7f8f75,10894,0xac6f04fda1149c50a07571e587f3e04b4786bc3d,1.999539,1.999539,0.0,1,0,1704614653
2024-01-04,0x2223f9fe624f69da4d8256a7bcc9104fba7f8f75,10911,0x418340b636a908e69e98bb0c36ec4610980dce87,929.814906,929.814906,0.0,1,0,1704857665
2024-01-04,0x2223f9fe624f69da4d8256a7bcc9104fba7f8f75,10915,0x69fde9f23766ed4302d19e5b773513e7bdb077f9,10.987232,10.987232,0.0,1,0,1704732015
2024-01-04,0x2223f9fe624f69da4d8256a7bcc9104fba7f8f75,10916,0x69fde9f23766ed4302d19e5b773513e7bdb077f9,19.976789,19.976789,0.0,1,0,1704731995
2024-01-04,0x2223f9fe624f69da4d8256a7bcc9104fba7f8f75,10919,0x1cf8da0110f4cb8924aa4eba7ef3a04430897c05,634.896088,634.896088,0.0,1,0,1704751073
2024-01-04,0x2223f9fe624f69da4d8256a7bcc9104fba7f8f75,10935,0x3dddc6e52ae99582fe2f40dc990175ed91dcc9ce,6.239551,6.239551,0.0,1,0,1704796495
2024-01-04,0x2223f9fe624f69da4d8256a7bcc9104fba7f8f75,10936,0x82acf5b4617c9f3192ffcafbf57237c9382e44ab,104.743556,104.743556,0.0,1,0,1704800797
2024-01-04,0x2223f9fe624f69da4d8256a7bcc9104fba7f8f75,10940,0x418340b636a908e69e98bb0c36ec4610980dce87,19956.864082,19956.864082,0.0,1,0,1704857687
2024-01-04,0x2223f9fe624f69da4d8256a7bcc9104fba7f8f75,10943,0x274949b0db377742a46074f75749e953a8da45a7,988.42131,988.42131,0.0,1,0,1704817899
2024-01-04,0x2223f9fe624f69da4d8256a7bcc9104fba7f8f75,10957,0x74eef0f2ecb2fd33928cfe8b229adfe899827ef5,26280.444519,26280.444519,0.0,1,0,1704866419
2024-01-04,0x2223f9fe624f69da4d8256a7bcc9104fba7f8f75,10960,0x98c591f5a409fbe00345be802e40af9f569e2646,7.577817,7.577817,0.0,1,0,1704873815
2024-01-04,0x2722c8f9b5e2ac72d1f225f8e8c990e449ba0078,24,0x208a17c5fabe5b90282e5906945ff335e39326c4,3686.327955,3686.327955,0.0,1,0,1704918173
2024-01-04,0x2722c8f9b5e2ac72d1f225f8e8c990e449ba0078,56,0x48a5a6a01ba89cddf97d2d552923d5a11401ed19,66845.188758,66845.188758,0.0,1,0,1704927135
2024-01-04,0x2722c8f9b5e2ac72d1f225f8e8c990e449ba0078,67,0x8ce17ff2c7376e9adfe9c63c47a801097fa6c525,109298.786848,109298.786848,109139.793882,1,1,1704918343
2024-01-04,0x2722c8f9b5e2ac72d1f225f8e8c990e449ba0078,68,0x132e47cf2c19ec2d8dd56e1528fc7e18dc09188f,136710.807707,136710.807707,67537.884093,1,1,1704921047
2024-01-04,0x2722c8f9b5e2ac72d1f225f8e8c990e449ba0078,103,0x1c2ed7a6c4e3c1146103fa222181115a72243a06,55234.121775,55234.121775,55153.774709,1,1,1704927049
2024-01-04,0x2722c8f9b5e2ac72d1f225f8e8c990e449ba0078,105,0x208a17c5fabe5b90282e5906945ff335e39326c4,52286.925551,52286.925551,10442.173133,1,1,1704917695
2024-01-04,0x2722c8f9b5e2ac72d1f225f8e8c990e449ba0078,114,0x611b0c1ed942b833c786c53883a4aa37a25602a6,0.0,0.0,94084.805021,0,1,1704898687
2024-01-04,0x2722c8f9b5e2ac72d1f225f8e8c990e449ba0078,139,0xa04275c10f39e8675a34e147e2ef78d35129f2b6,0.0,0.0,98391.495558,0,1,1704897857
2024-01-04,0x2722c8f9b5e2ac72d1f225f8e8c990e449ba0078,178,0x8dc80a1b59b2d81ae0f1653f9901922507ee9978,0.0,0.0,229862.431835,0,1,1704921137
2024-01-04,0x2722c8f9b5e2ac72d1f225f8e8c990e449ba0078,225,0xdcb7943f8454a5742b2b881b6ecfc8c7d198f631,166516.259442,166516.259442,166516.259442,1,1,1704923301
2024-01-04,0x2722c8f9b5e2ac72d1f225f8e8c990e449ba0078,289,0x95b05f935655c37ada2088c5767e5006f230b068,11473.584511,11473.584511,11473.584511,1,1,1704921527
2024-01-04,0x2722c8f9b5e2ac72d1f225f8e8c990e449ba0078,303,0xab12253171a0d73df64b115cd43fe0a32feb9daa,26893.836837,26893.836837,0.0,1,0,1704898067
2024-01-04,0x2722c8f9b5e2ac72d1f225f8e8c990e449ba0078,304,0xbbb33d2e7bd7ddc722e53da9ca8ee97df41cfabf,26773.623179,26773.623179,0.0,1,0,1704798599
2024-01-04,0x2722c8f9b5e2ac72d1f225f8e8c990e449ba0078,332,0x3b82b31bbe0dc3fe0f13d17f9a4d0455ef562e06,91754.291713,91754.291713,0.0,1,0,1704923317
2024-01-04,0x2722c8f9b5e2ac72d1f225f8e8c990e449ba0078,376,0xff53e3a27b7252148e0f1daf4a00261eee59177f,18081.956675,18081.956675,18081.956675,1,1,1704923243
2024-01-04,0x2722c8f9b5e2ac72d1f225f8e8c990e449ba0078,405,0x2f707265e61300e8290c18e38ebcbd129fb0b0f5,135189.958034,135189.958034,135189.958034,1,1,1704920441
2024-01-04,0x2722c8f9b5e2ac72d1f225f8e8c990e449ba0078,430,0xb4173fee41920a8e7d3451863f9779468ebab98e,58866.280036,58866.280036,0.0,1,0,1704882167
2024-01-04,0x2722c8f9b5e2ac72d1f225f8e8c990e449ba0078,436,0xe171e110cfe6f658c4421c2da4c86e4933919de4,56613.191863,56613.191863,0.0,1,0,1704884239
2024-01-04,0x2722c8f9b5e2ac72d1f225f8e8c990e449ba0078,502,0x66f920658396f4c3642a32f6b5d5b65c3d6349db,0.0,0.0,28563.816327,0,1,1704906775
2024-01-04,0x2722c8f9b5e2ac72d1f225f8e8c990e449ba0078,615,0xebfced2b9ca169d2ca566e1f72a75a9b6cc9291d,35320.226347,35320.226347,0.0,1,0,1704921571
2024-01-04,0x2722c8f9b5e2ac72d1f225f8e8c990e449ba0078,895,0x03452486f10344aeb8bc1ab7457e5a9be613bd56,0.0,0.0,15012.156551,0,1,1704916607
2024-01-04,0x2722c8f9b5e2ac72d1f225f8e8c990e449ba0078,1044,0xcb6222f4df04385ea08e8da2a5871131ff5f6cba,7114.176631,7114.176631,0.0,1,0,1704894147
2024-01-04,0x2722c8f9b5e2ac72d1f225f8e8c990e449ba0078,1053,0x3216a8a03b07b6b19cbc21d62c8942e625fc3e07,5188.473682,5188.473682,5180.926199,1,1,1704886385
2024-01-04,0x2722c8f9b5e2ac72d1f225f8e8c990e449ba0078,1171,0xe0654abc5fb4917ac59237f8b9f75316982cf0bf,11746.879473,11746.879473,0.0,1,0,1704853125
2024-01-04,0x2722c8f9b5e2ac72d1f225f8e8c990e449ba0078,1256,0x5345462544ed763639519376c298e939228dd1f4,10461.772347,10461.772347,0.0,1,0,1704922967
2024-01-04,0x2722c8f9b5e2ac72d1f225f8e8c990e449ba0078,1272,0xcb3b366ced5ab2170d2ac72a5a97c4747e9186d8,9954.977318,9954.977318,9940.496175,1,1,1704902139
2024-01-04,0x2722c8f9b5e2ac72d1f225f8e8c990e449ba0078,1358,0x4ac4ff89b9d4b3daf54942e3df63751a4a54c735,0.0,0.0,8719.485325,0,1,1704915067
2024-01-04,0x2722c8f9b5e2ac72d1f225f8e8c990e449ba0078,1364,0xc62f2483eed109d42c78147ea618d858578103d8,0.0,0.0,10016.620149,0,1,1704926539
2024-01-04,0x2722c8f9b5e2ac72d1f225f8e8c990e449ba0078,1396,0xba3e2dc0119d8b84ef61c0c48a923054bec9665b,4218.720959,4218.720959,4212.584139,1,1,1704778903
2024-01-04,0x2722c8f9b5e2ac72d1f225f8e8c990e449ba0078,1478,0x58c4f03a954e4cbb1b8e204a881a8e9a99d015dd,10097.327895,10097.327895,0.0,1,0,1704689395
2024-01-04,0x2722c8f9b5e2ac72d1f225f8e8c990e449ba0078,1520,0xa2d35e418814a8b6367c66a5ac2fec8ea16332b2,3597.907921,3597.907921,0.0,1,0,1704781459
2024-01-04,0x2722c8f9b5e2ac72d1f225f8e8c990e449ba0078,1878,0x952815ea349a0c10db5d854a16a27d768e85053e,0.0,0.0,1916.255863,0,1,1704915327
2024-01-04,0x2722c8f9b5e2ac72d1f225f8e8c990e449ba0078,1957,0x2d5a17539943a8c1a753578af3b4f91c9eb85eb9,0.0,0.0,16561.596894,0,1,1704917347
2024-01-04,0x2722c8f9b5e2ac72d1f225f8e8c990e449ba0078,2280,0x0630717c9c6baeabd2b0852e09df08febaccd227,7096.150403,7096.150403,7085.827891,1,1,1704910693
2024-01-04,0x2722c8f9b5e2ac72d1f225f8e8c990e449ba0078,2571,0xfc7c1d00b2ec6d3653e9de72590684456846c53d,3301.749006,3301.749006,0.0,1,0,1704922303
2024-01-04,0x2722c8f9b5e2ac72d1f225f8e8c990e449ba0078,2609,0xaef1889d58677805399c6f8326c11d159b09caf2,0.0,0.0,776.753643,0,1,1704834057
2024-01-04,0x2722c8f9b5e2ac72d1f225f8e8c990e449ba0078,2621,0xb5eca0a315609bf3831056bfcd42db2363cb4466,3095.203437,3095.203437,3095.203437,1,1,1704923839
2024-01-04,0x2722c8f9b5e2ac72d1f225f8e8c990e449ba0078,2725,0xb81d7892fa8605a55885592e5c78a294754d272a,715.126103,1421.129476,706.003373,2,1,1704906447
2024-01-04,0x2722c8f9b5e2ac72d1f225f8e8c990e449ba0078,3077,0xfc64410a03b205b995a9101f99a55026d8f1f1da,997.130492,997.130492,997.130492,1,1,1704922349
2024-01-04,0x2722c8f9b5e2ac72d1f225f8e8c990e449ba0078,3345,0x0e569d21238a29d82acbee5e51c717bac80a2dd8,0.0,0.0,1518.589478,0,1,1704902875
2024-01-04,0x2722c8f9b5e2ac72d1f225f8e8c990e449ba0078,3347,0x175fb20b9b5bcf80a0167d403405e6f3a074cfa0,388.995064,388.995064,388.995064,1,1,1704483891
2024-01-04,0x2722c8f9b5e2ac72d1f225f8e8c990e449ba0078,3433,0x7497b333895c64a56924b293e68a6468963f2a7e,696.660231,696.660231,0.0,1,0,1704921275
2024-01-04,0x2722c8f9b5e2ac72d1f225f8e8c990e449ba0078,3817,0x547b324b3f9e1f9f436fede6e88ae1ca816db6f3,1050.226943,1050.226943,0.0,1,0,1704921431
2024-01-04,0x2722c8f9b5e2ac72d1f225f8e8c990e449ba0078,3908,0xf60de76791c2f09995df52aa1c6e2e7dcf1e75d7,0.0,0.0,8612.146589,0,1,1704918049
2024-01-04,0x2722c8f9b5e2ac72d1f225f8e8c990e449ba0078,4894,0x54d8e8fb753cabb05600b8a04e536def9f42e3d6,66.168017,66.168017,66.168017,1,1,1704372363
2024-01-04,0x2722c8f9b5e2ac72d1f225f8e8c990e449ba0078,4901,0x4ddeba3cb70e38dee2f22071da5f71770d1ecef2,410.750995,410.750995,410.750995,1,1,1704355859
2024-01-04,0x2722c8f9b5e2ac72d1f225f8e8c990e449ba0078,5425,0x3a46a54225da7255adfd7115d157861d1f16a3c3,375.256184,375.256184,375.256184,1,1,1704839877
2024-01-04,0x2722c8f9b5e2ac72d1f225f8e8c990e449ba0078,5543,0x573a7a075b85e25d78444b16548051f6d14859df,370.139854,370.139854,370.139854,1,1,1704839919
2024-01-04,0x2722c8f9b5e2ac72d1f225f8e8c990e449ba0078,5554,0xc15ab8dd7daeea5f1aa3b56507cac8a877e21b15,2660.679294,2660.679294,0.0,1,0,1704794473
2024-01-04,0x2722c8f9b5e2ac72d1f225f8e8c990e449ba0078,5861,0x617af82a0420bdb424299159f0f3b2cf7eb2a6b5,180.478475,180.478475,180.478475,1,1,1704336753
2024-01-04,0x2722c8f9b5e2ac72d1f225f8e8c990e449ba0078,6418,0xb4173fee41920a8e7d3451863f9779468ebab98e,24473.107295,24473.107295,0.0,1,0,1704882179
2024-01-04,0x2722c8f9b5e2ac72d1f225f8e8c990e449ba0078,6938,0xd3d99ab6981587d5522854ca370726eef63a8e4d,437.032334,437.032334,446.495988,1,1,1704921381
2024-01-04,0x2722c8f9b5e2ac72d1f225f8e8c990e449ba0078,7059,0xb4173fee41920a8e7d3451863f9779468ebab98e,10932.70759,10932.70759,0.0,1,0,1704882193
2024-01-04,0x2722c8f9b5e2ac72d1f225f8e8c990e449ba0078,7152,0xb75d6fe6723290677a4f7141307e3ff6d7509711,463.599669,463.599669,0.0,1,0,1704820419
2024-01-04,0x2722c8f9b5e2ac72d1f225f8e8c990e449ba0078,8047,0x4ee67d558e065c6655f6a871a881e4717d97d1bd,5869.839748,5869.839748,5861.301106,1,1,1704927589
2024-01-04,0x2722c8f9b5e2ac72d1f225f8e8c990e449ba0078,8460,0xd1a0b66835d830e9ada42eef436f3aa8005b20b5,81295.758345,81295.758345,0.0,1,0,1704922253
2024-01-04,0x2722c8f9b5e2ac72d1f225f8e8c990e449ba0078,8478,0xf265702178a66b4b7ce079fc8a1629e47cf1bcde,105363.655506,105363.655506,0.0,1,0,1704923441
2024-01-04,0x2722c8f9b5e2ac72d1f225f8e8c990e449ba0078,9546,0x175fb20b9b5bcf80a0167d403405e6f3a074cfa0,38.011946,38.011946,38.250036,1,1,1704483903
2024-01-04,0x2722c8f9b5e2ac72d1f225f8e8c990e449ba0078,9918,0x2d5a17539943a8c1a753578af3b4f91c9eb85eb9,0.0,0.0,1505.872177,0,1,1704917365
2024-01-04,0x2722c8f9b5e2ac72d1f225f8e8c990e449ba0078,9950,0x9faa9d3fdbf962d8ce187575e68a44cd858dcba8,29786.456423,29786.456423,0.0,1,0,1704910063
2024-01-04,0x2722c8f9b5e2ac72d1f225f8e8c990e449ba0078,9951,0xfd90ad81ad93d9af1008a513d964f6fbc589034d,0.0,53439.087798,104686.972029,1,2,1704927413
2024-01-04,0x2722c8f9b5e2ac72d1f225f8e8c990e449ba0078,10100,0x2bcdca8c689b4aa460b66ffde1d6b1761d41d5df,4503.799253,4503.799253,0.0,1,0,1704909347
2024-01-04,0x2722c8f9b5e2ac72d1f225f8e8c990e449ba0078,10294,0x48a6a8d403a58eccc70d4d57347f801d4e182564,500728.391362,500728.391362,499999.999915,1,1,1704913363
2024-01-04,0x2722c8f9b5e2ac72d1f225f8e8c990e449ba0078,10295,0xc875b3dae5b0c371bc8cf9ded64868b78ac47587,87055.959546,87055.959546,0.0,1,0,1704913979
2024-01-04,0x27a8afa3bd49406e48a074350fb7b2020c43b2bd,21,0x4444aaaacdba5580282365e25b16309bd770ce4a,0.0,0.0,581363.35802,0,1,1704913079
2024-01-04,0x27a8afa3bd49406e48a074350fb7b2020c43b2bd,24,0x208a17c5fabe5b90282e5906945ff335e39326c4,18431.639774,18431.639774,0.0,1,0,1704918173
2024-01-04,0x27a8afa3bd49406e48a074350fb7b2020c43b2bd,43,0x2ddb405238368695f34d30a80ab60c449aa5ce48,91687.44286,91687.44286,0.0,1,0,1704915295
2024-01-04,0x27a8afa3bd49406e48a074350fb7b2020c43b2bd,45,0x8d82d851e220c5e20ed85340e8e290018c6e59f7,0.0,0.0,3310.400717,0,1,1704836669
2024-01-04,0x27a8afa3bd49406e48a074350fb7b2020c43b2bd,56,0x48a5a6a01ba89cddf97d2d552923d5a11401ed19,0.0,0.0,667479.514956,0,1,1704927135
2024-01-04,0x27a8afa3bd49406e48a074350fb7b2020c43b2bd,67,0x8ce17ff2c7376e9adfe9c63c47a801097fa6c525,109298.786848,109298.786848,0.0,1,0,1704918343
2024-01-04,0x27a8afa3bd49406e48a074350fb7b2020c43b2bd,105,0x208a17c5fabe5b90282e5906945ff335e39326c4,26143.462776,26143.462776,0.0,1,0,1704917695
2024-01-04,0x27a8afa3bd49406e48a074350fb7b2020c43b2bd,134,0xd87ecc6c74f486b044824a222326a96f696fcfa2,0.0,0.0,77413.193101,0,1,1704775161
2024-01-04,0x27a8afa3bd49406e48a074350fb7b2020c43b2bd,153,0x0f45156f109e474295913d78036fa213b1745d5a,0.0,0.0,60675.253377,0,1,1704774823
2024-01-04,0x27a8afa3bd49406e48a074350fb7b2020c43b2bd,156,0xb0a4e99371dfb0734f002ae274933b4888f618ef,0.0,0.0,147336.426051,0,1,1704914255
2024-01-04,0x27a8afa3bd49406e48a074350fb7b2020c43b2bd,160,0xb0eb6f452ecea6a76fda435b4629cf6a11b24a2a,142070.904436,142070.904436,0.0,1,0,1704912099
2024-01-04,0x27a8afa3bd49406e48a074350fb7b2020c43b2bd,179,0xfda5a361f3c67ebfed328f3a9e95bd275734e675,229789.628622,229789.628622,0.0,1,0,1704927361
2024-01-04,0x27a8afa3bd49406e48a074350fb7b2020c43b2bd,277,0x68acb2051b73c2342be78cd1a7e5ca44483d10c5,30296.471714,30296.471714,0.0,1,0,1704927397
2024-01-04,0x27a8afa3bd49406e48a074350fb7b2020c43b2bd,282,0xd96d96a973d920015e130701714f10804156aea7,119938.139993,119938.139993,0.0,1,0,1704927485
2024-01-04,0x27a8afa3bd49406e48a074350fb7b2020c43b2bd,362,0x5929cc4d10b6a1acc5bf5d221889f10251c628a1,30514.951209,30514.951209,60941.124442,1,1,1704919899
2024-01-04,0x27a8afa3bd49406e48a074350fb7b2020c43b2bd,504,0xcfba6d63ec822425775d3c509e60ff689c1ae1e7,4697.732594,4697.732594,4690.898973,1,1,1704906031
2024-01-04,0x27a8afa3bd49406e48a074350fb7b2020c43b2bd,523,0xde93a283495fa2834047b53871a8e4e09f96d841,11695.614363,11695.614363,0.0,1,0,1704911997
2024-01-04,0x27a8afa3bd49406e48a074350fb7b2020c43b2bd,544,0x16b00db74167b7469dda63b674ca9a3b1b70c439,0.0,0.0,20117.101083,0,1,1704925085
2024-01-04,0x27a8afa3bd49406e48a074350fb7b2020c43b2bd,597,0x1ce0c2b445c8e87ea4c40b6e721d9a39b09f6459,9117.962538,9117.962538,0.0,1,0,1704922275
2024-01-04,0x27a8afa3bd49406e48a074350fb7b2020c43b2bd,615,0xebfced2b9ca169d2ca566e1f72a75a9b6cc9291d,0.0,0.0,35320.226347,0,1,1704921571
2024-01-04,0x27a8afa3bd49406e48a074350fb7b2020c43b2bd,658,0x7f64219e48e349295a580bca164434ea5d1e8433,35634.650809,35634.650809,0.0,1,0,1704927547
2024-01-04,0x27a8afa3bd49406e48a074350fb7b2020c43b2bd,758,0x8ccfcfa7e6133e0875192974d0d857fb7a28375e,6734.579413,6734.579413,4034.869719,1,1,1704912207
2024-01-04,0x27a8afa3bd49406e48a074350fb7b2020c43b2bd,795,0xa1bf240a6b4b54b77497cd3d741f385e0f5b5199,0.0,0.0,10998.084659,0,1,1704925899
2024-01-04,0x27a8afa3bd49406e48a074350fb7b2020c43b2bd,816,0xe96f4e42719542b3f9556eef6ada7b819f0ac793,22905.70371,22905.70371,0.0,1,0,1704927205
2024-01-04,0x27a8afa3bd49406e48a074350fb7b2020c43b2bd,824,0x0e80b8ea35ed0d15689a6372940619a5a99588bb,0.0,0.0,20890.094035,0,1,1704904531
2024-01-04,0x27a8afa3bd49406e48a074350fb7b2020c43b2bd,955,0x9cb016669c235ccebcd2fbbffa2d8d3a2247b02c,8174.956741,8174.956741,0.0,1,0,1704913395
2024-01-04,0x27a8afa3bd49406e48a074350fb7b2020c43b2bd,1006,0x806388e04b7583a0148451a8ecd29a748b8fd584,0.0,0.0,3746.58355,0,1,1704763017
2024-01-04,0x27a8afa3bd49406e48a074350fb7b2020c43b2bd,1112,0x8f5e97e1e3d47a2f223a67e06de21f067b7779db,12544.237615,12544.237615,0.0,1,0,1704921245
2024-01-04,0x27a8afa3bd49406e48a074350fb7b2020c43b2bd,1118,0xa66375ade8c5ec7bc41c8f0c19cf927d7f3192e6,12651.954638,12651.954638,0.0,1,0,1704927311
2024-01-04,0x27a8afa3bd49406e48a074350fb7b2020c43b2bd,1259,0x27cfc88640089f340aeaec182baff0ddf15b1b37,2070.351233,2070.351233,2067.339568,1,1,1704488001
2024-01-04,0x27a8afa3bd49406e48a074350fb7b2020c43b2bd,1305,0x05b5240daa1894a299a41d1f63f1caacf94bdeb3,4640.251429,4640.251429,4663.163987,1,1,1704916907
2024-01-04,0x27a8afa3bd49406e48a074350fb7b2020c43b2bd,1357,0xc63442bf166f09536ec3ada3dd75420ae8d40c58,0.0,0.0,8654.449742,0,1,1704908061
2024-01-04,0x27a8afa3bd49406e48a074350fb7b2020c43b2bd,1521,0xdd84ce1adcb3a4908db61a1dfa3353c3974c5a2b,0.0,0.0,2366.525942,0,1,1704693989
2024-01-04,0x27a8afa3bd49406e48a074350fb7b2020c43b2bd,1559,0x0bf7fb51211b4842bad8e831ba2f42fcb836c7e1,7063.834461,7063.834461,0.0,1,0,1704927281
2024-01-04,0x27a8afa3bd49406e48a074350fb7b2020c43b2bd,1651,0xb5f4af1a4b5021ae10207e1c2e119ce8249b3007,6303.371325,6303.371325,6294.20204,1,1,1704923687
2024-01-04,0x27a8afa3bd49406e48a074350fb7b2020c43b2bd,1690,0xc609b5595e38acbdde1672f9b482db823f51668a,0.0,0.0,5966.702704,0,1,1704832077
2024-01-04,0x27a8afa3bd49406e48a074350fb7b2020c43b2bd,1695,0x7c16c022048b25142482cf06ac98064527395290,5944.703596,5944.703596,0.0,1,0,1704927413
2024-01-04,0x27a8afa3bd49406e48a074350fb7b2020c43b2bd,1746,0xa4f0b6899ca568df1595a3d12054499e5e1c9faf,0.0,0.0,5496.090757,0,1,1704388587
2024-01-04,0x27a8afa3bd49406e48a074350fb7b2020c43b2bd,1777,0x920bcba669734d63db9899e968959e99adcfe850,5238.283505,5238.283505,0.0,1,0,1704927413
2024-01-04,0x27a8afa3bd49406e48a074350fb7b2020c43b2bd,1796,0x94003c45a74dbe132d45d15a0993caebf55aeb61,7778.009052,7778.009052,0.0,1,0,1704927389
2024-01-04,0x27a8afa3bd49406e48a074350fb7b2020c43b2bd,1987,0x2ed8034947261547603ee66d164af539a14bf8f6,4327.20641,4327.20641,4315.043431,1,1,1704375767
2024-01-04,0x27a8afa3bd49406e48a074350fb7b2020c43b2bd,2029,0xc7f4cdb175b1885e95b8f49ccbbd3f929ab7d1ba,0.0,0.0,4167.9473,0,1,1704907823
2024-01-04,0x27a8afa3bd49406e48a074350fb7b2020c43b2bd,2094,0x99999990d598b918799f38163204bbc30611b6b6,0.0,0.0,4040.366205,0,1,1704738631
2024-01-04,0x27a8afa3bd49406e48a074350fb7b2020c43b2bd,2130,0x4aa63e8115c5b29a3e0e062a77c11592931453dc,0.0,0.0,3939.631511,0,1,1704647433
2024-01-04,0x27a8afa3bd49406e48a074350fb7b2020c43b2bd,2266,0xb00f8b601558243c9abcddabd54ea17f70471b8e,7053.168847,7053.168847,7033.34369,1,1,1704913543
2024-01-04,0x27a8afa3bd49406e48a074350fb7b2020c43b2bd,2807,0xa60e8ea9d55def9339303c62a4c91b5cc3a4a738,0.0,0.0,2498.166843,0,1,1704691289
2024-01-04,0x27a8afa3bd49406e48a074350fb7b2020c43b2bd,3057,0x59653fd9713a30c54237a6fd21fd97ba141abbe0,0.0,0.0,8133.575593,0,1,1704816447
2024-01-04,0x27a8afa3bd49406e48a074350fb7b2020c43b2bd,3088,0x52aea2fa97a868e2f920b95c388da95e1bcf8c29,0.0,0.0,910.366208,0,1,1704913431
2024-01-04,0x27a8afa3bd49406e48a074350fb7b2020c43b2bd,3126,0x9db3b4adc4d4e3e60c9d2761ecc913a68c8d0519,0.0,0.0,1762.504357,0,1,1704756957
2024-01-04,0x27a8afa3bd49406e48a074350fb7b2020c43b2bd,3551,0x5be66f4095f89bd18abe4ae9d2acd5021ec433bc,11000.000852,11000.000852,0.0,1,0,1704927221
2024-01-04,0x27a8afa3bd49406e48a074350fb7b2020c43b2bd,3781,0xaf11495f021c5c2c5f5230f40d5d57ebe4059700,0.0,0.0,71916.271205,0,1,1704924225
2024-01-04,0x27a8afa3bd49406e48a074350fb7b2020c43b2bd,4441,0x8bb820c251ac194ca770f9f0cdc12b76354e3de6,3628.80856,3628.80856,3618.601489,1,1,1704385009
2024-01-04,0x27a8afa3bd49406e48a074350fb7b2020c43b2bd,4468,0x981be1045cf995dedbac017d9f0560ef0f22bfaf,0.0,0.0,529.758385,0,1,1704917727
2024-01-04,0x27a8afa3bd49406e48a074350fb7b2020c43b2bd,5729,0xaf5ae7cdaff6f1f457bc88f0989c0af7f583ab43,0.0,0.0,365.281851,0,1,1704380647
2024-01-04,0x27a8afa3bd49406e48a074350fb7b2020c43b2bd,7056,0xe3abfa7745b463bde635ffd59456f4792b556e0e,21619.804588,21619.804588,20369.564275,1,1,1704922069
2024-01-04,0x27a8afa3bd49406e48a074350fb7b2020c43b2bd,7059,0xb4173fee41920a8e7d3451863f9779468ebab98e,0.0,0.0,10460.523029,0,1,1704882193
2024-01-04,0x27a8afa3bd49406e48a074350fb7b2020c43b2bd,7128,0x0f45156f109e474295913d78036fa213b1745d5a,0.0,0.0,30503.865436,0,1,1704774765
2024-01-04,0x27a8afa3bd49406e48a074350fb7b2020c43b2bd,7136,0xd87ecc6c74f486b044824a222326a96f696fcfa2,0.0,0.0,24235.428443,0,1,1704775207
2024-01-04,0x27a8afa3bd49406e48a074350fb7b2020c43b2bd,7152,0xb75d6fe6723290677a4f7141307e3ff6d7509711,0.0,0.0,444.959337,0,1,1704820419
2024-01-04,0x27a8afa3bd49406e48a074350fb7b2020c43b2bd,7844,0x4dccb4444a0a804b778ddac22dc21b4fd0fe1a0d,4.8022,4.8022,4.787455,1,1,1704885359
2024-01-04,0x27a8afa3bd49406e48a074350fb7b2020c43b2bd,8032,0xf265702178a66b4b7ce079fc8a1629e47cf1bcde,196058.840273,196058.840273,0.0,1,0,1704923031
2024-01-04,0x27a8afa3bd49406e48a074350fb7b2020c43b2bd,8350,0x0f45156f109e474295913d78036fa213b1745d5a,0.0,0.0,15483.463632,0,1,1704774727
2024-01-04,0x27a8afa3bd49406e48a074350fb7b2020c43b2bd,8356,0x166c794d890dd91bbe71f304eca660e1c4892cbb,128365.04406,128365.04406,0.0,1,0,1704922973
2024-01-04,0x27a8afa3bd49406e48a074350fb7b2020c43b2bd,8467,0xd87ecc6c74f486b044824a222326a96f696fcfa2,0.0,0.0,35479.819169,0,1,1704775251
2024-01-04,0x27a8afa3bd49406e48a074350fb7b2020c43b2bd,9480,0x8bb820c251ac194ca770f9f0cdc12b76354e3de6,2267.575343,2267.575343,2373.385518,1,1,1704385021
2024-01-04,0x27a8afa3bd49406e48a074350fb7b2020c43b2bd,9629,0x0f45156f109e474295913d78036fa213b1745d5a,0.0,0.0,64503.647538,0,1,1704774695
2024-01-04,0x27a8afa3bd49406e48a074350fb7b2020c43b2bd,9631,0xd87ecc6c74f486b044824a222326a96f696fcfa2,0.0,0.0,76619.498754,0,1,1704775309
2024-01-04,0x27a8afa3bd49406e48a074350fb7b2020c43b2bd,9707,0x60034a6d90f54d3bbc3188033fd08b1a146802ba,1923.201566,1923.201566,1923.201566,1,1,1704905041
2024-01-04,0x27a8afa3bd49406e48a074350fb7b2020c43b2bd,9903,0x169ff4fd0e36bffa8c2c5ca740b112b42e8a171a,10418.246974,10418.246974,0.0,1,0,1704927343
2024-01-04,0x27a8afa3bd49406e48a074350fb7b2020c43b2bd,9951,0xfd90ad81ad93d9af1008a513d964f6fbc589034d,64890.320897,64890.320897,0.0,1,0,1704927413
2024-01-04,0x27a8afa3bd49406e48a074350fb7b2020c43b2bd,10017,0xa4f0b6899ca568df1595a3d12054499e5e1c9faf,0.0,0.0,2018.49031,0,1,1704388609
2024-01-04,0x27a8afa3bd49406e48a074350fb7b2020c43b2bd,10045,0xd897488b4a37eb8ee5818216a38fa4ea48ed8fa8,35.699986,35.699986,20.999921,1,1,1704358959
2024-01-04,0x27a8afa3bd49406e48a074350fb7b2020c43b2bd,10294,0x48a6a8d403a58eccc70d4d57347f801d4e182564,3004370.348171,3004370.348171,2499999.999577,1,1,1704913363
2024-01-04,0x27a8afa3bd49406e48a074350fb7b2020c43b2bd,10295,0xc875b3dae5b0c371bc8cf9ded64868b78ac47587,244112.398252,244112.398252,0.0,1,0,1704913979
2024-01-04,0x27a8afa3bd49406e48a074350fb7b2020c43b2bd,10458,0xd87ecc6c74f486b044824a222326a96f696fcfa2,0.0,0.0,5065.089045,0,1,1704775013
2024-01-04,0x27a8afa3bd49406e48a074350fb7b2020c43b2bd,10459,0x0f45156f109e474295913d78036fa213b1745d5a,0.0,0.0,3105.42254,0,1,1704774667
2024-01-04,0x27a8afa3bd49406e48a074350fb7b2020c43b2bd,10821,0xb29f1ac5b4748e502979ed6b3f2df43e5f218665,0.0,0.0,2425.85876,0,1,1704904129
2024-01-04,0x2a1463cebe85315224c536afd389b381b43f3206,7,0x586cf50c2874f3e3997660c0fd0996b090fb9764,0.0,0.0,2590182.070678,0,1,1704816741
2024-01-04,0x2a1463cebe85315224c536afd389b381b43f3206,15,0x657240bfbfe9e2087a0c09e54e029dfef42ba54f,1435257.477005,1435257.477005,1446092.273094,1,1,1704833187
2024-01-04,0x2a1463cebe85315224c536afd389b381b43f3206,54,0xf265702178a66b4b7ce079fc8a1629e47cf1bcde,450735.909486,450735.909486,0.0,1,0,1704922797
2024-01-04,0x2a1463cebe85315224c536afd389b381b43f3206,57,0x72d4d59f31d0cb4a4213a5dc81fc0108241ecc71,0.0,0.0,863638.857327,0,1,1704918909
2024-01-04,0x2a1463cebe85315224c536afd389b381b43f3206,62,0xdbd5d31b7f48adc13a0ab0c591f7e3d4f9642e69,255675.773114,255675.773114,0.0,1,0,1704914737
2024-01-04,0x2a1463cebe85315224c536afd389b381b43f3206,80,0x34f543a73dcb1a4bcbae71e5dd41fcc1b5c17bf7,414349.720895,414349.720895,414349.720895,1,1,1704849095
2024-01-04,0x2a1463cebe85315224c536afd389b381b43f3206,88,0x8bace3a49a375027868cdd34e84521eed1f1b01d,660687.44982,660687.44982,0.0,1,0,1704911751
2024-01-04,0x2a1463cebe85315224c536afd389b381b43f3206,89,0x4dacd010e15e220bc6c5c3210d166505d2b6c63a,646190.932167,646190.932167,0.0,1,0,1704888803
2024-01-04,0x2a1463cebe85315224c536afd389b381b43f3206,100,0x133d93566f9699b3af46fe150daa8a67a9563ed6,564233.275152,564233.275152,0.0,1,0,1704864249
2024-01-04,0x2a1463cebe85315224c536afd389b381b43f3206,126,0xf5a93410e7e32bbf28a8eaafbd7f241cf0b290fb,420043.111784,420043.111784,0.0,1,0,1704859347
2024-01-04,0x2a1463cebe85315224c536afd389b381b43f3206,151,0x5275817b74021e97c980e95ede6bbac0d0d6f3a2,0.0,0.0,159453.569765,0,1,1704905469
2024-01-04,0x2a1463cebe85315224c536afd389b381b43f3206,166,0x39d12116298f3b2b55e53e7b99c0bf47041761df,0.0,274415.089533,548191.411876,1,2,1704376339
2024-01-04,0x2a1463cebe85315224c536afd389b381b43f3206,220,0x4f6fff5cd87eaf8cf09467366fe783e7ecb1317b,169295.336097,169295.336097,0.0,1,0,1704849107
2024-01-04,0x2a1463cebe85315224c536afd389b381b43f3206,282,0xd96d96a973d920015e130701714f10804156aea7,0.0,0.0,119600.779373,0,1,1704927485
2024-01-04,0x2a1463cebe85315224c536afd389b381b43f3206,285,0xe8788a8926dac3d25c591caa64d5296044c1446d,0.0,0.0,115610.92822,0,1,1704723591
2024-01-04,0x2a1463cebe85315224c536afd389b381b43f3206,289,0x95b05f935655c37ada2088c5767e5006f230b068,11516.741294,11516.741294,0.0,1,0,1704921527
2024-01-04,0x2a1463cebe85315224c536afd389b381b43f3206,304,0xbbb33d2e7bd7ddc722e53da9ca8ee97df41cfabf,0.0,0.0,48122.417816,0,1,1704798599
2024-01-04,0x2a1463cebe85315224c536afd389b381b43f3206,332,0x3b82b31bbe0dc3fe0f13d17f9a4d0455ef562e06,0.0,0.0,90714.264477,0,1,1704923317
2024-01-04,0x2a1463cebe85315224c536afd389b381b43f3206,371,0x84572c31acdd30c03982e27b809d30b1efbcd8f2,0.0,0.0,84756.008959,0,1,1704374785
2024-01-04,0x2a1463cebe85315224c536afd389b381b43f3206,392,0xa12eec92d8c155c8ea9159cb87da4e062bf9992d,103863.366897,103863.366897,0.0,1,0,1704839389
2024-01-04,0x2a1463cebe85315224c536afd389b381b43f3206,396,0x2b03c480f4f7ff5a8275ddb77227889e58eda16f,0.0,0.0,63732.615276,0,1,1704596201
2024-01-04,0x2a1463cebe85315224c536afd389b381b43f3206,398,0x48c7e0db3dad3fe4eb0513b86fe5c38ebb4e0f91,16595.440447,16595.440447,0.0,1,0,1704867749
2024-01-04,0x2a1463cebe85315224c536afd389b381b43f3206,427,0x0dda3228b0729bfe7698988a669b81d4a306a8ea,59321.679779,59321.679779,0.0,1,0,1704898625
2024-01-04,0x2a1463cebe85315224c536afd389b381b43f3206,440,0x510b0068c0756bbefcbaffb6567e467d661291fe,0.0,0.0,54995.06945,0,1,1704800263
2024-01-04,0x2a1463cebe85315224c536afd389b381b43f3206,449,0xf6657bbcfeb5c2746e8c609e35018a5a8caa13fb,14280.088808,14280.088808,0.0,1,0,1704918221
2024-01-04,0x2a1463cebe85315224c536afd389b381b43f3206,469,0xe47fd677ba6d3738cec98aa18bb6fa015b6f7bda,0.0,0.0,48915.62355,0,1,1704832363
2024-01-04,0x2a1463cebe85315224c536afd389b381b43f3206,493,0x15bbcf76110505d3be5a9eb10c63f57f66d20c40,48236.317944,48236.317944,48236.317944,1,1,1704887865
2024-01-04,0x2a1463cebe85315224c536afd389b381b43f3206,508,0x63b461a9577cdaea028f25d059868d9abe6eddbf,43405.016726,43405.016726,43341.877029,1,1,1704863259
2024-01-04,0x2a1463cebe85315224c536afd389b381b43f3206,545,0x9770e942e19aeb9fc935980ceb5ec81c10b1d030,0.0,0.0,10062.573195,0,1,1704918903
2024-01-04,0x2a1463cebe85315224c536afd389b381b43f3206,665,0x49e6f2d934077995cf4b24701fa5ae7f7b5e82e5,0.0,0.0,31173.455691,0,1,1704756529
2024-01-04,0x2a1463cebe85315224c536afd389b381b43f3206,674,0xf076823122f106c2b7f21cbaacd1c9db1ce4cf27,7934.067079,7934.067079,0.0,1,0,1704900241
2024-01-04,0x2a1463cebe85315224c536afd389b381b43f3206,679,0x70c9fafea22acc41bda969f8ba2801af42456f51,85971.278,85971.278,0.0,1,0,1704906743
2024-01-04,0x2a1463cebe85315224c536afd389b381b43f3206,682,0x510bd1a857df836c2ad57aa3a6fae396e011d958,0.0,0.0,29376.055125,0,1,1704800111
2024-01-04,0x2a1463cebe85315224c536afd389b381b43f3206,689,0x6e45310b69908a7490ebdbb66601462c8da6e46a,0.0,0.0,30318.825317,0,1,1704781289
2024-01-04,0x2a1463cebe85315224c536afd389b381b43f3206,701,0xacd97a24977afa76d74c6ed7f363f6e4366f74bb,36358.663951,36358.663951,0.0,1,0,1704911239
2024-01-04,0x2a1463cebe85315224c536afd389b381b43f3206,708,0x166c794d890dd91bbe71f304eca660e1c4892cbb,64425.542842,64425.542842,0.0,1,0,1704922993
2024-01-04,0x2a1463cebe85315224c536afd389b381b43f3206,717,0x24b1bf98402c33a78c96178b833f89dbde7e76a7,25046.159488,25046.159488,0.0,1,0,1704862687
2024-01-04,0x2a1463cebe85315224c536afd389b381b43f3206,737,0x7d374fe73fd8358a93c53e978477f7ba4129be0c,0.0,0.0,34429.746781,0,1,1704903869
2024-01-04,0x2a1463cebe85315224c536afd389b381b43f3206,754,0x4d3869e2451d28bb4f03aeda60322eaf01e912db,0.0,0.0,27491.413286,0,1,1704580315
2024-01-04,0x2a1463cebe85315224c536afd389b381b43f3206,789,0x0e156bf3a5326322f7fee3d336fcf63d00641c6e,22136.794431,22136.794431,22213.892505,1,1,1704842903
2024-01-04,0x2a1463cebe85315224c536afd389b381b43f3206,802,0xfb99a486d8529223b2f1f6b5de3333ee679959cd,0.0,0.0,22758.550682,0,1,1704779773
2024-01-04,0x2a1463cebe85315224c536afd389b381b43f3206,825,0x3542b2d6172bf3f39ab7f4cbc37ad0bb40dfe403,0.0,0.0,21507.586128,0,1,1704779097
2024-01-04,0x2a1463cebe85315224c536afd389b381b43f3206,942,0x69e24369bfeda80348bd5104df01c4d8b33ecff9,20471.94543,20471.94543,0.0,1,0,1704885167
2024-01-04,0x2a1463cebe85315224c536afd389b381b43f3206,956,0x09fa38eba245bb68354b8950fa2fe71f02863393,16309.83813,16309.83813,0.0,1,0,1704855261
2024-01-04,0x2a1463cebe85315224c536afd389b381b43f3206,987,0x9d480d2e3a1a3e5fe678ca8b932b4ca7d1503e2c,0.0,0.0,15465.902864,0,1,1704572965
2024-01-04,0x2a1463cebe85315224c536afd389b381b43f3206,1016,0x91b7377a3dd7931ad4757b60d7e859954b939e85,0.0,0.0,14768.497265,0,1,1704379269
2024-01-04,0x2a1463cebe85315224c536afd389b381b43f3206,1018,0x1b7ea7d42c476a1e2808f23e18d850c5a4692df7,0.0,0.0,14761.035445,0,1,1704799469
2024-01-04,0x2a1463cebe85315224c536afd389b381b43f3206,1025,0xb8c511dc5d5ab1fc51fa7a4b521f0f3da0746c28,0.0,0.0,29330.487332,0,1,1704925549
2024-01-04,0x2a1463cebe85315224c536afd389b381b43f3206,1034,0x582b07d825557d79be4f5ea051167b6c534fea1e,14111.857552,14111.857552,0.0,1,0,1704860867
2024-01-04,0x2a1463cebe85315224c536afd389b381b43f3206,1039,0x4a5efa846e7375a40dcd596c7c6dadb28df28ae4,0.0,0.0,14024.687418,0,1,1704397453
2024-01-04,0x2a1463cebe85315224c536afd389b381b43f3206,1056,0xeb4576fe753dab07635c0bb6c8f0a355e1db5d31,23101.256616,23101.256616,0.0,1,0,1704862225
2024-01-04,0x2a1463cebe85315224c536afd389b381b43f3206,1166,0x9859a4583763a5ca30cb3dc676b41eae3b628e4a,0.0,0.0,11765.512203,0,1,1704815153
2024-01-04,0x2a1463cebe85315224c536afd389b381b43f3206,1204,0xd613a4cc742267dd51259d9679cc0d1ad83f7776,0.0,0.0,11250.371622,0,1,1704823669
2024-01-04,0x2a1463cebe85315224c536afd389b381b43f3206,1271,0xcfa985eafeacd824135173deb3fde50c05ac2ce1,10009.274337,10009.274337,0.0,1,0,1704884383
2024-01-04,0x2a1463cebe85315224c536afd389b381b43f3206,1280,0x4fbe5303bca958b8f1ee35b5443aad9ad442e3d7,0.0,0.0,10156.517574,0,1,1704925561
2024-01-04,0x2a1463cebe85315224c536afd389b381b43f3206,1286,0xa60dd9d42fdd43e91da63bd261997e14f21c69fd,11086.915371,11086.915371,0.0,1,0,1704876855
2024-01-04,0x2a1463cebe85315224c536afd389b381b43f3206,1288,0x6059895f7f20cc25c251d4d283f525f7400ce034,15798.920463,15798.920463,10532.613642,1,1,1704906359
2024-01-04,0x2a1463cebe85315224c536afd389b381b43f3206,1306,0x0473a13cb3088ebd0092ea137170508da3f7fb8c,9353.727781,9353.727781,0.0,1,0,1704866225
2024-01-04,0x2a1463cebe85315224c536afd389b381b43f3206,1311,0xff2ce9d334df35ed9fcb155f33856b638ec5d3a5,9394.39602,9394.39602,9380.730334,1,1,1704838585
2024-01-04,0x2a1463cebe85315224c536afd389b381b43f3206,1387,0xa5ecc068db75ffb36d157625b08e747895a03d18,8508.283503,8508.283503,0.0,1,0,1704843301
2024-01-04,0x2a1463cebe85315224c536afd389b381b43f3206,1394,0x7a49983815a5f0499e590698c44adfe766e6812f,0.0,0.0,8430.10654,0,1,1704896231
2024-01-04,0x2a1463cebe85315224c536afd389b381b43f3206,1455,0x7f44628bd0f7921820107392edad71abddcb17f9,0.0,0.0,8190.87328,0,1,1704728903
2024-01-04,0x2a1463cebe85315224c536afd389b381b43f3206,1478,0x58c4f03a954e4cbb1b8e204a881a8e9a99d015dd,0.0,0.0,10082.639679,0,1,1704689395
2024-01-04,0x2a1463cebe85315224c536afd389b381b43f3206,1596,0xa943681cf687774c2d44aab6aeb7d8c701fb7cbb,0.0,0.0,6622.265091,0,1,1704653249
2024-01-04,0x2a1463cebe85315224c536afd389b381b43f3206,1632,0x138dd537d56f2f2761a6fc0a2a0ace67d55480fe,0.0,12519.842325,21142.56976,1,2,1704436059
2024-01-04,0x2a1463cebe85315224c536afd389b381b43f3206,1755,0x2e97bab47dfb1fd1395be6d86fcd48c19374b79b,0.0,0.0,5930.366632,0,1,1704869905
2024-01-04,0x2a1463cebe85315224c536afd389b381b43f3206,1878,0x952815ea349a0c10db5d854a16a27d768e85053e,0.0,0.0,3832.511727,0,1,1704915327
2024-01-04,0x2a1463cebe85315224c536afd389b381b43f3206,1910,0x9fab59236a8608e5f1240fdeddf0d22277c7ce88,0.0,0.0,4539.322312,0,1,1704534711
2024-01-04,0x2a1463cebe85315224c536afd389b381b43f3206,1966,0xdd77a81910f4513524bda1394a3de2237e4288e1,0.0,0.0,4759.354553,0,1,1704831587
2024-01-04,0x2a1463cebe85315224c536afd389b381b43f3206,2048,0x2b83ac024b0a4ba3f93776cacb61d98310614afe,4740.497295,4740.497295,0.0,1,0,1704854553
2024-01-04,0x2a1463cebe85315224c536afd389b381b43f3206,2071,0x078b8ff955e3cf77550bf2f2edfc0aacbc29adc6,4322.988233,4322.988233,0.0,1,0,1704853203
2024-01-04,0x2a1463cebe85315224c536afd389b381b43f3206,2119,0x9cf77c286f8f253f27683c737183fd2fdae2520c,0.0,0.0,3767.475859,0,1,1704413679
2024-01-04,0x2a1463cebe85315224c536afd389b381b43f3206,2189,0x881ee0c4b131cc79d3bb9dc44a4539bc034a35e6,0.0,0.0,382044.58863,0,1,1704918065
2024-01-04,0x2a1463cebe85315224c536afd389b381b43f3206,2270,0x68da9f01a7de69436f40af6a412ecbcc7eb87ead,0.0,0.0,3607.853669,0,1,1704654483
2024-01-04,0x2a1463cebe85315224c536afd389b381b43f3206,2276,0x53a385d47d3a011539ec377f53acb410f53ff97d,1291.493489,1291.493489,0.0,1,0,1704897357
2024-01-04,0x2a1463cebe85315224c536afd389b381b43f3206,2300,0x45adff324eb1ac03a6a115dc539052232d4ba980,4129.659368,4129.659368,0.0,1,0,1704854269
2024-01-04,0x2a1463cebe85315224c536afd389b381b43f3206,2324,0xa435530d50d7d17fd9fc6e1c897dbf7c08e12d35,3554.772435,3554.772435,3522.944659,1,1,1704898053
2024-01-04,0x2a1463cebe85315224c536afd389b381b43f3206,2413,0xbc1d315ba25501b20cfc475a86087145b7f48374,3330.197116,3330.197116,3341.797553,1,1,1704842691
2024-01-04,0x2a1463cebe85315224c536afd389b381b43f3206,2462,0xb8dbac300e69c9c2d56542f83bbac3dbad065d02,3324.641088,3324.641088,3319.804854,1,1,1704842639
2024-01-04,0x2a1463cebe85315224c536afd389b381b43f3206,2486,0x24a30823bd87e785b0c4b3803a2bffd91eb6876f,0.0,0.0,3288.962326,0,1,1704531177
2024-01-04,0x2a1463cebe85315224c536afd389b381b43f3206,2522,0xc693b4ffb338579467a541b2bf267b1955870920,797.846854,797.846854,0.0,1,0,1704927147
2024-01-04,0x2a1463cebe85315224c536afd389b381b43f3206,2543,0xea7799bb4139bc81fb001bd009bba7989fa0dad3,3140.413348,3140.413348,3151.355082,1,1,1704842317
2024-01-04,0x2a1463cebe85315224c536afd389b381b43f3206,2606,0x1f0cd8d7366737ad6f23c9ef2d1dd6e2c74f1eb0,0.0,0.0,3119.810066,0,1,1704617119
2024-01-04,0x2a1463cebe85315224c536afd389b381b43f3206,2609,0xaef1889d58677805399c6f8326c11d159b09caf2,1557.886216,1557.886216,0.0,1,0,1704834057
2024-01-04,0x2a1463cebe85315224c536afd389b381b43f3206,2650,0x04795cdee2b677b46878896dae76be5cb174dac6,0.0,0.0,3376.691287,0,1,1704704669
2024-01-04,0x2a1463cebe85315224c536afd389b381b43f3206,2743,0x2a724be1b63caec1c3ef95834fdd443c3347ee1d,1375.496291,1375.496291,2750.992581,1,1,1704916559
2024-01-04,0x2a1463cebe85315224c536afd389b381b43f3206,2775,0x323b7e14205c54604be21d74d1ad0ab070ec5bb2,2628.666931,2628.666931,2628.666931,1,1,1704880775
2024-01-04,0x2a1463cebe85315224c536afd389b381b43f3206,2804,0x5e2eda615fe7360f415282abbcfcaef720207fb1,4818.96246,4818.96246,0.0,1,0,1704921611
2024-01-04,0x2a1463cebe85315224c536afd389b381b43f3206,2882,0x5e9b1a78a998c5370946bc779c285c8396847cbd,2242.807277,2242.807277,0.0,1,0,1704919093
2024-01-04,0x2a1463cebe85315224c536afd389b381b43f3206,2983,0xeba06532a72bec44a1d33130aaa7c45c31e502f6,2006.119135,2006.119135,0.0,1,0,1704861261
2024-01-04,0x2a1463cebe85315224c536afd389b381b43f3206,3041,0x7caea457224c345d1518a23fbd07ebdbdd21170c,473.860181,473.860181,473.860181,1,1,1704843557
2024-01-04,0x2a1463cebe85315224c536afd389b381b43f3206,3446,0x1a2923d39f11f4b0a47bcdec29b30ec273da0932,0.0,0.0,2203.954556,0,1,1704582511
2024-01-04,0x2a1463cebe85315224c536afd389b381b43f3206,3539,0x69155e7ca2e688ccdc247f6c4ddf374b3ae77bd6,0.0,0.0,13178.055738,0,1,1704638499
2024-01-04,0x2a1463cebe85315224c536afd389b381b43f3206,3772,0x062bcf5e546b235953576763658936f9e9f38327,0.0,0.0,1034.071346,0,1,1704763711
2024-01-04,0x2a1463cebe85315224c536afd389b381b43f3206,4034,0x87e696610f11480ed9d01b1e2e26a90eb5832a02,0.0,0.0,788.96771,0,1,1704589495
2024-01-04,0x2a1463cebe85315224c536afd389b381b43f3206,4231,0x633f6bb51b30aed1fec4625774919eca9f5aa55e,0.0,0.0,680.901827,0,1,1704925213
2024-01-04,0x2a1463cebe85315224c536afd389b381b43f3206,4605,0xc4da6319585ff59912013338108ca895e48ac733,0.0,0.0,475.968147,0,1,1704768603
2024-01-04,0x2a1463cebe85315224c536afd389b381b43f3206,4659,0x7a7acf2241c2b388b6b7eb8bba78f615f6f773b2,0.0,0.0,466.686322,0,1,1704758011
2024-01-04,0x2a1463cebe85315224c536afd389b381b43f3206,4786,0x92efff5ba1904bbc6112bb463c0e94ca234c220b,0.0,0.0,428.583938,0,1,1704655933
2024-01-04,0x2a1463cebe85315224c536afd389b381b43f3206,5031,0xacda6f48036d4a4128830eaee9ad4a3a870b02fe,0.0,0.0,421.472824,0,1,1704804539
2024-01-04,0x2a1463cebe85315224c536afd389b381b43f3206,5062,0xe8d8b73ccc85ded891ad41893ebbb0d684350e04,0.0,0.0,396.315786,0,1,1704389909
2024-01-04,0x2a1463cebe85315224c536afd389b381b43f3206,5164,0x18b71e5c9c132914d83849bdf18e78c714ca3195,0.0,0.0,388.362756,0,1,1704767249
2024-01-04,0x2a1463cebe85315224c536afd389b381b43f3206,5272,0x09efa5cc5ec21498fbd64bdd5006df50f5e0fffc,0.0,0.0,382.726985,0,1,1704767377
2024-01-04,0x2a1463cebe85315224c536afd389b381b43f3206,6438,0x510b0068c0756bbefcbaffb6567e467d661291fe,0.0,0.0,5803.274493,0,1,1704800289
2024-01-04,0x2a1463cebe85315224c536afd389b381b43f3206,6806,0x16c5d7862f5e42b578c5b86bdf1f3887fdc0f412,0.0,0.0,1521.127351,0,1,1704828471
2024-01-04,0x2a1463cebe85315224c536afd389b381b43f3206,6808,0x8aa98470de4bf6a85f13393ae1169a5e625a4e6d,0.0,0.0,989.595531,0,1,1704665393
2024-01-04,0x2a1463cebe85315224c536afd389b381b43f3206,7015,0xeb0aef82e93f72dcfbed2fb2eaca7ea5e1f9c5c8,0.0,0.0,103.0,0,1,1704823751
2024-01-04,0x2a1463cebe85315224c536afd389b381b43f3206,7120,0x0524f2b8765ee3a1a033311ddc9e2dcaad34b8c3,1557.609039,1557.609039,0.0,1,0,1704910777
2024-01-04,0x2a1463cebe85315224c536afd389b381b43f3206,7651,0x7e4cbd9030b814c364b6b57128e5868797436d51,0.0,0.0,125.264626,0,1,1704595795
2024-01-04,0x2a1463cebe85315224c536afd389b381b43f3206,8502,0x892176d784bed3dc877a62f3ff9fc091377b2a49,16832.986984,16832.986984,0.0,1,0,1704910201
2024-01-04,0x2a1463cebe85315224c536afd389b381b43f3206,8646,0xde82ba72fdd75dff334b1ceb3e57e1945f1d7561,0.0,0.0,319.197652,0,1,1704704765
2024-01-04,0x2a1463cebe85315224c536afd389b381b43f3206,9029,0xa96a2500ff54c0b38e69a66cafc1dcaa76651667,0.0,0.0,7588.42089,0,1,1704624937
2024-01-04,0x2a1463cebe85315224c536afd389b381b43f3206,9199,0xdab85506424396fb090d84b64ad63b770d87c028,151245.973647,151245.973647,0.0,1,0,1704851815
2024-01-04,0x2a1463cebe85315224c536afd389b381b43f3206,9747,0xdab85506424396fb090d84b64ad63b770d87c028,100646.831059,100646.831059,0.0,1,0,1704851839
2024-01-04,0x2a1463cebe85315224c536afd389b381b43f3206,9954,0x7d374fe73fd8358a93c53e978477f7ba4129be0c,0.0,0.0,2800.582356,0,1,1704332523
2024-01-04,0x2a1463cebe85315224c536afd389b381b43f3206,9959,0x2a23d0650db1c536e71aeb63ecd3daa0b52e66e1,42390.159082,70650.265137,55145.987383,2,2,1704850251
2024-01-04,0x2a1463cebe85315224c536afd389b381b43f3206,9972,0x8bace3a49a375027868cdd34e84521eed1f1b01d,191871.841736,191871.841736,0.0,1,0,1704911743
2024-01-04,0x2a1463cebe85315224c536afd389b381b43f3206,10252,0xdab85506424396fb090d84b64ad63b770d87c028,15718.433995,15718.433995,0.0,1,0,1704851859
2024-01-04,0x2a1463cebe85315224c536afd389b381b43f3206,10294,0x48a6a8d403a58eccc70d4d57347f801d4e182564,3505098.739533,3505098.739533,1999999.999661,1,1,1704913363
2024-01-04,0x2a1463cebe85315224c536afd389b381b43f3206,10295,0xc875b3dae5b0c371bc8cf9ded64868b78ac47587,122056.199126,122056.199126,0.0,1,0,1704913979
2024-01-04,0x2a1463cebe85315224c536afd389b381b43f3206,10296,0x03c70563e94de5de56c11a0cc4ce3482f592854f,636467.023215,636467.023215,423232.115876,1,1,1704929195
2024-01-04,0x2a1463cebe85315224c536afd389b381b43f3206,10298,0xc9814f18a8751214f719de15c54d01b3d78ef14f,121080.710704,121080.710704,0.0,1,0,1704929143
2024-01-04,0x2a1463cebe85315224c536afd389b381b43f3206,10425,0x7f312686f2294db423ecc1e495fb695570f09b2a,0.0,0.0,1.528741,0,1,1704692959
2024-01-04,0x2a1463cebe85315224c536afd389b381b43f3206,10544,0xf46d3a64d546d9cec0883e5fbba04583363df24c,0.0,0.0,81518.498394,0,1,1704824759
2024-01-04,0x2a1463cebe85315224c536afd389b381b43f3206,10570,0x6f531b21829dbff76445910959052b0f4c08b5b5,24.204823,24.204823,24.320385,1,1,1704522405
2024-01-04,0x2a1463cebe85315224c536afd389b381b43f3206,10630,0xdaaffba0ab113acbee5c65ecdcccdc60aaf7d110,792.596204,792.596204,0.0,1,0,1704896729
2024-01-04,0x2a1463cebe85315224c536afd389b381b43f3206,10656,0x145acc258b553369e51b4e5fb4d7b7201125eecb,0.064829,0.064829,0.0,1,0,1704891285
2024-01-04,0x2a1463cebe85315224c536afd389b381b43f3206,10657,0x892176d784bed3dc877a62f3ff9fc091377b2a49,0.989558,0.989558,0.0,1,0,1704873411
2024-01-04,0x2a1463cebe85315224c536afd389b381b43f3206,10680,0x145acc258b553369e51b4e5fb4d7b7201125eecb,504.514971,504.514971,0.0,1,0,1704909255
2024-01-04,0x2a1463cebe85315224c536afd389b381b43f3206,10718,0x5f3e643c0a4e7726e8976fd3b71d552f1deb1b48,0.0,0.0,1006.921877,0,1,1704545529
2024-01-04,0x2a1463cebe85315224c536afd389b381b43f3206,10743,0x089f703993f0aeaab1e5fe6a800f3fd09e7745f3,0.0,0.0,1.344401,0,1,1704756079
2024-01-04,0x2a1463cebe85315224c536afd389b381b43f3206,10960,0x98c591f5a409fbe00345be802e40af9f569e2646,7.577817,7.577817,0.0,1,0,1704873815
2024-01-04,0x2b7704f1cb9324cd8586b33c6c540cbd64e58237,48,0x12478d1a60a910c9cbffb90648766a2bdd5918f5,186233.380769,186233.380769,0.0,1,0,1704926909
2024-01-04,0x2b7704f1cb9324cd8586b33c6c540cbd64e58237,68,0x132e47cf2c19ec2d8dd56e1528fc7e18dc09188f,136710.807707,136710.807707,0.0,1,0,1704921047
2024-01-04,0x2b7704f1cb9324cd8586b33c6c540cbd64e58237,103,0x1c2ed7a6c4e3c1146103fa222181115a72243a06,55234.121775,55234.121775,0.0,1,0,1704927049
2024-01-04,0x2b7704f1cb9324cd8586b33c6c540cbd64e58237,203,0x637fceaf3e5289d2b396b831335e7d8a180c5656,19039.282843,19039.282843,19039.282843,1,1,1704926293
2024-01-04,0x2b7704f1cb9324cd8586b33c6c540cbd64e58237,331,0x5181cdf1bb20da04ba788f82989f29e65b67314a,0.0,0.0,102110.191625,0,1,1704915887
2024-01-04,0x2b7704f1cb9324cd8586b33c6c540cbd64e58237,376,0xff53e3a27b7252148e0f1daf4a00261eee59177f,0.0,0.0,18081.956675,0,1,1704923243
2024-01-04,0x2b7704f1cb9324cd8586b33c6c540cbd64e58237,870,0xf2829fc923b6fd040ead55d3f973f2953e86d13e,0.0,0.0,18762.76693,0,1,1704923743
2024-01-04,0x2b7704f1cb9324cd8586b33c6c540cbd64e58237,1363,0x43d16ccd581e1d6a8d51768f75ddf09b79f4f856,0.0,0.0,2172.722996,0,1,1704908401
2024-01-04,0x2b7704f1cb9324cd8586b33c6c540cbd64e58237,1598,0x8643c722031a05fcbb12212804693b81ccf5a4d5,0.0,0.0,6608.691257,0,1,1704826341
2024-01-04,0x2b7704f1cb9324cd8586b33c6c540cbd64e58237,1625,0x12cc270bb2136c772b7e28868d7782aa62827229,0.0,0.0,6370.900346,0,1,1704905551
2024-01-04,0x2b7704f1cb9324cd8586b33c6c540cbd64e58237,1795,0x442ed3e7d89d44180ea826675c5d6e5b350e0f4c,0.0,0.0,2566.514133,0,1,1704895113
2024-01-04,0x2b7704f1cb9324cd8586b33c6c540cbd64e58237,4034,0x87e696610f11480ed9d01b1e2e26a90eb5832a02,788.96771,788.96771,0.0,1,0,1704589495
2024-01-04,0x2b7704f1cb9324cd8586b33c6c540cbd64e58237,4570,0x4262c25b81d6e9cae2962d93f86e45b59d2c437f,6730.644468,6730.644468,0.0,1,0,1704332973
2024-01-04,0x2b7704f1cb9324cd8586b33c6c540cbd64e58237,5952,0x1772ef83b2279a672154476c8facd9f2196d8dee,358.22212,358.22212,358.22212,1,1,1704773493
2024-01-04,0x2b7704f1cb9324cd8586b33c6c540cbd64e58237,6340,0x639e1e07800943464a26ab99eb7caebeb0b9a526,0.0,0.0,349.472582,0,1,1704927545
2024-01-04,0x2b7704f1cb9324cd8586b33c6c540cbd64e58237,6798,0xe77ffc696724fd0fcff578a05f3023081ae888c0,9130.24756,9130.24756,0.0,1,0,1704909371
2024-01-04,0x2b7704f1cb9324cd8586b33c6c540cbd64e58237,7844,0x4dccb4444a0a804b778ddac22dc21b4fd0fe1a0d,2.318039,2.318039,4.827035,1,1,1704885359
2024-01-04,0x2b7704f1cb9324cd8586b33c6c540cbd64e58237,8395,0x5181cdf1bb20da04ba788f82989f29e65b67314a,0.0,0.0,16293.7528,0,1,1704915901
2024-01-04,0x2d25e0514f23c6367687de89bd5167dc754d4934,12,0xd204e3dc1937d3a30fc6f20abc48ac5506c94d1e,3304212.432957,3304212.432957,3299405.915421,1,1,1704827325
2024-01-04,0x2d25e0514f23c6367687de89bd5167dc754d4934,114,0x611b0c1ed942b833c786c53883a4aa37a25602a6,70666.399605,70666.399605,0.0,1,0,1704898687
2024-01-04,0x2d25e0514f23c6367687de89bd5167dc754d4934,275,0xa810ffea2709c116ef180d090c142fc5e08586a7,0.0,0.0,63137.787758,0,1,1704921599
2024-01-04,0x2d25e0514f23c6367687de89bd5167dc754d4934,302,0x188c30e9a6527f5f0c3f7fe59b72ac7253c62f28,0.0,0.0,114346.683609,0,1,1704923881
2024-01-04,0x2d25e0514f23c6367687de89bd5167dc754d4934,1246,0x9dd0a901019a1cbf910793cbbd365ca4f77dbb12,0.0,0.0,5295.602834,0,1,1704464593
2024-01-04,0x2d25e0514f23c6367687de89bd5167dc754d4934,1363,0x43d16ccd581e1d6a8d51768f75ddf09b79f4f856,2178.847334,2178.847334,2172.722996,1,1,1704908401
2024-01-04,0x2d25e0514f23c6367687de89bd5167dc754d4934,1472,0xf1f57b31a953f8e481c5c8f52fe38600268dba14,0.0,0.0,1910.75733,0,1,1704771693
2024-01-04,0x2d25e0514f23c6367687de89bd5167dc754d4934,1506,0x9d2e29be44fb2c3d7afdbeb79f59f51224373aff,7475.73118,7475.73118,7475.73118,1,1,1704857681
2024-01-04,0x2d25e0514f23c6367687de89bd5167dc754d4934,1855,0xbfad818edb25dc4eebac8cc44a7533be4652ad6c,0.0,0.0,1598.558702,0,1,1704524933
2024-01-04,0x2d25e0514f23c6367687de89bd5167dc754d4934,2141,0x3412c43a36e80263707dfba6078ac9b5871e2ec7,3906.347235,3906.347235,3906.347235,1,1,1704404797
2024-01-04,0x2d25e0514f23c6367687de89bd5167dc754d4934,2553,0x00a01bc13a1ddf4a4af6852baee66b76a0316cbc,3189.832583,3189.832583,3189.832583,1,1,1704908493
2024-01-04,0x2d25e0514f23c6367687de89bd5167dc754d4934,2566,0x209699a7d9c9a3f005a9c3179f58f8b942a27b0c,0.0,0.0,3136.137818,0,1,1704841339
2024-01-04,0x2d25e0514f23c6367687de89bd5167dc754d4934,2664,0x1dbd54599a449220bdd5e3540861ce670ea9ec36,0.0,0.0,3013.686135,0,1,1704589561
2024-01-04,0x2d25e0514f23c6367687de89bd5167dc754d4934,4147,0x9c64605387a115cd2f382ea87a30c5188da1cf1b,0.0,0.0,717.892734,0,1,1704552163
2024-01-04,0x2d25e0514f23c6367687de89bd5167dc754d4934,4258,0xc5dda6452579cee08a9dc8084147330f1019fd5d,665.237897,665.237897,656.739224,1,1,1704578209
2024-01-04,0x2d25e0514f23c6367687de89bd5167dc754d4934,4830,0xf4792c2a7ed512439b120ac24d314fc5baa0f2c9,0.0,0.0,420.01376,0,1,1704646967
2024-01-04,0x2d25e0514f23c6367687de89bd5167dc754d4934,4894,0x54d8e8fb753cabb05600b8a04e536def9f42e3d6,40.220649,40.220649,40.220649,1,1,1704372363
2024-01-04,0x2d25e0514f23c6367687de89bd5167dc754d4934,5503,0x16d6995da1c23df1ca7ca7f47dc8abe3aed31e3c,371.561018,371.561018,371.561018,1,1,1704892471
2024-01-04,0x2d25e0514f23c6367687de89bd5167dc754d4934,5513,0xa7994df7c06a54781b2e338eef9f82d7a71e6721,371.132896,371.132896,371.132896,1,1,1704895017
2024-01-04,0x2d25e0514f23c6367687de89bd5167dc754d4934,5529,0x16010bd4a55d758db2dd17e0ff3bba97861b712a,370.72316,370.72316,370.72316,1,1,1704894493
2024-01-04,0x2d25e0514f23c6367687de89bd5167dc754d4934,5697,0xf27ea3cc5e31532d5565a7fe7693848094568367,365.98098,365.98098,365.98098,1,1,1704839855
2024-01-04,0x2d25e0514f23c6367687de89bd5167dc754d4934,6722,0x8f37f0654a652c2ea9e6d1caa44f37baac61c346,507.387215,507.387215,546.476901,1,1,1704377785
2024-01-04,0x2d25e0514f23c6367687de89bd5167dc754d4934,6830,0xe88ade0824ba4dd6a36891dd60b83c20462b3545,0.0,0.0,0.80697,0,1,1704449347
2024-01-04,0x2d25e0514f23c6367687de89bd5167dc754d4934,7005,0xfb82b0e2af6abedbf0263f3299d4f9d55a4c7313,0.0,0.0,1.031469,0,1,1704547307
2024-01-04,0x2d25e0514f23c6367687de89bd5167dc754d4934,8478,0xf265702178a66b4b7ce079fc8a1629e47cf1bcde,0.0,0.0,172908.434145,0,1,1704923441
2024-01-04,0x2d25e0514f23c6367687de89bd5167dc754d4934,10295,0xc875b3dae5b0c371bc8cf9ded64868b78ac47587,122056.199126,122056.199126,0.0,1,0,1704913979
2024-01-04,0x2d25e0514f23c6367687de89bd5167dc754d4934,10296,0x03c70563e94de5de56c11a0cc4ce3482f592854f,318233.511608,318233.511608,846464.231752,1,1,1704929195
2024-01-04,0x2d25e0514f23c6367687de89bd5167dc754d4934,10298,0xc9814f18a8751214f719de15c54d01b3d78ef14f,60540.355352,60540.355352,0.0,1,0,1704929143
2024-01-04,0x2d25e0514f23c6367687de89bd5167dc754d4934,10354,0x0123e230c261e026c476a21fae07de3aa55ac870,2041.595616,2041.595616,0.0,1,0,1704906441
2024-01-04,0x323121cd6f6274c9aeb9f87e0664c8fda5d343a5,56,0x48a5a6a01ba89cddf97d2d552923d5a11401ed19,0.0,0.0,100121.927243,0,1,1704927135
2024-01-04,0x323121cd6f6274c9aeb9f87e0664c8fda5d343a5,67,0x8ce17ff2c7376e9adfe9c63c47a801097fa6c525,109298.786848,109298.786848,109139.793882,1,1,1704918343
2024-01-04,0x323121cd6f6274c9aeb9f87e0664c8fda5d343a5,68,0x132e47cf2c19ec2d8dd56e1528fc7e18dc09188f,0.0,0.0,67537.884093,0,1,1704921047
2024-01-04,0x323121cd6f6274c9aeb9f87e0664c8fda5d343a5,103,0x1c2ed7a6c4e3c1146103fa222181115a72243a06,55234.121775,55234.121775,55153.774709,1,1,1704927049
2024-01-04,0x323121cd6f6274c9aeb9f87e0664c8fda5d343a5,114,0x611b0c1ed942b833c786c53883a4aa37a25602a6,0.0,0.0,23521.201255,0,1,1704898687
2024-01-04,0x323121cd6f6274c9aeb9f87e0664c8fda5d343a5,387,0x314c0695273ba259bb60074f2c92c67ac7ae6d40,106794.44458,106794.44458,0.0,1,0,1704916003
2024-01-04,0x323121cd6f6274c9aeb9f87e0664c8fda5d343a5,405,0x2f707265e61300e8290c18e38ebcbd129fb0b0f5,135189.958034,135189.958034,0.0,1,0,1704920441
2024-01-04,0x323121cd6f6274c9aeb9f87e0664c8fda5d343a5,430,0xb4173fee41920a8e7d3451863f9779468ebab98e,0.0,0.0,58780.649402,0,1,1704882167
2024-01-04,0x323121cd6f6274c9aeb9f87e0664c8fda5d343a5,466,0xdf2e0a3c668379e1b25901b3f719ebfd00f0bfbd,0.0,0.0,53391.632887,0,1,1704892143
2024-01-04,0x323121cd6f6274c9aeb9f87e0664c8fda5d343a5,896,0x2c8dbcebdc218f0f4e39c868a01c6c9a857aa5bb,0.0,0.0,26274.319911,0,1,1704924327
2024-01-04,0x323121cd6f6274c9aeb9f87e0664c8fda5d343a5,989,0xe53f4d44c45dbc16a20ab64f8a8b4404ddbbefec,112904.206451,112904.206451,0.0,1,0,1704927105
2024-01-04,0x323121cd6f6274c9aeb9f87e0664c8fda5d343a5,1104,0xe8fef7bf385e911bcd537992c35f895b4304d49b,0.0,0.0,12954.743401,0,1,1704892147
2024-01-04,0x323121cd6f6274c9aeb9f87e0664c8fda5d343a5,1162,0x72241b7cd963cf56ba409e80ed59e1aee76a1ada,0.0,0.0,12596.392493,0,1,1704924325
2024-01-04,0x323121cd6f6274c9aeb9f87e0664c8fda5d343a5,1185,0xc954892d9caf463e967884e379a6ee4c78d61be7,0.0,0.0,5614.261895,0,1,1704864281
2024-01-04,0x323121cd6f6274c9aeb9f87e0664c8fda5d343a5,1305,0x05b5240daa1894a299a41d1f63f1caacf94bdeb3,4640.251429,4640.251429,4663.163987,1,1,1704916907
2024-01-04,0x323121cd6f6274c9aeb9f87e0664c8fda5d343a5,1307,0x49f5b5827f834a8a5aa8abbf7d4b63cafa25245b,0.0,0.0,9867.190977,0,1,1704927025
2024-01-04,0x323121cd6f6274c9aeb9f87e0664c8fda5d343a5,1321,0x42fcdf3b9597e46121b194c7911faf0ab2f6ea43,0.0,0.0,9067.133905,0,1,1704925351
2024-01-04,0x323121cd6f6274c9aeb9f87e0664c8fda5d343a5,1429,0x2e9f126f25837e646695b5dff0105b02b815fd3d,10163.69786,10163.69786,0.0,1,0,1704927589
2024-01-04,0x323121cd6f6274c9aeb9f87e0664c8fda5d343a5,1507,0x4335335c596ac1fb3872a4f3b02ddc5418f8e33d,0.0,9641.22303,19105.444766,1,2,1704906915
2024-01-04,0x323121cd6f6274c9aeb9f87e0664c8fda5d343a5,1782,0x8f824380bdf496f539d8306500f87a2cba38f828,5254.753704,5254.753704,0.0,1,0,1704913701
2024-01-04,0x323121cd6f6274c9aeb9f87e0664c8fda5d343a5,1819,0x90b50ee9aeb83001fbeaf61541fc666341f36400,5088.465783,5088.465783,0.0,1,0,1704913629
2024-01-04,0x323121cd6f6274c9aeb9f87e0664c8fda5d343a5,2537,0xbfd212ba98bde92e75705292a290563bf85edac0,0.0,0.0,3171.550333,0,1,1704864321
2024-01-04,0x323121cd6f6274c9aeb9f87e0664c8fda5d343a5,2922,0x506765dfde54034cffc105747ed8829c2b719719,0.0,0.0,2155.507284,0,1,1704909595
2024-01-04,0x323121cd6f6274c9aeb9f87e0664c8fda5d343a5,6340,0x639e1e07800943464a26ab99eb7caebeb0b9a526,349.472582,349.472582,0.0,1,0,1704927545
2024-01-04,0x323121cd6f6274c9aeb9f87e0664c8fda5d343a5,6418,0xb4173fee41920a8e7d3451863f9779468ebab98e,0.0,0.0,24355.735246,0,1,1704882179
2024-01-04,0x323121cd6f6274c9aeb9f87e0664c8fda5d343a5,7133,0xf115d93a31e79cca4697b9683c856326e0bed3c3,0.0,0.0,156.663782,0,1,1704924421
2024-01-04,0x323121cd6f6274c9aeb9f87e0664c8fda5d343a5,8047,0x4ee67d558e065c6655f6a871a881e4717d97d1bd,5869.839748,5869.839748,5861.301106,1,1,1704927589
2024-01-04,0x323121cd6f6274c9aeb9f87e0664c8fda5d343a5,8375,0x314c0695273ba259bb60074f2c92c67ac7ae6d40,8142.713506,8142.713506,0.0,1,0,1704915989
2024-01-04,0x323121cd6f6274c9aeb9f87e0664c8fda5d343a5,10100,0x2bcdca8c689b4aa460b66ffde1d6b1761d41d5df,4503.799253,4503.799253,0.0,1,0,1704909347
2024-01-04,0x323121cd6f6274c9aeb9f87e0664c8fda5d343a5,10294,0x48a6a8d403a58eccc70d4d57347f801d4e182564,500728.391362,500728.391362,499999.999915,1,1,1704913363
2024-01-04,0x323121cd6f6274c9aeb9f87e0664c8fda5d343a5,10969,0x7b1d3bb271aa9144a0f058553383fb0b696f441b,216.453273,216.453273,0.0,1,0,1704926057
2024-01-04,0x3f386acc3a8e9194cf6279c219df8dd3c5b71974,74,0x9c0d72f2ac26420cb7eeb155bf401b672840e87b,0.0,0.0,477052.85416,0,1,1704883415
2024-01-04,0x3f386acc3a8e9194cf6279c219df8dd3c5b71974,100,0x133d93566f9699b3af46fe150daa8a67a9563ed6,0.0,0.0,563253.535312,0,1,1704864249
2024-01-04,0x3f386acc3a8e9194cf6279c219df8dd3c5b71974,151,0x5275817b74021e97c980e95ede6bbac0d0d6f3a2,0.0,0.0,63781.427906,0,1,1704905469
2024-01-04,0x3f386acc3a8e9194cf6279c219df8dd3c5b71974,190,0x48d18a882b0be145606a11fce6f8a301256b93fa,0.0,0.0,106451.903128,0,1,1704926997
2024-01-04,0x3f386acc3a8e9194cf6279c219df8dd3c5b71974,197,0x6cd1b82490eb7aa18bec4305c6c2e691194c6898,0.0,0.0,200157.889422,0,1,1704849009
2024-01-04,0x3f386acc3a8e9194cf6279c219df8dd3c5b71974,220,0x4f6fff5cd87eaf8cf09467366fe783e7ecb1317b,0.0,0.0,169295.336097,0,1,1704849107
2024-01-04,0x3f386acc3a8e9194cf6279c219df8dd3c5b71974,304,0xbbb33d2e7bd7ddc722e53da9ca8ee97df41cfabf,0.0,0.0,37428.54719,0,1,1704798599
2024-01-04,0x3f386acc3a8e9194cf6279c219df8dd3c5b71974,388,0x823bf98d9f1119ae040aaef8118f13a612324112,0.0,0.0,69503.098561,0,1,1704580757
2024-01-04,0x3f386acc3a8e9194cf6279c219df8dd3c5b71974,393,0x193db18a5ef9a0320b7374c1fe8af976235f3211,0.0,0.0,67106.294946,0,1,1704902483
2024-01-04,0x3f386acc3a8e9194cf6279c219df8dd3c5b71974,400,0x1b08bc49accb4fb813bc9cb7f3a1f7f93510010e,0.0,0.0,65826.20747,0,1,1704801049
2024-01-04,0x3f386acc3a8e9194cf6279c219df8dd3c5b71974,441,0xdceb0bb3311342e3ce9e49f57affce9deac40ba1,14237.29876,14237.29876,14216.58828,1,1,1704330561
2024-01-04,0x3f386acc3a8e9194cf6279c219df8dd3c5b71974,449,0xf6657bbcfeb5c2746e8c609e35018a5a8caa13fb,14280.088808,14280.088808,22783.92018,1,1,1704918221
2024-01-04,0x3f386acc3a8e9194cf6279c219df8dd3c5b71974,478,0x2365887bbdb7ff611f54b380573a5055170fae7d,47402.280243,47402.280243,0.0,1,0,1704885955
2024-01-04,0x3f386acc3a8e9194cf6279c219df8dd3c5b71974,494,0x153b4f4f2c6c284f844a53eb2e097d23b7bfa4dd,0.0,0.0,22995.595985,0,1,1704889105
2024-01-04,0x3f386acc3a8e9194cf6279c219df8dd3c5b71974,694,0xbfc4fbbec37c291aed1d14f02b5221d0be0fe8f1,0.0,0.0,7126.777187,0,1,1704894615
2024-01-04,0x3f386acc3a8e9194cf6279c219df8dd3c5b71974,935,0xedbf8de67f84fb7f166652f9338a9a06fbe33893,0.0,0.0,9793.619548,0,1,1704914557
2024-01-04,0x3f386acc3a8e9194cf6279c219df8dd3c5b71974,997,0xab7ab9b6495072c1136f96e301bd8f8de900f119,0.0,0.0,15117.359977,0,1,1704913245
2024-01-04,0x3f386acc3a8e9194cf6279c219df8dd3c5b71974,1027,0x5f4f120d8435ea38f0f4635a910fee03801be88d,0.0,29188.228419,53340.272557,1,2,1704400491
2024-01-04,0x3f386acc3a8e9194cf6279c219df8dd3c5b71974,1095,0x8f246d1a8b2fde3943b040fee5ebb3ecc82f7338,12977.85861,12977.85861,12871.319953,1,1,1704920947
2024-01-04,0x3f386acc3a8e9194cf6279c219df8dd3c5b71974,1171,0xe0654abc5fb4917ac59237f8b9f75316982cf0bf,0.0,0.0,11729.791715,0,1,1704853125
2024-01-04,0x3f386acc3a8e9194cf6279c219df8dd3c5b71974,1265,0x90c0bf8d71369d21f8addf0da33d21dcb0b1c384,0.0,0.0,9922.895638,0,1,1704889271
2024-01-04,0x3f386acc3a8e9194cf6279c219df8dd3c5b71974,1287,0x2a7051d7cbbef7b6889f8e14774020b1653b94c1,4861.123625,4861.123625,9682.430316,1,1,1704793837
2024-01-04,0x3f386acc3a8e9194cf6279c219df8dd3c5b71974,1302,0x764f4909251f81976a0a2dcebce95333e4c27517,3955.76381,3955.76381,4944.704762,1,1,1704454025
2024-01-04,0x3f386acc3a8e9194cf6279c219df8dd3c5b71974,1317,0xdbfb0785366262f4736bcb5757cb20f0065c4dd1,9286.23758,9286.23758,9248.2063,1,1,1704927153
2024-01-04,0x3f386acc3a8e9194cf6279c219df8dd3c5b71974,1322,0x3a781cb383b65a1fff97ce061c3d35a1c09e6960,14555.817363,14555.817363,14534.643545,1,1,1704879567
2024-01-04,0x3f386acc3a8e9194cf6279c219df8dd3c5b71974,1387,0xa5ecc068db75ffb36d157625b08e747895a03d18,0.0,0.0,8399.744918,0,1,1704843301
2024-01-04,0x3f386acc3a8e9194cf6279c219df8dd3c5b71974,1396,0xba3e2dc0119d8b84ef61c0c48a923054bec9665b,4218.720959,4218.720959,4212.584139,1,1,1704778903
2024-01-04,0x3f386acc3a8e9194cf6279c219df8dd3c5b71974,1430,0xfb07d2bdef2deb1ebec001644b4732ab77281c7a,0.0,0.0,20251.639829,0,1,1704916809
2024-01-04,0x3f386acc3a8e9194cf6279c219df8dd3c5b71974,1449,0x01fc9b47d4c1ece4af9ea9991c5a051aa57884cf,0.0,0.0,7836.807851,0,1,1704894563
2024-01-04,0x3f386acc3a8e9194cf6279c219df8dd3c5b71974,1560,0x07c7d97b79881d8245ee3aa4dce27fdfb2cc3130,0.0,0.0,6949.762916,0,1,1704409927
2024-01-04,0x3f386acc3a8e9194cf6279c219df8dd3c5b71974,1763,0x699a7499d316a80f392e32f616a68db2d899c48b,0.0,0.0,5264.559042,0,1,1704722905
2024-01-04,0x3f386acc3a8e9194cf6279c219df8dd3c5b71974,1986,0xaf7fc773b91230d9f9e4d9ecbc32b67f011063cb,0.0,0.0,4321.105348,0,1,1704903741
2024-01-04,0x3f386acc3a8e9194cf6279c219df8dd3c5b71974,2430,0x1b6a83f6fcf3ab0879199350f4556aecf42a6180,3334.362941,3334.362941,3334.362941,1,1,1704561641
2024-01-04,0x3f386acc3a8e9194cf6279c219df8dd3c5b71974,2846,0x7f922e25a3ff62f9a253c83f3f1f2e1dddae60bd,0.0,0.0,2331.670414,0,1,1704862237
2024-01-04,0x3f386acc3a8e9194cf6279c219df8dd3c5b71974,2856,0xf3b059c887172f2cc52b5e77ee3b2c8b3a32e6ef,5742.810466,5742.810466,9188.496745,1,1,1704330091
2024-01-04,0x3f386acc3a8e9194cf6279c219df8dd3c5b71974,2983,0xeba06532a72bec44a1d33130aaa7c45c31e502f6,0.0,0.0,2003.200907,0,1,1704861261
2024-01-04,0x3f386acc3a8e9194cf6279c219df8dd3c5b71974,3041,0x7caea457224c345d1518a23fbd07ebdbdd21170c,473.860181,473.860181,473.860181,1,1,1704843557
2024-01-04,0x3f386acc3a8e9194cf6279c219df8dd3c5b71974,3405,0x353c5a5bb339a756e25d9ab983db61c7b1ac2922,0.0,0.0,1443.62715,0,1,1704864449
2024-01-04,0x3f386acc3a8e9194cf6279c219df8dd3c5b71974,3408,0x1f2b88b4fbcbecf1e0b07728c6db26bfdacdb0b2,0.0,0.0,1437.087423,0,1,1704864765
2024-01-04,0x3f386acc3a8e9194cf6279c219df8dd3c5b71974,3412,0x22422040886ab7d0a08eeafa2c595a707a26c531,0.0,0.0,1431.830554,0,1,1704863713
2024-01-04,0x3f386acc3a8e9194cf6279c219df8dd3c5b71974,3430,0x4b4e54a9978453254acb96d3d8d9e202b5b01386,0.0,0.0,1402.908975,0,1,1704864373
2024-01-04,0x3f386acc3a8e9194cf6279c219df8dd3c5b71974,3431,0xf9ce07a5611f18f018261d9e5be3fad92b49c852,0.0,0.0,1401.964239,0,1,1704863807
2024-01-04,0x3f386acc3a8e9194cf6279c219df8dd3c5b71974,4428,0x39f6b2d21a5f93291fba2eb2cc1e435d21bcbc89,0.0,0.0,546.821432,0,1,1704880841
2024-01-04,0x3f386acc3a8e9194cf6279c219df8dd3c5b71974,5158,0x75abf28b9cae8edb0c1209eff172f9420cc63549,0.0,0.0,388.966012,0,1,1704406113
2024-01-04,0x3f386acc3a8e9194cf6279c219df8dd3c5b71974,5381,0x5600ff522af4782dee24727a306e13c6d810dc3c,0.0,0.0,380.250759,0,1,1704415987
2024-01-04,0x3f386acc3a8e9194cf6279c219df8dd3c5b71974,7187,0x1b08bc49accb4fb813bc9cb7f3a1f7f93510010e,0.0,0.0,5246.88517,0,1,1704801091
2024-01-04,0x3f386acc3a8e9194cf6279c219df8dd3c5b71974,7651,0x7e4cbd9030b814c364b6b57128e5868797436d51,50.105851,50.105851,125.264626,1,1,1704595795
2024-01-04,0x3f386acc3a8e9194cf6279c219df8dd3c5b71974,8077,0x6b02c2b4e93e18a7a5a0a519ba36c8eb5c8a8732,0.0,0.0,1701.43364,0,1,1704780813
2024-01-04,0x3f386acc3a8e9194cf6279c219df8dd3c5b71974,8665,0x7cb6329ef5a332e8687888d604b03cf9afefc944,0.0,0.0,1738.234905,0,1,1704373375
2024-01-04,0x3f386acc3a8e9194cf6279c219df8dd3c5b71974,8846,0x6d75b5c51c41d5361f5729a2d453fee4ef40e652,501.933411,501.933411,501.93402,1,1,1704461561
2024-01-04,0x3f386acc3a8e9194cf6279c219df8dd3c5b71974,10294,0x48a6a8d403a58eccc70d4d57347f801d4e182564,500728.391362,500728.391362,1499999.999746,1,1,1704913363
2024-01-04,0x3f386acc3a8e9194cf6279c219df8dd3c5b71974,10295,0xc875b3dae5b0c371bc8cf9ded64868b78ac47587,244112.398252,244112.398252,0.0,1,0,1704913979
2024-01-04,0x3f386acc3a8e9194cf6279c219df8dd3c5b71974,10296,0x03c70563e94de5de56c11a0cc4ce3482f592854f,318233.511608,318233.511608,846464.231752,1,1,1704929195
2024-01-04,0x3f386acc3a8e9194cf6279c219df8dd3c5b71974,10298,0xc9814f18a8751214f719de15c54d01b3d78ef14f,60540.355352,60540.355352,0.0,1,0,1704929143
2024-01-04,0x3f386acc3a8e9194cf6279c219df8dd3c5b71974,10379,0x7c2a79124cf65fe7f671f421d767c8d2ab7cd7e1,0.0,0.0,1266.742562,0,1,1704770899
2024-01-04,0x3f386acc3a8e9194cf6279c219df8dd3c5b71974,10396,0x9a9bfa5ff9f86235779814d43f77c7669f6766f2,736.480451,736.480451,368.776217,1,1,1704331195
2024-01-04,0x3f386acc3a8e9194cf6279c219df8dd3c5b71974,10472,0xb413a48088cfb0074f75349c790062920434e321,0.0,0.0,5060.0,0,1,1704810063
2024-01-04,0x3fc28bfac25fc8e93b5b2fc15efbbd5a8aa44efe,106,0x615e5022252b31af496574f00d5519c5d93261ab,0.0,0.0,510718.195759,0,1,1704834857
2024-01-04,0x3fc28bfac25fc8e93b5b2fc15efbbd5a8aa44efe,1129,0x56e08babb8bf928bd8571d2a2a78235ae57ae5bd,3381.282892,3381.282892,3357.193652,1,1,1704925299
2024-01-04,0x3fc28bfac25fc8e93b5b2fc15efbbd5a8aa44efe,1471,0xcbb54eda2048b57d1b0afb19a73948e9d58b6973,7703.70926,7703.70926,7692.502954,1,1,1704919753
2024-01-04,0x3fc28bfac25fc8e93b5b2fc15efbbd5a8aa44efe,2117,0x3a08ca9e3a394c7b947b9ca56493e38176f3428c,0.0,0.0,3985.183273,0,1,1704686983
2024-01-04,0x3fc28bfac25fc8e93b5b2fc15efbbd5a8aa44efe,2704,0x1aaa8d951c6c74f6548bd4e89a1c54fb5fcd0ac2,0.0,0.0,2932.630858,0,1,1704756781
2024-01-04,0x3fc28bfac25fc8e93b5b2fc15efbbd5a8aa44efe,2849,0x12ef58947285f01ce8d8ecd90b3ea384b022cd1c,0.0,0.0,2290.432861,0,1,1704546731
2024-01-04,0x3fc28bfac25fc8e93b5b2fc15efbbd5a8aa44efe,2960,0x4765697e4e357148f0819b961bd7ec4837d1020a,0.0,0.0,1017.226974,0,1,1704787359
2024-01-04,0x3fc28bfac25fc8e93b5b2fc15efbbd5a8aa44efe,3284,0x142769f06e9ed0fa58bdee540be49014fe0c9c7d,0.0,0.0,1600.138914,0,1,1704546825
2024-01-04,0x3fc28bfac25fc8e93b5b2fc15efbbd5a8aa44efe,3285,0xfa53b8cca72c61794ebac3d54b54554aa0f4229d,0.0,0.0,1604.915555,0,1,1704876287
2024-01-04,0x3fc28bfac25fc8e93b5b2fc15efbbd5a8aa44efe,3380,0xbe5c3717205ef314f01a280cc552b95aa9da4757,0.0,0.0,1479.642025,0,1,1704889181
2024-01-04,0x3fc28bfac25fc8e93b5b2fc15efbbd5a8aa44efe,3437,0xc16373b5fdb767c5c10b1ef1668649f94f925e03,346.810775,346.810775,137.050186,1,1,1704650539
2024-01-04,0x3fc28bfac25fc8e93b5b2fc15efbbd5a8aa44efe,4518,0x43917a8174465dc01522e8e14335eaa2cde33f6f,103.987508,103.987508,103.987508,1,1,1704465255
2024-01-04,0x3fc28bfac25fc8e93b5b2fc15efbbd5a8aa44efe,4770,0x2907b53ffa68caf0dd79b6f8c1238ba8b6708169,0.0,0.0,432.315804,0,1,1704493015
2024-01-04,0x3fc28bfac25fc8e93b5b2fc15efbbd5a8aa44efe,4894,0x54d8e8fb753cabb05600b8a04e536def9f42e3d6,66.168017,66.168017,66.168017,1,1,1704372363
2024-01-04,0x3fc28bfac25fc8e93b5b2fc15efbbd5a8aa44efe,5391,0xf41bce5740ad4d098cb887ca93a24409f038c838,380.703432,380.703432,380.703432,1,1,1704706081
2024-01-04,0x3fc28bfac25fc8e93b5b2fc15efbbd5a8aa44efe,5803,0x572086064a9f6b52260d3c5a87cad53e74f11f6a,0.0,0.0,363.457851,0,1,1704793003
2024-01-04,0x3fc28bfac25fc8e93b5b2fc15efbbd5a8aa44efe,6056,0xc630ee3e52a40a2c87d3507b18d11efb178d01ab,55.218516,55.218516,109.825089,1,1,1704417957
2024-01-04,0x3fc28bfac25fc8e93b5b2fc15efbbd5a8aa44efe,7169,0x80039dc3d5bb48ec4bd822c4e8828574fdcc51a6,0.0,0.0,173.111579,0,1,1704874581
2024-01-04,0x3fc28bfac25fc8e93b5b2fc15efbbd5a8aa44efe,7844,0x4dccb4444a0a804b778ddac22dc21b4fd0fe1a0d,4.8022,4.8022,4.827035,1,1,1704885359
2024-01-04,0x3fc28bfac25fc8e93b5b2fc15efbbd5a8aa44efe,8773,0x994cf20f5084427d078dbe368ee9c5b6b9ec0755,0.0,0.0,75.216021,0,1,1704609403
2024-01-04,0x3fc28bfac25fc8e93b5b2fc15efbbd5a8aa44efe,8908,0x2358e3a7bb9d933095d187e7cf68f2507bfc07f6,0.0,0.0,20.922767,0,1,1704533167
2024-01-04,0x3fc28bfac25fc8e93b5b2fc15efbbd5a8aa44efe,8975,0x2358e3a7bb9d933095d187e7cf68f2507bfc07f6,0.0,0.0,23.39929,0,1,1704533247
2024-01-04,0x3fc28bfac25fc8e93b5b2fc15efbbd5a8aa44efe,8997,0x2358e3a7bb9d933095d187e7cf68f2507bfc07f6,0.0,0.0,21.897592,0,1,1704533275
2024-01-04,0x3fc28bfac25fc8e93b5b2fc15efbbd5a8aa44efe,9584,0xf7e4e27fdfd48f24cdd21798b34541d1dde3e5eb,74.695823,74.695823,81.155928,1,1,1704742219
2024-01-04,0x3fc28bfac25fc8e93b5b2fc15efbbd5a8aa44efe,9616,0xf120445761d31c9322416a8eabbbeeea1a1eac1e,66.477719,66.477719,66.828606,1,1,1704373153
2024-01-04,0x418457ca08fa5ec77f811b105f2c585cd051ac10,52,0x28878aec6b4209d90a40890183e3322f0ae5b2e2,0.0,0.0,272070.564722,0,1,1704918123
2024-01-04,0x418457ca08fa5ec77f811b105f2c585cd051ac10,56,0x48a5a6a01ba89cddf97d2d552923d5a11401ed19,0.0,0.0,400487.708973,0,1,1704927135
2024-01-04,0x418457ca08fa5ec77f811b105f2c585cd051ac10,64,0xf1010ee787ee588766b441d7cc397b40ddfb17a3,294965.935461,294965.935461,294536.859252,1,1,1704917891
2024-01-04,0x418457ca08fa5ec77f811b105f2c585cd051ac10,101,0xaf03267d12153bef68dc4d6f7426857c5462544a,552039.089984,552039.089984,0.0,1,0,1704927431
2024-01-04,0x418457ca08fa5ec77f811b105f2c585cd051ac10,134,0xd87ecc6c74f486b044824a222326a96f696fcfa2,0.0,0.0,77413.193101,0,1,1704775161
2024-01-04,0x418457ca08fa5ec77f811b105f2c585cd051ac10,147,0xe3f0254b09aec48ffa46f9eee5a3bc7a8e510e6d,84153.574643,84153.574643,84031.159501,1,1,1704918013
2024-01-04,0x418457ca08fa5ec77f811b105f2c585cd051ac10,153,0x0f45156f109e474295913d78036fa213b1745d5a,0.0,0.0,60675.253377,0,1,1704774823
2024-01-04,0x418457ca08fa5ec77f811b105f2c585cd051ac10,160,0xb0eb6f452ecea6a76fda435b4629cf6a11b24a2a,71035.452218,71035.452218,0.0,1,0,1704912099
2024-01-04,0x418457ca08fa5ec77f811b105f2c585cd051ac10,174,0x83bad39f067ef72e354f2ea9d318eaad381a7f15,92288.558849,158208.958026,131369.739773,2,2,1704902455
2024-01-04,0x418457ca08fa5ec77f811b105f2c585cd051ac10,362,0x5929cc4d10b6a1acc5bf5d221889f10251c628a1,30514.951209,30514.951209,60941.124442,1,1,1704919899
2024-01-04,0x418457ca08fa5ec77f811b105f2c585cd051ac10,398,0x48c7e0db3dad3fe4eb0513b86fe5c38ebb4e0f91,0.0,0.0,66109.898904,0,1,1704867749
2024-01-04,0x418457ca08fa5ec77f811b105f2c585cd051ac10,437,0xbae3b46e29e7cfd2bba8164765d592ce9802ec70,0.0,0.0,16269.890542,0,1,1704925767
2024-01-04,0x418457ca08fa5ec77f811b105f2c585cd051ac10,449,0xf6657bbcfeb5c2746e8c609e35018a5a8caa13fb,14280.088808,14280.088808,17087.940135,1,1,1704918221
2024-01-04,0x418457ca08fa5ec77f811b105f2c585cd051ac10,483,0x8f009a96f45514c31ee806fba7c4bfb842ff497e,0.0,0.0,46852.668079,0,1,1704881057
2024-01-04,0x418457ca08fa5ec77f811b105f2c585cd051ac10,621,0x6b73f2b5ddf22a3e190893bbd83e2f0a882a7dac,0.0,0.0,34763.219929,0,1,1704886753
2024-01-04,0x418457ca08fa5ec77f811b105f2c585cd051ac10,680,0x2328ecc367a913bf013533bbf9f0bf5aa8deb363,44917.858184,44917.858184,0.0,1,0,1704927407
2024-01-04,0x418457ca08fa5ec77f811b105f2c585cd051ac10,693,0xc73d0b593a8a56f832d7d76a116ce50483eff729,0.0,0.0,28618.392292,0,1,1704878527
2024-01-04,0x418457ca08fa5ec77f811b105f2c585cd051ac10,810,0x609470c2f08ff626078ba64ceb905d73b155089d,0.0,0.0,21629.703953,0,1,1704876527
2024-01-04,0x418457ca08fa5ec77f811b105f2c585cd051ac10,842,0x58bcf1ac25551dd4eb790f2ef68c1857dcd67d9b,5187.070237,5187.070237,0.0,1,0,1704925315
2024-01-04,0x418457ca08fa5ec77f811b105f2c585cd051ac10,895,0x03452486f10344aeb8bc1ab7457e5a9be613bd56,0.0,0.0,15012.156551,0,1,1704916607
2024-01-04,0x418457ca08fa5ec77f811b105f2c585cd051ac10,920,0x6c2693f5a936f37ed03cfa8465bf2d8beff19a0f,0.0,0.0,16040.319199,0,1,1704867427
2024-01-04,0x418457ca08fa5ec77f811b105f2c585cd051ac10,955,0x9cb016669c235ccebcd2fbbffa2d8d3a2247b02c,8174.956741,8174.956741,0.0,1,0,1704913395
2024-01-04,0x418457ca08fa5ec77f811b105f2c585cd051ac10,978,0x28a21a3a4b197ea59aa8e4ab7001ed62bc53d1ca,0.0,0.0,18004.733185,0,1,1704900643
2024-01-04,0x418457ca08fa5ec77f811b105f2c585cd051ac10,1193,0x1ed39934aec99f0a203af206b9ef3c81b57a76ea,0.0,0.0,11218.286934,0,1,1704887257
2024-01-04,0x418457ca08fa5ec77f811b105f2c585cd051ac10,1235,0x62e1af3e818afc059d111c4f53cf0a2d9fd29110,0.0,0.0,10445.370828,0,1,1704925649
2024-01-04,0x418457ca08fa5ec77f811b105f2c585cd051ac10,1263,0x8ba6fb982cb4b6a240065376b944100bce31b9d6,0.0,0.0,9993.310617,0,1,1704922295
2024-01-04,0x418457ca08fa5ec77f811b105f2c585cd051ac10,1367,0xcce0a627557f2b9af402607e5342ba15ad5f0053,0.0,0.0,8667.276796,0,1,1704887343
2024-01-04,0x418457ca08fa5ec77f811b105f2c585cd051ac10,1382,0x5a00e8683f37e8b08c744054a0ef606a18b1aef7,8552.026753,8552.026753,0.0,1,0,1704912579
2024-01-04,0x418457ca08fa5ec77f811b105f2c585cd051ac10,1462,0xadfbf9eccee2c330d7a045fb5533b978ff5ff2b2,0.0,0.0,8372.883463,0,1,1704915405
2024-01-04,0x418457ca08fa5ec77f811b105f2c585cd051ac10,1697,0x5c0796ed4f0b1de9f9eda9fd6fe29562b2a60296,0.0,0.0,5997.887598,0,1,1704743287
2024-01-04,0x418457ca08fa5ec77f811b105f2c585cd051ac10,1789,0x9c20b6eb1452e6ad77d67a8b5d86fddc384e93f3,5227.705954,5227.705954,5227.705954,1,1,1704462729
2024-01-04,0x418457ca08fa5ec77f811b105f2c585cd051ac10,1857,0xf7c8a4a99ba34b4744d08999dd017b5faa4d3378,4805.495389,4805.495389,0.0,1,0,1704911467
2024-01-04,0x418457ca08fa5ec77f811b105f2c585cd051ac10,1897,0x08b2f2bf6daddcd68c7c842e4c3a376c1fc69527,0.0,0.0,4594.349883,0,1,1704911583
2024-01-04,0x418457ca08fa5ec77f811b105f2c585cd051ac10,1912,0x3e516b6d229bf935f1b6bf4a0c2531ddab48cf1b,0.0,0.0,1800.193301,0,1,1704909291
2024-01-04,0x418457ca08fa5ec77f811b105f2c585cd051ac10,1973,0x0a27f53e3d044465d07607ef7a048e71809f295e,0.0,0.0,4357.451135,0,1,1704831407
2024-01-04,0x418457ca08fa5ec77f811b105f2c585cd051ac10,2362,0xbaa9b493bccbe1a900b39870980f41356f85822a,4285.822537,4285.822537,0.0,1,0,1704900145
2024-01-04,0x418457ca08fa5ec77f811b105f2c585cd051ac10,2377,0xc8b02bd12705f1cf4ee78dae82557919c8733dc4,0.0,0.0,3620.858461,0,1,1704889369
2024-01-04,0x418457ca08fa5ec77f811b105f2c585cd051ac10,2609,0xaef1889d58677805399c6f8326c11d159b09caf2,0.0,0.0,776.753643,0,1,1704834057
2024-01-04,0x418457ca08fa5ec77f811b105f2c585cd051ac10,2630,0x62e1af3e818afc059d111c4f53cf0a2d9fd29110,0.0,0.0,3084.092681,0,1,1704925683
2024-01-04,0x418457ca08fa5ec77f811b105f2c585cd051ac10,3037,0x74887f105a8e96c3457e5fbd5fc999f22cb7a998,0.0,0.0,2279.337912,0,1,1704898833
2024-01-04,0x418457ca08fa5ec77f811b105f2c585cd051ac10,5603,0xf01d96cadafeabd56651c5e50e553cde6f6233f3,368.754778,368.754778,368.754778,1,1,1704903071
2024-01-04,0x418457ca08fa5ec77f811b105f2c585cd051ac10,5613,0xd91c77f34880441bf2ad568a8feab6ac117f9916,0.0,0.0,368.589214,0,1,1704903199
2024-01-04,0x418457ca08fa5ec77f811b105f2c585cd051ac10,5748,0x9a9278a1e642f34dde161131bb38615439c77664,0.0,0.0,364.460676,0,1,1704903241
2024-01-04,0x418457ca08fa5ec77f811b105f2c585cd051ac10,5754,0xd6bc7d979882961dc837b14e08d23b9ef2cdd21f,0.0,0.0,364.280299,0,1,1704903139
2024-01-04,0x418457ca08fa5ec77f811b105f2c585cd051ac10,7128,0x0f45156f109e474295913d78036fa213b1745d5a,0.0,0.0,30503.865436,0,1,1704774765
2024-01-04,0x418457ca08fa5ec77f811b105f2c585cd051ac10,7136,0xd87ecc6c74f486b044824a222326a96f696fcfa2,0.0,0.0,24235.428443,0,1,1704775207
2024-01-04,0x418457ca08fa5ec77f811b105f2c585cd051ac10,8032,0xf265702178a66b4b7ce079fc8a1629e47cf1bcde,0.0,0.0,244717.05077,0,1,1704923031
2024-01-04,0x418457ca08fa5ec77f811b105f2c585cd051ac10,8350,0x0f45156f109e474295913d78036fa213b1745d5a,0.0,0.0,15483.463632,0,1,1704774727
2024-01-04,0x418457ca08fa5ec77f811b105f2c585cd051ac10,8467,0xd87ecc6c74f486b044824a222326a96f696fcfa2,0.0,0.0,35479.819169,0,1,1704775251
2024-01-04,0x418457ca08fa5ec77f811b105f2c585cd051ac10,8478,0xf265702178a66b4b7ce079fc8a1629e47cf1bcde,105363.655506,105363.655506,0.0,1,0,1704923441
2024-01-04,0x418457ca08fa5ec77f811b105f2c585cd051ac10,8502,0x892176d784bed3dc877a62f3ff9fc091377b2a49,16832.986984,16832.986984,0.0,1,0,1704910201
2024-01-04,0x418457ca08fa5ec77f811b105f2c585cd051ac10,9629,0x0f45156f109e474295913d78036fa213b1745d5a,0.0,0.0,64503.647538,0,1,1704774695
2024-01-04,0x418457ca08fa5ec77f811b105f2c585cd051ac10,9631,0xd87ecc6c74f486b044824a222326a96f696fcfa2,0.0,0.0,76619.498754,0,1,1704775309
2024-01-04,0x418457ca08fa5ec77f811b105f2c585cd051ac10,10294,0x48a6a8d403a58eccc70d4d57347f801d4e182564,6509469.087705,6509469.087705,4499999.999238,1,1,1704913363
2024-01-04,0x418457ca08fa5ec77f811b105f2c585cd051ac10,10295,0xc875b3dae5b0c371bc8cf9ded64868b78ac47587,610280.99563,610280.99563,999999.988225,1,1,1704913979
2024-01-04,0x418457ca08fa5ec77f811b105f2c585cd051ac10,10296,0x03c70563e94de5de56c11a0cc4ce3482f592854f,954700.534823,954700.534823,1269696.347628,1,1,1704929195
2024-01-04,0x418457ca08fa5ec77f811b105f2c585cd051ac10,10298,0xc9814f18a8751214f719de15c54d01b3d78ef14f,181621.066056,181621.066056,0.0,1,0,1704929143
2024-01-04,0x418457ca08fa5ec77f811b105f2c585cd051ac10,10442,0x32d6306ec178bcefe7b8d7302689376b42b047ee,0.0,0.0,147571.30495,0,1,1704885005
2024-01-04,0x418457ca08fa5ec77f811b105f2c585cd051ac10,10458,0xd87ecc6c74f486b044824a222326a96f696fcfa2,0.0,0.0,5065.089045,0,1,1704775013
2024-01-04,0x418457ca08fa5ec77f811b105f2c585cd051ac10,10459,0x0f45156f109e474295913d78036fa213b1745d5a,0.0,0.0,3105.42254,0,1,1704774667
2024-01-04,0x418457ca08fa5ec77f811b105f2c585cd051ac10,10474,0x505f69dbcc43a51d7ef1c2201f54ee116c45b20b,288569.915056,288569.915056,0.0,1,0,1704912919
2024-01-04,0x418457ca08fa5ec77f811b105f2c585cd051ac10,10680,0x145acc258b553369e51b4e5fb4d7b7201125eecb,504.514971,504.514971,0.0,1,0,1704909255
2024-01-04,0x42e8dc1b1891c103291ec01d903451e729daaacc,68,0x132e47cf2c19ec2d8dd56e1528fc7e18dc09188f,8202.648462,8202.648462,13507.576819,1,1,1704921047
2024-01-04,0x42e8dc1b1891c103291ec01d903451e729daaacc,3817,0x547b324b3f9e1f9f436fede6e88ae1ca816db6f3,0.0,0.0,1050.226943,0,1,1704921431
2024-01-04,0x42e8dc1b1891c103291ec01d903451e729daaacc,5465,0x1e6f4bc39b916e581929fc72b5190e08b4751941,0.0,0.0,908.084089,0,1,1704927067
2024-01-04,0x42e8dc1b1891c103291ec01d903451e729daaacc,10310,0x7ab62f39b074cb376c3aa4a37dfd0606b566fbfe,11.749495,11.749495,0.0,1,0,1704653399
2024-01-04,0x42e8dc1b1891c103291ec01d903451e729daaacc,10367,0x46f3cc6a1c00a5cd8864d2b92f128196cae07d15,0.0,0.0,6.797823,0,1,1704897103
2024-01-04,0x44ecc644449fc3a9858d2007caa8cfaa4c561f91,561,0x13cf222f836693b1406725fffc147294a06dd2b2,0.0,0.0,38609.232462,0,1,1704538383
2024-01-04,0x44ecc644449fc3a9858d2007caa8cfaa4c561f91,1137,0x40f3e010538edf80ea510cf6409b04ab889330b6,0.0,0.0,12105.98012,0,1,1704854123
2024-01-04,0x44ecc644449fc3a9858d2007caa8cfaa4c561f91,1302,0x764f4909251f81976a0a2dcebce95333e4c27517,3955.76381,3955.76381,4944.704762,1,1,1704454025
2024-01-04,0x44ecc644449fc3a9858d2007caa8cfaa4c561f91,3347,0x175fb20b9b5bcf80a0167d403405e6f3a074cfa0,193.339338,193.339338,193.339338,1,1,1704483891
2024-01-04,0x44ecc644449fc3a9858d2007caa8cfaa4c561f91,3712,0xc9f40ddb6b288bd3539ad35cbfae86883c6a0bad,1073.065994,1073.065994,1073.065994,1,1,1704796519
2024-01-04,0x44ecc644449fc3a9858d2007caa8cfaa4c561f91,4518,0x43917a8174465dc01522e8e14335eaa2cde33f6f,103.987508,103.987508,103.987508,1,1,1704465255
2024-01-04,0x44ecc644449fc3a9858d2007caa8cfaa4c561f91,9546,0x175fb20b9b5bcf80a0167d403405e6f3a074cfa0,57.017919,57.017919,57.375054,1,1,1704483903
2024-01-04,0x44ecc644449fc3a9858d2007caa8cfaa4c561f91,10297,0x6a941fe89cac5f440bb14e5286ad3e38ca3f2d39,3287645.032209,3287645.032209,3282862.614667,1,1,1704913761
2024-01-04,0x44ecc644449fc3a9858d2007caa8cfaa4c561f91,10902,0x00b3ecc795d7f3c3a0416be0784c43b652d5f4ca,11147.425462,11147.425462,0.0,1,0,1704667255
2024-01-04,0x4a3636608d7bc5776cb19eb72caa36ebb9ea683b,782,0x3631e591a117cd71ea786dc39dd8011d189e0b9d,23193.95558,23193.95558,23160.216178,1,1,1704353069
2024-01-04,0x4a3636608d7bc5776cb19eb72caa36ebb9ea683b,2052,0xf05e4f44de569cf8c6acf5fce98271008a532969,4169.476218,4169.476218,4116.286988,1,1,1704495585
2024-01-04,0x4a3636608d7bc5776cb19eb72caa36ebb9ea683b,2881,0xd670a99b9ad6b9fe256294f51cfe5f38e51d54aa,0.0,0.0,2217.495941,0,1,1704903403
2024-01-04,0x4a3636608d7bc5776cb19eb72caa36ebb9ea683b,3236,0x670fbd72155b2ae2e5336c82dc62c8b22ed4ba09,1671.004176,1671.004176,824.836718,1,1,1704367807
2024-01-04,0x4a3636608d7bc5776cb19eb72caa36ebb9ea683b,7152,0xb75d6fe6723290677a4f7141307e3ff6d7509711,463.599669,463.599669,444.959337,1,1,1704820419
2024-01-04,0x4a3636608d7bc5776cb19eb72caa36ebb9ea683b,7844,0x4dccb4444a0a804b778ddac22dc21b4fd0fe1a0d,0.083061,0.083061,0.03958,1,1,1704885359
2024-01-04,0x4cc2fefb2635c86b1bae1b58e0f60fb43e95e264,24,0x208a17c5fabe5b90282e5906945ff335e39326c4,18431.639774,18431.639774,0.0,1,0,1704918173
2024-01-04,0x4cc2fefb2635c86b1bae1b58e0f60fb43e95e264,55,0x285fed35cbea271a711681e84ffd83c68a596a75,337123.820364,337123.820364,337123.820364,1,1,1704918159
2024-01-04,0x4cc2fefb2635c86b1bae1b58e0f60fb43e95e264,56,0x48a5a6a01ba89cddf97d2d552923d5a11401ed19,300803.349412,300803.349412,0.0,1,0,1704927135
2024-01-04,0x4cc2fefb2635c86b1bae1b58e0f60fb43e95e264,62,0xdbd5d31b7f48adc13a0ab0c591f7e3d4f9642e69,255675.773114,255675.773114,638259.627186,1,1,1704914737
2024-01-04,0x4cc2fefb2635c86b1bae1b58e0f60fb43e95e264,64,0xf1010ee787ee588766b441d7cc397b40ddfb17a3,294965.935461,294965.935461,0.0,1,0,1704917891
2024-01-04,0x4cc2fefb2635c86b1bae1b58e0f60fb43e95e264,105,0x208a17c5fabe5b90282e5906945ff335e39326c4,52286.925551,52286.925551,0.0,1,0,1704917695
2024-01-04,0x4cc2fefb2635c86b1bae1b58e0f60fb43e95e264,106,0x615e5022252b31af496574f00d5519c5d93261ab,127763.164703,127763.164703,0.0,1,0,1704834857
2024-01-04,0x4cc2fefb2635c86b1bae1b58e0f60fb43e95e264,110,0x05e09d942505764bca4475abf8efdbc21d1c535b,0.0,0.0,98904.057244,0,1,1704923567
2024-01-04,0x4cc2fefb2635c86b1bae1b58e0f60fb43e95e264,134,0xd87ecc6c74f486b044824a222326a96f696fcfa2,387629.836514,387629.836514,77413.193101,1,1,1704775161
2024-01-04,0x4cc2fefb2635c86b1bae1b58e0f60fb43e95e264,147,0xe3f0254b09aec48ffa46f9eee5a3bc7a8e510e6d,84153.574643,84153.574643,84031.159501,1,1,1704918013
2024-01-04,0x4cc2fefb2635c86b1bae1b58e0f60fb43e95e264,152,0x3eb5d4e874f5a9228f291486329e3e935cac468c,314253.300554,314253.300554,0.0,1,0,1704922193
2024-01-04,0x4cc2fefb2635c86b1bae1b58e0f60fb43e95e264,153,0x0f45156f109e474295913d78036fa213b1745d5a,303818.22019,303818.22019,60675.253377,1,1,1704774823
2024-01-04,0x4cc2fefb2635c86b1bae1b58e0f60fb43e95e264,156,0xb0a4e99371dfb0734f002ae274933b4888f618ef,0.0,0.0,147336.426051,0,1,1704914255
2024-01-04,0x4cc2fefb2635c86b1bae1b58e0f60fb43e95e264,254,0xdbd5d31b7f48adc13a0ab0c591f7e3d4f9642e69,0.0,0.0,34792.861528,0,1,1704914793
2024-01-04,0x4cc2fefb2635c86b1bae1b58e0f60fb43e95e264,275,0xa810ffea2709c116ef180d090c142fc5e08586a7,0.0,0.0,63137.787758,0,1,1704921599
2024-01-04,0x4cc2fefb2635c86b1bae1b58e0f60fb43e95e264,295,0xdbd5d31b7f48adc13a0ab0c591f7e3d4f9642e69,55984.333528,55984.333528,0.0,1,0,1704914917
2024-01-04,0x4cc2fefb2635c86b1bae1b58e0f60fb43e95e264,321,0xcb6586874cc04b01cc4fdb777de502cea7b3d6c1,101016.182595,101016.182595,100869.238031,1,1,1704903099
2024-01-04,0x4cc2fefb2635c86b1bae1b58e0f60fb43e95e264,323,0xa2332e28a62bf41d3b0628a1121530ec2834d28e,0.0,0.0,104925.89963,0,1,1704905453
2024-01-04,0x4cc2fefb2635c86b1bae1b58e0f60fb43e95e264,329,0xac46dac5c58bf33a216a0b756bfb9b3d86407f97,0.0,0.0,93832.866677,0,1,1704912633
2024-01-04,0x4cc2fefb2635c86b1bae1b58e0f60fb43e95e264,362,0x5929cc4d10b6a1acc5bf5d221889f10251c628a1,30514.951209,30514.951209,0.0,1,0,1704919899
2024-01-04,0x4cc2fefb2635c86b1bae1b58e0f60fb43e95e264,414,0x0eeacd4c475040463389d15ead034d1291b008b1,32214.758847,32214.758847,0.0,1,0,1704927001
2024-01-04,0x4cc2fefb2635c86b1bae1b58e0f60fb43e95e264,441,0xdceb0bb3311342e3ce9e49f57affce9deac40ba1,14237.29876,14237.29876,0.0,1,0,1704330561
2024-01-04,0x4cc2fefb2635c86b1bae1b58e0f60fb43e95e264,497,0xc5be928c3d096969842a3524a3bfcff051d7d68e,0.0,0.0,44947.624789,0,1,1704921519
2024-01-04,0x4cc2fefb2635c86b1bae1b58e0f60fb43e95e264,504,0xcfba6d63ec822425775d3c509e60ff689c1ae1e7,11744.331485,11744.331485,11727.247434,1,1,1704906031
2024-01-04,0x4cc2fefb2635c86b1bae1b58e0f60fb43e95e264,517,0xcb926f497763ea5cf993912a442431e6a91d5a64,42537.812102,42537.812102,0.0,1,0,1704869363
2024-01-04,0x4cc2fefb2635c86b1bae1b58e0f60fb43e95e264,577,0xc2c5cae84ebde7e29c9f8c6331d2e9b8137a84e1,0.0,0.0,36984.333339,0,1,1704918905
2024-01-04,0x4cc2fefb2635c86b1bae1b58e0f60fb43e95e264,622,0x81f10d99464d604ea1e9242dc71733a506e95b4e,22062.439471,44001.761172,49363.473829,2,2,1704913165
2024-01-04,0x4cc2fefb2635c86b1bae1b58e0f60fb43e95e264,679,0x70c9fafea22acc41bda969f8ba2801af42456f51,0.0,0.0,85846.218712,0,1,1704906743
2024-01-04,0x4cc2fefb2635c86b1bae1b58e0f60fb43e95e264,764,0xdbd5d31b7f48adc13a0ab0c591f7e3d4f9642e69,24215.343853,24215.343853,24180.118673,1,1,1704914841
2024-01-04,0x4cc2fefb2635c86b1bae1b58e0f60fb43e95e264,769,0x38e76e6d3024475e2d39deb94b2797ce801381c0,0.0,0.0,23770.506211,0,1,1704604307
2024-01-04,0x4cc2fefb2635c86b1bae1b58e0f60fb43e95e264,936,0xb9878d041806f426ac56e2dcee1239802d1ca696,10932.250949,10932.250949,0.0,1,0,1704678033
2024-01-04,0x4cc2fefb2635c86b1bae1b58e0f60fb43e95e264,973,0x89468c809f87e3748488a241839b4b22bfe94bdd,0.0,0.0,15733.855151,0,1,1704819551
2024-01-04,0x4cc2fefb2635c86b1bae1b58e0f60fb43e95e264,1085,0x2e1bfb63fb937b0d8b5d48983c640677c5cd7eac,0.0,0.0,13135.562304,0,1,1704906171
2024-01-04,0x4cc2fefb2635c86b1bae1b58e0f60fb43e95e264,1141,0x3a39899dc78b7307acd83f51463c853fa79e1b09,0.0,0.0,12454.738965,0,1,1704901321
2024-01-04,0x4cc2fefb2635c86b1bae1b58e0f60fb43e95e264,1168,0xcf694b3f84cab6f9dde1450a8fbbec63e6dee384,11773.720732,11773.720732,11740.603746,1,1,1704386947
2024-01-04,0x4cc2fefb2635c86b1bae1b58e0f60fb43e95e264,1197,0x0be4eb0e89abed9f52d94f1550c22a16008cc463,5905.65175,5905.65175,0.0,1,0,1704926657
2024-01-04,0x4cc2fefb2635c86b1bae1b58e0f60fb43e95e264,1221,0x564b3a3cf630d7b3b35ae78e47feb074bce2b06e,2473.91641,2473.91641,0.0,1,0,1704744367
2024-01-04,0x4cc2fefb2635c86b1bae1b58e0f60fb43e95e264,1515,0xc648a5f8c3be02638ac47b3aec96af6b1fb9fafc,7199.239879,7199.239879,7189.448168,1,1,1704337427
2024-01-04,0x4cc2fefb2635c86b1bae1b58e0f60fb43e95e264,1541,0x24c93a9c54564bf70992f49a774e39385210688b,7391.013344,7391.013344,0.0,1,0,1704927041
2024-01-04,0x4cc2fefb2635c86b1bae1b58e0f60fb43e95e264,2711,0x18c6a47aca1c6a237e53ed2fc3a8fb392c97169b,1468.519387,1468.519387,2196.583129,1,1,1704739507
2024-01-04,0x4cc2fefb2635c86b1bae1b58e0f60fb43e95e264,2714,0xf059b59bdbec91d83c558b4a3cd3c1c6e275f2f1,4669.902386,4669.902386,4621.362644,1,1,1704906927
2024-01-04,0x4cc2fefb2635c86b1bae1b58e0f60fb43e95e264,2769,0x96051588ee65acde2453e972e1120cf6b2f4651d,2671.990207,2671.990207,0.0,1,0,1704837711
2024-01-04,0x4cc2fefb2635c86b1bae1b58e0f60fb43e95e264,3127,0x8bb89c74736017e0d1102ed65d49be9cb6b3cc48,1761.929907,1761.929907,1761.929907,1,1,1704891729
2024-01-04,0x4cc2fefb2635c86b1bae1b58e0f60fb43e95e264,3180,0x943980b467fe194beb923daf7a544abce90b5f93,0.0,0.0,1707.839738,0,1,1704914327
2024-01-04,0x4cc2fefb2635c86b1bae1b58e0f60fb43e95e264,4414,0x39afe2176de832be2a5164e5fc91e27d1355c88d,0.0,0.0,558.055009,0,1,1704774575
2024-01-04,0x4cc2fefb2635c86b1bae1b58e0f60fb43e95e264,4990,0x3a2acc5f5cfc976eb517008fec19a506501b3130,22260.340627,22260.340627,22227.95932,1,1,1704927563
2024-01-04,0x4cc2fefb2635c86b1bae1b58e0f60fb43e95e264,5056,0x7e5c1a665bfd595a8de3ac91dabb37a65db04096,1700.573625,1700.573625,0.0,1,0,1704557669
2024-01-04,0x4cc2fefb2635c86b1bae1b58e0f60fb43e95e264,6005,0x2ebd5817147aca120f8a261b92e3957af93afb9b,0.0,0.0,356.38977,0,1,1704907621
2024-01-04,0x4cc2fefb2635c86b1bae1b58e0f60fb43e95e264,6277,0x6c9258895ffbe2178b3edefe09af304a1e99bf2f,0.0,0.0,350.522226,0,1,1704907539
2024-01-04,0x4cc2fefb2635c86b1bae1b58e0f60fb43e95e264,7128,0x0f45156f109e474295913d78036fa213b1745d5a,152110.744018,152110.744018,30503.865436,1,1,1704774765
2024-01-04,0x4cc2fefb2635c86b1bae1b58e0f60fb43e95e264,7136,0xd87ecc6c74f486b044824a222326a96f696fcfa2,120853.850199,120853.850199,24235.428443,1,1,1704775207
2024-01-04,0x4cc2fefb2635c86b1bae1b58e0f60fb43e95e264,8350,0x0f45156f109e474295913d78036fa213b1745d5a,77226.869975,77226.869975,15483.463632,1,1,1704774727
2024-01-04,0x4cc2fefb2635c86b1bae1b58e0f60fb43e95e264,8467,0xd87ecc6c74f486b044824a222326a96f696fcfa2,176964.248796,176964.248796,35479.819169,1,1,1704775251
2024-01-04,0x4cc2fefb2635c86b1bae1b58e0f60fb43e95e264,9372,0x6a2064a87f83aee30a9331c680763ed7d473ae23,0.0,0.0,144105.699608,0,1,1704559851
2024-01-04,0x4cc2fefb2635c86b1bae1b58e0f60fb43e95e264,9374,0x6a2064a87f83aee30a9331c680763ed7d473ae23,0.0,0.0,100998.135187,0,1,1704559941
2024-01-04,0x4cc2fefb2635c86b1bae1b58e0f60fb43e95e264,9629,0x0f45156f109e474295913d78036fa213b1745d5a,321775.29355,321775.29355,64503.647538,1,1,1704774695
2024-01-04,0x4cc2fefb2635c86b1bae1b58e0f60fb43e95e264,9631,0xd87ecc6c74f486b044824a222326a96f696fcfa2,382217.965329,382217.965329,76619.498754,1,1,1704775309
2024-01-04,0x4cc2fefb2635c86b1bae1b58e0f60fb43e95e264,9707,0x60034a6d90f54d3bbc3188033fd08b1a146802ba,641.067189,641.067189,641.067189,1,1,1704905041
2024-01-04,0x4cc2fefb2635c86b1bae1b58e0f60fb43e95e264,9946,0x1151ce76cca782a19f751925ef383ed744533663,15520.3378,30917.275659,30793.875717,2,2,1704419203
2024-01-04,0x4cc2fefb2635c86b1bae1b58e0f60fb43e95e264,9985,0x6a2064a87f83aee30a9331c680763ed7d473ae23,0.0,0.0,32808.792083,0,1,1704558217
2024-01-04,0x4cc2fefb2635c86b1bae1b58e0f60fb43e95e264,10294,0x48a6a8d403a58eccc70d4d57347f801d4e182564,500728.391362,500728.391362,1999999.999661,1,1,1704913363
2024-01-04,0x4cc2fefb2635c86b1bae1b58e0f60fb43e95e264,10295,0xc875b3dae5b0c371bc8cf9ded64868b78ac47587,366168.597378,366168.597378,499999.994113,1,1,1704913979
2024-01-04,0x4cc2fefb2635c86b1bae1b58e0f60fb43e95e264,10296,0x03c70563e94de5de56c11a0cc4ce3482f592854f,636467.023215,636467.023215,846464.231752,1,1,1704929195
2024-01-04,0x4cc2fefb2635c86b1bae1b58e0f60fb43e95e264,10298,0xc9814f18a8751214f719de15c54d01b3d78ef14f,121080.710704,121080.710704,0.0,1,0,1704929143
2024-01-04,0x4cc2fefb2635c86b1bae1b58e0f60fb43e95e264,10458,0xd87ecc6c74f486b044824a222326a96f696fcfa2,27977.883779,27977.883779,5065.089045,1,1,1704775379
2024-01-04,0x4cc2fefb2635c86b1bae1b58e0f60fb43e95e264,10459,0x0f45156f109e474295913d78036fa213b1745d5a,16767.534656,16767.534656,3105.42254,1,1,1704774667
2024-01-04,0x4f9dc2229f2357b27c22db56cb39582c854ad6d5,6,0x28aa4f9ffe21365473b64c161b566c3cdead0108,2768449.117564,2768449.117564,2369504.533215,1,1,1704861071
2024-01-04,0x4f9dc2229f2357b27c22db56cb39582c854ad6d5,534,0x5bf2b6b176b98d20eace5d996568f4f1e69cff24,41349.454763,41349.454763,0.0,1,0,1704540495
2024-01-04,0x4f9dc2229f2357b27c22db56cb39582c854ad6d5,1855,0xbfad818edb25dc4eebac8cc44a7533be4652ad6c,1655.746072,1655.746072,0.0,1,0,1704524933
2024-01-04,0x4f9dc2229f2357b27c22db56cb39582c854ad6d5,2164,0x001b71fad769b3cd47fd4c9849c704fdfabf6096,21571.540051,21571.540051,17724.433297,1,1,1704906107
2024-01-04,0x4f9dc2229f2357b27c22db56cb39582c854ad6d5,2905,0xb13d1b60c8b3eecbc67048efdabf07c6349ba917,2195.571377,2195.571377,0.0,1,0,1704907177
2024-01-04,0x4f9dc2229f2357b27c22db56cb39582c854ad6d5,3327,0x08928dcb5bd0b58f8de51921eaade7da8146d259,0.0,0.0,1552.149079,0,1,1704510029
2024-01-04,0x4f9dc2229f2357b27c22db56cb39582c854ad6d5,3561,0xfb60594e45cfb9a5e823fd991cbd2caca82a1e77,0.0,0.0,2603.108377,0,1,1704356453
2024-01-04,0x4f9dc2229f2357b27c22db56cb39582c854ad6d5,4611,0xf88c5c03aab1070412dba46c92cee0ae6b9a5443,477.267445,477.267445,477.267445,1,1,1704361137
2024-01-04,0x4f9dc2229f2357b27c22db56cb39582c854ad6d5,4894,0x54d8e8fb753cabb05600b8a04e536def9f42e3d6,66.168017,66.168017,66.168017,1,1,1704372363
2024-01-04,0x4f9dc2229f2357b27c22db56cb39582c854ad6d5,5674,0xa8621894ca5ab12391c3b387cb2a238a93e238a3,0.0,0.0,1645.54929,0,1,1704524805
2024-01-04,0x4f9dc2229f2357b27c22db56cb39582c854ad6d5,6569,0xdfcfa08f40e84ba07056f4340a06b3282eb895fe,718.794467,718.794467,721.654533,1,1,1704363879
2024-01-04,0x4f9dc2229f2357b27c22db56cb39582c854ad6d5,6806,0x16c5d7862f5e42b578c5b86bdf1f3887fdc0f412,1631.505815,1631.505815,0.0,1,0,1704828471
2024-01-04,0x4f9dc2229f2357b27c22db56cb39582c854ad6d5,7152,0xb75d6fe6723290677a4f7141307e3ff6d7509711,463.599669,463.599669,0.0,1,0,1704820419
2024-01-04,0x4f9dc2229f2357b27c22db56cb39582c854ad6d5,9360,0x5b3067c5e26fec823d6fbf8f315e43632658d2f6,0.0,0.0,3881.43293,0,1,1704890869
2024-01-04,0x554eca2a48136724294ce47fb7bfe9aadfcee3c6,74,0x9c0d72f2ac26420cb7eeb155bf401b672840e87b,0.0,0.0,477052.85416,0,1,1704883415
2024-01-04,0x554eca2a48136724294ce47fb7bfe9aadfcee3c6,343,0xb1d47d39c3bb868e5e4be068b7057d4caad0b31c,0.0,0.0,43771.192134,0,1,1704926809
2024-01-04,0x554eca2a48136724294ce47fb7bfe9aadfcee3c6,392,0xa12eec92d8c155c8ea9159cb87da4e062bf9992d,0.0,0.0,103712.280638,0,1,1704839389
2024-01-04,0x554eca2a48136724294ce47fb7bfe9aadfcee3c6,417,0xbe93d14c5defb8f41af8fb092f58e3c71c712b85,0.0,0.0,30743.103466,0,1,1704410291
2024-01-04,0x554eca2a48136724294ce47fb7bfe9aadfcee3c6,441,0xdceb0bb3311342e3ce9e49f57affce9deac40ba1,0.0,0.0,14216.58828,0,1,1704330561
2024-01-04,0x554eca2a48136724294ce47fb7bfe9aadfcee3c6,446,0xb760c246db7eee48169c729d0394a7773be6a376,0.0,0.0,53589.882302,0,1,1704897733
2024-01-04,0x554eca2a48136724294ce47fb7bfe9aadfcee3c6,517,0xcb926f497763ea5cf993912a442431e6a91d5a64,0.0,0.0,42537.812102,0,1,1704869363
2024-01-04,0x554eca2a48136724294ce47fb7bfe9aadfcee3c6,551,0xdde346eaecec99ff62b8454fbd721593d40e2fbc,20758.621147,20758.621147,10364.212168,1,1,1704353343
2024-01-04,0x554eca2a48136724294ce47fb7bfe9aadfcee3c6,575,0x94587a95917188b338c822de2d1e77074131589f,0.0,0.0,9446.294342,0,1,1704331023
2024-01-04,0x554eca2a48136724294ce47fb7bfe9aadfcee3c6,588,0x37df0e34dc942d2ab60206748fb101fa51fd7992,0.0,0.0,36833.599194,0,1,1704909833
2024-01-04,0x554eca2a48136724294ce47fb7bfe9aadfcee3c6,597,0x1ce0c2b445c8e87ea4c40b6e721d9a39b09f6459,0.0,0.0,18235.925076,0,1,1704922275
2024-01-04,0x554eca2a48136724294ce47fb7bfe9aadfcee3c6,642,0xf1b0e78a2bc422df50ec9ee4c324895c9b79f80a,0.0,0.0,40976.043858,0,1,1704557537
2024-01-04,0x554eca2a48136724294ce47fb7bfe9aadfcee3c6,691,0x2159e8d5566369ddb67bbfc6b288ed5591d34235,0.0,0.0,28356.945895,0,1,1704914757
2024-01-04,0x554eca2a48136724294ce47fb7bfe9aadfcee3c6,694,0xbfc4fbbec37c291aed1d14f02b5221d0be0fe8f1,0.0,0.0,7126.777187,0,1,1704894615
2024-01-04,0x554eca2a48136724294ce47fb7bfe9aadfcee3c6,723,0x65268d4fb73544b6056fa4f4bf20fc90e0b12a80,0.0,0.0,32913.41758,0,1,1704646791
2024-01-04,0x554eca2a48136724294ce47fb7bfe9aadfcee3c6,841,0x87cd8b143992d6bbafb4701e8c463df59d787568,0.0,0.0,20327.490075,0,1,1704895213
2024-01-04,0x554eca2a48136724294ce47fb7bfe9aadfcee3c6,1142,0x88afc9ea8dd40c6b4478532846d87ef614e0057d,0.0,0.0,12039.867736,0,1,1704860761
2024-01-04,0x554eca2a48136724294ce47fb7bfe9aadfcee3c6,1197,0x0be4eb0e89abed9f52d94f1550c22a16008cc463,0.0,0.0,3528.879285,0,1,1704926657
2024-01-04,0x554eca2a48136724294ce47fb7bfe9aadfcee3c6,1221,0x564b3a3cf630d7b3b35ae78e47feb074bce2b06e,2473.91641,2473.91641,4976.280781,1,1,1704744367
2024-01-04,0x554eca2a48136724294ce47fb7bfe9aadfcee3c6,1242,0xa82e10f6120aa01b95474bbba71cf9649492c05a,10347.662609,10347.662609,10347.662609,1,1,1704730209
2024-01-04,0x554eca2a48136724294ce47fb7bfe9aadfcee3c6,1285,0x081223c2cea1d7288f42276cc519346019b3c479,9784.13335,9784.13335,9659.801836,1,1,1704506677
2024-01-04,0x554eca2a48136724294ce47fb7bfe9aadfcee3c6,1295,0x4334703b0b74e2045926f82f4158a103fce1df4f,9540.839838,9540.839838,9540.839838,1,1,1704883581
2024-01-04,0x554eca2a48136724294ce47fb7bfe9aadfcee3c6,1477,0x8d6849ec89dcd00ae44cdf65f1a1ab829168f121,0.0,0.0,7544.60169,0,1,1704351787
2024-01-04,0x554eca2a48136724294ce47fb7bfe9aadfcee3c6,1490,0x60a627b29d8038e7f34b351cd340b7a41b036720,7504.931871,7504.931871,7494.01472,1,1,1704330189
2024-01-04,0x554eca2a48136724294ce47fb7bfe9aadfcee3c6,1660,0xaa62cf7caaf0c7e50deaa9d5d0b907472f00b258,6244.363155,6244.363155,6235.279708,1,1,1704472837
2024-01-04,0x554eca2a48136724294ce47fb7bfe9aadfcee3c6,2307,0x49072cd3bf4153da87d5eb30719bb32bda60884b,0.0,0.0,3716.935233,0,1,1704727979
2024-01-04,0x554eca2a48136724294ce47fb7bfe9aadfcee3c6,2512,0x66911f0d4c73a9189ed29ecafc1514236f51dd45,0.0,0.0,3794.137751,0,1,1704398419
2024-01-04,0x554eca2a48136724294ce47fb7bfe9aadfcee3c6,2632,0x5449f6df38d7d6f2fb8ccea1f3f9f87418e8a174,1545.071985,1545.071985,1542.824425,1,1,1704363981
2024-01-04,0x554eca2a48136724294ce47fb7bfe9aadfcee3c6,2637,0x72fc2f0cceec498ee01ab302b62cb6f78ac36bee,0.0,0.0,3128.985911,0,1,1704409753
2024-01-04,0x554eca2a48136724294ce47fb7bfe9aadfcee3c6,3087,0xa3ad5cfb4ff4b68e37a338da200ba441c1850b5b,0.0,0.0,1820.792687,0,1,1704379933
2024-01-04,0x554eca2a48136724294ce47fb7bfe9aadfcee3c6,3187,0x9a86fdd83709649801d9daa57e12df0ad81223ff,1700.495489,1700.495489,1700.495489,1,1,1704385987
2024-01-04,0x554eca2a48136724294ce47fb7bfe9aadfcee3c6,3362,0x7ffbeb62cf6e5e53f898ba52d66d29ca3b2851fd,0.0,0.0,24135.24533,0,1,1704926515
2024-01-04,0x554eca2a48136724294ce47fb7bfe9aadfcee3c6,3451,0xf3284a18b5baafcffe6e0635f5452f7f5a2a7da4,1369.65071,1369.65071,1369.65071,1,1,1704593885
2024-01-04,0x554eca2a48136724294ce47fb7bfe9aadfcee3c6,4033,0xced29ba48490c51e4348e654c313ac97762beccc,0.0,0.0,330.357492,0,1,1704400567
2024-01-04,0x554eca2a48136724294ce47fb7bfe9aadfcee3c6,4164,0x9bd11e9313f61b2aed601eb9d8271c3230752e7e,0.0,0.0,6492.427695,0,1,1704769273
2024-01-04,0x554eca2a48136724294ce47fb7bfe9aadfcee3c6,4670,0xe85dbb09a699c0543c363c3f6e51ef0049e3edc5,0.0,0.0,454.660111,0,1,1704560645
2024-01-04,0x554eca2a48136724294ce47fb7bfe9aadfcee3c6,5056,0x7e5c1a665bfd595a8de3ac91dabb37a65db04096,0.0,0.0,1692.813585,0,1,1704557563
2024-01-04,0x554eca2a48136724294ce47fb7bfe9aadfcee3c6,5432,0x4a40eb870dcf533d4dc097c3d87aafe9f64490a1,0.0,0.0,378.610838,0,1,1704416039
2024-01-04,0x554eca2a48136724294ce47fb7bfe9aadfcee3c6,5778,0x23acf6ba6406f78f3c8fdaff7b906ac2b25585bc,382.394373,382.394373,377.613169,1,1,1704629369
2024-01-04,0x554eca2a48136724294ce47fb7bfe9aadfcee3c6,5892,0x0c3ef07338d82406f4e49bcb6df157b94a3dcd38,0.0,0.0,360.102367,0,1,1704335865
2024-01-04,0x554eca2a48136724294ce47fb7bfe9aadfcee3c6,6678,0xbfd53e1ffac52f2055fb533ff847dae4906f8fea,0.0,0.0,46.435637,0,1,1704481999
2024-01-04,0x554eca2a48136724294ce47fb7bfe9aadfcee3c6,6681,0x55fa88037a255be3e1c1607fe2cf7a622be5c41d,0.0,0.0,46.422773,0,1,1704483735
2024-01-04,0x554eca2a48136724294ce47fb7bfe9aadfcee3c6,6682,0xc88d6999c4c91c11f08dc41012a0ce6573a0ed48,0.0,0.0,46.490234,0,1,1704484199
2024-01-04,0x554eca2a48136724294ce47fb7bfe9aadfcee3c6,6718,0x2971c6868ad10508a9a5a06591a6c25df5c84bde,0.0,0.0,51.408641,0,1,1704484345
2024-01-04,0x554eca2a48136724294ce47fb7bfe9aadfcee3c6,6724,0x16aa28569ed5b88b76b67249e3381bec7efe6eff,0.0,0.0,51.317288,0,1,1704488417
2024-01-04,0x554eca2a48136724294ce47fb7bfe9aadfcee3c6,6730,0xc40d30d5e72308d83252609a42fe758ae3289b55,0.0,0.0,51.46366,0,1,1704487951
2024-01-04,0x554eca2a48136724294ce47fb7bfe9aadfcee3c6,6965,0x0eb036276f40f1f0b98000de40f7e193f02a3178,0.0,0.0,10.222849,0,1,1704872035
2024-01-04,0x554eca2a48136724294ce47fb7bfe9aadfcee3c6,7200,0x081223c2cea1d7288f42276cc519346019b3c479,508.513939,973.460569,965.911016,2,2,1704507249
2024-01-04,0x554eca2a48136724294ce47fb7bfe9aadfcee3c6,7226,0xa502107ce1393d37ba9e74cfbc70235eb9e8d028,1098.65121,1098.65121,1025.622831,1,1,1704733083
2024-01-04,0x554eca2a48136724294ce47fb7bfe9aadfcee3c6,7551,0x9bd11e9313f61b2aed601eb9d8271c3230752e7e,0.0,0.0,327.797713,0,1,1704769325
2024-01-04,0x554eca2a48136724294ce47fb7bfe9aadfcee3c6,7844,0x4dccb4444a0a804b778ddac22dc21b4fd0fe1a0d,0.0,0.0,4.827035,0,1,1704885359
2024-01-04,0x554eca2a48136724294ce47fb7bfe9aadfcee3c6,9493,0x0ba892e34ea9f88ee54928f4f5f4d41f79c705b1,0.0,0.0,2888.144478,0,1,1704444447
2024-01-04,0x554eca2a48136724294ce47fb7bfe9aadfcee3c6,9759,0xc315f794b2b2f988d15feaa380f0b36f1842a806,0.0,0.0,6894.416443,0,1,1704382933
2024-01-04,0x554eca2a48136724294ce47fb7bfe9aadfcee3c6,9782,0x8803d1575831c7565839d11a622b6fcd9e14fcfc,0.0,0.0,125.904636,0,1,1704441909
2024-01-04,0x554eca2a48136724294ce47fb7bfe9aadfcee3c6,9868,0xa7628b9c9586ff879b77a2c90c54aa3c813093b8,0.0,0.0,518.958124,0,1,1704838655
2024-01-04,0x554eca2a48136724294ce47fb7bfe9aadfcee3c6,10066,0x629cbcaaae418da37f4ed34f13637f809f75278b,0.0,0.0,3909.259291,0,1,1704343551
2024-01-04,0x554eca2a48136724294ce47fb7bfe9aadfcee3c6,10067,0x629cbcaaae418da37f4ed34f13637f809f75278b,0.0,0.0,707.343601,0,1,1704343569
2024-01-04,0x554eca2a48136724294ce47fb7bfe9aadfcee3c6,10538,0xc315f794b2b2f988d15feaa380f0b36f1842a806,0.0,0.0,920.0,0,1,1704382951
2024-01-04,0x5bfb340fa9305abb164fb0248d0d82fc3d82c3bb,21,0x4444aaaacdba5580282365e25b16309bd770ce4a,307682.218755,307682.218755,0.0,1,0,1704913079
2024-01-04,0x5bfb340fa9305abb164fb0248d0d82fc3d82c3bb,139,0xa04275c10f39e8675a34e147e2ef78d35129f2b6,135485.39206,135485.39206,0.0,1,0,1704897857
2024-01-04,0x5bfb340fa9305abb164fb0248d0d82fc3d82c3bb,151,0x5275817b74021e97c980e95ede6bbac0d0d6f3a2,81528.754911,81528.754911,0.0,1,0,1704905469
2024-01-04,0x5bfb340fa9305abb164fb0248d0d82fc3d82c3bb,174,0x83bad39f067ef72e354f2ea9d318eaad381a7f15,13184.079836,13184.079836,0.0,1,0,1704902455
2024-01-04,0x5bfb340fa9305abb164fb0248d0d82fc3d82c3bb,400,0x1b08bc49accb4fb813bc9cb7f3a1f7f93510010e,65922.101952,65922.101952,0.0,1,0,1704801049
2024-01-04,0x5bfb340fa9305abb164fb0248d0d82fc3d82c3bb,440,0x510b0068c0756bbefcbaffb6567e467d661291fe,55075.185317,55075.185317,0.0,1,0,1704800263
2024-01-04,0x5bfb340fa9305abb164fb0248d0d82fc3d82c3bb,474,0x115d0d8822efc9607c52b04628098b48970b993b,50078.017294,50078.017294,0.0,1,0,1704909161
2024-01-04,0x5bfb340fa9305abb164fb0248d0d82fc3d82c3bb,502,0x66f920658396f4c3642a32f6b5d5b65c3d6349db,27243.264382,27243.264382,0.0,1,0,1704906775
2024-01-04,0x5bfb340fa9305abb164fb0248d0d82fc3d82c3bb,583,0xd8a30dbb3b8b204b6d8bb800d0f2865d07dc904c,9311.293608,9311.293608,0.0,1,0,1704808189
2024-01-04,0x5bfb340fa9305abb164fb0248d0d82fc3d82c3bb,606,0x27f33f5af3125c7488051134872e6e7a3c5a644a,35732.071726,35732.071726,0.0,1,0,1704896883
2024-01-04,0x5bfb340fa9305abb164fb0248d0d82fc3d82c3bb,682,0x510bd1a857df836c2ad57aa3a6fae396e011d958,29418.849654,29418.849654,0.0,1,0,1704800111
2024-01-04,0x5bfb340fa9305abb164fb0248d0d82fc3d82c3bb,694,0xbfc4fbbec37c291aed1d14f02b5221d0be0fe8f1,14274.318707,14274.318707,0.0,1,0,1704894615
2024-01-04,0x5bfb340fa9305abb164fb0248d0d82fc3d82c3bb,841,0x87cd8b143992d6bbafb4701e8c463df59d787568,20561.364667,20561.364667,0.0,1,0,1704895213
2024-01-04,0x5bfb340fa9305abb164fb0248d0d82fc3d82c3bb,858,0x9d068c281afa4f518e2393702adff6b4f22c1156,49692.040974,49692.040974,0.0,1,0,1704897253
2024-01-04,0x5bfb340fa9305abb164fb0248d0d82fc3d82c3bb,913,0xe1dbf93df16ecf805fb053d53b7a6e3214c4a09d,0.0,0.0,17250.198647,0,1,1704926905
2024-01-04,0x5bfb340fa9305abb164fb0248d0d82fc3d82c3bb,919,0x9ae07f4f2a9498ea935f6871725cf596820e7e7f,0.0,0.0,17119.584692,0,1,1704926787
2024-01-04,0x5bfb340fa9305abb164fb0248d0d82fc3d82c3bb,964,0xf06b0077dfedd43f91c752f568af4b4b78a1e51b,0.0,0.0,15925.04932,0,1,1704926853
2024-01-04,0x5bfb340fa9305abb164fb0248d0d82fc3d82c3bb,1005,0xceeeb61e596f0bae44b791f3f1655501df7fa045,7822.304179,7822.304179,0.0,1,0,1704896461
2024-01-04,0x5bfb340fa9305abb164fb0248d0d82fc3d82c3bb,1006,0x806388e04b7583a0148451a8ecd29a748b8fd584,15048.020283,15048.020283,0.0,1,0,1704763017
2024-01-04,0x5bfb340fa9305abb164fb0248d0d82fc3d82c3bb,1018,0x1b7ea7d42c476a1e2808f23e18d850c5a4692df7,14782.539067,14782.539067,0.0,1,0,1704799469
2024-01-04,0x5bfb340fa9305abb164fb0248d0d82fc3d82c3bb,1104,0xe8fef7bf385e911bcd537992c35f895b4304d49b,12973.615648,12973.615648,0.0,1,0,1704892147
2024-01-04,0x5bfb340fa9305abb164fb0248d0d82fc3d82c3bb,1137,0x40f3e010538edf80ea510cf6409b04ab889330b6,12245.056806,12245.056806,0.0,1,0,1704854123
2024-01-04,0x5bfb340fa9305abb164fb0248d0d82fc3d82c3bb,1142,0x88afc9ea8dd40c6b4478532846d87ef614e0057d,12039.867736,12039.867736,0.0,1,0,1704860761
2024-01-04,0x5bfb340fa9305abb164fb0248d0d82fc3d82c3bb,1243,0xe8b2c24038079bb624010ca7185d5cdfb716320e,108071.3796,108071.3796,0.0,1,0,1704867689
2024-01-04,0x5bfb340fa9305abb164fb0248d0d82fc3d82c3bb,1367,0xcce0a627557f2b9af402607e5342ba15ad5f0053,8691.707583,8691.707583,0.0,1,0,1704887343
2024-01-04,0x5bfb340fa9305abb164fb0248d0d82fc3d82c3bb,1400,0x9afde32e2b7065514cb899a0de8e79d6c83874c0,8394.326909,8394.326909,0.0,1,0,1704857963
2024-01-04,0x5bfb340fa9305abb164fb0248d0d82fc3d82c3bb,1457,0x26b5e14dbf21bfb62bff869f5f4bce8dbddbcfca,0.0,0.0,3880.463419,0,1,1704460319
2024-01-04,0x5bfb340fa9305abb164fb0248d0d82fc3d82c3bb,1473,0xb0720a40d6335df0ac90ff9e4b755217632ca78c,3846.781933,3846.781933,0.0,1,0,1704876957
2024-01-04,0x5bfb340fa9305abb164fb0248d0d82fc3d82c3bb,1521,0xdd84ce1adcb3a4908db61a1dfa3353c3974c5a2b,1797.876182,1797.876182,0.0,1,0,1704693989
2024-01-04,0x5bfb340fa9305abb164fb0248d0d82fc3d82c3bb,1581,0xce06012ccf4b9648710b6d624c09e11cb780e93c,6737.560172,6737.560172,0.0,1,0,1704885115
2024-01-04,0x5bfb340fa9305abb164fb0248d0d82fc3d82c3bb,1585,0x6f7e3d13f1dc8077892749322eeb8b39ff7b0917,6641.314578,6641.314578,0.0,1,0,1704885237
2024-01-04,0x5bfb340fa9305abb164fb0248d0d82fc3d82c3bb,1679,0x018439894b681cc2aaddb613a425a1cfa6e59c29,6144.963979,6144.963979,0.0,1,0,1704779481
2024-01-04,0x5bfb340fa9305abb164fb0248d0d82fc3d82c3bb,1760,0x17b7afbe43503813e525be9dee970d6faff75633,5404.058791,5404.058791,0.0,1,0,1704804607
2024-01-04,0x5bfb340fa9305abb164fb0248d0d82fc3d82c3bb,1836,0x11add7af96d6f94bad07e338e9a4ca5dc0f94d4f,4927.959923,4927.959923,0.0,1,0,1704862051
2024-01-04,0x5bfb340fa9305abb164fb0248d0d82fc3d82c3bb,2173,0x8770dbd97a61c39a7c4c5ed256076135d64a242a,3844.423892,3844.423892,0.0,1,0,1704897537
2024-01-04,0x5bfb340fa9305abb164fb0248d0d82fc3d82c3bb,2276,0x53a385d47d3a011539ec377f53acb410f53ff97d,1291.493489,1291.493489,0.0,1,0,1704897357
2024-01-04,0x5bfb340fa9305abb164fb0248d0d82fc3d82c3bb,2298,0x1395de9daec52ad405e945603ea0a9346d00d01c,3572.542727,3572.542727,0.0,1,0,1704852735
2024-01-04,0x5bfb340fa9305abb164fb0248d0d82fc3d82c3bb,2405,0x3ee5a77e6d176f42eaf653d9f49fcb8adabbb6fc,3370.15147,3370.15147,0.0,1,0,1704885345
2024-01-04,0x5bfb340fa9305abb164fb0248d0d82fc3d82c3bb,2408,0x4a23bccf39a5ca0e3cfdd67d74cba3f380eca38f,3363.330351,3363.330351,0.0,1,0,1704885491
2024-01-04,0x5bfb340fa9305abb164fb0248d0d82fc3d82c3bb,2440,0xb77720da0d7b6cd67ada573f3acec25b89b889b4,0.0,0.0,3353.062865,0,1,1704735181
2024-01-04,0x5bfb340fa9305abb164fb0248d0d82fc3d82c3bb,2596,0x261e1f4667e750b2f3895b2c0c9a4ddadfed5835,16202.848464,16202.848464,0.0,1,0,1704899859
2024-01-04,0x5bfb340fa9305abb164fb0248d0d82fc3d82c3bb,2684,0x2d6b114c77f3355f204c37f657c680157e85dfa5,3007.597074,3007.597074,0.0,1,0,1704804781
2024-01-04,0x5bfb340fa9305abb164fb0248d0d82fc3d82c3bb,2731,0xd511a8d9448dc95e774000dcc342207144aa9377,1400.313,1400.313,0.0,1,0,1704868345
2024-01-04,0x5bfb340fa9305abb164fb0248d0d82fc3d82c3bb,2777,0x00b51820a9d027fb2de9eb58d898db0179ead8b4,2630.248147,2630.248147,0.0,1,0,1704819281
2024-01-04,0x5bfb340fa9305abb164fb0248d0d82fc3d82c3bb,2862,0xdb5b154d5bffdf6854c72f7dd06f446d3f8d8408,1132.714045,1132.714045,0.0,1,0,1704906223
2024-01-04,0x5bfb340fa9305abb164fb0248d0d82fc3d82c3bb,3037,0x74887f105a8e96c3457e5fbd5fc999f22cb7a998,2279.337912,2279.337912,0.0,1,0,1704898833
2024-01-04,0x5bfb340fa9305abb164fb0248d0d82fc3d82c3bb,3208,0x47045d1ee924ad6ff890ce8b52d6c1f08ad42235,1692.348969,1692.348969,0.0,1,0,1704823453
2024-01-04,0x5bfb340fa9305abb164fb0248d0d82fc3d82c3bb,3772,0x062bcf5e546b235953576763658936f9e9f38327,1034.071346,1034.071346,0.0,1,0,1704763711
2024-01-04,0x5bfb340fa9305abb164fb0248d0d82fc3d82c3bb,3927,0x13b4ffd03e9093465c9dfed09227b6232a823a9b,895.559001,895.559001,0.0,1,0,1704813645
2024-01-04,0x5bfb340fa9305abb164fb0248d0d82fc3d82c3bb,4007,0x04240b04687d301ad728d0d98340043c674db333,812.521041,812.521041,0.0,1,0,1704872739
2024-01-04,0x5bfb340fa9305abb164fb0248d0d82fc3d82c3bb,4107,0xa8293dd8eb52564a35b8357a539146321b934153,739.93106,739.93106,0.0,1,0,1704892997
2024-01-04,0x5bfb340fa9305abb164fb0248d0d82fc3d82c3bb,4164,0x9bd11e9313f61b2aed601eb9d8271c3230752e7e,9604.159312,16096.587007,6492.427695,2,1,1704851631
2024-01-04,0x5bfb340fa9305abb164fb0248d0d82fc3d82c3bb,4313,0x7bb9dccc97052ddef05141897fe8313fd4ad0418,615.267271,615.267271,0.0,1,0,1704892189
2024-01-04,0x5bfb340fa9305abb164fb0248d0d82fc3d82c3bb,4428,0x39f6b2d21a5f93291fba2eb2cc1e435d21bcbc89,546.821432,546.821432,0.0,1,0,1704880841
2024-01-04,0x5bfb340fa9305abb164fb0248d0d82fc3d82c3bb,4482,0xfc427d3112ccef24dce7fda59238aceca2b8105a,576.23927,576.23927,0.0,1,0,1704795653
2024-01-04,0x5bfb340fa9305abb164fb0248d0d82fc3d82c3bb,4605,0xc4da6319585ff59912013338108ca895e48ac733,475.968147,475.968147,0.0,1,0,1704768603
2024-01-04,0x5bfb340fa9305abb164fb0248d0d82fc3d82c3bb,5031,0xacda6f48036d4a4128830eaee9ad4a3a870b02fe,421.472824,421.472824,0.0,1,0,1704804539
2024-01-04,0x5bfb340fa9305abb164fb0248d0d82fc3d82c3bb,5282,0x9b6d3f6fc8e477dd7bb6f177f1321cdbda13984f,382.27425,382.27425,0.0,1,0,1704853495
2024-01-04,0x5bfb340fa9305abb164fb0248d0d82fc3d82c3bb,6433,0x510bd1a857df836c2ad57aa3a6fae396e011d958,3851.860155,3851.860155,0.0,1,0,1704800163
2024-01-04,0x5bfb340fa9305abb164fb0248d0d82fc3d82c3bb,6438,0x510b0068c0756bbefcbaffb6567e467d661291fe,5766.535019,5766.535019,0.0,1,0,1704800289
2024-01-04,0x5bfb340fa9305abb164fb0248d0d82fc3d82c3bb,7152,0xb75d6fe6723290677a4f7141307e3ff6d7509711,1390.799006,1390.799006,0.0,1,0,1704820419
2024-01-04,0x5bfb340fa9305abb164fb0248d0d82fc3d82c3bb,7187,0x1b08bc49accb4fb813bc9cb7f3a1f7f93510010e,5592.671685,5592.671685,0.0,1,0,1704801091
2024-01-04,0x5bfb340fa9305abb164fb0248d0d82fc3d82c3bb,7498,0x146695f336d600e9fbc78185aa0e64104fc191f2,1366.426392,1366.426392,0.0,1,0,1704782475
2024-01-04,0x5bfb340fa9305abb164fb0248d0d82fc3d82c3bb,7551,0x9bd11e9313f61b2aed601eb9d8271c3230752e7e,325.586576,325.586576,0.0,1,0,1704769325
2024-01-04,0x5bfb340fa9305abb164fb0248d0d82fc3d82c3bb,7802,0x470d235ca1caff614abee02d98ac3aa89a6758bd,2330.312021,2330.312021,0.0,1,0,1704874543
2024-01-04,0x5bfb340fa9305abb164fb0248d0d82fc3d82c3bb,9258,0xd847fda8158b1dcada13d386b1372136724d4f3f,13587.019393,13587.019393,0.0,1,0,1704793057
2024-01-04,0x5bfb340fa9305abb164fb0248d0d82fc3d82c3bb,9394,0x941e5957eaa0bb7c83b25002fc4bb04b35ea9fdf,1377.162141,1377.162141,0.0,1,0,1704905213
2024-01-04,0x5bfb340fa9305abb164fb0248d0d82fc3d82c3bb,9407,0x6f1d6b86d4ad705385e751e6e88b0fdfdbadf298,0.0,0.0,1077487.022017,0,1,1704757621
2024-01-04,0x5bfb340fa9305abb164fb0248d0d82fc3d82c3bb,9732,0x328d75a47e07f26e1ad22ff3de08e8ba3ca190d4,60604.358861,60604.358861,0.0,1,0,1704871923
2024-01-04,0x5bfb340fa9305abb164fb0248d0d82fc3d82c3bb,9832,0xcd2a51c0e8b0fb0617ac890f5dd1ea6d26069049,661.414708,661.414708,0.0,1,0,1704851673
2024-01-04,0x5bfb340fa9305abb164fb0248d0d82fc3d82c3bb,9968,0x328d75a47e07f26e1ad22ff3de08e8ba3ca190d4,7982.77329,7982.77329,0.0,1,0,1704871951
2024-01-04,0x5bfb340fa9305abb164fb0248d0d82fc3d82c3bb,10244,0x80b9fd429f47dc6a7f02acff90a1959956a19607,1963.940988,1963.940988,0.0,1,0,1704817371
2024-01-04,0x5f43555b02507133ecd5b78218283ed849b07eac,478,0x2365887bbdb7ff611f54b380573a5055170fae7d,0.0,0.0,47196.942817,0,1,1704885955
2024-01-04,0x5f43555b02507133ecd5b78218283ed849b07eac,2184,0xcf6862511797537ebf04ea5b16e08ce1826ed413,3869.844545,3869.844545,3820.47766,1,1,1704515073
2024-01-04,0x5f43555b02507133ecd5b78218283ed849b07eac,2538,0x20c0c2c9b00eeb2513225ce2df83af0dba9b4a81,0.0,0.0,3171.059106,0,1,1704767143
2024-01-04,0x5f43555b02507133ecd5b78218283ed849b07eac,2711,0x18c6a47aca1c6a237e53ed2fc3a8fb392c97169b,0.0,0.0,732.194376,0,1,1704739507
2024-01-04,0x5f43555b02507133ecd5b78218283ed849b07eac,3061,0x5e14c52c105c036c61ac707468f462003dc17c94,0.0,0.0,1851.802348,0,1,1704892741
2024-01-04,0x5f43555b02507133ecd5b78218283ed849b07eac,4867,0x5cd565a30872b764d93bb24c4af5e982351e4725,0.0,0.0,414.727691,0,1,1704923465
2024-01-04,0x5f43555b02507133ecd5b78218283ed849b07eac,9666,0xfd2a3b06bea0655d1512d0a8752fde86793c782f,313.176321,313.176321,319.089334,1,1,1704373135
2024-01-04,0x5f45e48f9c053286ce9ca08db897f8b7eb3f7992,308,0xbf891e7efcc98a8239385d3172ba10ad593c7886,0.0,0.0,103943.907609,0,1,1704912833
2024-01-04,0x5f45e48f9c053286ce9ca08db897f8b7eb3f7992,619,0x745bb4141d5cbaa249923d8b89bcd798a75fbc89,0.0,0.0,34772.576557,0,1,1704922667
2024-01-04,0x5f45e48f9c053286ce9ca08db897f8b7eb3f7992,828,0xb5e00b32bbea4a4ecc7a28fd7f7a1248bd2822c9,0.0,0.0,20591.913574,0,1,1704890215
2024-01-04,0x5f45e48f9c053286ce9ca08db897f8b7eb3f7992,4007,0x04240b04687d301ad728d0d98340043c674db333,0.0,0.0,812.521041,0,1,1704872739
2024-01-04,0x5f45e48f9c053286ce9ca08db897f8b7eb3f7992,4064,0x8afd6322116be3bef640ba9f302430777d4d73e9,0.0,0.0,2753.642483,0,1,1704923015
2024-01-04,0x5f45e48f9c053286ce9ca08db897f8b7eb3f7992,4090,0x94824d798c4d2fd2e093ee4e0084d2f1f75f7554,0.0,0.0,1143.222319,0,1,1704491025
2024-01-04,0x5f45e48f9c053286ce9ca08db897f8b7eb3f7992,6457,0x2cac43da9303af89e6de4e197d52f1f9c3ca2936,0.0,0.0,2981.501076,0,1,1704869523
2024-01-04,0x5f45e48f9c053286ce9ca08db897f8b7eb3f7992,8733,0x84dac26765a13e7ce22dfe1001f97927d0b9634b,0.0,0.0,133.122093,0,1,1704717621
2024-01-04,0x5f45e48f9c053286ce9ca08db897f8b7eb3f7992,9694,0x97db0e57b1c315a08cc889ed405adb100d7f137d,0.0,0.0,288.043851,0,1,1704567501
2024-01-04,0x5f45e48f9c053286ce9ca08db897f8b7eb3f7992,10093,0x6581bcc4a8bb99efbb1e2b34ad042582cf598484,0.0,0.0,32.194966,0,1,1704372173
2024-01-04,0x61366a4e6b1db1b85dd701f2f4bfa275ef271197,16,0x370880694995aa8a53f71645f7bec3b0e7bb25d9,429493.273911,429493.273911,0.0,1,0,1704904721
2024-01-04,0x61366a4e6b1db1b85dd701f2f4bfa275ef271197,43,0x2ddb405238368695f34d30a80ab60c449aa5ce48,0.0,0.0,121906.301825,0,1,1704915295
2024-01-04,0x61366a4e6b1db1b85dd701f2f4bfa275ef271197,52,0x28878aec6b4209d90a40890183e3322f0ae5b2e2,272466.91242,272466.91242,272070.564722,1,1,1704918123
2024-01-04,0x61366a4e6b1db1b85dd701f2f4bfa275ef271197,53,0x1594b251df6b70ca9a01d4de0836ab4fd9811241,614160.001807,614160.001807,490613.284489,1,1,1704901557
2024-01-04,0x61366a4e6b1db1b85dd701f2f4bfa275ef271197,54,0xf265702178a66b4b7ce079fc8a1629e47cf1bcde,0.0,0.0,562600.300459,0,1,1704922797
2024-01-04,0x61366a4e6b1db1b85dd701f2f4bfa275ef271197,56,0x48a5a6a01ba89cddf97d2d552923d5a11401ed19,300803.349412,300803.349412,0.0,1,0,1704927135
2024-01-04,0x61366a4e6b1db1b85dd701f2f4bfa275ef271197,62,0xdbd5d31b7f48adc13a0ab0c591f7e3d4f9642e69,255675.773114,255675.773114,319129.813593,1,1,1704914737
2024-01-04,0x61366a4e6b1db1b85dd701f2f4bfa275ef271197,64,0xf1010ee787ee588766b441d7cc397b40ddfb17a3,0.0,0.0,294536.859252,0,1,1704917891
2024-01-04,0x61366a4e6b1db1b85dd701f2f4bfa275ef271197,67,0x8ce17ff2c7376e9adfe9c63c47a801097fa6c525,0.0,0.0,109139.793882,0,1,1704918343
2024-01-04,0x61366a4e6b1db1b85dd701f2f4bfa275ef271197,69,0xd0e72c1b2eb87e3dc0445b7f689cadcfc872b293,1147568.277098,1147568.277098,1145898.951302,1,1,1704884745
2024-01-04,0x61366a4e6b1db1b85dd701f2f4bfa275ef271197,89,0x4dacd010e15e220bc6c5c3210d166505d2b6c63a,0.0,0.0,645250.941743,0,1,1704888803
2024-01-04,0x61366a4e6b1db1b85dd701f2f4bfa275ef271197,114,0x611b0c1ed942b833c786c53883a4aa37a25602a6,70666.399605,70666.399605,47042.402511,1,1,1704898687
2024-01-04,0x61366a4e6b1db1b85dd701f2f4bfa275ef271197,123,0x3021338c74f10cef1ece6404ac1498c2559f7a5c,489516.892359,1467550.677076,1464841.504001,3,3,1704925489
2024-01-04,0x61366a4e6b1db1b85dd701f2f4bfa275ef271197,135,0x166c794d890dd91bbe71f304eca660e1c4892cbb,0.0,0.0,380051.544812,0,1,1704922941
2024-01-04,0x61366a4e6b1db1b85dd701f2f4bfa275ef271197,136,0x12c58f57177b8d5832f60cfa690770c19ac9da19,0.0,0.0,233245.979409,0,1,1704922455
2024-01-04,0x61366a4e6b1db1b85dd701f2f4bfa275ef271197,137,0xa4b6eeeb7eba0fc360a7402f2ebe90c178115e91,0.0,0.0,288282.498735,0,1,1704926497
2024-01-04,0x61366a4e6b1db1b85dd701f2f4bfa275ef271197,145,0xc5d7be4a4e5957baa078201f41d9fd5f21b91b1b,352485.004126,352485.004126,351972.257023,1,1,1704911759
2024-01-04,0x61366a4e6b1db1b85dd701f2f4bfa275ef271197,159,0x05391a4b0749c29335024f41552a56cfa6bd3883,0.0,0.0,289339.855301,0,1,1704900775
2024-01-04,0x61366a4e6b1db1b85dd701f2f4bfa275ef271197,168,0xd91432ea17a0b4ff2c28af958d4b175353c7c730,0.0,0.0,257691.869923,0,1,1704919743
2024-01-04,0x61366a4e6b1db1b85dd701f2f4bfa275ef271197,181,0xa46d9574912af2494d3f26257608243de7fe8285,0.0,0.0,227935.994072,0,1,1704901519
2024-01-04,0x61366a4e6b1db1b85dd701f2f4bfa275ef271197,188,0xa60aadf62907bf06dd714781d44bbd4c2d783259,0.0,0.0,107525.933196,0,1,1704917969
2024-01-04,0x61366a4e6b1db1b85dd701f2f4bfa275ef271197,189,0x549200c7cc0a789163db1bb80c4c4350afb897db,0.0,0.0,214870.879418,0,1,1704926189
2024-01-04,0x61366a4e6b1db1b85dd701f2f4bfa275ef271197,195,0x302757fe1990e6558e03d05036bb88c3129a22c8,0.0,0.0,62185.545278,0,1,1704901297
2024-01-04,0x61366a4e6b1db1b85dd701f2f4bfa275ef271197,200,0x84740d1658462441250885423588b6fd12314747,0.0,0.0,194578.827877,0,1,1704890667
2024-01-04,0x61366a4e6b1db1b85dd701f2f4bfa275ef271197,203,0x637fceaf3e5289d2b396b831335e7d8a180c5656,28558.924265,28558.924265,28558.924265,1,1,1704926293
2024-01-04,0x61366a4e6b1db1b85dd701f2f4bfa275ef271197,218,0xc8336b9dabbac9bfb9aa483e76fc351b13121784,0.0,0.0,174875.228145,0,1,1704926579
2024-01-04,0x61366a4e6b1db1b85dd701f2f4bfa275ef271197,238,0xb6f28ae8f31d85dc27361852b986286113bc588d,0.0,0.0,58546.070371,0,1,1704923647
2024-01-04,0x61366a4e6b1db1b85dd701f2f4bfa275ef271197,247,0xc40ebdc95e9fae4ada1a2c5093d0599afe0256bd,0.0,75243.77764,149450.266194,1,2,1704923131
2024-01-04,0x61366a4e6b1db1b85dd701f2f4bfa275ef271197,267,0x5b1c8cd6e98d8bca397fd09b0dcc9933d712ad13,0.0,0.0,59172.604936,0,1,1704920535
2024-01-04,0x61366a4e6b1db1b85dd701f2f4bfa275ef271197,269,0xb88d3ade7e4231c97038f6d82475a233772ffc25,0.0,0.0,126680.016214,0,1,1704898197
2024-01-04,0x61366a4e6b1db1b85dd701f2f4bfa275ef271197,277,0x68acb2051b73c2342be78cd1a7e5ca44483d10c5,29939.767845,29939.767845,29939.767845,1,1,1704927397
2024-01-04,0x61366a4e6b1db1b85dd701f2f4bfa275ef271197,289,0x95b05f935655c37ada2088c5767e5006f230b068,0.0,0.0,11516.741294,0,1,1704921527
2024-01-04,0x61366a4e6b1db1b85dd701f2f4bfa275ef271197,295,0xdbd5d31b7f48adc13a0ab0c591f7e3d4f9642e69,0.0,0.0,55902.895156,0,1,1704914917
2024-01-04,0x61366a4e6b1db1b85dd701f2f4bfa275ef271197,299,0x26553884cee0bb96f4ecea4de3ed52d88d3f2efc,54964.306389,54964.306389,54889.54925,1,1,1704924749
2024-01-04,0x61366a4e6b1db1b85dd701f2f4bfa275ef271197,303,0xab12253171a0d73df64b115cd43fe0a32feb9daa,0.0,0.0,26987.129202,0,1,1704898067
2024-01-04,0x61366a4e6b1db1b85dd701f2f4bfa275ef271197,316,0xa46d9574912af2494d3f26257608243de7fe8285,102436.899549,102436.899549,0.0,1,0,1704901535
2024-01-04,0x61366a4e6b1db1b85dd701f2f4bfa275ef271197,328,0x2d8ea9bcf57a8456085947ab4752f3f9104fc7db,123386.196831,123386.196831,123206.711423,1,1,1704905169
2024-01-04,0x61366a4e6b1db1b85dd701f2f4bfa275ef271197,342,0xe0c4bfa2072750ae2e18ed25b0cf8a58350dc24e,0.0,0.0,87737.888394,0,1,1704916531
2024-01-04,0x61366a4e6b1db1b85dd701f2f4bfa275ef271197,350,0x38332d808ba345953f41c71d38ca1ef79cffa5c5,20980.65865,20980.65865,0.0,1,0,1704912835
2024-01-04,0x61366a4e6b1db1b85dd701f2f4bfa275ef271197,351,0x6d71973078b858dab13bf9894c3969df6e5fced7,106307.583248,106307.583248,0.0,1,0,1704927443
2024-01-04,0x61366a4e6b1db1b85dd701f2f4bfa275ef271197,364,0xe7b27bd74f522afa05732ba82b2f46a38d4be098,39075.210209,39075.210209,39075.210209,1,1,1704904299
2024-01-04,0x61366a4e6b1db1b85dd701f2f4bfa275ef271197,387,0x314c0695273ba259bb60074f2c92c67ac7ae6d40,0.0,0.0,106794.44458,0,1,1704916003
2024-01-04,0x61366a4e6b1db1b85dd701f2f4bfa275ef271197,405,0x2f707265e61300e8290c18e38ebcbd129fb0b0f5,0.0,0.0,135189.958034,0,1,1704920441
2024-01-04,0x61366a4e6b1db1b85dd701f2f4bfa275ef271197,429,0x7798ba9512b5a684c12e31518923ea4221a41fb9,0.0,0.0,64680.045984,0,1,1704925667
2024-01-04,0x61366a4e6b1db1b85dd701f2f4bfa275ef271197,432,0x82cd1b0faa449d0562bb32072dc1e5be9c509c1d,0.0,0.0,58065.255157,0,1,1704918393
2024-01-04,0x61366a4e6b1db1b85dd701f2f4bfa275ef271197,437,0xbae3b46e29e7cfd2bba8164765d592ce9802ec70,16293.592237,16293.592237,16269.890542,1,1,1704925767
2024-01-04,0x61366a4e6b1db1b85dd701f2f4bfa275ef271197,438,0xe87c09608c6306cb72977ddf65bcbc8200cc9a96,16890.180229,16890.180229,16800.960719,1,1,1704926221
2024-01-04,0x61366a4e6b1db1b85dd701f2f4bfa275ef271197,442,0x2ad7f82d4266d47e875ae2b06322f2e008cbf5c6,70118.701763,70118.701763,70016.70264,1,1,1704906453
2024-01-04,0x61366a4e6b1db1b85dd701f2f4bfa275ef271197,457,0x2bc87addae195da271c2cb6f773cee647aeefa60,0.0,0.0,51818.540242,0,1,1704916365
2024-01-04,0x61366a4e6b1db1b85dd701f2f4bfa275ef271197,463,0x048c5753e83027bf30ef103adee49cf9612cab84,0.0,0.0,50048.609401,0,1,1704916445
2024-01-04,0x61366a4e6b1db1b85dd701f2f4bfa275ef271197,475,0xda1d9534bef3344fa5be3b644b767b349e7415c7,14172.411717,14172.411717,13858.728231,1,1,1704926539
2024-01-04,0x61366a4e6b1db1b85dd701f2f4bfa275ef271197,504,0xcfba6d63ec822425775d3c509e60ff689c1ae1e7,4697.732594,4697.732594,4690.898973,1,1,1704906031
2024-01-04,0x61366a4e6b1db1b85dd701f2f4bfa275ef271197,511,0x0349dc3629e09bb939e69b6b781e5c8b8b9ab432,0.0,0.0,42750.98889,0,1,1704914961
2024-01-04,0x61366a4e6b1db1b85dd701f2f4bfa275ef271197,519,0xa23bde7b73b4acc73918e2362e6a646761955c7c,0.0,0.0,26562.83827,0,1,1704918085
2024-01-04,0x61366a4e6b1db1b85dd701f2f4bfa275ef271197,536,0xf6ed81d5e9f61dd1ea21e96ae1d660ecc388ae4f,8165.637763,8165.637763,16307.519013,1,1,1704900951
2024-01-04,0x61366a4e6b1db1b85dd701f2f4bfa275ef271197,544,0x16b00db74167b7469dda63b674ca9a3b1b70c439,20173.805931,20173.805931,0.0,1,0,1704925085
2024-01-04,0x61366a4e6b1db1b85dd701f2f4bfa275ef271197,545,0x9770e942e19aeb9fc935980ceb5ec81c10b1d030,0.0,0.0,10062.573195,0,1,1704918903
2024-01-04,0x61366a4e6b1db1b85dd701f2f4bfa275ef271197,548,0xb82e12d1da436611c5c94d535c3a40f5fb3f35ab,0.0,0.0,13594.246799,0,1,1704916911
2024-01-04,0x61366a4e6b1db1b85dd701f2f4bfa275ef271197,551,0xdde346eaecec99ff62b8454fbd721593d40e2fbc,20758.621147,20758.621147,31092.636505,1,1,1704353343
2024-01-04,0x61366a4e6b1db1b85dd701f2f4bfa275ef271197,584,0x38e481367e0c50f4166ad2a1c9fde0e3c662cfba,0.0,0.0,37006.089684,0,1,1704884465
2024-01-04,0x61366a4e6b1db1b85dd701f2f4bfa275ef271197,604,0xf99c8873b972b4192e789f55ab954188d0d9a133,35751.286992,35751.286992,35751.286992,1,1,1704902475
2024-01-04,0x61366a4e6b1db1b85dd701f2f4bfa275ef271197,622,0x81f10d99464d604ea1e9242dc71733a506e95b4e,14708.292981,29334.507448,23767.59851,2,2,1704913165
2024-01-04,0x61366a4e6b1db1b85dd701f2f4bfa275ef271197,636,0x599321b91d0e4e541f7d172ab1cacccc0d5a8e82,33503.524206,33503.524206,0.0,1,0,1704897819
2024-01-04,0x61366a4e6b1db1b85dd701f2f4bfa275ef271197,655,0x3590f55eecc2eb731e6888acf5e5c87f22be85be,0.0,0.0,31490.368453,0,1,1704894859
2024-01-04,0x61366a4e6b1db1b85dd701f2f4bfa275ef271197,674,0xf076823122f106c2b7f21cbaacd1c9db1ce4cf27,7934.067079,7934.067079,15902.097268,1,1,1704900241
2024-01-04,0x61366a4e6b1db1b85dd701f2f4bfa275ef271197,688,0x398e17b329b074c700d18e87f49b85d0512699e9,28854.413966,28854.413966,28854.413966,1,1,1704917973
2024-01-04,0x61366a4e6b1db1b85dd701f2f4bfa275ef271197,715,0x13108ab5c6eb7efdcd7ba6f8cc55d265eae6176f,26979.219955,26979.219955,26635.051079,1,1,1704895163
2024-01-04,0x61366a4e6b1db1b85dd701f2f4bfa275ef271197,726,0x2957c2968ebcb91f5683768a9bdc468d08c2a2c2,26448.916735,26448.916735,26410.442459,1,1,1704903233
2024-01-04,0x61366a4e6b1db1b85dd701f2f4bfa275ef271197,735,0x2130fd01026867a6c8dde24ad5e64f2e2dfce196,25517.959688,25517.959688,25517.959688,1,1,1704892711
2024-01-04,0x61366a4e6b1db1b85dd701f2f4bfa275ef271197,798,0x6a018ad51de844243ce7fb743c3e5f4481df6858,4432.36808,4432.36808,5540.460101,1,1,1704901005
2024-01-04,0x61366a4e6b1db1b85dd701f2f4bfa275ef271197,858,0x9d068c281afa4f518e2393702adff6b4f22c1156,0.0,0.0,49552.365812,0,1,1704897253
2024-01-04,0x61366a4e6b1db1b85dd701f2f4bfa275ef271197,861,0xdda35a6b42d74146b3d93c3718666a774a0fafd3,0.0,0.0,19349.024294,0,1,1704736847
2024-01-04,0x61366a4e6b1db1b85dd701f2f4bfa275ef271197,862,0xecb4c1245665e8a1f43826355aab0dd6bf336e05,0.0,0.0,20674.97485,0,1,1704897393
2024-01-04,0x61366a4e6b1db1b85dd701f2f4bfa275ef271197,875,0x5f449ca0c6ae1cac4c4830220229233f0b60c103,18742.713013,18742.713013,18665.953254,1,1,1704890117
2024-01-04,0x61366a4e6b1db1b85dd701f2f4bfa275ef271197,879,0x34ff77a853a14579d2120ac08c5e342cee08ad71,0.0,0.0,3731.055158,0,1,1704926961
2024-01-04,0x61366a4e6b1db1b85dd701f2f4bfa275ef271197,921,0xa2f07232275cdf8463a5115723c9d73085a2fc17,0.0,0.0,11887.44999,0,1,1704776245
2024-01-04,0x61366a4e6b1db1b85dd701f2f4bfa275ef271197,1002,0xaaa5367b0f777e88f3291b572eb27e798526f5c5,0.0,0.0,26364.348942,0,1,1704922169
2024-01-04,0x61366a4e6b1db1b85dd701f2f4bfa275ef271197,1053,0x3216a8a03b07b6b19cbc21d62c8942e625fc3e07,0.0,0.0,5180.926199,0,1,1704886385
2024-01-04,0x61366a4e6b1db1b85dd701f2f4bfa275ef271197,1145,0x278fbf0cdf19dfec7f2a7c7d319c957b2b62fa6d,0.0,0.0,11909.508182,0,1,1704850837
2024-01-04,0x61366a4e6b1db1b85dd701f2f4bfa275ef271197,1154,0xe43fa6cbb7dda0bd863593c5e75fae9b4dcd5cd4,0.0,0.0,11919.931645,0,1,1704916771
2024-01-04,0x61366a4e6b1db1b85dd701f2f4bfa275ef271197,1176,0x8844126ca5defee105ae50e5089933768ccf9999,0.0,0.0,11474.110655,0,1,1704885281
2024-01-04,0x61366a4e6b1db1b85dd701f2f4bfa275ef271197,1197,0x0be4eb0e89abed9f52d94f1550c22a16008cc463,0.0,0.0,4705.172381,0,1,1704926657
2024-01-04,0x61366a4e6b1db1b85dd701f2f4bfa275ef271197,1202,0x8ee7a7aad2aa6ef5393ee6f3a58992c906e6e734,0.0,0.0,10941.757297,0,1,1704915713
2024-01-04,0x61366a4e6b1db1b85dd701f2f4bfa275ef271197,1205,0x2cfed10c9e18d3d92fad0b7dca74932af9185703,11295.990668,11295.990668,11279.558802,1,1,1704901775
2024-01-04,0x61366a4e6b1db1b85dd701f2f4bfa275ef271197,1211,0x1d5faae928712c3db5543dc887c996e06e54cc0b,0.0,0.0,10716.963477,0,1,1704902379
2024-01-04,0x61366a4e6b1db1b85dd701f2f4bfa275ef271197,1276,0xef0c7668af2e04bc8cb8dfa321e5f9159f4bafe4,0.0,0.0,9808.125752,0,1,1704854125
2024-01-04,0x61366a4e6b1db1b85dd701f2f4bfa275ef271197,1288,0x6059895f7f20cc25c251d4d283f525f7400ce034,0.0,0.0,5266.306821,0,1,1704906359
2024-01-04,0x61366a4e6b1db1b85dd701f2f4bfa275ef271197,1398,0xc6bf059aabef5668c32ebeef3dae82e59d4ebc4a,0.0,0.0,8930.361296,0,1,1704750283
2024-01-04,0x61366a4e6b1db1b85dd701f2f4bfa275ef271197,1413,0x53e213da8c28d85dc6663c3b5e35bb0ffbb05752,13381.468933,13381.468933,0.0,1,0,1704926059
2024-01-04,0x61366a4e6b1db1b85dd701f2f4bfa275ef271197,1469,0x8fc4faa9dd274dc801ca629234e83183031634ec,2003.356995,2003.356995,2000.442784,1,1,1704904541
2024-01-04,0x61366a4e6b1db1b85dd701f2f4bfa275ef271197,1618,0x8b478359b5593747473e67f78b1f0048c1c523ed,27267.864577,27267.864577,0.0,1,0,1704889299
2024-01-04,0x61366a4e6b1db1b85dd701f2f4bfa275ef271197,1744,0x49f4d0222c880d4780b636662f5f18f572f2f88a,5552.851842,5552.851842,0.0,1,0,1704898887
2024-01-04,0x61366a4e6b1db1b85dd701f2f4bfa275ef271197,2273,0x69d6c073b693c250e26b9daaa439bfcb4993a6e4,3647.303188,3647.303188,0.0,1,0,1704891285
2024-01-04,0x61366a4e6b1db1b85dd701f2f4bfa275ef271197,2332,0xae69116e4aa49645f78c1fc9f28f677aede0d153,0.0,0.0,3535.229706,0,1,1704884723
2024-01-04,0x61366a4e6b1db1b85dd701f2f4bfa275ef271197,2362,0xbaa9b493bccbe1a900b39870980f41356f85822a,6428.733806,6428.733806,6419.382161,1,1,1704900145
2024-01-04,0x61366a4e6b1db1b85dd701f2f4bfa275ef271197,2478,0xc4a9dd9ba9676038fd9138a431a78ed06b04d782,3290.661189,3290.661189,3290.661189,1,1,1704896307
2024-01-04,0x61366a4e6b1db1b85dd701f2f4bfa275ef271197,2522,0xc693b4ffb338579467a541b2bf267b1955870920,797.846854,797.846854,1595.693708,1,1,1704927147
2024-01-04,0x61366a4e6b1db1b85dd701f2f4bfa275ef271197,2601,0x98076110c0d195b468d5776ad89004c5864ffc6d,0.0,0.0,3126.220143,0,1,1704885261
2024-01-04,0x61366a4e6b1db1b85dd701f2f4bfa275ef271197,2902,0xf84368dcc03dbd47a6567b7267f573c28b2f07fa,585.750987,585.750987,0.0,1,0,1704912941
2024-01-04,0x61366a4e6b1db1b85dd701f2f4bfa275ef271197,3122,0x2ec19e982172ead28b312a07faf25105fb3747d8,1790.488046,1790.488046,1787.883488,1,1,1704358099
2024-01-04,0x61366a4e6b1db1b85dd701f2f4bfa275ef271197,3756,0x160cf6551ee3d910f673af762d5a2f1bd4855be1,1099.306581,1099.306581,1092.279592,1,1,1704914731
2024-01-04,0x61366a4e6b1db1b85dd701f2f4bfa275ef271197,4704,0xa4c136dc1b03a934a06a0ba21d22ad5e4d4a7f10,0.0,0.0,446.471767,0,1,1704891965
2024-01-04,0x61366a4e6b1db1b85dd701f2f4bfa275ef271197,5125,0xc342e5440d1bb36a5e4bc87542364f42d9a07d83,0.0,0.0,391.383529,0,1,1704891431
2024-01-04,0x61366a4e6b1db1b85dd701f2f4bfa275ef271197,5476,0x3967d78660bcbc95c625d58a40c42ce10bd905d6,929.75826,929.75826,929.75826,1,1,1704871893
2024-01-04,0x61366a4e6b1db1b85dd701f2f4bfa275ef271197,8355,0x1594b251df6b70ca9a01d4de0836ab4fd9811241,0.0,0.0,263163.410286,0,1,1704901615
2024-01-04,0x61366a4e6b1db1b85dd701f2f4bfa275ef271197,8375,0x314c0695273ba259bb60074f2c92c67ac7ae6d40,0.0,0.0,8142.713506,0,1,1704915989
2024-01-04,0x61366a4e6b1db1b85dd701f2f4bfa275ef271197,8405,0x5d6f3d0c92d0564151357b0863e55e9ed4631b8d,0.0,0.0,1402.812262,0,1,1704913067
2024-01-04,0x61366a4e6b1db1b85dd701f2f4bfa275ef271197,8502,0x892176d784bed3dc877a62f3ff9fc091377b2a49,16832.986984,16832.986984,0.0,1,0,1704910201
2024-01-04,0x61366a4e6b1db1b85dd701f2f4bfa275ef271197,8925,0x5353d57398a1d5cc3f715df0a365d4b5f2a4044b,5607.220404,5607.220404,5632.114639,1,1,1704840589
2024-01-04,0x61366a4e6b1db1b85dd701f2f4bfa275ef271197,9032,0x0b4b5cd5f3cd7e6325c34564fe6320318eac2ae6,3421.391836,3421.391836,3440.303649,1,1,1704390945
2024-01-04,0x61366a4e6b1db1b85dd701f2f4bfa275ef271197,9270,0xcb7d87f5502fc91529e0fe92373dddd8ff1f3d7c,215879.076591,215879.076591,107703.09562,1,1,1704927527
2024-01-04,0x61366a4e6b1db1b85dd701f2f4bfa275ef271197,9282,0x5929cc4d10b6a1acc5bf5d221889f10251c628a1,0.0,0.0,19282.352165,0,1,1704920111
2024-01-04,0x61366a4e6b1db1b85dd701f2f4bfa275ef271197,9325,0x1594b251df6b70ca9a01d4de0836ab4fd9811241,213434.366976,213434.366976,213123.891772,1,1,1704901677
2024-01-04,0x61366a4e6b1db1b85dd701f2f4bfa275ef271197,9891,0x9faa9d3fdbf962d8ce187575e68a44cd858dcba8,0.0,0.0,48901.143841,0,1,1704910011
2024-01-04,0x61366a4e6b1db1b85dd701f2f4bfa275ef271197,9974,0x1594b251df6b70ca9a01d4de0836ab4fd9811241,0.0,0.0,159412.187104,0,1,1704901737
2024-01-04,0x61366a4e6b1db1b85dd701f2f4bfa275ef271197,10100,0x2bcdca8c689b4aa460b66ffde1d6b1761d41d5df,0.0,0.0,8994.49548,0,1,1704909347
2024-01-04,0x61366a4e6b1db1b85dd701f2f4bfa275ef271197,10294,0x48a6a8d403a58eccc70d4d57347f801d4e182564,11016024.609961,11016024.609961,8999999.998476,1,1,1704913363
2024-01-04,0x61366a4e6b1db1b85dd701f2f4bfa275ef271197,10295,0xc875b3dae5b0c371bc8cf9ded64868b78ac47587,1464674.389512,1464674.389512,0.0,1,0,1704913979
2024-01-04,0x61366a4e6b1db1b85dd701f2f4bfa275ef271197,10296,0x03c70563e94de5de56c11a0cc4ce3482f592854f,4455269.162506,4455269.162506,5078785.390511,1,1,1704929195
2024-01-04,0x61366a4e6b1db1b85dd701f2f4bfa275ef271197,10298,0xc9814f18a8751214f719de15c54d01b3d78ef14f,847564.974929,847564.974929,0.0,1,0,1704929143
2024-01-04,0x61366a4e6b1db1b85dd701f2f4bfa275ef271197,10449,0x370880694995aa8a53f71645f7bec3b0e7bb25d9,17988.549189,17988.549189,0.0,1,0,1704904735
2024-01-04,0x61366a4e6b1db1b85dd701f2f4bfa275ef271197,10471,0x1594b251df6b70ca9a01d4de0836ab4fd9811241,0.0,0.0,5343.267396,0,1,1704901795
2024-01-04,0x61366a4e6b1db1b85dd701f2f4bfa275ef271197,10482,0xa6e8129d47c647c7edfd5d5c53f04602df7aedcb,18349.201586,18349.201586,0.0,1,0,1704885959
2024-01-04,0x61366a4e6b1db1b85dd701f2f4bfa275ef271197,10543,0x73edcd0f5cf8df7a3e1d11ef5d696c266d996f9d,7734.983731,7734.983731,7734.983731,1,1,1704922995
2024-01-04,0x61366a4e6b1db1b85dd701f2f4bfa275ef271197,10651,0x2fe5a31a678a114a297b18dec7771601fdcdec9f,0.0,0.0,8195.334711,0,1,1704871417
2024-01-04,0x61366a4e6b1db1b85dd701f2f4bfa275ef271197,10656,0x145acc258b553369e51b4e5fb4d7b7201125eecb,0.064829,0.064829,0.0,1,0,1704891285
2024-01-04,0x656d48d3f337c6b3cd2ed8471b135ff54b1f96ad,151,0x5275817b74021e97c980e95ede6bbac0d0d6f3a2,32611.501964,32611.501964,0.0,1,0,1704905469
2024-01-04,0x656d48d3f337c6b3cd2ed8471b135ff54b1f96ad,629,0x9c037cb27bfb666474e264cb9ca554720bb1f102,34034.868366,34034.868366,0.0,1,0,1704916223
2024-01-04,0x656d48d3f337c6b3cd2ed8471b135ff54b1f96ad,781,0x1e593f9fabd9a166fc6dd0ad8255a266fdfb490e,24788.141799,24788.141799,0.0,1,0,1704903607
2024-01-04,0x656d48d3f337c6b3cd2ed8471b135ff54b1f96ad,784,0x03a01b531ed557460922583afb4a4c3c84d7f9b1,22516.060323,22516.060323,0.0,1,0,1704917479
2024-01-04,0x656d48d3f337c6b3cd2ed8471b135ff54b1f96ad,895,0x03452486f10344aeb8bc1ab7457e5a9be613bd56,15034.026001,15034.026001,0.0,1,0,1704916607
2024-01-04,0x656d48d3f337c6b3cd2ed8471b135ff54b1f96ad,978,0x28a21a3a4b197ea59aa8e4ab7001ed62bc53d1ca,18399.418842,18399.418842,0.0,1,0,1704900643
2024-01-04,0x656d48d3f337c6b3cd2ed8471b135ff54b1f96ad,1185,0xc954892d9caf463e967884e379a6ee4c78d61be7,8421.392842,8421.392842,0.0,1,0,1704864281
2024-01-04,0x656d48d3f337c6b3cd2ed8471b135ff54b1f96ad,1337,0x6ccd7c23e6ccd9c5258edda9fca61d1214de5622,8950.146227,8950.146227,0.0,1,0,1704901949
2024-01-04,0x656d48d3f337c6b3cd2ed8471b135ff54b1f96ad,1445,0xfaaa79ed017a66f19bd08161a2ebd215150758c4,7766.254039,7766.254039,0.0,1,0,1704914843
2024-01-04,0x656d48d3f337c6b3cd2ed8471b135ff54b1f96ad,1480,0x5ad023ceceea45e75529d8e29e7b64d691200bc7,7524.47264,7524.47264,0.0,1,0,1704915359
2024-01-04,0x656d48d3f337c6b3cd2ed8471b135ff54b1f96ad,1592,0xdbdf70689cb64b096c5291843936c56731e8240b,6687.327418,6687.327418,0.0,1,0,1704904371
2024-01-04,0x656d48d3f337c6b3cd2ed8471b135ff54b1f96ad,1603,0x17114903eb90909d3058dae24d583e5970030ffb,6497.455539,6497.455539,0.0,1,0,1704917483
2024-01-04,0x656d48d3f337c6b3cd2ed8471b135ff54b1f96ad,1878,0x952815ea349a0c10db5d854a16a27d768e85053e,4790.639658,4790.639658,0.0,1,0,1704915327
2024-01-04,0x656d48d3f337c6b3cd2ed8471b135ff54b1f96ad,1951,0x23bbd657863fbc80c32925cc6f83e09ecfbe1573,5836.423783,5836.423783,0.0,1,0,1704899949
2024-01-04,0x656d48d3f337c6b3cd2ed8471b135ff54b1f96ad,2108,0xd52d391ebdfe9708346fa5017076d5d190493f78,4134.891275,4134.891275,0.0,1,0,1704899499
2024-01-04,0x656d48d3f337c6b3cd2ed8471b135ff54b1f96ad,2189,0x881ee0c4b131cc79d3bb9dc44a4539bc034a35e6,382601.144586,382601.144586,0.0,1,0,1704918065
2024-01-04,0x656d48d3f337c6b3cd2ed8471b135ff54b1f96ad,2377,0xc8b02bd12705f1cf4ee78dae82557919c8733dc4,3585.889214,3585.889214,0.0,1,0,1704889369
2024-01-04,0x656d48d3f337c6b3cd2ed8471b135ff54b1f96ad,2981,0x2187119e30603d27b59c8fda7ac1a695a669203c,0.0,0.0,2002.64827,0,1,1704925451
2024-01-04,0x656d48d3f337c6b3cd2ed8471b135ff54b1f96ad,3016,0x17f343182b42d6488fc54b6ae73ac5da5ad4e326,1917.016234,1917.016234,0.0,1,0,1704904799
2024-01-04,0x656d48d3f337c6b3cd2ed8471b135ff54b1f96ad,3929,0xc1178d5bada448126a5054eaf4e7c2f3fca5e974,886.776913,886.776913,0.0,1,0,1704899579
2024-01-04,0x656d48d3f337c6b3cd2ed8471b135ff54b1f96ad,5583,0xa3bdbf5d5ff6059463421b5fcfc0aedcdb18b59b,369.117558,369.117558,0.0,1,0,1704899411
2024-01-04,0x656d48d3f337c6b3cd2ed8471b135ff54b1f96ad,6050,0x88840c37e8fa21afe5c28f0c704f9dcbd1601a45,355.468895,355.468895,0.0,1,0,1704901499
2024-01-04,0x656d48d3f337c6b3cd2ed8471b135ff54b1f96ad,6099,0x0762248fa639a8c365f004c5753e5d9c302112d3,354.264868,354.264868,0.0,1,0,1704462135
2024-01-04,0x656d48d3f337c6b3cd2ed8471b135ff54b1f96ad,6156,0x66805d8b82664acab4cbe0c0498889dde9af7841,381.996208,381.996208,0.0,1,0,1704915843
2024-01-04,0x6689a0582bafcc286a81dc38d76e0470acd17275,68,0x132e47cf2c19ec2d8dd56e1528fc7e18dc09188f,136710.807707,136710.807707,0.0,1,0,1704921047
2024-01-04,0x6689a0582bafcc286a81dc38d76e0470acd17275,114,0x611b0c1ed942b833c786c53883a4aa37a25602a6,0.0,0.0,23521.201255,0,1,1704898687
2024-01-04,0x6689a0582bafcc286a81dc38d76e0470acd17275,139,0xa04275c10f39e8675a34e147e2ef78d35129f2b6,0.0,0.0,118069.79467,0,1,1704897857
2024-01-04,0x6689a0582bafcc286a81dc38d76e0470acd17275,151,0x5275817b74021e97c980e95ede6bbac0d0d6f3a2,0.0,0.0,31890.713953,0,1,1704905469
2024-01-04,0x6689a0582bafcc286a81dc38d76e0470acd17275,304,0xbbb33d2e7bd7ddc722e53da9ca8ee97df41cfabf,0.0,0.0,21387.741251,0,1,1704798599
2024-01-04,0x6689a0582bafcc286a81dc38d76e0470acd17275,423,0xa904a0f8b4f0292785ad610dae1084a916142a77,0.0,0.0,59607.473636,0,1,1704473257
2024-01-04,0x6689a0582bafcc286a81dc38d76e0470acd17275,502,0x66f920658396f4c3642a32f6b5d5b65c3d6349db,0.0,0.0,20402.725948,0,1,1704906775
2024-01-04,0x6689a0582bafcc286a81dc38d76e0470acd17275,553,0xdaa070d909e010211606144ede5b2ca6864c2c1c,45238.25736,45238.25736,22586.225457,1,1,1704925535
2024-01-04,0x6689a0582bafcc286a81dc38d76e0470acd17275,575,0x94587a95917188b338c822de2d1e77074131589f,0.0,0.0,9446.294342,0,1,1704331023
2024-01-04,0x6689a0582bafcc286a81dc38d76e0470acd17275,628,0x8fa5ebb986fa6db89291a383142bb756ab88428e,17253.108621,17253.108621,0.0,1,0,1704923305
2024-01-04,0x6689a0582bafcc286a81dc38d76e0470acd17275,667,0xe95ab07a55e8489fe8e81e3281c8b3fd95c7d8af,0.0,0.0,15555.969746,0,1,1704890355
2024-01-04,0x6689a0582bafcc286a81dc38d76e0470acd17275,675,0x1f452ea54d4d934afadc300c61ca0a3b1bbde958,33664.282307,33664.282307,0.0,1,0,1704921617
2024-01-04,0x6689a0582bafcc286a81dc38d76e0470acd17275,748,0x5805641e589cf538004a0ccfc31a57ac1ba2cb02,12534.475952,12534.475952,0.0,1,0,1704926913
2024-01-04,0x6689a0582bafcc286a81dc38d76e0470acd17275,896,0x2c8dbcebdc218f0f4e39c868a01c6c9a857aa5bb,50337.302945,50337.302945,0.0,1,0,1704924327
2024-01-04,0x6689a0582bafcc286a81dc38d76e0470acd17275,904,0x544845005e42fe00a3c0e9735eeec25aa068b428,0.0,0.0,17655.06725,0,1,1704893979
2024-01-04,0x6689a0582bafcc286a81dc38d76e0470acd17275,935,0xedbf8de67f84fb7f166652f9338a9a06fbe33893,0.0,0.0,9793.619548,0,1,1704914557
2024-01-04,0x6689a0582bafcc286a81dc38d76e0470acd17275,1011,0x52d033e64774f31a8b7562806aa5782cbbd29382,113755.11818,214870.778784,201508.845681,2,2,1704900931
2024-01-04,0x6689a0582bafcc286a81dc38d76e0470acd17275,1511,0x4f321ad6ddc21ebcf9ee7213d2b41895196b6a9b,3627.680796,3627.680796,1813.840398,1,1,1704923455
2024-01-04,0x6689a0582bafcc286a81dc38d76e0470acd17275,1671,0xf1196bf726ed9227507f5a8b7c87ae177124db2b,8234.323607,8234.323607,0.0,1,0,1704923769
2024-01-04,0x6689a0582bafcc286a81dc38d76e0470acd17275,1805,0xae864413489b508175997e0ed00bd9c01484c846,5053.294652,5053.294652,0.0,1,0,1704923709
2024-01-04,0x6689a0582bafcc286a81dc38d76e0470acd17275,1959,0x6d1e0084a6910a8803ab7c22483a1a2db3f1001a,4412.377825,4412.377825,0.0,1,0,1704922559
2024-01-04,0x6689a0582bafcc286a81dc38d76e0470acd17275,2154,0xbed9c70eff039b2dbd8bafda08c53bfd986d0c1f,3928.754688,3928.754688,0.0,1,0,1704922085
2024-01-04,0x6689a0582bafcc286a81dc38d76e0470acd17275,2266,0xb00f8b601558243c9abcddabd54ea17f70471b8e,7053.168847,7053.168847,0.0,1,0,1704913543
2024-01-04,0x6689a0582bafcc286a81dc38d76e0470acd17275,2408,0x4a23bccf39a5ca0e3cfdd67d74cba3f380eca38f,0.0,0.0,3363.330351,0,1,1704885491
2024-01-04,0x6689a0582bafcc286a81dc38d76e0470acd17275,2463,0x2f9035f14d9134bed45e2642ae148f673f5ecb7e,0.0,0.0,3371.970774,0,1,1704713995
2024-01-04,0x6689a0582bafcc286a81dc38d76e0470acd17275,2494,0x875a6dc230931ebd99542a89f76837d861d2c2f7,0.0,0.0,3273.488875,0,1,1704703901
2024-01-04,0x6689a0582bafcc286a81dc38d76e0470acd17275,3027,0xac6d3a1c8f29a2c64dd24db057c15e02c967effe,0.0,0.0,1955.899182,0,1,1704408629
2024-01-04,0x6689a0582bafcc286a81dc38d76e0470acd17275,3088,0x52aea2fa97a868e2f920b95c388da95e1bcf8c29,910.366208,910.366208,0.0,1,0,1704913431
2024-01-04,0x6689a0582bafcc286a81dc38d76e0470acd17275,3362,0x7ffbeb62cf6e5e53f898ba52d66d29ca3b2851fd,48083.40696,48083.40696,0.0,1,0,1704926515
2024-01-04,0x6689a0582bafcc286a81dc38d76e0470acd17275,3929,0xc1178d5bada448126a5054eaf4e7c2f3fca5e974,0.0,0.0,886.776913,0,1,1704899579
2024-01-04,0x6689a0582bafcc286a81dc38d76e0470acd17275,4107,0xa8293dd8eb52564a35b8357a539146321b934153,0.0,0.0,739.93106,0,1,1704892997
2024-01-04,0x6689a0582bafcc286a81dc38d76e0470acd17275,4313,0x7bb9dccc97052ddef05141897fe8313fd4ad0418,0.0,0.0,615.267271,0,1,1704892189
2024-01-04,0x6689a0582bafcc286a81dc38d76e0470acd17275,4631,0x81f967ad9533232946d5f9e492862bdd93b5d641,0.0,0.0,5178.66472,0,1,1704398597
2024-01-04,0x6689a0582bafcc286a81dc38d76e0470acd17275,4646,0xa31aeea459c1ab0124ed44711a678d6e18874692,902.477999,902.477999,0.0,1,0,1704920945
2024-01-04,0x6689a0582bafcc286a81dc38d76e0470acd17275,6050,0x88840c37e8fa21afe5c28f0c704f9dcbd1601a45,0.0,0.0,355.468895,0,1,1704901499
2024-01-04,0x6689a0582bafcc286a81dc38d76e0470acd17275,7744,0x08a66e3e114b64d8a1235388dc99c35a2938b982,0.0,0.0,42.6743,0,1,1704409089
2024-01-04,0x6689a0582bafcc286a81dc38d76e0470acd17275,7966,0x5eaa8bdc315608e8cf873cfaba05e42826f68c4d,18609.012446,18609.012446,20618.521367,1,1,1704900675
2024-01-04,0x6689a0582bafcc286a81dc38d76e0470acd17275,8428,0x92b200b674f7e7fbecd6d71d041d079c513d9965,181225.09927,181225.09927,171365.952529,1,1,1704901031
2024-01-04,0x6689a0582bafcc286a81dc38d76e0470acd17275,9782,0x8803d1575831c7565839d11a622b6fcd9e14fcfc,0.0,0.0,125.904636,0,1,1704441909
2024-01-04,0x6689a0582bafcc286a81dc38d76e0470acd17275,9998,0x881ee0c4b131cc79d3bb9dc44a4539bc034a35e6,0.0,0.0,48472.860744,0,1,1704918121
2024-01-04,0x6689a0582bafcc286a81dc38d76e0470acd17275,10052,0xd1deee713b0404b799f67bfcb64e0647c14bf11f,0.0,0.0,1850.733753,0,1,1704338473
2024-01-04,0x6689a0582bafcc286a81dc38d76e0470acd17275,10294,0x48a6a8d403a58eccc70d4d57347f801d4e182564,0.0,0.0,499999.999915,0,1,1704913363
2024-01-04,0x6689a0582bafcc286a81dc38d76e0470acd17275,10295,0xc875b3dae5b0c371bc8cf9ded64868b78ac47587,122056.199126,122056.199126,0.0,1,0,1704913979
2024-01-04,0x6689a0582bafcc286a81dc38d76e0470acd17275,10379,0x7c2a79124cf65fe7f671f421d767c8d2ab7cd7e1,0.0,0.0,1266.742562,0,1,1704770899
2024-01-04,0x679d601aaa86cd555e8bfd48ddc8b4aade2a0f27,139,0xa04275c10f39e8675a34e147e2ef78d35129f2b6,71437.752177,71437.752177,0.0,1,0,1704897857
2024-01-04,0x679d601aaa86cd555e8bfd48ddc8b4aade2a0f27,151,0x5275817b74021e97c980e95ede6bbac0d0d6f3a2,81528.754911,81528.754911,0.0,1,0,1704905469
2024-01-04,0x679d601aaa86cd555e8bfd48ddc8b4aade2a0f27,628,0x8fa5ebb986fa6db89291a383142bb756ab88428e,0.0,0.0,17253.108621,0,1,1704923305
2024-01-04,0x679d601aaa86cd555e8bfd48ddc8b4aade2a0f27,694,0xbfc4fbbec37c291aed1d14f02b5221d0be0fe8f1,14274.318707,14274.318707,0.0,1,0,1704894615
2024-01-04,0x679d601aaa86cd555e8bfd48ddc8b4aade2a0f27,801,0x2c9c3050b242df683c5db26a0c5874c938e06b8f,22103.661865,22103.661865,0.0,1,0,1704919859
2024-01-04,0x679d601aaa86cd555e8bfd48ddc8b4aade2a0f27,902,0x186b12ceaf08fde22e32647fcc800e45876f5bd0,17694.154054,17694.154054,0.0,1,0,1704834903
2024-01-04,0x679d601aaa86cd555e8bfd48ddc8b4aade2a0f27,980,0xa971182ceecaac649eb6e8d4800ed8ddf0312106,29032.03665,29032.03665,28258.9545,1,1,1704359991
2024-01-04,0x679d601aaa86cd555e8bfd48ddc8b4aade2a0f27,1005,0xceeeb61e596f0bae44b791f3f1655501df7fa045,7822.304179,7822.304179,0.0,1,0,1704896461
2024-01-04,0x679d601aaa86cd555e8bfd48ddc8b4aade2a0f27,1111,0x11ebee2bf244325b5559f0f583722d35659ddce8,12707.459937,12707.459937,0.0,1,0,1704837871
2024-01-04,0x679d601aaa86cd555e8bfd48ddc8b4aade2a0f27,1115,0x69449f50f833185dd09b5cd0afa6872d4f92d1e1,0.0,0.0,12516.845967,0,1,1704814327
2024-01-04,0x679d601aaa86cd555e8bfd48ddc8b4aade2a0f27,1146,0x79016f576376cc3bdfbc02642211828471760185,12739.513514,12739.513514,0.0,1,0,1704898037
2024-01-04,0x679d601aaa86cd555e8bfd48ddc8b4aade2a0f27,1204,0xd613a4cc742267dd51259d9679cc0d1ad83f7776,11250.371622,11250.371622,0.0,1,0,1704823669
2024-01-04,0x679d601aaa86cd555e8bfd48ddc8b4aade2a0f27,1364,0xc62f2483eed109d42c78147ea618d858578103d8,9968.183595,9968.183595,0.0,1,0,1704926539
2024-01-04,0x679d601aaa86cd555e8bfd48ddc8b4aade2a0f27,1406,0x196d44adcdf5083a1effd9a8922683fcfc110f5e,8261.518678,8261.518678,0.0,1,0,1704862661
2024-01-04,0x679d601aaa86cd555e8bfd48ddc8b4aade2a0f27,1434,0x7f55b20cb25b9e4351664289d3c718da83371663,7876.737516,7876.737516,0.0,1,0,1704924949
2024-01-04,0x679d601aaa86cd555e8bfd48ddc8b4aade2a0f27,1454,0x586db0ea617db9a4254f295c5c93a13915c975cd,7800.425454,7800.425454,0.0,1,0,1704905353
2024-01-04,0x679d601aaa86cd555e8bfd48ddc8b4aade2a0f27,1473,0xb0720a40d6335df0ac90ff9e4b755217632ca78c,3846.781933,3846.781933,0.0,1,0,1704876957
2024-01-04,0x679d601aaa86cd555e8bfd48ddc8b4aade2a0f27,1586,0x446925b8fa3ce7072a6f389df46150978da748fb,6636.180954,6636.180954,0.0,1,0,1704885539
2024-01-04,0x679d601aaa86cd555e8bfd48ddc8b4aade2a0f27,1755,0x2e97bab47dfb1fd1395be6d86fcd48c19374b79b,5945.142989,5945.142989,0.0,1,0,1704869905
2024-01-04,0x679d601aaa86cd555e8bfd48ddc8b4aade2a0f27,1815,0xc2c35b30bb2a0fc88d02fff39c4fcab37b7b44bf,5548.523305,5548.523305,0.0,1,0,1704894065
2024-01-04,0x679d601aaa86cd555e8bfd48ddc8b4aade2a0f27,1912,0x3e516b6d229bf935f1b6bf4a0c2531ddab48cf1b,1800.193301,1800.193301,0.0,1,0,1704909291
2024-01-04,0x679d601aaa86cd555e8bfd48ddc8b4aade2a0f27,2047,0x7239c9c7ca2ed6f684182fca881618fe4b557f9e,5989.826571,5989.826571,0.0,1,0,1704924587
2024-01-04,0x679d601aaa86cd555e8bfd48ddc8b4aade2a0f27,2235,0x9b4ac5feb3fa9c087906cce730dc1bed34f08514,3714.542107,3714.542107,0.0,1,0,1704861917
2024-01-04,0x679d601aaa86cd555e8bfd48ddc8b4aade2a0f27,2255,0xd8992543ef65dc04ba8e71be895435bee3ab796f,3801.146034,3801.146034,0.0,1,0,1704894333
2024-01-04,0x679d601aaa86cd555e8bfd48ddc8b4aade2a0f27,2400,0x934c44b813dc4c9ca08d5fd0d5190447dcadeb51,3379.140724,3379.140724,0.0,1,0,1704885595
2024-01-04,0x679d601aaa86cd555e8bfd48ddc8b4aade2a0f27,2433,0xe326fe653ed62b38acea220cde1820a98e23c213,3329.550749,3329.550749,0.0,1,0,1704885447
2024-01-04,0x679d601aaa86cd555e8bfd48ddc8b4aade2a0f27,2443,0x6c478ceb0c323eacbbac0bc3aca176d1c7c7e9a4,3315.064814,3315.064814,0.0,1,0,1704885403
2024-01-04,0x679d601aaa86cd555e8bfd48ddc8b4aade2a0f27,2537,0xbfd212ba98bde92e75705292a290563bf85edac0,3171.550333,3171.550333,0.0,1,0,1704864321
2024-01-04,0x679d601aaa86cd555e8bfd48ddc8b4aade2a0f27,2841,0xfffd05ae9db4d5f4e23e2f37395db2f87359bf5d,2328.640983,2328.640983,0.0,1,0,1704893509
2024-01-04,0x679d601aaa86cd555e8bfd48ddc8b4aade2a0f27,3034,0x033e0a61ac00288a6388d1c8bad11a881ca9e212,2024.599679,2024.599679,0.0,1,0,1704847305
2024-01-04,0x679d601aaa86cd555e8bfd48ddc8b4aade2a0f27,3086,0x9b9e8bc43c15559653868587a193bd014dff5c65,2067.899043,2067.899043,0.0,1,0,1704822531
2024-01-04,0x679d601aaa86cd555e8bfd48ddc8b4aade2a0f27,3242,0xe6569ad1cf54b5f49be0218e42e27100e63c5f81,1645.684292,1645.684292,0.0,1,0,1704875723
2024-01-04,0x679d601aaa86cd555e8bfd48ddc8b4aade2a0f27,4231,0x633f6bb51b30aed1fec4625774919eca9f5aa55e,680.901827,680.901827,0.0,1,0,1704925213
2024-01-04,0x679d601aaa86cd555e8bfd48ddc8b4aade2a0f27,4510,0x06e252cdb6bf0e724346be59ceadf6684c79793c,617.230796,617.230796,0.0,1,0,1704823805
2024-01-04,0x679d601aaa86cd555e8bfd48ddc8b4aade2a0f27,5126,0xf10fd43f5f58128269ed4e312fe56084a18e50b9,6897.768359,6897.768359,0.0,1,0,1704862241
2024-01-04,0x679d601aaa86cd555e8bfd48ddc8b4aade2a0f27,5491,0x31e4a883b571e493cce22ab79e8331688b6a8f8c,378.003794,378.003794,0.0,1,0,1704884985
2024-01-04,0x679d601aaa86cd555e8bfd48ddc8b4aade2a0f27,5605,0x2b0d2cbcc667631afca6d50dc20a6cc23d9b08e4,368.753563,368.753563,0.0,1,0,1704868213
2024-01-04,0x679d601aaa86cd555e8bfd48ddc8b4aade2a0f27,5631,0x864c29a6f6f7d35491f971665bb21d6237258e70,368.117379,368.117379,0.0,1,0,1704859429
2024-01-04,0x679d601aaa86cd555e8bfd48ddc8b4aade2a0f27,5675,0x1bc3c5a57d9cae6751b6f829825ffcdac15cab24,366.616151,366.616151,0.0,1,0,1704859401
2024-01-04,0x679d601aaa86cd555e8bfd48ddc8b4aade2a0f27,5706,0x614cdeb515880b3db75f58fc913317f2640f06c6,365.815044,365.815044,0.0,1,0,1704859331
2024-01-04,0x679d601aaa86cd555e8bfd48ddc8b4aade2a0f27,5731,0xb19dfec5961161d2372adddc948f3a9c51326735,365.203594,365.203594,0.0,1,0,1704859367
2024-01-04,0x679d601aaa86cd555e8bfd48ddc8b4aade2a0f27,6172,0xe86b341f0b935ddfc65a747a903d522c07cbf381,352.629223,352.629223,0.0,1,0,1704879571
2024-01-04,0x679d601aaa86cd555e8bfd48ddc8b4aade2a0f27,6624,0x4bc84ea095b90e7c59acf8249d6b3cc215b6839b,1829.530126,1829.530126,1831.588898,1,1,1704924479
2024-01-04,0x679d601aaa86cd555e8bfd48ddc8b4aade2a0f27,7049,0xe7de9bada139629600b5d140c0eff9cff34524cc,2871.125271,2871.125271,0.0,1,0,1704876827
2024-01-04,0x679d601aaa86cd555e8bfd48ddc8b4aade2a0f27,7133,0xf115d93a31e79cca4697b9683c856326e0bed3c3,156.503412,156.503412,0.0,1,0,1704924421
2024-01-04,0x679d601aaa86cd555e8bfd48ddc8b4aade2a0f27,7152,0xb75d6fe6723290677a4f7141307e3ff6d7509711,1390.799006,1390.799006,444.959337,1,1,1704820419
2024-01-04,0x679d601aaa86cd555e8bfd48ddc8b4aade2a0f27,8330,0xc42ca12276f6ed7a384abe67e81583a8c9bcf4e9,0.0,0.0,181475.349431,0,1,1704816903
2024-01-04,0x679d601aaa86cd555e8bfd48ddc8b4aade2a0f27,8456,0xc42ca12276f6ed7a384abe67e81583a8c9bcf4e9,0.0,0.0,36055.425729,0,1,1704816995
2024-01-04,0x679d601aaa86cd555e8bfd48ddc8b4aade2a0f27,8477,0xf10fd43f5f58128269ed4e312fe56084a18e50b9,1319.048981,1319.048981,0.0,1,0,1704862267
2024-01-04,0x679d601aaa86cd555e8bfd48ddc8b4aade2a0f27,9302,0xc42ca12276f6ed7a384abe67e81583a8c9bcf4e9,0.0,0.0,12610.39016,0,1,1704816979
2024-01-04,0x679d601aaa86cd555e8bfd48ddc8b4aade2a0f27,9347,0xc42ca12276f6ed7a384abe67e81583a8c9bcf4e9,0.0,0.0,143728.752122,0,1,1704816917
2024-01-04,0x679d601aaa86cd555e8bfd48ddc8b4aade2a0f27,9434,0x458b40d2bfa35dec1b0da9b5749a62143f5df7ff,47827.825324,47827.825324,0.0,1,0,1704880803
2024-01-04,0x679d601aaa86cd555e8bfd48ddc8b4aade2a0f27,9624,0xc42ca12276f6ed7a384abe67e81583a8c9bcf4e9,0.0,0.0,100163.609444,0,1,1704816935
2024-01-04,0x679d601aaa86cd555e8bfd48ddc8b4aade2a0f27,9868,0xa7628b9c9586ff879b77a2c90c54aa3c813093b8,503.914572,503.914572,0.0,1,0,1704838655
2024-01-04,0x679d601aaa86cd555e8bfd48ddc8b4aade2a0f27,9960,0xfec11b5757f1694866155bd0989709ce58e8dccc,40740.816937,40740.816937,0.0,1,0,1704925961
2024-01-04,0x679d601aaa86cd555e8bfd48ddc8b4aade2a0f27,10012,0xc42ca12276f6ed7a384abe67e81583a8c9bcf4e9,0.0,0.0,82994.0,0,1,1704816967
2024-01-04,0x679d601aaa86cd555e8bfd48ddc8b4aade2a0f27,10064,0x112e37ae393dffdba7a05288732e615736526141,54.400869,54.400869,0.0,1,0,1704848117
2024-01-04,0x679d601aaa86cd555e8bfd48ddc8b4aade2a0f27,10367,0x46f3cc6a1c00a5cd8864d2b92f128196cae07d15,197.97519,197.97519,0.0,1,0,1704897103
2024-01-04,0x679d601aaa86cd555e8bfd48ddc8b4aade2a0f27,10460,0xc42ca12276f6ed7a384abe67e81583a8c9bcf4e9,0.0,0.0,11496.0,0,1,1704816889
2024-01-04,0x679d601aaa86cd555e8bfd48ddc8b4aade2a0f27,10958,0xdab85506424396fb090d84b64ad63b770d87c028,2577.71192,2577.71192,0.0,1,0,1704868397
2024-01-04,0x67b00b46fa4f4f24c03855c5c8013c0b938b3eec,68,0x132e47cf2c19ec2d8dd56e1528fc7e18dc09188f,82026.484624,82026.484624,67537.884093,1,1,1704921047
2024-01-04,0x67b00b46fa4f4f24c03855c5c8013c0b938b3eec,103,0x1c2ed7a6c4e3c1146103fa222181115a72243a06,55234.121775,55234.121775,0.0,1,0,1704927049
2024-01-04,0x67b00b46fa4f4f24c03855c5c8013c0b938b3eec,166,0x39d12116298f3b2b55e53e7b99c0bf47041761df,274415.089533,274415.089533,0.0,1,0,1704376339
2024-01-04,0x67b00b46fa4f4f24c03855c5c8013c0b938b3eec,501,0xdf19049d52b307bce8eeb325a2c9ccedc1939bec,44114.381291,44114.381291,0.0,1,0,1704331795
2024-01-04,0x67b00b46fa4f4f24c03855c5c8013c0b938b3eec,575,0x94587a95917188b338c822de2d1e77074131589f,9460.055541,9460.055541,0.0,1,0,1704331023
2024-01-04,0x67b00b46fa4f4f24c03855c5c8013c0b938b3eec,597,0x1ce0c2b445c8e87ea4c40b6e721d9a39b09f6459,9117.962538,9117.962538,0.0,1,0,1704922275
2024-01-04,0x67b00b46fa4f4f24c03855c5c8013c0b938b3eec,632,0x794783dcfcac8c1944727057a3208d8f8bb91506,0.0,0.0,33813.653784,0,1,1704913727
2024-01-04,0x67b00b46fa4f4f24c03855c5c8013c0b938b3eec,711,0x74e8beb278dc75d26d5918ae83bf85b58c82d3fb,28640.520812,28640.520812,0.0,1,0,1704330841
2024-01-04,0x67b00b46fa4f4f24c03855c5c8013c0b938b3eec,745,0x6073e895631712c0bca0ff58af13acd61d8eb2f3,25091.671316,25091.671316,0.0,1,0,1704331447
2024-01-04,0x67b00b46fa4f4f24c03855c5c8013c0b938b3eec,987,0x9d480d2e3a1a3e5fe678ca8b932b4ca7d1503e2c,15488.433324,15488.433324,0.0,1,0,1704572965
2024-01-04,0x67b00b46fa4f4f24c03855c5c8013c0b938b3eec,1390,0xcb879f75c93f3cd545a7955f41419a96817cc5d9,0.0,0.0,8385.664366,0,1,1704918255
2024-01-04,0x67b00b46fa4f4f24c03855c5c8013c0b938b3eec,1449,0x01fc9b47d4c1ece4af9ea9991c5a051aa57884cf,7836.807851,7836.807851,0.0,1,0,1704894563
2024-01-04,0x67b00b46fa4f4f24c03855c5c8013c0b938b3eec,1457,0x26b5e14dbf21bfb62bff869f5f4bce8dbddbcfca,1948.2105,1948.2105,0.0,1,0,1704460319
2024-01-04,0x67b00b46fa4f4f24c03855c5c8013c0b938b3eec,1521,0xdd84ce1adcb3a4908db61a1dfa3353c3974c5a2b,1797.876182,1797.876182,0.0,1,0,1704693989
2024-01-04,0x67b00b46fa4f4f24c03855c5c8013c0b938b3eec,1540,0xfff6eb6fae78e604c93b35c97f6892e36acb1dbd,7048.470504,7048.470504,0.0,1,0,1704339773
2024-01-04,0x67b00b46fa4f4f24c03855c5c8013c0b938b3eec,1624,0xc4f39ba15f5376732c594523408ea2e5149aa43d,6418.870693,6418.870693,0.0,1,0,1704361973
2024-01-04,0x67b00b46fa4f4f24c03855c5c8013c0b938b3eec,1692,0xd1cbf265fcdcafba2e406a17ddd3d178bc7b6803,3461.282088,3461.282088,0.0,1,0,1704369603
2024-01-04,0x67b00b46fa4f4f24c03855c5c8013c0b938b3eec,2200,0x8d07d225a769b7af3a923481e1fdf49180e6a265,4080.374205,4080.374205,0.0,1,0,1704372683
2024-01-04,0x67b00b46fa4f4f24c03855c5c8013c0b938b3eec,2515,0x0a5d2190afc397b91c2de36d128b03b275a3a255,3248.346319,3248.346319,0.0,1,0,1704332279
2024-01-04,0x67b00b46fa4f4f24c03855c5c8013c0b938b3eec,2725,0xb81d7892fa8605a55885592e5c78a294754d272a,715.126103,1421.129476,706.003373,2,1,1704906447
2024-01-04,0x67b00b46fa4f4f24c03855c5c8013c0b938b3eec,2961,0x3fc6121cb50b00a5fb8bd2a3c755f804d0e694d2,2611.963029,2611.963029,0.0,1,0,1704366039
2024-01-04,0x67b00b46fa4f4f24c03855c5c8013c0b938b3eec,3066,0x9e59edf20d62acbc689d5e72b8f72fedd7a3d282,0.0,0.0,12644.017368,0,1,1704926305
2024-01-04,0x67b00b46fa4f4f24c03855c5c8013c0b938b3eec,4156,0x1db30c74a4d16cdfee29680ca4637ec12ac55ec7,1367.212362,1367.212362,0.0,1,0,1704354183
2024-01-04,0x67b00b46fa4f4f24c03855c5c8013c0b938b3eec,10052,0xd1deee713b0404b799f67bfcb64e0647c14bf11f,1820.355666,1820.355666,0.0,1,0,1704338473
2024-01-04,0x67b00b46fa4f4f24c03855c5c8013c0b938b3eec,10066,0x629cbcaaae418da37f4ed34f13637f809f75278b,10098.680328,10098.680328,0.0,1,0,1704343551
2024-01-04,0x67b00b46fa4f4f24c03855c5c8013c0b938b3eec,10067,0x629cbcaaae418da37f4ed34f13637f809f75278b,1794.103273,1794.103273,0.0,1,0,1704343569
2024-01-04,0x67b00b46fa4f4f24c03855c5c8013c0b938b3eec,10352,0x18acc7e09e5b4adaf4d51dce21bc2ac616ea9440,16880.037128,16880.037128,0.0,1,0,1704368139
2024-01-04,0x67b00b46fa4f4f24c03855c5c8013c0b938b3eec,10796,0xb71ba81a183b2f956c9820729642063d64780b93,826.302271,826.302271,0.0,1,0,1704347625
2024-01-04,0x67b00b46fa4f4f24c03855c5c8013c0b938b3eec,10805,0x0e813273103600c72fde051748f3793a01485c6c,407.726531,407.726531,0.0,1,0,1704331071
2024-01-04,0x67b00b46fa4f4f24c03855c5c8013c0b938b3eec,10809,0x6634a2866c1a1a1c3570353ded9ab63333acb2b8,408.059912,408.059912,0.0,1,0,1704339449
2024-01-04,0x67b00b46fa4f4f24c03855c5c8013c0b938b3eec,10834,0xce76e10b764de934d09883598b329498fe72d9e5,246.62896,246.62896,0.0,1,0,1704365485
2024-01-04,0x688f778c51db4d990bf1abaf8d33fd95e48c6641,68,0x132e47cf2c19ec2d8dd56e1528fc7e18dc09188f,95697.565395,95697.565395,0.0,1,0,1704921047
2024-01-04,0x688f778c51db4d990bf1abaf8d33fd95e48c6641,151,0x5275817b74021e97c980e95ede6bbac0d0d6f3a2,32611.501964,32611.501964,0.0,1,0,1704905469
2024-01-04,0x688f778c51db4d990bf1abaf8d33fd95e48c6641,456,0xf1ce37c80d4a9fd6d3c5de003043c6588219f73a,51452.723929,51452.723929,0.0,1,0,1704921285
2024-01-04,0x688f778c51db4d990bf1abaf8d33fd95e48c6641,632,0x794783dcfcac8c1944727057a3208d8f8bb91506,33862.912931,33862.912931,0.0,1,0,1704913727
2024-01-04,0x688f778c51db4d990bf1abaf8d33fd95e48c6641,904,0x544845005e42fe00a3c0e9735eeec25aa068b428,17680.786847,17680.786847,0.0,1,0,1704893979
2024-01-04,0x688f778c51db4d990bf1abaf8d33fd95e48c6641,1185,0xc954892d9caf463e967884e379a6ee4c78d61be7,2807.130947,2807.130947,0.0,1,0,1704864281
2024-01-04,0x688f778c51db4d990bf1abaf8d33fd95e48c6641,1856,0x4b7292679d439ccd83b972a5ff848b47391affca,4807.388883,4807.388883,0.0,1,0,1704917931
2024-01-04,0x688f778c51db4d990bf1abaf8d33fd95e48c6641,2856,0xf3b059c887172f2cc52b5e77ee3b2c8b3a32e6ef,0.0,0.0,6891.372559,0,1,1704330091
2024-01-04,0x688f778c51db4d990bf1abaf8d33fd95e48c6641,3073,0xb0be01cf3a5cde8a86e1a39367ea997f5dd08372,1841.147943,1841.147943,0.0,1,0,1704881377
2024-01-04,0x688f778c51db4d990bf1abaf8d33fd95e48c6641,9901,0xfb07d2bdef2deb1ebec001644b4732ab77281c7a,1024.021495,1024.021495,0.0,1,0,1704916841
2024-01-04,0x68b41fac96b9a6e6dc6219d13834bde39c22424d,48,0x12478d1a60a910c9cbffb90648766a2bdd5918f5,0.0,0.0,185962.47385,0,1,1704926909
2024-01-04,0x68b41fac96b9a6e6dc6219d13834bde39c22424d,277,0x68acb2051b73c2342be78cd1a7e5ca44483d10c5,30436.444037,30436.444037,0.0,1,0,1704927397
2024-01-04,0x68b41fac96b9a6e6dc6219d13834bde39c22424d,649,0x3838433f63f4d4a24260f2485aacf5894ba7bc93,16059.496905,16059.496905,0.0,1,0,1704927557
2024-01-04,0x68b41fac96b9a6e6dc6219d13834bde39c22424d,3491,0x71c1bffe933698f39b03c6c7545dfb193c4c8b86,1313.782706,1313.782706,0.0,1,0,1704927065
2024-01-04,0x68b41fac96b9a6e6dc6219d13834bde39c22424d,4510,0x06e252cdb6bf0e724346be59ceadf6684c79793c,0.0,0.0,617.230796,0,1,1704823805
2024-01-04,0x68b41fac96b9a6e6dc6219d13834bde39c22424d,9250,0x6d71973078b858dab13bf9894c3969df6e5fced7,1508.535403,1508.535403,0.0,1,0,1704927453
2024-01-04,0x68b41fac96b9a6e6dc6219d13834bde39c22424d,9305,0x6330849fa00916341d362cbfebe06b19bf8e4162,0.0,0.0,112138.625142,0,1,1704924745
2024-01-04,0x68b41fac96b9a6e6dc6219d13834bde39c22424d,9951,0xfd90ad81ad93d9af1008a513d964f6fbc589034d,11451.233099,11451.233099,0.0,1,0,1704927413
2024-01-04,0x68b41fac96b9a6e6dc6219d13834bde39c22424d,10667,0xd9d752442da02fff30ee95bf202e8713988fce56,631.446325,631.446325,633.54085,1,1,1704364305
2024-01-04,0x6cdcb1c4a4d1c3c6d054b27ac5b77e89eafb971d,930,0x8efd9addd8de6a4e64664d1893dec51f8c3339e9,4240.268305,4240.268305,8406.480847,1,1,1704731047
2024-01-04,0x6cdcb1c4a4d1c3c6d054b27ac5b77e89eafb971d,1786,0x49ae63864988ee94791a8aeb0aa05a465699a5db,5252.259904,5252.259904,0.0,1,0,1704462137
2024-01-04,0x6cdcb1c4a4d1c3c6d054b27ac5b77e89eafb971d,1862,0x5f05a92fafe95a92e302bd0dd1479db425b4dc17,0.0,0.0,5277.771859,0,1,1704925191
2024-01-04,0x6cdcb1c4a4d1c3c6d054b27ac5b77e89eafb971d,3649,0xfe0ebcacfcca78e2dab89210b70b6755fe209419,1117.322245,1117.322245,0.0,1,0,1704793489
2024-01-04,0x6cdcb1c4a4d1c3c6d054b27ac5b77e89eafb971d,5491,0x31e4a883b571e493cce22ab79e8331688b6a8f8c,0.0,0.0,378.003794,0,1,1704884985
2024-01-04,0x6cdcb1c4a4d1c3c6d054b27ac5b77e89eafb971d,7388,0x7b8bad250aace0cca1025730e59163e6887bb94b,101.628051,101.628051,101.480216,1,1,1704332117
2024-01-04,0x6cdcb1c4a4d1c3c6d054b27ac5b77e89eafb971d,7651,0x7e4cbd9030b814c364b6b57128e5868797436d51,75.158776,75.158776,50.105851,1,1,1704595795
2024-01-04,0x6cdcb1c4a4d1c3c6d054b27ac5b77e89eafb971d,10297,0x6a941fe89cac5f440bb14e5286ad3e38ca3f2d39,31780568.644683,31780568.644683,13131450.458668,1,1,1704913761
2024-01-04,0x6dbbd2c5ec6a59f54fb0e5f750a245137ff0492c,351,0x6d71973078b858dab13bf9894c3969df6e5fced7,0.0,0.0,106675.940338,0,1,1704927443
2024-01-04,0x6dbbd2c5ec6a59f54fb0e5f750a245137ff0492c,649,0x3838433f63f4d4a24260f2485aacf5894ba7bc93,0.0,0.0,8029.748453,0,1,1704927557
2024-01-04,0x6dbbd2c5ec6a59f54fb0e5f750a245137ff0492c,725,0x1cab2ce19ff9b27680d4a8fdd3745197004ada57,0.0,0.0,26100.732134,0,1,1704924293
2024-01-04,0x6dbbd2c5ec6a59f54fb0e5f750a245137ff0492c,2046,0xc23e524325d26e429f749316d6b3115f199a4b78,0.0,0.0,4135.626079,0,1,1704903489
2024-01-04,0x6dbbd2c5ec6a59f54fb0e5f750a245137ff0492c,2073,0x518180f11414d823647daa068a5847d63c3f128c,0.0,0.0,4109.755941,0,1,1704925593
2024-01-04,0x6dbbd2c5ec6a59f54fb0e5f750a245137ff0492c,2138,0x3ba1ff476a9a3dd20be5f10311c1033da584d19b,0.0,0.0,3910.350534,0,1,1704924629
2024-01-04,0x6dbbd2c5ec6a59f54fb0e5f750a245137ff0492c,2867,0x387ec377e5b3ff17b61b61a3724a876369eb59bc,0.0,0.0,2241.78496,0,1,1704925705
2024-01-04,0x6dbbd2c5ec6a59f54fb0e5f750a245137ff0492c,3580,0xcc71d2ff046b1464fa39f5d1108695d92d01767e,0.0,0.0,592.242557,0,1,1704926493
2024-01-04,0x6dbbd2c5ec6a59f54fb0e5f750a245137ff0492c,4024,0xfed7772aefda63fc29dfb785ec85312f6fa97982,0.0,0.0,796.150536,0,1,1704733045
2024-01-04,0x6dbbd2c5ec6a59f54fb0e5f750a245137ff0492c,7152,0xb75d6fe6723290677a4f7141307e3ff6d7509711,0.0,0.0,444.959337,0,1,1704820419
2024-01-04,0x6dbbd2c5ec6a59f54fb0e5f750a245137ff0492c,9250,0x6d71973078b858dab13bf9894c3969df6e5fced7,0.0,0.0,3027.524897,0,1,1704927453
2024-01-04,0x6dbbd2c5ec6a59f54fb0e5f750a245137ff0492c,9744,0x37df0e34dc942d2ab60206748fb101fa51fd7992,0.0,0.0,1060.746473,0,1,1704909855
2024-01-04,0x6dbbd2c5ec6a59f54fb0e5f750a245137ff0492c,9951,0xfd90ad81ad93d9af1008a513d964f6fbc589034d,0.0,22902.466199,44865.845155,1,2,1704927413
2024-01-04,0x6dbbd2c5ec6a59f54fb0e5f750a245137ff0492c,9992,0x0172e05392aba65366c4dbbb70d958bbf43304e4,22545.5895,22545.5895,22380.0,1,1,1704924325
2024-01-04,0x6dbbd2c5ec6a59f54fb0e5f750a245137ff0492c,10244,0x80b9fd429f47dc6a7f02acff90a1959956a19607,0.0,0.0,1980.862082,0,1,1704817371
2024-01-04,0x6e23f90e25f432c9df9ef9276472dda3951e4465,3949,0x4e9f06bad29b7dd3b7de1929c8fb9ae939d0fe29,0.0,0.0,870.592367,0,1,1704541463
2024-01-04,0x6e23f90e25f432c9df9ef9276472dda3951e4465,4414,0x39afe2176de832be2a5164e5fc91e27d1355c88d,559.629127,559.629127,0.0,1,0,1704774575
2024-01-04,0x6e23f90e25f432c9df9ef9276472dda3951e4465,10261,0x97d37e8b619cf4c6145da456766ca4fa157292d3,33422.837312,33422.837312,0.0,1,0,1704803215
2024-01-04,0x6eab8c1b93f5799dadf2c687a30230a540dbd636,68,0x132e47cf2c19ec2d8dd56e1528fc7e18dc09188f,41013.242312,41013.242312,54030.307274,1,1,1704921047
2024-01-04,0x6eab8c1b93f5799dadf2c687a30230a540dbd636,270,0x59455ba3d00bb8cbead8fe6db3973210e49d4303,126528.661781,126528.661781,0.0,1,0,1704916465
2024-01-04,0x6eab8c1b93f5799dadf2c687a30230a540dbd636,649,0x3838433f63f4d4a24260f2485aacf5894ba7bc93,0.0,0.0,24089.245358,0,1,1704927557
2024-01-04,0x6eab8c1b93f5799dadf2c687a30230a540dbd636,2200,0x8d07d225a769b7af3a923481e1fdf49180e6a265,0.0,0.0,3773.671759,0,1,1704372683
2024-01-04,0x6eab8c1b93f5799dadf2c687a30230a540dbd636,3225,0x0b016476072f7d7d5c4e03bdf84511f80e12cb5e,2337.919096,2337.919096,0.0,1,0,1704913531
2024-01-04,0x6eab8c1b93f5799dadf2c687a30230a540dbd636,3580,0xcc71d2ff046b1464fa39f5d1108695d92d01767e,0.0,0.0,592.242557,0,1,1704926493
2024-01-04,0x723aef6543aece026a15662be4d3fb3424d502a9,3077,0xfc64410a03b205b995a9101f99a55026d8f1f1da,0.0,0.0,997.130492,0,1,1704922349
2024-01-04,0x723aef6543aece026a15662be4d3fb3424d502a9,4894,0x54d8e8fb753cabb05600b8a04e536def9f42e3d6,66.168017,66.168017,66.168017,1,1,1704372363
2024-01-04,0x723aef6543aece026a15662be4d3fb3424d502a9,5841,0xe14a13b8eb93b6569a748ea57a1a97025fc82be9,365.226187,365.226187,362.047732,1,1,1704925689
2024-01-04,0x723aef6543aece026a15662be4d3fb3424d502a9,5861,0x617af82a0420bdb424299159f0f3b2cf7eb2a6b5,180.478475,180.478475,180.478475,1,1,1704336753
2024-01-04,0x7a034374c89c463dd65d8c9bcfe63bcbced41f4f,21,0x4444aaaacdba5580282365e25b16309bd770ce4a,0.0,0.0,581363.35802,0,1,1704913079
2024-01-04,0x7a034374c89c463dd65d8c9bcfe63bcbced41f4f,24,0x208a17c5fabe5b90282e5906945ff335e39326c4,18431.639774,18431.639774,0.0,1,0,1704918173
2024-01-04,0x7a034374c89c463dd65d8c9bcfe63bcbced41f4f,43,0x2ddb405238368695f34d30a80ab60c449aa5ce48,61124.961907,61124.961907,91429.726369,1,1,1704915295
2024-01-04,0x7a034374c89c463dd65d8c9bcfe63bcbced41f4f,51,0x0f228805c03a693aa964a791e0b2e2c6e6c6513f,287736.922317,287736.922317,430977.542837,1,1,1704923325
2024-01-04,0x7a034374c89c463dd65d8c9bcfe63bcbced41f4f,52,0x28878aec6b4209d90a40890183e3322f0ae5b2e2,272466.91242,272466.91242,272070.564722,1,1,1704918123
2024-01-04,0x7a034374c89c463dd65d8c9bcfe63bcbced41f4f,54,0xf265702178a66b4b7ce079fc8a1629e47cf1bcde,450735.909486,450735.909486,0.0,1,0,1704922797
2024-01-04,0x7a034374c89c463dd65d8c9bcfe63bcbced41f4f,56,0x48a5a6a01ba89cddf97d2d552923d5a11401ed19,167112.971895,167112.971895,0.0,1,0,1704927135
2024-01-04,0x7a034374c89c463dd65d8c9bcfe63bcbced41f4f,64,0xf1010ee787ee588766b441d7cc397b40ddfb17a3,294965.935461,294965.935461,294536.859252,1,1,1704917891
2024-01-04,0x7a034374c89c463dd65d8c9bcfe63bcbced41f4f,67,0x8ce17ff2c7376e9adfe9c63c47a801097fa6c525,109298.786848,109298.786848,0.0,1,0,1704918343
2024-01-04,0x7a034374c89c463dd65d8c9bcfe63bcbced41f4f,105,0x208a17c5fabe5b90282e5906945ff335e39326c4,52286.925551,52286.925551,0.0,1,0,1704917695
2024-01-04,0x7a034374c89c463dd65d8c9bcfe63bcbced41f4f,134,0xd87ecc6c74f486b044824a222326a96f696fcfa2,0.0,0.0,77413.193101,0,1,1704775161
2024-01-04,0x7a034374c89c463dd65d8c9bcfe63bcbced41f4f,147,0xe3f0254b09aec48ffa46f9eee5a3bc7a8e510e6d,84153.574643,84153.574643,84031.159501,1,1,1704918013
2024-01-04,0x7a034374c89c463dd65d8c9bcfe63bcbced41f4f,153,0x0f45156f109e474295913d78036fa213b1745d5a,0.0,0.0,60675.253377,0,1,1704774823
2024-01-04,0x7a034374c89c463dd65d8c9bcfe63bcbced41f4f,184,0x76c2cd1b8a249f465f8445c455cb78e0eed36f1e,0.0,0.0,315058.559163,0,1,1704920107
2024-01-04,0x7a034374c89c463dd65d8c9bcfe63bcbced41f4f,241,0xd639eee81b30d8b34d5d8cbce83f193e2ba298e4,38362.697298,38362.697298,0.0,1,0,1704919697
2024-01-04,0x7a034374c89c463dd65d8c9bcfe63bcbced41f4f,289,0x95b05f935655c37ada2088c5767e5006f230b068,11516.741294,11516.741294,0.0,1,0,1704921527
2024-01-04,0x7a034374c89c463dd65d8c9bcfe63bcbced41f4f,295,0xdbd5d31b7f48adc13a0ab0c591f7e3d4f9642e69,27992.166764,27992.166764,0.0,1,0,1704914917
2024-01-04,0x7a034374c89c463dd65d8c9bcfe63bcbced41f4f,437,0xbae3b46e29e7cfd2bba8164765d592ce9802ec70,0.0,0.0,16269.890542,0,1,1704925767
2024-01-04,0x7a034374c89c463dd65d8c9bcfe63bcbced41f4f,487,0xf3fc9208014ab619fb4b4a9fd00efe5994a6c153,0.0,0.0,46017.732214,0,1,1704715623
2024-01-04,0x7a034374c89c463dd65d8c9bcfe63bcbced41f4f,708,0x166c794d890dd91bbe71f304eca660e1c4892cbb,0.0,0.0,64425.542842,0,1,1704922993
2024-01-04,0x7a034374c89c463dd65d8c9bcfe63bcbced41f4f,711,0x74e8beb278dc75d26d5918ae83bf85b58c82d3fb,0.0,0.0,28523.225122,0,1,1704330841
2024-01-04,0x7a034374c89c463dd65d8c9bcfe63bcbced41f4f,758,0x8ccfcfa7e6133e0875192974d0d857fb7a28375e,0.0,0.0,6724.782865,0,1,1704912207
2024-01-04,0x7a034374c89c463dd65d8c9bcfe63bcbced41f4f,823,0xfc101ee05afe9843c37fb7fdd5a64b9dc47411b6,13434.826357,13434.826357,0.0,1,0,1704776337
2024-01-04,0x7a034374c89c463dd65d8c9bcfe63bcbced41f4f,887,0x50fa50fa2032d85eb2dda303929bf56886aa9afb,0.0,0.0,18529.159068,0,1,1704458653
2024-01-04,0x7a034374c89c463dd65d8c9bcfe63bcbced41f4f,1044,0xcb6222f4df04385ea08e8da2a5871131ff5f6cba,0.0,0.0,7103.827897,0,1,1704894147
2024-01-04,0x7a034374c89c463dd65d8c9bcfe63bcbced41f4f,1858,0xb83c10e1a1a713f60ce847528d44f66acc767f05,0.0,0.0,6776.900337,0,1,1704719295
2024-01-04,0x7a034374c89c463dd65d8c9bcfe63bcbced41f4f,1951,0x23bbd657863fbc80c32925cc6f83e09ecfbe1573,0.0,0.0,5683.244977,0,1,1704899949
2024-01-04,0x7a034374c89c463dd65d8c9bcfe63bcbced41f4f,2175,0x96b9d9a5cfe8c572def7588d31f7921138794e24,0.0,0.0,4903.612742,0,1,1704914051
2024-01-04,0x7a034374c89c463dd65d8c9bcfe63bcbced41f4f,2246,0x5f0e257991471c4c0229d3926adcf73fcb67446d,0.0,0.0,3683.035736,0,1,1704914379
2024-01-04,0x7a034374c89c463dd65d8c9bcfe63bcbced41f4f,2362,0xbaa9b493bccbe1a900b39870980f41356f85822a,0.0,0.0,6419.382161,0,1,1704900145
2024-01-04,0x7a034374c89c463dd65d8c9bcfe63bcbced41f4f,2650,0x04795cdee2b677b46878896dae76be5cb174dac6,3376.691287,3376.691287,0.0,1,0,1704704669
2024-01-04,0x7a034374c89c463dd65d8c9bcfe63bcbced41f4f,2827,0xbd48855db52b9d0b5ea728e75fb20b74297ac70e,0.0,0.0,635.646653,0,1,1704445995
2024-01-04,0x7a034374c89c463dd65d8c9bcfe63bcbced41f4f,2862,0xdb5b154d5bffdf6854c72f7dd06f446d3f8d8408,0.0,0.0,569.166925,0,1,1704906223
2024-01-04,0x7a034374c89c463dd65d8c9bcfe63bcbced41f4f,4011,0x6322872f335dde0d4b44537f69fbae74bbed39de,81.644249,81.644249,0.0,1,0,1704812733
2024-01-04,0x7a034374c89c463dd65d8c9bcfe63bcbced41f4f,6433,0x510bd1a857df836c2ad57aa3a6fae396e011d958,0.0,0.0,3874.229652,0,1,1704800163
2024-01-04,0x7a034374c89c463dd65d8c9bcfe63bcbced41f4f,7128,0x0f45156f109e474295913d78036fa213b1745d5a,0.0,0.0,30503.865436,0,1,1704774765
2024-01-04,0x7a034374c89c463dd65d8c9bcfe63bcbced41f4f,7136,0xd87ecc6c74f486b044824a222326a96f696fcfa2,0.0,0.0,24235.428443,0,1,1704775207
2024-01-04,0x7a034374c89c463dd65d8c9bcfe63bcbced41f4f,7651,0x7e4cbd9030b814c364b6b57128e5868797436d51,125.264626,125.264626,125.264626,1,1,1704595795
2024-01-04,0x7a034374c89c463dd65d8c9bcfe63bcbced41f4f,7890,0x166c794d890dd91bbe71f304eca660e1c4892cbb,139682.884047,139682.884047,0.0,1,0,1704922953
2024-01-04,0x7a034374c89c463dd65d8c9bcfe63bcbced41f4f,8350,0x0f45156f109e474295913d78036fa213b1745d5a,0.0,0.0,15483.463632,0,1,1704774727
2024-01-04,0x7a034374c89c463dd65d8c9bcfe63bcbced41f4f,8467,0xd87ecc6c74f486b044824a222326a96f696fcfa2,0.0,0.0,35479.819169,0,1,1704775251
2024-01-04,0x7a034374c89c463dd65d8c9bcfe63bcbced41f4f,8646,0xde82ba72fdd75dff334b1ceb3e57e1945f1d7561,317.55424,317.55424,0.0,1,0,1704704765
2024-01-04,0x7a034374c89c463dd65d8c9bcfe63bcbced41f4f,9629,0x0f45156f109e474295913d78036fa213b1745d5a,0.0,0.0,64503.647538,0,1,1704774695
2024-01-04,0x7a034374c89c463dd65d8c9bcfe63bcbced41f4f,9631,0xd87ecc6c74f486b044824a222326a96f696fcfa2,0.0,0.0,76619.498754,0,1,1704775309
2024-01-04,0x7a034374c89c463dd65d8c9bcfe63bcbced41f4f,10005,0x6f1d6b86d4ad705385e751e6e88b0fdfdbadf298,0.0,0.0,140742.183016,0,1,1704757755
2024-01-04,0x7a034374c89c463dd65d8c9bcfe63bcbced41f4f,10294,0x48a6a8d403a58eccc70d4d57347f801d4e182564,3505098.739533,3505098.739533,4499999.999238,1,1,1704913363
2024-01-04,0x7a034374c89c463dd65d8c9bcfe63bcbced41f4f,10295,0xc875b3dae5b0c371bc8cf9ded64868b78ac47587,854393.393882,854393.393882,999999.988225,1,1,1704913979
2024-01-04,0x7a034374c89c463dd65d8c9bcfe63bcbced41f4f,10296,0x03c70563e94de5de56c11a0cc4ce3482f592854f,1272934.04643,1272934.04643,1269696.347628,1,1,1704929195
2024-01-04,0x7a034374c89c463dd65d8c9bcfe63bcbced41f4f,10298,0xc9814f18a8751214f719de15c54d01b3d78ef14f,242161.421408,242161.421408,0.0,1,0,1704929143
2024-01-04,0x7a034374c89c463dd65d8c9bcfe63bcbced41f4f,10439,0x6f1d6b86d4ad705385e751e6e88b0fdfdbadf298,1255113.989267,1255113.989267,0.0,1,0,1704836581
2024-01-04,0x7a034374c89c463dd65d8c9bcfe63bcbced41f4f,10458,0xd87ecc6c74f486b044824a222326a96f696fcfa2,0.0,0.0,5065.089045,0,1,1704775013
2024-01-04,0x7a034374c89c463dd65d8c9bcfe63bcbced41f4f,10459,0x0f45156f109e474295913d78036fa213b1745d5a,0.0,0.0,3105.42254,0,1,1704774667
2024-01-04,0x7a034374c89c463dd65d8c9bcfe63bcbced41f4f,10472,0xb413a48088cfb0074f75349c790062920434e321,5066.891496,5066.891496,0.0,1,0,1704810063
2024-01-04,0x7a034374c89c463dd65d8c9bcfe63bcbced41f4f,10489,0x7a70eca937f10234c42b4daed0970fae6f88df15,0.0,0.0,2576.0,0,1,1704668299
2024-01-04,0x7a034374c89c463dd65d8c9bcfe63bcbced41f4f,10559,0x46dcd6e6f34848bf62c8b5749bda984dd0015b29,0.0,178.034874,334.436935,1,2,1704636685
2024-01-04,0x7a034374c89c463dd65d8c9bcfe63bcbced41f4f,10657,0x892176d784bed3dc877a62f3ff9fc091377b2a49,0.989558,0.989558,0.0,1,0,1704873411
2024-01-04,0x7a034374c89c463dd65d8c9bcfe63bcbced41f4f,10864,0x92d0ab04a2d7d117adeddc7d7777ce8ff4baaf10,15.443273,15.443273,0.0,1,0,1704488229
2024-01-04,0x7a034374c89c463dd65d8c9bcfe63bcbced41f4f,10877,0x6f9449a07cfe89fd8a6e040a0c9d8eecfeb6f3fc,0.248866,0.248866,0.0,1,0,1704552837
2024-01-04,0x7a034374c89c463dd65d8c9bcfe63bcbced41f4f,10924,0x8366bc75c14c481c93aac21a11183807e1de0630,68.968407,68.968407,0.0,1,0,1704761451
2024-01-04,0x7a034374c89c463dd65d8c9bcfe63bcbced41f4f,10960,0x98c591f5a409fbe00345be802e40af9f569e2646,7.577817,7.577817,0.0,1,0,1704873815
2024-01-04,0x7f670f78b17dec44d5ef68a48740b6f8849cc2e6,24,0x208a17c5fabe5b90282e5906945ff335e39326c4,9215.819887,9215.819887,0.0,1,0,1704918173
2024-01-04,0x7f670f78b17dec44d5ef68a48740b6f8849cc2e6,43,0x2ddb405238368695f34d30a80ab60c449aa5ce48,91687.44286,91687.44286,0.0,1,0,1704915295
2024-01-04,0x7f670f78b17dec44d5ef68a48740b6f8849cc2e6,48,0x12478d1a60a910c9cbffb90648766a2bdd5918f5,558700.142307,558700.142307,371924.947699,1,1,1704926909
2024-01-04,0x7f670f78b17dec44d5ef68a48740b6f8849cc2e6,51,0x0f228805c03a693aa964a791e0b2e2c6e6c6513f,287736.922317,287736.922317,287318.361891,1,1,1704923325
2024-01-04,0x7f670f78b17dec44d5ef68a48740b6f8849cc2e6,55,0x285fed35cbea271a711681e84ffd83c68a596a75,224749.213576,224749.213576,224749.213576,1,1,1704918159
2024-01-04,0x7f670f78b17dec44d5ef68a48740b6f8849cc2e6,77,0xeb6772188cf10aa563a1cd163f48355d1a949797,216295.22283,216295.22283,0.0,1,0,1704918511
2024-01-04,0x7f670f78b17dec44d5ef68a48740b6f8849cc2e6,85,0xc877f7c4c1605692226888f884a823cfb8eb11bd,781643.542411,781643.542411,0.0,1,0,1704897191
2024-01-04,0x7f670f78b17dec44d5ef68a48740b6f8849cc2e6,105,0x208a17c5fabe5b90282e5906945ff335e39326c4,26143.462776,26143.462776,0.0,1,0,1704917695
2024-01-04,0x7f670f78b17dec44d5ef68a48740b6f8849cc2e6,114,0x611b0c1ed942b833c786c53883a4aa37a25602a6,70666.399605,70666.399605,0.0,1,0,1704898687
2024-01-04,0x7f670f78b17dec44d5ef68a48740b6f8849cc2e6,165,0x54ecb3397b0bf31cb0b81eb2444e2a7b32507d8b,82209.282642,82209.282642,82089.695791,1,1,1704920083
2024-01-04,0x7f670f78b17dec44d5ef68a48740b6f8849cc2e6,174,0x83bad39f067ef72e354f2ea9d318eaad381a7f15,26368.159671,52736.319342,52547.895909,2,2,1704902455
2024-01-04,0x7f670f78b17dec44d5ef68a48740b6f8849cc2e6,211,0x2d1ef4acf4cae6a38950971aaaa15f88d9b3f165,91627.542825,91627.542825,91627.542825,1,1,1704911019
2024-01-04,0x7f670f78b17dec44d5ef68a48740b6f8849cc2e6,238,0xb6f28ae8f31d85dc27361852b986286113bc588d,41879.542339,41879.542339,0.0,1,0,1704923647
2024-01-04,0x7f670f78b17dec44d5ef68a48740b6f8849cc2e6,260,0x215b67d707ced250c3803a19348e9c565e42d7a3,133356.7687,133356.7687,0.0,1,0,1704739343
2024-01-04,0x7f670f78b17dec44d5ef68a48740b6f8849cc2e6,281,0xea04a9fe2cef51b504e7da8cf1b859454ae27030,42487.580829,42487.580829,42487.580829,1,1,1704585983
2024-01-04,0x7f670f78b17dec44d5ef68a48740b6f8849cc2e6,304,0xbbb33d2e7bd7ddc722e53da9ca8ee97df41cfabf,26773.623179,26773.623179,0.0,1,0,1704798599
2024-01-04,0x7f670f78b17dec44d5ef68a48740b6f8849cc2e6,322,0xc877f7c4c1605692226888f884a823cfb8eb11bd,99393.103797,99393.103797,0.0,1,0,1704897199
2024-01-04,0x7f670f78b17dec44d5ef68a48740b6f8849cc2e6,341,0xb1d47d39c3bb868e5e4be068b7057d4caad0b31c,41523.664202,41523.664202,0.0,1,0,1704926799
2024-01-04,0x7f670f78b17dec44d5ef68a48740b6f8849cc2e6,343,0xb1d47d39c3bb868e5e4be068b7057d4caad0b31c,43771.192134,43771.192134,0.0,1,0,1704926809
2024-01-04,0x7f670f78b17dec44d5ef68a48740b6f8849cc2e6,353,0x5ade40e345817b739b91c6b4615efce87f9d7c57,47992.501921,47992.501921,0.0,1,0,1704396435
2024-01-04,0x7f670f78b17dec44d5ef68a48740b6f8849cc2e6,371,0x84572c31acdd30c03982e27b809d30b1efbcd8f2,84879.480048,84879.480048,0.0,1,0,1704374785
2024-01-04,0x7f670f78b17dec44d5ef68a48740b6f8849cc2e6,417,0xbe93d14c5defb8f41af8fb092f58e3c71c712b85,15371.551733,15371.551733,0.0,1,0,1704410291
2024-01-04,0x7f670f78b17dec44d5ef68a48740b6f8849cc2e6,475,0xda1d9534bef3344fa5be3b644b767b349e7415c7,14172.411717,14172.411717,13858.728231,1,1,1704926539
2024-01-04,0x7f670f78b17dec44d5ef68a48740b6f8849cc2e6,494,0x153b4f4f2c6c284f844a53eb2e097d23b7bfa4dd,23029.095572,23029.095572,0.0,1,0,1704889105
2024-01-04,0x7f670f78b17dec44d5ef68a48740b6f8849cc2e6,499,0xbec85812e620b56525681312b12efce711a58135,54427.717918,54427.717918,53677.133521,1,1,1704899575
2024-01-04,0x7f670f78b17dec44d5ef68a48740b6f8849cc2e6,575,0x94587a95917188b338c822de2d1e77074131589f,9460.055541,9460.055541,0.0,1,0,1704331023
2024-01-04,0x7f670f78b17dec44d5ef68a48740b6f8849cc2e6,642,0xf1b0e78a2bc422df50ec9ee4c324895c9b79f80a,40976.043858,40976.043858,0.0,1,0,1704557537
2024-01-04,0x7f670f78b17dec44d5ef68a48740b6f8849cc2e6,690,0x3c04ec0d34f8c074644a792ce04366ab789d3eb3,0.0,0.0,28513.202492,0,1,1704923633
2024-01-04,0x7f670f78b17dec44d5ef68a48740b6f8849cc2e6,759,0xeead1396fe5f0daec6dbc04d8a43e85dde4d97da,12500.972325,12500.972325,0.0,1,0,1704586073
2024-01-04,0x7f670f78b17dec44d5ef68a48740b6f8849cc2e6,808,0x5f338dd3c5ba4e5368a6139b81e1c120ccb2567d,21782.294372,21782.294372,0.0,1,0,1704838975
2024-01-04,0x7f670f78b17dec44d5ef68a48740b6f8849cc2e6,832,0xde1a20ad593386d0ac260a8450b2349d8ab4eb57,20506.574929,20506.574929,0.0,1,0,1704459215
2024-01-04,0x7f670f78b17dec44d5ef68a48740b6f8849cc2e6,920,0x6c2693f5a936f37ed03cfa8465bf2d8beff19a0f,17284.835139,17284.835139,0.0,1,0,1704867427
2024-01-04,0x7f670f78b17dec44d5ef68a48740b6f8849cc2e6,991,0x986fcc6b0d290308ad6f6a0e8471f74f53dec06a,15413.35199,15413.35199,15369.99749,1,1,1704390317
2024-01-04,0x7f670f78b17dec44d5ef68a48740b6f8849cc2e6,1006,0x806388e04b7583a0148451a8ecd29a748b8fd584,0.0,0.0,3746.58355,0,1,1704763017
2024-01-04,0x7f670f78b17dec44d5ef68a48740b6f8849cc2e6,1016,0x91b7377a3dd7931ad4757b60d7e859954b939e85,14768.497265,14768.497265,0.0,1,0,1704379269
2024-01-04,0x7f670f78b17dec44d5ef68a48740b6f8849cc2e6,1053,0x3216a8a03b07b6b19cbc21d62c8942e625fc3e07,5188.473682,5188.473682,0.0,1,0,1704886385
2024-01-04,0x7f670f78b17dec44d5ef68a48740b6f8849cc2e6,1079,0x73ea5b1ab2f4a36556b0a57381ed0101643615f3,19108.526122,19108.526122,0.0,1,0,1704347343
2024-01-04,0x7f670f78b17dec44d5ef68a48740b6f8849cc2e6,1081,0x41647a74673c90f4a13884bee4f8a89034fb85e8,13116.978409,13116.978409,0.0,1,0,1704458561
2024-01-04,0x7f670f78b17dec44d5ef68a48740b6f8849cc2e6,1174,0x91f3acf393de794e7291fbf36dfc408da617cff0,13841.727478,13841.727478,0.0,1,0,1704378111
2024-01-04,0x7f670f78b17dec44d5ef68a48740b6f8849cc2e6,1259,0x27cfc88640089f340aeaec182baff0ddf15b1b37,2070.351233,2070.351233,2067.339568,1,1,1704488001
2024-01-04,0x7f670f78b17dec44d5ef68a48740b6f8849cc2e6,1302,0x764f4909251f81976a0a2dcebce95333e4c27517,3955.76381,3955.76381,4944.704762,1,1,1704454025
2024-01-04,0x7f670f78b17dec44d5ef68a48740b6f8849cc2e6,1406,0x196d44adcdf5083a1effd9a8922683fcfc110f5e,0.0,0.0,8173.048883,0,1,1704862661
2024-01-04,0x7f670f78b17dec44d5ef68a48740b6f8849cc2e6,1436,0xfbe12d942b8c152248fd118f598c08124ff3d7de,0.0,10681.879386,21291.062587,1,2,1704915109
2024-01-04,0x7f670f78b17dec44d5ef68a48740b6f8849cc2e6,1441,0xc0fa207d207288d727baf8b4f2b3ca93f45da246,0.0,0.0,9496.263274,0,1,1704881085
2024-01-04,0x7f670f78b17dec44d5ef68a48740b6f8849cc2e6,1457,0x26b5e14dbf21bfb62bff869f5f4bce8dbddbcfca,1948.2105,1948.2105,1940.23171,1,1,1704460319
2024-01-04,0x7f670f78b17dec44d5ef68a48740b6f8849cc2e6,1477,0x8d6849ec89dcd00ae44cdf65f1a1ab829168f121,7544.60169,7544.60169,0.0,1,0,1704351787
2024-01-04,0x7f670f78b17dec44d5ef68a48740b6f8849cc2e6,1493,0x556c9c6bde32c7a019a273fa2750ad13b46ac374,0.0,0.0,22369.488945,0,1,1704916839
2024-01-04,0x7f670f78b17dec44d5ef68a48740b6f8849cc2e6,1504,0xbd5f593c86319523e6e8afe60dedbefaedbdb8c9,0.0,0.0,7264.559465,0,1,1704919069
2024-01-04,0x7f670f78b17dec44d5ef68a48740b6f8849cc2e6,1521,0xdd84ce1adcb3a4908db61a1dfa3353c3974c5a2b,1797.876182,1797.876182,0.0,1,0,1704693989
2024-01-04,0x7f670f78b17dec44d5ef68a48740b6f8849cc2e6,1560,0x07c7d97b79881d8245ee3aa4dce27fdfb2cc3130,7007.287584,7007.287584,0.0,1,0,1704409927
2024-01-04,0x7f670f78b17dec44d5ef68a48740b6f8849cc2e6,1596,0xa943681cf687774c2d44aab6aeb7d8c701fb7cbb,6631.912293,6631.912293,0.0,1,0,1704653249
2024-01-04,0x7f670f78b17dec44d5ef68a48740b6f8849cc2e6,1632,0x138dd537d56f2f2761a6fc0a2a0ace67d55480fe,12532.403766,12532.403766,0.0,1,0,1704436059
2024-01-04,0x7f670f78b17dec44d5ef68a48740b6f8849cc2e6,1652,0xbff734478f1d1e7a313f174f2444d0e366b034b7,6218.494212,6218.494212,0.0,1,0,1704338939
2024-01-04,0x7f670f78b17dec44d5ef68a48740b6f8849cc2e6,1665,0xc2359d9bd9c65a34ca2bea9a9e5eeff4dcd78d59,126143.591116,126143.591116,6143.591116,1,1,1704525867
2024-01-04,0x7f670f78b17dec44d5ef68a48740b6f8849cc2e6,1679,0x018439894b681cc2aaddb613a425a1cfa6e59c29,0.0,0.0,6127.679495,0,1,1704779481
2024-01-04,0x7f670f78b17dec44d5ef68a48740b6f8849cc2e6,1692,0xd1cbf265fcdcafba2e406a17ddd3d178bc7b6803,3461.282088,3461.282088,0.0,1,0,1704369603
2024-01-04,0x7f670f78b17dec44d5ef68a48740b6f8849cc2e6,1696,0x915c4580dffd112db25a6cf06c76cdd9009637b7,5934.976913,5934.976913,5934.976913,1,1,1704644567
2024-01-04,0x7f670f78b17dec44d5ef68a48740b6f8849cc2e6,1697,0x5c0796ed4f0b1de9f9eda9fd6fe29562b2a60296,6006.625217,6006.625217,0.0,1,0,1704743287
2024-01-04,0x7f670f78b17dec44d5ef68a48740b6f8849cc2e6,1702,0x05ed99aafe5bfc33e1636d57e03f55caf0b0e912,5930.729175,5930.729175,0.0,1,0,1704879863
2024-01-04,0x7f670f78b17dec44d5ef68a48740b6f8849cc2e6,1703,0x5c4adac003213c3bd26fbcd3419064f0cb9df76e,0.0,0.0,5890.157496,0,1,1704678185
2024-01-04,0x7f670f78b17dec44d5ef68a48740b6f8849cc2e6,1709,0xf7c04a39e47c7ea9d6888f9389ea85846e22ae1a,0.0,0.0,5860.149321,0,1,1704926699
2024-01-04,0x7f670f78b17dec44d5ef68a48740b6f8849cc2e6,1740,0x5be66fe7e6bfffa5af7d9f9a3b49ae7c50ca54df,5757.843721,5757.843721,5713.746073,1,1,1704500715
2024-01-04,0x7f670f78b17dec44d5ef68a48740b6f8849cc2e6,1746,0xa4f0b6899ca568df1595a3d12054499e5e1c9faf,5528.749693,5528.749693,0.0,1,0,1704388587
2024-01-04,0x7f670f78b17dec44d5ef68a48740b6f8849cc2e6,1855,0xbfad818edb25dc4eebac8cc44a7533be4652ad6c,1607.047658,1607.047658,0.0,1,0,1704524933
2024-01-04,0x7f670f78b17dec44d5ef68a48740b6f8849cc2e6,1860,0x91d6d3bec03ef9a0cdd61fd22705f825665a0d71,4842.914947,4842.914947,0.0,1,0,1704377807
2024-01-04,0x7f670f78b17dec44d5ef68a48740b6f8849cc2e6,1874,0xf9b7c16bf0658f0f1cfac7d8487d1284e72ac931,0.0,0.0,4784.209328,0,1,1704917455
2024-01-04,0x7f670f78b17dec44d5ef68a48740b6f8849cc2e6,1884,0xc92d60af8001b1070ce40337205af18a0bbed142,0.0,0.0,4694.782313,0,1,1704358991
2024-01-04,0x7f670f78b17dec44d5ef68a48740b6f8849cc2e6,1976,0x28ebf504b2d49fc5ddb751f99d494d7607832a8d,0.0,0.0,4637.605465,0,1,1704684697
2024-01-04,0x7f670f78b17dec44d5ef68a48740b6f8849cc2e6,2041,0xec5b22756d0191fbbb4afffdd5ae2a660538d196,9912.827475,9912.827475,0.0,1,0,1704806015
2024-01-04,0x7f670f78b17dec44d5ef68a48740b6f8849cc2e6,2089,0x6bcb9ec9686aeb3b2fd854f036d3f24fd48eabba,3729.16952,3729.16952,0.0,1,0,1704411703
2024-01-04,0x7f670f78b17dec44d5ef68a48740b6f8849cc2e6,2119,0x9cf77c286f8f253f27683c737183fd2fdae2520c,3769.280137,3769.280137,0.0,1,0,1704413679
2024-01-04,0x7f670f78b17dec44d5ef68a48740b6f8849cc2e6,2251,0xe93fb6784e7cec8fb8d283a70295df714f3c0db7,2199.064004,2199.064004,2162.87194,1,1,1704555937
2024-01-04,0x7f670f78b17dec44d5ef68a48740b6f8849cc2e6,2281,0x1d884c7d4132bb1d75bfd228ce9447d82527a217,3626.232231,3626.232231,3611.381195,1,1,1704722913
2024-01-04,0x7f670f78b17dec44d5ef68a48740b6f8849cc2e6,2312,0x3fe2e08a1f7766606574a91a5cfaf3342d023947,3566.853161,3566.853161,3561.664589,1,1,1704870291
2024-01-04,0x7f670f78b17dec44d5ef68a48740b6f8849cc2e6,2313,0x3888132606615fc0759853b6ec1107e717d0ae52,3579.186008,3579.186008,0.0,1,0,1704896453
2024-01-04,0x7f670f78b17dec44d5ef68a48740b6f8849cc2e6,2330,0x3845db689ece1e8db5af208f77f44cc1c7171407,0.0,0.0,153228.346968,0,1,1704344827
2024-01-04,0x7f670f78b17dec44d5ef68a48740b6f8849cc2e6,2362,0xbaa9b493bccbe1a900b39870980f41356f85822a,4285.822537,4285.822537,0.0,1,0,1704900145
2024-01-04,0x7f670f78b17dec44d5ef68a48740b6f8849cc2e6,2501,0x90a23ca50c31161c5297ba9dd55c70212ab056a7,0.0,0.0,3225.801824,0,1,1704926045
2024-01-04,0x7f670f78b17dec44d5ef68a48740b6f8849cc2e6,2517,0x3e4495646313c4b9b316827de8567196a5c95ac8,3240.639603,3240.639603,0.0,1,0,1704401137
2024-01-04,0x7f670f78b17dec44d5ef68a48740b6f8849cc2e6,2528,0x8851d8834f0593602d20c53badc267b599c80754,3225.106579,3225.106579,3216.041399,1,1,1704903617
2024-01-04,0x7f670f78b17dec44d5ef68a48740b6f8849cc2e6,2601,0x98076110c0d195b468d5776ad89004c5864ffc6d,3130.774366,3130.774366,0.0,1,0,1704885261
2024-01-04,0x7f670f78b17dec44d5ef68a48740b6f8849cc2e6,2615,0x7d9f4a3ab2568f61c9087a8b5506dfcd5e8fea49,3359.600969,3359.600969,3359.600969,1,1,1704344723
2024-01-04,0x7f670f78b17dec44d5ef68a48740b6f8849cc2e6,2674,0x8298ca68dd147f42d2b355d320da71561defcd21,3576.552062,3576.552062,0.0,1,0,1704810631
2024-01-04,0x7f670f78b17dec44d5ef68a48740b6f8849cc2e6,2699,0xc95f41579e19099503f85db8c949fd45565cfaf0,2943.938943,2943.938943,0.0,1,0,1704361287
2024-01-04,0x7f670f78b17dec44d5ef68a48740b6f8849cc2e6,2722,0x6d81fbdba7cc3afb7926f80c734965746b297668,2980.345948,2980.345948,2960.041611,1,1,1704389511
2024-01-04,0x7f670f78b17dec44d5ef68a48740b6f8849cc2e6,2827,0xbd48855db52b9d0b5ea728e75fb20b74297ac70e,2523.748512,2523.748512,635.646653,1,1,1704445995
2024-01-04,0x7f670f78b17dec44d5ef68a48740b6f8849cc2e6,2856,0xf3b059c887172f2cc52b5e77ee3b2c8b3a32e6ef,5742.810466,5742.810466,0.0,1,0,1704330091
2024-01-04,0x7f670f78b17dec44d5ef68a48740b6f8849cc2e6,2857,0x14ea6d2a6765eb177ef66db2c14c8214b4046257,1128.303768,1128.303768,0.0,1,0,1704376373
2024-01-04,0x7f670f78b17dec44d5ef68a48740b6f8849cc2e6,2873,0x9a62db4c17146172c0b88e7e439df169a0f93e0e,1114.678399,1114.678399,0.0,1,0,1704828695
2024-01-04,0x7f670f78b17dec44d5ef68a48740b6f8849cc2e6,2920,0x7a736aebfdff3ec824f8ea3f83639e863d7963c3,0.0,0.0,2154.080463,0,1,1704920137
2024-01-04,0x7f670f78b17dec44d5ef68a48740b6f8849cc2e6,2933,0x42720f03a242c19794c41f3917e2f3a2027eb96a,2133.694947,2133.694947,0.0,1,0,1704405255
2024-01-04,0x7f670f78b17dec44d5ef68a48740b6f8849cc2e6,2966,0x88a1303994f0c906d8c0ee9c72fe17f627ed9f48,2019.377987,2019.377987,0.0,1,0,1704333741
2024-01-04,0x7f670f78b17dec44d5ef68a48740b6f8849cc2e6,2980,0x0479760ed93a78f29a57d23b0c3bfff987a15332,0.0,0.0,1990.254298,0,1,1704378353
2024-01-04,0x7f670f78b17dec44d5ef68a48740b6f8849cc2e6,3027,0xac6d3a1c8f29a2c64dd24db057c15e02c967effe,1968.467958,1968.467958,0.0,1,0,1704408629
2024-01-04,0x7f670f78b17dec44d5ef68a48740b6f8849cc2e6,3047,0xbee2d469aacb46251ae33cca91f482e26c971dff,948.047286,948.047286,692.316832,1,1,1704922543
2024-01-04,0x7f670f78b17dec44d5ef68a48740b6f8849cc2e6,3057,0x59653fd9713a30c54237a6fd21fd97ba141abbe0,24160.639942,24160.639942,7894.352782,1,1,1704816447
2024-01-04,0x7f670f78b17dec44d5ef68a48740b6f8849cc2e6,3085,0x0c470f23b09847fc99e20b63aa9b0c3db13bacf7,1822.949601,1822.949601,0.0,1,0,1704381761
2024-01-04,0x7f670f78b17dec44d5ef68a48740b6f8849cc2e6,3150,0x5259e022cd88761eabf328f29aab25a123112c8a,6100.29895,6100.29895,0.0,1,0,1704899001
2024-01-04,0x7f670f78b17dec44d5ef68a48740b6f8849cc2e6,3202,0xb07aee9bb2d03b6f65346f666154150cacdd3e51,1830.581419,1830.581419,0.0,1,0,1704892485
2024-01-04,0x7f670f78b17dec44d5ef68a48740b6f8849cc2e6,3347,0x175fb20b9b5bcf80a0167d403405e6f3a074cfa0,193.339338,193.339338,193.339338,1,1,1704483891
2024-01-04,0x7f670f78b17dec44d5ef68a48740b6f8849cc2e6,3362,0x7ffbeb62cf6e5e53f898ba52d66d29ca3b2851fd,48083.40696,48083.40696,24135.24533,1,1,1704926515
2024-01-04,0x7f670f78b17dec44d5ef68a48740b6f8849cc2e6,3381,0x185541a045ed6fe9ff1142419b647cccbd62a04a,0.0,0.0,736.59834,0,1,1704478737
2024-01-04,0x7f670f78b17dec44d5ef68a48740b6f8849cc2e6,3552,0xf874afa0b950270dc702740904d103822307f028,1221.470385,1221.470385,0.0,1,0,1704397565
2024-01-04,0x7f670f78b17dec44d5ef68a48740b6f8849cc2e6,3579,0x86ff945e6dc2470317ca082a01de7d24188671ac,1202.427365,1202.427365,0.0,1,0,1704698101
2024-01-04,0x7f670f78b17dec44d5ef68a48740b6f8849cc2e6,3590,0x9b32e12d0678628aee378dbdf92f7f66f3f4df80,1181.566724,1181.566724,0.0,1,0,1704333321
2024-01-04,0x7f670f78b17dec44d5ef68a48740b6f8849cc2e6,3751,0x6c7b8f499a3a0c310e4a1c9edb8406e764590950,0.0,0.0,2028.131254,0,1,1704441329
2024-01-04,0x7f670f78b17dec44d5ef68a48740b6f8849cc2e6,3758,0xe492e921f11d8c42f78e80e9bb9abc75d9c49243,2799.662493,2799.662493,0.0,1,0,1704862525
2024-01-04,0x7f670f78b17dec44d5ef68a48740b6f8849cc2e6,3806,0xe0767d2b47ec6a28e97afbf3a626cdfb226065c1,1007.422615,1007.422615,1001.46026,1,1,1704456291
2024-01-04,0x7f670f78b17dec44d5ef68a48740b6f8849cc2e6,3871,0x460145d20d34679006962c14b4a057286c9c6aba,931.591134,931.591134,931.591134,1,1,1704796669
2024-01-04,0x7f670f78b17dec44d5ef68a48740b6f8849cc2e6,3963,0x8acf2f327e47fddd1124a55eb4efc1dfdacaa34c,943.602656,943.602656,0.0,1,0,1704409601
2024-01-04,0x7f670f78b17dec44d5ef68a48740b6f8849cc2e6,4033,0xced29ba48490c51e4348e654c313ac97762beccc,825.893731,825.893731,0.0,1,0,1704400567
2024-01-04,0x7f670f78b17dec44d5ef68a48740b6f8849cc2e6,4052,0x488bb1b37ba4a7399b21a27b320ecc652075e135,4260.127674,4260.127674,4248.15324,1,1,1704341533
2024-01-04,0x7f670f78b17dec44d5ef68a48740b6f8849cc2e6,4246,0x5a884d400df60d92391185d39bf169700a049539,665.448142,665.448142,665.448142,1,1,1704494711
2024-01-04,0x7f670f78b17dec44d5ef68a48740b6f8849cc2e6,4272,0x137d0a214c0a24962fd0ad046994d4ac385e6800,645.488751,645.488751,0.0,1,0,1704343401
2024-01-04,0x7f670f78b17dec44d5ef68a48740b6f8849cc2e6,4477,0x90554d3c00b5b34fa2849b76c17bc874c90f9563,2463.92971,2463.92971,2390.838306,1,1,1704347723
2024-01-04,0x7f670f78b17dec44d5ef68a48740b6f8849cc2e6,4670,0xe85dbb09a699c0543c363c3f6e51ef0049e3edc5,459.41667,459.41667,0.0,1,0,1704560645
2024-01-04,0x7f670f78b17dec44d5ef68a48740b6f8849cc2e6,4786,0x92efff5ba1904bbc6112bb463c0e94ca234c220b,434.121951,434.121951,0.0,1,0,1704655933
2024-01-04,0x7f670f78b17dec44d5ef68a48740b6f8849cc2e6,4890,0x12f03f0f9b9384feee357ab255b42ae99fdb8895,0.0,0.0,411.911121,0,1,1704421327
2024-01-04,0x7f670f78b17dec44d5ef68a48740b6f8849cc2e6,4936,0x77e395ccb0f042083f389404f3459dad40b6d552,1088.001821,1088.001821,313.108518,1,1,1704838611
2024-01-04,0x7f670f78b17dec44d5ef68a48740b6f8849cc2e6,4972,0x9baa120b011334ae37ce01ac7c714c934cd7648d,0.0,0.0,404.198802,0,1,1704421219
2024-01-04,0x7f670f78b17dec44d5ef68a48740b6f8849cc2e6,5051,0x349e7c22cd2a12d42073443c633d2478a419b578,0.0,0.0,397.586586,0,1,1704373999
2024-01-04,0x7f670f78b17dec44d5ef68a48740b6f8849cc2e6,5339,0x87ae00631183f8ae41dafab2b0eb959fcf4f8b9d,379.15075,379.15075,379.15075,1,1,1704839939
2024-01-04,0x7f670f78b17dec44d5ef68a48740b6f8849cc2e6,5381,0x5600ff522af4782dee24727a306e13c6d810dc3c,380.250759,380.250759,0.0,1,0,1704415987
2024-01-04,0x7f670f78b17dec44d5ef68a48740b6f8849cc2e6,5554,0xc15ab8dd7daeea5f1aa3b56507cac8a877e21b15,2660.679294,2660.679294,0.0,1,0,1704794473
2024-01-04,0x7f670f78b17dec44d5ef68a48740b6f8849cc2e6,5674,0xa8621894ca5ab12391c3b387cb2a238a93e238a3,1647.790455,1647.790455,0.0,1,0,1704524805
2024-01-04,0x7f670f78b17dec44d5ef68a48740b6f8849cc2e6,5719,0x0e9e11fe0f6e6abbe12ba1d099dcf27b1c4b473b,0.0,0.0,531.834117,0,1,1704926203
2024-01-04,0x7f670f78b17dec44d5ef68a48740b6f8849cc2e6,6048,0xdae55f2c0367f24d13e72e75392cf2d68a450f7e,179.785948,179.785948,177.748089,1,1,1704746857
2024-01-04,0x7f670f78b17dec44d5ef68a48740b6f8849cc2e6,6169,0xe172bd02f842e98183cdbb8294bf23f625588d9e,356.201853,356.201853,0.0,1,0,1704413347
2024-01-04,0x7f670f78b17dec44d5ef68a48740b6f8849cc2e6,6253,0x3e1084ddb8a931a2cae673292f5e707b5125c2f0,355.655809,355.655809,355.13845,1,1,1704467887
2024-01-04,0x7f670f78b17dec44d5ef68a48740b6f8849cc2e6,6260,0x1962f0009f1a7f1ea458f7f7574f9798dc851fe0,350.882686,350.882686,350.882686,1,1,1704434715
2024-01-04,0x7f670f78b17dec44d5ef68a48740b6f8849cc2e6,6347,0xb1e436ff825f116d390356f606f059ddadec96a6,418.194605,418.194605,0.0,1,0,1704455865
2024-01-04,0x7f670f78b17dec44d5ef68a48740b6f8849cc2e6,6564,0xbdec7287c08c0c153f9843c4796d59e3bf7178e4,29.103105,29.103105,0.0,1,0,1704633107
2024-01-04,0x7f670f78b17dec44d5ef68a48740b6f8849cc2e6,6717,0x043951150857e82d8f59bcabf1cf4ef99fb9ae03,0.0,0.0,466.051207,0,1,1704493161
2024-01-04,0x7f670f78b17dec44d5ef68a48740b6f8849cc2e6,6777,0xee6c29d19ac7f94a2d100a9a6bac8491d1c5bad8,1183.948283,1183.948283,1189.150232,1,1,1704365599
2024-01-04,0x7f670f78b17dec44d5ef68a48740b6f8849cc2e6,6850,0x47b0c8c154fb9222d22e170a0801b9807dee2576,343.935343,343.935343,346.057191,1,1,1704453199
2024-01-04,0x7f670f78b17dec44d5ef68a48740b6f8849cc2e6,7150,0x80f849a5e7cb6cf07f1146135bc9c6bff3f004f8,1.433001,1.433001,2.077205,1,1,1704705089
2024-01-04,0x7f670f78b17dec44d5ef68a48740b6f8849cc2e6,7445,0x9f298d2f27d98dda3399230bef6c366b032004e3,872.236825,872.236825,881.729845,1,1,1704882051
2024-01-04,0x7f670f78b17dec44d5ef68a48740b6f8849cc2e6,7563,0x906da44ec1975c9949e1b9ee04ab6df2976bdd22,3.844156,3.844156,4.273411,1,1,1704926287
2024-01-04,0x7f670f78b17dec44d5ef68a48740b6f8849cc2e6,7744,0x08a66e3e114b64d8a1235388dc99c35a2938b982,46.243939,46.243939,0.0,1,0,1704409089
2024-01-04,0x7f670f78b17dec44d5ef68a48740b6f8849cc2e6,7844,0x4dccb4444a0a804b778ddac22dc21b4fd0fe1a0d,4.8022,4.8022,4.827035,1,1,1704885359
2024-01-04,0x7f670f78b17dec44d5ef68a48740b6f8849cc2e6,7920,0xf849c3169e095a54ed49f7ba1e94f1102c356988,0.0,0.0,5.359341,0,1,1704493249
2024-01-04,0x7f670f78b17dec44d5ef68a48740b6f8849cc2e6,8032,0xf265702178a66b4b7ce079fc8a1629e47cf1bcde,196058.840273,196058.840273,0.0,1,0,1704923031
2024-01-04,0x7f670f78b17dec44d5ef68a48740b6f8849cc2e6,8476,0xec5b22756d0191fbbb4afffdd5ae2a660538d196,1284.752921,1284.752921,0.0,1,0,1704806005
2024-01-04,0x7f670f78b17dec44d5ef68a48740b6f8849cc2e6,8498,0x728d66a885376d1ddf0809f4254085f171b157bd,17861.035054,17861.035054,0.0,1,0,1704349107
2024-01-04,0x7f670f78b17dec44d5ef68a48740b6f8849cc2e6,8543,0xd69334db1e0858da4ec72c9ed14c4319c5761c3f,16521.510313,16521.510313,0.0,1,0,1704336247
2024-01-04,0x7f670f78b17dec44d5ef68a48740b6f8849cc2e6,8589,0x05ed99aafe5bfc33e1636d57e03f55caf0b0e912,8366.698378,8366.698378,0.0,1,0,1704879883
2024-01-04,0x7f670f78b17dec44d5ef68a48740b6f8849cc2e6,8665,0x7cb6329ef5a332e8687888d604b03cf9afefc944,1732.390695,1732.390695,0.0,1,0,1704373375
2024-01-04,0x7f670f78b17dec44d5ef68a48740b6f8849cc2e6,9260,0xa96a2500ff54c0b38e69a66cafc1dcaa76651667,1744.176734,1744.176734,0.0,1,0,1704624955
2024-01-04,0x7f670f78b17dec44d5ef68a48740b6f8849cc2e6,9261,0xb6f28ae8f31d85dc27361852b986286113bc588d,2201.886923,2201.886923,0.0,1,0,1704923715
2024-01-04,0x7f670f78b17dec44d5ef68a48740b6f8849cc2e6,9262,0xd69334db1e0858da4ec72c9ed14c4319c5761c3f,4029.254959,12087.764878,8058.509919,3,2,1704504753
2024-01-04,0x7f670f78b17dec44d5ef68a48740b6f8849cc2e6,9427,0xba9d854c4b9ae5eef3dad86e1b65d661938b27a1,16755.80471,16755.80471,17238.443701,1,1,1704887177
2024-01-04,0x7f670f78b17dec44d5ef68a48740b6f8849cc2e6,9493,0x0ba892e34ea9f88ee54928f4f5f4d41f79c705b1,2873.904894,2873.904894,0.0,1,0,1704444447
2024-01-04,0x7f670f78b17dec44d5ef68a48740b6f8849cc2e6,9546,0x175fb20b9b5bcf80a0167d403405e6f3a074cfa0,57.017919,57.017919,57.375054,1,1,1704483903
2024-01-04,0x7f670f78b17dec44d5ef68a48740b6f8849cc2e6,9670,0x137d0a214c0a24962fd0ad046994d4ac385e6800,761.759509,761.759509,928.47355,1,1,1704343413
2024-01-04,0x7f670f78b17dec44d5ef68a48740b6f8849cc2e6,9694,0x97db0e57b1c315a08cc889ed405adb100d7f137d,1393.014074,1393.014074,0.0,1,0,1704567501
2024-01-04,0x7f670f78b17dec44d5ef68a48740b6f8849cc2e6,9707,0x60034a6d90f54d3bbc3188033fd08b1a146802ba,1282.134378,1282.134378,1282.134378,1,1,1704905041
2024-01-04,0x7f670f78b17dec44d5ef68a48740b6f8849cc2e6,9759,0xc315f794b2b2f988d15feaa380f0b36f1842a806,6860.317963,6860.317963,0.0,1,0,1704382933
2024-01-04,0x7f670f78b17dec44d5ef68a48740b6f8849cc2e6,9848,0xdbd141d31bf07efbbf17b4c3d8d4d0465ab2c871,472.051211,472.051211,0.0,1,0,1704410719
2024-01-04,0x7f670f78b17dec44d5ef68a48740b6f8849cc2e6,9907,0x4127143a866bf5d8ad2afb6de8e63164b8ad5bf6,181168.250654,181168.250654,0.0,1,0,1704897287
2024-01-04,0x7f670f78b17dec44d5ef68a48740b6f8849cc2e6,10017,0xa4f0b6899ca568df1595a3d12054499e5e1c9faf,1996.263161,1996.263161,0.0,1,0,1704388609
2024-01-04,0x7f670f78b17dec44d5ef68a48740b6f8849cc2e6,10026,0x6613a1521394c2f17c7d705e48279e44c2a01936,1482.385514,1482.385514,0.0,1,0,1704330801
2024-01-04,0x7f670f78b17dec44d5ef68a48740b6f8849cc2e6,10044,0xec7c75a3f03598fd7f9babcdd904ecf389f78c4f,2000.037669,2000.037669,0.0,1,0,1704398377
2024-01-04,0x7f670f78b17dec44d5ef68a48740b6f8849cc2e6,10080,0x80b9f11600a39f3a4165468614b0e2b0365cc1d4,89.877863,89.877863,0.0,1,0,1704428059
2024-01-04,0x7f670f78b17dec44d5ef68a48740b6f8849cc2e6,10223,0x96d99a6a34e71da18ebd06cd22bb7dfa0886fa4d,0.0,0.0,0.426922,0,1,1704399515
2024-01-04,0x7f670f78b17dec44d5ef68a48740b6f8849cc2e6,10231,0xbfa6aec24660af282d339e8be663554c5818af03,751.834572,1991.588975,1832.511744,3,3,1704435749
2024-01-04,0x7f670f78b17dec44d5ef68a48740b6f8849cc2e6,10261,0x97d37e8b619cf4c6145da456766ca4fa157292d3,11140.945771,11140.945771,0.0,1,0,1704803215
2024-01-04,0x7f670f78b17dec44d5ef68a48740b6f8849cc2e6,10295,0xc875b3dae5b0c371bc8cf9ded64868b78ac47587,122056.199126,122056.199126,999999.988225,1,1,1704913979
2024-01-04,0x7f670f78b17dec44d5ef68a48740b6f8849cc2e6,10333,0x424560d740c87ca051c86d184392e848708c1262,3160.748393,3160.748393,0.0,1,0,1704652885
2024-01-04,0x7f670f78b17dec44d5ef68a48740b6f8849cc2e6,10343,0x869921f41af38fe397c8309d3d1885809508b723,4.577934,4.577934,0.527322,1,1,1704331397
2024-01-04,0x7f670f78b17dec44d5ef68a48740b6f8849cc2e6,10379,0x7c2a79124cf65fe7f671f421d767c8d2ab7cd7e1,2522.243187,2522.243187,0.0,1,0,1704770899
2024-01-04,0x7f670f78b17dec44d5ef68a48740b6f8849cc2e6,10396,0x9a9bfa5ff9f86235779814d43f77c7669f6766f2,736.480451,736.480451,368.776217,1,1,1704331195
2024-01-04,0x7f670f78b17dec44d5ef68a48740b6f8849cc2e6,10477,0x18acc7e09e5b4adaf4d51dce21bc2ac616ea9440,2904.021172,2904.021172,0.0,1,0,1704368155
2024-01-04,0x7f670f78b17dec44d5ef68a48740b6f8849cc2e6,10538,0xc315f794b2b2f988d15feaa380f0b36f1842a806,920.0,920.0,0.0,1,0,1704382951
2024-01-04,0x7f670f78b17dec44d5ef68a48740b6f8849cc2e6,10598,0x6f531b21829dbff76445910959052b0f4c08b5b5,65.320328,65.320328,65.547622,1,1,1704522417
2024-01-04,0x7f670f78b17dec44d5ef68a48740b6f8849cc2e6,10609,0x75da3386d4de9fdcdc29ebc2f92e466865197ee5,106.769929,284.578124,260.844958,3,3,1704818157
2024-01-04,0x7f670f78b17dec44d5ef68a48740b6f8849cc2e6,10630,0xdaaffba0ab113acbee5c65ecdcccdc60aaf7d110,792.596204,792.596204,0.0,1,0,1704896729
2024-01-04,0x7f670f78b17dec44d5ef68a48740b6f8849cc2e6,10635,0xae80a091efd5f808371c723f8ea82bb6560f9b10,110.898501,110.898501,71.447267,1,1,1704723123
2024-01-04,0x7f670f78b17dec44d5ef68a48740b6f8849cc2e6,10647,0x712180063c3b8aaedabc68e73803c3e299614749,10405.515296,10405.515296,0.0,1,0,1704762301
2024-01-04,0x7f670f78b17dec44d5ef68a48740b6f8849cc2e6,10651,0x2fe5a31a678a114a297b18dec7771601fdcdec9f,16313.032899,16313.032899,0.0,1,0,1704871417
2024-01-04,0x7f670f78b17dec44d5ef68a48740b6f8849cc2e6,10656,0x145acc258b553369e51b4e5fb4d7b7201125eecb,0.0,0.0,0.065329,0,1,1704358311
2024-01-04,0x7f670f78b17dec44d5ef68a48740b6f8849cc2e6,10783,0x501ab5290fbdfe5167a1ec8b49a897b342765985,30.371996,30.371996,0.0,1,0,1704776401
2024-01-04,0x7f670f78b17dec44d5ef68a48740b6f8849cc2e6,10829,0x9310a32f12a28f9f4fb54d60a41eb3bfbd86a16a,15.546672,15.546672,0.0,1,0,1704334369
2024-01-04,0x7f670f78b17dec44d5ef68a48740b6f8849cc2e6,10833,0xfc61e3721a0fe90da853f43e0f9cc6818815b1eb,1147.373007,1147.373007,0.0,1,0,1704360577
2024-01-04,0x7f670f78b17dec44d5ef68a48740b6f8849cc2e6,10837,0x77d6321734f242b34f1fa39b970209cf9bb75073,748.490949,748.490949,0.0,1,0,1704372303
2024-01-04,0x7f670f78b17dec44d5ef68a48740b6f8849cc2e6,10838,0x72421bcbd0bc46fdda98f29505177cf09b710cd8,28.068481,28.068481,0.0,1,0,1704385153
2024-01-04,0x7f670f78b17dec44d5ef68a48740b6f8849cc2e6,10842,0xa4f0b6899ca568df1595a3d12054499e5e1c9faf,1862.476287,1862.476287,0.0,1,0,1704390823
2024-01-04,0x7f670f78b17dec44d5ef68a48740b6f8849cc2e6,10848,0x39710de80639d12732ab40b41c185bba1d2252d8,116.245278,116.245278,0.0,1,0,1704411545
2024-01-04,0x7f670f78b17dec44d5ef68a48740b6f8849cc2e6,10849,0xb5687c5ac13eea05bc1285dbe837192dd028be81,38.491485,38.491485,0.0,1,0,1704415251
2024-01-04,0x7f670f78b17dec44d5ef68a48740b6f8849cc2e6,10882,0x7b61766716e466331a2d302c0c0382af97f30f51,14.84142,14.84142,0.0,1,0,1704582389
2024-01-04,0x7f670f78b17dec44d5ef68a48740b6f8849cc2e6,10891,0x92616db33b534e8f2c5281396cb9c1dd88470365,0.273659,0.273659,0.0,1,0,1704595955
2024-01-04,0x7f670f78b17dec44d5ef68a48740b6f8849cc2e6,10903,0x37d893705acea43cdeb3423de8e66464fb295daa,683.817608,683.817608,0.0,1,0,1704677187
2024-01-04,0x7f670f78b17dec44d5ef68a48740b6f8849cc2e6,10909,0xe79a3cd39dc76cd97ace0a665edf9ec3f19af42c,10627.515962,10627.515962,0.0,1,0,1704722193
2024-01-04,0x7f670f78b17dec44d5ef68a48740b6f8849cc2e6,10926,0xec493b8ee4aec10e4e2cc0c2f1da65aadb23bcfd,3984.52399,3984.52399,0.0,1,0,1704849053
2024-01-04,0x7f670f78b17dec44d5ef68a48740b6f8849cc2e6,10948,0x4706cf76b3860c706ec00db15b076e4d213669e7,1615.241829,1615.241829,0.0,1,0,1704835857
2024-01-04,0x7f670f78b17dec44d5ef68a48740b6f8849cc2e6,10950,0x32e39feeb3c6e5bb296ec0fd7c10489711e13317,993.096162,993.096162,0.0,1,0,1704849677
2024-01-04,0x7f670f78b17dec44d5ef68a48740b6f8849cc2e6,10951,0xec493b8ee4aec10e4e2cc0c2f1da65aadb23bcfd,9459.547473,9459.547473,0.0,1,0,1704849673
2024-01-04,0x82a0c1a0d4ef0c0ca3cfda3ad1aa78309cc6139b,23,0xc01a1cd505e6afcd3ced2ee1bac67890497f6654,193002.484949,193002.484949,0.0,1,0,1704924707
2024-01-04,0x82a0c1a0d4ef0c0ca3cfda3ad1aa78309cc6139b,48,0x12478d1a60a910c9cbffb90648766a2bdd5918f5,1303633.665382,1303633.665382,743849.895399,1,1,1704926909
2024-01-04,0x82a0c1a0d4ef0c0ca3cfda3ad1aa78309cc6139b,51,0x0f228805c03a693aa964a791e0b2e2c6e6c6513f,287736.922317,287736.922317,718295.904728,1,1,1704923325
2024-01-04,0x82a0c1a0d4ef0c0ca3cfda3ad1aa78309cc6139b,55,0x285fed35cbea271a711681e84ffd83c68a596a75,112374.606788,112374.606788,112374.606788,1,1,1704918159
2024-01-04,0x82a0c1a0d4ef0c0ca3cfda3ad1aa78309cc6139b,56,0x48a5a6a01ba89cddf97d2d552923d5a11401ed19,167112.971895,167112.971895,0.0,1,0,1704927135
2024-01-04,0x82a0c1a0d4ef0c0ca3cfda3ad1aa78309cc6139b,91,0x423a66a3ce61eaa3bcd922c4d71b781e01d746f0,385028.254254,385028.254254,320390.139724,1,1,1704924083
2024-01-04,0x82a0c1a0d4ef0c0ca3cfda3ad1aa78309cc6139b,107,0x96ec73998ab961041b6f6f34e815dd0063301269,506293.423721,506293.423721,505556.937109,1,1,1704926815
2024-01-04,0x82a0c1a0d4ef0c0ca3cfda3ad1aa78309cc6139b,110,0x05e09d942505764bca4475abf8efdbc21d1c535b,123025.685756,123025.685756,74178.042933,1,1,1704923567
2024-01-04,0x82a0c1a0d4ef0c0ca3cfda3ad1aa78309cc6139b,152,0x3eb5d4e874f5a9228f291486329e3e935cac468c,0.0,0.0,293425.128091,0,1,1704441825
2024-01-04,0x82a0c1a0d4ef0c0ca3cfda3ad1aa78309cc6139b,165,0x54ecb3397b0bf31cb0b81eb2444e2a7b32507d8b,82209.282642,82209.282642,82089.695791,1,1,1704920083
2024-01-04,0x82a0c1a0d4ef0c0ca3cfda3ad1aa78309cc6139b,199,0x69323bd279f2ed51bffe88ab8f25a46fc53562bb,201967.008471,201967.008471,202352.255202,1,1,1704926937
2024-01-04,0x82a0c1a0d4ef0c0ca3cfda3ad1aa78309cc6139b,203,0x637fceaf3e5289d2b396b831335e7d8a180c5656,19039.282843,19039.282843,19039.282843,1,1,1704926293
2024-01-04,0x82a0c1a0d4ef0c0ca3cfda3ad1aa78309cc6139b,223,0xb6a4035370947825d94ca4ac5d30d828ad50265c,0.0,0.0,166208.486922,0,1,1704914149
2024-01-04,0x82a0c1a0d4ef0c0ca3cfda3ad1aa78309cc6139b,238,0xb6f28ae8f31d85dc27361852b986286113bc588d,41879.542339,41879.542339,0.0,1,0,1704923647
2024-01-04,0x82a0c1a0d4ef0c0ca3cfda3ad1aa78309cc6139b,241,0xd639eee81b30d8b34d5d8cbce83f193e2ba298e4,0.0,0.0,76613.784958,0,1,1704919697
2024-01-04,0x82a0c1a0d4ef0c0ca3cfda3ad1aa78309cc6139b,271,0x791437cc4fa77c534b8b55d0cc6f06c9cab5ebb5,125142.707548,125142.707548,0.0,1,0,1704924241
2024-01-04,0x82a0c1a0d4ef0c0ca3cfda3ad1aa78309cc6139b,289,0x95b05f935655c37ada2088c5767e5006f230b068,11486.219352,11486.219352,11486.219352,1,1,1704921527
2024-01-04,0x82a0c1a0d4ef0c0ca3cfda3ad1aa78309cc6139b,341,0xb1d47d39c3bb868e5e4be068b7057d4caad0b31c,41523.664202,41523.664202,0.0,1,0,1704926799
2024-01-04,0x82a0c1a0d4ef0c0ca3cfda3ad1aa78309cc6139b,343,0xb1d47d39c3bb868e5e4be068b7057d4caad0b31c,43771.192134,43771.192134,43771.192134,1,1,1704926809
2024-01-04,0x82a0c1a0d4ef0c0ca3cfda3ad1aa78309cc6139b,390,0x873d59965b2c97ecd536be8438153db432597b9d,0.0,0.0,33885.494001,0,1,1704927553
2024-01-04,0x82a0c1a0d4ef0c0ca3cfda3ad1aa78309cc6139b,433,0x4a9a3815060c3bd08fb4d44c9e74513874771b0c,0.0,0.0,65136.972792,0,1,1704371677
2024-01-04,0x82a0c1a0d4ef0c0ca3cfda3ad1aa78309cc6139b,475,0xda1d9534bef3344fa5be3b644b767b349e7415c7,14172.411717,14172.411717,13858.728231,1,1,1704926539
2024-01-04,0x82a0c1a0d4ef0c0ca3cfda3ad1aa78309cc6139b,523,0xde93a283495fa2834047b53871a8e4e09f96d841,0.0,0.0,11525.28846,0,1,1704911997
2024-01-04,0x82a0c1a0d4ef0c0ca3cfda3ad1aa78309cc6139b,686,0x485efc3c9ce74e870d4b3765049856435f3d08c6,0.0,0.0,28672.83371,0,1,1704368789
2024-01-04,0x82a0c1a0d4ef0c0ca3cfda3ad1aa78309cc6139b,690,0x3c04ec0d34f8c074644a792ce04366ab789d3eb3,28747.938259,28747.938259,0.0,1,0,1704923633
2024-01-04,0x82a0c1a0d4ef0c0ca3cfda3ad1aa78309cc6139b,778,0x01f12fb1d38156fc6d1c9a7d813bde4b52d38e47,31225.440765,31225.440765,0.0,1,0,1704923743
2024-01-04,0x82a0c1a0d4ef0c0ca3cfda3ad1aa78309cc6139b,794,0xd48b17b111579360d1465ccc470144967505c053,0.0,0.0,22456.013932,0,1,1704372693
2024-01-04,0x82a0c1a0d4ef0c0ca3cfda3ad1aa78309cc6139b,801,0x2c9c3050b242df683c5db26a0c5874c938e06b8f,0.0,0.0,22041.532548,0,1,1704919859
2024-01-04,0x82a0c1a0d4ef0c0ca3cfda3ad1aa78309cc6139b,808,0x5f338dd3c5ba4e5368a6139b81e1c120ccb2567d,0.0,0.0,21618.295671,0,1,1704838975
2024-01-04,0x82a0c1a0d4ef0c0ca3cfda3ad1aa78309cc6139b,836,0xe6b5a31d8bb53d2c769864ac137fe25f4989f1fd,0.0,0.0,20655.549826,0,1,1704923301
2024-01-04,0x82a0c1a0d4ef0c0ca3cfda3ad1aa78309cc6139b,842,0x58bcf1ac25551dd4eb790f2ef68c1857dcd67d9b,5187.070237,5187.070237,0.0,1,0,1704925315
2024-01-04,0x82a0c1a0d4ef0c0ca3cfda3ad1aa78309cc6139b,870,0xf2829fc923b6fd040ead55d3f973f2953e86d13e,18839.924814,18839.924814,0.0,1,0,1704923743
2024-01-04,0x82a0c1a0d4ef0c0ca3cfda3ad1aa78309cc6139b,879,0x34ff77a853a14579d2120ac08c5e342cee08ad71,3736.490495,3736.490495,3731.055158,1,1,1704926961
2024-01-04,0x82a0c1a0d4ef0c0ca3cfda3ad1aa78309cc6139b,910,0x16b00db74167b7469dda63b674ca9a3b1b70c439,10927.334017,10927.334017,0.0,1,0,1704925077
2024-01-04,0x82a0c1a0d4ef0c0ca3cfda3ad1aa78309cc6139b,912,0x49a5492fdfe5acc966dd5f41310dfdfe8daa349c,25554.667534,25554.667534,0.0,1,0,1704924399
2024-01-04,0x82a0c1a0d4ef0c0ca3cfda3ad1aa78309cc6139b,1125,0x012ed994df76022637f79ff9e209d7d44a4d1c8e,0.0,0.0,12309.034353,0,1,1704927155
2024-01-04,0x82a0c1a0d4ef0c0ca3cfda3ad1aa78309cc6139b,1129,0x56e08babb8bf928bd8571d2a2a78235ae57ae5bd,3381.282892,3381.282892,3357.193652,1,1,1704925299
2024-01-04,0x82a0c1a0d4ef0c0ca3cfda3ad1aa78309cc6139b,1162,0x72241b7cd963cf56ba409e80ed59e1aee76a1ada,12778.079797,12778.079797,0.0,1,0,1704924325
2024-01-04,0x82a0c1a0d4ef0c0ca3cfda3ad1aa78309cc6139b,1226,0x57b8858dcf27d5e46ff442e5a7ae9e6e440ef131,0.0,0.0,11675.622003,0,1,1704822705
2024-01-04,0x82a0c1a0d4ef0c0ca3cfda3ad1aa78309cc6139b,1364,0xc62f2483eed109d42c78147ea618d858578103d8,11961.820314,11961.820314,0.0,1,0,1704926539
2024-01-04,0x82a0c1a0d4ef0c0ca3cfda3ad1aa78309cc6139b,1472,0xf1f57b31a953f8e481c5c8f52fe38600268dba14,0.0,0.0,1910.75733,0,1,1704771693
2024-01-04,0x82a0c1a0d4ef0c0ca3cfda3ad1aa78309cc6139b,1492,0x864de5bbaf4b8c808e94a8385b95b0855d170137,0.0,0.0,7394.575801,0,1,1704829209
2024-01-04,0x82a0c1a0d4ef0c0ca3cfda3ad1aa78309cc6139b,1762,0x6708cfc9aad523f63be6ce23ef082a79af705992,0.0,0.0,5328.382001,0,1,1704887523
2024-01-04,0x82a0c1a0d4ef0c0ca3cfda3ad1aa78309cc6139b,1796,0x94003c45a74dbe132d45d15a0993caebf55aeb61,0.0,0.0,7778.009052,0,1,1704927389
2024-01-04,0x82a0c1a0d4ef0c0ca3cfda3ad1aa78309cc6139b,1862,0x5f05a92fafe95a92e302bd0dd1479db425b4dc17,5328.909836,5328.909836,0.0,1,0,1704925191
2024-01-04,0x82a0c1a0d4ef0c0ca3cfda3ad1aa78309cc6139b,2251,0xe93fb6784e7cec8fb8d283a70295df714f3c0db7,2199.064004,2199.064004,2162.87194,1,1,1704555937
2024-01-04,0x82a0c1a0d4ef0c0ca3cfda3ad1aa78309cc6139b,2261,0xde7667870f823e899b1d21cce01ed690e4c80f51,1119.177849,1119.177849,0.0,1,0,1704924791
2024-01-04,0x82a0c1a0d4ef0c0ca3cfda3ad1aa78309cc6139b,2271,0xa2451e7404b3e1811dd06649dfd8f34d1c579be0,3653.401983,3653.401983,3623.410244,1,1,1704922449
2024-01-04,0x82a0c1a0d4ef0c0ca3cfda3ad1aa78309cc6139b,2319,0x0e80a01f8e69d535975fa34e64498651bc74247f,0.0,0.0,8010.239876,0,1,1704927267
2024-01-04,0x82a0c1a0d4ef0c0ca3cfda3ad1aa78309cc6139b,2331,0xcc749d05e9d6cc7d978c533f964ab785742a65d5,0.0,0.0,3502.709091,0,1,1704916519
2024-01-04,0x82a0c1a0d4ef0c0ca3cfda3ad1aa78309cc6139b,2333,0xacecac0129b7ffbc5879e7175c5d46227c4a8c37,0.0,0.0,3499.214261,0,1,1704917587
2024-01-04,0x82a0c1a0d4ef0c0ca3cfda3ad1aa78309cc6139b,2611,0xf790bb9a7221c9a3e9983f3a6c23f6048002a529,3073.750704,3073.750704,3073.750704,1,1,1704912203
2024-01-04,0x82a0c1a0d4ef0c0ca3cfda3ad1aa78309cc6139b,2804,0x5e2eda615fe7360f415282abbcfcaef720207fb1,0.0,0.0,4806.042251,0,1,1704921611
2024-01-04,0x82a0c1a0d4ef0c0ca3cfda3ad1aa78309cc6139b,2873,0x9a62db4c17146172c0b88e7e439df169a0f93e0e,0.0,0.0,891.74272,0,1,1704828695
2024-01-04,0x82a0c1a0d4ef0c0ca3cfda3ad1aa78309cc6139b,3066,0x9e59edf20d62acbc689d5e72b8f72fedd7a3d282,12662.436954,12662.436954,0.0,1,0,1704926305
2024-01-04,0x82a0c1a0d4ef0c0ca3cfda3ad1aa78309cc6139b,3347,0x175fb20b9b5bcf80a0167d403405e6f3a074cfa0,193.339338,193.339338,193.339338,1,1,1704483891
2024-01-04,0x82a0c1a0d4ef0c0ca3cfda3ad1aa78309cc6139b,3400,0x1e51745bdb4436563097833ba83dcc51109d9fa8,0.0,0.0,718.259064,0,1,1704924131
2024-01-04,0x82a0c1a0d4ef0c0ca3cfda3ad1aa78309cc6139b,3470,0x8dc4eac2012e04f62ef6445cdf4b19dea81a2d8b,1738.310991,1738.310991,1722.911232,1,1,1704917805
2024-01-04,0x82a0c1a0d4ef0c0ca3cfda3ad1aa78309cc6139b,3781,0xaf11495f021c5c2c5f5230f40d5d57ebe4059700,28808.415035,28808.415035,0.0,1,0,1704924225
2024-01-04,0x82a0c1a0d4ef0c0ca3cfda3ad1aa78309cc6139b,3862,0x3e88681de2e12d1ac4116a7a6fb964a2c4c102ae,0.0,0.0,966.059477,0,1,1704924963
2024-01-04,0x82a0c1a0d4ef0c0ca3cfda3ad1aa78309cc6139b,4119,0xc2a08ff99df2dd45ca5cf5bc6636954f33294830,391.770091,391.770091,391.200198,1,1,1704926671
2024-01-04,0x82a0c1a0d4ef0c0ca3cfda3ad1aa78309cc6139b,4146,0xfc1aa1f2e40ec0cc25300c4b08b8513984844f19,1938.808408,1938.808408,1935.988094,1,1,1704342053
2024-01-04,0x82a0c1a0d4ef0c0ca3cfda3ad1aa78309cc6139b,4193,0xb2ee21d215bda783c82dcf95d48c8984f5198bf3,694.33728,694.33728,694.33728,1,1,1704912367
2024-01-04,0x82a0c1a0d4ef0c0ca3cfda3ad1aa78309cc6139b,4867,0x5cd565a30872b764d93bb24c4af5e982351e4725,414.727691,414.727691,0.0,1,0,1704923465
2024-01-04,0x82a0c1a0d4ef0c0ca3cfda3ad1aa78309cc6139b,4936,0x77e395ccb0f042083f389404f3459dad40b6d552,136.000228,136.000228,626.217037,1,1,1704838611
2024-01-04,0x82a0c1a0d4ef0c0ca3cfda3ad1aa78309cc6139b,5554,0xc15ab8dd7daeea5f1aa3b56507cac8a877e21b15,0.0,0.0,5306.390731,0,1,1704794473
2024-01-04,0x82a0c1a0d4ef0c0ca3cfda3ad1aa78309cc6139b,6313,0xc0de72a1b723452cacf35570db24fa13ec8bc562,0.0,0.0,175.025474,0,1,1704750495
2024-01-04,0x82a0c1a0d4ef0c0ca3cfda3ad1aa78309cc6139b,6564,0xbdec7287c08c0c153f9843c4796d59e3bf7178e4,0.0,0.0,2.38067,0,1,1704633107
2024-01-04,0x82a0c1a0d4ef0c0ca3cfda3ad1aa78309cc6139b,6865,0x1aa4a66ef0cfa99ca9d39fdad2b05489744c972a,24.486524,24.486524,24.516018,1,1,1704429239
2024-01-04,0x82a0c1a0d4ef0c0ca3cfda3ad1aa78309cc6139b,8478,0xf265702178a66b4b7ce079fc8a1629e47cf1bcde,105363.655506,105363.655506,172908.434145,1,1,1704923441
2024-01-04,0x82a0c1a0d4ef0c0ca3cfda3ad1aa78309cc6139b,9196,0x1aa4a66ef0cfa99ca9d39fdad2b05489744c972a,2604.955295,2604.955295,2607.414526,1,1,1704429249
2024-01-04,0x82a0c1a0d4ef0c0ca3cfda3ad1aa78309cc6139b,9546,0x175fb20b9b5bcf80a0167d403405e6f3a074cfa0,38.011946,38.011946,38.250036,1,1,1704483903
2024-01-04,0x82a0c1a0d4ef0c0ca3cfda3ad1aa78309cc6139b,9630,0x9e14f3b50ee1518d32259484d7b3ab1bf5ec30c9,5482.698567,5482.698567,5510.681479,1,1,1704922301
2024-01-04,0x82a0c1a0d4ef0c0ca3cfda3ad1aa78309cc6139b,9707,0x60034a6d90f54d3bbc3188033fd08b1a146802ba,1282.134378,1282.134378,1282.134378,1,1,1704905041
2024-01-04,0x82a0c1a0d4ef0c0ca3cfda3ad1aa78309cc6139b,9904,0xdd37133ec04c73e260a50003fb4709148614b11b,1178.0,1178.0,1178.0,1,1,1704915357
2024-01-04,0x82a0c1a0d4ef0c0ca3cfda3ad1aa78309cc6139b,10294,0x48a6a8d403a58eccc70d4d57347f801d4e182564,3004370.348171,3004370.348171,2370520.999599,1,1,1704913363
2024-01-04,0x82a0c1a0d4ef0c0ca3cfda3ad1aa78309cc6139b,10295,0xc875b3dae5b0c371bc8cf9ded64868b78ac47587,366168.597378,366168.597378,0.0,1,0,1704913979
2024-01-04,0x82a0c1a0d4ef0c0ca3cfda3ad1aa78309cc6139b,10296,0x03c70563e94de5de56c11a0cc4ce3482f592854f,636467.023215,636467.023215,1269696.347628,1,1,1704929195
2024-01-04,0x82a0c1a0d4ef0c0ca3cfda3ad1aa78309cc6139b,10298,0xc9814f18a8751214f719de15c54d01b3d78ef14f,121080.710704,121080.710704,0.0,1,0,1704929143
2024-01-04,0x82a0c1a0d4ef0c0ca3cfda3ad1aa78309cc6139b,10630,0xdaaffba0ab113acbee5c65ecdcccdc60aaf7d110,792.596204,792.596204,0.0,1,0,1704896729
2024-01-04,0x82a0c1a0d4ef0c0ca3cfda3ad1aa78309cc6139b,10656,0x145acc258b553369e51b4e5fb4d7b7201125eecb,0.0,0.0,0.065329,0,1,1704358311
2024-01-04,0x84ff3b6e2046579fb2f2b891ce18ee10b5fbdbf2,24,0x208a17c5fabe5b90282e5906945ff335e39326c4,9215.819887,9215.819887,0.0,1,0,1704918173
2024-01-04,0x84ff3b6e2046579fb2f2b891ce18ee10b5fbdbf2,48,0x12478d1a60a910c9cbffb90648766a2bdd5918f5,558700.142307,558700.142307,0.0,1,0,1704926909
2024-01-04,0x84ff3b6e2046579fb2f2b891ce18ee10b5fbdbf2,51,0x0f228805c03a693aa964a791e0b2e2c6e6c6513f,287736.922317,287736.922317,0.0,1,0,1704923325
2024-01-04,0x84ff3b6e2046579fb2f2b891ce18ee10b5fbdbf2,55,0x285fed35cbea271a711681e84ffd83c68a596a75,224749.213576,224749.213576,224749.213576,1,1,1704918159
2024-01-04,0x84ff3b6e2046579fb2f2b891ce18ee10b5fbdbf2,62,0xdbd5d31b7f48adc13a0ab0c591f7e3d4f9642e69,0.0,0.0,319129.813593,0,1,1704914737
2024-01-04,0x84ff3b6e2046579fb2f2b891ce18ee10b5fbdbf2,67,0x8ce17ff2c7376e9adfe9c63c47a801097fa6c525,109298.786848,109298.786848,109139.793882,1,1,1704918343
2024-01-04,0x84ff3b6e2046579fb2f2b891ce18ee10b5fbdbf2,68,0x132e47cf2c19ec2d8dd56e1528fc7e18dc09188f,165420.077325,165420.077325,0.0,1,0,1704921047
2024-01-04,0x84ff3b6e2046579fb2f2b891ce18ee10b5fbdbf2,105,0x208a17c5fabe5b90282e5906945ff335e39326c4,26143.462776,26143.462776,0.0,1,0,1704917695
2024-01-04,0x84ff3b6e2046579fb2f2b891ce18ee10b5fbdbf2,165,0x54ecb3397b0bf31cb0b81eb2444e2a7b32507d8b,82209.282642,82209.282642,0.0,1,0,1704920083
2024-01-04,0x84ff3b6e2046579fb2f2b891ce18ee10b5fbdbf2,254,0xdbd5d31b7f48adc13a0ab0c591f7e3d4f9642e69,69687.094336,69687.094336,69585.723057,1,1,1704914793
2024-01-04,0x84ff3b6e2046579fb2f2b891ce18ee10b5fbdbf2,277,0x68acb2051b73c2342be78cd1a7e5ca44483d10c5,0.0,0.0,30095.787095,0,1,1704927397
2024-01-04,0x84ff3b6e2046579fb2f2b891ce18ee10b5fbdbf2,289,0x95b05f935655c37ada2088c5767e5006f230b068,11438.519975,11438.519975,11438.519975,1,1,1704921527
2024-01-04,0x84ff3b6e2046579fb2f2b891ce18ee10b5fbdbf2,304,0xbbb33d2e7bd7ddc722e53da9ca8ee97df41cfabf,26773.623179,26773.623179,0.0,1,0,1704798599
2024-01-04,0x84ff3b6e2046579fb2f2b891ce18ee10b5fbdbf2,555,0xa3f2d88fb722d4f2a082edbf98354b81dc34829e,21261.694405,21261.694405,0.0,1,0,1704921043
2024-01-04,0x84ff3b6e2046579fb2f2b891ce18ee10b5fbdbf2,597,0x1ce0c2b445c8e87ea4c40b6e721d9a39b09f6459,9117.962538,9117.962538,18235.925076,1,1,1704922275
2024-01-04,0x84ff3b6e2046579fb2f2b891ce18ee10b5fbdbf2,623,0x78082d8db5a648e92950c3ebd9867edc7cccd19f,33852.658665,33852.658665,0.0,1,0,1704921417
2024-01-04,0x84ff3b6e2046579fb2f2b891ce18ee10b5fbdbf2,748,0x5805641e589cf538004a0ccfc31a57ac1ba2cb02,0.0,0.0,12499.243852,0,1,1704926913
2024-01-04,0x84ff3b6e2046579fb2f2b891ce18ee10b5fbdbf2,778,0x01f12fb1d38156fc6d1c9a7d813bde4b52d38e47,0.0,0.0,30324.333005,0,1,1704923743
2024-01-04,0x84ff3b6e2046579fb2f2b891ce18ee10b5fbdbf2,935,0xedbf8de67f84fb7f166652f9338a9a06fbe33893,9807.886724,9807.886724,0.0,1,0,1704914557
2024-01-04,0x84ff3b6e2046579fb2f2b891ce18ee10b5fbdbf2,998,0xf240afaf9a72ba475b9799581d985a40db1a900b,15290.579328,15290.579328,0.0,1,0,1704922983
2024-01-04,0x84ff3b6e2046579fb2f2b891ce18ee10b5fbdbf2,1093,0x234ef83bd3859c04c93eaafd0ecf6dfefe2d5a4b,12839.831164,12839.831164,0.0,1,0,1704923065
2024-01-04,0x84ff3b6e2046579fb2f2b891ce18ee10b5fbdbf2,1214,0xf5ccd855b7d196c3f3d54ae65e90531f1849bbe2,10778.385145,10778.385145,0.0,1,0,1704919975
2024-01-04,0x84ff3b6e2046579fb2f2b891ce18ee10b5fbdbf2,1219,0xbb8fb8fe5198f25d117c0e7b1b9c8260cb19c3c0,10734.168329,10734.168329,10718.553725,1,1,1704912259
2024-01-04,0x84ff3b6e2046579fb2f2b891ce18ee10b5fbdbf2,1229,0x59cd5156888ae3451941a9c006303e0e79ec13e7,11931.357192,11931.357192,11931.357192,1,1,1704914651
2024-01-04,0x84ff3b6e2046579fb2f2b891ce18ee10b5fbdbf2,1319,0x02d5aaf51e74be71ad72a5d8623f544112bfb18e,0.0,0.0,9067.213942,0,1,1704905399
2024-01-04,0x84ff3b6e2046579fb2f2b891ce18ee10b5fbdbf2,1363,0x43d16ccd581e1d6a8d51768f75ddf09b79f4f856,2178.847334,2178.847334,0.0,1,0,1704908401
2024-01-04,0x84ff3b6e2046579fb2f2b891ce18ee10b5fbdbf2,1650,0x613ca7d1573dbdd7711ec1d84258a3d0fdb76d53,0.0,0.0,6295.002814,0,1,1704926013
2024-01-04,0x84ff3b6e2046579fb2f2b891ce18ee10b5fbdbf2,1659,0x3d002f4ca9bfb006d2ce5802be73b8b782ea6fdd,6216.763898,6216.763898,0.0,1,0,1704920767
2024-01-04,0x84ff3b6e2046579fb2f2b891ce18ee10b5fbdbf2,2261,0xde7667870f823e899b1d21cce01ed690e4c80f51,0.0,0.0,1015.061217,0,1,1704924791
2024-01-04,0x84ff3b6e2046579fb2f2b891ce18ee10b5fbdbf2,2698,0x924af56089af7aeb6c211ee3781e24b7444cc216,0.0,0.0,3730.287051,0,1,1704889821
2024-01-04,0x84ff3b6e2046579fb2f2b891ce18ee10b5fbdbf2,3854,0x4c1695f54208fb92a8d87add8dbea206b0771872,0.0,0.0,964.072322,0,1,1704889601
2024-01-04,0x84ff3b6e2046579fb2f2b891ce18ee10b5fbdbf2,3908,0xf60de76791c2f09995df52aa1c6e2e7dcf1e75d7,8636.421978,8636.421978,0.0,1,0,1704918049
2024-01-04,0x84ff3b6e2046579fb2f2b891ce18ee10b5fbdbf2,4340,0xcdd5ccc914ba68b56eacb1a6058475648a3fda12,0.0,0.0,474.051714,0,1,1704709705
2024-01-04,0x84ff3b6e2046579fb2f2b891ce18ee10b5fbdbf2,8032,0xf265702178a66b4b7ce079fc8a1629e47cf1bcde,196058.840273,196058.840273,0.0,1,0,1704923031
2024-01-04,0x84ff3b6e2046579fb2f2b891ce18ee10b5fbdbf2,8077,0x6b02c2b4e93e18a7a5a0a519ba36c8eb5c8a8732,1694.002118,1694.002118,0.0,1,0,1704780813
2024-01-04,0x84ff3b6e2046579fb2f2b891ce18ee10b5fbdbf2,9282,0x5929cc4d10b6a1acc5bf5d221889f10251c628a1,28965.663544,28965.663544,0.0,1,0,1704920111
2024-01-04,0x84ff3b6e2046579fb2f2b891ce18ee10b5fbdbf2,9928,0x5929cc4d10b6a1acc5bf5d221889f10251c628a1,12034.148699,12034.148699,0.0,1,0,1704920215
2024-01-04,0x84ff3b6e2046579fb2f2b891ce18ee10b5fbdbf2,10002,0x285fed35cbea271a711681e84ffd83c68a596a75,57201.409924,57201.409924,0.0,1,0,1704918217
2024-01-04,0x84ff3b6e2046579fb2f2b891ce18ee10b5fbdbf2,10294,0x48a6a8d403a58eccc70d4d57347f801d4e182564,500728.391362,500728.391362,499999.999915,1,1,1704913363
2024-01-04,0x84ff3b6e2046579fb2f2b891ce18ee10b5fbdbf2,10295,0xc875b3dae5b0c371bc8cf9ded64868b78ac47587,366168.597378,366168.597378,999999.988225,1,1,1704913979
2024-01-04,0x84ff3b6e2046579fb2f2b891ce18ee10b5fbdbf2,10296,0x03c70563e94de5de56c11a0cc4ce3482f592854f,0.0,0.0,423232.115876,0,1,1704929195
2024-01-04,0x8b432c54d6e8e1b8d1802753514ab53044af1861,7,0x586cf50c2874f3e3997660c0fd0996b090fb9764,2741815.216257,2741815.216257,2590182.070678,1,1,1704816741
2024-01-04,0x8b432c54d6e8e1b8d1802753514ab53044af1861,16,0x370880694995aa8a53f71645f7bec3b0e7bb25d9,429493.273911,429493.273911,0.0,1,0,1704904721
2024-01-04,0x8b432c54d6e8e1b8d1802753514ab53044af1861,56,0x48a5a6a01ba89cddf97d2d552923d5a11401ed19,300803.349412,300803.349412,0.0,1,0,1704927135
2024-01-04,0x8b432c54d6e8e1b8d1802753514ab53044af1861,114,0x611b0c1ed942b833c786c53883a4aa37a25602a6,70666.399605,70666.399605,0.0,1,0,1704898687
2024-01-04,0x8b432c54d6e8e1b8d1802753514ab53044af1861,122,0xc1061bc6e62d7908eb21f57788b48b3636a2c2d6,214664.830353,214664.830353,0.0,1,0,1704910059
2024-01-04,0x8b432c54d6e8e1b8d1802753514ab53044af1861,126,0xf5a93410e7e32bbf28a8eaafbd7f241cf0b290fb,0.0,0.0,419432.090361,0,1,1704859347
2024-01-04,0x8b432c54d6e8e1b8d1802753514ab53044af1861,303,0xab12253171a0d73df64b115cd43fe0a32feb9daa,26893.836837,26893.836837,0.0,1,0,1704898067
2024-01-04,0x8b432c54d6e8e1b8d1802753514ab53044af1861,348,0x5f4f120d8435ea38f0f4635a910fee03801be88d,0.0,0.0,85162.901405,0,1,1704400449
2024-01-04,0x8b432c54d6e8e1b8d1802753514ab53044af1861,458,0x7a921b0365b4571bee00ba5a1dbb422b11f13f9e,0.0,0.0,51331.610654,0,1,1704918865
2024-01-04,0x8b432c54d6e8e1b8d1802753514ab53044af1861,557,0xeaceb7f4cddb1177b752ef682ad7a0c5cd31fc05,0.0,0.0,39401.419682,0,1,1704910819
2024-01-04,0x8b432c54d6e8e1b8d1802753514ab53044af1861,567,0x327b9dee1830f8201efa751fd96f7b1ad0b300a1,37979.881551,37979.881551,0.0,1,0,1704891913
2024-01-04,0x8b432c54d6e8e1b8d1802753514ab53044af1861,621,0x6b73f2b5ddf22a3e190893bbd83e2f0a882a7dac,34897.3014,34897.3014,0.0,1,0,1704886753
2024-01-04,0x8b432c54d6e8e1b8d1802753514ab53044af1861,674,0xf076823122f106c2b7f21cbaacd1c9db1ce4cf27,7934.067079,7934.067079,0.0,1,0,1704900241
2024-01-04,0x8b432c54d6e8e1b8d1802753514ab53044af1861,712,0xd565b4ce530a9720db5d030044acada55318c749,27143.21422,27143.21422,0.0,1,0,1704926819
2024-01-04,0x8b432c54d6e8e1b8d1802753514ab53044af1861,1053,0x3216a8a03b07b6b19cbc21d62c8942e625fc3e07,5188.473682,5188.473682,0.0,1,0,1704886385
2024-01-04,0x8b432c54d6e8e1b8d1802753514ab53044af1861,2276,0x53a385d47d3a011539ec377f53acb410f53ff97d,1291.493489,1291.493489,3874.480467,1,1,1704897357
2024-01-04,0x8b432c54d6e8e1b8d1802753514ab53044af1861,2522,0xc693b4ffb338579467a541b2bf267b1955870920,797.846854,797.846854,797.846854,1,1,1704927147
2024-01-04,0x8b432c54d6e8e1b8d1802753514ab53044af1861,2727,0xf3d0cb1b3db63a5f98a0ecb05d0d9f263058b7cb,2823.770467,2823.770467,2823.770467,1,1,1704927241
2024-01-04,0x8b432c54d6e8e1b8d1802753514ab53044af1861,3405,0x353c5a5bb339a756e25d9ab983db61c7b1ac2922,1445.730201,1445.730201,0.0,1,0,1704864449
2024-01-04,0x8b432c54d6e8e1b8d1802753514ab53044af1861,3781,0xaf11495f021c5c2c5f5230f40d5d57ebe4059700,28808.415035,28808.415035,0.0,1,0,1704924225
2024-01-04,0x8b432c54d6e8e1b8d1802753514ab53044af1861,3934,0xd28f5dac3c8069339a7f48ec4a06402274470961,882.795881,882.795881,0.0,1,0,1704892553
2024-01-04,0x8b432c54d6e8e1b8d1802753514ab53044af1861,7920,0xf849c3169e095a54ed49f7ba1e94f1102c356988,3.287679,3.287679,0.0,1,0,1704493249
2024-01-04,0x8b432c54d6e8e1b8d1802753514ab53044af1861,8403,0x166c794d890dd91bbe71f304eca660e1c4892cbb,50858.311207,50858.311207,50858.311207,1,1,1704922983
2024-01-04,0x8b432c54d6e8e1b8d1802753514ab53044af1861,8478,0xf265702178a66b4b7ce079fc8a1629e47cf1bcde,140484.874008,140484.874008,172908.434145,1,1,1704923441
2024-01-04,0x8b432c54d6e8e1b8d1802753514ab53044af1861,9129,0x85f813e2b8d084bf6936143c1e813781809cb0f1,0.0,0.0,16948.287075,0,1,1704924505
2024-01-04,0x8b432c54d6e8e1b8d1802753514ab53044af1861,9324,0x166c794d890dd91bbe71f304eca660e1c4892cbb,49387.04,49387.04,0.0,1,0,1704923005
2024-01-04,0x8b432c54d6e8e1b8d1802753514ab53044af1861,10294,0x48a6a8d403a58eccc70d4d57347f801d4e182564,1001456.782724,1001456.782724,1499999.999746,1,1,1704913363
2024-01-04,0x8b432c54d6e8e1b8d1802753514ab53044af1861,10295,0xc875b3dae5b0c371bc8cf9ded64868b78ac47587,488224.796504,488224.796504,499999.994113,1,1,1704913979
2024-01-04,0x8b432c54d6e8e1b8d1802753514ab53044af1861,10296,0x03c70563e94de5de56c11a0cc4ce3482f592854f,636467.023215,636467.023215,846464.231752,1,1,1704929195
2024-01-04,0x8b432c54d6e8e1b8d1802753514ab53044af1861,10298,0xc9814f18a8751214f719de15c54d01b3d78ef14f,121080.710704,121080.710704,0.0,1,0,1704929143
2024-01-04,0x8b432c54d6e8e1b8d1802753514ab53044af1861,10449,0x370880694995aa8a53f71645f7bec3b0e7bb25d9,17988.549189,17988.549189,0.0,1,0,1704904735
2024-01-04,0x8b432c54d6e8e1b8d1802753514ab53044af1861,10630,0xdaaffba0ab113acbee5c65ecdcccdc60aaf7d110,792.596204,792.596204,0.0,1,0,1704896729
2024-01-04,0x8b432c54d6e8e1b8d1802753514ab53044af1861,10865,0x92d0ab04a2d7d117adeddc7d7777ce8ff4baaf10,3.990631,3.990631,0.0,1,0,1704489225
2024-01-04,0x8c7d15fcb443e07c5dc980901a6281f96d87c10f,609,0x87dd9282247d03e8415c37025137752522defce1,0.0,0.0,35290.072705,0,1,1704750543
2024-01-04,0x8c7d15fcb443e07c5dc980901a6281f96d87c10f,1457,0x26b5e14dbf21bfb62bff869f5f4bce8dbddbcfca,0.0,0.0,1940.23171,0,1,1704460319
2024-01-04,0x8c7d15fcb443e07c5dc980901a6281f96d87c10f,3057,0x59653fd9713a30c54237a6fd21fd97ba141abbe0,0.0,0.0,0.0,1,1,1704816447
2024-01-04,0x8c7d15fcb443e07c5dc980901a6281f96d87c10f,3133,0x6b995c46343c82c3171cea9a22e7533004307675,0.0,0.0,1750.4831,0,1,1704925445
2024-01-04,0x8c7d15fcb443e07c5dc980901a6281f96d87c10f,3381,0x185541a045ed6fe9ff1142419b647cccbd62a04a,0.0,0.0,736.59834,0,1,1704478737
2024-01-04,0x8c7d15fcb443e07c5dc980901a6281f96d87c10f,3719,0x0bf1fee0f3dbb4031e4c12e2985df93f267d53ab,0.0,0.0,1070.965608,0,1,1704880593
2024-01-04,0x8c7d15fcb443e07c5dc980901a6281f96d87c10f,3758,0xe492e921f11d8c42f78e80e9bb9abc75d9c49243,0.0,0.0,1399.831246,0,1,1704862525
2024-01-04,0x8c7d15fcb443e07c5dc980901a6281f96d87c10f,4340,0xcdd5ccc914ba68b56eacb1a6058475648a3fda12,0.0,0.0,474.051714,0,1,1704709705
2024-01-04,0x8c7d15fcb443e07c5dc980901a6281f96d87c10f,9953,0x59653fd9713a30c54237a6fd21fd97ba141abbe0,2784.0,2784.0,2784.0,1,1,1704361477
2024-01-04,0x8c7d15fcb443e07c5dc980901a6281f96d87c10f,10293,0x274829c52bba894d62a4931b46b76cfe0606ac26,0.0,0.0,43.542502,0,1,1704570287
2024-01-04,0x8f24dd646e2ae3615767ebdccc6691c54c41793f,24,0x208a17c5fabe5b90282e5906945ff335e39326c4,18431.639774,18431.639774,27647.459661,1,1,1704918173
2024-01-04,0x8f24dd646e2ae3615767ebdccc6691c54c41793f,43,0x2ddb405238368695f34d30a80ab60c449aa5ce48,122249.923814,122249.923814,0.0,1,0,1704915295
2024-01-04,0x8f24dd646e2ae3615767ebdccc6691c54c41793f,48,0x12478d1a60a910c9cbffb90648766a2bdd5918f5,1117400.284614,1117400.284614,0.0,1,0,1704926909
2024-01-04,0x8f24dd646e2ae3615767ebdccc6691c54c41793f,51,0x0f228805c03a693aa964a791e0b2e2c6e6c6513f,431605.383476,431605.383476,0.0,1,0,1704923325
2024-01-04,0x8f24dd646e2ae3615767ebdccc6691c54c41793f,52,0x28878aec6b4209d90a40890183e3322f0ae5b2e2,272466.91242,272466.91242,272070.564722,1,1,1704918123
2024-01-04,0x8f24dd646e2ae3615767ebdccc6691c54c41793f,54,0xf265702178a66b4b7ce079fc8a1629e47cf1bcde,450735.909486,450735.909486,562600.300459,1,1,1704922797
2024-01-04,0x8f24dd646e2ae3615767ebdccc6691c54c41793f,56,0x48a5a6a01ba89cddf97d2d552923d5a11401ed19,334225.943791,334225.943791,0.0,1,0,1704927135
2024-01-04,0x8f24dd646e2ae3615767ebdccc6691c54c41793f,64,0xf1010ee787ee588766b441d7cc397b40ddfb17a3,294965.935461,294965.935461,0.0,1,0,1704917891
2024-01-04,0x8f24dd646e2ae3615767ebdccc6691c54c41793f,67,0x8ce17ff2c7376e9adfe9c63c47a801097fa6c525,109298.786848,109298.786848,109139.793882,1,1,1704918343
2024-01-04,0x8f24dd646e2ae3615767ebdccc6691c54c41793f,77,0xeb6772188cf10aa563a1cd163f48355d1a949797,216295.22283,216295.22283,215980.586044,1,1,1704918511
2024-01-04,0x8f24dd646e2ae3615767ebdccc6691c54c41793f,103,0x1c2ed7a6c4e3c1146103fa222181115a72243a06,55234.121775,55234.121775,0.0,1,0,1704927049
2024-01-04,0x8f24dd646e2ae3615767ebdccc6691c54c41793f,105,0x208a17c5fabe5b90282e5906945ff335e39326c4,52286.925551,52286.925551,120084.991028,1,1,1704917695
2024-01-04,0x8f24dd646e2ae3615767ebdccc6691c54c41793f,110,0x05e09d942505764bca4475abf8efdbc21d1c535b,123025.685756,123025.685756,148356.085866,1,1,1704923567
2024-01-04,0x8f24dd646e2ae3615767ebdccc6691c54c41793f,113,0xfa9e221a7af006531a816e98792a3e4b22a01461,477899.487592,477899.487592,477204.304605,1,1,1704925623
2024-01-04,0x8f24dd646e2ae3615767ebdccc6691c54c41793f,118,0x4ccfeb186c61217f05d8756314c600089b27a1c3,327402.973028,327402.973028,438252.602526,1,1,1704926249
2024-01-04,0x8f24dd646e2ae3615767ebdccc6691c54c41793f,124,0x5d6f3d0c92d0564151357b0863e55e9ed4631b8d,0.0,0.0,108995.692634,0,1,1704913069
2024-01-04,0x8f24dd646e2ae3615767ebdccc6691c54c41793f,135,0x166c794d890dd91bbe71f304eca660e1c4892cbb,382493.78864,382493.78864,0.0,1,0,1704922941
2024-01-04,0x8f24dd646e2ae3615767ebdccc6691c54c41793f,147,0xe3f0254b09aec48ffa46f9eee5a3bc7a8e510e6d,84153.574643,84153.574643,0.0,1,0,1704918013
2024-01-04,0x8f24dd646e2ae3615767ebdccc6691c54c41793f,162,0xfa9e221a7af006531a816e98792a3e4b22a01461,0.0,0.0,282406.947053,0,1,1704925639
2024-01-04,0x8f24dd646e2ae3615767ebdccc6691c54c41793f,179,0xfda5a361f3c67ebfed328f3a9e95bd275734e675,0.0,0.0,229789.628622,0,1,1704927361
2024-01-04,0x8f24dd646e2ae3615767ebdccc6691c54c41793f,203,0x637fceaf3e5289d2b396b831335e7d8a180c5656,19039.282843,19039.282843,0.0,1,0,1704926293
2024-01-04,0x8f24dd646e2ae3615767ebdccc6691c54c41793f,204,0x3aee7d5600c29ee7e4482c810746081313460738,191531.653182,191531.653182,191253.039059,1,1,1704926971
2024-01-04,0x8f24dd646e2ae3615767ebdccc6691c54c41793f,218,0xc8336b9dabbac9bfb9aa483e76fc351b13121784,175129.983356,175129.983356,0.0,1,0,1704926579
2024-01-04,0x8f24dd646e2ae3615767ebdccc6691c54c41793f,247,0xc40ebdc95e9fae4ada1a2c5093d0599afe0256bd,37621.88882,37621.88882,0.0,1,0,1704923131
2024-01-04,0x8f24dd646e2ae3615767ebdccc6691c54c41793f,275,0xa810ffea2709c116ef180d090c142fc5e08586a7,62917.705508,62917.705508,0.0,1,0,1704921599
2024-01-04,0x8f24dd646e2ae3615767ebdccc6691c54c41793f,287,0x28431a1446c86434ded04f7f8ba6808649329f4d,0.0,0.0,117770.045902,0,1,1704908707
2024-01-04,0x8f24dd646e2ae3615767ebdccc6691c54c41793f,289,0x95b05f935655c37ada2088c5767e5006f230b068,11516.741294,11516.741294,11516.741294,1,1,1704921527
2024-01-04,0x8f24dd646e2ae3615767ebdccc6691c54c41793f,350,0x38332d808ba345953f41c71d38ca1ef79cffa5c5,0.0,0.0,20921.685888,0,1,1704912835
2024-01-04,0x8f24dd646e2ae3615767ebdccc6691c54c41793f,414,0x0eeacd4c475040463389d15ead034d1291b008b1,32214.758847,32214.758847,0.0,1,0,1704927001
2024-01-04,0x8f24dd646e2ae3615767ebdccc6691c54c41793f,437,0xbae3b46e29e7cfd2bba8164765d592ce9802ec70,16293.592237,16293.592237,0.0,1,0,1704925767
2024-01-04,0x8f24dd646e2ae3615767ebdccc6691c54c41793f,438,0xe87c09608c6306cb72977ddf65bcbc8200cc9a96,39410.420535,39410.420535,39202.241677,1,1,1704926221
2024-01-04,0x8f24dd646e2ae3615767ebdccc6691c54c41793f,445,0x24ed7409cb9f1adbe5b83c86a237049da6eca675,0.0,0.0,209878.0938,0,1,1704920589
2024-01-04,0x8f24dd646e2ae3615767ebdccc6691c54c41793f,545,0x9770e942e19aeb9fc935980ceb5ec81c10b1d030,0.0,0.0,10062.573195,0,1,1704918903
2024-01-04,0x8f24dd646e2ae3615767ebdccc6691c54c41793f,552,0x88eb2863997cbae2169d9022704acf21e423b377,0.0,0.0,40414.023968,0,1,1704895961
2024-01-04,0x8f24dd646e2ae3615767ebdccc6691c54c41793f,558,0x985dbffd8daaf59cc68883d17cfab313b2343184,0.0,0.0,20495.459862,0,1,1704917093
2024-01-04,0x8f24dd646e2ae3615767ebdccc6691c54c41793f,761,0xe4495842d915738d659609727a51e39d15b66778,12230.482303,48921.929212,48886.398423,4,4,1704923597
2024-01-04,0x8f24dd646e2ae3615767ebdccc6691c54c41793f,795,0xa1bf240a6b4b54b77497cd3d741f385e0f5b5199,21996.169319,21996.169319,0.0,1,0,1704925899
2024-01-04,0x8f24dd646e2ae3615767ebdccc6691c54c41793f,813,0x1bc3e2c44e0b2dabb1b06a1890273571825d3e03,31072.540411,31072.540411,31027.340317,1,1,1704926229
2024-01-04,0x8f24dd646e2ae3615767ebdccc6691c54c41793f,836,0xe6b5a31d8bb53d2c769864ac137fe25f4989f1fd,20685.640475,20685.640475,0.0,1,0,1704923301
2024-01-04,0x8f24dd646e2ae3615767ebdccc6691c54c41793f,879,0x34ff77a853a14579d2120ac08c5e342cee08ad71,3736.490495,3736.490495,0.0,1,0,1704926961
2024-01-04,0x8f24dd646e2ae3615767ebdccc6691c54c41793f,956,0x09fa38eba245bb68354b8950fa2fe71f02863393,0.0,0.0,16266.641991,0,1,1704855261
2024-01-04,0x8f24dd646e2ae3615767ebdccc6691c54c41793f,989,0xe53f4d44c45dbc16a20ab64f8a8b4404ddbbefec,0.0,0.0,112739.968812,0,1,1704927105
2024-01-04,0x8f24dd646e2ae3615767ebdccc6691c54c41793f,1292,0xb118026c68fd7f03efbcdf675dea96d625c084e5,9537.172879,9537.172879,9537.172879,1,1,1704922565
2024-01-04,0x8f24dd646e2ae3615767ebdccc6691c54c41793f,1364,0xc62f2483eed109d42c78147ea618d858578103d8,3987.273438,3987.273438,20033.240298,1,1,1704926539
2024-01-04,0x8f24dd646e2ae3615767ebdccc6691c54c41793f,1434,0x7f55b20cb25b9e4351664289d3c718da83371663,0.0,0.0,7876.737516,0,1,1704924949
2024-01-04,0x8f24dd646e2ae3615767ebdccc6691c54c41793f,1541,0x24c93a9c54564bf70992f49a774e39385210688b,0.0,0.0,7380.261906,0,1,1704927041
2024-01-04,0x8f24dd646e2ae3615767ebdccc6691c54c41793f,1709,0xf7c04a39e47c7ea9d6888f9389ea85846e22ae1a,5860.149321,5860.149321,0.0,1,0,1704926699
2024-01-04,0x8f24dd646e2ae3615767ebdccc6691c54c41793f,1819,0x90b50ee9aeb83001fbeaf61541fc666341f36400,0.0,0.0,5088.465783,0,1,1704913629
2024-01-04,0x8f24dd646e2ae3615767ebdccc6691c54c41793f,1840,0x20a75d13cc7e7bde1534252f06a4578de8d70953,4665.953715,4665.953715,0.0,1,0,1704923029
2024-01-04,0x8f24dd646e2ae3615767ebdccc6691c54c41793f,1842,0xc8f7738df10e9c8f8f0c330d6c89fb820ad5bfe4,0.0,0.0,4985.491771,0,1,1704913845
2024-01-04,0x8f24dd646e2ae3615767ebdccc6691c54c41793f,1856,0x4b7292679d439ccd83b972a5ff848b47391affca,0.0,0.0,4807.388883,0,1,1704917931
2024-01-04,0x8f24dd646e2ae3615767ebdccc6691c54c41793f,1890,0x1a03c9a30d59cfb354df536bf9f20de7eba84077,0.0,0.0,4815.50976,0,1,1704913771
2024-01-04,0x8f24dd646e2ae3615767ebdccc6691c54c41793f,2039,0x6b8b01df86bfaaf79dda038009fc5597425ad0cf,4172.992996,4172.992996,0.0,1,0,1704926241
2024-01-04,0x8f24dd646e2ae3615767ebdccc6691c54c41793f,2080,0x868cbfd33ec93b451c510125e4d9f1ab1e42fcd2,0.0,0.0,4044.57374,0,1,1704839633
2024-01-04,0x8f24dd646e2ae3615767ebdccc6691c54c41793f,2166,0x509814af024e569f6f9bdbd1400a1a1576a90622,0.0,0.0,3849.870989,0,1,1704824107
2024-01-04,0x8f24dd646e2ae3615767ebdccc6691c54c41793f,2194,0x74597a233e403ac2f48c40dd66fde8d22d6634f2,0.0,0.0,3832.194184,0,1,1704917263
2024-01-04,0x8f24dd646e2ae3615767ebdccc6691c54c41793f,2298,0x1395de9daec52ad405e945603ea0a9346d00d01c,0.0,0.0,3572.542727,0,1,1704852735
2024-01-04,0x8f24dd646e2ae3615767ebdccc6691c54c41793f,2313,0x3888132606615fc0759853b6ec1107e717d0ae52,0.0,0.0,3579.186008,0,1,1704896453
2024-01-04,0x8f24dd646e2ae3615767ebdccc6691c54c41793f,2331,0xcc749d05e9d6cc7d978c533f964ab785742a65d5,3502.709091,3502.709091,0.0,1,0,1704916519
2024-01-04,0x8f24dd646e2ae3615767ebdccc6691c54c41793f,2333,0xacecac0129b7ffbc5879e7175c5d46227c4a8c37,3499.214261,3499.214261,0.0,1,0,1704917587
2024-01-04,0x8f24dd646e2ae3615767ebdccc6691c54c41793f,2780,0x08d6d5c54fbacfde6b510ac2993bc66165871d74,0.0,0.0,3238.937684,0,1,1704747319
2024-01-04,0x8f24dd646e2ae3615767ebdccc6691c54c41793f,2873,0x9a62db4c17146172c0b88e7e439df169a0f93e0e,0.0,0.0,1337.614079,0,1,1704828695
2024-01-04,0x8f24dd646e2ae3615767ebdccc6691c54c41793f,2902,0xf84368dcc03dbd47a6567b7267f573c28b2f07fa,0.0,0.0,585.750987,0,1,1704912941
2024-01-04,0x8f24dd646e2ae3615767ebdccc6691c54c41793f,3225,0x0b016476072f7d7d5c4e03bdf84511f80e12cb5e,0.0,0.0,2307.563055,0,1,1704913531
2024-01-04,0x8f24dd646e2ae3615767ebdccc6691c54c41793f,3393,0x2446f1a75162f045d02f23d1d3b0f5a2c0f9a4cb,0.0,0.0,3265.910093,0,1,1704905163
2024-01-04,0x8f24dd646e2ae3615767ebdccc6691c54c41793f,3781,0xaf11495f021c5c2c5f5230f40d5d57ebe4059700,28808.415035,28808.415035,0.0,1,0,1704924225
2024-01-04,0x8f24dd646e2ae3615767ebdccc6691c54c41793f,4063,0x0180bd56393851a46fab05ae627fb574dadb5049,776.008249,776.008249,0.0,1,0,1704926203
2024-01-04,0x8f24dd646e2ae3615767ebdccc6691c54c41793f,4064,0x8afd6322116be3bef640ba9f302430777d4d73e9,2753.642483,2753.642483,0.0,1,0,1704923015
2024-01-04,0x8f24dd646e2ae3615767ebdccc6691c54c41793f,4484,0x98e78cd936e6d7bb685d1cb3e4f3766322057183,131.032147,131.032147,131.032147,1,1,1704926837
2024-01-04,0x8f24dd646e2ae3615767ebdccc6691c54c41793f,5476,0x3967d78660bcbc95c625d58a40c42ce10bd905d6,929.75826,929.75826,929.75826,1,1,1704871893
2024-01-04,0x8f24dd646e2ae3615767ebdccc6691c54c41793f,5719,0x0e9e11fe0f6e6abbe12ba1d099dcf27b1c4b473b,533.333218,533.333218,0.0,1,0,1704926343
2024-01-04,0x8f24dd646e2ae3615767ebdccc6691c54c41793f,7890,0x166c794d890dd91bbe71f304eca660e1c4892cbb,0.0,0.0,139682.884047,0,1,1704922953
2024-01-04,0x8f24dd646e2ae3615767ebdccc6691c54c41793f,8129,0x72195dda0361f43ce544b750f318d04b35836933,0.0,0.0,1300.009139,0,1,1704905273
2024-01-04,0x8f24dd646e2ae3615767ebdccc6691c54c41793f,8389,0x4ccfeb186c61217f05d8756314c600089b27a1c3,0.0,0.0,4778.695307,0,1,1704926119
2024-01-04,0x8f24dd646e2ae3615767ebdccc6691c54c41793f,8405,0x5d6f3d0c92d0564151357b0863e55e9ed4631b8d,0.0,0.0,1402.812262,0,1,1704913067
2024-01-04,0x8f24dd646e2ae3615767ebdccc6691c54c41793f,8497,0x6c607fdeb11f83b3d5169014a45f45e035f9ab4a,41838.744834,41838.744834,0.0,1,0,1704923075
2024-01-04,0x8f24dd646e2ae3615767ebdccc6691c54c41793f,8625,0x2358e3a7bb9d933095d187e7cf68f2507bfc07f6,0.0,0.0,7.924109,0,1,1704533213
2024-01-04,0x8f24dd646e2ae3615767ebdccc6691c54c41793f,9218,0xb44b476a7f6a83b5e0559433b0d3ad374a0c1682,34675.674192,34675.674192,0.0,1,0,1704918671
2024-01-04,0x8f24dd646e2ae3615767ebdccc6691c54c41793f,9224,0x3aa8ac0e6c1fb9cbb733565de16cdc5a676bcb04,0.0,0.0,33771.927508,0,1,1704914085
2024-01-04,0x8f24dd646e2ae3615767ebdccc6691c54c41793f,9394,0x941e5957eaa0bb7c83b25002fc4bb04b35ea9fdf,0.0,0.0,1383.924024,0,1,1704905213
2024-01-04,0x8f24dd646e2ae3615767ebdccc6691c54c41793f,10295,0xc875b3dae5b0c371bc8cf9ded64868b78ac47587,1708786.787764,1708786.787764,9999999.882255,1,1,1704913979
2024-01-04,0x8f24dd646e2ae3615767ebdccc6691c54c41793f,10296,0x03c70563e94de5de56c11a0cc4ce3482f592854f,2545868.09286,2545868.09286,2962624.811132,1,1,1704929195
2024-01-04,0x8f24dd646e2ae3615767ebdccc6691c54c41793f,10298,0xc9814f18a8751214f719de15c54d01b3d78ef14f,484322.842817,484322.842817,0.0,1,0,1704929143
2024-01-04,0x8f24dd646e2ae3615767ebdccc6691c54c41793f,10657,0x892176d784bed3dc877a62f3ff9fc091377b2a49,0.989558,0.989558,0.0,1,0,1704873411
2024-01-04,0x8f24dd646e2ae3615767ebdccc6691c54c41793f,10960,0x98c591f5a409fbe00345be802e40af9f569e2646,7.577817,7.577817,0.0,1,0,1704873815
2024-01-04,0x9287c921f5d920ceee0d07d7c58d476e46acc640,21,0x4444aaaacdba5580282365e25b16309bd770ce4a,307682.218755,307682.218755,0.0,1,0,1704913079
2024-01-04,0x9287c921f5d920ceee0d07d7c58d476e46acc640,68,0x132e47cf2c19ec2d8dd56e1528fc7e18dc09188f,82026.484624,82026.484624,337689.420464,1,1,1704921047
2024-01-04,0x9287c921f5d920ceee0d07d7c58d476e46acc640,103,0x1c2ed7a6c4e3c1146103fa222181115a72243a06,55234.121775,55234.121775,55153.774709,1,1,1704927049
2024-01-04,0x9287c921f5d920ceee0d07d7c58d476e46acc640,174,0x83bad39f067ef72e354f2ea9d318eaad381a7f15,0.0,0.0,0.0,1,0,1704902455
2024-01-04,0x9287c921f5d920ceee0d07d7c58d476e46acc640,285,0xe8788a8926dac3d25c591caa64d5296044c1446d,57609.402237,57609.402237,0.0,1,0,1704723591
2024-01-04,0x9287c921f5d920ceee0d07d7c58d476e46acc640,301,0xa3ff2d14b8289d00c22c7917cc85812a7fb4ca77,106734.715903,106734.715903,0.0,1,0,1704923145
2024-01-04,0x9287c921f5d920ceee0d07d7c58d476e46acc640,350,0x38332d808ba345953f41c71d38ca1ef79cffa5c5,20980.65865,20980.65865,20921.685888,1,1,1704912835
2024-01-04,0x9287c921f5d920ceee0d07d7c58d476e46acc640,353,0x5ade40e345817b739b91c6b4615efce87f9d7c57,23996.25096,23996.25096,0.0,1,0,1704396435
2024-01-04,0x9287c921f5d920ceee0d07d7c58d476e46acc640,376,0xff53e3a27b7252148e0f1daf4a00261eee59177f,36163.91335,36163.91335,18081.956675,1,1,1704923243
2024-01-04,0x9287c921f5d920ceee0d07d7c58d476e46acc640,378,0xab58779cec2b82a75ffd103fdc88d7e3adb13468,72228.972673,72228.972673,0.0,1,0,1704909637
2024-01-04,0x9287c921f5d920ceee0d07d7c58d476e46acc640,417,0xbe93d14c5defb8f41af8fb092f58e3c71c712b85,15371.551733,15371.551733,0.0,1,0,1704410291
2024-01-04,0x9287c921f5d920ceee0d07d7c58d476e46acc640,456,0xf1ce37c80d4a9fd6d3c5de003043c6588219f73a,0.0,0.0,51452.723929,0,1,1704921285
2024-01-04,0x9287c921f5d920ceee0d07d7c58d476e46acc640,502,0x66f920658396f4c3642a32f6b5d5b65c3d6349db,27243.264382,27243.264382,0.0,1,0,1704906775
2024-01-04,0x9287c921f5d920ceee0d07d7c58d476e46acc640,575,0x94587a95917188b338c822de2d1e77074131589f,9460.055541,9460.055541,0.0,1,0,1704331023
2024-01-04,0x9287c921f5d920ceee0d07d7c58d476e46acc640,583,0xd8a30dbb3b8b204b6d8bb800d0f2865d07dc904c,9311.293608,9311.293608,0.0,1,0,1704808189
2024-01-04,0x9287c921f5d920ceee0d07d7c58d476e46acc640,597,0x1ce0c2b445c8e87ea4c40b6e721d9a39b09f6459,9117.962538,9117.962538,0.0,1,0,1704922275
2024-01-04,0x9287c921f5d920ceee0d07d7c58d476e46acc640,784,0x03a01b531ed557460922583afb4a4c3c84d7f9b1,0.0,0.0,22516.060323,0,1,1704917479
2024-01-04,0x9287c921f5d920ceee0d07d7c58d476e46acc640,797,0x2971e3b9ad4bacc4f7b8cdefb2a11a19f907ac3e,0.0,0.0,22511.01749,0,1,1704373829
2024-01-04,0x9287c921f5d920ceee0d07d7c58d476e46acc640,879,0x34ff77a853a14579d2120ac08c5e342cee08ad71,3736.490495,3736.490495,3731.055158,1,1,1704926961
2024-01-04,0x9287c921f5d920ceee0d07d7c58d476e46acc640,1039,0x4a5efa846e7375a40dcd596c7c6dadb28df28ae4,14045.11834,14045.11834,0.0,1,0,1704397453
2024-01-04,0x9287c921f5d920ceee0d07d7c58d476e46acc640,1259,0x27cfc88640089f340aeaec182baff0ddf15b1b37,2070.351233,2070.351233,2067.339568,1,1,1704488001
2024-01-04,0x9287c921f5d920ceee0d07d7c58d476e46acc640,1357,0xc63442bf166f09536ec3ada3dd75420ae8d40c58,8766.279535,8766.279535,0.0,1,0,1704908061
2024-01-04,0x9287c921f5d920ceee0d07d7c58d476e46acc640,1457,0x26b5e14dbf21bfb62bff869f5f4bce8dbddbcfca,1948.2105,1948.2105,0.0,1,0,1704460319
2024-01-04,0x9287c921f5d920ceee0d07d7c58d476e46acc640,1603,0x17114903eb90909d3058dae24d583e5970030ffb,0.0,0.0,6497.455539,0,1,1704917483
2024-01-04,0x9287c921f5d920ceee0d07d7c58d476e46acc640,1690,0xc609b5595e38acbdde1672f9b482db823f51668a,5966.702704,5966.702704,0.0,1,0,1704832077
2024-01-04,0x9287c921f5d920ceee0d07d7c58d476e46acc640,1763,0x699a7499d316a80f392e32f616a68db2d899c48b,5243.587417,5243.587417,0.0,1,0,1704722905
2024-01-04,0x9287c921f5d920ceee0d07d7c58d476e46acc640,1859,0xb99ce667fda481b15a5930daeebeaa7e38c7d087,0.0,0.0,4801.706256,0,1,1704502095
2024-01-04,0x9287c921f5d920ceee0d07d7c58d476e46acc640,1912,0x3e516b6d229bf935f1b6bf4a0c2531ddab48cf1b,1800.193301,1800.193301,0.0,1,0,1704909291
2024-01-04,0x9287c921f5d920ceee0d07d7c58d476e46acc640,1959,0x6d1e0084a6910a8803ab7c22483a1a2db3f1001a,0.0,0.0,4412.377825,0,1,1704922559
2024-01-04,0x9287c921f5d920ceee0d07d7c58d476e46acc640,1986,0xaf7fc773b91230d9f9e4d9ecbc32b67f011063cb,4327.40026,4327.40026,0.0,1,0,1704903741
2024-01-04,0x9287c921f5d920ceee0d07d7c58d476e46acc640,2029,0xc7f4cdb175b1885e95b8f49ccbbd3f929ab7d1ba,4221.804067,4221.804067,0.0,1,0,1704907823
2024-01-04,0x9287c921f5d920ceee0d07d7c58d476e46acc640,2040,0xaae833d972e4a8dbcdcd007a5bda0b22e5ddf583,4185.280822,4185.280822,0.0,1,0,1704632227
2024-01-04,0x9287c921f5d920ceee0d07d7c58d476e46acc640,2114,0xdb743c5132eb9ae11bf829014c82ce503bc621cb,4018.970647,4018.970647,0.0,1,0,1704431935
2024-01-04,0x9287c921f5d920ceee0d07d7c58d476e46acc640,2154,0xbed9c70eff039b2dbd8bafda08c53bfd986d0c1f,0.0,0.0,3923.039672,0,1,1704922085
2024-01-04,0x9287c921f5d920ceee0d07d7c58d476e46acc640,2348,0xa0efd27acc781549d5b78e89e561aa0903932d56,3472.940576,3472.940576,0.0,1,0,1704333323
2024-01-04,0x9287c921f5d920ceee0d07d7c58d476e46acc640,2486,0x24a30823bd87e785b0c4b3803a2bffd91eb6876f,3293.753629,3293.753629,0.0,1,0,1704531177
2024-01-04,0x9287c921f5d920ceee0d07d7c58d476e46acc640,2512,0x66911f0d4c73a9189ed29ecafc1514236f51dd45,3794.137751,3794.137751,0.0,1,0,1704398419
2024-01-04,0x9287c921f5d920ceee0d07d7c58d476e46acc640,2587,0xf26e5b93453a69a0297dc66e7bbd750d2b28160b,3133.165114,3133.165114,0.0,1,0,1704733463
2024-01-04,0x9287c921f5d920ceee0d07d7c58d476e46acc640,2666,0x2e25362700cf06eaaf4845c34789f67ea1b78d56,3007.191266,3007.191266,3007.191266,1,1,1704915131
2024-01-04,0x9287c921f5d920ceee0d07d7c58d476e46acc640,2693,0xb721262e075ad4073ebe4560161a88fef8c82dcd,0.0,0.0,3083.751682,0,1,1704924401
2024-01-04,0x9287c921f5d920ceee0d07d7c58d476e46acc640,2725,0xb81d7892fa8605a55885592e5c78a294754d272a,715.126103,1421.129476,706.003373,2,1,1704906447
2024-01-04,0x9287c921f5d920ceee0d07d7c58d476e46acc640,2862,0xdb5b154d5bffdf6854c72f7dd06f446d3f8d8408,1132.714045,1132.714045,0.0,1,0,1704906223
2024-01-04,0x9287c921f5d920ceee0d07d7c58d476e46acc640,3087,0xa3ad5cfb4ff4b68e37a338da200ba441c1850b5b,1841.667839,1841.667839,0.0,1,0,1704379933
2024-01-04,0x9287c921f5d920ceee0d07d7c58d476e46acc640,3121,0xd6d29ce0996f3be82f171af75c64ecd61549112a,1927.735379,1927.735379,0.0,1,0,1704686159
2024-01-04,0x9287c921f5d920ceee0d07d7c58d476e46acc640,3362,0x7ffbeb62cf6e5e53f898ba52d66d29ca3b2851fd,0.0,0.0,24135.24533,0,1,1704926515
2024-01-04,0x9287c921f5d920ceee0d07d7c58d476e46acc640,4631,0x81f967ad9533232946d5f9e492862bdd93b5d641,5185.717832,5185.717832,0.0,1,0,1704398597
2024-01-04,0x9287c921f5d920ceee0d07d7c58d476e46acc640,4659,0x7a7acf2241c2b388b6b7eb8bba78f615f6f773b2,466.686322,466.686322,0.0,1,0,1704758011
2024-01-04,0x9287c921f5d920ceee0d07d7c58d476e46acc640,4825,0xf494ee7d264af843bfb9d8bf138e42bd8f64a0b4,2013.315533,2013.315533,2010.386836,1,1,1704926533
2024-01-04,0x9287c921f5d920ceee0d07d7c58d476e46acc640,4871,0xd6619f692b3b76b268aca833901bf8eacc830031,418.711468,418.711468,0.0,1,0,1704752245
2024-01-04,0x9287c921f5d920ceee0d07d7c58d476e46acc640,5062,0xe8d8b73ccc85ded891ad41893ebbb0d684350e04,400.859495,400.859495,0.0,1,0,1704389909
2024-01-04,0x9287c921f5d920ceee0d07d7c58d476e46acc640,5729,0xaf5ae7cdaff6f1f457bc88f0989c0af7f583ab43,365.281851,365.281851,0.0,1,0,1704380647
2024-01-04,0x9287c921f5d920ceee0d07d7c58d476e46acc640,5920,0x85034869af0ff81e3d1a9f2d1f4d04604b43ef3d,359.227676,359.227676,0.0,1,0,1704696815
2024-01-04,0x9287c921f5d920ceee0d07d7c58d476e46acc640,6151,0x6bd46edb7ebb742dd6fa514491b80241d2d83a57,0.0,0.0,160.416658,0,1,1704924585
2024-01-04,0x9287c921f5d920ceee0d07d7c58d476e46acc640,6677,0x75821898ad35392425896085089629611391d2bf,46.15934,46.15934,0.0,1,0,1704487271
2024-01-04,0x9287c921f5d920ceee0d07d7c58d476e46acc640,6681,0x55fa88037a255be3e1c1607fe2cf7a622be5c41d,46.146517,46.146517,0.0,1,0,1704483735
2024-01-04,0x9287c921f5d920ceee0d07d7c58d476e46acc640,6718,0x2971c6868ad10508a9a5a06591a6c25df5c84bde,51.102532,51.102532,0.0,1,0,1704484345
2024-01-04,0x9287c921f5d920ceee0d07d7c58d476e46acc640,6724,0x16aa28569ed5b88b76b67249e3381bec7efe6eff,51.010102,51.010102,0.0,1,0,1704488417
2024-01-04,0x9287c921f5d920ceee0d07d7c58d476e46acc640,6730,0xc40d30d5e72308d83252609a42fe758ae3289b55,51.156438,51.156438,0.0,1,0,1704487951
2024-01-04,0x9287c921f5d920ceee0d07d7c58d476e46acc640,6808,0x8aa98470de4bf6a85f13393ae1169a5e625a4e6d,985.185383,985.185383,0.0,1,0,1704665393
2024-01-04,0x9287c921f5d920ceee0d07d7c58d476e46acc640,8380,0x3b1c9d24c46df6ab9775d6bbb478987caa6018a3,0.0,0.0,35110.699187,0,1,1704917623
2024-01-04,0x9287c921f5d920ceee0d07d7c58d476e46acc640,8478,0xf265702178a66b4b7ce079fc8a1629e47cf1bcde,105363.655506,105363.655506,0.0,1,0,1704923441
2024-01-04,0x9287c921f5d920ceee0d07d7c58d476e46acc640,9290,0x6c607fdeb11f83b3d5169014a45f45e035f9ab4a,0.0,0.0,8929.76,0,1,1704923085
2024-01-04,0x9287c921f5d920ceee0d07d7c58d476e46acc640,9960,0xfec11b5757f1694866155bd0989709ce58e8dccc,0.0,0.0,40740.816937,0,1,1704925961
2024-01-04,0x9287c921f5d920ceee0d07d7c58d476e46acc640,9969,0x166c794d890dd91bbe71f304eca660e1c4892cbb,7710.0,7710.0,7710.0,1,1,1704923021
2024-01-04,0x9287c921f5d920ceee0d07d7c58d476e46acc640,10020,0xe9cc16b79e7ea3cbc8124afb7b547826bc3dca28,46281.462002,92562.924004,90657.399427,2,2,1704926561
2024-01-04,0x9287c921f5d920ceee0d07d7c58d476e46acc640,10840,0xbb5a1cceeab83c032fd42fbc981f9de62f71f569,24.919016,24.919016,0.0,1,0,1704389427
2024-01-04,0x9287c921f5d920ceee0d07d7c58d476e46acc640,10920,0x5d4f22f6d43828eda31f8b4c73d9567c173a3fff,5361.248721,5361.248721,0.0,1,0,1704752235
2024-01-04,0x951fdfa193d92c74c9e35ea8c8c757cbcbb85147,24,0x208a17c5fabe5b90282e5906945ff335e39326c4,9215.819887,9215.819887,0.0,1,0,1704918173
2024-01-04,0x951fdfa193d92c74c9e35ea8c8c757cbcbb85147,51,0x0f228805c03a693aa964a791e0b2e2c6e6c6513f,287736.922317,287736.922317,0.0,1,0,1704923325
2024-01-04,0x951fdfa193d92c74c9e35ea8c8c757cbcbb85147,56,0x48a5a6a01ba89cddf97d2d552923d5a11401ed19,167112.971895,167112.971895,0.0,1,0,1704927135
2024-01-04,0x951fdfa193d92c74c9e35ea8c8c757cbcbb85147,67,0x8ce17ff2c7376e9adfe9c63c47a801097fa6c525,109298.786848,109298.786848,109139.793882,1,1,1704918343
2024-01-04,0x951fdfa193d92c74c9e35ea8c8c757cbcbb85147,105,0x208a17c5fabe5b90282e5906945ff335e39326c4,26143.462776,26143.462776,0.0,1,0,1704917695
2024-01-04,0x951fdfa193d92c74c9e35ea8c8c757cbcbb85147,139,0xa04275c10f39e8675a34e147e2ef78d35129f2b6,128095.279766,128095.279766,0.0,1,0,1704897857
2024-01-04,0x951fdfa193d92c74c9e35ea8c8c757cbcbb85147,194,0x569a259d029a89bfea35a6d178a08edf6e55d1b1,218813.080082,218813.080082,0.0,1,0,1704909099
2024-01-04,0x951fdfa193d92c74c9e35ea8c8c757cbcbb85147,201,0x6e98386f1951e6f997691c4a3bfa27126a7f9041,198277.035943,198277.035943,0.0,1,0,1704762871
2024-01-04,0x951fdfa193d92c74c9e35ea8c8c757cbcbb85147,253,0x7bfee91193d9df2ac0bfe90191d40f23c773c060,140862.496543,140862.496543,0.0,1,0,1704818937
2024-01-04,0x951fdfa193d92c74c9e35ea8c8c757cbcbb85147,254,0xdbd5d31b7f48adc13a0ab0c591f7e3d4f9642e69,69687.094336,69687.094336,0.0,1,0,1704914793
2024-01-04,0x951fdfa193d92c74c9e35ea8c8c757cbcbb85147,269,0xb88d3ade7e4231c97038f6d82475a233772ffc25,126680.016214,126680.016214,0.0,1,0,1704898197
2024-01-04,0x951fdfa193d92c74c9e35ea8c8c757cbcbb85147,285,0xe8788a8926dac3d25c591caa64d5296044c1446d,57609.402237,57609.402237,0.0,1,0,1704723591
2024-01-04,0x951fdfa193d92c74c9e35ea8c8c757cbcbb85147,287,0x28431a1446c86434ded04f7f8ba6808649329f4d,117941.61127,117941.61127,0.0,1,0,1704908707
2024-01-04,0x951fdfa193d92c74c9e35ea8c8c757cbcbb85147,289,0x95b05f935655c37ada2088c5767e5006f230b068,11516.741294,11516.741294,0.0,1,0,1704921527
2024-01-04,0x951fdfa193d92c74c9e35ea8c8c757cbcbb85147,304,0xbbb33d2e7bd7ddc722e53da9ca8ee97df41cfabf,26773.623179,26773.623179,0.0,1,0,1704798599
2024-01-04,0x951fdfa193d92c74c9e35ea8c8c757cbcbb85147,376,0xff53e3a27b7252148e0f1daf4a00261eee59177f,18081.956675,18081.956675,0.0,1,0,1704923243
2024-01-04,0x951fdfa193d92c74c9e35ea8c8c757cbcbb85147,393,0x193db18a5ef9a0320b7374c1fe8af976235f3211,67106.294946,67106.294946,0.0,1,0,1704902483
2024-01-04,0x951fdfa193d92c74c9e35ea8c8c757cbcbb85147,445,0x24ed7409cb9f1adbe5b83c86a237049da6eca675,210183.840581,210183.840581,0.0,1,0,1704920589
2024-01-04,0x951fdfa193d92c74c9e35ea8c8c757cbcbb85147,523,0xde93a283495fa2834047b53871a8e4e09f96d841,11695.614363,11695.614363,11525.28846,1,1,1704911997
2024-01-04,0x951fdfa193d92c74c9e35ea8c8c757cbcbb85147,550,0xadfc26b6520a35c37af3ac5af174249737ec612c,51804.964705,51804.964705,0.0,1,0,1704860683
2024-01-04,0x951fdfa193d92c74c9e35ea8c8c757cbcbb85147,555,0xa3f2d88fb722d4f2a082edbf98354b81dc34829e,21261.694405,21261.694405,0.0,1,0,1704921043
2024-01-04,0x951fdfa193d92c74c9e35ea8c8c757cbcbb85147,644,0x89e1cfcc3bf93de8da0fb43a1311898067b3a11c,32831.501438,32831.501438,0.0,1,0,1704853899
2024-01-04,0x951fdfa193d92c74c9e35ea8c8c757cbcbb85147,760,0xdbab0b75921e3008fd0bb621a8248d969d2d2f0d,24457.758091,24457.758091,0.0,1,0,1704665031
2024-01-04,0x951fdfa193d92c74c9e35ea8c8c757cbcbb85147,769,0x38e76e6d3024475e2d39deb94b2797ce801381c0,23770.506211,23770.506211,0.0,1,0,1704604307
2024-01-04,0x951fdfa193d92c74c9e35ea8c8c757cbcbb85147,920,0x6c2693f5a936f37ed03cfa8465bf2d8beff19a0f,17284.835139,17284.835139,0.0,1,0,1704867427
2024-01-04,0x951fdfa193d92c74c9e35ea8c8c757cbcbb85147,960,0x2932c3e41f92a3e4f5f36a81e346397de8620502,16019.660039,16019.660039,0.0,1,0,1704920193
2024-01-04,0x951fdfa193d92c74c9e35ea8c8c757cbcbb85147,973,0x89468c809f87e3748488a241839b4b22bfe94bdd,15895.060523,15895.060523,0.0,1,0,1704819551
2024-01-04,0x951fdfa193d92c74c9e35ea8c8c757cbcbb85147,1001,0xbcbeac56eef250e8a4859be46c6cbfd93aae5d2f,17192.107433,17192.107433,0.0,1,0,1704755037
2024-01-04,0x951fdfa193d92c74c9e35ea8c8c757cbcbb85147,1044,0xcb6222f4df04385ea08e8da2a5871131ff5f6cba,7114.176631,7114.176631,0.0,1,0,1704894147
2024-01-04,0x951fdfa193d92c74c9e35ea8c8c757cbcbb85147,1115,0x69449f50f833185dd09b5cd0afa6872d4f92d1e1,12627.111438,12627.111438,0.0,1,0,1704814327
2024-01-04,0x951fdfa193d92c74c9e35ea8c8c757cbcbb85147,1145,0x278fbf0cdf19dfec7f2a7c7d319c957b2b62fa6d,11909.508182,11909.508182,0.0,1,0,1704850837
2024-01-04,0x951fdfa193d92c74c9e35ea8c8c757cbcbb85147,1197,0x0be4eb0e89abed9f52d94f1550c22a16008cc463,5905.65175,5905.65175,3528.879285,1,1,1704926657
2024-01-04,0x951fdfa193d92c74c9e35ea8c8c757cbcbb85147,1199,0x54d6e8f883d1858b4080d10ae2a1c6f0afb5feb3,11179.025454,11179.025454,0.0,1,0,1704920513
2024-01-04,0x951fdfa193d92c74c9e35ea8c8c757cbcbb85147,1263,0x8ba6fb982cb4b6a240065376b944100bce31b9d6,9993.310617,9993.310617,0.0,1,0,1704922295
2024-01-04,0x951fdfa193d92c74c9e35ea8c8c757cbcbb85147,1397,0x2968bd1a20f99d64fd6db2e32af4ca68d197d3dd,0.0,0.0,9137.516225,0,1,1704462323
2024-01-04,0x951fdfa193d92c74c9e35ea8c8c757cbcbb85147,1408,0x8eea89024a753b68e508e800b91923917470d3b0,8210.617257,8210.617257,0.0,1,0,1704886213
2024-01-04,0x951fdfa193d92c74c9e35ea8c8c757cbcbb85147,1520,0xa2d35e418814a8b6367c66a5ac2fec8ea16332b2,3597.907921,3597.907921,0.0,1,0,1704781459
2024-01-04,0x951fdfa193d92c74c9e35ea8c8c757cbcbb85147,1533,0x0ea983f21f58f0e1a29ed653bcfc8afac4fec2a4,13968.480229,13968.480229,0.0,1,0,1704906463
2024-01-04,0x951fdfa193d92c74c9e35ea8c8c757cbcbb85147,1622,0x628a3240137ef7c5f729c6c106378edb3fa51250,0.0,0.0,6360.881537,0,1,1704927493
2024-01-04,0x951fdfa193d92c74c9e35ea8c8c757cbcbb85147,1625,0x12cc270bb2136c772b7e28868d7782aa62827229,6408.757585,6408.757585,0.0,1,0,1704905551
2024-01-04,0x951fdfa193d92c74c9e35ea8c8c757cbcbb85147,1703,0x5c4adac003213c3bd26fbcd3419064f0cb9df76e,5943.408594,5943.408594,0.0,1,0,1704678185
2024-01-04,0x951fdfa193d92c74c9e35ea8c8c757cbcbb85147,1811,0x410f2959ee9c8115ca6cf0f817b14373b63b5d4c,3000.555655,3000.555655,0.0,1,0,1704925817
2024-01-04,0x951fdfa193d92c74c9e35ea8c8c757cbcbb85147,1823,0xbce49959edb00ebc509e6a9e11dce059582e7756,4956.702687,4956.702687,0.0,1,0,1704922777
2024-01-04,0x951fdfa193d92c74c9e35ea8c8c757cbcbb85147,1857,0xf7c8a4a99ba34b4744d08999dd017b5faa4d3378,0.0,0.0,4805.495389,0,1,1704911467
2024-01-04,0x951fdfa193d92c74c9e35ea8c8c757cbcbb85147,1859,0xb99ce667fda481b15a5930daeebeaa7e38c7d087,4801.706256,4801.706256,0.0,1,0,1704502095
2024-01-04,0x951fdfa193d92c74c9e35ea8c8c757cbcbb85147,1887,0x77337dfe579a03a07a475870db443d65127f0769,4703.2325,4703.2325,0.0,1,0,1704898785
2024-01-04,0x951fdfa193d92c74c9e35ea8c8c757cbcbb85147,1910,0x9fab59236a8608e5f1240fdeddf0d22277c7ce88,4539.322312,4539.322312,0.0,1,0,1704534711
2024-01-04,0x951fdfa193d92c74c9e35ea8c8c757cbcbb85147,1940,0x86a8b6a2d5a201ab8afe8e8b97b777a6c92b5790,4459.129848,4459.129848,0.0,1,0,1704919305
2024-01-04,0x951fdfa193d92c74c9e35ea8c8c757cbcbb85147,2022,0x9a4773eeee73e34e1ee0e9a64e4b7453b0b04246,4248.291189,4248.291189,0.0,1,0,1704551401
2024-01-04,0x951fdfa193d92c74c9e35ea8c8c757cbcbb85147,2183,0x9c4b88fbe06b6b1e461d9d294ecb7fb0c841db4f,4155.692284,4155.692284,0.0,1,0,1704821975
2024-01-04,0x951fdfa193d92c74c9e35ea8c8c757cbcbb85147,2254,0xd4a766461855f69ebe6f08a8fdde55c97a009cae,3629.805563,3629.805563,0.0,1,0,1704641535
2024-01-04,0x951fdfa193d92c74c9e35ea8c8c757cbcbb85147,2307,0x49072cd3bf4153da87d5eb30719bb32bda60884b,3698.692955,3698.692955,0.0,1,0,1704727979
2024-01-04,0x951fdfa193d92c74c9e35ea8c8c757cbcbb85147,2332,0xae69116e4aa49645f78c1fc9f28f677aede0d153,3566.801687,3566.801687,0.0,1,0,1704884723
2024-01-04,0x951fdfa193d92c74c9e35ea8c8c757cbcbb85147,2362,0xbaa9b493bccbe1a900b39870980f41356f85822a,4285.822537,4285.822537,0.0,1,0,1704900145
2024-01-04,0x951fdfa193d92c74c9e35ea8c8c757cbcbb85147,2482,0xf1e7f09c5ae0f98fed0db57181a5ac06b8af1139,3296.726237,6551.396753,3254.670516,2,1,1704802259
2024-01-04,0x951fdfa193d92c74c9e35ea8c8c757cbcbb85147,2494,0x875a6dc230931ebd99542a89f76837d861d2c2f7,3278.257637,3278.257637,0.0,1,0,1704703901
2024-01-04,0x951fdfa193d92c74c9e35ea8c8c757cbcbb85147,2609,0xaef1889d58677805399c6f8326c11d159b09caf2,1557.886216,1557.886216,0.0,1,0,1704834057
2024-01-04,0x951fdfa193d92c74c9e35ea8c8c757cbcbb85147,2633,0xfcc06f7f02f6ab02051f259db4f82f20d8d02112,3178.947143,3178.947143,0.0,1,0,1704642355
2024-01-04,0x951fdfa193d92c74c9e35ea8c8c757cbcbb85147,2831,0x23d3c0d5e8226f18bf58bb3c68b149b3d7385936,2407.135572,2407.135572,0.0,1,0,1704924647
2024-01-04,0x951fdfa193d92c74c9e35ea8c8c757cbcbb85147,2856,0xf3b059c887172f2cc52b5e77ee3b2c8b3a32e6ef,5742.810466,5742.810466,6891.372559,1,1,1704330091
2024-01-04,0x951fdfa193d92c74c9e35ea8c8c757cbcbb85147,2899,0x2481fef92f6358a410f4b42a7672f23cac514c2a,4922.301239,4922.301239,0.0,1,0,1704874779
2024-01-04,0x951fdfa193d92c74c9e35ea8c8c757cbcbb85147,2939,0x5f4f120d8435ea38f0f4635a910fee03801be88d,231447.197624,231447.197624,0.0,1,0,1704846667
2024-01-04,0x951fdfa193d92c74c9e35ea8c8c757cbcbb85147,3132,0x5d91c94fd64a08f9b9812c22f4da940b8ceda4ee,1319.840496,1319.840496,0.0,1,0,1704631769
2024-01-04,0x951fdfa193d92c74c9e35ea8c8c757cbcbb85147,3433,0x7497b333895c64a56924b293e68a6468963f2a7e,696.660231,696.660231,696.660231,1,1,1704921275
2024-01-04,0x951fdfa193d92c74c9e35ea8c8c757cbcbb85147,3446,0x1a2923d39f11f4b0a47bcdec29b30ec273da0932,2203.954556,2203.954556,0.0,1,0,1704582511
2024-01-04,0x951fdfa193d92c74c9e35ea8c8c757cbcbb85147,3539,0x69155e7ca2e688ccdc247f6c4ddf374b3ae77bd6,13265.171637,13265.171637,0.0,1,0,1704638499
2024-01-04,0x951fdfa193d92c74c9e35ea8c8c757cbcbb85147,3612,0x9bcbf958364aad003552de214ab562b8aacbee68,1133.953165,1133.953165,0.0,1,0,1704462309
2024-01-04,0x951fdfa193d92c74c9e35ea8c8c757cbcbb85147,3882,0x977ee6f3c17ecb90ac5504ad92240d40a33ba129,930.069657,930.069657,0.0,1,0,1704481087
2024-01-04,0x951fdfa193d92c74c9e35ea8c8c757cbcbb85147,3927,0x13b4ffd03e9093465c9dfed09227b6232a823a9b,0.0,0.0,895.559001,0,1,1704813645
2024-01-04,0x951fdfa193d92c74c9e35ea8c8c757cbcbb85147,3931,0xd7518d58aa2a0c05ee28e4589e9ba58165de2df5,884.779595,884.779595,0.0,1,0,1704582999
2024-01-04,0x951fdfa193d92c74c9e35ea8c8c757cbcbb85147,4024,0xfed7772aefda63fc29dfb785ec85312f6fa97982,796.150536,796.150536,0.0,1,0,1704733045
2024-01-04,0x951fdfa193d92c74c9e35ea8c8c757cbcbb85147,4635,0xdbc88e5858fd2cd02b2670383100b04804fe2f27,17177.798742,17177.798742,0.0,1,0,1704535467
2024-01-04,0x951fdfa193d92c74c9e35ea8c8c757cbcbb85147,5164,0x18b71e5c9c132914d83849bdf18e78c714ca3195,388.362756,388.362756,0.0,1,0,1704767249
2024-01-04,0x951fdfa193d92c74c9e35ea8c8c757cbcbb85147,5272,0x09efa5cc5ec21498fbd64bdd5006df50f5e0fffc,382.726985,382.726985,0.0,1,0,1704767377
2024-01-04,0x951fdfa193d92c74c9e35ea8c8c757cbcbb85147,5549,0x78d4c94b1284d46d238c6afbbbd115385b1b36ec,0.0,0.0,369.89969,0,1,1704331695
2024-01-04,0x951fdfa193d92c74c9e35ea8c8c757cbcbb85147,5583,0xa3bdbf5d5ff6059463421b5fcfc0aedcdb18b59b,0.0,0.0,369.117558,0,1,1704899411
2024-01-04,0x951fdfa193d92c74c9e35ea8c8c757cbcbb85147,6320,0x22d5094c6c66905c4096e3eaa2055119d7105d3e,349.944271,349.944271,0.0,1,0,1704730559
2024-01-04,0x951fdfa193d92c74c9e35ea8c8c757cbcbb85147,6372,0x6b6597710ac103f998e77f48caad882788e24471,353.470467,353.470467,0.0,1,0,1704524061
2024-01-04,0x951fdfa193d92c74c9e35ea8c8c757cbcbb85147,6678,0xbfd53e1ffac52f2055fb533ff847dae4906f8fea,46.159782,46.159782,0.0,1,0,1704481999
2024-01-04,0x951fdfa193d92c74c9e35ea8c8c757cbcbb85147,6680,0xb92c0ea6df755163924c1d6723ba841351e8a35a,46.040374,46.040374,0.0,1,0,1704483617
2024-01-04,0x951fdfa193d92c74c9e35ea8c8c757cbcbb85147,6682,0xc88d6999c4c91c11f08dc41012a0ce6573a0ed48,46.213417,46.213417,0.0,1,0,1704484199
2024-01-04,0x951fdfa193d92c74c9e35ea8c8c757cbcbb85147,6720,0xe246aa8b63ce04aaed9aa2dbe569f1558b480fb8,51.306663,51.306663,0.0,1,0,1704484415
2024-01-04,0x951fdfa193d92c74c9e35ea8c8c757cbcbb85147,6725,0x69145fce197aa12437293242006373d764c6eef3,51.595823,51.595823,0.0,1,0,1704488343
2024-01-04,0x951fdfa193d92c74c9e35ea8c8c757cbcbb85147,6726,0x1fac2b17c44eaee090585ddbe8d3abdacf504946,50.96349,50.96349,0.0,1,0,1704488233
2024-01-04,0x951fdfa193d92c74c9e35ea8c8c757cbcbb85147,6728,0x8a7d5ba462c2130e02d9a3f4c08a140220fc1204,51.154769,51.154769,0.0,1,0,1704488169
2024-01-04,0x951fdfa193d92c74c9e35ea8c8c757cbcbb85147,6731,0xe7677698617c6a3d4676eb787c1bc10081d5b8d3,51.533954,51.533954,0.0,1,0,1704487201
2024-01-04,0x951fdfa193d92c74c9e35ea8c8c757cbcbb85147,8032,0xf265702178a66b4b7ce079fc8a1629e47cf1bcde,196058.840273,196058.840273,0.0,1,0,1704923031
2024-01-04,0x951fdfa193d92c74c9e35ea8c8c757cbcbb85147,9029,0xa96a2500ff54c0b38e69a66cafc1dcaa76651667,7562.117545,7562.117545,0.0,1,0,1704624937
2024-01-04,0x951fdfa193d92c74c9e35ea8c8c757cbcbb85147,9756,0x72d320a6f03249bd60fb3f1a0ca95daecbd9ca61,25.838465,25.838465,0.0,1,0,1704537467
2024-01-04,0x951fdfa193d92c74c9e35ea8c8c757cbcbb85147,9827,0xabe511c8b028ca7915a48d6bc5535622c8ab29d2,144.061231,144.061231,0.0,1,0,1704434735
2024-01-04,0x951fdfa193d92c74c9e35ea8c8c757cbcbb85147,9946,0x1151ce76cca782a19f751925ef383ed744533663,15520.3378,30917.275659,30793.875717,2,2,1704419203
2024-01-04,0x951fdfa193d92c74c9e35ea8c8c757cbcbb85147,9959,0x2a23d0650db1c536e71aeb63ecd3daa0b52e66e1,14130.053027,14130.053027,0.0,1,0,1704850251
2024-01-04,0x951fdfa193d92c74c9e35ea8c8c757cbcbb85147,10294,0x48a6a8d403a58eccc70d4d57347f801d4e182564,500728.391362,500728.391362,0.0,1,0,1704913363
2024-01-04,0x951fdfa193d92c74c9e35ea8c8c757cbcbb85147,10295,0xc875b3dae5b0c371bc8cf9ded64868b78ac47587,366168.597378,366168.597378,1499999.982338,1,1,1704913979
2024-01-04,0x951fdfa193d92c74c9e35ea8c8c757cbcbb85147,10425,0x7f312686f2294db423ecc1e495fb695570f09b2a,1.458114,1.458114,0.0,1,0,1704692959
2024-01-04,0x951fdfa193d92c74c9e35ea8c8c757cbcbb85147,10559,0x46dcd6e6f34848bf62c8b5749bda984dd0015b29,178.034796,178.034796,0.0,1,0,1704636685
2024-01-04,0x951fdfa193d92c74c9e35ea8c8c757cbcbb85147,10654,0x6e98386f1951e6f997691c4a3bfa27126a7f9041,3730.656204,3730.656204,0.0,1,0,1704762921
2024-01-04,0x951fdfa193d92c74c9e35ea8c8c757cbcbb85147,10718,0x5f3e643c0a4e7726e8976fd3b71d552f1deb1b48,987.994741,987.994741,0.0,1,0,1704545529
2024-01-04,0x951fdfa193d92c74c9e35ea8c8c757cbcbb85147,10851,0x00ea95c08064a987f96e2632b78951e5dd0bc0e3,636.963558,636.963558,0.0,1,0,1704445305
2024-01-04,0x951fdfa193d92c74c9e35ea8c8c757cbcbb85147,10871,0x2358e3a7bb9d933095d187e7cf68f2507bfc07f6,17.537172,17.537172,0.0,1,0,1704533391
2024-01-04,0x951fdfa193d92c74c9e35ea8c8c757cbcbb85147,10872,0xeab3e731b301144d2431e364731626e71c87f43c,202863.178949,202863.178949,0.0,1,0,1704558791
2024-01-04,0x951fdfa193d92c74c9e35ea8c8c757cbcbb85147,10906,0xd832dc1b9f66f3ef378a9c21bbeffaae9469be2d,2683.956927,2683.956927,0.0,1,0,1704702567
2024-01-04,0x9b4db2f16199b8639ba386f44903ea2d51d65e43,68,0x132e47cf2c19ec2d8dd56e1528fc7e18dc09188f,68355.403853,68355.403853,0.0,1,0,1704921047
2024-01-04,0x9b4db2f16199b8639ba386f44903ea2d51d65e43,151,0x5275817b74021e97c980e95ede6bbac0d0d6f3a2,16305.750982,16305.750982,0.0,1,0,1704905469
2024-01-04,0x9b4db2f16199b8639ba386f44903ea2d51d65e43,2073,0x518180f11414d823647daa068a5847d63c3f128c,4109.755941,4109.755941,0.0,1,0,1704925593
2024-01-04,0x9b4db2f16199b8639ba386f44903ea2d51d65e43,3133,0x6b995c46343c82c3171cea9a22e7533004307675,1750.4831,1750.4831,0.0,1,0,1704925445
2024-01-04,0x9e4cb8b916289864321661ce02cf66aa5ba63c94,43,0x2ddb405238368695f34d30a80ab60c449aa5ce48,0.0,0.0,91429.726369,0,1,1704915295
2024-01-04,0x9e4cb8b916289864321661ce02cf66aa5ba63c94,51,0x0f228805c03a693aa964a791e0b2e2c6e6c6513f,143868.461159,143868.461159,287318.361891,1,1,1704923325
2024-01-04,0x9e4cb8b916289864321661ce02cf66aa5ba63c94,52,0x28878aec6b4209d90a40890183e3322f0ae5b2e2,272466.91242,272466.91242,272070.564722,1,1,1704918123
2024-01-04,0x9e4cb8b916289864321661ce02cf66aa5ba63c94,53,0x1594b251df6b70ca9a01d4de0836ab4fd9811241,0.0,0.0,490613.284489,0,1,1704901557
2024-01-04,0x9e4cb8b916289864321661ce02cf66aa5ba63c94,59,0xa3cbd0c67dee5142209ff0cf155bc2bc51acf180,0.0,0.0,675123.003678,0,1,1704927015
2024-01-04,0x9e4cb8b916289864321661ce02cf66aa5ba63c94,67,0x8ce17ff2c7376e9adfe9c63c47a801097fa6c525,0.0,0.0,109139.793882,0,1,1704918343
2024-01-04,0x9e4cb8b916289864321661ce02cf66aa5ba63c94,103,0x1c2ed7a6c4e3c1146103fa222181115a72243a06,0.0,0.0,55153.774709,0,1,1704927049
2024-01-04,0x9e4cb8b916289864321661ce02cf66aa5ba63c94,104,0x50a201b8dadf001f4ee6f84a0bf94f63be874b99,0.0,0.0,583851.799598,0,1,1704927099
2024-01-04,0x9e4cb8b916289864321661ce02cf66aa5ba63c94,114,0x611b0c1ed942b833c786c53883a4aa37a25602a6,47110.93307,47110.93307,0.0,1,0,1704898687
2024-01-04,0x9e4cb8b916289864321661ce02cf66aa5ba63c94,124,0x5d6f3d0c92d0564151357b0863e55e9ed4631b8d,109154.475675,109154.475675,108995.692634,1,1,1704913069
2024-01-04,0x9e4cb8b916289864321661ce02cf66aa5ba63c94,157,0x29563a4408812680728b4b8c44b19288cc9083ce,296853.282157,296853.282157,295637.535737,1,1,1704925377
2024-01-04,0x9e4cb8b916289864321661ce02cf66aa5ba63c94,184,0x76c2cd1b8a249f465f8445c455cb78e0eed36f1e,423503.370598,423503.370598,0.0,1,0,1704920107
2024-01-04,0x9e4cb8b916289864321661ce02cf66aa5ba63c94,203,0x637fceaf3e5289d2b396b831335e7d8a180c5656,19039.282843,19039.282843,38078.565687,1,1,1704926293
2024-01-04,0x9e4cb8b916289864321661ce02cf66aa5ba63c94,273,0xb385222c461dd7df0526ed22568b81984f6e5f02,0.0,0.0,123845.432284,0,1,1704826863
2024-01-04,0x9e4cb8b916289864321661ce02cf66aa5ba63c94,277,0x68acb2051b73c2342be78cd1a7e5ca44483d10c5,30437.361568,30437.361568,30437.361568,1,1,1704927397
2024-01-04,0x9e4cb8b916289864321661ce02cf66aa5ba63c94,289,0x95b05f935655c37ada2088c5767e5006f230b068,0.0,0.0,11438.519975,0,1,1704921527
2024-01-04,0x9e4cb8b916289864321661ce02cf66aa5ba63c94,297,0xe5350e927b904fdb4d2af55c566e269bb3df1941,110840.539405,110840.539405,110132.024302,1,1,1704892889
2024-01-04,0x9e4cb8b916289864321661ce02cf66aa5ba63c94,335,0x582c34536d7f4a2a5d96118d5d80ba3000c6b5af,89530.168768,89530.168768,89530.168768,1,1,1704898225
2024-01-04,0x9e4cb8b916289864321661ce02cf66aa5ba63c94,378,0xab58779cec2b82a75ffd103fdc88d7e3adb13468,0.0,0.0,71579.900693,0,1,1704909637
2024-01-04,0x9e4cb8b916289864321661ce02cf66aa5ba63c94,398,0x48c7e0db3dad3fe4eb0513b86fe5c38ebb4e0f91,16595.440447,16595.440447,0.0,1,0,1704867749
2024-01-04,0x9e4cb8b916289864321661ce02cf66aa5ba63c94,426,0x0e39b12dc1f8a69202838f540684fb5ac307c9c1,0.0,0.0,14714.074686,0,1,1704914147
2024-01-04,0x9e4cb8b916289864321661ce02cf66aa5ba63c94,448,0xfad576ebc93a47031ba895064405f8a04b6e96fc,0.0,0.0,54651.830586,0,1,1704927285
2024-01-04,0x9e4cb8b916289864321661ce02cf66aa5ba63c94,486,0x7ee615e93d2d58feb14e58ea93f3fb5940d227e4,0.0,0.0,51240.971916,0,1,1704885525
2024-01-04,0x9e4cb8b916289864321661ce02cf66aa5ba63c94,504,0xcfba6d63ec822425775d3c509e60ff689c1ae1e7,4697.732594,4697.732594,4690.898973,1,1,1704906031
2024-01-04,0x9e4cb8b916289864321661ce02cf66aa5ba63c94,512,0x3b1b211b3fce0d1ee9f5e1afeecadeb98378d0b0,10769.358898,10769.358898,10769.358898,1,1,1704893947
2024-01-04,0x9e4cb8b916289864321661ce02cf66aa5ba63c94,527,0x80d2214479e1cf9d79ea6690c4fff58fc56f866c,41588.332502,41588.332502,41527.835468,1,1,1704925749
2024-01-04,0x9e4cb8b916289864321661ce02cf66aa5ba63c94,536,0xf6ed81d5e9f61dd1ea21e96ae1d660ecc388ae4f,16331.275525,16331.275525,20384.398766,1,1,1704900951
2024-01-04,0x9e4cb8b916289864321661ce02cf66aa5ba63c94,579,0x71535aae1b6c0c51db317b54d5eee72d1ab843c1,18701.29586,18701.29586,37348.183532,1,1,1704927419
2024-01-04,0x9e4cb8b916289864321661ce02cf66aa5ba63c94,657,0x2067bed542762d26e2755ce7d8776728f3429f48,15790.309693,15790.309693,0.0,1,0,1704796345
2024-01-04,0x9e4cb8b916289864321661ce02cf66aa5ba63c94,707,0xb307d426a34a72a94b32bca5c5f0c8b36440fa80,27566.802423,27566.802423,27566.802423,1,1,1704921555
2024-01-04,0x9e4cb8b916289864321661ce02cf66aa5ba63c94,798,0x6a018ad51de844243ce7fb743c3e5f4481df6858,4432.36808,4432.36808,5540.460101,1,1,1704901005
2024-01-04,0x9e4cb8b916289864321661ce02cf66aa5ba63c94,803,0x4c7eabe657187d2c8c5f7e2bb453478f72fd00c9,0.0,0.0,27834.872835,0,1,1704927193
2024-01-04,0x9e4cb8b916289864321661ce02cf66aa5ba63c94,823,0xfc101ee05afe9843c37fb7fdd5a64b9dc47411b6,0.0,0.0,13415.283204,0,1,1704776337
2024-01-04,0x9e4cb8b916289864321661ce02cf66aa5ba63c94,827,0xe2952771c80d9b9c77a32e47d985bb3ff4e5a93d,0.0,0.0,13700.377951,0,1,1704776417
2024-01-04,0x9e4cb8b916289864321661ce02cf66aa5ba63c94,844,0x0849f5477813c0acb47aaceb5fb64da0ea5256a5,20299.29156,20299.29156,0.0,1,0,1704913521
2024-01-04,0x9e4cb8b916289864321661ce02cf66aa5ba63c94,910,0x16b00db74167b7469dda63b674ca9a3b1b70c439,0.0,0.0,21793.238593,0,1,1704925077
2024-01-04,0x9e4cb8b916289864321661ce02cf66aa5ba63c94,912,0x49a5492fdfe5acc966dd5f41310dfdfe8daa349c,0.0,0.0,25517.49409,0,1,1704924399
2024-01-04,0x9e4cb8b916289864321661ce02cf66aa5ba63c94,920,0x6c2693f5a936f37ed03cfa8465bf2d8beff19a0f,0.0,0.0,16040.319199,0,1,1704867427
2024-01-04,0x9e4cb8b916289864321661ce02cf66aa5ba63c94,984,0x68e0384d0a5daaf5dc4247ab0d49cf6dce4aa748,16448.2213,16448.2213,16424.294672,1,1,1704927165
2024-01-04,0x9e4cb8b916289864321661ce02cf66aa5ba63c94,998,0xf240afaf9a72ba475b9799581d985a40db1a900b,0.0,0.0,15209.673087,0,1,1704922983
2024-01-04,0x9e4cb8b916289864321661ce02cf66aa5ba63c94,1038,0x5eda2dc136986fc88d4df5696bc464f96a20268a,3515.845048,3515.845048,3501.426454,1,1,1704879427
2024-01-04,0x9e4cb8b916289864321661ce02cf66aa5ba63c94,1043,0x3214e141bdae08be1f382a885cf3d2a448a5e780,17649.74775,17649.74775,17649.74775,1,1,1704902323
2024-01-04,0x9e4cb8b916289864321661ce02cf66aa5ba63c94,1098,0x6e81417b312917305d12f76fa3b6bd66ffaa75e7,12926.93756,12926.93756,12926.93756,1,1,1704924219
2024-01-04,0x9e4cb8b916289864321661ce02cf66aa5ba63c94,1222,0xfe22484158c747ccc0652d6f408b8a0547a59938,0.0,0.0,10642.534634,0,1,1704911087
2024-01-04,0x9e4cb8b916289864321661ce02cf66aa5ba63c94,1363,0x43d16ccd581e1d6a8d51768f75ddf09b79f4f856,2178.847334,2178.847334,0.0,1,0,1704908401
2024-01-04,0x9e4cb8b916289864321661ce02cf66aa5ba63c94,1382,0x5a00e8683f37e8b08c744054a0ef606a18b1aef7,0.0,0.0,8539.586431,0,1,1704912579
2024-01-04,0x9e4cb8b916289864321661ce02cf66aa5ba63c94,1408,0x8eea89024a753b68e508e800b91923917470d3b0,0.0,0.0,8210.617257,0,1,1704886213
2024-01-04,0x9e4cb8b916289864321661ce02cf66aa5ba63c94,1465,0xf6081c039aa4df979d57aff3fe1e0d10ad5927b2,0.0,0.0,7697.271493,0,1,1704927479
2024-01-04,0x9e4cb8b916289864321661ce02cf66aa5ba63c94,1473,0xb0720a40d6335df0ac90ff9e4b755217632ca78c,0.0,0.0,3841.186159,0,1,1704876957
2024-01-04,0x9e4cb8b916289864321661ce02cf66aa5ba63c94,1480,0x5ad023ceceea45e75529d8e29e7b64d691200bc7,0.0,0.0,7524.47264,0,1,1704915359
2024-01-04,0x9e4cb8b916289864321661ce02cf66aa5ba63c94,1553,0x69cd1c2e13113c09a22ff98cbd2db3f682f716b4,6894.818588,6894.818588,6894.818588,1,1,1704870747
2024-01-04,0x9e4cb8b916289864321661ce02cf66aa5ba63c94,1663,0xf8d64874eae3da370c9e7b4cd3522e581737985a,0.0,0.0,6149.633249,0,1,1704913369
2024-01-04,0x9e4cb8b916289864321661ce02cf66aa5ba63c94,2041,0xec5b22756d0191fbbb4afffdd5ae2a660538d196,0.0,0.0,9912.827475,0,1,1704806015
2024-01-04,0x9e4cb8b916289864321661ce02cf66aa5ba63c94,2183,0x9c4b88fbe06b6b1e461d9d294ecb7fb0c841db4f,0.0,0.0,4149.64715,0,1,1704821975
2024-01-04,0x9e4cb8b916289864321661ce02cf66aa5ba63c94,2362,0xbaa9b493bccbe1a900b39870980f41356f85822a,0.0,0.0,6419.382161,0,1,1704900145
2024-01-04,0x9e4cb8b916289864321661ce02cf66aa5ba63c94,2474,0x47c465e7beac169081371969c0fcf62d10c84ef7,3298.212174,3298.212174,3298.212174,1,1,1704883935
2024-01-04,0x9e4cb8b916289864321661ce02cf66aa5ba63c94,2674,0x8298ca68dd147f42d2b355d320da71561defcd21,0.0,0.0,3576.552062,0,1,1704810631
2024-01-04,0x9e4cb8b916289864321661ce02cf66aa5ba63c94,2902,0xf84368dcc03dbd47a6567b7267f573c28b2f07fa,0.0,0.0,585.750987,0,1,1704912941
2024-01-04,0x9e4cb8b916289864321661ce02cf66aa5ba63c94,3758,0xe492e921f11d8c42f78e80e9bb9abc75d9c49243,0.0,0.0,1399.831246,0,1,1704862525
2024-01-04,0x9e4cb8b916289864321661ce02cf66aa5ba63c94,3874,0xeede1d82f37c50aadb5a3574e64affd71a167ffd,1020.731678,1020.731678,1020.731678,1,1,1704906927
2024-01-04,0x9e4cb8b916289864321661ce02cf66aa5ba63c94,4011,0x6322872f335dde0d4b44537f69fbae74bbed39de,81.644249,81.644249,0.0,1,0,1704812733
2024-01-04,0x9e4cb8b916289864321661ce02cf66aa5ba63c94,4185,0xa3b926f6d2bb5507fe711847640ba2086cb11a75,2250.85513,2250.85513,0.0,1,0,1704923289
2024-01-04,0x9e4cb8b916289864321661ce02cf66aa5ba63c94,7844,0x4dccb4444a0a804b778ddac22dc21b4fd0fe1a0d,4.8022,4.8022,4.827035,1,1,1704885359
2024-01-04,0x9e4cb8b916289864321661ce02cf66aa5ba63c94,8032,0xf265702178a66b4b7ce079fc8a1629e47cf1bcde,0.0,0.0,244717.05077,0,1,1704923031
2024-01-04,0x9e4cb8b916289864321661ce02cf66aa5ba63c94,8308,0x5303878c813f98c97fb1f641d6a89bf44bb03c0d,4.433425,4.433425,3.792358,1,1,1704482413
2024-01-04,0x9e4cb8b916289864321661ce02cf66aa5ba63c94,8405,0x5d6f3d0c92d0564151357b0863e55e9ed4631b8d,1402.812262,1402.812262,0.0,1,0,1704913067
2024-01-04,0x9e4cb8b916289864321661ce02cf66aa5ba63c94,8421,0x77eeaf07c050a690f9b3c2e8e7642cc3cbeceeb4,527954.068527,527954.068527,562331.811161,1,1,1704887579
2024-01-04,0x9e4cb8b916289864321661ce02cf66aa5ba63c94,8476,0xec5b22756d0191fbbb4afffdd5ae2a660538d196,0.0,0.0,1284.752921,0,1,1704806005
2024-01-04,0x9e4cb8b916289864321661ce02cf66aa5ba63c94,9345,0x77eeaf07c050a690f9b3c2e8e7642cc3cbeceeb4,134571.777551,134571.777551,143334.422277,1,1,1704887605
2024-01-04,0x9e4cb8b916289864321661ce02cf66aa5ba63c94,9717,0x55996ab2705ffbf8f1f08eb208a8e309f529f554,0.0,0.0,1046.057721,0,1,1704921297
2024-01-04,0x9e4cb8b916289864321661ce02cf66aa5ba63c94,9807,0xf3d820fc48e80f1a318d946cf3faecc9b3d80599,28.7035,28.7035,0.0,1,0,1704648023
2024-01-04,0x9e4cb8b916289864321661ce02cf66aa5ba63c94,10060,0x92aa6c4ebedc4e57af43b799c27d40a74d35c2bf,2.428034,2.428034,0.0,1,0,1704588047
2024-01-04,0x9e4cb8b916289864321661ce02cf66aa5ba63c94,10093,0x6581bcc4a8bb99efbb1e2b34ad042582cf598484,75.684355,75.684355,64.389933,1,1,1704372173
2024-01-04,0x9e4cb8b916289864321661ce02cf66aa5ba63c94,10293,0x274829c52bba894d62a4931b46b76cfe0606ac26,0.0,0.0,43.542502,0,1,1704570287
2024-01-04,0x9e4cb8b916289864321661ce02cf66aa5ba63c94,10294,0x48a6a8d403a58eccc70d4d57347f801d4e182564,6008740.696343,6008740.696343,5999999.998984,1,1,1704913363
2024-01-04,0x9e4cb8b916289864321661ce02cf66aa5ba63c94,10295,0xc875b3dae5b0c371bc8cf9ded64868b78ac47587,1342618.190386,1342618.190386,0.0,1,0,1704913979
2024-01-04,0x9e4cb8b916289864321661ce02cf66aa5ba63c94,10296,0x03c70563e94de5de56c11a0cc4ce3482f592854f,4137035.650898,4137035.650898,3809089.042884,1,1,1704929195
2024-01-04,0x9e4cb8b916289864321661ce02cf66aa5ba63c94,10298,0xc9814f18a8751214f719de15c54d01b3d78ef14f,787024.619577,54549462.998072,54262438.378948,110,110,1704929143
2024-01-04,0x9e4cb8b916289864321661ce02cf66aa5ba63c94,10474,0x505f69dbcc43a51d7ef1c2201f54ee116c45b20b,0.0,0.0,282490.38794,0,1,1704912919
2024-01-04,0x9e4cb8b916289864321661ce02cf66aa5ba63c94,10656,0x145acc258b553369e51b4e5fb4d7b7201125eecb,0.064829,0.064829,0.065329,1,1,1704891285
2024-01-04,0x9e4cb8b916289864321661ce02cf66aa5ba63c94,10657,0x892176d784bed3dc877a62f3ff9fc091377b2a49,0.989558,0.989558,1.495589,1,1,1704873411
2024-01-04,0x9e4cb8b916289864321661ce02cf66aa5ba63c94,10680,0x145acc258b553369e51b4e5fb4d7b7201125eecb,504.514971,504.514971,0.0,1,0,1704909255
2024-01-04,0x9e4cb8b916289864321661ce02cf66aa5ba63c94,10836,0xe742c794bfe6393b9cb5643058d9810ef488e1ac,41382.744297,41382.744297,0.0,1,0,1704855225
2024-01-04,0x9e4cb8b916289864321661ce02cf66aa5ba63c94,10865,0x92d0ab04a2d7d117adeddc7d7777ce8ff4baaf10,7.981262,7.981262,0.0,1,0,1704489225
2024-01-04,0x9e4cb8b916289864321661ce02cf66aa5ba63c94,10960,0x98c591f5a409fbe00345be802e40af9f569e2646,7.577817,7.577817,0.0,1,0,1704873815
2024-01-04,0xa6385c73961dd9c58db2ef0c4eb98ce4b60651e8,23,0xc01a1cd505e6afcd3ced2ee1bac67890497f6654,0.0,0.0,193002.484949,0,1,1704924707
2024-01-04,0xa6385c73961dd9c58db2ef0c4eb98ce4b60651e8,43,0x2ddb405238368695f34d30a80ab60c449aa5ce48,61124.961907,61124.961907,0.0,1,0,1704915295
2024-01-04,0xa6385c73961dd9c58db2ef0c4eb98ce4b60651e8,52,0x28878aec6b4209d90a40890183e3322f0ae5b2e2,272466.91242,272466.91242,0.0,1,0,1704918123
2024-01-04,0xa6385c73961dd9c58db2ef0c4eb98ce4b60651e8,53,0x1594b251df6b70ca9a01d4de0836ab4fd9811241,614160.001807,614160.001807,0.0,1,0,1704901557
2024-01-04,0xa6385c73961dd9c58db2ef0c4eb98ce4b60651e8,56,0x48a5a6a01ba89cddf97d2d552923d5a11401ed19,0.0,0.0,2169308.423606,0,1,1704927135
2024-01-04,0xa6385c73961dd9c58db2ef0c4eb98ce4b60651e8,60,0xc03282d46293499cdd8914a7bb7d78f793e70a5a,0.0,0.0,1712427.542734,0,1,1704920831
2024-01-04,0xa6385c73961dd9c58db2ef0c4eb98ce4b60651e8,63,0x0172e05392aba65366c4dbbb70d958bbf43304e4,1391370.599841,1391370.599841,0.0,1,0,1704924311
2024-01-04,0xa6385c73961dd9c58db2ef0c4eb98ce4b60651e8,88,0x8bace3a49a375027868cdd34e84521eed1f1b01d,0.0,0.0,660687.44982,0,1,1704911751
2024-01-04,0xa6385c73961dd9c58db2ef0c4eb98ce4b60651e8,116,0x0aad9ea1468e2d39d4c1492e66fccbebd3c93f6c,470120.461746,470120.461746,0.0,1,0,1704927269
2024-01-04,0xa6385c73961dd9c58db2ef0c4eb98ce4b60651e8,121,0xede54584f748480851cad467b82c6a1173bebe10,114839.099614,229414.944903,114575.845289,2,1,1704431827
2024-01-04,0xa6385c73961dd9c58db2ef0c4eb98ce4b60651e8,124,0x5d6f3d0c92d0564151357b0863e55e9ed4631b8d,109154.475675,109154.475675,0.0,1,0,1704913069
2024-01-04,0xa6385c73961dd9c58db2ef0c4eb98ce4b60651e8,127,0xecf9265f48006ddb6ee14060fac59c9429c32db6,208918.483936,208918.483936,0.0,1,0,1704927359
2024-01-04,0xa6385c73961dd9c58db2ef0c4eb98ce4b60651e8,136,0x12c58f57177b8d5832f60cfa690770c19ac9da19,234390.312795,234390.312795,0.0,1,0,1704922455
2024-01-04,0xa6385c73961dd9c58db2ef0c4eb98ce4b60651e8,160,0xb0eb6f452ecea6a76fda435b4629cf6a11b24a2a,0.0,0.0,285132.020397,0,1,1704912099
2024-01-04,0xa6385c73961dd9c58db2ef0c4eb98ce4b60651e8,188,0xa60aadf62907bf06dd714781d44bbd4c2d783259,107682.575117,107682.575117,0.0,1,0,1704917969
2024-01-04,0xa6385c73961dd9c58db2ef0c4eb98ce4b60651e8,208,0x7ecf3629e27b410d6a277cdca9c99240706eebec,401770.076016,401770.076016,0.0,1,0,1704906239
2024-01-04,0xa6385c73961dd9c58db2ef0c4eb98ce4b60651e8,238,0xb6f28ae8f31d85dc27361852b986286113bc588d,41879.542339,41879.542339,0.0,1,0,1704923647
2024-01-04,0xa6385c73961dd9c58db2ef0c4eb98ce4b60651e8,247,0xc40ebdc95e9fae4ada1a2c5093d0599afe0256bd,37621.88882,37621.88882,0.0,1,0,1704923131
2024-01-04,0xa6385c73961dd9c58db2ef0c4eb98ce4b60651e8,267,0x5b1c8cd6e98d8bca397fd09b0dcc9933d712ad13,59258.806564,59258.806564,0.0,1,0,1704920535
2024-01-04,0xa6385c73961dd9c58db2ef0c4eb98ce4b60651e8,275,0xa810ffea2709c116ef180d090c142fc5e08586a7,62917.705508,62917.705508,0.0,1,0,1704921599
2024-01-04,0xa6385c73961dd9c58db2ef0c4eb98ce4b60651e8,289,0x95b05f935655c37ada2088c5767e5006f230b068,5831.694035,5831.694035,0.0,1,0,1704921527
2024-01-04,0xa6385c73961dd9c58db2ef0c4eb98ce4b60651e8,352,0xcdedcee9c46284667997eb4d29f8427b696da3df,0.0,0.0,83168.241295,0,1,1704917685
2024-01-04,0xa6385c73961dd9c58db2ef0c4eb98ce4b60651e8,363,0xbe12e889a5af67b12369c5610187a18c0a43dce0,0.0,0.0,81844.019934,0,1,1704349231
2024-01-04,0xa6385c73961dd9c58db2ef0c4eb98ce4b60651e8,446,0xb760c246db7eee48169c729d0394a7773be6a376,53667.951117,53667.951117,0.0,1,0,1704897733
2024-01-04,0xa6385c73961dd9c58db2ef0c4eb98ce4b60651e8,448,0xfad576ebc93a47031ba895064405f8a04b6e96fc,54731.446429,54731.446429,0.0,1,0,1704927285
2024-01-04,0xa6385c73961dd9c58db2ef0c4eb98ce4b60651e8,473,0x97020c9ec66e0f59231918b1d2f167a66026aff2,62720.423616,62720.423616,63415.270924,1,1,1704912029
2024-01-04,0xa6385c73961dd9c58db2ef0c4eb98ce4b60651e8,494,0x153b4f4f2c6c284f844a53eb2e097d23b7bfa4dd,0.0,0.0,22995.595985,0,1,1704889105
2024-01-04,0xa6385c73961dd9c58db2ef0c4eb98ce4b60651e8,497,0xc5be928c3d096969842a3524a3bfcff051d7d68e,45013.103712,45013.103712,0.0,1,0,1704921519
2024-01-04,0xa6385c73961dd9c58db2ef0c4eb98ce4b60651e8,543,0x6613a1521394c2f17c7d705e48279e44c2a01936,20178.352654,20178.352654,20148.999939,1,1,1704330767
2024-01-04,0xa6385c73961dd9c58db2ef0c4eb98ce4b60651e8,544,0x16b00db74167b7469dda63b674ca9a3b1b70c439,0.0,0.0,20117.101083,0,1,1704925085
2024-01-04,0xa6385c73961dd9c58db2ef0c4eb98ce4b60651e8,546,0x8cfee9540fda895e2323781391b49620e7909d77,40242.699577,40242.699577,0.0,1,0,1704927309
2024-01-04,0xa6385c73961dd9c58db2ef0c4eb98ce4b60651e8,553,0xdaa070d909e010211606144ede5b2ca6864c2c1c,0.0,0.0,22586.225457,0,1,1704925535
2024-01-04,0xa6385c73961dd9c58db2ef0c4eb98ce4b60651e8,579,0x71535aae1b6c0c51db317b54d5eee72d1ab843c1,18701.29586,18701.29586,0.0,1,0,1704927419
2024-01-04,0xa6385c73961dd9c58db2ef0c4eb98ce4b60651e8,612,0xb7db1273e05bb89c9c4858d3b0a280cf9dd38d69,35313.506293,35313.506293,0.0,1,0,1704912347
2024-01-04,0xa6385c73961dd9c58db2ef0c4eb98ce4b60651e8,623,0x78082d8db5a648e92950c3ebd9867edc7cccd19f,0.0,0.0,34021.02017,0,1,1704921417
2024-01-04,0xa6385c73961dd9c58db2ef0c4eb98ce4b60651e8,655,0x3590f55eecc2eb731e6888acf5e5c87f22be85be,31490.368453,31490.368453,0.0,1,0,1704894859
2024-01-04,0xa6385c73961dd9c58db2ef0c4eb98ce4b60651e8,662,0x136c65a3f31682fcf683906ddbf3c76db2633f99,0.0,0.0,30955.566751,0,1,1704569467
2024-01-04,0xa6385c73961dd9c58db2ef0c4eb98ce4b60651e8,667,0xe95ab07a55e8489fe8e81e3281c8b3fd95c7d8af,7799.92441,7799.92441,0.0,1,0,1704890355
2024-01-04,0xa6385c73961dd9c58db2ef0c4eb98ce4b60651e8,674,0xf076823122f106c2b7f21cbaacd1c9db1ce4cf27,7934.067079,7934.067079,0.0,1,0,1704900241
2024-01-04,0xa6385c73961dd9c58db2ef0c4eb98ce4b60651e8,685,0x30858a8051eaa08fbc3dc37fb290792fd30664b7,29090.93319,29090.93319,0.0,1,0,1704900517
2024-01-04,0xa6385c73961dd9c58db2ef0c4eb98ce4b60651e8,737,0x7d374fe73fd8358a93c53e978477f7ba4129be0c,34479.903441,34479.903441,0.0,1,0,1704903869
2024-01-04,0xa6385c73961dd9c58db2ef0c4eb98ce4b60651e8,741,0xbf49b454818783d12bf4f3375ff17c59015e66cb,25743.560009,25743.560009,0.0,1,0,1704912005
2024-01-04,0xa6385c73961dd9c58db2ef0c4eb98ce4b60651e8,759,0xeead1396fe5f0daec6dbc04d8a43e85dde4d97da,0.0,0.0,12482.787616,0,1,1704586073
2024-01-04,0xa6385c73961dd9c58db2ef0c4eb98ce4b60651e8,777,0xf3afc2383a0b45ae73d77b49df7f2184b1ad4b90,0.0,0.0,23407.830402,0,1,1704569601
2024-01-04,0xa6385c73961dd9c58db2ef0c4eb98ce4b60651e8,796,0xde4eb5c828432d1d674a6143029604bc811011e7,0.0,0.0,21956.182362,0,1,1704914565
2024-01-04,0xa6385c73961dd9c58db2ef0c4eb98ce4b60651e8,798,0x6a018ad51de844243ce7fb743c3e5f4481df6858,4432.36808,4432.36808,0.0,1,0,1704901005
2024-01-04,0xa6385c73961dd9c58db2ef0c4eb98ce4b60651e8,803,0x4c7eabe657187d2c8c5f7e2bb453478f72fd00c9,27913.332063,27913.332063,0.0,1,0,1704927193
2024-01-04,0xa6385c73961dd9c58db2ef0c4eb98ce4b60651e8,824,0x0e80b8ea35ed0d15689a6372940619a5a99588bb,21001.028404,21001.028404,0.0,1,0,1704904531
2024-01-04,0xa6385c73961dd9c58db2ef0c4eb98ce4b60651e8,844,0x0849f5477813c0acb47aaceb5fb64da0ea5256a5,0.0,0.0,20299.29156,0,1,1704913521
2024-01-04,0xa6385c73961dd9c58db2ef0c4eb98ce4b60651e8,862,0xecb4c1245665e8a1f43826355aab0dd6bf336e05,20601.589292,20601.589292,0.0,1,0,1704897393
2024-01-04,0xa6385c73961dd9c58db2ef0c4eb98ce4b60651e8,910,0x16b00db74167b7469dda63b674ca9a3b1b70c439,10927.334017,10927.334017,0.0,1,0,1704925077
2024-01-04,0xa6385c73961dd9c58db2ef0c4eb98ce4b60651e8,946,0x4523b791292da89a9194b61ba4cd9d98f2af68e0,4159.585083,4159.585083,0.0,1,0,1704923239
2024-01-04,0xa6385c73961dd9c58db2ef0c4eb98ce4b60651e8,1079,0x73ea5b1ab2f4a36556b0a57381ed0101643615f3,0.0,0.0,19080.729644,0,1,1704347343
2024-01-04,0xa6385c73961dd9c58db2ef0c4eb98ce4b60651e8,1129,0x56e08babb8bf928bd8571d2a2a78235ae57ae5bd,3381.282892,3381.282892,3357.193652,1,1,1704925299
2024-01-04,0xa6385c73961dd9c58db2ef0c4eb98ce4b60651e8,1134,0x1e38f19ec613cfcb06d23fd71d01c9dc1feba45e,12330.562982,12330.562982,12257.64897,1,1,1704914271
2024-01-04,0xa6385c73961dd9c58db2ef0c4eb98ce4b60651e8,1169,0xf9e1d1e9f22c96752356adfd377231528c7e851e,0.0,0.0,11731.900054,0,1,1704915815
2024-01-04,0xa6385c73961dd9c58db2ef0c4eb98ce4b60651e8,1328,0x28a48d16d5e8d79f6de73f2c1b3b9e423f95b9f5,0.0,0.0,8951.793764,0,1,1704863181
2024-01-04,0xa6385c73961dd9c58db2ef0c4eb98ce4b60651e8,1332,0x3ca439c192dd92c859c1c3097cca4088eb13f865,0.0,0.0,8982.81729,0,1,1704863757
2024-01-04,0xa6385c73961dd9c58db2ef0c4eb98ce4b60651e8,1394,0x7a49983815a5f0499e590698c44adfe766e6812f,8442.387374,8442.387374,0.0,1,0,1704896231
2024-01-04,0xa6385c73961dd9c58db2ef0c4eb98ce4b60651e8,1463,0xe941eb810651e784a2da10b37d4d94b33d245de2,7747.671955,7747.671955,7736.401699,1,1,1704848929
2024-01-04,0xa6385c73961dd9c58db2ef0c4eb98ce4b60651e8,1474,0xc56e12fd9435bbedd79e03429cfe798271aa4b5e,0.0,0.0,7646.550209,0,1,1704842165
2024-01-04,0xa6385c73961dd9c58db2ef0c4eb98ce4b60651e8,1652,0xbff734478f1d1e7a313f174f2444d0e366b034b7,0.0,0.0,6218.494212,0,1,1704338939
2024-01-04,0xa6385c73961dd9c58db2ef0c4eb98ce4b60651e8,1778,0x0a862efcbfcb4f63ee339950bd2414062107e079,0.0,0.0,5635.693224,0,1,1704897013
2024-01-04,0xa6385c73961dd9c58db2ef0c4eb98ce4b60651e8,1840,0x20a75d13cc7e7bde1534252f06a4578de8d70953,0.0,0.0,245.576511,0,1,1704923029
2024-01-04,0xa6385c73961dd9c58db2ef0c4eb98ce4b60651e8,1855,0xbfad818edb25dc4eebac8cc44a7533be4652ad6c,0.0,0.0,1646.999875,0,1,1704524933
2024-01-04,0xa6385c73961dd9c58db2ef0c4eb98ce4b60651e8,1912,0x3e516b6d229bf935f1b6bf4a0c2531ddab48cf1b,0.0,0.0,3600.386603,0,1,1704909291
2024-01-04,0xa6385c73961dd9c58db2ef0c4eb98ce4b60651e8,1991,0x4bdfae7d2a6fc206c5a80f4d41e683a5d5b30d5b,4296.16068,4296.16068,4296.16068,1,1,1704504139
2024-01-04,0xa6385c73961dd9c58db2ef0c4eb98ce4b60651e8,2040,0xaae833d972e4a8dbcdcd007a5bda0b22e5ddf583,0.0,0.0,4185.280822,0,1,1704632227
2024-01-04,0xa6385c73961dd9c58db2ef0c4eb98ce4b60651e8,2042,0x8ccfbc13159c5916dbbf5815d899411aeb1876ef,0.0,0.0,4184.658696,0,1,1704917333
2024-01-04,0xa6385c73961dd9c58db2ef0c4eb98ce4b60651e8,2098,0x7facf85e84f443fef7113bf85e7a582b251a25b5,0.0,0.0,4013.965399,0,1,1704917615
2024-01-04,0xa6385c73961dd9c58db2ef0c4eb98ce4b60651e8,2114,0xdb743c5132eb9ae11bf829014c82ce503bc621cb,0.0,0.0,4018.970647,0,1,1704431935
2024-01-04,0xa6385c73961dd9c58db2ef0c4eb98ce4b60651e8,2194,0x74597a233e403ac2f48c40dd66fde8d22d6634f2,3837.776859,3837.776859,0.0,1,0,1704917263
2024-01-04,0xa6385c73961dd9c58db2ef0c4eb98ce4b60651e8,2266,0xb00f8b601558243c9abcddabd54ea17f70471b8e,0.0,0.0,7033.34369,0,1,1704913543
2024-01-04,0xa6385c73961dd9c58db2ef0c4eb98ce4b60651e8,2289,0xb11fe701874bf43197702b53ebdb304b0a1be053,0.0,0.0,3678.252709,0,1,1704923905
2024-01-04,0xa6385c73961dd9c58db2ef0c4eb98ce4b60651e8,2299,0xc4f694f8da796b7b36d9f5ceeacae5722c2d1d6e,0.0,0.0,3918.986335,0,1,1704911793
2024-01-04,0xa6385c73961dd9c58db2ef0c4eb98ce4b60651e8,2300,0x45adff324eb1ac03a6a115dc539052232d4ba980,0.0,0.0,4081.664924,0,1,1704854269
2024-01-04,0xa6385c73961dd9c58db2ef0c4eb98ce4b60651e8,2319,0x0e80a01f8e69d535975fa34e64498651bc74247f,8221.657957,8221.657957,0.0,1,0,1704927267
2024-01-04,0xa6385c73961dd9c58db2ef0c4eb98ce4b60651e8,2348,0xa0efd27acc781549d5b78e89e561aa0903932d56,0.0,0.0,3472.940576,0,1,1704333323
2024-01-04,0xa6385c73961dd9c58db2ef0c4eb98ce4b60651e8,2587,0xf26e5b93453a69a0297dc66e7bbd750d2b28160b,0.0,0.0,3133.165114,0,1,1704733463
2024-01-04,0xa6385c73961dd9c58db2ef0c4eb98ce4b60651e8,2629,0xe012d8ecff24057e3a47c93f44ff6eb9d1ba2f4f,0.0,0.0,3063.752077,0,1,1704924637
2024-01-04,0xa6385c73961dd9c58db2ef0c4eb98ce4b60651e8,2731,0xd511a8d9448dc95e774000dcc342207144aa9377,0.0,0.0,2800.626,0,1,1704868345
2024-01-04,0xa6385c73961dd9c58db2ef0c4eb98ce4b60651e8,2735,0x6e56e7ff87b9d28bfa3eb58aff1c4ecc0955b25e,2786.477535,2786.477535,2786.477535,1,1,1704418283
2024-01-04,0xa6385c73961dd9c58db2ef0c4eb98ce4b60651e8,2749,0x1d9a60325cd837f84f42cee66b3beb09ed29a86b,0.0,0.0,5106.960475,0,1,1704804397
2024-01-04,0xa6385c73961dd9c58db2ef0c4eb98ce4b60651e8,2777,0x00b51820a9d027fb2de9eb58d898db0179ead8b4,0.0,0.0,2596.694562,0,1,1704819281
2024-01-04,0xa6385c73961dd9c58db2ef0c4eb98ce4b60651e8,2857,0x14ea6d2a6765eb177ef66db2c14c8214b4046257,564.151884,564.151884,1128.303768,1,1,1704376373
2024-01-04,0xa6385c73961dd9c58db2ef0c4eb98ce4b60651e8,2902,0xf84368dcc03dbd47a6567b7267f573c28b2f07fa,585.750987,585.750987,0.0,1,0,1704912941
2024-01-04,0xa6385c73961dd9c58db2ef0c4eb98ce4b60651e8,3088,0x52aea2fa97a868e2f920b95c388da95e1bcf8c29,0.0,0.0,910.366208,0,1,1704913431
2024-01-04,0xa6385c73961dd9c58db2ef0c4eb98ce4b60651e8,3242,0xe6569ad1cf54b5f49be0218e42e27100e63c5f81,0.0,0.0,1645.684292,0,1,1704875723
2024-01-04,0xa6385c73961dd9c58db2ef0c4eb98ce4b60651e8,3243,0x87f16c31e32ae543278f5194cf94862f1cb1eee0,0.0,0.0,22234.421668,0,1,1704373827
2024-01-04,0xa6385c73961dd9c58db2ef0c4eb98ce4b60651e8,3278,0xebcc98573c3cd9b5b61900d1304da938b5036a0d,0.0,1608.866766,3217.733532,1,2,1704473623
2024-01-04,0xa6385c73961dd9c58db2ef0c4eb98ce4b60651e8,3345,0x0e569d21238a29d82acbee5e51c717bac80a2dd8,1520.599801,1520.599801,0.0,1,0,1704902875
2024-01-04,0xa6385c73961dd9c58db2ef0c4eb98ce4b60651e8,3347,0x175fb20b9b5bcf80a0167d403405e6f3a074cfa0,386.678676,386.678676,386.678676,1,1,1704483891
2024-01-04,0xa6385c73961dd9c58db2ef0c4eb98ce4b60651e8,3781,0xaf11495f021c5c2c5f5230f40d5d57ebe4059700,0.0,0.0,71916.271205,0,1,1704924225
2024-01-04,0xa6385c73961dd9c58db2ef0c4eb98ce4b60651e8,4391,0xe9638ccc678b1ad8c2dbea14f337914b92827d51,0.0,0.0,570.314939,0,1,1704339503
2024-01-04,0xa6385c73961dd9c58db2ef0c4eb98ce4b60651e8,4482,0xfc427d3112ccef24dce7fda59238aceca2b8105a,0.0,0.0,576.23927,0,1,1704795653
2024-01-04,0xa6385c73961dd9c58db2ef0c4eb98ce4b60651e8,4518,0x43917a8174465dc01522e8e14335eaa2cde33f6f,103.987508,103.987508,103.987508,1,1,1704465255
2024-01-04,0xa6385c73961dd9c58db2ef0c4eb98ce4b60651e8,4877,0xcf0c8d0d34a0535e84e61ee7065fae086a261865,2220.099745,2220.099745,2220.099745,1,1,1704910899
2024-01-04,0xa6385c73961dd9c58db2ef0c4eb98ce4b60651e8,4880,0x815337f5fc956fdb31468ee84aaa64f868c8aca5,412.510397,412.510397,412.510397,1,1,1704790353
2024-01-04,0xa6385c73961dd9c58db2ef0c4eb98ce4b60651e8,4936,0x77e395ccb0f042083f389404f3459dad40b6d552,136.000228,136.000228,313.108518,1,1,1704838611
2024-01-04,0xa6385c73961dd9c58db2ef0c4eb98ce4b60651e8,5059,0x57b90a59920e3a88af8317e30ea0e3b6a26c89f4,0.0,0.0,1141.637246,0,1,1704847359
2024-01-04,0xa6385c73961dd9c58db2ef0c4eb98ce4b60651e8,5083,0x4f84829f24b3e3e2801919de933fe27f0979fdaf,394.915745,394.915745,394.915745,1,1,1704524683
2024-01-04,0xa6385c73961dd9c58db2ef0c4eb98ce4b60651e8,5237,0xa1efc03fe3318cc186bc48809a30b2fed31a2423,384.349337,384.349337,0.0,1,0,1704893525
2024-01-04,0xa6385c73961dd9c58db2ef0c4eb98ce4b60651e8,5282,0x9b6d3f6fc8e477dd7bb6f177f1321cdbda13984f,0.0,0.0,382.27425,0,1,1704853495
2024-01-04,0xa6385c73961dd9c58db2ef0c4eb98ce4b60651e8,5332,0x314fd5d24e1db1fd89c5b5b96025724ac51ce18c,0.0,0.0,380.002255,0,1,1704789549
2024-01-04,0xa6385c73961dd9c58db2ef0c4eb98ce4b60651e8,5740,0x4f5695d12c30eae448c5f38023b12572e483453c,364.760704,364.760704,364.760704,1,1,1704924425
2024-01-04,0xa6385c73961dd9c58db2ef0c4eb98ce4b60651e8,6080,0x3c698d1e054a921dcf46bc213ca407e39ae4db8d,0.0,0.0,355.300945,0,1,1704788407
2024-01-04,0xa6385c73961dd9c58db2ef0c4eb98ce4b60651e8,6089,0xd28283e34c229dc9a4236d4c38715b82802be44b,0.0,0.0,1399.963624,0,1,1704858221
2024-01-04,0xa6385c73961dd9c58db2ef0c4eb98ce4b60651e8,6156,0x66805d8b82664acab4cbe0c0498889dde9af7841,0.0,0.0,381.996208,0,1,1704915843
2024-01-04,0xa6385c73961dd9c58db2ef0c4eb98ce4b60651e8,6372,0x6b6597710ac103f998e77f48caad882788e24471,0.0,0.0,349.050908,0,1,1704524061
2024-01-04,0xa6385c73961dd9c58db2ef0c4eb98ce4b60651e8,6406,0x451248229712d6f207ff9466d8d3a33cb59d103c,462.791594,462.791594,462.791594,1,1,1704763253
2024-01-04,0xa6385c73961dd9c58db2ef0c4eb98ce4b60651e8,6408,0x638198fffca8f6803df3728c50491d6715696dde,348.176344,348.176344,0.0,1,0,1704365225
2024-01-04,0xa6385c73961dd9c58db2ef0c4eb98ce4b60651e8,6564,0xbdec7287c08c0c153f9843c4796d59e3bf7178e4,0.0,0.0,2.38067,0,1,1704633107
2024-01-04,0xa6385c73961dd9c58db2ef0c4eb98ce4b60651e8,6798,0xe77ffc696724fd0fcff578a05f3023081ae888c0,0.0,0.0,9399.729999,0,1,1704909371
2024-01-04,0xa6385c73961dd9c58db2ef0c4eb98ce4b60651e8,7733,0x9f0f8f07ec71a6435f1574ec022e98b5445d4988,0.0,0.0,38516.521984,0,1,1704909001
2024-01-04,0xa6385c73961dd9c58db2ef0c4eb98ce4b60651e8,7744,0x08a66e3e114b64d8a1235388dc99c35a2938b982,0.0,0.0,4.741589,0,1,1704409089
2024-01-04,0xa6385c73961dd9c58db2ef0c4eb98ce4b60651e8,7794,0x6e56e7ff87b9d28bfa3eb58aff1c4ecc0955b25e,7685.726633,7685.726633,7830.357276,1,1,1704418321
2024-01-04,0xa6385c73961dd9c58db2ef0c4eb98ce4b60651e8,8405,0x5d6f3d0c92d0564151357b0863e55e9ed4631b8d,1402.812262,1402.812262,0.0,1,0,1704913067
2024-01-04,0xa6385c73961dd9c58db2ef0c4eb98ce4b60651e8,8412,0x6e56e7ff87b9d28bfa3eb58aff1c4ecc0955b25e,2061.45324,2061.45324,2061.45324,1,1,1704418297
2024-01-04,0xa6385c73961dd9c58db2ef0c4eb98ce4b60651e8,8433,0x9e5a57470a2a136a3d4de39e1996e05944c4b1fb,91805.95781,91805.95781,173739.948577,1,1,1704901227
2024-01-04,0xa6385c73961dd9c58db2ef0c4eb98ce4b60651e8,8434,0x9f0f8f07ec71a6435f1574ec022e98b5445d4988,0.0,0.0,40541.206944,0,1,1704909017
2024-01-04,0xa6385c73961dd9c58db2ef0c4eb98ce4b60651e8,8502,0x892176d784bed3dc877a62f3ff9fc091377b2a49,6733.194794,6733.194794,0.0,1,0,1704910201
2024-01-04,0xa6385c73961dd9c58db2ef0c4eb98ce4b60651e8,9040,0xcdeab036e1f56c09cc94598490ac338992edab05,0.304953,0.304953,132.631754,1,1,1704921583
2024-01-04,0xa6385c73961dd9c58db2ef0c4eb98ce4b60651e8,9095,0x72d320a6f03249bd60fb3f1a0ca95daecbd9ca61,0.055856,0.055856,2.804855,1,1,1704537593
2024-01-04,0xa6385c73961dd9c58db2ef0c4eb98ce4b60651e8,9261,0xb6f28ae8f31d85dc27361852b986286113bc588d,6605.660768,6605.660768,0.0,1,0,1704923715
2024-01-04,0xa6385c73961dd9c58db2ef0c4eb98ce4b60651e8,9282,0x5929cc4d10b6a1acc5bf5d221889f10251c628a1,0.0,0.0,19282.352165,0,1,1704920111
2024-01-04,0xa6385c73961dd9c58db2ef0c4eb98ce4b60651e8,9296,0x9f0f8f07ec71a6435f1574ec022e98b5445d4988,0.0,42455.655501,78171.005402,1,2,1704909071
2024-01-04,0xa6385c73961dd9c58db2ef0c4eb98ce4b60651e8,9360,0x5b3067c5e26fec823d6fbf8f315e43632658d2f6,3881.43293,3881.43293,0.0,1,0,1704890869
2024-01-04,0xa6385c73961dd9c58db2ef0c4eb98ce4b60651e8,9546,0x175fb20b9b5bcf80a0167d403405e6f3a074cfa0,38.011946,38.011946,38.250036,1,1,1704483903
2024-01-04,0xa6385c73961dd9c58db2ef0c4eb98ce4b60651e8,9561,0x099b9c7ce4689068ac6206ecdc0d41d9d016937a,1.464432,1.464432,0.0,1,0,1704784537
2024-01-04,0xa6385c73961dd9c58db2ef0c4eb98ce4b60651e8,9616,0xf120445761d31c9322416a8eabbbeeea1a1eac1e,66.477719,66.477719,66.828606,1,1,1704373153
2024-01-04,0xa6385c73961dd9c58db2ef0c4eb98ce4b60651e8,9707,0x60034a6d90f54d3bbc3188033fd08b1a146802ba,1923.201566,1923.201566,1923.201566,1,1,1704905041
2024-01-04,0xa6385c73961dd9c58db2ef0c4eb98ce4b60651e8,9782,0x8803d1575831c7565839d11a622b6fcd9e14fcfc,491.318872,491.318872,125.904636,1,1,1704441909
2024-01-04,0xa6385c73961dd9c58db2ef0c4eb98ce4b60651e8,9813,0x1f97c3af53ae481bfcafddc759ea93a3aa728850,5.312608,5.312608,5.835526,1,1,1704496753
2024-01-04,0xa6385c73961dd9c58db2ef0c4eb98ce4b60651e8,9891,0x9faa9d3fdbf962d8ce187575e68a44cd858dcba8,48786.983159,48786.983159,0.0,1,0,1704910011
2024-01-04,0xa6385c73961dd9c58db2ef0c4eb98ce4b60651e8,9928,0x5929cc4d10b6a1acc5bf5d221889f10251c628a1,0.0,0.0,12075.513553,0,1,1704920215
2024-01-04,0xa6385c73961dd9c58db2ef0c4eb98ce4b60651e8,9954,0x7d374fe73fd8358a93c53e978477f7ba4129be0c,2800.582356,2800.582356,0.0,1,0,1704903891
2024-01-04,0xa6385c73961dd9c58db2ef0c4eb98ce4b60651e8,9972,0x8bace3a49a375027868cdd34e84521eed1f1b01d,0.0,0.0,191871.841736,0,1,1704911743
2024-01-04,0xa6385c73961dd9c58db2ef0c4eb98ce4b60651e8,10261,0x97d37e8b619cf4c6145da456766ca4fa157292d3,0.0,0.0,11140.945771,0,1,1704803215
2024-01-04,0xa6385c73961dd9c58db2ef0c4eb98ce4b60651e8,10294,0x48a6a8d403a58eccc70d4d57347f801d4e182564,9013111.044514,9013111.044514,7499999.99873,1,1,1704913363
2024-01-04,0xa6385c73961dd9c58db2ef0c4eb98ce4b60651e8,10295,0xc875b3dae5b0c371bc8cf9ded64868b78ac47587,122056.199126,122056.199126,0.0,1,0,1704913979
2024-01-04,0xa6385c73961dd9c58db2ef0c4eb98ce4b60651e8,10296,0x03c70563e94de5de56c11a0cc4ce3482f592854f,636467.023215,636467.023215,0.0,1,0,1704929195
2024-01-04,0xa6385c73961dd9c58db2ef0c4eb98ce4b60651e8,10297,0x6a941fe89cac5f440bb14e5286ad3e38ca3f2d39,3287645.032209,3287645.032209,3282862.614667,1,1,1704913761
2024-01-04,0xa6385c73961dd9c58db2ef0c4eb98ce4b60651e8,10298,0xc9814f18a8751214f719de15c54d01b3d78ef14f,121080.710704,121080.710704,0.0,1,0,1704929143
2024-01-04,0xa6385c73961dd9c58db2ef0c4eb98ce4b60651e8,10343,0x869921f41af38fe397c8309d3d1885809508b723,21.506124,21.506124,2.477245,1,1,1704331397
2024-01-04,0xa6385c73961dd9c58db2ef0c4eb98ce4b60651e8,10354,0x0123e230c261e026c476a21fae07de3aa55ac870,0.0,0.0,2041.595616,0,1,1704906441
2024-01-04,0xa6385c73961dd9c58db2ef0c4eb98ce4b60651e8,10471,0x1594b251df6b70ca9a01d4de0836ab4fd9811241,5351.051376,5351.051376,0.0,1,0,1704901795
2024-01-04,0xa6385c73961dd9c58db2ef0c4eb98ce4b60651e8,10630,0xdaaffba0ab113acbee5c65ecdcccdc60aaf7d110,1188.894306,1188.894306,0.0,1,0,1704896729
2024-01-04,0xa6385c73961dd9c58db2ef0c4eb98ce4b60651e8,10656,0x145acc258b553369e51b4e5fb4d7b7201125eecb,0.064829,0.064829,0.065329,1,1,1704891285
2024-01-04,0xa6385c73961dd9c58db2ef0c4eb98ce4b60651e8,10664,0x8803d1575831c7565839d11a622b6fcd9e14fcfc,191.484091,191.484091,98.751868,1,1,1704441901
2024-01-04,0xa6385c73961dd9c58db2ef0c4eb98ce4b60651e8,10680,0x145acc258b553369e51b4e5fb4d7b7201125eecb,504.514971,504.514971,0.0,1,0,1704909255
2024-01-04,0xa6385c73961dd9c58db2ef0c4eb98ce4b60651e8,10847,0xf3e5b415e84047d68e412cccd2d14b15e308b120,1498.572672,1498.572672,0.0,1,0,1704408045
2024-01-04,0xa6385c73961dd9c58db2ef0c4eb98ce4b60651e8,10849,0xb5687c5ac13eea05bc1285dbe837192dd028be81,38.491485,38.491485,0.0,1,0,1704415251
2024-01-04,0xa6385c73961dd9c58db2ef0c4eb98ce4b60651e8,10858,0x6be504ca1a913733953194ef999029ace1a49e06,583.280774,583.280774,0.0,1,0,1704458661
2024-01-04,0xa819af1cc8abe618ea8abadeb464960f7451ceab,51,0x0f228805c03a693aa964a791e0b2e2c6e6c6513f,287736.922317,287736.922317,0.0,1,0,1704923325
2024-01-04,0xa819af1cc8abe618ea8abadeb464960f7451ceab,55,0x285fed35cbea271a711681e84ffd83c68a596a75,112374.606788,112374.606788,112374.606788,1,1,1704918159
2024-01-04,0xa819af1cc8abe618ea8abadeb464960f7451ceab,68,0x132e47cf2c19ec2d8dd56e1528fc7e18dc09188f,109368.646165,109368.646165,0.0,1,0,1704921047
2024-01-04,0xa819af1cc8abe618ea8abadeb464960f7451ceab,139,0xa04275c10f39e8675a34e147e2ef78d35129f2b6,73901.122942,73901.122942,0.0,1,0,1704897857
2024-01-04,0xa819af1cc8abe618ea8abadeb464960f7451ceab,165,0x54ecb3397b0bf31cb0b81eb2444e2a7b32507d8b,82209.282642,82209.282642,82089.695791,1,1,1704920083
2024-01-04,0xa819af1cc8abe618ea8abadeb464960f7451ceab,174,0x83bad39f067ef72e354f2ea9d318eaad381a7f15,13184.079836,13184.079836,0.0,1,0,1704902455
2024-01-04,0xa819af1cc8abe618ea8abadeb464960f7451ceab,241,0xd639eee81b30d8b34d5d8cbce83f193e2ba298e4,38362.697298,38362.697298,0.0,1,0,1704919697
2024-01-04,0xa819af1cc8abe618ea8abadeb464960f7451ceab,417,0xbe93d14c5defb8f41af8fb092f58e3c71c712b85,15371.551733,15371.551733,0.0,1,0,1704410291
2024-01-04,0xa819af1cc8abe618ea8abadeb464960f7451ceab,494,0x153b4f4f2c6c284f844a53eb2e097d23b7bfa4dd,23029.095572,23029.095572,0.0,1,0,1704889105
2024-01-04,0xa819af1cc8abe618ea8abadeb464960f7451ceab,575,0x94587a95917188b338c822de2d1e77074131589f,9460.055541,9460.055541,0.0,1,0,1704331023
2024-01-04,0xa819af1cc8abe618ea8abadeb464960f7451ceab,643,0x683a42e5b414ae5cf79ece7e369ca5937fdcdc11,33169.671049,33169.671049,32994.457891,1,1,1704919317
2024-01-04,0xa819af1cc8abe618ea8abadeb464960f7451ceab,723,0x65268d4fb73544b6056fa4f4bf20fc90e0b12a80,32913.41758,32913.41758,0.0,1,0,1704646791
2024-01-04,0xa819af1cc8abe618ea8abadeb464960f7451ceab,948,0xc0c900871fffb8a3e8373d040a16d2b179398b40,0.0,0.0,17283.711392,0,1,1704892479
2024-01-04,0xa819af1cc8abe618ea8abadeb464960f7451ceab,1081,0x41647a74673c90f4a13884bee4f8a89034fb85e8,0.0,0.0,13116.978409,0,1,1704458561
2024-01-04,0xa819af1cc8abe618ea8abadeb464960f7451ceab,1912,0x3e516b6d229bf935f1b6bf4a0c2531ddab48cf1b,3600.386603,3600.386603,0.0,1,0,1704909291
2024-01-04,0xa819af1cc8abe618ea8abadeb464960f7451ceab,2435,0x61f12ea36c822a30eef51941368ad8f54cf372a0,3328.389807,3328.389807,0.0,1,0,1704885293
2024-01-04,0xa819af1cc8abe618ea8abadeb464960f7451ceab,2533,0xeb1dbbed3b079db3380e460d5604d15e6ac18883,3207.705135,3207.705135,0.0,1,0,1704905517
2024-01-04,0xa819af1cc8abe618ea8abadeb464960f7451ceab,2637,0x72fc2f0cceec498ee01ab302b62cb6f78ac36bee,3128.985911,3128.985911,0.0,1,0,1704409753
2024-01-04,0xa819af1cc8abe618ea8abadeb464960f7451ceab,2725,0xb81d7892fa8605a55885592e5c78a294754d272a,715.126103,1421.129476,706.003373,2,1,1704906447
2024-01-04,0xa819af1cc8abe618ea8abadeb464960f7451ceab,2731,0xd511a8d9448dc95e774000dcc342207144aa9377,1400.313,1400.313,0.0,1,0,1704868345
2024-01-04,0xa819af1cc8abe618ea8abadeb464960f7451ceab,2857,0x14ea6d2a6765eb177ef66db2c14c8214b4046257,564.151884,564.151884,0.0,1,0,1704376373
2024-01-04,0xa819af1cc8abe618ea8abadeb464960f7451ceab,2922,0x506765dfde54034cffc105747ed8829c2b719719,2155.507284,2155.507284,0.0,1,0,1704909595
2024-01-04,0xa819af1cc8abe618ea8abadeb464960f7451ceab,3088,0x52aea2fa97a868e2f920b95c388da95e1bcf8c29,910.366208,910.366208,0.0,1,0,1704913431
2024-01-04,0xa819af1cc8abe618ea8abadeb464960f7451ceab,3132,0x5d91c94fd64a08f9b9812c22f4da940b8ceda4ee,439.946832,439.946832,0.0,1,0,1704631769
2024-01-04,0xa819af1cc8abe618ea8abadeb464960f7451ceab,3179,0x1049c923ff19fa5088d2466f942a1daa79d03d85,1709.759257,1709.759257,1709.759257,1,1,1704507095
2024-01-04,0xa819af1cc8abe618ea8abadeb464960f7451ceab,3393,0x2446f1a75162f045d02f23d1d3b0f5a2c0f9a4cb,1632.955047,1632.955047,0.0,1,0,1704905163
2024-01-04,0xa819af1cc8abe618ea8abadeb464960f7451ceab,3551,0x5be66f4095f89bd18abe4ae9d2acd5021ec433bc,0.0,0.0,10500.000852,0,1,1704927221
2024-01-04,0xa819af1cc8abe618ea8abadeb464960f7451ceab,4676,0x7d0a940d81ce63ce716a1e3cd7372f78f79d2414,1368.844066,1368.844066,1368.844066,1,1,1704920589
2024-01-04,0xa819af1cc8abe618ea8abadeb464960f7451ceab,5341,0x3650801cbe79abf94dbdf297fae9e10ccf9616d4,379.140422,379.140422,0.0,1,0,1704906207
2024-01-04,0xa819af1cc8abe618ea8abadeb464960f7451ceab,5432,0x4a40eb870dcf533d4dc097c3d87aafe9f64490a1,378.610838,378.610838,0.0,1,0,1704416039
2024-01-04,0xa819af1cc8abe618ea8abadeb464960f7451ceab,6142,0xaa00ec0ccd12d8b15ad502daa6be6166b7c472f9,0.0,0.0,353.279359,0,1,1704612383
2024-01-04,0xa819af1cc8abe618ea8abadeb464960f7451ceab,9260,0xa96a2500ff54c0b38e69a66cafc1dcaa76651667,1744.176734,1744.176734,0.0,1,0,1704624955
2024-01-04,0xa819af1cc8abe618ea8abadeb464960f7451ceab,10295,0xc875b3dae5b0c371bc8cf9ded64868b78ac47587,122056.199126,122056.199126,0.0,1,0,1704913979
2024-01-04,0xa8d5db293917ea106a5fc4da5a25340e8b428966,21,0x4444aaaacdba5580282365e25b16309bd770ce4a,123072.887502,123072.887502,0.0,1,0,1704913079
2024-01-04,0xa8d5db293917ea106a5fc4da5a25340e8b428966,67,0x8ce17ff2c7376e9adfe9c63c47a801097fa6c525,109298.786848,109298.786848,0.0,1,0,1704918343
2024-01-04,0xa8d5db293917ea106a5fc4da5a25340e8b428966,68,0x132e47cf2c19ec2d8dd56e1528fc7e18dc09188f,109368.646165,109368.646165,135075.768186,1,1,1704921047
2024-01-04,0xa8d5db293917ea106a5fc4da5a25340e8b428966,103,0x1c2ed7a6c4e3c1146103fa222181115a72243a06,55234.121775,55234.121775,55153.774709,1,1,1704927049
2024-01-04,0xa8d5db293917ea106a5fc4da5a25340e8b428966,114,0x611b0c1ed942b833c786c53883a4aa37a25602a6,0.0,0.0,23521.201255,0,1,1704898687
2024-01-04,0xa8d5db293917ea106a5fc4da5a25340e8b428966,174,0x83bad39f067ef72e354f2ea9d318eaad381a7f15,26368.159671,92288.558849,131369.739773,2,2,1704902455
2024-01-04,0xa8d5db293917ea106a5fc4da5a25340e8b428966,211,0x2d1ef4acf4cae6a38950971aaaa15f88d9b3f165,91627.542825,91627.542825,91627.542825,1,1,1704911019
2024-01-04,0xa8d5db293917ea106a5fc4da5a25340e8b428966,248,0xdaa12ca83de2fab833fc28ce1300ba6ddee67204,28479.145136,28479.145136,28479.145136,1,1,1704926007
2024-01-04,0xa8d5db293917ea106a5fc4da5a25340e8b428966,427,0x0dda3228b0729bfe7698988a669b81d4a306a8ea,0.0,0.0,59235.386691,0,1,1704898625
2024-01-04,0xa8d5db293917ea106a5fc4da5a25340e8b428966,502,0x66f920658396f4c3642a32f6b5d5b65c3d6349db,0.0,0.0,10881.453839,0,1,1704906775
2024-01-04,0xa8d5db293917ea106a5fc4da5a25340e8b428966,628,0x8fa5ebb986fa6db89291a383142bb756ab88428e,17253.108621,17253.108621,0.0,1,0,1704923305
2024-01-04,0xa8d5db293917ea106a5fc4da5a25340e8b428966,636,0x599321b91d0e4e541f7d172ab1cacccc0d5a8e82,0.0,0.0,33503.524206,0,1,1704897819
2024-01-04,0xa8d5db293917ea106a5fc4da5a25340e8b428966,667,0xe95ab07a55e8489fe8e81e3281c8b3fd95c7d8af,0.0,0.0,7777.984873,0,1,1704890355
2024-01-04,0xa8d5db293917ea106a5fc4da5a25340e8b428966,725,0x1cab2ce19ff9b27680d4a8fdd3745197004ada57,26170.042741,26170.042741,0.0,1,0,1704924293
2024-01-04,0xa8d5db293917ea106a5fc4da5a25340e8b428966,879,0x34ff77a853a14579d2120ac08c5e342cee08ad71,3736.490495,3736.490495,3731.055158,1,1,1704926961
2024-01-04,0xa8d5db293917ea106a5fc4da5a25340e8b428966,913,0xe1dbf93df16ecf805fb053d53b7a6e3214c4a09d,17250.198647,17250.198647,0.0,1,0,1704926905
2024-01-04,0xa8d5db293917ea106a5fc4da5a25340e8b428966,919,0x9ae07f4f2a9498ea935f6871725cf596820e7e7f,17119.584692,17119.584692,0.0,1,0,1704926787
2024-01-04,0xa8d5db293917ea106a5fc4da5a25340e8b428966,961,0xda90d355b1bd4d01f6124fee7669090d4cbd5778,16177.544206,16177.544206,0.0,1,0,1704923807
2024-01-04,0xa8d5db293917ea106a5fc4da5a25340e8b428966,964,0xf06b0077dfedd43f91c752f568af4b4b78a1e51b,15925.04932,15925.04932,0.0,1,0,1704926853
2024-01-04,0xa8d5db293917ea106a5fc4da5a25340e8b428966,1112,0x8f5e97e1e3d47a2f223a67e06de21f067b7779db,0.0,0.0,12544.237615,0,1,1704921245
2024-01-04,0xa8d5db293917ea106a5fc4da5a25340e8b428966,1185,0xc954892d9caf463e967884e379a6ee4c78d61be7,0.0,0.0,5614.261895,0,1,1704864281
2024-01-04,0xa8d5db293917ea106a5fc4da5a25340e8b428966,1199,0x54d6e8f883d1858b4080d10ae2a1c6f0afb5feb3,0.0,0.0,11162.763733,0,1,1704920513
2024-01-04,0xa8d5db293917ea106a5fc4da5a25340e8b428966,1412,0xa0eb44b173af64f2fdb47c7d76ff3a33e04103b6,0.0,0.0,8980.608765,0,1,1704808839
2024-01-04,0xa8d5db293917ea106a5fc4da5a25340e8b428966,1559,0x0bf7fb51211b4842bad8e831ba2f42fcb836c7e1,0.0,0.0,7054.226916,0,1,1704927281
2024-01-04,0xa8d5db293917ea106a5fc4da5a25340e8b428966,1589,0x814b453a15806ca1b7eab9de64658f062463ae4b,0.0,0.0,6690.824477,0,1,1704885183
2024-01-04,0xa8d5db293917ea106a5fc4da5a25340e8b428966,1650,0x613ca7d1573dbdd7711ec1d84258a3d0fdb76d53,6304.173266,6304.173266,0.0,1,0,1704926013
2024-01-04,0xa8d5db293917ea106a5fc4da5a25340e8b428966,1890,0x1a03c9a30d59cfb354df536bf9f20de7eba84077,4815.50976,4815.50976,0.0,1,0,1704913771
2024-01-04,0xa8d5db293917ea106a5fc4da5a25340e8b428966,2039,0x6b8b01df86bfaaf79dda038009fc5597425ad0cf,0.0,0.0,4172.992996,0,1,1704926241
2024-01-04,0xa8d5db293917ea106a5fc4da5a25340e8b428966,2071,0x078b8ff955e3cf77550bf2f2edfc0aacbc29adc6,0.0,0.0,4322.988233,0,1,1704853203
2024-01-04,0xa8d5db293917ea106a5fc4da5a25340e8b428966,2091,0x860b0f90b281ae6a4974213ba7b7861bb3ec7f80,4028.871819,4028.871819,0.0,1,0,1704923669
2024-01-04,0xa8d5db293917ea106a5fc4da5a25340e8b428966,2105,0x4ffd0a59a26cb2aa76d403215e4cc2845c053994,4002.938382,4002.938382,0.0,1,0,1704923565
2024-01-04,0xa8d5db293917ea106a5fc4da5a25340e8b428966,2930,0x737ac6eaa3b71ffea9fe166bd996f9122b7db5cb,0.0,0.0,2305.181529,0,1,1704900039
2024-01-04,0xa8d5db293917ea106a5fc4da5a25340e8b428966,3131,0x5192309938ef4a6804e89d20c839169f05d8a8ac,0.0,0.0,1755.459004,0,1,1704886953
2024-01-04,0xa8d5db293917ea106a5fc4da5a25340e8b428966,3461,0x08f83e8860912f8c8186461ea00db5f6030c70f6,0.0,0.0,2490.539076,0,1,1704925847
2024-01-04,0xa8d5db293917ea106a5fc4da5a25340e8b428966,4484,0x98e78cd936e6d7bb685d1cb3e4f3766322057183,262.064293,262.064293,131.032147,1,1,1704926837
2024-01-04,0xa8d5db293917ea106a5fc4da5a25340e8b428966,8497,0x6c607fdeb11f83b3d5169014a45f45e035f9ab4a,0.0,0.0,41838.744834,0,1,1704923075
2024-01-04,0xa8d5db293917ea106a5fc4da5a25340e8b428966,9547,0xe02fb5c70af32f80aa7f9e8775fe7f12550348ec,170287.973215,170287.973215,149616.015189,1,1,1704905431
2024-01-04,0xa8d5db293917ea106a5fc4da5a25340e8b428966,10002,0x285fed35cbea271a711681e84ffd83c68a596a75,0.0,0.0,19991.370391,0,1,1704918217
2024-01-04,0xa8d5db293917ea106a5fc4da5a25340e8b428966,10222,0xdd97e7ffb2ae6d44c5b864aa79cc7fdc3aa97f1f,332.950118,332.950118,334.237431,1,1,1704784175
2024-01-04,0xaf58fdee432a104a932a899968d60f92838886cd,3740,0x85733c9aec50f084ac58259ec23933931cbbc2ee,0.0,0.0,1054.24135,0,1,1704765003
2024-01-04,0xb0d931138bf96501654f2268cdd84420151ff52e,127,0xecf9265f48006ddb6ee14060fac59c9429c32db6,0.0,0.0,208614.577823,0,1,1704927359
2024-01-04,0xb0d931138bf96501654f2268cdd84420151ff52e,301,0xa3ff2d14b8289d00c22c7917cc85812a7fb4ca77,0.0,0.0,106734.715903,0,1,1704923145
2024-01-04,0xb0d931138bf96501654f2268cdd84420151ff52e,628,0x8fa5ebb986fa6db89291a383142bb756ab88428e,0.0,0.0,17253.108621,0,1,1704923305
2024-01-04,0xb0d931138bf96501654f2268cdd84420151ff52e,649,0x3838433f63f4d4a24260f2485aacf5894ba7bc93,16059.496905,16059.496905,0.0,1,0,1704927557
2024-01-04,0xb0d931138bf96501654f2268cdd84420151ff52e,4635,0xdbc88e5858fd2cd02b2670383100b04804fe2f27,0.0,0.0,17017.03296,0,1,1704535467
2024-01-04,0xb0d931138bf96501654f2268cdd84420151ff52e,5568,0xda3e608973dd2150fbc1e19f3ed1f183a37af1d6,0.0,0.0,371.428522,0,1,1704777649
2024-01-04,0xb0d931138bf96501654f2268cdd84420151ff52e,6056,0xc630ee3e52a40a2c87d3507b18d11efb178d01ab,68.298051,68.298051,38.239013,1,1,1704417957
2024-01-04,0xb0d931138bf96501654f2268cdd84420151ff52e,9243,0xdbc88e5858fd2cd02b2670383100b04804fe2f27,2186.88,2186.88,2186.88,1,1,1704535377
2024-01-04,0xb0d931138bf96501654f2268cdd84420151ff52e,9250,0x6d71973078b858dab13bf9894c3969df6e5fced7,1508.535403,1508.535403,0.0,1,0,1704927453
2024-01-04,0xb0d931138bf96501654f2268cdd84420151ff52e,9879,0xdbc88e5858fd2cd02b2670383100b04804fe2f27,642.0,642.0,642.0,1,1,1704535407
2024-01-04,0xb0d931138bf96501654f2268cdd84420151ff52e,10324,0xd753ec53fc35eedeba2cf8e45d3127f7bbb6807a,1995.192196,2052.043511,56.851315,2,1,1704535217
2024-01-04,0xb0d931138bf96501654f2268cdd84420151ff52e,10392,0x7ab62f39b074cb376c3aa4a37dfd0606b566fbfe,0.0,0.0,5.513531,0,1,1704653097
2024-01-04,0xb0d931138bf96501654f2268cdd84420151ff52e,10788,0xa49862a2babde8696048bdd3c371827aa134a3fa,19.90086,19.90086,0.0,1,0,1704606097
2024-01-04,0xb304b47e039e20afad75fa2ada6cd8d95a9eea41,5465,0x1e6f4bc39b916e581929fc72b5190e08b4751941,1015.020829,1015.020829,0.0,1,0,1704927067
2024-01-04,0xb4885bc63399bf5518b994c1d0c153334ee579d0,24,0x208a17c5fabe5b90282e5906945ff335e39326c4,46079.099434,46079.099434,0.0,1,0,1704918173
2024-01-04,0xb4885bc63399bf5518b994c1d0c153334ee579d0,33,0x8aa63a11835bf0139e41859540f0c7161a92c7b1,266693.097832,266693.097832,0.0,1,0,1704899629
2024-01-04,0xb4885bc63399bf5518b994c1d0c153334ee579d0,43,0x2ddb405238368695f34d30a80ab60c449aa5ce48,183374.885721,183374.885721,0.0,1,0,1704915295
2024-01-04,0xb4885bc63399bf5518b994c1d0c153334ee579d0,49,0xd062ab63bb4f7af7e59b85defc3c90bfa9b81e6e,3151412.439879,3151412.439879,1575706.219939,1,1,1704682047
2024-01-04,0xb4885bc63399bf5518b994c1d0c153334ee579d0,52,0x28878aec6b4209d90a40890183e3322f0ae5b2e2,1089867.64968,1089867.64968,0.0,1,0,1704918123
2024-01-04,0xb4885bc63399bf5518b994c1d0c153334ee579d0,53,0x1594b251df6b70ca9a01d4de0836ab4fd9811241,614160.001807,614160.001807,0.0,1,0,1704901557
2024-01-04,0xb4885bc63399bf5518b994c1d0c153334ee579d0,55,0x285fed35cbea271a711681e84ffd83c68a596a75,1239394.782383,1239394.782383,0.0,1,0,1704918159
2024-01-04,0xb4885bc63399bf5518b994c1d0c153334ee579d0,57,0x72d4d59f31d0cb4a4213a5dc81fc0108241ecc71,1729793.982987,1729793.982987,0.0,1,0,1704918909
2024-01-04,0xb4885bc63399bf5518b994c1d0c153334ee579d0,58,0x61d4ac515b82d1ec2f021e63b17519683ac1cabd,1861518.10486,1861518.10486,0.0,1,0,1704920271
2024-01-04,0xb4885bc63399bf5518b994c1d0c153334ee579d0,59,0xa3cbd0c67dee5142209ff0cf155bc2bc51acf180,676106.511206,676106.511206,0.0,1,0,1704927015
2024-01-04,0xb4885bc63399bf5518b994c1d0c153334ee579d0,70,0xcc05670640d43bec38f48e4aaaf88df5b6e59c20,1282054.614476,1282054.614476,0.0,1,0,1704919097
2024-01-04,0xb4885bc63399bf5518b994c1d0c153334ee579d0,72,0x712180063c3b8aaedabc68e73803c3e299614749,977088.733065,977088.733065,0.0,1,0,1704762277
2024-01-04,0xb4885bc63399bf5518b994c1d0c153334ee579d0,74,0x9c0d72f2ac26420cb7eeb155bf401b672840e87b,955495.633032,955495.633032,0.0,1,0,1704883415
2024-01-04,0xb4885bc63399bf5518b994c1d0c153334ee579d0,76,0x0578fe63a40dd249b853487dae3c9eb01957628e,1014606.720625,1014606.720625,0.0,1,0,1704921323
2024-01-04,0xb4885bc63399bf5518b994c1d0c153334ee579d0,77,0xeb6772188cf10aa563a1cd163f48355d1a949797,216295.22283,216295.22283,0.0,1,0,1704918511
2024-01-04,0xb4885bc63399bf5518b994c1d0c153334ee579d0,81,0x5c70b3f22595caf8314f77dabc628363aaee18ad,814478.934429,814478.934429,0.0,1,0,1704743035
2024-01-04,0xb4885bc63399bf5518b994c1d0c153334ee579d0,105,0x208a17c5fabe5b90282e5906945ff335e39326c4,130717.313878,130717.313878,0.0,1,0,1704917695
2024-01-04,0xb4885bc63399bf5518b994c1d0c153334ee579d0,117,0xdb2b9d473014d8c6a5e55da92205199457ba6624,493739.219106,493739.219106,0.0,1,0,1704711153
2024-01-04,0xb4885bc63399bf5518b994c1d0c153334ee579d0,121,0xede54584f748480851cad467b82c6a1173bebe10,114839.099614,229414.944903,297630.526855,2,2,1704431827
2024-01-04,0xb4885bc63399bf5518b994c1d0c153334ee579d0,124,0x5d6f3d0c92d0564151357b0863e55e9ed4631b8d,109154.475675,109154.475675,0.0,1,0,1704913069
2024-01-04,0xb4885bc63399bf5518b994c1d0c153334ee579d0,132,0xf0b0a5bb90f94b4f5570b41106d6c325f7b53079,388554.872729,388554.872729,0.0,1,0,1704762701
2024-01-04,0xb4885bc63399bf5518b994c1d0c153334ee579d0,136,0x12c58f57177b8d5832f60cfa690770c19ac9da19,234390.312795,234390.312795,0.0,1,0,1704922455
2024-01-04,0xb4885bc63399bf5518b994c1d0c153334ee579d0,140,0x9dfd75098827fdc75bd0197d12c405b4518f8d11,366569.514722,366569.514722,0.0,1,0,1704917883
2024-01-04,0xb4885bc63399bf5518b994c1d0c153334ee579d0,156,0xb0a4e99371dfb0734f002ae274933b4888f618ef,295102.126422,295102.126422,0.0,1,0,1704914255
2024-01-04,0xb4885bc63399bf5518b994c1d0c153334ee579d0,163,0x7ed7888f3bf70ed07f94fd7381d39476928331f7,139045.327892,139045.327892,0.0,1,0,1704915697
2024-01-04,0xb4885bc63399bf5518b994c1d0c153334ee579d0,168,0xd91432ea17a0b4ff2c28af958d4b175353c7c730,257691.869923,257691.869923,0.0,1,0,1704919743
2024-01-04,0xb4885bc63399bf5518b994c1d0c153334ee579d0,188,0xa60aadf62907bf06dd714781d44bbd4c2d783259,107682.575117,107682.575117,0.0,1,0,1704917969
2024-01-04,0xb4885bc63399bf5518b994c1d0c153334ee579d0,209,0xfcbb477ec276476b6029ed0467f28f5ac1712884,210895.292875,210895.292875,0.0,1,0,1704917563
2024-01-04,0xb4885bc63399bf5518b994c1d0c153334ee579d0,210,0x4e51a06e4643197e1be2f050b6af60f9ad3cef06,244984.952981,244984.952981,0.0,1,0,1704338047
2024-01-04,0xb4885bc63399bf5518b994c1d0c153334ee579d0,223,0xb6a4035370947825d94ca4ac5d30d828ad50265c,166208.486922,166208.486922,0.0,1,0,1704914149
2024-01-04,0xb4885bc63399bf5518b994c1d0c153334ee579d0,229,0x4dcea47ec4b26079cb4f9a0e0f400e1aa6f199a9,118887.741989,118887.741989,79258.49466,1,1,1704599571
2024-01-04,0xb4885bc63399bf5518b994c1d0c153334ee579d0,241,0xd639eee81b30d8b34d5d8cbce83f193e2ba298e4,76725.394597,76725.394597,0.0,1,0,1704919697
2024-01-04,0xb4885bc63399bf5518b994c1d0c153334ee579d0,267,0x5b1c8cd6e98d8bca397fd09b0dcc9933d712ad13,59258.806564,59258.806564,59172.604936,1,1,1704920535
2024-01-04,0xb4885bc63399bf5518b994c1d0c153334ee579d0,274,0xc12faf701d05af1cfabdefc770c3b3c7b59eae10,123655.280806,123655.280806,0.0,1,0,1704914063
2024-01-04,0xb4885bc63399bf5518b994c1d0c153334ee579d0,281,0xea04a9fe2cef51b504e7da8cf1b859454ae27030,42487.580829,42487.580829,42487.580829,1,1,1704585983
2024-01-04,0xb4885bc63399bf5518b994c1d0c153334ee579d0,286,0xb33cd827dd59c090e71899bfca31f81f4b189ddb,91995.170206,91995.170206,0.0,1,0,1704914317
2024-01-04,0xb4885bc63399bf5518b994c1d0c153334ee579d0,313,0x2f9677016cb1e92e8f8a999c4541650c80c8637a,94794.816034,94794.816034,0.0,1,0,1704922157
2024-01-04,0xb4885bc63399bf5518b994c1d0c153334ee579d0,318,0xcf0afa96743819d52515bff99635a7978f2a856f,101966.065564,101966.065564,0.0,1,0,1704498283
2024-01-04,0xb4885bc63399bf5518b994c1d0c153334ee579d0,319,0xcd763667cd74543bd05c19386347441d3d3f6392,152764.077021,152764.077021,0.0,1,0,1704815567
2024-01-04,0xb4885bc63399bf5518b994c1d0c153334ee579d0,331,0x5181cdf1bb20da04ba788f82989f29e65b67314a,204220.383249,204220.383249,0.0,1,0,1704915887
2024-01-04,0xb4885bc63399bf5518b994c1d0c153334ee579d0,342,0xe0c4bfa2072750ae2e18ed25b0cf8a58350dc24e,88747.670675,88747.670675,0.0,1,0,1704916531
2024-01-04,0xb4885bc63399bf5518b994c1d0c153334ee579d0,350,0x38332d808ba345953f41c71d38ca1ef79cffa5c5,20980.65865,20980.65865,0.0,1,0,1704912835
2024-01-04,0xb4885bc63399bf5518b994c1d0c153334ee579d0,352,0xcdedcee9c46284667997eb4d29f8427b696da3df,83168.241295,83168.241295,0.0,1,0,1704917685
2024-01-04,0xb4885bc63399bf5518b994c1d0c153334ee579d0,362,0x5929cc4d10b6a1acc5bf5d221889f10251c628a1,30514.951209,30514.951209,0.0,1,0,1704919899
2024-01-04,0xb4885bc63399bf5518b994c1d0c153334ee579d0,366,0xd48a206697ba7dd8641f97060b2ac74a252be092,76288.014898,76288.014898,0.0,1,0,1704908681
2024-01-04,0xb4885bc63399bf5518b994c1d0c153334ee579d0,372,0xe55a6c22cf889b88d5e21bee606aa1bb6ac5f76a,0.0,0.0,73551.721106,0,1,1704592415
2024-01-04,0xb4885bc63399bf5518b994c1d0c153334ee579d0,380,0xc2fec534c461c45533e142f724d0e3930650929c,35188.719985,35188.719985,35002.527756,1,1,1704903341
2024-01-04,0xb4885bc63399bf5518b994c1d0c153334ee579d0,388,0x823bf98d9f1119ae040aaef8118f13a612324112,69604.349475,69604.349475,0.0,1,0,1704580757
2024-01-04,0xb4885bc63399bf5518b994c1d0c153334ee579d0,396,0x2b03c480f4f7ff5a8275ddb77227889e58eda16f,63746.347868,63746.347868,0.0,1,0,1704596201
2024-01-04,0xb4885bc63399bf5518b994c1d0c153334ee579d0,405,0x2f707265e61300e8290c18e38ebcbd129fb0b0f5,135189.958034,135189.958034,0.0,1,0,1704920441
2024-01-04,0xb4885bc63399bf5518b994c1d0c153334ee579d0,408,0x79bd77fccfce56270c48c6bddb8ba7dac01bf875,63050.731383,63050.731383,0.0,1,0,1704917657
2024-01-04,0xb4885bc63399bf5518b994c1d0c153334ee579d0,413,0xa78d7c58d8654618874e48942c5b1a62d1477cac,77894.762116,77894.762116,77894.762116,1,1,1704416705
2024-01-04,0xb4885bc63399bf5518b994c1d0c153334ee579d0,417,0xbe93d14c5defb8f41af8fb092f58e3c71c712b85,15371.551733,15371.551733,0.0,1,0,1704410291
2024-01-04,0xb4885bc63399bf5518b994c1d0c153334ee579d0,426,0x0e39b12dc1f8a69202838f540684fb5ac307c9c1,59343.46487,59343.46487,0.0,1,0,1704914147
2024-01-04,0xb4885bc63399bf5518b994c1d0c153334ee579d0,432,0x82cd1b0faa449d0562bb32072dc1e5be9c509c1d,58629.839876,58629.839876,0.0,1,0,1704918393
2024-01-04,0xb4885bc63399bf5518b994c1d0c153334ee579d0,437,0xbae3b46e29e7cfd2bba8164765d592ce9802ec70,16293.592237,16293.592237,0.0,1,0,1704925767
2024-01-04,0xb4885bc63399bf5518b994c1d0c153334ee579d0,441,0xdceb0bb3311342e3ce9e49f57affce9deac40ba1,14237.29876,14237.29876,28433.17656,1,1,1704330561
2024-01-04,0xb4885bc63399bf5518b994c1d0c153334ee579d0,457,0x2bc87addae195da271c2cb6f773cee647aeefa60,51894.028597,51894.028597,0.0,1,0,1704916365
2024-01-04,0xb4885bc63399bf5518b994c1d0c153334ee579d0,458,0x7a921b0365b4571bee00ba5a1dbb422b11f13f9e,51331.610654,51331.610654,0.0,1,0,1704918865
2024-01-04,0xb4885bc63399bf5518b994c1d0c153334ee579d0,463,0x048c5753e83027bf30ef103adee49cf9612cab84,50121.51935,50121.51935,0.0,1,0,1704916445
2024-01-04,0xb4885bc63399bf5518b994c1d0c153334ee579d0,486,0x7ee615e93d2d58feb14e58ea93f3fb5940d227e4,25657.809439,25657.809439,0.0,1,0,1704885525
2024-01-04,0xb4885bc63399bf5518b994c1d0c153334ee579d0,487,0xf3fc9208014ab619fb4b4a9fd00efe5994a6c153,46147.535471,46147.535471,0.0,1,0,1704715623
2024-01-04,0xb4885bc63399bf5518b994c1d0c153334ee579d0,511,0x0349dc3629e09bb939e69b6b781e5c8b8b9ab432,43303.402316,43303.402316,0.0,1,0,1704914961
2024-01-04,0xb4885bc63399bf5518b994c1d0c153334ee579d0,514,0xe9eb5b18f6a6098eae9d38d03dbfdc924bd757e9,42917.989376,42917.989376,42855.55814,1,1,1704331467
2024-01-04,0xb4885bc63399bf5518b994c1d0c153334ee579d0,518,0x2221ceace30dbae7e209888452d29e711cb5741d,42347.761356,42347.761356,0.0,1,0,1704919201
2024-01-04,0xb4885bc63399bf5518b994c1d0c153334ee579d0,519,0xa23bde7b73b4acc73918e2362e6a646761955c7c,53203.069108,53203.069108,0.0,1,0,1704918085
2024-01-04,0xb4885bc63399bf5518b994c1d0c153334ee579d0,525,0x1f92b5affd12981ef0fa7ba22a802379fd36929e,45276.551908,45276.551908,45210.689756,1,1,1704733593
2024-01-04,0xb4885bc63399bf5518b994c1d0c153334ee579d0,538,0x49fd1607a0b93334f090ebaf42c72babb38a0f76,42204.012549,42204.012549,0.0,1,0,1704920427
2024-01-04,0xb4885bc63399bf5518b994c1d0c153334ee579d0,543,0x6613a1521394c2f17c7d705e48279e44c2a01936,20178.352654,20178.352654,10074.499969,1,1,1704330767
2024-01-04,0xb4885bc63399bf5518b994c1d0c153334ee579d0,548,0xb82e12d1da436611c5c94d535c3a40f5fb3f35ab,19991.539411,19991.539411,0.0,1,0,1704916911
2024-01-04,0xb4885bc63399bf5518b994c1d0c153334ee579d0,558,0x985dbffd8daaf59cc68883d17cfab313b2343184,41282.90422,41282.90422,0.0,1,0,1704917093
2024-01-04,0xb4885bc63399bf5518b994c1d0c153334ee579d0,561,0x13cf222f836693b1406725fffc147294a06dd2b2,38768.222189,38768.222189,0.0,1,0,1704538383
2024-01-04,0xb4885bc63399bf5518b994c1d0c153334ee579d0,570,0x4beb7e81fbc20476b23a324ed035e538618407da,42733.505026,42733.505026,0.0,1,0,1704924359
2024-01-04,0xb4885bc63399bf5518b994c1d0c153334ee579d0,572,0xcbc21fbf92519f6d90c05a6fda1a7cb72fa6e02b,37991.268871,37991.268871,0.0,1,0,1704498333
2024-01-04,0xb4885bc63399bf5518b994c1d0c153334ee579d0,577,0xc2c5cae84ebde7e29c9f8c6331d2e9b8137a84e1,36720.019753,36720.019753,0.0,1,0,1704918905
2024-01-04,0xb4885bc63399bf5518b994c1d0c153334ee579d0,583,0xd8a30dbb3b8b204b6d8bb800d0f2865d07dc904c,18622.587216,18622.587216,0.0,1,0,1704808189
2024-01-04,0xb4885bc63399bf5518b994c1d0c153334ee579d0,592,0x133d20c739f76236eebace7bf5bfa751bff15a9f,37599.101415,37599.101415,0.0,1,0,1704920487
2024-01-04,0xb4885bc63399bf5518b994c1d0c153334ee579d0,608,0xc45d05cdc809d20c7b14959e8cd4a1199e3e966f,35699.378107,35699.378107,0.0,1,0,1704695721
2024-01-04,0xb4885bc63399bf5518b994c1d0c153334ee579d0,625,0xc814d2ef6d893568c74cd969eb6f72a62fc261f7,34553.853907,34553.853907,34503.589673,1,1,1704373373
2024-01-04,0xb4885bc63399bf5518b994c1d0c153334ee579d0,648,0x9ba6df247efca09d9546a1a1ed467b25f3793e1c,32213.176276,32213.176276,32122.630979,1,1,1704360955
2024-01-04,0xb4885bc63399bf5518b994c1d0c153334ee579d0,662,0x136c65a3f31682fcf683906ddbf3c76db2633f99,31268.308182,31268.308182,0.0,1,0,1704569467
2024-01-04,0xb4885bc63399bf5518b994c1d0c153334ee579d0,665,0x49e6f2d934077995cf4b24701fa5ae7f7b5e82e5,31218.868643,31218.868643,0.0,1,0,1704756529
2024-01-04,0xb4885bc63399bf5518b994c1d0c153334ee579d0,689,0x6e45310b69908a7490ebdbb66601462c8da6e46a,30362.993258,30362.993258,0.0,1,0,1704781289
2024-01-04,0xb4885bc63399bf5518b994c1d0c153334ee579d0,691,0x2159e8d5566369ddb67bbfc6b288ed5591d34235,28356.945895,28356.945895,0.0,1,0,1704914757
2024-01-04,0xb4885bc63399bf5518b994c1d0c153334ee579d0,698,0x7a70eca937f10234c42b4daed0970fae6f88df15,47171.764076,47171.764076,47171.764076,1,1,1704668239
2024-01-04,0xb4885bc63399bf5518b994c1d0c153334ee579d0,720,0x89edc11116ca95170fdfe2669f66dbb287dccf7a,32768.926155,32768.926155,31679.239553,1,1,1704914651
2024-01-04,0xb4885bc63399bf5518b994c1d0c153334ee579d0,731,0x8371ec1d9b31899e8a7574f43a7864f395c80d00,24958.147922,24958.147922,0.0,1,0,1704914801
2024-01-04,0xb4885bc63399bf5518b994c1d0c153334ee579d0,754,0x4d3869e2451d28bb4f03aeda60322eaf01e912db,27531.462302,27531.462302,0.0,1,0,1704580315
2024-01-04,0xb4885bc63399bf5518b994c1d0c153334ee579d0,759,0xeead1396fe5f0daec6dbc04d8a43e85dde4d97da,12500.972325,12500.972325,0.0,1,0,1704586073
2024-01-04,0xb4885bc63399bf5518b994c1d0c153334ee579d0,762,0xea840ad93de7e1c484ed4bafd387bb4641aba570,32782.104626,32782.104626,0.0,1,0,1704922483
2024-01-04,0xb4885bc63399bf5518b994c1d0c153334ee579d0,765,0x7cb158d3afe100d7bb4933cb5b4c5b16f5ef937b,18157.072405,18157.072405,0.0,1,0,1704919097
2024-01-04,0xb4885bc63399bf5518b994c1d0c153334ee579d0,773,0x4b17b32de85aa3636929ac2cc029b95173b2aee5,23676.260652,23676.260652,23641.819658,1,1,1704450291
2024-01-04,0xb4885bc63399bf5518b994c1d0c153334ee579d0,776,0xc923dd451dfb1fc6a4608982c6c077414da06a4d,12523.61086,12523.61086,0.0,1,0,1704787573
2024-01-04,0xb4885bc63399bf5518b994c1d0c153334ee579d0,777,0xf3afc2383a0b45ae73d77b49df7f2184b1ad4b90,23441.930525,23441.930525,0.0,1,0,1704569601
2024-01-04,0xb4885bc63399bf5518b994c1d0c153334ee579d0,796,0xde4eb5c828432d1d674a6143029604bc811011e7,21956.182362,21956.182362,0.0,1,0,1704914565
2024-01-04,0xb4885bc63399bf5518b994c1d0c153334ee579d0,802,0xfb99a486d8529223b2f1f6b5de3333ee679959cd,22791.704945,22791.704945,0.0,1,0,1704779773
2024-01-04,0xb4885bc63399bf5518b994c1d0c153334ee579d0,823,0xfc101ee05afe9843c37fb7fdd5a64b9dc47411b6,13434.826357,13434.826357,0.0,1,0,1704776337
2024-01-04,0xb4885bc63399bf5518b994c1d0c153334ee579d0,825,0x3542b2d6172bf3f39ab7f4cbc37ad0bb40dfe403,21538.918008,21538.918008,0.0,1,0,1704779097
2024-01-04,0xb4885bc63399bf5518b994c1d0c153334ee579d0,827,0xe2952771c80d9b9c77a32e47d985bb3ff4e5a93d,13720.336425,13720.336425,0.0,1,0,1704776417
2024-01-04,0xb4885bc63399bf5518b994c1d0c153334ee579d0,861,0xdda35a6b42d74146b3d93c3718666a774a0fafd3,19377.211619,19377.211619,0.0,1,0,1704736847
2024-01-04,0xb4885bc63399bf5518b994c1d0c153334ee579d0,873,0x0e42d7887e4dfd681fe295bec85729c0420e0ae0,18664.894244,18664.894244,0.0,1,0,1704849285
2024-01-04,0xb4885bc63399bf5518b994c1d0c153334ee579d0,877,0x2ccf109701bb766ea47cc673b1366af4e82976b1,39826.375004,39826.375004,39826.375004,1,1,1704918685
2024-01-04,0xb4885bc63399bf5518b994c1d0c153334ee579d0,878,0x50bbf827267c4e920b512f8aa6c1c9d1a465a128,18689.005827,18689.005827,18636.474478,1,1,1704373491
2024-01-04,0xb4885bc63399bf5518b994c1d0c153334ee579d0,892,0x829a2eab39abb84c1e0aa621736a14443b5c5075,39032.696927,39032.696927,0.0,1,0,1704914335
2024-01-04,0xb4885bc63399bf5518b994c1d0c153334ee579d0,895,0x03452486f10344aeb8bc1ab7457e5a9be613bd56,15034.026001,15034.026001,0.0,1,0,1704916607
2024-01-04,0xb4885bc63399bf5518b994c1d0c153334ee579d0,921,0xa2f07232275cdf8463a5115723c9d73085a2fc17,11904.767422,11904.767422,0.0,1,0,1704776245
2024-01-04,0xb4885bc63399bf5518b994c1d0c153334ee579d0,935,0xedbf8de67f84fb7f166652f9338a9a06fbe33893,9807.886724,9807.886724,0.0,1,0,1704914557
2024-01-04,0xb4885bc63399bf5518b994c1d0c153334ee579d0,938,0xa7f343a7c53f3a852a7ae51f5e62b4d9b0594336,26203.968664,26203.968664,0.0,1,0,1704914489
2024-01-04,0xb4885bc63399bf5518b994c1d0c153334ee579d0,1001,0xbcbeac56eef250e8a4859be46c6cbfd93aae5d2f,0.0,0.0,16973.01045,0,1,1704755037
2024-01-04,0xb4885bc63399bf5518b994c1d0c153334ee579d0,1006,0x806388e04b7583a0148451a8ecd29a748b8fd584,0.0,0.0,3746.58355,0,1,1704763017
2024-01-04,0xb4885bc63399bf5518b994c1d0c153334ee579d0,1038,0x5eda2dc136986fc88d4df5696bc464f96a20268a,3515.845048,3515.845048,0.0,1,0,1704879427
2024-01-04,0xb4885bc63399bf5518b994c1d0c153334ee579d0,1046,0x08f518870ec33bc96cc251692b79a745c1af78b5,13899.426957,13899.426957,0.0,1,0,1704918189
2024-01-04,0xb4885bc63399bf5518b994c1d0c153334ee579d0,1057,0x9eda173b60b105d2e255a1f535f70db2587eefe0,13700.041267,13700.041267,0.0,1,0,1704828665
2024-01-04,0xb4885bc63399bf5518b994c1d0c153334ee579d0,1092,0x3823a62339c5e9a75990efd1f91cdeff73bda609,13054.044733,13054.044733,0.0,1,0,1704892133
2024-01-04,0xb4885bc63399bf5518b994c1d0c153334ee579d0,1154,0xe43fa6cbb7dda0bd863593c5e75fae9b4dcd5cd4,11996.726864,11996.726864,0.0,1,0,1704916771
2024-01-04,0xb4885bc63399bf5518b994c1d0c153334ee579d0,1156,0xf2ff2bc69fb16674d0cc58bcdd7f674db576bc77,14449.629343,14449.629343,0.0,1,0,1704915553
2024-01-04,0xb4885bc63399bf5518b994c1d0c153334ee579d0,1166,0x9859a4583763a5ca30cb3dc676b41eae3b628e4a,11765.512203,11765.512203,0.0,1,0,1704815153
2024-01-04,0xb4885bc63399bf5518b994c1d0c153334ee579d0,1183,0x0c9e20b9046f31da1e84b1b968b5fff23e815fd6,11760.853766,11760.853766,0.0,1,0,1704811129
2024-01-04,0xb4885bc63399bf5518b994c1d0c153334ee579d0,1186,0xb413a48088cfb0074f75349c790062920434e321,11349.381656,11349.381656,0.0,1,0,1704810047
2024-01-04,0xb4885bc63399bf5518b994c1d0c153334ee579d0,1202,0x8ee7a7aad2aa6ef5393ee6f3a58992c906e6e734,10941.757297,10941.757297,0.0,1,0,1704915713
2024-01-04,0xb4885bc63399bf5518b994c1d0c153334ee579d0,1221,0x564b3a3cf630d7b3b35ae78e47feb074bce2b06e,2473.91641,2473.91641,0.0,1,0,1704744367
2024-01-04,0xb4885bc63399bf5518b994c1d0c153334ee579d0,1237,0x6c7c462148823c4f12445e1687eb5cb2576c915b,10478.595526,10478.595526,10463.352695,1,1,1704860031
2024-01-04,0xb4885bc63399bf5518b994c1d0c153334ee579d0,1248,0xb9e80ff4f9b97f160bddf80a1e0513f7f1d14570,10196.98893,10196.98893,10196.98893,1,1,1704852283
2024-01-04,0xb4885bc63399bf5518b994c1d0c153334ee579d0,1250,0xfde34a676aa8d44b66d5ced822831a5b1454f8b0,10277.739091,10277.739091,10262.788438,1,1,1704884215
2024-01-04,0xb4885bc63399bf5518b994c1d0c153334ee579d0,1255,0x4f4d6d47a8a764cf8dab8f544b055fbd109304af,10039.594638,10039.594638,0.0,1,0,1704726923
2024-01-04,0xb4885bc63399bf5518b994c1d0c153334ee579d0,1259,0x27cfc88640089f340aeaec182baff0ddf15b1b37,2070.351233,2070.351233,2067.339568,1,1,1704488001
2024-01-04,0xb4885bc63399bf5518b994c1d0c153334ee579d0,1265,0x90c0bf8d71369d21f8addf0da33d21dcb0b1c384,9922.895638,9922.895638,0.0,1,0,1704889271
2024-01-04,0xb4885bc63399bf5518b994c1d0c153334ee579d0,1278,0x8a2e722c2f167283e38ffee0ee5f1a035596915f,10526.938764,10526.938764,0.0,1,0,1704915803
2024-01-04,0xb4885bc63399bf5518b994c1d0c153334ee579d0,1287,0x2a7051d7cbbef7b6889f8e14774020b1653b94c1,4861.123625,4861.123625,0.0,1,0,1704793837
2024-01-04,0xb4885bc63399bf5518b994c1d0c153334ee579d0,1328,0x28a48d16d5e8d79f6de73f2c1b3b9e423f95b9f5,8989.38099,8989.38099,0.0,1,0,1704863181
2024-01-04,0xb4885bc63399bf5518b994c1d0c153334ee579d0,1358,0x4ac4ff89b9d4b3daf54942e3df63751a4a54c735,8742.639956,8742.639956,0.0,1,0,1704915067
2024-01-04,0xb4885bc63399bf5518b994c1d0c153334ee579d0,1362,0x450cf20323733ea1ba31357cc129bd7da188cc68,9555.689568,9555.689568,0.0,1,0,1704926695
2024-01-04,0xb4885bc63399bf5518b994c1d0c153334ee579d0,1385,0x8f2c46ce880c288bbf0926123814496a9842a591,8931.962102,8931.962102,8931.962102,1,1,1704585461
2024-01-04,0xb4885bc63399bf5518b994c1d0c153334ee579d0,1390,0xcb879f75c93f3cd545a7955f41419a96817cc5d9,8385.664366,8385.664366,0.0,1,0,1704918255
2024-01-04,0xb4885bc63399bf5518b994c1d0c153334ee579d0,1391,0xf9b7850ee758ca9878a052aeed04f24a50531ea1,42707.472889,42707.472889,42645.347883,1,1,1704822645
2024-01-04,0xb4885bc63399bf5518b994c1d0c153334ee579d0,1398,0xc6bf059aabef5668c32ebeef3dae82e59d4ebc4a,8930.361296,8930.361296,0.0,1,0,1704750283
2024-01-04,0xb4885bc63399bf5518b994c1d0c153334ee579d0,1401,0xf75200b7684a120fba433145609112616749c082,8406.955354,8406.955354,0.0,1,0,1704752511
2024-01-04,0xb4885bc63399bf5518b994c1d0c153334ee579d0,1430,0xfb07d2bdef2deb1ebec001644b4732ab77281c7a,20281.142068,20281.142068,0.0,1,0,1704916809
2024-01-04,0xb4885bc63399bf5518b994c1d0c153334ee579d0,1436,0xfbe12d942b8c152248fd118f598c08124ff3d7de,10681.879386,10681.879386,0.0,1,0,1704915109
2024-01-04,0xb4885bc63399bf5518b994c1d0c153334ee579d0,1455,0x7f44628bd0f7921820107392edad71abddcb17f9,8202.805603,8202.805603,0.0,1,0,1704728903
2024-01-04,0xb4885bc63399bf5518b994c1d0c153334ee579d0,1457,0x26b5e14dbf21bfb62bff869f5f4bce8dbddbcfca,1948.2105,1948.2105,0.0,1,0,1704460319
2024-01-04,0xb4885bc63399bf5518b994c1d0c153334ee579d0,1462,0xadfbf9eccee2c330d7a045fb5533b978ff5ff2b2,8372.883463,8372.883463,0.0,1,0,1704915405
2024-01-04,0xb4885bc63399bf5518b994c1d0c153334ee579d0,1464,0x27adfbdb9a913ffdf886b4f76eca80ab8f189bef,8880.48016,8880.48016,8870.963349,1,1,1704923427
2024-01-04,0xb4885bc63399bf5518b994c1d0c153334ee579d0,1466,0xea2f79bce55908a11e0bf7dffb855c962041674f,7930.777939,7930.777939,0.0,1,0,1704913877
2024-01-04,0xb4885bc63399bf5518b994c1d0c153334ee579d0,1472,0xf1f57b31a953f8e481c5c8f52fe38600268dba14,0.0,0.0,1146.454398,0,1,1704771693
2024-01-04,0xb4885bc63399bf5518b994c1d0c153334ee579d0,1474,0xc56e12fd9435bbedd79e03429cfe798271aa4b5e,7657.689571,7657.689571,0.0,1,0,1704842165
2024-01-04,0xb4885bc63399bf5518b994c1d0c153334ee579d0,1493,0x556c9c6bde32c7a019a273fa2750ad13b46ac374,25175.089007,25175.089007,0.0,1,0,1704916839
2024-01-04,0xb4885bc63399bf5518b994c1d0c153334ee579d0,1504,0xbd5f593c86319523e6e8afe60dedbefaedbdb8c9,7229.254694,7229.254694,0.0,1,0,1704919069
2024-01-04,0xb4885bc63399bf5518b994c1d0c153334ee579d0,1508,0x54bae794b6dda32a5379f091afdf5bab0e37b664,7643.01487,7643.01487,0.0,1,0,1704569351
2024-01-04,0xb4885bc63399bf5518b994c1d0c153334ee579d0,1521,0xdd84ce1adcb3a4908db61a1dfa3353c3974c5a2b,1797.876182,1797.876182,0.0,1,0,1704693989
2024-01-04,0xb4885bc63399bf5518b994c1d0c153334ee579d0,1534,0xaf0b68a684e2b7961a0b6078e36f43d6e990e54b,12750.568463,12750.568463,0.0,1,0,1704914509
2024-01-04,0xb4885bc63399bf5518b994c1d0c153334ee579d0,1543,0x27d2791842476060e16b99a9f6ce97a0797c6477,6944.498482,6944.498482,0.0,1,0,1704919971
2024-01-04,0xb4885bc63399bf5518b994c1d0c153334ee579d0,1557,0x41ea85a57725e77169c9f4d2edf17aaef50bb14d,6970.699191,6970.699191,6960.559168,1,1,1704332435
2024-01-04,0xb4885bc63399bf5518b994c1d0c153334ee579d0,1565,0xac858f98be6124ee42d776fa626328db1c562e23,7492.896559,7492.896559,0.0,1,0,1704921459
2024-01-04,0xb4885bc63399bf5518b994c1d0c153334ee579d0,1606,0x69cd4abd687ab23e2f95f0a065cd9ad211a58713,6677.741075,13271.735461,13075.107243,2,2,1704812317
2024-01-04,0xb4885bc63399bf5518b994c1d0c153334ee579d0,1717,0xac749ef37797f963acc59146e1d2f4015e97dc79,5761.552562,5761.552562,5761.552562,1,1,1704640077
2024-01-04,0xb4885bc63399bf5518b994c1d0c153334ee579d0,1727,0xcdb7361e0793350be029f2b1139621597e4cb053,5757.467974,5757.467974,5749.092795,1,1,1704396647
2024-01-04,0xb4885bc63399bf5518b994c1d0c153334ee579d0,1730,0x1853dc4fbfe3b29012ac6df6ca44b4fca0aa1959,5648.090511,5648.090511,5648.090511,1,1,1704906545
2024-01-04,0xb4885bc63399bf5518b994c1d0c153334ee579d0,1830,0x31796f518c2ba6f2ea1f01aeaf5a42a4e374dc7a,4910.408784,4910.408784,0.0,1,0,1704789971
2024-01-04,0xb4885bc63399bf5518b994c1d0c153334ee579d0,1842,0xc8f7738df10e9c8f8f0c330d6c89fb820ad5bfe4,4985.491771,4985.491771,0.0,1,0,1704913845
2024-01-04,0xb4885bc63399bf5518b994c1d0c153334ee579d0,1855,0xbfad818edb25dc4eebac8cc44a7533be4652ad6c,1607.047658,1607.047658,1598.558702,1,1,1704524933
2024-01-04,0xb4885bc63399bf5518b994c1d0c153334ee579d0,1858,0xb83c10e1a1a713f60ce847528d44f66acc767f05,6700.918587,6700.918587,0.0,1,0,1704719295
2024-01-04,0xb4885bc63399bf5518b994c1d0c153334ee579d0,1872,0xb6a4035370947825d94ca4ac5d30d828ad50265c,4731.14332,4731.14332,0.0,1,0,1704914157
2024-01-04,0xb4885bc63399bf5518b994c1d0c153334ee579d0,1874,0xf9b7c16bf0658f0f1cfac7d8487d1284e72ac931,4791.178882,4791.178882,0.0,1,0,1704917455
2024-01-04,0xb4885bc63399bf5518b994c1d0c153334ee579d0,1876,0xfa01c614b923a3a6574719574ca4311e8a1ae08c,5173.590342,5173.590342,0.0,1,0,1704916209
2024-01-04,0xb4885bc63399bf5518b994c1d0c153334ee579d0,1878,0x952815ea349a0c10db5d854a16a27d768e85053e,4790.639658,4790.639658,0.0,1,0,1704915327
2024-01-04,0xb4885bc63399bf5518b994c1d0c153334ee579d0,1920,0x00c67d9d6d3d13b42a87424e145826c467cccd84,4513.198549,4513.198549,0.0,1,0,1704796401
2024-01-04,0xb4885bc63399bf5518b994c1d0c153334ee579d0,1957,0x2d5a17539943a8c1a753578af3b4f91c9eb85eb9,16561.596894,16561.596894,0.0,1,0,1704917347
2024-01-04,0xb4885bc63399bf5518b994c1d0c153334ee579d0,1961,0x68e53742e7a7de9831b9752046072a942f18e4fd,4357.192907,4357.192907,4357.192907,1,1,1704536285
2024-01-04,0xb4885bc63399bf5518b994c1d0c153334ee579d0,1966,0xdd77a81910f4513524bda1394a3de2237e4288e1,4759.354553,4759.354553,0.0,1,0,1704831587
2024-01-04,0xb4885bc63399bf5518b994c1d0c153334ee579d0,1968,0xbb2d01f1cb61a1c784ef7170906463c282f757fa,10756.043928,10756.043928,0.0,1,0,1704420891
2024-01-04,0xb4885bc63399bf5518b994c1d0c153334ee579d0,1984,0x28ebf504b2d49fc5ddb751f99d494d7607832a8d,5330.789793,5330.789793,5208.708069,1,1,1704684975
2024-01-04,0xb4885bc63399bf5518b994c1d0c153334ee579d0,2001,0x8e1378c5c12b3207edef52204a1c81c170818e62,7272.063026,7272.063026,0.0,1,0,1704917975
2024-01-04,0xb4885bc63399bf5518b994c1d0c153334ee579d0,2011,0xe116d5f4ccd817e93a4827b4b1166fb3fa61bec5,4277.168378,4277.168378,0.0,1,0,1704916179
2024-01-04,0xb4885bc63399bf5518b994c1d0c153334ee579d0,2042,0x8ccfbc13159c5916dbbf5815d899411aeb1876ef,4184.658696,4184.658696,0.0,1,0,1704917333
2024-01-04,0xb4885bc63399bf5518b994c1d0c153334ee579d0,2087,0x4d85e4f760fb58e380f02657ae5aafb8bd010601,2384.31512,2384.31512,2354.969571,1,1,1704399767
2024-01-04,0xb4885bc63399bf5518b994c1d0c153334ee579d0,2098,0x7facf85e84f443fef7113bf85e7a582b251a25b5,4013.965399,4013.965399,0.0,1,0,1704917615
2024-01-04,0xb4885bc63399bf5518b994c1d0c153334ee579d0,2129,0x9e136c1c6d31504f6b0af8cba2cd3f1ea77b2e2b,2156.15883,2156.15883,2156.15883,1,1,1704450847
2024-01-04,0xb4885bc63399bf5518b994c1d0c153334ee579d0,2130,0x4aa63e8115c5b29a3e0e062a77c11592931453dc,3939.631511,3939.631511,0.0,1,0,1704647433
2024-01-04,0xb4885bc63399bf5518b994c1d0c153334ee579d0,2175,0x96b9d9a5cfe8c572def7588d31f7921138794e24,4903.612742,4903.612742,0.0,1,0,1704914051
2024-01-04,0xb4885bc63399bf5518b994c1d0c153334ee579d0,2181,0xea3246957e3548fadf56301af6e020fa288af8ba,4401.022397,4401.022397,4401.022397,1,1,1704525021
2024-01-04,0xb4885bc63399bf5518b994c1d0c153334ee579d0,2209,0xa2f27d648ba70da39ca67efb568115c51da9f566,0.0,0.0,3944.814207,0,1,1704550131
2024-01-04,0xb4885bc63399bf5518b994c1d0c153334ee579d0,2246,0x5f0e257991471c4c0229d3926adcf73fcb67446d,3683.035736,3683.035736,0.0,1,0,1704914379
2024-01-04,0xb4885bc63399bf5518b994c1d0c153334ee579d0,2262,0xb8e1f0f1e0aab629ec07ae9e4fa680b58732c643,3665.999793,3665.999793,3619.233317,1,1,1704432027
2024-01-04,0xb4885bc63399bf5518b994c1d0c153334ee579d0,2270,0x68da9f01a7de69436f40af6a412ecbcc7eb87ead,3607.853669,3607.853669,0.0,1,0,1704654483
2024-01-04,0xb4885bc63399bf5518b994c1d0c153334ee579d0,2326,0x6d6ee330e22c239fc699e61c55251110b15b943c,3553.933954,3553.933954,3508.597081,1,1,1704847019
2024-01-04,0xb4885bc63399bf5518b994c1d0c153334ee579d0,2501,0x90a23ca50c31161c5297ba9dd55c70212ab056a7,3258.66344,3258.66344,0.0,1,0,1704926145
2024-01-04,0xb4885bc63399bf5518b994c1d0c153334ee579d0,2510,0x2afeb9ac4196037c575b45ada553b70ec80d40df,10237.440157,10237.440157,0.0,1,0,1704751297
2024-01-04,0xb4885bc63399bf5518b994c1d0c153334ee579d0,2516,0x1706f86e1798e341944746fe336d63b60e1d0ccb,3243.555263,3243.555263,3243.555263,1,1,1704575487
2024-01-04,0xb4885bc63399bf5518b994c1d0c153334ee579d0,2550,0x69fa137938a050a105c99fcd5824c2591b837c5c,3198.532851,3198.532851,0.0,1,0,1704786249
2024-01-04,0xb4885bc63399bf5518b994c1d0c153334ee579d0,2565,0xba77e0b03b41a980bb4e7bb32ec7a2dfe1b66f8f,3209.135526,3209.135526,0.0,1,0,1704599315
2024-01-04,0xb4885bc63399bf5518b994c1d0c153334ee579d0,2597,0x8bcf9320497028119da1c99525d19a9f0d86f92a,3137.583885,3137.583885,3107.474595,1,1,1704330153
2024-01-04,0xb4885bc63399bf5518b994c1d0c153334ee579d0,2602,0x793cf10f2542ad8a98b5951f632bf8526bc2ac63,3121.370878,3121.370878,3121.370878,1,1,1704333275
2024-01-04,0xb4885bc63399bf5518b994c1d0c153334ee579d0,2606,0x1f0cd8d7366737ad6f23c9ef2d1dd6e2c74f1eb0,3119.810066,3119.810066,0.0,1,0,1704617119
2024-01-04,0xb4885bc63399bf5518b994c1d0c153334ee579d0,2704,0x1aaa8d951c6c74f6548bd4e89a1c54fb5fcd0ac2,2964.235049,2964.235049,0.0,1,0,1704756875
2024-01-04,0xb4885bc63399bf5518b994c1d0c153334ee579d0,2743,0x2a724be1b63caec1c3ef95834fdd443c3347ee1d,1375.496291,1375.496291,0.0,1,0,1704916559
2024-01-04,0xb4885bc63399bf5518b994c1d0c153334ee579d0,2748,0x1f85aa3b8ddda2f94391e196241ad728d24e7f3d,2725.830223,2725.830223,2725.830223,1,1,1704378173
2024-01-04,0xb4885bc63399bf5518b994c1d0c153334ee579d0,2873,0x9a62db4c17146172c0b88e7e439df169a0f93e0e,1114.678399,1114.678399,0.0,1,0,1704828695
2024-01-04,0xb4885bc63399bf5518b994c1d0c153334ee579d0,2902,0xf84368dcc03dbd47a6567b7267f573c28b2f07fa,585.750987,585.750987,0.0,1,0,1704912941
2024-01-04,0xb4885bc63399bf5518b994c1d0c153334ee579d0,2920,0x7a736aebfdff3ec824f8ea3f83639e863d7963c3,2154.080463,2154.080463,0.0,1,0,1704920137
2024-01-04,0xb4885bc63399bf5518b994c1d0c153334ee579d0,2939,0x5f4f120d8435ea38f0f4635a910fee03801be88d,0.0,0.0,2094.246941,0,1,1704763719
2024-01-04,0xb4885bc63399bf5518b994c1d0c153334ee579d0,2960,0x4765697e4e357148f0819b961bd7ec4837d1020a,0.0,0.0,508.613487,0,1,1704787359
2024-01-04,0xb4885bc63399bf5518b994c1d0c153334ee579d0,3033,0xdc849cb277d665a4d2d86220eecfcf5f2b5fff47,1916.699755,1916.699755,1900.94633,1,1,1704419369
2024-01-04,0xb4885bc63399bf5518b994c1d0c153334ee579d0,3047,0xbee2d469aacb46251ae33cca91f482e26c971dff,0.0,0.0,692.316832,0,1,1704922543
2024-01-04,0xb4885bc63399bf5518b994c1d0c153334ee579d0,3057,0x59653fd9713a30c54237a6fd21fd97ba141abbe0,0.0,0.0,7894.352782,0,1,1704816447
2024-01-04,0xb4885bc63399bf5518b994c1d0c153334ee579d0,3080,0xf5a42683d4458ba74a0829e1e6e04612422f9ba1,1853.028669,1853.028669,0.0,1,0,1704802421
2024-01-04,0xb4885bc63399bf5518b994c1d0c153334ee579d0,3085,0x0c470f23b09847fc99e20b63aa9b0c3db13bacf7,0.0,0.0,1822.949601,0,1,1704381761
2024-01-04,0xb4885bc63399bf5518b994c1d0c153334ee579d0,3097,0x28893320e3ec737271510b92b3efe948144a396e,2502.53489,2502.53489,0.0,1,0,1704918921
2024-01-04,0xb4885bc63399bf5518b994c1d0c153334ee579d0,3106,0xb4fbd802d9dc5c0208346c311bcb6b9ecff468c6,1939.980262,1939.980262,0.0,1,0,1704918513
2024-01-04,0xb4885bc63399bf5518b994c1d0c153334ee579d0,3126,0x9db3b4adc4d4e3e60c9d2761ecc913a68c8d0519,1785.083022,1785.083022,0.0,1,0,1704756957
2024-01-04,0xb4885bc63399bf5518b994c1d0c153334ee579d0,3180,0x943980b467fe194beb923daf7a544abce90b5f93,1707.839738,1707.839738,0.0,1,0,1704914327
2024-01-04,0xb4885bc63399bf5518b994c1d0c153334ee579d0,3203,0xc8295d5fa5fc96c6b3f7d83a0e08f2344ce8ede7,1706.712869,1706.712869,0.0,1,0,1704495195
2024-01-04,0xb4885bc63399bf5518b994c1d0c153334ee579d0,3240,0xd23049316c5058dead7d488e78305ad5a82ec362,1647.523189,1647.523189,1647.523189,1,1,1704884225
2024-01-04,0xb4885bc63399bf5518b994c1d0c153334ee579d0,3243,0x87f16c31e32ae543278f5194cf94862f1cb1eee0,22152.216933,22152.216933,0.0,1,0,1704373827
2024-01-04,0xb4885bc63399bf5518b994c1d0c153334ee579d0,3285,0xfa53b8cca72c61794ebac3d54b54554aa0f4229d,1604.915555,1604.915555,0.0,1,0,1704876287
2024-01-04,0xb4885bc63399bf5518b994c1d0c153334ee579d0,3327,0x08928dcb5bd0b58f8de51921eaade7da8146d259,1552.149079,1552.149079,0.0,1,0,1704510029
2024-01-04,0xb4885bc63399bf5518b994c1d0c153334ee579d0,3329,0x9213dc91b318f030eeac9085871939c6c7c58089,50532.559666,50532.559666,0.0,1,0,1704807135
2024-01-04,0xb4885bc63399bf5518b994c1d0c153334ee579d0,3347,0x175fb20b9b5bcf80a0167d403405e6f3a074cfa0,193.339338,193.339338,193.339338,1,1,1704483891
2024-01-04,0xb4885bc63399bf5518b994c1d0c153334ee579d0,3374,0x035ceb21c467f15e62e95b6e4ee7e0e6d6ce9b7a,1478.007511,1478.007511,1468.77266,1,1,1704655673
2024-01-04,0xb4885bc63399bf5518b994c1d0c153334ee579d0,3381,0x185541a045ed6fe9ff1142419b647cccbd62a04a,740.509959,740.509959,0.0,1,0,1704478737
2024-01-04,0xb4885bc63399bf5518b994c1d0c153334ee579d0,3437,0xc16373b5fdb767c5c10b1ef1668649f94f925e03,346.810775,346.810775,685.25093,1,1,1704650539
2024-01-04,0xb4885bc63399bf5518b994c1d0c153334ee579d0,3566,0xacd65b8e9d50128780a114a16d8e9870e19c82c3,1206.826919,1206.826919,0.0,1,0,1704406897
2024-01-04,0xb4885bc63399bf5518b994c1d0c153334ee579d0,3610,0xdbcfcf489faa6a6d068bdd71f130da5f1526d51f,1148.883597,1148.883597,0.0,1,0,1704914769
2024-01-04,0xb4885bc63399bf5518b994c1d0c153334ee579d0,3615,0x4b9d8dde4c5ceb5ba567334d9fb86cfc94282a03,1265.779972,1265.779972,0.0,1,0,1704795889
2024-01-04,0xb4885bc63399bf5518b994c1d0c153334ee579d0,3714,0x78869711dc3afdf20a41980343a917562e30fb1e,1086.705142,1086.705142,1072.842247,1,1,1704659503
2024-01-04,0xb4885bc63399bf5518b994c1d0c153334ee579d0,3726,0xa731c24fc9ca345f43d8614248f9adcd5ed4e281,1068.398452,1068.398452,0.0,1,0,1704914299
2024-01-04,0xb4885bc63399bf5518b994c1d0c153334ee579d0,3740,0x85733c9aec50f084ac58259ec23933931cbbc2ee,527.120675,527.120675,0.0,1,0,1704765003
2024-01-04,0xb4885bc63399bf5518b994c1d0c153334ee579d0,3775,0x5970622555421159b9856656c1b6ae482a86ec42,0.0,0.0,514.224161,0,1,1704387581
2024-01-04,0xb4885bc63399bf5518b994c1d0c153334ee579d0,3783,0xc396e325afef0e49d7712a223208c8440c1b9afe,1031.512376,1031.512376,1018.353565,1,1,1704633149
2024-01-04,0xb4885bc63399bf5518b994c1d0c153334ee579d0,3949,0x4e9f06bad29b7dd3b7de1929c8fb9ae939d0fe29,870.592367,870.592367,0.0,1,0,1704541463
2024-01-04,0xb4885bc63399bf5518b994c1d0c153334ee579d0,4011,0x6322872f335dde0d4b44537f69fbae74bbed39de,204.110623,204.110623,408.221246,1,1,1704812733
2024-01-04,0xb4885bc63399bf5518b994c1d0c153334ee579d0,4147,0x9c64605387a115cd2f382ea87a30c5188da1cf1b,727.09456,727.09456,0.0,1,0,1704552163
2024-01-04,0xb4885bc63399bf5518b994c1d0c153334ee579d0,4162,0xc73b98f2818f9a0aa8ed5034a2c627f3b188eaf3,707.994568,707.994568,0.0,1,0,1704394699
2024-01-04,0xb4885bc63399bf5518b994c1d0c153334ee579d0,4187,0x06dc0cbf44eed256c5975210095be703504a4541,695.926339,695.926339,0.0,1,0,1704392525
2024-01-04,0xb4885bc63399bf5518b994c1d0c153334ee579d0,4189,0x6cc78993fc28d60b6653a2e7e89d6a5b69975e6b,0.0,0.0,695.926339,0,1,1704847799
2024-01-04,0xb4885bc63399bf5518b994c1d0c153334ee579d0,4340,0xcdd5ccc914ba68b56eacb1a6058475648a3fda12,1007.165669,1963.116752,955.951083,2,1,1704709915
2024-01-04,0xb4885bc63399bf5518b994c1d0c153334ee579d0,4413,0x76d04d8b79f698de344d79d59dc7660cd59d2e18,553.053735,553.053735,553.053735,1,1,1704884163
2024-01-04,0xb4885bc63399bf5518b994c1d0c153334ee579d0,4419,0xee1a6dd8ed5ccdef81506dada15518b512bf9fb2,549.417677,549.417677,549.417677,1,1,1704884115
2024-01-04,0xb4885bc63399bf5518b994c1d0c153334ee579d0,4468,0x981be1045cf995dedbac017d9f0560ef0f22bfaf,529.758385,529.758385,0.0,1,0,1704917727
2024-01-04,0xb4885bc63399bf5518b994c1d0c153334ee579d0,4518,0x43917a8174465dc01522e8e14335eaa2cde33f6f,103.987508,103.987508,103.987508,1,1,1704465255
2024-01-04,0xb4885bc63399bf5518b994c1d0c153334ee579d0,4531,0x6f3a6d9867d6213056b55ce52b55514215deb343,512.351921,512.351921,512.351921,1,1,1704884061
2024-01-04,0xb4885bc63399bf5518b994c1d0c153334ee579d0,4613,0x12ed17d0061c89362a1fd0ba9aa960d68b97bd79,237.017158,237.017158,118.508579,1,1,1704906699
2024-01-04,0xb4885bc63399bf5518b994c1d0c153334ee579d0,4622,0x2f7479ad52a75eb90a9b2acfb296a39d41828c36,475.831657,475.831657,475.831657,1,1,1704387571
2024-01-04,0xb4885bc63399bf5518b994c1d0c153334ee579d0,4640,0x1c3be20a226333e26833618b96e9d10aa741da6e,464.734166,464.734166,0.0,1,0,1704621003
2024-01-04,0xb4885bc63399bf5518b994c1d0c153334ee579d0,4740,0x37b8ef2da4964886f16c6b14fc87a5c8c9ac4038,109.680234,109.680234,0.0,1,0,1704546047
2024-01-04,0xb4885bc63399bf5518b994c1d0c153334ee579d0,4743,0x87751ed036c0c5048c42d3a637163a932da0ff30,781.693298,781.693298,442.103016,1,1,1704912459
2024-01-04,0xb4885bc63399bf5518b994c1d0c153334ee579d0,4876,0xb1d67ccacf4416f726615d42f27bcd1cc45e03c1,413.287514,413.287514,0.0,1,0,1704918011
2024-01-04,0xb4885bc63399bf5518b994c1d0c153334ee579d0,4881,0x7cb552152e2b28f9f6911c51b69b0d8d1fadafe1,857.875067,857.875067,0.0,1,0,1704463781
2024-01-04,0xb4885bc63399bf5518b994c1d0c153334ee579d0,4890,0x12f03f0f9b9384feee357ab255b42ae99fdb8895,411.911121,411.911121,0.0,1,0,1704421327
2024-01-04,0xb4885bc63399bf5518b994c1d0c153334ee579d0,4894,0x54d8e8fb753cabb05600b8a04e536def9f42e3d6,40.220649,40.220649,40.220649,1,1,1704372363
2024-01-04,0xb4885bc63399bf5518b994c1d0c153334ee579d0,4946,0xb6c8cabc2150083261d541a3011a658a36ca55b9,406.641037,406.641037,0.0,1,0,1704435229
2024-01-04,0xb4885bc63399bf5518b994c1d0c153334ee579d0,4972,0x9baa120b011334ae37ce01ac7c714c934cd7648d,404.198802,404.198802,0.0,1,0,1704421219
2024-01-04,0xb4885bc63399bf5518b994c1d0c153334ee579d0,4973,0x314d295677f81d037fd61bea21e81f9ea7aa2c64,404.230292,404.230292,404.230292,1,1,1704861513
2024-01-04,0xb4885bc63399bf5518b994c1d0c153334ee579d0,5051,0x349e7c22cd2a12d42073443c633d2478a419b578,397.586586,397.586586,0.0,1,0,1704373999
2024-01-04,0xb4885bc63399bf5518b994c1d0c153334ee579d0,5332,0x314fd5d24e1db1fd89c5b5b96025724ac51ce18c,380.002255,380.002255,0.0,1,0,1704789549
2024-01-04,0xb4885bc63399bf5518b994c1d0c153334ee579d0,5408,0xcd462cabe78138bf0251344c22b2902cc2309fce,397.274637,397.274637,381.296719,1,1,1704788255
2024-01-04,0xb4885bc63399bf5518b994c1d0c153334ee579d0,5549,0x78d4c94b1284d46d238c6afbbbd115385b1b36ec,374.140542,374.140542,0.0,1,0,1704331695
2024-01-04,0xb4885bc63399bf5518b994c1d0c153334ee579d0,5568,0xda3e608973dd2150fbc1e19f3ed1f183a37af1d6,371.428522,371.428522,0.0,1,0,1704777649
2024-01-04,0xb4885bc63399bf5518b994c1d0c153334ee579d0,5587,0x1b49144f6e4c41ee7ed030cf93b185cbbbbc7f0e,1232.056553,1232.056553,0.0,1,0,1704623159
2024-01-04,0xb4885bc63399bf5518b994c1d0c153334ee579d0,5884,0x8181432899253fa56fdfeb559a9da64ec75d9f15,362.358945,362.358945,0.0,1,0,1704830113
2024-01-04,0xb4885bc63399bf5518b994c1d0c153334ee579d0,5885,0x1c85d6ae1336d0e4e3f165bbfa9641bfa04cedb1,364.985423,364.985423,364.454492,1,1,1704362593
2024-01-04,0xb4885bc63399bf5518b994c1d0c153334ee579d0,5892,0x0c3ef07338d82406f4e49bcb6df157b94a3dcd38,360.102367,360.102367,0.0,1,0,1704335865
2024-01-04,0xb4885bc63399bf5518b994c1d0c153334ee579d0,5961,0x7603c40b04ae8d4a82aedbccb5c3cd81b6681895,324.326925,324.326925,331.234094,1,1,1704887189
2024-01-04,0xb4885bc63399bf5518b994c1d0c153334ee579d0,5962,0x04576fb84df8df948d0004a84a3f5c8cb286b565,324.29133,324.29133,331.197756,1,1,1704887159
2024-01-04,0xb4885bc63399bf5518b994c1d0c153334ee579d0,6001,0xe538eb2f128634a95a0ce48f9efb3b6b58d1b3eb,4016.049989,4016.049989,0.0,1,0,1704355261
2024-01-04,0xb4885bc63399bf5518b994c1d0c153334ee579d0,6044,0x9e028c80aff3b1a29c66fb213a98d1c634a536a8,360.154411,360.154411,359.630508,1,1,1704390293
2024-01-04,0xb4885bc63399bf5518b994c1d0c153334ee579d0,6056,0xc630ee3e52a40a2c87d3507b18d11efb178d01ab,54.187913,54.187913,107.775305,1,1,1704417957
2024-01-04,0xb4885bc63399bf5518b994c1d0c153334ee579d0,6080,0x3c698d1e054a921dcf46bc213ca407e39ae4db8d,355.300945,355.300945,0.0,1,0,1704788407
2024-01-04,0xb4885bc63399bf5518b994c1d0c153334ee579d0,6119,0x90126de0707a9a0085f511afcb345e81b7fcec1d,353.746933,353.746933,0.0,1,0,1704824061
2024-01-04,0xb4885bc63399bf5518b994c1d0c153334ee579d0,6136,0xc89989842a112b89755deeec9761d878585deb41,353.425496,353.425496,0.0,1,0,1704331409
2024-01-04,0xb4885bc63399bf5518b994c1d0c153334ee579d0,6175,0x479e26d0e79d430340a0c6468f16ab9f5a033b97,352.556292,352.556292,0.0,1,0,1704809697
2024-01-04,0xb4885bc63399bf5518b994c1d0c153334ee579d0,6225,0x6ee7ac91bbbc33e146726438496d407b08212b3b,263.665433,263.665433,351.553911,1,1,1704733003
2024-01-04,0xb4885bc63399bf5518b994c1d0c153334ee579d0,6408,0x638198fffca8f6803df3728c50491d6715696dde,0.0,0.0,348.176344,0,1,1704365225
2024-01-04,0xb4885bc63399bf5518b994c1d0c153334ee579d0,6456,0x9b12c2ef2e591dd12d82dfba3268881ed9aed88d,2241.029548,2241.029548,2319.7651,1,1,1704869675
2024-01-04,0xb4885bc63399bf5518b994c1d0c153334ee579d0,6585,0x221a68818a6a77fae0d920306b45a3b1e32e6743,5330.348536,10495.364798,5165.016262,2,1,1704654159
2024-01-04,0xb4885bc63399bf5518b994c1d0c153334ee579d0,6687,0x1d4143b2434b20ff360a05912626f56563838ba5,55.175069,55.175069,58.376034,1,1,1704617217
2024-01-04,0xb4885bc63399bf5518b994c1d0c153334ee579d0,6717,0x043951150857e82d8f59bcabf1cf4ef99fb9ae03,0.0,0.0,932.102415,0,1,1704493161
2024-01-04,0xb4885bc63399bf5518b994c1d0c153334ee579d0,6722,0x8f37f0654a652c2ea9e6d1caa44f37baac61c346,507.387215,507.387215,546.476901,1,1,1704377785
2024-01-04,0xb4885bc63399bf5518b994c1d0c153334ee579d0,6850,0x47b0c8c154fb9222d22e170a0801b9807dee2576,333.819598,333.819598,335.879038,1,1,1704453199
2024-01-04,0xb4885bc63399bf5518b994c1d0c153334ee579d0,6862,0x76b173f37cb39f288c2b97a8bea9bf96b643c485,0.0,0.0,844.636893,0,1,1704927163
2024-01-04,0xb4885bc63399bf5518b994c1d0c153334ee579d0,6872,0xdc82091269279b03923c9e64026c548956ce27ca,88.011781,88.011781,88.230379,1,1,1704369339
2024-01-04,0xb4885bc63399bf5518b994c1d0c153334ee579d0,6932,0xf1ba347eb6b8f4cbcd132aa2990b3746c1c05065,96.206984,96.206984,0.0,1,0,1704830059
2024-01-04,0xb4885bc63399bf5518b994c1d0c153334ee579d0,7009,0xfca9895a7dd0545c3d648f7ef235e546053946ca,921.455965,921.455965,929.911847,1,1,1704889957
2024-01-04,0xb4885bc63399bf5518b994c1d0c153334ee579d0,7015,0xeb0aef82e93f72dcfbed2fb2eaca7ea5e1f9c5c8,103.0,103.0,0.0,1,0,1704823751
2024-01-04,0xb4885bc63399bf5518b994c1d0c153334ee579d0,7097,0xa0444624a5abcd830cc9986e3247a6db810695a9,36.654971,36.654971,0.0,1,0,1704830151
2024-01-04,0xb4885bc63399bf5518b994c1d0c153334ee579d0,7164,0x1d4143b2434b20ff360a05912626f56563838ba5,39.901728,39.901728,58.248595,1,1,1704617231
2024-01-04,0xb4885bc63399bf5518b994c1d0c153334ee579d0,7747,0x65cb5bff8bafe67cd9106b454843dbf233aacf7b,194.179419,194.179419,90.721684,1,1,1704395343
2024-01-04,0xb4885bc63399bf5518b994c1d0c153334ee579d0,7834,0xacbe1fc97ced05874d2ee6993d92066fe3ec011f,16.383904,16.383904,16.697472,1,1,1704870083
2024-01-04,0xb4885bc63399bf5518b994c1d0c153334ee579d0,7844,0x4dccb4444a0a804b778ddac22dc21b4fd0fe1a0d,4.8022,4.8022,4.827035,1,1,1704885359
2024-01-04,0xb4885bc63399bf5518b994c1d0c153334ee579d0,8051,0xa1405ffe82d934ff555e620fb1a5bac2df4fe5a9,788.724602,788.724602,814.480315,1,1,1704799563
2024-01-04,0xb4885bc63399bf5518b994c1d0c153334ee579d0,8052,0xd722fe8c1ebc95471da98625651d2c704991b809,826.219493,826.219493,841.721314,1,1,1704799547
2024-01-04,0xb4885bc63399bf5518b994c1d0c153334ee579d0,8262,0xbb8151d891ae8b3ee3696944652ef2308edc8d65,8995.097405,8995.097405,9228.403007,1,1,1704338271
2024-01-04,0xb4885bc63399bf5518b994c1d0c153334ee579d0,8308,0x5303878c813f98c97fb1f641d6a89bf44bb03c0d,0.112088,0.112088,1.896179,1,1,1704482413
2024-01-04,0xb4885bc63399bf5518b994c1d0c153334ee579d0,8380,0x3b1c9d24c46df6ab9775d6bbb478987caa6018a3,35110.699187,35110.699187,0.0,1,0,1704917623
2024-01-04,0xb4885bc63399bf5518b994c1d0c153334ee579d0,8390,0x4e51a06e4643197e1be2f050b6af60f9ad3cef06,3982.6559,3982.6559,0.0,1,0,1704338091
2024-01-04,0xb4885bc63399bf5518b994c1d0c153334ee579d0,8395,0x5181cdf1bb20da04ba788f82989f29e65b67314a,32587.5056,32587.5056,0.0,1,0,1704915901
2024-01-04,0xb4885bc63399bf5518b994c1d0c153334ee579d0,8405,0x5d6f3d0c92d0564151357b0863e55e9ed4631b8d,1402.812262,1402.812262,0.0,1,0,1704913067
2024-01-04,0xb4885bc63399bf5518b994c1d0c153334ee579d0,8433,0x9e5a57470a2a136a3d4de39e1996e05944c4b1fb,91805.95781,91805.95781,0.0,1,0,1704901227
2024-01-04,0xb4885bc63399bf5518b994c1d0c153334ee579d0,8517,0x6cedee632ef71faecab8bc7c1996559086258666,1.881063,1.881063,2.010211,1,1,1704586425
2024-01-04,0xb4885bc63399bf5518b994c1d0c153334ee579d0,8688,0x3953097d0ac7ee4f390592b69b5ada2dff4108c6,849.643994,849.643994,866.488847,1,1,1704444681
2024-01-04,0xb4885bc63399bf5518b994c1d0c153334ee579d0,8707,0xc8295d5fa5fc96c6b3f7d83a0e08f2344ce8ede7,4507.396813,4507.396813,0.0,1,0,1704495181
2024-01-04,0xb4885bc63399bf5518b994c1d0c153334ee579d0,8733,0x84dac26765a13e7ce22dfe1001f97927d0b9634b,32.636018,32.636018,0.0,1,0,1704717621
2024-01-04,0xb4885bc63399bf5518b994c1d0c153334ee579d0,8741,0xb2ff5b8a05b43749b1307215c501dcde0932a711,718.656123,718.656123,0.0,1,0,1704343543
2024-01-04,0xb4885bc63399bf5518b994c1d0c153334ee579d0,8769,0xb764113ac0c2d8e1a99bb2a69149503d9bf4f614,31.356517,31.356517,0.0,1,0,1704637263
2024-01-04,0xb4885bc63399bf5518b994c1d0c153334ee579d0,8773,0x994cf20f5084427d078dbe368ee9c5b6b9ec0755,69.151133,69.151133,0.0,1,0,1704609403
2024-01-04,0xb4885bc63399bf5518b994c1d0c153334ee579d0,8814,0x3bc3a083d85905afdff3e20b4802b10dbd21bd9f,0.0,0.0,3.589027,0,1,1704378567
2024-01-04,0xb4885bc63399bf5518b994c1d0c153334ee579d0,8910,0xe81a8b2394cab40e4f7b6ac35611e20e045daf17,0.0,0.0,0.000273,0,1,1704545389
2024-01-04,0xb4885bc63399bf5518b994c1d0c153334ee579d0,9029,0xa96a2500ff54c0b38e69a66cafc1dcaa76651667,7562.117545,7562.117545,0.0,1,0,1704624937
2024-01-04,0xb4885bc63399bf5518b994c1d0c153334ee579d0,9224,0x3aa8ac0e6c1fb9cbb733565de16cdc5a676bcb04,33577.225269,33577.225269,0.0,1,0,1704914085
2024-01-04,0xb4885bc63399bf5518b994c1d0c153334ee579d0,9255,0x4e51a06e4643197e1be2f050b6af60f9ad3cef06,2393.502595,2393.502595,0.0,1,0,1704338119
2024-01-04,0xb4885bc63399bf5518b994c1d0c153334ee579d0,9282,0x5929cc4d10b6a1acc5bf5d221889f10251c628a1,9655.221181,9655.221181,0.0,1,0,1704920111
2024-01-04,0xb4885bc63399bf5518b994c1d0c153334ee579d0,9300,0xb33cd827dd59c090e71899bfca31f81f4b189ddb,6996.351341,6996.351341,0.0,1,0,1704914345
2024-01-04,0xb4885bc63399bf5518b994c1d0c153334ee579d0,9393,0x5487c7995736150bcaec76aba8f0afa54b3d0ac9,596.580199,596.580199,602.229702,1,1,1704624399
2024-01-04,0xb4885bc63399bf5518b994c1d0c153334ee579d0,9452,0x2f561ff796d483553e068263882ae0d9068fb42b,125.650859,125.650859,127.967525,1,1,1704638005
2024-01-04,0xb4885bc63399bf5518b994c1d0c153334ee579d0,9546,0x175fb20b9b5bcf80a0167d403405e6f3a074cfa0,57.017919,57.017919,57.375054,1,1,1704483903
2024-01-04,0xb4885bc63399bf5518b994c1d0c153334ee579d0,9561,0x099b9c7ce4689068ac6206ecdc0d41d9d016937a,1.464432,1.464432,0.0,1,0,1704784537
2024-01-04,0xb4885bc63399bf5518b994c1d0c153334ee579d0,9608,0xacbe1fc97ced05874d2ee6993d92066fe3ec011f,11.869041,11.869041,0.0,1,0,1704870107
2024-01-04,0xb4885bc63399bf5518b994c1d0c153334ee579d0,9616,0xf120445761d31c9322416a8eabbbeeea1a1eac1e,66.477719,66.477719,66.828606,1,1,1704373153
2024-01-04,0xb4885bc63399bf5518b994c1d0c153334ee579d0,9638,0xec999b3e78071c8277618acded05e87d55630731,7.699808,7.699808,15.672307,1,1,1704505661
2024-01-04,0xb4885bc63399bf5518b994c1d0c153334ee579d0,9639,0x0ea01228dea7d3e04811cf0ce05fb219773d72ca,238.895838,238.895838,0.0,1,0,1704680823
2024-01-04,0xb4885bc63399bf5518b994c1d0c153334ee579d0,9655,0xb4f17a684e1d358abcfdb59292d4d32bd3e277d4,24.320586,24.320586,24.450579,1,1,1704456565
2024-01-04,0xb4885bc63399bf5518b994c1d0c153334ee579d0,9707,0x60034a6d90f54d3bbc3188033fd08b1a146802ba,3535.983417,3535.983417,3535.983417,1,1,1704905041
2024-01-04,0xb4885bc63399bf5518b994c1d0c153334ee579d0,9717,0x55996ab2705ffbf8f1f08eb208a8e309f529f554,906.27918,906.27918,0.0,1,0,1704921297
2024-01-04,0xb4885bc63399bf5518b994c1d0c153334ee579d0,9724,0x13c4dd9f8ad8a70120c6b4387a31b9428e60d4ef,64.420554,64.420554,46.24546,1,1,1704454843
2024-01-04,0xb4885bc63399bf5518b994c1d0c153334ee579d0,9754,0xd287b9581d7d502e681a1c4c3882e765594defc7,9319.668467,9319.668467,0.0,1,0,1704915409
2024-01-04,0xb4885bc63399bf5518b994c1d0c153334ee579d0,9807,0xf3d820fc48e80f1a318d946cf3faecc9b3d80599,50.231125,50.231125,0.0,1,0,1704648023
2024-01-04,0xb4885bc63399bf5518b994c1d0c153334ee579d0,9918,0x2d5a17539943a8c1a753578af3b4f91c9eb85eb9,1505.872177,1505.872177,0.0,1,0,1704917365
2024-01-04,0xb4885bc63399bf5518b994c1d0c153334ee579d0,9935,0x829a2eab39abb84c1e0aa621736a14443b5c5075,2685.798516,2685.798516,0.0,1,0,1704914353
2024-01-04,0xb4885bc63399bf5518b994c1d0c153334ee579d0,9998,0x881ee0c4b131cc79d3bb9dc44a4539bc034a35e6,48472.860744,48472.860744,0.0,1,0,1704918121
2024-01-04,0xb4885bc63399bf5518b994c1d0c153334ee579d0,10040,0x64878672b3fc544db57b043eb651e13f1cb8c4ed,10648.67434,10648.67434,0.0,1,0,1704926731
2024-01-04,0xb4885bc63399bf5518b994c1d0c153334ee579d0,10042,0xde1fa11188571b887901f62efa0291ce47e509ba,10180.552807,10180.552807,0.0,1,0,1704926845
2024-01-04,0xb4885bc63399bf5518b994c1d0c153334ee579d0,10048,0xf75200b7684a120fba433145609112616749c082,2831.754935,5663.55406,4593.369334,2,2,1704752533
2024-01-04,0xb4885bc63399bf5518b994c1d0c153334ee579d0,10061,0xaf75e34f5d6d9655b8a0736d4e96e3674ee9089d,2.185232,2.185232,0.0,1,0,1704587947
2024-01-04,0xb4885bc63399bf5518b994c1d0c153334ee579d0,10093,0x6581bcc4a8bb99efbb1e2b34ad042582cf598484,9.845316,9.845316,0.0,1,0,1704372173
2024-01-04,0xb4885bc63399bf5518b994c1d0c153334ee579d0,10215,0x9238a15d59eb5484e7f1cddcf5e23539c50a05b2,22.558351,22.558351,0.720831,1,1,1704689671
2024-01-04,0xb4885bc63399bf5518b994c1d0c153334ee579d0,10271,0x4d92c7272384c055ee2ef7ab0b7112c35b8cef79,9795.513778,9795.513778,9971.607924,1,1,1704745871
2024-01-04,0xb4885bc63399bf5518b994c1d0c153334ee579d0,10297,0x6a941fe89cac5f440bb14e5286ad3e38ca3f2d39,0.0,0.0,16414313.073335,0,1,1704913761
2024-01-04,0xb4885bc63399bf5518b994c1d0c153334ee579d0,10343,0x869921f41af38fe397c8309d3d1885809508b723,644.928194,644.928194,0.0,1,0,1704331397
2024-01-04,0xb4885bc63399bf5518b994c1d0c153334ee579d0,10383,0xf0b0a5bb90f94b4f5570b41106d6c325f7b53079,11310.46445,11310.46445,0.0,1,0,1704762723
2024-01-04,0xb4885bc63399bf5518b994c1d0c153334ee579d0,10396,0x9a9bfa5ff9f86235779814d43f77c7669f6766f2,0.0,0.0,368.776217,0,1,1704331195
2024-01-04,0xb4885bc63399bf5518b994c1d0c153334ee579d0,10399,0x0a262d0c4400f1a6cf77b08d6410c277a924f879,207.438208,207.438208,0.0,1,0,1704883969
2024-01-04,0xb4885bc63399bf5518b994c1d0c153334ee579d0,10485,0x2ccf109701bb766ea47cc673b1366af4e82976b1,2852.0,2852.0,2852.0,1,1,1704918691
2024-01-04,0xb4885bc63399bf5518b994c1d0c153334ee579d0,10487,0x4d92c7272384c055ee2ef7ab0b7112c35b8cef79,2668.0,2668.0,0.0,1,0,1704745887
2024-01-04,0xb4885bc63399bf5518b994c1d0c153334ee579d0,10524,0xd287b9581d7d502e681a1c4c3882e765594defc7,1274.014288,1274.014288,0.0,1,0,1704915437
2024-01-04,0xb4885bc63399bf5518b994c1d0c153334ee579d0,10536,0xb3395265f5d7a6196e0436cf8adc43b5d108c2dd,920.0,920.0,0.0,1,0,1704497455
2024-01-04,0xb4885bc63399bf5518b994c1d0c153334ee579d0,10542,0x4e51a06e4643197e1be2f050b6af60f9ad3cef06,830.335558,830.335558,0.0,1,0,1704338151
2024-01-04,0xb4885bc63399bf5518b994c1d0c153334ee579d0,10630,0xdaaffba0ab113acbee5c65ecdcccdc60aaf7d110,792.596204,792.596204,0.0,1,0,1704896729
2024-01-04,0xb4885bc63399bf5518b994c1d0c153334ee579d0,10636,0x0a262d0c4400f1a6cf77b08d6410c277a924f879,61.533632,61.533632,0.0,1,0,1704884187
2024-01-04,0xb4885bc63399bf5518b994c1d0c153334ee579d0,10653,0x0a262d0c4400f1a6cf77b08d6410c277a924f879,99.202323,99.202323,0.0,1,0,1704884145
2024-01-04,0xb4885bc63399bf5518b994c1d0c153334ee579d0,10656,0x145acc258b553369e51b4e5fb4d7b7201125eecb,0.064829,0.064829,0.065329,1,1,1704891285
2024-01-04,0xb4885bc63399bf5518b994c1d0c153334ee579d0,10657,0x892176d784bed3dc877a62f3ff9fc091377b2a49,0.989558,0.989558,2.492648,1,1,1704873411
2024-01-04,0xb4885bc63399bf5518b994c1d0c153334ee579d0,10680,0x145acc258b553369e51b4e5fb4d7b7201125eecb,504.514971,504.514971,0.0,1,0,1704909255
2024-01-04,0xb4885bc63399bf5518b994c1d0c153334ee579d0,10685,0x0a262d0c4400f1a6cf77b08d6410c277a924f879,58.894301,58.894301,0.0,1,0,1704884121
2024-01-04,0xb4885bc63399bf5518b994c1d0c153334ee579d0,10687,0x9975d904aaa01d0047692043c1bbc26cf52c6ae4,852.622269,852.622269,0.0,1,0,1704437299
2024-01-04,0xb4885bc63399bf5518b994c1d0c153334ee579d0,10694,0x04490dc0f52a97ef2d6ea0c4d9edbcde8c8546cc,0.0,0.0,52453.250502,0,1,1704455761
2024-01-04,0xb4885bc63399bf5518b994c1d0c153334ee579d0,10729,0x08af6878fbfe12bc1636aeb0c52d5d52be967962,1.604689,1.604689,0.0,1,0,1704721461
2024-01-04,0xb4885bc63399bf5518b994c1d0c153334ee579d0,10735,0x96f6e4c35c36c0c8276f1bc1d0d5ed581401c608,604.847182,604.847182,8150.583999,1,1,1704861463
2024-01-04,0xb4885bc63399bf5518b994c1d0c153334ee579d0,10779,0x5d4f22f6d43828eda31f8b4c73d9567c173a3fff,5749.64374,5749.64374,0.0,1,0,1704334349
2024-01-04,0xb4885bc63399bf5518b994c1d0c153334ee579d0,10818,0xd564e5f05a781f4723d28080eb892f1db3ae1d33,1393.726571,1393.726571,0.0,1,0,1704611205
2024-01-04,0xb4885bc63399bf5518b994c1d0c153334ee579d0,10839,0x72421bcbd0bc46fdda98f29505177cf09b710cd8,747.593387,747.593387,0.0,1,0,1704385573
2024-01-04,0xb4885bc63399bf5518b994c1d0c153334ee579d0,10844,0xdc8a41cf628dca998ed225f433f5dc9a3638c206,49.337349,49.337349,0.0,1,0,1704401257
2024-01-04,0xb4885bc63399bf5518b994c1d0c153334ee579d0,10852,0x3426316b1eb507bf2bdfe37b97c7e4456cb8b49b,45.265998,45.265998,0.0,1,0,1704447233
2024-01-04,0xb4885bc63399bf5518b994c1d0c153334ee579d0,10855,0x35441a1d8a44016b86de9d64aeb894a5748146f8,119.918295,119.918295,0.0,1,0,1704453679
2024-01-04,0xb4885bc63399bf5518b994c1d0c153334ee579d0,10858,0x6be504ca1a913733953194ef999029ace1a49e06,583.280774,583.280774,0.0,1,0,1704458661
2024-01-04,0xb4885bc63399bf5518b994c1d0c153334ee579d0,10875,0x4f60c1e4c0a7938013e0c6dcacd05ea8d2a20105,1.23764,1.23764,0.0,1,0,1704551831
2024-01-04,0xb4885bc63399bf5518b994c1d0c153334ee579d0,10876,0x74c106cbe16ed6a8d5db48b2b2fbfe2174186204,0.300527,0.300527,0.0,1,0,1704552103
2024-01-04,0xb4885bc63399bf5518b994c1d0c153334ee579d0,10877,0x6f9449a07cfe89fd8a6e040a0c9d8eecfeb6f3fc,0.497733,0.497733,0.0,1,0,1704552837
2024-01-04,0xb4885bc63399bf5518b994c1d0c153334ee579d0,10891,0x92616db33b534e8f2c5281396cb9c1dd88470365,0.273659,0.273659,0.0,1,0,1704595955
2024-01-04,0xb4885bc63399bf5518b994c1d0c153334ee579d0,10895,0x1ab06ddddc7176b968d9a7403335983be069e730,1.003117,1.003117,0.0,1,0,1704614857
2024-01-04,0xb4885bc63399bf5518b994c1d0c153334ee579d0,10900,0x8635a5bf892161027d50368f18e367c4217b6fa7,12.41073,12.41073,0.0,1,0,1704660495
2024-01-04,0xb4885bc63399bf5518b994c1d0c153334ee579d0,10903,0x37d893705acea43cdeb3423de8e66464fb295daa,341.908804,341.908804,0.0,1,0,1704677187
2024-01-04,0xb4885bc63399bf5518b994c1d0c153334ee579d0,10919,0x1cf8da0110f4cb8924aa4eba7ef3a04430897c05,507.916871,507.916871,0.0,1,0,1704751073
2024-01-04,0xb4885bc63399bf5518b994c1d0c153334ee579d0,10933,0xa07d83334758af046dbcee6991e341c0e061d121,1296.710518,1296.710518,0.0,1,0,1704787781
2024-01-04,0xb4885bc63399bf5518b994c1d0c153334ee579d0,10934,0x5fa5d55f11ba187d4c318b21a2c1b67714b5a9e4,225.665004,225.665004,0.0,1,0,1704788737
2024-01-04,0xb4885bc63399bf5518b994c1d0c153334ee579d0,10935,0x3dddc6e52ae99582fe2f40dc990175ed91dcc9ce,6.239551,6.239551,0.0,1,0,1704796495
2024-01-04,0xb4885bc63399bf5518b994c1d0c153334ee579d0,10937,0x7a53e106d5519afdbea37b03ba794b0e7b8f7cbf,199657.862443,199657.862443,0.0,1,0,1704801393
2024-01-04,0xb4885bc63399bf5518b994c1d0c153334ee579d0,10942,0xbd584812c7aaeb901e8424725065cb0716b9264f,982.540819,982.540819,0.0,1,0,1704815421
2024-01-04,0xb4885bc63399bf5518b994c1d0c153334ee579d0,10959,0xacbe1fc97ced05874d2ee6993d92066fe3ec011f,29.364467,29.364467,0.0,1,0,1704870123
2024-01-04,0xb4885bc63399bf5518b994c1d0c153334ee579d0,10960,0x98c591f5a409fbe00345be802e40af9f569e2646,7.577817,7.577817,0.0,1,0,1704873815
2024-01-04,0xb5e331615fdba7df49e05cdeaceb14acdd5091c3,43,0x2ddb405238368695f34d30a80ab60c449aa5ce48,0.0,0.0,121906.301825,0,1,1704915295
2024-01-04,0xb5e331615fdba7df49e05cdeaceb14acdd5091c3,80,0x34f543a73dcb1a4bcbae71e5dd41fcc1b5c17bf7,0.0,0.0,414349.720895,0,1,1704849095
2024-01-04,0xb5e331615fdba7df49e05cdeaceb14acdd5091c3,114,0x611b0c1ed942b833c786c53883a4aa37a25602a6,0.0,0.0,117606.006276,0,1,1704898687
2024-01-04,0xb5e331615fdba7df49e05cdeaceb14acdd5091c3,151,0x5275817b74021e97c980e95ede6bbac0d0d6f3a2,0.0,0.0,31890.713953,0,1,1704905469
2024-01-04,0xb5e331615fdba7df49e05cdeaceb14acdd5091c3,175,0x8d40f0992ad97612da0791cf97ba59addb26a2b4,0.0,0.0,234958.50686,0,1,1704395429
2024-01-04,0xb5e331615fdba7df49e05cdeaceb14acdd5091c3,190,0x48d18a882b0be145606a11fce6f8a301256b93fa,0.0,0.0,53225.951564,0,1,1704926997
2024-01-04,0xb5e331615fdba7df49e05cdeaceb14acdd5091c3,203,0x637fceaf3e5289d2b396b831335e7d8a180c5656,0.0,0.0,38078.565687,0,1,1704926293
2024-01-04,0xb5e331615fdba7df49e05cdeaceb14acdd5091c3,209,0xfcbb477ec276476b6029ed0467f28f5ac1712884,0.0,0.0,210588.51117,0,1,1704917563
2024-01-04,0xb5e331615fdba7df49e05cdeaceb14acdd5091c3,277,0x68acb2051b73c2342be78cd1a7e5ca44483d10c5,0.0,0.0,30296.471714,0,1,1704927397
2024-01-04,0xb5e331615fdba7df49e05cdeaceb14acdd5091c3,299,0x26553884cee0bb96f4ecea4de3ed52d88d3f2efc,0.0,0.0,54889.54925,0,1,1704924749
2024-01-04,0xb5e331615fdba7df49e05cdeaceb14acdd5091c3,303,0xab12253171a0d73df64b115cd43fe0a32feb9daa,0.0,0.0,26987.129202,0,1,1704898067
2024-01-04,0xb5e331615fdba7df49e05cdeaceb14acdd5091c3,331,0x5181cdf1bb20da04ba788f82989f29e65b67314a,0.0,0.0,102110.191625,0,1,1704915887
2024-01-04,0xb5e331615fdba7df49e05cdeaceb14acdd5091c3,364,0xe7b27bd74f522afa05732ba82b2f46a38d4be098,0.0,0.0,19537.605105,0,1,1704904299
2024-01-04,0xb5e331615fdba7df49e05cdeaceb14acdd5091c3,389,0x879d4cf44d51661f991bb3695cc61599d33847c2,0.0,0.0,33804.472319,0,1,1704927525
2024-01-04,0xb5e331615fdba7df49e05cdeaceb14acdd5091c3,512,0x3b1b211b3fce0d1ee9f5e1afeecadeb98378d0b0,10769.358898,10769.358898,10769.358898,1,1,1704893947
2024-01-04,0xb5e331615fdba7df49e05cdeaceb14acdd5091c3,518,0x2221ceace30dbae7e209888452d29e711cb5741d,0.0,0.0,42347.761356,0,1,1704919201
2024-01-04,0xb5e331615fdba7df49e05cdeaceb14acdd5091c3,536,0xf6ed81d5e9f61dd1ea21e96ae1d660ecc388ae4f,0.0,0.0,16307.519013,0,1,1704900951
2024-01-04,0xb5e331615fdba7df49e05cdeaceb14acdd5091c3,758,0x8ccfcfa7e6133e0875192974d0d857fb7a28375e,0.0,0.0,2689.913146,0,1,1704912207
2024-01-04,0xb5e331615fdba7df49e05cdeaceb14acdd5091c3,761,0xe4495842d915738d659609727a51e39d15b66778,12194.951514,48779.806055,48779.806055,4,4,1704923597
2024-01-04,0xb5e331615fdba7df49e05cdeaceb14acdd5091c3,795,0xa1bf240a6b4b54b77497cd3d741f385e0f5b5199,0.0,0.0,10998.084659,0,1,1704925899
2024-01-04,0xb5e331615fdba7df49e05cdeaceb14acdd5091c3,827,0xe2952771c80d9b9c77a32e47d985bb3ff4e5a93d,13720.336425,13720.336425,0.0,1,0,1704776417
2024-01-04,0xb5e331615fdba7df49e05cdeaceb14acdd5091c3,871,0x712a81b587abcaa64ea8ff2f0201f2379bf120e7,18826.031052,18826.031052,18798.64551,1,1,1704370269
2024-01-04,0xb5e331615fdba7df49e05cdeaceb14acdd5091c3,887,0x50fa50fa2032d85eb2dda303929bf56886aa9afb,18556.152027,18556.152027,0.0,1,0,1704458653
2024-01-04,0xb5e331615fdba7df49e05cdeaceb14acdd5091c3,921,0xa2f07232275cdf8463a5115723c9d73085a2fc17,11904.767422,11904.767422,0.0,1,0,1704776245
2024-01-04,0xb5e331615fdba7df49e05cdeaceb14acdd5091c3,929,0xfaeaad01421b3acfd3bdcbface76d5038f4ce665,0.0,0.0,16962.522212,0,1,1704900057
2024-01-04,0xb5e331615fdba7df49e05cdeaceb14acdd5091c3,955,0x9cb016669c235ccebcd2fbbffa2d8d3a2247b02c,0.0,0.0,8205.632025,0,1,1704913395
2024-01-04,0xb5e331615fdba7df49e05cdeaceb14acdd5091c3,1005,0xceeeb61e596f0bae44b791f3f1655501df7fa045,0.0,0.0,7744.019152,0,1,1704896461
2024-01-04,0xb5e331615fdba7df49e05cdeaceb14acdd5091c3,1053,0x3216a8a03b07b6b19cbc21d62c8942e625fc3e07,0.0,0.0,10361.852397,0,1,1704886385
2024-01-04,0xb5e331615fdba7df49e05cdeaceb14acdd5091c3,1056,0xeb4576fe753dab07635c0bb6c8f0a355e1db5d31,0.0,0.0,10613.375241,0,1,1704862225
2024-01-04,0xb5e331615fdba7df49e05cdeaceb14acdd5091c3,1086,0x14da174fab1356466af2dd0ecdf94204e828a732,13114.028969,13114.028969,13114.028969,1,1,1704924953
2024-01-04,0xb5e331615fdba7df49e05cdeaceb14acdd5091c3,1346,0x103a1f94bc38313af8724777da71201e40adef5a,8841.260582,8841.260582,8841.260582,1,1,1704926715
2024-01-04,0xb5e331615fdba7df49e05cdeaceb14acdd5091c3,1618,0x8b478359b5593747473e67f78b1f0048c1c523ed,0.0,0.0,25287.876801,0,1,1704889299
2024-01-04,0xb5e331615fdba7df49e05cdeaceb14acdd5091c3,1937,0x9f05a7a5d012321d06a501a671ce3ae85bcd551f,0.0,0.0,4474.209713,0,1,1704823313
2024-01-04,0xb5e331615fdba7df49e05cdeaceb14acdd5091c3,1940,0x86a8b6a2d5a201ab8afe8e8b97b777a6c92b5790,0.0,0.0,4459.129848,0,1,1704919305
2024-01-04,0xb5e331615fdba7df49e05cdeaceb14acdd5091c3,1960,0x0de4348c28c4e9ef19d5faf4024ef6653c326ec8,4402.545184,4402.545184,4402.545184,1,1,1704925209
2024-01-04,0xb5e331615fdba7df49e05cdeaceb14acdd5091c3,1980,0x48fb55ed1fb62ed26274fb805f6444bea97c1f28,0.0,0.0,4306.143965,0,1,1704880489
2024-01-04,0xb5e331615fdba7df49e05cdeaceb14acdd5091c3,2013,0x6aef48ea854bc0e805232cecbab2fab592037c19,0.0,0.0,4231.167593,0,1,1704886859
2024-01-04,0xb5e331615fdba7df49e05cdeaceb14acdd5091c3,2048,0x2b83ac024b0a4ba3f93776cacb61d98310614afe,0.0,0.0,4733.601467,0,1,1704854553
2024-01-04,0xb5e331615fdba7df49e05cdeaceb14acdd5091c3,2055,0x264827b8dd1ca3ef6afb080241b3d3d8de8178b3,0.0,0.0,5585.633567,0,1,1704927481
2024-01-04,0xb5e331615fdba7df49e05cdeaceb14acdd5091c3,2210,0x9f05a7a5d012321d06a501a671ce3ae85bcd551f,0.0,0.0,3789.172824,0,1,1704823331
2024-01-04,0xb5e331615fdba7df49e05cdeaceb14acdd5091c3,2362,0xbaa9b493bccbe1a900b39870980f41356f85822a,0.0,0.0,6419.382161,0,1,1704900145
2024-01-04,0xb5e331615fdba7df49e05cdeaceb14acdd5091c3,2443,0x6c478ceb0c323eacbbac0bc3aca176d1c7c7e9a4,0.0,0.0,3315.064814,0,1,1704885403
2024-01-04,0xb5e331615fdba7df49e05cdeaceb14acdd5091c3,2877,0x6f6cbac3fc494e57da3b53977fa9872c8fc74987,0.0,0.0,2246.84961,0,1,1704861841
2024-01-04,0xb5e331615fdba7df49e05cdeaceb14acdd5091c3,3096,0x8ee25bb8d6777c21ceffdea20583856c620dcae1,1811.12502,1811.12502,1811.12502,1,1,1704925731
2024-01-04,0xb5e331615fdba7df49e05cdeaceb14acdd5091c3,4011,0x6322872f335dde0d4b44537f69fbae74bbed39de,81.644249,81.644249,0.0,1,0,1704812733
2024-01-04,0xb5e331615fdba7df49e05cdeaceb14acdd5091c3,4437,0xf16d62012ee210af984b816a6c8c0cc47eeb65e4,0.0,0.0,541.987738,0,1,1704795959
2024-01-04,0xb5e331615fdba7df49e05cdeaceb14acdd5091c3,7651,0x7e4cbd9030b814c364b6b57128e5868797436d51,125.264626,125.264626,25.052925,1,1,1704595795
2024-01-04,0xb5e331615fdba7df49e05cdeaceb14acdd5091c3,8395,0x5181cdf1bb20da04ba788f82989f29e65b67314a,0.0,0.0,16293.7528,0,1,1704915901
2024-01-04,0xb5e331615fdba7df49e05cdeaceb14acdd5091c3,8460,0xd1a0b66835d830e9ada42eef436f3aa8005b20b5,0.0,0.0,40809.149227,0,1,1704922253
2024-01-04,0xb5e331615fdba7df49e05cdeaceb14acdd5091c3,9199,0xdab85506424396fb090d84b64ad63b770d87c028,0.0,0.0,151025.961636,0,1,1704851815
2024-01-04,0xb5e331615fdba7df49e05cdeaceb14acdd5091c3,9407,0x6f1d6b86d4ad705385e751e6e88b0fdfdbadf298,0.0,0.0,1121466.08414,0,1,1704757621
2024-01-04,0xb5e331615fdba7df49e05cdeaceb14acdd5091c3,9639,0x0ea01228dea7d3e04811cf0ce05fb219773d72ca,0.0,0.0,256.42741,0,1,1704680823
2024-01-04,0xb5e331615fdba7df49e05cdeaceb14acdd5091c3,9747,0xdab85506424396fb090d84b64ad63b770d87c028,0.0,0.0,100500.423778,0,1,1704851839
2024-01-04,0xb5e331615fdba7df49e05cdeaceb14acdd5091c3,10005,0x6f1d6b86d4ad705385e751e6e88b0fdfdbadf298,0.0,0.0,146486.761915,0,1,1704757755
2024-01-04,0xb5e331615fdba7df49e05cdeaceb14acdd5091c3,10060,0x92aa6c4ebedc4e57af43b799c27d40a74d35c2bf,2.428034,2.428034,0.0,1,0,1704588047
2024-01-04,0xb5e331615fdba7df49e05cdeaceb14acdd5091c3,10224,0x0404a256b583ce02c43d36e60945f57bc7bfb0aa,0.0,0.0,1713.132352,0,1,1704364921
2024-01-04,0xb5e331615fdba7df49e05cdeaceb14acdd5091c3,10252,0xdab85506424396fb090d84b64ad63b770d87c028,0.0,0.0,15695.568961,0,1,1704851859
2024-01-04,0xb5e331615fdba7df49e05cdeaceb14acdd5091c3,10294,0x48a6a8d403a58eccc70d4d57347f801d4e182564,2002913.565448,2002913.565448,3499999.999407,1,1,1704913363
2024-01-04,0xb5e331615fdba7df49e05cdeaceb14acdd5091c3,10295,0xc875b3dae5b0c371bc8cf9ded64868b78ac47587,732337.194756,732337.194756,0.0,1,0,1704913979
2024-01-04,0xb5e331615fdba7df49e05cdeaceb14acdd5091c3,10296,0x03c70563e94de5de56c11a0cc4ce3482f592854f,1909401.069645,1909401.069645,2539392.695256,1,1,1704929195
2024-01-04,0xb5e331615fdba7df49e05cdeaceb14acdd5091c3,10298,0xc9814f18a8751214f719de15c54d01b3d78ef14f,363242.132112,54125680.510608,54262438.378948,110,110,1704929143
2024-01-04,0xb5e331615fdba7df49e05cdeaceb14acdd5091c3,10439,0x6f1d6b86d4ad705385e751e6e88b0fdfdbadf298,1415341.307046,1415341.307046,0.0,1,0,1704836581
2024-01-04,0xb5e331615fdba7df49e05cdeaceb14acdd5091c3,10628,0xa70eb3c073d4ddc52ca0546c072e4d2f6ee21582,0.0,0.0,1.055313,0,1,1704406725
2024-01-04,0xb5e331615fdba7df49e05cdeaceb14acdd5091c3,10657,0x892176d784bed3dc877a62f3ff9fc091377b2a49,0.989558,0.989558,0.0,1,0,1704873411
2024-01-04,0xb5e331615fdba7df49e05cdeaceb14acdd5091c3,10865,0x92d0ab04a2d7d117adeddc7d7777ce8ff4baaf10,3.990631,3.990631,0.0,1,0,1704489225
2024-01-04,0xb5e331615fdba7df49e05cdeaceb14acdd5091c3,10877,0x6f9449a07cfe89fd8a6e040a0c9d8eecfeb6f3fc,0.248866,0.248866,0.0,1,0,1704552837
2024-01-04,0xb5e331615fdba7df49e05cdeaceb14acdd5091c3,10903,0x37d893705acea43cdeb3423de8e66464fb295daa,341.908804,341.908804,0.0,1,0,1704677187
2024-01-04,0xb5e331615fdba7df49e05cdeaceb14acdd5091c3,10922,0x089f703993f0aeaab1e5fe6a800f3fd09e7745f3,28.511403,28.511403,0.0,1,0,1704756133
2024-01-04,0xb5e331615fdba7df49e05cdeaceb14acdd5091c3,10960,0x98c591f5a409fbe00345be802e40af9f569e2646,7.577817,7.577817,0.0,1,0,1704873815
2024-01-04,0xb680190fb16f417647e69d6a84719ae9c7e5e20a,68,0x132e47cf2c19ec2d8dd56e1528fc7e18dc09188f,23240.83731,23240.83731,21612.12291,1,1,1704921047
2024-01-04,0xb680190fb16f417647e69d6a84719ae9c7e5e20a,2981,0x2187119e30603d27b59c8fda7ac1a695a669203c,2002.64827,2002.64827,0.0,1,0,1704925451
2024-01-04,0xb680190fb16f417647e69d6a84719ae9c7e5e20a,3073,0xb0be01cf3a5cde8a86e1a39367ea997f5dd08372,0.0,0.0,1841.147943,0,1,1704881377
2024-01-04,0xb905d9195019778cfbaa4e9ed90df3fc5871cd9a,24,0x208a17c5fabe5b90282e5906945ff335e39326c4,3686.327955,3686.327955,0.0,1,0,1704918173
2024-01-04,0xb905d9195019778cfbaa4e9ed90df3fc5871cd9a,67,0x8ce17ff2c7376e9adfe9c63c47a801097fa6c525,109298.786848,109298.786848,0.0,1,0,1704918343
2024-01-04,0xb905d9195019778cfbaa4e9ed90df3fc5871cd9a,68,0x132e47cf2c19ec2d8dd56e1528fc7e18dc09188f,136710.807707,136710.807707,94528.255488,1,1,1704921047
2024-01-04,0xb905d9195019778cfbaa4e9ed90df3fc5871cd9a,105,0x208a17c5fabe5b90282e5906945ff335e39326c4,10457.38511,10457.38511,0.0,1,0,1704917695
2024-01-04,0xb905d9195019778cfbaa4e9ed90df3fc5871cd9a,163,0x7ed7888f3bf70ed07f94fd7381d39476928331f7,139045.327892,139045.327892,0.0,1,0,1704915697
2024-01-04,0xb905d9195019778cfbaa4e9ed90df3fc5871cd9a,178,0x8dc80a1b59b2d81ae0f1653f9901922507ee9978,230510.809989,230510.809989,0.0,1,0,1704921137
2024-01-04,0xb905d9195019778cfbaa4e9ed90df3fc5871cd9a,190,0x48d18a882b0be145606a11fce6f8a301256b93fa,106606.980422,106606.980422,0.0,1,0,1704926997
2024-01-04,0xb905d9195019778cfbaa4e9ed90df3fc5871cd9a,405,0x2f707265e61300e8290c18e38ebcbd129fb0b0f5,0.0,0.0,135189.958034,0,1,1704920441
2024-01-04,0xb905d9195019778cfbaa4e9ed90df3fc5871cd9a,502,0x66f920658396f4c3642a32f6b5d5b65c3d6349db,0.0,0.0,29923.998057,0,1,1704906775
2024-01-04,0xb905d9195019778cfbaa4e9ed90df3fc5871cd9a,946,0x4523b791292da89a9194b61ba4cd9d98f2af68e0,8319.170166,8319.170166,0.0,1,0,1704923239
2024-01-04,0xb905d9195019778cfbaa4e9ed90df3fc5871cd9a,1224,0xb002d5e8ea1c7db3dfed5aaf33ebcdef890d20d4,10650.047305,10650.047305,0.0,1,0,1704926987
2024-01-04,0xb905d9195019778cfbaa4e9ed90df3fc5871cd9a,1321,0x42fcdf3b9597e46121b194c7911faf0ab2f6ea43,9067.133905,9067.133905,0.0,1,0,1704925351
2024-01-04,0xb905d9195019778cfbaa4e9ed90df3fc5871cd9a,1364,0xc62f2483eed109d42c78147ea618d858578103d8,3987.273438,3987.273438,0.0,1,0,1704926539
2024-01-04,0xb905d9195019778cfbaa4e9ed90df3fc5871cd9a,1595,0x6532a7c47b033e83eac702b2baecdb8b834558de,0.0,0.0,6632.037629,0,1,1704463221
2024-01-04,0xb905d9195019778cfbaa4e9ed90df3fc5871cd9a,2009,0x33ec34b1b4bfcdc9b5e37ba4ab02f6e993a457ae,4418.904985,4418.904985,0.0,1,0,1704925269
2024-01-04,0xb905d9195019778cfbaa4e9ed90df3fc5871cd9a,2089,0x6bcb9ec9686aeb3b2fd854f036d3f24fd48eabba,0.0,0.0,3748.649579,0,1,1704411703
2024-01-04,0xb905d9195019778cfbaa4e9ed90df3fc5871cd9a,2693,0xb721262e075ad4073ebe4560161a88fef8c82dcd,3083.751682,3083.751682,0.0,1,0,1704924401
2024-01-04,0xb905d9195019778cfbaa4e9ed90df3fc5871cd9a,3461,0x08f83e8860912f8c8186461ea00db5f6030c70f6,2490.539076,2490.539076,0.0,1,0,1704925847
2024-01-04,0xb905d9195019778cfbaa4e9ed90df3fc5871cd9a,3580,0xcc71d2ff046b1464fa39f5d1108695d92d01767e,592.242557,592.242557,0.0,1,0,1704926493
2024-01-04,0xb905d9195019778cfbaa4e9ed90df3fc5871cd9a,4644,0x54bf5834b8ac11a33f98dd3283e496d89768f490,1096.74912,1096.74912,0.0,1,0,1704926139
2024-01-04,0xb905d9195019778cfbaa4e9ed90df3fc5871cd9a,5605,0x2b0d2cbcc667631afca6d50dc20a6cc23d9b08e4,0.0,0.0,368.753563,0,1,1704868213
2024-01-04,0xb905d9195019778cfbaa4e9ed90df3fc5871cd9a,5660,0x856980373f9f8b8f6d7846533419b5be34500b2f,0.0,0.0,367.329564,0,1,1704898659
2024-01-04,0xb905d9195019778cfbaa4e9ed90df3fc5871cd9a,6151,0x6bd46edb7ebb742dd6fa514491b80241d2d83a57,160.417396,160.417396,0.0,1,0,1704924585
2024-01-04,0xb905d9195019778cfbaa4e9ed90df3fc5871cd9a,6169,0xe172bd02f842e98183cdbb8294bf23f625588d9e,0.0,0.0,352.63917,0,1,1704413347
2024-01-04,0xb905d9195019778cfbaa4e9ed90df3fc5871cd9a,8389,0x4ccfeb186c61217f05d8756314c600089b27a1c3,4760.635452,4760.635452,0.0,1,0,1704926119
2024-01-04,0xb905d9195019778cfbaa4e9ed90df3fc5871cd9a,9911,0xa4e057e58a11de90f6e63dc9b6c51025bd2c9646,41033.327272,41033.327272,0.0,1,0,1704926791
2024-01-04,0xb905d9195019778cfbaa4e9ed90df3fc5871cd9a,10295,0xc875b3dae5b0c371bc8cf9ded64868b78ac47587,244112.398252,244112.398252,999999.988225,1,1,1704913979
2024-01-04,0xb905d9195019778cfbaa4e9ed90df3fc5871cd9a,10296,0x03c70563e94de5de56c11a0cc4ce3482f592854f,318233.511608,318233.511608,423232.115876,1,1,1704929195
2024-01-04,0xb905d9195019778cfbaa4e9ed90df3fc5871cd9a,10298,0xc9814f18a8751214f719de15c54d01b3d78ef14f,60540.355352,60540.355352,0.0,1,0,1704929143
2024-01-04,0xbbf71aad6e1f8d180d3b1d898528654c1d18b2ff,6,0x28aa4f9ffe21365473b64c161b566c3cdead0108,5141405.504047,5141405.504047,5528843.910836,1,1,1704861071
2024-01-04,0xbbf71aad6e1f8d180d3b1d898528654c1d18b2ff,242,0xa0eb44b173af64f2fdb47c7d76ff3a33e04103b6,0.0,0.0,177924.566063,0,1,1704925877
2024-01-04,0xbbf71aad6e1f8d180d3b1d898528654c1d18b2ff,1005,0xceeeb61e596f0bae44b791f3f1655501df7fa045,0.0,0.0,7744.019152,0,1,1704896461
2024-01-04,0xbbf71aad6e1f8d180d3b1d898528654c1d18b2ff,1246,0x9dd0a901019a1cbf910793cbbd365ca4f77dbb12,10591.205667,10591.205667,0.0,1,0,1704464593
2024-01-04,0xbbf71aad6e1f8d180d3b1d898528654c1d18b2ff,1363,0x43d16ccd581e1d6a8d51768f75ddf09b79f4f856,0.0,0.0,2172.722996,0,1,1704908401
2024-01-04,0xbbf71aad6e1f8d180d3b1d898528654c1d18b2ff,1919,0xa0eb44b173af64f2fdb47c7d76ff3a33e04103b6,0.0,0.0,4571.710728,0,1,1704358545
2024-01-04,0xbbf71aad6e1f8d180d3b1d898528654c1d18b2ff,2596,0x261e1f4667e750b2f3895b2c0c9a4ddadfed5835,0.0,0.0,16179.27877,0,1,1704899859
2024-01-04,0xbbf71aad6e1f8d180d3b1d898528654c1d18b2ff,6168,0xe6b7775e47507a45184ae31122e91de586652ed4,0.0,0.0,621.131126,0,1,1704900403
2024-01-04,0xbbf71aad6e1f8d180d3b1d898528654c1d18b2ff,6777,0xee6c29d19ac7f94a2d100a9a6bac8491d1c5bad8,1183.948283,1183.948283,1189.150232,1,1,1704365599
2024-01-04,0xbbf71aad6e1f8d180d3b1d898528654c1d18b2ff,7152,0xb75d6fe6723290677a4f7141307e3ff6d7509711,0.0,0.0,444.959337,0,1,1704820419
2024-01-04,0xbbf71aad6e1f8d180d3b1d898528654c1d18b2ff,9561,0x099b9c7ce4689068ac6206ecdc0d41d9d016937a,0.976288,0.976288,0.0,1,0,1704784537
2024-01-04,0xbbf71aad6e1f8d180d3b1d898528654c1d18b2ff,10394,0x7c33045858b3ca7440e79f3fccaa8ff2ec067d2f,725.348947,725.348947,0.0,1,0,1704880023
2024-01-04,0xbbf71aad6e1f8d180d3b1d898528654c1d18b2ff,10849,0xb5687c5ac13eea05bc1285dbe837192dd028be81,38.491485,38.491485,0.0,1,0,1704415251
2024-01-04,0xc3b5ac236fb5abe245310feca2526f89667d4cae,2933,0x42720f03a242c19794c41f3917e2f3a2027eb96a,0.0,0.0,2106.475798,0,1,1704405255
2024-01-04,0xcc79bfa7a3212d94390c358e88afcd39294549ca,930,0x8efd9addd8de6a4e64664d1893dec51f8c3339e9,8480.536609,8480.536609,0.0,1,0,1704731047
2024-01-04,0xcc79bfa7a3212d94390c358e88afcd39294549ca,1302,0x764f4909251f81976a0a2dcebce95333e4c27517,3955.76381,3955.76381,0.0,1,0,1704454025
2024-01-04,0xcc79bfa7a3212d94390c358e88afcd39294549ca,1598,0x8643c722031a05fcbb12212804693b81ccf5a4d5,6608.691257,6608.691257,0.0,1,0,1704826341
2024-01-04,0xcc79bfa7a3212d94390c358e88afcd39294549ca,2538,0x20c0c2c9b00eeb2513225ce2df83af0dba9b4a81,3211.901071,3211.901071,0.0,1,0,1704767143
2024-01-04,0xcc79bfa7a3212d94390c358e88afcd39294549ca,10526,0xfb4a7f3b61e66f2ffce84415eb39aaf3ab2a024c,12051.723921,12051.723921,0.0,1,0,1704745187
2024-01-04,0xcdac0d6c6c59727a65f871236188350531885c43,441,0xdceb0bb3311342e3ce9e49f57affce9deac40ba1,14237.29876,14237.29876,0.0,1,0,1704330561
2024-01-04,0xcdac0d6c6c59727a65f871236188350531885c43,760,0xdbab0b75921e3008fd0bb621a8248d969d2d2f0d,0.0,0.0,24457.758091,0,1,1704665031
2024-01-04,0xcdac0d6c6c59727a65f871236188350531885c43,930,0x8efd9addd8de6a4e64664d1893dec51f8c3339e9,4240.268305,4240.268305,8406.480847,1,1,1704731047
2024-01-04,0xcdac0d6c6c59727a65f871236188350531885c43,2214,0xbf4101e500419cd28c662adadad14eda897729ac,0.0,0.0,3903.170534,0,1,1704861049
2024-01-04,0xcdac0d6c6c59727a65f871236188350531885c43,2434,0xd2d0b9e9168790ec17ac1dfbedaed5ee2380fe6b,0.0,0.0,3541.772709,0,1,1704924373
2024-01-04,0xcdac0d6c6c59727a65f871236188350531885c43,2684,0x2d6b114c77f3355f204c37f657c680157e85dfa5,0.0,0.0,2995.268748,0,1,1704804781
2024-01-04,0xcdac0d6c6c59727a65f871236188350531885c43,3500,0x839537454e13afeb1ad0d1b445ad530c994d26ba,0.0,0.0,1332.210489,0,1,1704863065
2024-01-04,0xcdac0d6c6c59727a65f871236188350531885c43,3981,0x50bbf827267c4e920b512f8aa6c1c9d1a465a128,0.0,0.0,897.727015,0,1,1704372609
2024-01-04,0xcdac0d6c6c59727a65f871236188350531885c43,5920,0x85034869af0ff81e3d1a9f2d1f4d04604b43ef3d,0.0,0.0,359.227676,0,1,1704696815
2024-01-04,0xcdac0d6c6c59727a65f871236188350531885c43,7651,0x7e4cbd9030b814c364b6b57128e5868797436d51,125.264626,125.264626,50.105851,1,1,1704595795
2024-01-04,0xcdac0d6c6c59727a65f871236188350531885c43,9561,0x099b9c7ce4689068ac6206ecdc0d41d9d016937a,0.976288,0.976288,0.0,1,0,1704784537
2024-01-04,0xcdac0d6c6c59727a65f871236188350531885c43,9707,0x60034a6d90f54d3bbc3188033fd08b1a146802ba,1574.024244,1574.024244,1282.134378,1,1,1704905041
2024-01-04,0xcdac0d6c6c59727a65f871236188350531885c43,10080,0x80b9f11600a39f3a4165468614b0e2b0365cc1d4,0.0,0.0,95.346102,0,1,1704428059
2024-01-04,0xcdac0d6c6c59727a65f871236188350531885c43,10297,0x6a941fe89cac5f440bb14e5286ad3e38ca3f2d39,27397041.935072,27397041.935072,10942875.382223,1,1,1704913761
2024-01-04,0xcdac0d6c6c59727a65f871236188350531885c43,10630,0xdaaffba0ab113acbee5c65ecdcccdc60aaf7d110,792.596204,792.596204,0.0,1,0,1704896729
2024-01-04,0xcdac0d6c6c59727a65f871236188350531885c43,10849,0xb5687c5ac13eea05bc1285dbe837192dd028be81,38.491485,38.491485,0.0,1,0,1704415251
2024-01-04,0xd266fb3e928b2a5f631b072a79fd5b82704ba983,68,0x132e47cf2c19ec2d8dd56e1528fc7e18dc09188f,8202.648462,8202.648462,8104.546091,1,1,1704921047
2024-01-04,0xd266fb3e928b2a5f631b072a79fd5b82704ba983,3491,0x71c1bffe933698f39b03c6c7545dfb193c4c8b86,0.0,0.0,1313.782706,0,1,1704927065
2024-01-04,0xeff0891e5a1bd47a8f1e77abebfee4145974d088,25,0xf1c4f79dd91d63bb4f22093270140697d5286200,176588.731009,176588.731009,176092.372655,1,1,1704702697
2024-01-04,0xeff0891e5a1bd47a8f1e77abebfee4145974d088,139,0xa04275c10f39e8675a34e147e2ef78d35129f2b6,83754.606001,83754.606001,0.0,1,0,1704897857
2024-01-04,0xeff0891e5a1bd47a8f1e77abebfee4145974d088,182,0xed5847639328edd38e7ce934442ff4ee8e714f7c,224546.447839,224546.447839,0.0,1,0,1704902335
2024-01-04,0xeff0891e5a1bd47a8f1e77abebfee4145974d088,667,0xe95ab07a55e8489fe8e81e3281c8b3fd95c7d8af,15599.848821,15599.848821,0.0,1,0,1704890355
2024-01-04,0xeff0891e5a1bd47a8f1e77abebfee4145974d088,929,0xfaeaad01421b3acfd3bdcbface76d5038f4ce665,17046.01407,17046.01407,0.0,1,0,1704900057
2024-01-04,0xeff0891e5a1bd47a8f1e77abebfee4145974d088,1491,0xd608fb109124da6d3e8eca45d789ecaf8641ea77,7489.143466,7489.143466,0.0,1,0,1704898541
2024-01-04,0xeff0891e5a1bd47a8f1e77abebfee4145974d088,1589,0x814b453a15806ca1b7eab9de64658f062463ae4b,6690.824477,6690.824477,0.0,1,0,1704885183
2024-01-04,0xeff0891e5a1bd47a8f1e77abebfee4145974d088,1914,0xcaeeac120121a33c5c232619a2616e306e329cd7,8892.839823,8892.839823,0.0,1,0,1704883677
2024-01-04,0xeff0891e5a1bd47a8f1e77abebfee4145974d088,1973,0x0a27f53e3d044465d07607ef7a048e71809f295e,4357.451135,4357.451135,0.0,1,0,1704831407
2024-01-04,0xeff0891e5a1bd47a8f1e77abebfee4145974d088,2071,0x078b8ff955e3cf77550bf2f2edfc0aacbc29adc6,4322.988233,4322.988233,0.0,1,0,1704853203
2024-01-04,0xeff0891e5a1bd47a8f1e77abebfee4145974d088,2080,0x868cbfd33ec93b451c510125e4d9f1ab1e42fcd2,4096.836316,4096.836316,0.0,1,0,1704839633
2024-01-04,0xeff0891e5a1bd47a8f1e77abebfee4145974d088,2276,0x53a385d47d3a011539ec377f53acb410f53ff97d,1291.493489,1291.493489,0.0,1,0,1704897357
2024-01-04,0xeff0891e5a1bd47a8f1e77abebfee4145974d088,2440,0xb77720da0d7b6cd67ada573f3acec25b89b889b4,3366.870509,3366.870509,0.0,1,0,1704735181
2024-01-04,0xeff0891e5a1bd47a8f1e77abebfee4145974d088,2463,0x2f9035f14d9134bed45e2642ae148f673f5ecb7e,3402.475391,3402.475391,0.0,1,0,1704713995
2024-01-04,0xeff0891e5a1bd47a8f1e77abebfee4145974d088,2603,0xd2e44e40b5fb960a8a74dd7b9d6b7f14b805b50d,3128.108416,3128.108416,0.0,1,0,1704891747
2024-01-04,0xeff0891e5a1bd47a8f1e77abebfee4145974d088,2779,0xe0d91a3e9266a25fafa978d29fdf692d5aa79bae,9532.19044,9532.19044,6110.334773,1,1,1704877209
2024-01-04,0xeff0891e5a1bd47a8f1e77abebfee4145974d088,2780,0x08d6d5c54fbacfde6b510ac2993bc66165871d74,3338.005831,3338.005831,0.0,1,0,1704747319
2024-01-04,0xeff0891e5a1bd47a8f1e77abebfee4145974d088,2930,0x737ac6eaa3b71ffea9fe166bd996f9122b7db5cb,2305.181529,2305.181529,0.0,1,0,1704900039
2024-01-04,0xeff0891e5a1bd47a8f1e77abebfee4145974d088,3131,0x5192309938ef4a6804e89d20c839169f05d8a8ac,1755.459004,1755.459004,0.0,1,0,1704886953
2024-01-04,0xeff0891e5a1bd47a8f1e77abebfee4145974d088,3391,0xb9be40bdec31ec3935830acc8bcaad1a431f8bb0,1452.750062,1452.750062,0.0,1,0,1704892357
2024-01-04,0xeff0891e5a1bd47a8f1e77abebfee4145974d088,3962,0xf51754d95c0b9bb416ab4915e9f10b04d04d29e5,859.611916,859.611916,0.0,1,0,1704892491
2024-01-04,0xeff0891e5a1bd47a8f1e77abebfee4145974d088,4975,0x4dd7fc3a3b6457d1e67e3b046b2b0d2dcf25257d,403.938344,403.938344,0.0,1,0,1704893213
2024-01-04,0xeff0891e5a1bd47a8f1e77abebfee4145974d088,5660,0x856980373f9f8b8f6d7846533419b5be34500b2f,367.329564,367.329564,0.0,1,0,1704898659
2024-01-04,0xeff0891e5a1bd47a8f1e77abebfee4145974d088,5803,0x572086064a9f6b52260d3c5a87cad53e74f11f6a,363.457851,363.457851,0.0,1,0,1704793003
2024-01-04,0xeff0891e5a1bd47a8f1e77abebfee4145974d088,6251,0x7b5a85afce09aae49344f0b64f9476799f33c257,1201.22205,1201.22205,0.0,1,0,1704732709
2024-01-04,0xeff0891e5a1bd47a8f1e77abebfee4145974d088,8106,0xe50443cc0637f66f772f415bf5769a4eaddff694,204.536634,204.536634,0.0,1,0,1704755133
2024-01-04,0xeff0891e5a1bd47a8f1e77abebfee4145974d088,9427,0xba9d854c4b9ae5eef3dad86e1b65d661938b27a1,17263.556368,17263.556368,0.0,1,0,1704887177
2024-01-04,0xeff0891e5a1bd47a8f1e77abebfee4145974d088,10367,0x46f3cc6a1c00a5cd8864d2b92f128196cae07d15,197.97519,197.97519,0.0,1,0,1704897103
2024-01-04,0xeff0891e5a1bd47a8f1e77abebfee4145974d088,10917,0xc91703f7b55bb1459840b2f7ac099d47eb002422,1565.918888,1565.918888,0.0,1,0,1704796949
2024-01-04,0xeff0891e5a1bd47a8f1e77abebfee4145974d088,10967,0x4408e04e4d8aeb7edbc0bc0ae66028762fdf29e5,276.689344,276.689344,0.0,1,0,1704895295
2024-01-04,0xf185f82a1948d014bae23d30b06fa8da35110315,21,0x4444aaaacdba5580282365e25b16309bd770ce4a,184609.331253,184609.331253,0.0,1,0,1704913079
2024-01-04,0xf185f82a1948d014bae23d30b06fa8da35110315,100,0x133d93566f9699b3af46fe150daa8a67a9563ed6,0.0,0.0,563253.535312,0,1,1704864249
2024-01-04,0xf185f82a1948d014bae23d30b06fa8da35110315,108,0x342f3002bb6f77441dfa40480ebb169d6912b464,501815.086079,501815.086079,501085.113941,1,1,1704908435
2024-01-04,0xf185f82a1948d014bae23d30b06fa8da35110315,114,0x611b0c1ed942b833c786c53883a4aa37a25602a6,0.0,0.0,117606.006276,0,1,1704898687
2024-01-04,0xf185f82a1948d014bae23d30b06fa8da35110315,132,0xf0b0a5bb90f94b4f5570b41106d6c325f7b53079,0.0,0.0,387989.656101,0,1,1704762701
2024-01-04,0xf185f82a1948d014bae23d30b06fa8da35110315,139,0xa04275c10f39e8675a34e147e2ef78d35129f2b6,0.0,0.0,211541.71545,0,1,1704897857
2024-01-04,0xf185f82a1948d014bae23d30b06fa8da35110315,151,0x5275817b74021e97c980e95ede6bbac0d0d6f3a2,81528.754911,81528.754911,31890.713953,1,1,1704905469
2024-01-04,0xf185f82a1948d014bae23d30b06fa8da35110315,160,0xb0eb6f452ecea6a76fda435b4629cf6a11b24a2a,71035.452218,71035.452218,0.0,1,0,1704912099
2024-01-04,0xf185f82a1948d014bae23d30b06fa8da35110315,182,0xed5847639328edd38e7ce934442ff4ee8e714f7c,0.0,0.0,224219.808296,0,1,1704902335
2024-01-04,0xf185f82a1948d014bae23d30b06fa8da35110315,303,0xab12253171a0d73df64b115cd43fe0a32feb9daa,26893.836837,26893.836837,0.0,1,0,1704898067
2024-01-04,0xf185f82a1948d014bae23d30b06fa8da35110315,308,0xbf891e7efcc98a8239385d3172ba10ad593c7886,103943.907609,103943.907609,0.0,1,0,1704912833
2024-01-04,0xf185f82a1948d014bae23d30b06fa8da35110315,329,0xac46dac5c58bf33a216a0b756bfb9b3d86407f97,94097.543164,94097.543164,0.0,1,0,1704912633
2024-01-04,0xf185f82a1948d014bae23d30b06fa8da35110315,436,0xe171e110cfe6f658c4421c2da4c86e4933919de4,0.0,0.0,56454.062623,0,1,1704884239
2024-01-04,0xf185f82a1948d014bae23d30b06fa8da35110315,502,0x66f920658396f4c3642a32f6b5d5b65c3d6349db,81729.793145,81729.793145,20402.725948,1,1,1704906775
2024-01-04,0xf185f82a1948d014bae23d30b06fa8da35110315,512,0x3b1b211b3fce0d1ee9f5e1afeecadeb98378d0b0,10769.358898,10769.358898,10769.358898,1,1,1704893947
2024-01-04,0xf185f82a1948d014bae23d30b06fa8da35110315,534,0x5bf2b6b176b98d20eace5d996568f4f1e69cff24,0.0,0.0,41289.305216,0,1,1704540495
2024-01-04,0xf185f82a1948d014bae23d30b06fa8da35110315,606,0x27f33f5af3125c7488051134872e6e7a3c5a644a,0.0,0.0,35732.071726,0,1,1704896883
2024-01-04,0xf185f82a1948d014bae23d30b06fa8da35110315,667,0xe95ab07a55e8489fe8e81e3281c8b3fd95c7d8af,0.0,0.0,7777.984873,0,1,1704890355
2024-01-04,0xf185f82a1948d014bae23d30b06fa8da35110315,694,0xbfc4fbbec37c291aed1d14f02b5221d0be0fe8f1,0.0,0.0,14253.554375,0,1,1704894615
2024-01-04,0xf185f82a1948d014bae23d30b06fa8da35110315,737,0x7d374fe73fd8358a93c53e978477f7ba4129be0c,0.0,0.0,34429.746781,0,1,1704903869
2024-01-04,0xf185f82a1948d014bae23d30b06fa8da35110315,873,0x0e42d7887e4dfd681fe295bec85729c0420e0ae0,0.0,0.0,18664.894244,0,1,1704849285
2024-01-04,0xf185f82a1948d014bae23d30b06fa8da35110315,902,0x186b12ceaf08fde22e32647fcc800e45876f5bd0,0.0,0.0,17694.154054,0,1,1704834903
2024-01-04,0xf185f82a1948d014bae23d30b06fa8da35110315,926,0x256e2248abb150e5cf0860235e153d0b21b02b25,0.0,0.0,16967.830376,0,1,1704890989
2024-01-04,0xf185f82a1948d014bae23d30b06fa8da35110315,954,0x04c872122ec2553b2d8adcc6c7eac4bec7717ccf,22811.965889,22811.965889,22948.471858,1,1,1704913019
2024-01-04,0xf185f82a1948d014bae23d30b06fa8da35110315,1034,0x582b07d825557d79be4f5ea051167b6c534fea1e,0.0,0.0,14111.857552,0,1,1704860867
2024-01-04,0xf185f82a1948d014bae23d30b06fa8da35110315,1044,0xcb6222f4df04385ea08e8da2a5871131ff5f6cba,0.0,0.0,7103.827897,0,1,1704894147
2024-01-04,0xf185f82a1948d014bae23d30b06fa8da35110315,1085,0x2e1bfb63fb937b0d8b5d48983c640677c5cd7eac,13172.614081,13172.614081,0.0,1,0,1704906171
2024-01-04,0xf185f82a1948d014bae23d30b06fa8da35110315,1111,0x11ebee2bf244325b5559f0f583722d35659ddce8,0.0,0.0,12688.974857,0,1,1704837871
2024-01-04,0xf185f82a1948d014bae23d30b06fa8da35110315,1141,0x3a39899dc78b7307acd83f51463c853fa79e1b09,12755.374567,12755.374567,0.0,1,0,1704901321
2024-01-04,0xf185f82a1948d014bae23d30b06fa8da35110315,1146,0xab1cd7632efc86411439f2796c68953275270dfc,0.0,0.0,12585.529935,0,1,1704350251
2024-01-04,0xf185f82a1948d014bae23d30b06fa8da35110315,1174,0x91f3acf393de794e7291fbf36dfc408da617cff0,0.0,0.0,13841.727478,0,1,1704378111
2024-01-04,0xf185f82a1948d014bae23d30b06fa8da35110315,1186,0xb413a48088cfb0074f75349c790062920434e321,0.0,0.0,11349.381656,0,1,1704810047
2024-01-04,0xf185f82a1948d014bae23d30b06fa8da35110315,1222,0xfe22484158c747ccc0652d6f408b8a0547a59938,10642.534634,10642.534634,0.0,1,0,1704911087
2024-01-04,0xf185f82a1948d014bae23d30b06fa8da35110315,1224,0xb002d5e8ea1c7db3dfed5aaf33ebcdef890d20d4,0.0,0.0,10514.186638,0,1,1704926987
2024-01-04,0xf185f82a1948d014bae23d30b06fa8da35110315,1243,0xe8b2c24038079bb624010ca7185d5cdfb716320e,0.0,0.0,108603.141267,0,1,1704867689
2024-01-04,0xf185f82a1948d014bae23d30b06fa8da35110315,1319,0x02d5aaf51e74be71ad72a5d8623f544112bfb18e,9171.16837,9171.16837,0.0,1,0,1704905399
2024-01-04,0xf185f82a1948d014bae23d30b06fa8da35110315,1454,0x586db0ea617db9a4254f295c5c93a13915c975cd,0.0,0.0,7789.816069,0,1,1704905353
2024-01-04,0xf185f82a1948d014bae23d30b06fa8da35110315,1507,0x4335335c596ac1fb3872a4f3b02ddc5418f8e33d,9641.22303,9641.22303,0.0,1,0,1704906915
2024-01-04,0xf185f82a1948d014bae23d30b06fa8da35110315,1511,0x4f321ad6ddc21ebcf9ee7213d2b41895196b6a9b,3627.680796,3627.680796,5441.521194,1,1,1704923455
2024-01-04,0xf185f82a1948d014bae23d30b06fa8da35110315,1581,0xce06012ccf4b9648710b6d624c09e11cb780e93c,0.0,0.0,6737.560172,0,1,1704885115
2024-01-04,0xf185f82a1948d014bae23d30b06fa8da35110315,1585,0x6f7e3d13f1dc8077892749322eeb8b39ff7b0917,0.0,0.0,6641.314578,0,1,1704885237
2024-01-04,0xf185f82a1948d014bae23d30b06fa8da35110315,1586,0x446925b8fa3ce7072a6f389df46150978da748fb,0.0,0.0,6636.180954,0,1,1704885539
2024-01-04,0xf185f82a1948d014bae23d30b06fa8da35110315,1592,0xdbdf70689cb64b096c5291843936c56731e8240b,0.0,0.0,6677.599606,0,1,1704904371
2024-01-04,0xf185f82a1948d014bae23d30b06fa8da35110315,1741,0xd5de81e7e5e4f740a26ebb254d6052e1d03b4787,5604.391362,5604.391362,0.0,1,0,1704912839
2024-01-04,0xf185f82a1948d014bae23d30b06fa8da35110315,1760,0x17b7afbe43503813e525be9dee970d6faff75633,0.0,0.0,5404.058791,0,1,1704804607
2024-01-04,0xf185f82a1948d014bae23d30b06fa8da35110315,1784,0x186e20ae3530520c9f3e6c46f2f5d1062b784761,0.0,0.0,5762.133325,0,1,1704380163
2024-01-04,0xf185f82a1948d014bae23d30b06fa8da35110315,1787,0xeb7846ad58fbdac651830d5370a94488c06f282d,0.0,0.0,5645.195065,0,1,1704924063
2024-01-04,0xf185f82a1948d014bae23d30b06fa8da35110315,1836,0x11add7af96d6f94bad07e338e9a4ca5dc0f94d4f,0.0,0.0,4927.959923,0,1,1704862051
2024-01-04,0xf185f82a1948d014bae23d30b06fa8da35110315,1887,0x77337dfe579a03a07a475870db443d65127f0769,0.0,0.0,4683.970668,0,1,1704898785
2024-01-04,0xf185f82a1948d014bae23d30b06fa8da35110315,1897,0x08b2f2bf6daddcd68c7c842e4c3a376c1fc69527,4640.766205,4640.766205,0.0,1,0,1704911583
2024-01-04,0xf185f82a1948d014bae23d30b06fa8da35110315,1914,0xcaeeac120121a33c5c232619a2616e306e329cd7,0.0,0.0,8892.839823,0,1,1704883677
2024-01-04,0xf185f82a1948d014bae23d30b06fa8da35110315,2011,0xe116d5f4ccd817e93a4827b4b1166fb3fa61bec5,0.0,0.0,4270.946537,0,1,1704916179
2024-01-04,0xf185f82a1948d014bae23d30b06fa8da35110315,2108,0xd52d391ebdfe9708346fa5017076d5d190493f78,0.0,0.0,4128.876399,0,1,1704899499
2024-01-04,0xf185f82a1948d014bae23d30b06fa8da35110315,2173,0x8770dbd97a61c39a7c4c5ed256076135d64a242a,0.0,0.0,3844.423892,0,1,1704897537
2024-01-04,0xf185f82a1948d014bae23d30b06fa8da35110315,2235,0x9b4ac5feb3fa9c087906cce730dc1bed34f08514,0.0,0.0,3699.329403,0,1,1704861917
2024-01-04,0xf185f82a1948d014bae23d30b06fa8da35110315,2255,0xd8992543ef65dc04ba8e71be895435bee3ab796f,0.0,0.0,3725.747413,0,1,1704894333
2024-01-04,0xf185f82a1948d014bae23d30b06fa8da35110315,2362,0xbaa9b493bccbe1a900b39870980f41356f85822a,4285.822537,4285.822537,0.0,1,0,1704900145
2024-01-04,0xf185f82a1948d014bae23d30b06fa8da35110315,2400,0x934c44b813dc4c9ca08d5fd0d5190447dcadeb51,0.0,0.0,3379.140724,0,1,1704885595
2024-01-04,0xf185f82a1948d014bae23d30b06fa8da35110315,2405,0x3ee5a77e6d176f42eaf653d9f49fcb8adabbb6fc,0.0,0.0,3370.15147,0,1,1704885345
2024-01-04,0xf185f82a1948d014bae23d30b06fa8da35110315,2433,0xe326fe653ed62b38acea220cde1820a98e23c213,0.0,0.0,3329.550749,0,1,1704885447
2024-01-04,0xf185f82a1948d014bae23d30b06fa8da35110315,2533,0xeb1dbbed3b079db3380e460d5604d15e6ac18883,0.0,0.0,3207.705135,0,1,1704905517
2024-01-04,0xf185f82a1948d014bae23d30b06fa8da35110315,2565,0xba77e0b03b41a980bb4e7bb32ec7a2dfe1b66f8f,0.0,0.0,3209.135526,0,1,1704599315
2024-01-04,0xf185f82a1948d014bae23d30b06fa8da35110315,2609,0xaef1889d58677805399c6f8326c11d159b09caf2,0.0,0.0,776.753643,0,1,1704834057
2024-01-04,0xf185f82a1948d014bae23d30b06fa8da35110315,2831,0x23d3c0d5e8226f18bf58bb3c68b149b3d7385936,0.0,0.0,2407.135572,0,1,1704924647
2024-01-04,0xf185f82a1948d014bae23d30b06fa8da35110315,2841,0xfffd05ae9db4d5f4e23e2f37395db2f87359bf5d,0.0,0.0,2328.640983,0,1,1704893509
2024-01-04,0xf185f82a1948d014bae23d30b06fa8da35110315,2899,0x2481fef92f6358a410f4b42a7672f23cac514c2a,0.0,0.0,4915.140946,0,1,1704874779
2024-01-04,0xf185f82a1948d014bae23d30b06fa8da35110315,3034,0x033e0a61ac00288a6388d1c8bad11a881ca9e212,0.0,0.0,2021.654567,0,1,1704847305
2024-01-04,0xf185f82a1948d014bae23d30b06fa8da35110315,3041,0x7caea457224c345d1518a23fbd07ebdbdd21170c,473.860181,473.860181,473.860181,1,1,1704843557
2024-01-04,0xf185f82a1948d014bae23d30b06fa8da35110315,3086,0x9b9e8bc43c15559653868587a193bd014dff5c65,0.0,0.0,2064.890945,0,1,1704822531
2024-01-04,0xf185f82a1948d014bae23d30b06fa8da35110315,3208,0x47045d1ee924ad6ff890ce8b52d6c1f08ad42235,0.0,0.0,1692.348969,0,1,1704823453
2024-01-04,0xf185f82a1948d014bae23d30b06fa8da35110315,3393,0x2446f1a75162f045d02f23d1d3b0f5a2c0f9a4cb,1632.955047,1632.955047,0.0,1,0,1704905163
2024-01-04,0xf185f82a1948d014bae23d30b06fa8da35110315,3962,0xf51754d95c0b9bb416ab4915e9f10b04d04d29e5,0.0,0.0,859.611916,0,1,1704892491
2024-01-04,0xf185f82a1948d014bae23d30b06fa8da35110315,4195,0x25a67a5f1f3125dd24e59289e82e890fcabe796c,0.0,0.0,694.430206,0,1,1704925287
2024-01-04,0xf185f82a1948d014bae23d30b06fa8da35110315,4197,0xc9ea255b552793e2533f666013a8d1d9e36cc206,0.0,0.0,691.314735,0,1,1704925367
2024-01-04,0xf185f82a1948d014bae23d30b06fa8da35110315,4320,0x6c0cafe6165d1a37659b6f9728de30969c35cbf2,587.659051,587.659051,590.972921,1,1,1704906459
2024-01-04,0xf185f82a1948d014bae23d30b06fa8da35110315,4358,0x0eca5bd7b78603c3a4b3292914c98b94500f843a,3528.048605,3528.048605,3528.048605,1,1,1704873247
2024-01-04,0xf185f82a1948d014bae23d30b06fa8da35110315,4780,0x73de251d953309dc73ac3c24691917841fc64505,3479.374809,3479.374809,0.0,1,0,1704912593
2024-01-04,0xf185f82a1948d014bae23d30b06fa8da35110315,4871,0xd6619f692b3b76b268aca833901bf8eacc830031,0.0,0.0,418.711468,0,1,1704752245
2024-01-04,0xf185f82a1948d014bae23d30b06fa8da35110315,4975,0x4dd7fc3a3b6457d1e67e3b046b2b0d2dcf25257d,0.0,0.0,403.938344,0,1,1704893213
2024-01-04,0xf185f82a1948d014bae23d30b06fa8da35110315,5126,0xf10fd43f5f58128269ed4e312fe56084a18e50b9,0.0,0.0,6878.380004,0,1,1704862241
2024-01-04,0xf185f82a1948d014bae23d30b06fa8da35110315,5500,0x4f356412d6264eb2d55b48ac711e02cd0a4eda31,371.795039,371.795039,0.0,1,0,1704904413
2024-01-04,0xf185f82a1948d014bae23d30b06fa8da35110315,5613,0xd91c77f34880441bf2ad568a8feab6ac117f9916,368.589214,368.589214,0.0,1,0,1704903199
2024-01-04,0xf185f82a1948d014bae23d30b06fa8da35110315,5631,0x864c29a6f6f7d35491f971665bb21d6237258e70,0.0,0.0,368.117379,0,1,1704859429
2024-01-04,0xf185f82a1948d014bae23d30b06fa8da35110315,5675,0x1bc3c5a57d9cae6751b6f829825ffcdac15cab24,0.0,0.0,366.616151,0,1,1704859401
2024-01-04,0xf185f82a1948d014bae23d30b06fa8da35110315,5706,0x614cdeb515880b3db75f58fc913317f2640f06c6,0.0,0.0,365.815044,0,1,1704859331
2024-01-04,0xf185f82a1948d014bae23d30b06fa8da35110315,5731,0xb19dfec5961161d2372adddc948f3a9c51326735,0.0,0.0,365.203594,0,1,1704859367
2024-01-04,0xf185f82a1948d014bae23d30b06fa8da35110315,5748,0x9a9278a1e642f34dde161131bb38615439c77664,364.460676,364.460676,0.0,1,0,1704903241
2024-01-04,0xf185f82a1948d014bae23d30b06fa8da35110315,5754,0xd6bc7d979882961dc837b14e08d23b9ef2cdd21f,364.280299,364.280299,0.0,1,0,1704903139
2024-01-04,0xf185f82a1948d014bae23d30b06fa8da35110315,5884,0x8181432899253fa56fdfeb559a9da64ec75d9f15,0.0,0.0,362.358945,0,1,1704830113
2024-01-04,0xf185f82a1948d014bae23d30b06fa8da35110315,6004,0xb128eeb7c7a7df19a209af6c0ded6f8cb7573a82,356.430826,356.430826,356.430826,1,1,1704467915
2024-01-04,0xf185f82a1948d014bae23d30b06fa8da35110315,6005,0x2ebd5817147aca120f8a261b92e3957af93afb9b,356.38977,356.38977,0.0,1,0,1704907621
2024-01-04,0xf185f82a1948d014bae23d30b06fa8da35110315,6172,0xe86b341f0b935ddfc65a747a903d522c07cbf381,0.0,0.0,352.629223,0,1,1704879571
2024-01-04,0xf185f82a1948d014bae23d30b06fa8da35110315,6277,0x6c9258895ffbe2178b3edefe09af304a1e99bf2f,350.522226,350.522226,0.0,1,0,1704907539
2024-01-04,0xf185f82a1948d014bae23d30b06fa8da35110315,6320,0x22d5094c6c66905c4096e3eaa2055119d7105d3e,0.0,0.0,349.944271,0,1,1704730559
2024-01-04,0xf185f82a1948d014bae23d30b06fa8da35110315,6932,0xf1ba347eb6b8f4cbcd132aa2990b3746c1c05065,0.0,0.0,96.694282,0,1,1704830059
2024-01-04,0xf185f82a1948d014bae23d30b06fa8da35110315,7049,0xe7de9bada139629600b5d140c0eff9cff34524cc,0.0,0.0,2886.403076,0,1,1704876827
2024-01-04,0xf185f82a1948d014bae23d30b06fa8da35110315,7097,0xa0444624a5abcd830cc9986e3247a6db810695a9,0.0,0.0,36.840651,0,1,1704830151
2024-01-04,0xf185f82a1948d014bae23d30b06fa8da35110315,8129,0x72195dda0361f43ce544b750f318d04b35836933,1293.526854,1293.526854,0.0,1,0,1704905273
2024-01-04,0xf185f82a1948d014bae23d30b06fa8da35110315,8387,0x44c630a1fcc2817e048cc1101050a18f919cd099,42371.617041,42371.617041,42309.980592,1,1,1704908533
2024-01-04,0xf185f82a1948d014bae23d30b06fa8da35110315,8421,0x77eeaf07c050a690f9b3c2e8e7642cc3cbeceeb4,175984.689509,175984.689509,140582.95279,1,1,1704887579
2024-01-04,0xf185f82a1948d014bae23d30b06fa8da35110315,8460,0xd1a0b66835d830e9ada42eef436f3aa8005b20b5,0.0,0.0,40809.149227,0,1,1704922253
2024-01-04,0xf185f82a1948d014bae23d30b06fa8da35110315,8477,0xf10fd43f5f58128269ed4e312fe56084a18e50b9,0.0,0.0,1319.048981,0,1,1704862267
2024-01-04,0xf185f82a1948d014bae23d30b06fa8da35110315,9345,0x77eeaf07c050a690f9b3c2e8e7642cc3cbeceeb4,44857.259184,44857.259184,35833.605569,1,1,1704887605
2024-01-04,0xf185f82a1948d014bae23d30b06fa8da35110315,9518,0xcc873fb2d32aae0c4b541a8ca663dbcbcaaac4ad,0.0,0.0,3302.291452,0,1,1704925615
2024-01-04,0xf185f82a1948d014bae23d30b06fa8da35110315,9732,0x328d75a47e07f26e1ad22ff3de08e8ba3ca190d4,0.0,0.0,60742.447843,0,1,1704871923
2024-01-04,0xf185f82a1948d014bae23d30b06fa8da35110315,9832,0xcd2a51c0e8b0fb0617ac890f5dd1ea6d26069049,0.0,661.418025,1295.512791,1,2,1704851673
2024-01-04,0xf185f82a1948d014bae23d30b06fa8da35110315,9907,0x4127143a866bf5d8ad2afb6de8e63164b8ad5bf6,0.0,0.0,180658.662682,0,1,1704897287
2024-01-04,0xf185f82a1948d014bae23d30b06fa8da35110315,9954,0x7d374fe73fd8358a93c53e978477f7ba4129be0c,0.0,0.0,2800.582356,0,1,1704332523
2024-01-04,0xf185f82a1948d014bae23d30b06fa8da35110315,9959,0x2a23d0650db1c536e71aeb63ecd3daa0b52e66e1,0.0,28260.106055,55145.987383,1,2,1704850251
2024-01-04,0xf185f82a1948d014bae23d30b06fa8da35110315,9968,0x328d75a47e07f26e1ad22ff3de08e8ba3ca190d4,0.0,0.0,7960.335187,0,1,1704871951
2024-01-04,0xf185f82a1948d014bae23d30b06fa8da35110315,10064,0x112e37ae393dffdba7a05288732e615736526141,0.0,0.0,55.580873,0,1,1704848117
2024-01-04,0xf185f82a1948d014bae23d30b06fa8da35110315,10294,0x48a6a8d403a58eccc70d4d57347f801d4e182564,3004370.348171,3004370.348171,1499999.999746,1,1,1704913363
2024-01-04,0xf185f82a1948d014bae23d30b06fa8da35110315,10383,0xf0b0a5bb90f94b4f5570b41106d6c325f7b53079,0.0,0.0,11294.011529,0,1,1704762723
2024-01-04,0xf185f82a1948d014bae23d30b06fa8da35110315,10463,0x9faa9d3fdbf962d8ce187575e68a44cd858dcba8,10333.044282,10333.044282,0.0,1,0,1704909955
2024-01-04,0xf185f82a1948d014bae23d30b06fa8da35110315,10651,0x2fe5a31a678a114a297b18dec7771601fdcdec9f,0.0,0.0,8195.334711,0,1,1704871417
2024-01-04,0xf185f82a1948d014bae23d30b06fa8da35110315,10796,0xb71ba81a183b2f956c9820729642063d64780b93,0.0,0.0,845.167674,0,1,1704347625
2024-01-04,0xf185f82a1948d014bae23d30b06fa8da35110315,10809,0x6634a2866c1a1a1c3570353ded9ab63333acb2b8,0.0,0.0,409.087936,0,1,1704339449
2024-01-04,0xf213f2d02837012dc0236cc105061e121bb03e37,7,0x586cf50c2874f3e3997660c0fd0996b090fb9764,2741815.216257,2741815.216257,0.0,1,0,1704816741
2024-01-04,0xf213f2d02837012dc0236cc105061e121bb03e37,24,0x208a17c5fabe5b90282e5906945ff335e39326c4,11058.983864,11058.983864,0.0,1,0,1704918173
2024-01-04,0xf213f2d02837012dc0236cc105061e121bb03e37,51,0x0f228805c03a693aa964a791e0b2e2c6e6c6513f,287736.922317,287736.922317,0.0,1,0,1704923325
2024-01-04,0xf213f2d02837012dc0236cc105061e121bb03e37,56,0x48a5a6a01ba89cddf97d2d552923d5a11401ed19,300803.349412,300803.349412,0.0,1,0,1704927135
2024-01-04,0xf213f2d02837012dc0236cc105061e121bb03e37,80,0x34f543a73dcb1a4bcbae71e5dd41fcc1b5c17bf7,414349.720895,414349.720895,0.0,1,0,1704849095
2024-01-04,0xf213f2d02837012dc0236cc105061e121bb03e37,100,0x133d93566f9699b3af46fe150daa8a67a9563ed6,564233.275152,564233.275152,0.0,1,0,1704864249
2024-01-04,0xf213f2d02837012dc0236cc105061e121bb03e37,101,0xaf03267d12153bef68dc4d6f7426857c5462544a,0.0,0.0,552039.089984,0,1,1704927431
2024-01-04,0xf213f2d02837012dc0236cc105061e121bb03e37,105,0x208a17c5fabe5b90282e5906945ff335e39326c4,15686.077665,15686.077665,0.0,1,0,1704917695
2024-01-04,0xf213f2d02837012dc0236cc105061e121bb03e37,114,0x611b0c1ed942b833c786c53883a4aa37a25602a6,70666.399605,70666.399605,0.0,1,0,1704898687
2024-01-04,0xf213f2d02837012dc0236cc105061e121bb03e37,159,0x05391a4b0749c29335024f41552a56cfa6bd3883,289339.855301,289339.855301,0.0,1,0,1704900775
2024-01-04,0xf213f2d02837012dc0236cc105061e121bb03e37,197,0x6cd1b82490eb7aa18bec4305c6c2e691194c6898,201220.804171,201220.804171,0.0,1,0,1704849009
2024-01-04,0xf213f2d02837012dc0236cc105061e121bb03e37,200,0x84740d1658462441250885423588b6fd12314747,194578.827877,194578.827877,0.0,1,0,1704890667
2024-01-04,0xf213f2d02837012dc0236cc105061e121bb03e37,221,0x35a1a7740653b9c99b9b70c37c1c97192585b6bb,169647.75559,169647.75559,0.0,1,0,1704927503
2024-01-04,0xf213f2d02837012dc0236cc105061e121bb03e37,248,0xdaa12ca83de2fab833fc28ce1300ba6ddee67204,28479.145136,28479.145136,28479.145136,1,1,1704926007
2024-01-04,0xf213f2d02837012dc0236cc105061e121bb03e37,262,0x32af25467b00aae516505b3331cfec52092ea5ba,0.0,0.0,133675.117266,0,1,1704925351
2024-01-04,0xf213f2d02837012dc0236cc105061e121bb03e37,398,0x48c7e0db3dad3fe4eb0513b86fe5c38ebb4e0f91,26552.704715,26552.704715,0.0,1,0,1704867749
2024-01-04,0xf213f2d02837012dc0236cc105061e121bb03e37,410,0xe88857d67cf8e0031ca1674ffe17f72578e566ee,63338.481937,63338.481937,63246.345753,1,1,1704926187
2024-01-04,0xf213f2d02837012dc0236cc105061e121bb03e37,420,0x8cc1547f2aebbbaa9466310355110427449a937f,61019.99831,61019.99831,0.0,1,0,1704923221
2024-01-04,0xf213f2d02837012dc0236cc105061e121bb03e37,437,0xbae3b46e29e7cfd2bba8164765d592ce9802ec70,0.0,0.0,16269.890542,0,1,1704925767
2024-01-04,0xf213f2d02837012dc0236cc105061e121bb03e37,469,0xe47fd677ba6d3738cec98aa18bb6fa015b6f7bda,48986.882985,48986.882985,0.0,1,0,1704832363
2024-01-04,0xf213f2d02837012dc0236cc105061e121bb03e37,483,0x8f009a96f45514c31ee806fba7c4bfb842ff497e,46920.922237,46920.922237,0.0,1,0,1704881057
2024-01-04,0xf213f2d02837012dc0236cc105061e121bb03e37,504,0xcfba6d63ec822425775d3c509e60ff689c1ae1e7,4697.732594,4697.732594,4690.898973,1,1,1704906031
2024-01-04,0xf213f2d02837012dc0236cc105061e121bb03e37,536,0xf6ed81d5e9f61dd1ea21e96ae1d660ecc388ae4f,16331.275525,16331.275525,0.0,1,0,1704900951
2024-01-04,0xf213f2d02837012dc0236cc105061e121bb03e37,552,0x88eb2863997cbae2169d9022704acf21e423b377,40414.023968,40414.023968,0.0,1,0,1704895961
2024-01-04,0xf213f2d02837012dc0236cc105061e121bb03e37,584,0x38e481367e0c50f4166ad2a1c9fde0e3c662cfba,37006.089684,37006.089684,0.0,1,0,1704884465
2024-01-04,0xf213f2d02837012dc0236cc105061e121bb03e37,658,0x7f64219e48e349295a580bca164434ea5d1e8433,35634.650809,35634.650809,0.0,1,0,1704927547
2024-01-04,0xf213f2d02837012dc0236cc105061e121bb03e37,667,0xe95ab07a55e8489fe8e81e3281c8b3fd95c7d8af,7799.92441,7799.92441,0.0,1,0,1704890355
2024-01-04,0xf213f2d02837012dc0236cc105061e121bb03e37,675,0x1f452ea54d4d934afadc300c61ca0a3b1bbde958,0.0,0.0,33311.37345,0,1,1704921617
2024-01-04,0xf213f2d02837012dc0236cc105061e121bb03e37,684,0x2a23d0650db1c536e71aeb63ecd3daa0b52e66e1,49519.839835,49519.839835,0.0,1,0,1704850267
2024-01-04,0xf213f2d02837012dc0236cc105061e121bb03e37,693,0xc73d0b593a8a56f832d7d76a116ce50483eff729,28660.083071,28660.083071,0.0,1,0,1704878527
2024-01-04,0xf213f2d02837012dc0236cc105061e121bb03e37,712,0xd565b4ce530a9720db5d030044acada55318c749,0.0,0.0,27071.278628,0,1,1704926819
2024-01-04,0xf213f2d02837012dc0236cc105061e121bb03e37,731,0x8371ec1d9b31899e8a7574f43a7864f395c80d00,0.0,0.0,25079.127513,0,1,1704914801
2024-01-04,0xf213f2d02837012dc0236cc105061e121bb03e37,753,0xee57d8989170370a6f88b2f99395b81204117bf2,12705.609417,12705.609417,0.0,1,0,1704887265
2024-01-04,0xf213f2d02837012dc0236cc105061e121bb03e37,758,0x8ccfcfa7e6133e0875192974d0d857fb7a28375e,6734.579413,6734.579413,0.0,1,0,1704912207
2024-01-04,0xf213f2d02837012dc0236cc105061e121bb03e37,842,0x58bcf1ac25551dd4eb790f2ef68c1857dcd67d9b,5187.070237,5187.070237,0.0,1,0,1704925315
2024-01-04,0xf213f2d02837012dc0236cc105061e121bb03e37,997,0xab7ab9b6495072c1136f96e301bd8f8de900f119,15312.70125,15312.70125,0.0,1,0,1704913245
2024-01-04,0xf213f2d02837012dc0236cc105061e121bb03e37,1050,0x34a09c6b42d7d11cf23008ad63ac2983e18efbdd,78291.134048,78291.134048,78291.134048,1,1,1704926107
2024-01-04,0xf213f2d02837012dc0236cc105061e121bb03e37,1053,0x3216a8a03b07b6b19cbc21d62c8942e625fc3e07,5188.473682,5188.473682,0.0,1,0,1704886385
2024-01-04,0xf213f2d02837012dc0236cc105061e121bb03e37,1159,0x54f2d57856e44dcf81880df34df300d145cc7d57,11793.86814,11793.86814,0.0,1,0,1704871847
2024-01-04,0xf213f2d02837012dc0236cc105061e121bb03e37,1193,0x1ed39934aec99f0a203af206b9ef3c81b57a76ea,11277.923295,11277.923295,0.0,1,0,1704887257
2024-01-04,0xf213f2d02837012dc0236cc105061e121bb03e37,1223,0xabe21a7537cff588e6209492afca65d635a3b313,10676.40903,10676.40903,0.0,1,0,1704878655
2024-01-04,0xf213f2d02837012dc0236cc105061e121bb03e37,1226,0x57b8858dcf27d5e46ff442e5a7ae9e6e440ef131,11564.458894,11564.458894,0.0,1,0,1704822705
2024-01-04,0xf213f2d02837012dc0236cc105061e121bb03e37,1372,0xa8df0d3d1abf9fd16f992bbf4595c621935cfe0a,8582.001083,8582.001083,8582.001083,1,1,1704924161
2024-01-04,0xf213f2d02837012dc0236cc105061e121bb03e37,1441,0xc0fa207d207288d727baf8b4f2b3ca93f45da246,9618.189268,9618.189268,0.0,1,0,1704881085
2024-01-04,0xf213f2d02837012dc0236cc105061e121bb03e37,1492,0x864de5bbaf4b8c808e94a8385b95b0855d170137,7394.575801,7394.575801,0.0,1,0,1704829209
2024-01-04,0xf213f2d02837012dc0236cc105061e121bb03e37,1521,0xdd84ce1adcb3a4908db61a1dfa3353c3974c5a2b,0.0,0.0,2366.525942,0,1,1704693989
2024-01-04,0xf213f2d02837012dc0236cc105061e121bb03e37,1622,0x628a3240137ef7c5f729c6c106378edb3fa51250,6422.62984,6422.62984,0.0,1,0,1704927493
2024-01-04,0xf213f2d02837012dc0236cc105061e121bb03e37,1761,0x797bc498edee4357a16a1054db0323cbd04c84c3,5388.917759,5388.917759,0.0,1,0,1704834085
2024-01-04,0xf213f2d02837012dc0236cc105061e121bb03e37,1782,0x8f824380bdf496f539d8306500f87a2cba38f828,0.0,0.0,5254.753704,0,1,1704913701
2024-01-04,0xf213f2d02837012dc0236cc105061e121bb03e37,1980,0x48fb55ed1fb62ed26274fb805f6444bea97c1f28,4306.143965,4306.143965,0.0,1,0,1704880489
2024-01-04,0xf213f2d02837012dc0236cc105061e121bb03e37,2013,0x6aef48ea854bc0e805232cecbab2fab592037c19,4231.167593,4231.167593,0.0,1,0,1704886859
2024-01-04,0xf213f2d02837012dc0236cc105061e121bb03e37,2105,0x4ffd0a59a26cb2aa76d403215e4cc2845c053994,0.0,0.0,4002.938382,0,1,1704923565
2024-01-04,0xf213f2d02837012dc0236cc105061e121bb03e37,2118,0x9c529af39499eec506ac31fdfa13bb299c2c2a55,5592.25631,5592.25631,0.0,1,0,1704822435
2024-01-04,0xf213f2d02837012dc0236cc105061e121bb03e37,2214,0xbf4101e500419cd28c662adadad14eda897729ac,3903.170534,3903.170534,0.0,1,0,1704861049
2024-01-04,0xf213f2d02837012dc0236cc105061e121bb03e37,2362,0xbaa9b493bccbe1a900b39870980f41356f85822a,4285.822537,4285.822537,0.0,1,0,1704900145
2024-01-04,0xf213f2d02837012dc0236cc105061e121bb03e37,2522,0xc693b4ffb338579467a541b2bf267b1955870920,0.0,0.0,797.846854,0,1,1704927147
2024-01-04,0xf213f2d02837012dc0236cc105061e121bb03e37,2846,0x7f922e25a3ff62f9a253c83f3f1f2e1dddae60bd,2335.067151,2335.067151,0.0,1,0,1704862237
2024-01-04,0xf213f2d02837012dc0236cc105061e121bb03e37,2877,0x6f6cbac3fc494e57da3b53977fa9872c8fc74987,2250.122781,2250.122781,0.0,1,0,1704861841
2024-01-04,0xf213f2d02837012dc0236cc105061e121bb03e37,2881,0xd670a99b9ad6b9fe256294f51cfe5f38e51d54aa,2217.495941,2217.495941,0.0,1,0,1704903403
2024-01-04,0xf213f2d02837012dc0236cc105061e121bb03e37,2886,0x05cefb1b44d447627bd0f341f29401790963ca9e,2231.448728,2231.448728,2228.202721,1,1,1704922349
2024-01-04,0xf213f2d02837012dc0236cc105061e121bb03e37,3391,0xb9be40bdec31ec3935830acc8bcaad1a431f8bb0,0.0,0.0,1452.750062,0,1,1704892357
2024-01-04,0xf213f2d02837012dc0236cc105061e121bb03e37,3408,0x1f2b88b4fbcbecf1e0b07728c6db26bfdacdb0b2,1439.180947,1439.180947,0.0,1,0,1704864765
2024-01-04,0xf213f2d02837012dc0236cc105061e121bb03e37,3412,0x22422040886ab7d0a08eeafa2c595a707a26c531,1433.91642,1433.91642,0.0,1,0,1704863713
2024-01-04,0xf213f2d02837012dc0236cc105061e121bb03e37,3430,0x4b4e54a9978453254acb96d3d8d9e202b5b01386,1404.952709,1404.952709,0.0,1,0,1704864373
2024-01-04,0xf213f2d02837012dc0236cc105061e121bb03e37,3431,0xf9ce07a5611f18f018261d9e5be3fad92b49c852,1404.006596,1404.006596,0.0,1,0,1704863807
2024-01-04,0xf213f2d02837012dc0236cc105061e121bb03e37,3719,0x0bf1fee0f3dbb4031e4c12e2985df93f267d53ab,1081.785481,1081.785481,0.0,1,0,1704880593
2024-01-04,0xf213f2d02837012dc0236cc105061e121bb03e37,3854,0x4c1695f54208fb92a8d87add8dbea206b0771872,964.072322,964.072322,0.0,1,0,1704889601
2024-01-04,0xf213f2d02837012dc0236cc105061e121bb03e37,4063,0x0180bd56393851a46fab05ae627fb574dadb5049,0.0,0.0,776.008249,0,1,1704926203
2024-01-04,0xf213f2d02837012dc0236cc105061e121bb03e37,4484,0x98e78cd936e6d7bb685d1cb3e4f3766322057183,0.0,0.0,131.032147,0,1,1704926837
2024-01-04,0xf213f2d02837012dc0236cc105061e121bb03e37,5765,0x5d781a5e0d360006b28c96f383d54f6b622044ab,21087.422599,21087.422599,0.0,1,0,1704821309
2024-01-04,0xf213f2d02837012dc0236cc105061e121bb03e37,7152,0xb75d6fe6723290677a4f7141307e3ff6d7509711,463.599669,463.599669,0.0,1,0,1704820419
2024-01-04,0xf213f2d02837012dc0236cc105061e121bb03e37,8330,0xc42ca12276f6ed7a384abe67e81583a8c9bcf4e9,181475.349431,181475.349431,0.0,1,0,1704816903
2024-01-04,0xf213f2d02837012dc0236cc105061e121bb03e37,8348,0x0dda3228b0729bfe7698988a669b81d4a306a8ea,19544.113282,19544.113282,0.0,1,0,1704898641
2024-01-04,0xf213f2d02837012dc0236cc105061e121bb03e37,8456,0xc42ca12276f6ed7a384abe67e81583a8c9bcf4e9,36055.425729,36055.425729,0.0,1,0,1704816995
2024-01-04,0xf213f2d02837012dc0236cc105061e121bb03e37,8478,0xf265702178a66b4b7ce079fc8a1629e47cf1bcde,140484.874008,140484.874008,172908.434145,1,1,1704923441
2024-01-04,0xf213f2d02837012dc0236cc105061e121bb03e37,9269,0x12dad3425d0ec383ebd9e86139a103ce119aa0b2,45792.828478,45792.828478,0.0,1,0,1704906537
2024-01-04,0xf213f2d02837012dc0236cc105061e121bb03e37,9302,0xc42ca12276f6ed7a384abe67e81583a8c9bcf4e9,12610.39016,12610.39016,0.0,1,0,1704816979
2024-01-04,0xf213f2d02837012dc0236cc105061e121bb03e37,9305,0x6330849fa00916341d362cbfebe06b19bf8e4162,226810.808147,226810.808147,112138.625142,1,1,1704924745
2024-01-04,0xf213f2d02837012dc0236cc105061e121bb03e37,9347,0xc42ca12276f6ed7a384abe67e81583a8c9bcf4e9,143728.752122,143728.752122,0.0,1,0,1704816917
2024-01-04,0xf213f2d02837012dc0236cc105061e121bb03e37,9427,0xba9d854c4b9ae5eef3dad86e1b65d661938b27a1,16755.80471,16755.80471,0.0,1,0,1704887177
2024-01-04,0xf213f2d02837012dc0236cc105061e121bb03e37,9624,0xc42ca12276f6ed7a384abe67e81583a8c9bcf4e9,100163.609444,100163.609444,0.0,1,0,1704816935
2024-01-04,0xf213f2d02837012dc0236cc105061e121bb03e37,9636,0xcdd49f7b85b111b35761a725aaf9d5dbc02b4cef,52043.673008,52043.673008,0.0,1,0,1704830019
2024-01-04,0xf213f2d02837012dc0236cc105061e121bb03e37,10012,0xc42ca12276f6ed7a384abe67e81583a8c9bcf4e9,82994.0,82994.0,0.0,1,0,1704816967
2024-01-04,0xf213f2d02837012dc0236cc105061e121bb03e37,10294,0x48a6a8d403a58eccc70d4d57347f801d4e182564,500728.391362,500728.391362,0.0,1,0,1704913363
2024-01-04,0xf213f2d02837012dc0236cc105061e121bb03e37,10295,0xc875b3dae5b0c371bc8cf9ded64868b78ac47587,244112.398252,244112.398252,0.0,1,0,1704913979
2024-01-04,0xf213f2d02837012dc0236cc105061e121bb03e37,10296,0x03c70563e94de5de56c11a0cc4ce3482f592854f,636467.023215,636467.023215,0.0,1,0,1704929195
2024-01-04,0xf213f2d02837012dc0236cc105061e121bb03e37,10298,0xc9814f18a8751214f719de15c54d01b3d78ef14f,121080.710704,53883519.089199,54262438.378948,110,110,1704929143
2024-01-04,0xf213f2d02837012dc0236cc105061e121bb03e37,10460,0xc42ca12276f6ed7a384abe67e81583a8c9bcf4e9,11496.0,11496.0,0.0,1,0,1704816889
2024-01-04,0xf213f2d02837012dc0236cc105061e121bb03e37,10544,0xf46d3a64d546d9cec0883e5fbba04583363df24c,83023.0167,83023.0167,0.0,1,0,1704824759
2024-01-04,0xf213f2d02837012dc0236cc105061e121bb03e37,10630,0xdaaffba0ab113acbee5c65ecdcccdc60aaf7d110,792.596204,792.596204,0.0,1,0,1704896729
2024-01-04,0xf53b7af40be75043eeba493c622f4f56b3c27a31,21,0x4444aaaacdba5580282365e25b16309bd770ce4a,307682.218755,307682.218755,0.0,1,0,1704913079
2024-01-04,0xf53b7af40be75043eeba493c622f4f56b3c27a31,27,0x6665e62ef6f6db29d5f8191fbac472222c2cc80f,191626.181879,191626.181879,186241.288478,1,1,1704873713
2024-01-04,0xf53b7af40be75043eeba493c622f4f56b3c27a31,68,0x132e47cf2c19ec2d8dd56e1528fc7e18dc09188f,27342.161541,27342.161541,135075.768186,1,1,1704921047
2024-01-04,0xf53b7af40be75043eeba493c622f4f56b3c27a31,103,0x1c2ed7a6c4e3c1146103fa222181115a72243a06,55234.121775,55234.121775,55153.774709,1,1,1704927049
2024-01-04,0xf53b7af40be75043eeba493c622f4f56b3c27a31,174,0x83bad39f067ef72e354f2ea9d318eaad381a7f15,26368.159671,65920.399178,78821.843864,2,2,1704902455
2024-01-04,0xf53b7af40be75043eeba493c622f4f56b3c27a31,248,0xdaa12ca83de2fab833fc28ce1300ba6ddee67204,28479.145136,28479.145136,0.0,1,0,1704926007
2024-01-04,0xf53b7af40be75043eeba493c622f4f56b3c27a31,270,0x59455ba3d00bb8cbead8fe6db3973210e49d4303,0.0,0.0,126344.605143,0,1,1704916465
2024-01-04,0xf53b7af40be75043eeba493c622f4f56b3c27a31,353,0x5ade40e345817b739b91c6b4615efce87f9d7c57,23996.25096,23996.25096,95845.37795,1,1,1704396435
2024-01-04,0xf53b7af40be75043eeba493c622f4f56b3c27a31,405,0x2f707265e61300e8290c18e38ebcbd129fb0b0f5,135189.958034,135189.958034,0.0,1,0,1704920441
2024-01-04,0xf53b7af40be75043eeba493c622f4f56b3c27a31,502,0x66f920658396f4c3642a32f6b5d5b65c3d6349db,0.0,0.0,10881.453839,0,1,1704906775
2024-01-04,0xf53b7af40be75043eeba493c622f4f56b3c27a31,523,0xde93a283495fa2834047b53871a8e4e09f96d841,11695.614363,11695.614363,0.0,1,0,1704911997
2024-01-04,0xf53b7af40be75043eeba493c622f4f56b3c27a31,557,0xeaceb7f4cddb1177b752ef682ad7a0c5cd31fc05,39458.818989,39458.818989,0.0,1,0,1704910819
2024-01-04,0xf53b7af40be75043eeba493c622f4f56b3c27a31,609,0x87dd9282247d03e8415c37025137752522defce1,35687.058442,35687.058442,0.0,1,0,1704750543
2024-01-04,0xf53b7af40be75043eeba493c622f4f56b3c27a31,741,0xbf49b454818783d12bf4f3375ff17c59015e66cb,0.0,25743.560009,51062.83891,1,2,1704912005
2024-01-04,0xf53b7af40be75043eeba493c622f4f56b3c27a31,758,0x8ccfcfa7e6133e0875192974d0d857fb7a28375e,6734.579413,6734.579413,6724.782865,1,1,1704912207
2024-01-04,0xf53b7af40be75043eeba493c622f4f56b3c27a31,759,0xeead1396fe5f0daec6dbc04d8a43e85dde4d97da,0.0,0.0,12482.787616,0,1,1704586073
2024-01-04,0xf53b7af40be75043eeba493c622f4f56b3c27a31,879,0x34ff77a853a14579d2120ac08c5e342cee08ad71,3736.490495,3736.490495,0.0,1,0,1704926961
2024-01-04,0xf53b7af40be75043eeba493c622f4f56b3c27a31,961,0xda90d355b1bd4d01f6124fee7669090d4cbd5778,0.0,0.0,16154.011321,0,1,1704923807
2024-01-04,0xf53b7af40be75043eeba493c622f4f56b3c27a31,1163,0x3e88681de2e12d1ac4116a7a6fb964a2c4c102ae,12207.344253,12207.344253,12207.344253,1,1,1704925001
2024-01-04,0xf53b7af40be75043eeba493c622f4f56b3c27a31,1256,0x5345462544ed763639519376c298e939228dd1f4,0.0,0.0,10446.553988,0,1,1704922967
2024-01-04,0xf53b7af40be75043eeba493c622f4f56b3c27a31,1280,0x4fbe5303bca958b8f1ee35b5443aad9ad442e3d7,10156.517574,10156.517574,0.0,1,0,1704925561
2024-01-04,0xf53b7af40be75043eeba493c622f4f56b3c27a31,1288,0x6059895f7f20cc25c251d4d283f525f7400ce034,5266.306821,5266.306821,5266.306821,1,1,1704906359
2024-01-04,0xf53b7af40be75043eeba493c622f4f56b3c27a31,1337,0x6ccd7c23e6ccd9c5258edda9fca61d1214de5622,0.0,0.0,8835.970881,0,1,1704901949
2024-01-04,0xf53b7af40be75043eeba493c622f4f56b3c27a31,1678,0xc9c3bf455e5743539eadfe22a53ca146a644ebaa,6532.107843,6532.107843,0.0,1,0,1704911455
2024-01-04,0xf53b7af40be75043eeba493c622f4f56b3c27a31,1725,0x4215a881dfa38fa2faced28778c9366ef3e5fbb6,5767.209971,5767.209971,5767.209971,1,1,1704905453
2024-01-04,0xf53b7af40be75043eeba493c622f4f56b3c27a31,1884,0xc92d60af8001b1070ce40337205af18a0bbed142,4694.782313,4694.782313,0.0,1,0,1704358991
2024-01-04,0xf53b7af40be75043eeba493c622f4f56b3c27a31,2071,0x078b8ff955e3cf77550bf2f2edfc0aacbc29adc6,0.0,0.0,4322.988233,0,1,1704853203
2024-01-04,0xf53b7af40be75043eeba493c622f4f56b3c27a31,2577,0x1de8355da82cfb8d2453a5ec3fc4c871281ab4bc,3146.794551,3146.794551,0.0,1,0,1704924801
2024-01-04,0xf53b7af40be75043eeba493c622f4f56b3c27a31,2807,0xa60e8ea9d55def9339303c62a4c91b5cc3a4a738,2523.762472,2523.762472,0.0,1,0,1704691289
2024-01-04,0xf53b7af40be75043eeba493c622f4f56b3c27a31,2827,0xbd48855db52b9d0b5ea728e75fb20b74297ac70e,0.0,0.0,635.646653,0,1,1704445995
2024-01-04,0xf53b7af40be75043eeba493c622f4f56b3c27a31,2829,0x50fa50fa2032d85eb2dda303929bf56886aa9afb,16601.726148,16601.726148,16577.576221,1,1,1704458627
2024-01-04,0xf53b7af40be75043eeba493c622f4f56b3c27a31,2867,0x387ec377e5b3ff17b61b61a3724a876369eb59bc,2241.78496,2241.78496,0.0,1,0,1704925705
2024-01-04,0xf53b7af40be75043eeba493c622f4f56b3c27a31,2892,0xa57b927848e94110898c56c5add293378706d638,2195.763485,2195.763485,0.0,1,0,1704385171
2024-01-04,0xf53b7af40be75043eeba493c622f4f56b3c27a31,3016,0x17f343182b42d6488fc54b6ae73ac5da5ad4e326,0.0,0.0,1917.016234,0,1,1704904799
2024-01-04,0xf53b7af40be75043eeba493c622f4f56b3c27a31,3566,0xacd65b8e9d50128780a114a16d8e9870e19c82c3,0.0,0.0,1206.826919,0,1,1704406897
2024-01-04,0xf53b7af40be75043eeba493c622f4f56b3c27a31,3862,0x3e88681de2e12d1ac4116a7a6fb964a2c4c102ae,966.059477,966.059477,0.0,1,0,1704924963
2024-01-04,0xf53b7af40be75043eeba493c622f4f56b3c27a31,4195,0x25a67a5f1f3125dd24e59289e82e890fcabe796c,694.430206,694.430206,0.0,1,0,1704925287
2024-01-04,0xf53b7af40be75043eeba493c622f4f56b3c27a31,4197,0xc9ea255b552793e2533f666013a8d1d9e36cc206,691.314735,691.314735,0.0,1,0,1704925367
2024-01-04,0xf53b7af40be75043eeba493c622f4f56b3c27a31,4484,0x98e78cd936e6d7bb685d1cb3e4f3766322057183,131.032147,131.032147,0.0,1,0,1704926837
2024-01-04,0xf53b7af40be75043eeba493c622f4f56b3c27a31,6572,0x05e70e1887ad687da0a821f5e81323fd910c0dac,1002.867109,1002.867109,1000.048234,1,1,1704399949
2024-01-04,0xf53b7af40be75043eeba493c622f4f56b3c27a31,9782,0x8803d1575831c7565839d11a622b6fcd9e14fcfc,0.0,0.0,125.904636,0,1,1704441909
2024-01-04,0xf53b7af40be75043eeba493c622f4f56b3c27a31,9901,0xfb07d2bdef2deb1ebec001644b4732ab77281c7a,0.0,0.0,1022.531888,0,1,1704330961
2024-01-04,0xf53b7af40be75043eeba493c622f4f56b3c27a31,10002,0x285fed35cbea271a711681e84ffd83c68a596a75,0.0,0.0,17135.460335,0,1,1704918217
2024-01-04,0xf53b7af40be75043eeba493c622f4f56b3c27a31,10664,0x8803d1575831c7565839d11a622b6fcd9e14fcfc,0.0,0.0,98.751868,0,1,1704441901
2024-01-04,0xf6aec4f97623e691a9426a69baf5501509fca05d,103,0x1c2ed7a6c4e3c1146103fa222181115a72243a06,0.0,0.0,55153.774709,0,1,1704927049
2024-01-04,0xf6aec4f97623e691a9426a69baf5501509fca05d,268,0xb6fb12999a09effdbcc6f60776331eaccc42e539,0.0,0.0,128195.740923,0,1,1704926799
2024-01-04,0xf6aec4f97623e691a9426a69baf5501509fca05d,414,0x0eeacd4c475040463389d15ead034d1291b008b1,0.0,0.0,64165.290168,0,1,1704927001
2024-01-04,0xf6aec4f97623e691a9426a69baf5501509fca05d,449,0xf6657bbcfeb5c2746e8c609e35018a5a8caa13fb,0.0,0.0,17087.940135,0,1,1704918221
2024-01-04,0xf6aec4f97623e691a9426a69baf5501509fca05d,680,0x2328ecc367a913bf013533bbf9f0bf5aa8deb363,0.0,0.0,44852.517811,0,1,1704927407
2024-01-04,0xf6aec4f97623e691a9426a69baf5501509fca05d,798,0x6a018ad51de844243ce7fb743c3e5f4481df6858,4432.36808,4432.36808,5540.460101,1,1,1704901005
2024-01-04,0xf6aec4f97623e691a9426a69baf5501509fca05d,816,0xe96f4e42719542b3f9556eef6ada7b819f0ac793,0.0,0.0,22841.320001,0,1,1704927205
2024-01-04,0xf6aec4f97623e691a9426a69baf5501509fca05d,1093,0x234ef83bd3859c04c93eaafd0ecf6dfefe2d5a4b,0.0,0.0,12839.831164,0,1,1704923065
2024-01-04,0xf6aec4f97623e691a9426a69baf5501509fca05d,1259,0x27cfc88640089f340aeaec182baff0ddf15b1b37,2070.351233,2070.351233,2067.339568,1,1,1704488001
2024-01-04,0xf6aec4f97623e691a9426a69baf5501509fca05d,1413,0x53e213da8c28d85dc6663c3b5e35bb0ffbb05752,0.0,0.0,13381.468933,0,1,1704926059
2024-01-04,0xf6aec4f97623e691a9426a69baf5501509fca05d,1672,0xc8feee4b352c46b15ed12492df669911d8496e51,0.0,0.0,25058.277731,0,1,1704927541
2024-01-04,0xf6aec4f97623e691a9426a69baf5501509fca05d,1695,0x7c16c022048b25142482cf06ac98064527395290,0.0,0.0,5944.703596,0,1,1704927413
2024-01-04,0xf6aec4f97623e691a9426a69baf5501509fca05d,2204,0xa6855663972d7da311a235a8f35ed2812af2dec0,4271.318498,4271.318498,3891.44331,1,1,1704898169
2024-01-04,0xf6aec4f97623e691a9426a69baf5501509fca05d,2261,0xde7667870f823e899b1d21cce01ed690e4c80f51,0.0,0.0,1015.061217,0,1,1704924791
2024-01-04,0xf6aec4f97623e691a9426a69baf5501509fca05d,2276,0x53a385d47d3a011539ec377f53acb410f53ff97d,0.0,0.0,1291.493489,0,1,1704897357
2024-01-04,0xf6aec4f97623e691a9426a69baf5501509fca05d,2577,0x1de8355da82cfb8d2453a5ec3fc4c871281ab4bc,0.0,0.0,3146.794551,0,1,1704924801
2024-01-04,0xf6aec4f97623e691a9426a69baf5501509fca05d,3433,0x7497b333895c64a56924b293e68a6468963f2a7e,0.0,0.0,348.330115,0,1,1704921275
2024-01-04,0xf6aec4f97623e691a9426a69baf5501509fca05d,3537,0x5bcbaba9704f625bdb7eb1d8a3c305737916e6ff,1248.744527,1248.744527,1248.744527,1,1,1704890831
2024-01-04,0xf6aec4f97623e691a9426a69baf5501509fca05d,4162,0xc73b98f2818f9a0aa8ed5034a2c627f3b188eaf3,0.0,0.0,707.994568,0,1,1704394699
2024-01-04,0xf6aec4f97623e691a9426a69baf5501509fca05d,6524,0x7d13deee5864625dc0c1df65cb3c9768a2e73d75,8.963933,8.963933,9.016039,1,1,1704715505
2024-01-04,0xf6aec4f97623e691a9426a69baf5501509fca05d,7120,0x0524f2b8765ee3a1a033311ddc9e2dcaad34b8c3,0.0,0.0,1557.609039,0,1,1704910777
2024-01-04,0xf6aec4f97623e691a9426a69baf5501509fca05d,7844,0x4dccb4444a0a804b778ddac22dc21b4fd0fe1a0d,4.8022,4.8022,4.827035,1,1,1704885359
2024-01-04,0xf6aec4f97623e691a9426a69baf5501509fca05d,9561,0x099b9c7ce4689068ac6206ecdc0d41d9d016937a,0.976288,0.976288,0.0,1,0,1704784537
2024-01-04,0xf6aec4f97623e691a9426a69baf5501509fca05d,9911,0xa4e057e58a11de90f6e63dc9b6c51025bd2c9646,0.0,0.0,40917.990157,0,1,1704926791
2024-01-04,0xf6aec4f97623e691a9426a69baf5501509fca05d,10295,0xc875b3dae5b0c371bc8cf9ded64868b78ac47587,244112.398252,244112.398252,0.0,1,0,1704913979
2024-01-04,0xf6aec4f97623e691a9426a69baf5501509fca05d,10296,0x03c70563e94de5de56c11a0cc4ce3482f592854f,636467.023215,636467.023215,423232.115876,1,1,1704929195
2024-01-04,0xf6aec4f97623e691a9426a69baf5501509fca05d,10298,0xc9814f18a8751214f719de15c54d01b3d78ef14f,121080.710704,107645957.467694,108524876.757896,110,110,1704929143
2024-01-04,0xf6aec4f97623e691a9426a69baf5501509fca05d,10656,0x145acc258b553369e51b4e5fb4d7b7201125eecb,0.0,0.0,0.065329,0,1,1704358311
2024-01-04,0xf89042057d079debe2a65a1a899e48e0e825105f,24,0x208a17c5fabe5b90282e5906945ff335e39326c4,0.0,0.0,46079.099434,0,1,1704918173
2024-01-04,0xf89042057d079debe2a65a1a899e48e0e825105f,51,0x0f228805c03a693aa964a791e0b2e2c6e6c6513f,0.0,0.0,430977.542837,0,1,1704923325
2024-01-04,0xf89042057d079debe2a65a1a899e48e0e825105f,52,0x28878aec6b4209d90a40890183e3322f0ae5b2e2,0.0,0.0,272070.564722,0,1,1704918123
2024-01-04,0xf89042057d079debe2a65a1a899e48e0e825105f,55,0x285fed35cbea271a711681e84ffd83c68a596a75,0.0,0.0,337123.820364,0,1,1704918159
2024-01-04,0xf89042057d079debe2a65a1a899e48e0e825105f,56,0x48a5a6a01ba89cddf97d2d552923d5a11401ed19,300803.349412,300803.349412,0.0,1,0,1704927135
2024-01-04,0xf89042057d079debe2a65a1a899e48e0e825105f,58,0x61d4ac515b82d1ec2f021e63b17519683ac1cabd,0.0,0.0,1794281.03316,0,1,1704920271
2024-01-04,0xf89042057d079debe2a65a1a899e48e0e825105f,64,0xf1010ee787ee588766b441d7cc397b40ddfb17a3,0.0,0.0,294536.859252,0,1,1704917891
2024-01-04,0xf89042057d079debe2a65a1a899e48e0e825105f,67,0x8ce17ff2c7376e9adfe9c63c47a801097fa6c525,0.0,0.0,109139.793882,0,1,1704918343
2024-01-04,0xf89042057d079debe2a65a1a899e48e0e825105f,68,0x132e47cf2c19ec2d8dd56e1528fc7e18dc09188f,0.0,0.0,348520.264161,0,1,1704921047
2024-01-04,0xf89042057d079debe2a65a1a899e48e0e825105f,77,0xeb6772188cf10aa563a1cd163f48355d1a949797,0.0,0.0,215980.586044,0,1,1704918511
2024-01-04,0xf89042057d079debe2a65a1a899e48e0e825105f,103,0x1c2ed7a6c4e3c1146103fa222181115a72243a06,55234.121775,55234.121775,55153.774709,1,1,1704927049
2024-01-04,0xf89042057d079debe2a65a1a899e48e0e825105f,105,0x208a17c5fabe5b90282e5906945ff335e39326c4,0.0,0.0,78316.298496,0,1,1704917695
2024-01-04,0xf89042057d079debe2a65a1a899e48e0e825105f,106,0x615e5022252b31af496574f00d5519c5d93261ab,127763.164703,127763.164703,0.0,1,0,1704834857
2024-01-04,0xf89042057d079debe2a65a1a899e48e0e825105f,122,0xc1061bc6e62d7908eb21f57788b48b3636a2c2d6,214664.830353,214664.830353,428191.841036,1,1,1704910059
2024-01-04,0xf89042057d079debe2a65a1a899e48e0e825105f,124,0x5d6f3d0c92d0564151357b0863e55e9ed4631b8d,0.0,0.0,108995.692634,0,1,1704913069
2024-01-04,0xf89042057d079debe2a65a1a899e48e0e825105f,127,0xecf9265f48006ddb6ee14060fac59c9429c32db6,208918.483936,208918.483936,208614.577823,1,1,1704927359
2024-01-04,0xf89042057d079debe2a65a1a899e48e0e825105f,137,0xa4b6eeeb7eba0fc360a7402f2ebe90c178115e91,0.0,0.0,288282.498735,0,1,1704926497
2024-01-04,0xf89042057d079debe2a65a1a899e48e0e825105f,140,0x9dfd75098827fdc75bd0197d12c405b4518f8d11,0.0,0.0,366036.279394,0,1,1704917883
2024-01-04,0xf89042057d079debe2a65a1a899e48e0e825105f,147,0xe3f0254b09aec48ffa46f9eee5a3bc7a8e510e6d,0.0,0.0,84031.159501,0,1,1704918013
2024-01-04,0xf89042057d079debe2a65a1a899e48e0e825105f,163,0x7ed7888f3bf70ed07f94fd7381d39476928331f7,0.0,0.0,138310.844544,0,1,1704915697
2024-01-04,0xf89042057d079debe2a65a1a899e48e0e825105f,164,0x6788a760215e6cb56d54e34c3464c74976fdc97a,0.0,0.0,273531.777119,0,1,1704926987
2024-01-04,0xf89042057d079debe2a65a1a899e48e0e825105f,165,0x54ecb3397b0bf31cb0b81eb2444e2a7b32507d8b,0.0,0.0,82089.695791,0,1,1704920083
2024-01-04,0xf89042057d079debe2a65a1a899e48e0e825105f,195,0x302757fe1990e6558e03d05036bb88c3129a22c8,207587.120353,207587.120353,72549.802824,1,1,1704901297
2024-01-04,0xf89042057d079debe2a65a1a899e48e0e825105f,221,0x35a1a7740653b9c99b9b70c37c1c97192585b6bb,0.0,0.0,169647.75559,0,1,1704927503
2024-01-04,0xf89042057d079debe2a65a1a899e48e0e825105f,238,0xb6f28ae8f31d85dc27361852b986286113bc588d,0.0,0.0,41818.621694,0,1,1704923647
2024-01-04,0xf89042057d079debe2a65a1a899e48e0e825105f,241,0xd639eee81b30d8b34d5d8cbce83f193e2ba298e4,0.0,0.0,15322.756992,0,1,1704919697
2024-01-04,0xf89042057d079debe2a65a1a899e48e0e825105f,246,0xb17d6e24e2d6b28543b9b75fd731c4591155900b,0.0,0.0,146607.623171,0,1,1704926919
2024-01-04,0xf89042057d079debe2a65a1a899e48e0e825105f,251,0x73cefbf6e7766721d99192449e481567010082e2,0.0,0.0,180017.161195,0,1,1704923117
2024-01-04,0xf89042057d079debe2a65a1a899e48e0e825105f,265,0xb48c2698dc9a6b0cb80e2829bd27c105bd7f1c80,0.0,0.0,137768.326691,0,1,1704924351
2024-01-04,0xf89042057d079debe2a65a1a899e48e0e825105f,274,0xc12faf701d05af1cfabdefc770c3b3c7b59eae10,0.0,0.0,123002.092771,0,1,1704914063
2024-01-04,0xf89042057d079debe2a65a1a899e48e0e825105f,289,0x95b05f935655c37ada2088c5767e5006f230b068,0.0,0.0,11516.741294,0,1,1704921527
2024-01-04,0xf89042057d079debe2a65a1a899e48e0e825105f,290,0x5f4f120d8435ea38f0f4635a910fee03801be88d,0.0,0.0,114527.787352,0,1,1704766901
2024-01-04,0xf89042057d079debe2a65a1a899e48e0e825105f,312,0x9ced3bdc0e6ff65c3f072b0b5527184843ed4eaf,0.0,0.0,102915.911134,0,1,1704924857
2024-01-04,0xf89042057d079debe2a65a1a899e48e0e825105f,319,0xcd763667cd74543bd05c19386347441d3d3f6392,0.0,0.0,152138.440079,0,1,1704815567
2024-01-04,0xf89042057d079debe2a65a1a899e48e0e825105f,341,0xb1d47d39c3bb868e5e4be068b7057d4caad0b31c,0.0,0.0,41738.776455,0,1,1704926799
2024-01-04,0xf89042057d079debe2a65a1a899e48e0e825105f,350,0x38332d808ba345953f41c71d38ca1ef79cffa5c5,0.0,0.0,20921.685888,0,1,1704912835
2024-01-04,0xf89042057d079debe2a65a1a899e48e0e825105f,355,0x6de6e901bbefd26a9888798a25e4a49309d04ca9,0.0,0.0,81310.452787,0,1,1704924987
2024-01-04,0xf89042057d079debe2a65a1a899e48e0e825105f,376,0xff53e3a27b7252148e0f1daf4a00261eee59177f,0.0,0.0,18081.956675,0,1,1704923243
2024-01-04,0xf89042057d079debe2a65a1a899e48e0e825105f,389,0x879d4cf44d51661f991bb3695cc61599d33847c2,33804.472319,33804.472319,0.0,1,0,1704927525
2024-01-04,0xf89042057d079debe2a65a1a899e48e0e825105f,570,0x4beb7e81fbc20476b23a324ed035e538618407da,0.0,0.0,42671.342152,0,1,1704924359
2024-01-04,0xf89042057d079debe2a65a1a899e48e0e825105f,608,0xc45d05cdc809d20c7b14959e8cd4a1199e3e966f,0.0,0.0,35471.435619,0,1,1704695721
2024-01-04,0xf89042057d079debe2a65a1a899e48e0e825105f,614,0x13e7652b9ec7a97a4a98906fc20338ac70940f98,35009.302588,35009.302588,35009.302588,1,1,1704919097
2024-01-04,0xf89042057d079debe2a65a1a899e48e0e825105f,617,0xa33ca84383bac2efb11b8ce21bc10403ff9cc77a,35365.007372,35365.007372,35178.001281,1,1,1704901723
2024-01-04,0xf89042057d079debe2a65a1a899e48e0e825105f,658,0x7f64219e48e349295a580bca164434ea5d1e8433,0.0,0.0,71165.628759,0,1,1704927547
2024-01-04,0xf89042057d079debe2a65a1a899e48e0e825105f,696,0x0927ddcc52c08e3347cc9652da2c34fe9c837d0f,0.0,0.0,28170.650346,0,1,1704926405
2024-01-04,0xf89042057d079debe2a65a1a899e48e0e825105f,718,0xe12dbb4320caa9035c5d104620aa7a0debcbd554,0.0,0.0,26467.674745,0,1,1704927011
2024-01-04,0xf89042057d079debe2a65a1a899e48e0e825105f,790,0x6de6e901bbefd26a9888798a25e4a49309d04ca9,0.0,0.0,22514.333342,0,1,1704924897
2024-01-04,0xf89042057d079debe2a65a1a899e48e0e825105f,809,0x6de6e901bbefd26a9888798a25e4a49309d04ca9,0.0,0.0,21763.676095,0,1,1704924847
2024-01-04,0xf89042057d079debe2a65a1a899e48e0e825105f,814,0x6de6e901bbefd26a9888798a25e4a49309d04ca9,0.0,0.0,21475.896118,0,1,1704924877
2024-01-04,0xf89042057d079debe2a65a1a899e48e0e825105f,815,0x6de6e901bbefd26a9888798a25e4a49309d04ca9,0.0,0.0,21449.599062,0,1,1704924955
2024-01-04,0xf89042057d079debe2a65a1a899e48e0e825105f,817,0x6de6e901bbefd26a9888798a25e4a49309d04ca9,0.0,0.0,21415.967495,0,1,1704924927
2024-01-04,0xf89042057d079debe2a65a1a899e48e0e825105f,926,0x256e2248abb150e5cf0860235e153d0b21b02b25,16967.830376,16967.830376,0.0,1,0,1704890989
2024-01-04,0xf89042057d079debe2a65a1a899e48e0e825105f,927,0xe91f0085f5c3e67c8ebd5c8f6e7f4d884452dbaa,18058.274134,18058.274134,0.0,1,0,1704361769
2024-01-04,0xf89042057d079debe2a65a1a899e48e0e825105f,963,0x48c84fb52dd6fd66cf4c150224b1d41b5f0729c4,16091.104435,16091.104435,16091.104435,1,1,1704924321
2024-01-04,0xf89042057d079debe2a65a1a899e48e0e825105f,1107,0x3750b281e14b0fcd4880399210ce03a7f570fbd7,0.0,0.0,12989.754631,0,1,1704589433
2024-01-04,0xf89042057d079debe2a65a1a899e48e0e825105f,1118,0xa66375ade8c5ec7bc41c8f0c19cf927d7f3192e6,0.0,0.0,12633.5503,0,1,1704927311
2024-01-04,0xf89042057d079debe2a65a1a899e48e0e825105f,1214,0xf5ccd855b7d196c3f3d54ae65e90531f1849bbe2,0.0,0.0,10778.385145,0,1,1704919975
2024-01-04,0xf89042057d079debe2a65a1a899e48e0e825105f,1294,0x2cafb5b9dc0bbf8afda42b652e404bdfe998e2d9,0.0,0.0,9534.072162,0,1,1704922631
2024-01-04,0xf89042057d079debe2a65a1a899e48e0e825105f,1323,0xc74d294ec7ffd446e6fb6d18f2555e358af509fc,9031.284483,9031.284483,9031.284483,1,1,1704927563
2024-01-04,0xf89042057d079debe2a65a1a899e48e0e825105f,1362,0x450cf20323733ea1ba31357cc129bd7da188cc68,0.0,0.0,9541.789254,0,1,1704926695
2024-01-04,0xf89042057d079debe2a65a1a899e48e0e825105f,1429,0x2e9f126f25837e646695b5dff0105b02b815fd3d,0.0,10163.69786,20256.364268,1,2,1704927589
2024-01-04,0xf89042057d079debe2a65a1a899e48e0e825105f,1445,0xfaaa79ed017a66f19bd08161a2ebd215150758c4,0.0,0.0,7766.254039,0,1,1704914843
2024-01-04,0xf89042057d079debe2a65a1a899e48e0e825105f,1533,0x0ea983f21f58f0e1a29ed653bcfc8afac4fec2a4,0.0,0.0,14014.328357,0,1,1704906463
2024-01-04,0xf89042057d079debe2a65a1a899e48e0e825105f,1626,0xddd7148286c3df9fa0d5499d55f341179795aeb0,0.0,0.0,6388.474657,0,1,1704922565
2024-01-04,0xf89042057d079debe2a65a1a899e48e0e825105f,1659,0x3d002f4ca9bfb006d2ce5802be73b8b782ea6fdd,0.0,0.0,6216.763898,0,1,1704920767
2024-01-04,0xf89042057d079debe2a65a1a899e48e0e825105f,1672,0xc8feee4b352c46b15ed12492df669911d8496e51,25425.752381,25425.752381,0.0,1,0,1704927541
2024-01-04,0xf89042057d079debe2a65a1a899e48e0e825105f,1741,0xd5de81e7e5e4f740a26ebb254d6052e1d03b4787,0.0,0.0,5581.438883,0,1,1704912839
2024-01-04,0xf89042057d079debe2a65a1a899e48e0e825105f,1823,0xbce49959edb00ebc509e6a9e11dce059582e7756,0.0,0.0,4956.702687,0,1,1704922777
2024-01-04,0xf89042057d079debe2a65a1a899e48e0e825105f,1840,0x20a75d13cc7e7bde1534252f06a4578de8d70953,0.0,0.0,4665.953715,0,1,1704923029
2024-01-04,0xf89042057d079debe2a65a1a899e48e0e825105f,1872,0xb6a4035370947825d94ca4ac5d30d828ad50265c,0.0,0.0,4731.14332,0,1,1704914157
2024-01-04,0xf89042057d079debe2a65a1a899e48e0e825105f,1878,0x952815ea349a0c10db5d854a16a27d768e85053e,0.0,0.0,3832.511727,0,1,1704915327
2024-01-04,0xf89042057d079debe2a65a1a899e48e0e825105f,2009,0x33ec34b1b4bfcdc9b5e37ba4ab02f6e993a457ae,0.0,0.0,4412.476965,0,1,1704925269
2024-01-04,0xf89042057d079debe2a65a1a899e48e0e825105f,2118,0x9c529af39499eec506ac31fdfa13bb299c2c2a55,0.0,0.0,5592.25631,0,1,1704822435
2024-01-04,0xf89042057d079debe2a65a1a899e48e0e825105f,2254,0xd4a766461855f69ebe6f08a8fdde55c97a009cae,0.0,0.0,3629.805563,0,1,1704641535
2024-01-04,0xf89042057d079debe2a65a1a899e48e0e825105f,2821,0xb6a4035370947825d94ca4ac5d30d828ad50265c,2438.433151,2438.433151,2438.433151,1,1,1704914233
2024-01-04,0xf89042057d079debe2a65a1a899e48e0e825105f,2902,0xf84368dcc03dbd47a6567b7267f573c28b2f07fa,0.0,0.0,585.750987,0,1,1704912941
2024-01-04,0xf89042057d079debe2a65a1a899e48e0e825105f,2940,0xea2ffaa47fbdd4c5e6a6d37ee372f9c3ce539065,2111.702614,2111.702614,2111.702614,1,1,1704854893
2024-01-04,0xf89042057d079debe2a65a1a899e48e0e825105f,3040,0x8b05f073dc61b5f89f2b0ab09fe1c6f987a016a2,1709.404046,1709.404046,1718.443143,1,1,1704926843
2024-01-04,0xf89042057d079debe2a65a1a899e48e0e825105f,3080,0xf5a42683d4458ba74a0829e1e6e04612422f9ba1,0.0,0.0,1829.389928,0,1,1704802421
2024-01-04,0xf89042057d079debe2a65a1a899e48e0e825105f,3400,0x1e51745bdb4436563097833ba83dcc51109d9fa8,718.259064,718.259064,718.259064,1,1,1704924131
2024-01-04,0xf89042057d079debe2a65a1a899e48e0e825105f,4119,0xc2a08ff99df2dd45ca5cf5bc6636954f33294830,391.770091,391.770091,391.200198,1,1,1704926671
2024-01-04,0xf89042057d079debe2a65a1a899e48e0e825105f,4189,0x6cc78993fc28d60b6653a2e7e89d6a5b69975e6b,695.926339,695.926339,0.0,1,0,1704847799
2024-01-04,0xf89042057d079debe2a65a1a899e48e0e825105f,4570,0x4262c25b81d6e9cae2962d93f86e45b59d2c437f,0.0,0.0,6743.987309,0,1,1704332973
2024-01-04,0xf89042057d079debe2a65a1a899e48e0e825105f,4644,0x54bf5834b8ac11a33f98dd3283e496d89768f490,0.0,0.0,1096.74912,0,1,1704926139
2024-01-04,0xf89042057d079debe2a65a1a899e48e0e825105f,6099,0x0762248fa639a8c365f004c5753e5d9c302112d3,0.0,0.0,354.264868,0,1,1704462135
2024-01-04,0xf89042057d079debe2a65a1a899e48e0e825105f,6151,0x6bd46edb7ebb742dd6fa514491b80241d2d83a57,0.0,0.0,162.115737,0,1,1704924585
2024-01-04,0xf89042057d079debe2a65a1a899e48e0e825105f,6313,0xc0de72a1b723452cacf35570db24fa13ec8bc562,0.0,0.0,175.025474,0,1,1704750495
2024-01-04,0xf89042057d079debe2a65a1a899e48e0e825105f,7205,0x72d320a6f03249bd60fb3f1a0ca95daecbd9ca61,150.06109,150.06109,150.06109,1,1,1704536287
2024-01-04,0xf89042057d079debe2a65a1a899e48e0e825105f,7266,0x194453ebfaf52dc98c0ce902196b99f95271e470,0.0,0.0,1026.461802,0,1,1704927019
2024-01-04,0xf89042057d079debe2a65a1a899e48e0e825105f,7646,0xb2bad852361ecb092956460682040723fc12abe2,583351.860983,583351.860983,536598.723965,1,1,1704905637
2024-01-04,0xf89042057d079debe2a65a1a899e48e0e825105f,7984,0xde3d47efad0a417473342a49fab24bdfd7139b72,0.0,0.0,16010.479978,0,1,1704368285
2024-01-04,0xf89042057d079debe2a65a1a899e48e0e825105f,7993,0xd35fc346e15ba5b446917c9fd23a9471d6144701,10014.162788,10014.162788,10014.162788,1,1,1704396349
2024-01-04,0xf89042057d079debe2a65a1a899e48e0e825105f,8405,0x5d6f3d0c92d0564151357b0863e55e9ed4631b8d,0.0,0.0,1402.812262,0,1,1704913067
2024-01-04,0xf89042057d079debe2a65a1a899e48e0e825105f,8431,0x9c6016b2543cfd29a587992393c3c59df1dc48af,0.0,0.0,108880.622415,0,1,1704927215
2024-01-04,0xf89042057d079debe2a65a1a899e48e0e825105f,8466,0xd35fc346e15ba5b446917c9fd23a9471d6144701,10002.357085,10002.357085,10002.357085,1,1,1704396367
2024-01-04,0xf89042057d079debe2a65a1a899e48e0e825105f,8485,0xfdbbfb0fe2986672af97eca0e797d76a0bbf35c9,0.0,503396.622835,1005761.409175,1,2,1704926571
2024-01-04,0xf89042057d079debe2a65a1a899e48e0e825105f,8942,0x72d320a6f03249bd60fb3f1a0ca95daecbd9ca61,36.426297,36.426297,36.807286,1,1,1704536367
2024-01-04,0xf89042057d079debe2a65a1a899e48e0e825105f,9238,0xd35fc346e15ba5b446917c9fd23a9471d6144701,1640.16,1640.16,1640.16,1,1,1704396389
2024-01-04,0xf89042057d079debe2a65a1a899e48e0e825105f,9261,0xb6f28ae8f31d85dc27361852b986286113bc588d,0.0,4403.773845,7755.281072,1,2,1704923715
2024-01-04,0xf89042057d079debe2a65a1a899e48e0e825105f,9270,0xcb7d87f5502fc91529e0fe92373dddd8ff1f3d7c,0.0,0.0,107703.09562,0,1,1704927527
2024-01-04,0xf89042057d079debe2a65a1a899e48e0e825105f,9417,0x72d320a6f03249bd60fb3f1a0ca95daecbd9ca61,29.457439,29.457439,0.0,1,0,1704537581
2024-01-04,0xf89042057d079debe2a65a1a899e48e0e825105f,9561,0x099b9c7ce4689068ac6206ecdc0d41d9d016937a,0.976288,0.976288,0.0,1,0,1704784537
2024-01-04,0xf89042057d079debe2a65a1a899e48e0e825105f,9636,0xcdd49f7b85b111b35761a725aaf9d5dbc02b4cef,0.0,52178.696167,101715.015684,1,2,1704830019
2024-01-04,0xf89042057d079debe2a65a1a899e48e0e825105f,9643,0x72d320a6f03249bd60fb3f1a0ca95daecbd9ca61,96.130958,96.130958,97.116365,1,1,1704536331
2024-01-04,0xf89042057d079debe2a65a1a899e48e0e825105f,9754,0xd287b9581d7d502e681a1c4c3882e765594defc7,0.0,0.0,9365.344586,0,1,1704915409
2024-01-04,0xf89042057d079debe2a65a1a899e48e0e825105f,9756,0x72d320a6f03249bd60fb3f1a0ca95daecbd9ca61,0.0,0.0,26.102259,0,1,1704537467
2024-01-04,0xf89042057d079debe2a65a1a899e48e0e825105f,9872,0xf22862b5c8d5a17a68536521e0c82c5387bd65af,0.0,0.0,750.0,0,1,1704882055
2024-01-04,0xf89042057d079debe2a65a1a899e48e0e825105f,10026,0x6613a1521394c2f17c7d705e48279e44c2a01936,0.0,0.0,1487.55503,0,1,1704330801
2024-01-04,0xf89042057d079debe2a65a1a899e48e0e825105f,10040,0x64878672b3fc544db57b043eb651e13f1cb8c4ed,0.0,0.0,10633.184101,0,1,1704926731
2024-01-04,0xf89042057d079debe2a65a1a899e48e0e825105f,10042,0xde1fa11188571b887901f62efa0291ce47e509ba,0.0,0.0,10165.743527,0,1,1704926845
2024-01-04,0xf89042057d079debe2a65a1a899e48e0e825105f,10295,0xc875b3dae5b0c371bc8cf9ded64868b78ac47587,1708786.787764,1708786.787764,0.0,1,0,1704913979
2024-01-04,0xf89042057d079debe2a65a1a899e48e0e825105f,10296,0x03c70563e94de5de56c11a0cc4ce3482f592854f,8910538.325011,8910538.325011,6348481.738139,1,1,1704929195
2024-01-04,0xf89042057d079debe2a65a1a899e48e0e825105f,10298,0xc9814f18a8751214f719de15c54d01b3d78ef14f,1695129.949858,449489253.27158,451958686.325493,110,110,1704929143
2024-01-04,0xf89042057d079debe2a65a1a899e48e0e825105f,10389,0xe79a3cd39dc76cd97ace0a665edf9ec3f19af42c,0.0,0.0,1421.680522,0,1,1704360179
2024-01-04,0xf89042057d079debe2a65a1a899e48e0e825105f,10467,0xcd763667cd74543bd05c19386347441d3d3f6392,0.0,0.0,6808.0,0,1,1704417013
2024-01-04,0xf89042057d079debe2a65a1a899e48e0e825105f,10524,0xd287b9581d7d502e681a1c4c3882e765594defc7,0.0,0.0,1280.106818,0,1,1704915437
2024-01-04,0xf89042057d079debe2a65a1a899e48e0e825105f,10600,0x687efddc15dbb754ffa4a46edc93b673a05cd19c,198.838465,198.838465,198.954322,1,1,1704347013
2024-01-04,0xf89042057d079debe2a65a1a899e48e0e825105f,10630,0xdaaffba0ab113acbee5c65ecdcccdc60aaf7d110,792.596204,792.596204,0.0,1,0,1704896729
2024-01-04,0xf89042057d079debe2a65a1a899e48e0e825105f,10656,0x145acc258b553369e51b4e5fb4d7b7201125eecb,0.064829,0.064829,0.065329,1,1,1704891285
2024-01-04,0xf89042057d079debe2a65a1a899e48e0e825105f,10657,0x892176d784bed3dc877a62f3ff9fc091377b2a49,0.989558,0.989558,2.492648,1,1,1704873411
2024-01-04,0xf89042057d079debe2a65a1a899e48e0e825105f,10680,0x145acc258b553369e51b4e5fb4d7b7201125eecb,504.514971,504.514971,0.0,1,0,1704909255
2024-01-04,0xf89042057d079debe2a65a1a899e48e0e825105f,10810,0x7e11a3883e901bdc0eef2b4e135f11e1fe57c1de,0.0,0.0,452.749235,0,1,1704641139
2024-01-04,0xf89042057d079debe2a65a1a899e48e0e825105f,10960,0x98c591f5a409fbe00345be802e40af9f569e2646,7.577817,7.577817,0.0,1,0,1704873815
2024-01-04,0xfd8aa87c97d32345bfe4f753acf25729008331c9,1011,0x52d033e64774f31a8b7562806aa5782cbbd29382,139034.033331,290707.524238,302263.268521,2,2,1704900931
2024-01-04,0xfd8aa87c97d32345bfe4f753acf25729008331c9,7966,0x5eaa8bdc315608e8cf873cfaba05e42826f68c4d,2067.66805,2067.66805,28.081515,1,1,1704900675
2024-01-04,0xfd8aa87c97d32345bfe4f753acf25729008331c9,8428,0x92b200b674f7e7fbecd6d71d041d079c513d9965,0.0,0.0,1730.969217,0,1,1704901031
2024-01-04,0xffa3f8737c39e36dec4300b162c2153c67c8352f,16,0x370880694995aa8a53f71645f7bec3b0e7bb25d9,0.0,0.0,429493.273911,0,1,1704904721
2024-01-04,0xffa3f8737c39e36dec4300b162c2153c67c8352f,43,0x2ddb405238368695f34d30a80ab60c449aa5ce48,0.0,0.0,91429.726369,0,1,1704915295
2024-01-04,0xffa3f8737c39e36dec4300b162c2153c67c8352f,51,0x0f228805c03a693aa964a791e0b2e2c6e6c6513f,287736.922317,287736.922317,0.0,1,0,1704923325
2024-01-04,0xffa3f8737c39e36dec4300b162c2153c67c8352f,52,0x28878aec6b4209d90a40890183e3322f0ae5b2e2,0.0,0.0,272070.564722,0,1,1704918123
2024-01-04,0xffa3f8737c39e36dec4300b162c2153c67c8352f,53,0x1594b251df6b70ca9a01d4de0836ab4fd9811241,0.0,0.0,490613.284489,0,1,1704901557
2024-01-04,0xffa3f8737c39e36dec4300b162c2153c67c8352f,56,0x48a5a6a01ba89cddf97d2d552923d5a11401ed19,133690.377516,133690.377516,0.0,1,0,1704927135
2024-01-04,0xffa3f8737c39e36dec4300b162c2153c67c8352f,57,0x72d4d59f31d0cb4a4213a5dc81fc0108241ecc71,0.0,0.0,863638.857327,0,1,1704918909
2024-01-04,0xffa3f8737c39e36dec4300b162c2153c67c8352f,63,0x0172e05392aba65366c4dbbb70d958bbf43304e4,0.0,0.0,1389346.623682,0,1,1704924311
2024-01-04,0xffa3f8737c39e36dec4300b162c2153c67c8352f,72,0x712180063c3b8aaedabc68e73803c3e299614749,0.0,0.0,975667.397656,0,1,1704762277
2024-01-04,0xffa3f8737c39e36dec4300b162c2153c67c8352f,76,0x0578fe63a40dd249b853487dae3c9eb01957628e,0.0,0.0,1013130.809165,0,1,1704921323
2024-01-04,0xffa3f8737c39e36dec4300b162c2153c67c8352f,81,0x5c70b3f22595caf8314f77dabc628363aaee18ad,0.0,0.0,813294.141574,0,1,1704743035
2024-01-04,0xffa3f8737c39e36dec4300b162c2153c67c8352f,103,0x1c2ed7a6c4e3c1146103fa222181115a72243a06,55234.121775,55234.121775,55153.774709,1,1,1704927049
2024-01-04,0xffa3f8737c39e36dec4300b162c2153c67c8352f,117,0xdb2b9d473014d8c6a5e55da92205199457ba6624,0.0,0.0,493020.994639,0,1,1704711153
2024-01-04,0xffa3f8737c39e36dec4300b162c2153c67c8352f,118,0x4ccfeb186c61217f05d8756314c600089b27a1c3,109134.324343,109134.324343,0.0,1,0,1704926249
2024-01-04,0xffa3f8737c39e36dec4300b162c2153c67c8352f,137,0xa4b6eeeb7eba0fc360a7402f2ebe90c178115e91,1153129.994938,1153129.994938,288282.498735,1,1,1704926497
2024-01-04,0xffa3f8737c39e36dec4300b162c2153c67c8352f,162,0xfa9e221a7af006531a816e98792a3e4b22a01461,282818.352615,282818.352615,0.0,1,0,1704925639
2024-01-04,0xffa3f8737c39e36dec4300b162c2153c67c8352f,184,0x76c2cd1b8a249f465f8445c455cb78e0eed36f1e,0.0,0.0,105019.519721,0,1,1704920107
2024-01-04,0xffa3f8737c39e36dec4300b162c2153c67c8352f,190,0x48d18a882b0be145606a11fce6f8a301256b93fa,0.0,0.0,53225.951564,0,1,1704926997
2024-01-04,0xffa3f8737c39e36dec4300b162c2153c67c8352f,195,0x302757fe1990e6558e03d05036bb88c3129a22c8,0.0,0.0,72549.802824,0,1,1704901297
2024-01-04,0xffa3f8737c39e36dec4300b162c2153c67c8352f,203,0x637fceaf3e5289d2b396b831335e7d8a180c5656,47598.207108,47598.207108,47598.207108,1,1,1704926293
2024-01-04,0xffa3f8737c39e36dec4300b162c2153c67c8352f,210,0x4e51a06e4643197e1be2f050b6af60f9ad3cef06,0.0,244984.952981,487269.067286,1,2,1704338047
2024-01-04,0xffa3f8737c39e36dec4300b162c2153c67c8352f,222,0x9f02988adb650e55cc5eb5619c383fd223848bb5,0.0,0.0,169504.949707,0,1,1704903529
2024-01-04,0xffa3f8737c39e36dec4300b162c2153c67c8352f,242,0xa0eb44b173af64f2fdb47c7d76ff3a33e04103b6,95884.028484,95884.028484,0.0,1,0,1704925877
2024-01-04,0xffa3f8737c39e36dec4300b162c2153c67c8352f,246,0xb17d6e24e2d6b28543b9b75fd731c4591155900b,146607.623171,146607.623171,0.0,1,0,1704926919
2024-01-04,0xffa3f8737c39e36dec4300b162c2153c67c8352f,265,0xb48c2698dc9a6b0cb80e2829bd27c105bd7f1c80,137969.025209,137969.025209,0.0,1,0,1704924351
2024-01-04,0xffa3f8737c39e36dec4300b162c2153c67c8352f,271,0x791437cc4fa77c534b8b55d0cc6f06c9cab5ebb5,0.0,0.0,124790.70758,0,1,1704924241
2024-01-04,0xffa3f8737c39e36dec4300b162c2153c67c8352f,289,0x95b05f935655c37ada2088c5767e5006f230b068,11438.519975,11438.519975,11438.519975,1,1,1704921527
2024-01-04,0xffa3f8737c39e36dec4300b162c2153c67c8352f,312,0x9ced3bdc0e6ff65c3f072b0b5527184843ed4eaf,103679.147305,103679.147305,0.0,1,0,1704924857
2024-01-04,0xffa3f8737c39e36dec4300b162c2153c67c8352f,313,0x2f9677016cb1e92e8f8a999c4541650c80c8637a,0.0,0.0,95165.558503,0,1,1704922157
2024-01-04,0xffa3f8737c39e36dec4300b162c2153c67c8352f,361,0xb450aa35d3f2bc49bd24fa31439ad4aa2c6a17c2,79782.928863,79782.928863,0.0,1,0,1704924423
2024-01-04,0xffa3f8737c39e36dec4300b162c2153c67c8352f,366,0xd48a206697ba7dd8641f97060b2ac74a252be092,0.0,0.0,76177.0415,0,1,1704908681
2024-01-04,0xffa3f8737c39e36dec4300b162c2153c67c8352f,389,0x879d4cf44d51661f991bb3695cc61599d33847c2,33804.472319,33804.472319,33804.472319,1,1,1704927525
2024-01-04,0xffa3f8737c39e36dec4300b162c2153c67c8352f,412,0xb1101c790731f62bd06cc5e91551fa523a20330d,0.0,0.0,62952.061068,0,1,1704877165
2024-01-04,0xffa3f8737c39e36dec4300b162c2153c67c8352f,426,0x0e39b12dc1f8a69202838f540684fb5ac307c9c1,0.0,0.0,14714.074686,0,1,1704914147
2024-01-04,0xffa3f8737c39e36dec4300b162c2153c67c8352f,461,0xa46c8bcaa1a5d3a7c0822a09ffe593399a1de80f,0.0,0.0,50032.208487,0,1,1704402597
2024-01-04,0xffa3f8737c39e36dec4300b162c2153c67c8352f,482,0xceff98a045a3732f3e26247a29ba5e7d52fe84b2,0.0,0.0,52465.149614,0,1,1704877073
2024-01-04,0xffa3f8737c39e36dec4300b162c2153c67c8352f,492,0x0d137799300898b205df530df8aeed1dcdae80ea,0.0,0.0,70891.263892,0,1,1704866093
2024-01-04,0xffa3f8737c39e36dec4300b162c2153c67c8352f,504,0xcfba6d63ec822425775d3c509e60ff689c1ae1e7,11744.331485,11744.331485,11727.247434,1,1,1704906031
2024-01-04,0xffa3f8737c39e36dec4300b162c2153c67c8352f,536,0xf6ed81d5e9f61dd1ea21e96ae1d660ecc388ae4f,16307.519013,16307.519013,16307.519013,1,1,1704900951
2024-01-04,0xffa3f8737c39e36dec4300b162c2153c67c8352f,543,0x6613a1521394c2f17c7d705e48279e44c2a01936,0.0,0.0,10074.499969,0,1,1704330767
2024-01-04,0xffa3f8737c39e36dec4300b162c2153c67c8352f,546,0x8cfee9540fda895e2323781391b49620e7909d77,0.0,0.0,40129.505374,0,1,1704927309
2024-01-04,0xffa3f8737c39e36dec4300b162c2153c67c8352f,548,0xb82e12d1da436611c5c94d535c3a40f5fb3f35ab,0.0,0.0,13194.416011,0,1,1704916911
2024-01-04,0xffa3f8737c39e36dec4300b162c2153c67c8352f,575,0x94587a95917188b338c822de2d1e77074131589f,0.0,0.0,9446.294342,0,1,1704331023
2024-01-04,0xffa3f8737c39e36dec4300b162c2153c67c8352f,583,0xd8a30dbb3b8b204b6d8bb800d0f2865d07dc904c,0.0,0.0,37190.995233,0,1,1704808189
2024-01-04,0xffa3f8737c39e36dec4300b162c2153c67c8352f,612,0xb7db1273e05bb89c9c4858d3b0a280cf9dd38d69,0.0,0.0,35313.506293,0,1,1704912347
2024-01-04,0xffa3f8737c39e36dec4300b162c2153c67c8352f,685,0x30858a8051eaa08fbc3dc37fb290792fd30664b7,0.0,0.0,29048.615668,0,1,1704900517
2024-01-04,0xffa3f8737c39e36dec4300b162c2153c67c8352f,696,0x0927ddcc52c08e3347cc9652da2c34fe9c837d0f,28170.650346,28170.650346,0.0,1,0,1704926405
2024-01-04,0xffa3f8737c39e36dec4300b162c2153c67c8352f,717,0x24b1bf98402c33a78c96178b833f89dbde7e76a7,0.0,0.0,24955.137144,0,1,1704862687
2024-01-04,0xffa3f8737c39e36dec4300b162c2153c67c8352f,749,0x973a783d79fd380309f3ccfc1f4ef9f21fcf6c0c,29999.998679,29999.998679,29999.998679,1,1,1704923101
2024-01-04,0xffa3f8737c39e36dec4300b162c2153c67c8352f,776,0xc923dd451dfb1fc6a4608982c6c077414da06a4d,0.0,0.0,12505.393219,0,1,1704787573
2024-01-04,0xffa3f8737c39e36dec4300b162c2153c67c8352f,832,0xde1a20ad593386d0ac260a8450b2349d8ab4eb57,0.0,0.0,20506.574929,0,1,1704459215
2024-01-04,0xffa3f8737c39e36dec4300b162c2153c67c8352f,936,0xb9878d041806f426ac56e2dcee1239802d1ca696,10932.250949,10932.250949,21987.819073,1,1,1704678033
2024-01-04,0xffa3f8737c39e36dec4300b162c2153c67c8352f,938,0xa7f343a7c53f3a852a7ae51f5e62b4d9b0594336,0.0,0.0,26165.850705,0,1,1704914489
2024-01-04,0xffa3f8737c39e36dec4300b162c2153c67c8352f,942,0x69e24369bfeda80348bd5104df01c4d8b33ecff9,0.0,0.0,20442.165636,0,1,1704885167
2024-01-04,0xffa3f8737c39e36dec4300b162c2153c67c8352f,946,0x4523b791292da89a9194b61ba4cd9d98f2af68e0,0.0,0.0,8307.068572,0,1,1704923239
2024-01-04,0xffa3f8737c39e36dec4300b162c2153c67c8352f,955,0x9cb016669c235ccebcd2fbbffa2d8d3a2247b02c,0.0,0.0,8205.632025,0,1,1704913395
2024-01-04,0xffa3f8737c39e36dec4300b162c2153c67c8352f,960,0x2932c3e41f92a3e4f5f36a81e346397de8620502,0.0,0.0,16019.660039,0,1,1704920193
2024-01-04,0xffa3f8737c39e36dec4300b162c2153c67c8352f,1025,0xb8c511dc5d5ab1fc51fa7a4b521f0f3da0746c28,29373.215479,29373.215479,0.0,1,0,1704925549
2024-01-04,0xffa3f8737c39e36dec4300b162c2153c67c8352f,1057,0x9eda173b60b105d2e255a1f535f70db2587eefe0,0.0,0.0,13680.112316,0,1,1704828665
2024-01-04,0xffa3f8737c39e36dec4300b162c2153c67c8352f,1103,0xf20fdc9a62de0b4724580eebb867e34fe0c6e5cf,0.0,0.0,12842.622931,0,1,1704874371
2024-01-04,0xffa3f8737c39e36dec4300b162c2153c67c8352f,1159,0x54f2d57856e44dcf81880df34df300d145cc7d57,0.0,0.0,11793.86814,0,1,1704871847
2024-01-04,0xffa3f8737c39e36dec4300b162c2153c67c8352f,1183,0x0c9e20b9046f31da1e84b1b968b5fff23e815fd6,0.0,0.0,11743.74568,0,1,1704811129
2024-01-04,0xffa3f8737c39e36dec4300b162c2153c67c8352f,1227,0x80ca39a504f37081ba2805420d234ddc9dab9d45,0.0,0.0,10553.699704,0,1,1704924303
2024-01-04,0xffa3f8737c39e36dec4300b162c2153c67c8352f,1235,0x62e1af3e818afc059d111c4f53cf0a2d9fd29110,10474.813597,10474.813597,0.0,1,0,1704925649
2024-01-04,0xffa3f8737c39e36dec4300b162c2153c67c8352f,1245,0x6b879c078ea4cc27bbdb486fcaa4fa27e6cbe97a,0.0,0.0,135348.123492,0,1,1704860217
2024-01-04,0xffa3f8737c39e36dec4300b162c2153c67c8352f,1255,0x4f4d6d47a8a764cf8dab8f544b055fbd109304af,0.0,0.0,5019.797319,0,1,1704726923
2024-01-04,0xffa3f8737c39e36dec4300b162c2153c67c8352f,1271,0xcfa985eafeacd824135173deb3fde50c05ac2ce1,0.0,0.0,9994.71421,0,1,1704884383
2024-01-04,0xffa3f8737c39e36dec4300b162c2153c67c8352f,1306,0x0473a13cb3088ebd0092ea137170508da3f7fb8c,0.0,0.0,9353.727781,0,1,1704866225
2024-01-04,0xffa3f8737c39e36dec4300b162c2153c67c8352f,1340,0xe5edfe0e968bf5dad6d023814989b536c0875676,8815.029381,8815.029381,8815.029381,1,1,1704922323
2024-01-04,0xffa3f8737c39e36dec4300b162c2153c67c8352f,1363,0x43d16ccd581e1d6a8d51768f75ddf09b79f4f856,2178.847334,2178.847334,2172.722996,1,1,1704908401
2024-01-04,0xffa3f8737c39e36dec4300b162c2153c67c8352f,1400,0x9afde32e2b7065514cb899a0de8e79d6c83874c0,0.0,0.0,8394.326909,0,1,1704857963
2024-01-04,0xffa3f8737c39e36dec4300b162c2153c67c8352f,1469,0x8fc4faa9dd274dc801ca629234e83183031634ec,2003.356995,2003.356995,2000.442784,1,1,1704904541
2024-01-04,0xffa3f8737c39e36dec4300b162c2153c67c8352f,1473,0xb0720a40d6335df0ac90ff9e4b755217632ca78c,0.0,0.0,3841.186159,0,1,1704876957
2024-01-04,0xffa3f8737c39e36dec4300b162c2153c67c8352f,1520,0xa2d35e418814a8b6367c66a5ac2fec8ea16332b2,0.0,0.0,3592.674176,0,1,1704781459
2024-01-04,0xffa3f8737c39e36dec4300b162c2153c67c8352f,1547,0x40db8365d1252bcb06598927698238a99d39228e,7716.434253,7716.434253,7691.201374,1,1,1704902157
2024-01-04,0xffa3f8737c39e36dec4300b162c2153c67c8352f,1840,0x20a75d13cc7e7bde1534252f06a4578de8d70953,245.576511,245.576511,0.0,1,0,1704923029
2024-01-04,0xffa3f8737c39e36dec4300b162c2153c67c8352f,1860,0x91d6d3bec03ef9a0cdd61fd22705f825665a0d71,0.0,0.0,4842.914947,0,1,1704377807
2024-01-04,0xffa3f8737c39e36dec4300b162c2153c67c8352f,2001,0x8e1378c5c12b3207edef52204a1c81c170818e62,0.0,0.0,14522.96924,0,1,1704917975
2024-01-04,0xffa3f8737c39e36dec4300b162c2153c67c8352f,2261,0xde7667870f823e899b1d21cce01ed690e4c80f51,2238.355697,2238.355697,1015.061217,1,1,1704924791
2024-01-04,0xffa3f8737c39e36dec4300b162c2153c67c8352f,2264,0x4232cc095d14c6a804a8235f3b48d9d66b732b0d,3649.717126,3649.717126,3649.717126,1,1,1704671567
2024-01-04,0xffa3f8737c39e36dec4300b162c2153c67c8352f,2351,0x3bc29ca7ff3bb9a205a766d31c1cdd6917202734,3503.291989,3503.291989,0.0,1,0,1704798611
2024-01-04,0xffa3f8737c39e36dec4300b162c2153c67c8352f,2362,0xbaa9b493bccbe1a900b39870980f41356f85822a,0.0,0.0,8570.817579,0,1,1704900145
2024-01-04,0xffa3f8737c39e36dec4300b162c2153c67c8352f,2402,0x3af395f085ac04dc4fc26c247d6b8bf11b282b8a,0.0,0.0,3380.708836,0,1,1704841173
2024-01-04,0xffa3f8737c39e36dec4300b162c2153c67c8352f,2458,0x9f88ce4eb5fbbdca7d911fa75c6f8fbd95d2bbbc,3326.100318,3326.100318,3326.100318,1,1,1704902573
2024-01-04,0xffa3f8737c39e36dec4300b162c2153c67c8352f,2510,0x2afeb9ac4196037c575b45ada553b70ec80d40df,0.0,0.0,5118.720079,0,1,1704751297
2024-01-04,0xffa3f8737c39e36dec4300b162c2153c67c8352f,2630,0x62e1af3e818afc059d111c4f53cf0a2d9fd29110,3096.775356,3096.775356,0.0,1,0,1704925683
2024-01-04,0xffa3f8737c39e36dec4300b162c2153c67c8352f,2827,0xbd48855db52b9d0b5ea728e75fb20b74297ac70e,0.0,0.0,635.646653,0,1,1704445995
2024-01-04,0xffa3f8737c39e36dec4300b162c2153c67c8352f,2892,0xa57b927848e94110898c56c5add293378706d638,0.0,0.0,2195.763485,0,1,1704385171
2024-01-04,0xffa3f8737c39e36dec4300b162c2153c67c8352f,2959,0xd0c218b477a000aa75f618c1793bfa9198bab7d0,0.0,0.0,2038.308284,0,1,1704463087
2024-01-04,0xffa3f8737c39e36dec4300b162c2153c67c8352f,3041,0x7caea457224c345d1518a23fbd07ebdbdd21170c,473.860181,473.860181,473.860181,1,1,1704843557
2024-01-04,0xffa3f8737c39e36dec4300b162c2153c67c8352f,3047,0xbee2d469aacb46251ae33cca91f482e26c971dff,948.047286,948.047286,0.0,1,0,1704922543
2024-01-04,0xffa3f8737c39e36dec4300b162c2153c67c8352f,3077,0xfc64410a03b205b995a9101f99a55026d8f1f1da,997.130492,997.130492,0.0,1,0,1704922349
2024-01-04,0xffa3f8737c39e36dec4300b162c2153c67c8352f,3150,0x5259e022cd88761eabf328f29aab25a123112c8a,0.0,0.0,6100.29895,0,1,1704899001
2024-01-04,0xffa3f8737c39e36dec4300b162c2153c67c8352f,3329,0x9213dc91b318f030eeac9085871939c6c7c58089,0.0,0.0,50459.051791,0,1,1704807135
2024-01-04,0xffa3f8737c39e36dec4300b162c2153c67c8352f,3347,0x175fb20b9b5bcf80a0167d403405e6f3a074cfa0,193.339338,193.339338,193.339338,1,1,1704483891
2024-01-04,0xffa3f8737c39e36dec4300b162c2153c67c8352f,3400,0x1e51745bdb4436563097833ba83dcc51109d9fa8,718.259064,718.259064,0.0,1,0,1704924131
2024-01-04,0xffa3f8737c39e36dec4300b162c2153c67c8352f,3437,0xc16373b5fdb767c5c10b1ef1668649f94f925e03,346.810775,346.810775,548.200744,1,1,1704650539
2024-01-04,0xffa3f8737c39e36dec4300b162c2153c67c8352f,3579,0x86ff945e6dc2470317ca082a01de7d24188671ac,0.0,0.0,1200.678237,0,1,1704698101
2024-01-04,0xffa3f8737c39e36dec4300b162c2153c67c8352f,3610,0xdbcfcf489faa6a6d068bdd71f130da5f1526d51f,0.0,0.0,1148.883597,0,1,1704914769
2024-01-04,0xffa3f8737c39e36dec4300b162c2153c67c8352f,3726,0xa731c24fc9ca345f43d8614248f9adcd5ed4e281,0.0,0.0,1068.398452,0,1,1704914299
2024-01-04,0xffa3f8737c39e36dec4300b162c2153c67c8352f,3785,0xa773c2b60ad3c01500fcb0829cb9ef3ba747a761,1653.316541,1653.316541,1650.911521,1,1,1704422571
2024-01-04,0xffa3f8737c39e36dec4300b162c2153c67c8352f,3882,0x977ee6f3c17ecb90ac5504ad92240d40a33ba129,0.0,0.0,928.804666,0,1,1704481087
2024-01-04,0xffa3f8737c39e36dec4300b162c2153c67c8352f,4011,0x6322872f335dde0d4b44537f69fbae74bbed39de,81.644249,81.644249,0.0,1,0,1704812733
2024-01-04,0xffa3f8737c39e36dec4300b162c2153c67c8352f,4176,0x8394888598fee04bac7600598edd91b3a7b5389c,698.061047,698.061047,0.0,1,0,1704764447
2024-01-04,0xffa3f8737c39e36dec4300b162c2153c67c8352f,4289,0x051f2ebef8580005ab864d55b6d0d001ecc89b85,962.849553,962.849553,961.448931,1,1,1704887031
2024-01-04,0xffa3f8737c39e36dec4300b162c2153c67c8352f,4338,0xe5dea68128774d469030ae39066818f9e122bc47,596.217542,596.217542,596.217542,1,1,1704792297
2024-01-04,0xffa3f8737c39e36dec4300b162c2153c67c8352f,4640,0x1c3be20a226333e26833618b96e9d10aa741da6e,0.0,0.0,464.734166,0,1,1704621003
2024-01-04,0xffa3f8737c39e36dec4300b162c2153c67c8352f,4876,0xb1d67ccacf4416f726615d42f27bcd1cc45e03c1,0.0,0.0,413.287514,0,1,1704918011
2024-01-04,0xffa3f8737c39e36dec4300b162c2153c67c8352f,4881,0x7cb552152e2b28f9f6911c51b69b0d8d1fadafe1,0.0,0.0,862.055017,0,1,1704463781
2024-01-04,0xffa3f8737c39e36dec4300b162c2153c67c8352f,5158,0x75abf28b9cae8edb0c1209eff172f9420cc63549,388.966012,388.966012,0.0,1,0,1704406113
2024-01-04,0xffa3f8737c39e36dec4300b162c2153c67c8352f,5587,0x1b49144f6e4c41ee7ed030cf93b185cbbbbc7f0e,0.0,0.0,1232.056553,0,1,1704623159
2024-01-04,0xffa3f8737c39e36dec4300b162c2153c67c8352f,6048,0xdae55f2c0367f24d13e72e75392cf2d68a450f7e,179.785948,179.785948,177.748089,1,1,1704746857
2024-01-04,0xffa3f8737c39e36dec4300b162c2153c67c8352f,6151,0x6bd46edb7ebb742dd6fa514491b80241d2d83a57,160.417396,160.417396,0.0,1,0,1704924585
2024-01-04,0xffa3f8737c39e36dec4300b162c2153c67c8352f,6585,0x221a68818a6a77fae0d920306b45a3b1e32e6743,0.0,0.0,5111.502083,0,1,1704357237
2024-01-04,0xffa3f8737c39e36dec4300b162c2153c67c8352f,6648,0xa0eba15eda152fcdc38fb32e3c50f73e3a2ea965,0.0,11282.004514,13686.004614,3,4,1704879061
2024-01-04,0xffa3f8737c39e36dec4300b162c2153c67c8352f,7039,0xb5235bb9ec03353da455d742dd09cbc3817fe3fa,199904.497004,199904.497004,199342.207935,1,1,1704926227
2024-01-04,0xffa3f8737c39e36dec4300b162c2153c67c8352f,7448,0xb5235bb9ec03353da455d742dd09cbc3817fe3fa,249237.544625,249237.544625,248536.492127,1,1,1704926237
2024-01-04,0xffa3f8737c39e36dec4300b162c2153c67c8352f,7722,0xb5235bb9ec03353da455d742dd09cbc3817fe3fa,195180.517093,195180.517093,194631.51558,1,1,1704926251
2024-01-04,0xffa3f8737c39e36dec4300b162c2153c67c8352f,7979,0x529656620d914443405a55ec42ad0eaeaf0b4a2c,0.0,0.0,202349.070594,0,1,1704873851
2024-01-04,0xffa3f8737c39e36dec4300b162c2153c67c8352f,8032,0xf265702178a66b4b7ce079fc8a1629e47cf1bcde,196058.840273,196058.840273,0.0,1,0,1704923031
2024-01-04,0xffa3f8737c39e36dec4300b162c2153c67c8352f,8046,0xb5235bb9ec03353da455d742dd09cbc3817fe3fa,245280.610271,245280.610271,244590.687792,1,1,1704926265
2024-01-04,0xffa3f8737c39e36dec4300b162c2153c67c8352f,8106,0xe50443cc0637f66f772f415bf5769a4eaddff694,0.0,0.0,302.313228,0,1,1704755133
2024-01-04,0xffa3f8737c39e36dec4300b162c2153c67c8352f,8347,0x0578fe63a40dd249b853487dae3c9eb01957628e,36413.713659,36413.713659,36360.743956,1,1,1704921341
2024-01-04,0xffa3f8737c39e36dec4300b162c2153c67c8352f,8390,0x4e51a06e4643197e1be2f050b6af60f9ad3cef06,0.0,0.0,3976.862476,0,1,1704338091
2024-01-04,0xffa3f8737c39e36dec4300b162c2153c67c8352f,8451,0xb5235bb9ec03353da455d742dd09cbc3817fe3fa,214706.666855,214706.666855,214102.742412,1,1,1704926281
2024-01-04,0xffa3f8737c39e36dec4300b162c2153c67c8352f,8543,0xd69334db1e0858da4ec72c9ed14c4319c5761c3f,0.0,0.0,16497.477073,0,1,1704336247
2024-01-04,0xffa3f8737c39e36dec4300b162c2153c67c8352f,9029,0xa96a2500ff54c0b38e69a66cafc1dcaa76651667,0.0,0.0,7588.42089,0,1,1704624937
2024-01-04,0xffa3f8737c39e36dec4300b162c2153c67c8352f,9041,0xcdeab036e1f56c09cc94598490ac338992edab05,76.864647,76.864647,143.028682,1,1,1704921593
2024-01-04,0xffa3f8737c39e36dec4300b162c2153c67c8352f,9042,0xcdeab036e1f56c09cc94598490ac338992edab05,116.769019,116.769019,183.823195,1,1,1704921643
2024-01-04,0xffa3f8737c39e36dec4300b162c2153c67c8352f,9090,0xb5235bb9ec03353da455d742dd09cbc3817fe3fa,269005.654437,269005.654437,268248.998427,1,1,1704926295
2024-01-04,0xffa3f8737c39e36dec4300b162c2153c67c8352f,9091,0xb5235bb9ec03353da455d742dd09cbc3817fe3fa,203311.557443,203311.557443,202739.685034,1,1,1704926307
2024-01-04,0xffa3f8737c39e36dec4300b162c2153c67c8352f,9092,0xb5235bb9ec03353da455d742dd09cbc3817fe3fa,203311.556576,203311.556576,202739.684168,1,1,1704926323
2024-01-04,0xffa3f8737c39e36dec4300b162c2153c67c8352f,9255,0x4e51a06e4643197e1be2f050b6af60f9ad3cef06,0.0,0.0,2390.020854,0,1,1704338119
2024-01-04,0xffa3f8737c39e36dec4300b162c2153c67c8352f,9258,0xd847fda8158b1dcada13d386b1372136724d4f3f,0.0,0.0,13548.828788,0,1,1704793057
2024-01-04,0xffa3f8737c39e36dec4300b162c2153c67c8352f,9260,0xa96a2500ff54c0b38e69a66cafc1dcaa76651667,0.0,0.0,3488.353468,0,1,1704624955
2024-01-04,0xffa3f8737c39e36dec4300b162c2153c67c8352f,9262,0xd69334db1e0858da4ec72c9ed14c4319c5761c3f,0.0,0.0,4023.393749,0,1,1704336263
2024-01-04,0xffa3f8737c39e36dec4300b162c2153c67c8352f,9343,0xb5235bb9ec03353da455d742dd09cbc3817fe3fa,234357.456156,234357.456156,233698.2582,1,1,1704926335
2024-01-04,0xffa3f8737c39e36dec4300b162c2153c67c8352f,9434,0x458b40d2bfa35dec1b0da9b5749a62143f5df7ff,0.0,0.0,47590.891526,0,1,1704880803
2024-01-04,0xffa3f8737c39e36dec4300b162c2153c67c8352f,9518,0xcc873fb2d32aae0c4b541a8ca663dbcbcaaac4ad,3283.480503,3283.480503,0.0,1,0,1704925615
2024-01-04,0xffa3f8737c39e36dec4300b162c2153c67c8352f,9535,0xb5235bb9ec03353da455d742dd09cbc3817fe3fa,240845.474756,240845.474756,240168.027375,1,1,1704926347
2024-01-04,0xffa3f8737c39e36dec4300b162c2153c67c8352f,9546,0x175fb20b9b5bcf80a0167d403405e6f3a074cfa0,38.011946,38.011946,38.250036,1,1,1704483903
2024-01-04,0xffa3f8737c39e36dec4300b162c2153c67c8352f,9807,0xf3d820fc48e80f1a318d946cf3faecc9b3d80599,35.879375,35.879375,0.0,1,0,1704648023
2024-01-04,0xffa3f8737c39e36dec4300b162c2153c67c8352f,9848,0xdbd141d31bf07efbbf17b4c3d8d4d0465ab2c871,0.0,472.051211,908.079183,1,2,1704410719
2024-01-04,0xffa3f8737c39e36dec4300b162c2153c67c8352f,9854,0xf5ca70408e83e0be891b2312c412a0d178d99086,29.35763,29.35763,0.0,1,0,1704715325
2024-01-04,0xffa3f8737c39e36dec4300b162c2153c67c8352f,10006,0xb5235bb9ec03353da455d742dd09cbc3817fe3fa,183692.277347,183692.277347,183175.589822,1,1,1704926357
2024-01-04,0xffa3f8737c39e36dec4300b162c2153c67c8352f,10025,0xb5235bb9ec03353da455d742dd09cbc3817fe3fa,255239.303735,255239.303735,254521.369558,1,1,1704926369
2024-01-04,0xffa3f8737c39e36dec4300b162c2153c67c8352f,10061,0xaf75e34f5d6d9655b8a0736d4e96e3674ee9089d,2.185232,2.185232,0.0,1,0,1704587947
2024-01-04,0xffa3f8737c39e36dec4300b162c2153c67c8352f,10093,0x6581bcc4a8bb99efbb1e2b34ad042582cf598484,32.488737,32.488737,25.755973,1,1,1704372173
2024-01-04,0xffa3f8737c39e36dec4300b162c2153c67c8352f,10224,0x0404a256b583ce02c43d36e60945f57bc7bfb0aa,0.0,0.0,1713.132352,0,1,1704364921
2024-01-04,0xffa3f8737c39e36dec4300b162c2153c67c8352f,10265,0xb5235bb9ec03353da455d742dd09cbc3817fe3fa,201181.69551,201181.69551,200615.813951,1,1,1704926381
2024-01-04,0xffa3f8737c39e36dec4300b162c2153c67c8352f,10289,0xb413a48088cfb0074f75349c790062920434e321,34686.920315,34686.920315,35391.112398,1,1,1704810029
2024-01-04,0xffa3f8737c39e36dec4300b162c2153c67c8352f,10293,0x274829c52bba894d62a4931b46b76cfe0606ac26,0.0,0.0,43.542502,0,1,1704570287
2024-01-04,0xffa3f8737c39e36dec4300b162c2153c67c8352f,10294,0x48a6a8d403a58eccc70d4d57347f801d4e182564,1001456.782724,1001456.782724,7999999.998645,1,1,1704913363
2024-01-04,0xffa3f8737c39e36dec4300b162c2153c67c8352f,10295,0xc875b3dae5b0c371bc8cf9ded64868b78ac47587,1220561.99126,1220561.99126,0.0,1,0,1704913979
2024-01-04,0xffa3f8737c39e36dec4300b162c2153c67c8352f,10296,0x03c70563e94de5de56c11a0cc4ce3482f592854f,3818802.139291,3818802.139291,4655553.274635,1,1,1704929195
2024-01-04,0xffa3f8737c39e36dec4300b162c2153c67c8352f,10298,0xc9814f18a8751214f719de15c54d01b3d78ef14f,726484.264225,726484.264225,0.0,1,0,1704929143
2024-01-04,0xffa3f8737c39e36dec4300b162c2153c67c8352f,10324,0xd753ec53fc35eedeba2cf8e45d3127f7bbb6807a,0.0,0.0,58.919624,0,1,1704376631
2024-01-04,0xffa3f8737c39e36dec4300b162c2153c67c8352f,10333,0x424560d740c87ca051c86d184392e848708c1262,0.0,0.0,4066.117264,0,1,1704652885
2024-01-04,0xffa3f8737c39e36dec4300b162c2153c67c8352f,10381,0xb5235bb9ec03353da455d742dd09cbc3817fe3fa,134061.517845,268123.03569,201132.780296,2,2,1704926399
2024-01-04,0xffa3f8737c39e36dec4300b162c2153c67c8352f,10438,0xb5235bb9ec03353da455d742dd09cbc3817fe3fa,225984.647015,225984.647015,225349.0,1,1,1704926409
2024-01-04,0xffa3f8737c39e36dec4300b162c2153c67c8352f,10449,0x370880694995aa8a53f71645f7bec3b0e7bb25d9,0.0,0.0,44971.372973,0,1,1704904735
2024-01-04,0xffa3f8737c39e36dec4300b162c2153c67c8352f,10482,0xa6e8129d47c647c7edfd5d5c53f04602df7aedcb,0.0,0.0,18322.509671,0,1,1704885959
2024-01-04,0xffa3f8737c39e36dec4300b162c2153c67c8352f,10542,0x4e51a06e4643197e1be2f050b6af60f9ad3cef06,0.0,0.0,829.127699,0,1,1704338151
2024-01-04,0xffa3f8737c39e36dec4300b162c2153c67c8352f,10630,0xdaaffba0ab113acbee5c65ecdcccdc60aaf7d110,792.596204,792.596204,0.0,1,0,1704896729
2024-01-04,0xffa3f8737c39e36dec4300b162c2153c67c8352f,10647,0x712180063c3b8aaedabc68e73803c3e299614749,0.0,0.0,5095.46293,0,1,1704762301
2024-01-04,0xffa3f8737c39e36dec4300b162c2153c67c8352f,10656,0x145acc258b553369e51b4e5fb4d7b7201125eecb,0.064829,0.064829,0.065329,1,1,1704891285
2024-01-04,0xffa3f8737c39e36dec4300b162c2153c67c8352f,10657,0x892176d784bed3dc877a62f3ff9fc091377b2a49,0.989558,0.989558,0.997059,1,1,1704873411
2024-01-04,0xffa3f8737c39e36dec4300b162c2153c67c8352f,10680,0x145acc258b553369e51b4e5fb4d7b7201125eecb,504.514971,504.514971,0.0,1,0,1704909255
2024-01-04,0xffa3f8737c39e36dec4300b162c2153c67c8352f,10694,0x04490dc0f52a97ef2d6ea0c4d9edbcde8c8546cc,102115.216504,102115.216504,52453.250502,1,1,1704455761
2024-01-04,0xffa3f8737c39e36dec4300b162c2153c67c8352f,10695,0x04490dc0f52a97ef2d6ea0c4d9edbcde8c8546cc,16506.786755,16506.786755,17173.941502,1,1,1704455875
2024-01-04,0xffa3f8737c39e36dec4300b162c2153c67c8352f,10743,0x089f703993f0aeaab1e5fe6a800f3fd09e7745f3,2.677351,2.677351,1.344401,1,1,1704756079
2024-01-04,0xffa3f8737c39e36dec4300b162c2153c67c8352f,10821,0xb29f1ac5b4748e502979ed6b3f2df43e5f218665,2429.392709,2429.392709,0.0,1,0,1704904129
2024-01-04,0xffa3f8737c39e36dec4300b162c2153c67c8352f,10831,0xe742c794bfe6393b9cb5643058d9810ef488e1ac,20876.050952,20876.050952,0.0,1,0,1704855521
2024-01-04,0xffa3f8737c39e36dec4300b162c2153c67c8352f,10844,0xdc8a41cf628dca998ed225f433f5dc9a3638c206,49.337349,49.337349,0.0,1,0,1704401257
2024-01-04,0xffa3f8737c39e36dec4300b162c2153c67c8352f,10847,0xf3e5b415e84047d68e412cccd2d14b15e308b120,1748.334784,1748.334784,0.0,1,0,1704408045
2024-01-04,0xffa3f8737c39e36dec4300b162c2153c67c8352f,10856,0x04490dc0f52a97ef2d6ea0c4d9edbcde8c8546cc,1804.946997,1804.946997,0.0,1,0,1704455959
2024-01-04,0xffa3f8737c39e36dec4300b162c2153c67c8352f,10858,0x6be504ca1a913733953194ef999029ace1a49e06,583.280774,583.280774,0.0,1,0,1704458661
2024-01-04,0xffa3f8737c39e36dec4300b162c2153c67c8352f,10873,0xa91e492b00c00b6a05186e85754133d2790ea009,114.937675,114.937675,0.0,1,0,1704549123
2024-01-04,0xffa3f8737c39e36dec4300b162c2153c67c8352f,10919,0x1cf8da0110f4cb8924aa4eba7ef3a04430897c05,126.979218,126.979218,0.0,1,0,1704751073
2024-01-04,0xffa3f8737c39e36dec4300b162c2153c67c8352f,10922,0x089f703993f0aeaab1e5fe6a800f3fd09e7745f3,28.511403,28.511403,0.0,1,0,1704756133
2024-01-04,0xffa3f8737c39e36dec4300b162c2153c67c8352f,10923,0x623607bdf98e37163f93171c0b0d359880d1e1d0,149793.315972,149793.315972,0.0,1,0,1704759413
2024-01-04,0xffa3f8737c39e36dec4300b162c2153c67c8352f,10938,0x07d65eed5bbffc7a7fb767b1d9b2e008f9bce0a3,2.003615,2.003615,0.0,1,0,1704801333
2024-01-04,0xffa3f8737c39e36dec4300b162c2153c67c8352f,10960,0x98c591f5a409fbe00345be802e40af9f569e2646,7.577817,7.577817,0.0,1,0,1704873815
