epoch_start,pool,token_id,voter,final_weight,voted_weight,abstained_weight,n_voted,n_abstained,last_event_ts
2023-10-05,0x03e2730cb3fc37315d4dd68d1dcb47358826d291,1149,0x93b82c49c2af67797977ae344c07884164e6a592,129.500964,129.500964,0.0,1,0,1697061817
2023-10-05,0x03e2730cb3fc37315d4dd68d1dcb47358826d291,2713,0xa21a800138b3c95f8992cf5f14c736fc23bd6045,0.0,0.0,724.034747,0,1,1696999343
2023-10-05,0x0b25c51637c43decd6cc1c1e3da4518d54ddb528,1,0xbde0c70bdc242577c52dfad53389f82fd149ea5a,2380316.242529,2380316.242529,3342923.852299,1,1,1697045005
2023-10-05,0x0b25c51637c43decd6cc1c1e3da4518d54ddb528,2,0x51e171d2fde9b37bbbb624a53ef54959422388e4,1700225.887521,1700225.887521,2387802.751642,1,1,1697050283
2023-10-05,0x0b25c51637c43decd6cc1c1e3da4518d54ddb528,5,0x5b1892b546002ff3dd508500575bd6bf7a101431,623298.302345,623298.302345,875362.24096,1,1,1697045057
2023-10-05,0x0b25c51637c43decd6cc1c1e3da4518d54ddb528,7,0x586cf50c2874f3e3997660c0fd0996b090fb9764,2361598.755228,2361598.755228,2361598.755228,1,1,1696963035
2023-10-05,0x0b25c51637c43decd6cc1c1e3da4518d54ddb528,9,0x08e18394086cb624b3d47430d115fafa01f4055e,0.0,0.0,799811.301976,0,1,1697026685
2023-10-05,0x0b25c51637c43decd6cc1c1e3da4518d54ddb528,21,0x4444aaaacdba5580282365e25b16309bd770ce4a,130096.39629,130096.39629,0.0,1,0,1697062045
2023-10-05,0x0b25c51637c43decd6cc1c1e3da4518d54ddb528,24,0x208a17c5fabe5b90282e5906945ff335e39326c4,10944.041941,10944.041941,0.0,1,0,1697051865
2023-10-05,0x0b25c51637c43decd6cc1c1e3da4518d54ddb528,50,0xdeded3860fb19525ac4594ae888a9c556a42a0a6,1480608.396883,1480608.396883,0.0,1,0,1697043601
2023-10-05,0x0b25c51637c43decd6cc1c1e3da4518d54ddb528,51,0x0f228805c03a693aa964a791e0b2e2c6e6c6513f,284420.774446,284420.774446,0.0,1,0,1697062913
2023-10-05,0x0b25c51637c43decd6cc1c1e3da4518d54ddb528,52,0x3fd5dbf9f74d69b71774d729dd84bd8b3db7e815,269171.069643,269171.069643,269084.765761,1,1,1697053755
2023-10-05,0x0b25c51637c43decd6cc1c1e3da4518d54ddb528,53,0x1594b251df6b70ca9a01d4de0836ab4fd9811241,0.0,0.0,2427548.812584,0,1,1697048461
2023-10-05,0x0b25c51637c43decd6cc1c1e3da4518d54ddb528,67,0x8ce17ff2c7376e9adfe9c63c47a801097fa6c525,270097.814968,270097.814968,0.0,1,0,1697052473
2023-10-05,0x0b25c51637c43decd6cc1c1e3da4518d54ddb528,68,0x132e47cf2c19ec2d8dd56e1528fc7e18dc09188f,276986.419569,276986.419569,160116.542779,1,1,1697053575
2023-10-05,0x0b25c51637c43decd6cc1c1e3da4518d54ddb528,87,0x5d396a2106694308a40608ef14a1c0892b6b7faa,0.0,0.0,591055.483732,0,1,1697046201
2023-10-05,0x0b25c51637c43decd6cc1c1e3da4518d54ddb528,88,0x8bace3a49a375027868cdd34e84521eed1f1b01d,0.0,0.0,654705.22682,0,1,1697060889
2023-10-05,0x0b25c51637c43decd6cc1c1e3da4518d54ddb528,96,0x26602bf417c4e57ba3d2268d7f93a1e16f29e069,122689.458761,122689.458761,122256.160475,1,1,1697062825
2023-10-05,0x0b25c51637c43decd6cc1c1e3da4518d54ddb528,103,0x1c2ed7a6c4e3c1146103fa222181115a72243a06,54597.611532,54597.611532,0.0,1,0,1697064139
2023-10-05,0x0b25c51637c43decd6cc1c1e3da4518d54ddb528,105,0x208a17c5fabe5b90282e5906945ff335e39326c4,31000.802129,31000.802129,0.0,1,0,1697051893
2023-10-05,0x0b25c51637c43decd6cc1c1e3da4518d54ddb528,107,0x96ec73998ab961041b6f6f34e815dd0063301269,500458.511111,500458.511111,500298.049912,1,1,1697064293
2023-10-05,0x0b25c51637c43decd6cc1c1e3da4518d54ddb528,109,0xbe7019f8333b0b3cfc707ac353ebc2123140134c,123420.477116,123420.477116,123420.477116,1,1,1697061795
2023-10-05,0x0b25c51637c43decd6cc1c1e3da4518d54ddb528,119,0x6793b1b6809f16c5e06acdcbedadeb793212df9b,0.0,0.0,445551.031488,0,1,1697050993
2023-10-05,0x0b25c51637c43decd6cc1c1e3da4518d54ddb528,122,0xc1061bc6e62d7908eb21f57788b48b3636a2c2d6,106216.107228,106216.107228,0.0,1,0,1697052275
2023-10-05,0x0b25c51637c43decd6cc1c1e3da4518d54ddb528,124,0x5d6f3d0c92d0564151357b0863e55e9ed4631b8d,43144.83081,43144.83081,43144.83081,1,1,1697062569
2023-10-05,0x0b25c51637c43decd6cc1c1e3da4518d54ddb528,129,0xcb7d87f5502fc91529e0fe92373dddd8ff1f3d7c,0.0,0.0,202063.63874,0,1,1697056631
2023-10-05,0x0b25c51637c43decd6cc1c1e3da4518d54ddb528,142,0x6662304e3198c8d54530fbdf02a869fa84537639,0.0,0.0,353091.734639,0,1,1697061911
2023-10-05,0x0b25c51637c43decd6cc1c1e3da4518d54ddb528,177,0xdffd8bbf8dcaf236c4e009ff6013bfc98407b6c0,0.0,0.0,227773.658179,0,1,1697057849
2023-10-05,0x0b25c51637c43decd6cc1c1e3da4518d54ddb528,189,0xb223b0ba47eed82f7384f50df96ba406a080df7a,0.0,0.0,212480.64939,0,1,1697030671
2023-10-05,0x0b25c51637c43decd6cc1c1e3da4518d54ddb528,224,0x4920a95670b6282951813a94d9066a730d315df3,0.0,0.0,164982.093201,0,1,1697060479
2023-10-05,0x0b25c51637c43decd6cc1c1e3da4518d54ddb528,232,0x576f1e53afe5e99b2257258c7e3248d3a1822548,40552.257917,40552.257917,0.0,1,0,1697059321
2023-10-05,0x0b25c51637c43decd6cc1c1e3da4518d54ddb528,238,0xb6f28ae8f31d85dc27361852b986286113bc588d,40698.108217,40698.108217,0.0,1,0,1697062351
2023-10-05,0x0b25c51637c43decd6cc1c1e3da4518d54ddb528,241,0xd639eee81b30d8b34d5d8cbce83f193e2ba298e4,0.0,0.0,37908.411489,0,1,1697064485
2023-10-05,0x0b25c51637c43decd6cc1c1e3da4518d54ddb528,250,0x97658d0a6a6180a99697a375f736bad40cc307b0,0.0,0.0,35021.563762,0,1,1697044173
2023-10-05,0x0b25c51637c43decd6cc1c1e3da4518d54ddb528,252,0x310a3cea42f93d55584c4361565aa0994912ff0d,0.0,0.0,139749.565428,0,1,1697050835
2023-10-05,0x0b25c51637c43decd6cc1c1e3da4518d54ddb528,254,0xa311ab5780aa036b71aac2b71163fd03ec0df59e,34441.977728,34441.977728,0.0,1,0,1697051595
2023-10-05,0x0b25c51637c43decd6cc1c1e3da4518d54ddb528,267,0x31cab55151d39ad739d8aab3982c524f1fcc9db5,63432.317595,63432.317595,0.0,1,0,1697061251
2023-10-05,0x0b25c51637c43decd6cc1c1e3da4518d54ddb528,298,0x19869a4e9c80e277d0580d481d396d09e05b7169,109398.810447,109398.810447,0.0,1,0,1697051665
2023-10-05,0x0b25c51637c43decd6cc1c1e3da4518d54ddb528,341,0xb1d47d39c3bb868e5e4be068b7057d4caad0b31c,21644.779994,21644.779994,21749.046311,1,1,1697059107
2023-10-05,0x0b25c51637c43decd6cc1c1e3da4518d54ddb528,343,0xb1d47d39c3bb868e5e4be068b7057d4caad0b31c,0.0,0.0,43315.991043,0,1,1697059157
2023-10-05,0x0b25c51637c43decd6cc1c1e3da4518d54ddb528,376,0xff53e3a27b7252148e0f1daf4a00261eee59177f,21698.34801,21698.34801,21698.34801,1,1,1697060811
2023-10-05,0x0b25c51637c43decd6cc1c1e3da4518d54ddb528,380,0xc2fec534c461c45533e142f724d0e3930650929c,0.0,0.0,34772.083998,0,1,1697037443
2023-10-05,0x0b25c51637c43decd6cc1c1e3da4518d54ddb528,381,0xfd7846f77e41bbdae1bce61b2bb361ee04216cb7,69470.516386,69470.516386,69470.516386,1,1,1697062359
2023-10-05,0x0b25c51637c43decd6cc1c1e3da4518d54ddb528,407,0xba971f58a00e8ffc7e91c0e8e7efccbfbfe8f09e,32438.253484,32438.253484,0.0,1,0,1697051415
2023-10-05,0x0b25c51637c43decd6cc1c1e3da4518d54ddb528,424,0x7f29667850c1b15d868d69d55612c29d0305158d,0.0,0.0,29403.060932,0,1,1697054203
2023-10-05,0x0b25c51637c43decd6cc1c1e3da4518d54ddb528,437,0xbae3b46e29e7cfd2bba8164765d592ce9802ec70,0.0,0.0,13911.607488,0,1,1697063281
2023-10-05,0x0b25c51637c43decd6cc1c1e3da4518d54ddb528,438,0xe87c09608c6306cb72977ddf65bcbc8200cc9a96,0.0,0.0,22231.754376,0,1,1697063665
2023-10-05,0x0b25c51637c43decd6cc1c1e3da4518d54ddb528,448,0xfad576ebc93a47031ba895064405f8a04b6e96fc,0.0,0.0,53688.823306,0,1,1697064727
2023-10-05,0x0b25c51637c43decd6cc1c1e3da4518d54ddb528,457,0x2bc87addae195da271c2cb6f773cee647aeefa60,0.0,0.0,51280.088497,0,1,1697045413
2023-10-05,0x0b25c51637c43decd6cc1c1e3da4518d54ddb528,475,0xda1d9534bef3344fa5be3b644b767b349e7415c7,4762.448078,4762.448078,11902.302756,1,1,1697065119
2023-10-05,0x0b25c51637c43decd6cc1c1e3da4518d54ddb528,493,0x15bbcf76110505d3be5a9eb10c63f57f66d20c40,0.0,0.0,22761.790257,0,1,1697056667
2023-10-05,0x0b25c51637c43decd6cc1c1e3da4518d54ddb528,504,0xcfba6d63ec822425775d3c509e60ff689c1ae1e7,4471.490091,4471.490091,0.0,1,0,1696990017
2023-10-05,0x0b25c51637c43decd6cc1c1e3da4518d54ddb528,509,0x34223719d75cbc336b77ccd8af6b9342bd6af1cb,0.0,0.0,10712.029376,0,1,1697044323
2023-10-05,0x0b25c51637c43decd6cc1c1e3da4518d54ddb528,519,0xa23bde7b73b4acc73918e2362e6a646761955c7c,13147.476866,13147.476866,0.0,1,0,1697062925
2023-10-05,0x0b25c51637c43decd6cc1c1e3da4518d54ddb528,523,0xde93a283495fa2834047b53871a8e4e09f96d841,6627.896464,6627.896464,0.0,1,0,1697054111
2023-10-05,0x0b25c51637c43decd6cc1c1e3da4518d54ddb528,525,0x1f92b5affd12981ef0fa7ba22a802379fd36929e,42256.165797,42256.165797,0.0,1,0,1696971191
2023-10-05,0x0b25c51637c43decd6cc1c1e3da4518d54ddb528,531,0x44a088e784f2a7936c67d772f9e06df5093663bf,0.0,0.0,41065.673768,0,1,1697059201
2023-10-05,0x0b25c51637c43decd6cc1c1e3da4518d54ddb528,557,0xeaceb7f4cddb1177b752ef682ad7a0c5cd31fc05,0.0,0.0,38980.095982,0,1,1697042413
2023-10-05,0x0b25c51637c43decd6cc1c1e3da4518d54ddb528,577,0x0eafd23a586b190de1e344d4a4aaab3f88631686,37108.529951,37108.529951,37096.631903,1,1,1697051737
2023-10-05,0x0b25c51637c43decd6cc1c1e3da4518d54ddb528,630,0xa248f4a3d9c1b9d08e7e2e45cf5e11296b2bf4ea,16886.315834,16886.315834,16886.315834,1,1,1697043355
2023-10-05,0x0b25c51637c43decd6cc1c1e3da4518d54ddb528,637,0xb83f754eb815e2100f4ba99aa61c299152b07145,17372.152707,17372.152707,0.0,1,0,1697061391
2023-10-05,0x0b25c51637c43decd6cc1c1e3da4518d54ddb528,679,0x70c9fafea22acc41bda969f8ba2801af42456f51,72264.336231,72264.336231,0.0,1,0,1697051487
2023-10-05,0x0b25c51637c43decd6cc1c1e3da4518d54ddb528,686,0x485efc3c9ce74e870d4b3765049856435f3d08c6,0.0,0.0,28561.807438,0,1,1697062697
2023-10-05,0x0b25c51637c43decd6cc1c1e3da4518d54ddb528,758,0x8ccfcfa7e6133e0875192974d0d857fb7a28375e,2529.700957,2529.700957,6269.487853,1,1,1697054275
2023-10-05,0x0b25c51637c43decd6cc1c1e3da4518d54ddb528,763,0x50cd86868d9326d9ce433bd9aa16aef91f6f461e,0.0,0.0,23947.581794,0,1,1697035327
2023-10-05,0x0b25c51637c43decd6cc1c1e3da4518d54ddb528,764,0xa311ab5780aa036b71aac2b71163fd03ec0df59e,5984.065928,5984.065928,0.0,1,0,1697051517
2023-10-05,0x0b25c51637c43decd6cc1c1e3da4518d54ddb528,776,0xc923dd451dfb1fc6a4608982c6c077414da06a4d,6086.983309,6086.983309,0.0,1,0,1696994033
2023-10-05,0x0b25c51637c43decd6cc1c1e3da4518d54ddb528,819,0x82738b0ebc1d667765cb9cdeb4a2a96da6e6a77a,22092.606138,22092.606138,0.0,1,0,1697063875
2023-10-05,0x0b25c51637c43decd6cc1c1e3da4518d54ddb528,827,0xe2952771c80d9b9c77a32e47d985bb3ff4e5a93d,13557.946275,13557.946275,0.0,1,0,1697064763
2023-10-05,0x0b25c51637c43decd6cc1c1e3da4518d54ddb528,855,0x3692854ae1ce9a91aa0db6888105b466c767e112,0.0,0.0,19492.546844,0,1,1697020043
2023-10-05,0x0b25c51637c43decd6cc1c1e3da4518d54ddb528,895,0x03452486f10344aeb8bc1ab7457e5a9be613bd56,8855.204138,8855.204138,0.0,1,0,1697052013
2023-10-05,0x0b25c51637c43decd6cc1c1e3da4518d54ddb528,921,0xa2f07232275cdf8463a5115723c9d73085a2fc17,11218.90216,11218.90216,0.0,1,0,1697064483
2023-10-05,0x0b25c51637c43decd6cc1c1e3da4518d54ddb528,1000,0x1cb0b1cc35bcf5815cf576ad96b67d84b6f72821,0.0,0.0,14995.489566,0,1,1697065081
2023-10-05,0x0b25c51637c43decd6cc1c1e3da4518d54ddb528,1002,0xaaa5367b0f777e88f3291b572eb27e798526f5c5,16764.557903,16764.557903,0.0,1,0,1697063063
2023-10-05,0x0b25c51637c43decd6cc1c1e3da4518d54ddb528,1050,0x97e620556c626cc3312e3ea40a908045c550651e,0.0,0.0,13674.535479,0,1,1697062097
2023-10-05,0x0b25c51637c43decd6cc1c1e3da4518d54ddb528,1073,0xfd72b24b9730dff0b879d176b9a8fb3992281c21,0.0,0.0,13183.946865,0,1,1697039905
2023-10-05,0x0b25c51637c43decd6cc1c1e3da4518d54ddb528,1096,0x0feeb7936a806bf2006eb3d73d3552eaf4300fec,0.0,0.0,12822.873103,0,1,1697061703
2023-10-05,0x0b25c51637c43decd6cc1c1e3da4518d54ddb528,1149,0x93b82c49c2af67797977ae344c07884164e6a592,647.504821,647.504821,0.0,1,0,1697061817
2023-10-05,0x0b25c51637c43decd6cc1c1e3da4518d54ddb528,1152,0x7e639a0879ef119fd6a392ce78a029e88699f07c,11868.647487,11868.647487,0.0,1,0,1697052665
2023-10-05,0x0b25c51637c43decd6cc1c1e3da4518d54ddb528,1225,0xfc13ab4b466f17f3e1e5443147de34d96ccf1629,10550.819131,10550.819131,0.0,1,0,1697051701
2023-10-05,0x0b25c51637c43decd6cc1c1e3da4518d54ddb528,1231,0x6bc84127fb9ba80212f992df1cdb9a29fe0b3d5e,0.0,0.0,10412.24924,0,1,1697052331
2023-10-05,0x0b25c51637c43decd6cc1c1e3da4518d54ddb528,1234,0x5a6e9ba01afdcec6bbf20d02493047fa8ccb5b98,0.0,0.0,10358.301926,0,1,1697059463
2023-10-05,0x0b25c51637c43decd6cc1c1e3da4518d54ddb528,1263,0x8ba6fb982cb4b6a240065376b944100bce31b9d6,0.0,0.0,9889.490603,0,1,1697043023
2023-10-05,0x0b25c51637c43decd6cc1c1e3da4518d54ddb528,1322,0x3a781cb383b65a1fff97ce061c3d35a1c09e6960,10051.700435,10051.700435,10046.215543,1,1,1697005799
2023-10-05,0x0b25c51637c43decd6cc1c1e3da4518d54ddb528,1425,0x248b007f76e7616791b8fe278c93096ddcf67f25,1996.819174,1996.819174,1597.455339,1,1,1697058767
2023-10-05,0x0b25c51637c43decd6cc1c1e3da4518d54ddb528,1469,0x8fc4faa9dd274dc801ca629234e83183031634ec,1524.098875,1524.098875,0.0,1,0,1697019249
2023-10-05,0x0b25c51637c43decd6cc1c1e3da4518d54ddb528,1472,0xf1f57b31a953f8e481c5c8f52fe38600268dba14,0.0,0.0,758.856966,0,1,1697061047
2023-10-05,0x0b25c51637c43decd6cc1c1e3da4518d54ddb528,1478,0x58c4f03a954e4cbb1b8e204a881a8e9a99d015dd,3776.571874,3776.571874,3775.360998,1,1,1696468039
2023-10-05,0x0b25c51637c43decd6cc1c1e3da4518d54ddb528,1590,0x111a8934a5d0d3913e5d055dae46dc2c965709a0,7361.517054,7361.517054,0.0,1,0,1697056813
2023-10-05,0x0b25c51637c43decd6cc1c1e3da4518d54ddb528,1737,0x66819a1ad0bd3e0d2d0c8302f38c1f200f215e4f,0.0,0.0,5596.532527,0,1,1697057725
2023-10-05,0x0b25c51637c43decd6cc1c1e3da4518d54ddb528,2056,0x29b93c216eac25480b70f791e2b5c52db43a1b85,0.0,0.0,4113.898884,0,1,1697034169
2023-10-05,0x0b25c51637c43decd6cc1c1e3da4518d54ddb528,2088,0xba90b576573d9b2563d752a30c4cee502c15c371,2021.376066,2021.376066,2019.625662,1,1,1697061181
2023-10-05,0x0b25c51637c43decd6cc1c1e3da4518d54ddb528,2245,0x0436bfa5fe3653bdcf9053459b6f2e9ffc093306,0.0,0.0,3652.057104,0,1,1697043905
2023-10-05,0x0b25c51637c43decd6cc1c1e3da4518d54ddb528,2382,0x657a38e6994cb578351376dcdb077330d00665d6,3416.511921,3416.511921,3416.511921,1,1,1697063015
2023-10-05,0x0b25c51637c43decd6cc1c1e3da4518d54ddb528,2430,0x1b6a83f6fcf3ab0879199350f4556aecf42a6180,3334.362941,3334.362941,0.0,1,0,1697030273
2023-10-05,0x0b25c51637c43decd6cc1c1e3da4518d54ddb528,2543,0xea7799bb4139bc81fb001bd009bba7989fa0dad3,0.0,0.0,3170.64403,0,1,1697059079
2023-10-05,0x0b25c51637c43decd6cc1c1e3da4518d54ddb528,2743,0x2a724be1b63caec1c3ef95834fdd443c3347ee1d,0.0,0.0,2750.992581,0,1,1696965611
2023-10-05,0x0b25c51637c43decd6cc1c1e3da4518d54ddb528,2771,0xbd7041c03b68467a55596f375c3e4bb716406a23,2548.351746,2548.351746,0.0,1,0,1697052179
2023-10-05,0x0b25c51637c43decd6cc1c1e3da4518d54ddb528,2798,0xa2bf60058c0657c45fdd1741220b4a7f0da91ca3,0.0,0.0,2569.896402,0,1,1696798179
2023-10-05,0x0b25c51637c43decd6cc1c1e3da4518d54ddb528,2873,0x9a62db4c17146172c0b88e7e439df169a0f93e0e,557.3392,557.3392,0.0,1,0,1697052089
2023-10-05,0x0b25c51637c43decd6cc1c1e3da4518d54ddb528,2923,0xea3871fcdd47c06095b7ade579e8365083dbb871,0.0,0.0,2194.84257,0,1,1697056345
2023-10-05,0x0b25c51637c43decd6cc1c1e3da4518d54ddb528,2930,0x737ac6eaa3b71ffea9fe166bd996f9122b7db5cb,0.0,0.0,2116.831485,0,1,1697039687
2023-10-05,0x0b25c51637c43decd6cc1c1e3da4518d54ddb528,3032,0x29964b7c46144d79457473661f99f725d4fdf0e3,473.166383,473.166383,0.0,1,0,1697026259
2023-10-05,0x0b25c51637c43decd6cc1c1e3da4518d54ddb528,3781,0xaf11495f021c5c2c5f5230f40d5d57ebe4059700,57086.070179,57086.070179,0.0,1,0,1697053639
2023-10-05,0x0b25c51637c43decd6cc1c1e3da4518d54ddb528,3956,0x206d7f45fae22d9926bdb2169dce6e52ed33828f,862.085411,862.085411,0.0,1,0,1697054349
2023-10-05,0x0b25c51637c43decd6cc1c1e3da4518d54ddb528,4193,0xb2ee21d215bda783c82dcf95d48c8984f5198bf3,694.33728,694.33728,0.0,1,0,1697060479
2023-10-05,0x0b25c51637c43decd6cc1c1e3da4518d54ddb528,4268,0x9a293d82710058d930376ee0af037da5d3421ec6,220.861052,220.861052,0.0,1,0,1697037419
2023-10-05,0x0b25c51637c43decd6cc1c1e3da4518d54ddb528,4468,0x981be1045cf995dedbac017d9f0560ef0f22bfaf,0.0,0.0,529.758385,0,1,1697033479
2023-10-05,0x0b25c51637c43decd6cc1c1e3da4518d54ddb528,4829,0xabdb1f94bff885bd8933ac4f8aaacda4326491de,0.0,0.0,420.268201,0,1,1697035065
2023-10-05,0x0b25c51637c43decd6cc1c1e3da4518d54ddb528,5118,0x168f87fbfe36b84e44b9d06278b2aa1cc73d7400,391.755904,391.755904,0.0,1,0,1696963617
2023-10-05,0x0b25c51637c43decd6cc1c1e3da4518d54ddb528,5321,0xc42ca8f6c802b78dc9db92c48fa92c78340ab3d7,0.0,0.0,380.140458,0,1,1697064549
2023-10-05,0x0b25c51637c43decd6cc1c1e3da4518d54ddb528,6420,0xc2dce2922d16c81e0d1b57d5cd5fa842cc29fbf4,0.0,0.0,87.65529,0,1,1697057097
2023-10-05,0x0b25c51637c43decd6cc1c1e3da4518d54ddb528,6465,0xca252f1a519f5b2b12f2b72ec8d4b1b0a2846755,218.146773,218.146773,0.0,1,0,1697061741
2023-10-05,0x0b25c51637c43decd6cc1c1e3da4518d54ddb528,6798,0x29b93c216eac25480b70f791e2b5c52db43a1b85,0.0,0.0,12065.670452,0,1,1697034209
2023-10-05,0x0b25c51637c43decd6cc1c1e3da4518d54ddb528,7014,0x53ad76dacfade8789684aebb5dc3f7e079bf8596,0.0,0.0,810.430027,0,1,1696922979
2023-10-05,0x0b25c51637c43decd6cc1c1e3da4518d54ddb528,7714,0xcba1a275e2d858ecffaf7a87f606f74b719a8a93,196.760595,196.760595,197.651778,1,1,1697058601
2023-10-05,0x0b25c51637c43decd6cc1c1e3da4518d54ddb528,7716,0x46a83dc1a264bff133db887023d2884167094837,0.0,0.0,360482.063111,0,1,1697046503
2023-10-05,0x0b25c51637c43decd6cc1c1e3da4518d54ddb528,8061,0x73edcd0f5cf8df7a3e1d11ef5d696c266d996f9d,0.0,0.0,696.546468,0,1,1697051083
2023-10-05,0x0b25c51637c43decd6cc1c1e3da4518d54ddb528,8063,0xaec272e8867a89e5de4d3e7ec59f3544801f31b7,7.273396,7.273396,0.0,1,0,1697019521
2023-10-05,0x0b25c51637c43decd6cc1c1e3da4518d54ddb528,8065,0xcff8eb70b166bba2304518e5a09fa67e43c21216,7.265012,7.265012,7.535142,1,1,1697020043
2023-10-05,0x0b25c51637c43decd6cc1c1e3da4518d54ddb528,8066,0x5c2bb04553c205587af500f53e37e28414dd100b,7.262835,7.262835,7.53285,1,1,1697020071
2023-10-05,0x0b25c51637c43decd6cc1c1e3da4518d54ddb528,8068,0x4428b40e5a2824144fe3fb08571c95ed1e52fb9b,9.902735,9.902735,9.992191,1,1,1697020127
2023-10-05,0x0b25c51637c43decd6cc1c1e3da4518d54ddb528,8069,0xf34b15ad6dafe19bc016d114a2c769619c953727,9.911084,9.911084,10.000303,1,1,1697020171
2023-10-05,0x0b25c51637c43decd6cc1c1e3da4518d54ddb528,8070,0x0fce2030d9ca8b7987f82c5f0433edba6a70b5f3,9.891345,9.891345,9.99033,1,1,1697020195
2023-10-05,0x0b25c51637c43decd6cc1c1e3da4518d54ddb528,8071,0xc552d0c6bb49671e0c8c1537338acd086e0f1108,9.890982,9.890982,9.990141,1,1,1697020215
2023-10-05,0x0b25c51637c43decd6cc1c1e3da4518d54ddb528,8072,0x64e71b440cec3a7ea58e13c9a8bc79163de9b3e7,9.885253,9.885253,9.987242,1,1,1697020233
2023-10-05,0x0b25c51637c43decd6cc1c1e3da4518d54ddb528,8073,0xde76c45ed9385c48346baaab0baf511ae939b2b8,9.885812,9.885812,9.987518,1,1,1697020249
2023-10-05,0x0b25c51637c43decd6cc1c1e3da4518d54ddb528,8074,0x0b504389ffa6181893670ebab4e4584e74706e7e,9.88428,9.88428,9.98674,1,1,1697020267
2023-10-05,0x0b25c51637c43decd6cc1c1e3da4518d54ddb528,8075,0xca32a60f29b9b7e22fb7713baf82618b8e0e72d9,9.883852,9.883852,9.986519,1,1,1697020285
2023-10-05,0x0b25c51637c43decd6cc1c1e3da4518d54ddb528,8076,0xe45fe07fec55b40da85d4df75fe54f484c7fcdcc,9.890261,9.890261,9.989752,1,1,1697020305
2023-10-05,0x0b25c51637c43decd6cc1c1e3da4518d54ddb528,8355,0x1594b251df6b70ca9a01d4de0836ab4fd9811241,0.0,0.0,208641.112865,0,1,1697048481
2023-10-05,0x0b25c51637c43decd6cc1c1e3da4518d54ddb528,8376,0x32d6306ec178bcefe7b8d7302689376b42b047ee,0.0,0.0,108507.4024,0,1,1696550421
2023-10-05,0x0b25c51637c43decd6cc1c1e3da4518d54ddb528,8382,0x3eb5d4e874f5a9228f291486329e3e935cac468c,0.0,0.0,1686.64356,0,1,1696600731
2023-10-05,0x0b25c51637c43decd6cc1c1e3da4518d54ddb528,8383,0x3fd5dbf9f74d69b71774d729dd84bd8b3db7e815,1499.23872,1499.23872,1499.23872,1,1,1697053559
2023-10-05,0x0b25c51637c43decd6cc1c1e3da4518d54ddb528,8405,0x5d6f3d0c92d0564151357b0863e55e9ed4631b8d,898.464017,898.464017,667.064154,1,1,1697062591
2023-10-05,0x0b25c51637c43decd6cc1c1e3da4518d54ddb528,8416,0x7b59793ad075e4ce1e35181054759c080b8d965d,497423.705101,497423.705101,0.0,1,0,1697045465
2023-10-05,0x0b25c51637c43decd6cc1c1e3da4518d54ddb528,8424,0x8bace3a49a375027868cdd34e84521eed1f1b01d,0.0,0.0,2248.85808,0,1,1697060875
2023-10-05,0x0b25c51637c43decd6cc1c1e3da4518d54ddb528,8438,0xa23bde7b73b4acc73918e2362e6a646761955c7c,562.21452,562.21452,0.0,1,0,1697062965
2023-10-05,0x0b25c51637c43decd6cc1c1e3da4518d54ddb528,8449,0xb44b476a7f6a83b5e0559433b0d3ad374a0c1682,0.0,0.0,6206.272449,0,1,1697062171
2023-10-05,0x0b25c51637c43decd6cc1c1e3da4518d54ddb528,8462,0xd0e72c1b2eb87e3dc0445b7f689cadcfc872b293,0.0,0.0,4310.31132,0,1,1696550487
2023-10-05,0x0b25c51637c43decd6cc1c1e3da4518d54ddb528,8478,0xf265702178a66b4b7ce079fc8a1629e47cf1bcde,540587.504595,540587.504595,0.0,1,0,1697055763
2023-10-05,0x0b25c51637c43decd6cc1c1e3da4518d54ddb528,8516,0xa5a2a35fa9404f3603505984506206ccf208489f,5e-06,5e-06,0.0,1,0,1696503683
2023-10-05,0x0b25c51637c43decd6cc1c1e3da4518d54ddb528,8666,0x766244cb75d011c1f9afbdb3284970a81f2e88cd,249.381641,249.381641,0.0,1,0,1697056439
2023-10-05,0x0b25c51637c43decd6cc1c1e3da4518d54ddb528,8667,0x09334f42d68430af41985042794fb37eab6c41a0,0.203475,0.203475,0.0,1,0,1697056939
2023-10-05,0x1b05e4e814b3431a48b8164c41eac834d9ce2da6,1,0xbde0c70bdc242577c52dfad53389f82fd149ea5a,3494506.824139,3494506.824139,2937720.961132,1,1,1697045005
2023-10-05,0x1b05e4e814b3431a48b8164c41eac834d9ce2da6,2,0x51e171d2fde9b37bbbb624a53ef54959422388e4,2496076.302956,2496076.302956,2098372.115095,1,1,1697050283
2023-10-05,0x1b05e4e814b3431a48b8164c41eac834d9ce2da6,5,0x5b1892b546002ff3dd508500575bd6bf7a101431,915054.954507,915054.954507,769257.72691,1,1,1697045057
2023-10-05,0x1b05e4e814b3431a48b8164c41eac834d9ce2da6,87,0x5d396a2106694308a40608ef14a1c0892b6b7faa,328648.749919,328648.749919,65672.831526,1,1,1697046201
2023-10-05,0x1b05e4e814b3431a48b8164c41eac834d9ce2da6,96,0x26602bf417c4e57ba3d2268d7f93a1e16f29e069,0.0,0.0,61128.080237,0,1,1697062825
2023-10-05,0x1b05e4e814b3431a48b8164c41eac834d9ce2da6,105,0x208a17c5fabe5b90282e5906945ff335e39326c4,10333.60071,10333.60071,129040.52696,1,1,1697051893
2023-10-05,0x1b05e4e814b3431a48b8164c41eac834d9ce2da6,748,0x5805641e589cf538004a0ccfc31a57ac1ba2cb02,12373.838298,12373.838298,0.0,1,0,1697057135
2023-10-05,0x1b05e4e814b3431a48b8164c41eac834d9ce2da6,2697,0x5115b261fb75084af050349020f09164cb8fe059,0.0,0.0,1474.139817,0,1,1696610023
2023-10-05,0x1b05e4e814b3431a48b8164c41eac834d9ce2da6,2856,0xf3b059c887172f2cc52b5e77ee3b2c8b3a32e6ef,1899.207118,1899.207118,0.0,1,0,1697052387
2023-10-05,0x1b05e4e814b3431a48b8164c41eac834d9ce2da6,2873,0x9a62db4c17146172c0b88e7e439df169a0f93e0e,0.0,0.0,557.3392,0,1,1697052089
2023-10-05,0x1b05e4e814b3431a48b8164c41eac834d9ce2da6,4502,0x553222b267bc978aca3c28493aef72d924b264bd,521.030579,521.030579,521.030579,1,1,1696738809
2023-10-05,0x1b05e4e814b3431a48b8164c41eac834d9ce2da6,5457,0x8db7a537d8478df3c6d95ff33b4270342862957f,0.0,0.0,37.370432,0,1,1696541731
2023-10-05,0x1b05e4e814b3431a48b8164c41eac834d9ce2da6,5462,0x50a5a254b122340bd1e4fc2935eba8425fdb926e,0.0,0.0,373.573247,0,1,1696761121
2023-10-05,0x1b05e4e814b3431a48b8164c41eac834d9ce2da6,6537,0x1277255b8e274c8a753eea277aa62115baed21eb,0.97298,0.97298,0.996919,1,1,1696502823
2023-10-05,0x1b05e4e814b3431a48b8164c41eac834d9ce2da6,7716,0x46a83dc1a264bff133db887023d2884167094837,0.0,0.0,120160.687704,0,1,1697046503
2023-10-05,0x1b05e4e814b3431a48b8164c41eac834d9ce2da6,8667,0x09334f42d68430af41985042794fb37eab6c41a0,0.24417,0.24417,0.0,1,0,1697056939
2023-10-05,0x218f511431194b2c756d67a137de536bea74e498,1,0xbde0c70bdc242577c52dfad53389f82fd149ea5a,0.0,0.0,202601.445583,0,1,1697045005
2023-10-05,0x218f511431194b2c756d67a137de536bea74e498,2,0x51e171d2fde9b37bbbb624a53ef54959422388e4,0.0,0.0,144715.318274,0,1,1697050283
2023-10-05,0x218f511431194b2c756d67a137de536bea74e498,5,0x5b1892b546002ff3dd508500575bd6bf7a101431,0.0,0.0,53052.257025,0,1,1697045057
2023-10-05,0x218f511431194b2c756d67a137de536bea74e498,24,0x208a17c5fabe5b90282e5906945ff335e39326c4,0.0,0.0,1824.00699,0,1,1697051865
2023-10-05,0x218f511431194b2c756d67a137de536bea74e498,56,0x48a5a6a01ba89cddf97d2d552923d5a11401ed19,97235.159211,97235.159211,0.0,1,0,1697064681
2023-10-05,0x218f511431194b2c756d67a137de536bea74e498,103,0x1c2ed7a6c4e3c1146103fa222181115a72243a06,54597.611532,54597.611532,0.0,1,0,1697064139
2023-10-05,0x218f511431194b2c756d67a137de536bea74e498,165,0x54ecb3397b0bf31cb0b81eb2444e2a7b32507d8b,0.0,0.0,15799.843946,0,1,1697063619
2023-10-05,0x218f511431194b2c756d67a137de536bea74e498,190,0x48d18a882b0be145606a11fce6f8a301256b93fa,0.0,0.0,210689.110309,0,1,1697056217
2023-10-05,0x218f511431194b2c756d67a137de536bea74e498,204,0x3aee7d5600c29ee7e4482c810746081313460738,0.0,0.0,94547.650904,0,1,1697056745
2023-10-05,0x218f511431194b2c756d67a137de536bea74e498,225,0xdcb7943f8454a5742b2b881b6ecfc8c7d198f631,0.0,0.0,164784.462426,0,1,1697064199
2023-10-05,0x218f511431194b2c756d67a137de536bea74e498,301,0xa3ff2d14b8289d00c22c7917cc85812a7fb4ca77,0.0,0.0,106734.715903,0,1,1697058279
2023-10-05,0x218f511431194b2c756d67a137de536bea74e498,494,0x153b4f4f2c6c284f844a53eb2e097d23b7bfa4dd,0.0,0.0,44377.144494,0,1,1696724769
2023-10-05,0x218f511431194b2c756d67a137de536bea74e498,522,0x8d893429b077455f0db9bc005536f441785eeeb2,0.0,0.0,43035.353016,0,1,1697053293
2023-10-05,0x218f511431194b2c756d67a137de536bea74e498,523,0xde93a283495fa2834047b53871a8e4e09f96d841,0.0,0.0,10871.386794,0,1,1697054111
2023-10-05,0x218f511431194b2c756d67a137de536bea74e498,528,0x766c64d809056fbb492fdb410a6b4857c015619a,10275.49689,10275.49689,0.0,1,0,1697063991
2023-10-05,0x218f511431194b2c756d67a137de536bea74e498,597,0x1ce0c2b445c8e87ea4c40b6e721d9a39b09f6459,0.0,0.0,3606.240568,0,1,1697058027
2023-10-05,0x218f511431194b2c756d67a137de536bea74e498,725,0x1cab2ce19ff9b27680d4a8fdd3745197004ada57,25906.199963,25906.199963,0.0,1,0,1697064125
2023-10-05,0x218f511431194b2c756d67a137de536bea74e498,758,0x8ccfcfa7e6133e0875192974d0d857fb7a28375e,0.0,0.0,6269.487853,0,1,1697054275
2023-10-05,0x218f511431194b2c756d67a137de536bea74e498,842,0x58bcf1ac25551dd4eb790f2ef68c1857dcd67d9b,5095.461005,5095.461005,5093.827256,1,1,1697064525
2023-10-05,0x218f511431194b2c756d67a137de536bea74e498,935,0xedbf8de67f84fb7f166652f9338a9a06fbe33893,0.0,0.0,8324.468984,0,1,1697050231
2023-10-05,0x218f511431194b2c756d67a137de536bea74e498,971,0xe3cfbf8fb378f5c4cf780077ee5c2ffe7aaea6dc,1576.938492,1576.938492,1576.938492,1,1,1697064039
2023-10-05,0x218f511431194b2c756d67a137de536bea74e498,1098,0x6e81417b312917305d12f76fa3b6bd66ffaa75e7,3199.144033,3199.144033,3198.118296,1,1,1697064677
2023-10-05,0x218f511431194b2c756d67a137de536bea74e498,1292,0xb118026c68fd7f03efbcdf675dea96d625c084e5,0.0,0.0,9537.172879,0,1,1696921315
2023-10-05,0x218f511431194b2c756d67a137de536bea74e498,1333,0x5cac4a6ff0c0c90053f0204e8caf1b707bc307e6,0.0,10829.007763,21353.693699,1,2,1697038551
2023-10-05,0x218f511431194b2c756d67a137de536bea74e498,1425,0x248b007f76e7616791b8fe278c93096ddcf67f25,1996.819174,1996.819174,1597.455339,1,1,1697058767
2023-10-05,0x218f511431194b2c756d67a137de536bea74e498,1434,0x7f55b20cb25b9e4351664289d3c718da83371663,7876.737516,7876.737516,0.0,1,0,1697064603
2023-10-05,0x218f511431194b2c756d67a137de536bea74e498,1504,0xbd5f593c86319523e6e8afe60dedbefaedbdb8c9,3629.671093,3629.671093,0.0,1,0,1697064637
2023-10-05,0x218f511431194b2c756d67a137de536bea74e498,1748,0x6166e79c794750cdf8473ca5799f6d5c9ae74aac,2739.031766,2739.031766,0.0,1,0,1697062121
2023-10-05,0x218f511431194b2c756d67a137de536bea74e498,1818,0x0955dade18270c6e61c29e498b314924cfd830c8,4966.912767,4966.912767,4966.912767,1,1,1697063019
2023-10-05,0x218f511431194b2c756d67a137de536bea74e498,1863,0x6547835644105f1313ffd5194f467720837b0c8c,0.0,0.0,2393.797149,0,1,1697052375
2023-10-05,0x218f511431194b2c756d67a137de536bea74e498,1925,0xdb8531115c50c5a24e8400a832ef52de87c999d8,4489.137868,4489.137868,0.0,1,0,1697058123
2023-10-05,0x218f511431194b2c756d67a137de536bea74e498,1950,0xadea3af062df0de0c29e67d001d0859cd738bccd,2517.957806,2517.957806,4882.841649,1,1,1697057847
2023-10-05,0x218f511431194b2c756d67a137de536bea74e498,2011,0xe116d5f4ccd817e93a4827b4b1166fb3fa61bec5,0.0,0.0,4226.526409,0,1,1696970117
2023-10-05,0x218f511431194b2c756d67a137de536bea74e498,2047,0x7239c9c7ca2ed6f684182fca881618fe4b557f9e,0.0,0.0,4425.63308,0,1,1697063541
2023-10-05,0x218f511431194b2c756d67a137de536bea74e498,2271,0xa2451e7404b3e1811dd06649dfd8f34d1c579be0,3611.418061,3611.418061,3610.260138,1,1,1697062463
2023-10-05,0x218f511431194b2c756d67a137de536bea74e498,3140,0x9e1b7fa62606901c46038a5629a82544b24b07f6,0.0,0.0,1744.531777,0,1,1697064279
2023-10-05,0x218f511431194b2c756d67a137de536bea74e498,3362,0x7ffbeb62cf6e5e53f898ba52d66d29ca3b2851fd,0.0,0.0,30607.277551,0,1,1697058963
2023-10-05,0x218f511431194b2c756d67a137de536bea74e498,4211,0x6c6418d85470512d0b79ad5b7fdcc6ddeffe1835,68.395868,68.395868,68.395868,1,1,1697025857
2023-10-05,0x218f511431194b2c756d67a137de536bea74e498,4299,0x942114d2222af79422d11ddb0a96ddf2997fecb9,1113.099541,1113.099541,0.0,1,0,1697059471
2023-10-05,0x218f511431194b2c756d67a137de536bea74e498,4990,0x3a2acc5f5cfc976eb517008fec19a506501b3130,0.0,0.0,10511.082493,0,1,1697064381
2023-10-05,0x218f511431194b2c756d67a137de536bea74e498,5780,0xba3ee5e1ef6ff94e408d218e04be1b739b46d178,0.0,0.0,223.760925,0,1,1697056067
2023-10-05,0x218f511431194b2c756d67a137de536bea74e498,6916,0x111fbf7b389e024d09f35fb091d7d4479b321b0a,620.720547,620.720547,623.805882,1,1,1697064919
2023-10-05,0x218f511431194b2c756d67a137de536bea74e498,8047,0x4ee67d558e065c6655f6a871a881e4717d97d1bd,2879.252413,2879.252413,0.0,1,0,1697063953
2023-10-05,0x2223f9fe624f69da4d8256a7bcc9104fba7f8f75,4,0x834c0da026d5f933c2c18fa9f8ba7f1f792fda52,67349897.977397,67349897.977397,55464499.110939,1,1,1697038535
2023-10-05,0x2223f9fe624f69da4d8256a7bcc9104fba7f8f75,121,0xede54584f748480851cad467b82c6a1173bebe10,326335.006082,652670.012164,651228.556185,2,2,1696686123
2023-10-05,0x2223f9fe624f69da4d8256a7bcc9104fba7f8f75,125,0x9fd31424cfceab50218906bc1b3d87fe7778ca61,0.0,0.0,429126.959817,0,1,1697023457
2023-10-05,0x2223f9fe624f69da4d8256a7bcc9104fba7f8f75,387,0x314c0695273ba259bb60074f2c92c67ac7ae6d40,0.0,0.0,10558.587324,0,1,1696927055
2023-10-05,0x2223f9fe624f69da4d8256a7bcc9104fba7f8f75,388,0x823bf98d9f1119ae040aaef8118f13a612324112,34401.25977,34401.25977,0.0,1,0,1696605971
2023-10-05,0x2223f9fe624f69da4d8256a7bcc9104fba7f8f75,409,0x9e4748fef62d2cd4f16bda3893e477616609db37,63992.243437,63992.243437,0.0,1,0,1696534281
2023-10-05,0x2223f9fe624f69da4d8256a7bcc9104fba7f8f75,417,0xbe93d14c5defb8f41af8fb092f58e3c71c712b85,0.0,0.0,15211.651758,0,1,1696501421
2023-10-05,0x2223f9fe624f69da4d8256a7bcc9104fba7f8f75,495,0xfa347793d0f0ea3a436cd311ebe0c95b1f089974,0.0,0.0,22103.458599,0,1,1696983435
2023-10-05,0x2223f9fe624f69da4d8256a7bcc9104fba7f8f75,514,0xe9eb5b18f6a6098eae9d38d03dbfdc924bd757e9,0.0,0.0,42409.865933,0,1,1696499661
2023-10-05,0x2223f9fe624f69da4d8256a7bcc9104fba7f8f75,543,0x6613a1521394c2f17c7d705e48279e44c2a01936,15946.807097,15946.807097,15946.807097,1,1,1696469003
2023-10-05,0x2223f9fe624f69da4d8256a7bcc9104fba7f8f75,657,0x2067bed542762d26e2755ce7d8776728f3429f48,31216.81698,31216.81698,31175.532049,1,1,1696884639
2023-10-05,0x2223f9fe624f69da4d8256a7bcc9104fba7f8f75,776,0xc923dd451dfb1fc6a4608982c6c077414da06a4d,0.0,0.0,6085.031649,0,1,1696994033
2023-10-05,0x2223f9fe624f69da4d8256a7bcc9104fba7f8f75,783,0xf7463e7335033586683ac1f3df3080a0b38babe9,22565.296743,22565.296743,22565.296743,1,1,1696615923
2023-10-05,0x2223f9fe624f69da4d8256a7bcc9104fba7f8f75,820,0x45f692a6959ee71c5962dd89b8ca909fd48ee6a4,0.0,0.0,21003.747429,0,1,1697015063
2023-10-05,0x2223f9fe624f69da4d8256a7bcc9104fba7f8f75,832,0xde1a20ad593386d0ac260a8450b2349d8ab4eb57,0.0,0.0,20506.574929,0,1,1696882549
2023-10-05,0x2223f9fe624f69da4d8256a7bcc9104fba7f8f75,898,0x29f8625b59fbea40f41449e4b4d387accf5e989d,17592.441551,17592.441551,0.0,1,0,1696837377
2023-10-05,0x2223f9fe624f69da4d8256a7bcc9104fba7f8f75,983,0xb2dbe9ed85d500b3a8bb28533bcbf35d8d74cc70,0.0,0.0,15383.174783,0,1,1696494595
2023-10-05,0x2223f9fe624f69da4d8256a7bcc9104fba7f8f75,985,0xbc5fba1fef0ba69e401cdf97197d75a5f9d9d4c6,1532.649836,1532.649836,1532.649836,1,1,1696863949
2023-10-05,0x2223f9fe624f69da4d8256a7bcc9104fba7f8f75,1042,0xd92b3de78dbd6c29e3937eac884decf8e42a1d1e,5514.581036,5514.581036,0.0,1,0,1697008745
2023-10-05,0x2223f9fe624f69da4d8256a7bcc9104fba7f8f75,1061,0xdc7d0d897e1b7998c780d16b3c08482a74e71f33,6713.199621,6713.199621,6713.199621,1,1,1696536507
2023-10-05,0x2223f9fe624f69da4d8256a7bcc9104fba7f8f75,1099,0xe8b55fd62045d51274812e5c3ab803055c0e3eaa,0.0,0.0,6393.489765,0,1,1696933541
2023-10-05,0x2223f9fe624f69da4d8256a7bcc9104fba7f8f75,1206,0x7d9a78f607706b8f5ce26fba6c9eacabf8937df0,5398.959524,5398.959524,0.0,1,0,1696824649
2023-10-05,0x2223f9fe624f69da4d8256a7bcc9104fba7f8f75,1248,0xb9e80ff4f9b97f160bddf80a1e0513f7f1d14570,10196.98893,10196.98893,10196.98893,1,1,1696501245
2023-10-05,0x2223f9fe624f69da4d8256a7bcc9104fba7f8f75,1302,0x764f4909251f81976a0a2dcebce95333e4c27517,3068.298593,3068.298593,2861.390791,1,1,1696979789
2023-10-05,0x2223f9fe624f69da4d8256a7bcc9104fba7f8f75,1349,0x5d20723d6eca69738eac8b4767c46682ecc76f3c,0.0,0.0,8731.233329,0,1,1696492585
2023-10-05,0x2223f9fe624f69da4d8256a7bcc9104fba7f8f75,1472,0xf1f57b31a953f8e481c5c8f52fe38600268dba14,759.514798,759.514798,758.856966,1,1,1697061047
2023-10-05,0x2223f9fe624f69da4d8256a7bcc9104fba7f8f75,1478,0x58c4f03a954e4cbb1b8e204a881a8e9a99d015dd,0.0,0.0,3775.360998,0,1,1696468039
2023-10-05,0x2223f9fe624f69da4d8256a7bcc9104fba7f8f75,1523,0xaee01d14016abb9e27605e64e2bec3604297d785,0.0,0.0,7082.778355,0,1,1697055337
2023-10-05,0x2223f9fe624f69da4d8256a7bcc9104fba7f8f75,1575,0x31e1c86c87791c903ccb82726e11a761187ef694,1680.533542,1680.533542,0.0,1,0,1696900147
2023-10-05,0x2223f9fe624f69da4d8256a7bcc9104fba7f8f75,1580,0x6bb84acda075cf8adb3628d57cd8811afcbd189e,6678.796236,6678.796236,6671.698864,1,1,1696517151
2023-10-05,0x2223f9fe624f69da4d8256a7bcc9104fba7f8f75,1606,0x69cd4abd687ab23e2f95f0a065cd9ad211a58713,0.0,0.0,6481.112857,0,1,1697041965
2023-10-05,0x2223f9fe624f69da4d8256a7bcc9104fba7f8f75,1688,0xa971182ceecaac649eb6e8d4800ed8ddf0312106,0.0,0.0,6013.933868,0,1,1696874071
2023-10-05,0x2223f9fe624f69da4d8256a7bcc9104fba7f8f75,1705,0x4da5bda21c66edec94ba1a7d215fa2a62ad8e4fc,2925.328125,2925.328125,0.0,1,0,1696519437
2023-10-05,0x2223f9fe624f69da4d8256a7bcc9104fba7f8f75,1706,0xfe9182cd69f9feb2a22c8bb88d03dcbbdff77f11,7168.18882,7168.18882,7168.18882,1,1,1697049933
2023-10-05,0x2223f9fe624f69da4d8256a7bcc9104fba7f8f75,1713,0xf447b405fc7b41ddfef3cf66ec790eabd6b26a47,0.0,0.0,5788.575099,0,1,1696485909
2023-10-05,0x2223f9fe624f69da4d8256a7bcc9104fba7f8f75,1756,0xaef1b9886b6c2bc8ca7f5dcd07b359df4c0ef9ef,0.0,0.0,5382.038236,0,1,1696472379
2023-10-05,0x2223f9fe624f69da4d8256a7bcc9104fba7f8f75,1804,0x48a881c6c2ff0c962d017b2c4fb9701afbe3c5f4,0.0,0.0,5076.812359,0,1,1696786755
2023-10-05,0x2223f9fe624f69da4d8256a7bcc9104fba7f8f75,1854,0xfb86a60a4d204de91421871c6d69cb40d21ae736,0.0,0.0,4831.651002,0,1,1697031061
2023-10-05,0x2223f9fe624f69da4d8256a7bcc9104fba7f8f75,1983,0xdc8c1959c74ab2cb3819add153e62739d12be550,0.0,0.0,4279.106242,0,1,1696965639
2023-10-05,0x2223f9fe624f69da4d8256a7bcc9104fba7f8f75,2051,0xad5509273d21f6f3e7a8bb9de306e6e573a84c04,4124.248743,4124.248743,4120.115945,1,1,1696493109
2023-10-05,0x2223f9fe624f69da4d8256a7bcc9104fba7f8f75,2087,0x4d85e4f760fb58e380f02657ae5aafb8bd010601,2019.438742,2019.438742,2019.438742,1,1,1696812501
2023-10-05,0x2223f9fe624f69da4d8256a7bcc9104fba7f8f75,2109,0xaba92f62ef9d45d0b61808d330461c3b2d8fece8,3994.499436,3994.499436,0.0,1,0,1697028541
2023-10-05,0x2223f9fe624f69da4d8256a7bcc9104fba7f8f75,2117,0x3a08ca9e3a394c7b947b9ca56493e38176f3428c,0.0,0.0,3980.636319,0,1,1696622509
2023-10-05,0x2223f9fe624f69da4d8256a7bcc9104fba7f8f75,2129,0x9e136c1c6d31504f6b0af8cba2cd3f1ea77b2e2b,985.199956,985.199956,985.199956,1,1,1696525563
2023-10-05,0x2223f9fe624f69da4d8256a7bcc9104fba7f8f75,2208,0xbbcc2e027a065d7c4e1fdca27885b1783348448c,1882.526882,1882.526882,3765.053765,1,1,1697035811
2023-10-05,0x2223f9fe624f69da4d8256a7bcc9104fba7f8f75,2243,0xdd7fbd024e7e484d41d14936a44709992c8a1e07,0.0,0.0,913.582497,0,1,1697037901
2023-10-05,0x2223f9fe624f69da4d8256a7bcc9104fba7f8f75,2264,0x4232cc095d14c6a804a8235f3b48d9d66b732b0d,0.0,0.0,3613.099327,0,1,1696694143
2023-10-05,0x2223f9fe624f69da4d8256a7bcc9104fba7f8f75,2266,0xb00f8b601558243c9abcddabd54ea17f70471b8e,1001.409052,1001.409052,1113.175717,1,1,1697036875
2023-10-05,0x2223f9fe624f69da4d8256a7bcc9104fba7f8f75,2281,0x1d884c7d4132bb1d75bfd228ce9447d82527a217,3583.357606,3583.357606,3583.357606,1,1,1696524317
2023-10-05,0x2223f9fe624f69da4d8256a7bcc9104fba7f8f75,2392,0xac9c065b1a84a486628fd20efc9426e435ba7cc2,3394.263277,3394.263277,3394.263277,1,1,1696581397
2023-10-05,0x2223f9fe624f69da4d8256a7bcc9104fba7f8f75,2447,0xdf90bc63d773e674e0ce2488dbf173cdc3622796,1652.879721,1652.879721,1652.349761,1,1,1696486331
2023-10-05,0x2223f9fe624f69da4d8256a7bcc9104fba7f8f75,2483,0x3070f20f86fda706ac380f5060d256028a46ec29,10039.67288,10039.67288,7631.318536,1,1,1696858819
2023-10-05,0x2223f9fe624f69da4d8256a7bcc9104fba7f8f75,2597,0x8bcf9320497028119da1c99525d19a9f0d86f92a,0.0,0.0,3097.46254,0,1,1696490127
2023-10-05,0x2223f9fe624f69da4d8256a7bcc9104fba7f8f75,2629,0xe012d8ecff24057e3a47c93f44ff6eb9d1ba2f4f,3057.194652,3057.194652,3057.194652,1,1,1696607237
2023-10-05,0x2223f9fe624f69da4d8256a7bcc9104fba7f8f75,2632,0x5449f6df38d7d6f2fb8ccea1f3f9f87418e8a174,1527.265501,1527.265501,1526.322751,1,1,1696580841
2023-10-05,0x2223f9fe624f69da4d8256a7bcc9104fba7f8f75,2633,0xfcc06f7f02f6ab02051f259db4f82f20d8d02112,0.0,0.0,3050.792494,0,1,1696777101
2023-10-05,0x2223f9fe624f69da4d8256a7bcc9104fba7f8f75,2644,0xf22b3e9fdfac016fa197c2326c84657ba4f78f78,0.0,0.0,3041.633109,0,1,1696619689
2023-10-05,0x2223f9fe624f69da4d8256a7bcc9104fba7f8f75,2651,0xe53f8cc868dc2e0fb1da5bd1b5e6404600a6de22,3032.330302,3032.330302,3032.330302,1,1,1696897019
2023-10-05,0x2223f9fe624f69da4d8256a7bcc9104fba7f8f75,2657,0x73c748b5f99c3507f11fb8fa2ea5e3b8f4f9a1d1,0.0,0.0,1512.692218,0,1,1696952561
2023-10-05,0x2223f9fe624f69da4d8256a7bcc9104fba7f8f75,2670,0xabb3639ac7ea3fbd7e9bfd4d8fd46cad6c3056f6,336.377805,2018.266831,3268.82889,2,2,1697015661
2023-10-05,0x2223f9fe624f69da4d8256a7bcc9104fba7f8f75,2685,0x2245c733dd052343b60f44130a25c9f574a696d4,332.664017,1995.984103,3233.40397,2,2,1697015619
2023-10-05,0x2223f9fe624f69da4d8256a7bcc9104fba7f8f75,2697,0x5115b261fb75084af050349020f09164cb8fe059,1474.139817,1474.139817,0.0,1,0,1696610023
2023-10-05,0x2223f9fe624f69da4d8256a7bcc9104fba7f8f75,2726,0x40e8a507adc7905d4b3845492f0722a79f39a2e8,2819.453759,2819.453759,0.0,1,0,1696971963
2023-10-05,0x2223f9fe624f69da4d8256a7bcc9104fba7f8f75,2739,0x3ffc1fb42ec6f4a1dd835c2766ab16e828501450,4067.166266,4067.166266,0.0,1,0,1697037713
2023-10-05,0x2223f9fe624f69da4d8256a7bcc9104fba7f8f75,2755,0x27f34c4f30f11a6a9698d9711573a1319c6a135d,2743.592268,2743.592268,0.0,1,0,1697035709
2023-10-05,0x2223f9fe624f69da4d8256a7bcc9104fba7f8f75,2776,0x67d693dee156cf89ee524b961cf19e4c023936e3,2673.223429,2673.223429,2672.366317,1,1,1696780399
2023-10-05,0x2223f9fe624f69da4d8256a7bcc9104fba7f8f75,2817,0xd9d836ebc67abeec65b29e586f89816dab991f69,2527.242311,2527.242311,2526.432006,1,1,1696696951
2023-10-05,0x2223f9fe624f69da4d8256a7bcc9104fba7f8f75,2856,0xf3b059c887172f2cc52b5e77ee3b2c8b3a32e6ef,1899.207118,1899.207118,0.0,1,0,1697052387
2023-10-05,0x2223f9fe624f69da4d8256a7bcc9104fba7f8f75,2861,0x168fef2fd1af371625b2593468620185cea904ff,2203.943554,2203.943554,0.0,1,0,1696596527
2023-10-05,0x2223f9fe624f69da4d8256a7bcc9104fba7f8f75,2911,0x464567a90011774b2244374d10b67b50702c1ab6,2159.746855,2159.746855,0.0,1,0,1696485885
2023-10-05,0x2223f9fe624f69da4d8256a7bcc9104fba7f8f75,2939,0xdddda6f358eaceb800c82d41ccc53676b5cc6f6c,0.0,0.0,1884.822247,0,1,1696767419
2023-10-05,0x2223f9fe624f69da4d8256a7bcc9104fba7f8f75,2944,0x019c59207866cfa338545d0cbbe3a4fca5f8b366,2071.580815,2071.580815,0.0,1,0,1696567829
2023-10-05,0x2223f9fe624f69da4d8256a7bcc9104fba7f8f75,3088,0x52aea2fa97a868e2f920b95c388da95e1bcf8c29,910.366208,910.366208,455.183104,1,1,1696963917
2023-10-05,0x2223f9fe624f69da4d8256a7bcc9104fba7f8f75,3179,0x1049c923ff19fa5088d2466f942a1daa79d03d85,0.0,0.0,1709.759257,0,1,1697010391
2023-10-05,0x2223f9fe624f69da4d8256a7bcc9104fba7f8f75,3186,0x597dc4159a4b85c086c3c679a0b6c8fe2836886f,1702.884139,1702.884139,1700.632826,1,1,1696490781
2023-10-05,0x2223f9fe624f69da4d8256a7bcc9104fba7f8f75,3191,0xa74e65f8bee81a717de22cc49d798caa11fb494a,1745.070565,1745.070565,1744.511046,1,1,1696780481
2023-10-05,0x2223f9fe624f69da4d8256a7bcc9104fba7f8f75,3194,0xc0d9397597ab85dfa4f82f3a69e2eefd246a6d6c,1694.760653,1694.760653,1694.760653,1,1,1696628227
2023-10-05,0x2223f9fe624f69da4d8256a7bcc9104fba7f8f75,3204,0x57020360f19aa928d7d4d4347a36c0d5df2945c4,1764.583243,1764.583243,1760.872484,1,1,1696515679
2023-10-05,0x2223f9fe624f69da4d8256a7bcc9104fba7f8f75,3260,0x510a4cbd16b65ddc32e3392b246eb19005332a80,1630.600272,1630.600272,1630.077455,1,1,1696503813
2023-10-05,0x2223f9fe624f69da4d8256a7bcc9104fba7f8f75,3316,0x4df0df2d3780a192e4ee87cce6156c562904e940,1552.204398,1552.204398,1552.204398,1,1,1696471255
2023-10-05,0x2223f9fe624f69da4d8256a7bcc9104fba7f8f75,3347,0x175fb20b9b5bcf80a0167d403405e6f3a074cfa0,384.133931,384.133931,384.133931,1,1,1696627085
2023-10-05,0x2223f9fe624f69da4d8256a7bcc9104fba7f8f75,3374,0x035ceb21c467f15e62e95b6e4ee7e0e6d6ce9b7a,0.0,0.0,1466.830855,0,1,1696570293
2023-10-05,0x2223f9fe624f69da4d8256a7bcc9104fba7f8f75,3469,0xc8728ae130381eb77fc9a8b715564b00e83e19df,1336.027296,1336.027296,1336.027296,1,1,1696492629
2023-10-05,0x2223f9fe624f69da4d8256a7bcc9104fba7f8f75,3485,0x380acfb35859fa7093b1fd59fca78023bae785ee,1317.070915,1317.070915,1317.070915,1,1,1697028313
2023-10-05,0x2223f9fe624f69da4d8256a7bcc9104fba7f8f75,3539,0x69155e7ca2e688ccdc247f6c4ddf374b3ae77bd6,0.0,0.0,7049.664384,0,1,1696743647
2023-10-05,0x2223f9fe624f69da4d8256a7bcc9104fba7f8f75,3590,0x9b32e12d0678628aee378dbdf92f7f66f3f4df80,0.0,0.0,1167.586201,0,1,1696638857
2023-10-05,0x2223f9fe624f69da4d8256a7bcc9104fba7f8f75,3593,0x658191594cda88744d8158813029420dcf137a32,0.0,0.0,1164.302359,0,1,1696881199
2023-10-05,0x2223f9fe624f69da4d8256a7bcc9104fba7f8f75,3615,0x4b9d8dde4c5ceb5ba567334d9fb86cfc94282a03,1134.636223,1134.636223,1134.636223,1,1,1696930433
2023-10-05,0x2223f9fe624f69da4d8256a7bcc9104fba7f8f75,3619,0x1ffac7df7864dc7da6fb59f991e52c2955f95c84,1131.863667,1131.863667,1131.500759,1,1,1696655499
2023-10-05,0x2223f9fe624f69da4d8256a7bcc9104fba7f8f75,3668,0xd3744b27813f2456ff3ddf78214bf57735d5f1a1,1091.034831,1091.034831,0.0,1,0,1696958269
2023-10-05,0x2223f9fe624f69da4d8256a7bcc9104fba7f8f75,3729,0xd2e27021eb2f14a2cccfa786bb8332e93fd7571d,0.0,0.0,1066.895117,0,1,1696696469
2023-10-05,0x2223f9fe624f69da4d8256a7bcc9104fba7f8f75,3785,0xa773c2b60ad3c01500fcb0829cb9ef3ba747a761,0.0,0.0,1017.420811,0,1,1696613511
2023-10-05,0x2223f9fe624f69da4d8256a7bcc9104fba7f8f75,3813,0xce797b56f9637aaf4058c38093949aafbf48ef57,1017.560762,1017.560762,1017.234503,1,1,1696749797
2023-10-05,0x2223f9fe624f69da4d8256a7bcc9104fba7f8f75,3822,0x9bf2df3e97a2a181221424ddc14b18400e94f776,1015.488141,1015.488141,1015.162546,1,1,1696782717
2023-10-05,0x2223f9fe624f69da4d8256a7bcc9104fba7f8f75,3855,0x2fd99b41cf2ad7b5b7d69ceff4194c5d6d519781,2774.410958,2774.410958,2774.410958,1,1,1696940099
2023-10-05,0x2223f9fe624f69da4d8256a7bcc9104fba7f8f75,3862,0x3e88681de2e12d1ac4116a7a6fb964a2c4c102ae,0.0,0.0,966.059477,0,1,1696923785
2023-10-05,0x2223f9fe624f69da4d8256a7bcc9104fba7f8f75,3944,0x12a966ceb79297f0504b55f4e8f67cc3ad838e0b,217.680394,217.680394,217.680394,1,1,1696955717
2023-10-05,0x2223f9fe624f69da4d8256a7bcc9104fba7f8f75,3949,0x471fc71d72b71a2131c6e1fc5b39fc21d425e653,0.0,0.0,867.883488,0,1,1696794151
2023-10-05,0x2223f9fe624f69da4d8256a7bcc9104fba7f8f75,3963,0x8acf2f327e47fddd1124a55eb4efc1dfdacaa34c,0.0,0.0,438.105534,0,1,1696543689
2023-10-05,0x2223f9fe624f69da4d8256a7bcc9104fba7f8f75,3970,0x17736063f4c89d746fd7bf5719a8efe74cccb7b9,431.565486,431.565486,431.565486,1,1,1696675127
2023-10-05,0x2223f9fe624f69da4d8256a7bcc9104fba7f8f75,4001,0x8588f044ef45e156ab6c62d4a4628b301464c379,816.989283,816.989283,816.989283,1,1,1696959827
2023-10-05,0x2223f9fe624f69da4d8256a7bcc9104fba7f8f75,4002,0x2ce56142953d2091c6a1218c18b298beb5773da7,3084.569803,3084.569803,0.0,1,0,1696537097
2023-10-05,0x2223f9fe624f69da4d8256a7bcc9104fba7f8f75,4090,0x94824d798c4d2fd2e093ee4e0084d2f1f75f7554,753.857608,753.857608,0.0,1,0,1696630881
2023-10-05,0x2223f9fe624f69da4d8256a7bcc9104fba7f8f75,4093,0x95974a63ef4a3357c533abd416f8bd246d746ba0,0.0,0.0,3120.897848,0,1,1696841477
2023-10-05,0x2223f9fe624f69da4d8256a7bcc9104fba7f8f75,4106,0xabddd183743e61a04a7b31de3dc68171ca3ed4cc,719.071523,719.071523,722.085637,1,1,1696842907
2023-10-05,0x2223f9fe624f69da4d8256a7bcc9104fba7f8f75,4108,0xadce21bdc15c6f39888c9b0a3ec41c9637932495,740.419447,740.419447,740.182047,1,1,1696489207
2023-10-05,0x2223f9fe624f69da4d8256a7bcc9104fba7f8f75,4119,0xc2a08ff99df2dd45ca5cf5bc6636954f33294830,372.226931,372.226931,0.0,1,0,1696574399
2023-10-05,0x2223f9fe624f69da4d8256a7bcc9104fba7f8f75,4302,0x72665c34a1fdd9f54c3001c00d358e1833f1fb03,622.832701,622.832701,622.832701,1,1,1696838819
2023-10-05,0x2223f9fe624f69da4d8256a7bcc9104fba7f8f75,4340,0xcdd5ccc914ba68b56eacb1a6058475648a3fda12,0.0,0.0,943.959496,0,1,1696492195
2023-10-05,0x2223f9fe624f69da4d8256a7bcc9104fba7f8f75,4373,0x2ba1d521595c5b31b177fd5263f8b002f570e92a,656.721687,656.721687,0.0,1,0,1696496829
2023-10-05,0x2223f9fe624f69da4d8256a7bcc9104fba7f8f75,4391,0xe9638ccc678b1ad8c2dbea14f337914b92827d51,0.0,0.0,568.477427,0,1,1696856955
2023-10-05,0x2223f9fe624f69da4d8256a7bcc9104fba7f8f75,4397,0xeb6d85ff965506cf2639a828c3c04fa9f0d09112,0.0,0.0,564.993056,0,1,1696498119
2023-10-05,0x2223f9fe624f69da4d8256a7bcc9104fba7f8f75,4436,0x56e9ccfad783e020756e599b6ccb8cf36208751b,542.500864,542.500864,542.500864,1,1,1696831995
2023-10-05,0x2223f9fe624f69da4d8256a7bcc9104fba7f8f75,4518,0x43917a8174465dc01522e8e14335eaa2cde33f6f,129.061062,129.061062,129.061062,1,1,1696531493
2023-10-05,0x2223f9fe624f69da4d8256a7bcc9104fba7f8f75,4535,0xdc52350858b60853d93390ab38dee3ce7e147fa7,510.732809,510.732809,0.0,1,0,1696558663
2023-10-05,0x2223f9fe624f69da4d8256a7bcc9104fba7f8f75,4574,0x27dd36cef3b5c2169a36a872f667eca1d7904b43,0.0,0.0,492.488406,0,1,1696534623
2023-10-05,0x2223f9fe624f69da4d8256a7bcc9104fba7f8f75,4610,0x7adeb9c2181d693d08dd0cf5dd51bf165cdfc7d1,0.0,0.0,118.673938,0,1,1697060857
2023-10-05,0x2223f9fe624f69da4d8256a7bcc9104fba7f8f75,4657,0xd4ddc6316f5704d43518aa574325eeefc33bd3c9,114.902456,114.902456,229.804913,1,1,1697037829
2023-10-05,0x2223f9fe624f69da4d8256a7bcc9104fba7f8f75,4681,0x5b1aa687371f5f34600a4899918723d26d8521c6,4.529558,4.529558,226.178373,1,1,1696665971
2023-10-05,0x2223f9fe624f69da4d8256a7bcc9104fba7f8f75,4688,0xe40e17d79c51da492e2f521edbb6e37ce2c8b86c,67.658644,67.658644,112.764407,1,1,1696866157
2023-10-05,0x2223f9fe624f69da4d8256a7bcc9104fba7f8f75,4703,0x7ae1cd518ecf4546fc93796dbb26f0ee0a1b35ba,0.0,0.0,227.929645,0,1,1696961021
2023-10-05,0x2223f9fe624f69da4d8256a7bcc9104fba7f8f75,4708,0x9a526a5bc7849e2872c7146e8bf81ba4657bd529,0.0,0.0,515.381769,0,1,1696718499
2023-10-05,0x2223f9fe624f69da4d8256a7bcc9104fba7f8f75,4740,0x37b8ef2da4964886f16c6b14fc87a5c8c9ac4038,219.360468,219.360468,219.360468,1,1,1696959699
2023-10-05,0x2223f9fe624f69da4d8256a7bcc9104fba7f8f75,4779,0x26faa3fa2ca686611b2e6e678725e529c8af888c,430.793071,430.793071,430.793071,1,1,1696512977
2023-10-05,0x2223f9fe624f69da4d8256a7bcc9104fba7f8f75,4850,0x6ca07d7e1ba572ac570ebd7099c6cb4ddf560e6f,0.0,0.0,417.089903,0,1,1697028311
2023-10-05,0x2223f9fe624f69da4d8256a7bcc9104fba7f8f75,4962,0xb5ed3208d600e6775da7f49dde513c853181f2cc,405.851668,405.851668,0.0,1,0,1696602815
2023-10-05,0x2223f9fe624f69da4d8256a7bcc9104fba7f8f75,5064,0xf98f3faabc33db5d781ba5a2da687a1332d1781d,406.537478,406.537478,406.40713,1,1,1696776261
2023-10-05,0x2223f9fe624f69da4d8256a7bcc9104fba7f8f75,5228,0x91a332f12e51a5ab2b343c6587189969b533f55d,0.0,0.0,385.028288,0,1,1696582121
2023-10-05,0x2223f9fe624f69da4d8256a7bcc9104fba7f8f75,5266,0xa40f2c85f814827d9bc01d6e2e6328832991076e,372.863483,372.863483,374.645049,1,1,1696488269
2023-10-05,0x2223f9fe624f69da4d8256a7bcc9104fba7f8f75,5334,0x0aab76fddcb7deca2c4ca111fce385af3b016c2e,189.883452,189.883452,189.693175,1,1,1696476127
2023-10-05,0x2223f9fe624f69da4d8256a7bcc9104fba7f8f75,5337,0x61f8c99f4acde25dac0c591f5e6b4b635ab2f7c5,189.623413,189.623413,189.623413,1,1,1696699025
2023-10-05,0x2223f9fe624f69da4d8256a7bcc9104fba7f8f75,5342,0x3c6ddedd59b588e0cd15caa97affe947bbecd8ad,94.785105,94.785105,0.0,1,0,1697061693
2023-10-05,0x2223f9fe624f69da4d8256a7bcc9104fba7f8f75,5373,0x6be57c552e045c2bc4996874d2bfa619250c60ba,377.559891,377.559891,377.559891,1,1,1696593591
2023-10-05,0x2223f9fe624f69da4d8256a7bcc9104fba7f8f75,5436,0x46aebe33dd2369af555a78c2597be37f85aab766,374.645302,374.645302,374.645302,1,1,1696952407
2023-10-05,0x2223f9fe624f69da4d8256a7bcc9104fba7f8f75,5457,0x8db7a537d8478df3c6d95ff33b4270342862957f,0.0,0.0,37.370432,0,1,1696541731
2023-10-05,0x2223f9fe624f69da4d8256a7bcc9104fba7f8f75,5481,0xefee9a62e9742382df8489543d9c6fd1920d55ef,0.0,0.0,372.910693,0,1,1696707621
2023-10-05,0x2223f9fe624f69da4d8256a7bcc9104fba7f8f75,5482,0xa7bf2712349bd3dcbc0cebbf49fdd2449077d744,380.733893,380.733893,380.611819,1,1,1696780439
2023-10-05,0x2223f9fe624f69da4d8256a7bcc9104fba7f8f75,5492,0x796d36fb55b9a5406eb5cd74fb754759eafc66bd,0.0,0.0,570.475475,0,1,1696707727
2023-10-05,0x2223f9fe624f69da4d8256a7bcc9104fba7f8f75,5532,0x9975ad2b2035aa176068152f58fde6a93aa92208,370.842496,370.842496,370.842496,1,1,1696676251
2023-10-05,0x2223f9fe624f69da4d8256a7bcc9104fba7f8f75,5545,0x4bfd8ef76f883b04b2ce6d66f4ba0fca7237832e,370.087575,370.087575,370.087575,1,1,1696507293
2023-10-05,0x2223f9fe624f69da4d8256a7bcc9104fba7f8f75,5582,0xc7756898bb188376100560e96f96060e6f2b55c3,358.432362,358.432362,359.697136,1,1,1696921991
2023-10-05,0x2223f9fe624f69da4d8256a7bcc9104fba7f8f75,5612,0xd26bec7d4389af55e9b2d2a7d23225ead86f5b54,368.627191,368.627191,368.627191,1,1,1696501539
2023-10-05,0x2223f9fe624f69da4d8256a7bcc9104fba7f8f75,5615,0xb67a27222b4013d107630f59f595d4e578b1fe8b,0.0,0.0,359.005528,0,1,1696921599
2023-10-05,0x2223f9fe624f69da4d8256a7bcc9104fba7f8f75,5657,0x188a46d9dc1c0049c9bae886d9cacd0a0e56d1ed,0.0,0.0,367.000057,0,1,1696664159
2023-10-05,0x2223f9fe624f69da4d8256a7bcc9104fba7f8f75,5666,0x0f14d4fd4f10a4734bd24e592f11ce46ccfa56dc,366.831671,366.831671,366.831671,1,1,1696507559
2023-10-05,0x2223f9fe624f69da4d8256a7bcc9104fba7f8f75,5807,0x421312c8e8cb7bf137ea430d235eaa391452fa7c,127.056176,127.056176,0.0,1,0,1696535597
2023-10-05,0x2223f9fe624f69da4d8256a7bcc9104fba7f8f75,5810,0xaa9543f2eff0e7a4b267f839612945841172b02f,181.187373,181.187373,181.187373,1,1,1696497821
2023-10-05,0x2223f9fe624f69da4d8256a7bcc9104fba7f8f75,5812,0x128fbcbea19d753231d9f037a19b13a7e5af2ec9,362.35628,362.35628,362.35628,1,1,1697054117
2023-10-05,0x2223f9fe624f69da4d8256a7bcc9104fba7f8f75,5859,0xb53778863f6d05673de46b43303d59ea0c7111f0,361.031954,361.031954,361.031954,1,1,1696666817
2023-10-05,0x2223f9fe624f69da4d8256a7bcc9104fba7f8f75,5898,0x7c0111879da162e53360f4a379c8cb25c81bb299,180.161552,180.161552,179.981017,1,1,1696476119
2023-10-05,0x2223f9fe624f69da4d8256a7bcc9104fba7f8f75,5902,0xeac0059e9fc915a1479ed5c47832a7529d2944ac,359.810632,359.810632,359.810632,1,1,1696966391
2023-10-05,0x2223f9fe624f69da4d8256a7bcc9104fba7f8f75,5930,0x83760c2eb881f6551c5c5f957620b74e37a609ee,358.968473,358.968473,358.968473,1,1,1696511357
2023-10-05,0x2223f9fe624f69da4d8256a7bcc9104fba7f8f75,5961,0x7603c40b04ae8d4a82aedbccb5c3cd81b6681895,0.0,0.0,174.177026,0,1,1697017741
2023-10-05,0x2223f9fe624f69da4d8256a7bcc9104fba7f8f75,5979,0xadb2cc3215c14960240ac2e8f62371e1382497ef,86.695181,86.695181,0.0,1,0,1696773001
2023-10-05,0x2223f9fe624f69da4d8256a7bcc9104fba7f8f75,5999,0x5f58f61a451741b986df1457d0997ffd7b4e8846,0.0,0.0,356.56579,0,1,1696667231
2023-10-05,0x2223f9fe624f69da4d8256a7bcc9104fba7f8f75,6026,0x3be77b03e7869e69a6959a7149e2dcd577f66304,0.0,0.0,399.416185,0,1,1696870149
2023-10-05,0x2223f9fe624f69da4d8256a7bcc9104fba7f8f75,6033,0xd2ea42a69287a0a1bacd9259fbbd61a5db977248,355.742791,355.742791,355.742791,1,1,1696500709
2023-10-05,0x2223f9fe624f69da4d8256a7bcc9104fba7f8f75,6056,0xc630ee3e52a40a2c87d3507b18d11efb178d01ab,96.092723,96.092723,74.599816,1,1,1696596589
2023-10-05,0x2223f9fe624f69da4d8256a7bcc9104fba7f8f75,6069,0xa984ce40edccbf979c95a9c77c3a2078e1c346bc,354.930306,354.930306,354.930306,1,1,1696769431
2023-10-05,0x2223f9fe624f69da4d8256a7bcc9104fba7f8f75,6099,0x0762248fa639a8c365f004c5753e5d9c302112d3,0.0,0.0,354.264868,0,1,1696814063
2023-10-05,0x2223f9fe624f69da4d8256a7bcc9104fba7f8f75,6136,0xc89989842a112b89755deeec9761d878585deb41,353.425496,353.425496,0.0,1,0,1697024839
2023-10-05,0x2223f9fe624f69da4d8256a7bcc9104fba7f8f75,6175,0x479e26d0e79d430340a0c6468f16ab9f5a033b97,0.0,0.0,176.278146,0,1,1696989365
2023-10-05,0x2223f9fe624f69da4d8256a7bcc9104fba7f8f75,6201,0x81c516261ab29dd24d9acc0a1d8ccb822ad7c982,351.975884,351.975884,351.975884,1,1,1697045101
2023-10-05,0x2223f9fe624f69da4d8256a7bcc9104fba7f8f75,6251,0x7b5a85afce09aae49344f0b64f9476799f33c257,0.0,0.0,595.342478,0,1,1696670165
2023-10-05,0x2223f9fe624f69da4d8256a7bcc9104fba7f8f75,6347,0xb1e436ff825f116d390356f606f059ddadec96a6,0.0,0.0,391.849203,0,1,1696871571
2023-10-05,0x2223f9fe624f69da4d8256a7bcc9104fba7f8f75,6376,0xb3608da024fd28eb68b971b2ac0da4333b6d9c5e,0.0,0.0,348.832855,0,1,1696973139
2023-10-05,0x2223f9fe624f69da4d8256a7bcc9104fba7f8f75,6412,0xe350f1b8b29007673aea4936dedf9140e92c4052,348.167801,348.167801,348.167801,1,1,1696860703
2023-10-05,0x2223f9fe624f69da4d8256a7bcc9104fba7f8f75,6441,0xdcea88b624fba5f204231a58008704f744de3651,7.897133,7.897133,8.066422,1,1,1697032229
2023-10-05,0x2223f9fe624f69da4d8256a7bcc9104fba7f8f75,6489,0x119b2be32ae0c5c594df2ceada9af7a3ded3f758,0.0,0.0,14.256565,0,1,1696483693
2023-10-05,0x2223f9fe624f69da4d8256a7bcc9104fba7f8f75,6511,0x41d2f3add533465d1038bfac72855e8430f92eec,61.694906,61.694906,45.571768,1,1,1696679213
2023-10-05,0x2223f9fe624f69da4d8256a7bcc9104fba7f8f75,6534,0xf1b1b0b6735e5d0059a2c134979e075ef050e9bf,0.0,0.0,48.523067,0,1,1696622653
2023-10-05,0x2223f9fe624f69da4d8256a7bcc9104fba7f8f75,6537,0x1277255b8e274c8a753eea277aa62115baed21eb,0.97298,0.97298,0.996919,1,1,1696502823
2023-10-05,0x2223f9fe624f69da4d8256a7bcc9104fba7f8f75,6589,0x89c5f77ba94c96e4456ee463a0335b4128b0e263,502.395369,502.395369,514.411256,1,1,1696552905
2023-10-05,0x2223f9fe624f69da4d8256a7bcc9104fba7f8f75,6699,0xe630333dcc2a0aa410013c29a83728cbfd80917a,14.262243,14.262243,14.889245,1,1,1696535197
2023-10-05,0x2223f9fe624f69da4d8256a7bcc9104fba7f8f75,6717,0x043951150857e82d8f59bcabf1cf4ef99fb9ae03,291.313882,291.313882,148.535323,1,1,1696746739
2023-10-05,0x2223f9fe624f69da4d8256a7bcc9104fba7f8f75,6756,0x411c91abf1133ed9cab8b92d6768eb34aa53faa3,1772.51698,3545.03396,3213.620991,2,2,1696997397
2023-10-05,0x2223f9fe624f69da4d8256a7bcc9104fba7f8f75,6761,0x58e03d622a88b4012ee0a97235c6b110077fb867,0.0,0.0,1440.825431,0,1,1696961791
2023-10-05,0x2223f9fe624f69da4d8256a7bcc9104fba7f8f75,6766,0xb4dc4c7460c58e7652cd615675a1f707ebb67e9a,31.15197,31.15197,47.843588,1,1,1696585945
2023-10-05,0x2223f9fe624f69da4d8256a7bcc9104fba7f8f75,6794,0xbc0e09f77e6b262e8df1ad9fc29fb9f2f8920cd3,212.723934,212.723934,103.689261,1,1,1696472773
2023-10-05,0x2223f9fe624f69da4d8256a7bcc9104fba7f8f75,6795,0x76453095ab298978b4e88958e18d53385e2e3dfd,194.75227,194.75227,196.465448,1,1,1696550277
2023-10-05,0x2223f9fe624f69da4d8256a7bcc9104fba7f8f75,6806,0x16c5d7862f5e42b578c5b86bdf1f3887fdc0f412,420.02523,420.02523,42.316362,1,1,1696922441
2023-10-05,0x2223f9fe624f69da4d8256a7bcc9104fba7f8f75,6814,0xd25f3ff4d63179800dce837dc5412dac1ba6133f,14.659654,14.659654,14.691775,1,1,1696631269
2023-10-05,0x2223f9fe624f69da4d8256a7bcc9104fba7f8f75,6862,0x76b173f37cb39f288c2b97a8bea9bf96b643c485,449.558566,897.909667,888.086754,2,2,1697062211
2023-10-05,0x2223f9fe624f69da4d8256a7bcc9104fba7f8f75,6870,0x3dbf54b936afc9ed79416748b418808186662646,144.088008,144.088008,145.007232,1,1,1696650107
2023-10-05,0x2223f9fe624f69da4d8256a7bcc9104fba7f8f75,6907,0x8f35df47832dc2015011d0af1d5f1abd6f7a905f,973.290236,973.290236,0.0,1,0,1696797627
2023-10-05,0x2223f9fe624f69da4d8256a7bcc9104fba7f8f75,6908,0x8f35df47832dc2015011d0af1d5f1abd6f7a905f,73.157792,73.157792,0.0,1,0,1696797647
2023-10-05,0x2223f9fe624f69da4d8256a7bcc9104fba7f8f75,7009,0xfca9895a7dd0545c3d648f7ef235e546053946ca,986.987647,986.987647,495.423738,1,1,1696757777
2023-10-05,0x2223f9fe624f69da4d8256a7bcc9104fba7f8f75,7091,0xbc0e09f77e6b262e8df1ad9fc29fb9f2f8920cd3,0.0,0.0,110.004992,0,1,1696472645
2023-10-05,0x2223f9fe624f69da4d8256a7bcc9104fba7f8f75,7171,0x1108ab1555d590ee236467c3a057c1149b07d555,158.636926,215.863548,167.486673,2,2,1697000565
2023-10-05,0x2223f9fe624f69da4d8256a7bcc9104fba7f8f75,7188,0xb4dc4c7460c58e7652cd615675a1f707ebb67e9a,254.049971,254.049971,257.079528,1,1,1696585971
2023-10-05,0x2223f9fe624f69da4d8256a7bcc9104fba7f8f75,7196,0x2b4a4fe93639c70aae55adf5e63f3cbf10956292,6933.267018,6933.267018,0.0,1,0,1696472363
2023-10-05,0x2223f9fe624f69da4d8256a7bcc9104fba7f8f75,7247,0xa07d83334758af046dbcee6991e341c0e061d121,116.390243,116.390243,98.016193,1,1,1696987913
2023-10-05,0x2223f9fe624f69da4d8256a7bcc9104fba7f8f75,7263,0xaa9543f2eff0e7a4b267f839612945841172b02f,128.331777,128.331777,131.988218,1,1,1696497833
2023-10-05,0x2223f9fe624f69da4d8256a7bcc9104fba7f8f75,7273,0x537af42501e8a39e9a7569d24c0b2263f0e4d8cf,1111.0,1111.0,275.453148,1,1,1696713933
2023-10-05,0x2223f9fe624f69da4d8256a7bcc9104fba7f8f75,7284,0xb1d6ae6274747c0552c9e6bbf52d53dbeeb4f261,138.945874,138.945874,139.606243,1,1,1696696095
2023-10-05,0x2223f9fe624f69da4d8256a7bcc9104fba7f8f75,7291,0x55f45b50eb79c3bb7d7f15f50a9196964641e9d3,56.037295,56.037295,39.609837,1,1,1696719053
2023-10-05,0x2223f9fe624f69da4d8256a7bcc9104fba7f8f75,7299,0x02e0c302380aa679189d9caa349a0da5a6a19108,0.0,0.0,888.387807,0,1,1696994607
2023-10-05,0x2223f9fe624f69da4d8256a7bcc9104fba7f8f75,7343,0x162073d3bd1d3bce47e85ee5b9904887d1ba6e77,3067.784606,3067.784606,3082.679101,1,1,1696488985
2023-10-05,0x2223f9fe624f69da4d8256a7bcc9104fba7f8f75,7388,0x7b8bad250aace0cca1025730e59163e6887bb94b,100.456795,100.456795,100.36978,1,1,1696469181
2023-10-05,0x2223f9fe624f69da4d8256a7bcc9104fba7f8f75,7433,0xd8495779105bdd71540d53a58865b4ed337d3775,79.659087,79.659087,0.0,1,0,1696602461
2023-10-05,0x2223f9fe624f69da4d8256a7bcc9104fba7f8f75,7498,0x146695f336d600e9fbc78185aa0e64104fc191f2,258.610548,439.540051,338.613601,3,3,1696825647
2023-10-05,0x2223f9fe624f69da4d8256a7bcc9104fba7f8f75,7524,0x73d52bf205839bb5b090ad68d8691a2462492bf1,2.067963,2.067963,2.088302,1,1,1696774349
2023-10-05,0x2223f9fe624f69da4d8256a7bcc9104fba7f8f75,7575,0x537af42501e8a39e9a7569d24c0b2263f0e4d8cf,7409.98263,7409.98263,555.472335,1,1,1696713951
2023-10-05,0x2223f9fe624f69da4d8256a7bcc9104fba7f8f75,7599,0x63fa319a44517f0c41e7902b2aa016e83fda17aa,22.423107,22.762242,0.560861,3,3,1696785191
2023-10-05,0x2223f9fe624f69da4d8256a7bcc9104fba7f8f75,7685,0x93fe7f339e6eab9434036d3887d4196822f7d8f1,56.297201,56.297201,56.880584,1,1,1697029125
2023-10-05,0x2223f9fe624f69da4d8256a7bcc9104fba7f8f75,7705,0xce030f1137e05bc3d13303ddb5a955600b9b5771,1963.622245,1963.622245,1988.336267,1,1,1696847727
2023-10-05,0x2223f9fe624f69da4d8256a7bcc9104fba7f8f75,7778,0x53143d37caa2cf41177b8d66e0125731a1247af7,315.45811,315.45811,302.382886,1,1,1696522813
2023-10-05,0x2223f9fe624f69da4d8256a7bcc9104fba7f8f75,7798,0xe61d43d40bc1331f7470372587849a1fa644bfe8,10.014633,10.014633,10.13254,1,1,1696607027
2023-10-05,0x2223f9fe624f69da4d8256a7bcc9104fba7f8f75,7835,0xe4a8840ba281865797cfaf7bcfc0876771285643,2.632496,2.632496,2.645189,1,1,1696763477
2023-10-05,0x2223f9fe624f69da4d8256a7bcc9104fba7f8f75,7905,0x12cfa0fcbf3b2b12d90025d03ebc3241ebd63bfa,199.265418,309.888488,221.670178,2,2,1696608479
2023-10-05,0x2223f9fe624f69da4d8256a7bcc9104fba7f8f75,7955,0x76a95d549ca36d955df2c72f693690d8e51a94d0,1220.444368,1220.444368,1252.524214,1,1,1696521497
2023-10-05,0x2223f9fe624f69da4d8256a7bcc9104fba7f8f75,8063,0xaec272e8867a89e5de4d3e7ec59f3544801f31b7,7.273396,7.273396,0.0,1,0,1697019521
2023-10-05,0x2223f9fe624f69da4d8256a7bcc9104fba7f8f75,8064,0x478f5fddc5ad95e8602908dc6b23522b5998a6d6,7.271174,7.271174,7.541528,1,1,1697019727
2023-10-05,0x2223f9fe624f69da4d8256a7bcc9104fba7f8f75,8065,0xcff8eb70b166bba2304518e5a09fa67e43c21216,7.265012,7.265012,7.535142,1,1,1697020043
2023-10-05,0x2223f9fe624f69da4d8256a7bcc9104fba7f8f75,8066,0x5c2bb04553c205587af500f53e37e28414dd100b,7.262835,7.262835,7.53285,1,1,1697020071
2023-10-05,0x2223f9fe624f69da4d8256a7bcc9104fba7f8f75,8068,0x4428b40e5a2824144fe3fb08571c95ed1e52fb9b,9.902735,9.902735,9.992191,1,1,1697020127
2023-10-05,0x2223f9fe624f69da4d8256a7bcc9104fba7f8f75,8069,0xf34b15ad6dafe19bc016d114a2c769619c953727,9.908077,9.908077,10.000303,1,1,1697020171
2023-10-05,0x2223f9fe624f69da4d8256a7bcc9104fba7f8f75,8070,0x0fce2030d9ca8b7987f82c5f0433edba6a70b5f3,9.987088,9.987088,9.99033,1,1,1697020195
2023-10-05,0x2223f9fe624f69da4d8256a7bcc9104fba7f8f75,8071,0xc552d0c6bb49671e0c8c1537338acd086e0f1108,9.988589,9.988589,9.990141,1,1,1697020215
2023-10-05,0x2223f9fe624f69da4d8256a7bcc9104fba7f8f75,8072,0x64e71b440cec3a7ea58e13c9a8bc79163de9b3e7,10.011533,10.011533,9.987242,1,1,1697020233
2023-10-05,0x2223f9fe624f69da4d8256a7bcc9104fba7f8f75,8073,0xde76c45ed9385c48346baaab0baf511ae939b2b8,10.009363,10.009363,9.987518,1,1,1697020249
2023-10-05,0x2223f9fe624f69da4d8256a7bcc9104fba7f8f75,8074,0x0b504389ffa6181893670ebab4e4584e74706e7e,10.015521,10.015521,9.98674,1,1,1697020267
2023-10-05,0x2223f9fe624f69da4d8256a7bcc9104fba7f8f75,8075,0xca32a60f29b9b7e22fb7713baf82618b8e0e72d9,10.017274,10.017274,9.986519,1,1,1697020285
2023-10-05,0x2223f9fe624f69da4d8256a7bcc9104fba7f8f75,8076,0xe45fe07fec55b40da85d4df75fe54f484c7fcdcc,9.991725,9.991725,9.989752,1,1,1697020305
2023-10-05,0x2223f9fe624f69da4d8256a7bcc9104fba7f8f75,8083,0xca82abdbb7d552fa2903ab2943518e798325e44b,198.218709,198.218709,204.618993,1,1,1696735571
2023-10-05,0x2223f9fe624f69da4d8256a7bcc9104fba7f8f75,8124,0xab1bd7cc8616515929c34256afe543b35b800b71,0.0,0.0,38.627128,0,1,1696523843
2023-10-05,0x2223f9fe624f69da4d8256a7bcc9104fba7f8f75,8125,0x0c250c0d0e4555d3ffca9a5d4ef124840994853b,0.0,0.0,35.409591,0,1,1697052113
2023-10-05,0x2223f9fe624f69da4d8256a7bcc9104fba7f8f75,8129,0x72195dda0361f43ce544b750f318d04b35836933,0.0,0.0,4.985568,0,1,1696696327
2023-10-05,0x2223f9fe624f69da4d8256a7bcc9104fba7f8f75,8135,0xed8e924735f590572361b52657abd9a3260f35a0,544.566335,875.562265,330.99593,2,1,1697016605
2023-10-05,0x2223f9fe624f69da4d8256a7bcc9104fba7f8f75,8139,0x460808bb2e79e5b84994105b601a13e33c29a45f,0.0,0.0,8.292021,0,1,1696620807
2023-10-05,0x2223f9fe624f69da4d8256a7bcc9104fba7f8f75,8251,0xb1213ef183f374fa61845e67cbf1b0ec79642c27,99.669645,99.669645,0.0,1,0,1696535123
2023-10-05,0x2223f9fe624f69da4d8256a7bcc9104fba7f8f75,8343,0x6c6dc387b28edf1d2ccac7acc99f4238db1592ba,0.873126,0.873126,0.876107,1,1,1696857311
2023-10-05,0x2223f9fe624f69da4d8256a7bcc9104fba7f8f75,8407,0x60e15de5b3304d4381517745941975ce0327c649,25967.203297,25967.203297,0.0,1,0,1696970499
2023-10-05,0x2223f9fe624f69da4d8256a7bcc9104fba7f8f75,8415,0x7a81ac54ab686e8539d774e266832650774ca144,7121.38392,7121.38392,0.0,1,0,1696486275
2023-10-05,0x2223f9fe624f69da4d8256a7bcc9104fba7f8f75,8499,0x43ddfb8792e449563c075ff07f59da0ad4cc5d58,24.930627,24.930627,0.0,1,0,1696468439
2023-10-05,0x2223f9fe624f69da4d8256a7bcc9104fba7f8f75,8500,0x280b6cdf7d768c91cdc4489cf1a8658476960ed2,11.030803,11.030803,0.0,1,0,1696469935
2023-10-05,0x2223f9fe624f69da4d8256a7bcc9104fba7f8f75,8501,0x2b1c017590f03d341e527766141cb8dbd9443d66,178.638367,178.638367,0.0,1,0,1696473893
2023-10-05,0x2223f9fe624f69da4d8256a7bcc9104fba7f8f75,8502,0x892176d784bed3dc877a62f3ff9fc091377b2a49,143.697965,243.335352,99.637387,2,1,1696576145
2023-10-05,0x2223f9fe624f69da4d8256a7bcc9104fba7f8f75,8506,0x1f8230ef5ba34a7f96132b8c67bf955408041f7e,2.243302,2.243302,0.0,1,0,1696493905
2023-10-05,0x2223f9fe624f69da4d8256a7bcc9104fba7f8f75,8507,0x56925d1d62b5d9bd9c0df8f0b5593c87bdca0c82,14.266625,14.266625,0.0,1,0,1696494171
2023-10-05,0x2223f9fe624f69da4d8256a7bcc9104fba7f8f75,8508,0x509e1b802ac4b93072eb8bca2a3455cac4cfff0c,28.247424,28.247424,0.0,1,0,1696494819
2023-10-05,0x2223f9fe624f69da4d8256a7bcc9104fba7f8f75,8509,0x0db228081fa3ab56337662da8b2454ed672ae6ef,84.392045,84.392045,0.0,1,0,1696494955
2023-10-05,0x2223f9fe624f69da4d8256a7bcc9104fba7f8f75,8516,0xa5a2a35fa9404f3603505984506206ccf208489f,5e-06,5e-06,0.0,1,0,1696503683
2023-10-05,0x2223f9fe624f69da4d8256a7bcc9104fba7f8f75,8519,0x053e95926737135ca5f0c7ce546d35f61d4ff213,53.796354,53.796354,0.0,1,0,1696512105
2023-10-05,0x2223f9fe624f69da4d8256a7bcc9104fba7f8f75,8523,0x4ee0b439439910b52467920cb2a3248958327543,0.889441,0.889441,0.0,1,0,1696516117
2023-10-05,0x2223f9fe624f69da4d8256a7bcc9104fba7f8f75,8528,0x309f148d27aa818e3ad479922227bb538f46c520,46.487821,46.487821,0.0,1,0,1696544535
2023-10-05,0x2223f9fe624f69da4d8256a7bcc9104fba7f8f75,8529,0x309f148d27aa818e3ad479922227bb538f46c520,39.787807,39.787807,0.0,1,0,1696544533
2023-10-05,0x2223f9fe624f69da4d8256a7bcc9104fba7f8f75,8535,0xf18a9c4723c4807fb5d5aaba5744d619fe4b42c7,1.652006,1.652006,0.0,1,0,1696570141
2023-10-05,0x2223f9fe624f69da4d8256a7bcc9104fba7f8f75,8545,0x03ba0c4cc3a8226f5b277a8eb5d37cc15cc1f1e4,132.311264,132.311264,0.0,1,0,1696615499
2023-10-05,0x2223f9fe624f69da4d8256a7bcc9104fba7f8f75,8546,0xb22d543c8db8bab111bd53317233fd9e75b03df9,0.777853,0.777853,0.0,1,0,1696626621
2023-10-05,0x2223f9fe624f69da4d8256a7bcc9104fba7f8f75,8556,0xe075c154094683a9b187f0f555585b0b29737824,8.26579,8.26579,0.0,1,0,1696672473
2023-10-05,0x2223f9fe624f69da4d8256a7bcc9104fba7f8f75,8576,0x24a830c6e9a1a63093900ca964a48f9c08e47119,24.161272,24.161272,0.0,1,0,1696889421
2023-10-05,0x2223f9fe624f69da4d8256a7bcc9104fba7f8f75,8585,0xa242fb8cb0d8c82f445e1d676cffb32423ca5c51,1.249597,1.249597,0.0,1,0,1696763887
2023-10-05,0x2223f9fe624f69da4d8256a7bcc9104fba7f8f75,8587,0x4f28720ab6ef2eec6b08906306b6c40a893d6e8b,1.499473,1.499473,0.0,1,0,1696767503
2023-10-05,0x2223f9fe624f69da4d8256a7bcc9104fba7f8f75,8588,0x35c05bbafe4e4553528f97ad6aab09f5c402cac3,0.440522,0.440522,0.0,1,0,1696776529
2023-10-05,0x2223f9fe624f69da4d8256a7bcc9104fba7f8f75,8592,0x870141c34503b732fa853779223b24eff98e65e1,9.468067,9.468067,0.0,1,0,1696787993
2023-10-05,0x2223f9fe624f69da4d8256a7bcc9104fba7f8f75,8597,0x3c44d74a3bb9cacd11ba62ef01a4ba95a58b6be9,459.24066,459.24066,0.0,1,0,1696805019
2023-10-05,0x2223f9fe624f69da4d8256a7bcc9104fba7f8f75,8611,0x35f5130214a8cafd9ebf32eb61a8584533106194,6.990576,6.990576,0.0,1,0,1696865929
2023-10-05,0x2223f9fe624f69da4d8256a7bcc9104fba7f8f75,8622,0xf5fcbd15ad58e6c50f49dbe6d75e399e9e454690,4.411075,4.411075,0.0,1,0,1697028431
2023-10-05,0x2223f9fe624f69da4d8256a7bcc9104fba7f8f75,8639,0x7d8f61e8ed65d00edbaf2f0ee90131d64c4fc53e,414.901489,414.901489,0.0,1,0,1696973199
2023-10-05,0x2223f9fe624f69da4d8256a7bcc9104fba7f8f75,8650,0x7bc7efdf873204f6100cb84f0cf5ecc8ff39a557,10.160908,10.160908,0.0,1,0,1697024145
2023-10-05,0x2223f9fe624f69da4d8256a7bcc9104fba7f8f75,8652,0x3d088b87c048e5fd4e3a6f9cc04490501b1dbae1,12.892553,12.892553,0.0,1,0,1697028481
2023-10-05,0x2223f9fe624f69da4d8256a7bcc9104fba7f8f75,8655,0x93fe7f339e6eab9434036d3887d4196822f7d8f1,101.752412,101.752412,0.0,1,0,1697029393
2023-10-05,0x2223f9fe624f69da4d8256a7bcc9104fba7f8f75,8657,0x54f70611f4b4bbcf38047a09bc23bd587c38568c,0.014649,0.014649,0.0,1,0,1697039951
2023-10-05,0x2223f9fe624f69da4d8256a7bcc9104fba7f8f75,8659,0x1e6be8b36cf529d9b2bf5dfe6684ed970da96992,28.942122,28.942122,0.0,1,0,1697046725
2023-10-05,0x2223f9fe624f69da4d8256a7bcc9104fba7f8f75,8667,0x09334f42d68430af41985042794fb37eab6c41a0,0.040695,0.040695,0.0,1,0,1697056939
2023-10-05,0x2722c8f9b5e2ac72d1f225f8e8c990e449ba0078,1,0xbde0c70bdc242577c52dfad53389f82fd149ea5a,405160.211494,405160.211494,151951.08417,1,1,1697045005
2023-10-05,0x2722c8f9b5e2ac72d1f225f8e8c990e449ba0078,2,0x51e171d2fde9b37bbbb624a53ef54959422388e4,289400.151067,289400.151067,108536.488693,1,1,1697050283
2023-10-05,0x2722c8f9b5e2ac72d1f225f8e8c990e449ba0078,5,0x5b1892b546002ff3dd508500575bd6bf7a101431,106093.328059,106093.328059,39789.192764,1,1,1697045057
2023-10-05,0x2722c8f9b5e2ac72d1f225f8e8c990e449ba0078,103,0x1c2ed7a6c4e3c1146103fa222181115a72243a06,0.0,0.0,54580.105988,0,1,1697064139
2023-10-05,0x2722c8f9b5e2ac72d1f225f8e8c990e449ba0078,122,0xc1061bc6e62d7908eb21f57788b48b3636a2c2d6,106216.107228,106216.107228,0.0,1,0,1697052275
2023-10-05,0x2722c8f9b5e2ac72d1f225f8e8c990e449ba0078,197,0x6cd1b82490eb7aa18bec4305c6c2e691194c6898,198840.7907,198840.7907,0.0,1,0,1696934621
2023-10-05,0x2722c8f9b5e2ac72d1f225f8e8c990e449ba0078,204,0x3aee7d5600c29ee7e4482c810746081313460738,94662.310295,94662.310295,47273.825452,1,1,1697056745
2023-10-05,0x2722c8f9b5e2ac72d1f225f8e8c990e449ba0078,303,0xab12253171a0d73df64b115cd43fe0a32feb9daa,26650.535155,26650.535155,26650.535155,1,1,1697046769
2023-10-05,0x2722c8f9b5e2ac72d1f225f8e8c990e449ba0078,304,0xbbb33d2e7bd7ddc722e53da9ca8ee97df41cfabf,21172.047238,21172.047238,21158.978174,1,1,1696925469
2023-10-05,0x2722c8f9b5e2ac72d1f225f8e8c990e449ba0078,319,0xcd763667cd74543bd05c19386347441d3d3f6392,50432.009354,50432.009354,0.0,1,0,1696911427
2023-10-05,0x2722c8f9b5e2ac72d1f225f8e8c990e449ba0078,391,0x6fe797a05359c9d91b1f85d418e2ed4ea6c65a8f,16711.146412,16711.146412,16705.788344,1,1,1697062047
2023-10-05,0x2722c8f9b5e2ac72d1f225f8e8c990e449ba0078,405,0x2f707265e61300e8290c18e38ebcbd129fb0b0f5,29209.281343,29209.281343,26858.10661,1,1,1696780625
2023-10-05,0x2722c8f9b5e2ac72d1f225f8e8c990e449ba0078,409,0x9e4748fef62d2cd4f16bda3893e477616609db37,0.0,0.0,62659.463645,0,1,1696534281
2023-10-05,0x2722c8f9b5e2ac72d1f225f8e8c990e449ba0078,474,0x115d0d8822efc9607c52b04628098b48970b993b,0.0,0.0,50078.017294,0,1,1697045845
2023-10-05,0x2722c8f9b5e2ac72d1f225f8e8c990e449ba0078,487,0xf3fc9208014ab619fb4b4a9fd00efe5994a6c153,45615.811243,45615.811243,0.0,1,0,1696917033
2023-10-05,0x2722c8f9b5e2ac72d1f225f8e8c990e449ba0078,528,0x766c64d809056fbb492fdb410a6b4857c015619a,0.0,0.0,10272.202274,0,1,1697063991
2023-10-05,0x2722c8f9b5e2ac72d1f225f8e8c990e449ba0078,561,0x00bc2b77b0407b77fc8ca50c651be882a6e7820c,38288.348632,38288.348632,0.0,1,0,1696913317
2023-10-05,0x2722c8f9b5e2ac72d1f225f8e8c990e449ba0078,615,0xebfced2b9ca169d2ca566e1f72a75a9b6cc9291d,0.0,0.0,34934.371187,0,1,1697059915
2023-10-05,0x2722c8f9b5e2ac72d1f225f8e8c990e449ba0078,628,0x8fa5ebb986fa6db89291a383142bb756ab88428e,0.0,0.0,16889.751843,0,1,1697060817
2023-10-05,0x2722c8f9b5e2ac72d1f225f8e8c990e449ba0078,675,0x1f452ea54d4d934afadc300c61ca0a3b1bbde958,0.0,0.0,15041.22433,0,1,1697064149
2023-10-05,0x2722c8f9b5e2ac72d1f225f8e8c990e449ba0078,678,0x9a5df8a23fb61fc6c1fe7807290bfd0e577aa4ec,0.0,0.0,23311.591228,0,1,1696639849
2023-10-05,0x2722c8f9b5e2ac72d1f225f8e8c990e449ba0078,720,0x89edc11116ca95170fdfe2669f66dbb287dccf7a,14978.175338,14978.175338,26702.396352,1,1,1696609845
2023-10-05,0x2722c8f9b5e2ac72d1f225f8e8c990e449ba0078,858,0x9d068c281afa4f518e2393702adff6b4f22c1156,0.0,0.0,16300.748553,0,1,1697034711
2023-10-05,0x2722c8f9b5e2ac72d1f225f8e8c990e449ba0078,941,0x340d827d96a2da5e617cb6c378c631f84a0a182e,17600.169414,17600.169414,0.0,1,0,1696930895
2023-10-05,0x2722c8f9b5e2ac72d1f225f8e8c990e449ba0078,987,0x9d480d2e3a1a3e5fe678ca8b932b4ca7d1503e2c,0.0,0.0,15291.47615,0,1,1696798733
2023-10-05,0x2722c8f9b5e2ac72d1f225f8e8c990e449ba0078,1011,0x52d033e64774f31a8b7562806aa5782cbbd29382,22515.419018,22515.419018,45369.411197,1,1,1697038561
2023-10-05,0x2722c8f9b5e2ac72d1f225f8e8c990e449ba0078,1256,0x5345462544ed763639519376c298e939228dd1f4,0.0,0.0,10337.944381,0,1,1697050023
2023-10-05,0x2722c8f9b5e2ac72d1f225f8e8c990e449ba0078,1396,0xba3e2dc0119d8b84ef61c0c48a923054bec9665b,4173.742406,4173.742406,4166.518903,1,1,1696575363
2023-10-05,0x2722c8f9b5e2ac72d1f225f8e8c990e449ba0078,1434,0x7f55b20cb25b9e4351664289d3c718da83371663,0.0,0.0,7876.737516,0,1,1697064603
2023-10-05,0x2722c8f9b5e2ac72d1f225f8e8c990e449ba0078,1461,0x2bcdca8c689b4aa460b66ffde1d6b1761d41d5df,3836.018673,3836.018673,3066.920915,1,1,1697012133
2023-10-05,0x2722c8f9b5e2ac72d1f225f8e8c990e449ba0078,1496,0xd5cd4169d75fa1567c773af21964bc85ed701c6e,0.0,0.0,9532.654633,0,1,1697063499
2023-10-05,0x2722c8f9b5e2ac72d1f225f8e8c990e449ba0078,1507,0x4335335c596ac1fb3872a4f3b02ddc5418f8e33d,7644.950651,7644.950651,0.0,1,0,1696914903
2023-10-05,0x2722c8f9b5e2ac72d1f225f8e8c990e449ba0078,1511,0x4f321ad6ddc21ebcf9ee7213d2b41895196b6a9b,1077.335144,1077.335144,1794.982867,1,1,1697016017
2023-10-05,0x2722c8f9b5e2ac72d1f225f8e8c990e449ba0078,1926,0xefa4c696ea2505ec038c9ddc849b1bf817d7f69d,0.0,0.0,4479.660333,0,1,1697058813
2023-10-05,0x2722c8f9b5e2ac72d1f225f8e8c990e449ba0078,2192,0x6fa3e3bce93bc425df83579c9f06245d3993516c,0.0,0.0,1895.582208,0,1,1697064605
2023-10-05,0x2722c8f9b5e2ac72d1f225f8e8c990e449ba0078,2194,0x74597a233e403ac2f48c40dd66fde8d22d6634f2,0.0,0.0,3792.340103,0,1,1697050711
2023-10-05,0x2722c8f9b5e2ac72d1f225f8e8c990e449ba0078,2424,0x1426fbd146942e153653863cbe633780c17268da,0.0,0.0,3349.293869,0,1,1697057207
2023-10-05,0x2722c8f9b5e2ac72d1f225f8e8c990e449ba0078,2697,0x5115b261fb75084af050349020f09164cb8fe059,0.0,0.0,737.069908,0,1,1696610023
2023-10-05,0x2722c8f9b5e2ac72d1f225f8e8c990e449ba0078,2791,0x91f6c0cffc2ee380f55478366daa88566c02af4c,0.0,0.0,2559.264516,0,1,1696497203
2023-10-05,0x2722c8f9b5e2ac72d1f225f8e8c990e449ba0078,2860,0xd935a63d629cac4cfc8f632a2f4aab3ca8d99e38,0.0,0.0,676.727571,0,1,1697029099
2023-10-05,0x2722c8f9b5e2ac72d1f225f8e8c990e449ba0078,2922,0x506765dfde54034cffc105747ed8829c2b719719,0.0,0.0,2133.908125,0,1,1697050901
2023-10-05,0x2722c8f9b5e2ac72d1f225f8e8c990e449ba0078,2927,0xfc4b2a62a06cb2e1c6a743e9ae327bb16977e4c1,2120.634113,2120.634113,2120.634113,1,1,1697046185
2023-10-05,0x2722c8f9b5e2ac72d1f225f8e8c990e449ba0078,3086,0x9b9e8bc43c15559653868587a193bd014dff5c65,2015.117348,2015.117348,0.0,1,0,1696919279
2023-10-05,0x2722c8f9b5e2ac72d1f225f8e8c990e449ba0078,3116,0xa4831321acf9920a19941c45ea6472ddcca34b3c,1776.843659,1776.843659,887.79483,1,1,1696910639
2023-10-05,0x2722c8f9b5e2ac72d1f225f8e8c990e449ba0078,3347,0x175fb20b9b5bcf80a0167d403405e6f3a074cfa0,288.100448,288.100448,288.100448,1,1,1696627085
2023-10-05,0x2722c8f9b5e2ac72d1f225f8e8c990e449ba0078,3876,0x7d59226c6c2aa0b820d47c521dbd781ee8f6349b,0.0,0.0,463.2905,0,1,1697050373
2023-10-05,0x2722c8f9b5e2ac72d1f225f8e8c990e449ba0078,3929,0xc1178d5bada448126a5054eaf4e7c2f3fca5e974,0.0,0.0,886.776913,0,1,1697041879
2023-10-05,0x2722c8f9b5e2ac72d1f225f8e8c990e449ba0078,4090,0x94824d798c4d2fd2e093ee4e0084d2f1f75f7554,0.0,0.0,753.857608,0,1,1696630881
2023-10-05,0x2722c8f9b5e2ac72d1f225f8e8c990e449ba0078,4122,0x0b774a220a09cf70f9a16235531a91f8324ffd89,0.0,0.0,734.205003,0,1,1696471205
2023-10-05,0x2722c8f9b5e2ac72d1f225f8e8c990e449ba0078,4201,0x3a8b02caf5297f5904f6a236ba5bf53526e99c0d,172.634436,172.634436,690.537743,1,1,1697012149
2023-10-05,0x2722c8f9b5e2ac72d1f225f8e8c990e449ba0078,4322,0xcadc672a191ac9b184b468064fdfbb99fd9829d6,1121.452755,1121.452755,560.726377,1,1,1696910881
2023-10-05,0x2722c8f9b5e2ac72d1f225f8e8c990e449ba0078,4455,0xef80c44d996ebac95aa62589986fb3fcdfe3f7d9,0.0,0.0,533.476346,0,1,1696551125
2023-10-05,0x2722c8f9b5e2ac72d1f225f8e8c990e449ba0078,4512,0xda844e1ec97b0bab57f6d33f59b225ba57f0f0c9,0.0,0.0,258.537504,0,1,1697059829
2023-10-05,0x2722c8f9b5e2ac72d1f225f8e8c990e449ba0078,4994,0xe47d815f8a9640a935386ec52f975df4861fdfd6,0.0,0.0,401.713814,0,1,1697034985
2023-10-05,0x2722c8f9b5e2ac72d1f225f8e8c990e449ba0078,5007,0xe47d815f8a9640a935386ec52f975df4861fdfd6,0.0,0.0,400.638269,0,1,1697034967
2023-10-05,0x2722c8f9b5e2ac72d1f225f8e8c990e449ba0078,5014,0x6d337a274f7ce25b8c678ec7da2cde5722507b44,400.462325,400.462325,0.0,1,0,1696927719
2023-10-05,0x2722c8f9b5e2ac72d1f225f8e8c990e449ba0078,5237,0xa1efc03fe3318cc186bc48809a30b2fed31a2423,0.0,0.0,384.349337,0,1,1697031535
2023-10-05,0x2722c8f9b5e2ac72d1f225f8e8c990e449ba0078,5425,0x3a46a54225da7255adfd7115d157861d1f16a3c3,375.256184,375.256184,375.256184,1,1,1697058839
2023-10-05,0x2722c8f9b5e2ac72d1f225f8e8c990e449ba0078,5533,0xd608da94e1696d9b31b993b222bcd970dc6c54ca,359.744361,359.744361,0.0,1,0,1696920231
2023-10-05,0x2722c8f9b5e2ac72d1f225f8e8c990e449ba0078,5543,0x573a7a075b85e25d78444b16548051f6d14859df,370.139854,370.139854,370.139854,1,1,1697058979
2023-10-05,0x2722c8f9b5e2ac72d1f225f8e8c990e449ba0078,5554,0xc15ab8dd7daeea5f1aa3b56507cac8a877e21b15,0.0,0.0,5256.575904,0,1,1697022995
2023-10-05,0x2722c8f9b5e2ac72d1f225f8e8c990e449ba0078,5567,0xf69f557f2960572c661c7aef950da9edfc8e4936,358.70342,358.70342,0.0,1,0,1696921697
2023-10-05,0x2722c8f9b5e2ac72d1f225f8e8c990e449ba0078,5572,0xab269f6a366fdf46f20cd9dae2ee2ceacac4a8a1,358.09348,358.09348,0.0,1,0,1696920283
2023-10-05,0x2722c8f9b5e2ac72d1f225f8e8c990e449ba0078,5610,0x2979925d64a2d0e50b4efb2c3f6bd92d0c54df5a,357.944535,357.944535,0.0,1,0,1696920497
2023-10-05,0x2722c8f9b5e2ac72d1f225f8e8c990e449ba0078,5615,0xb67a27222b4013d107630f59f595d4e578b1fe8b,357.743774,357.743774,0.0,1,0,1696921599
2023-10-05,0x2722c8f9b5e2ac72d1f225f8e8c990e449ba0078,5658,0xda3b3c61db1e4e7488e07c8db672e87f4230e459,356.323781,356.323781,0.0,1,0,1696922417
2023-10-05,0x2722c8f9b5e2ac72d1f225f8e8c990e449ba0078,5687,0x818ab232724233ee2c2b66a42e515d5d98ef8a8f,355.564319,355.564319,0.0,1,0,1696922273
2023-10-05,0x2722c8f9b5e2ac72d1f225f8e8c990e449ba0078,5702,0x03f05d064549743f94b56f47b70b6bfafc012c50,355.251944,355.251944,0.0,1,0,1696922795
2023-10-05,0x2722c8f9b5e2ac72d1f225f8e8c990e449ba0078,5710,0xed52cbe639c5a64138ce678b86a8f231a89cdb05,355.033945,355.033945,0.0,1,0,1696931629
2023-10-05,0x2722c8f9b5e2ac72d1f225f8e8c990e449ba0078,5715,0xa32df494ddf72c7b8ea81fcda5bc08dfa287c4e9,354.98501,354.98501,0.0,1,0,1696922897
2023-10-05,0x2722c8f9b5e2ac72d1f225f8e8c990e449ba0078,5727,0x63265ff8ea0f3c87ec4df6746e71f20aa3a7af7f,354.648686,354.648686,0.0,1,0,1696932099
2023-10-05,0x2722c8f9b5e2ac72d1f225f8e8c990e449ba0078,5739,0xc42104b600ca8f036ae1074b41ec47cf639fd1bd,354.161431,354.161431,0.0,1,0,1696931779
2023-10-05,0x2722c8f9b5e2ac72d1f225f8e8c990e449ba0078,5746,0x7a68fa1ffeeb5fe98a4517ccbd4c94fcc54cf997,353.895808,353.895808,0.0,1,0,1696931849
2023-10-05,0x2722c8f9b5e2ac72d1f225f8e8c990e449ba0078,5751,0xff8ab0d1e6600de5d061b4b247dea2027bb09bee,353.746174,353.746174,0.0,1,0,1696931705
2023-10-05,0x2722c8f9b5e2ac72d1f225f8e8c990e449ba0078,5765,0x5d781a5e0d360006b28c96f383d54f6b622044ab,0.0,0.0,11144.402069,0,1,1696473079
2023-10-05,0x2722c8f9b5e2ac72d1f225f8e8c990e449ba0078,5804,0x0580e3be789d7d3b4d503697ea7b983f728ab544,352.076544,352.076544,0.0,1,0,1696933643
2023-10-05,0x2722c8f9b5e2ac72d1f225f8e8c990e449ba0078,6375,0xe331ef612cebc0aca6d0b586542b3c25c82350bb,87.229622,87.229622,87.229622,1,1,1697056267
2023-10-05,0x2722c8f9b5e2ac72d1f225f8e8c990e449ba0078,6518,0x5da68351bd082abda73e42ac981db51d9364fe69,33.1827,33.1827,17.606008,1,1,1697050641
2023-10-05,0x2722c8f9b5e2ac72d1f225f8e8c990e449ba0078,6585,0x221a68818a6a77fae0d920306b45a3b1e32e6743,117.981014,117.981014,117.981014,1,1,1696490963
2023-10-05,0x2722c8f9b5e2ac72d1f225f8e8c990e449ba0078,6671,0x5df74b38a56d81a52d723715329c334635d5de1b,309.004908,309.004908,310.527274,1,1,1697035437
2023-10-05,0x2722c8f9b5e2ac72d1f225f8e8c990e449ba0078,6938,0xd3d99ab6981587d5522854ca370726eef63a8e4d,464.970481,464.970481,0.0,1,0,1696971041
2023-10-05,0x2722c8f9b5e2ac72d1f225f8e8c990e449ba0078,7124,0xec58a1a14d5d86054cdf40f877b826920f743dcb,25.008444,25.008444,17.194792,1,1,1696804213
2023-10-05,0x2722c8f9b5e2ac72d1f225f8e8c990e449ba0078,8356,0x166c794d890dd91bbe71f304eca660e1c4892cbb,0.0,0.0,7683.59844,0,1,1697060253
2023-10-05,0x2722c8f9b5e2ac72d1f225f8e8c990e449ba0078,8625,0x2358e3a7bb9d933095d187e7cf68f2507bfc07f6,60.664525,60.664525,0.0,1,0,1696930897
2023-10-05,0x27a8afa3bd49406e48a074350fb7b2020c43b2bd,24,0x208a17c5fabe5b90282e5906945ff335e39326c4,0.0,0.0,3648.01398,0,1,1697051865
2023-10-05,0x27a8afa3bd49406e48a074350fb7b2020c43b2bd,48,0x12478d1a60a910c9cbffb90648766a2bdd5918f5,0.0,0.0,367856.071963,0,1,1697064177
2023-10-05,0x27a8afa3bd49406e48a074350fb7b2020c43b2bd,56,0x48a5a6a01ba89cddf97d2d552923d5a11401ed19,194470.318423,194470.318423,0.0,1,0,1697064681
2023-10-05,0x27a8afa3bd49406e48a074350fb7b2020c43b2bd,68,0x132e47cf2c19ec2d8dd56e1528fc7e18dc09188f,276986.419569,276986.419569,213488.723706,1,1,1697053575
2023-10-05,0x27a8afa3bd49406e48a074350fb7b2020c43b2bd,96,0x26602bf417c4e57ba3d2268d7f93a1e16f29e069,0.0,0.0,61128.080237,0,1,1697062825
2023-10-05,0x27a8afa3bd49406e48a074350fb7b2020c43b2bd,103,0x1c2ed7a6c4e3c1146103fa222181115a72243a06,54597.611532,54597.611532,0.0,1,0,1697064139
2023-10-05,0x27a8afa3bd49406e48a074350fb7b2020c43b2bd,111,0x7b59793ad075e4ce1e35181054759c080b8d965d,0.0,0.0,495765.458926,0,1,1696523157
2023-10-05,0x27a8afa3bd49406e48a074350fb7b2020c43b2bd,122,0xc1061bc6e62d7908eb21f57788b48b3636a2c2d6,0.0,0.0,42486.442891,0,1,1697052275
2023-10-05,0x27a8afa3bd49406e48a074350fb7b2020c43b2bd,185,0x5952bab55191f8a815ccd8ba4945f7a09ef5def7,0.0,0.0,143078.736848,0,1,1697043023
2023-10-05,0x27a8afa3bd49406e48a074350fb7b2020c43b2bd,192,0x739f9535bcd439483a1538431f92f358a80f1801,0.0,0.0,207614.840923,0,1,1697050695
2023-10-05,0x27a8afa3bd49406e48a074350fb7b2020c43b2bd,241,0xd639eee81b30d8b34d5d8cbce83f193e2ba298e4,37920.5699,37920.5699,0.0,1,0,1697064485
2023-10-05,0x27a8afa3bd49406e48a074350fb7b2020c43b2bd,340,0xd9277f43bdfbbd18f5ba0adeb38f3ace2929e773,0.0,0.0,44613.625984,0,1,1696945193
2023-10-05,0x27a8afa3bd49406e48a074350fb7b2020c43b2bd,387,0x314c0695273ba259bb60074f2c92c67ac7ae6d40,0.0,0.0,10558.587324,0,1,1696927055
2023-10-05,0x27a8afa3bd49406e48a074350fb7b2020c43b2bd,398,0x48c7e0db3dad3fe4eb0513b86fe5c38ebb4e0f91,0.0,0.0,6553.093952,0,1,1697027447
2023-10-05,0x27a8afa3bd49406e48a074350fb7b2020c43b2bd,402,0xbe95c6177367869d213520add168255160ca5bf5,64815.559808,64815.559808,0.0,1,0,1697064647
2023-10-05,0x27a8afa3bd49406e48a074350fb7b2020c43b2bd,405,0x2f707265e61300e8290c18e38ebcbd129fb0b0f5,29209.281343,29209.281343,0.0,1,0,1696780625
2023-10-05,0x27a8afa3bd49406e48a074350fb7b2020c43b2bd,473,0x97020c9ec66e0f59231918b1d2f167a66026aff2,0.0,0.0,15574.157232,0,1,1697050159
2023-10-05,0x27a8afa3bd49406e48a074350fb7b2020c43b2bd,523,0xde93a283495fa2834047b53871a8e4e09f96d841,11046.494107,11046.494107,21742.773587,1,1,1697054111
2023-10-05,0x27a8afa3bd49406e48a074350fb7b2020c43b2bd,555,0xa3f2d88fb722d4f2a082edbf98354b81dc34829e,39920.055856,39920.055856,39907.256354,1,1,1697048571
2023-10-05,0x27a8afa3bd49406e48a074350fb7b2020c43b2bd,573,0x1125917201ed36700f86c3cecec8c5dafae280d1,0.0,0.0,40868.494006,0,1,1697039145
2023-10-05,0x27a8afa3bd49406e48a074350fb7b2020c43b2bd,597,0x1ce0c2b445c8e87ea4c40b6e721d9a39b09f6459,3606.240568,3606.240568,3606.240568,1,1,1697058027
2023-10-05,0x27a8afa3bd49406e48a074350fb7b2020c43b2bd,620,0xc8f7b747eefc216964e567c14ec823d17d25c932,0.0,0.0,34596.588863,0,1,1697033061
2023-10-05,0x27a8afa3bd49406e48a074350fb7b2020c43b2bd,623,0x78082d8db5a648e92950c3ebd9867edc7cccd19f,0.0,0.0,34448.366885,0,1,1697061211
2023-10-05,0x27a8afa3bd49406e48a074350fb7b2020c43b2bd,630,0xa248f4a3d9c1b9d08e7e2e45cf5e11296b2bf4ea,0.0,0.0,16886.315834,0,1,1697043355
2023-10-05,0x27a8afa3bd49406e48a074350fb7b2020c43b2bd,658,0x7f64219e48e349295a580bca164434ea5d1e8433,70448.579813,70448.579813,0.0,1,0,1697064651
2023-10-05,0x27a8afa3bd49406e48a074350fb7b2020c43b2bd,678,0x9a5df8a23fb61fc6c1fe7807290bfd0e577aa4ec,9324.636491,9324.636491,0.0,1,0,1696639849
2023-10-05,0x27a8afa3bd49406e48a074350fb7b2020c43b2bd,679,0x70c9fafea22acc41bda969f8ba2801af42456f51,0.0,0.0,56030.927167,0,1,1697051487
2023-10-05,0x27a8afa3bd49406e48a074350fb7b2020c43b2bd,680,0x0aacdfe9780606dfb84bad4d987db7176addc7b3,0.0,0.0,29102.618225,0,1,1697010557
2023-10-05,0x27a8afa3bd49406e48a074350fb7b2020c43b2bd,726,0x2957c2968ebcb91f5683768a9bdc468d08c2a2c2,0.0,0.0,26006.298322,0,1,1697042329
2023-10-05,0x27a8afa3bd49406e48a074350fb7b2020c43b2bd,757,0x8def9ecc91ed7939cb68b5a1795ba0cf660bb41b,25624.117518,25624.117518,0.0,1,0,1697062609
2023-10-05,0x27a8afa3bd49406e48a074350fb7b2020c43b2bd,758,0x8ccfcfa7e6133e0875192974d0d857fb7a28375e,6324.252392,6324.252392,6269.487853,1,1,1697054275
2023-10-05,0x27a8afa3bd49406e48a074350fb7b2020c43b2bd,778,0x01f12fb1d38156fc6d1c9a7d813bde4b52d38e47,23073.035762,23073.035762,0.0,1,0,1697055571
2023-10-05,0x27a8afa3bd49406e48a074350fb7b2020c43b2bd,909,0x283a2549b640e56901a8ced2ec5277a32cfe6425,0.0,0.0,18245.804167,0,1,1697044319
2023-10-05,0x27a8afa3bd49406e48a074350fb7b2020c43b2bd,961,0xda90d355b1bd4d01f6124fee7669090d4cbd5778,15986.050373,15986.050373,15986.050373,1,1,1697054221
2023-10-05,0x27a8afa3bd49406e48a074350fb7b2020c43b2bd,987,0x9d480d2e3a1a3e5fe678ca8b932b4ca7d1503e2c,15296.767279,15296.767279,0.0,1,0,1696798733
2023-10-05,0x27a8afa3bd49406e48a074350fb7b2020c43b2bd,1053,0x3216a8a03b07b6b19cbc21d62c8942e625fc3e07,0.0,0.0,3575.018482,0,1,1697048185
2023-10-05,0x27a8afa3bd49406e48a074350fb7b2020c43b2bd,1079,0x73ea5b1ab2f4a36556b0a57381ed0101643615f3,16004.645804,16004.645804,0.0,1,0,1696474107
2023-10-05,0x27a8afa3bd49406e48a074350fb7b2020c43b2bd,1080,0xfcea91e004426c4d6f17c0c0e9015af935516ee2,13151.178833,13151.178833,0.0,1,0,1697064405
2023-10-05,0x27a8afa3bd49406e48a074350fb7b2020c43b2bd,1098,0x6e81417b312917305d12f76fa3b6bd66ffaa75e7,3199.144033,3199.144033,0.0,1,0,1697064677
2023-10-05,0x27a8afa3bd49406e48a074350fb7b2020c43b2bd,1127,0x1980316479f2b01203b2cbf7e5eac1adc8f82bbe,12301.908842,12301.908842,0.0,1,0,1697063843
2023-10-05,0x27a8afa3bd49406e48a074350fb7b2020c43b2bd,1129,0x56e08babb8bf928bd8571d2a2a78235ae57ae5bd,0.0,1881.423724,3752.395564,1,2,1697059015
2023-10-05,0x27a8afa3bd49406e48a074350fb7b2020c43b2bd,1358,0x4ac4ff89b9d4b3daf54942e3df63751a4a54c735,0.0,0.0,8643.179028,0,1,1697057231
2023-10-05,0x27a8afa3bd49406e48a074350fb7b2020c43b2bd,1425,0x248b007f76e7616791b8fe278c93096ddcf67f25,1996.819174,1996.819174,1597.455339,1,1,1697058767
2023-10-05,0x27a8afa3bd49406e48a074350fb7b2020c43b2bd,1541,0x24c93a9c54564bf70992f49a774e39385210688b,7128.894076,7128.894076,0.0,1,0,1697064461
2023-10-05,0x27a8afa3bd49406e48a074350fb7b2020c43b2bd,1858,0x96b93cc8096d6a34243a33a0220d09155d341861,4804.175905,4804.175905,0.0,1,0,1697051905
2023-10-05,0x27a8afa3bd49406e48a074350fb7b2020c43b2bd,2111,0x3f9d386eeb91304ab65899b567ee8756d3298d40,0.0,0.0,4141.946007,0,1,1697032635
2023-10-05,0x27a8afa3bd49406e48a074350fb7b2020c43b2bd,2133,0x63c80fe5b716d2e5c937a8fe787aa17df59d4344,0.0,0.0,3032.729447,0,1,1697052899
2023-10-05,0x27a8afa3bd49406e48a074350fb7b2020c43b2bd,2364,0x13c31d43bb05ec526fc41440b17a06872882e172,0.0,0.0,3451.629652,0,1,1697034489
2023-10-05,0x27a8afa3bd49406e48a074350fb7b2020c43b2bd,2577,0x1de8355da82cfb8d2453a5ec3fc4c871281ab4bc,3119.315362,3119.315362,0.0,1,0,1697063691
2023-10-05,0x27a8afa3bd49406e48a074350fb7b2020c43b2bd,2611,0xf790bb9a7221c9a3e9983f3a6c23f6048002a529,3073.750704,3073.750704,3073.750704,1,1,1697060781
2023-10-05,0x27a8afa3bd49406e48a074350fb7b2020c43b2bd,2873,0x9a62db4c17146172c0b88e7e439df169a0f93e0e,557.3392,557.3392,0.0,1,0,1697052089
2023-10-05,0x27a8afa3bd49406e48a074350fb7b2020c43b2bd,2965,0x2772f6f5be3d9530d3c91cfe94af69d04314113e,2019.488021,2019.488021,0.0,1,0,1697064427
2023-10-05,0x27a8afa3bd49406e48a074350fb7b2020c43b2bd,3076,0x36790e52e53a14b7e23fe0adaee73ee291c1b3a3,0.0,0.0,1838.480428,0,1,1697034867
2023-10-05,0x27a8afa3bd49406e48a074350fb7b2020c43b2bd,3140,0x9e1b7fa62606901c46038a5629a82544b24b07f6,1744.531777,1744.531777,0.0,1,0,1697064279
2023-10-05,0x27a8afa3bd49406e48a074350fb7b2020c43b2bd,3221,0xfccbbe08538662d3f9f76a293575f9a6604129c5,1676.292422,1676.292422,1676.292422,1,1,1697059781
2023-10-05,0x27a8afa3bd49406e48a074350fb7b2020c43b2bd,3462,0xb83c10e1a1a713f60ce847528d44f66acc767f05,1345.127865,1345.127865,0.0,1,0,1697051609
2023-10-05,0x27a8afa3bd49406e48a074350fb7b2020c43b2bd,3781,0xaf11495f021c5c2c5f5230f40d5d57ebe4059700,0.0,0.0,21048.691019,0,1,1697053639
2023-10-05,0x27a8afa3bd49406e48a074350fb7b2020c43b2bd,4154,0xde4de61f0fc599b5d7d7b5283d1af2958a8e765e,714.97602,714.97602,0.0,1,0,1697064305
2023-10-05,0x27a8afa3bd49406e48a074350fb7b2020c43b2bd,4303,0x64f8e38e19c1b6992969dcd5769c149951018af1,318.772529,318.772529,0.0,1,0,1696593227
2023-10-05,0x27a8afa3bd49406e48a074350fb7b2020c43b2bd,4713,0x0f43ef1eb4975cb8224e7fde59eca51ee7f67663,0.0,0.0,443.140797,0,1,1697043609
2023-10-05,0x27a8afa3bd49406e48a074350fb7b2020c43b2bd,5457,0x8db7a537d8478df3c6d95ff33b4270342862957f,93.426079,93.426079,37.370432,1,1,1696541731
2023-10-05,0x27a8afa3bd49406e48a074350fb7b2020c43b2bd,5610,0x2979925d64a2d0e50b4efb2c3f6bd92d0c54df5a,0.0,0.0,359.204515,0,1,1696920497
2023-10-05,0x27a8afa3bd49406e48a074350fb7b2020c43b2bd,5719,0x0e9e11fe0f6e6abbe12ba1d099dcf27b1c4b473b,526.676169,526.676169,0.0,1,0,1697062901
2023-10-05,0x27a8afa3bd49406e48a074350fb7b2020c43b2bd,7762,0xb8a8663d7ae13c298972c5ab2ff392c3cbed8473,18.677387,18.677387,18.928288,1,1,1697050677
2023-10-05,0x27a8afa3bd49406e48a074350fb7b2020c43b2bd,8032,0xf265702178a66b4b7ce079fc8a1629e47cf1bcde,201179.685516,201179.685516,160050.311304,1,1,1697055981
2023-10-05,0x27a8afa3bd49406e48a074350fb7b2020c43b2bd,8416,0x7b59793ad075e4ce1e35181054759c080b8d965d,0.0,0.0,1499.23872,0,1,1696523175
2023-10-05,0x27a8afa3bd49406e48a074350fb7b2020c43b2bd,8427,0x9213dc91b318f030eeac9085871939c6c7c58089,0.0,0.0,2436.26292,0,1,1696518785
2023-10-05,0x27a8afa3bd49406e48a074350fb7b2020c43b2bd,8504,0xaacb04f918ab70fa7075efa3eb43f60933b13761,3.968747,3.968747,0.0,1,0,1696487453
2023-10-05,0x27a8afa3bd49406e48a074350fb7b2020c43b2bd,8516,0xa5a2a35fa9404f3603505984506206ccf208489f,5e-06,5e-06,0.0,1,0,1696503683
2023-10-05,0x27a8afa3bd49406e48a074350fb7b2020c43b2bd,8527,0xe2f52922efb6d75440f1c18707f12adb3370171b,2.22313,2.22313,0.0,1,0,1696531223
2023-10-05,0x27a8afa3bd49406e48a074350fb7b2020c43b2bd,8538,0x4a93ae06b056ec6cb82f627f3da59941998e2941,2.973385,2.973385,0.0,1,0,1696576465
2023-10-05,0x27a8afa3bd49406e48a074350fb7b2020c43b2bd,8598,0xf8695184f668952443694ac43beebfb6377dffad,0.071994,0.071994,0.0,1,0,1696819695
2023-10-05,0x2b7704f1cb9324cd8586b33c6c540cbd64e58237,1,0xbde0c70bdc242577c52dfad53389f82fd149ea5a,4456762.326438,4456762.326438,2887070.599299,1,1,1697045005
2023-10-05,0x2b7704f1cb9324cd8586b33c6c540cbd64e58237,2,0x51e171d2fde9b37bbbb624a53ef54959422388e4,3183401.661741,3183401.661741,2062193.285213,1,1,1697050283
2023-10-05,0x2b7704f1cb9324cd8586b33c6c540cbd64e58237,5,0x5b1892b546002ff3dd508500575bd6bf7a101431,1167026.608646,1167026.608646,755994.662539,1,1,1697045057
2023-10-05,0x2b7704f1cb9324cd8586b33c6c540cbd64e58237,52,0x3fd5dbf9f74d69b71774d729dd84bd8b3db7e815,269171.069643,269171.069643,0.0,1,0,1697053755
2023-10-05,0x2b7704f1cb9324cd8586b33c6c540cbd64e58237,62,0xa311ab5780aa036b71aac2b71163fd03ec0df59e,126364.56387,126364.56387,0.0,1,0,1697051911
2023-10-05,0x2b7704f1cb9324cd8586b33c6c540cbd64e58237,69,0xd0e72c1b2eb87e3dc0445b7f689cadcfc872b293,0.0,0.0,1086531.881958,0,1,1696977405
2023-10-05,0x2b7704f1cb9324cd8586b33c6c540cbd64e58237,80,0x34f543a73dcb1a4bcbae71e5dd41fcc1b5c17bf7,204911.120573,204911.120573,0.0,1,0,1697001683
2023-10-05,0x2b7704f1cb9324cd8586b33c6c540cbd64e58237,96,0x26602bf417c4e57ba3d2268d7f93a1e16f29e069,92017.094071,92017.094071,61128.080237,1,1,1697062825
2023-10-05,0x2b7704f1cb9324cd8586b33c6c540cbd64e58237,105,0x208a17c5fabe5b90282e5906945ff335e39326c4,20667.201419,20667.201419,51616.210784,1,1,1697051893
2023-10-05,0x2b7704f1cb9324cd8586b33c6c540cbd64e58237,106,0x615e5022252b31af496574f00d5519c5d93261ab,25465.189582,25465.189582,0.0,1,0,1696990601
2023-10-05,0x2b7704f1cb9324cd8586b33c6c540cbd64e58237,128,0x193578944fb0a0d31508f889528e9c345d90961b,102751.415555,102751.415555,0.0,1,0,1697043295
2023-10-05,0x2b7704f1cb9324cd8586b33c6c540cbd64e58237,220,0x4f6fff5cd87eaf8cf09467366fe783e7ecb1317b,167891.177979,167891.177979,0.0,1,0,1696934971
2023-10-05,0x2b7704f1cb9324cd8586b33c6c540cbd64e58237,295,0xa311ab5780aa036b71aac2b71163fd03ec0df59e,27669.559003,27669.559003,0.0,1,0,1697051671
2023-10-05,0x2b7704f1cb9324cd8586b33c6c540cbd64e58237,391,0x6fe797a05359c9d91b1f85d418e2ed4ea6c65a8f,0.0,0.0,33411.576689,0,1,1697062047
2023-10-05,0x2b7704f1cb9324cd8586b33c6c540cbd64e58237,469,0xe47fd677ba6d3738cec98aa18bb6fa015b6f7bda,48407.090708,48407.090708,0.0,1,0,1696914587
2023-10-05,0x2b7704f1cb9324cd8586b33c6c540cbd64e58237,475,0xda1d9534bef3344fa5be3b644b767b349e7415c7,0.0,0.0,11902.302756,0,1,1697065119
2023-10-05,0x2b7704f1cb9324cd8586b33c6c540cbd64e58237,520,0xfba381fb57d1f1efdc12661e5be59425e545e649,41977.619098,41977.619098,0.0,1,0,1697060189
2023-10-05,0x2b7704f1cb9324cd8586b33c6c540cbd64e58237,538,0x49fd1607a0b93334f090ebaf42c72babb38a0f76,41129.149532,41129.149532,0.0,1,0,1697049725
2023-10-05,0x2b7704f1cb9324cd8586b33c6c540cbd64e58237,664,0x577be3ed9a71e1c355f519bbdf5f09ba2018b1cc,7723.476522,7723.476522,0.0,1,0,1696984269
2023-10-05,0x2b7704f1cb9324cd8586b33c6c540cbd64e58237,690,0x3c04ec0d34f8c074644a792ce04366ab789d3eb3,28441.298254,28441.298254,0.0,1,0,1696995871
2023-10-05,0x2b7704f1cb9324cd8586b33c6c540cbd64e58237,717,0x24b1bf98402c33a78c96178b833f89dbde7e76a7,9444.34636,9444.34636,9444.34636,1,1,1697059009
2023-10-05,0x2b7704f1cb9324cd8586b33c6c540cbd64e58237,726,0x2957c2968ebcb91f5683768a9bdc468d08c2a2c2,26014.639354,26014.639354,0.0,1,0,1697042329
2023-10-05,0x2b7704f1cb9324cd8586b33c6c540cbd64e58237,748,0x5805641e589cf538004a0ccfc31a57ac1ba2cb02,0.0,0.0,24747.676597,0,1,1696488561
2023-10-05,0x2b7704f1cb9324cd8586b33c6c540cbd64e58237,753,0xee57d8989170370a6f88b2f99395b81204117bf2,6175.853252,6175.853252,6173.873099,1,1,1697054253
2023-10-05,0x2b7704f1cb9324cd8586b33c6c540cbd64e58237,1042,0xd92b3de78dbd6c29e3937eac884decf8e42a1d1e,4135.935777,4135.935777,0.0,1,0,1697008745
2023-10-05,0x2b7704f1cb9324cd8586b33c6c540cbd64e58237,1053,0x3216a8a03b07b6b19cbc21d62c8942e625fc3e07,3576.165102,3576.165102,0.0,1,0,1697048185
2023-10-05,0x2b7704f1cb9324cd8586b33c6c540cbd64e58237,1100,0x113e29e69e25a902d579a1fcb78bcd661fc5f705,12790.310067,12790.310067,0.0,1,0,1697000569
2023-10-05,0x2b7704f1cb9324cd8586b33c6c540cbd64e58237,1149,0x93b82c49c2af67797977ae344c07884164e6a592,2072.015426,8547.063632,9447.337526,3,3,1697061817
2023-10-05,0x2b7704f1cb9324cd8586b33c6c540cbd64e58237,1226,0x57b8858dcf27d5e46ff442e5a7ae9e6e440ef131,12272.808328,12272.808328,0.0,1,0,1696910273
2023-10-05,0x2b7704f1cb9324cd8586b33c6c540cbd64e58237,1242,0xa82e10f6120aa01b95474bbba71cf9649492c05a,0.0,0.0,10287.95046,0,1,1696859383
2023-10-05,0x2b7704f1cb9324cd8586b33c6c540cbd64e58237,1244,0xbc113ac29567ee89363e4d07462823f60b8b5528,10247.038427,10247.038427,0.0,1,0,1696909745
2023-10-05,0x2b7704f1cb9324cd8586b33c6c540cbd64e58237,1363,0x43d16ccd581e1d6a8d51768f75ddf09b79f4f856,2153.052964,2153.052964,2153.052964,1,1,1697057053
2023-10-05,0x2b7704f1cb9324cd8586b33c6c540cbd64e58237,1393,0x9dc65d1ab703d7fc28e9a5aa50f03e6b7ec047bf,0.0,0.0,2508.911394,0,1,1697028231
2023-10-05,0x2b7704f1cb9324cd8586b33c6c540cbd64e58237,1469,0x8fc4faa9dd274dc801ca629234e83183031634ec,1524.098875,1524.098875,1522.779086,1,1,1697019249
2023-10-05,0x2b7704f1cb9324cd8586b33c6c540cbd64e58237,1598,0x8643c722031a05fcbb12212804693b81ccf5a4d5,6533.782293,6533.782293,6533.782293,1,1,1696963335
2023-10-05,0x2b7704f1cb9324cd8586b33c6c540cbd64e58237,1625,0x12cc270bb2136c772b7e28868d7782aa62827229,6335.909286,6335.909286,0.0,1,0,1697057943
2023-10-05,0x2b7704f1cb9324cd8586b33c6c540cbd64e58237,1646,0xb215627ef2ff410d67eb9d8dec14d533b234051e,6243.292547,6243.292547,6239.439286,1,1,1696521241
2023-10-05,0x2b7704f1cb9324cd8586b33c6c540cbd64e58237,1865,0xb123d62c2193e309f806cb770e3d51b04c29c1b4,4768.999666,4768.999666,0.0,1,0,1696918281
2023-10-05,0x2b7704f1cb9324cd8586b33c6c540cbd64e58237,2118,0x9c529af39499eec506ac31fdfa13bb299c2c2a55,5550.636673,5550.636673,0.0,1,0,1696909839
2023-10-05,0x2b7704f1cb9324cd8586b33c6c540cbd64e58237,2166,0x509814af024e569f6f9bdbd1400a1a1576a90622,3849.870989,3849.870989,0.0,1,0,1697049729
2023-10-05,0x2b7704f1cb9324cd8586b33c6c540cbd64e58237,2222,0x375e3dc07d1c84024dba2f5cbaf677f5d8538c93,3734.16741,3734.16741,0.0,1,0,1697037121
2023-10-05,0x2b7704f1cb9324cd8586b33c6c540cbd64e58237,2245,0x0436bfa5fe3653bdcf9053459b6f2e9ffc093306,3652.057104,3652.057104,0.0,1,0,1697043905
2023-10-05,0x2b7704f1cb9324cd8586b33c6c540cbd64e58237,2313,0x3888132606615fc0759853b6ec1107e717d0ae52,886.05253,886.05253,0.0,1,0,1697031395
2023-10-05,0x2b7704f1cb9324cd8586b33c6c540cbd64e58237,2499,0x11b1785d9ac81480c03210e89f1508c8c115888e,3231.665246,3231.665246,0.0,1,0,1697028135
2023-10-05,0x2b7704f1cb9324cd8586b33c6c540cbd64e58237,2565,0xba77e0b03b41a980bb4e7bb32ec7a2dfe1b66f8f,3176.790613,3176.790613,3175.772044,1,1,1697040203
2023-10-05,0x2b7704f1cb9324cd8586b33c6c540cbd64e58237,2698,0x924af56089af7aeb6c211ee3781e24b7444cc216,0.0,0.0,2946.816251,0,1,1697020611
2023-10-05,0x2b7704f1cb9324cd8586b33c6c540cbd64e58237,2731,0xd511a8d9448dc95e774000dcc342207144aa9377,1400.313,1400.313,0.0,1,0,1696985931
2023-10-05,0x2b7704f1cb9324cd8586b33c6c540cbd64e58237,2856,0xf3b059c887172f2cc52b5e77ee3b2c8b3a32e6ef,1899.207118,3798.414236,3477.468709,2,2,1697052387
2023-10-05,0x2b7704f1cb9324cd8586b33c6c540cbd64e58237,3032,0x29964b7c46144d79457473661f99f725d4fdf0e3,0.0,0.0,946.332767,0,1,1697026259
2023-10-05,0x2b7704f1cb9324cd8586b33c6c540cbd64e58237,3047,0xbee2d469aacb46251ae33cca91f482e26c971dff,468.158434,468.158434,468.158434,1,1,1697007473
2023-10-05,0x2b7704f1cb9324cd8586b33c6c540cbd64e58237,3083,0x59617225c006871c2a279089570063f0294ae2c9,1826.817407,1826.817407,1826.817407,1,1,1696907009
2023-10-05,0x2b7704f1cb9324cd8586b33c6c540cbd64e58237,3122,0x2ec19e982172ead28b312a07faf25105fb3747d8,1767.518391,1767.518391,1767.518391,1,1,1696488767
2023-10-05,0x2b7704f1cb9324cd8586b33c6c540cbd64e58237,3145,0x433287f355db57bb0ac6528fecafd3b73b0838a4,1743.853801,1743.853801,0.0,1,0,1697039687
2023-10-05,0x2b7704f1cb9324cd8586b33c6c540cbd64e58237,3173,0x0d2e0083dde4d115f842c6cfc59ed17cca6bb7c9,1715.675957,1715.675957,0.0,1,0,1697033739
2023-10-05,0x2b7704f1cb9324cd8586b33c6c540cbd64e58237,3751,0x6c7b8f499a3a0c310e4a1c9edb8406e764590950,2007.709586,2007.709586,0.0,1,0,1697024577
2023-10-05,0x2b7704f1cb9324cd8586b33c6c540cbd64e58237,3854,0x4c1695f54208fb92a8d87add8dbea206b0771872,964.072322,964.072322,946.103174,1,1,1697002081
2023-10-05,0x2b7704f1cb9324cd8586b33c6c540cbd64e58237,3935,0xc9830f98c08c56d095c77b49a30c776732e7c9a3,662.239089,662.239089,0.0,1,0,1696986211
2023-10-05,0x2b7704f1cb9324cd8586b33c6c540cbd64e58237,4320,0x6c0cafe6165d1a37659b6f9728de30969c35cbf2,609.671381,609.671381,0.0,1,0,1696919535
2023-10-05,0x2b7704f1cb9324cd8586b33c6c540cbd64e58237,4757,0xcc484f6f1c8f52eaa598b7e1f79aaffbe1fe7589,105.290857,105.290857,0.0,1,0,1696911115
2023-10-05,0x2b7704f1cb9324cd8586b33c6c540cbd64e58237,5055,0xba8d6600f02cd4abd93ec63eb99463a18ac75004,397.196453,397.196453,0.0,1,0,1696920877
2023-10-05,0x2b7704f1cb9324cd8586b33c6c540cbd64e58237,5282,0x9b6d3f6fc8e477dd7bb6f177f1321cdbda13984f,382.27425,382.27425,0.0,1,0,1696992653
2023-10-05,0x2b7704f1cb9324cd8586b33c6c540cbd64e58237,5319,0x772593d0d9bdd66b660604eac9693a102de0fca1,380.268862,380.268862,0.0,1,0,1696908447
2023-10-05,0x2b7704f1cb9324cd8586b33c6c540cbd64e58237,5322,0xc3fa54ee9eb7e4e5c746088b86df940b9352bfd6,0.0,0.0,380.068226,0,1,1697059735
2023-10-05,0x2b7704f1cb9324cd8586b33c6c540cbd64e58237,5535,0x517633274809378d9b50d2966856ac680e646c61,0.0,0.0,370.490598,0,1,1697030221
2023-10-05,0x2b7704f1cb9324cd8586b33c6c540cbd64e58237,5759,0x68efa247aefaa9aaf4b5e610a772ca044657431f,182.050048,182.050048,182.050048,1,1,1696979327
2023-10-05,0x2b7704f1cb9324cd8586b33c6c540cbd64e58237,5884,0x8181432899253fa56fdfeb559a9da64ec75d9f15,0.0,0.0,360.406008,0,1,1696891019
2023-10-05,0x2b7704f1cb9324cd8586b33c6c540cbd64e58237,5952,0x1772ef83b2279a672154476c8facd9f2196d8dee,358.22212,358.22212,358.22212,1,1,1696561329
2023-10-05,0x2b7704f1cb9324cd8586b33c6c540cbd64e58237,6413,0x85332b5a8695d5b944983e7b7962134af2dcebd4,347.990293,347.990293,347.990293,1,1,1696886527
2023-10-05,0x2b7704f1cb9324cd8586b33c6c540cbd64e58237,6766,0xb4dc4c7460c58e7652cd615675a1f707ebb67e9a,31.15197,31.15197,15.947863,1,1,1696585945
2023-10-05,0x2b7704f1cb9324cd8586b33c6c540cbd64e58237,6932,0xf1ba347eb6b8f4cbcd132aa2990b3746c1c05065,102.796617,102.796617,103.167523,1,1,1696952311
2023-10-05,0x2b7704f1cb9324cd8586b33c6c540cbd64e58237,7097,0xa0444624a5abcd830cc9986e3247a6db810695a9,39.151371,39.151371,39.266825,1,1,1696952389
2023-10-05,0x2b7704f1cb9324cd8586b33c6c540cbd64e58237,7955,0x76a95d549ca36d955df2c72f693690d8e51a94d0,1220.444368,1220.444368,1252.524214,1,1,1696521497
2023-10-05,0x2b7704f1cb9324cd8586b33c6c540cbd64e58237,8343,0x6c6dc387b28edf1d2ccac7acc99f4238db1592ba,0.873126,0.873126,0.876107,1,1,1696857311
2023-10-05,0x2b7704f1cb9324cd8586b33c6c540cbd64e58237,8345,0x03b7f7cb25be1bcfa4ba8a0e5fb7c1f404cbede2,25373.727489,25373.727489,0.0,1,0,1697049881
2023-10-05,0x2b7704f1cb9324cd8586b33c6c540cbd64e58237,8455,0xbdbf2706d4c4631a2fa3de0ff670a7343c5b7c9d,2062.114412,2062.114412,0.0,1,0,1696574763
2023-10-05,0x2b7704f1cb9324cd8586b33c6c540cbd64e58237,8516,0xa5a2a35fa9404f3603505984506206ccf208489f,5e-06,5e-06,0.0,1,0,1696503683
2023-10-05,0x2d25e0514f23c6367687de89bd5167dc754d4934,1,0xbde0c70bdc242577c52dfad53389f82fd149ea5a,354515.185058,354515.185058,0.0,1,0,1697045005
2023-10-05,0x2d25e0514f23c6367687de89bd5167dc754d4934,2,0x51e171d2fde9b37bbbb624a53ef54959422388e4,253225.132184,253225.132184,0.0,1,0,1697050283
2023-10-05,0x2d25e0514f23c6367687de89bd5167dc754d4934,5,0x5b1892b546002ff3dd508500575bd6bf7a101431,92831.662051,92831.662051,0.0,1,0,1697045057
2023-10-05,0x2d25e0514f23c6367687de89bd5167dc754d4934,8,0x81eab64e630c4a2e3e849268a6b64cb76d1c8109,0.0,0.0,1952564.634946,0,1,1696524357
2023-10-05,0x2d25e0514f23c6367687de89bd5167dc754d4934,12,0xd204e3dc1937d3a30fc6f20abc48ac5506c94d1e,2510478.929078,2510478.929078,2509673.9983,1,1,1697054563
2023-10-05,0x2d25e0514f23c6367687de89bd5167dc754d4934,24,0x208a17c5fabe5b90282e5906945ff335e39326c4,9120.034951,9120.034951,18240.069901,1,1,1697051865
2023-10-05,0x2d25e0514f23c6367687de89bd5167dc754d4934,25,0xf1c4f79dd91d63bb4f22093270140697d5286200,0.0,0.0,174323.518141,0,1,1696790477
2023-10-05,0x2d25e0514f23c6367687de89bd5167dc754d4934,51,0x0f228805c03a693aa964a791e0b2e2c6e6c6513f,0.0,0.0,708575.094608,0,1,1697062913
2023-10-05,0x2d25e0514f23c6367687de89bd5167dc754d4934,52,0x3fd5dbf9f74d69b71774d729dd84bd8b3db7e815,269171.069643,269171.069643,188359.336032,1,1,1697053755
2023-10-05,0x2d25e0514f23c6367687de89bd5167dc754d4934,62,0xa311ab5780aa036b71aac2b71163fd03ec0df59e,252729.127741,252729.127741,252648.095611,1,1,1697051911
2023-10-05,0x2d25e0514f23c6367687de89bd5167dc754d4934,67,0x8ce17ff2c7376e9adfe9c63c47a801097fa6c525,270097.814968,270097.814968,216008.971155,1,1,1697052473
2023-10-05,0x2d25e0514f23c6367687de89bd5167dc754d4934,73,0x1ba6b82641c77ab1fc7bc734c5c3628199a8967d,239122.874072,239122.874072,0.0,1,0,1697059333
2023-10-05,0x2d25e0514f23c6367687de89bd5167dc754d4934,80,0x34f543a73dcb1a4bcbae71e5dd41fcc1b5c17bf7,0.0,0.0,409822.241146,0,1,1697001683
2023-10-05,0x2d25e0514f23c6367687de89bd5167dc754d4934,92,0x0f9548165c4960624debb7e38b504e9fd524d6af,618774.305195,618774.305195,618575.908595,1,1,1697064553
2023-10-05,0x2d25e0514f23c6367687de89bd5167dc754d4934,96,0x26602bf417c4e57ba3d2268d7f93a1e16f29e069,92017.094071,92017.094071,61128.080237,1,1,1697062825
2023-10-05,0x2d25e0514f23c6367687de89bd5167dc754d4934,104,0x50a201b8dadf001f4ee6f84a0bf94f63be874b99,564332.499225,564332.499225,556842.769453,1,1,1697064225
2023-10-05,0x2d25e0514f23c6367687de89bd5167dc754d4934,105,0x208a17c5fabe5b90282e5906945ff335e39326c4,25834.001774,25834.001774,0.0,1,0,1697051893
2023-10-05,0x2d25e0514f23c6367687de89bd5167dc754d4934,127,0xecf9265f48006ddb6ee14060fac59c9429c32db6,206510.713045,206510.713045,0.0,1,0,1697064939
2023-10-05,0x2d25e0514f23c6367687de89bd5167dc754d4934,128,0x193578944fb0a0d31508f889528e9c345d90961b,102751.415555,102751.415555,0.0,1,0,1697043295
2023-10-05,0x2d25e0514f23c6367687de89bd5167dc754d4934,129,0xcb7d87f5502fc91529e0fe92373dddd8ff1f3d7c,211043.464836,211043.464836,0.0,1,0,1697056631
2023-10-05,0x2d25e0514f23c6367687de89bd5167dc754d4934,163,0x7ed7888f3bf70ed07f94fd7381d39476928331f7,0.0,0.0,270571.267831,0,1,1697052257
2023-10-05,0x2d25e0514f23c6367687de89bd5167dc754d4934,164,0x6788a760215e6cb56d54e34c3464c74976fdc97a,0.0,0.0,270420.560694,0,1,1697064377
2023-10-05,0x2d25e0514f23c6367687de89bd5167dc754d4934,165,0x54ecb3397b0bf31cb0b81eb2444e2a7b32507d8b,32340.936189,32340.936189,0.0,1,0,1697063619
2023-10-05,0x2d25e0514f23c6367687de89bd5167dc754d4934,187,0xc03282d46293499cdd8914a7bb7d78f793e70a5a,0.0,0.0,214376.939027,0,1,1697048905
2023-10-05,0x2d25e0514f23c6367687de89bd5167dc754d4934,203,0x637fceaf3e5289d2b396b831335e7d8a180c5656,28546.185885,28546.185885,28546.185885,1,1,1697063927
2023-10-05,0x2d25e0514f23c6367687de89bd5167dc754d4934,218,0xc8336b9dabbac9bfb9aa483e76fc351b13121784,0.0,0.0,86308.547184,0,1,1697063727
2023-10-05,0x2d25e0514f23c6367687de89bd5167dc754d4934,242,0xa0eb44b173af64f2fdb47c7d76ff3a33e04103b6,0.0,0.0,152987.578152,0,1,1697061677
2023-10-05,0x2d25e0514f23c6367687de89bd5167dc754d4934,254,0xa311ab5780aa036b71aac2b71163fd03ec0df59e,34441.977728,34441.977728,0.0,1,0,1697051595
2023-10-05,0x2d25e0514f23c6367687de89bd5167dc754d4934,256,0xd6a2248e5d3696565c162c4554aa61fa6be75db3,34106.180596,34106.180596,34106.180596,1,1,1697037119
2023-10-05,0x2d25e0514f23c6367687de89bd5167dc754d4934,266,0x17ec133d0774c0e8f463e864f8a31e19c7bfd03f,0.0,0.0,170110.082279,0,1,1697064411
2023-10-05,0x2d25e0514f23c6367687de89bd5167dc754d4934,268,0xb6fb12999a09effdbcc6f60776331eaccc42e539,126903.091196,126903.091196,0.0,1,0,1697064735
2023-10-05,0x2d25e0514f23c6367687de89bd5167dc754d4934,270,0x59455ba3d00bb8cbead8fe6db3973210e49d4303,0.0,0.0,125030.32669,0,1,1697032597
2023-10-05,0x2d25e0514f23c6367687de89bd5167dc754d4934,275,0xa810ffea2709c116ef180d090c142fc5e08586a7,30475.291663,30475.291663,0.0,1,0,1697054155
2023-10-05,0x2d25e0514f23c6367687de89bd5167dc754d4934,352,0xcdedcee9c46284667997eb4d29f8427b696da3df,82329.622136,82329.622136,0.0,1,0,1697049941
2023-10-05,0x2d25e0514f23c6367687de89bd5167dc754d4934,370,0x02ef8147e2d0997cca48d99f01bad846d16558fa,0.0,0.0,55072.649593,0,1,1696778957
2023-10-05,0x2d25e0514f23c6367687de89bd5167dc754d4934,390,0x873d59965b2c97ecd536be8438153db432597b9d,26890.27756,26890.27756,50419.270425,1,1,1697063595
2023-10-05,0x2d25e0514f23c6367687de89bd5167dc754d4934,413,0xa78d7c58d8654618874e48942c5b1a62d1477cac,0.0,0.0,65406.83215,0,1,1697056455
2023-10-05,0x2d25e0514f23c6367687de89bd5167dc754d4934,423,0xa904a0f8b4f0292785ad610dae1084a916142a77,14742.141881,14742.141881,29484.283761,1,1,1696877735
2023-10-05,0x2d25e0514f23c6367687de89bd5167dc754d4934,448,0xfad576ebc93a47031ba895064405f8a04b6e96fc,54100.670343,54100.670343,0.0,1,0,1697064727
2023-10-05,0x2d25e0514f23c6367687de89bd5167dc754d4934,552,0x88eb2863997cbae2169d9022704acf21e423b377,0.0,0.0,40019.305103,0,1,1697064183
2023-10-05,0x2d25e0514f23c6367687de89bd5167dc754d4934,565,0x9e32643153bb21a77a5a757d6c51a01aebea0fa7,0.0,0.0,38078.092399,0,1,1696841595
2023-10-05,0x2d25e0514f23c6367687de89bd5167dc754d4934,579,0x71535aae1b6c0c51db317b54d5eee72d1ab843c1,36971.529471,36971.529471,0.0,1,0,1697065061
2023-10-05,0x2d25e0514f23c6367687de89bd5167dc754d4934,608,0xc45d05cdc809d20c7b14959e8cd4a1199e3e966f,35277.406823,35277.406823,35277.406823,1,1,1697037043
2023-10-05,0x2d25e0514f23c6367687de89bd5167dc754d4934,609,0x87dd9282247d03e8415c37025137752522defce1,0.0,0.0,35230.241113,0,1,1697057687
2023-10-05,0x2d25e0514f23c6367687de89bd5167dc754d4934,612,0xb7db1273e05bb89c9c4858d3b0a280cf9dd38d69,0.0,0.0,17504.298458,0,1,1697059771
2023-10-05,0x2d25e0514f23c6367687de89bd5167dc754d4934,636,0x599321b91d0e4e541f7d172ab1cacccc0d5a8e82,0.0,0.0,11608.949255,0,1,1697035359
2023-10-05,0x2d25e0514f23c6367687de89bd5167dc754d4934,665,0x49e6f2d934077995cf4b24701fa5ae7f7b5e82e5,0.0,0.0,30849.179074,0,1,1696797971
2023-10-05,0x2d25e0514f23c6367687de89bd5167dc754d4934,698,0x7a70eca937f10234c42b4daed0970fae6f88df15,27600.554123,27600.554123,27600.554123,1,1,1696909213
2023-10-05,0x2d25e0514f23c6367687de89bd5167dc754d4934,753,0xee57d8989170370a6f88b2f99395b81204117bf2,6175.853252,6175.853252,6173.873099,1,1,1697054253
2023-10-05,0x2d25e0514f23c6367687de89bd5167dc754d4934,776,0xc923dd451dfb1fc6a4608982c6c077414da06a4d,0.0,0.0,12170.063299,0,1,1696994033
2023-10-05,0x2d25e0514f23c6367687de89bd5167dc754d4934,779,0x82d685057b3078618b541c3dee62fbfc71b4859e,0.0,0.0,23021.0481,0,1,1697039363
2023-10-05,0x2d25e0514f23c6367687de89bd5167dc754d4934,798,0x6a018ad51de844243ce7fb743c3e5f4481df6858,0.0,0.0,7464.668612,0,1,1697025285
2023-10-05,0x2d25e0514f23c6367687de89bd5167dc754d4934,811,0xadc1d13acf57ea12cdf14679177fd669221adf2c,21369.008053,21369.008053,21369.008053,1,1,1697061047
2023-10-05,0x2d25e0514f23c6367687de89bd5167dc754d4934,827,0xe2952771c80d9b9c77a32e47d985bb3ff4e5a93d,0.0,0.0,13557.946275,0,1,1697064763
2023-10-05,0x2d25e0514f23c6367687de89bd5167dc754d4934,842,0x58bcf1ac25551dd4eb790f2ef68c1857dcd67d9b,5095.461005,5095.461005,3056.296354,1,1,1697064525
2023-10-05,0x2d25e0514f23c6367687de89bd5167dc754d4934,910,0x16b00db74167b7469dda63b674ca9a3b1b70c439,0.0,21592.248347,39023.726365,1,2,1697050341
2023-10-05,0x2d25e0514f23c6367687de89bd5167dc754d4934,921,0xa2f07232275cdf8463a5115723c9d73085a2fc17,0.0,0.0,8588.066403,0,1,1697064483
2023-10-05,0x2d25e0514f23c6367687de89bd5167dc754d4934,926,0x256e2248abb150e5cf0860235e153d0b21b02b25,0.0,0.0,16967.830376,0,1,1697029743
2023-10-05,0x2d25e0514f23c6367687de89bd5167dc754d4934,933,0x2067d095f4cacb434e921a2cf5b89a09dbf518a4,16719.82175,16719.82175,16719.82175,1,1,1697060147
2023-10-05,0x2d25e0514f23c6367687de89bd5167dc754d4934,971,0xe3cfbf8fb378f5c4cf780077ee5c2ffe7aaea6dc,1576.938492,1576.938492,1576.938492,1,1,1697064039
2023-10-05,0x2d25e0514f23c6367687de89bd5167dc754d4934,989,0xe53f4d44c45dbc16a20ab64f8a8b4404ddbbefec,0.0,0.0,15716.421002,0,1,1697015585
2023-10-05,0x2d25e0514f23c6367687de89bd5167dc754d4934,1027,0x5f4f120d8435ea38f0f4635a910fee03801be88d,0.0,0.0,5975.21088,0,1,1696953963
2023-10-05,0x2d25e0514f23c6367687de89bd5167dc754d4934,1035,0xfa53f48b0bfdc115f8eda45868d8e6a7a1c1f267,19402.726461,19402.726461,0.0,1,0,1697055125
2023-10-05,0x2d25e0514f23c6367687de89bd5167dc754d4934,1067,0x4c702975f5f5c4200094ae5254d922e7e6ad6049,0.0,0.0,13714.077599,0,1,1696866171
2023-10-05,0x2d25e0514f23c6367687de89bd5167dc754d4934,1149,0x93b82c49c2af67797977ae344c07884164e6a592,647.504821,647.504821,0.0,1,0,1697061817
2023-10-05,0x2d25e0514f23c6367687de89bd5167dc754d4934,1155,0x8caaf4cb80ba7cbbbb324066bd03eae3fc98f813,0.0,0.0,11839.506264,0,1,1697030615
2023-10-05,0x2d25e0514f23c6367687de89bd5167dc754d4934,1161,0xe1e7106a790017185eca0731301bfb7c571af7c1,0.0,0.0,11665.42312,0,1,1697045805
2023-10-05,0x2d25e0514f23c6367687de89bd5167dc754d4934,1195,0x68e3cf61a8d76bcfca8ea495151416fec501a4c6,0.0,0.0,12714.61891,0,1,1697018545
2023-10-05,0x2d25e0514f23c6367687de89bd5167dc754d4934,1197,0x0be4eb0e89abed9f52d94f1550c22a16008cc463,3502.631097,3502.631097,5835.846757,1,1,1697064879
2023-10-05,0x2d25e0514f23c6367687de89bd5167dc754d4934,1250,0xfde34a676aa8d44b66d5ced822831a5b1454f8b0,0.0,0.0,10156.031511,0,1,1696838705
2023-10-05,0x2d25e0514f23c6367687de89bd5167dc754d4934,1265,0x90c0bf8d71369d21f8addf0da33d21dcb0b1c384,0.0,0.0,9876.973217,0,1,1696999997
2023-10-05,0x2d25e0514f23c6367687de89bd5167dc754d4934,1315,0xd6d7ea4833f22edbed3dbd3d71adf3cdd8e36a01,0.0,0.0,9185.45475,0,1,1696789009
2023-10-05,0x2d25e0514f23c6367687de89bd5167dc754d4934,1327,0xe89ab7b12db008c8e4084f17c10c8a7329d8b9d4,0.0,0.0,10033.38266,0,1,1696526851
2023-10-05,0x2d25e0514f23c6367687de89bd5167dc754d4934,1363,0x43d16ccd581e1d6a8d51768f75ddf09b79f4f856,2153.052964,2153.052964,2153.052964,1,1,1697057053
2023-10-05,0x2d25e0514f23c6367687de89bd5167dc754d4934,1421,0xd5ae574275450148e40e3c5c3d688df7d02c4228,0.0,0.0,2003.484211,0,1,1697029317
2023-10-05,0x2d25e0514f23c6367687de89bd5167dc754d4934,1469,0x8fc4faa9dd274dc801ca629234e83183031634ec,0.0,0.0,1522.779086,0,1,1697019249
2023-10-05,0x2d25e0514f23c6367687de89bd5167dc754d4934,1472,0xf1f57b31a953f8e481c5c8f52fe38600268dba14,3797.573991,3797.573991,3794.284831,1,1,1697061047
2023-10-05,0x2d25e0514f23c6367687de89bd5167dc754d4934,1506,0x9d2e29be44fb2c3d7afdbeb79f59f51224373aff,7419.280761,7419.280761,7419.280761,1,1,1697024737
2023-10-05,0x2d25e0514f23c6367687de89bd5167dc754d4934,1541,0x24c93a9c54564bf70992f49a774e39385210688b,0.0,0.0,7128.894076,0,1,1697064461
2023-10-05,0x2d25e0514f23c6367687de89bd5167dc754d4934,1660,0xaa62cf7caaf0c7e50deaa9d5d0b907472f00b258,0.0,0.0,6170.418262,0,1,1696965671
2023-10-05,0x2d25e0514f23c6367687de89bd5167dc754d4934,1708,0x3afd8713608a365a063180a77c545e52cc4a8acb,0.0,0.0,5812.54233,0,1,1697043955
2023-10-05,0x2d25e0514f23c6367687de89bd5167dc754d4934,1761,0x797bc498edee4357a16a1054db0323cbd04c84c3,0.0,0.0,5335.442929,0,1,1697063365
2023-10-05,0x2d25e0514f23c6367687de89bd5167dc754d4934,1764,0x7690453f91dbadef8a592a32c679d8f0f5e0116b,0.0,0.0,1493.162514,0,1,1697058783
2023-10-05,0x2d25e0514f23c6367687de89bd5167dc754d4934,1811,0x410f2959ee9c8115ca6cf0f817b14373b63b5d4c,2017.4063,2017.4063,2882.009,1,1,1697065037
2023-10-05,0x2d25e0514f23c6367687de89bd5167dc754d4934,1859,0xb99ce667fda481b15a5930daeebeaa7e38c7d087,0.0,0.0,4801.706256,0,1,1696811843
2023-10-05,0x2d25e0514f23c6367687de89bd5167dc754d4934,1863,0x6547835644105f1313ffd5194f467720837b0c8c,2393.797149,2393.797149,0.0,1,0,1697052375
2023-10-05,0x2d25e0514f23c6367687de89bd5167dc754d4934,1865,0xb123d62c2193e309f806cb770e3d51b04c29c1b4,0.0,0.0,4768.999666,0,1,1696918281
2023-10-05,0x2d25e0514f23c6367687de89bd5167dc754d4934,1930,0xf8d9de13a0efecbee653a0a35c06b751cc03904c,2230.369887,2230.369887,0.0,1,0,1697059727
2023-10-05,0x2d25e0514f23c6367687de89bd5167dc754d4934,1980,0x48fb55ed1fb62ed26274fb805f6444bea97c1f28,4293.373823,4293.373823,0.0,1,0,1697039993
2023-10-05,0x2d25e0514f23c6367687de89bd5167dc754d4934,2013,0x6aef48ea854bc0e805232cecbab2fab592037c19,4217.525277,4217.525277,0.0,1,0,1697043069
2023-10-05,0x2d25e0514f23c6367687de89bd5167dc754d4934,2083,0x2c9bdd583e515eb958cb60ffe663b3acf16412d5,4044.36426,4044.36426,4044.36426,1,1,1696999807
2023-10-05,0x2d25e0514f23c6367687de89bd5167dc754d4934,2114,0xdb743c5132eb9ae11bf829014c82ce503bc621cb,3978.673585,3978.673585,3978.673585,1,1,1696843427
2023-10-05,0x2d25e0514f23c6367687de89bd5167dc754d4934,2129,0x9e136c1c6d31504f6b0af8cba2cd3f1ea77b2e2b,985.199956,985.199956,985.199956,1,1,1696525563
2023-10-05,0x2d25e0514f23c6367687de89bd5167dc754d4934,2141,0x3412c43a36e80263707dfba6078ac9b5871e2ec7,3906.347235,3906.347235,3906.347235,1,1,1696684691
2023-10-05,0x2d25e0514f23c6367687de89bd5167dc754d4934,2147,0x6dfd648529f19a276c8fa7a54d4f38a2d51d8e56,0.0,0.0,3891.600664,0,1,1697061623
2023-10-05,0x2d25e0514f23c6367687de89bd5167dc754d4934,2149,0x0ea7dd4f92dc0c486d89e19198b82081dbac0632,0.0,0.0,3888.177964,0,1,1697061485
2023-10-05,0x2d25e0514f23c6367687de89bd5167dc754d4934,2150,0x3ea59cb8ac06b6d5e691ee92069676b3ab8ab5d6,0.0,0.0,3886.575639,0,1,1697061541
2023-10-05,0x2d25e0514f23c6367687de89bd5167dc754d4934,2181,0xea3246957e3548fadf56301af6e020fa288af8ba,3895.52022,3895.52022,3895.52022,1,1,1696605875
2023-10-05,0x2d25e0514f23c6367687de89bd5167dc754d4934,2183,0x9c4b88fbe06b6b1e461d9d294ecb7fb0c841db4f,0.0,0.0,3824.331803,0,1,1697038517
2023-10-05,0x2d25e0514f23c6367687de89bd5167dc754d4934,2243,0xdd7fbd024e7e484d41d14936a44709992c8a1e07,0.0,0.0,913.582497,0,1,1697037901
2023-10-05,0x2d25e0514f23c6367687de89bd5167dc754d4934,2313,0x3888132606615fc0759853b6ec1107e717d0ae52,0.0,0.0,886.05253,0,1,1697031395
2023-10-05,0x2d25e0514f23c6367687de89bd5167dc754d4934,2327,0x3a0b4dde32d3fedbe5e2fe9e884bc04923c7f3a9,2551.459121,2551.459121,2551.459121,1,1,1697055609
2023-10-05,0x2d25e0514f23c6367687de89bd5167dc754d4934,2331,0xcc749d05e9d6cc7d978c533f964ab785742a65d5,0.0,0.0,3502.709091,0,1,1697061057
2023-10-05,0x2d25e0514f23c6367687de89bd5167dc754d4934,2332,0xae69116e4aa49645f78c1fc9f28f677aede0d153,0.0,0.0,3502.184971,0,1,1697043647
2023-10-05,0x2d25e0514f23c6367687de89bd5167dc754d4934,2451,0x44c1072f3225351698630b27bef8141d206d12ec,0.0,0.0,3300.198577,0,1,1696866501
2023-10-05,0x2d25e0514f23c6367687de89bd5167dc754d4934,2454,0x5a6f4e306a2198ca88cb1f3fde3e75f2f9805d1d,0.0,0.0,3293.416334,0,1,1697041147
2023-10-05,0x2d25e0514f23c6367687de89bd5167dc754d4934,2510,0x2afeb9ac4196037c575b45ada553b70ec80d40df,0.0,0.0,3287.709131,0,1,1696984371
2023-10-05,0x2d25e0514f23c6367687de89bd5167dc754d4934,2553,0x00a01bc13a1ddf4a4af6852baee66b76a0316cbc,3155.759388,3155.759388,3155.759388,1,1,1697049033
2023-10-05,0x2d25e0514f23c6367687de89bd5167dc754d4934,2771,0xbd7041c03b68467a55596f375c3e4bb716406a23,0.0,0.0,1274.175873,0,1,1697052179
2023-10-05,0x2d25e0514f23c6367687de89bd5167dc754d4934,2856,0xf3b059c887172f2cc52b5e77ee3b2c8b3a32e6ef,1899.207118,3798.414236,3477.468709,2,2,1697052387
2023-10-05,0x2d25e0514f23c6367687de89bd5167dc754d4934,2892,0xa57b927848e94110898c56c5add293378706d638,0.0,0.0,2195.763485,0,1,1696754925
2023-10-05,0x2d25e0514f23c6367687de89bd5167dc754d4934,2899,0x2481fef92f6358a410f4b42a7672f23cac514c2a,0.0,0.0,2335.809899,0,1,1696839663
2023-10-05,0x2d25e0514f23c6367687de89bd5167dc754d4934,2944,0x019c59207866cfa338545d0cbbe3a4fca5f8b366,0.0,0.0,2068.842063,0,1,1696567829
2023-10-05,0x2d25e0514f23c6367687de89bd5167dc754d4934,2998,0x1c0d0ab4eb517556197dff3bf4dbb9481702d516,0.0,0.0,1942.803781,0,1,1696948043
2023-10-05,0x2d25e0514f23c6367687de89bd5167dc754d4934,3088,0x52aea2fa97a868e2f920b95c388da95e1bcf8c29,0.0,0.0,455.183104,0,1,1696963917
2023-10-05,0x2d25e0514f23c6367687de89bd5167dc754d4934,3173,0x0d2e0083dde4d115f842c6cfc59ed17cca6bb7c9,0.0,0.0,1715.675957,0,1,1697033739
2023-10-05,0x2d25e0514f23c6367687de89bd5167dc754d4934,3277,0x6ceb397b68059ca73049874d0a30c62500ae9877,0.0,0.0,1610.191103,0,1,1697041279
2023-10-05,0x2d25e0514f23c6367687de89bd5167dc754d4934,3387,0x1ba2a537a771aa4eac2f18427716557e4e744864,0.0,0.0,1457.422658,0,1,1696967487
2023-10-05,0x2d25e0514f23c6367687de89bd5167dc754d4934,3416,0x0737467164f8bb1ef64f006612edb6035aea6efb,706.123675,706.123675,706.123675,1,1,1697026667
2023-10-05,0x2d25e0514f23c6367687de89bd5167dc754d4934,3433,0x7497b333895c64a56924b293e68a6468963f2a7e,0.0,0.0,1382.779539,0,1,1697035851
2023-10-05,0x2d25e0514f23c6367687de89bd5167dc754d4934,3492,0x2a06913d5b8748b222e1236768c24ca19198b374,1313.390965,1313.390965,1313.245071,1,1,1696835207
2023-10-05,0x2d25e0514f23c6367687de89bd5167dc754d4934,3499,0x62661b101ca48734668669a9f1cb83c4889049f3,0.0,0.0,1301.775378,0,1,1697054551
2023-10-05,0x2d25e0514f23c6367687de89bd5167dc754d4934,3510,0xaeabfbcc0865246fed861a674791d66bf38a756a,0.0,0.0,3965.606998,0,1,1696748761
2023-10-05,0x2d25e0514f23c6367687de89bd5167dc754d4934,3539,0x69155e7ca2e688ccdc247f6c4ddf374b3ae77bd6,0.0,0.0,7049.664384,0,1,1696743647
2023-10-05,0x2d25e0514f23c6367687de89bd5167dc754d4934,3772,0x062bcf5e546b235953576763658936f9e9f38327,0.0,0.0,1034.071346,0,1,1696919555
2023-10-05,0x2d25e0514f23c6367687de89bd5167dc754d4934,3855,0x2fd99b41cf2ad7b5b7d69ceff4194c5d6d519781,0.0,0.0,2774.410958,0,1,1696940099
2023-10-05,0x2d25e0514f23c6367687de89bd5167dc754d4934,3859,0x181ebf93092438f13ebef682b275230c7169d0f2,0.0,0.0,941.73706,0,1,1697019015
2023-10-05,0x2d25e0514f23c6367687de89bd5167dc754d4934,3880,0x96a1e88dc09887de698b9b4bc722ab505d2be452,923.584943,923.584943,922.363909,1,1,1697006771
2023-10-05,0x2d25e0514f23c6367687de89bd5167dc754d4934,3969,0xc7b42f99c63126b22858f4eed636f805cfe82c91,0.0,0.0,853.594841,0,1,1696667029
2023-10-05,0x2d25e0514f23c6367687de89bd5167dc754d4934,4011,0x6322872f335dde0d4b44537f69fbae74bbed39de,0.0,0.0,80.907246,0,1,1697007527
2023-10-05,0x2d25e0514f23c6367687de89bd5167dc754d4934,4074,0xedb313732591dd311c9c3441012c46d9497c7672,0.0,0.0,771.558778,0,1,1697002277
2023-10-05,0x2d25e0514f23c6367687de89bd5167dc754d4934,4120,0x98dc06b6809984a490e3c8a8a3e262ae6ed16be9,734.627735,734.627735,734.627735,1,1,1697039071
2023-10-05,0x2d25e0514f23c6367687de89bd5167dc754d4934,4268,0x9a293d82710058d930376ee0af037da5d3421ec6,0.0,0.0,220.593981,0,1,1697037419
2023-10-05,0x2d25e0514f23c6367687de89bd5167dc754d4934,4338,0xe5dea68128774d469030ae39066818f9e122bc47,0.0,0.0,596.217542,0,1,1696866109
2023-10-05,0x2d25e0514f23c6367687de89bd5167dc754d4934,4358,0x0eca5bd7b78603c3a4b3292914c98b94500f843a,1254.936145,1254.936145,947.346784,1,1,1696912319
2023-10-05,0x2d25e0514f23c6367687de89bd5167dc754d4934,4482,0xfc427d3112ccef24dce7fda59238aceca2b8105a,0.0,0.0,524.736434,0,1,1696568131
2023-10-05,0x2d25e0514f23c6367687de89bd5167dc754d4934,4500,0xe5753477928460443e822c5b5b604835c6efb4dc,0.0,0.0,519.859346,0,1,1697029805
2023-10-05,0x2d25e0514f23c6367687de89bd5167dc754d4934,4502,0x553222b267bc978aca3c28493aef72d924b264bd,521.030579,521.030579,521.030579,1,1,1696738809
2023-10-05,0x2d25e0514f23c6367687de89bd5167dc754d4934,4535,0xdc52350858b60853d93390ab38dee3ce7e147fa7,0.0,0.0,510.732809,0,1,1696558663
2023-10-05,0x2d25e0514f23c6367687de89bd5167dc754d4934,4613,0x12ed17d0061c89362a1fd0ba9aa960d68b97bd79,0.0,0.0,237.017158,0,1,1697019445
2023-10-05,0x2d25e0514f23c6367687de89bd5167dc754d4934,4688,0xe40e17d79c51da492e2f521edbb6e37ce2c8b86c,45.105763,45.105763,45.105763,1,1,1696866157
2023-10-05,0x2d25e0514f23c6367687de89bd5167dc754d4934,4765,0x61e64fa92220090534ccefac0948d7d7eb6f69d7,0.0,0.0,432.569029,0,1,1697033753
2023-10-05,0x2d25e0514f23c6367687de89bd5167dc754d4934,4889,0x18a428ce0c31584a21cf8cefdb8849d8013e1994,0.0,0.0,164.691445,0,1,1696746345
2023-10-05,0x2d25e0514f23c6367687de89bd5167dc754d4934,4993,0x95f615c88f791351b414322a0a7f9cc7354ae19f,0.0,0.0,200.869543,0,1,1696573329
2023-10-05,0x2d25e0514f23c6367687de89bd5167dc754d4934,5031,0xacda6f48036d4a4128830eaee9ad4a3a870b02fe,0.0,0.0,421.472824,0,1,1696815827
2023-10-05,0x2d25e0514f23c6367687de89bd5167dc754d4934,5043,0xe5443e033370893fdb2af05b524beda86023ebda,0.0,0.0,397.997532,0,1,1696793685
2023-10-05,0x2d25e0514f23c6367687de89bd5167dc754d4934,5058,0x3194442e87fcc749a8616e6a8413b56cedc0ba49,396.847561,396.847561,396.847561,1,1,1696468423
2023-10-05,0x2d25e0514f23c6367687de89bd5167dc754d4934,5095,0x989277137e5f118bc2dc8faa615fb7bf1857e6e3,393.557643,393.557643,393.557643,1,1,1697043827
2023-10-05,0x2d25e0514f23c6367687de89bd5167dc754d4934,5137,0xaaace11297d9ff901b46171df27ea60e174790cc,390.587655,390.587655,390.587655,1,1,1696986733
2023-10-05,0x2d25e0514f23c6367687de89bd5167dc754d4934,5256,0xfd41dc8df72d91312ec0f982172c637ba4faf1a7,396.165748,396.165748,383.22542,1,1,1696592743
2023-10-05,0x2d25e0514f23c6367687de89bd5167dc754d4934,5334,0x0aab76fddcb7deca2c4ca111fce385af3b016c2e,189.883452,189.883452,189.693175,1,1,1696476127
2023-10-05,0x2d25e0514f23c6367687de89bd5167dc754d4934,5341,0x3650801cbe79abf94dbdf297fae9e10ccf9616d4,0.0,0.0,341.22638,0,1,1696568717
2023-10-05,0x2d25e0514f23c6367687de89bd5167dc754d4934,5384,0xf7247434d02f6484c5d440100aa264cf66a4a718,0.0,0.0,377.300041,0,1,1697029905
2023-10-05,0x2d25e0514f23c6367687de89bd5167dc754d4934,5390,0x54f43bc0c1de691bb40c82dba852bca19e62595a,377.08406,377.08406,377.08406,1,1,1696640949
2023-10-05,0x2d25e0514f23c6367687de89bd5167dc754d4934,5391,0xf41bce5740ad4d098cb887ca93a24409f038c838,0.0,0.0,377.269281,0,1,1697028363
2023-10-05,0x2d25e0514f23c6367687de89bd5167dc754d4934,5416,0x0ed29d98ebdb37eae3f4c4dc95937b66c3b802bb,0.0,0.0,375.685021,0,1,1696769521
2023-10-05,0x2d25e0514f23c6367687de89bd5167dc754d4934,5457,0x8db7a537d8478df3c6d95ff33b4270342862957f,0.0,0.0,37.370432,0,1,1696541731
2023-10-05,0x2d25e0514f23c6367687de89bd5167dc754d4934,5487,0xba0e5fb438b4efc2e904974c1ec3ff67855b0283,372.705658,372.705658,372.705658,1,1,1697035555
2023-10-05,0x2d25e0514f23c6367687de89bd5167dc754d4934,5490,0xbaab95812953a98e730a47385910caff108087b1,0.0,0.0,372.468264,0,1,1696707889
2023-10-05,0x2d25e0514f23c6367687de89bd5167dc754d4934,5503,0x16d6995da1c23df1ca7ca7f47dc8abe3aed31e3c,371.561018,371.561018,371.561018,1,1,1696515151
2023-10-05,0x2d25e0514f23c6367687de89bd5167dc754d4934,5508,0x57be998a9ff5fb63b596b2f44ac1ecff0f08fc0a,0.0,0.0,185.701349,0,1,1696854709
2023-10-05,0x2d25e0514f23c6367687de89bd5167dc754d4934,5513,0xa7994df7c06a54781b2e338eef9f82d7a71e6721,371.132896,371.132896,371.132896,1,1,1696515199
2023-10-05,0x2d25e0514f23c6367687de89bd5167dc754d4934,5529,0x16010bd4a55d758db2dd17e0ff3bba97861b712a,370.72316,370.72316,370.72316,1,1,1696515295
2023-10-05,0x2d25e0514f23c6367687de89bd5167dc754d4934,5558,0x8c6463594d7a4c2e8fe8c8e38964b6837a9d0415,0.0,0.0,369.665089,0,1,1697035391
2023-10-05,0x2d25e0514f23c6367687de89bd5167dc754d4934,5587,0x1b49144f6e4c41ee7ed030cf93b185cbbbbc7f0e,0.0,0.0,370.717499,0,1,1696975255
2023-10-05,0x2d25e0514f23c6367687de89bd5167dc754d4934,5650,0x659fbc0fc53ea0368793585d1e2c76d6ef48bf4e,0.0,0.0,367.487088,0,1,1696956363
2023-10-05,0x2d25e0514f23c6367687de89bd5167dc754d4934,5662,0x2168577af945529fc223e3a2f6d55cc68d8f294a,0.0,0.0,366.893448,0,1,1696650223
2023-10-05,0x2d25e0514f23c6367687de89bd5167dc754d4934,5697,0xf27ea3cc5e31532d5565a7fe7693848094568367,365.98098,365.98098,365.98098,1,1,1697058625
2023-10-05,0x2d25e0514f23c6367687de89bd5167dc754d4934,5776,0x7a43537c7d9ab1f6c53746bcf1421c15563d6140,0.0,0.0,363.526074,0,1,1697033257
2023-10-05,0x2d25e0514f23c6367687de89bd5167dc754d4934,5807,0x421312c8e8cb7bf137ea430d235eaa391452fa7c,0.0,0.0,145.015086,0,1,1696535137
2023-10-05,0x2d25e0514f23c6367687de89bd5167dc754d4934,5817,0x6545a8cb2d809f8488e89480df5055fb176aa318,0.0,0.0,362.14981,0,1,1696854311
2023-10-05,0x2d25e0514f23c6367687de89bd5167dc754d4934,5898,0x7c0111879da162e53360f4a379c8cb25c81bb299,90.080776,90.080776,89.990508,1,1,1696476119
2023-10-05,0x2d25e0514f23c6367687de89bd5167dc754d4934,5918,0x7ff315ae57fab67470ad97fc0487c4e736f63145,0.0,0.0,359.288744,0,1,1696493299
2023-10-05,0x2d25e0514f23c6367687de89bd5167dc754d4934,5919,0x69221ff37014459b4be9038bd51e724fc258f60a,0.0,0.0,359.234628,0,1,1696751811
2023-10-05,0x2d25e0514f23c6367687de89bd5167dc754d4934,5949,0x57eff2124ccf201b16344493002ab259627c78c7,358.33866,358.33866,358.33866,1,1,1696871787
2023-10-05,0x2d25e0514f23c6367687de89bd5167dc754d4934,5961,0x7603c40b04ae8d4a82aedbccb5c3cd81b6681895,173.323265,173.323265,0.0,1,0,1697017741
2023-10-05,0x2d25e0514f23c6367687de89bd5167dc754d4934,5962,0x04576fb84df8df948d0004a84a3f5c8cb286b565,173.304314,173.304314,0.0,1,0,1697017659
2023-10-05,0x2d25e0514f23c6367687de89bd5167dc754d4934,6094,0xa81d465f8950d8999173eb9aba97f9c12d1758f5,0.0,0.0,177.175577,0,1,1696664987
2023-10-05,0x2d25e0514f23c6367687de89bd5167dc754d4934,6124,0x921cb74afa82db4326deaede8763317db09ca672,353.533352,353.533352,353.533352,1,1,1697049125
2023-10-05,0x2d25e0514f23c6367687de89bd5167dc754d4934,6175,0x479e26d0e79d430340a0c6468f16ab9f5a033b97,0.0,0.0,176.278146,0,1,1696989365
2023-10-05,0x2d25e0514f23c6367687de89bd5167dc754d4934,6258,0x0ed94ddc597721a976d86a5d2be11d0d445dffb9,350.99312,350.99312,350.99312,1,1,1697056357
2023-10-05,0x2d25e0514f23c6367687de89bd5167dc754d4934,6269,0x561201443956b904dfb2e4553f330440c27e9bbf,0.0,0.0,356.767959,0,1,1696839271
2023-10-05,0x2d25e0514f23c6367687de89bd5167dc754d4934,6375,0xe331ef612cebc0aca6d0b586542b3c25c82350bb,34.891849,34.891849,34.891849,1,1,1697056267
2023-10-05,0x2d25e0514f23c6367687de89bd5167dc754d4934,6465,0xca252f1a519f5b2b12f2b72ec8d4b1b0a2846755,0.0,0.0,219.226613,0,1,1697061741
2023-10-05,0x2d25e0514f23c6367687de89bd5167dc754d4934,6653,0xd1ad3830b54e97fcc05195c637b8e8e038378070,5.817857,5.817857,0.0,1,0,1697051865
2023-10-05,0x2d25e0514f23c6367687de89bd5167dc754d4934,6722,0x8f37f0654a652c2ea9e6d1caa44f37baac61c346,1160.946083,1160.946083,1173.527102,1,1,1697054109
2023-10-05,0x2d25e0514f23c6367687de89bd5167dc754d4934,6777,0xee6c29d19ac7f94a2d100a9a6bac8491d1c5bad8,627.899205,627.899205,0.0,1,0,1696525271
2023-10-05,0x2d25e0514f23c6367687de89bd5167dc754d4934,7003,0x1ba2a537a771aa4eac2f18427716557e4e744864,0.0,0.0,458.19143,0,1,1696967263
2023-10-05,0x2d25e0514f23c6367687de89bd5167dc754d4934,7153,0x8429ed82daa8791fa5e9f004663a50981d47698d,34.829383,34.829383,35.009763,1,1,1696952767
2023-10-05,0x2d25e0514f23c6367687de89bd5167dc754d4934,7247,0xa07d83334758af046dbcee6991e341c0e061d121,0.0,0.0,98.016193,0,1,1696987913
2023-10-05,0x2d25e0514f23c6367687de89bd5167dc754d4934,7263,0xaa9543f2eff0e7a4b267f839612945841172b02f,131.988154,131.988154,131.988218,1,1,1696497833
2023-10-05,0x2d25e0514f23c6367687de89bd5167dc754d4934,7732,0xee9a23404333361302790e905bd0f27603d39818,0.0,0.0,1029.894553,0,1,1697046119
2023-10-05,0x2d25e0514f23c6367687de89bd5167dc754d4934,7762,0xb8a8663d7ae13c298972c5ab2ff392c3cbed8473,18.677387,18.677387,18.928288,1,1,1697050677
2023-10-05,0x2d25e0514f23c6367687de89bd5167dc754d4934,7835,0xe4a8840ba281865797cfaf7bcfc0876771285643,2.632496,2.632496,2.645189,1,1,1696763477
2023-10-05,0x2d25e0514f23c6367687de89bd5167dc754d4934,7857,0x4886ba5d2b3e0ae1e80172d3bddc4feb32e1ce26,4.485254,4.485254,4.503923,1,1,1696924065
2023-10-05,0x2d25e0514f23c6367687de89bd5167dc754d4934,8032,0xf265702178a66b4b7ce079fc8a1629e47cf1bcde,160943.748413,160943.748413,0.0,1,0,1697055981
2023-10-05,0x2d25e0514f23c6367687de89bd5167dc754d4934,8054,0xee9a23404333361302790e905bd0f27603d39818,0.0,1953.513407,2805.12512,1,2,1697046133
2023-10-05,0x2d25e0514f23c6367687de89bd5167dc754d4934,8063,0xaec272e8867a89e5de4d3e7ec59f3544801f31b7,7.273396,7.273396,0.0,1,0,1697019521
2023-10-05,0x2d25e0514f23c6367687de89bd5167dc754d4934,8064,0x478f5fddc5ad95e8602908dc6b23522b5998a6d6,7.271174,7.271174,7.541528,1,1,1697019727
2023-10-05,0x2d25e0514f23c6367687de89bd5167dc754d4934,8065,0xcff8eb70b166bba2304518e5a09fa67e43c21216,7.265012,7.265012,7.535142,1,1,1697020043
2023-10-05,0x2d25e0514f23c6367687de89bd5167dc754d4934,8066,0x5c2bb04553c205587af500f53e37e28414dd100b,7.262835,7.262835,7.53285,1,1,1697020071
2023-10-05,0x2d25e0514f23c6367687de89bd5167dc754d4934,8068,0x4428b40e5a2824144fe3fb08571c95ed1e52fb9b,9.902735,9.902735,9.992191,1,1,1697020127
2023-10-05,0x2d25e0514f23c6367687de89bd5167dc754d4934,8069,0xf34b15ad6dafe19bc016d114a2c769619c953727,9.911084,9.911084,10.000303,1,1,1697020171
2023-10-05,0x2d25e0514f23c6367687de89bd5167dc754d4934,8070,0x0fce2030d9ca8b7987f82c5f0433edba6a70b5f3,9.891345,9.891345,9.99033,1,1,1697020195
2023-10-05,0x2d25e0514f23c6367687de89bd5167dc754d4934,8071,0xc552d0c6bb49671e0c8c1537338acd086e0f1108,9.890982,9.890982,9.990141,1,1,1697020215
2023-10-05,0x2d25e0514f23c6367687de89bd5167dc754d4934,8072,0x64e71b440cec3a7ea58e13c9a8bc79163de9b3e7,9.885253,9.885253,9.987242,1,1,1697020233
2023-10-05,0x2d25e0514f23c6367687de89bd5167dc754d4934,8073,0xde76c45ed9385c48346baaab0baf511ae939b2b8,9.885812,9.885812,9.987518,1,1,1697020249
2023-10-05,0x2d25e0514f23c6367687de89bd5167dc754d4934,8074,0x0b504389ffa6181893670ebab4e4584e74706e7e,9.88428,9.88428,9.98674,1,1,1697020267
2023-10-05,0x2d25e0514f23c6367687de89bd5167dc754d4934,8075,0xca32a60f29b9b7e22fb7713baf82618b8e0e72d9,9.883852,9.883852,9.986519,1,1,1697020285
2023-10-05,0x2d25e0514f23c6367687de89bd5167dc754d4934,8076,0xe45fe07fec55b40da85d4df75fe54f484c7fcdcc,9.890261,9.890261,9.989752,1,1,1697020305
2023-10-05,0x2d25e0514f23c6367687de89bd5167dc754d4934,8125,0x0c250c0d0e4555d3ffca9a5d4ef124840994853b,86.941944,86.941944,35.409591,1,1,1697052113
2023-10-05,0x2d25e0514f23c6367687de89bd5167dc754d4934,8280,0x4ae6f3ec7b50e7b01a5b2b3a0b2688a65bb350a5,27.791584,27.791584,0.0,1,0,1697057343
2023-10-05,0x2d25e0514f23c6367687de89bd5167dc754d4934,8343,0x6c6dc387b28edf1d2ccac7acc99f4238db1592ba,0.873126,0.873126,0.876107,1,1,1696857311
2023-10-05,0x2d25e0514f23c6367687de89bd5167dc754d4934,8357,0x17ec133d0774c0e8f463e864f8a31e19c7bfd03f,0.0,0.0,8995.43232,0,1,1697064469
2023-10-05,0x2d25e0514f23c6367687de89bd5167dc754d4934,8363,0x21f59001e8543fbd84fcacade38b1a06274f0ca3,1499.719573,1499.719573,1499.23872,1,1,1697047871
2023-10-05,0x2d25e0514f23c6367687de89bd5167dc754d4934,8484,0xfd90ad81ad93d9af1008a513d964f6fbc589034d,0.0,0.0,31092.747356,0,1,1697059521
2023-10-05,0x2d25e0514f23c6367687de89bd5167dc754d4934,8485,0xfdbbfb0fe2986672af97eca0e797d76a0bbf35c9,0.0,492424.821748,983797.004799,1,2,1697064689
2023-10-05,0x2d25e0514f23c6367687de89bd5167dc754d4934,8552,0x0c6439aff9bff79e29e6829a9d725ff5335547d5,0.67928,0.67928,0.0,1,0,1696658443
2023-10-05,0x2d25e0514f23c6367687de89bd5167dc754d4934,8666,0x766244cb75d011c1f9afbdb3284970a81f2e88cd,99.752656,99.752656,0.0,1,0,1697056439
2023-10-05,0x31285ccf9be7f548433f73e0b13411e6ee181f58,1149,0x93b82c49c2af67797977ae344c07884164e6a592,129.500964,129.500964,0.0,1,0,1697061817
2023-10-05,0x31285ccf9be7f548433f73e0b13411e6ee181f58,5465,0x1e6f4bc39b916e581929fc72b5190e08b4751941,256.611783,256.611783,0.0,1,0,1697064103
2023-10-05,0x32b0973e4a97846a7c865bdc7590f80a9a12ad56,1149,0x93b82c49c2af67797977ae344c07884164e6a592,129.500964,129.500964,0.0,1,0,1697061817
2023-10-05,0x32b0973e4a97846a7c865bdc7590f80a9a12ad56,5465,0x1e6f4bc39b916e581929fc72b5190e08b4751941,256.611783,256.611783,0.0,1,0,1697064103
2023-10-05,0x3cf04a380e54fa4ed31ea48acb9132ea35e2e8d9,1,0xbde0c70bdc242577c52dfad53389f82fd149ea5a,1721930.898851,1721930.898851,0.0,1,0,1697045005
2023-10-05,0x3cf04a380e54fa4ed31ea48acb9132ea35e2e8d9,2,0x51e171d2fde9b37bbbb624a53ef54959422388e4,1229950.642036,1229950.642036,0.0,1,0,1697050283
2023-10-05,0x3cf04a380e54fa4ed31ea48acb9132ea35e2e8d9,5,0x5b1892b546002ff3dd508500575bd6bf7a101431,450896.64425,450896.64425,0.0,1,0,1697045057
2023-10-05,0x3cf04a380e54fa4ed31ea48acb9132ea35e2e8d9,24,0x208a17c5fabe5b90282e5906945ff335e39326c4,0.0,0.0,9120.034951,0,1,1697051865
2023-10-05,0x3cf04a380e54fa4ed31ea48acb9132ea35e2e8d9,27,0x6665e62ef6f6db29d5f8191fbac472222c2cc80f,124242.700162,124242.700162,124202.864427,1,1,1697041087
2023-10-05,0x3cf04a380e54fa4ed31ea48acb9132ea35e2e8d9,43,0x2ddb405238368695f34d30a80ab60c449aa5ce48,0.0,0.0,60326.679558,0,1,1697062597
2023-10-05,0x3cf04a380e54fa4ed31ea48acb9132ea35e2e8d9,52,0x3fd5dbf9f74d69b71774d729dd84bd8b3db7e815,0.0,0.0,269084.765761,0,1,1697053755
2023-10-05,0x3cf04a380e54fa4ed31ea48acb9132ea35e2e8d9,54,0xf265702178a66b4b7ce079fc8a1629e47cf1bcde,445541.209707,445541.209707,445398.356553,1,1,1697055531
2023-10-05,0x3cf04a380e54fa4ed31ea48acb9132ea35e2e8d9,67,0x8ce17ff2c7376e9adfe9c63c47a801097fa6c525,0.0,0.0,108004.485578,0,1,1697052473
2023-10-05,0x3cf04a380e54fa4ed31ea48acb9132ea35e2e8d9,76,0x0578fe63a40dd249b853487dae3c9eb01957628e,0.0,0.0,1002591.886742,0,1,1697017187
2023-10-05,0x3cf04a380e54fa4ed31ea48acb9132ea35e2e8d9,77,0xeb6772188cf10aa563a1cd163f48355d1a949797,165263.465993,165263.465993,0.0,1,0,1697064347
2023-10-05,0x3cf04a380e54fa4ed31ea48acb9132ea35e2e8d9,85,0xc877f7c4c1605692226888f884a823cfb8eb11bd,0.0,0.0,386643.326205,0,1,1697031999
2023-10-05,0x3cf04a380e54fa4ed31ea48acb9132ea35e2e8d9,87,0x5d396a2106694308a40608ef14a1c0892b6b7faa,164324.37496,164324.37496,0.0,1,0,1697046201
2023-10-05,0x3cf04a380e54fa4ed31ea48acb9132ea35e2e8d9,89,0x4dacd010e15e220bc6c5c3210d166505d2b6c63a,0.0,0.0,638539.37219,0,1,1697019561
2023-10-05,0x3cf04a380e54fa4ed31ea48acb9132ea35e2e8d9,99,0xa48cd684ded1eee3de13e052bbdcfed59558a1ca,242757.671089,242757.671089,139516.739117,1,1,1697056509
2023-10-05,0x3cf04a380e54fa4ed31ea48acb9132ea35e2e8d9,106,0x615e5022252b31af496574f00d5519c5d93261ab,0.0,0.0,76395.568745,0,1,1696990601
2023-10-05,0x3cf04a380e54fa4ed31ea48acb9132ea35e2e8d9,114,0x611b0c1ed942b833c786c53883a4aa37a25602a6,0.0,0.0,232696.264387,0,1,1697034219
2023-10-05,0x3cf04a380e54fa4ed31ea48acb9132ea35e2e8d9,123,0x3021338c74f10cef1ece6404ac1498c2559f7a5c,442675.747062,442675.747062,439534.774542,1,1,1697032591
2023-10-05,0x3cf04a380e54fa4ed31ea48acb9132ea35e2e8d9,139,0xa04275c10f39e8675a34e147e2ef78d35129f2b6,303184.894667,303184.894667,398190.341374,1,1,1697037187
2023-10-05,0x3cf04a380e54fa4ed31ea48acb9132ea35e2e8d9,140,0x9dfd75098827fdc75bd0197d12c405b4518f8d11,0.0,0.0,358337.094761,0,1,1697053491
2023-10-05,0x3cf04a380e54fa4ed31ea48acb9132ea35e2e8d9,151,0x5275817b74021e97c980e95ede6bbac0d0d6f3a2,77590.31662,77590.31662,0.0,1,0,1697039977
2023-10-05,0x3cf04a380e54fa4ed31ea48acb9132ea35e2e8d9,159,0x05391a4b0749c29335024f41552a56cfa6bd3883,0.0,0.0,143165.02312,0,1,1697036311
2023-10-05,0x3cf04a380e54fa4ed31ea48acb9132ea35e2e8d9,160,0x2b8cf6ddb86b976ce088b64732bfd68ecf1fdcec,0.0,0.0,70749.434234,0,1,1696950347
2023-10-05,0x3cf04a380e54fa4ed31ea48acb9132ea35e2e8d9,168,0xd91432ea17a0b4ff2c28af958d4b175353c7c730,254936.058116,254936.058116,254936.058116,1,1,1697052849
2023-10-05,0x3cf04a380e54fa4ed31ea48acb9132ea35e2e8d9,174,0x83bad39f067ef72e354f2ea9d318eaad381a7f15,58415.999261,58415.999261,105083.902502,1,1,1697041741
2023-10-05,0x3cf04a380e54fa4ed31ea48acb9132ea35e2e8d9,200,0x84740d1658462441250885423588b6fd12314747,0.0,0.0,194578.827877,0,1,1697029853
2023-10-05,0x3cf04a380e54fa4ed31ea48acb9132ea35e2e8d9,209,0xfcbb477ec276476b6029ed0467f28f5ac1712884,100787.532139,100787.532139,150745.520403,1,1,1697065097
2023-10-05,0x3cf04a380e54fa4ed31ea48acb9132ea35e2e8d9,211,0x2d1ef4acf4cae6a38950971aaaa15f88d9b3f165,0.0,0.0,90934.216922,0,1,1697046441
2023-10-05,0x3cf04a380e54fa4ed31ea48acb9132ea35e2e8d9,228,0x323f5bb64b34e259ed16ccc3f5037f4857a684df,0.0,0.0,160091.425215,0,1,1697024469
2023-10-05,0x3cf04a380e54fa4ed31ea48acb9132ea35e2e8d9,232,0x576f1e53afe5e99b2257258c7e3248d3a1822548,0.0,0.0,40342.231963,0,1,1697059321
2023-10-05,0x3cf04a380e54fa4ed31ea48acb9132ea35e2e8d9,275,0xa810ffea2709c116ef180d090c142fc5e08586a7,30475.291663,30475.291663,18285.174998,1,1,1697054155
2023-10-05,0x3cf04a380e54fa4ed31ea48acb9132ea35e2e8d9,295,0xa311ab5780aa036b71aac2b71163fd03ec0df59e,0.0,0.0,27660.687357,0,1,1697051671
2023-10-05,0x3cf04a380e54fa4ed31ea48acb9132ea35e2e8d9,303,0xab12253171a0d73df64b115cd43fe0a32feb9daa,26650.535155,26650.535155,0.0,1,0,1697046769
2023-10-05,0x3cf04a380e54fa4ed31ea48acb9132ea35e2e8d9,316,0x8217157f6a42eecf3d07ef7c8d67ad416c3e9f02,50611.989675,50611.989675,101223.979351,1,1,1697034033
2023-10-05,0x3cf04a380e54fa4ed31ea48acb9132ea35e2e8d9,322,0xc877f7c4c1605692226888f884a823cfb8eb11bd,0.0,0.0,49211.706033,0,1,1697031989
2023-10-05,0x3cf04a380e54fa4ed31ea48acb9132ea35e2e8d9,329,0xac46dac5c58bf33a216a0b756bfb9b3d86407f97,0.0,0.0,92983.25294,0,1,1697010167
2023-10-05,0x3cf04a380e54fa4ed31ea48acb9132ea35e2e8d9,348,0xffd1d00554ea254f267d3f73658d6ee69fbdee52,0.0,0.0,84231.20817,0,1,1697062029
2023-10-05,0x3cf04a380e54fa4ed31ea48acb9132ea35e2e8d9,364,0xe7b27bd74f522afa05732ba82b2f46a38d4be098,23209.87405,23209.87405,23209.87405,1,1,1697039277
2023-10-05,0x3cf04a380e54fa4ed31ea48acb9132ea35e2e8d9,411,0x089bf34290ff2767fbd1cda881566c76415a9c00,86456.275573,172912.551146,149044.251992,2,2,1697043489
2023-10-05,0x3cf04a380e54fa4ed31ea48acb9132ea35e2e8d9,428,0xbb1766a13674dc9c8d194377f3c92153de381883,0.0,0.0,29304.793442,0,1,1697018507
2023-10-05,0x3cf04a380e54fa4ed31ea48acb9132ea35e2e8d9,445,0x24ed7409cb9f1adbe5b83c86a237049da6eca675,0.0,0.0,94782.77127,0,1,1696967459
2023-10-05,0x3cf04a380e54fa4ed31ea48acb9132ea35e2e8d9,449,0xf6657bbcfeb5c2746e8c609e35018a5a8caa13fb,0.0,0.0,13095.936634,0,1,1697047599
2023-10-05,0x3cf04a380e54fa4ed31ea48acb9132ea35e2e8d9,450,0x66f920658396f4c3642a32f6b5d5b65c3d6349db,52257.151719,52257.151719,52257.151719,1,1,1697044423
2023-10-05,0x3cf04a380e54fa4ed31ea48acb9132ea35e2e8d9,452,0x21484a41b00c014c4ad5c92bbb7661fd7c1c9a2b,0.0,0.0,31058.257972,0,1,1697036617
2023-10-05,0x3cf04a380e54fa4ed31ea48acb9132ea35e2e8d9,473,0x97020c9ec66e0f59231918b1d2f167a66026aff2,12459.325786,12459.325786,0.0,1,0,1697050159
2023-10-05,0x3cf04a380e54fa4ed31ea48acb9132ea35e2e8d9,489,0x88ee8692adfc54798c2190c1e68612f75ab15618,0.0,0.0,45426.986651,0,1,1697033671
2023-10-05,0x3cf04a380e54fa4ed31ea48acb9132ea35e2e8d9,502,0x66f920658396f4c3642a32f6b5d5b65c3d6349db,43600.794744,43600.794744,43600.794744,1,1,1697044503
2023-10-05,0x3cf04a380e54fa4ed31ea48acb9132ea35e2e8d9,508,0x63b461a9577cdaea028f25d059868d9abe6eddbf,0.0,0.0,42891.020461,0,1,1697027003
2023-10-05,0x3cf04a380e54fa4ed31ea48acb9132ea35e2e8d9,519,0xa23bde7b73b4acc73918e2362e6a646761955c7c,13147.476866,13147.476866,0.0,1,0,1697062925
2023-10-05,0x3cf04a380e54fa4ed31ea48acb9132ea35e2e8d9,559,0x66f920658396f4c3642a32f6b5d5b65c3d6349db,38672.761039,38672.761039,38672.761039,1,1,1697044497
2023-10-05,0x3cf04a380e54fa4ed31ea48acb9132ea35e2e8d9,595,0xf89cb9b9b412feff16ca94c02db6faddccd51ce4,0.0,0.0,3626.411855,0,1,1697045515
2023-10-05,0x3cf04a380e54fa4ed31ea48acb9132ea35e2e8d9,597,0x1ce0c2b445c8e87ea4c40b6e721d9a39b09f6459,3606.240568,3606.240568,3606.240568,1,1,1697058027
2023-10-05,0x3cf04a380e54fa4ed31ea48acb9132ea35e2e8d9,637,0xb83f754eb815e2100f4ba99aa61c299152b07145,8686.076354,8686.076354,0.0,1,0,1697061391
2023-10-05,0x3cf04a380e54fa4ed31ea48acb9132ea35e2e8d9,655,0x3590f55eecc2eb731e6888acf5e5c87f22be85be,0.0,0.0,31255.943346,0,1,1697062699
2023-10-05,0x3cf04a380e54fa4ed31ea48acb9132ea35e2e8d9,693,0xd2c83998be2306e814f2a220eb9740051dbd2104,14150.322465,14150.322465,0.0,1,0,1697041691
2023-10-05,0x3cf04a380e54fa4ed31ea48acb9132ea35e2e8d9,701,0x9c57027b1eca93093a6f446422c59c85a5a3fa52,0.0,21946.311665,43696.676383,1,2,1697023727
2023-10-05,0x3cf04a380e54fa4ed31ea48acb9132ea35e2e8d9,708,0x94f94f0bcdfe296f4e94a8e3065d6d1d326d4a65,13564.70382,13564.70382,0.0,1,0,1697044225
2023-10-05,0x3cf04a380e54fa4ed31ea48acb9132ea35e2e8d9,729,0x7372ff47026ec4c49ef99b4891b42e2d7bec4d1a,0.0,0.0,25661.619696,0,1,1696990011
2023-10-05,0x3cf04a380e54fa4ed31ea48acb9132ea35e2e8d9,735,0x2130fd01026867a6c8dde24ad5e64f2e2dfce196,25411.261651,25411.261651,0.0,1,0,1697042541
2023-10-05,0x3cf04a380e54fa4ed31ea48acb9132ea35e2e8d9,737,0x7d374fe73fd8358a93c53e978477f7ba4129be0c,25172.174705,25172.174705,0.0,1,0,1697045433
2023-10-05,0x3cf04a380e54fa4ed31ea48acb9132ea35e2e8d9,748,0x5805641e589cf538004a0ccfc31a57ac1ba2cb02,12373.838298,12373.838298,0.0,1,0,1697057135
2023-10-05,0x3cf04a380e54fa4ed31ea48acb9132ea35e2e8d9,764,0xa311ab5780aa036b71aac2b71163fd03ec0df59e,0.0,0.0,5982.147266,0,1,1697051517
2023-10-05,0x3cf04a380e54fa4ed31ea48acb9132ea35e2e8d9,858,0x9d068c281afa4f518e2393702adff6b4f22c1156,19099.741334,19099.741334,0.0,1,0,1697034711
2023-10-05,0x3cf04a380e54fa4ed31ea48acb9132ea35e2e8d9,862,0xecb4c1245665e8a1f43826355aab0dd6bf336e05,19603.292602,19603.292602,19597.00723,1,1,1697041141
2023-10-05,0x3cf04a380e54fa4ed31ea48acb9132ea35e2e8d9,875,0x5f449ca0c6ae1cac4c4830220229233f0b60c103,0.0,0.0,18520.987762,0,1,1697025589
2023-10-05,0x3cf04a380e54fa4ed31ea48acb9132ea35e2e8d9,884,0xb9206bc75bcb449baf94266393c9b3cca89869c2,18381.86584,18381.86584,0.0,1,0,1697037157
2023-10-05,0x3cf04a380e54fa4ed31ea48acb9132ea35e2e8d9,885,0xb39d022edf05c31e1981f4f4d8137dda9c57cfae,18999.354738,18999.354738,0.0,1,0,1697043287
2023-10-05,0x3cf04a380e54fa4ed31ea48acb9132ea35e2e8d9,895,0x03452486f10344aeb8bc1ab7457e5a9be613bd56,8855.204138,8855.204138,8849.738846,1,1,1697052013
2023-10-05,0x3cf04a380e54fa4ed31ea48acb9132ea35e2e8d9,920,0x6c2693f5a936f37ed03cfa8465bf2d8beff19a0f,0.0,0.0,17246.898466,0,1,1697055581
2023-10-05,0x3cf04a380e54fa4ed31ea48acb9132ea35e2e8d9,935,0xedbf8de67f84fb7f166652f9338a9a06fbe33893,0.0,0.0,8324.468984,0,1,1697050231
2023-10-05,0x3cf04a380e54fa4ed31ea48acb9132ea35e2e8d9,976,0xac18c73423d43ad14630c32491ec0db14e2e6148,0.0,0.0,8666.745104,0,1,1697028865
2023-10-05,0x3cf04a380e54fa4ed31ea48acb9132ea35e2e8d9,1053,0x3216a8a03b07b6b19cbc21d62c8942e625fc3e07,0.0,0.0,2860.014786,0,1,1697048185
2023-10-05,0x3cf04a380e54fa4ed31ea48acb9132ea35e2e8d9,1056,0xeb4576fe753dab07635c0bb6c8f0a355e1db5d31,0.0,0.0,7104.517613,0,1,1697061101
2023-10-05,0x3cf04a380e54fa4ed31ea48acb9132ea35e2e8d9,1100,0x113e29e69e25a902d579a1fcb78bcd661fc5f705,0.0,0.0,12786.209131,0,1,1697000569
2023-10-05,0x3cf04a380e54fa4ed31ea48acb9132ea35e2e8d9,1106,0x7b8870db91a1cf8e5618010ed2ce0ed0383e22fe,6358.067346,6358.067346,0.0,1,0,1697048011
2023-10-05,0x3cf04a380e54fa4ed31ea48acb9132ea35e2e8d9,1115,0x69449f50f833185dd09b5cd0afa6872d4f92d1e1,12516.845967,12516.845967,12516.845967,1,1,1697042787
2023-10-05,0x3cf04a380e54fa4ed31ea48acb9132ea35e2e8d9,1129,0x56e08babb8bf928bd8571d2a2a78235ae57ae5bd,0.0,1254.282483,2501.597043,1,2,1697059015
2023-10-05,0x3cf04a380e54fa4ed31ea48acb9132ea35e2e8d9,1221,0x564b3a3cf630d7b3b35ae78e47feb074bce2b06e,0.0,0.0,2630.040967,0,1,1697047321
2023-10-05,0x3cf04a380e54fa4ed31ea48acb9132ea35e2e8d9,1232,0x089c08546c12f8fa4ae77e3c63e4d03c86f53e44,0.0,0.0,10397.428284,0,1,1697031435
2023-10-05,0x3cf04a380e54fa4ed31ea48acb9132ea35e2e8d9,1263,0x8ba6fb982cb4b6a240065376b944100bce31b9d6,9889.490603,9889.490603,0.0,1,0,1697043023
2023-10-05,0x3cf04a380e54fa4ed31ea48acb9132ea35e2e8d9,1305,0x05b5240daa1894a299a41d1f63f1caacf94bdeb3,4660.389361,4660.389361,0.0,1,0,1697043303
2023-10-05,0x3cf04a380e54fa4ed31ea48acb9132ea35e2e8d9,1337,0x6ccd7c23e6ccd9c5258edda9fca61d1214de5622,0.0,0.0,8835.970881,0,1,1697045519
2023-10-05,0x3cf04a380e54fa4ed31ea48acb9132ea35e2e8d9,1355,0x5d47e5d242a8f66a6286b0a2353868875f5d6068,8675.471359,8675.471359,0.0,1,0,1697042427
2023-10-05,0x3cf04a380e54fa4ed31ea48acb9132ea35e2e8d9,1394,0x7a49983815a5f0499e590698c44adfe766e6812f,0.0,0.0,8342.438072,0,1,1696942703
2023-10-05,0x3cf04a380e54fa4ed31ea48acb9132ea35e2e8d9,1430,0xfb07d2bdef2deb1ebec001644b4732ab77281c7a,12637.590998,12637.590998,0.0,1,0,1697040477
2023-10-05,0x3cf04a380e54fa4ed31ea48acb9132ea35e2e8d9,1484,0x3f9d06d42cb2b04ada2d9a8cdfbf63c5206d7deb,7751.46374,7751.46374,3738.655503,1,1,1697042839
2023-10-05,0x3cf04a380e54fa4ed31ea48acb9132ea35e2e8d9,1495,0xdb5bbaa2d64653b7101d56e91173e677717676fe,8446.696645,8446.696645,0.0,1,0,1697045041
2023-10-05,0x3cf04a380e54fa4ed31ea48acb9132ea35e2e8d9,1511,0x4f321ad6ddc21ebcf9ee7213d2b41895196b6a9b,0.0,0.0,3589.965733,0,1,1697016017
2023-10-05,0x3cf04a380e54fa4ed31ea48acb9132ea35e2e8d9,1528,0xf7ce05cb95d321c7f22aefd1defb99e54e087b15,0.0,0.0,7045.262876,0,1,1697051833
2023-10-05,0x3cf04a380e54fa4ed31ea48acb9132ea35e2e8d9,1623,0x7027fffa0c9a5e7917e22250ea87279a0aa5fb54,6337.263308,6337.263308,6337.263308,1,1,1697037123
2023-10-05,0x3cf04a380e54fa4ed31ea48acb9132ea35e2e8d9,1678,0x8fda1ead2709923c058217b441ef5a5bf09f4022,6076.097158,6076.097158,0.0,1,0,1697047189
2023-10-05,0x3cf04a380e54fa4ed31ea48acb9132ea35e2e8d9,1764,0x7690453f91dbadef8a592a32c679d8f0f5e0116b,1493.162514,1493.162514,1493.162514,1,1,1697058783
2023-10-05,0x3cf04a380e54fa4ed31ea48acb9132ea35e2e8d9,1790,0xa1c9b67b267c631555eb83164287d969b778183f,5163.224627,5163.224627,5163.224627,1,1,1697036973
2023-10-05,0x3cf04a380e54fa4ed31ea48acb9132ea35e2e8d9,1815,0xc2c35b30bb2a0fc88d02fff39c4fcab37b7b44bf,5541.686385,5541.686385,5541.686385,1,1,1697041489
2023-10-05,0x3cf04a380e54fa4ed31ea48acb9132ea35e2e8d9,1836,0x11add7af96d6f94bad07e338e9a4ca5dc0f94d4f,4890.735212,4890.735212,4890.735212,1,1,1697034103
2023-10-05,0x3cf04a380e54fa4ed31ea48acb9132ea35e2e8d9,1872,0xb6a4035370947825d94ca4ac5d30d828ad50265c,4731.14332,4731.14332,0.0,1,0,1697059433
2023-10-05,0x3cf04a380e54fa4ed31ea48acb9132ea35e2e8d9,1897,0x08b2f2bf6daddcd68c7c842e4c3a376c1fc69527,0.0,0.0,4594.349883,0,1,1697055381
2023-10-05,0x3cf04a380e54fa4ed31ea48acb9132ea35e2e8d9,1912,0x3e516b6d229bf935f1b6bf4a0c2531ddab48cf1b,2329.845159,2329.845159,1164.922579,1,1,1697040247
2023-10-05,0x3cf04a380e54fa4ed31ea48acb9132ea35e2e8d9,1928,0x70b1c13c592ee6fdb7ed2f06c70a409776a11ce6,0.0,0.0,4585.350792,0,1,1697029251
2023-10-05,0x3cf04a380e54fa4ed31ea48acb9132ea35e2e8d9,2004,0xeb3f3f5b1ec4430451059cb6bddc984f723c037a,0.0,0.0,4240.716282,0,1,1697051239
2023-10-05,0x3cf04a380e54fa4ed31ea48acb9132ea35e2e8d9,2036,0xde107b82e3e47ed281d276644b8115548c085c24,0.0,1043.929461,2084.464632,1,2,1696660433
2023-10-05,0x3cf04a380e54fa4ed31ea48acb9132ea35e2e8d9,2071,0x078b8ff955e3cf77550bf2f2edfc0aacbc29adc6,0.0,8645.976465,12712.560662,1,2,1697053139
2023-10-05,0x3cf04a380e54fa4ed31ea48acb9132ea35e2e8d9,2108,0xd52d391ebdfe9708346fa5017076d5d190493f78,3998.408447,3998.408447,3997.126443,1,1,1697041271
2023-10-05,0x3cf04a380e54fa4ed31ea48acb9132ea35e2e8d9,2109,0xaba92f62ef9d45d0b61808d330461c3b2d8fece8,0.0,0.0,3994.499436,0,1,1697028541
2023-10-05,0x3cf04a380e54fa4ed31ea48acb9132ea35e2e8d9,2166,0x509814af024e569f6f9bdbd1400a1a1576a90622,0.0,0.0,3849.870989,0,1,1697049729
2023-10-05,0x3cf04a380e54fa4ed31ea48acb9132ea35e2e8d9,2185,0x36e0edc88cd1902f189ac922a4401cf4f389a110,3825.287287,3825.287287,0.0,1,0,1697042401
2023-10-05,0x3cf04a380e54fa4ed31ea48acb9132ea35e2e8d9,2243,0xdd7fbd024e7e484d41d14936a44709992c8a1e07,3654.329987,3654.329987,0.0,1,0,1697037901
2023-10-05,0x3cf04a380e54fa4ed31ea48acb9132ea35e2e8d9,2266,0xb00f8b601558243c9abcddabd54ea17f70471b8e,1001.409052,1001.409052,0.0,1,0,1697036875
2023-10-05,0x3cf04a380e54fa4ed31ea48acb9132ea35e2e8d9,2280,0x0630717c9c6baeabd2b0852e09df08febaccd227,7014.396304,7014.396304,0.0,1,0,1697044883
2023-10-05,0x3cf04a380e54fa4ed31ea48acb9132ea35e2e8d9,2342,0x194707c58d18dda44ce8f88c45a85f65b618fafc,0.0,0.0,6899.703243,0,1,1697062727
2023-10-05,0x3cf04a380e54fa4ed31ea48acb9132ea35e2e8d9,2371,0xff870ef8bdbbfb1739d69b1849f5549328f776af,3446.654747,3446.654747,3446.654747,1,1,1697037355
2023-10-05,0x3cf04a380e54fa4ed31ea48acb9132ea35e2e8d9,2377,0xc8b02bd12705f1cf4ee78dae82557919c8733dc4,0.0,0.0,3432.81741,0,1,1697027929
2023-10-05,0x3cf04a380e54fa4ed31ea48acb9132ea35e2e8d9,2430,0x1b6a83f6fcf3ab0879199350f4556aecf42a6180,0.0,0.0,3334.362941,0,1,1697030273
2023-10-05,0x3cf04a380e54fa4ed31ea48acb9132ea35e2e8d9,2454,0x5a6f4e306a2198ca88cb1f3fde3e75f2f9805d1d,3293.416334,3293.416334,0.0,1,0,1697041147
2023-10-05,0x3cf04a380e54fa4ed31ea48acb9132ea35e2e8d9,2458,0x9f88ce4eb5fbbdca7d911fa75c6f8fbd95d2bbbc,3291.66362,3291.66362,3291.66362,1,1,1697043943
2023-10-05,0x3cf04a380e54fa4ed31ea48acb9132ea35e2e8d9,2496,0x6a90b0f458c45a6ccb805455fe1d3a69c93a18ec,3238.46639,3238.46639,3236.46766,1,1,1697041111
2023-10-05,0x3cf04a380e54fa4ed31ea48acb9132ea35e2e8d9,2627,0x714a8521db3eee3f5f7d4d2dc0a33d91f0aed3dc,0.0,0.0,3057.86367,0,1,1697029157
2023-10-05,0x3cf04a380e54fa4ed31ea48acb9132ea35e2e8d9,2646,0xc9ed7c5ae4b31dece1b8e5f224023e9583d63863,0.0,0.0,3040.316385,0,1,1697029343
2023-10-05,0x3cf04a380e54fa4ed31ea48acb9132ea35e2e8d9,2658,0xb9406fdc51ed957eb286c89c722aa5569bb6fd1a,3022.808608,3022.808608,3022.808608,1,1,1697028599
2023-10-05,0x3cf04a380e54fa4ed31ea48acb9132ea35e2e8d9,2691,0xb086ff01a395cc817f31a15dc5446c11e741d085,3908.477612,3908.477612,0.0,1,0,1697060749
2023-10-05,0x3cf04a380e54fa4ed31ea48acb9132ea35e2e8d9,2712,0x33a431c03ada4edf4a2facf97c19a999ff33926c,0.0,0.0,2897.474545,0,1,1697029017
2023-10-05,0x3cf04a380e54fa4ed31ea48acb9132ea35e2e8d9,2783,0xae5c50251017ad218700f875dce2f20ff783ce1f,2582.83268,2582.83268,0.0,1,0,1697034807
2023-10-05,0x3cf04a380e54fa4ed31ea48acb9132ea35e2e8d9,2846,0x7f922e25a3ff62f9a253c83f3f1f2e1dddae60bd,0.0,0.0,2307.421672,0,1,1697000469
2023-10-05,0x3cf04a380e54fa4ed31ea48acb9132ea35e2e8d9,2856,0xf3b059c887172f2cc52b5e77ee3b2c8b3a32e6ef,1899.207118,1899.207118,0.0,1,0,1697052387
2023-10-05,0x3cf04a380e54fa4ed31ea48acb9132ea35e2e8d9,2912,0x309c65c98c56c4db478ec67d3d0c91738cbafc36,0.0,0.0,2156.883906,0,1,1697021131
2023-10-05,0x3cf04a380e54fa4ed31ea48acb9132ea35e2e8d9,2971,0x9a717799733552a3a49667dee2b6341bc4d8a38d,2058.12839,2058.12839,0.0,1,0,1697044379
2023-10-05,0x3cf04a380e54fa4ed31ea48acb9132ea35e2e8d9,3014,0xb46c872fe2f96ad7a39645658f719b535dba6ef2,1918.916096,1918.916096,1918.916096,1,1,1697037017
2023-10-05,0x3cf04a380e54fa4ed31ea48acb9132ea35e2e8d9,3019,0xd51dc8660c014c1beaff0f2085c574752800351c,1916.659811,1916.659811,0.0,1,0,1697036851
2023-10-05,0x3cf04a380e54fa4ed31ea48acb9132ea35e2e8d9,3025,0xf195a2592ebe67c8d9058f3798ab18e8ab5f24df,1910.235141,1910.235141,1910.235141,1,1,1697036891
2023-10-05,0x3cf04a380e54fa4ed31ea48acb9132ea35e2e8d9,3114,0xc51fefb9ef83f2d300448b22db6fac032f96df3f,1778.010571,1778.010571,0.0,1,0,1697039339
2023-10-05,0x3cf04a380e54fa4ed31ea48acb9132ea35e2e8d9,3146,0x63bfe79845300e314cb0f01d23b1f19e341056d9,1743.201815,1743.201815,1743.201815,1,1,1697036933
2023-10-05,0x3cf04a380e54fa4ed31ea48acb9132ea35e2e8d9,3160,0x25f0a60d95fb530435f733c8e480c8c4c1619d1e,1726.321684,1726.321684,0.0,1,0,1697043987
2023-10-05,0x3cf04a380e54fa4ed31ea48acb9132ea35e2e8d9,3189,0xff1a9bb39640ba98439a9e1771d125d082f45eee,1699.310937,1699.310937,0.0,1,0,1697034919
2023-10-05,0x3cf04a380e54fa4ed31ea48acb9132ea35e2e8d9,3225,0x0b016476072f7d7d5c4e03bdf84511f80e12cb5e,0.0,0.0,1893.77812,0,1,1697054687
2023-10-05,0x3cf04a380e54fa4ed31ea48acb9132ea35e2e8d9,3247,0x99d6d24012361620bfa1a3f16d4e745066fc7c69,0.0,0.0,1639.30056,0,1,1697026267
2023-10-05,0x3cf04a380e54fa4ed31ea48acb9132ea35e2e8d9,3248,0xc5ba2b86292a73830cfe7619f24f4fcab66e398b,0.0,0.0,1639.255794,0,1,1697026267
2023-10-05,0x3cf04a380e54fa4ed31ea48acb9132ea35e2e8d9,3249,0xe6318ac14dc1235e01af21d354088118e15783ba,0.0,0.0,1638.724601,0,1,1697026311
2023-10-05,0x3cf04a380e54fa4ed31ea48acb9132ea35e2e8d9,3250,0xdf23d6fd44249716a515bdddc81b82c18b915345,0.0,0.0,1638.724341,0,1,1697026313
2023-10-05,0x3cf04a380e54fa4ed31ea48acb9132ea35e2e8d9,3405,0x353c5a5bb339a756e25d9ab983db61c7b1ac2922,0.0,0.0,1428.613818,0,1,1697001819
2023-10-05,0x3cf04a380e54fa4ed31ea48acb9132ea35e2e8d9,3408,0x1f2b88b4fbcbecf1e0b07728c6db26bfdacdb0b2,0.0,0.0,1422.142103,0,1,1697002579
2023-10-05,0x3cf04a380e54fa4ed31ea48acb9132ea35e2e8d9,3412,0x22422040886ab7d0a08eeafa2c595a707a26c531,0.0,0.0,1416.939903,0,1,1697000977
2023-10-05,0x3cf04a380e54fa4ed31ea48acb9132ea35e2e8d9,3433,0x7497b333895c64a56924b293e68a6468963f2a7e,345.694885,345.694885,0.0,1,0,1697035851
2023-10-05,0x3cf04a380e54fa4ed31ea48acb9132ea35e2e8d9,3441,0x12dad3425d0ec383ebd9e86139a103ce119aa0b2,40654.722696,40654.722696,0.0,1,0,1697035839
2023-10-05,0x3cf04a380e54fa4ed31ea48acb9132ea35e2e8d9,3453,0x15446371fe06e86fcd27b1f567491a3eee9c238e,0.0,0.0,1352.874802,0,1,1697026309
2023-10-05,0x3cf04a380e54fa4ed31ea48acb9132ea35e2e8d9,3493,0x42acf5773af88b0e49f413e10edf9bcef93c3805,0.0,0.0,1309.67156,0,1,1697026271
2023-10-05,0x3cf04a380e54fa4ed31ea48acb9132ea35e2e8d9,3500,0x839537454e13afeb1ad0d1b445ad530c994d26ba,0.0,0.0,1299.229208,0,1,1696993309
2023-10-05,0x3cf04a380e54fa4ed31ea48acb9132ea35e2e8d9,3536,0xec46be6984d3a92d5f3b2d3e54fb827cd8d043b1,1248.777376,1248.777376,1248.777376,1,1,1697041553
2023-10-05,0x3cf04a380e54fa4ed31ea48acb9132ea35e2e8d9,3592,0x670327de2a3a370e548f39db2a074cc2999b6824,0.0,0.0,1165.46957,0,1,1696715737
2023-10-05,0x3cf04a380e54fa4ed31ea48acb9132ea35e2e8d9,3648,0x5f6486f13d2faf529eeb12016059078cda4bc90b,0.0,0.0,1104.293035,0,1,1697026091
2023-10-05,0x3cf04a380e54fa4ed31ea48acb9132ea35e2e8d9,3751,0x6c7b8f499a3a0c310e4a1c9edb8406e764590950,0.0,0.0,2007.065858,0,1,1697024577
2023-10-05,0x3cf04a380e54fa4ed31ea48acb9132ea35e2e8d9,3927,0x13b4ffd03e9093465c9dfed09227b6232a823a9b,895.559001,895.559001,895.559001,1,1,1697042679
2023-10-05,0x3cf04a380e54fa4ed31ea48acb9132ea35e2e8d9,3929,0xc1178d5bada448126a5054eaf4e7c2f3fca5e974,886.776913,886.776913,0.0,1,0,1697041879
2023-10-05,0x3cf04a380e54fa4ed31ea48acb9132ea35e2e8d9,3941,0xf935861a8b8cc6867eeb463d97b501c69d177092,0.0,0.0,873.034476,0,1,1697026269
2023-10-05,0x3cf04a380e54fa4ed31ea48acb9132ea35e2e8d9,4011,0x6322872f335dde0d4b44537f69fbae74bbed39de,0.0,0.0,242.721738,0,1,1697007527
2023-10-05,0x3cf04a380e54fa4ed31ea48acb9132ea35e2e8d9,4103,0x2217854468cfa2eecc21761bcc67a2f773aa1425,439.82793,439.82793,439.82793,1,1,1697045025
2023-10-05,0x3cf04a380e54fa4ed31ea48acb9132ea35e2e8d9,4115,0x268abf8dcb799ee29363022f3e139f6a33861938,736.759115,736.759115,0.0,1,0,1697035271
2023-10-05,0x3cf04a380e54fa4ed31ea48acb9132ea35e2e8d9,4563,0x19eb478ae9d013313659d8e333cddd8a0590c5f6,499.521555,499.521555,0.0,1,0,1697043441
2023-10-05,0x3cf04a380e54fa4ed31ea48acb9132ea35e2e8d9,4881,0x7cb552152e2b28f9f6911c51b69b0d8d1fadafe1,0.0,0.0,854.699452,0,1,1696508887
2023-10-05,0x3cf04a380e54fa4ed31ea48acb9132ea35e2e8d9,5371,0x4c0d9bff934e53cca53d98c187d0f6b29eecfd64,377.60476,377.60476,377.60476,1,1,1697042777
2023-10-05,0x3cf04a380e54fa4ed31ea48acb9132ea35e2e8d9,5491,0x31e4a883b571e493cce22ab79e8331688b6a8f8c,0.0,0.0,372.219292,0,1,1697037785
2023-10-05,0x3cf04a380e54fa4ed31ea48acb9132ea35e2e8d9,5500,0x4f356412d6264eb2d55b48ac711e02cd0a4eda31,0.0,0.0,371.795039,0,1,1697036573
2023-10-05,0x3cf04a380e54fa4ed31ea48acb9132ea35e2e8d9,5583,0xa3bdbf5d5ff6059463421b5fcfc0aedcdb18b59b,369.117558,369.117558,0.0,1,0,1697037473
2023-10-05,0x3cf04a380e54fa4ed31ea48acb9132ea35e2e8d9,5660,0x856980373f9f8b8f6d7846533419b5be34500b2f,367.329564,367.329564,0.0,1,0,1697036761
2023-10-05,0x3cf04a380e54fa4ed31ea48acb9132ea35e2e8d9,5786,0x0b7c75a9689a84854256c7d5db7c87feb1bbbb8b,0.0,0.0,375.094592,0,1,1697028705
2023-10-05,0x3cf04a380e54fa4ed31ea48acb9132ea35e2e8d9,6005,0x2ebd5817147aca120f8a261b92e3957af93afb9b,0.0,0.0,356.38977,0,1,1697052959
2023-10-05,0x3cf04a380e54fa4ed31ea48acb9132ea35e2e8d9,6050,0x88840c37e8fa21afe5c28f0c704f9dcbd1601a45,355.468895,355.468895,355.468895,1,1,1697040655
2023-10-05,0x3cf04a380e54fa4ed31ea48acb9132ea35e2e8d9,6277,0x6c9258895ffbe2178b3edefe09af304a1e99bf2f,0.0,0.0,350.522226,0,1,1697053023
2023-10-05,0x3cf04a380e54fa4ed31ea48acb9132ea35e2e8d9,6362,0x921bb1a6c751f98cc229865376e0deba82405cda,349.181383,349.181383,0.0,1,0,1697036959
2023-10-05,0x3cf04a380e54fa4ed31ea48acb9132ea35e2e8d9,6420,0xc2dce2922d16c81e0d1b57d5cd5fa842cc29fbf4,87.27649,87.27649,0.0,1,0,1697057097
2023-10-05,0x3cf04a380e54fa4ed31ea48acb9132ea35e2e8d9,6512,0xf9a470029eab553ddc2351577a7fc8ad1c3540ab,0.0,0.0,21.838349,0,1,1697030087
2023-10-05,0x3cf04a380e54fa4ed31ea48acb9132ea35e2e8d9,7141,0x36e0edc88cd1902f189ac922a4401cf4f389a110,3875.204999,3875.204999,0.0,1,0,1697042425
2023-10-05,0x3cf04a380e54fa4ed31ea48acb9132ea35e2e8d9,7381,0xa84fa9e80e2b01c48fbc4dfdc8b5ac57f12a7e2b,8525.914841,8525.914841,0.0,1,0,1697044135
2023-10-05,0x3cf04a380e54fa4ed31ea48acb9132ea35e2e8d9,7521,0xc8ff0b3f21fe7b5acf8243f63b7038d67ebc972e,57.595215,57.595215,0.0,1,0,1697035101
2023-10-05,0x3cf04a380e54fa4ed31ea48acb9132ea35e2e8d9,7982,0xca2c43f9e2562ca7bf4508535e964cb715ca0ccf,0.0,0.0,6757.482133,0,1,1696728121
2023-10-05,0x3cf04a380e54fa4ed31ea48acb9132ea35e2e8d9,7995,0x0b7c75a9689a84854256c7d5db7c87feb1bbbb8b,0.0,0.0,876.650175,0,1,1697028727
2023-10-05,0x3cf04a380e54fa4ed31ea48acb9132ea35e2e8d9,8028,0xd9277f43bdfbbd18f5ba0adeb38f3ace2929e773,8222.84026,8222.84026,0.0,1,0,1697049389
2023-10-05,0x3cf04a380e54fa4ed31ea48acb9132ea35e2e8d9,8032,0xf265702178a66b4b7ce079fc8a1629e47cf1bcde,241415.622619,241415.622619,160050.311304,1,1,1697055981
2023-10-05,0x3cf04a380e54fa4ed31ea48acb9132ea35e2e8d9,8343,0x6c6dc387b28edf1d2ccac7acc99f4238db1592ba,0.873126,0.873126,0.876107,1,1,1696857311
2023-10-05,0x3cf04a380e54fa4ed31ea48acb9132ea35e2e8d9,8347,0x0578fe63a40dd249b853487dae3c9eb01957628e,0.0,0.0,35982.507447,0,1,1697017201
2023-10-05,0x3cf04a380e54fa4ed31ea48acb9132ea35e2e8d9,8395,0x5181cdf1bb20da04ba788f82989f29e65b67314a,0.0,0.0,23987.81952,0,1,1697025889
2023-10-05,0x3cf04a380e54fa4ed31ea48acb9132ea35e2e8d9,8432,0x9d068c281afa4f518e2393702adff6b4f22c1156,1686.64356,1686.64356,0.0,1,0,1697034655
2023-10-05,0x3cf04a380e54fa4ed31ea48acb9132ea35e2e8d9,8438,0xa23bde7b73b4acc73918e2362e6a646761955c7c,562.21452,562.21452,0.0,1,0,1697062965
2023-10-05,0x3cf04a380e54fa4ed31ea48acb9132ea35e2e8d9,8658,0x038cdcccc1077ac50335cf18feaa308a0e0546b7,320.516128,320.516128,0.0,1,0,1697039967
2023-10-05,0x3f386acc3a8e9194cf6279c219df8dd3c5b71974,1,0xbde0c70bdc242577c52dfad53389f82fd149ea5a,1569995.819541,1569995.819541,506503.613993,1,1,1697045005
2023-10-05,0x3f386acc3a8e9194cf6279c219df8dd3c5b71974,2,0x51e171d2fde9b37bbbb624a53ef54959422388e4,1121425.585386,1121425.585386,361788.295709,1,1,1697050283
2023-10-05,0x3f386acc3a8e9194cf6279c219df8dd3c5b71974,5,0x5b1892b546002ff3dd508500575bd6bf7a101431,411111.646228,411111.646228,132630.642572,1,1,1697045057
2023-10-05,0x3f386acc3a8e9194cf6279c219df8dd3c5b71974,16,0x370880694995aa8a53f71645f7bec3b0e7bb25d9,192851.090354,192851.090354,0.0,1,0,1696851907
2023-10-05,0x3f386acc3a8e9194cf6279c219df8dd3c5b71974,24,0x208a17c5fabe5b90282e5906945ff335e39326c4,0.0,0.0,7296.027961,0,1,1697051865
2023-10-05,0x3f386acc3a8e9194cf6279c219df8dd3c5b71974,41,0xc73c5ee66b518c5450ce47520fc22f429f15a519,7954.863007,7954.863007,7944.346206,1,1,1696527887
2023-10-05,0x3f386acc3a8e9194cf6279c219df8dd3c5b71974,49,0xd062ab63bb4f7af7e59b85defc3c90bfa9b81e6e,0.0,0.0,467814.456234,0,1,1697023951
2023-10-05,0x3f386acc3a8e9194cf6279c219df8dd3c5b71974,56,0x48a5a6a01ba89cddf97d2d552923d5a11401ed19,0.0,0.0,324013.276201,0,1,1697064681
2023-10-05,0x3f386acc3a8e9194cf6279c219df8dd3c5b71974,87,0x5d396a2106694308a40608ef14a1c0892b6b7faa,164324.37496,164324.37496,0.0,1,0,1697046201
2023-10-05,0x3f386acc3a8e9194cf6279c219df8dd3c5b71974,122,0xc1061bc6e62d7908eb21f57788b48b3636a2c2d6,106216.107228,106216.107228,106216.107228,1,1,1697052275
2023-10-05,0x3f386acc3a8e9194cf6279c219df8dd3c5b71974,155,0x2db6f5e838ed2bad993e9ff2d3d7a5c1cc35704c,165373.212044,165373.212044,247980.283049,1,1,1696933501
2023-10-05,0x3f386acc3a8e9194cf6279c219df8dd3c5b71974,166,0x39d12116298f3b2b55e53e7b99c0bf47041761df,260443.163706,260443.163706,0.0,1,0,1696688545
2023-10-05,0x3f386acc3a8e9194cf6279c219df8dd3c5b71974,174,0x83bad39f067ef72e354f2ea9d318eaad381a7f15,11683.199852,11683.199852,0.0,1,0,1697041741
2023-10-05,0x3f386acc3a8e9194cf6279c219df8dd3c5b71974,188,0xa60aadf62907bf06dd714781d44bbd4c2d783259,106441.579725,106441.579725,106407.451534,1,1,1697054873
2023-10-05,0x3f386acc3a8e9194cf6279c219df8dd3c5b71974,197,0x6cd1b82490eb7aa18bec4305c6c2e691194c6898,0.0,0.0,198840.7907,0,1,1696934621
2023-10-05,0x3f386acc3a8e9194cf6279c219df8dd3c5b71974,210,0x4e51a06e4643197e1be2f050b6af60f9ad3cef06,202345.54009,202345.54009,0.0,1,0,1696607009
2023-10-05,0x3f386acc3a8e9194cf6279c219df8dd3c5b71974,220,0x4f6fff5cd87eaf8cf09467366fe783e7ecb1317b,0.0,0.0,167891.177979,0,1,1696934971
2023-10-05,0x3f386acc3a8e9194cf6279c219df8dd3c5b71974,229,0x4dcea47ec4b26079cb4f9a0e0f400e1aa6f199a9,79258.49466,79258.49466,63406.795728,1,1,1696611145
2023-10-05,0x3f386acc3a8e9194cf6279c219df8dd3c5b71974,253,0x7bfee91193d9df2ac0bfe90191d40f23c773c060,138668.958866,138668.958866,0.0,1,0,1696954571
2023-10-05,0x3f386acc3a8e9194cf6279c219df8dd3c5b71974,254,0xa311ab5780aa036b71aac2b71163fd03ec0df59e,0.0,0.0,34430.934653,0,1,1697051595
2023-10-05,0x3f386acc3a8e9194cf6279c219df8dd3c5b71974,304,0xbbb33d2e7bd7ddc722e53da9ca8ee97df41cfabf,15879.035429,15879.035429,0.0,1,0,1696925469
2023-10-05,0x3f386acc3a8e9194cf6279c219df8dd3c5b71974,353,0x5ade40e345817b739b91c6b4615efce87f9d7c57,44389.519051,44389.519051,0.0,1,0,1696623319
2023-10-05,0x3f386acc3a8e9194cf6279c219df8dd3c5b71974,370,0x02ef8147e2d0997cca48d99f01bad846d16558fa,64414.931451,64414.931451,0.0,1,0,1696778957
2023-10-05,0x3f386acc3a8e9194cf6279c219df8dd3c5b71974,392,0xa12eec92d8c155c8ea9159cb87da4e062bf9992d,91657.161033,91657.161033,0.0,1,0,1696974899
2023-10-05,0x3f386acc3a8e9194cf6279c219df8dd3c5b71974,400,0x1b08bc49accb4fb813bc9cb7f3a1f7f93510010e,0.0,0.0,65141.461445,0,1,1696634147
2023-10-05,0x3f386acc3a8e9194cf6279c219df8dd3c5b71974,469,0xe47fd677ba6d3738cec98aa18bb6fa015b6f7bda,0.0,0.0,48407.090708,0,1,1696914587
2023-10-05,0x3f386acc3a8e9194cf6279c219df8dd3c5b71974,494,0x153b4f4f2c6c284f844a53eb2e097d23b7bfa4dd,22188.572247,22188.572247,0.0,1,0,1696724769
2023-10-05,0x3f386acc3a8e9194cf6279c219df8dd3c5b71974,575,0x94587a95917188b338c822de2d1e77074131589f,9351.029064,9351.029064,0.0,1,0,1696611191
2023-10-05,0x3f386acc3a8e9194cf6279c219df8dd3c5b71974,606,0x27f33f5af3125c7488051134872e6e7a3c5a644a,0.0,0.0,35350.064352,0,1,1697033205
2023-10-05,0x3f386acc3a8e9194cf6279c219df8dd3c5b71974,617,0xa33ca84383bac2efb11b8ce21bc10403ff9cc77a,34946.45154,34946.45154,0.0,1,0,1697042455
2023-10-05,0x3f386acc3a8e9194cf6279c219df8dd3c5b71974,650,0x4ffc5f22770ab6046c8d66dabae3a9cd1e7a03e7,0.0,0.0,34968.87894,0,1,1697048227
2023-10-05,0x3f386acc3a8e9194cf6279c219df8dd3c5b71974,711,0x74e8beb278dc75d26d5918ae83bf85b58c82d3fb,27485.193197,27485.193197,0.0,1,0,1696577649
2023-10-05,0x3f386acc3a8e9194cf6279c219df8dd3c5b71974,723,0x65268d4fb73544b6056fa4f4bf20fc90e0b12a80,0.0,0.0,28361.270957,0,1,1696687137
2023-10-05,0x3f386acc3a8e9194cf6279c219df8dd3c5b71974,754,0x4d3869e2451d28bb4f03aeda60322eaf01e912db,6403.129582,6403.129582,25604.306228,1,1,1696861421
2023-10-05,0x3f386acc3a8e9194cf6279c219df8dd3c5b71974,774,0x98d925821767edcf7e773810e74244026b6e8a35,13969.61717,13969.61717,5820.673821,1,1,1696958611
2023-10-05,0x3f386acc3a8e9194cf6279c219df8dd3c5b71974,871,0x712a81b587abcaa64ea8ff2f0201f2379bf120e7,18609.106059,18609.106059,18592.991566,1,1,1696756713
2023-10-05,0x3f386acc3a8e9194cf6279c219df8dd3c5b71974,981,0xf00016501370c7a1a75bf7fef93e5b05a0badb86,0.0,0.0,15394.086471,0,1,1697056579
2023-10-05,0x3f386acc3a8e9194cf6279c219df8dd3c5b71974,985,0xbc5fba1fef0ba69e401cdf97197d75a5f9d9d4c6,13793.848528,13793.848528,13793.848528,1,1,1696863949
2023-10-05,0x3f386acc3a8e9194cf6279c219df8dd3c5b71974,991,0x986fcc6b0d290308ad6f6a0e8471f74f53dec06a,15235.714188,15235.714188,0.0,1,0,1696663695
2023-10-05,0x3f386acc3a8e9194cf6279c219df8dd3c5b71974,1016,0x91b7377a3dd7931ad4757b60d7e859954b939e85,14600.624829,14600.624829,0.0,1,0,1696531089
2023-10-05,0x3f386acc3a8e9194cf6279c219df8dd3c5b71974,1027,0x5f4f120d8435ea38f0f4635a910fee03801be88d,23908.509267,23908.509267,5975.21088,1,1,1696953963
2023-10-05,0x3f386acc3a8e9194cf6279c219df8dd3c5b71974,1044,0xcb6222f4df04385ea08e8da2a5871131ff5f6cba,6892.960646,6892.960646,0.0,1,0,1696835407
2023-10-05,0x3f386acc3a8e9194cf6279c219df8dd3c5b71974,1070,0x0130d7a66d71723494428cb74ac09ba457c6167d,0.0,0.0,13220.36423,0,1,1696625345
2023-10-05,0x3f386acc3a8e9194cf6279c219df8dd3c5b71974,1149,0x93b82c49c2af67797977ae344c07884164e6a592,647.504821,4532.533744,5668.402516,3,3,1697061817
2023-10-05,0x3f386acc3a8e9194cf6279c219df8dd3c5b71974,1174,0x91f3acf393de794e7291fbf36dfc408da617cff0,0.0,0.0,11594.553934,0,1,1696861173
2023-10-05,0x3f386acc3a8e9194cf6279c219df8dd3c5b71974,1302,0x764f4909251f81976a0a2dcebce95333e4c27517,3068.298593,3068.298593,2861.390791,1,1,1696979789
2023-10-05,0x3f386acc3a8e9194cf6279c219df8dd3c5b71974,1367,0xcce0a627557f2b9af402607e5342ba15ad5f0053,8591.700099,8591.700099,0.0,1,0,1696937701
2023-10-05,0x3f386acc3a8e9194cf6279c219df8dd3c5b71974,1396,0xba3e2dc0119d8b84ef61c0c48a923054bec9665b,4166.518903,4166.518903,4166.518903,1,1,1696575363
2023-10-05,0x3f386acc3a8e9194cf6279c219df8dd3c5b71974,1436,0xfbe12d942b8c152248fd118f598c08124ff3d7de,8108.759914,16217.519828,16044.04753,2,2,1696701779
2023-10-05,0x3f386acc3a8e9194cf6279c219df8dd3c5b71974,1457,0x26b5e14dbf21bfb62bff869f5f4bce8dbddbcfca,1925.772524,1925.772524,0.0,1,0,1696637601
2023-10-05,0x3f386acc3a8e9194cf6279c219df8dd3c5b71974,1520,0xa2d35e418814a8b6367c66a5ac2fec8ea16332b2,7112.926035,7112.926035,7106.765528,1,1,1696739377
2023-10-05,0x3f386acc3a8e9194cf6279c219df8dd3c5b71974,1521,0xdd84ce1adcb3a4908db61a1dfa3353c3974c5a2b,2416.229601,2416.229601,3552.224404,1,1,1696851709
2023-10-05,0x3f386acc3a8e9194cf6279c219df8dd3c5b71974,1540,0xfff6eb6fae78e604c93b35c97f6892e36acb1dbd,6967.2623,6967.2623,6959.858383,1,1,1696638077
2023-10-05,0x3f386acc3a8e9194cf6279c219df8dd3c5b71974,1557,0x41ea85a57725e77169c9f4d2edf17aaef50bb14d,0.0,0.0,6888.157275,0,1,1696565111
2023-10-05,0x3f386acc3a8e9194cf6279c219df8dd3c5b71974,1659,0x3d002f4ca9bfb006d2ce5802be73b8b782ea6fdd,0.0,0.0,6182.794713,0,1,1697054381
2023-10-05,0x3f386acc3a8e9194cf6279c219df8dd3c5b71974,1662,0x5f05ed08e67cbd71e5f4819146c5409f405baee7,0.0,0.0,6161.609588,0,1,1697063325
2023-10-05,0x3f386acc3a8e9194cf6279c219df8dd3c5b71974,1679,0x018439894b681cc2aaddb613a425a1cfa6e59c29,0.0,0.0,6072.207337,0,1,1696514745
2023-10-05,0x3f386acc3a8e9194cf6279c219df8dd3c5b71974,1725,0x4215a881dfa38fa2faced28778c9366ef3e5fbb6,5709.527109,5709.527109,5709.527109,1,1,1697052159
2023-10-05,0x3f386acc3a8e9194cf6279c219df8dd3c5b71974,1855,0xbfad818edb25dc4eebac8cc44a7533be4652ad6c,0.0,0.0,2405.400817,0,1,1696483179
2023-10-05,0x3f386acc3a8e9194cf6279c219df8dd3c5b71974,1868,0x03b0e4a19f357a112be59d658ec4e2834d510f39,4759.934443,4759.934443,0.0,1,0,1696541235
2023-10-05,0x3f386acc3a8e9194cf6279c219df8dd3c5b71974,1911,0xe2e61752ef7ed9ab04b61bcc88b918d5264dc259,4543.639625,4543.639625,0.0,1,0,1697053617
2023-10-05,0x3f386acc3a8e9194cf6279c219df8dd3c5b71974,1920,0x00c67d9d6d3d13b42a87424e145826c467cccd84,0.0,0.0,4513.198549,0,1,1697025429
2023-10-05,0x3f386acc3a8e9194cf6279c219df8dd3c5b71974,2022,0x9a4773eeee73e34e1ee0e9a64e4b7453b0b04246,0.0,0.0,4196.7501,0,1,1696499485
2023-10-05,0x3f386acc3a8e9194cf6279c219df8dd3c5b71974,2035,0x7f85cf44e446a4b1aace2a28774e88cd6d4e3441,0.0,0.0,4165.009059,0,1,1696474261
2023-10-05,0x3f386acc3a8e9194cf6279c219df8dd3c5b71974,2036,0xde107b82e3e47ed281d276644b8115548c085c24,2087.858921,2087.858921,0.0,1,0,1696660433
2023-10-05,0x3f386acc3a8e9194cf6279c219df8dd3c5b71974,2050,0xf71953b029dba0517d6eb7cbda9dd390728ddb98,0.0,0.0,4123.833194,0,1,1696480059
2023-10-05,0x3f386acc3a8e9194cf6279c219df8dd3c5b71974,2061,0x30d691551581f9fded589023a0561071719e43fc,0.0,0.0,4086.826083,0,1,1697041791
2023-10-05,0x3f386acc3a8e9194cf6279c219df8dd3c5b71974,2062,0x35119741d2d3c40fcd456a93860f68c1754a4f56,0.0,0.0,4086.773501,0,1,1696750533
2023-10-05,0x3f386acc3a8e9194cf6279c219df8dd3c5b71974,2100,0x8bbec86ed6a27d8654aa601e364a3f1a359cf428,4012.654097,4012.654097,0.0,1,0,1696539945
2023-10-05,0x3f386acc3a8e9194cf6279c219df8dd3c5b71974,2185,0x36e0edc88cd1902f189ac922a4401cf4f389a110,0.0,0.0,3822.926381,0,1,1697042401
2023-10-05,0x3f386acc3a8e9194cf6279c219df8dd3c5b71974,2243,0xdd7fbd024e7e484d41d14936a44709992c8a1e07,0.0,0.0,913.582497,0,1,1697037901
2023-10-05,0x3f386acc3a8e9194cf6279c219df8dd3c5b71974,2337,0x27211186a6aca2c1371ea8b3deb528659a118081,863.690913,863.690913,0.0,1,0,1697064159
2023-10-05,0x3f386acc3a8e9194cf6279c219df8dd3c5b71974,2400,0x934c44b813dc4c9ca08d5fd0d5190447dcadeb51,3379.140724,3379.140724,0.0,1,0,1696948321
2023-10-05,0x3f386acc3a8e9194cf6279c219df8dd3c5b71974,2433,0xe326fe653ed62b38acea220cde1820a98e23c213,3329.550749,3329.550749,0.0,1,0,1696948095
2023-10-05,0x3f386acc3a8e9194cf6279c219df8dd3c5b71974,2494,0x875a6dc230931ebd99542a89f76837d861d2c2f7,3240.52135,3240.52135,0.0,1,0,1696566643
2023-10-05,0x3f386acc3a8e9194cf6279c219df8dd3c5b71974,2512,0x66911f0d4c73a9189ed29ecafc1514236f51dd45,3437.246234,3437.246234,0.0,1,0,1696676349
2023-10-05,0x3f386acc3a8e9194cf6279c219df8dd3c5b71974,2527,0x980b32a10d21105a925dec09f42f92ddfe0fe6fa,3188.600058,3188.600058,3187.577702,1,1,1696969279
2023-10-05,0x3f386acc3a8e9194cf6279c219df8dd3c5b71974,2555,0x9755e3d858a3310e9915e490104435ed4f0d7547,3149.417026,3149.417026,0.0,1,0,1697045627
2023-10-05,0x3f386acc3a8e9194cf6279c219df8dd3c5b71974,2564,0x57cfcecf5239bc42166b9a949c80057ab93604ef,1569.101025,1569.101025,1569.101025,1,1,1696753007
2023-10-05,0x3f386acc3a8e9194cf6279c219df8dd3c5b71974,2626,0x82a2be1c3fb85d0a83171d01706fdb468178ce51,0.0,0.0,3060.569289,0,1,1697038035
2023-10-05,0x3f386acc3a8e9194cf6279c219df8dd3c5b71974,2650,0x04795cdee2b677b46878896dae76be5cb174dac6,3282.418842,3282.418842,0.0,1,0,1696851269
2023-10-05,0x3f386acc3a8e9194cf6279c219df8dd3c5b71974,2659,0x7a2223c939e9c09026fde10c1c1bacf2d9155889,0.0,0.0,3527.514665,0,1,1696768805
2023-10-05,0x3f386acc3a8e9194cf6279c219df8dd3c5b71974,2699,0xc95f41579e19099503f85db8c949fd45565cfaf0,0.0,0.0,2943.938943,0,1,1696495617
2023-10-05,0x3f386acc3a8e9194cf6279c219df8dd3c5b71974,2700,0x153cd5217d6dabe839ded8ffeff369a72ab392be,2934.651769,2934.651769,2934.651769,1,1,1696595787
2023-10-05,0x3f386acc3a8e9194cf6279c219df8dd3c5b71974,2735,0x6e56e7ff87b9d28bfa3eb58aff1c4ecc0955b25e,2786.477535,2786.477535,2783.516423,1,1,1696563463
2023-10-05,0x3f386acc3a8e9194cf6279c219df8dd3c5b71974,2856,0xf3b059c887172f2cc52b5e77ee3b2c8b3a32e6ef,1899.207118,5697.621355,6954.937417,2,2,1697052387
2023-10-05,0x3f386acc3a8e9194cf6279c219df8dd3c5b71974,2875,0xe1ab85e458ebea43c5302ce84f5a89cb22fe351a,0.0,0.0,756.729383,0,1,1697045535
2023-10-05,0x3f386acc3a8e9194cf6279c219df8dd3c5b71974,3085,0x0c470f23b09847fc99e20b63aa9b0c3db13bacf7,1822.949601,1822.949601,0.0,1,0,1696536011
2023-10-05,0x3f386acc3a8e9194cf6279c219df8dd3c5b71974,3329,0x9213dc91b318f030eeac9085871939c6c7c58089,24715.691044,61791.156261,37075.465217,3,2,1697000047
2023-10-05,0x3f386acc3a8e9194cf6279c219df8dd3c5b71974,3334,0x0e9b063789909565ceda1fba162474405a151e66,1660.220023,1660.220023,0.0,1,0,1696947089
2023-10-05,0x3f386acc3a8e9194cf6279c219df8dd3c5b71974,3374,0x035ceb21c467f15e62e95b6e4ee7e0e6d6ce9b7a,1466.830855,1466.830855,0.0,1,0,1696570293
2023-10-05,0x3f386acc3a8e9194cf6279c219df8dd3c5b71974,3380,0xbe5c3717205ef314f01a280cc552b95aa9da4757,0.0,0.0,1464.27213,0,1,1696678447
2023-10-05,0x3f386acc3a8e9194cf6279c219df8dd3c5b71974,3398,0x53a784ce1f0efdffb13b68b51cf51913ab7def94,1438.342627,1438.342627,0.0,1,0,1696547125
2023-10-05,0x3f386acc3a8e9194cf6279c219df8dd3c5b71974,3518,0x4936f33b7b060c7336fd0e4c61316ea248da6827,1274.075659,1274.075659,1274.075659,1,1,1696994681
2023-10-05,0x3f386acc3a8e9194cf6279c219df8dd3c5b71974,3539,0x69155e7ca2e688ccdc247f6c4ddf374b3ae77bd6,5608.709746,5608.709746,0.0,1,0,1696743647
2023-10-05,0x3f386acc3a8e9194cf6279c219df8dd3c5b71974,3592,0x670327de2a3a370e548f39db2a074cc2999b6824,1165.46957,1165.46957,0.0,1,0,1696715737
2023-10-05,0x3f386acc3a8e9194cf6279c219df8dd3c5b71974,3595,0x50e1310b03eda95b919b7d0b564518d77804434c,1163.902837,1163.902837,1162.894959,1,1,1696969365
2023-10-05,0x3f386acc3a8e9194cf6279c219df8dd3c5b71974,3806,0xe0767d2b47ec6a28e97afbf3a626cdfb226065c1,498.633644,498.633644,0.0,1,0,1697041137
2023-10-05,0x3f386acc3a8e9194cf6279c219df8dd3c5b71974,3810,0xa8ddc541d443d29d61375a3e4e190ac81fb88608,970.891383,970.891383,0.0,1,0,1696595017
2023-10-05,0x3f386acc3a8e9194cf6279c219df8dd3c5b71974,3838,0x39beb60bc4c1b8b0ebeedc515c7a56e7dfb3a5a9,0.0,0.0,961.221533,0,1,1696624513
2023-10-05,0x3f386acc3a8e9194cf6279c219df8dd3c5b71974,3891,0x7733fc651f61a4c5e881ab0455ec2e3da4c59742,0.0,0.0,1408.452962,0,1,1696467831
2023-10-05,0x3f386acc3a8e9194cf6279c219df8dd3c5b71974,4011,0x6322872f335dde0d4b44537f69fbae74bbed39de,0.0,0.0,80.907246,0,1,1697007527
2023-10-05,0x3f386acc3a8e9194cf6279c219df8dd3c5b71974,4320,0x6c0cafe6165d1a37659b6f9728de30969c35cbf2,0.0,0.0,609.671381,0,1,1696919535
2023-10-05,0x3f386acc3a8e9194cf6279c219df8dd3c5b71974,4369,0xcf6d2f6e2839ac50f49a76c1da88f82f62d29b74,144.498602,144.498602,0.0,1,0,1696748689
2023-10-05,0x3f386acc3a8e9194cf6279c219df8dd3c5b71974,4428,0x39f6b2d21a5f93291fba2eb2cc1e435d21bcbc89,546.821432,546.821432,546.821432,1,1,1697019681
2023-10-05,0x3f386acc3a8e9194cf6279c219df8dd3c5b71974,4455,0xef80c44d996ebac95aa62589986fb3fcdfe3f7d9,533.476346,533.476346,0.0,1,0,1696551125
2023-10-05,0x3f386acc3a8e9194cf6279c219df8dd3c5b71974,4574,0x27dd36cef3b5c2169a36a872f667eca1d7904b43,492.488406,492.488406,0.0,1,0,1696534623
2023-10-05,0x3f386acc3a8e9194cf6279c219df8dd3c5b71974,4631,0x81f967ad9533232946d5f9e492862bdd93b5d641,851.225929,851.225929,0.0,1,0,1696534751
2023-10-05,0x3f386acc3a8e9194cf6279c219df8dd3c5b71974,4793,0x11e32bb1cf76cd88b26bd75f7075ac3ac1f4e064,427.064969,427.064969,0.0,1,0,1696561041
2023-10-05,0x3f386acc3a8e9194cf6279c219df8dd3c5b71974,4889,0x18a428ce0c31584a21cf8cefdb8849d8013e1994,123.518583,123.518583,61.759292,1,1,1696746345
2023-10-05,0x3f386acc3a8e9194cf6279c219df8dd3c5b71974,4993,0x95f615c88f791351b414322a0a7f9cc7354ae19f,200.869543,200.869543,0.0,1,0,1696573329
2023-10-05,0x3f386acc3a8e9194cf6279c219df8dd3c5b71974,5027,0x905285888823e842e79a67005500822110f72411,399.173777,399.173777,399.173777,1,1,1696944469
2023-10-05,0x3f386acc3a8e9194cf6279c219df8dd3c5b71974,5051,0x349e7c22cd2a12d42073443c633d2478a419b578,397.586586,397.586586,397.586586,1,1,1696601783
2023-10-05,0x3f386acc3a8e9194cf6279c219df8dd3c5b71974,5062,0xe8d8b73ccc85ded891ad41893ebbb0d684350e04,0.0,0.0,396.315786,0,1,1696622493
2023-10-05,0x3f386acc3a8e9194cf6279c219df8dd3c5b71974,5220,0x1273fcc09e78829d4164aa0986cd54ec0bf61a8c,0.0,0.0,1194.21771,0,1,1696749965
2023-10-05,0x3f386acc3a8e9194cf6279c219df8dd3c5b71974,5228,0x91a332f12e51a5ab2b343c6587189969b533f55d,385.028288,385.028288,0.0,1,0,1696582121
2023-10-05,0x3f386acc3a8e9194cf6279c219df8dd3c5b71974,5302,0x92f5c1eb1058a21782d6fc9c99c0161f306f7f09,381.272539,381.272539,381.272539,1,1,1696789663
2023-10-05,0x3f386acc3a8e9194cf6279c219df8dd3c5b71974,5341,0x3650801cbe79abf94dbdf297fae9e10ccf9616d4,379.140422,379.140422,0.0,1,0,1696568717
2023-10-05,0x3f386acc3a8e9194cf6279c219df8dd3c5b71974,5348,0xf6bc417be86d8fd506c216c33c6fcb4b720c3438,0.0,0.0,378.726984,0,1,1696761197
2023-10-05,0x3f386acc3a8e9194cf6279c219df8dd3c5b71974,5385,0x091f9b4cc27aa8b0df96e265afc055f6a158da3f,377.24079,377.24079,0.0,1,0,1696661333
2023-10-05,0x3f386acc3a8e9194cf6279c219df8dd3c5b71974,5432,0x4a40eb870dcf533d4dc097c3d87aafe9f64490a1,375.303923,375.303923,375.18359,1,1,1696681747
2023-10-05,0x3f386acc3a8e9194cf6279c219df8dd3c5b71974,5656,0xf83abc519e046c5391d219fabf1a3c87dd5924d3,0.0,0.0,367.055716,0,1,1696902469
2023-10-05,0x3f386acc3a8e9194cf6279c219df8dd3c5b71974,5686,0xf9a384f1d4af97f86b489791b7a953afc512cd94,435.151956,809.796505,374.644549,2,1,1696669843
2023-10-05,0x3f386acc3a8e9194cf6279c219df8dd3c5b71974,5827,0x54da11a90d36f292b3a995d1a447dfe6923cf454,0.0,0.0,180.989671,0,1,1696488465
2023-10-05,0x3f386acc3a8e9194cf6279c219df8dd3c5b71974,5920,0x85034869af0ff81e3d1a9f2d1f4d04604b43ef3d,359.227676,359.227676,0.0,1,0,1696662923
2023-10-05,0x3f386acc3a8e9194cf6279c219df8dd3c5b71974,5994,0x88ca0e1c12c6e87f5b7b6475786e1982ac95092b,356.706208,356.706208,0.0,1,0,1696582863
2023-10-05,0x3f386acc3a8e9194cf6279c219df8dd3c5b71974,5999,0x5f58f61a451741b986df1457d0997ffd7b4e8846,356.998203,356.998203,0.0,1,0,1696667231
2023-10-05,0x3f386acc3a8e9194cf6279c219df8dd3c5b71974,6143,0x64df2ed136aa64add306e8499324b243861a07ce,0.0,0.0,353.257483,0,1,1696881475
2023-10-05,0x3f386acc3a8e9194cf6279c219df8dd3c5b71974,6199,0xbe4c2edfe4290935731d80a70c2a6e588794b1c0,419.181938,779.308333,360.126395,2,1,1696669357
2023-10-05,0x3f386acc3a8e9194cf6279c219df8dd3c5b71974,6251,0x7b5a85afce09aae49344f0b64f9476799f33c257,598.154835,1193.688258,595.533423,2,1,1696670347
2023-10-05,0x3f386acc3a8e9194cf6279c219df8dd3c5b71974,6338,0x224e69025a2f705c8f31efb6694398f8fd09ac5c,349.603528,349.603528,349.603528,1,1,1696864623
2023-10-05,0x3f386acc3a8e9194cf6279c219df8dd3c5b71974,6534,0xf1b1b0b6735e5d0059a2c134979e075ef050e9bf,55.00853,55.00853,0.0,1,0,1696622653
2023-10-05,0x3f386acc3a8e9194cf6279c219df8dd3c5b71974,6630,0x7f85cf44e446a4b1aace2a28774e88cd6d4e3441,0.0,0.0,0.977341,0,1,1696474277
2023-10-05,0x3f386acc3a8e9194cf6279c219df8dd3c5b71974,6677,0x75821898ad35392425896085089629611391d2bf,0.0,0.0,49.322076,0,1,1696765735
2023-10-05,0x3f386acc3a8e9194cf6279c219df8dd3c5b71974,6678,0xbfd53e1ffac52f2055fb533ff847dae4906f8fea,0.0,0.0,49.320262,0,1,1696765833
2023-10-05,0x3f386acc3a8e9194cf6279c219df8dd3c5b71974,7014,0x53ad76dacfade8789684aebb5dc3f7e079bf8596,763.997051,763.997051,0.0,1,0,1696922979
2023-10-05,0x3f386acc3a8e9194cf6279c219df8dd3c5b71974,7141,0x36e0edc88cd1902f189ac922a4401cf4f389a110,0.0,0.0,4084.749664,0,1,1697042425
2023-10-05,0x3f386acc3a8e9194cf6279c219df8dd3c5b71974,7187,0x1b08bc49accb4fb813bc9cb7f3a1f7f93510010e,0.0,0.0,1750.680096,0,1,1696634163
2023-10-05,0x3f386acc3a8e9194cf6279c219df8dd3c5b71974,7406,0x2db6f5e838ed2bad993e9ff2d3d7a5c1cc35704c,431725.703513,431725.703513,647380.920004,1,1,1696933509
2023-10-05,0x3f386acc3a8e9194cf6279c219df8dd3c5b71974,7450,0x83f953956671d9f88adf75bbe2ecea58c76ad98e,92023.204376,92023.204376,88949.477899,1,1,1697033029
2023-10-05,0x3f386acc3a8e9194cf6279c219df8dd3c5b71974,7524,0x73d52bf205839bb5b090ad68d8691a2462492bf1,2.067963,2.067963,1.252981,1,1,1696774349
2023-10-05,0x3f386acc3a8e9194cf6279c219df8dd3c5b71974,7716,0x46a83dc1a264bff133db887023d2884167094837,297673.176671,297673.176671,0.0,1,0,1697046697
2023-10-05,0x3f386acc3a8e9194cf6279c219df8dd3c5b71974,7794,0x6e56e7ff87b9d28bfa3eb58aff1c4ecc0955b25e,9315.790142,9315.790142,9447.98225,1,1,1696563441
2023-10-05,0x3f386acc3a8e9194cf6279c219df8dd3c5b71974,7857,0x4886ba5d2b3e0ae1e80172d3bddc4feb32e1ce26,4.485254,4.485254,4.503923,1,1,1696924065
2023-10-05,0x3f386acc3a8e9194cf6279c219df8dd3c5b71974,8119,0x883842e80391fe375624b45728910609fb4d82c5,0.0,0.0,100.200835,0,1,1696495551
2023-10-05,0x3f386acc3a8e9194cf6279c219df8dd3c5b71974,8129,0x72195dda0361f43ce544b750f318d04b35836933,0.0,0.0,4.985568,0,1,1696696327
2023-10-05,0x3f386acc3a8e9194cf6279c219df8dd3c5b71974,8370,0x2db6f5e838ed2bad993e9ff2d3d7a5c1cc35704c,97236.580029,97236.580029,0.0,1,0,1696933517
2023-10-05,0x3f386acc3a8e9194cf6279c219df8dd3c5b71974,8378,0x39d12116298f3b2b55e53e7b99c0bf47041761df,1874.0484,1874.0484,0.0,1,0,1696688635
2023-10-05,0x3f386acc3a8e9194cf6279c219df8dd3c5b71974,8422,0x83f953956671d9f88adf75bbe2ecea58c76ad98e,19115.29368,19115.29368,0.0,1,0,1697033051
2023-10-05,0x3f386acc3a8e9194cf6279c219df8dd3c5b71974,8437,0xa12eec92d8c155c8ea9159cb87da4e062bf9992d,3936.763878,3936.763878,0.0,1,0,1696974879
2023-10-05,0x3f386acc3a8e9194cf6279c219df8dd3c5b71974,8459,0xc73c5ee66b518c5450ce47520fc22f429f15a519,31444.246233,31444.246233,0.0,1,0,1696527887
2023-10-05,0x3f386acc3a8e9194cf6279c219df8dd3c5b71974,8557,0x7935ee9192b633ef01118bf8a7f58a7f30c83c42,0.995603,0.995603,0.0,1,0,1696673047
2023-10-05,0x3f386acc3a8e9194cf6279c219df8dd3c5b71974,8560,0x11f3f6e46e2413bd848e7c2efe39171c187cd146,664.424382,664.424382,0.0,1,0,1696677109
2023-10-05,0x3f386acc3a8e9194cf6279c219df8dd3c5b71974,8564,0x1109decff035b13a5d9874277835a0507c94c9df,167.911806,167.911806,0.0,1,0,1696688867
2023-10-05,0x3f386acc3a8e9194cf6279c219df8dd3c5b71974,8593,0x924dcdca42e7fcd0258c5a4a2333aa9d86e79ea4,2399.580676,2399.580676,0.0,1,0,1696795329
2023-10-05,0x3fc28bfac25fc8e93b5b2fc15efbbd5a8aa44efe,1,0xbde0c70bdc242577c52dfad53389f82fd149ea5a,24613482.848281,24613482.848281,45534674.896152,1,1,1697045005
2023-10-05,0x3fc28bfac25fc8e93b5b2fc15efbbd5a8aa44efe,2,0x51e171d2fde9b37bbbb624a53ef54959422388e4,17581059.177343,17581059.177343,32524767.782966,1,1,1697050283
2023-10-05,0x3fc28bfac25fc8e93b5b2fc15efbbd5a8aa44efe,5,0x5b1892b546002ff3dd508500575bd6bf7a101431,6445169.679568,6445169.679568,11923494.76674,1,1,1697045057
2023-10-05,0x3fc28bfac25fc8e93b5b2fc15efbbd5a8aa44efe,8,0x81eab64e630c4a2e3e849268a6b64cb76d1c8109,1952564.634946,1952564.634946,0.0,1,0,1696524357
2023-10-05,0x3fc28bfac25fc8e93b5b2fc15efbbd5a8aa44efe,9,0x08e18394086cb624b3d47430d115fafa01f4055e,799811.301976,799811.301976,0.0,1,0,1697026685
2023-10-05,0x3fc28bfac25fc8e93b5b2fc15efbbd5a8aa44efe,11,0x84244d2b664c28925e7bbb72ea4dd128c32b03e6,1527688.646419,1527688.646419,1527198.826092,1,1,1697008649
2023-10-05,0x3fc28bfac25fc8e93b5b2fc15efbbd5a8aa44efe,13,0x17ee1f11aa0654bd4ab1af4b6b309c7f137c925e,1261835.643638,1261835.643638,1261835.643638,1,1,1696970789
2023-10-05,0x3fc28bfac25fc8e93b5b2fc15efbbd5a8aa44efe,16,0x370880694995aa8a53f71645f7bec3b0e7bb25d9,192851.090354,192851.090354,768857.764734,1,1,1696851907
2023-10-05,0x3fc28bfac25fc8e93b5b2fc15efbbd5a8aa44efe,24,0x208a17c5fabe5b90282e5906945ff335e39326c4,91200.349507,91200.349507,31008.118832,1,1,1697051865
2023-10-05,0x3fc28bfac25fc8e93b5b2fc15efbbd5a8aa44efe,43,0x2ddb405238368695f34d30a80ab60c449aa5ce48,603266.795577,603266.795577,0.0,1,0,1697062597
2023-10-05,0x3fc28bfac25fc8e93b5b2fc15efbbd5a8aa44efe,48,0x12478d1a60a910c9cbffb90648766a2bdd5918f5,0.0,0.0,1471424.287853,0,1,1697064177
2023-10-05,0x3fc28bfac25fc8e93b5b2fc15efbbd5a8aa44efe,49,0xd062ab63bb4f7af7e59b85defc3c90bfa9b81e6e,3119763.3262,3119763.3262,2650948.585323,1,1,1697023951
2023-10-05,0x3fc28bfac25fc8e93b5b2fc15efbbd5a8aa44efe,50,0xdeded3860fb19525ac4594ae888a9c556a42a0a6,0.0,0.0,2960267.34364,0,1,1697043601
2023-10-05,0x3fc28bfac25fc8e93b5b2fc15efbbd5a8aa44efe,51,0x0f228805c03a693aa964a791e0b2e2c6e6c6513f,711051.936114,711051.936114,0.0,1,0,1697062913
2023-10-05,0x3fc28bfac25fc8e93b5b2fc15efbbd5a8aa44efe,52,0x3fd5dbf9f74d69b71774d729dd84bd8b3db7e815,188419.74875,188419.74875,403627.148641,1,1,1697053755
2023-10-05,0x3fc28bfac25fc8e93b5b2fc15efbbd5a8aa44efe,53,0x1594b251df6b70ca9a01d4de0836ab4fd9811241,2428327.403252,2428327.403252,0.0,1,0,1697048461
2023-10-05,0x3fc28bfac25fc8e93b5b2fc15efbbd5a8aa44efe,56,0x48a5a6a01ba89cddf97d2d552923d5a11401ed19,1977114.903966,1977114.903966,0.0,1,0,1697064681
2023-10-05,0x3fc28bfac25fc8e93b5b2fc15efbbd5a8aa44efe,57,0x72d4d59f31d0cb4a4213a5dc81fc0108241ecc71,1709860.508843,1709860.508843,0.0,1,0,1697054383
2023-10-05,0x3fc28bfac25fc8e93b5b2fc15efbbd5a8aa44efe,58,0x61d4ac515b82d1ec2f021e63b17519683ac1cabd,1605028.101912,1605028.101912,0.0,1,0,1697057657
2023-10-05,0x3fc28bfac25fc8e93b5b2fc15efbbd5a8aa44efe,59,0xa3cbd0c67dee5142209ff0cf155bc2bc51acf180,1909471.871316,1909471.871316,1908859.640454,1,1,1696987663
2023-10-05,0x3fc28bfac25fc8e93b5b2fc15efbbd5a8aa44efe,60,0xc03282d46293499cdd8914a7bb7d78f793e70a5a,1480753.349263,1480753.349263,1480278.577723,1,1,1697048889
2023-10-05,0x3fc28bfac25fc8e93b5b2fc15efbbd5a8aa44efe,62,0xa311ab5780aa036b71aac2b71163fd03ec0df59e,379093.691611,379093.691611,505296.191222,1,1,1697051911
2023-10-05,0x3fc28bfac25fc8e93b5b2fc15efbbd5a8aa44efe,63,0x0172e05392aba65366c4dbbb70d958bbf43304e4,1201113.985518,1201113.985518,1200728.874293,1,1,1697053471
2023-10-05,0x3fc28bfac25fc8e93b5b2fc15efbbd5a8aa44efe,64,0xf1010ee787ee588766b441d7cc397b40ddfb17a3,291566.6181,291566.6181,291386.667815,1,1,1697025823
2023-10-05,0x3fc28bfac25fc8e93b5b2fc15efbbd5a8aa44efe,66,0xb21dfcf420cc7536c7ef5652ee8018741f17f017,1142131.034118,1142131.034118,1141758.164301,1,1,1696982695
2023-10-05,0x3fc28bfac25fc8e93b5b2fc15efbbd5a8aa44efe,67,0x8ce17ff2c7376e9adfe9c63c47a801097fa6c525,162058.688981,162058.688981,216008.971155,1,1,1697052473
2023-10-05,0x3fc28bfac25fc8e93b5b2fc15efbbd5a8aa44efe,69,0xd0e72c1b2eb87e3dc0445b7f689cadcfc872b293,1125643.036598,1125643.036598,0.0,1,0,1696977405
2023-10-05,0x3fc28bfac25fc8e93b5b2fc15efbbd5a8aa44efe,71,0x2c84278aa407886b277bbd96ccf3c0e31a3f8ffd,972191.965344,972191.965344,971591.943909,1,1,1697058525
2023-10-05,0x3fc28bfac25fc8e93b5b2fc15efbbd5a8aa44efe,76,0x0578fe63a40dd249b853487dae3c9eb01957628e,1002913.449251,1002913.449251,0.0,1,0,1697017187
2023-10-05,0x3fc28bfac25fc8e93b5b2fc15efbbd5a8aa44efe,80,0x34f543a73dcb1a4bcbae71e5dd41fcc1b5c17bf7,409822.241146,409822.241146,204911.120573,1,1,1697001683
2023-10-05,0x3fc28bfac25fc8e93b5b2fc15efbbd5a8aa44efe,85,0xc877f7c4c1605692226888f884a823cfb8eb11bd,773764.207385,773764.207385,0.0,1,0,1697031999
2023-10-05,0x3fc28bfac25fc8e93b5b2fc15efbbd5a8aa44efe,93,0x0291eb432cb4a2613a7415018933e3db45bcd769,303472.991229,303472.991229,606751.378354,1,1,1697047461
2023-10-05,0x3fc28bfac25fc8e93b5b2fc15efbbd5a8aa44efe,96,0x26602bf417c4e57ba3d2268d7f93a1e16f29e069,0.0,0.0,61128.080237,0,1,1697062825
2023-10-05,0x3fc28bfac25fc8e93b5b2fc15efbbd5a8aa44efe,103,0x1c2ed7a6c4e3c1146103fa222181115a72243a06,54597.611532,54597.611532,0.0,1,0,1697064139
2023-10-05,0x3fc28bfac25fc8e93b5b2fc15efbbd5a8aa44efe,105,0x208a17c5fabe5b90282e5906945ff335e39326c4,258340.017742,258340.017742,0.0,1,0,1697051893
2023-10-05,0x3fc28bfac25fc8e93b5b2fc15efbbd5a8aa44efe,106,0x615e5022252b31af496574f00d5519c5d93261ab,127325.947908,127325.947908,0.0,1,0,1696990601
2023-10-05,0x3fc28bfac25fc8e93b5b2fc15efbbd5a8aa44efe,109,0xbe7019f8333b0b3cfc707ac353ebc2123140134c,123420.477116,123420.477116,0.0,1,0,1697061795
2023-10-05,0x3fc28bfac25fc8e93b5b2fc15efbbd5a8aa44efe,124,0x5d6f3d0c92d0564151357b0863e55e9ed4631b8d,107896.671759,107896.671759,107862.077025,1,1,1697062569
2023-10-05,0x3fc28bfac25fc8e93b5b2fc15efbbd5a8aa44efe,125,0x9fd31424cfceab50218906bc1b3d87fe7778ca61,430031.276777,430031.276777,0.0,1,0,1697023457
2023-10-05,0x3fc28bfac25fc8e93b5b2fc15efbbd5a8aa44efe,129,0xcb7d87f5502fc91529e0fe92373dddd8ff1f3d7c,0.0,0.0,202063.63874,0,1,1697056631
2023-10-05,0x3fc28bfac25fc8e93b5b2fc15efbbd5a8aa44efe,131,0x9f0f8f07ec71a6435f1574ec022e98b5445d4988,398946.248949,398946.248949,398818.335462,1,1,1697046251
2023-10-05,0x3fc28bfac25fc8e93b5b2fc15efbbd5a8aa44efe,135,0x166c794d890dd91bbe71f304eca660e1c4892cbb,377860.871539,377860.871539,0.0,1,0,1697060235
2023-10-05,0x3fc28bfac25fc8e93b5b2fc15efbbd5a8aa44efe,142,0x6662304e3198c8d54530fbdf02a869fa84537639,353204.982179,353204.982179,0.0,1,0,1697061911
2023-10-05,0x3fc28bfac25fc8e93b5b2fc15efbbd5a8aa44efe,145,0xc5d7be4a4e5957baa078201f41d9fd5f21b91b1b,348422.639148,348422.639148,174155.462482,1,1,1697060295
2023-10-05,0x3fc28bfac25fc8e93b5b2fc15efbbd5a8aa44efe,147,0xe3f0254b09aec48ffa46f9eee5a3bc7a8e510e6d,83183.71059,83183.71059,83157.039533,1,1,1697025889
2023-10-05,0x3fc28bfac25fc8e93b5b2fc15efbbd5a8aa44efe,148,0x6580bcc99af557e277cae063d7308cdbd59bf7b3,81417.248242,81417.248242,325668.992967,1,1,1697044859
2023-10-05,0x3fc28bfac25fc8e93b5b2fc15efbbd5a8aa44efe,149,0xf6708f67b55372f7a46df39413cb568a52e8ea09,321281.871634,321281.871634,321178.85955,1,1,1697051113
2023-10-05,0x3fc28bfac25fc8e93b5b2fc15efbbd5a8aa44efe,150,0xabeaa41fd6a7464b1203b24486526b0461a5cea4,305625.764235,305625.764235,305625.764235,1,1,1697064897
2023-10-05,0x3fc28bfac25fc8e93b5b2fc15efbbd5a8aa44efe,151,0x5275817b74021e97c980e95ede6bbac0d0d6f3a2,0.0,0.0,153914.878048,0,1,1697039977
2023-10-05,0x3fc28bfac25fc8e93b5b2fc15efbbd5a8aa44efe,152,0x3eb5d4e874f5a9228f291486329e3e935cac468c,307795.294275,307795.294275,308312.135775,1,1,1697055195
2023-10-05,0x3fc28bfac25fc8e93b5b2fc15efbbd5a8aa44efe,156,0xb0a4e99371dfb0734f002ae274933b4888f618ef,145850.547545,145850.547545,218705.675581,1,1,1697064193
2023-10-05,0x3fc28bfac25fc8e93b5b2fc15efbbd5a8aa44efe,157,0x29563a4408812680728b4b8c44b19288cc9083ce,293124.109452,293124.109452,293124.109452,1,1,1697058261
2023-10-05,0x3fc28bfac25fc8e93b5b2fc15efbbd5a8aa44efe,162,0xfa9e221a7af006531a816e98792a3e4b22a01461,279558.890914,279558.890914,279386.325026,1,1,1697063253
2023-10-05,0x3fc28bfac25fc8e93b5b2fc15efbbd5a8aa44efe,163,0x7ed7888f3bf70ed07f94fd7381d39476928331f7,270762.35722,270762.35722,0.0,1,0,1697052257
2023-10-05,0x3fc28bfac25fc8e93b5b2fc15efbbd5a8aa44efe,164,0x6788a760215e6cb56d54e34c3464c74976fdc97a,270611.574443,270611.574443,0.0,1,0,1697064377
2023-10-05,0x3fc28bfac25fc8e93b5b2fc15efbbd5a8aa44efe,175,0x8d40f0992ad97612da0791cf97ba59addb26a2b4,232588.965229,232588.965229,232514.390607,1,1,1697064025
2023-10-05,0x3fc28bfac25fc8e93b5b2fc15efbbd5a8aa44efe,177,0xdffd8bbf8dcaf236c4e009ff6013bfc98407b6c0,227914.323279,227914.323279,0.0,1,0,1697057849
2023-10-05,0x3fc28bfac25fc8e93b5b2fc15efbbd5a8aa44efe,182,0xed5847639328edd38e7ce934442ff4ee8e714f7c,221959.55525,221959.55525,221888.388718,1,1,1697029297
2023-10-05,0x3fc28bfac25fc8e93b5b2fc15efbbd5a8aa44efe,186,0x32d6306ec178bcefe7b8d7302689376b42b047ee,834020.08713,834020.08713,725245.274225,1,1,1696977083
2023-10-05,0x3fc28bfac25fc8e93b5b2fc15efbbd5a8aa44efe,187,0xc03282d46293499cdd8914a7bb7d78f793e70a5a,214445.696402,214445.696402,0.0,1,0,1697048905
2023-10-05,0x3fc28bfac25fc8e93b5b2fc15efbbd5a8aa44efe,189,0xb223b0ba47eed82f7384f50df96ba406a080df7a,106240.324695,106240.324695,0.0,1,0,1697030671
2023-10-05,0x3fc28bfac25fc8e93b5b2fc15efbbd5a8aa44efe,193,0xf1578f87c0343051c07156533ea263320212bc9d,207012.580494,207012.580494,0.0,1,0,1697051411
2023-10-05,0x3fc28bfac25fc8e93b5b2fc15efbbd5a8aa44efe,194,0x569a259d029a89bfea35a6d178a08edf6e55d1b1,205431.028994,205431.028994,0.0,1,0,1696979645
2023-10-05,0x3fc28bfac25fc8e93b5b2fc15efbbd5a8aa44efe,200,0x84740d1658462441250885423588b6fd12314747,194578.827877,194578.827877,0.0,1,0,1697029853
2023-10-05,0x3fc28bfac25fc8e93b5b2fc15efbbd5a8aa44efe,202,0x6f09e3fd9caf2a8b3c7e9fccd2423b17b9d8e383,196245.330934,196245.330934,196182.409112,1,1,1697051227
2023-10-05,0x3fc28bfac25fc8e93b5b2fc15efbbd5a8aa44efe,208,0x7ecf3629e27b410d6a277cdca9c99240706eebec,185224.888183,185224.888183,185064.447252,1,1,1697002529
2023-10-05,0x3fc28bfac25fc8e93b5b2fc15efbbd5a8aa44efe,213,0x5aceb63d52d0d7081a72f254401893ffcf81381a,218175.451708,218175.451708,0.0,1,0,1696996277
2023-10-05,0x3fc28bfac25fc8e93b5b2fc15efbbd5a8aa44efe,216,0x4aad47cf429dc976079648f739e094aa21350b56,0.0,0.0,173999.696587,0,1,1697036759
2023-10-05,0x3fc28bfac25fc8e93b5b2fc15efbbd5a8aa44efe,218,0xc8336b9dabbac9bfb9aa483e76fc351b13121784,0.0,0.0,43154.273592,0,1,1697063727
2023-10-05,0x3fc28bfac25fc8e93b5b2fc15efbbd5a8aa44efe,219,0x2c99d50eb4daa1d26b5ba0b1daab58cbfc0ac3e6,170835.41913,170835.41913,170835.41913,1,1,1697060053
2023-10-05,0x3fc28bfac25fc8e93b5b2fc15efbbd5a8aa44efe,222,0x9f02988adb650e55cc5eb5619c383fd223848bb5,167796.786137,167796.786137,167742.985727,1,1,1697037779
2023-10-05,0x3fc28bfac25fc8e93b5b2fc15efbbd5a8aa44efe,223,0xb6a4035370947825d94ca4ac5d30d828ad50265c,0.0,0.0,164952.985035,0,1,1697059327
2023-10-05,0x3fc28bfac25fc8e93b5b2fc15efbbd5a8aa44efe,224,0x4920a95670b6282951813a94d9066a730d315df3,165035.008107,165035.008107,0.0,1,0,1697060479
2023-10-05,0x3fc28bfac25fc8e93b5b2fc15efbbd5a8aa44efe,225,0xdcb7943f8454a5742b2b881b6ecfc8c7d198f631,164837.313946,164837.313946,0.0,1,0,1697064199
2023-10-05,0x3fc28bfac25fc8e93b5b2fc15efbbd5a8aa44efe,232,0x576f1e53afe5e99b2257258c7e3248d3a1822548,81104.515834,81104.515834,80684.463927,1,1,1697059321
2023-10-05,0x3fc28bfac25fc8e93b5b2fc15efbbd5a8aa44efe,234,0x1cabc3e62e0527cbe09917f5ca8e6d9999502d82,151907.477249,151907.477249,0.0,1,0,1697051939
2023-10-05,0x3fc28bfac25fc8e93b5b2fc15efbbd5a8aa44efe,235,0xfee6be6b5cc8cb4ee8189850a69973e774e7614e,299063.90621,598127.81242,477741.64159,2,2,1697064495
2023-10-05,0x3fc28bfac25fc8e93b5b2fc15efbbd5a8aa44efe,236,0x303f2d38ab911296deca9dc19968a854d9cbcadc,150160.495536,150160.495536,150112.34982,1,1,1697023911
2023-10-05,0x3fc28bfac25fc8e93b5b2fc15efbbd5a8aa44efe,238,0xb6f28ae8f31d85dc27361852b986286113bc588d,48837.72986,48837.72986,39899.583388,1,1,1697062351
2023-10-05,0x3fc28bfac25fc8e93b5b2fc15efbbd5a8aa44efe,239,0xb149f353383ab92e74c4cba3feb848b04bfb3617,149373.389968,149373.389968,149325.496621,1,1,1697057423
2023-10-05,0x3fc28bfac25fc8e93b5b2fc15efbbd5a8aa44efe,240,0x04d4e38e09a2f3dae520f3d0071e10b51b78b77a,148028.965023,148028.965023,148028.965023,1,1,1697029913
2023-10-05,0x3fc28bfac25fc8e93b5b2fc15efbbd5a8aa44efe,241,0xd639eee81b30d8b34d5d8cbce83f193e2ba298e4,37920.5699,37920.5699,0.0,1,0,1697064485
2023-10-05,0x3fc28bfac25fc8e93b5b2fc15efbbd5a8aa44efe,250,0x97658d0a6a6180a99697a375f736bad40cc307b0,140131.185084,140131.185084,70043.127525,1,1,1697044173
2023-10-05,0x3fc28bfac25fc8e93b5b2fc15efbbd5a8aa44efe,252,0x310a3cea42f93d55584c4361565aa0994912ff0d,139794.387475,139794.387475,0.0,1,0,1697050835
2023-10-05,0x3fc28bfac25fc8e93b5b2fc15efbbd5a8aa44efe,254,0xa311ab5780aa036b71aac2b71163fd03ec0df59e,34441.977728,34441.977728,34430.934653,1,1,1697051595
2023-10-05,0x3fc28bfac25fc8e93b5b2fc15efbbd5a8aa44efe,256,0xd6a2248e5d3696565c162c4554aa61fa6be75db3,0.0,0.0,34106.180596,0,1,1697037119
2023-10-05,0x3fc28bfac25fc8e93b5b2fc15efbbd5a8aa44efe,258,0x7ecf3629e27b410d6a277cdca9c99240706eebec,163342.569921,163342.569921,163241.741951,1,1,1697002517
2023-10-05,0x3fc28bfac25fc8e93b5b2fc15efbbd5a8aa44efe,262,0x32af25467b00aae516505b3331cfec52092ea5ba,132327.100045,132327.100045,0.0,1,0,1697064495
2023-10-05,0x3fc28bfac25fc8e93b5b2fc15efbbd5a8aa44efe,266,0x17ec133d0774c0e8f463e864f8a31e19c7bfd03f,170110.082279,170110.082279,0.0,1,0,1697064411
2023-10-05,0x3fc28bfac25fc8e93b5b2fc15efbbd5a8aa44efe,267,0x31cab55151d39ad739d8aab3982c524f1fcc9db5,0.0,0.0,126864.63519,0,1,1697061251
2023-10-05,0x3fc28bfac25fc8e93b5b2fc15efbbd5a8aa44efe,269,0xb88d3ade7e4231c97038f6d82475a233772ffc25,126680.016214,126680.016214,126680.016214,1,1,1697037285
2023-10-05,0x3fc28bfac25fc8e93b5b2fc15efbbd5a8aa44efe,273,0xb385222c461dd7df0526ed22568b81984f6e5f02,0.0,0.0,122557.66333,0,1,1696957343
2023-10-05,0x3fc28bfac25fc8e93b5b2fc15efbbd5a8aa44efe,276,0x05da533bca66b6df7a5fa7f9afbb62c36703c2e6,89923.369453,89923.369453,89894.53747,1,1,1697064209
2023-10-05,0x3fc28bfac25fc8e93b5b2fc15efbbd5a8aa44efe,282,0xd96d96a973d920015e130701714f10804156aea7,0.0,0.0,118505.835132,0,1,1697064987
2023-10-05,0x3fc28bfac25fc8e93b5b2fc15efbbd5a8aa44efe,284,0x5a34f25040ba6e12daea0512d4d2a0043ecc9292,117671.777816,117671.777816,117671.777816,1,1,1697052247
2023-10-05,0x3fc28bfac25fc8e93b5b2fc15efbbd5a8aa44efe,286,0xb33cd827dd59c090e71899bfca31f81f4b189ddb,58371.921878,58371.921878,116642.729406,1,1,1697051855
2023-10-05,0x3fc28bfac25fc8e93b5b2fc15efbbd5a8aa44efe,292,0xc204d01bd43e7d084dcd60cf1a4bf8a75401fdd1,113403.524939,113403.524939,113367.164552,1,1,1697028827
2023-10-05,0x3fc28bfac25fc8e93b5b2fc15efbbd5a8aa44efe,295,0xa311ab5780aa036b71aac2b71163fd03ec0df59e,0.0,0.0,27660.687357,0,1,1697051671
2023-10-05,0x3fc28bfac25fc8e93b5b2fc15efbbd5a8aa44efe,304,0xbbb33d2e7bd7ddc722e53da9ca8ee97df41cfabf,0.0,0.0,21158.978174,0,1,1696925469
2023-10-05,0x3fc28bfac25fc8e93b5b2fc15efbbd5a8aa44efe,305,0x8de71aae74bee0847a1ee5f620f645910f8e5973,104332.16662,104332.16662,104332.16662,1,1,1697030409
2023-10-05,0x3fc28bfac25fc8e93b5b2fc15efbbd5a8aa44efe,309,0x5b1c8cd6e98d8bca397fd09b0dcc9933d712ad13,0.0,0.0,102900.580716,0,1,1697061179
2023-10-05,0x3fc28bfac25fc8e93b5b2fc15efbbd5a8aa44efe,313,0x2f9677016cb1e92e8f8a999c4541650c80c8637a,100152.588927,100152.588927,0.0,1,0,1697052233
2023-10-05,0x3fc28bfac25fc8e93b5b2fc15efbbd5a8aa44efe,322,0xc877f7c4c1605692226888f884a823cfb8eb11bd,98528.115169,98528.115169,0.0,1,0,1697031989
2023-10-05,0x3fc28bfac25fc8e93b5b2fc15efbbd5a8aa44efe,324,0xfb86a60a4d204de91421871c6d69cb40d21ae736,0.0,0.0,99619.75995,0,1,1697031039
2023-10-05,0x3fc28bfac25fc8e93b5b2fc15efbbd5a8aa44efe,335,0x582c34536d7f4a2a5d96118d5d80ba3000c6b5af,89530.168768,89530.168768,0.0,1,0,1697025149
2023-10-05,0x3fc28bfac25fc8e93b5b2fc15efbbd5a8aa44efe,340,0xd9277f43bdfbbd18f5ba0adeb38f3ace2929e773,119297.864943,119297.864943,44613.625984,1,1,1697049409
2023-10-05,0x3fc28bfac25fc8e93b5b2fc15efbbd5a8aa44efe,342,0xe0c4bfa2072750ae2e18ed25b0cf8a58350dc24e,0.0,0.0,86825.456413,0,1,1697045539
2023-10-05,0x3fc28bfac25fc8e93b5b2fc15efbbd5a8aa44efe,348,0xffd1d00554ea254f267d3f73658d6ee69fbdee52,84304.21112,84304.21112,0.0,1,0,1697062029
2023-10-05,0x3fc28bfac25fc8e93b5b2fc15efbbd5a8aa44efe,352,0xcdedcee9c46284667997eb4d29f8427b696da3df,0.0,0.0,82303.224923,0,1,1697049941
2023-10-05,0x3fc28bfac25fc8e93b5b2fc15efbbd5a8aa44efe,355,0x6de6e901bbefd26a9888798a25e4a49309d04ca9,0.0,0.0,80464.634511,0,1,1697053903
2023-10-05,0x3fc28bfac25fc8e93b5b2fc15efbbd5a8aa44efe,362,0x5929cc4d10b6a1acc5bf5d221889f10251c628a1,0.0,0.0,17632.40333,0,1,1697045621
2023-10-05,0x3fc28bfac25fc8e93b5b2fc15efbbd5a8aa44efe,363,0xbe12e889a5af67b12369c5610187a18c0a43dce0,0.0,0.0,77633.034833,0,1,1696905951
2023-10-05,0x3fc28bfac25fc8e93b5b2fc15efbbd5a8aa44efe,364,0xe7b27bd74f522afa05732ba82b2f46a38d4be098,0.0,0.0,19341.561709,0,1,1697039277
2023-10-05,0x3fc28bfac25fc8e93b5b2fc15efbbd5a8aa44efe,376,0xff53e3a27b7252148e0f1daf4a00261eee59177f,14465.56534,14465.56534,0.0,1,0,1697060811
2023-10-05,0x3fc28bfac25fc8e93b5b2fc15efbbd5a8aa44efe,379,0xc32053db3de17c5e6845d35dbd4ebb860fe265d9,77552.517454,77552.517454,0.0,1,0,1696997897
2023-10-05,0x3fc28bfac25fc8e93b5b2fc15efbbd5a8aa44efe,384,0xf865067a5b9672f11af8514440d9111afd05d040,68676.579078,68676.579078,68676.579078,1,1,1697042981
2023-10-05,0x3fc28bfac25fc8e93b5b2fc15efbbd5a8aa44efe,391,0x6fe797a05359c9d91b1f85d418e2ed4ea6c65a8f,33422.292824,33422.292824,0.0,1,0,1697062047
2023-10-05,0x3fc28bfac25fc8e93b5b2fc15efbbd5a8aa44efe,393,0x193db18a5ef9a0320b7374c1fe8af976235f3211,66520.293369,66520.293369,0.0,1,0,1697062969
2023-10-05,0x3fc28bfac25fc8e93b5b2fc15efbbd5a8aa44efe,398,0x48c7e0db3dad3fe4eb0513b86fe5c38ebb4e0f91,0.0,0.0,6553.093952,0,1,1697027447
2023-10-05,0x3fc28bfac25fc8e93b5b2fc15efbbd5a8aa44efe,403,0xc3193e39f77c2ed59045cfffcdcacdda72f29987,64655.257112,64655.257112,64634.526802,1,1,1697027063
2023-10-05,0x3fc28bfac25fc8e93b5b2fc15efbbd5a8aa44efe,407,0xba971f58a00e8ffc7e91c0e8e7efccbfbfe8f09e,0.0,0.0,32438.253484,0,1,1697051415
2023-10-05,0x3fc28bfac25fc8e93b5b2fc15efbbd5a8aa44efe,408,0x79bd77fccfce56270c48c6bddb8ba7dac01bf875,62745.78505,62745.78505,62745.78505,1,1,1697059867
2023-10-05,0x3fc28bfac25fc8e93b5b2fc15efbbd5a8aa44efe,412,0xb1101c790731f62bd06cc5e91551fa523a20330d,62317.26103,62317.26103,62297.280348,1,1,1697004213
2023-10-05,0x3fc28bfac25fc8e93b5b2fc15efbbd5a8aa44efe,413,0xa78d7c58d8654618874e48942c5b1a62d1477cac,68183.950527,68183.950527,0.0,1,0,1697056455
2023-10-05,0x3fc28bfac25fc8e93b5b2fc15efbbd5a8aa44efe,421,0xee9a23404333361302790e905bd0f27603d39818,61393.90458,61393.90458,61374.219952,1,1,1697046103
2023-10-05,0x3fc28bfac25fc8e93b5b2fc15efbbd5a8aa44efe,424,0x7f29667850c1b15d868d69d55612c29d0305158d,58806.121864,58806.121864,29403.060932,1,1,1697054203
2023-10-05,0x3fc28bfac25fc8e93b5b2fc15efbbd5a8aa44efe,425,0xf942457b49e10d4bbde841d93903cd707add1637,59753.325044,59753.325044,59753.325044,1,1,1697002023
2023-10-05,0x3fc28bfac25fc8e93b5b2fc15efbbd5a8aa44efe,426,0x0e39b12dc1f8a69202838f540684fb5ac307c9c1,58625.193971,58625.193971,58625.193971,1,1,1697061677
2023-10-05,0x3fc28bfac25fc8e93b5b2fc15efbbd5a8aa44efe,429,0x7798ba9512b5a684c12e31518923ea4221a41fb9,0.0,0.0,58936.789188,0,1,1697055129
2023-10-05,0x3fc28bfac25fc8e93b5b2fc15efbbd5a8aa44efe,430,0xb4173fee41920a8e7d3451863f9779468ebab98e,43640.887712,43640.887712,0.0,1,0,1697016999
2023-10-05,0x3fc28bfac25fc8e93b5b2fc15efbbd5a8aa44efe,433,0x4a9a3815060c3bd08fb4d44c9e74513874771b0c,63619.977914,63619.977914,0.0,1,0,1697062797
2023-10-05,0x3fc28bfac25fc8e93b5b2fc15efbbd5a8aa44efe,437,0xbae3b46e29e7cfd2bba8164765d592ce9802ec70,0.0,0.0,41734.822463,0,1,1697063281
2023-10-05,0x3fc28bfac25fc8e93b5b2fc15efbbd5a8aa44efe,438,0xe87c09608c6306cb72977ddf65bcbc8200cc9a96,16673.815782,16673.815782,16673.815782,1,1,1697063665
2023-10-05,0x3fc28bfac25fc8e93b5b2fc15efbbd5a8aa44efe,442,0x2ad7f82d4266d47e875ae2b06322f2e008cbf5c6,61794.553997,61794.553997,58345.52829,1,1,1697026559
2023-10-05,0x3fc28bfac25fc8e93b5b2fc15efbbd5a8aa44efe,444,0x610d49f8a264db3b41a793173ba5b8aca70444c2,53385.100034,53385.100034,53385.100034,1,1,1697049335
2023-10-05,0x3fc28bfac25fc8e93b5b2fc15efbbd5a8aa44efe,455,0xed96bc0fd61b87f3b7f6478e55db024e75972fac,51087.502129,51087.502129,0.0,1,0,1697001191
2023-10-05,0x3fc28bfac25fc8e93b5b2fc15efbbd5a8aa44efe,458,0x7a921b0365b4571bee00ba5a1dbb422b11f13f9e,0.0,0.0,50747.681119,0,1,1697062301
2023-10-05,0x3fc28bfac25fc8e93b5b2fc15efbbd5a8aa44efe,463,0x048c5753e83027bf30ef103adee49cf9612cab84,0.0,0.0,49528.418279,0,1,1697045095
2023-10-05,0x3fc28bfac25fc8e93b5b2fc15efbbd5a8aa44efe,473,0x97020c9ec66e0f59231918b1d2f167a66026aff2,12459.325786,12459.325786,0.0,1,0,1697050159
2023-10-05,0x3fc28bfac25fc8e93b5b2fc15efbbd5a8aa44efe,475,0xda1d9534bef3344fa5be3b644b767b349e7415c7,26193.464431,26193.464431,11902.302756,1,1,1697065119
2023-10-05,0x3fc28bfac25fc8e93b5b2fc15efbbd5a8aa44efe,477,0x4c55adf88fe327befba5dd15000b039b818f365f,47197.658706,47197.658706,47182.525798,1,1,1696993865
2023-10-05,0x3fc28bfac25fc8e93b5b2fc15efbbd5a8aa44efe,480,0xaf79312eb821871208ac76a80c8e282f8796964e,47214.989902,47214.989902,46758.238149,1,1,1697064291
2023-10-05,0x3fc28bfac25fc8e93b5b2fc15efbbd5a8aa44efe,482,0xceff98a045a3732f3e26247a29ba5e7d52fe84b2,50621.563968,50621.563968,50590.321143,1,1,1697004151
2023-10-05,0x3fc28bfac25fc8e93b5b2fc15efbbd5a8aa44efe,493,0x15bbcf76110505d3be5a9eb10c63f57f66d20c40,0.0,0.0,22761.790257,0,1,1697056667
2023-10-05,0x3fc28bfac25fc8e93b5b2fc15efbbd5a8aa44efe,495,0xfa347793d0f0ea3a436cd311ebe0c95b1f089974,44206.917199,44206.917199,0.0,1,0,1696983435
2023-10-05,0x3fc28bfac25fc8e93b5b2fc15efbbd5a8aa44efe,497,0xc5be928c3d096969842a3524a3bfcff051d7d68e,0.0,0.0,44134.703348,0,1,1697055901
2023-10-05,0x3fc28bfac25fc8e93b5b2fc15efbbd5a8aa44efe,504,0xcfba6d63ec822425775d3c509e60ff689c1ae1e7,8942.980182,8942.980182,8924.513145,1,1,1696990017
2023-10-05,0x3fc28bfac25fc8e93b5b2fc15efbbd5a8aa44efe,509,0x34223719d75cbc336b77ccd8af6b9342bd6af1cb,0.0,0.0,12854.435251,0,1,1697044323
2023-10-05,0x3fc28bfac25fc8e93b5b2fc15efbbd5a8aa44efe,511,0x0349dc3629e09bb939e69b6b781e5c8b8b9ab432,0.0,0.0,42750.98889,0,1,1697038373
2023-10-05,0x3fc28bfac25fc8e93b5b2fc15efbbd5a8aa44efe,512,0x3b1b211b3fce0d1ee9f5e1afeecadeb98378d0b0,42645.167505,42645.167505,42645.167505,1,1,1697020111
2023-10-05,0x3fc28bfac25fc8e93b5b2fc15efbbd5a8aa44efe,516,0xe5cc37b25e4a223797d9bf07884b858b5dbe5152,43295.129824,43295.129824,0.0,1,0,1697063581
2023-10-05,0x3fc28bfac25fc8e93b5b2fc15efbbd5a8aa44efe,519,0xa23bde7b73b4acc73918e2362e6a646761955c7c,0.0,0.0,13143.261412,0,1,1697062925
2023-10-05,0x3fc28bfac25fc8e93b5b2fc15efbbd5a8aa44efe,520,0xfba381fb57d1f1efdc12661e5be59425e545e649,0.0,0.0,41926.773855,0,1,1697060189
2023-10-05,0x3fc28bfac25fc8e93b5b2fc15efbbd5a8aa44efe,523,0xde93a283495fa2834047b53871a8e4e09f96d841,11046.494107,11046.494107,0.0,1,0,1697054111
2023-10-05,0x3fc28bfac25fc8e93b5b2fc15efbbd5a8aa44efe,525,0x1f92b5affd12981ef0fa7ba22a802379fd36929e,0.0,0.0,42242.617272,0,1,1696971191
2023-10-05,0x3fc28bfac25fc8e93b5b2fc15efbbd5a8aa44efe,530,0xb8923121c123edf84d349a9e923b15ced48d219c,54875.050948,54875.050948,54841.182939,1,1,1697049561
2023-10-05,0x3fc28bfac25fc8e93b5b2fc15efbbd5a8aa44efe,542,0x2c2c0c044ca3d2d1e31ab37c8a94b525b2cb3bb6,43303.466322,43303.466322,43289.582002,1,1,1697020969
2023-10-05,0x3fc28bfac25fc8e93b5b2fc15efbbd5a8aa44efe,546,0x8cfee9540fda895e2323781391b49620e7909d77,39778.958334,39778.958334,39766.204071,1,1,1697051167
2023-10-05,0x3fc28bfac25fc8e93b5b2fc15efbbd5a8aa44efe,550,0xadfc26b6520a35c37af3ac5af174249737ec612c,39413.568282,39413.568282,0.0,1,0,1697009479
2023-10-05,0x3fc28bfac25fc8e93b5b2fc15efbbd5a8aa44efe,558,0x985dbffd8daaf59cc68883d17cfab313b2343184,38838.030268,38838.030268,38786.684088,1,1,1697050359
2023-10-05,0x3fc28bfac25fc8e93b5b2fc15efbbd5a8aa44efe,567,0x327b9dee1830f8201efa751fd96f7b1ad0b300a1,37979.881551,37979.881551,0.0,1,0,1697007751
2023-10-05,0x3fc28bfac25fc8e93b5b2fc15efbbd5a8aa44efe,582,0xa1909f656e11086902c23ce4bc2ee1b4950adaee,36823.190877,36823.190877,0.0,1,0,1697010237
2023-10-05,0x3fc28bfac25fc8e93b5b2fc15efbbd5a8aa44efe,584,0x38e481367e0c50f4166ad2a1c9fde0e3c662cfba,36735.559024,36735.559024,36735.559024,1,1,1697017675
2023-10-05,0x3fc28bfac25fc8e93b5b2fc15efbbd5a8aa44efe,590,0x69bbbfde43c49fc50f5647223da5ef4756d78659,36542.606871,36542.606871,36542.606871,1,1,1697063825
2023-10-05,0x3fc28bfac25fc8e93b5b2fc15efbbd5a8aa44efe,592,0x133d20c739f76236eebace7bf5bfa751bff15a9f,0.0,0.0,37153.862461,0,1,1697049777
2023-10-05,0x3fc28bfac25fc8e93b5b2fc15efbbd5a8aa44efe,595,0xf89cb9b9b412feff16ca94c02db6faddccd51ce4,18132.059275,18132.059275,0.0,1,0,1697045515
2023-10-05,0x3fc28bfac25fc8e93b5b2fc15efbbd5a8aa44efe,598,0x574378e51d3973ce57ce0f9a48c29fc06f4f003f,0.0,0.0,36058.367881,0,1,1697050015
2023-10-05,0x3fc28bfac25fc8e93b5b2fc15efbbd5a8aa44efe,599,0x21f59001e8543fbd84fcacade38b1a06274f0ca3,0.0,49083.440177,94565.292904,1,2,1697047857
2023-10-05,0x3fc28bfac25fc8e93b5b2fc15efbbd5a8aa44efe,602,0x0a4fc1b3308e763a6a322f38138748a781d5b576,0.0,0.0,35600.736915,0,1,1697056667
2023-10-05,0x3fc28bfac25fc8e93b5b2fc15efbbd5a8aa44efe,604,0xf99c8873b972b4192e789f55ab954188d0d9a133,0.0,0.0,35438.418947,0,1,1697039833
2023-10-05,0x3fc28bfac25fc8e93b5b2fc15efbbd5a8aa44efe,611,0xbe4896c3acb7fc415e2e69108333ed431eb38993,35101.920458,35101.920458,0.0,1,0,1697051771
2023-10-05,0x3fc28bfac25fc8e93b5b2fc15efbbd5a8aa44efe,612,0xb7db1273e05bb89c9c4858d3b0a280cf9dd38d69,35008.596917,35008.596917,0.0,1,0,1697059771
2023-10-05,0x3fc28bfac25fc8e93b5b2fc15efbbd5a8aa44efe,614,0x13e7652b9ec7a97a4a98906fc20338ac70940f98,34949.953171,34949.953171,0.0,1,0,1697057167
2023-10-05,0x3fc28bfac25fc8e93b5b2fc15efbbd5a8aa44efe,618,0x622f88102bf8d68e65faf109f66e0781b46bbed3,37059.64399,37059.64399,37036.771366,1,1,1696992669
2023-10-05,0x3fc28bfac25fc8e93b5b2fc15efbbd5a8aa44efe,620,0xc8f7b747eefc216964e567c14ec823d17d25c932,34607.685069,34607.685069,0.0,1,0,1697033061
2023-10-05,0x3fc28bfac25fc8e93b5b2fc15efbbd5a8aa44efe,623,0x78082d8db5a648e92950c3ebd9867edc7cccd19f,34448.366885,34448.366885,0.0,1,0,1697061211
2023-10-05,0x3fc28bfac25fc8e93b5b2fc15efbbd5a8aa44efe,628,0x8fa5ebb986fa6db89291a383142bb756ab88428e,25334.627764,25334.627764,0.0,1,0,1697060817
2023-10-05,0x3fc28bfac25fc8e93b5b2fc15efbbd5a8aa44efe,636,0x599321b91d0e4e541f7d172ab1cacccc0d5a8e82,6633.685289,6633.685289,9950.527933,1,1,1697035359
2023-10-05,0x3fc28bfac25fc8e93b5b2fc15efbbd5a8aa44efe,639,0xe564d9afc3e8d7ddc99912dbc5db58925b414024,16451.455358,16451.455358,0.0,1,0,1697028235
2023-10-05,0x3fc28bfac25fc8e93b5b2fc15efbbd5a8aa44efe,643,0x683a42e5b414ae5cf79ece7e369ca5937fdcdc11,32768.192639,32768.192639,32768.192639,1,1,1697063963
2023-10-05,0x3fc28bfac25fc8e93b5b2fc15efbbd5a8aa44efe,646,0xb5c2c9c95ecbb3dc4214fe9c8bd236f2faa8f2f7,0.0,0.0,32137.707199,0,1,1697038849
2023-10-05,0x3fc28bfac25fc8e93b5b2fc15efbbd5a8aa44efe,650,0x4ffc5f22770ab6046c8d66dabae3a9cd1e7a03e7,17505.966252,17505.966252,0.0,1,0,1697048227
2023-10-05,0x3fc28bfac25fc8e93b5b2fc15efbbd5a8aa44efe,659,0x54426307974b659b48e70b1faa44f17aa0e3c4cf,31085.217727,31085.217727,31075.250924,1,1,1696993215
2023-10-05,0x3fc28bfac25fc8e93b5b2fc15efbbd5a8aa44efe,664,0x577be3ed9a71e1c355f519bbdf5f09ba2018b1cc,15446.953044,15446.953044,0.0,1,0,1696984269
2023-10-05,0x3fc28bfac25fc8e93b5b2fc15efbbd5a8aa44efe,680,0x0aacdfe9780606dfb84bad4d987db7176addc7b3,29102.618225,29102.618225,0.0,1,0,1697010557
2023-10-05,0x3fc28bfac25fc8e93b5b2fc15efbbd5a8aa44efe,683,0x9ee4045c35514119a289ef08b27d448f11599cb8,29055.24634,29055.24634,29055.24634,1,1,1697058813
2023-10-05,0x3fc28bfac25fc8e93b5b2fc15efbbd5a8aa44efe,684,0x2a23d0650db1c536e71aeb63ecd3daa0b52e66e1,35175.063014,35175.063014,35163.78489,1,1,1696984071
2023-10-05,0x3fc28bfac25fc8e93b5b2fc15efbbd5a8aa44efe,686,0x485efc3c9ce74e870d4b3765049856435f3d08c6,28561.807438,28561.807438,0.0,1,0,1697062697
2023-10-05,0x3fc28bfac25fc8e93b5b2fc15efbbd5a8aa44efe,689,0x6e45310b69908a7490ebdbb66601462c8da6e46a,29277.601932,58555.203864,57746.405289,2,2,1696983243
2023-10-05,0x3fc28bfac25fc8e93b5b2fc15efbbd5a8aa44efe,692,0x6da02f6523fe3854a932b31cdce8b977b6724a1e,28297.60511,28297.60511,28297.60511,1,1,1697042723
2023-10-05,0x3fc28bfac25fc8e93b5b2fc15efbbd5a8aa44efe,709,0x39d94ed8102740e8fad63e55473a466aa20e0983,27164.811054,27164.811054,27156.101245,1,1,1697027593
2023-10-05,0x3fc28bfac25fc8e93b5b2fc15efbbd5a8aa44efe,710,0xcaee6c7aae8805913e24a8ce5d5d22be2d4ff7ad,26973.480285,26973.480285,0.0,1,0,1697064431
2023-10-05,0x3fc28bfac25fc8e93b5b2fc15efbbd5a8aa44efe,717,0x24b1bf98402c33a78c96178b833f89dbde7e76a7,9182.521203,9182.521203,9173.491726,1,1,1697059009
2023-10-05,0x3fc28bfac25fc8e93b5b2fc15efbbd5a8aa44efe,727,0x97eb9c07ab8b0b5972612551d55d5e4627753b9d,25861.177959,25861.177959,25845.214392,1,1,1697046129
2023-10-05,0x3fc28bfac25fc8e93b5b2fc15efbbd5a8aa44efe,729,0x7372ff47026ec4c49ef99b4891b42e2d7bec4d1a,25661.619696,25661.619696,0.0,1,0,1696990011
2023-10-05,0x3fc28bfac25fc8e93b5b2fc15efbbd5a8aa44efe,738,0x3aa8ac0e6c1fb9cbb733565de16cdc5a676bcb04,25115.354994,25115.354994,25115.354994,1,1,1697023181
2023-10-05,0x3fc28bfac25fc8e93b5b2fc15efbbd5a8aa44efe,750,0x24a3bde2bd95fe4c36894049e34501d340d9fd56,26745.993569,26745.993569,26236.578679,1,1,1697040649
2023-10-05,0x3fc28bfac25fc8e93b5b2fc15efbbd5a8aa44efe,752,0xb919cab8962c5e6d8cc0483661819a44a8ff98e6,26274.025554,26274.025554,0.0,1,0,1697055711
2023-10-05,0x3fc28bfac25fc8e93b5b2fc15efbbd5a8aa44efe,753,0xee57d8989170370a6f88b2f99395b81204117bf2,6175.853252,6175.853252,6173.873099,1,1,1697054253
2023-10-05,0x3fc28bfac25fc8e93b5b2fc15efbbd5a8aa44efe,755,0x5a4e672e859efceea0f74cf177822c4539f26741,24385.698938,24385.698938,24385.698938,1,1,1697028249
2023-10-05,0x3fc28bfac25fc8e93b5b2fc15efbbd5a8aa44efe,758,0x8ccfcfa7e6133e0875192974d0d857fb7a28375e,12648.504785,12648.504785,0.0,1,0,1697054275
2023-10-05,0x3fc28bfac25fc8e93b5b2fc15efbbd5a8aa44efe,761,0xe4495842d915738d659609727a51e39d15b66778,24144.007042,24144.007042,24136.265788,1,1,1696522961
2023-10-05,0x3fc28bfac25fc8e93b5b2fc15efbbd5a8aa44efe,764,0xa311ab5780aa036b71aac2b71163fd03ec0df59e,5984.065928,5984.065928,0.0,1,0,1697051517
2023-10-05,0x3fc28bfac25fc8e93b5b2fc15efbbd5a8aa44efe,765,0x7cb158d3afe100d7bb4933cb5b4c5b16f5ef937b,23922.987125,23922.987125,23922.987125,1,1,1697051815
2023-10-05,0x3fc28bfac25fc8e93b5b2fc15efbbd5a8aa44efe,771,0x79c80fb4431b23940c0ed3f5ce45ba71d0f03577,23509.632861,23509.632861,23502.095006,1,1,1697024483
2023-10-05,0x3fc28bfac25fc8e93b5b2fc15efbbd5a8aa44efe,776,0xc923dd451dfb1fc6a4608982c6c077414da06a4d,6086.983309,6086.983309,0.0,1,0,1696994033
2023-10-05,0x3fc28bfac25fc8e93b5b2fc15efbbd5a8aa44efe,780,0xc4b4691d8c9194e9f98e2609e6f8481ba713dd2a,22901.423414,22901.423414,0.0,1,0,1697055647
2023-10-05,0x3fc28bfac25fc8e93b5b2fc15efbbd5a8aa44efe,785,0xa5bd4fa2db60afdf5cf57c6c2ea40beef982caae,22508.467536,22508.467536,22508.467536,1,1,1696992243
2023-10-05,0x3fc28bfac25fc8e93b5b2fc15efbbd5a8aa44efe,786,0xf57d6e5cbc6c68a920a1bbc865eb99e2e6c19783,22429.042917,22429.042917,22429.042917,1,1,1697053801
2023-10-05,0x3fc28bfac25fc8e93b5b2fc15efbbd5a8aa44efe,789,0x0e156bf3a5326322f7fee3d336fcf63d00641c6e,22357.165125,22357.165125,22349.996783,1,1,1697059843
2023-10-05,0x3fc28bfac25fc8e93b5b2fc15efbbd5a8aa44efe,790,0x6de6e901bbefd26a9888798a25e4a49309d04ca9,0.0,0.0,22280.131786,0,1,1697053865
2023-10-05,0x3fc28bfac25fc8e93b5b2fc15efbbd5a8aa44efe,796,0xde4eb5c828432d1d674a6143029604bc811011e7,21956.182362,21956.182362,0.0,1,0,1697059675
2023-10-05,0x3fc28bfac25fc8e93b5b2fc15efbbd5a8aa44efe,798,0x6a018ad51de844243ce7fb743c3e5f4481df6858,10977.453842,10977.453842,7245.119536,1,1,1697025285
2023-10-05,0x3fc28bfac25fc8e93b5b2fc15efbbd5a8aa44efe,802,0xfb99a486d8529223b2f1f6b5de3333ee679959cd,21924.783447,43830.668512,43710.942063,2,2,1696979577
2023-10-05,0x3fc28bfac25fc8e93b5b2fc15efbbd5a8aa44efe,809,0x6de6e901bbefd26a9888798a25e4a49309d04ca9,0.0,0.0,21537.283124,0,1,1697053801
2023-10-05,0x3fc28bfac25fc8e93b5b2fc15efbbd5a8aa44efe,813,0x1bc3e2c44e0b2dabb1b06a1890273571825d3e03,26163.667332,26163.667332,0.0,1,0,1697063977
2023-10-05,0x3fc28bfac25fc8e93b5b2fc15efbbd5a8aa44efe,814,0x6de6e901bbefd26a9888798a25e4a49309d04ca9,0.0,0.0,21252.496729,0,1,1697053851
2023-10-05,0x3fc28bfac25fc8e93b5b2fc15efbbd5a8aa44efe,815,0x6de6e901bbefd26a9888798a25e4a49309d04ca9,0.0,0.0,21226.473224,0,1,1697053889
2023-10-05,0x3fc28bfac25fc8e93b5b2fc15efbbd5a8aa44efe,817,0x6de6e901bbefd26a9888798a25e4a49309d04ca9,0.0,0.0,21193.191504,0,1,1697053877
2023-10-05,0x3fc28bfac25fc8e93b5b2fc15efbbd5a8aa44efe,819,0x82738b0ebc1d667765cb9cdeb4a2a96da6e6a77a,0.0,0.0,22092.606138,0,1,1697063875
2023-10-05,0x3fc28bfac25fc8e93b5b2fc15efbbd5a8aa44efe,820,0x45f692a6959ee71c5962dd89b8ca909fd48ee6a4,21003.747429,21003.747429,0.0,1,0,1697015063
2023-10-05,0x3fc28bfac25fc8e93b5b2fc15efbbd5a8aa44efe,824,0x0e80b8ea35ed0d15689a6372940619a5a99588bb,10379.623104,10379.623104,20752.590204,1,1,1697021795
2023-10-05,0x3fc28bfac25fc8e93b5b2fc15efbbd5a8aa44efe,825,0x3542b2d6172bf3f39ab7f4cbc37ad0bb40dfe403,20709.994593,20709.994593,20709.994593,1,1,1696985737
2023-10-05,0x3fc28bfac25fc8e93b5b2fc15efbbd5a8aa44efe,827,0xe2952771c80d9b9c77a32e47d985bb3ff4e5a93d,13557.946275,13557.946275,13557.946275,1,1,1697064763
2023-10-05,0x3fc28bfac25fc8e93b5b2fc15efbbd5a8aa44efe,846,0xf492f0aa5c607be83dda570d39f73c767fe36367,22335.89063,22335.89063,21920.550204,1,1,1696982759
2023-10-05,0x3fc28bfac25fc8e93b5b2fc15efbbd5a8aa44efe,855,0x3692854ae1ce9a91aa0db6888105b466c767e112,19504.586619,19504.586619,0.0,1,0,1697020043
2023-10-05,0x3fc28bfac25fc8e93b5b2fc15efbbd5a8aa44efe,857,0x41bb08c5f310dd5eb32289a621efa54d8ac89f0b,0.0,0.0,19289.956118,0,1,1697053461
2023-10-05,0x3fc28bfac25fc8e93b5b2fc15efbbd5a8aa44efe,859,0x0db56c99b8ad68f35f4b1772a4ffed3fb16204f6,19250.558961,19250.558961,0.0,1,0,1696987299
2023-10-05,0x3fc28bfac25fc8e93b5b2fc15efbbd5a8aa44efe,873,0x0e42d7887e4dfd681fe295bec85729c0420e0ae0,18552.62018,18552.62018,0.0,1,0,1696995083
2023-10-05,0x3fc28bfac25fc8e93b5b2fc15efbbd5a8aa44efe,884,0xb9206bc75bcb449baf94266393c9b3cca89869c2,0.0,0.0,18357.563923,0,1,1697037157
2023-10-05,0x3fc28bfac25fc8e93b5b2fc15efbbd5a8aa44efe,887,0x50fa50fa2032d85eb2dda303929bf56886aa9afb,18342.293675,18342.293675,18336.412615,1,1,1696999537
2023-10-05,0x3fc28bfac25fc8e93b5b2fc15efbbd5a8aa44efe,902,0x186b12ceaf08fde22e32647fcc800e45876f5bd0,17500.781329,17500.781329,0.0,1,0,1697011701
2023-10-05,0x3fc28bfac25fc8e93b5b2fc15efbbd5a8aa44efe,906,0x9c4d592042f959254485d443bbc337d29572264f,12415.357705,12415.357705,0.0,1,0,1697051677
2023-10-05,0x3fc28bfac25fc8e93b5b2fc15efbbd5a8aa44efe,908,0xb0430a7e47ce0309c7ba242e5bf548ad0ba989bb,17447.572226,17447.572226,17441.97804,1,1,1697057527
2023-10-05,0x3fc28bfac25fc8e93b5b2fc15efbbd5a8aa44efe,911,0x8950d9117c136b29a9b1ae8cd38db72226404243,17392.453324,17392.453324,17386.87681,1,1,1697008267
2023-10-05,0x3fc28bfac25fc8e93b5b2fc15efbbd5a8aa44efe,913,0xe1dbf93df16ecf805fb053d53b7a6e3214c4a09d,0.0,0.0,8625.099323,0,1,1697060023
2023-10-05,0x3fc28bfac25fc8e93b5b2fc15efbbd5a8aa44efe,916,0x163e7ae731ac8a3f33b40b156fa5f9f98e2c918c,17197.834887,17197.834887,17192.320773,1,1,1696992347
2023-10-05,0x3fc28bfac25fc8e93b5b2fc15efbbd5a8aa44efe,919,0x9ae07f4f2a9498ea935f6871725cf596820e7e7f,0.0,0.0,17119.584692,0,1,1697059895
2023-10-05,0x3fc28bfac25fc8e93b5b2fc15efbbd5a8aa44efe,920,0x6c2693f5a936f37ed03cfa8465bf2d8beff19a0f,17599.99852,17599.99852,0.0,1,0,1697055581
2023-10-05,0x3fc28bfac25fc8e93b5b2fc15efbbd5a8aa44efe,921,0xa2f07232275cdf8463a5115723c9d73085a2fc17,11218.90216,11218.90216,8588.066403,1,1,1697064483
2023-10-05,0x3fc28bfac25fc8e93b5b2fc15efbbd5a8aa44efe,923,0x6d5f4d8acbf815f8cb8124e251fe58078aca6ab9,64111.365911,64111.365911,64397.572675,1,1,1697048131
2023-10-05,0x3fc28bfac25fc8e93b5b2fc15efbbd5a8aa44efe,926,0x256e2248abb150e5cf0860235e153d0b21b02b25,16967.830376,16967.830376,0.0,1,0,1697029743
2023-10-05,0x3fc28bfac25fc8e93b5b2fc15efbbd5a8aa44efe,937,0x4e8f911b2da10563da1357ed0eda1670902c6390,16568.171258,16568.171258,0.0,1,0,1697055941
2023-10-05,0x3fc28bfac25fc8e93b5b2fc15efbbd5a8aa44efe,938,0xa7f343a7c53f3a852a7ae51f5e62b4d9b0594336,22215.474575,22215.474575,0.0,1,0,1697055793
2023-10-05,0x3fc28bfac25fc8e93b5b2fc15efbbd5a8aa44efe,942,0x69e24369bfeda80348bd5104df01c4d8b33ecff9,18947.59032,18947.59032,0.0,1,0,1696985387
2023-10-05,0x3fc28bfac25fc8e93b5b2fc15efbbd5a8aa44efe,957,0x77d4d1d555533652815c2f12171ae7f45b6332b2,0.0,0.0,16136.321918,0,1,1696920999
2023-10-05,0x3fc28bfac25fc8e93b5b2fc15efbbd5a8aa44efe,963,0x48c84fb52dd6fd66cf4c150224b1d41b5f0729c4,15950.092364,15950.092364,0.0,1,0,1697060485
2023-10-05,0x3fc28bfac25fc8e93b5b2fc15efbbd5a8aa44efe,964,0xf06b0077dfedd43f91c752f568af4b4b78a1e51b,0.0,0.0,7962.52466,0,1,1697059961
2023-10-05,0x3fc28bfac25fc8e93b5b2fc15efbbd5a8aa44efe,971,0xe3cfbf8fb378f5c4cf780077ee5c2ffe7aaea6dc,1576.938492,1576.938492,1576.938492,1,1,1697064039
2023-10-05,0x3fc28bfac25fc8e93b5b2fc15efbbd5a8aa44efe,981,0xf00016501370c7a1a75bf7fef93e5b05a0badb86,15401.123297,15401.123297,0.0,1,0,1697056579
2023-10-05,0x3fc28bfac25fc8e93b5b2fc15efbbd5a8aa44efe,984,0x68e0384d0a5daaf5dc4247ab0d49cf6dce4aa748,0.0,0.0,15636.423267,0,1,1697060915
2023-10-05,0x3fc28bfac25fc8e93b5b2fc15efbbd5a8aa44efe,993,0x890bf4a988c8c846fdeb8a35aed0f53fb139904c,0.0,0.0,16210.239067,0,1,1696879489
2023-10-05,0x3fc28bfac25fc8e93b5b2fc15efbbd5a8aa44efe,995,0x25a6029c33fee6e0632017ee3424626ca47aeecb,16110.135741,16110.135741,0.0,1,0,1696993629
2023-10-05,0x3fc28bfac25fc8e93b5b2fc15efbbd5a8aa44efe,1001,0xbcbeac56eef250e8a4859be46c6cbfd93aae5d2f,16973.01045,16973.01045,16973.01045,1,1,1697028493
2023-10-05,0x3fc28bfac25fc8e93b5b2fc15efbbd5a8aa44efe,1002,0xaaa5367b0f777e88f3291b572eb27e798526f5c5,0.0,0.0,16764.557903,0,1,1697063063
2023-10-05,0x3fc28bfac25fc8e93b5b2fc15efbbd5a8aa44efe,1027,0x5f4f120d8435ea38f0f4635a910fee03801be88d,0.0,0.0,5975.21088,0,1,1696953963
2023-10-05,0x3fc28bfac25fc8e93b5b2fc15efbbd5a8aa44efe,1028,0xb6ce18faeb71ac9dca1984a3b2f66860ea90e0ad,14342.781472,14342.781472,0.0,1,0,1697054487
2023-10-05,0x3fc28bfac25fc8e93b5b2fc15efbbd5a8aa44efe,1037,0x4870929afd7b982d31868628df0050628c76a04f,0.0,0.0,15031.608693,0,1,1697034239
2023-10-05,0x3fc28bfac25fc8e93b5b2fc15efbbd5a8aa44efe,1042,0xd92b3de78dbd6c29e3937eac884decf8e42a1d1e,0.0,0.0,6893.226295,0,1,1697008745
2023-10-05,0x3fc28bfac25fc8e93b5b2fc15efbbd5a8aa44efe,1046,0x08f518870ec33bc96cc251692b79a745c1af78b5,13741.365582,13741.365582,0.0,1,0,1697055737
2023-10-05,0x3fc28bfac25fc8e93b5b2fc15efbbd5a8aa44efe,1056,0xeb4576fe753dab07635c0bb6c8f0a355e1db5d31,14209.035225,14209.035225,0.0,1,0,1697061101
2023-10-05,0x3fc28bfac25fc8e93b5b2fc15efbbd5a8aa44efe,1059,0x9ee4045c35514119a289ef08b27d448f11599cb8,13505.02241,13505.02241,13505.02241,1,1,1697058815
2023-10-05,0x3fc28bfac25fc8e93b5b2fc15efbbd5a8aa44efe,1062,0x4ffaa20f217d5117b57fd6ff0e70e069029f5553,18384.075919,31775.171327,26782.190815,2,2,1697058745
2023-10-05,0x3fc28bfac25fc8e93b5b2fc15efbbd5a8aa44efe,1069,0x30d41a62b6e36e72b4fed35236c3168f4369b2f5,0.0,0.0,13448.67948,0,1,1697055893
2023-10-05,0x3fc28bfac25fc8e93b5b2fc15efbbd5a8aa44efe,1078,0x2ccde611a35aa395c8aeb2babb4e25c835ca1760,13151.796119,13151.796119,0.0,1,0,1697024039
2023-10-05,0x3fc28bfac25fc8e93b5b2fc15efbbd5a8aa44efe,1082,0xd0c786157a01042a183dfa9cf20f561a0d7fff79,13096.09123,13096.09123,13096.09123,1,1,1696482983
2023-10-05,0x3fc28bfac25fc8e93b5b2fc15efbbd5a8aa44efe,1086,0x14da174fab1356466af2dd0ecdf94204e828a732,13002.730979,13002.730979,13002.730979,1,1,1697063371
2023-10-05,0x3fc28bfac25fc8e93b5b2fc15efbbd5a8aa44efe,1092,0x3823a62339c5e9a75990efd1f91cdeff73bda609,0.0,0.0,12899.536007,0,1,1697052195
2023-10-05,0x3fc28bfac25fc8e93b5b2fc15efbbd5a8aa44efe,1096,0x0feeb7936a806bf2006eb3d73d3552eaf4300fec,12822.873103,12822.873103,0.0,1,0,1697061703
2023-10-05,0x3fc28bfac25fc8e93b5b2fc15efbbd5a8aa44efe,1103,0xf20fdc9a62de0b4724580eebb867e34fe0c6e5cf,0.0,0.0,12730.248037,0,1,1697038519
2023-10-05,0x3fc28bfac25fc8e93b5b2fc15efbbd5a8aa44efe,1105,0x2ea2ce595bd68a0cd1fd34b06df98970952fe4d2,0.0,0.0,14065.337077,0,1,1697043869
2023-10-05,0x3fc28bfac25fc8e93b5b2fc15efbbd5a8aa44efe,1110,0xfcf80133cd4e8d79ddf8125a32980398a0b074d0,12638.513009,12638.513009,12638.513009,1,1,1697056221
2023-10-05,0x3fc28bfac25fc8e93b5b2fc15efbbd5a8aa44efe,1123,0x672c3b982325be86e221fe5d0eb5391ffa9cc8fc,12346.675184,12346.675184,0.0,1,0,1696994367
2023-10-05,0x3fc28bfac25fc8e93b5b2fc15efbbd5a8aa44efe,1129,0x56e08babb8bf928bd8571d2a2a78235ae57ae5bd,6271.412415,12542.824829,12507.985213,2,2,1697059015
2023-10-05,0x3fc28bfac25fc8e93b5b2fc15efbbd5a8aa44efe,1134,0x1e38f19ec613cfcb06d23fd71d01c9dc1feba45e,12206.396162,12206.396162,12191.611207,1,1,1697033205
2023-10-05,0x3fc28bfac25fc8e93b5b2fc15efbbd5a8aa44efe,1149,0x93b82c49c2af67797977ae344c07884164e6a592,647.504821,647.504821,0.0,1,0,1697061817
2023-10-05,0x3fc28bfac25fc8e93b5b2fc15efbbd5a8aa44efe,1152,0x7e639a0879ef119fd6a392ce78a029e88699f07c,0.0,0.0,11864.842062,0,1,1697052665
2023-10-05,0x3fc28bfac25fc8e93b5b2fc15efbbd5a8aa44efe,1153,0xe3053cde2124eaa6103ddde8e5c6bd36c66f716e,11867.7432,11867.7432,0.0,1,0,1697057703
2023-10-05,0x3fc28bfac25fc8e93b5b2fc15efbbd5a8aa44efe,1155,0x8caaf4cb80ba7cbbbb324066bd03eae3fc98f813,11842.584614,11842.584614,0.0,1,0,1697030615
2023-10-05,0x3fc28bfac25fc8e93b5b2fc15efbbd5a8aa44efe,1167,0xd0c786157a01042a183dfa9cf20f561a0d7fff79,11636.17594,11636.17594,11636.17594,1,1,1696482975
2023-10-05,0x3fc28bfac25fc8e93b5b2fc15efbbd5a8aa44efe,1169,0xf9e1d1e9f22c96752356adfd377231528c7e851e,0.0,0.0,11614.131458,0,1,1697039401
2023-10-05,0x3fc28bfac25fc8e93b5b2fc15efbbd5a8aa44efe,1173,0xe3ff24a97bfb65cadef30f6ad19a6ea7e6f6149d,0.0,0.0,11288.743332,0,1,1697039201
2023-10-05,0x3fc28bfac25fc8e93b5b2fc15efbbd5a8aa44efe,1176,0x8844126ca5defee105ae50e5089933768ccf9999,11474.110655,11474.110655,11474.110655,1,1,1697053171
2023-10-05,0x3fc28bfac25fc8e93b5b2fc15efbbd5a8aa44efe,1185,0xc954892d9caf463e967884e379a6ee4c78d61be7,8421.392842,8421.392842,0.0,1,0,1697012537
2023-10-05,0x3fc28bfac25fc8e93b5b2fc15efbbd5a8aa44efe,1192,0xd0c786157a01042a183dfa9cf20f561a0d7fff79,11144.277646,11144.277646,11144.277646,1,1,1696482989
2023-10-05,0x3fc28bfac25fc8e93b5b2fc15efbbd5a8aa44efe,1199,0x54d6e8f883d1858b4080d10ae2a1c6f0afb5feb3,0.0,0.0,11046.676469,0,1,1697057517
2023-10-05,0x3fc28bfac25fc8e93b5b2fc15efbbd5a8aa44efe,1202,0x8ee7a7aad2aa6ef5393ee6f3a58992c906e6e734,0.0,0.0,10899.388882,0,1,1697038563
2023-10-05,0x3fc28bfac25fc8e93b5b2fc15efbbd5a8aa44efe,1205,0x5b4a08e006917f68c35d450379d91c430d479296,0.0,0.0,5412.056005,0,1,1697051295
2023-10-05,0x3fc28bfac25fc8e93b5b2fc15efbbd5a8aa44efe,1211,0x1d5faae928712c3db5543dc887c996e06e54cc0b,10716.963477,10716.963477,10716.963477,1,1,1697050759
2023-10-05,0x3fc28bfac25fc8e93b5b2fc15efbbd5a8aa44efe,1214,0xf5ccd855b7d196c3f3d54ae65e90531f1849bbe2,10696.967624,10696.967624,0.0,1,0,1697054105
2023-10-05,0x3fc28bfac25fc8e93b5b2fc15efbbd5a8aa44efe,1215,0x848887741b3e38233cd858c5dd7b48ca9197fc08,0.0,0.0,10691.748245,0,1,1697050407
2023-10-05,0x3fc28bfac25fc8e93b5b2fc15efbbd5a8aa44efe,1218,0x86e21992a439fe4f1149969f3fbf1d80897b8766,10616.741201,10616.741201,10605.459083,1,1,1697065097
2023-10-05,0x3fc28bfac25fc8e93b5b2fc15efbbd5a8aa44efe,1221,0x564b3a3cf630d7b3b35ae78e47feb074bce2b06e,0.0,0.0,2630.040967,0,1,1697047321
2023-10-05,0x3fc28bfac25fc8e93b5b2fc15efbbd5a8aa44efe,1225,0xfc13ab4b466f17f3e1e5443147de34d96ccf1629,0.0,0.0,10544.307333,0,1,1697051701
2023-10-05,0x3fc28bfac25fc8e93b5b2fc15efbbd5a8aa44efe,1229,0x59cd5156888ae3451941a9c006303e0e79ec13e7,10439.606174,10439.606174,0.0,1,0,1697063031
2023-10-05,0x3fc28bfac25fc8e93b5b2fc15efbbd5a8aa44efe,1231,0x6bc84127fb9ba80212f992df1cdb9a29fe0b3d5e,10412.24924,10412.24924,0.0,1,0,1697052331
2023-10-05,0x3fc28bfac25fc8e93b5b2fc15efbbd5a8aa44efe,1238,0xf615d3d3f8dd67a69071b5fbe703259b7cb10e55,0.0,0.0,10334.919513,0,1,1696946555
2023-10-05,0x3fc28bfac25fc8e93b5b2fc15efbbd5a8aa44efe,1244,0xbc113ac29567ee89363e4d07462823f60b8b5528,0.0,0.0,10247.038427,0,1,1696909745
2023-10-05,0x3fc28bfac25fc8e93b5b2fc15efbbd5a8aa44efe,1245,0x6b879c078ea4cc27bbdb486fcaa4fa27e6cbe97a,0.0,0.0,133638.721681,0,1,1697057571
2023-10-05,0x3fc28bfac25fc8e93b5b2fc15efbbd5a8aa44efe,1257,0x14678eaae5571cab919a68519574a0edf2024ffd,9961.42466,9961.42466,9961.42466,1,1,1697063027
2023-10-05,0x3fc28bfac25fc8e93b5b2fc15efbbd5a8aa44efe,1260,0x6c6e3619e5f51a5915d666d67602771e7920e946,9959.416448,9959.416448,9956.223177,1,1,1697044809
2023-10-05,0x3fc28bfac25fc8e93b5b2fc15efbbd5a8aa44efe,1262,0xd131f1bcdd547e067af447dd3c36c99d6be9fdeb,9897.05095,9897.05095,0.0,1,0,1697055981
2023-10-05,0x3fc28bfac25fc8e93b5b2fc15efbbd5a8aa44efe,1265,0x90c0bf8d71369d21f8addf0da33d21dcb0b1c384,9876.973217,9876.973217,0.0,1,0,1696999997
2023-10-05,0x3fc28bfac25fc8e93b5b2fc15efbbd5a8aa44efe,1272,0xcb3b366ced5ab2170d2ac72a5a97c4747e9186d8,0.0,0.0,4913.642869,0,1,1697034513
2023-10-05,0x3fc28bfac25fc8e93b5b2fc15efbbd5a8aa44efe,1275,0xe0dd8c40acc74005c71ce5d02cd5116a2eedb1b0,9800.692832,9800.692832,0.0,1,0,1696992935
2023-10-05,0x3fc28bfac25fc8e93b5b2fc15efbbd5a8aa44efe,1276,0xef0c7668af2e04bc8cb8dfa321e5f9159f4bafe4,9784.487588,9784.487588,9784.487588,1,1,1697031317
2023-10-05,0x3fc28bfac25fc8e93b5b2fc15efbbd5a8aa44efe,1283,0xd61015823b60a7c6e156c887a72467a8170259d2,9684.888301,9684.888301,9684.888301,1,1,1697053685
2023-10-05,0x3fc28bfac25fc8e93b5b2fc15efbbd5a8aa44efe,1296,0x581278ad4c00f4f2af057105817a8e78b424a65c,9450.767551,9450.767551,9447.737367,1,1,1697051689
2023-10-05,0x3fc28bfac25fc8e93b5b2fc15efbbd5a8aa44efe,1305,0x05b5240daa1894a299a41d1f63f1caacf94bdeb3,0.0,0.0,9320.778721,0,1,1697043303
2023-10-05,0x3fc28bfac25fc8e93b5b2fc15efbbd5a8aa44efe,1307,0x49f5b5827f834a8a5aa8abbf7d4b63cafa25245b,9319.666556,9319.666556,9316.678406,1,1,1697047293
2023-10-05,0x3fc28bfac25fc8e93b5b2fc15efbbd5a8aa44efe,1319,0x02d5aaf51e74be71ad72a5d8623f544112bfb18e,9067.213942,9067.213942,0.0,1,0,1697058177
2023-10-05,0x3fc28bfac25fc8e93b5b2fc15efbbd5a8aa44efe,1332,0x3ca439c192dd92c859c1c3097cca4088eb13f865,8880.997806,8880.997806,8880.997806,1,1,1697005397
2023-10-05,0x3fc28bfac25fc8e93b5b2fc15efbbd5a8aa44efe,1343,0xe8b8385f31723c538595d133ac0293228b2a98ac,9582.925205,9582.925205,9328.808527,1,1,1696983451
2023-10-05,0x3fc28bfac25fc8e93b5b2fc15efbbd5a8aa44efe,1346,0x103a1f94bc38313af8724777da71201e40adef5a,8766.314216,8766.314216,8766.314216,1,1,1697060613
2023-10-05,0x3fc28bfac25fc8e93b5b2fc15efbbd5a8aa44efe,1360,0xacc2c59c954048fe4fc8d9f1c5dcc8b93afe53bf,8630.880234,8630.880234,8630.880234,1,1,1697049799
2023-10-05,0x3fc28bfac25fc8e93b5b2fc15efbbd5a8aa44efe,1361,0xf8bd27a32363cae5867b13dc05334f237286c5af,8628.049376,8628.049376,8625.282979,1,1,1696992359
2023-10-05,0x3fc28bfac25fc8e93b5b2fc15efbbd5a8aa44efe,1373,0x911c92d410afe1f06cd0bc551d62835634dbe014,10205.890034,10205.890034,10205.890034,1,1,1697045749
2023-10-05,0x3fc28bfac25fc8e93b5b2fc15efbbd5a8aa44efe,1377,0xa4a2ffe1538f429e8d5a21adab35085f680b1a4a,8468.25205,8468.25205,8468.25205,1,1,1697057787
2023-10-05,0x3fc28bfac25fc8e93b5b2fc15efbbd5a8aa44efe,1378,0x80cfcd0157030d8808e03d283e742c8008614654,8458.335428,8458.335428,8458.335428,1,1,1697053283
2023-10-05,0x3fc28bfac25fc8e93b5b2fc15efbbd5a8aa44efe,1379,0xc6537969b03cbc712a2d9ec4d89917c4a310591f,8448.421915,8448.421915,0.0,1,0,1697026177
2023-10-05,0x3fc28bfac25fc8e93b5b2fc15efbbd5a8aa44efe,1382,0x5a00e8683f37e8b08c744054a0ef606a18b1aef7,8450.757839,8450.757839,8450.757839,1,1,1697052317
2023-10-05,0x3fc28bfac25fc8e93b5b2fc15efbbd5a8aa44efe,1385,0x8f2c46ce880c288bbf0926123814496a9842a591,4243.793308,4243.793308,0.0,1,0,1697029745
2023-10-05,0x3fc28bfac25fc8e93b5b2fc15efbbd5a8aa44efe,1392,0x6a0d078799f60c9a4a8c325e07800db05cc4e0ef,8379.943393,8379.943393,8379.943393,1,1,1697008379
2023-10-05,0x3fc28bfac25fc8e93b5b2fc15efbbd5a8aa44efe,1399,0x676bb42dec9853000b1c0f694ef6c9d1caef74b2,10055.83242,10055.83242,10055.83242,1,1,1697045817
2023-10-05,0x3fc28bfac25fc8e93b5b2fc15efbbd5a8aa44efe,1404,0x035effa901e21cb460357b08fafcc2b6d69e323f,8226.486427,8226.486427,8223.848782,1,1,1696493335
2023-10-05,0x3fc28bfac25fc8e93b5b2fc15efbbd5a8aa44efe,1407,0x6ec39176ebc5cb9a0e9a0bddfe3afcc0c8b2defb,4079.83486,4079.83486,4078.526749,1,1,1697036859
2023-10-05,0x3fc28bfac25fc8e93b5b2fc15efbbd5a8aa44efe,1413,0x53e213da8c28d85dc6663c3b5e35bb0ffbb05752,0.0,0.0,8074.872502,0,1,1697039621
2023-10-05,0x3fc28bfac25fc8e93b5b2fc15efbbd5a8aa44efe,1421,0xd5ae574275450148e40e3c5c3d688df7d02c4228,4006.968421,4006.968421,4006.968421,1,1,1697029317
2023-10-05,0x3fc28bfac25fc8e93b5b2fc15efbbd5a8aa44efe,1425,0x248b007f76e7616791b8fe278c93096ddcf67f25,0.0,0.0,1597.455339,0,1,1697058767
2023-10-05,0x3fc28bfac25fc8e93b5b2fc15efbbd5a8aa44efe,1429,0x2e9f126f25837e646695b5dff0105b02b815fd3d,8887.283575,8887.283575,0.0,1,0,1697064999
2023-10-05,0x3fc28bfac25fc8e93b5b2fc15efbbd5a8aa44efe,1440,0x57a7604baae02bfb83f102eeb96f2c263d2f2ae1,0.0,0.0,7811.421159,0,1,1696775999
2023-10-05,0x3fc28bfac25fc8e93b5b2fc15efbbd5a8aa44efe,1453,0x2c691744f52c7347413747e602bae72f6cdb6df3,7723.560986,7723.560986,0.0,1,0,1697049547
2023-10-05,0x3fc28bfac25fc8e93b5b2fc15efbbd5a8aa44efe,1455,0x7f44628bd0f7921820107392edad71abddcb17f9,0.0,8040.469262,15976.896239,1,2,1696952657
2023-10-05,0x3fc28bfac25fc8e93b5b2fc15efbbd5a8aa44efe,1462,0xadfbf9eccee2c330d7a045fb5533b978ff5ff2b2,0.0,0.0,7875.403782,0,1,1697033825
2023-10-05,0x3fc28bfac25fc8e93b5b2fc15efbbd5a8aa44efe,1464,0x27adfbdb9a913ffdf886b4f76eca80ab8f189bef,7819.613389,7819.613389,7819.613389,1,1,1696971405
2023-10-05,0x3fc28bfac25fc8e93b5b2fc15efbbd5a8aa44efe,1469,0x8fc4faa9dd274dc801ca629234e83183031634ec,1524.098875,1524.098875,1522.779086,1,1,1697019249
2023-10-05,0x3fc28bfac25fc8e93b5b2fc15efbbd5a8aa44efe,1470,0xae78d5362f6687de8fbb9b5de6dd129883d61ea8,7608.112924,7608.112924,7608.112924,1,1,1696972071
2023-10-05,0x3fc28bfac25fc8e93b5b2fc15efbbd5a8aa44efe,1471,0xcbb54eda2048b57d1b0afb19a73948e9d58b6973,0.0,0.0,7604.995392,0,1,1696970185
2023-10-05,0x3fc28bfac25fc8e93b5b2fc15efbbd5a8aa44efe,1472,0xf1f57b31a953f8e481c5c8f52fe38600268dba14,2278.544395,2278.544395,2276.570898,1,1,1697061047
2023-10-05,0x3fc28bfac25fc8e93b5b2fc15efbbd5a8aa44efe,1473,0xb0720a40d6335df0ac90ff9e4b755217632ca78c,3802.452159,3802.452159,0.0,1,0,1697015769
2023-10-05,0x3fc28bfac25fc8e93b5b2fc15efbbd5a8aa44efe,1476,0xadc73eb8e4673e5fd5a9c709c4379c074991f2d3,7548.248485,7548.248485,7548.248485,1,1,1697061569
2023-10-05,0x3fc28bfac25fc8e93b5b2fc15efbbd5a8aa44efe,1492,0x864de5bbaf4b8c808e94a8385b95b0855d170137,7394.575801,7394.575801,0.0,1,0,1697054151
2023-10-05,0x3fc28bfac25fc8e93b5b2fc15efbbd5a8aa44efe,1494,0x040528e6ebdcbc6e37e3c78350de0a59aedce622,7389.979203,7389.979203,7380.209212,1,1,1697008675
2023-10-05,0x3fc28bfac25fc8e93b5b2fc15efbbd5a8aa44efe,1497,0x310f3030e7cc99d9093c5fcd7e8a7fe4cc92b9d9,0.0,0.0,7333.380774,0,1,1697040619
2023-10-05,0x3fc28bfac25fc8e93b5b2fc15efbbd5a8aa44efe,1522,0x0f50eb3bb26cafb1303bc552137300e6d6b722c8,7092.987848,7092.987848,7083.610498,1,1,1697064967
2023-10-05,0x3fc28bfac25fc8e93b5b2fc15efbbd5a8aa44efe,1528,0xf7ce05cb95d321c7f22aefd1defb99e54e087b15,7045.262876,7045.262876,0.0,1,0,1697051833
2023-10-05,0x3fc28bfac25fc8e93b5b2fc15efbbd5a8aa44efe,1533,0x0ea983f21f58f0e1a29ed653bcfc8afac4fec2a4,11271.848708,11271.848708,0.0,1,0,1697030731
2023-10-05,0x3fc28bfac25fc8e93b5b2fc15efbbd5a8aa44efe,1547,0x40db8365d1252bcb06598927698238a99d39228e,7202.728682,7202.728682,7090.67455,1,1,1697024951
2023-10-05,0x3fc28bfac25fc8e93b5b2fc15efbbd5a8aa44efe,1548,0x9be82cd40bffdce2336ba286abc7afca42dbabc7,7807.841161,7807.841161,0.0,1,0,1697006241
2023-10-05,0x3fc28bfac25fc8e93b5b2fc15efbbd5a8aa44efe,1590,0x111a8934a5d0d3913e5d055dae46dc2c965709a0,0.0,0.0,7157.413343,0,1,1697056813
2023-10-05,0x3fc28bfac25fc8e93b5b2fc15efbbd5a8aa44efe,1606,0x69cd4abd687ab23e2f95f0a065cd9ad211a58713,6481.112857,6481.112857,0.0,1,0,1697041965
2023-10-05,0x3fc28bfac25fc8e93b5b2fc15efbbd5a8aa44efe,1607,0x64169df8f5b881e6dddf5c9004e7d8e322d4f5de,6484.609472,6484.609472,6482.530322,1,1,1697061293
2023-10-05,0x3fc28bfac25fc8e93b5b2fc15efbbd5a8aa44efe,1618,0x8b478359b5593747473e67f78b1f0048c1c523ed,7621.399537,7621.399537,7621.399537,1,1,1697037637
2023-10-05,0x3fc28bfac25fc8e93b5b2fc15efbbd5a8aa44efe,1657,0x6e6cea0e277d9cfcef9094c5c8713bb52ed600e0,6193.560353,6193.560353,0.0,1,0,1697049997
2023-10-05,0x3fc28bfac25fc8e93b5b2fc15efbbd5a8aa44efe,1658,0x4a2490c461d8bdcc0d7b6c2f7851d845d4fe4ab8,6186.844691,6186.844691,6186.844691,1,1,1697060969
2023-10-05,0x3fc28bfac25fc8e93b5b2fc15efbbd5a8aa44efe,1662,0x5f05ed08e67cbd71e5f4819146c5409f405baee7,6161.609588,6161.609588,0.0,1,0,1697063325
2023-10-05,0x3fc28bfac25fc8e93b5b2fc15efbbd5a8aa44efe,1695,0x7c16c022048b25142482cf06ac98064527395290,5944.703596,5944.703596,0.0,1,0,1697064857
2023-10-05,0x3fc28bfac25fc8e93b5b2fc15efbbd5a8aa44efe,1703,0x5c4adac003213c3bd26fbcd3419064f0cb9df76e,5875.092358,5875.092358,5868.84906,1,1,1697064961
2023-10-05,0x3fc28bfac25fc8e93b5b2fc15efbbd5a8aa44efe,1731,0x17e06f16ce70607f2faca2dfc7eed07ab5f0ad26,5630.907937,5630.907937,0.0,1,0,1697056537
2023-10-05,0x3fc28bfac25fc8e93b5b2fc15efbbd5a8aa44efe,1745,0x30232ad3dc049d8cfeeb1bb8471e416b8cc5fcfb,5472.137418,5472.137418,5472.137418,1,1,1697064207
2023-10-05,0x3fc28bfac25fc8e93b5b2fc15efbbd5a8aa44efe,1772,0x8560293f8d0583118cc1386133d307ace5acc8b6,0.0,0.0,5285.298784,0,1,1697049077
2023-10-05,0x3fc28bfac25fc8e93b5b2fc15efbbd5a8aa44efe,1796,0x94003c45a74dbe132d45d15a0993caebf55aeb61,6300.848127,6300.848127,0.0,1,0,1697063963
2023-10-05,0x3fc28bfac25fc8e93b5b2fc15efbbd5a8aa44efe,1806,0xd5f7d015c6b02ddd913329c056a404054b29cb9a,0.0,0.0,5058.16083,0,1,1697056479
2023-10-05,0x3fc28bfac25fc8e93b5b2fc15efbbd5a8aa44efe,1824,0xb3313b023e68cda95d7b625200e1b0fe6335a0c2,4950.125226,4950.125226,4950.125226,1,1,1697032955
2023-10-05,0x3fc28bfac25fc8e93b5b2fc15efbbd5a8aa44efe,1829,0xe77ffc696724fd0fcff578a05f3023081ae888c0,0.0,0.0,4916.497423,0,1,1697033917
2023-10-05,0x3fc28bfac25fc8e93b5b2fc15efbbd5a8aa44efe,1872,0xb6a4035370947825d94ca4ac5d30d828ad50265c,0.0,0.0,4731.14332,0,1,1697059433
2023-10-05,0x3fc28bfac25fc8e93b5b2fc15efbbd5a8aa44efe,1891,0x43b2f09af118e01da1ac5c9af1176792b0f41759,5030.299596,5030.299596,0.0,1,0,1697009953
2023-10-05,0x3fc28bfac25fc8e93b5b2fc15efbbd5a8aa44efe,1897,0x08b2f2bf6daddcd68c7c842e4c3a376c1fc69527,4594.349883,4594.349883,0.0,1,0,1697055381
2023-10-05,0x3fc28bfac25fc8e93b5b2fc15efbbd5a8aa44efe,1899,0xf6b9cb280ae3c5dd5ec22d7a1a2a7f5f0a1ae879,4590.902273,4590.902273,0.0,1,0,1697060543
2023-10-05,0x3fc28bfac25fc8e93b5b2fc15efbbd5a8aa44efe,1911,0xe2e61752ef7ed9ab04b61bcc88b918d5264dc259,0.0,0.0,4543.639625,0,1,1697053617
2023-10-05,0x3fc28bfac25fc8e93b5b2fc15efbbd5a8aa44efe,1920,0x00c67d9d6d3d13b42a87424e145826c467cccd84,4513.198549,4513.198549,0.0,1,0,1697025429
2023-10-05,0x3fc28bfac25fc8e93b5b2fc15efbbd5a8aa44efe,1924,0xbd04e7a7c2dd830ec4819f3d12e93931383cc4a4,4508.404948,4508.404948,4506.959425,1,1,1697027637
2023-10-05,0x3fc28bfac25fc8e93b5b2fc15efbbd5a8aa44efe,1925,0xdb8531115c50c5a24e8400a832ef52de87c999d8,0.0,0.0,4489.137868,0,1,1697058123
2023-10-05,0x3fc28bfac25fc8e93b5b2fc15efbbd5a8aa44efe,1930,0xf8d9de13a0efecbee653a0a35c06b751cc03904c,0.0,0.0,4460.739774,0,1,1697059727
2023-10-05,0x3fc28bfac25fc8e93b5b2fc15efbbd5a8aa44efe,1937,0x9f05a7a5d012321d06a501a671ce3ae85bcd551f,0.0,0.0,4444.83737,0,1,1697048543
2023-10-05,0x3fc28bfac25fc8e93b5b2fc15efbbd5a8aa44efe,1938,0x58603461149fc2a800a56d421e77dcbba2d83ca8,0.0,0.0,4440.197229,0,1,1697042181
2023-10-05,0x3fc28bfac25fc8e93b5b2fc15efbbd5a8aa44efe,1949,0x9948ffd4b0e40a096f8979cdaeea7d852f6ea177,4404.385571,4404.385571,0.0,1,0,1697012671
2023-10-05,0x3fc28bfac25fc8e93b5b2fc15efbbd5a8aa44efe,1960,0x0de4348c28c4e9ef19d5faf4024ef6653c326ec8,4359.633713,4359.633713,4359.633713,1,1,1697064621
2023-10-05,0x3fc28bfac25fc8e93b5b2fc15efbbd5a8aa44efe,1966,0xdd77a81910f4513524bda1394a3de2237e4288e1,0.0,0.0,4705.502925,0,1,1696969789
2023-10-05,0x3fc28bfac25fc8e93b5b2fc15efbbd5a8aa44efe,1976,0xc1d5580e5fe8ba053e0537ffa0577a5104068c64,4486.07913,4486.07913,4306.37887,1,1,1696505903
2023-10-05,0x3fc28bfac25fc8e93b5b2fc15efbbd5a8aa44efe,1980,0x48fb55ed1fb62ed26274fb805f6444bea97c1f28,0.0,0.0,4293.373823,0,1,1697039993
2023-10-05,0x3fc28bfac25fc8e93b5b2fc15efbbd5a8aa44efe,2013,0x6aef48ea854bc0e805232cecbab2fab592037c19,0.0,0.0,4217.525277,0,1,1697043069
2023-10-05,0x3fc28bfac25fc8e93b5b2fc15efbbd5a8aa44efe,2042,0x8ccfbc13159c5916dbbf5815d899411aeb1876ef,4142.698863,4142.698863,0.0,1,0,1697056331
2023-10-05,0x3fc28bfac25fc8e93b5b2fc15efbbd5a8aa44efe,2048,0x2b83ac024b0a4ba3f93776cacb61d98310614afe,4137.254915,4137.254915,4135.928394,1,1,1696988369
2023-10-05,0x3fc28bfac25fc8e93b5b2fc15efbbd5a8aa44efe,2071,0x078b8ff955e3cf77550bf2f2edfc0aacbc29adc6,8645.976465,8645.976465,0.0,1,0,1697053139
2023-10-05,0x3fc28bfac25fc8e93b5b2fc15efbbd5a8aa44efe,2094,0x99999990d598b918799f38163204bbc30611b6b6,2015.017768,2015.017768,0.0,1,0,1696981167
2023-10-05,0x3fc28bfac25fc8e93b5b2fc15efbbd5a8aa44efe,2099,0x5a1df87bce2216a0a1198e841822b06aec23bd7c,0.0,0.0,4013.117085,0,1,1697063685
2023-10-05,0x3fc28bfac25fc8e93b5b2fc15efbbd5a8aa44efe,2106,0x64931189b070fc7c8c80839c8a2d9a10b83082ab,0.0,0.0,3998.980805,0,1,1697058101
2023-10-05,0x3fc28bfac25fc8e93b5b2fc15efbbd5a8aa44efe,2107,0x25f7a39cfc039dc051674c3ba5c08da460a6d941,4741.91878,4741.91878,4740.398387,1,1,1697020841
2023-10-05,0x3fc28bfac25fc8e93b5b2fc15efbbd5a8aa44efe,2127,0x0c5d1d586b67c8cf51174d8d71c12b254d496ff6,0.0,0.0,4118.618611,0,1,1696875845
2023-10-05,0x3fc28bfac25fc8e93b5b2fc15efbbd5a8aa44efe,2132,0xd4fc1974bfb6721785ca25828711d76a0fc2fea3,0.0,0.0,3928.582759,0,1,1697061847
2023-10-05,0x3fc28bfac25fc8e93b5b2fc15efbbd5a8aa44efe,2140,0x217dd57e76b135095f3863968f21cee6efec5792,4045.195495,4045.195495,4042.69848,1,1,1697064531
2023-10-05,0x3fc28bfac25fc8e93b5b2fc15efbbd5a8aa44efe,2152,0x037b21279931e628b11b4507b9f7870b15de1c17,0.0,0.0,3882.153917,0,1,1697058713
2023-10-05,0x3fc28bfac25fc8e93b5b2fc15efbbd5a8aa44efe,2180,0x3852c563ccef8436468e5f5f07d1d9f282817391,3827.068445,3827.068445,3827.068445,1,1,1697031343
2023-10-05,0x3fc28bfac25fc8e93b5b2fc15efbbd5a8aa44efe,2203,0xb893ae8a1824604f6df4dfde52e2754921ba1a73,3770.744186,3770.744186,0.0,1,0,1697058619
2023-10-05,0x3fc28bfac25fc8e93b5b2fc15efbbd5a8aa44efe,2204,0xa6855663972d7da311a235a8f35ed2812af2dec0,3864.719748,3864.719748,3864.719748,1,1,1697042823
2023-10-05,0x3fc28bfac25fc8e93b5b2fc15efbbd5a8aa44efe,2208,0xbbcc2e027a065d7c4e1fdca27885b1783348448c,1882.526882,1882.526882,0.0,1,0,1697035811
2023-10-05,0x3fc28bfac25fc8e93b5b2fc15efbbd5a8aa44efe,2210,0x9f05a7a5d012321d06a501a671ce3ae85bcd551f,0.0,0.0,3760.550257,0,1,1697048561
2023-10-05,0x3fc28bfac25fc8e93b5b2fc15efbbd5a8aa44efe,2222,0x375e3dc07d1c84024dba2f5cbaf677f5d8538c93,0.0,0.0,3734.16741,0,1,1697037121
2023-10-05,0x3fc28bfac25fc8e93b5b2fc15efbbd5a8aa44efe,2223,0xdeaa067e429ad097465d8f3b50ca306f13061038,0.0,0.0,3722.222008,0,1,1696689921
2023-10-05,0x3fc28bfac25fc8e93b5b2fc15efbbd5a8aa44efe,2229,0xdaf7bbe20724d2dd7717e0e09a06b572c3a112de,0.0,0.0,3697.60718,0,1,1697042479
2023-10-05,0x3fc28bfac25fc8e93b5b2fc15efbbd5a8aa44efe,2241,0x3747620be079f042cbcea3c724e726ca2fdd9cc1,3660.097585,3660.097585,3658.924054,1,1,1697044601
2023-10-05,0x3fc28bfac25fc8e93b5b2fc15efbbd5a8aa44efe,2244,0x6fb5421989807f828926b03e44a5ce61d6906ee3,3658.113718,3658.113718,1827.92782,1,1,1697054401
2023-10-05,0x3fc28bfac25fc8e93b5b2fc15efbbd5a8aa44efe,2254,0xd4a766461855f69ebe6f08a8fdde55c97a009cae,0.0,0.0,3629.805563,0,1,1696957267
2023-10-05,0x3fc28bfac25fc8e93b5b2fc15efbbd5a8aa44efe,2266,0xb00f8b601558243c9abcddabd54ea17f70471b8e,0.0,0.0,1113.175717,0,1,1696513707
2023-10-05,0x3fc28bfac25fc8e93b5b2fc15efbbd5a8aa44efe,2280,0x0630717c9c6baeabd2b0852e09df08febaccd227,0.0,0.0,7008.322211,0,1,1697044883
2023-10-05,0x3fc28bfac25fc8e93b5b2fc15efbbd5a8aa44efe,2306,0xedac1779d89ed877c99637861e89945ca7226c4f,3534.909294,3534.909294,0.0,1,0,1696985993
2023-10-05,0x3fc28bfac25fc8e93b5b2fc15efbbd5a8aa44efe,2308,0x43702dbd0569b4fcabce7dbc53a72238ce49f693,0.0,0.0,3528.955873,0,1,1697035865
2023-10-05,0x3fc28bfac25fc8e93b5b2fc15efbbd5a8aa44efe,2313,0x3888132606615fc0759853b6ec1107e717d0ae52,0.0,0.0,886.05253,0,1,1697031395
2023-10-05,0x3fc28bfac25fc8e93b5b2fc15efbbd5a8aa44efe,2338,0x316d738227930a117cf6d724ced8305a12650921,3494.320176,3494.320176,3494.320176,1,1,1697029497
2023-10-05,0x3fc28bfac25fc8e93b5b2fc15efbbd5a8aa44efe,2352,0x514fab6ca1213f22db9f7e1bd461986abaee93b1,0.0,0.0,3461.312038,0,1,1697043959
2023-10-05,0x3fc28bfac25fc8e93b5b2fc15efbbd5a8aa44efe,2355,0x8fb66dbf6a4d1cdaed5b72135324f345fa6c9b83,0.0,0.0,3458.87468,0,1,1697044553
2023-10-05,0x3fc28bfac25fc8e93b5b2fc15efbbd5a8aa44efe,2357,0xfd6696e745434d6bc6af360ebcf81876cde48d90,3456.439893,3456.439893,3456.439893,1,1,1697043959
2023-10-05,0x3fc28bfac25fc8e93b5b2fc15efbbd5a8aa44efe,2361,0xcbdfb1f0988749f791e265f60a485cc0f996a1cb,0.0,0.0,3454.007672,0,1,1697044553
2023-10-05,0x3fc28bfac25fc8e93b5b2fc15efbbd5a8aa44efe,2372,0x4eb4ff4206b92b28383819275a91be201899467a,0.0,0.0,3440.430153,0,1,1697044553
2023-10-05,0x3fc28bfac25fc8e93b5b2fc15efbbd5a8aa44efe,2375,0x2e7f0f4dabdfe46f743e7dd3eedb86b92cf78494,0.0,0.0,3435.024331,0,1,1697044553
2023-10-05,0x3fc28bfac25fc8e93b5b2fc15efbbd5a8aa44efe,2376,0xc03edd677a9f4ed8128532a9b31e9a3fc2efffb2,0.0,0.0,3433.283661,0,1,1697045183
2023-10-05,0x3fc28bfac25fc8e93b5b2fc15efbbd5a8aa44efe,2381,0x8fc4a12a6f356d51417339043421f6c434f3e3df,0.0,0.0,3426.156092,0,1,1697045183
2023-10-05,0x3fc28bfac25fc8e93b5b2fc15efbbd5a8aa44efe,2387,0x7f097b89aa45749d34d696cf9eac5d5df57ace47,3406.128107,3406.128107,0.0,1,0,1697016699
2023-10-05,0x3fc28bfac25fc8e93b5b2fc15efbbd5a8aa44efe,2413,0xbc1d315ba25501b20cfc475a86087145b7f48374,3363.343289,3363.343289,0.0,1,0,1697059767
2023-10-05,0x3fc28bfac25fc8e93b5b2fc15efbbd5a8aa44efe,2424,0x1426fbd146942e153653863cbe633780c17268da,3349.293869,3349.293869,0.0,1,0,1697057207
2023-10-05,0x3fc28bfac25fc8e93b5b2fc15efbbd5a8aa44efe,2442,0x52ac77e17ad92adfff2b28d44310fbfe09990c24,0.0,0.0,3321.038084,0,1,1696781601
2023-10-05,0x3fc28bfac25fc8e93b5b2fc15efbbd5a8aa44efe,2474,0x47c465e7beac169081371969c0fcf62d10c84ef7,3272.648762,3272.648762,1636.324381,1,1,1697032233
2023-10-05,0x3fc28bfac25fc8e93b5b2fc15efbbd5a8aa44efe,2510,0x2afeb9ac4196037c575b45ada553b70ec80d40df,3287.709131,3287.709131,0.0,1,0,1696984371
2023-10-05,0x3fc28bfac25fc8e93b5b2fc15efbbd5a8aa44efe,2522,0xc693b4ffb338579467a541b2bf267b1955870920,797.846854,797.846854,797.846854,1,1,1697064781
2023-10-05,0x3fc28bfac25fc8e93b5b2fc15efbbd5a8aa44efe,2537,0xbfd212ba98bde92e75705292a290563bf85edac0,3171.550333,3171.550333,3171.550333,1,1,1697005103
2023-10-05,0x3fc28bfac25fc8e93b5b2fc15efbbd5a8aa44efe,2543,0xea7799bb4139bc81fb001bd009bba7989fa0dad3,3171.660954,3171.660954,0.0,1,0,1697059079
2023-10-05,0x3fc28bfac25fc8e93b5b2fc15efbbd5a8aa44efe,2572,0xbdf115e1d046d7349a661eaa251d48608e3f939e,3126.028545,3126.028545,0.0,1,0,1697009405
2023-10-05,0x3fc28bfac25fc8e93b5b2fc15efbbd5a8aa44efe,2657,0x73c748b5f99c3507f11fb8fa2ea5e3b8f4f9a1d1,0.0,0.0,1512.692218,0,1,1696952561
2023-10-05,0x3fc28bfac25fc8e93b5b2fc15efbbd5a8aa44efe,2670,0xabb3639ac7ea3fbd7e9bfd4d8fd46cad6c3056f6,2691.022442,2691.022442,0.0,1,0,1697015661
2023-10-05,0x3fc28bfac25fc8e93b5b2fc15efbbd5a8aa44efe,2685,0x2245c733dd052343b60f44130a25c9f574a696d4,2661.312138,2661.312138,0.0,1,0,1697015619
2023-10-05,0x3fc28bfac25fc8e93b5b2fc15efbbd5a8aa44efe,2691,0xb086ff01a395cc817f31a15dc5446c11e741d085,0.0,0.0,3908.477612,0,1,1697060749
2023-10-05,0x3fc28bfac25fc8e93b5b2fc15efbbd5a8aa44efe,2726,0x40e8a507adc7905d4b3845492f0722a79f39a2e8,0.0,0.0,2819.453759,0,1,1696971963
2023-10-05,0x3fc28bfac25fc8e93b5b2fc15efbbd5a8aa44efe,2731,0xd511a8d9448dc95e774000dcc342207144aa9377,1400.313,1400.313,0.0,1,0,1696985931
2023-10-05,0x3fc28bfac25fc8e93b5b2fc15efbbd5a8aa44efe,2739,0x3ffc1fb42ec6f4a1dd835c2766ab16e828501450,0.0,0.0,4067.166266,0,1,1697037713
2023-10-05,0x3fc28bfac25fc8e93b5b2fc15efbbd5a8aa44efe,2748,0x1f85aa3b8ddda2f94391e196241ad728d24e7f3d,2725.830223,2725.830223,2725.830223,1,1,1697013071
2023-10-05,0x3fc28bfac25fc8e93b5b2fc15efbbd5a8aa44efe,2755,0x27f34c4f30f11a6a9698d9711573a1319c6a135d,0.0,0.0,2743.592268,0,1,1697035709
2023-10-05,0x3fc28bfac25fc8e93b5b2fc15efbbd5a8aa44efe,2764,0x67f5e368d28835a8f6b8e5576b1e17ae2ce24769,0.0,0.0,2662.185373,0,1,1697011481
2023-10-05,0x3fc28bfac25fc8e93b5b2fc15efbbd5a8aa44efe,2771,0xbd7041c03b68467a55596f375c3e4bb716406a23,0.0,0.0,1274.175873,0,1,1697052179
2023-10-05,0x3fc28bfac25fc8e93b5b2fc15efbbd5a8aa44efe,2805,0x55d0cecd3c360098ebfb10a9013d2059c492f930,2497.621856,2497.621856,2497.621856,1,1,1697013073
2023-10-05,0x3fc28bfac25fc8e93b5b2fc15efbbd5a8aa44efe,2821,0xb6a4035370947825d94ca4ac5d30d828ad50265c,0.0,0.0,2438.433151,0,1,1697059363
2023-10-05,0x3fc28bfac25fc8e93b5b2fc15efbbd5a8aa44efe,2829,0x50fa50fa2032d85eb2dda303929bf56886aa9afb,3811.658411,3811.658411,3810.436285,1,1,1696999583
2023-10-05,0x3fc28bfac25fc8e93b5b2fc15efbbd5a8aa44efe,2845,0xa6054e37aff66a8a9690e5857f82647d13afca67,2518.152456,2518.152456,2384.372974,1,1,1697033139
2023-10-05,0x3fc28bfac25fc8e93b5b2fc15efbbd5a8aa44efe,2854,0xdc5edfeb777bdfaa851ebda34c102162738290da,2278.729046,2278.729046,0.0,1,0,1697064213
2023-10-05,0x3fc28bfac25fc8e93b5b2fc15efbbd5a8aa44efe,2856,0xf3b059c887172f2cc52b5e77ee3b2c8b3a32e6ef,0.0,1899.207118,3477.468709,1,2,1697052387
2023-10-05,0x3fc28bfac25fc8e93b5b2fc15efbbd5a8aa44efe,2873,0x9a62db4c17146172c0b88e7e439df169a0f93e0e,0.0,0.0,557.3392,0,1,1697052089
2023-10-05,0x3fc28bfac25fc8e93b5b2fc15efbbd5a8aa44efe,2882,0x5e9b1a78a998c5370946bc779c285c8396847cbd,2216.964725,2216.964725,2216.253903,1,1,1697056753
2023-10-05,0x3fc28bfac25fc8e93b5b2fc15efbbd5a8aa44efe,2920,0x7a736aebfdff3ec824f8ea3f83639e863d7963c3,2137.779784,2137.779784,2137.779784,1,1,1697051245
2023-10-05,0x3fc28bfac25fc8e93b5b2fc15efbbd5a8aa44efe,2923,0xea3871fcdd47c06095b7ade579e8365083dbb871,2196.198029,2196.198029,0.0,1,0,1697056345
2023-10-05,0x3fc28bfac25fc8e93b5b2fc15efbbd5a8aa44efe,2925,0x748abd713b707fb551784ea46a908a5eeacbe6cc,2125.47496,2125.47496,2125.47496,1,1,1697052675
2023-10-05,0x3fc28bfac25fc8e93b5b2fc15efbbd5a8aa44efe,2928,0x6dd93f62e209533888afd02421a69312d4b9b275,0.0,0.0,2117.471107,0,1,1696891357
2023-10-05,0x3fc28bfac25fc8e93b5b2fc15efbbd5a8aa44efe,2941,0xfe3a593fb8a90185a8e31edc8eb02e7d889d52f0,2083.202743,2083.202743,2083.202743,1,1,1697061637
2023-10-05,0x3fc28bfac25fc8e93b5b2fc15efbbd5a8aa44efe,2956,0x2120783b3794aba5a099328b0c0b8bddadc250a0,2070.713366,2070.713366,2070.032383,1,1,1697023011
2023-10-05,0x3fc28bfac25fc8e93b5b2fc15efbbd5a8aa44efe,2959,0xd0c218b477a000aa75f618c1793bfa9198bab7d0,2038.308284,2038.308284,2038.308284,1,1,1697031499
2023-10-05,0x3fc28bfac25fc8e93b5b2fc15efbbd5a8aa44efe,3007,0x6a4d00bc2a921e9bf5397cecba78c6802be3702f,0.0,0.0,1925.54052,0,1,1697063017
2023-10-05,0x3fc28bfac25fc8e93b5b2fc15efbbd5a8aa44efe,3009,0x6ab791754298d6d6d7c182dc1572126b4ed24897,1924.548209,1924.548209,1924.548209,1,1,1697036009
2023-10-05,0x3fc28bfac25fc8e93b5b2fc15efbbd5a8aa44efe,3019,0xd51dc8660c014c1beaff0f2085c574752800351c,0.0,0.0,1916.659811,0,1,1697036851
2023-10-05,0x3fc28bfac25fc8e93b5b2fc15efbbd5a8aa44efe,3032,0x29964b7c46144d79457473661f99f725d4fdf0e3,946.332767,946.332767,946.332767,1,1,1697026259
2023-10-05,0x3fc28bfac25fc8e93b5b2fc15efbbd5a8aa44efe,3036,0x3f6364f662b0127a3430bb9a9fc16b602da9a188,2151.885788,2151.885788,1875.524742,1,1,1697004127
2023-10-05,0x3fc28bfac25fc8e93b5b2fc15efbbd5a8aa44efe,3039,0x6ddf48abc454295479aaaa40316d0a7272cb0851,1887.324303,1887.324303,1887.324303,1,1,1697063515
2023-10-05,0x3fc28bfac25fc8e93b5b2fc15efbbd5a8aa44efe,3041,0x7caea457224c345d1518a23fbd07ebdbdd21170c,943.753559,943.753559,0.0,1,0,1697064369
2023-10-05,0x3fc28bfac25fc8e93b5b2fc15efbbd5a8aa44efe,3090,0x64836f2ba7f1036d5126ad20a2dc0ffef119a63c,1817.792825,1817.792825,1817.792825,1,1,1697061143
2023-10-05,0x3fc28bfac25fc8e93b5b2fc15efbbd5a8aa44efe,3096,0x8ee25bb8d6777c21ceffdea20583856c620dcae1,1811.12502,1811.12502,1811.12502,1,1,1697064251
2023-10-05,0x3fc28bfac25fc8e93b5b2fc15efbbd5a8aa44efe,3114,0xc51fefb9ef83f2d300448b22db6fac032f96df3f,0.0,0.0,1778.010571,0,1,1697039339
2023-10-05,0x3fc28bfac25fc8e93b5b2fc15efbbd5a8aa44efe,3130,0xd71bfda29efe1120c8b9d32e798a298db6cca377,1761.118424,1761.118424,1760.55376,1,1,1696985597
2023-10-05,0x3fc28bfac25fc8e93b5b2fc15efbbd5a8aa44efe,3179,0x1049c923ff19fa5088d2466f942a1daa79d03d85,1709.759257,1709.759257,0.0,1,0,1697010391
2023-10-05,0x3fc28bfac25fc8e93b5b2fc15efbbd5a8aa44efe,3184,0x233dd9c513012418fa6aa38f464ebed1c5bd0d7c,0.0,0.0,7847.387525,0,1,1697050867
2023-10-05,0x3fc28bfac25fc8e93b5b2fc15efbbd5a8aa44efe,3240,0xd23049316c5058dead7d488e78305ad5a82ec362,1647.523189,1647.523189,1647.523189,1,1,1696987107
2023-10-05,0x3fc28bfac25fc8e93b5b2fc15efbbd5a8aa44efe,3327,0x08928dcb5bd0b58f8de51921eaade7da8146d259,1540.424491,1540.424491,1540.424491,1,1,1696471449
2023-10-05,0x3fc28bfac25fc8e93b5b2fc15efbbd5a8aa44efe,3333,0x227fd2fd881cc6c99dfccc0fb40f2b1dc2f3f36e,1531.198609,1531.198609,1531.198609,1,1,1696471489
2023-10-05,0x3fc28bfac25fc8e93b5b2fc15efbbd5a8aa44efe,3458,0x55df88abd27bcbd379af67adedde15fc55cb24ec,1348.861284,1348.861284,0.0,1,0,1697060459
2023-10-05,0x3fc28bfac25fc8e93b5b2fc15efbbd5a8aa44efe,3461,0x08f83e8860912f8c8186461ea00db5f6030c70f6,0.0,0.0,2463.947717,0,1,1697055189
2023-10-05,0x3fc28bfac25fc8e93b5b2fc15efbbd5a8aa44efe,3543,0x8810bd54f4d64d59bafbb6da9277011347de80c0,618.495048,618.495048,0.0,1,0,1696985955
2023-10-05,0x3fc28bfac25fc8e93b5b2fc15efbbd5a8aa44efe,3562,0x0dca5a86e290063f1a27724f7d92cbb8ec5fa4d2,1209.538801,1209.538801,1209.538801,1,1,1697063937
2023-10-05,0x3fc28bfac25fc8e93b5b2fc15efbbd5a8aa44efe,3591,0x069260b6f658fbeec375386c1f12ee3b0900464d,1165.853145,1165.853145,0.0,1,0,1697054415
2023-10-05,0x3fc28bfac25fc8e93b5b2fc15efbbd5a8aa44efe,3678,0xb77d14282f00dc08d1df2bccae8bed8cae1ee461,1086.240381,1086.240381,0.0,1,0,1697045743
2023-10-05,0x3fc28bfac25fc8e93b5b2fc15efbbd5a8aa44efe,3781,0xaf11495f021c5c2c5f5230f40d5d57ebe4059700,28543.03509,28543.03509,0.0,1,0,1697053639
2023-10-05,0x3fc28bfac25fc8e93b5b2fc15efbbd5a8aa44efe,3804,0x2a57701cc3338ded47fe44695db146342cab2428,1256.431246,1256.431246,0.0,1,0,1697056519
2023-10-05,0x3fc28bfac25fc8e93b5b2fc15efbbd5a8aa44efe,3855,0x2fd99b41cf2ad7b5b7d69ceff4194c5d6d519781,5548.821916,5548.821916,2774.410958,1,1,1696940099
2023-10-05,0x3fc28bfac25fc8e93b5b2fc15efbbd5a8aa44efe,3876,0x7d59226c6c2aa0b820d47c521dbd781ee8f6349b,231.64525,231.64525,0.0,1,0,1697050373
2023-10-05,0x3fc28bfac25fc8e93b5b2fc15efbbd5a8aa44efe,3908,0xf60de76791c2f09995df52aa1c6e2e7dcf1e75d7,955.098214,955.098214,0.0,1,0,1697062455
2023-10-05,0x3fc28bfac25fc8e93b5b2fc15efbbd5a8aa44efe,3916,0xd21259f0a26db1f450a3c4bf48d1c5a71202f15e,895.657198,895.657198,895.657198,1,1,1696939893
2023-10-05,0x3fc28bfac25fc8e93b5b2fc15efbbd5a8aa44efe,3934,0xd28f5dac3c8069339a7f48ec4a06402274470961,882.795881,882.795881,882.795881,1,1,1697027927
2023-10-05,0x3fc28bfac25fc8e93b5b2fc15efbbd5a8aa44efe,3944,0x12a966ceb79297f0504b55f4e8f67cc3ad838e0b,0.0,0.0,435.360788,0,1,1696955717
2023-10-05,0x3fc28bfac25fc8e93b5b2fc15efbbd5a8aa44efe,3998,0x02e0c302380aa679189d9caa349a0da5a6a19108,817.998865,817.998865,817.998865,1,1,1696994411
2023-10-05,0x3fc28bfac25fc8e93b5b2fc15efbbd5a8aa44efe,4007,0x04240b04687d301ad728d0d98340043c674db333,812.521041,812.521041,0.0,1,0,1697020119
2023-10-05,0x3fc28bfac25fc8e93b5b2fc15efbbd5a8aa44efe,4011,0x6322872f335dde0d4b44537f69fbae74bbed39de,404.53623,404.53623,80.907246,1,1,1697007527
2023-10-05,0x3fc28bfac25fc8e93b5b2fc15efbbd5a8aa44efe,4031,0xf82bd0b306cceb8fc0366002b1b1ed1485a0dfdb,792.748819,792.748819,792.748819,1,1,1697063515
2023-10-05,0x3fc28bfac25fc8e93b5b2fc15efbbd5a8aa44efe,4040,0x31e01a9b0796e131b5661eeaeb93981315b7d8d5,0.0,8881.685446,9668.978062,1,2,1697043959
2023-10-05,0x3fc28bfac25fc8e93b5b2fc15efbbd5a8aa44efe,4093,0x95974a63ef4a3357c533abd416f8bd246d746ba0,3120.897848,3120.897848,0.0,1,0,1696841477
2023-10-05,0x3fc28bfac25fc8e93b5b2fc15efbbd5a8aa44efe,4119,0xc2a08ff99df2dd45ca5cf5bc6636954f33294830,0.0,0.0,744.453862,0,1,1696574399
2023-10-05,0x3fc28bfac25fc8e93b5b2fc15efbbd5a8aa44efe,4124,0x42be9b4b12a8021529a1440158c84f624c316d10,0.0,0.0,366.940733,0,1,1696530351
2023-10-05,0x3fc28bfac25fc8e93b5b2fc15efbbd5a8aa44efe,4190,0x1754311bc16f9c8f681fdf11e15c9390dd2e55f8,695.918378,695.918378,0.0,1,0,1697035353
2023-10-05,0x3fc28bfac25fc8e93b5b2fc15efbbd5a8aa44efe,4201,0x3a8b02caf5297f5904f6a236ba5bf53526e99c0d,172.634436,172.634436,0.0,1,0,1697012149
2023-10-05,0x3fc28bfac25fc8e93b5b2fc15efbbd5a8aa44efe,4268,0x9a293d82710058d930376ee0af037da5d3421ec6,309.205473,309.205473,0.0,1,0,1697037419
2023-10-05,0x3fc28bfac25fc8e93b5b2fc15efbbd5a8aa44efe,4413,0x76d04d8b79f698de344d79d59dc7660cd59d2e18,553.053735,553.053735,553.053735,1,1,1696986959
2023-10-05,0x3fc28bfac25fc8e93b5b2fc15efbbd5a8aa44efe,4419,0xee1a6dd8ed5ccdef81506dada15518b512bf9fb2,549.417677,549.417677,549.417677,1,1,1696986913
2023-10-05,0x3fc28bfac25fc8e93b5b2fc15efbbd5a8aa44efe,4437,0xf16d62012ee210af984b816a6c8c0cc47eeb65e4,541.987738,541.987738,541.987738,1,1,1696891967
2023-10-05,0x3fc28bfac25fc8e93b5b2fc15efbbd5a8aa44efe,4500,0xe5753477928460443e822c5b5b604835c6efb4dc,519.859346,519.859346,0.0,1,0,1697029805
2023-10-05,0x3fc28bfac25fc8e93b5b2fc15efbbd5a8aa44efe,4501,0x6ee5ba66d2ed642d0a3a92f002631fe3364e9054,519.640872,519.640872,519.640872,1,1,1697025519
2023-10-05,0x3fc28bfac25fc8e93b5b2fc15efbbd5a8aa44efe,4512,0xda844e1ec97b0bab57f6d33f59b225ba57f0f0c9,517.075009,517.075009,0.0,1,0,1697059829
2023-10-05,0x3fc28bfac25fc8e93b5b2fc15efbbd5a8aa44efe,4531,0x6f3a6d9867d6213056b55ce52b55514215deb343,512.351921,512.351921,512.351921,1,1,1696986863
2023-10-05,0x3fc28bfac25fc8e93b5b2fc15efbbd5a8aa44efe,4541,0x13908d3fab410220fcc549353e34bd29f7f6d308,506.41297,506.41297,506.41297,1,1,1697055063
2023-10-05,0x3fc28bfac25fc8e93b5b2fc15efbbd5a8aa44efe,4570,0x4262c25b81d6e9cae2962d93f86e45b59d2c437f,7091.605252,7091.605252,7149.421283,1,1,1696817507
2023-10-05,0x3fc28bfac25fc8e93b5b2fc15efbbd5a8aa44efe,4573,0x822fb53d67af805da7b5bb77a9bef3b19370f90c,492.511633,492.511633,492.511633,1,1,1697034855
2023-10-05,0x3fc28bfac25fc8e93b5b2fc15efbbd5a8aa44efe,4610,0x7adeb9c2181d693d08dd0cf5dd51bf165cdfc7d1,356.021815,356.021815,356.021815,1,1,1697060857
2023-10-05,0x3fc28bfac25fc8e93b5b2fc15efbbd5a8aa44efe,4613,0x12ed17d0061c89362a1fd0ba9aa960d68b97bd79,237.017158,237.017158,0.0,1,0,1697019445
2023-10-05,0x3fc28bfac25fc8e93b5b2fc15efbbd5a8aa44efe,4643,0xa219712cc2aaa5aa98ccf2a7ba055231f1752323,464.26137,464.26137,157.712177,1,1,1697018267
2023-10-05,0x3fc28bfac25fc8e93b5b2fc15efbbd5a8aa44efe,4657,0xd4ddc6316f5704d43518aa574325eeefc33bd3c9,114.902456,114.902456,0.0,1,0,1697037829
2023-10-05,0x3fc28bfac25fc8e93b5b2fc15efbbd5a8aa44efe,4704,0xa4c136dc1b03a934a06a0ba21d22ad5e4d4a7f10,446.471767,446.471767,446.471767,1,1,1697062721
2023-10-05,0x3fc28bfac25fc8e93b5b2fc15efbbd5a8aa44efe,4705,0xfa5ce2a0882b2f5625df1f38f18b0f19f4f6fa67,0.0,0.0,446.027023,0,1,1697035955
2023-10-05,0x3fc28bfac25fc8e93b5b2fc15efbbd5a8aa44efe,4732,0x97d36238ec8e08495aac6972b9f1228cb6df4fd8,0.0,0.0,439.667439,0,1,1697036043
2023-10-05,0x3fc28bfac25fc8e93b5b2fc15efbbd5a8aa44efe,4765,0x61e64fa92220090534ccefac0948d7d7eb6f69d7,432.569029,432.569029,0.0,1,0,1697033753
2023-10-05,0x3fc28bfac25fc8e93b5b2fc15efbbd5a8aa44efe,4786,0x92efff5ba1904bbc6112bb463c0e94ca234c220b,428.583938,428.583938,0.0,1,0,1697018369
2023-10-05,0x3fc28bfac25fc8e93b5b2fc15efbbd5a8aa44efe,4799,0xac57b566e6d2c76174317c2870f1f66276c96746,474.842463,474.842463,421.837114,1,1,1697003829
2023-10-05,0x3fc28bfac25fc8e93b5b2fc15efbbd5a8aa44efe,4819,0x40f018468ae7bb1a15881088746fc14e22e77c77,421.75215,421.75215,0.0,1,0,1697032719
2023-10-05,0x3fc28bfac25fc8e93b5b2fc15efbbd5a8aa44efe,4850,0x6ca07d7e1ba572ac570ebd7099c6cb4ddf560e6f,417.089903,417.089903,0.0,1,0,1697028311
2023-10-05,0x3fc28bfac25fc8e93b5b2fc15efbbd5a8aa44efe,4851,0xa31bc2e90919dbac54183e874f4a87560e39921f,0.0,0.0,416.712896,0,1,1696770331
2023-10-05,0x3fc28bfac25fc8e93b5b2fc15efbbd5a8aa44efe,4877,0xcf0c8d0d34a0535e84e61ee7065fae086a261865,2220.099745,2220.099745,2220.099745,1,1,1697002981
2023-10-05,0x3fc28bfac25fc8e93b5b2fc15efbbd5a8aa44efe,4986,0x5283d441e291e3ba7c12c93aa85cb9b2b8e55639,402.365684,402.365684,402.365684,1,1,1697038281
2023-10-05,0x3fc28bfac25fc8e93b5b2fc15efbbd5a8aa44efe,5004,0x31a6686af02e5f51fd647a9dadfc9c711efcaa22,0.0,0.0,400.638269,0,1,1697039329
2023-10-05,0x3fc28bfac25fc8e93b5b2fc15efbbd5a8aa44efe,5022,0xc59b9db212a247536ecdbcc315a4514822d08fe3,0.0,0.0,437.444413,0,1,1697064455
2023-10-05,0x3fc28bfac25fc8e93b5b2fc15efbbd5a8aa44efe,5061,0x0df8dee19af23c0fb17c95c2ff6d6eec4a929ea1,396.380442,396.380442,396.380442,1,1,1697032869
2023-10-05,0x3fc28bfac25fc8e93b5b2fc15efbbd5a8aa44efe,5124,0xdacbf0f8199c1e5ae5356a9d3a3b7d5f3e131360,427.894441,427.894441,372.438217,1,1,1697002763
2023-10-05,0x3fc28bfac25fc8e93b5b2fc15efbbd5a8aa44efe,5125,0xc342e5440d1bb36a5e4bc87542364f42d9a07d83,391.383529,391.383529,391.383529,1,1,1697035561
2023-10-05,0x3fc28bfac25fc8e93b5b2fc15efbbd5a8aa44efe,5144,0x0185c555216bbd14f138a92730682a8e9fbc9e00,390.202546,390.202546,0.0,1,0,1697052239
2023-10-05,0x3fc28bfac25fc8e93b5b2fc15efbbd5a8aa44efe,5188,0xf926e9332be471ec097245fa0d13ad318a7af605,387.10834,387.10834,386.897108,1,1,1697023145
2023-10-05,0x3fc28bfac25fc8e93b5b2fc15efbbd5a8aa44efe,5237,0xa1efc03fe3318cc186bc48809a30b2fed31a2423,384.349337,384.349337,0.0,1,0,1697031535
2023-10-05,0x3fc28bfac25fc8e93b5b2fc15efbbd5a8aa44efe,5257,0xb31c8fb1c74f329c89e4fed3f2a3150470da078c,383.255847,383.255847,383.255847,1,1,1696477113
2023-10-05,0x3fc28bfac25fc8e93b5b2fc15efbbd5a8aa44efe,5290,0x0a672383bc609c8dc0a746e358cae1a7db555aff,436.684484,436.684484,380.379352,1,1,1697002065
2023-10-05,0x3fc28bfac25fc8e93b5b2fc15efbbd5a8aa44efe,5299,0xe8eda53fde3cc6149989ca8aa8a2354f0a287b51,381.325166,381.325166,381.325166,1,1,1696997135
2023-10-05,0x3fc28bfac25fc8e93b5b2fc15efbbd5a8aa44efe,5304,0x05b9001ffb362a3d795a9ef12d366d52687c555d,381.374418,381.374418,0.0,1,0,1697044075
2023-10-05,0x3fc28bfac25fc8e93b5b2fc15efbbd5a8aa44efe,5337,0x61f8c99f4acde25dac0c591f5e6b4b635ab2f7c5,189.623413,189.623413,0.0,1,0,1696699025
2023-10-05,0x3fc28bfac25fc8e93b5b2fc15efbbd5a8aa44efe,5342,0x3c6ddedd59b588e0cd15caa97affe947bbecd8ad,94.785105,94.785105,0.0,1,0,1697061693
2023-10-05,0x3fc28bfac25fc8e93b5b2fc15efbbd5a8aa44efe,5351,0x23fcf8d02b1b515ca40ec908463626c1759c2756,378.662768,378.662768,378.662768,1,1,1697021001
2023-10-05,0x3fc28bfac25fc8e93b5b2fc15efbbd5a8aa44efe,5384,0xf7247434d02f6484c5d440100aa264cf66a4a718,377.300041,377.300041,0.0,1,0,1697029905
2023-10-05,0x3fc28bfac25fc8e93b5b2fc15efbbd5a8aa44efe,5391,0xf41bce5740ad4d098cb887ca93a24409f038c838,377.390283,377.390283,0.0,1,0,1697028363
2023-10-05,0x3fc28bfac25fc8e93b5b2fc15efbbd5a8aa44efe,5402,0x4ecdab936c21e7b42feb6813e0ef8acb9f35e79e,376.407276,376.407276,376.407276,1,1,1697028365
2023-10-05,0x3fc28bfac25fc8e93b5b2fc15efbbd5a8aa44efe,5423,0xf01140a33593d481b9482561fa62a7a1e05ff81c,433.667386,433.667386,378.208823,1,1,1696993121
2023-10-05,0x3fc28bfac25fc8e93b5b2fc15efbbd5a8aa44efe,5500,0x4f356412d6264eb2d55b48ac711e02cd0a4eda31,371.795039,371.795039,0.0,1,0,1697036573
2023-10-05,0x3fc28bfac25fc8e93b5b2fc15efbbd5a8aa44efe,5505,0xfb245db74da26226cf183f13287f7110c27fd0c7,437.7335,437.7335,388.925824,1,1,1696992385
2023-10-05,0x3fc28bfac25fc8e93b5b2fc15efbbd5a8aa44efe,5511,0x3155da6bf329a0db715b13fac6db6f95838d80f9,371.179573,371.179573,0.0,1,0,1697019087
2023-10-05,0x3fc28bfac25fc8e93b5b2fc15efbbd5a8aa44efe,5517,0xd1f2e5be1a01a20d7f860ab1e608cbaeb5bc3acd,359.818606,359.818606,361.488048,1,1,1696897563
2023-10-05,0x3fc28bfac25fc8e93b5b2fc15efbbd5a8aa44efe,5533,0xd608da94e1696d9b31b993b222bcd970dc6c54ca,0.0,0.0,361.010479,0,1,1696920231
2023-10-05,0x3fc28bfac25fc8e93b5b2fc15efbbd5a8aa44efe,5535,0x517633274809378d9b50d2966856ac680e646c61,370.490598,370.490598,0.0,1,0,1697030221
2023-10-05,0x3fc28bfac25fc8e93b5b2fc15efbbd5a8aa44efe,5548,0x43beaaf55b402a7b59b8d2696ec040fd09f6c001,369.918087,369.918087,0.0,1,0,1697034117
2023-10-05,0x3fc28bfac25fc8e93b5b2fc15efbbd5a8aa44efe,5550,0x03fd0ac5a10b884df17e038f2796c7b5a0d41a9f,358.692125,358.692125,360.365944,1,1,1696900867
2023-10-05,0x3fc28bfac25fc8e93b5b2fc15efbbd5a8aa44efe,5558,0x8c6463594d7a4c2e8fe8c8e38964b6837a9d0415,369.665089,369.665089,0.0,1,0,1697035391
2023-10-05,0x3fc28bfac25fc8e93b5b2fc15efbbd5a8aa44efe,5567,0xf69f557f2960572c661c7aef950da9edfc8e4936,0.0,0.0,359.968508,0,1,1696921697
2023-10-05,0x3fc28bfac25fc8e93b5b2fc15efbbd5a8aa44efe,5570,0x19353b784ae308471cc9418c24e4b83bb40f7181,369.353462,369.353462,369.353462,1,1,1697028325
2023-10-05,0x3fc28bfac25fc8e93b5b2fc15efbbd5a8aa44efe,5572,0xab269f6a366fdf46f20cd9dae2ee2ceacac4a8a1,0.0,0.0,359.821255,0,1,1696920283
2023-10-05,0x3fc28bfac25fc8e93b5b2fc15efbbd5a8aa44efe,5628,0x2c85610b99c549b9c877bd86efa3898860d5d40a,368.163499,368.163499,368.163499,1,1,1697064973
2023-10-05,0x3fc28bfac25fc8e93b5b2fc15efbbd5a8aa44efe,5629,0x0d597548a504bd73aca94b5d470456b7a68953db,368.14751,368.14751,368.14751,1,1,1697028741
2023-10-05,0x3fc28bfac25fc8e93b5b2fc15efbbd5a8aa44efe,5636,0x01788e63e54d738f0dac036de1392284d467897f,367.787624,367.787624,367.787624,1,1,1697013863
2023-10-05,0x3fc28bfac25fc8e93b5b2fc15efbbd5a8aa44efe,5644,0x706a53889e904bbcf17c71c257f60dfc53509f4b,367.396411,367.396411,0.0,1,0,1697006599
2023-10-05,0x3fc28bfac25fc8e93b5b2fc15efbbd5a8aa44efe,5658,0xda3b3c61db1e4e7488e07c8db672e87f4230e459,0.0,0.0,357.581929,0,1,1696922417
2023-10-05,0x3fc28bfac25fc8e93b5b2fc15efbbd5a8aa44efe,5687,0x818ab232724233ee2c2b66a42e515d5d98ef8a8f,0.0,0.0,356.819545,0,1,1696922273
2023-10-05,0x3fc28bfac25fc8e93b5b2fc15efbbd5a8aa44efe,5691,0x019ff7bac7aa857aafa92fb7908b65722d27f74e,355.519185,355.519185,356.773811,1,1,1696922691
2023-10-05,0x3fc28bfac25fc8e93b5b2fc15efbbd5a8aa44efe,5702,0x03f05d064549743f94b56f47b70b6bfafc012c50,0.0,0.0,356.504631,0,1,1696922795
2023-10-05,0x3fc28bfac25fc8e93b5b2fc15efbbd5a8aa44efe,5704,0x8a7cd852dfee6a5c05a8f049a17a14361f8e5ea7,365.840284,365.840284,365.840284,1,1,1697011079
2023-10-05,0x3fc28bfac25fc8e93b5b2fc15efbbd5a8aa44efe,5710,0xed52cbe639c5a64138ce678b86a8f231a89cdb05,0.0,0.0,356.31118,0,1,1696931629
2023-10-05,0x3fc28bfac25fc8e93b5b2fc15efbbd5a8aa44efe,5715,0xa32df494ddf72c7b8ea81fcda5bc08dfa287c4e9,0.0,0.0,356.236885,0,1,1696922897
2023-10-05,0x3fc28bfac25fc8e93b5b2fc15efbbd5a8aa44efe,5727,0x63265ff8ea0f3c87ec4df6746e71f20aa3a7af7f,0.0,0.0,355.924083,0,1,1696932099
2023-10-05,0x3fc28bfac25fc8e93b5b2fc15efbbd5a8aa44efe,5730,0x8e3c3084dc48cac05e46346849125f684160b117,399.756403,399.756403,354.896527,1,1,1697003103
2023-10-05,0x3fc28bfac25fc8e93b5b2fc15efbbd5a8aa44efe,5738,0x79f91e61466426e50499b9bd56e46ac2f9df78e6,364.816407,364.816407,364.816407,1,1,1697019035
2023-10-05,0x3fc28bfac25fc8e93b5b2fc15efbbd5a8aa44efe,5739,0xc42104b600ca8f036ae1074b41ec47cf639fd1bd,0.0,0.0,355.434997,0,1,1696931779
2023-10-05,0x3fc28bfac25fc8e93b5b2fc15efbbd5a8aa44efe,5746,0x7a68fa1ffeeb5fe98a4517ccbd4c94fcc54cf997,0.0,0.0,355.168483,0,1,1696931849
2023-10-05,0x3fc28bfac25fc8e93b5b2fc15efbbd5a8aa44efe,5750,0x7a43537c7d9ab1f6c53746bcf1421c15563d6140,364.405013,364.405013,0.0,1,0,1697033551
2023-10-05,0x3fc28bfac25fc8e93b5b2fc15efbbd5a8aa44efe,5751,0xff8ab0d1e6600de5d061b4b247dea2027bb09bee,0.0,0.0,355.018771,0,1,1696931705
2023-10-05,0x3fc28bfac25fc8e93b5b2fc15efbbd5a8aa44efe,5761,0x26f7678429ad78fbef8fa7f933b5f472fe74607f,0.0,0.0,364.045852,0,1,1697044467
2023-10-05,0x3fc28bfac25fc8e93b5b2fc15efbbd5a8aa44efe,5765,0x5d781a5e0d360006b28c96f383d54f6b622044ab,12459.810306,12459.810306,0.0,1,0,1697064687
2023-10-05,0x3fc28bfac25fc8e93b5b2fc15efbbd5a8aa44efe,5776,0x7a43537c7d9ab1f6c53746bcf1421c15563d6140,363.526074,363.526074,0.0,1,0,1697033257
2023-10-05,0x3fc28bfac25fc8e93b5b2fc15efbbd5a8aa44efe,5786,0x0b7c75a9689a84854256c7d5db7c87feb1bbbb8b,375.094592,375.094592,0.0,1,0,1697028705
2023-10-05,0x3fc28bfac25fc8e93b5b2fc15efbbd5a8aa44efe,5789,0x26ef296bd133aa54aaefeeedae62502b78e2e301,422.923736,422.923736,375.666737,1,1,1696992679
2023-10-05,0x3fc28bfac25fc8e93b5b2fc15efbbd5a8aa44efe,5804,0x0580e3be789d7d3b4d503697ea7b983f728ab544,0.0,0.0,353.346399,0,1,1696933643
2023-10-05,0x3fc28bfac25fc8e93b5b2fc15efbbd5a8aa44efe,5807,0x421312c8e8cb7bf137ea430d235eaa391452fa7c,108.905294,108.905294,145.015086,1,1,1696535597
2023-10-05,0x3fc28bfac25fc8e93b5b2fc15efbbd5a8aa44efe,5815,0x071132ab277d98c362be1b91c4ae9f5da3bf7e01,0.0,0.0,362.14981,0,1,1697056877
2023-10-05,0x3fc28bfac25fc8e93b5b2fc15efbbd5a8aa44efe,5822,0xaa7ce71fd8ddffda746af77ba54ccd96b52dfe92,362.089103,362.089103,362.089103,1,1,1696997599
2023-10-05,0x3fc28bfac25fc8e93b5b2fc15efbbd5a8aa44efe,5868,0xfb5c8ad70670283021b942f29f9bc1e3bc1ae476,0.0,0.0,360.765486,0,1,1696816737
2023-10-05,0x3fc28bfac25fc8e93b5b2fc15efbbd5a8aa44efe,5891,0x2188d1a5e18768ef32a3c2e647207ca3627d3ffd,396.136402,396.136402,344.679809,1,1,1697002319
2023-10-05,0x3fc28bfac25fc8e93b5b2fc15efbbd5a8aa44efe,5909,0xbcd6fd639044c26c7a24288adf62eb56bf4511bc,421.718223,421.718223,374.722807,1,1,1696992075
2023-10-05,0x3fc28bfac25fc8e93b5b2fc15efbbd5a8aa44efe,5961,0x7603c40b04ae8d4a82aedbccb5c3cd81b6681895,173.323265,173.323265,174.177026,1,1,1697017741
2023-10-05,0x3fc28bfac25fc8e93b5b2fc15efbbd5a8aa44efe,5962,0x04576fb84df8df948d0004a84a3f5c8cb286b565,173.304314,173.304314,174.157915,1,1,1697017659
2023-10-05,0x3fc28bfac25fc8e93b5b2fc15efbbd5a8aa44efe,5971,0xb2d0fb36cca6b51b6464cccc92ded1a4cd9b8b65,394.033532,394.033532,349.839077,1,1,1697003289
2023-10-05,0x3fc28bfac25fc8e93b5b2fc15efbbd5a8aa44efe,5979,0xadb2cc3215c14960240ac2e8f62371e1382497ef,86.695181,86.695181,0.0,1,0,1696773001
2023-10-05,0x3fc28bfac25fc8e93b5b2fc15efbbd5a8aa44efe,6009,0x2ceba06d249bbfa20894e2092b77dd86db0a9302,356.240302,356.240302,356.240302,1,1,1697058209
2023-10-05,0x3fc28bfac25fc8e93b5b2fc15efbbd5a8aa44efe,6016,0x40ae02ac5e10d1dd833a881ee9173a269559c029,421.013082,421.013082,421.013082,1,1,1697051815
2023-10-05,0x3fc28bfac25fc8e93b5b2fc15efbbd5a8aa44efe,6035,0x5321230699f17aa1a242a80d8ecee9233592baf9,428.995371,428.995371,380.970098,1,1,1696991729
2023-10-05,0x3fc28bfac25fc8e93b5b2fc15efbbd5a8aa44efe,6056,0xc630ee3e52a40a2c87d3507b18d11efb178d01ab,91.516879,91.516879,71.047444,1,1,1696596589
2023-10-05,0x3fc28bfac25fc8e93b5b2fc15efbbd5a8aa44efe,6063,0x68811b7700b567f31e33004b04fbaa33b78dc57d,363.854162,363.854162,363.854162,1,1,1697031841
2023-10-05,0x3fc28bfac25fc8e93b5b2fc15efbbd5a8aa44efe,6094,0xa81d465f8950d8999173eb9aba97f9c12d1758f5,354.351153,354.351153,177.175577,1,1,1696664987
2023-10-05,0x3fc28bfac25fc8e93b5b2fc15efbbd5a8aa44efe,6119,0x90126de0707a9a0085f511afcb345e81b7fcec1d,353.746933,353.746933,0.0,1,0,1697047365
2023-10-05,0x3fc28bfac25fc8e93b5b2fc15efbbd5a8aa44efe,6150,0xef5456132d6abbdf88a5a8ba89a0629f314c386c,0.0,0.0,176.568782,0,1,1697051071
2023-10-05,0x3fc28bfac25fc8e93b5b2fc15efbbd5a8aa44efe,6168,0xe6b7775e47507a45184ae31122e91de586652ed4,353.157323,353.157323,0.0,1,0,1697009069
2023-10-05,0x3fc28bfac25fc8e93b5b2fc15efbbd5a8aa44efe,6171,0xcb2aa9a60946058ff83fb095ddf2582c3c47c375,352.630657,352.630657,352.630657,1,1,1697006201
2023-10-05,0x3fc28bfac25fc8e93b5b2fc15efbbd5a8aa44efe,6175,0x479e26d0e79d430340a0c6468f16ab9f5a033b97,176.278146,176.278146,0.0,1,0,1696989365
2023-10-05,0x3fc28bfac25fc8e93b5b2fc15efbbd5a8aa44efe,6215,0xff4f7b726ee86f810531d2842b3bdd8a512db594,0.0,0.0,352.153817,0,1,1697050821
2023-10-05,0x3fc28bfac25fc8e93b5b2fc15efbbd5a8aa44efe,6244,0xd298acc20377a1a120fa8c233f70a427a7db8e2a,351.228454,351.228454,0.0,1,0,1697042747
2023-10-05,0x3fc28bfac25fc8e93b5b2fc15efbbd5a8aa44efe,6360,0x7d62cf2e7fe9de04aaefbb7b158abff76f786f27,0.0,0.0,349.188149,0,1,1696661017
2023-10-05,0x3fc28bfac25fc8e93b5b2fc15efbbd5a8aa44efe,6375,0xe331ef612cebc0aca6d0b586542b3c25c82350bb,34.891849,34.891849,34.891849,1,1,1697056267
2023-10-05,0x3fc28bfac25fc8e93b5b2fc15efbbd5a8aa44efe,6386,0x61e9ffc8f2ea47e0e13ddd60e38e8212fa72cf42,348.626765,348.626765,348.626765,1,1,1697052663
2023-10-05,0x3fc28bfac25fc8e93b5b2fc15efbbd5a8aa44efe,6418,0xb4173fee41920a8e7d3451863f9779468ebab98e,3872.36842,3872.36842,0.0,1,0,1697016971
2023-10-05,0x3fc28bfac25fc8e93b5b2fc15efbbd5a8aa44efe,6456,0x9b12c2ef2e591dd12d82dfba3268881ed9aed88d,0.0,0.0,2377.844471,0,1,1697035145
2023-10-05,0x3fc28bfac25fc8e93b5b2fc15efbbd5a8aa44efe,6457,0x2cac43da9303af89e6de4e197d52f1f9c3ca2936,0.0,0.0,3087.873167,0,1,1697035215
2023-10-05,0x3fc28bfac25fc8e93b5b2fc15efbbd5a8aa44efe,6578,0x2106577abf82b277f984400a3b57bfcb2b2f5d3d,381.678297,381.678297,381.678297,1,1,1697065035
2023-10-05,0x3fc28bfac25fc8e93b5b2fc15efbbd5a8aa44efe,6653,0xd1ad3830b54e97fcc05195c637b8e8e038378070,0.0,0.0,5.875267,0,1,1697051865
2023-10-05,0x3fc28bfac25fc8e93b5b2fc15efbbd5a8aa44efe,6668,0x4379e33178fff73ee6b7c776fbd5a20fe9eea97b,1195.514867,1195.514867,1195.514867,1,1,1696772645
2023-10-05,0x3fc28bfac25fc8e93b5b2fc15efbbd5a8aa44efe,6937,0xc0723dcfbf60002b3b5b55fca06f0414263ff111,163.243611,163.243611,0.0,1,0,1697057773
2023-10-05,0x3fc28bfac25fc8e93b5b2fc15efbbd5a8aa44efe,7049,0xe7de9bada139629600b5d140c0eff9cff34524cc,50.860987,50.860987,0.0,1,0,1697018951
2023-10-05,0x3fc28bfac25fc8e93b5b2fc15efbbd5a8aa44efe,7059,0xb4173fee41920a8e7d3451863f9779468ebab98e,2378.966536,2378.966536,0.0,1,0,1697016987
2023-10-05,0x3fc28bfac25fc8e93b5b2fc15efbbd5a8aa44efe,7120,0x0524f2b8765ee3a1a033311ddc9e2dcaad34b8c3,617.407906,617.407906,452.413901,1,1,1697053871
2023-10-05,0x3fc28bfac25fc8e93b5b2fc15efbbd5a8aa44efe,7129,0x4c55adf88fe327befba5dd15000b039b818f365f,1294.342594,1294.342594,1294.342594,1,1,1696993883
2023-10-05,0x3fc28bfac25fc8e93b5b2fc15efbbd5a8aa44efe,7142,0xbe8eb72d33d76008bb4964189e86f56378acc518,0.0,0.0,3288.993435,0,1,1697056411
2023-10-05,0x3fc28bfac25fc8e93b5b2fc15efbbd5a8aa44efe,7172,0x81276fc93ed8b3897daff792839edbf505646efd,135.204625,135.204625,28.620848,1,1,1696832347
2023-10-05,0x3fc28bfac25fc8e93b5b2fc15efbbd5a8aa44efe,7274,0x36fb66ea97a342c0f43cab3045004c17bc15546a,18.71766,18.71766,9.949729,1,1,1696728357
2023-10-05,0x3fc28bfac25fc8e93b5b2fc15efbbd5a8aa44efe,7433,0xd8495779105bdd71540d53a58865b4ed337d3775,0.0,79.65912,101.995971,1,2,1696602461
2023-10-05,0x3fc28bfac25fc8e93b5b2fc15efbbd5a8aa44efe,7436,0x95dbf6d1648cf3a40639cc2c87656d7c45822f9b,48.87507,48.87507,49.632723,1,1,1696537263
2023-10-05,0x3fc28bfac25fc8e93b5b2fc15efbbd5a8aa44efe,7437,0xa920e0910ed51e167cf63577652c0f35ff73f7f3,3.117105,3.117105,31.754229,1,1,1696940807
2023-10-05,0x3fc28bfac25fc8e93b5b2fc15efbbd5a8aa44efe,7462,0xb5f9883a9318f3c7bc50a40be24f975885fe13a5,480.586255,480.586255,512.940402,1,1,1696761721
2023-10-05,0x3fc28bfac25fc8e93b5b2fc15efbbd5a8aa44efe,7649,0xa8cc3f0f9630864b4482ff3e1dbda71a0aaec577,0.0,0.0,21.524251,0,1,1696551039
2023-10-05,0x3fc28bfac25fc8e93b5b2fc15efbbd5a8aa44efe,7660,0xb0ee517e2da88b6ce35ab8d2a472aa597033a84e,146.338473,146.338473,147.797786,1,1,1696595579
2023-10-05,0x3fc28bfac25fc8e93b5b2fc15efbbd5a8aa44efe,7714,0xcba1a275e2d858ecffaf7a87f606f74b719a8a93,196.760595,196.760595,197.651778,1,1,1697058601
2023-10-05,0x3fc28bfac25fc8e93b5b2fc15efbbd5a8aa44efe,7719,0x046fa360b57d93fc37a8e427b3e591219844bb27,2.493986,2.493986,2.524975,1,1,1696777055
2023-10-05,0x3fc28bfac25fc8e93b5b2fc15efbbd5a8aa44efe,7732,0xee9a23404333361302790e905bd0f27603d39818,1030.224872,1030.224872,0.0,1,0,1697046119
2023-10-05,0x3fc28bfac25fc8e93b5b2fc15efbbd5a8aa44efe,7733,0x9f0f8f07ec71a6435f1574ec022e98b5445d4988,12124.518842,12124.518842,12120.631378,1,1,1697046269
2023-10-05,0x3fc28bfac25fc8e93b5b2fc15efbbd5a8aa44efe,7835,0xe4a8840ba281865797cfaf7bcfc0876771285643,2.632496,2.632496,2.645189,1,1,1696763477
2023-10-05,0x3fc28bfac25fc8e93b5b2fc15efbbd5a8aa44efe,7857,0x4886ba5d2b3e0ae1e80172d3bddc4feb32e1ce26,4.485254,4.485254,4.503923,1,1,1696924065
2023-10-05,0x3fc28bfac25fc8e93b5b2fc15efbbd5a8aa44efe,7995,0x0b7c75a9689a84854256c7d5db7c87feb1bbbb8b,872.44837,872.44837,0.0,1,0,1697028727
2023-10-05,0x3fc28bfac25fc8e93b5b2fc15efbbd5a8aa44efe,7998,0x04d4e38e09a2f3dae520f3d0071e10b51b78b77a,12132.669234,12132.669234,0.0,1,0,1697029963
2023-10-05,0x3fc28bfac25fc8e93b5b2fc15efbbd5a8aa44efe,8047,0x4ee67d558e065c6655f6a871a881e4717d97d1bd,2879.252413,2879.252413,0.0,1,0,1697063953
2023-10-05,0x3fc28bfac25fc8e93b5b2fc15efbbd5a8aa44efe,8054,0xee9a23404333361302790e905bd0f27603d39818,1953.513407,1953.513407,0.0,1,0,1697046133
2023-10-05,0x3fc28bfac25fc8e93b5b2fc15efbbd5a8aa44efe,8061,0x73edcd0f5cf8df7a3e1d11ef5d696c266d996f9d,693.214284,693.214284,0.0,1,0,1697051083
2023-10-05,0x3fc28bfac25fc8e93b5b2fc15efbbd5a8aa44efe,8063,0xaec272e8867a89e5de4d3e7ec59f3544801f31b7,7.273396,7.273396,0.0,1,0,1697019521
2023-10-05,0x3fc28bfac25fc8e93b5b2fc15efbbd5a8aa44efe,8065,0xcff8eb70b166bba2304518e5a09fa67e43c21216,7.265012,7.265012,7.535142,1,1,1697020043
2023-10-05,0x3fc28bfac25fc8e93b5b2fc15efbbd5a8aa44efe,8066,0x5c2bb04553c205587af500f53e37e28414dd100b,7.262835,7.262835,7.53285,1,1,1697020071
2023-10-05,0x3fc28bfac25fc8e93b5b2fc15efbbd5a8aa44efe,8068,0x4428b40e5a2824144fe3fb08571c95ed1e52fb9b,9.902735,9.902735,9.992191,1,1,1697020127
2023-10-05,0x3fc28bfac25fc8e93b5b2fc15efbbd5a8aa44efe,8069,0xf34b15ad6dafe19bc016d114a2c769619c953727,9.911084,9.911084,10.000303,1,1,1697020171
2023-10-05,0x3fc28bfac25fc8e93b5b2fc15efbbd5a8aa44efe,8070,0x0fce2030d9ca8b7987f82c5f0433edba6a70b5f3,9.891345,9.891345,9.99033,1,1,1697020195
2023-10-05,0x3fc28bfac25fc8e93b5b2fc15efbbd5a8aa44efe,8071,0xc552d0c6bb49671e0c8c1537338acd086e0f1108,9.890982,9.890982,9.990141,1,1,1697020215
2023-10-05,0x3fc28bfac25fc8e93b5b2fc15efbbd5a8aa44efe,8072,0x64e71b440cec3a7ea58e13c9a8bc79163de9b3e7,9.885253,9.885253,9.987242,1,1,1697020233
2023-10-05,0x3fc28bfac25fc8e93b5b2fc15efbbd5a8aa44efe,8073,0xde76c45ed9385c48346baaab0baf511ae939b2b8,9.885812,9.885812,9.987518,1,1,1697020249
2023-10-05,0x3fc28bfac25fc8e93b5b2fc15efbbd5a8aa44efe,8074,0x0b504389ffa6181893670ebab4e4584e74706e7e,9.88428,9.88428,9.98674,1,1,1697020267
2023-10-05,0x3fc28bfac25fc8e93b5b2fc15efbbd5a8aa44efe,8075,0xca32a60f29b9b7e22fb7713baf82618b8e0e72d9,9.883852,9.883852,9.986519,1,1,1697020285
2023-10-05,0x3fc28bfac25fc8e93b5b2fc15efbbd5a8aa44efe,8076,0xe45fe07fec55b40da85d4df75fe54f484c7fcdcc,9.890261,9.890261,9.989752,1,1,1697020305
2023-10-05,0x3fc28bfac25fc8e93b5b2fc15efbbd5a8aa44efe,8125,0x0c250c0d0e4555d3ffca9a5d4ef124840994853b,86.941944,86.941944,88.523977,1,1,1697052113
2023-10-05,0x3fc28bfac25fc8e93b5b2fc15efbbd5a8aa44efe,8260,0xd0c786157a01042a183dfa9cf20f561a0d7fff79,36005.514485,36005.514485,36005.514485,1,1,1696482995
2023-10-05,0x3fc28bfac25fc8e93b5b2fc15efbbd5a8aa44efe,8343,0x6c6dc387b28edf1d2ccac7acc99f4238db1592ba,1.669756,1.669756,0.876107,1,1,1696857311
2023-10-05,0x3fc28bfac25fc8e93b5b2fc15efbbd5a8aa44efe,8345,0x03b7f7cb25be1bcfa4ba8a0e5fb7c1f404cbede2,0.0,0.0,25365.591952,0,1,1697049881
2023-10-05,0x3fc28bfac25fc8e93b5b2fc15efbbd5a8aa44efe,8346,0x04d4e38e09a2f3dae520f3d0071e10b51b78b77a,2623.66776,2623.66776,2623.66776,1,1,1697029941
2023-10-05,0x3fc28bfac25fc8e93b5b2fc15efbbd5a8aa44efe,8347,0x0578fe63a40dd249b853487dae3c9eb01957628e,35994.04816,35994.04816,0.0,1,0,1697017201
2023-10-05,0x3fc28bfac25fc8e93b5b2fc15efbbd5a8aa44efe,8355,0x1594b251df6b70ca9a01d4de0836ab4fd9811241,260509.423994,260509.423994,0.0,1,0,1697048481
2023-10-05,0x3fc28bfac25fc8e93b5b2fc15efbbd5a8aa44efe,8357,0x17ec133d0774c0e8f463e864f8a31e19c7bfd03f,8995.43232,8995.43232,0.0,1,0,1697064469
2023-10-05,0x3fc28bfac25fc8e93b5b2fc15efbbd5a8aa44efe,8369,0x2a23d0650db1c536e71aeb63ecd3daa0b52e66e1,1311.83388,1311.83388,0.0,1,0,1696984063
2023-10-05,0x3fc28bfac25fc8e93b5b2fc15efbbd5a8aa44efe,8392,0x505f69dbcc43a51d7ef1c2201f54ee116c45b20b,0.0,0.0,151150.502522,0,1,1697050085
2023-10-05,0x3fc28bfac25fc8e93b5b2fc15efbbd5a8aa44efe,8405,0x5d6f3d0c92d0564151357b0863e55e9ed4631b8d,898.464017,898.464017,667.064154,1,1,1697062591
2023-10-05,0x3fc28bfac25fc8e93b5b2fc15efbbd5a8aa44efe,8430,0x97020c9ec66e0f59231918b1d2f167a66026aff2,2998.47744,2998.47744,0.0,1,0,1697049947
2023-10-05,0x3fc28bfac25fc8e93b5b2fc15efbbd5a8aa44efe,8434,0x9f0f8f07ec71a6435f1574ec022e98b5445d4988,12324.664712,24649.329423,16822.380872,2,2,1697046289
2023-10-05,0x3fc28bfac25fc8e93b5b2fc15efbbd5a8aa44efe,8435,0x9fd31424cfceab50218906bc1b3d87fe7778ca61,1687.184519,1687.184519,0.0,1,0,1697023475
2023-10-05,0x3fc28bfac25fc8e93b5b2fc15efbbd5a8aa44efe,8438,0xa23bde7b73b4acc73918e2362e6a646761955c7c,0.0,0.0,1124.42904,0,1,1697062965
2023-10-05,0x3fc28bfac25fc8e93b5b2fc15efbbd5a8aa44efe,8441,0xa7f343a7c53f3a852a7ae51f5e62b4d9b0594336,1124.789679,1124.789679,0.0,1,0,1697055799
2023-10-05,0x3fc28bfac25fc8e93b5b2fc15efbbd5a8aa44efe,8453,0xb8923121c123edf84d349a9e923b15ced48d219c,2999.439145,2999.439145,0.0,1,0,1697049565
2023-10-05,0x3fc28bfac25fc8e93b5b2fc15efbbd5a8aa44efe,8516,0xa5a2a35fa9404f3603505984506206ccf208489f,5e-06,5e-06,0.0,1,0,1696503683
2023-10-05,0x3fc28bfac25fc8e93b5b2fc15efbbd5a8aa44efe,8523,0x4ee0b439439910b52467920cb2a3248958327543,1.778883,1.778883,0.0,1,0,1696516117
2023-10-05,0x3fc28bfac25fc8e93b5b2fc15efbbd5a8aa44efe,8525,0x82e96b961022cd61ff4df9162b3faae6a4068ad8,22329.633161,22329.633161,0.0,1,0,1696520735
2023-10-05,0x3fc28bfac25fc8e93b5b2fc15efbbd5a8aa44efe,8528,0x309f148d27aa818e3ad479922227bb538f46c520,5.165313,5.165313,0.0,1,0,1696544535
2023-10-05,0x3fc28bfac25fc8e93b5b2fc15efbbd5a8aa44efe,8542,0x50fa50fa2032d85eb2dda303929bf56886aa9afb,5093.370166,5093.370166,0.0,1,0,1696999607
2023-10-05,0x3fc28bfac25fc8e93b5b2fc15efbbd5a8aa44efe,8601,0xcd34cc3569ec6a6ba0e5fecf8841b3d02551a465,7.513076,7.513076,0.0,1,0,1696839343
2023-10-05,0x3fc28bfac25fc8e93b5b2fc15efbbd5a8aa44efe,8647,0xeb52c531a253e4c849fd39b515405f4d6370964e,20.950658,20.950658,0.0,1,0,1697019589
2023-10-05,0x3fc28bfac25fc8e93b5b2fc15efbbd5a8aa44efe,8650,0x7bc7efdf873204f6100cb84f0cf5ecc8ff39a557,10.160908,10.160908,0.0,1,0,1697024145
2023-10-05,0x3fc28bfac25fc8e93b5b2fc15efbbd5a8aa44efe,8652,0x3d088b87c048e5fd4e3a6f9cc04490501b1dbae1,12.892553,12.892553,0.0,1,0,1697028481
2023-10-05,0x3fc28bfac25fc8e93b5b2fc15efbbd5a8aa44efe,8653,0xc03be0fe13e3dec5981e10dba610f23751333f0c,2.093166,2.093166,0.0,1,0,1697028853
2023-10-05,0x3fc28bfac25fc8e93b5b2fc15efbbd5a8aa44efe,8660,0x05a7eb929209f5c1f2f08dd087b64bb1beba99fe,204.829009,204.829009,0.0,1,0,1697045539
2023-10-05,0x3fc28bfac25fc8e93b5b2fc15efbbd5a8aa44efe,8662,0xf2ffa43dd3e085d8427c7d29c6ba33228f76ebfa,20013.446365,40026.901002,20013.454637,2,1,1697047115
2023-10-05,0x3fc28bfac25fc8e93b5b2fc15efbbd5a8aa44efe,8666,0x766244cb75d011c1f9afbdb3284970a81f2e88cd,199.505313,199.505313,0.0,1,0,1697056439
2023-10-05,0x3fc28bfac25fc8e93b5b2fc15efbbd5a8aa44efe,8667,0x09334f42d68430af41985042794fb37eab6c41a0,0.040695,0.040695,0.0,1,0,1697056939
2023-10-05,0x44d7dd237001aef7fc7d8cb13ab4452f65ce5e40,5750,0x7a43537c7d9ab1f6c53746bcf1421c15563d6140,0.0,0.0,364.405013,0,1,1697033551
2023-10-05,0x44d7dd237001aef7fc7d8cb13ab4452f65ce5e40,8651,0x2c3bfe3791dc5dae4200f74c5dafd912c2af5169,5.300566,5.300566,0.0,1,0,1697026345
2023-10-05,0x44ecc644449fc3a9858d2007caa8cfaa4c561f91,4,0x834c0da026d5f933c2c18fa9f8ba7f1f792fda52,6044221.613356,6044221.613356,7515227.932971,1,1,1697038535
2023-10-05,0x44ecc644449fc3a9858d2007caa8cfaa4c561f91,473,0x97020c9ec66e0f59231918b1d2f167a66026aff2,12459.325786,12459.325786,0.0,1,0,1697050159
2023-10-05,0x44ecc644449fc3a9858d2007caa8cfaa4c561f91,1302,0x764f4909251f81976a0a2dcebce95333e4c27517,3068.298593,3068.298593,2861.390791,1,1,1696979789
2023-10-05,0x44ecc644449fc3a9858d2007caa8cfaa4c561f91,3347,0x175fb20b9b5bcf80a0167d403405e6f3a074cfa0,384.133931,384.133931,384.133931,1,1,1696627085
2023-10-05,0x44ecc644449fc3a9858d2007caa8cfaa4c561f91,4518,0x43917a8174465dc01522e8e14335eaa2cde33f6f,129.061062,129.061062,129.061062,1,1,1696531493
2023-10-05,0x44ecc644449fc3a9858d2007caa8cfaa4c561f91,7599,0x63fa319a44517f0c41e7902b2aa016e83fda17aa,44.846213,45.367961,0.798904,3,3,1696785191
2023-10-05,0x44ecc644449fc3a9858d2007caa8cfaa4c561f91,7716,0x46a83dc1a264bff133db887023d2884167094837,0.0,0.0,120160.687704,0,1,1697046503
2023-10-05,0x4a3636608d7bc5776cb19eb72caa36ebb9ea683b,1,0xbde0c70bdc242577c52dfad53389f82fd149ea5a,709030.370115,709030.370115,759755.4212,1,1,1697045005
2023-10-05,0x4a3636608d7bc5776cb19eb72caa36ebb9ea683b,2,0x51e171d2fde9b37bbbb624a53ef54959422388e4,506450.264368,506450.264368,542682.443714,1,1,1697050283
2023-10-05,0x4a3636608d7bc5776cb19eb72caa36ebb9ea683b,5,0x5b1892b546002ff3dd508500575bd6bf7a101431,185663.324103,185663.324103,198945.963913,1,1,1697045057
2023-10-05,0x4a3636608d7bc5776cb19eb72caa36ebb9ea683b,21,0x4444aaaacdba5580282365e25b16309bd770ce4a,260192.79258,260192.79258,0.0,1,0,1697062045
2023-10-05,0x4a3636608d7bc5776cb19eb72caa36ebb9ea683b,24,0x208a17c5fabe5b90282e5906945ff335e39326c4,18240.069901,18240.069901,3648.01398,1,1,1697051865
2023-10-05,0x4a3636608d7bc5776cb19eb72caa36ebb9ea683b,68,0x132e47cf2c19ec2d8dd56e1528fc7e18dc09188f,44317.827131,44317.827131,0.0,1,0,1697053575
2023-10-05,0x4a3636608d7bc5776cb19eb72caa36ebb9ea683b,83,0x6b879c078ea4cc27bbdb486fcaa4fa27e6cbe97a,198106.631476,198106.631476,0.0,1,0,1697057671
2023-10-05,0x4a3636608d7bc5776cb19eb72caa36ebb9ea683b,86,0x9ebd10b46b43351097cab2d3c03ccf440957a2a9,0.0,0.0,667341.177436,0,1,1697057093
2023-10-05,0x4a3636608d7bc5776cb19eb72caa36ebb9ea683b,105,0x208a17c5fabe5b90282e5906945ff335e39326c4,5166.800355,5166.800355,0.0,1,0,1697051893
2023-10-05,0x4a3636608d7bc5776cb19eb72caa36ebb9ea683b,174,0x83bad39f067ef72e354f2ea9d318eaad381a7f15,0.0,0.0,58379.945834,0,1,1697041741
2023-10-05,0x4a3636608d7bc5776cb19eb72caa36ebb9ea683b,334,0xa7d7ac8fe7e8693b5599c69cc7d4f6226677845b,0.0,0.0,89825.37544,0,1,1696594801
2023-10-05,0x4a3636608d7bc5776cb19eb72caa36ebb9ea683b,341,0xb1d47d39c3bb868e5e4be068b7057d4caad0b31c,21644.779994,21644.779994,21749.046311,1,1,1697059107
2023-10-05,0x4a3636608d7bc5776cb19eb72caa36ebb9ea683b,347,0xdffd8bbf8dcaf236c4e009ff6013bfc98407b6c0,84710.590286,84710.590286,0.0,1,0,1697057793
2023-10-05,0x4a3636608d7bc5776cb19eb72caa36ebb9ea683b,371,0x84572c31acdd30c03982e27b809d30b1efbcd8f2,76830.482939,76830.482939,0.0,1,0,1696875149
2023-10-05,0x4a3636608d7bc5776cb19eb72caa36ebb9ea683b,417,0xbe93d14c5defb8f41af8fb092f58e3c71c712b85,15216.530609,15216.530609,15211.651758,1,1,1696501421
2023-10-05,0x4a3636608d7bc5776cb19eb72caa36ebb9ea683b,449,0xf6657bbcfeb5c2746e8c609e35018a5a8caa13fb,0.0,0.0,13095.936634,0,1,1697047599
2023-10-05,0x4a3636608d7bc5776cb19eb72caa36ebb9ea683b,575,0x94587a95917188b338c822de2d1e77074131589f,9351.029064,9351.029064,0.0,1,0,1696611191
2023-10-05,0x4a3636608d7bc5776cb19eb72caa36ebb9ea683b,596,0xdffd8bbf8dcaf236c4e009ff6013bfc98407b6c0,36281.915476,36281.915476,0.0,1,0,1697057907
2023-10-05,0x4a3636608d7bc5776cb19eb72caa36ebb9ea683b,597,0x1ce0c2b445c8e87ea4c40b6e721d9a39b09f6459,3606.240568,3606.240568,0.0,1,0,1697058027
2023-10-05,0x4a3636608d7bc5776cb19eb72caa36ebb9ea683b,637,0xb83f754eb815e2100f4ba99aa61c299152b07145,8686.076354,8686.076354,0.0,1,0,1697061391
2023-10-05,0x4a3636608d7bc5776cb19eb72caa36ebb9ea683b,678,0x9a5df8a23fb61fc6c1fe7807290bfd0e577aa4ec,21757.485146,21757.485146,0.0,1,0,1696639849
2023-10-05,0x4a3636608d7bc5776cb19eb72caa36ebb9ea683b,720,0x89edc11116ca95170fdfe2669f66dbb287dccf7a,14978.175338,14978.175338,0.0,1,0,1696609845
2023-10-05,0x4a3636608d7bc5776cb19eb72caa36ebb9ea683b,764,0xa311ab5780aa036b71aac2b71163fd03ec0df59e,5984.065928,5984.065928,0.0,1,0,1697051517
2023-10-05,0x4a3636608d7bc5776cb19eb72caa36ebb9ea683b,782,0x3631e591a117cd71ea786dc39dd8011d189e0b9d,22624.304377,22624.304377,22624.304377,1,1,1696488651
2023-10-05,0x4a3636608d7bc5776cb19eb72caa36ebb9ea683b,788,0x1e1f1758c8d6687c9ad13bed8a9f058c5341a359,26079.509658,26079.509658,0.0,1,0,1696503449
2023-10-05,0x4a3636608d7bc5776cb19eb72caa36ebb9ea683b,1081,0x1143d16a0276653a3be32b298ceff28067d5f85d,13116.978409,13116.978409,0.0,1,0,1697057619
2023-10-05,0x4a3636608d7bc5776cb19eb72caa36ebb9ea683b,1149,0x93b82c49c2af67797977ae344c07884164e6a592,647.504821,3237.524103,3778.935011,3,3,1697061817
2023-10-05,0x4a3636608d7bc5776cb19eb72caa36ebb9ea683b,1245,0x6b879c078ea4cc27bbdb486fcaa4fa27e6cbe97a,66519.962804,66519.962804,0.0,1,0,1697057571
2023-10-05,0x4a3636608d7bc5776cb19eb72caa36ebb9ea683b,1279,0x5faf276f6e3e0b10213f8a04bd6c872f8752949b,9772.024476,9772.024476,0.0,1,0,1696625427
2023-10-05,0x4a3636608d7bc5776cb19eb72caa36ebb9ea683b,1327,0xe89ab7b12db008c8e4084f17c10c8a7329d8b9d4,10036.610682,10036.610682,0.0,1,0,1696526851
2023-10-05,0x4a3636608d7bc5776cb19eb72caa36ebb9ea683b,1455,0x7f44628bd0f7921820107392edad71abddcb17f9,8040.469262,8040.469262,0.0,1,0,1696952657
2023-10-05,0x4a3636608d7bc5776cb19eb72caa36ebb9ea683b,1457,0x26b5e14dbf21bfb62bff869f5f4bce8dbddbcfca,1925.772524,1925.772524,3850.310133,1,1,1696637601
2023-10-05,0x4a3636608d7bc5776cb19eb72caa36ebb9ea683b,1584,0xe64290f31019acdbd1162ed379aa168b8cbab991,0.0,0.0,6813.857807,0,1,1697036321
2023-10-05,0x4a3636608d7bc5776cb19eb72caa36ebb9ea683b,1624,0xc4f39ba15f5376732c594523408ea2e5149aa43d,6344.91168,6344.91168,0.0,1,0,1696504017
2023-10-05,0x4a3636608d7bc5776cb19eb72caa36ebb9ea683b,1625,0x12cc270bb2136c772b7e28868d7782aa62827229,0.0,0.0,6335.909286,0,1,1697057943
2023-10-05,0x4a3636608d7bc5776cb19eb72caa36ebb9ea683b,1671,0xf1196bf726ed9227507f5a8b7c87ae177124db2b,6141.149711,6141.149711,0.0,1,0,1697060223
2023-10-05,0x4a3636608d7bc5776cb19eb72caa36ebb9ea683b,1709,0xf7c04a39e47c7ea9d6888f9389ea85846e22ae1a,5809.615707,5809.615707,0.0,1,0,1696811403
2023-10-05,0x4a3636608d7bc5776cb19eb72caa36ebb9ea683b,1857,0xf7c8a4a99ba34b4744d08999dd017b5faa4d3378,4805.495389,4805.495389,0.0,1,0,1697057831
2023-10-05,0x4a3636608d7bc5776cb19eb72caa36ebb9ea683b,1926,0xefa4c696ea2505ec038c9ddc849b1bf817d7f69d,2242.795275,2242.795275,0.0,1,0,1697058813
2023-10-05,0x4a3636608d7bc5776cb19eb72caa36ebb9ea683b,1959,0x6d1e0084a6910a8803ab7c22483a1a2db3f1001a,4368.159869,4368.159869,0.0,1,0,1697058905
2023-10-05,0x4a3636608d7bc5776cb19eb72caa36ebb9ea683b,1987,0x2ed8034947261547603ee66d164af539a14bf8f6,4271.793822,4271.793822,4271.793822,1,1,1696516133
2023-10-05,0x4a3636608d7bc5776cb19eb72caa36ebb9ea683b,2004,0xeb3f3f5b1ec4430451059cb6bddc984f723c037a,4242.076412,4242.076412,0.0,1,0,1697051239
2023-10-05,0x4a3636608d7bc5776cb19eb72caa36ebb9ea683b,2146,0x64298a72f4e3e23387efc409fc424a3f17356fc4,3901.758026,3901.758026,0.0,1,0,1696545263
2023-10-05,0x4a3636608d7bc5776cb19eb72caa36ebb9ea683b,2577,0x1de8355da82cfb8d2453a5ec3fc4c871281ab4bc,0.0,0.0,3119.315362,0,1,1697063691
2023-10-05,0x4a3636608d7bc5776cb19eb72caa36ebb9ea683b,2713,0xa21a800138b3c95f8992cf5f14c736fc23bd6045,0.0,0.0,724.034747,0,1,1696999343
2023-10-05,0x4a3636608d7bc5776cb19eb72caa36ebb9ea683b,2856,0xf3b059c887172f2cc52b5e77ee3b2c8b3a32e6ef,0.0,1899.207118,3477.468709,1,2,1697052387
2023-10-05,0x4a3636608d7bc5776cb19eb72caa36ebb9ea683b,3177,0x2236b805cc6aa7a9f692fd20d470f08919813d3f,0.0,0.0,855.751238,0,1,1697026599
2023-10-05,0x4a3636608d7bc5776cb19eb72caa36ebb9ea683b,3362,0x7ffbeb62cf6e5e53f898ba52d66d29ca3b2851fd,25390.318631,25390.318631,0.0,1,0,1697058963
2023-10-05,0x4a3636608d7bc5776cb19eb72caa36ebb9ea683b,3539,0x69155e7ca2e688ccdc247f6c4ddf374b3ae77bd6,2804.354873,2804.354873,0.0,1,0,1696743647
2023-10-05,0x4a3636608d7bc5776cb19eb72caa36ebb9ea683b,3876,0x7d59226c6c2aa0b820d47c521dbd781ee8f6349b,231.64525,231.64525,0.0,1,0,1697050373
2023-10-05,0x4a3636608d7bc5776cb19eb72caa36ebb9ea683b,4482,0xfc427d3112ccef24dce7fda59238aceca2b8105a,524.736434,524.736434,0.0,1,0,1696568131
2023-10-05,0x4a3636608d7bc5776cb19eb72caa36ebb9ea683b,4757,0xcc484f6f1c8f52eaa598b7e1f79aaffbe1fe7589,0.0,0.0,106.235168,0,1,1696911115
2023-10-05,0x4a3636608d7bc5776cb19eb72caa36ebb9ea683b,4793,0x11e32bb1cf76cd88b26bd75f7075ac3ac1f4e064,0.0,0.0,213.532484,0,1,1696561041
2023-10-05,0x4a3636608d7bc5776cb19eb72caa36ebb9ea683b,5457,0x8db7a537d8478df3c6d95ff33b4270342862957f,93.426079,93.426079,37.370432,1,1,1696541731
2023-10-05,0x4a3636608d7bc5776cb19eb72caa36ebb9ea683b,5631,0x864c29a6f6f7d35491f971665bb21d6237258e70,0.0,0.0,368.117379,0,1,1697031303
2023-10-05,0x4a3636608d7bc5776cb19eb72caa36ebb9ea683b,5675,0x1bc3c5a57d9cae6751b6f829825ffcdac15cab24,0.0,0.0,366.616151,0,1,1697031285
2023-10-05,0x4a3636608d7bc5776cb19eb72caa36ebb9ea683b,5706,0x614cdeb515880b3db75f58fc913317f2640f06c6,0.0,0.0,365.815044,0,1,1697031193
2023-10-05,0x4a3636608d7bc5776cb19eb72caa36ebb9ea683b,5731,0xb19dfec5961161d2372adddc948f3a9c51326735,0.0,0.0,365.203594,0,1,1697031241
2023-10-05,0x4a3636608d7bc5776cb19eb72caa36ebb9ea683b,5811,0x22723cc5ae5a1b4514ca41f2466e2ade15cf529b,369.795685,369.795685,369.677118,1,1,1696500105
2023-10-05,0x4a3636608d7bc5776cb19eb72caa36ebb9ea683b,6375,0xe331ef612cebc0aca6d0b586542b3c25c82350bb,34.891849,34.891849,34.891849,1,1,1697056267
2023-10-05,0x4a3636608d7bc5776cb19eb72caa36ebb9ea683b,6776,0x47dee11e0d84f05d7726b69666595700f3f0d883,0.0,0.0,391.74075,0,1,1696504451
2023-10-05,0x4a3636608d7bc5776cb19eb72caa36ebb9ea683b,6808,0x8aa98470de4bf6a85f13393ae1169a5e625a4e6d,372.848681,372.848681,0.0,1,0,1696799013
2023-10-05,0x4a3636608d7bc5776cb19eb72caa36ebb9ea683b,7485,0x61d3701bb888413c45ab5c4dff0a64674e0c8d6b,79.422541,79.422541,0.0,1,0,1696595745
2023-10-05,0x4a3636608d7bc5776cb19eb72caa36ebb9ea683b,7762,0xb8a8663d7ae13c298972c5ab2ff392c3cbed8473,18.677387,18.677387,18.928288,1,1,1697050677
2023-10-05,0x4a3636608d7bc5776cb19eb72caa36ebb9ea683b,8064,0x478f5fddc5ad95e8602908dc6b23522b5998a6d6,7.271174,7.271174,7.541528,1,1,1697019727
2023-10-05,0x4a3636608d7bc5776cb19eb72caa36ebb9ea683b,8394,0x5163d2109ac93b447828789b8df537bc9fa3bf19,7611.731847,7611.731847,0.0,1,0,1696529297
2023-10-05,0x4a3636608d7bc5776cb19eb72caa36ebb9ea683b,8498,0x728d66a885376d1ddf0809f4254085f171b157bd,1589.704163,1589.704163,0.0,1,0,1696467729
2023-10-05,0x4a3636608d7bc5776cb19eb72caa36ebb9ea683b,8506,0x1f8230ef5ba34a7f96132b8c67bf955408041f7e,1.121651,1.121651,0.0,1,0,1696493905
2023-10-05,0x4a3636608d7bc5776cb19eb72caa36ebb9ea683b,8516,0xa5a2a35fa9404f3603505984506206ccf208489f,4.9e-05,4.9e-05,0.0,1,0,1696503683
2023-10-05,0x4a3636608d7bc5776cb19eb72caa36ebb9ea683b,8546,0xb22d543c8db8bab111bd53317233fd9e75b03df9,0.777853,0.777853,0.0,1,0,1696626621
2023-10-05,0x4a3636608d7bc5776cb19eb72caa36ebb9ea683b,8557,0x7935ee9192b633ef01118bf8a7f58a7f30c83c42,0.995603,0.995603,0.0,1,0,1696673047
2023-10-05,0x4a3636608d7bc5776cb19eb72caa36ebb9ea683b,8585,0xa242fb8cb0d8c82f445e1d676cffb32423ca5c51,1.249597,1.249597,0.0,1,0,1696763887
2023-10-05,0x4f7f293e7b7b6d1caa1ca48784c5986f3de5e19c,390,0x873d59965b2c97ecd536be8438153db432597b9d,0.0,0.0,2016.770817,0,1,1697063595
2023-10-05,0x4f7f293e7b7b6d1caa1ca48784c5986f3de5e19c,2130,0x4aa63e8115c5b29a3e0e062a77c11592931453dc,0.0,0.0,984.907878,0,1,1697020391
2023-10-05,0x4f7f293e7b7b6d1caa1ca48784c5986f3de5e19c,2515,0x0a5d2190afc397b91c2de36d128b03b275a3a255,0.0,0.0,3209.880607,0,1,1696471785
2023-10-05,0x4f7f293e7b7b6d1caa1ca48784c5986f3de5e19c,6254,0x9c4299055e5f963e57ad2995184aa38d40283c75,351.068618,351.068618,0.0,1,0,1697064497
2023-10-05,0x4f9dc2229f2357b27c22db56cb39582c854ad6d5,1,0xbde0c70bdc242577c52dfad53389f82fd149ea5a,557095.290805,557095.290805,0.0,1,0,1697045005
2023-10-05,0x4f9dc2229f2357b27c22db56cb39582c854ad6d5,2,0x51e171d2fde9b37bbbb624a53ef54959422388e4,397925.207718,397925.207718,0.0,1,0,1697050283
2023-10-05,0x4f9dc2229f2357b27c22db56cb39582c854ad6d5,5,0x5b1892b546002ff3dd508500575bd6bf7a101431,145878.326081,145878.326081,0.0,1,0,1697045057
2023-10-05,0x4f9dc2229f2357b27c22db56cb39582c854ad6d5,6,0x28aa4f9ffe21365473b64c161b566c3cdead0108,1813962.788791,1813962.788791,1721102.87061,1,1,1696749249
2023-10-05,0x4f9dc2229f2357b27c22db56cb39582c854ad6d5,24,0x208a17c5fabe5b90282e5906945ff335e39326c4,3648.01398,3648.01398,0.0,1,0,1697051865
2023-10-05,0x4f9dc2229f2357b27c22db56cb39582c854ad6d5,105,0x208a17c5fabe5b90282e5906945ff335e39326c4,10333.60071,10333.60071,0.0,1,0,1697051893
2023-10-05,0x4f9dc2229f2357b27c22db56cb39582c854ad6d5,174,0x83bad39f067ef72e354f2ea9d318eaad381a7f15,23366.399704,23366.399704,0.0,1,0,1697041741
2023-10-05,0x4f9dc2229f2357b27c22db56cb39582c854ad6d5,544,0x16b00db74167b7469dda63b674ca9a3b1b70c439,9964.599803,9964.599803,39858.399214,1,1,1697050325
2023-10-05,0x4f9dc2229f2357b27c22db56cb39582c854ad6d5,575,0x94587a95917188b338c822de2d1e77074131589f,0.0,0.0,9348.030858,0,1,1696611191
2023-10-05,0x4f9dc2229f2357b27c22db56cb39582c854ad6d5,597,0x1ce0c2b445c8e87ea4c40b6e721d9a39b09f6459,3606.240568,3606.240568,0.0,1,0,1697058027
2023-10-05,0x4f9dc2229f2357b27c22db56cb39582c854ad6d5,644,0x89e1cfcc3bf93de8da0fb43a1311898067b3a11c,32453.120684,32453.120684,0.0,1,0,1696984419
2023-10-05,0x4f9dc2229f2357b27c22db56cb39582c854ad6d5,648,0x9ba6df247efca09d9546a1a1ed467b25f3793e1c,31842.102246,31842.102246,31831.892764,1,1,1696519663
2023-10-05,0x4f9dc2229f2357b27c22db56cb39582c854ad6d5,754,0x4d3869e2451d28bb4f03aeda60322eaf01e912db,6403.129582,6403.129582,0.0,1,0,1696861421
2023-10-05,0x4f9dc2229f2357b27c22db56cb39582c854ad6d5,1044,0xcb6222f4df04385ea08e8da2a5871131ff5f6cba,6892.960646,6892.960646,0.0,1,0,1696835407
2023-10-05,0x4f9dc2229f2357b27c22db56cb39582c854ad6d5,1366,0x6086462fc9ddd19691f815af6128e9d7f7ae5857,0.0,0.0,8582.622785,0,1,1696597987
2023-10-05,0x4f9dc2229f2357b27c22db56cb39582c854ad6d5,1809,0x4326dd8105e2622246671c2dbb2b1dfec09813fb,5026.888777,5026.888777,5026.888777,1,1,1696523407
2023-10-05,0x4f9dc2229f2357b27c22db56cb39582c854ad6d5,1859,0xb99ce667fda481b15a5930daeebeaa7e38c7d087,4801.706256,4801.706256,0.0,1,0,1696811843
2023-10-05,0x4f9dc2229f2357b27c22db56cb39582c854ad6d5,1874,0xf9b7c16bf0658f0f1cfac7d8487d1284e72ac931,4730.950275,4730.950275,4730.950275,1,1,1697056087
2023-10-05,0x4f9dc2229f2357b27c22db56cb39582c854ad6d5,2002,0x77e1892fd956c6df5a283804d57ba4c6e2803766,4239.431055,4239.431055,4239.431055,1,1,1696498105
2023-10-05,0x4f9dc2229f2357b27c22db56cb39582c854ad6d5,2028,0xca681f8652250aef6b62a30b8156539aa13fea03,4180.274549,4180.274549,4174.746637,1,1,1696958105
2023-10-05,0x4f9dc2229f2357b27c22db56cb39582c854ad6d5,2062,0x35119741d2d3c40fcd456a93860f68c1754a4f56,4086.773501,4086.773501,0.0,1,0,1696750533
2023-10-05,0x4f9dc2229f2357b27c22db56cb39582c854ad6d5,2089,0x6bcb9ec9686aeb3b2fd854f036d3f24fd48eabba,3972.597211,3972.597211,0.0,1,0,1696797763
2023-10-05,0x4f9dc2229f2357b27c22db56cb39582c854ad6d5,2164,0x001b71fad769b3cd47fd4c9849c704fdfabf6096,3859.393214,3859.393214,3859.393214,1,1,1696518289
2023-10-05,0x4f9dc2229f2357b27c22db56cb39582c854ad6d5,2408,0x4a23bccf39a5ca0e3cfdd67d74cba3f380eca38f,3363.330351,3363.330351,0.0,1,0,1696948177
2023-10-05,0x4f9dc2229f2357b27c22db56cb39582c854ad6d5,2545,0x1e25f91381ff6b1bd0eec330607860e4fcbc3905,4379.545215,4379.545215,0.0,1,0,1696779677
2023-10-05,0x4f9dc2229f2357b27c22db56cb39582c854ad6d5,2601,0x98076110c0d195b468d5776ad89004c5864ffc6d,3094.692411,3094.692411,0.0,1,0,1697017355
2023-10-05,0x4f9dc2229f2357b27c22db56cb39582c854ad6d5,2791,0x08eb99e41a37cf7898ee1979c14f461cd42d6792,2559.264516,2559.264516,0.0,1,0,1696755631
2023-10-05,0x4f9dc2229f2357b27c22db56cb39582c854ad6d5,2810,0xd59586b52f6f8c90c04c2b9718be7b2ac7d6cc61,2486.364831,2486.364831,0.0,1,0,1697013187
2023-10-05,0x4f9dc2229f2357b27c22db56cb39582c854ad6d5,2854,0xdc5edfeb777bdfaa851ebda34c102162738290da,0.0,0.0,2278.729046,0,1,1697064213
2023-10-05,0x4f9dc2229f2357b27c22db56cb39582c854ad6d5,2888,0x5b2dddf2a4772d9c27c9b3099c371c3e7ba7b4a7,2253.364796,2253.364796,2253.364796,1,1,1696497883
2023-10-05,0x4f9dc2229f2357b27c22db56cb39582c854ad6d5,2899,0x2481fef92f6358a410f4b42a7672f23cac514c2a,2336.559067,2336.559067,0.0,1,0,1696839663
2023-10-05,0x4f9dc2229f2357b27c22db56cb39582c854ad6d5,2909,0xb4a0c27d79d54fd2eccb6dc9ef9eb49ec706626e,2161.557253,2161.557253,2161.557253,1,1,1696497667
2023-10-05,0x4f9dc2229f2357b27c22db56cb39582c854ad6d5,3561,0xfb60594e45cfb9a5e823fd991cbd2caca82a1e77,1211.495692,1211.495692,1211.107252,1,1,1696519975
2023-10-05,0x4f9dc2229f2357b27c22db56cb39582c854ad6d5,3785,0xa773c2b60ad3c01500fcb0829cb9ef3ba747a761,1017.420811,1017.420811,0.0,1,0,1696613511
2023-10-05,0x4f9dc2229f2357b27c22db56cb39582c854ad6d5,3922,0xc0e27c1a0560b6a1674817a2599f01b98d4d7a8c,889.39147,889.39147,0.0,1,0,1696815179
2023-10-05,0x4f9dc2229f2357b27c22db56cb39582c854ad6d5,4012,0x7cfeec009015902a7a35b02c1dce545470fa74a7,6410.891133,6410.891133,4199.401165,1,1,1697067333
2023-10-05,0x4f9dc2229f2357b27c22db56cb39582c854ad6d5,4124,0x42be9b4b12a8021529a1440158c84f624c316d10,183.470367,183.470367,366.940733,1,1,1696530351
2023-10-05,0x4f9dc2229f2357b27c22db56cb39582c854ad6d5,4146,0xfc1aa1f2e40ec0cc25300c4b08b8513984844f19,0.0,0.0,1851.362514,0,1,1696546223
2023-10-05,0x4f9dc2229f2357b27c22db56cb39582c854ad6d5,4219,0x0bbe8959e5047c52e53c8296425937cfa38482ad,679.799262,679.799262,0.0,1,0,1696918305
2023-10-05,0x4f9dc2229f2357b27c22db56cb39582c854ad6d5,4391,0xe9638ccc678b1ad8c2dbea14f337914b92827d51,568.477427,568.477427,0.0,1,0,1696856955
2023-10-05,0x4f9dc2229f2357b27c22db56cb39582c854ad6d5,4424,0xf9aaf5fe611572c281d1a3056b1cb43a1b1f4feb,549.074274,549.074274,548.898225,1,1,1696702367
2023-10-05,0x4f9dc2229f2357b27c22db56cb39582c854ad6d5,4477,0x90554d3c00b5b34fa2849b76c17bc874c90f9563,1005.700394,1005.700394,969.168768,1,1,1696503409
2023-10-05,0x4f9dc2229f2357b27c22db56cb39582c854ad6d5,4611,0xf88c5c03aab1070412dba46c92cee0ae6b9a5443,475.120102,475.120102,475.120102,1,1,1696516475
2023-10-05,0x4f9dc2229f2357b27c22db56cb39582c854ad6d5,4624,0x9acf8d0315094d33aa6875b673eb126483c3a2c0,469.334678,469.334678,469.334678,1,1,1697064549
2023-10-05,0x4f9dc2229f2357b27c22db56cb39582c854ad6d5,4757,0xcc484f6f1c8f52eaa598b7e1f79aaffbe1fe7589,105.290857,105.290857,0.0,1,0,1696911115
2023-10-05,0x4f9dc2229f2357b27c22db56cb39582c854ad6d5,4758,0xccbe6dc54b1908cf97dac2e0c32249ecd3179d5f,445.381035,445.381035,0.0,1,0,1696970741
2023-10-05,0x4f9dc2229f2357b27c22db56cb39582c854ad6d5,4780,0x73de251d953309dc73ac3c24691917841fc64505,1172.469179,1172.469179,0.0,1,0,1696963571
2023-10-05,0x4f9dc2229f2357b27c22db56cb39582c854ad6d5,4808,0x9c0a721ff76ef77d4c7ce7da315c26d865a380aa,771.806514,771.806514,614.177508,1,1,1696584237
2023-10-05,0x4f9dc2229f2357b27c22db56cb39582c854ad6d5,4987,0xa73ff2b916819274155f162b4b6aac0d48f0d14d,402.385925,402.385925,0.0,1,0,1696778069
2023-10-05,0x4f9dc2229f2357b27c22db56cb39582c854ad6d5,5031,0xacda6f48036d4a4128830eaee9ad4a3a870b02fe,421.472824,421.472824,0.0,1,0,1696815827
2023-10-05,0x4f9dc2229f2357b27c22db56cb39582c854ad6d5,5043,0xe5443e033370893fdb2af05b524beda86023ebda,397.997532,397.997532,0.0,1,0,1696793685
2023-10-05,0x4f9dc2229f2357b27c22db56cb39582c854ad6d5,5107,0x98f3bad2be608bdfb6c32949446a2ed6dbc95eb1,196.40157,196.40157,196.40157,1,1,1696539945
2023-10-05,0x4f9dc2229f2357b27c22db56cb39582c854ad6d5,5220,0x1273fcc09e78829d4164aa0986cd54ec0bf61a8c,1194.21771,1194.21771,0.0,1,0,1696749965
2023-10-05,0x4f9dc2229f2357b27c22db56cb39582c854ad6d5,5457,0x8db7a537d8478df3c6d95ff33b4270342862957f,0.0,0.0,37.370432,0,1,1696541731
2023-10-05,0x4f9dc2229f2357b27c22db56cb39582c854ad6d5,5674,0xa8621894ca5ab12391c3b387cb2a238a93e238a3,501.105207,501.105207,501.105207,1,1,1696494989
2023-10-05,0x4f9dc2229f2357b27c22db56cb39582c854ad6d5,5712,0xb1c5ec4aac5dba3b65511228819229c04cb5f4f3,365.691072,365.691072,365.691072,1,1,1696806163
2023-10-05,0x4f9dc2229f2357b27c22db56cb39582c854ad6d5,5979,0xadb2cc3215c14960240ac2e8f62371e1382497ef,86.695181,86.695181,0.0,1,0,1696773001
2023-10-05,0x4f9dc2229f2357b27c22db56cb39582c854ad6d5,6044,0x9e028c80aff3b1a29c66fb213a98d1c634a536a8,356.004043,356.004043,355.889898,1,1,1696487337
2023-10-05,0x4f9dc2229f2357b27c22db56cb39582c854ad6d5,6099,0x0762248fa639a8c365f004c5753e5d9c302112d3,354.264868,354.264868,0.0,1,0,1696814063
2023-10-05,0x4f9dc2229f2357b27c22db56cb39582c854ad6d5,6150,0xef5456132d6abbdf88a5a8ba89a0629f314c386c,353.137564,353.137564,176.568782,1,1,1697051071
2023-10-05,0x4f9dc2229f2357b27c22db56cb39582c854ad6d5,6569,0xdfcfa08f40e84ba07056f4340a06b3282eb895fe,759.219968,759.219968,763.269424,1,1,1696584515
2023-10-05,0x4f9dc2229f2357b27c22db56cb39582c854ad6d5,6580,0xc1d170911c04d3a1b034d3d4259540457b620be4,212.872126,212.872126,161.198884,1,1,1696532067
2023-10-05,0x4f9dc2229f2357b27c22db56cb39582c854ad6d5,6605,0xfcb2015b8b9a22f1f34f96718a5f4707abf277d5,0.0,0.0,17.398351,0,1,1696613749
2023-10-05,0x4f9dc2229f2357b27c22db56cb39582c854ad6d5,6677,0x75821898ad35392425896085089629611391d2bf,49.051517,49.051517,0.0,1,0,1696765735
2023-10-05,0x4f9dc2229f2357b27c22db56cb39582c854ad6d5,6678,0xbfd53e1ffac52f2055fb533ff847dae4906f8fea,49.049693,49.049693,0.0,1,0,1696765833
2023-10-05,0x4f9dc2229f2357b27c22db56cb39582c854ad6d5,6680,0xb92c0ea6df755163924c1d6723ba841351e8a35a,48.734272,48.734272,0.0,1,0,1696766021
2023-10-05,0x4f9dc2229f2357b27c22db56cb39582c854ad6d5,6681,0x55fa88037a255be3e1c1607fe2cf7a622be5c41d,48.846608,48.846608,0.0,1,0,1696766191
2023-10-05,0x4f9dc2229f2357b27c22db56cb39582c854ad6d5,6682,0xc88d6999c4c91c11f08dc41012a0ce6573a0ed48,48.917602,48.917602,0.0,1,0,1696766237
2023-10-05,0x4f9dc2229f2357b27c22db56cb39582c854ad6d5,6718,0x2971c6868ad10508a9a5a06591a6c25df5c84bde,54.092842,54.092842,0.0,1,0,1696766329
2023-10-05,0x4f9dc2229f2357b27c22db56cb39582c854ad6d5,6720,0xe246aa8b63ce04aaed9aa2dbe569f1558b480fb8,54.308919,54.308919,0.0,1,0,1696766399
2023-10-05,0x4f9dc2229f2357b27c22db56cb39582c854ad6d5,6728,0x8a7d5ba462c2130e02d9a3f4c08a140220fc1204,54.148188,54.148188,0.0,1,0,1696770289
2023-10-05,0x4f9dc2229f2357b27c22db56cb39582c854ad6d5,6731,0xe7677698617c6a3d4676eb787c1bc10081d5b8d3,54.762902,54.762902,0.0,1,0,1696765619
2023-10-05,0x4f9dc2229f2357b27c22db56cb39582c854ad6d5,7152,0xb75d6fe6723290677a4f7141307e3ff6d7509711,182.624673,182.624673,268.187123,1,1,1697065137
2023-10-05,0x4f9dc2229f2357b27c22db56cb39582c854ad6d5,7226,0xa502107ce1393d37ba9e74cfbc70235eb9e8d028,612.39794,612.39794,0.0,1,0,1696810959
2023-10-05,0x4f9dc2229f2357b27c22db56cb39582c854ad6d5,7762,0xb8a8663d7ae13c298972c5ab2ff392c3cbed8473,18.677387,18.677387,18.928288,1,1,1697050677
2023-10-05,0x4f9dc2229f2357b27c22db56cb39582c854ad6d5,7857,0x4886ba5d2b3e0ae1e80172d3bddc4feb32e1ce26,4.485254,4.485254,4.503923,1,1,1696924065
2023-10-05,0x4f9dc2229f2357b27c22db56cb39582c854ad6d5,8064,0x478f5fddc5ad95e8602908dc6b23522b5998a6d6,7.271174,7.271174,7.541528,1,1,1697019727
2023-10-05,0x4f9dc2229f2357b27c22db56cb39582c854ad6d5,8065,0xcff8eb70b166bba2304518e5a09fa67e43c21216,7.265012,7.265012,7.535142,1,1,1697020043
2023-10-05,0x4f9dc2229f2357b27c22db56cb39582c854ad6d5,8066,0x5c2bb04553c205587af500f53e37e28414dd100b,7.262835,7.262835,7.53285,1,1,1697020071
2023-10-05,0x4f9dc2229f2357b27c22db56cb39582c854ad6d5,8068,0x4428b40e5a2824144fe3fb08571c95ed1e52fb9b,9.902735,9.902735,9.992191,1,1,1697020127
2023-10-05,0x4f9dc2229f2357b27c22db56cb39582c854ad6d5,8069,0xf34b15ad6dafe19bc016d114a2c769619c953727,9.911084,9.911084,10.000303,1,1,1697020171
2023-10-05,0x4f9dc2229f2357b27c22db56cb39582c854ad6d5,8070,0x0fce2030d9ca8b7987f82c5f0433edba6a70b5f3,9.891345,9.891345,9.99033,1,1,1697020195
2023-10-05,0x4f9dc2229f2357b27c22db56cb39582c854ad6d5,8071,0xc552d0c6bb49671e0c8c1537338acd086e0f1108,9.890982,9.890982,9.990141,1,1,1697020215
2023-10-05,0x4f9dc2229f2357b27c22db56cb39582c854ad6d5,8072,0x64e71b440cec3a7ea58e13c9a8bc79163de9b3e7,9.885253,9.885253,9.987242,1,1,1697020233
2023-10-05,0x4f9dc2229f2357b27c22db56cb39582c854ad6d5,8073,0xde76c45ed9385c48346baaab0baf511ae939b2b8,9.885812,9.885812,9.987518,1,1,1697020249
2023-10-05,0x4f9dc2229f2357b27c22db56cb39582c854ad6d5,8074,0x0b504389ffa6181893670ebab4e4584e74706e7e,9.88428,9.88428,9.98674,1,1,1697020267
2023-10-05,0x4f9dc2229f2357b27c22db56cb39582c854ad6d5,8075,0xca32a60f29b9b7e22fb7713baf82618b8e0e72d9,9.883852,9.883852,9.986519,1,1,1697020285
2023-10-05,0x4f9dc2229f2357b27c22db56cb39582c854ad6d5,8076,0xe45fe07fec55b40da85d4df75fe54f484c7fcdcc,9.890261,9.890261,9.989752,1,1,1697020305
2023-10-05,0x4f9dc2229f2357b27c22db56cb39582c854ad6d5,8129,0x72195dda0361f43ce544b750f318d04b35836933,0.0,0.0,4.985568,0,1,1696696327
2023-10-05,0x4f9dc2229f2357b27c22db56cb39582c854ad6d5,8505,0x4a903630f276db00911116e307cd287aed7dd46c,224.648239,224.648239,0.0,1,0,1696491407
2023-10-05,0x4f9dc2229f2357b27c22db56cb39582c854ad6d5,8516,0xa5a2a35fa9404f3603505984506206ccf208489f,5e-06,5e-06,0.0,1,0,1696503683
2023-10-05,0x4f9dc2229f2357b27c22db56cb39582c854ad6d5,8642,0xc1d4d007938719f9141a5b5dfbc5485e677af977,33.49835,33.49835,0.0,1,0,1697005225
2023-10-05,0x554eca2a48136724294ce47fb7bfe9aadfcee3c6,1,0xbde0c70bdc242577c52dfad53389f82fd149ea5a,810320.422989,810320.422989,202601.445583,1,1,1697045005
2023-10-05,0x554eca2a48136724294ce47fb7bfe9aadfcee3c6,2,0x51e171d2fde9b37bbbb624a53ef54959422388e4,578800.302135,578800.302135,144715.318274,1,1,1697050283
2023-10-05,0x554eca2a48136724294ce47fb7bfe9aadfcee3c6,5,0x5b1892b546002ff3dd508500575bd6bf7a101431,212186.656117,212186.656117,53052.257025,1,1,1697045057
2023-10-05,0x554eca2a48136724294ce47fb7bfe9aadfcee3c6,16,0x370880694995aa8a53f71645f7bec3b0e7bb25d9,192851.090354,192851.090354,0.0,1,0,1696851907
2023-10-05,0x554eca2a48136724294ce47fb7bfe9aadfcee3c6,24,0x208a17c5fabe5b90282e5906945ff335e39326c4,10944.041941,10944.041941,0.0,1,0,1697051865
2023-10-05,0x554eca2a48136724294ce47fb7bfe9aadfcee3c6,64,0xf1010ee787ee588766b441d7cc397b40ddfb17a3,291566.6181,291566.6181,291386.667815,1,1,1697025823
2023-10-05,0x554eca2a48136724294ce47fb7bfe9aadfcee3c6,105,0x208a17c5fabe5b90282e5906945ff335e39326c4,15500.401065,15500.401065,0.0,1,0,1697051893
2023-10-05,0x554eca2a48136724294ce47fb7bfe9aadfcee3c6,124,0x5d6f3d0c92d0564151357b0863e55e9ed4631b8d,151110.692038,151110.692038,151006.907835,1,1,1697062569
2023-10-05,0x554eca2a48136724294ce47fb7bfe9aadfcee3c6,134,0xd87ecc6c74f486b044824a222326a96f696fcfa2,383162.429805,383162.429805,383039.577058,1,1,1697061367
2023-10-05,0x554eca2a48136724294ce47fb7bfe9aadfcee3c6,145,0xc5d7be4a4e5957baa078201f41d9fd5f21b91b1b,0.0,0.0,174155.462482,0,1,1697060295
2023-10-05,0x554eca2a48136724294ce47fb7bfe9aadfcee3c6,147,0xe3f0254b09aec48ffa46f9eee5a3bc7a8e510e6d,83183.71059,83183.71059,83157.039533,1,1,1697025889
2023-10-05,0x554eca2a48136724294ce47fb7bfe9aadfcee3c6,153,0x0f45156f109e474295913d78036fa213b1745d5a,300316.736487,300316.736487,300220.44642,1,1,1697060871
2023-10-05,0x554eca2a48136724294ce47fb7bfe9aadfcee3c6,156,0xb0a4e99371dfb0734f002ae274933b4888f618ef,145850.547545,145850.547545,72901.89186,1,1,1697064193
2023-10-05,0x554eca2a48136724294ce47fb7bfe9aadfcee3c6,174,0x83bad39f067ef72e354f2ea9d318eaad381a7f15,23366.399704,23366.399704,23351.978334,1,1,1697041741
2023-10-05,0x554eca2a48136724294ce47fb7bfe9aadfcee3c6,218,0xc8336b9dabbac9bfb9aa483e76fc351b13121784,172672.458058,172672.458058,0.0,1,0,1697063727
2023-10-05,0x554eca2a48136724294ce47fb7bfe9aadfcee3c6,238,0xb6f28ae8f31d85dc27361852b986286113bc588d,32558.486573,32558.486573,39899.583388,1,1,1697062351
2023-10-05,0x554eca2a48136724294ce47fb7bfe9aadfcee3c6,242,0xa0eb44b173af64f2fdb47c7d76ff3a33e04103b6,38259.161511,38259.161511,0.0,1,0,1697061677
2023-10-05,0x554eca2a48136724294ce47fb7bfe9aadfcee3c6,250,0x97658d0a6a6180a99697a375f736bad40cc307b0,0.0,0.0,35021.563762,0,1,1697044173
2023-10-05,0x554eca2a48136724294ce47fb7bfe9aadfcee3c6,275,0xa810ffea2709c116ef180d090c142fc5e08586a7,30475.291663,30475.291663,0.0,1,0,1697054155
2023-10-05,0x554eca2a48136724294ce47fb7bfe9aadfcee3c6,304,0xbbb33d2e7bd7ddc722e53da9ca8ee97df41cfabf,15879.035429,15879.035429,21158.978174,1,1,1696925469
2023-10-05,0x554eca2a48136724294ce47fb7bfe9aadfcee3c6,321,0xcb6586874cc04b01cc4fdb777de502cea7b3d6c1,99851.978167,99851.978167,99819.96279,1,1,1697048461
2023-10-05,0x554eca2a48136724294ce47fb7bfe9aadfcee3c6,323,0xa2332e28a62bf41d3b0628a1121530ec2834d28e,100060.232067,100060.232067,100028.149917,1,1,1697062927
2023-10-05,0x554eca2a48136724294ce47fb7bfe9aadfcee3c6,362,0x5929cc4d10b6a1acc5bf5d221889f10251c628a1,24777.82324,24777.82324,52897.209989,1,1,1697045621
2023-10-05,0x554eca2a48136724294ce47fb7bfe9aadfcee3c6,364,0xe7b27bd74f522afa05732ba82b2f46a38d4be098,15473.249367,15473.249367,15473.249367,1,1,1697039277
2023-10-05,0x554eca2a48136724294ce47fb7bfe9aadfcee3c6,376,0xff53e3a27b7252148e0f1daf4a00261eee59177f,7232.78267,7232.78267,14465.56534,1,1,1697060811
2023-10-05,0x554eca2a48136724294ce47fb7bfe9aadfcee3c6,380,0xc2fec534c461c45533e142f724d0e3930650929c,34783.236491,34783.236491,34772.083998,1,1,1697037443
2023-10-05,0x554eca2a48136724294ce47fb7bfe9aadfcee3c6,387,0x314c0695273ba259bb60074f2c92c67ac7ae6d40,105585.873242,105585.873242,52792.936621,1,1,1696927055
2023-10-05,0x554eca2a48136724294ce47fb7bfe9aadfcee3c6,407,0xba971f58a00e8ffc7e91c0e8e7efccbfbfe8f09e,0.0,0.0,6487.650697,0,1,1697051415
2023-10-05,0x554eca2a48136724294ce47fb7bfe9aadfcee3c6,441,0xdceb0bb3311342e3ce9e49f57affce9deac40ba1,27628.098664,27628.098664,0.0,1,0,1696927947
2023-10-05,0x554eca2a48136724294ce47fb7bfe9aadfcee3c6,446,0xb760c246db7eee48169c729d0394a7773be6a376,53032.641746,53032.641746,53032.641746,1,1,1696985925
2023-10-05,0x554eca2a48136724294ce47fb7bfe9aadfcee3c6,464,0xec3878066f14315e5d1771a9ca07d887d6ea8fd9,91901.380461,91901.380461,89334.053876,1,1,1697052217
2023-10-05,0x554eca2a48136724294ce47fb7bfe9aadfcee3c6,473,0x97020c9ec66e0f59231918b1d2f167a66026aff2,12459.325786,12459.325786,0.0,1,0,1697050159
2023-10-05,0x554eca2a48136724294ce47fb7bfe9aadfcee3c6,496,0x2b11807dbfc49bd0e21c5ace44d7a2191d992421,46160.440892,46160.440892,0.0,1,0,1696961179
2023-10-05,0x554eca2a48136724294ce47fb7bfe9aadfcee3c6,504,0xcfba6d63ec822425775d3c509e60ff689c1ae1e7,4471.490091,4471.490091,4462.256572,1,1,1696990017
2023-10-05,0x554eca2a48136724294ce47fb7bfe9aadfcee3c6,517,0xcb926f497763ea5cf993912a442431e6a91d5a64,42095.941315,42095.941315,42095.941315,1,1,1697051585
2023-10-05,0x554eca2a48136724294ce47fb7bfe9aadfcee3c6,543,0x6613a1521394c2f17c7d705e48279e44c2a01936,9969.712908,9969.712908,9969.712908,1,1,1696469003
2023-10-05,0x554eca2a48136724294ce47fb7bfe9aadfcee3c6,551,0xdde346eaecec99ff62b8454fbd721593d40e2fbc,40775.85089,40775.85089,40342.776995,1,1,1696488295
2023-10-05,0x554eca2a48136724294ce47fb7bfe9aadfcee3c6,581,0x6a3e98f964e93f183a9e5bb607dd9df75110d2ac,36819.313961,36819.313961,0.0,1,0,1696850617
2023-10-05,0x554eca2a48136724294ce47fb7bfe9aadfcee3c6,603,0xa13a8b8039b6e8e26b1763b0e7e9ec992a73b996,36627.655085,36627.655085,0.0,1,0,1696912041
2023-10-05,0x554eca2a48136724294ce47fb7bfe9aadfcee3c6,622,0x81f10d99464d604ea1e9242dc71733a506e95b4e,35757.199034,35757.199034,35757.199034,1,1,1696486387
2023-10-05,0x554eca2a48136724294ce47fb7bfe9aadfcee3c6,650,0x4ffc5f22770ab6046c8d66dabae3a9cd1e7a03e7,8752.983126,8752.983126,0.0,1,0,1697048227
2023-10-05,0x554eca2a48136724294ce47fb7bfe9aadfcee3c6,694,0xbfc4fbbec37c291aed1d14f02b5221d0be0fe8f1,7054.904092,7054.904092,7052.642089,1,1,1697037123
2023-10-05,0x554eca2a48136724294ce47fb7bfe9aadfcee3c6,753,0xee57d8989170370a6f88b2f99395b81204117bf2,6175.853252,6175.853252,6173.873099,1,1,1697054253
2023-10-05,0x554eca2a48136724294ce47fb7bfe9aadfcee3c6,754,0x4d3869e2451d28bb4f03aeda60322eaf01e912db,6403.129582,6403.129582,0.0,1,0,1696861421
2023-10-05,0x554eca2a48136724294ce47fb7bfe9aadfcee3c6,774,0x98d925821767edcf7e773810e74244026b6e8a35,5820.673821,5820.673821,2328.269528,1,1,1696958611
2023-10-05,0x554eca2a48136724294ce47fb7bfe9aadfcee3c6,867,0xa1a7aec61de1b80efe2dfe0ed8bb4243274ce67a,20734.92919,20734.92919,0.0,1,0,1697062039
2023-10-05,0x554eca2a48136724294ce47fb7bfe9aadfcee3c6,873,0x0e42d7887e4dfd681fe295bec85729c0420e0ae0,0.0,0.0,18552.62018,0,1,1696995083
2023-10-05,0x554eca2a48136724294ce47fb7bfe9aadfcee3c6,898,0x29f8625b59fbea40f41449e4b4d387accf5e989d,0.0,0.0,17592.441551,0,1,1696837377
2023-10-05,0x554eca2a48136724294ce47fb7bfe9aadfcee3c6,899,0x74a5b346f2cccf06e2127eb6680389e7d8953c80,17595.359369,17595.359369,17584.499793,1,1,1697052801
2023-10-05,0x554eca2a48136724294ce47fb7bfe9aadfcee3c6,957,0x77d4d1d555533652815c2f12171ae7f45b6332b2,16141.49734,16141.49734,0.0,1,0,1696920999
2023-10-05,0x554eca2a48136724294ce47fb7bfe9aadfcee3c6,1057,0x9eda173b60b105d2e255a1f535f70db2587eefe0,0.0,0.0,13533.79446,0,1,1696960309
2023-10-05,0x554eca2a48136724294ce47fb7bfe9aadfcee3c6,1107,0x3750b281e14b0fcd4880399210ce03a7f570fbd7,12962.013031,12962.013031,12962.013031,1,1,1697064735
2023-10-05,0x554eca2a48136724294ce47fb7bfe9aadfcee3c6,1108,0x2ed7cc0236ba832d7dfb190e9bced27de1a034f2,12699.532918,12699.532918,12695.764383,1,1,1696902537
2023-10-05,0x554eca2a48136724294ce47fb7bfe9aadfcee3c6,1149,0x93b82c49c2af67797977ae344c07884164e6a592,0.0,2590.019282,3778.935011,2,3,1697061817
2023-10-05,0x554eca2a48136724294ce47fb7bfe9aadfcee3c6,1166,0x9859a4583763a5ca30cb3dc676b41eae3b628e4a,11639.972368,11639.972368,11639.972368,1,1,1696595615
2023-10-05,0x554eca2a48136724294ce47fb7bfe9aadfcee3c6,1219,0xbb8fb8fe5198f25d117c0e7b1b9c8260cb19c3c0,10610.457791,10610.457791,10607.055777,1,1,1696999715
2023-10-05,0x554eca2a48136724294ce47fb7bfe9aadfcee3c6,1221,0x564b3a3cf630d7b3b35ae78e47feb074bce2b06e,2617.124988,2617.124988,2630.040967,1,1,1697047321
2023-10-05,0x554eca2a48136724294ce47fb7bfe9aadfcee3c6,1224,0xb002d5e8ea1c7db3dfed5aaf33ebcdef890d20d4,0.0,0.0,10514.186638,0,1,1696998791
2023-10-05,0x554eca2a48136724294ce47fb7bfe9aadfcee3c6,1242,0xa82e10f6120aa01b95474bbba71cf9649492c05a,10294.303941,10294.303941,0.0,1,0,1696859383
2023-10-05,0x554eca2a48136724294ce47fb7bfe9aadfcee3c6,1264,0x5983a50a686141ff6856b653727d9595eaade1d6,9880.042984,9880.042984,9880.042984,1,1,1697052167
2023-10-05,0x554eca2a48136724294ce47fb7bfe9aadfcee3c6,1362,0x450cf20323733ea1ba31357cc129bd7da188cc68,8625.871532,8625.871532,8623.105833,1,1,1697024335
2023-10-05,0x554eca2a48136724294ce47fb7bfe9aadfcee3c6,1407,0x6ec39176ebc5cb9a0e9a0bddfe3afcc0c8b2defb,0.0,0.0,2039.263374,0,1,1697036859
2023-10-05,0x554eca2a48136724294ce47fb7bfe9aadfcee3c6,1469,0x8fc4faa9dd274dc801ca629234e83183031634ec,0.0,0.0,1522.779086,0,1,1697019249
2023-10-05,0x554eca2a48136724294ce47fb7bfe9aadfcee3c6,1490,0x60a627b29d8038e7f34b351cd340b7a41b036720,7418.450766,7418.450766,7416.0722,1,1,1696471809
2023-10-05,0x554eca2a48136724294ce47fb7bfe9aadfcee3c6,1496,0xd5cd4169d75fa1567c773af21964bc85ed701c6e,501.718665,501.718665,501.718665,1,1,1697063499
2023-10-05,0x554eca2a48136724294ce47fb7bfe9aadfcee3c6,1507,0x4335335c596ac1fb3872a4f3b02ddc5418f8e33d,0.0,0.0,7644.950651,0,1,1696914903
2023-10-05,0x554eca2a48136724294ce47fb7bfe9aadfcee3c6,1521,0xdd84ce1adcb3a4908db61a1dfa3353c3974c5a2b,2345.164025,2345.164025,0.0,1,0,1696851709
2023-10-05,0x554eca2a48136724294ce47fb7bfe9aadfcee3c6,1595,0x6532a7c47b033e83eac702b2baecdb8b834558de,6565.153951,6565.153951,6563.048976,1,1,1696610647
2023-10-05,0x554eca2a48136724294ce47fb7bfe9aadfcee3c6,1614,0xa455c79ad2e6b2c64372886661de7a2ed0254d75,6505.879053,6505.879053,6381.363132,1,1,1696674131
2023-10-05,0x554eca2a48136724294ce47fb7bfe9aadfcee3c6,1660,0xaa62cf7caaf0c7e50deaa9d5d0b907472f00b258,6172.397307,6172.397307,0.0,1,0,1696965671
2023-10-05,0x554eca2a48136724294ce47fb7bfe9aadfcee3c6,1664,0x3845db689ece1e8db5af208f77f44cc1c7171407,6154.583467,6154.583467,6154.583467,1,1,1696470093
2023-10-05,0x554eca2a48136724294ce47fb7bfe9aadfcee3c6,1714,0x33e499dbd9dc9ca564b1b1a0d7941e31cc53e5ab,5789.538624,5789.538624,5785.965413,1,1,1696472579
2023-10-05,0x554eca2a48136724294ce47fb7bfe9aadfcee3c6,1811,0x410f2959ee9c8115ca6cf0f817b14373b63b5d4c,1729.2054,1729.2054,0.0,1,0,1697065037
2023-10-05,0x554eca2a48136724294ce47fb7bfe9aadfcee3c6,1822,0x9c6016b2543cfd29a587992393c3c59df1dc48af,0.0,0.0,13118.352879,0,1,1696489339
2023-10-05,0x554eca2a48136724294ce47fb7bfe9aadfcee3c6,1912,0x3e516b6d229bf935f1b6bf4a0c2531ddab48cf1b,0.0,0.0,1164.922579,0,1,1697040247
2023-10-05,0x554eca2a48136724294ce47fb7bfe9aadfcee3c6,1961,0x68e53742e7a7de9831b9752046072a942f18e4fd,4357.192907,4357.192907,4357.192907,1,1,1697053181
2023-10-05,0x554eca2a48136724294ce47fb7bfe9aadfcee3c6,2063,0x8bfa2e0789f3f4d1ef2bdc86c5c7ea3885c1f2b9,4086.059202,4086.059202,4083.537351,1,1,1696688291
2023-10-05,0x554eca2a48136724294ce47fb7bfe9aadfcee3c6,2133,0x63c80fe5b716d2e5c937a8fe787aa17df59d4344,8250.669419,8250.669419,3032.729447,1,1,1697052899
2023-10-05,0x554eca2a48136724294ce47fb7bfe9aadfcee3c6,2170,0xe864c76dc41797e606b67ecd23cf0575841cb24e,0.0,0.0,3846.583049,0,1,1696511759
2023-10-05,0x554eca2a48136724294ce47fb7bfe9aadfcee3c6,2192,0x6fa3e3bce93bc425df83579c9f06245d3993516c,3791.164416,3791.164416,1895.582208,1,1,1697064605
2023-10-05,0x554eca2a48136724294ce47fb7bfe9aadfcee3c6,2345,0x12924049e2d21664e35387c69429c98e9891a820,34.791225,34.791225,34.791225,1,1,1697002231
2023-10-05,0x554eca2a48136724294ce47fb7bfe9aadfcee3c6,2451,0x44c1072f3225351698630b27bef8141d206d12ec,3300.198577,3300.198577,0.0,1,0,1696866501
2023-10-05,0x554eca2a48136724294ce47fb7bfe9aadfcee3c6,2580,0x0a2f675591577bfa8d5d8d2ec3fb8179aa821405,312.078382,312.078382,311.97832,1,1,1697037183
2023-10-05,0x554eca2a48136724294ce47fb7bfe9aadfcee3c6,2632,0x5449f6df38d7d6f2fb8ccea1f3f9f87418e8a174,1527.265501,1527.265501,1526.322751,1,1,1696580841
2023-10-05,0x554eca2a48136724294ce47fb7bfe9aadfcee3c6,2674,0x8298ca68dd147f42d2b355d320da71561defcd21,1788.276031,1788.276031,894.138015,1,1,1696999101
2023-10-05,0x554eca2a48136724294ce47fb7bfe9aadfcee3c6,2828,0xcd747f6138582bcf60b4efb4b3622630029c5612,2395.627083,2395.627083,2395.627083,1,1,1696972267
2023-10-05,0x554eca2a48136724294ce47fb7bfe9aadfcee3c6,2856,0xf3b059c887172f2cc52b5e77ee3b2c8b3a32e6ef,1899.207118,3798.414236,3477.468709,2,2,1697052387
2023-10-05,0x554eca2a48136724294ce47fb7bfe9aadfcee3c6,2875,0xe1ab85e458ebea43c5302ce84f5a89cb22fe351a,0.0,0.0,734.472636,0,1,1697045535
2023-10-05,0x554eca2a48136724294ce47fb7bfe9aadfcee3c6,2939,0xdddda6f358eaceb800c82d41ccc53676b5cc6f6c,0.0,0.0,209.424694,0,1,1696767419
2023-10-05,0x554eca2a48136724294ce47fb7bfe9aadfcee3c6,2982,0x4a9e280596c9f4b87a6650e32d29f865cbdd0aec,2108.966519,2108.966519,1985.140387,1,1,1696625969
2023-10-05,0x554eca2a48136724294ce47fb7bfe9aadfcee3c6,2984,0x1348431d99cba389dde4831879e29c0df0c1ebca,1980.322505,1980.322505,1980.322505,1,1,1697027075
2023-10-05,0x554eca2a48136724294ce47fb7bfe9aadfcee3c6,3033,0xdc849cb277d665a4d2d86220eecfcf5f2b5fff47,947.323145,947.323145,1894.038813,1,1,1696552547
2023-10-05,0x554eca2a48136724294ce47fb7bfe9aadfcee3c6,3036,0x3f6364f662b0127a3430bb9a9fc16b602da9a188,239.098421,239.098421,208.391638,1,1,1697004127
2023-10-05,0x554eca2a48136724294ce47fb7bfe9aadfcee3c6,3062,0x5a219e0846af2f551ae29561366ce40ae1e13abf,1854.109487,1854.109487,1851.658244,1,1,1697062515
2023-10-05,0x554eca2a48136724294ce47fb7bfe9aadfcee3c6,3124,0xeeb991702e3472166da495b22f3349a7a3aa638a,1765.469419,1765.469419,1763.331,1,1,1696472469
2023-10-05,0x554eca2a48136724294ce47fb7bfe9aadfcee3c6,3127,0x8bb89c74736017e0d1102ed65d49be9cb6b3cc48,0.0,0.0,1761.929907,0,1,1697029279
2023-10-05,0x554eca2a48136724294ce47fb7bfe9aadfcee3c6,3187,0x9a86fdd83709649801d9daa57e12df0ad81223ff,1700.495489,1700.495489,1700.495489,1,1,1696898027
2023-10-05,0x554eca2a48136724294ce47fb7bfe9aadfcee3c6,3202,0xb07aee9bb2d03b6f65346f666154150cacdd3e51,1807.312475,1807.312475,1807.312475,1,1,1697036631
2023-10-05,0x554eca2a48136724294ce47fb7bfe9aadfcee3c6,3270,0x418340b636a908e69e98bb0c36ec4610980dce87,1567.517382,1567.517382,1574.750383,1,1,1697017139
2023-10-05,0x554eca2a48136724294ce47fb7bfe9aadfcee3c6,3368,0xbcaf219ba7c5299892b074d69398564dfdfe79f3,1480.886757,1480.886757,1480.411943,1,1,1696688201
2023-10-05,0x554eca2a48136724294ce47fb7bfe9aadfcee3c6,3384,0xbf9b4d7fbd072a17d39df9f2a51f764ef047f457,1459.447829,1459.447829,1459.447829,1,1,1696987087
2023-10-05,0x554eca2a48136724294ce47fb7bfe9aadfcee3c6,3394,0xbf11833461348bcf5217c38e52920a55cb589168,1446.264196,1446.264196,0.0,1,0,1697026257
2023-10-05,0x554eca2a48136724294ce47fb7bfe9aadfcee3c6,3398,0x53a784ce1f0efdffb13b68b51cf51913ab7def94,0.0,0.0,1438.342627,0,1,1696547125
2023-10-05,0x554eca2a48136724294ce47fb7bfe9aadfcee3c6,3400,0x1e51745bdb4436563097833ba83dcc51109d9fa8,1436.518128,1436.518128,1436.518128,1,1,1697063197
2023-10-05,0x554eca2a48136724294ce47fb7bfe9aadfcee3c6,3451,0xf3284a18b5baafcffe6e0635f5452f7f5a2a7da4,1354.125834,1354.125834,1354.125834,1,1,1696820839
2023-10-05,0x554eca2a48136724294ce47fb7bfe9aadfcee3c6,3497,0xc73093429e9e151f2b3bed7cc99d73e30457185b,1304.828802,1304.828802,1304.410437,1,1,1696688363
2023-10-05,0x554eca2a48136724294ce47fb7bfe9aadfcee3c6,3668,0xd3744b27813f2456ff3ddf78214bf57735d5f1a1,0.0,0.0,1091.034831,0,1,1696958269
2023-10-05,0x554eca2a48136724294ce47fb7bfe9aadfcee3c6,3678,0xb77d14282f00dc08d1df2bccae8bed8cae1ee461,0.0,0.0,1086.240381,0,1,1697045743
2023-10-05,0x554eca2a48136724294ce47fb7bfe9aadfcee3c6,3752,0x31dddf4e2ac81403fa9b993cfbe4ca535a1656b5,1045.747953,1045.747953,1045.747953,1,1,1696877557
2023-10-05,0x554eca2a48136724294ce47fb7bfe9aadfcee3c6,3970,0x17736063f4c89d746fd7bf5719a8efe74cccb7b9,431.565486,431.565486,431.565486,1,1,1696675127
2023-10-05,0x554eca2a48136724294ce47fb7bfe9aadfcee3c6,3988,0x08ba371f556b01d2a384acbea85798139f3bb680,1001.771421,1001.771421,0.0,1,0,1696851671
2023-10-05,0x554eca2a48136724294ce47fb7bfe9aadfcee3c6,4023,0x340315b2b61da0592653c49711941bb26e1902c9,795.33756,795.33756,795.33756,1,1,1697063789
2023-10-05,0x554eca2a48136724294ce47fb7bfe9aadfcee3c6,4164,0x9bd11e9313f61b2aed601eb9d8271c3230752e7e,3949.950117,3949.950117,3949.950117,1,1,1696824357
2023-10-05,0x554eca2a48136724294ce47fb7bfe9aadfcee3c6,4373,0x2ba1d521595c5b31b177fd5263f8b002f570e92a,0.0,0.0,586.322475,0,1,1696496829
2023-10-05,0x554eca2a48136724294ce47fb7bfe9aadfcee3c6,4380,0x6c73e9148ac9acd1a96d554b6b20905414f8696f,571.753705,571.753705,571.753705,1,1,1696655963
2023-10-05,0x554eca2a48136724294ce47fb7bfe9aadfcee3c6,4414,0x39afe2176de832be2a5164e5fc91e27d1355c88d,553.003686,553.003686,553.003686,1,1,1697040345
2023-10-05,0x554eca2a48136724294ce47fb7bfe9aadfcee3c6,4494,0xd1e72c944836d7bb3d1f97b77977a7f45af782a3,521.944754,521.944754,521.944754,1,1,1696899553
2023-10-05,0x554eca2a48136724294ce47fb7bfe9aadfcee3c6,4539,0xb67c21c44fbd66aca78e93f843d8bde98af73762,0.0,0.0,509.235568,0,1,1696972609
2023-10-05,0x554eca2a48136724294ce47fb7bfe9aadfcee3c6,4635,0xdbc88e5858fd2cd02b2670383100b04804fe2f27,2884.080512,2884.080512,0.0,1,0,1696860661
2023-10-05,0x554eca2a48136724294ce47fb7bfe9aadfcee3c6,4703,0x7ae1cd518ecf4546fc93796dbb26f0ee0a1b35ba,227.929645,227.929645,227.929645,1,1,1696961021
2023-10-05,0x554eca2a48136724294ce47fb7bfe9aadfcee3c6,4799,0xac57b566e6d2c76174317c2870f1f66276c96746,52.760274,52.760274,46.87079,1,1,1697003829
2023-10-05,0x554eca2a48136724294ce47fb7bfe9aadfcee3c6,4887,0x2e61b868e5dbb58e61a7e2cdfc8c85d64771e814,412.110768,412.110768,412.110768,1,1,1696961533
2023-10-05,0x554eca2a48136724294ce47fb7bfe9aadfcee3c6,4889,0x18a428ce0c31584a21cf8cefdb8849d8013e1994,0.0,0.0,61.759292,0,1,1696746345
2023-10-05,0x554eca2a48136724294ce47fb7bfe9aadfcee3c6,4901,0x4ddeba3cb70e38dee2f22071da5f71770d1ecef2,410.750995,410.750995,410.750995,1,1,1696473805
2023-10-05,0x554eca2a48136724294ce47fb7bfe9aadfcee3c6,4985,0xb5b955904142127aa682b00a36f1514951912667,402.39716,402.39716,402.39716,1,1,1696502439
2023-10-05,0x554eca2a48136724294ce47fb7bfe9aadfcee3c6,5056,0x7e5c1a665bfd595a8de3ac91dabb37a65db04096,1503.460658,1503.460658,1266.504866,1,1,1696529689
2023-10-05,0x554eca2a48136724294ce47fb7bfe9aadfcee3c6,5124,0xdacbf0f8199c1e5ae5356a9d3a3b7d5f3e131360,47.543827,47.543827,41.382024,1,1,1697002763
2023-10-05,0x554eca2a48136724294ce47fb7bfe9aadfcee3c6,5290,0x0a672383bc609c8dc0a746e358cae1a7db555aff,48.520498,48.520498,42.264372,1,1,1697002065
2023-10-05,0x554eca2a48136724294ce47fb7bfe9aadfcee3c6,5341,0x3650801cbe79abf94dbdf297fae9e10ccf9616d4,0.0,0.0,37.914042,0,1,1696568717
2023-10-05,0x554eca2a48136724294ce47fb7bfe9aadfcee3c6,5397,0xa4a45767a697384f685a916e17b1e35e37314540,0.0,0.0,376.594946,0,1,1696718041
2023-10-05,0x554eca2a48136724294ce47fb7bfe9aadfcee3c6,5420,0x29128e764a3959204bcab02b315ae22e7d1d7bba,3.754021,3.754021,3.754021,1,1,1697002483
2023-10-05,0x554eca2a48136724294ce47fb7bfe9aadfcee3c6,5423,0xf01140a33593d481b9482561fa62a7a1e05ff81c,48.185265,48.185265,42.023203,1,1,1696993121
2023-10-05,0x554eca2a48136724294ce47fb7bfe9aadfcee3c6,5437,0x0a3234a2f7e0026364a6fa61b286c8b107e2cd3c,3.745897,3.745897,3.745897,1,1,1697002571
2023-10-05,0x554eca2a48136724294ce47fb7bfe9aadfcee3c6,5505,0xfb245db74da26226cf183f13287f7110c27fd0c7,48.637056,48.637056,43.21398,1,1,1696992385
2023-10-05,0x554eca2a48136724294ce47fb7bfe9aadfcee3c6,5617,0xe6fc437e0280ec62c84d2e0abdf6f08ebe4564ed,376.326453,376.326453,368.358232,1,1,1696638427
2023-10-05,0x554eca2a48136724294ce47fb7bfe9aadfcee3c6,5646,0xf8591e4b202fd34786f84d3a696e833e97b02a20,367.367271,367.367271,367.367271,1,1,1696643233
2023-10-05,0x554eca2a48136724294ce47fb7bfe9aadfcee3c6,5730,0x8e3c3084dc48cac05e46346849125f684160b117,44.417378,44.417378,39.432947,1,1,1697003103
2023-10-05,0x554eca2a48136724294ce47fb7bfe9aadfcee3c6,5759,0x68efa247aefaa9aaf4b5e610a772ca044657431f,182.050048,182.050048,182.050048,1,1,1696979327
2023-10-05,0x554eca2a48136724294ce47fb7bfe9aadfcee3c6,5789,0x26ef296bd133aa54aaefeeedae62502b78e2e301,46.991526,46.991526,41.740749,1,1,1696992679
2023-10-05,0x554eca2a48136724294ce47fb7bfe9aadfcee3c6,5884,0x8181432899253fa56fdfeb559a9da64ec75d9f15,360.406008,360.406008,0.0,1,0,1696891019
2023-10-05,0x554eca2a48136724294ce47fb7bfe9aadfcee3c6,5891,0x2188d1a5e18768ef32a3c2e647207ca3627d3ffd,44.015156,44.015156,38.297757,1,1,1697002319
2023-10-05,0x554eca2a48136724294ce47fb7bfe9aadfcee3c6,5892,0x0c3ef07338d82406f4e49bcb6df157b94a3dcd38,0.0,0.0,180.051184,0,1,1696818851
2023-10-05,0x554eca2a48136724294ce47fb7bfe9aadfcee3c6,5909,0xbcd6fd639044c26c7a24288adf62eb56bf4511bc,46.85758,46.85758,41.635867,1,1,1696992075
2023-10-05,0x554eca2a48136724294ce47fb7bfe9aadfcee3c6,5925,0xf46d36a35eca074dac347bab4f70d969e8cbce59,359.045846,359.045846,359.045846,1,1,1697005161
2023-10-05,0x554eca2a48136724294ce47fb7bfe9aadfcee3c6,5971,0xb2d0fb36cca6b51b6464cccc92ded1a4cd9b8b65,43.781504,43.781504,38.871009,1,1,1697003289
2023-10-05,0x554eca2a48136724294ce47fb7bfe9aadfcee3c6,6035,0x5321230699f17aa1a242a80d8ecee9233592baf9,47.666152,47.666152,42.330011,1,1,1696991729
2023-10-05,0x554eca2a48136724294ce47fb7bfe9aadfcee3c6,6197,0x0e15e6d82aca20e7c4a5c753b38d8ed0d8d09010,352.091413,352.091413,352.091413,1,1,1697061285
2023-10-05,0x554eca2a48136724294ce47fb7bfe9aadfcee3c6,6372,0x6b6597710ac103f998e77f48caad882788e24471,349.050908,349.050908,349.050908,1,1,1696834605
2023-10-05,0x554eca2a48136724294ce47fb7bfe9aadfcee3c6,6406,0x451248229712d6f207ff9466d8d3a33cb59d103c,348.179004,348.179004,348.179004,1,1,1696555219
2023-10-05,0x554eca2a48136724294ce47fb7bfe9aadfcee3c6,6483,0xa034ef98a17e753a31cf864c1f8a09c8563835ea,9.678269,9.678269,10.024086,1,1,1696843689
2023-10-05,0x554eca2a48136724294ce47fb7bfe9aadfcee3c6,6484,0x5983a50a686141ff6856b653727d9595eaade1d6,296.532483,296.532483,240.401718,1,1,1697052177
2023-10-05,0x554eca2a48136724294ce47fb7bfe9aadfcee3c6,6960,0x95f4d2a19d63725710559b23bc918791795f402c,10.000226,10.000226,10.186287,1,1,1696953937
2023-10-05,0x554eca2a48136724294ce47fb7bfe9aadfcee3c6,7049,0xe7de9bada139629600b5d140c0eff9cff34524cc,0.0,0.0,51.121292,0,1,1697018951
2023-10-05,0x554eca2a48136724294ce47fb7bfe9aadfcee3c6,7057,0xbaf9a9b64a19de756f777c0a099fee804f6a265f,284.382401,284.382401,211.314623,1,1,1696474515
2023-10-05,0x554eca2a48136724294ce47fb7bfe9aadfcee3c6,7096,0x7098d5ee6c5f1d1641f3a872e9acf0b97cc8aa75,243.794795,243.794795,0.0,1,0,1696902755
2023-10-05,0x554eca2a48136724294ce47fb7bfe9aadfcee3c6,7128,0x0f45156f109e474295913d78036fa213b1745d5a,110734.227922,110734.227922,111308.324647,1,1,1697060919
2023-10-05,0x554eca2a48136724294ce47fb7bfe9aadfcee3c6,7130,0x1f452ea54d4d934afadc300c61ca0a3b1bbde958,827.633439,827.633439,756.255902,1,1,1697064099
2023-10-05,0x554eca2a48136724294ce47fb7bfe9aadfcee3c6,7136,0xd87ecc6c74f486b044824a222326a96f696fcfa2,119228.79486,119228.79486,119847.966476,1,1,1697061349
2023-10-05,0x554eca2a48136724294ce47fb7bfe9aadfcee3c6,7265,0xd7a93a650ba0c438b43c633d9faa864a58409d27,317.651482,317.651482,97.633056,1,1,1696986005
2023-10-05,0x554eca2a48136724294ce47fb7bfe9aadfcee3c6,7266,0x194453ebfaf52dc98c0ce902196b99f95271e470,47.897746,95.795492,60.310476,2,2,1696986311
2023-10-05,0x554eca2a48136724294ce47fb7bfe9aadfcee3c6,7524,0x73d52bf205839bb5b090ad68d8691a2462492bf1,0.0,0.0,0.835321,0,1,1696774349
2023-10-05,0x554eca2a48136724294ce47fb7bfe9aadfcee3c6,7551,0x9bd11e9313f61b2aed601eb9d8271c3230752e7e,347.948201,347.948201,349.211434,1,1,1696824393
2023-10-05,0x554eca2a48136724294ce47fb7bfe9aadfcee3c6,7762,0xb8a8663d7ae13c298972c5ab2ff392c3cbed8473,18.677387,18.677387,18.928288,1,1,1697050677
2023-10-05,0x554eca2a48136724294ce47fb7bfe9aadfcee3c6,7857,0x4886ba5d2b3e0ae1e80172d3bddc4feb32e1ce26,4.485254,4.485254,4.503923,1,1,1696924065
2023-10-05,0x554eca2a48136724294ce47fb7bfe9aadfcee3c6,8350,0x0f45156f109e474295913d78036fa213b1745d5a,27954.748726,27954.748726,27945.78564,1,1,1697060949
2023-10-05,0x554eca2a48136724294ce47fb7bfe9aadfcee3c6,8375,0x314c0695273ba259bb60074f2c92c67ac7ae6d40,8058.40812,8058.40812,0.0,1,0,1696927075
2023-10-05,0x554eca2a48136724294ce47fb7bfe9aadfcee3c6,8467,0xd87ecc6c74f486b044824a222326a96f696fcfa2,59026.483806,59026.483806,59007.55824,1,1,1697061143
2023-10-05,0x554eca2a48136724294ce47fb7bfe9aadfcee3c6,8533,0xed10632f95690e6592958a521a09f0d758b153f1,206.456675,206.456675,0.0,1,0,1696559155
2023-10-05,0x5f43555b02507133ecd5b78218283ed849b07eac,1,0xbde0c70bdc242577c52dfad53389f82fd149ea5a,1924511.004598,1924511.004598,1215608.6735,1,1,1697045005
2023-10-05,0x5f43555b02507133ecd5b78218283ed849b07eac,2,0x51e171d2fde9b37bbbb624a53ef54959422388e4,1374650.71757,1374650.71757,868291.909643,1,1,1697050283
2023-10-05,0x5f43555b02507133ecd5b78218283ed849b07eac,5,0x5b1892b546002ff3dd508500575bd6bf7a101431,503943.308279,503943.308279,318313.542151,1,1,1697045057
2023-10-05,0x5f43555b02507133ecd5b78218283ed849b07eac,16,0x370880694995aa8a53f71645f7bec3b0e7bb25d9,192851.090354,192851.090354,0.0,1,0,1696851907
2023-10-05,0x5f43555b02507133ecd5b78218283ed849b07eac,24,0x208a17c5fabe5b90282e5906945ff335e39326c4,0.0,0.0,7296.027961,0,1,1697051865
2023-10-05,0x5f43555b02507133ecd5b78218283ed849b07eac,41,0xc73c5ee66b518c5450ce47520fc22f429f15a519,7954.863007,7954.863007,7944.346206,1,1,1696527887
2023-10-05,0x5f43555b02507133ecd5b78218283ed849b07eac,56,0x48a5a6a01ba89cddf97d2d552923d5a11401ed19,0.0,0.0,324013.276201,0,1,1697064681
2023-10-05,0x5f43555b02507133ecd5b78218283ed849b07eac,74,0x9c0d72f2ac26420cb7eeb155bf401b672840e87b,471884.898591,471884.898591,471733.598903,1,1,1697032607
2023-10-05,0x5f43555b02507133ecd5b78218283ed849b07eac,77,0xeb6772188cf10aa563a1cd163f48355d1a949797,0.0,0.0,123871.08922,0,1,1697064347
2023-10-05,0x5f43555b02507133ecd5b78218283ed849b07eac,174,0x83bad39f067ef72e354f2ea9d318eaad381a7f15,23366.399704,23366.399704,23351.978334,1,1,1697041741
2023-10-05,0x5f43555b02507133ecd5b78218283ed849b07eac,229,0x4dcea47ec4b26079cb4f9a0e0f400e1aa6f199a9,79258.49466,79258.49466,55480.946262,1,1,1696611145
2023-10-05,0x5f43555b02507133ecd5b78218283ed849b07eac,238,0xb6f28ae8f31d85dc27361852b986286113bc588d,0.0,0.0,39899.583388,0,1,1697062351
2023-10-05,0x5f43555b02507133ecd5b78218283ed849b07eac,275,0xa810ffea2709c116ef180d090c142fc5e08586a7,0.0,0.0,24380.233331,0,1,1697054155
2023-10-05,0x5f43555b02507133ecd5b78218283ed849b07eac,279,0xa82618668a71bb492d1aaf8948de95d73eb8a243,127637.449583,127637.449583,127596.525395,1,1,1696977453
2023-10-05,0x5f43555b02507133ecd5b78218283ed849b07eac,294,0x8c78d21f1ea29a3571356483da01fa0babef7f36,110668.57539,110668.57539,110668.57539,1,1,1697059171
2023-10-05,0x5f43555b02507133ecd5b78218283ed849b07eac,304,0xbbb33d2e7bd7ddc722e53da9ca8ee97df41cfabf,15879.035429,15879.035429,21158.978174,1,1,1696925469
2023-10-05,0x5f43555b02507133ecd5b78218283ed849b07eac,334,0xa7d7ac8fe7e8693b5599c69cc7d4f6226677845b,89915.477321,89915.477321,0.0,1,0,1696594801
2023-10-05,0x5f43555b02507133ecd5b78218283ed849b07eac,353,0x5ade40e345817b739b91c6b4615efce87f9d7c57,44389.519051,44389.519051,43971.126223,1,1,1696623319
2023-10-05,0x5f43555b02507133ecd5b78218283ed849b07eac,363,0xbe12e889a5af67b12369c5610187a18c0a43dce0,77657.93417,77657.93417,0.0,1,0,1696905951
2023-10-05,0x5f43555b02507133ecd5b78218283ed849b07eac,370,0x02ef8147e2d0997cca48d99f01bad846d16558fa,64414.931451,64414.931451,0.0,1,0,1696778957
2023-10-05,0x5f43555b02507133ecd5b78218283ed849b07eac,376,0xff53e3a27b7252148e0f1daf4a00261eee59177f,0.0,0.0,7232.78267,0,1,1697060811
2023-10-05,0x5f43555b02507133ecd5b78218283ed849b07eac,388,0x823bf98d9f1119ae040aaef8118f13a612324112,34401.25977,34401.25977,34390.22975,1,1,1696605971
2023-10-05,0x5f43555b02507133ecd5b78218283ed849b07eac,392,0xa12eec92d8c155c8ea9159cb87da4e062bf9992d,0.0,0.0,84677.557712,0,1,1696974899
2023-10-05,0x5f43555b02507133ecd5b78218283ed849b07eac,400,0x1b08bc49accb4fb813bc9cb7f3a1f7f93510010e,65162.354345,65162.354345,0.0,1,0,1696634147
2023-10-05,0x5f43555b02507133ecd5b78218283ed849b07eac,423,0xa904a0f8b4f0292785ad610dae1084a916142a77,44226.425642,44226.425642,29484.283761,1,1,1696877735
2023-10-05,0x5f43555b02507133ecd5b78218283ed849b07eac,441,0xdceb0bb3311342e3ce9e49f57affce9deac40ba1,27628.098664,27628.098664,27628.098664,1,1,1696927947
2023-10-05,0x5f43555b02507133ecd5b78218283ed849b07eac,449,0xf6657bbcfeb5c2746e8c609e35018a5a8caa13fb,15724.830571,15724.830571,13095.936634,1,1,1697047599
2023-10-05,0x5f43555b02507133ecd5b78218283ed849b07eac,487,0xf3fc9208014ab619fb4b4a9fd00efe5994a6c153,0.0,0.0,45555.504435,0,1,1696917033
2023-10-05,0x5f43555b02507133ecd5b78218283ed849b07eac,494,0x153b4f4f2c6c284f844a53eb2e097d23b7bfa4dd,22188.572247,22188.572247,0.0,1,0,1696724769
2023-10-05,0x5f43555b02507133ecd5b78218283ed849b07eac,565,0x9e32643153bb21a77a5a757d6c51a01aebea0fa7,38090.305231,38090.305231,0.0,1,0,1696841595
2023-10-05,0x5f43555b02507133ecd5b78218283ed849b07eac,575,0x94587a95917188b338c822de2d1e77074131589f,9351.029064,9351.029064,0.0,1,0,1696611191
2023-10-05,0x5f43555b02507133ecd5b78218283ed849b07eac,617,0xa33ca84383bac2efb11b8ce21bc10403ff9cc77a,0.0,0.0,34946.45154,0,1,1697042455
2023-10-05,0x5f43555b02507133ecd5b78218283ed849b07eac,665,0x49e6f2d934077995cf4b24701fa5ae7f7b5e82e5,30859.073369,30859.073369,0.0,1,0,1696797971
2023-10-05,0x5f43555b02507133ecd5b78218283ed849b07eac,716,0x7026d2dc1a6314dcae5b8834c506987a30c702a6,26492.599967,26492.599967,26492.599967,1,1,1696690071
2023-10-05,0x5f43555b02507133ecd5b78218283ed849b07eac,723,0x65268d4fb73544b6056fa4f4bf20fc90e0b12a80,28652.981976,28652.981976,0.0,1,0,1696687137
2023-10-05,0x5f43555b02507133ecd5b78218283ed849b07eac,788,0x1e1f1758c8d6687c9ad13bed8a9f058c5341a359,0.0,0.0,22573.23868,0,1,1696503449
2023-10-05,0x5f43555b02507133ecd5b78218283ed849b07eac,870,0xf2829fc923b6fd040ead55d3f973f2953e86d13e,18622.920643,18622.920643,18616.949606,1,1,1697064953
2023-10-05,0x5f43555b02507133ecd5b78218283ed849b07eac,878,0x50bbf827267c4e920b512f8aa6c1c9d1a465a128,18449.669324,18449.669324,18449.669324,1,1,1697028097
2023-10-05,0x5f43555b02507133ecd5b78218283ed849b07eac,906,0x9c4d592042f959254485d443bbc337d29572264f,12415.357705,12415.357705,24830.715409,1,1,1697051677
2023-10-05,0x5f43555b02507133ecd5b78218283ed849b07eac,1046,0x08f518870ec33bc96cc251692b79a745c1af78b5,0.0,0.0,13741.365582,0,1,1697055737
2023-10-05,0x5f43555b02507133ecd5b78218283ed849b07eac,1048,0xe22477e3cbd246214ed15298352500f14de10e5e,16464.978981,16464.978981,15881.485363,1,1,1696639835
2023-10-05,0x5f43555b02507133ecd5b78218283ed849b07eac,1061,0xdc7d0d897e1b7998c780d16b3c08482a74e71f33,6713.199621,6713.199621,6713.199621,1,1,1696536507
2023-10-05,0x5f43555b02507133ecd5b78218283ed849b07eac,1070,0x0130d7a66d71723494428cb74ac09ba457c6167d,13220.36423,13220.36423,0.0,1,0,1696625345
2023-10-05,0x5f43555b02507133ecd5b78218283ed849b07eac,1123,0x672c3b982325be86e221fe5d0eb5391ffa9cc8fc,0.0,0.0,12346.675184,0,1,1696994367
2023-10-05,0x5f43555b02507133ecd5b78218283ed849b07eac,1159,0x54f2d57856e44dcf81880df34df300d145cc7d57,0.0,0.0,11793.86814,0,1,1697012791
2023-10-05,0x5f43555b02507133ecd5b78218283ed849b07eac,1171,0xe0654abc5fb4917ac59237f8b9f75316982cf0bf,11611.501737,11611.501737,11607.77876,1,1,1696748539
2023-10-05,0x5f43555b02507133ecd5b78218283ed849b07eac,1239,0xcfb10af967e3fdfe8f23ff15487f0e2496a93915,0.0,0.0,10329.614213,0,1,1697035417
2023-10-05,0x5f43555b02507133ecd5b78218283ed849b07eac,1250,0xfde34a676aa8d44b66d5ced822831a5b1454f8b0,10159.288868,10159.288868,0.0,1,0,1696838705
2023-10-05,0x5f43555b02507133ecd5b78218283ed849b07eac,1457,0x26b5e14dbf21bfb62bff869f5f4bce8dbddbcfca,1925.772524,1925.772524,0.0,1,0,1696637601
2023-10-05,0x5f43555b02507133ecd5b78218283ed849b07eac,1469,0x8fc4faa9dd274dc801ca629234e83183031634ec,0.0,0.0,1522.779086,0,1,1697019249
2023-10-05,0x5f43555b02507133ecd5b78218283ed849b07eac,1495,0xdb5bbaa2d64653b7101d56e91173e677717676fe,0.0,0.0,8446.696645,0,1,1697045041
2023-10-05,0x5f43555b02507133ecd5b78218283ed849b07eac,1521,0xdd84ce1adcb3a4908db61a1dfa3353c3974c5a2b,2345.164025,2345.164025,3552.224404,1,1,1696851709
2023-10-05,0x5f43555b02507133ecd5b78218283ed849b07eac,1628,0xa80798cfc94f1010267da78c6b4e57abd7bd33ca,6327.858196,6327.858196,0.0,1,0,1696627711
2023-10-05,0x5f43555b02507133ecd5b78218283ed849b07eac,1723,0x8c270f234cdcbd30d281799b584db3d0789e1317,5904.290126,5904.290126,5902.397043,1,1,1696669725
2023-10-05,0x5f43555b02507133ecd5b78218283ed849b07eac,1780,0x2f7b7b0ea9b9cec865b38600551e6eb51014dfa3,0.0,0.0,5218.59647,0,1,1697040951
2023-10-05,0x5f43555b02507133ecd5b78218283ed849b07eac,1855,0xbfad818edb25dc4eebac8cc44a7533be4652ad6c,0.0,0.0,2405.400817,0,1,1696483179
2023-10-05,0x5f43555b02507133ecd5b78218283ed849b07eac,1895,0xddc3244a5857a15d19dfc5ab66cf9565ac362f44,0.0,0.0,5085.893181,0,1,1697040517
2023-10-05,0x5f43555b02507133ecd5b78218283ed849b07eac,2036,0xde107b82e3e47ed281d276644b8115548c085c24,2087.858921,2087.858921,0.0,1,0,1696660433
2023-10-05,0x5f43555b02507133ecd5b78218283ed849b07eac,2118,0x9c529af39499eec506ac31fdfa13bb299c2c2a55,0.0,5545.668991,9680.090826,1,2,1696909839
2023-10-05,0x5f43555b02507133ecd5b78218283ed849b07eac,2129,0x9e136c1c6d31504f6b0af8cba2cd3f1ea77b2e2b,985.199956,985.199956,985.199956,1,1,1696525563
2023-10-05,0x5f43555b02507133ecd5b78218283ed849b07eac,2151,0x752b6547734c389311fdb9b03a83c2bb4df9cadc,3889.839075,3889.839075,3886.470682,1,1,1696643275
2023-10-05,0x5f43555b02507133ecd5b78218283ed849b07eac,2184,0xcf6862511797537ebf04ea5b16e08ce1826ed413,3820.47766,3820.47766,3820.47766,1,1,1697057031
2023-10-05,0x5f43555b02507133ecd5b78218283ed849b07eac,2306,0xedac1779d89ed877c99637861e89945ca7226c4f,0.0,0.0,3534.909294,0,1,1696985993
2023-10-05,0x5f43555b02507133ecd5b78218283ed849b07eac,2405,0x3ee5a77e6d176f42eaf653d9f49fcb8adabbb6fc,0.0,0.0,3370.15147,0,1,1697035057
2023-10-05,0x5f43555b02507133ecd5b78218283ed849b07eac,2413,0xbc1d315ba25501b20cfc475a86087145b7f48374,0.0,0.0,3362.264905,0,1,1697059767
2023-10-05,0x5f43555b02507133ecd5b78218283ed849b07eac,2564,0x57cfcecf5239bc42166b9a949c80057ab93604ef,1569.101025,1569.101025,1569.101025,1,1,1696753007
2023-10-05,0x5f43555b02507133ecd5b78218283ed849b07eac,2659,0x7a2223c939e9c09026fde10c1c1bacf2d9155889,3531.267848,3531.267848,0.0,1,0,1696768805
2023-10-05,0x5f43555b02507133ecd5b78218283ed849b07eac,2727,0xf3d0cb1b3db63a5f98a0ecb05d0d9f263058b7cb,2814.672486,2814.672486,2814.672486,1,1,1697063113
2023-10-05,0x5f43555b02507133ecd5b78218283ed849b07eac,2856,0xf3b059c887172f2cc52b5e77ee3b2c8b3a32e6ef,1899.207118,3798.414236,3477.468709,2,2,1697052387
2023-10-05,0x5f43555b02507133ecd5b78218283ed849b07eac,2875,0xe1ab85e458ebea43c5302ce84f5a89cb22fe351a,0.0,0.0,734.472636,0,1,1697045535
2023-10-05,0x5f43555b02507133ecd5b78218283ed849b07eac,2892,0xa57b927848e94110898c56c5add293378706d638,2195.763485,2195.763485,0.0,1,0,1696754925
2023-10-05,0x5f43555b02507133ecd5b78218283ed849b07eac,3047,0xbee2d469aacb46251ae33cca91f482e26c971dff,0.0,0.0,468.158434,0,1,1697007473
2023-10-05,0x5f43555b02507133ecd5b78218283ed849b07eac,3061,0x5e14c52c105c036c61ac707468f462003dc17c94,1851.802348,1851.802348,1851.802348,1,1,1697037023
2023-10-05,0x5f43555b02507133ecd5b78218283ed849b07eac,3135,0x9dc5d3c206276ec16c2a171c364fedddfd27be50,1748.698174,1748.698174,0.0,1,0,1696818783
2023-10-05,0x5f43555b02507133ecd5b78218283ed849b07eac,3323,0xddf0c0dadfd7b17c9e22f332590fef9aab3fcaba,0.0,0.0,1544.99857,0,1,1697061661
2023-10-05,0x5f43555b02507133ecd5b78218283ed849b07eac,3329,0x9213dc91b318f030eeac9085871939c6c7c58089,0.0,0.0,14050.640012,0,1,1696518749
2023-10-05,0x5f43555b02507133ecd5b78218283ed849b07eac,3334,0x0e9b063789909565ceda1fba162474405a151e66,0.0,0.0,1659.687709,0,1,1696947089
2023-10-05,0x5f43555b02507133ecd5b78218283ed849b07eac,3401,0xbbcf3985eb53c30a8eea01d9357314d61fe0e727,1435.485785,1435.485785,1435.485785,1,1,1696604387
2023-10-05,0x5f43555b02507133ecd5b78218283ed849b07eac,3416,0x0737467164f8bb1ef64f006612edb6035aea6efb,706.123675,706.123675,706.123675,1,1,1697026667
2023-10-05,0x5f43555b02507133ecd5b78218283ed849b07eac,3424,0xf99983c1b128b87bed9ae10ec19df12fefdeb822,0.0,0.0,1395.850217,0,1,1697028697
2023-10-05,0x5f43555b02507133ecd5b78218283ed849b07eac,3501,0xb3654d8cb57f03410ea7e0a699fa3261394dcbcf,0.0,0.0,1298.977073,0,1,1697061205
2023-10-05,0x5f43555b02507133ecd5b78218283ed849b07eac,3510,0xaeabfbcc0865246fed861a674791d66bf38a756a,3965.606998,3965.606998,0.0,1,0,1696748761
2023-10-05,0x5f43555b02507133ecd5b78218283ed849b07eac,3539,0x69155e7ca2e688ccdc247f6c4ddf374b3ae77bd6,5608.709746,5608.709746,0.0,1,0,1696743647
2023-10-05,0x5f43555b02507133ecd5b78218283ed849b07eac,3582,0x1c7a8e5db7b506c8b2f306406f7946515a9e9617,1180.182444,1180.182444,0.0,1,0,1696494909
2023-10-05,0x5f43555b02507133ecd5b78218283ed849b07eac,3585,0x88d867f64811718da2bb1337b6030ecb0cebb5eb,1178.406965,1178.406965,1177.386527,1,1,1696579955
2023-10-05,0x5f43555b02507133ecd5b78218283ed849b07eac,3593,0x658191594cda88744d8158813029420dcf137a32,1164.302359,1164.302359,0.0,1,0,1696881199
2023-10-05,0x5f43555b02507133ecd5b78218283ed849b07eac,3720,0xbf5beeffb60c9be21681254f2581ead4375c1a30,1070.963552,1070.963552,1070.963552,1,1,1696993215
2023-10-05,0x5f43555b02507133ecd5b78218283ed849b07eac,3729,0xd2e27021eb2f14a2cccfa786bb8332e93fd7571d,1066.895117,1066.895117,0.0,1,0,1696696469
2023-10-05,0x5f43555b02507133ecd5b78218283ed849b07eac,3963,0x8acf2f327e47fddd1124a55eb4efc1dfdacaa34c,438.105534,438.105534,0.0,1,0,1696543689
2023-10-05,0x5f43555b02507133ecd5b78218283ed849b07eac,3988,0x08ba371f556b01d2a384acbea85798139f3bb680,0.0,0.0,1001.771421,0,1,1696851671
2023-10-05,0x5f43555b02507133ecd5b78218283ed849b07eac,4011,0x6322872f335dde0d4b44537f69fbae74bbed39de,0.0,0.0,80.907246,0,1,1697007527
2023-10-05,0x5f43555b02507133ecd5b78218283ed849b07eac,4247,0x0fcfafd53ba1f571ed8b071fb1363f9ebca2733b,665.141884,665.141884,0.0,1,0,1696600729
2023-10-05,0x5f43555b02507133ecd5b78218283ed849b07eac,4338,0xe5dea68128774d469030ae39066818f9e122bc47,596.217542,596.217542,0.0,1,0,1696866109
2023-10-05,0x5f43555b02507133ecd5b78218283ed849b07eac,4343,0x6c511cfa7b5373442957fdf82c15640631bc83ee,594.669797,594.669797,594.669797,1,1,1696802335
2023-10-05,0x5f43555b02507133ecd5b78218283ed849b07eac,4350,0xf4e7e6b600286ffba8154f5125420a0f78db835d,0.0,0.0,590.693205,0,1,1697044789
2023-10-05,0x5f43555b02507133ecd5b78218283ed849b07eac,4369,0xcf6d2f6e2839ac50f49a76c1da88f82f62d29b74,288.997205,288.997205,288.997205,1,1,1696748689
2023-10-05,0x5f43555b02507133ecd5b78218283ed849b07eac,4510,0x06e252cdb6bf0e724346be59ceadf6684c79793c,0.0,0.0,617.230796,0,1,1696997621
2023-10-05,0x5f43555b02507133ecd5b78218283ed849b07eac,4600,0xd0d9e3505349bc945a414a6ec8ff8bcadabf20e3,0.0,0.0,480.297029,0,1,1696992189
2023-10-05,0x5f43555b02507133ecd5b78218283ed849b07eac,4889,0x18a428ce0c31584a21cf8cefdb8849d8013e1994,123.518583,123.518583,61.759292,1,1,1696746345
2023-10-05,0x5f43555b02507133ecd5b78218283ed849b07eac,4993,0x95f615c88f791351b414322a0a7f9cc7354ae19f,200.869543,200.869543,200.869543,1,1,1696573329
2023-10-05,0x5f43555b02507133ecd5b78218283ed849b07eac,5062,0xe8d8b73ccc85ded891ad41893ebbb0d684350e04,396.315786,396.315786,0.0,1,0,1696622493
2023-10-05,0x5f43555b02507133ecd5b78218283ed849b07eac,5118,0x168f87fbfe36b84e44b9d06278b2aa1cc73d7400,0.0,0.0,391.755904,0,1,1696963617
2023-10-05,0x5f43555b02507133ecd5b78218283ed849b07eac,5183,0xab95808938a1c92c7dd48991d6526c344b4be017,1252.699348,1252.699348,0.0,1,0,1696848527
2023-10-05,0x5f43555b02507133ecd5b78218283ed849b07eac,5348,0xf6bc417be86d8fd506c216c33c6fcb4b720c3438,378.726984,378.726984,0.0,1,0,1696761197
2023-10-05,0x5f43555b02507133ecd5b78218283ed849b07eac,5381,0x5600ff522af4782dee24727a306e13c6d810dc3c,0.0,0.0,377.747217,0,1,1696772373
2023-10-05,0x5f43555b02507133ecd5b78218283ed849b07eac,5462,0x50a5a254b122340bd1e4fc2935eba8425fdb926e,373.573247,373.573247,0.0,1,0,1696761121
2023-10-05,0x5f43555b02507133ecd5b78218283ed849b07eac,5662,0x2168577af945529fc223e3a2f6d55cc68d8f294a,366.893448,366.893448,0.0,1,0,1696650223
2023-10-05,0x5f43555b02507133ecd5b78218283ed849b07eac,5868,0xfb5c8ad70670283021b942f29f9bc1e3bc1ae476,360.765486,360.765486,0.0,1,0,1696816737
2023-10-05,0x5f43555b02507133ecd5b78218283ed849b07eac,5919,0x69221ff37014459b4be9038bd51e724fc258f60a,359.710302,359.710302,0.0,1,0,1696751811
2023-10-05,0x5f43555b02507133ecd5b78218283ed849b07eac,5994,0x88ca0e1c12c6e87f5b7b6475786e1982ac95092b,0.0,0.0,356.706208,0,1,1696582863
2023-10-05,0x5f43555b02507133ecd5b78218283ed849b07eac,6062,0x5b9550f5bc5e3b1d82297c7683a84003158465a9,0.0,0.0,349.730765,0,1,1696909241
2023-10-05,0x5f43555b02507133ecd5b78218283ed849b07eac,6143,0x64df2ed136aa64add306e8499324b243861a07ce,353.257483,353.257483,0.0,1,0,1696881475
2023-10-05,0x5f43555b02507133ecd5b78218283ed849b07eac,6169,0xe172bd02f842e98183cdbb8294bf23f625588d9e,352.63917,352.63917,0.0,1,0,1696705355
2023-10-05,0x5f43555b02507133ecd5b78218283ed849b07eac,6183,0xf9a4bdfa984aa261b511ab83af6ba329be7594aa,371.952728,724.30529,704.705123,2,2,1696599975
2023-10-05,0x5f43555b02507133ecd5b78218283ed849b07eac,6269,0x561201443956b904dfb2e4553f330440c27e9bbf,356.767959,356.767959,0.0,1,0,1696839271
2023-10-05,0x5f43555b02507133ecd5b78218283ed849b07eac,6518,0x5da68351bd082abda73e42ac981db51d9364fe69,12.432483,12.432483,17.606008,1,1,1697050641
2023-10-05,0x5f43555b02507133ecd5b78218283ed849b07eac,6576,0x39d12116298f3b2b55e53e7b99c0bf47041761df,8699.930051,8699.930051,0.0,1,0,1696688577
2023-10-05,0x5f43555b02507133ecd5b78218283ed849b07eac,6605,0xfcb2015b8b9a22f1f34f96718a5f4707abf277d5,17.313598,17.313598,0.0,1,0,1696613749
2023-10-05,0x5f43555b02507133ecd5b78218283ed849b07eac,6680,0xb92c0ea6df755163924c1d6723ba841351e8a35a,0.0,0.0,49.003149,0,1,1696766021
2023-10-05,0x5f43555b02507133ecd5b78218283ed849b07eac,6681,0x55fa88037a255be3e1c1607fe2cf7a622be5c41d,0.0,0.0,49.116156,0,1,1696766191
2023-10-05,0x5f43555b02507133ecd5b78218283ed849b07eac,6682,0xc88d6999c4c91c11f08dc41012a0ce6573a0ed48,0.0,0.0,49.187479,0,1,1696766237
2023-10-05,0x5f43555b02507133ecd5b78218283ed849b07eac,6718,0x2971c6868ad10508a9a5a06591a6c25df5c84bde,0.0,0.0,54.391203,0,1,1696766329
2023-10-05,0x5f43555b02507133ecd5b78218283ed849b07eac,6720,0xe246aa8b63ce04aaed9aa2dbe569f1558b480fb8,0.0,0.0,54.590959,0,1,1696766399
2023-10-05,0x5f43555b02507133ecd5b78218283ed849b07eac,6724,0x16aa28569ed5b88b76b67249e3381bec7efe6eff,53.995245,53.995245,54.2771,1,1,1696770125
2023-10-05,0x5f43555b02507133ecd5b78218283ed849b07eac,6725,0x69145fce197aa12437293242006373d764c6eef3,54.61519,54.61519,54.900262,1,1,1696770165
2023-10-05,0x5f43555b02507133ecd5b78218283ed849b07eac,6726,0x1fac2b17c44eaee090585ddbe8d3abdacf504946,53.945765,53.945765,54.227325,1,1,1696770247
2023-10-05,0x5f43555b02507133ecd5b78218283ed849b07eac,6728,0x8a7d5ba462c2130e02d9a3f4c08a140220fc1204,0.0,0.0,54.430605,0,1,1696770289
2023-10-05,0x5f43555b02507133ecd5b78218283ed849b07eac,6730,0xc40d30d5e72308d83252609a42fe758ae3289b55,54.149831,54.149831,54.432257,1,1,1696770339
2023-10-05,0x5f43555b02507133ecd5b78218283ed849b07eac,6731,0xe7677698617c6a3d4676eb787c1bc10081d5b8d3,0.0,0.0,55.065221,0,1,1696765619
2023-10-05,0x5f43555b02507133ecd5b78218283ed849b07eac,6961,0x1b7ea7d42c476a1e2808f23e18d850c5a4692df7,674.659687,674.659687,557.655744,1,1,1696632263
2023-10-05,0x5f43555b02507133ecd5b78218283ed849b07eac,7096,0x7098d5ee6c5f1d1641f3a872e9acf0b97cc8aa75,243.794795,243.794795,490.677948,1,1,1696902755
2023-10-05,0x5f43555b02507133ecd5b78218283ed849b07eac,7139,0x2f7b7b0ea9b9cec865b38600551e6eb51014dfa3,0.0,0.0,4303.078443,0,1,1697040973
2023-10-05,0x5f43555b02507133ecd5b78218283ed849b07eac,7187,0x1b08bc49accb4fb813bc9cb7f3a1f7f93510010e,3122.356871,3122.356871,0.0,1,0,1696634163
2023-10-05,0x5f43555b02507133ecd5b78218283ed849b07eac,7247,0xa07d83334758af046dbcee6991e341c0e061d121,0.0,0.0,98.016193,0,1,1696987913
2023-10-05,0x5f43555b02507133ecd5b78218283ed849b07eac,7429,0xbca4cb848b87352176c548e915a1ae3a7d40b129,0.0,0.0,28.33975,0,1,1697018121
2023-10-05,0x5f43555b02507133ecd5b78218283ed849b07eac,7524,0x73d52bf205839bb5b090ad68d8691a2462492bf1,2.067963,2.067963,2.088302,1,1,1696774349
2023-10-05,0x5f43555b02507133ecd5b78218283ed849b07eac,7714,0xcba1a275e2d858ecffaf7a87f606f74b719a8a93,196.760595,196.760595,197.651778,1,1,1697058601
2023-10-05,0x5f43555b02507133ecd5b78218283ed849b07eac,7716,0x46a83dc1a264bff133db887023d2884167094837,297673.176671,297673.176671,0.0,1,0,1697046697
2023-10-05,0x5f43555b02507133ecd5b78218283ed849b07eac,7857,0x4886ba5d2b3e0ae1e80172d3bddc4feb32e1ce26,4.485254,4.485254,11.259807,1,1,1696924065
2023-10-05,0x5f43555b02507133ecd5b78218283ed849b07eac,7905,0x12cfa0fcbf3b2b12d90025d03ebc3241ebd63bfa,199.265418,309.888488,221.670178,2,2,1696608479
2023-10-05,0x5f43555b02507133ecd5b78218283ed849b07eac,7973,0x752b6547734c389311fdb9b03a83c2bb4df9cadc,396.293599,396.293599,328.961951,1,1,1696643375
2023-10-05,0x5f43555b02507133ecd5b78218283ed849b07eac,8129,0x72195dda0361f43ce544b750f318d04b35836933,49.605157,49.605157,4.985568,1,1,1696696327
2023-10-05,0x5f43555b02507133ecd5b78218283ed849b07eac,8388,0x46a83dc1a264bff133db887023d2884167094837,127663.628582,127663.628582,0.0,1,0,1697046669
2023-10-05,0x5f43555b02507133ecd5b78218283ed849b07eac,8390,0x4e51a06e4643197e1be2f050b6af60f9ad3cef06,3935.50164,3935.50164,0.0,1,0,1696607031
2023-10-05,0x5f43555b02507133ecd5b78218283ed849b07eac,8459,0xc73c5ee66b518c5450ce47520fc22f429f15a519,31444.246233,31444.246233,0.0,1,0,1696527887
2023-10-05,0x5f43555b02507133ecd5b78218283ed849b07eac,8543,0xd69334db1e0858da4ec72c9ed14c4319c5761c3f,16001.878861,31941.29973,15939.420868,2,1,1696612447
2023-10-05,0x5f43555b02507133ecd5b78218283ed849b07eac,8546,0xb22d543c8db8bab111bd53317233fd9e75b03df9,0.777853,0.777853,0.0,1,0,1696626621
2023-10-05,0x5f43555b02507133ecd5b78218283ed849b07eac,8547,0xf7b9f23a22eafd0924dc17f91e7552452ca88105,5.962104,5.962104,0.0,1,0,1696627445
2023-10-05,0x5f43555b02507133ecd5b78218283ed849b07eac,8557,0x7935ee9192b633ef01118bf8a7f58a7f30c83c42,0.995603,0.995603,0.0,1,0,1696673047
2023-10-05,0x5f43555b02507133ecd5b78218283ed849b07eac,8572,0x55d73f518584a10bc0c8ca78da1934fd599ed304,163.608423,163.608423,0.0,1,0,1696700511
2023-10-05,0x5f43555b02507133ecd5b78218283ed849b07eac,8593,0x924dcdca42e7fcd0258c5a4a2333aa9d86e79ea4,2399.580676,2399.580676,0.0,1,0,1696795329
2023-10-05,0x5f43555b02507133ecd5b78218283ed849b07eac,8665,0x7cb6329ef5a332e8687888d604b03cf9afefc944,433.118004,433.118004,0.0,1,0,1697055661
2023-10-05,0x5f45e48f9c053286ce9ca08db897f8b7eb3f7992,1,0xbde0c70bdc242577c52dfad53389f82fd149ea5a,1873865.978161,1873865.978161,0.0,1,0,1697045005
2023-10-05,0x5f45e48f9c053286ce9ca08db897f8b7eb3f7992,2,0x51e171d2fde9b37bbbb624a53ef54959422388e4,1338475.698687,1338475.698687,0.0,1,0,1697050283
2023-10-05,0x5f45e48f9c053286ce9ca08db897f8b7eb3f7992,5,0x5b1892b546002ff3dd508500575bd6bf7a101431,490681.642272,490681.642272,0.0,1,0,1697045057
2023-10-05,0x5f45e48f9c053286ce9ca08db897f8b7eb3f7992,51,0x0f228805c03a693aa964a791e0b2e2c6e6c6513f,0.0,0.0,283430.037843,0,1,1697062913
2023-10-05,0x5f45e48f9c053286ce9ca08db897f8b7eb3f7992,96,0x26602bf417c4e57ba3d2268d7f93a1e16f29e069,0.0,0.0,61128.080237,0,1,1697062825
2023-10-05,0x5f45e48f9c053286ce9ca08db897f8b7eb3f7992,103,0x1c2ed7a6c4e3c1146103fa222181115a72243a06,54597.611532,54597.611532,54580.105988,1,1,1697064139
2023-10-05,0x5f45e48f9c053286ce9ca08db897f8b7eb3f7992,106,0x615e5022252b31af496574f00d5519c5d93261ab,50930.379163,50930.379163,0.0,1,0,1696990601
2023-10-05,0x5f45e48f9c053286ce9ca08db897f8b7eb3f7992,127,0xecf9265f48006ddb6ee14060fac59c9429c32db6,0.0,0.0,103222.249925,0,1,1697064939
2023-10-05,0x5f45e48f9c053286ce9ca08db897f8b7eb3f7992,139,0xa04275c10f39e8675a34e147e2ef78d35129f2b6,102413.626627,102413.626627,0.0,1,0,1697037187
2023-10-05,0x5f45e48f9c053286ce9ca08db897f8b7eb3f7992,151,0x5275817b74021e97c980e95ede6bbac0d0d6f3a2,77590.31662,77590.31662,0.0,1,0,1697039977
2023-10-05,0x5f45e48f9c053286ce9ca08db897f8b7eb3f7992,159,0x05391a4b0749c29335024f41552a56cfa6bd3883,286421.881223,286421.881223,0.0,1,0,1697036311
2023-10-05,0x5f45e48f9c053286ce9ca08db897f8b7eb3f7992,160,0xb0eb6f452ecea6a76fda435b4629cf6a11b24a2a,28308.850314,28308.850314,0.0,1,0,1697046757
2023-10-05,0x5f45e48f9c053286ce9ca08db897f8b7eb3f7992,181,0xa46d9574912af2494d3f26257608243de7fe8285,112818.745035,112818.745035,0.0,1,0,1697034115
2023-10-05,0x5f45e48f9c053286ce9ca08db897f8b7eb3f7992,189,0xb223b0ba47eed82f7384f50df96ba406a080df7a,106240.324695,106240.324695,0.0,1,0,1697030671
2023-10-05,0x5f45e48f9c053286ce9ca08db897f8b7eb3f7992,191,0x21c8dc59f2e9a11c4c1a0c310641968132c6b1be,212568.378881,212568.378881,0.0,1,0,1697032285
2023-10-05,0x5f45e48f9c053286ce9ca08db897f8b7eb3f7992,203,0x637fceaf3e5289d2b396b831335e7d8a180c5656,47576.976475,47576.976475,47576.976475,1,1,1697063927
2023-10-05,0x5f45e48f9c053286ce9ca08db897f8b7eb3f7992,212,0x931369f621980fe1d8f07f6fbeb3040aadb36409,0.0,0.0,185487.618274,0,1,1697065173
2023-10-05,0x5f45e48f9c053286ce9ca08db897f8b7eb3f7992,221,0x35a1a7740653b9c99b9b70c37c1c97192585b6bb,0.0,0.0,167759.468471,0,1,1697065097
2023-10-05,0x5f45e48f9c053286ce9ca08db897f8b7eb3f7992,268,0xb6fb12999a09effdbcc6f60776331eaccc42e539,0.0,0.0,126862.402464,0,1,1697064735
2023-10-05,0x5f45e48f9c053286ce9ca08db897f8b7eb3f7992,287,0x28431a1446c86434ded04f7f8ba6808649329f4d,0.0,0.0,116545.29388,0,1,1697060847
2023-10-05,0x5f45e48f9c053286ce9ca08db897f8b7eb3f7992,324,0xfb86a60a4d204de91421871c6d69cb40d21ae736,96665.040938,96665.040938,0.0,1,0,1697031243
2023-10-05,0x5f45e48f9c053286ce9ca08db897f8b7eb3f7992,329,0xac46dac5c58bf33a216a0b756bfb9b3d86407f97,93013.075572,93013.075572,0.0,1,0,1697010167
2023-10-05,0x5f45e48f9c053286ce9ca08db897f8b7eb3f7992,331,0x5181cdf1bb20da04ba788f82989f29e65b67314a,50908.191481,50908.191481,0.0,1,0,1697025821
2023-10-05,0x5f45e48f9c053286ce9ca08db897f8b7eb3f7992,366,0xd48a206697ba7dd8641f97060b2ac74a252be092,75409.227981,75409.227981,0.0,1,0,1697063503
2023-10-05,0x5f45e48f9c053286ce9ca08db897f8b7eb3f7992,376,0xff53e3a27b7252148e0f1daf4a00261eee59177f,7232.78267,7232.78267,0.0,1,0,1697060811
2023-10-05,0x5f45e48f9c053286ce9ca08db897f8b7eb3f7992,417,0xbe93d14c5defb8f41af8fb092f58e3c71c712b85,15216.530609,15216.530609,0.0,1,0,1696501421
2023-10-05,0x5f45e48f9c053286ce9ca08db897f8b7eb3f7992,428,0xbb1766a13674dc9c8d194377f3c92153de381883,14657.096202,14657.096202,0.0,1,0,1697018507
2023-10-05,0x5f45e48f9c053286ce9ca08db897f8b7eb3f7992,430,0xb4173fee41920a8e7d3451863f9779468ebab98e,14546.962571,14546.962571,0.0,1,0,1697016999
2023-10-05,0x5f45e48f9c053286ce9ca08db897f8b7eb3f7992,452,0x21484a41b00c014c4ad5c92bbb7661fd7c1c9a2b,10356.073108,10356.073108,0.0,1,0,1697036617
2023-10-05,0x5f45e48f9c053286ce9ca08db897f8b7eb3f7992,489,0x88ee8692adfc54798c2190c1e68612f75ab15618,45441.556503,45441.556503,0.0,1,0,1697033671
2023-10-05,0x5f45e48f9c053286ce9ca08db897f8b7eb3f7992,501,0xdf19049d52b307bce8eeb325a2c9ccedc1939bec,43715.46725,43715.46725,0.0,1,0,1696471791
2023-10-05,0x5f45e48f9c053286ce9ca08db897f8b7eb3f7992,508,0x63b461a9577cdaea028f25d059868d9abe6eddbf,42904.776949,42904.776949,0.0,1,0,1697027003
2023-10-05,0x5f45e48f9c053286ce9ca08db897f8b7eb3f7992,575,0x94587a95917188b338c822de2d1e77074131589f,9351.029064,9351.029064,0.0,1,0,1696611191
2023-10-05,0x5f45e48f9c053286ce9ca08db897f8b7eb3f7992,600,0x928450bfea47414f891ee572159ee970aae75534,0.0,0.0,37721.724137,0,1,1697064147
2023-10-05,0x5f45e48f9c053286ce9ca08db897f8b7eb3f7992,601,0xe3d69bcab5daaea39787eeaf4c0369de366d71bd,40768.697303,40768.697303,0.0,1,0,1697056779
2023-10-05,0x5f45e48f9c053286ce9ca08db897f8b7eb3f7992,639,0xe564d9afc3e8d7ddc99912dbc5db58925b414024,16451.455358,16451.455358,0.0,1,0,1697028235
2023-10-05,0x5f45e48f9c053286ce9ca08db897f8b7eb3f7992,658,0x7f64219e48e349295a580bca164434ea5d1e8433,0.0,0.0,63457.378458,0,1,1697064651
2023-10-05,0x5f45e48f9c053286ce9ca08db897f8b7eb3f7992,664,0x577be3ed9a71e1c355f519bbdf5f09ba2018b1cc,7723.476522,7723.476522,0.0,1,0,1696984269
2023-10-05,0x5f45e48f9c053286ce9ca08db897f8b7eb3f7992,693,0xd2c83998be2306e814f2a220eb9740051dbd2104,14150.322465,14150.322465,14150.322465,1,1,1697041691
2023-10-05,0x5f45e48f9c053286ce9ca08db897f8b7eb3f7992,701,0x9c57027b1eca93093a6f446422c59c85a5a3fa52,14630.874443,14630.874443,0.0,1,0,1697023727
2023-10-05,0x5f45e48f9c053286ce9ca08db897f8b7eb3f7992,708,0x94f94f0bcdfe296f4e94a8e3065d6d1d326d4a65,13564.70382,13564.70382,0.0,1,0,1697044225
2023-10-05,0x5f45e48f9c053286ce9ca08db897f8b7eb3f7992,813,0x1bc3e2c44e0b2dabb1b06a1890273571825d3e03,0.0,0.0,25136.037005,0,1,1697063977
2023-10-05,0x5f45e48f9c053286ce9ca08db897f8b7eb3f7992,824,0x0e80b8ea35ed0d15689a6372940619a5a99588bb,10379.623104,10379.623104,0.0,1,0,1697021795
2023-10-05,0x5f45e48f9c053286ce9ca08db897f8b7eb3f7992,833,0xbca143600d9718f30022b2463d597996bc410e5e,20477.958261,20477.958261,0.0,1,0,1697025443
2023-10-05,0x5f45e48f9c053286ce9ca08db897f8b7eb3f7992,946,0x4523b791292da89a9194b61ba4cd9d98f2af68e0,16446.584625,16446.584625,0.0,1,0,1697005635
2023-10-05,0x5f45e48f9c053286ce9ca08db897f8b7eb3f7992,952,0xbab4bb5e935efc6cf94f0d19173edfa4921d8439,0.0,0.0,16356.024199,0,1,1697063697
2023-10-05,0x5f45e48f9c053286ce9ca08db897f8b7eb3f7992,971,0xe3cfbf8fb378f5c4cf780077ee5c2ffe7aaea6dc,7884.692458,7884.692458,7884.692458,1,1,1697064039
2023-10-05,0x5f45e48f9c053286ce9ca08db897f8b7eb3f7992,989,0xe53f4d44c45dbc16a20ab64f8a8b4404ddbbefec,15768.410532,15768.410532,0.0,1,0,1697015585
2023-10-05,0x5f45e48f9c053286ce9ca08db897f8b7eb3f7992,1005,0xceeeb61e596f0bae44b791f3f1655501df7fa045,15246.457374,15246.457374,0.0,1,0,1697031463
2023-10-05,0x5f45e48f9c053286ce9ca08db897f8b7eb3f7992,1037,0x4870929afd7b982d31868628df0050628c76a04f,15331.952504,15331.952504,0.0,1,0,1697034239
2023-10-05,0x5f45e48f9c053286ce9ca08db897f8b7eb3f7992,1073,0xfd72b24b9730dff0b879d176b9a8fb3992281c21,13183.946865,13183.946865,0.0,1,0,1697039905
2023-10-05,0x5f45e48f9c053286ce9ca08db897f8b7eb3f7992,1098,0x6e81417b312917305d12f76fa3b6bd66ffaa75e7,0.0,0.0,3198.118296,0,1,1697064677
2023-10-05,0x5f45e48f9c053286ce9ca08db897f8b7eb3f7992,1146,0x28dd6f5a98003fc07c92d1a9e909d042963a1001,11918.610397,11918.610397,0.0,1,0,1697044967
2023-10-05,0x5f45e48f9c053286ce9ca08db897f8b7eb3f7992,1149,0x93b82c49c2af67797977ae344c07884164e6a592,0.0,6475.048206,9447.337526,2,3,1697061817
2023-10-05,0x5f45e48f9c053286ce9ca08db897f8b7eb3f7992,1150,0x62365e0af7b6a188d063825afa3399ba0b5aa7cd,12177.703886,12177.703886,0.0,1,0,1696644161
2023-10-05,0x5f45e48f9c053286ce9ca08db897f8b7eb3f7992,1159,0x54f2d57856e44dcf81880df34df300d145cc7d57,11793.86814,11793.86814,0.0,1,0,1697012791
2023-10-05,0x5f45e48f9c053286ce9ca08db897f8b7eb3f7992,1162,0x72241b7cd963cf56ba409e80ed59e1aee76a1ada,11695.933424,11695.933424,0.0,1,0,1697031687
2023-10-05,0x5f45e48f9c053286ce9ca08db897f8b7eb3f7992,1185,0xc954892d9caf463e967884e379a6ee4c78d61be7,2807.130947,2807.130947,0.0,1,0,1697012537
2023-10-05,0x5f45e48f9c053286ce9ca08db897f8b7eb3f7992,1195,0x68e3cf61a8d76bcfca8ea495151416fec501a4c6,12714.61891,12714.61891,0.0,1,0,1697018545
2023-10-05,0x5f45e48f9c053286ce9ca08db897f8b7eb3f7992,1224,0xb002d5e8ea1c7db3dfed5aaf33ebcdef890d20d4,10514.186638,10514.186638,0.0,1,0,1696998791
2023-10-05,0x5f45e48f9c053286ce9ca08db897f8b7eb3f7992,1232,0x089c08546c12f8fa4ae77e3c63e4d03c86f53e44,10397.428284,10397.428284,0.0,1,0,1697031435
2023-10-05,0x5f45e48f9c053286ce9ca08db897f8b7eb3f7992,1239,0xcfb10af967e3fdfe8f23ff15487f0e2496a93915,10339.975624,10339.975624,0.0,1,0,1697035417
2023-10-05,0x5f45e48f9c053286ce9ca08db897f8b7eb3f7992,1243,0xe8b2c24038079bb624010ca7185d5cdfb716320e,25199.073564,25199.073564,0.0,1,0,1697028757
2023-10-05,0x5f45e48f9c053286ce9ca08db897f8b7eb3f7992,1280,0x4fbe5303bca958b8f1ee35b5443aad9ad442e3d7,9765.397551,9765.397551,0.0,1,0,1697024759
2023-10-05,0x5f45e48f9c053286ce9ca08db897f8b7eb3f7992,1305,0x05b5240daa1894a299a41d1f63f1caacf94bdeb3,4660.389361,4660.389361,0.0,1,0,1697043303
2023-10-05,0x5f45e48f9c053286ce9ca08db897f8b7eb3f7992,1431,0x7fbd935c9972b6a4c0b6f7c6f650996677bf6e0a,7922.839467,7922.839467,0.0,1,0,1697020701
2023-10-05,0x5f45e48f9c053286ce9ca08db897f8b7eb3f7992,1454,0x586db0ea617db9a4254f295c5c93a13915c975cd,7721.857464,7721.857464,0.0,1,0,1697010529
2023-10-05,0x5f45e48f9c053286ce9ca08db897f8b7eb3f7992,1462,0xadfbf9eccee2c330d7a045fb5533b978ff5ff2b2,7877.929669,7877.929669,0.0,1,0,1697033825
2023-10-05,0x5f45e48f9c053286ce9ca08db897f8b7eb3f7992,1466,0xea2f79bce55908a11e0bf7dffb855c962041674f,7794.648297,7794.648297,7723.447684,1,1,1696477941
2023-10-05,0x5f45e48f9c053286ce9ca08db897f8b7eb3f7992,1473,0xb0720a40d6335df0ac90ff9e4b755217632ca78c,3802.452159,3802.452159,0.0,1,0,1697015769
2023-10-05,0x5f45e48f9c053286ce9ca08db897f8b7eb3f7992,1531,0xdab85506424396fb090d84b64ad63b770d87c028,0.0,0.0,7020.354073,0,1,1697034731
2023-10-05,0x5f45e48f9c053286ce9ca08db897f8b7eb3f7992,1550,0x9ee4045c35514119a289ef08b27d448f11599cb8,6901.770534,6901.770534,6901.770534,1,1,1697058819
2023-10-05,0x5f45e48f9c053286ce9ca08db897f8b7eb3f7992,1564,0x3901acfcda62fc11423fa67c9c463d9f994edd06,6830.730785,6830.730785,0.0,1,0,1696980413
2023-10-05,0x5f45e48f9c053286ce9ca08db897f8b7eb3f7992,1581,0xce06012ccf4b9648710b6d624c09e11cb780e93c,6661.19049,6661.19049,0.0,1,0,1697034843
2023-10-05,0x5f45e48f9c053286ce9ca08db897f8b7eb3f7992,1589,0x814b453a15806ca1b7eab9de64658f062463ae4b,6614.98454,6614.98454,6614.98454,1,1,1697034897
2023-10-05,0x5f45e48f9c053286ce9ca08db897f8b7eb3f7992,1611,0x601af9ec72c1a7a094c689c0b027100861e2dc09,6428.907635,6428.907635,0.0,1,0,1697030895
2023-10-05,0x5f45e48f9c053286ce9ca08db897f8b7eb3f7992,1652,0xbff734478f1d1e7a313f174f2444d0e366b034b7,6218.494212,6218.494212,0.0,1,0,1696473593
2023-10-05,0x5f45e48f9c053286ce9ca08db897f8b7eb3f7992,1672,0xc8feee4b352c46b15ed12492df669911d8496e51,12936.525174,12936.525174,0.0,1,0,1697064821
2023-10-05,0x5f45e48f9c053286ce9ca08db897f8b7eb3f7992,1744,0x49f4d0222c880d4780b636662f5f18f572f2f88a,5497.174993,5497.174993,0.0,1,0,1697004789
2023-10-05,0x5f45e48f9c053286ce9ca08db897f8b7eb3f7992,1775,0xf22862b5c8d5a17a68536521e0c82c5387bd65af,5265.833853,5265.833853,0.0,1,0,1696986157
2023-10-05,0x5f45e48f9c053286ce9ca08db897f8b7eb3f7992,1829,0xe77ffc696724fd0fcff578a05f3023081ae888c0,4916.497423,4916.497423,0.0,1,0,1697033917
2023-10-05,0x5f45e48f9c053286ce9ca08db897f8b7eb3f7992,1855,0xbfad818edb25dc4eebac8cc44a7533be4652ad6c,2406.886309,2406.886309,0.0,1,0,1696483179
2023-10-05,0x5f45e48f9c053286ce9ca08db897f8b7eb3f7992,1873,0xef1244af7099dce45ee7f937534f0968501efb29,4736.798064,4736.798064,0.0,1,0,1697003741
2023-10-05,0x5f45e48f9c053286ce9ca08db897f8b7eb3f7992,1912,0x3e516b6d229bf935f1b6bf4a0c2531ddab48cf1b,2329.845159,2329.845159,0.0,1,0,1697040247
2023-10-05,0x5f45e48f9c053286ce9ca08db897f8b7eb3f7992,1973,0x0a27f53e3d044465d07607ef7a048e71809f295e,4313.868492,4313.868492,0.0,1,0,1697017461
2023-10-05,0x5f45e48f9c053286ce9ca08db897f8b7eb3f7992,1994,0xcfccc57dddc110c806a7c005c197646210e529ac,4265.711463,4265.711463,0.0,1,0,1697034011
2023-10-05,0x5f45e48f9c053286ce9ca08db897f8b7eb3f7992,2026,0x51cfa61222807b1b9b00f92e21f0bded7796e9a9,4178.40602,4178.40602,0.0,1,0,1696978433
2023-10-05,0x5f45e48f9c053286ce9ca08db897f8b7eb3f7992,2035,0x7f85cf44e446a4b1aace2a28774e88cd6d4e3441,4165.009059,4165.009059,0.0,1,0,1696474261
2023-10-05,0x5f45e48f9c053286ce9ca08db897f8b7eb3f7992,2053,0xef1244af7099dce45ee7f937534f0968501efb29,4121.280783,4121.280783,0.0,1,0,1697003917
2023-10-05,0x5f45e48f9c053286ce9ca08db897f8b7eb3f7992,2056,0x29b93c216eac25480b70f791e2b5c52db43a1b85,4416.648884,4416.648884,0.0,1,0,1697034169
2023-10-05,0x5f45e48f9c053286ce9ca08db897f8b7eb3f7992,2111,0x3f9d386eeb91304ab65899b567ee8756d3298d40,4144.207675,4144.207675,0.0,1,0,1697032635
2023-10-05,0x5f45e48f9c053286ce9ca08db897f8b7eb3f7992,2224,0x1e510e363ca6672d9d822b2897f49e5aef0a1d0b,3721.070407,3721.070407,0.0,1,0,1696999373
2023-10-05,0x5f45e48f9c053286ce9ca08db897f8b7eb3f7992,2235,0x9b4ac5feb3fa9c087906cce730dc1bed34f08514,3666.935355,3666.935355,0.0,1,0,1696995051
2023-10-05,0x5f45e48f9c053286ce9ca08db897f8b7eb3f7992,2266,0xb00f8b601558243c9abcddabd54ea17f70471b8e,1001.409052,1001.409052,0.0,1,0,1697036875
2023-10-05,0x5f45e48f9c053286ce9ca08db897f8b7eb3f7992,2300,0x45adff324eb1ac03a6a115dc539052232d4ba980,3780.336202,3780.336202,0.0,1,0,1697026455
2023-10-05,0x5f45e48f9c053286ce9ca08db897f8b7eb3f7992,2308,0x43702dbd0569b4fcabce7dbc53a72238ce49f693,3528.955873,3528.955873,0.0,1,0,1697035865
2023-10-05,0x5f45e48f9c053286ce9ca08db897f8b7eb3f7992,2337,0x27211186a6aca2c1371ea8b3deb528659a118081,863.690913,863.690913,0.0,1,0,1697064159
2023-10-05,0x5f45e48f9c053286ce9ca08db897f8b7eb3f7992,2345,0x12924049e2d21664e35387c69429c98e9891a820,3444.331255,3444.331255,0.0,1,0,1697002231
2023-10-05,0x5f45e48f9c053286ce9ca08db897f8b7eb3f7992,2362,0xbaa9b493bccbe1a900b39870980f41356f85822a,3454.176955,3454.176955,0.0,1,0,1697033689
2023-10-05,0x5f45e48f9c053286ce9ca08db897f8b7eb3f7992,2377,0xc8b02bd12705f1cf4ee78dae82557919c8733dc4,3432.81741,3432.81741,0.0,1,0,1697027929
2023-10-05,0x5f45e48f9c053286ce9ca08db897f8b7eb3f7992,2405,0x3ee5a77e6d176f42eaf653d9f49fcb8adabbb6fc,3370.15147,3370.15147,0.0,1,0,1697035057
2023-10-05,0x5f45e48f9c053286ce9ca08db897f8b7eb3f7992,2426,0xa264d3cba51525f5d4902f7b3794a3c26fc13cf8,3346.034299,3346.034299,0.0,1,0,1697034731
2023-10-05,0x5f45e48f9c053286ce9ca08db897f8b7eb3f7992,2443,0x6c478ceb0c323eacbbac0bc3aca176d1c7c7e9a4,3315.064814,3315.064814,0.0,1,0,1697035115
2023-10-05,0x5f45e48f9c053286ce9ca08db897f8b7eb3f7992,2463,0x2f9035f14d9134bed45e2642ae148f673f5ecb7e,3362.262377,3362.262377,0.0,1,0,1696525179
2023-10-05,0x5f45e48f9c053286ce9ca08db897f8b7eb3f7992,2512,0x66911f0d4c73a9189ed29ecafc1514236f51dd45,0.0,0.0,3432.854424,0,1,1696676349
2023-10-05,0x5f45e48f9c053286ce9ca08db897f8b7eb3f7992,2515,0x0a5d2190afc397b91c2de36d128b03b275a3a255,3210.910116,3210.910116,0.0,1,0,1696471785
2023-10-05,0x5f45e48f9c053286ce9ca08db897f8b7eb3f7992,2530,0x9b7f72dd8fb89b3dd5ac8ecf70193d75ceba9be0,3180.964063,3180.964063,0.0,1,0,1696999423
2023-10-05,0x5f45e48f9c053286ce9ca08db897f8b7eb3f7992,2598,0xc0433e26e3d2ae7d1d80e39a6d58062d1eaa54f5,3729.813272,3729.813272,0.0,1,0,1697045763
2023-10-05,0x5f45e48f9c053286ce9ca08db897f8b7eb3f7992,2626,0x82a2be1c3fb85d0a83171d01706fdb468178ce51,3060.569289,3060.569289,0.0,1,0,1697038035
2023-10-05,0x5f45e48f9c053286ce9ca08db897f8b7eb3f7992,2698,0x924af56089af7aeb6c211ee3781e24b7444cc216,1473.408125,1473.408125,0.0,1,0,1697020611
2023-10-05,0x5f45e48f9c053286ce9ca08db897f8b7eb3f7992,2709,0xbf8641831d15c2701ba122981c3d7a6a2533ea48,2919.770964,2919.770964,0.0,1,0,1697006575
2023-10-05,0x5f45e48f9c053286ce9ca08db897f8b7eb3f7992,2712,0x33a431c03ada4edf4a2facf97c19a999ff33926c,2897.474545,2897.474545,0.0,1,0,1697029017
2023-10-05,0x5f45e48f9c053286ce9ca08db897f8b7eb3f7992,2749,0x1d9a60325cd837f84f42cee66b3beb09ed29a86b,0.0,0.0,5053.864654,0,1,1697056909
2023-10-05,0x5f45e48f9c053286ce9ca08db897f8b7eb3f7992,2764,0x67f5e368d28835a8f6b8e5576b1e17ae2ce24769,1331.519609,1331.519609,0.0,1,0,1697011481
2023-10-05,0x5f45e48f9c053286ce9ca08db897f8b7eb3f7992,2775,0x323b7e14205c54604be21d74d1ad0ab070ec5bb2,2605.71226,2605.71226,0.0,1,0,1697030355
2023-10-05,0x5f45e48f9c053286ce9ca08db897f8b7eb3f7992,2794,0x3d409b7cac949135657a9ee5f59ffc27e0bf5d6e,2539.34948,2539.34948,0.0,1,0,1697030993
2023-10-05,0x5f45e48f9c053286ce9ca08db897f8b7eb3f7992,2806,0x9150d0a199882057c5b36fe9d09e9e845f14bc25,2601.07481,2601.07481,0.0,1,0,1697034517
2023-10-05,0x5f45e48f9c053286ce9ca08db897f8b7eb3f7992,2831,0x23d3c0d5e8226f18bf58bb3c68b149b3d7385936,2379.788282,2379.788282,0.0,1,0,1697018723
2023-10-05,0x5f45e48f9c053286ce9ca08db897f8b7eb3f7992,2846,0x7f922e25a3ff62f9a253c83f3f1f2e1dddae60bd,2308.161734,2308.161734,0.0,1,0,1697000469
2023-10-05,0x5f45e48f9c053286ce9ca08db897f8b7eb3f7992,2858,0x9ef171a8c62eea6455830bde5de99db5a7ca5119,2256.58005,2256.58005,0.0,1,0,1696497937
2023-10-05,0x5f45e48f9c053286ce9ca08db897f8b7eb3f7992,2877,0x6f6cbac3fc494e57da3b53977fa9872c8fc74987,2224.193712,2224.193712,0.0,1,0,1696987651
2023-10-05,0x5f45e48f9c053286ce9ca08db897f8b7eb3f7992,2883,0xd5fec00600d8b589babb4138f4b3a66fa1c59cfe,0.0,0.0,2212.501464,0,1,1697065093
2023-10-05,0x5f45e48f9c053286ce9ca08db897f8b7eb3f7992,2912,0x309c65c98c56c4db478ec67d3d0c91738cbafc36,2156.883906,2156.883906,0.0,1,0,1697021131
2023-10-05,0x5f45e48f9c053286ce9ca08db897f8b7eb3f7992,2942,0x29746c9d6b317c6df26ac1751d6cb03a55c1b8d5,2082.54139,2082.54139,0.0,1,0,1697011841
2023-10-05,0x5f45e48f9c053286ce9ca08db897f8b7eb3f7992,2961,0x3fc6121cb50b00a5fb8bd2a3c755f804d0e694d2,2209.720519,2209.720519,0.0,1,0,1696490077
2023-10-05,0x5f45e48f9c053286ce9ca08db897f8b7eb3f7992,2983,0xeba06532a72bec44a1d33130aaa7c45c31e502f6,1983.001818,1983.001818,0.0,1,0,1696988205
2023-10-05,0x5f45e48f9c053286ce9ca08db897f8b7eb3f7992,3027,0xac6d3a1c8f29a2c64dd24db057c15e02c967effe,1943.287129,1943.287129,0.0,1,0,1696496003
2023-10-05,0x5f45e48f9c053286ce9ca08db897f8b7eb3f7992,3034,0x033e0a61ac00288a6388d1c8bad11a881ca9e212,1971.474263,1971.474263,0.0,1,0,1697001335
2023-10-05,0x5f45e48f9c053286ce9ca08db897f8b7eb3f7992,3047,0xbee2d469aacb46251ae33cca91f482e26c971dff,468.158434,468.158434,0.0,1,0,1697007473
2023-10-05,0x5f45e48f9c053286ce9ca08db897f8b7eb3f7992,3065,0x2c23f12195077bee4ac4f7d598af30904a5fbf91,1850.876677,1850.876677,0.0,1,0,1696482391
2023-10-05,0x5f45e48f9c053286ce9ca08db897f8b7eb3f7992,3081,0xcd2fb8a5a9a89bf9166e7d2ba5d5e887e7e8f0e2,1828.225582,1828.225582,0.0,1,0,1697035001
2023-10-05,0x5f45e48f9c053286ce9ca08db897f8b7eb3f7992,3145,0x433287f355db57bb0ac6528fecafd3b73b0838a4,0.0,0.0,1743.853801,0,1,1697039687
2023-10-05,0x5f45e48f9c053286ce9ca08db897f8b7eb3f7992,3151,0x8af10bed7635fc2b1d68556ef37375bc730f41e3,1775.198033,1775.198033,0.0,1,0,1696988055
2023-10-05,0x5f45e48f9c053286ce9ca08db897f8b7eb3f7992,3177,0x2236b805cc6aa7a9f692fd20d470f08919813d3f,855.751238,855.751238,0.0,1,0,1697026599
2023-10-05,0x5f45e48f9c053286ce9ca08db897f8b7eb3f7992,3405,0x353c5a5bb339a756e25d9ab983db61c7b1ac2922,1429.072019,1429.072019,0.0,1,0,1697001819
2023-10-05,0x5f45e48f9c053286ce9ca08db897f8b7eb3f7992,3408,0x1f2b88b4fbcbecf1e0b07728c6db26bfdacdb0b2,1422.598228,1422.598228,0.0,1,0,1697002579
2023-10-05,0x5f45e48f9c053286ce9ca08db897f8b7eb3f7992,3412,0x22422040886ab7d0a08eeafa2c595a707a26c531,1417.39436,1417.39436,0.0,1,0,1697000977
2023-10-05,0x5f45e48f9c053286ce9ca08db897f8b7eb3f7992,3418,0xa6e2df09d9a7bea5ddca479a1a59e3195583cfa6,1412.166738,1412.166738,0.0,1,0,1696986757
2023-10-05,0x5f45e48f9c053286ce9ca08db897f8b7eb3f7992,3424,0xf99983c1b128b87bed9ae10ec19df12fefdeb822,1395.850217,1395.850217,0.0,1,0,1697028697
2023-10-05,0x5f45e48f9c053286ce9ca08db897f8b7eb3f7992,3430,0x4b4e54a9978453254acb96d3d8d9e202b5b01386,1388.762874,1388.762874,0.0,1,0,1696987483
2023-10-05,0x5f45e48f9c053286ce9ca08db897f8b7eb3f7992,3431,0xf9ce07a5611f18f018261d9e5be3fad92b49c852,1387.827664,1387.827664,0.0,1,0,1696987819
2023-10-05,0x5f45e48f9c053286ce9ca08db897f8b7eb3f7992,3433,0x7497b333895c64a56924b293e68a6468963f2a7e,691.389769,691.389769,0.0,1,0,1697035851
2023-10-05,0x5f45e48f9c053286ce9ca08db897f8b7eb3f7992,3434,0x7ec4dedf1587acf5f6090f8086e555ed72d6f0b8,1376.55912,1376.55912,0.0,1,0,1696987953
2023-10-05,0x5f45e48f9c053286ce9ca08db897f8b7eb3f7992,3500,0x839537454e13afeb1ad0d1b445ad530c994d26ba,1300.804803,1300.804803,0.0,1,0,1696993309
2023-10-05,0x5f45e48f9c053286ce9ca08db897f8b7eb3f7992,3551,0x5be66f4095f89bd18abe4ae9d2acd5021ec433bc,3999.999957,3999.999957,0.0,1,0,1697035217
2023-10-05,0x5f45e48f9c053286ce9ca08db897f8b7eb3f7992,3575,0x1f367e135c820b3ed88c16edb30ef2d508ad1191,1191.776874,1191.776874,0.0,1,0,1697039407
2023-10-05,0x5f45e48f9c053286ce9ca08db897f8b7eb3f7992,3648,0x5f6486f13d2faf529eeb12016059078cda4bc90b,1104.293035,1104.293035,0.0,1,0,1697026091
2023-10-05,0x5f45e48f9c053286ce9ca08db897f8b7eb3f7992,3873,0x40a5b6fa3578b288c9c94d7b5dfe32d9ce240853,928.695942,928.695942,0.0,1,0,1696489125
2023-10-05,0x5f45e48f9c053286ce9ca08db897f8b7eb3f7992,4015,0x5353d57398a1d5cc3f715df0a365d4b5f2a4044b,3341.670901,3341.670901,0.0,1,0,1696950079
2023-10-05,0x5f45e48f9c053286ce9ca08db897f8b7eb3f7992,4051,0xaeaadea688cf7e0a53d61e01b0a1e9a6c6a1e9d0,1182.409744,1182.409744,0.0,1,0,1697048777
2023-10-05,0x5f45e48f9c053286ce9ca08db897f8b7eb3f7992,4074,0xedb313732591dd311c9c3441012c46d9497c7672,771.558778,771.558778,0.0,1,0,1697002277
2023-10-05,0x5f45e48f9c053286ce9ca08db897f8b7eb3f7992,4103,0x2217854468cfa2eecc21761bcc67a2f773aa1425,439.82793,439.82793,0.0,1,0,1697045025
2023-10-05,0x5f45e48f9c053286ce9ca08db897f8b7eb3f7992,4122,0x0b774a220a09cf70f9a16235531a91f8324ffd89,735.177279,735.177279,0.0,1,0,1696471205
2023-10-05,0x5f45e48f9c053286ce9ca08db897f8b7eb3f7992,4156,0x1db30c74a4d16cdfee29680ca4637ec12ac55ec7,1367.212362,1367.212362,0.0,1,0,1696487915
2023-10-05,0x5f45e48f9c053286ce9ca08db897f8b7eb3f7992,4195,0x25a67a5f1f3125dd24e59289e82e890fcabe796c,694.430206,694.430206,0.0,1,0,1697025969
2023-10-05,0x5f45e48f9c053286ce9ca08db897f8b7eb3f7992,4197,0xc9ea255b552793e2533f666013a8d1d9e36cc206,691.314735,691.314735,0.0,1,0,1697025403
2023-10-05,0x5f45e48f9c053286ce9ca08db897f8b7eb3f7992,4211,0x6c6418d85470512d0b79ad5b7fdcc6ddeffe1835,68.395868,68.395868,478.771075,1,1,1697025857
2023-10-05,0x5f45e48f9c053286ce9ca08db897f8b7eb3f7992,4350,0xf4e7e6b600286ffba8154f5125420a0f78db835d,602.426557,602.426557,0.0,1,0,1697044789
2023-10-05,0x5f45e48f9c053286ce9ca08db897f8b7eb3f7992,4369,0xcf6d2f6e2839ac50f49a76c1da88f82f62d29b74,144.498602,144.498602,0.0,1,0,1696748689
2023-10-05,0x5f45e48f9c053286ce9ca08db897f8b7eb3f7992,4468,0x981be1045cf995dedbac017d9f0560ef0f22bfaf,529.758385,529.758385,0.0,1,0,1697033479
2023-10-05,0x5f45e48f9c053286ce9ca08db897f8b7eb3f7992,4484,0x98e78cd936e6d7bb685d1cb3e4f3766322057183,0.0,0.0,131.032147,0,1,1697064207
2023-10-05,0x5f45e48f9c053286ce9ca08db897f8b7eb3f7992,4510,0x06e252cdb6bf0e724346be59ceadf6684c79793c,617.230796,617.230796,0.0,1,0,1696997621
2023-10-05,0x5f45e48f9c053286ce9ca08db897f8b7eb3f7992,4600,0xd0d9e3505349bc945a414a6ec8ff8bcadabf20e3,480.297029,480.297029,0.0,1,0,1696992189
2023-10-05,0x5f45e48f9c053286ce9ca08db897f8b7eb3f7992,4604,0xdd97c44cff55f39516a928ff8aa90695742e604e,476.38731,476.38731,476.38731,1,1,1697058883
2023-10-05,0x5f45e48f9c053286ce9ca08db897f8b7eb3f7992,4613,0x12ed17d0061c89362a1fd0ba9aa960d68b97bd79,237.017158,237.017158,0.0,1,0,1697019445
2023-10-05,0x5f45e48f9c053286ce9ca08db897f8b7eb3f7992,4794,0x74c86cafd3bbead1b24d0f90592a65ad69083d6e,426.930528,426.930528,0.0,1,0,1696514687
2023-10-05,0x5f45e48f9c053286ce9ca08db897f8b7eb3f7992,4840,0x63bdee8a6581631d6a3789f266a3d40bbc5632fb,418.082682,418.082682,0.0,1,0,1697043495
2023-10-05,0x5f45e48f9c053286ce9ca08db897f8b7eb3f7992,4881,0x7cb552152e2b28f9f6911c51b69b0d8d1fadafe1,854.699452,854.699452,0.0,1,0,1696508887
2023-10-05,0x5f45e48f9c053286ce9ca08db897f8b7eb3f7992,4946,0xb6c8cabc2150083261d541a3011a658a36ca55b9,406.641037,406.641037,0.0,1,0,1697063259
2023-10-05,0x5f45e48f9c053286ce9ca08db897f8b7eb3f7992,4994,0xe47d815f8a9640a935386ec52f975df4861fdfd6,401.713814,401.713814,0.0,1,0,1697034985
2023-10-05,0x5f45e48f9c053286ce9ca08db897f8b7eb3f7992,5007,0xe47d815f8a9640a935386ec52f975df4861fdfd6,400.638269,400.638269,0.0,1,0,1697034967
2023-10-05,0x5f45e48f9c053286ce9ca08db897f8b7eb3f7992,5126,0xf10fd43f5f58128269ed4e312fe56084a18e50b9,6818.338522,6818.338522,0.0,1,0,1696994673
2023-10-05,0x5f45e48f9c053286ce9ca08db897f8b7eb3f7992,5418,0x5cb7dd40378c4f0bf167c30b7cc1982c4976314c,375.619426,375.619426,0.0,1,0,1696482149
2023-10-05,0x5f45e48f9c053286ce9ca08db897f8b7eb3f7992,5420,0x29128e764a3959204bcab02b315ae22e7d1d7bba,371.648118,371.648118,0.0,1,0,1697002483
2023-10-05,0x5f45e48f9c053286ce9ca08db897f8b7eb3f7992,5437,0x0a3234a2f7e0026364a6fa61b286c8b107e2cd3c,370.843839,370.843839,0.0,1,0,1697002571
2023-10-05,0x5f45e48f9c053286ce9ca08db897f8b7eb3f7992,5457,0x8db7a537d8478df3c6d95ff33b4270342862957f,0.0,0.0,37.370432,0,1,1696541731
2023-10-05,0x5f45e48f9c053286ce9ca08db897f8b7eb3f7992,5491,0x31e4a883b571e493cce22ab79e8331688b6a8f8c,372.219292,372.219292,0.0,1,0,1697037785
2023-10-05,0x5f45e48f9c053286ce9ca08db897f8b7eb3f7992,5538,0x08a13ace9947cd15bf07b05e2bbcfe163c69f3ad,370.655806,370.655806,0.0,1,0,1696474817
2023-10-05,0x5f45e48f9c053286ce9ca08db897f8b7eb3f7992,5568,0xda3e608973dd2150fbc1e19f3ed1f183a37af1d6,369.55333,369.55333,0.0,1,0,1697024539
2023-10-05,0x5f45e48f9c053286ce9ca08db897f8b7eb3f7992,5631,0x864c29a6f6f7d35491f971665bb21d6237258e70,368.117379,368.117379,0.0,1,0,1697031303
2023-10-05,0x5f45e48f9c053286ce9ca08db897f8b7eb3f7992,5675,0x1bc3c5a57d9cae6751b6f829825ffcdac15cab24,366.616151,366.616151,0.0,1,0,1697031285
2023-10-05,0x5f45e48f9c053286ce9ca08db897f8b7eb3f7992,5706,0x614cdeb515880b3db75f58fc913317f2640f06c6,365.815044,365.815044,0.0,1,0,1697031193
2023-10-05,0x5f45e48f9c053286ce9ca08db897f8b7eb3f7992,5731,0xb19dfec5961161d2372adddc948f3a9c51326735,365.203594,365.203594,0.0,1,0,1697031241
2023-10-05,0x5f45e48f9c053286ce9ca08db897f8b7eb3f7992,5771,0x1d58328205429d39ce21a13dcd3feb73180c9b20,545.06979,545.06979,0.0,1,0,1697042951
2023-10-05,0x5f45e48f9c053286ce9ca08db897f8b7eb3f7992,5827,0x54da11a90d36f292b3a995d1a447dfe6923cf454,361.979341,361.979341,0.0,1,0,1696488465
2023-10-05,0x5f45e48f9c053286ce9ca08db897f8b7eb3f7992,5846,0xe610c6de59e10fe84d017b3141f8c0f23a325d30,0.0,0.0,367.805257,0,1,1697063035
2023-10-05,0x5f45e48f9c053286ce9ca08db897f8b7eb3f7992,5918,0x7ff315ae57fab67470ad97fc0487c4e736f63145,359.288744,359.288744,0.0,1,0,1696493299
2023-10-05,0x5f45e48f9c053286ce9ca08db897f8b7eb3f7992,5964,0x9d9793970cbfc1118c6be89dc2e89afa1aaf5d14,376.568139,376.568139,0.0,1,0,1697034923
2023-10-05,0x5f45e48f9c053286ce9ca08db897f8b7eb3f7992,5983,0x34ab31d3a10be1912fcf684e88b9e6fc8e8b8b63,356.976241,356.976241,0.0,1,0,1697024217
2023-10-05,0x5f45e48f9c053286ce9ca08db897f8b7eb3f7992,6172,0xe86b341f0b935ddfc65a747a903d522c07cbf381,352.629223,352.629223,0.0,1,0,1696994883
2023-10-05,0x5f45e48f9c053286ce9ca08db897f8b7eb3f7992,6418,0xb4173fee41920a8e7d3451863f9779468ebab98e,3872.36842,3872.36842,0.0,1,0,1697016971
2023-10-05,0x5f45e48f9c053286ce9ca08db897f8b7eb3f7992,6456,0x9b12c2ef2e591dd12d82dfba3268881ed9aed88d,2366.137013,2366.137013,0.0,1,0,1697035145
2023-10-05,0x5f45e48f9c053286ce9ca08db897f8b7eb3f7992,6457,0x2cac43da9303af89e6de4e197d52f1f9c3ca2936,3072.669532,3072.669532,0.0,1,0,1697035215
2023-10-05,0x5f45e48f9c053286ce9ca08db897f8b7eb3f7992,6479,0x374d5221a4367fe746cc6c92d333c6ce15386fcd,209.125646,209.125646,0.0,1,0,1696492295
2023-10-05,0x5f45e48f9c053286ce9ca08db897f8b7eb3f7992,6489,0x119b2be32ae0c5c594df2ceada9af7a3ded3f758,320.086,320.086,0.0,1,0,1696483693
2023-10-05,0x5f45e48f9c053286ce9ca08db897f8b7eb3f7992,6512,0xf9a470029eab553ddc2351577a7fc8ad1c3540ab,27.775857,27.775857,0.0,1,0,1697030087
2023-10-05,0x5f45e48f9c053286ce9ca08db897f8b7eb3f7992,6585,0x221a68818a6a77fae0d920306b45a3b1e32e6743,586.161978,586.161978,0.0,1,0,1696490963
2023-10-05,0x5f45e48f9c053286ce9ca08db897f8b7eb3f7992,6630,0x7f85cf44e446a4b1aace2a28774e88cd6d4e3441,8.004795,8.987878,0.983084,2,1,1696666163
2023-10-05,0x5f45e48f9c053286ce9ca08db897f8b7eb3f7992,6776,0x47dee11e0d84f05d7726b69666595700f3f0d883,387.902106,387.902106,0.0,1,0,1696504451
2023-10-05,0x5f45e48f9c053286ce9ca08db897f8b7eb3f7992,6798,0x29b93c216eac25480b70f791e2b5c52db43a1b85,11815.447677,11815.447677,0.0,1,0,1697034209
2023-10-05,0x5f45e48f9c053286ce9ca08db897f8b7eb3f7992,6824,0x374d5221a4367fe746cc6c92d333c6ce15386fcd,9.538677,9.538677,0.0,1,0,1696492283
2023-10-05,0x5f45e48f9c053286ce9ca08db897f8b7eb3f7992,7429,0xbca4cb848b87352176c548e915a1ae3a7d40b129,38.654862,38.654862,0.0,1,0,1697018121
2023-10-05,0x5f45e48f9c053286ce9ca08db897f8b7eb3f7992,7458,0x3968dc840228c3f5e0b8ffa1772c81e352ec6425,58.204785,58.204785,0.0,1,0,1697049943
2023-10-05,0x5f45e48f9c053286ce9ca08db897f8b7eb3f7992,7495,0x39260b9be6b55b18505c6dd098d7fe0bb8622101,195.70387,195.70387,0.0,1,0,1697013655
2023-10-05,0x5f45e48f9c053286ce9ca08db897f8b7eb3f7992,7682,0x4444f125bd3d1a44c15b0545ab678629a4421995,426305.218377,426305.218377,353677.686744,1,1,1697063571
2023-10-05,0x5f45e48f9c053286ce9ca08db897f8b7eb3f7992,7758,0xdd0206010ca82ff22303b58863b3a6f3006c86c4,33.350744,33.350744,0.0,1,0,1696692721
2023-10-05,0x5f45e48f9c053286ce9ca08db897f8b7eb3f7992,7762,0xb8a8663d7ae13c298972c5ab2ff392c3cbed8473,18.677387,18.677387,18.928288,1,1,1697050677
2023-10-05,0x5f45e48f9c053286ce9ca08db897f8b7eb3f7992,7908,0xf389c517d6a07e07faf03a1f0fe67d57c3760cfc,67.592335,67.592335,0.0,1,0,1697034573
2023-10-05,0x5f45e48f9c053286ce9ca08db897f8b7eb3f7992,7979,0x529656620d914443405a55ec42ad0eaeaf0b4a2c,40597.255489,40597.255489,0.0,1,0,1697019641
2023-10-05,0x5f45e48f9c053286ce9ca08db897f8b7eb3f7992,8039,0x5353d57398a1d5cc3f715df0a365d4b5f2a4044b,0.0,0.0,2540.716619,0,1,1696949849
2023-10-05,0x5f45e48f9c053286ce9ca08db897f8b7eb3f7992,8124,0xab1bd7cc8616515929c34256afe543b35b800b71,78.675613,78.675613,0.0,1,0,1696523843
2023-10-05,0x5f45e48f9c053286ce9ca08db897f8b7eb3f7992,8139,0x460808bb2e79e5b84994105b601a13e33c29a45f,8.255791,8.255791,0.0,1,0,1696620807
2023-10-05,0x5f45e48f9c053286ce9ca08db897f8b7eb3f7992,8290,0xe96e0e1ae9915c72adb8e1061bcf979e42594b13,120.188542,146.188364,25.999822,2,1,1696467739
2023-10-05,0x5f45e48f9c053286ce9ca08db897f8b7eb3f7992,8320,0xdbe214c863d6b2ecf5d79012e5d03aab09c57e28,5229.95149,13400.489334,10844.434752,3,3,1696911479
2023-10-05,0x5f45e48f9c053286ce9ca08db897f8b7eb3f7992,8386,0x4444f125bd3d1a44c15b0545ab678629a4421995,127240.8526,127240.8526,127240.8526,1,1,1697063613
2023-10-05,0x5f45e48f9c053286ce9ca08db897f8b7eb3f7992,8395,0x5181cdf1bb20da04ba788f82989f29e65b67314a,11993.90976,11993.90976,0.0,1,0,1697025889
2023-10-05,0x5f45e48f9c053286ce9ca08db897f8b7eb3f7992,8429,0x931369f621980fe1d8f07f6fbeb3040aadb36409,1124.42904,1124.42904,1124.42904,1,1,1697065069
2023-10-05,0x5f45e48f9c053286ce9ca08db897f8b7eb3f7992,8431,0x9c6016b2543cfd29a587992393c3c59df1dc48af,85435.58045,85435.58045,0.0,1,0,1697033423
2023-10-05,0x5f45e48f9c053286ce9ca08db897f8b7eb3f7992,8477,0xf10fd43f5f58128269ed4e312fe56084a18e50b9,1311.83388,1311.83388,0.0,1,0,1696994741
2023-10-05,0x5f45e48f9c053286ce9ca08db897f8b7eb3f7992,8516,0xa5a2a35fa9404f3603505984506206ccf208489f,5e-06,5e-06,0.0,1,0,1696503683
2023-10-05,0x5f45e48f9c053286ce9ca08db897f8b7eb3f7992,8529,0x309f148d27aa818e3ad479922227bb538f46c520,13.262602,13.262602,0.0,1,0,1696544533
2023-10-05,0x5f45e48f9c053286ce9ca08db897f8b7eb3f7992,8646,0xde82ba72fdd75dff334b1ceb3e57e1945f1d7561,336.826446,336.826446,0.0,1,0,1697017657
2023-10-05,0x607363389331f4b2d1b955d009506a67c565d75e,277,0x68acb2051b73c2342be78cd1a7e5ca44483d10c5,29910.94573,29910.94573,29910.94573,1,1,1697064899
2023-10-05,0x607363389331f4b2d1b955d009506a67c565d75e,301,0xa3ff2d14b8289d00c22c7917cc85812a7fb4ca77,80051.036927,80051.036927,0.0,1,0,1697058279
2023-10-05,0x607363389331f4b2d1b955d009506a67c565d75e,336,0x29f7ec2bef88eaf2370096d3559e9fae8984622c,265511.41128,265511.41128,0.0,1,0,1697057663
2023-10-05,0x607363389331f4b2d1b955d009506a67c565d75e,338,0x65877be34c0c3c3a317d97028fd91bd261410026,0.0,0.0,88713.2418,0,1,1697038835
2023-10-05,0x607363389331f4b2d1b955d009506a67c565d75e,343,0xb1d47d39c3bb868e5e4be068b7057d4caad0b31c,21657.995522,21657.995522,0.0,1,0,1697059157
2023-10-05,0x607363389331f4b2d1b955d009506a67c565d75e,357,0xb018a2e25f5d41abbcd2c2eda6cd0d0bee428857,84107.271758,84107.271758,0.0,1,0,1697057231
2023-10-05,0x607363389331f4b2d1b955d009506a67c565d75e,390,0x873d59965b2c97ecd536be8438153db432597b9d,13445.13878,13445.13878,12772.881841,1,1,1697063595
2023-10-05,0x607363389331f4b2d1b955d009506a67c565d75e,458,0x7a921b0365b4571bee00ba5a1dbb422b11f13f9e,50747.681119,50747.681119,0.0,1,0,1697062301
2023-10-05,0x607363389331f4b2d1b955d009506a67c565d75e,528,0x766c64d809056fbb492fdb410a6b4857c015619a,10275.49689,10275.49689,0.0,1,0,1697063991
2023-10-05,0x607363389331f4b2d1b955d009506a67c565d75e,531,0x44a088e784f2a7936c67d772f9e06df5093663bf,41065.673768,41065.673768,0.0,1,0,1697059201
2023-10-05,0x607363389331f4b2d1b955d009506a67c565d75e,597,0x1ce0c2b445c8e87ea4c40b6e721d9a39b09f6459,3606.240568,3606.240568,0.0,1,0,1697058027
2023-10-05,0x607363389331f4b2d1b955d009506a67c565d75e,842,0x58bcf1ac25551dd4eb790f2ef68c1857dcd67d9b,5095.461005,5095.461005,2037.530902,1,1,1697064525
2023-10-05,0x607363389331f4b2d1b955d009506a67c565d75e,971,0xe3cfbf8fb378f5c4cf780077ee5c2ffe7aaea6dc,1588.656274,1588.656274,0.0,1,0,1697064039
2023-10-05,0x607363389331f4b2d1b955d009506a67c565d75e,1098,0x6e81417b312917305d12f76fa3b6bd66ffaa75e7,3199.144033,3199.144033,0.0,1,0,1697064677
2023-10-05,0x607363389331f4b2d1b955d009506a67c565d75e,1234,0x5a6e9ba01afdcec6bbf20d02493047fa8ccb5b98,10358.301926,10358.301926,0.0,1,0,1697059463
2023-10-05,0x607363389331f4b2d1b955d009506a67c565d75e,1245,0x6b879c078ea4cc27bbdb486fcaa4fa27e6cbe97a,66519.962804,66519.962804,0.0,1,0,1697057571
2023-10-05,0x607363389331f4b2d1b955d009506a67c565d75e,1412,0x88f81b95eae67461b2d687343d36852f87409a7b,8897.006532,8897.006532,0.0,1,0,1697063531
2023-10-05,0x607363389331f4b2d1b955d009506a67c565d75e,1465,0xf6081c039aa4df979d57aff3fe1e0d10ad5927b2,7639.892423,7639.892423,0.0,1,0,1697063647
2023-10-05,0x607363389331f4b2d1b955d009506a67c565d75e,1504,0xbd5f593c86319523e6e8afe60dedbefaedbdb8c9,1814.835547,1814.835547,0.0,1,0,1697064637
2023-10-05,0x607363389331f4b2d1b955d009506a67c565d75e,1611,0x601af9ec72c1a7a094c689c0b027100861e2dc09,0.0,0.0,6428.907635,0,1,1697030895
2023-10-05,0x607363389331f4b2d1b955d009506a67c565d75e,1878,0x952815ea349a0c10db5d854a16a27d768e85053e,4743.156541,4743.156541,0.0,1,0,1697059623
2023-10-05,0x607363389331f4b2d1b955d009506a67c565d75e,1926,0xefa4c696ea2505ec038c9ddc849b1bf817d7f69d,2242.795275,2242.795275,0.0,1,0,1697058813
2023-10-05,0x607363389331f4b2d1b955d009506a67c565d75e,2008,0xa47400440c17f917e10ebd878611afd3223da9a4,0.0,0.0,4696.590794,0,1,1697064915
2023-10-05,0x607363389331f4b2d1b955d009506a67c565d75e,2749,0x1d9a60325cd837f84f42cee66b3beb09ed29a86b,5053.864654,5053.864654,0.0,1,0,1697056909
2023-10-05,0x607363389331f4b2d1b955d009506a67c565d75e,3344,0x947ebecd725e07bac225363f328de957aa5819b3,1519.622226,1519.622226,0.0,1,0,1697064049
2023-10-05,0x607363389331f4b2d1b955d009506a67c565d75e,4211,0x6c6418d85470512d0b79ad5b7fdcc6ddeffe1835,68.395868,68.395868,68.395868,1,1,1697025857
2023-10-05,0x607363389331f4b2d1b955d009506a67c565d75e,4646,0xa31aeea459c1ab0124ed44711a678d6e18874692,797.688328,797.688328,0.0,1,0,1697057419
2023-10-05,0x607363389331f4b2d1b955d009506a67c565d75e,5699,0xc363a0264ad1dcf03f40fbae07366071977c19f1,365.945824,365.945824,0.0,1,0,1697057781
2023-10-05,0x607363389331f4b2d1b955d009506a67c565d75e,5911,0x0022251ccfb51d0c77218dd1c1bac68df7ca8098,359.504433,359.504433,0.0,1,0,1697059237
2023-10-05,0x607363389331f4b2d1b955d009506a67c565d75e,6375,0xe331ef612cebc0aca6d0b586542b3c25c82350bb,34.891849,34.891849,34.891849,1,1,1697056267
2023-10-05,0x607363389331f4b2d1b955d009506a67c565d75e,7160,0x766c64d809056fbb492fdb410a6b4857c015619a,1491.741693,1491.741693,0.0,1,0,1697064095
2023-10-05,0x61366a4e6b1db1b85dd701f2f4bfa275ef271197,1,0xbde0c70bdc242577c52dfad53389f82fd149ea5a,4861922.537932,4861922.537932,1722112.287633,1,1,1697045005
2023-10-05,0x61366a4e6b1db1b85dd701f2f4bfa275ef271197,2,0x51e171d2fde9b37bbbb624a53ef54959422388e4,3472801.812809,3472801.812809,1230080.205452,1,1,1697050283
2023-10-05,0x61366a4e6b1db1b85dd701f2f4bfa275ef271197,5,0x5b1892b546002ff3dd508500575bd6bf7a101431,1273119.936705,1273119.936705,450944.184759,1,1,1697045057
2023-10-05,0x61366a4e6b1db1b85dd701f2f4bfa275ef271197,24,0x208a17c5fabe5b90282e5906945ff335e39326c4,0.0,0.0,12768.048931,0,1,1697051865
2023-10-05,0x61366a4e6b1db1b85dd701f2f4bfa275ef271197,43,0x2ddb405238368695f34d30a80ab60c449aa5ce48,0.0,0.0,60326.679558,0,1,1697062597
2023-10-05,0x61366a4e6b1db1b85dd701f2f4bfa275ef271197,45,0x8d82d851e220c5e20ed85340e8e290018c6e59f7,1323.487193,1323.487193,1323.487193,1,1,1697059299
2023-10-05,0x61366a4e6b1db1b85dd701f2f4bfa275ef271197,51,0x0f228805c03a693aa964a791e0b2e2c6e6c6513f,0.0,0.0,283430.037843,0,1,1697062913
2023-10-05,0x61366a4e6b1db1b85dd701f2f4bfa275ef271197,52,0x3fd5dbf9f74d69b71774d729dd84bd8b3db7e815,269171.069643,269171.069643,269084.765761,1,1,1697053755
2023-10-05,0x61366a4e6b1db1b85dd701f2f4bfa275ef271197,54,0xf265702178a66b4b7ce079fc8a1629e47cf1bcde,334155.90728,334155.90728,668097.534829,1,1,1697055531
2023-10-05,0x61366a4e6b1db1b85dd701f2f4bfa275ef271197,62,0xa311ab5780aa036b71aac2b71163fd03ec0df59e,0.0,0.0,126324.047806,0,1,1697051911
2023-10-05,0x61366a4e6b1db1b85dd701f2f4bfa275ef271197,64,0xf1010ee787ee588766b441d7cc397b40ddfb17a3,583133.236199,583133.236199,582773.33563,1,1,1697025823
2023-10-05,0x61366a4e6b1db1b85dd701f2f4bfa275ef271197,67,0x8ce17ff2c7376e9adfe9c63c47a801097fa6c525,0.0,0.0,108004.485578,0,1,1697052473
2023-10-05,0x61366a4e6b1db1b85dd701f2f4bfa275ef271197,68,0x132e47cf2c19ec2d8dd56e1528fc7e18dc09188f,44317.827131,44317.827131,53372.180926,1,1,1697053575
2023-10-05,0x61366a4e6b1db1b85dd701f2f4bfa275ef271197,73,0x1ba6b82641c77ab1fc7bc734c5c3628199a8967d,0.0,0.0,239122.874072,0,1,1697059333
2023-10-05,0x61366a4e6b1db1b85dd701f2f4bfa275ef271197,77,0xeb6772188cf10aa563a1cd163f48355d1a949797,413158.664982,413158.664982,247742.178439,1,1,1697064347
2023-10-05,0x61366a4e6b1db1b85dd701f2f4bfa275ef271197,89,0x4dacd010e15e220bc6c5c3210d166505d2b6c63a,638744.171696,638744.171696,0.0,1,0,1697019561
2023-10-05,0x61366a4e6b1db1b85dd701f2f4bfa275ef271197,99,0xa48cd684ded1eee3de13e052bbdcfed59558a1ca,242757.671089,242757.671089,139516.739117,1,1,1697056509
2023-10-05,0x61366a4e6b1db1b85dd701f2f4bfa275ef271197,103,0x1c2ed7a6c4e3c1146103fa222181115a72243a06,54597.611532,54597.611532,0.0,1,0,1697064139
2023-10-05,0x61366a4e6b1db1b85dd701f2f4bfa275ef271197,106,0x615e5022252b31af496574f00d5519c5d93261ab,0.0,0.0,254651.895817,0,1,1696990601
2023-10-05,0x61366a4e6b1db1b85dd701f2f4bfa275ef271197,108,0x342f3002bb6f77441dfa40480ebb169d6912b464,495726.271272,495726.271272,0.0,1,0,1697040265
2023-10-05,0x61366a4e6b1db1b85dd701f2f4bfa275ef271197,112,0x5c965d2f24e8fc49146575b039fbda4033d3cf94,526100.337619,526100.337619,401607.367856,1,1,1697043163
2023-10-05,0x61366a4e6b1db1b85dd701f2f4bfa275ef271197,114,0x611b0c1ed942b833c786c53883a4aa37a25602a6,162987.978662,162987.978662,139617.758632,1,1,1697034219
2023-10-05,0x61366a4e6b1db1b85dd701f2f4bfa275ef271197,126,0xf5a93410e7e32bbf28a8eaafbd7f241cf0b290fb,0.0,0.0,415069.01876,0,1,1697056209
2023-10-05,0x61366a4e6b1db1b85dd701f2f4bfa275ef271197,128,0x193578944fb0a0d31508f889528e9c345d90961b,102751.415555,102751.415555,0.0,1,0,1697043295
2023-10-05,0x61366a4e6b1db1b85dd701f2f4bfa275ef271197,135,0x166c794d890dd91bbe71f304eca660e1c4892cbb,0.0,0.0,377860.871539,0,1,1697060235
2023-10-05,0x61366a4e6b1db1b85dd701f2f4bfa275ef271197,138,0x53e0b897eae600b2f6855fce4a42482e9229d2c2,123146.259894,123146.259894,90548.72051,1,1,1697034215
2023-10-05,0x61366a4e6b1db1b85dd701f2f4bfa275ef271197,147,0xe3f0254b09aec48ffa46f9eee5a3bc7a8e510e6d,166367.421181,166367.421181,166314.079065,1,1,1697025889
2023-10-05,0x61366a4e6b1db1b85dd701f2f4bfa275ef271197,148,0x6580bcc99af557e277cae063d7308cdbd59bf7b3,130267.597187,130267.597187,0.0,1,0,1697044859
2023-10-05,0x61366a4e6b1db1b85dd701f2f4bfa275ef271197,151,0x5275817b74021e97c980e95ede6bbac0d0d6f3a2,0.0,0.0,76957.439024,0,1,1697039977
2023-10-05,0x61366a4e6b1db1b85dd701f2f4bfa275ef271197,165,0x54ecb3397b0bf31cb0b81eb2444e2a7b32507d8b,32340.936189,32340.936189,0.0,1,0,1697063619
2023-10-05,0x61366a4e6b1db1b85dd701f2f4bfa275ef271197,174,0x83bad39f067ef72e354f2ea9d318eaad381a7f15,23366.399704,23366.399704,23351.978334,1,1,1697041741
2023-10-05,0x61366a4e6b1db1b85dd701f2f4bfa275ef271197,178,0x8dc80a1b59b2d81ae0f1653f9901922507ee9978,227854.189054,227854.189054,0.0,1,0,1697036075
2023-10-05,0x61366a4e6b1db1b85dd701f2f4bfa275ef271197,185,0x5952bab55191f8a815ccd8ba4945f7a09ef5def7,182213.867157,182213.867157,214618.105272,1,1,1697043023
2023-10-05,0x61366a4e6b1db1b85dd701f2f4bfa275ef271197,188,0xa60aadf62907bf06dd714781d44bbd4c2d783259,106441.579725,106441.579725,106407.451534,1,1,1697054873
2023-10-05,0x61366a4e6b1db1b85dd701f2f4bfa275ef271197,228,0x323f5bb64b34e259ed16ccc3f5037f4857a684df,163084.752116,163084.752116,0.0,1,0,1697024469
2023-10-05,0x61366a4e6b1db1b85dd701f2f4bfa275ef271197,232,0x576f1e53afe5e99b2257258c7e3248d3a1822548,40552.257917,40552.257917,0.0,1,0,1697059321
2023-10-05,0x61366a4e6b1db1b85dd701f2f4bfa275ef271197,242,0xa0eb44b173af64f2fdb47c7d76ff3a33e04103b6,38259.161511,38259.161511,0.0,1,0,1697061677
2023-10-05,0x61366a4e6b1db1b85dd701f2f4bfa275ef271197,253,0x7bfee91193d9df2ac0bfe90191d40f23c773c060,0.0,0.0,138583.374588,0,1,1696954571
2023-10-05,0x61366a4e6b1db1b85dd701f2f4bfa275ef271197,254,0xa311ab5780aa036b71aac2b71163fd03ec0df59e,0.0,0.0,34430.934653,0,1,1697051595
2023-10-05,0x61366a4e6b1db1b85dd701f2f4bfa275ef271197,256,0xd6a2248e5d3696565c162c4554aa61fa6be75db3,34106.180596,34106.180596,34106.180596,1,1,1697037119
2023-10-05,0x61366a4e6b1db1b85dd701f2f4bfa275ef271197,275,0xa810ffea2709c116ef180d090c142fc5e08586a7,0.0,0.0,18285.174998,0,1,1697054155
2023-10-05,0x61366a4e6b1db1b85dd701f2f4bfa275ef271197,277,0x68acb2051b73c2342be78cd1a7e5ca44483d10c5,29930.355939,29930.355939,29930.355939,1,1,1697064899
2023-10-05,0x61366a4e6b1db1b85dd701f2f4bfa275ef271197,302,0x188c30e9a6527f5f0c3f7fe59b72ac7253c62f28,0.0,0.0,106616.733446,0,1,1697060037
2023-10-05,0x61366a4e6b1db1b85dd701f2f4bfa275ef271197,316,0x8217157f6a42eecf3d07ef7c8d67ad416c3e9f02,50611.989675,50611.989675,0.0,1,0,1697034033
2023-10-05,0x61366a4e6b1db1b85dd701f2f4bfa275ef271197,319,0xcd763667cd74543bd05c19386347441d3d3f6392,0.0,0.0,50400.878724,0,1,1696911427
2023-10-05,0x61366a4e6b1db1b85dd701f2f4bfa275ef271197,324,0xfb86a60a4d204de91421871c6d69cb40d21ae736,193330.081876,193330.081876,0.0,1,0,1697031243
2023-10-05,0x61366a4e6b1db1b85dd701f2f4bfa275ef271197,331,0x5181cdf1bb20da04ba788f82989f29e65b67314a,101816.382962,101816.382962,0.0,1,0,1697025821
2023-10-05,0x61366a4e6b1db1b85dd701f2f4bfa275ef271197,338,0x65877be34c0c3c3a317d97028fd91bd261410026,88741.694905,88741.694905,0.0,1,0,1697038835
2023-10-05,0x61366a4e6b1db1b85dd701f2f4bfa275ef271197,355,0x6de6e901bbefd26a9888798a25e4a49309d04ca9,80490.442031,80490.442031,0.0,1,0,1697053903
2023-10-05,0x61366a4e6b1db1b85dd701f2f4bfa275ef271197,362,0x5929cc4d10b6a1acc5bf5d221889f10251c628a1,0.0,0.0,17632.40333,0,1,1697045621
2023-10-05,0x61366a4e6b1db1b85dd701f2f4bfa275ef271197,364,0xe7b27bd74f522afa05732ba82b2f46a38d4be098,19341.561709,19341.561709,0.0,1,0,1697039277
2023-10-05,0x61366a4e6b1db1b85dd701f2f4bfa275ef271197,369,0xbfc7e3604c3bb518a4a15f8ceeaf06ed48ac0de2,74359.315948,74359.315948,0.0,1,0,1697031477
2023-10-05,0x61366a4e6b1db1b85dd701f2f4bfa275ef271197,398,0x48c7e0db3dad3fe4eb0513b86fe5c38ebb4e0f91,65596.672182,65596.672182,6553.093952,1,1,1697027447
2023-10-05,0x61366a4e6b1db1b85dd701f2f4bfa275ef271197,416,0x151e5062d509bf6fc1b5345afa0e7397c9c82226,18460.036709,18460.036709,15383.363924,1,1,1697040821
2023-10-05,0x61366a4e6b1db1b85dd701f2f4bfa275ef271197,428,0xbb1766a13674dc9c8d194377f3c92153de381883,14657.096202,14657.096202,0.0,1,0,1697018507
2023-10-05,0x61366a4e6b1db1b85dd701f2f4bfa275ef271197,438,0xe87c09608c6306cb72977ddf65bcbc8200cc9a96,16673.815782,16673.815782,16673.815782,1,1,1697063665
2023-10-05,0x61366a4e6b1db1b85dd701f2f4bfa275ef271197,447,0xa1958a37c21372482deff4618baebbec23c9a449,53041.112742,53041.112742,0.0,1,0,1697060389
2023-10-05,0x61366a4e6b1db1b85dd701f2f4bfa275ef271197,449,0xf6657bbcfeb5c2746e8c609e35018a5a8caa13fb,15724.830571,15724.830571,13095.936634,1,1,1697047599
2023-10-05,0x61366a4e6b1db1b85dd701f2f4bfa275ef271197,452,0x21484a41b00c014c4ad5c92bbb7661fd7c1c9a2b,20712.146217,20712.146217,0.0,1,0,1697036617
2023-10-05,0x61366a4e6b1db1b85dd701f2f4bfa275ef271197,504,0xcfba6d63ec822425775d3c509e60ff689c1ae1e7,4471.490091,4471.490091,22311.282862,1,1,1696990017
2023-10-05,0x61366a4e6b1db1b85dd701f2f4bfa275ef271197,509,0x34223719d75cbc336b77ccd8af6b9342bd6af1cb,8577.050769,8577.050769,6427.217626,1,1,1697044323
2023-10-05,0x61366a4e6b1db1b85dd701f2f4bfa275ef271197,511,0x0349dc3629e09bb939e69b6b781e5c8b8b9ab432,42750.98889,42750.98889,0.0,1,0,1697038373
2023-10-05,0x61366a4e6b1db1b85dd701f2f4bfa275ef271197,536,0xf6ed81d5e9f61dd1ea21e96ae1d660ecc388ae4f,40700.191361,40700.191361,0.0,1,0,1697033821
2023-10-05,0x61366a4e6b1db1b85dd701f2f4bfa275ef271197,573,0x1125917201ed36700f86c3cecec8c5dafae280d1,41618.768568,41618.768568,0.0,1,0,1697039145
2023-10-05,0x61366a4e6b1db1b85dd701f2f4bfa275ef271197,582,0xa1909f656e11086902c23ce4bc2ee1b4950adaee,0.0,0.0,36811.384317,0,1,1697010237
2023-10-05,0x61366a4e6b1db1b85dd701f2f4bfa275ef271197,583,0xd8a30dbb3b8b204b6d8bb800d0f2865d07dc904c,9203.997117,9203.997117,18402.092109,1,1,1697035151
2023-10-05,0x61366a4e6b1db1b85dd701f2f4bfa275ef271197,595,0xf89cb9b9b412feff16ca94c02db6faddccd51ce4,9066.029638,9066.029638,9066.029638,1,1,1697045515
2023-10-05,0x61366a4e6b1db1b85dd701f2f4bfa275ef271197,597,0x1ce0c2b445c8e87ea4c40b6e721d9a39b09f6459,3606.240568,3606.240568,3606.240568,1,1,1697058027
2023-10-05,0x61366a4e6b1db1b85dd701f2f4bfa275ef271197,606,0x27f33f5af3125c7488051134872e6e7a3c5a644a,35371.898689,35371.898689,0.0,1,0,1697033205
2023-10-05,0x61366a4e6b1db1b85dd701f2f4bfa275ef271197,621,0x6b73f2b5ddf22a3e190893bbd83e2f0a882a7dac,34524.336797,34524.336797,0.0,1,0,1697026469
2023-10-05,0x61366a4e6b1db1b85dd701f2f4bfa275ef271197,627,0xb5153c06e693b39d680040e7075833017ba9f10d,33876.545902,33876.545902,0.0,1,0,1697031025
2023-10-05,0x61366a4e6b1db1b85dd701f2f4bfa275ef271197,636,0x599321b91d0e4e541f7d172ab1cacccc0d5a8e82,13267.370578,13267.370578,0.0,1,0,1697035359
2023-10-05,0x61366a4e6b1db1b85dd701f2f4bfa275ef271197,637,0xb83f754eb815e2100f4ba99aa61c299152b07145,0.0,0.0,17372.152707,0,1,1697061391
2023-10-05,0x61366a4e6b1db1b85dd701f2f4bfa275ef271197,674,0xf076823122f106c2b7f21cbaacd1c9db1ce4cf27,7481.387539,7481.387539,7481.387539,1,1,1697036289
2023-10-05,0x61366a4e6b1db1b85dd701f2f4bfa275ef271197,688,0x398e17b329b074c700d18e87f49b85d0512699e9,14277.236351,14277.236351,14277.236351,1,1,1697053119
2023-10-05,0x61366a4e6b1db1b85dd701f2f4bfa275ef271197,768,0x6ad0e9ea8d43213dbaaf18ec11d02c75b4f9322d,23606.042152,23606.042152,23606.042152,1,1,1697024097
2023-10-05,0x61366a4e6b1db1b85dd701f2f4bfa275ef271197,790,0x6de6e901bbefd26a9888798a25e4a49309d04ca9,22287.277719,22287.277719,0.0,1,0,1697053865
2023-10-05,0x61366a4e6b1db1b85dd701f2f4bfa275ef271197,809,0x6de6e901bbefd26a9888798a25e4a49309d04ca9,21544.190803,21544.190803,0.0,1,0,1697053801
2023-10-05,0x61366a4e6b1db1b85dd701f2f4bfa275ef271197,814,0x6de6e901bbefd26a9888798a25e4a49309d04ca9,21259.313068,21259.313068,0.0,1,0,1697053851
2023-10-05,0x61366a4e6b1db1b85dd701f2f4bfa275ef271197,815,0x6de6e901bbefd26a9888798a25e4a49309d04ca9,21233.281217,21233.281217,0.0,1,0,1697053889
2023-10-05,0x61366a4e6b1db1b85dd701f2f4bfa275ef271197,817,0x6de6e901bbefd26a9888798a25e4a49309d04ca9,21199.988822,21199.988822,0.0,1,0,1697053877
2023-10-05,0x61366a4e6b1db1b85dd701f2f4bfa275ef271197,818,0x30a2837f3d319a3e1984de5a32c0df310e2496b7,22467.285992,22467.285992,21547.789091,1,1,1696469727
2023-10-05,0x61366a4e6b1db1b85dd701f2f4bfa275ef271197,858,0x9d068c281afa4f518e2393702adff6b4f22c1156,19099.741334,19099.741334,0.0,1,0,1697034711
2023-10-05,0x61366a4e6b1db1b85dd701f2f4bfa275ef271197,867,0xa1a7aec61de1b80efe2dfe0ed8bb4243274ce67a,0.0,20734.92919,41191.074467,1,2,1697062039
2023-10-05,0x61366a4e6b1db1b85dd701f2f4bfa275ef271197,875,0x5f449ca0c6ae1cac4c4830220229233f0b60c103,18526.928021,18526.928021,0.0,1,0,1697025589
2023-10-05,0x61366a4e6b1db1b85dd701f2f4bfa275ef271197,900,0x0899a0b74ebab3f637b59dbf90883e6df481fe00,17585.257896,17585.257896,17579.619564,1,1,1697027885
2023-10-05,0x61366a4e6b1db1b85dd701f2f4bfa275ef271197,976,0xac18c73423d43ad14630c32491ec0db14e2e6148,17333.490209,17333.490209,8666.745104,1,1,1697028865
2023-10-05,0x61366a4e6b1db1b85dd701f2f4bfa275ef271197,1027,0x5f4f120d8435ea38f0f4635a910fee03801be88d,0.0,0.0,5975.21088,0,1,1696953963
2023-10-05,0x61366a4e6b1db1b85dd701f2f4bfa275ef271197,1053,0x3216a8a03b07b6b19cbc21d62c8942e625fc3e07,0.0,0.0,1430.007393,0,1,1697048185
2023-10-05,0x61366a4e6b1db1b85dd701f2f4bfa275ef271197,1106,0x7b8870db91a1cf8e5618010ed2ce0ed0383e22fe,0.0,0.0,6351.310803,0,1,1697048011
2023-10-05,0x61366a4e6b1db1b85dd701f2f4bfa275ef271197,1145,0x278fbf0cdf19dfec7f2a7c7d319c957b2b62fa6d,0.0,0.0,11909.508182,0,1,1696981967
2023-10-05,0x61366a4e6b1db1b85dd701f2f4bfa275ef271197,1149,0x93b82c49c2af67797977ae344c07884164e6a592,647.504821,647.504821,0.0,1,0,1697061817
2023-10-05,0x61366a4e6b1db1b85dd701f2f4bfa275ef271197,1154,0xe43fa6cbb7dda0bd863593c5e75fae9b4dcd5cd4,11858.465427,11858.465427,11854.663267,1,1,1697055851
2023-10-05,0x61366a4e6b1db1b85dd701f2f4bfa275ef271197,1193,0x1ed39934aec99f0a203af206b9ef3c81b57a76ea,11138.458352,11138.458352,0.0,1,0,1697026529
2023-10-05,0x61366a4e6b1db1b85dd701f2f4bfa275ef271197,1200,0xf2ee11039377dd00a9c611af560d27c7517e9481,11034.959326,11034.959326,11034.959326,1,1,1697027635
2023-10-05,0x61366a4e6b1db1b85dd701f2f4bfa275ef271197,1202,0x8ee7a7aad2aa6ef5393ee6f3a58992c906e6e734,10899.388882,10899.388882,0.0,1,0,1697038563
2023-10-05,0x61366a4e6b1db1b85dd701f2f4bfa275ef271197,1272,0xcb3b366ced5ab2170d2ac72a5a97c4747e9186d8,9827.285739,9827.285739,4913.642869,1,1,1697034513
2023-10-05,0x61366a4e6b1db1b85dd701f2f4bfa275ef271197,1311,0xff2ce9d334df35ed9fcb155f33856b638ec5d3a5,0.0,0.0,9280.463344,0,1,1697031165
2023-10-05,0x61366a4e6b1db1b85dd701f2f4bfa275ef271197,1323,0xc74d294ec7ffd446e6fb6d18f2555e358af509fc,9031.284483,9031.284483,9031.284483,1,1,1697060395
2023-10-05,0x61366a4e6b1db1b85dd701f2f4bfa275ef271197,1413,0x53e213da8c28d85dc6663c3b5e35bb0ffbb05752,8074.872502,8074.872502,0.0,1,0,1697039621
2023-10-05,0x61366a4e6b1db1b85dd701f2f4bfa275ef271197,1461,0x2bcdca8c689b4aa460b66ffde1d6b1761d41d5df,0.0,0.0,2300.190686,0,1,1697012133
2023-10-05,0x61366a4e6b1db1b85dd701f2f4bfa275ef271197,1484,0x3f9d06d42cb2b04ada2d9a8cdfbf63c5206d7deb,0.0,0.0,3738.655503,0,1,1697042839
2023-10-05,0x61366a4e6b1db1b85dd701f2f4bfa275ef271197,1531,0xdab85506424396fb090d84b64ad63b770d87c028,7024.532237,7024.532237,0.0,1,0,1697034731
2023-10-05,0x61366a4e6b1db1b85dd701f2f4bfa275ef271197,1742,0xc41e4a366a74b8bd4d0f165d4be66b8bf2a57504,5517.393425,5517.393425,5517.393425,1,1,1697033313
2023-10-05,0x61366a4e6b1db1b85dd701f2f4bfa275ef271197,1825,0x2f04ed87b5ac8b703565469311341b0b44e315d7,4940.009172,4940.009172,4940.009172,1,1,1697027561
2023-10-05,0x61366a4e6b1db1b85dd701f2f4bfa275ef271197,1891,0x43b2f09af118e01da1ac5c9af1176792b0f41759,0.0,0.0,4625.382393,0,1,1697009953
2023-10-05,0x61366a4e6b1db1b85dd701f2f4bfa275ef271197,1900,0xda1a32adecb9b826b52570334be4759ad481b0fc,4581.726416,4581.726416,0.0,1,0,1697034651
2023-10-05,0x61366a4e6b1db1b85dd701f2f4bfa275ef271197,1928,0x70b1c13c592ee6fdb7ed2f06c70a409776a11ce6,4585.350792,4585.350792,0.0,1,0,1697029251
2023-10-05,0x61366a4e6b1db1b85dd701f2f4bfa275ef271197,2105,0x4ffd0a59a26cb2aa76d403215e4cc2845c053994,4002.938382,4002.938382,0.0,1,0,1697035977
2023-10-05,0x61366a4e6b1db1b85dd701f2f4bfa275ef271197,2124,0xf807c99e3b8f9a5cafcc32db1ffde555abcbd728,0.0,0.0,3944.74428,0,1,1697061721
2023-10-05,0x61366a4e6b1db1b85dd701f2f4bfa275ef271197,2156,0x72bdf017721111185f159bef28b701491096c7ce,0.0,0.0,3875.815793,0,1,1697060943
2023-10-05,0x61366a4e6b1db1b85dd701f2f4bfa275ef271197,2169,0x755fa1543e7fba12dd992e836d68fe043f141b0b,0.0,0.0,3846.203624,0,1,1697061239
2023-10-05,0x61366a4e6b1db1b85dd701f2f4bfa275ef271197,2299,0xc4f694f8da796b7b36d9f5ceeacae5722c2d1d6e,3658.782489,3658.782489,0.0,1,0,1697034219
2023-10-05,0x61366a4e6b1db1b85dd701f2f4bfa275ef271197,2313,0x3888132606615fc0759853b6ec1107e717d0ae52,886.05253,886.05253,886.05253,1,1,1697031395
2023-10-05,0x61366a4e6b1db1b85dd701f2f4bfa275ef271197,2364,0x13c31d43bb05ec526fc41440b17a06872882e172,3451.629652,3451.629652,0.0,1,0,1697034489
2023-10-05,0x61366a4e6b1db1b85dd701f2f4bfa275ef271197,2387,0x7f097b89aa45749d34d696cf9eac5d5df57ace47,0.0,0.0,3406.128107,0,1,1697016699
2023-10-05,0x61366a4e6b1db1b85dd701f2f4bfa275ef271197,2396,0x501c55d242422811440b6866c7d9a7e74a73bcd7,3281.651549,3281.651549,0.0,1,0,1697034219
2023-10-05,0x61366a4e6b1db1b85dd701f2f4bfa275ef271197,2489,0x8e33f8940d988647eab344af105a0e23157624f0,3244.22267,3244.22267,3244.22267,1,1,1697026411
2023-10-05,0x61366a4e6b1db1b85dd701f2f4bfa275ef271197,2522,0xc693b4ffb338579467a541b2bf267b1955870920,797.846854,797.846854,797.846854,1,1,1697064781
2023-10-05,0x61366a4e6b1db1b85dd701f2f4bfa275ef271197,2541,0xcb284f3bf78737c4fe5a9db1e3633130c10fa7b1,3168.199466,3168.199466,0.0,1,0,1697039625
2023-10-05,0x61366a4e6b1db1b85dd701f2f4bfa275ef271197,2627,0x714a8521db3eee3f5f7d4d2dc0a33d91f0aed3dc,3057.86367,3057.86367,0.0,1,0,1697029157
2023-10-05,0x61366a4e6b1db1b85dd701f2f4bfa275ef271197,2646,0xc9ed7c5ae4b31dece1b8e5f224023e9583d63863,3040.316385,3040.316385,0.0,1,0,1697029343
2023-10-05,0x61366a4e6b1db1b85dd701f2f4bfa275ef271197,2698,0x924af56089af7aeb6c211ee3781e24b7444cc216,736.704063,736.704063,0.0,1,0,1697020611
2023-10-05,0x61366a4e6b1db1b85dd701f2f4bfa275ef271197,2783,0xae5c50251017ad218700f875dce2f20ff783ce1f,0.0,0.0,2582.83268,0,1,1697034807
2023-10-05,0x61366a4e6b1db1b85dd701f2f4bfa275ef271197,2841,0xfffd05ae9db4d5f4e23e2f37395db2f87359bf5d,2328.640983,2328.640983,0.0,1,0,1697020777
2023-10-05,0x61366a4e6b1db1b85dd701f2f4bfa275ef271197,2856,0xf3b059c887172f2cc52b5e77ee3b2c8b3a32e6ef,1899.207118,5697.621355,6954.937417,2,2,1697052387
2023-10-05,0x61366a4e6b1db1b85dd701f2f4bfa275ef271197,2860,0xd935a63d629cac4cfc8f632a2f4aab3ca8d99e38,1127.879285,1127.879285,0.0,1,0,1697029099
2023-10-05,0x61366a4e6b1db1b85dd701f2f4bfa275ef271197,2930,0x737ac6eaa3b71ffea9fe166bd996f9122b7db5cb,1058.415742,1058.415742,0.0,1,0,1697039687
2023-10-05,0x61366a4e6b1db1b85dd701f2f4bfa275ef271197,3032,0x29964b7c46144d79457473661f99f725d4fdf0e3,473.166383,473.166383,0.0,1,0,1697026259
2023-10-05,0x61366a4e6b1db1b85dd701f2f4bfa275ef271197,3067,0x76bcd1cd3244a4dc59211ebadb0462a62cbc0849,1848.166079,1848.166079,0.0,1,0,1697034223
2023-10-05,0x61366a4e6b1db1b85dd701f2f4bfa275ef271197,3076,0x36790e52e53a14b7e23fe0adaee73ee291c1b3a3,1840.914225,1840.914225,0.0,1,0,1697034867
2023-10-05,0x61366a4e6b1db1b85dd701f2f4bfa275ef271197,3177,0x2236b805cc6aa7a9f692fd20d470f08919813d3f,0.0,0.0,855.751238,0,1,1697026599
2023-10-05,0x61366a4e6b1db1b85dd701f2f4bfa275ef271197,3342,0x887f9c24363b19a97bac67f8b35dfbe1d91bf16a,0.0,0.0,1521.25125,0,1,1696878441
2023-10-05,0x61366a4e6b1db1b85dd701f2f4bfa275ef271197,3344,0x947ebecd725e07bac225363f328de957aa5819b3,0.0,0.0,1519.622226,0,1,1697064049
2023-10-05,0x61366a4e6b1db1b85dd701f2f4bfa275ef271197,3582,0x1c7a8e5db7b506c8b2f306406f7946515a9e9617,0.0,0.0,1180.182444,0,1,1696494909
2023-10-05,0x61366a4e6b1db1b85dd701f2f4bfa275ef271197,3850,0xf81d02a2797afd51c71225b07076f87b29bca025,949.074914,949.074914,949.074914,1,1,1697025665
2023-10-05,0x61366a4e6b1db1b85dd701f2f4bfa275ef271197,3876,0x7d59226c6c2aa0b820d47c521dbd781ee8f6349b,0.0,0.0,463.2905,0,1,1697050373
2023-10-05,0x61366a4e6b1db1b85dd701f2f4bfa275ef271197,3898,0x05de7185d0a89c40ef6a4b684296debfd2e7bd0d,1391.051922,2782.103845,2297.873087,2,2,1697045415
2023-10-05,0x61366a4e6b1db1b85dd701f2f4bfa275ef271197,3963,0x8acf2f327e47fddd1124a55eb4efc1dfdacaa34c,438.105534,438.105534,0.0,1,0,1696543689
2023-10-05,0x61366a4e6b1db1b85dd701f2f4bfa275ef271197,4107,0xa8293dd8eb52564a35b8357a539146321b934153,739.93106,739.93106,0.0,1,0,1697020509
2023-10-05,0x61366a4e6b1db1b85dd701f2f4bfa275ef271197,4136,0xcaef34444835c13cb7e5507f3ae9888272472b83,725.24543,725.24543,0.0,1,0,1697027655
2023-10-05,0x61366a4e6b1db1b85dd701f2f4bfa275ef271197,4313,0x7bb9dccc97052ddef05141897fe8313fd4ad0418,615.267271,615.267271,0.0,1,0,1697020175
2023-10-05,0x61366a4e6b1db1b85dd701f2f4bfa275ef271197,4502,0x553222b267bc978aca3c28493aef72d924b264bd,1042.061157,1042.061157,1042.061157,1,1,1696738809
2023-10-05,0x61366a4e6b1db1b85dd701f2f4bfa275ef271197,4532,0x7e406d108c398e51b961b35f22053adbc3ad5b67,1212.856892,1212.856892,1212.856892,1,1,1696666977
2023-10-05,0x61366a4e6b1db1b85dd701f2f4bfa275ef271197,4757,0xcc484f6f1c8f52eaa598b7e1f79aaffbe1fe7589,0.0,0.0,106.235168,0,1,1696911115
2023-10-05,0x61366a4e6b1db1b85dd701f2f4bfa275ef271197,4763,0x0ba408a952d71a18bb4509e53604a73bb06cc169,432.870412,432.870412,432.870412,1,1,1697033263
2023-10-05,0x61366a4e6b1db1b85dd701f2f4bfa275ef271197,4829,0xabdb1f94bff885bd8933ac4f8aaacda4326491de,420.268201,420.268201,0.0,1,0,1697035065
2023-10-05,0x61366a4e6b1db1b85dd701f2f4bfa275ef271197,4889,0x18a428ce0c31584a21cf8cefdb8849d8013e1994,41.172861,41.172861,0.0,1,0,1696746345
2023-10-05,0x61366a4e6b1db1b85dd701f2f4bfa275ef271197,4935,0x31a6686af02e5f51fd647a9dadfc9c711efcaa22,407.33231,407.33231,407.33231,1,1,1697039405
2023-10-05,0x61366a4e6b1db1b85dd701f2f4bfa275ef271197,4975,0x4dd7fc3a3b6457d1e67e3b046b2b0d2dcf25257d,403.938344,403.938344,0.0,1,0,1697021083
2023-10-05,0x61366a4e6b1db1b85dd701f2f4bfa275ef271197,4978,0x31a6686af02e5f51fd647a9dadfc9c711efcaa22,0.0,0.0,403.80228,0,1,1697039247
2023-10-05,0x61366a4e6b1db1b85dd701f2f4bfa275ef271197,4999,0x31a6686af02e5f51fd647a9dadfc9c711efcaa22,401.331415,401.331415,401.331415,1,1,1697039395
2023-10-05,0x61366a4e6b1db1b85dd701f2f4bfa275ef271197,5001,0x31a6686af02e5f51fd647a9dadfc9c711efcaa22,400.984842,400.984842,400.984842,1,1,1697039359
2023-10-05,0x61366a4e6b1db1b85dd701f2f4bfa275ef271197,5005,0x31a6686af02e5f51fd647a9dadfc9c711efcaa22,400.638269,400.638269,400.638269,1,1,1697039279
2023-10-05,0x61366a4e6b1db1b85dd701f2f4bfa275ef271197,5006,0x31a6686af02e5f51fd647a9dadfc9c711efcaa22,0.0,0.0,400.638269,0,1,1697039307
2023-10-05,0x61366a4e6b1db1b85dd701f2f4bfa275ef271197,5008,0x31a6686af02e5f51fd647a9dadfc9c711efcaa22,400.638269,400.638269,400.638269,1,1,1697039339
2023-10-05,0x61366a4e6b1db1b85dd701f2f4bfa275ef271197,5009,0x31a6686af02e5f51fd647a9dadfc9c711efcaa22,0.0,0.0,400.638269,0,1,1697039269
2023-10-05,0x61366a4e6b1db1b85dd701f2f4bfa275ef271197,5144,0x0185c555216bbd14f138a92730682a8e9fbc9e00,0.0,0.0,390.202546,0,1,1697052239
2023-10-05,0x61366a4e6b1db1b85dd701f2f4bfa275ef271197,5183,0xab95808938a1c92c7dd48991d6526c344b4be017,0.0,0.0,1252.699348,0,1,1696848527
2023-10-05,0x61366a4e6b1db1b85dd701f2f4bfa275ef271197,5282,0x9b6d3f6fc8e477dd7bb6f177f1321cdbda13984f,0.0,0.0,382.27425,0,1,1696992653
2023-10-05,0x61366a4e6b1db1b85dd701f2f4bfa275ef271197,5569,0xb533c4da86afb2fa8fc5bf4ec2a854875c09c848,0.0,0.0,369.365721,0,1,1696999653
2023-10-05,0x61366a4e6b1db1b85dd701f2f4bfa275ef271197,5911,0x0022251ccfb51d0c77218dd1c1bac68df7ca8098,0.0,0.0,359.504433,0,1,1697059237
2023-10-05,0x61366a4e6b1db1b85dd701f2f4bfa275ef271197,6102,0x4ef2c738db963dbdc91bb18542da1cc44e8bc29c,354.242925,354.242925,0.0,1,0,1697024707
2023-10-05,0x61366a4e6b1db1b85dd701f2f4bfa275ef271197,6273,0x1ecf60715191af85daca2e0749bea05da6101dcf,10236.455405,10236.455405,0.0,1,0,1697056891
2023-10-05,0x61366a4e6b1db1b85dd701f2f4bfa275ef271197,6586,0x31b22fb973e179b33622455dcc702058f5d8c92f,0.012341,0.012341,0.0,1,0,1696757445
2023-10-05,0x61366a4e6b1db1b85dd701f2f4bfa275ef271197,7025,0xdab85506424396fb090d84b64ad63b770d87c028,1045.234764,1045.234764,1062.441404,1,1,1697034681
2023-10-05,0x61366a4e6b1db1b85dd701f2f4bfa275ef271197,7455,0xa43df556c9d48a0202c42496f236d4a04752d3ee,42.487349,42.487349,0.0,1,0,1697034301
2023-10-05,0x61366a4e6b1db1b85dd701f2f4bfa275ef271197,7651,0x98d925821767edcf7e773810e74244026b6e8a35,0.0,0.0,419.395604,0,1,1696958629
2023-10-05,0x61366a4e6b1db1b85dd701f2f4bfa275ef271197,8063,0xaec272e8867a89e5de4d3e7ec59f3544801f31b7,7.273396,7.273396,0.0,1,0,1697019521
2023-10-05,0x61366a4e6b1db1b85dd701f2f4bfa275ef271197,8125,0x0c250c0d0e4555d3ffca9a5d4ef124840994853b,0.0,0.0,35.409591,0,1,1697052113
2023-10-05,0x61366a4e6b1db1b85dd701f2f4bfa275ef271197,8343,0x6c6dc387b28edf1d2ccac7acc99f4238db1592ba,0.076495,0.076495,0.876107,1,1,1696857311
2023-10-05,0x61366a4e6b1db1b85dd701f2f4bfa275ef271197,8395,0x5181cdf1bb20da04ba788f82989f29e65b67314a,5996.95488,5996.95488,0.0,1,0,1697025889
2023-10-05,0x61366a4e6b1db1b85dd701f2f4bfa275ef271197,8516,0xa5a2a35fa9404f3603505984506206ccf208489f,5e-06,5e-06,0.0,1,0,1696503683
2023-10-05,0x61366a4e6b1db1b85dd701f2f4bfa275ef271197,8652,0x3d088b87c048e5fd4e3a6f9cc04490501b1dbae1,7.735532,7.735532,0.0,1,0,1697028481
2023-10-05,0x656d48d3f337c6b3cd2ed8471b135ff54b1f96ad,1149,0x93b82c49c2af67797977ae344c07884164e6a592,0.0,1295.009641,1889.467505,2,3,1697061817
2023-10-05,0x6689a0582bafcc286a81dc38d76e0470acd17275,1,0xbde0c70bdc242577c52dfad53389f82fd149ea5a,658385.343678,658385.343678,405202.891167,1,1,1697045005
2023-10-05,0x6689a0582bafcc286a81dc38d76e0470acd17275,2,0x51e171d2fde9b37bbbb624a53ef54959422388e4,470275.245484,470275.245484,289430.636548,1,1,1697050283
2023-10-05,0x6689a0582bafcc286a81dc38d76e0470acd17275,5,0x5b1892b546002ff3dd508500575bd6bf7a101431,172401.658095,172401.658095,106104.51405,1,1,1697045057
2023-10-05,0x6689a0582bafcc286a81dc38d76e0470acd17275,24,0x208a17c5fabe5b90282e5906945ff335e39326c4,0.0,0.0,1824.00699,0,1,1697051865
2023-10-05,0x6689a0582bafcc286a81dc38d76e0470acd17275,103,0x1c2ed7a6c4e3c1146103fa222181115a72243a06,0.0,0.0,54580.105988,0,1,1697064139
2023-10-05,0x6689a0582bafcc286a81dc38d76e0470acd17275,166,0x39d12116298f3b2b55e53e7b99c0bf47041761df,0.0,0.0,260282.422323,0,1,1696688545
2023-10-05,0x6689a0582bafcc286a81dc38d76e0470acd17275,285,0xe8788a8926dac3d25c591caa64d5296044c1446d,60218.634375,60218.634375,0.0,1,0,1696958451
2023-10-05,0x6689a0582bafcc286a81dc38d76e0470acd17275,304,0xbbb33d2e7bd7ddc722e53da9ca8ee97df41cfabf,15879.035429,15879.035429,21158.978174,1,1,1696925469
2023-10-05,0x6689a0582bafcc286a81dc38d76e0470acd17275,417,0xbe93d14c5defb8f41af8fb092f58e3c71c712b85,15216.530609,15216.530609,15211.651758,1,1,1696501421
2023-10-05,0x6689a0582bafcc286a81dc38d76e0470acd17275,501,0xdf19049d52b307bce8eeb325a2c9ccedc1939bec,0.0,0.0,43715.46725,0,1,1696471541
2023-10-05,0x6689a0582bafcc286a81dc38d76e0470acd17275,575,0x94587a95917188b338c822de2d1e77074131589f,0.0,0.0,9348.030858,0,1,1696611191
2023-10-05,0x6689a0582bafcc286a81dc38d76e0470acd17275,754,0x4d3869e2451d28bb4f03aeda60322eaf01e912db,6403.129582,6403.129582,0.0,1,0,1696861421
2023-10-05,0x6689a0582bafcc286a81dc38d76e0470acd17275,991,0x986fcc6b0d290308ad6f6a0e8471f74f53dec06a,0.0,0.0,15230.829186,0,1,1696663695
2023-10-05,0x6689a0582bafcc286a81dc38d76e0470acd17275,1011,0x52d033e64774f31a8b7562806aa5782cbbd29382,112577.095091,112577.095091,99812.704633,1,1,1697038561
2023-10-05,0x6689a0582bafcc286a81dc38d76e0470acd17275,1111,0x11ebee2bf244325b5559f0f583722d35659ddce8,12561.007351,12561.007351,0.0,1,0,1696956765
2023-10-05,0x6689a0582bafcc286a81dc38d76e0470acd17275,1174,0x91f3acf393de794e7291fbf36dfc408da617cff0,11598.272669,11598.272669,0.0,1,0,1696861173
2023-10-05,0x6689a0582bafcc286a81dc38d76e0470acd17275,1511,0x4f321ad6ddc21ebcf9ee7213d2b41895196b6a9b,2514.35771,2514.35771,0.0,1,0,1697016017
2023-10-05,0x6689a0582bafcc286a81dc38d76e0470acd17275,1624,0xc4f39ba15f5376732c594523408ea2e5149aa43d,0.0,0.0,6342.877321,0,1,1696504017
2023-10-05,0x6689a0582bafcc286a81dc38d76e0470acd17275,1784,0x186e20ae3530520c9f3e6c46f2f5d1062b784761,5294.835191,5294.835191,5293.137516,1,1,1696874273
2023-10-05,0x6689a0582bafcc286a81dc38d76e0470acd17275,2264,0x4232cc095d14c6a804a8235f3b48d9d66b732b0d,3613.099327,3613.099327,0.0,1,0,1696694143
2023-10-05,0x6689a0582bafcc286a81dc38d76e0470acd17275,2463,0x2f9035f14d9134bed45e2642ae148f673f5ecb7e,0.0,0.0,3362.262377,0,1,1696525179
2023-10-05,0x6689a0582bafcc286a81dc38d76e0470acd17275,2609,0xaef1889d58677805399c6f8326c11d159b09caf2,3079.873148,3079.873148,0.0,1,0,1696950263
2023-10-05,0x6689a0582bafcc286a81dc38d76e0470acd17275,2613,0x7ce487f43c2a11f85bd6f0bc9174c3b031d8a6e0,0.0,0.0,3071.550762,0,1,1696505007
2023-10-05,0x6689a0582bafcc286a81dc38d76e0470acd17275,2645,0x5b5435e35f588552ccbb1f9212f6941c4c44dd71,0.0,0.0,3042.540117,0,1,1696989029
2023-10-05,0x6689a0582bafcc286a81dc38d76e0470acd17275,2650,0x04795cdee2b677b46878896dae76be5cb174dac6,0.0,0.0,3214.64925,0,1,1696851269
2023-10-05,0x6689a0582bafcc286a81dc38d76e0470acd17275,2709,0xbf8641831d15c2701ba122981c3d7a6a2533ea48,0.0,0.0,2916.234402,0,1,1697006575
2023-10-05,0x6689a0582bafcc286a81dc38d76e0470acd17275,2961,0x3fc6121cb50b00a5fb8bd2a3c755f804d0e694d2,0.0,2209.720519,4340.994072,1,2,1696490077
2023-10-05,0x6689a0582bafcc286a81dc38d76e0470acd17275,3047,0xbee2d469aacb46251ae33cca91f482e26c971dff,468.158434,468.158434,0.0,1,0,1697007473
2023-10-05,0x6689a0582bafcc286a81dc38d76e0470acd17275,3065,0x2c23f12195077bee4ac4f7d598af30904a5fbf91,0.0,0.0,1850.876677,0,1,1696482391
2023-10-05,0x6689a0582bafcc286a81dc38d76e0470acd17275,3085,0x0c470f23b09847fc99e20b63aa9b0c3db13bacf7,0.0,0.0,1822.949601,0,1,1696536011
2023-10-05,0x6689a0582bafcc286a81dc38d76e0470acd17275,3342,0x887f9c24363b19a97bac67f8b35dfbe1d91bf16a,1521.25125,1521.25125,0.0,1,0,1696878441
2023-10-05,0x6689a0582bafcc286a81dc38d76e0470acd17275,4156,0x1db30c74a4d16cdfee29680ca4637ec12ac55ec7,0.0,0.0,1365.914789,0,1,1696487915
2023-10-05,0x6689a0582bafcc286a81dc38d76e0470acd17275,4631,0x81f967ad9533232946d5f9e492862bdd93b5d641,0.0,0.0,689.776955,0,1,1696534751
2023-10-05,0x6689a0582bafcc286a81dc38d76e0470acd17275,4757,0xcc484f6f1c8f52eaa598b7e1f79aaffbe1fe7589,105.290857,105.290857,106.235168,1,1,1696911115
2023-10-05,0x6689a0582bafcc286a81dc38d76e0470acd17275,4889,0x18a428ce0c31584a21cf8cefdb8849d8013e1994,82.345722,82.345722,0.0,1,0,1696746345
2023-10-05,0x6689a0582bafcc286a81dc38d76e0470acd17275,5583,0xa3bdbf5d5ff6059463421b5fcfc0aedcdb18b59b,0.0,0.0,369.117558,0,1,1697037473
2023-10-05,0x6689a0582bafcc286a81dc38d76e0470acd17275,5623,0x46f3cc6a1c00a5cd8864d2b92f128196cae07d15,0.0,0.0,184.2418,0,1,1696510871
2023-10-05,0x6689a0582bafcc286a81dc38d76e0470acd17275,5656,0xf83abc519e046c5391d219fabf1a3c87dd5924d3,367.055716,367.055716,0.0,1,0,1696902469
2023-10-05,0x6689a0582bafcc286a81dc38d76e0470acd17275,5660,0x856980373f9f8b8f6d7846533419b5be34500b2f,0.0,0.0,366.961473,0,1,1697036761
2023-10-05,0x6689a0582bafcc286a81dc38d76e0470acd17275,6001,0xe538eb2f128634a95a0ce48f9efb3b6b58d1b3eb,695.047935,695.047935,695.047935,1,1,1696527527
2023-10-05,0x6689a0582bafcc286a81dc38d76e0470acd17275,6026,0x3be77b03e7869e69a6959a7149e2dcd577f66304,401.510105,801.054395,399.544291,2,1,1696870189
2023-10-05,0x6689a0582bafcc286a81dc38d76e0470acd17275,6062,0x5b9550f5bc5e3b1d82297c7683a84003158465a9,344.855429,344.855429,0.0,1,0,1696909241
2023-10-05,0x6689a0582bafcc286a81dc38d76e0470acd17275,6169,0xe172bd02f842e98183cdbb8294bf23f625588d9e,0.0,0.0,352.63917,0,1,1696705355
2023-10-05,0x6689a0582bafcc286a81dc38d76e0470acd17275,6576,0x39d12116298f3b2b55e53e7b99c0bf47041761df,0.0,0.0,8689.392291,0,1,1696688577
2023-10-05,0x6689a0582bafcc286a81dc38d76e0470acd17275,6586,0x31b22fb973e179b33622455dcc702058f5d8c92f,0.0,0.0,0.04555,0,1,1696757445
2023-10-05,0x6689a0582bafcc286a81dc38d76e0470acd17275,6610,0x162073d3bd1d3bce47e85ee5b9904887d1ba6e77,0.0,0.0,155.981963,0,1,1696489075
2023-10-05,0x6689a0582bafcc286a81dc38d76e0470acd17275,7437,0xa920e0910ed51e167cf63577652c0f35ff73f7f3,15.585527,15.585527,0.0,1,0,1696940807
2023-10-05,0x6689a0582bafcc286a81dc38d76e0470acd17275,7956,0x92b200b674f7e7fbecd6d71d041d079c513d9965,0.0,0.0,18875.919736,0,1,1696469987
2023-10-05,0x6689a0582bafcc286a81dc38d76e0470acd17275,7966,0x5eaa8bdc315608e8cf873cfaba05e42826f68c4d,11572.870265,27003.363951,21860.987372,2,2,1697039407
2023-10-05,0x6689a0582bafcc286a81dc38d76e0470acd17275,8064,0x478f5fddc5ad95e8602908dc6b23522b5998a6d6,7.271174,7.271174,7.541528,1,1,1697019727
2023-10-05,0x6689a0582bafcc286a81dc38d76e0470acd17275,8065,0xcff8eb70b166bba2304518e5a09fa67e43c21216,7.265012,7.265012,7.535142,1,1,1697020043
2023-10-05,0x6689a0582bafcc286a81dc38d76e0470acd17275,8066,0x5c2bb04553c205587af500f53e37e28414dd100b,7.262835,7.262835,7.53285,1,1,1697020071
2023-10-05,0x6689a0582bafcc286a81dc38d76e0470acd17275,8068,0x4428b40e5a2824144fe3fb08571c95ed1e52fb9b,9.902735,9.902735,9.992191,1,1,1697020127
2023-10-05,0x6689a0582bafcc286a81dc38d76e0470acd17275,8069,0xf34b15ad6dafe19bc016d114a2c769619c953727,9.911084,9.911084,10.000303,1,1,1697020171
2023-10-05,0x6689a0582bafcc286a81dc38d76e0470acd17275,8070,0x0fce2030d9ca8b7987f82c5f0433edba6a70b5f3,9.891345,9.891345,9.99033,1,1,1697020195
2023-10-05,0x6689a0582bafcc286a81dc38d76e0470acd17275,8071,0xc552d0c6bb49671e0c8c1537338acd086e0f1108,9.890982,9.890982,9.990141,1,1,1697020215
2023-10-05,0x6689a0582bafcc286a81dc38d76e0470acd17275,8072,0x64e71b440cec3a7ea58e13c9a8bc79163de9b3e7,9.885253,9.885253,9.987242,1,1,1697020233
2023-10-05,0x6689a0582bafcc286a81dc38d76e0470acd17275,8073,0xde76c45ed9385c48346baaab0baf511ae939b2b8,9.885812,9.885812,9.987518,1,1,1697020249
2023-10-05,0x6689a0582bafcc286a81dc38d76e0470acd17275,8074,0x0b504389ffa6181893670ebab4e4584e74706e7e,9.88428,9.88428,9.98674,1,1,1697020267
2023-10-05,0x6689a0582bafcc286a81dc38d76e0470acd17275,8075,0xca32a60f29b9b7e22fb7713baf82618b8e0e72d9,9.883852,9.883852,9.986519,1,1,1697020285
2023-10-05,0x6689a0582bafcc286a81dc38d76e0470acd17275,8076,0xe45fe07fec55b40da85d4df75fe54f484c7fcdcc,9.890261,9.890261,9.989752,1,1,1697020305
2023-10-05,0x6689a0582bafcc286a81dc38d76e0470acd17275,8129,0x72195dda0361f43ce544b750f318d04b35836933,0.0,0.0,4.985568,0,1,1696696327
2023-10-05,0x6689a0582bafcc286a81dc38d76e0470acd17275,8428,0x92b200b674f7e7fbecd6d71d041d079c513d9965,38563.994259,38563.994259,0.0,1,0,1697038677
2023-10-05,0x6689a0582bafcc286a81dc38d76e0470acd17275,8516,0xa5a2a35fa9404f3603505984506206ccf208489f,5e-06,5e-06,0.0,1,0,1696503683
2023-10-05,0x6689a0582bafcc286a81dc38d76e0470acd17275,8625,0x2358e3a7bb9d933095d187e7cf68f2507bfc07f6,60.664525,60.664525,0.0,1,0,1696930897
2023-10-05,0x679d601aaa86cd555e8bfd48ddc8b4aade2a0f27,1,0xbde0c70bdc242577c52dfad53389f82fd149ea5a,2127091.110345,2127091.110345,0.0,1,0,1697045005
2023-10-05,0x679d601aaa86cd555e8bfd48ddc8b4aade2a0f27,2,0x51e171d2fde9b37bbbb624a53ef54959422388e4,1519350.793104,1519350.793104,0.0,1,0,1697050283
2023-10-05,0x679d601aaa86cd555e8bfd48ddc8b4aade2a0f27,5,0x5b1892b546002ff3dd508500575bd6bf7a101431,556989.972308,556989.972308,0.0,1,0,1697045057
2023-10-05,0x679d601aaa86cd555e8bfd48ddc8b4aade2a0f27,24,0x208a17c5fabe5b90282e5906945ff335e39326c4,9120.034951,9120.034951,10944.041941,1,1,1697051865
2023-10-05,0x679d601aaa86cd555e8bfd48ddc8b4aade2a0f27,43,0x2ddb405238368695f34d30a80ab60c449aa5ce48,0.0,0.0,60326.679558,0,1,1697062597
2023-10-05,0x679d601aaa86cd555e8bfd48ddc8b4aade2a0f27,51,0x0f228805c03a693aa964a791e0b2e2c6e6c6513f,284420.774446,284420.774446,0.0,1,0,1697062913
2023-10-05,0x679d601aaa86cd555e8bfd48ddc8b4aade2a0f27,52,0x3fd5dbf9f74d69b71774d729dd84bd8b3db7e815,269171.069643,269171.069643,269084.765761,1,1,1697053755
2023-10-05,0x679d601aaa86cd555e8bfd48ddc8b4aade2a0f27,54,0xf265702178a66b4b7ce079fc8a1629e47cf1bcde,445541.209707,445541.209707,668097.534829,1,1,1697055531
2023-10-05,0x679d601aaa86cd555e8bfd48ddc8b4aade2a0f27,56,0x48a5a6a01ba89cddf97d2d552923d5a11401ed19,0.0,0.0,486019.914302,0,1,1697064681
2023-10-05,0x679d601aaa86cd555e8bfd48ddc8b4aade2a0f27,58,0x61d4ac515b82d1ec2f021e63b17519683ac1cabd,0.0,0.0,1604513.484361,0,1,1697057657
2023-10-05,0x679d601aaa86cd555e8bfd48ddc8b4aade2a0f27,67,0x8ce17ff2c7376e9adfe9c63c47a801097fa6c525,108039.125987,108039.125987,0.0,1,0,1697052473
2023-10-05,0x679d601aaa86cd555e8bfd48ddc8b4aade2a0f27,68,0x132e47cf2c19ec2d8dd56e1528fc7e18dc09188f,77556.197479,77556.197479,106744.361853,1,1,1697053575
2023-10-05,0x679d601aaa86cd555e8bfd48ddc8b4aade2a0f27,70,0xdaf8667875d27ebd1bf70c72f135492260e3037b,628007.575987,628007.575987,0.0,1,0,1697063301
2023-10-05,0x679d601aaa86cd555e8bfd48ddc8b4aade2a0f27,73,0x1ba6b82641c77ab1fc7bc734c5c3628199a8967d,0.0,0.0,239122.874072,0,1,1697059333
2023-10-05,0x679d601aaa86cd555e8bfd48ddc8b4aade2a0f27,77,0xeb6772188cf10aa563a1cd163f48355d1a949797,247895.198989,247895.198989,123871.08922,1,1,1697064347
2023-10-05,0x679d601aaa86cd555e8bfd48ddc8b4aade2a0f27,83,0x6b879c078ea4cc27bbdb486fcaa4fa27e6cbe97a,396213.262951,396213.262951,791937.45284,1,1,1697057671
2023-10-05,0x679d601aaa86cd555e8bfd48ddc8b4aade2a0f27,101,0xaf03267d12153bef68dc4d6f7426857c5462544a,273258.834471,273258.834471,0.0,1,0,1697064373
2023-10-05,0x679d601aaa86cd555e8bfd48ddc8b4aade2a0f27,105,0x208a17c5fabe5b90282e5906945ff335e39326c4,25834.001774,25834.001774,0.0,1,0,1697051893
2023-10-05,0x679d601aaa86cd555e8bfd48ddc8b4aade2a0f27,106,0x615e5022252b31af496574f00d5519c5d93261ab,127325.947908,127325.947908,0.0,1,0,1696990601
2023-10-05,0x679d601aaa86cd555e8bfd48ddc8b4aade2a0f27,124,0x5d6f3d0c92d0564151357b0863e55e9ed4631b8d,43144.83081,43144.83081,43144.83081,1,1,1697062569
2023-10-05,0x679d601aaa86cd555e8bfd48ddc8b4aade2a0f27,136,0x12c58f57177b8d5832f60cfa690770c19ac9da19,200248.59951,200248.59951,194967.077961,1,1,1697063487
2023-10-05,0x679d601aaa86cd555e8bfd48ddc8b4aade2a0f27,137,0xa4b6eeeb7eba0fc360a7402f2ebe90c178115e91,498481.659487,498481.659487,477707.299723,1,1,1697058577
2023-10-05,0x679d601aaa86cd555e8bfd48ddc8b4aade2a0f27,138,0x53e0b897eae600b2f6855fce4a42482e9229d2c2,0.0,0.0,90548.72051,0,1,1697034215
2023-10-05,0x679d601aaa86cd555e8bfd48ddc8b4aade2a0f27,151,0x5275817b74021e97c980e95ede6bbac0d0d6f3a2,77590.31662,77590.31662,76957.439024,1,1,1697039977
2023-10-05,0x679d601aaa86cd555e8bfd48ddc8b4aade2a0f27,160,0xb0eb6f452ecea6a76fda435b4629cf6a11b24a2a,28308.850314,28308.850314,141498.868468,1,1,1697046757
2023-10-05,0x679d601aaa86cd555e8bfd48ddc8b4aade2a0f27,165,0x54ecb3397b0bf31cb0b81eb2444e2a7b32507d8b,0.0,0.0,15799.843946,0,1,1697063619
2023-10-05,0x679d601aaa86cd555e8bfd48ddc8b4aade2a0f27,167,0x5d29b68aafb22c491977eacf7dfb1661d2832555,257242.590684,257242.590684,0.0,1,0,1697064823
2023-10-05,0x679d601aaa86cd555e8bfd48ddc8b4aade2a0f27,181,0xa46d9574912af2494d3f26257608243de7fe8285,112818.745035,112818.745035,225565.144289,1,1,1697034115
2023-10-05,0x679d601aaa86cd555e8bfd48ddc8b4aade2a0f27,191,0x21c8dc59f2e9a11c4c1a0c310641968132c6b1be,0.0,212568.378881,422507.25092,1,2,1697032285
2023-10-05,0x679d601aaa86cd555e8bfd48ddc8b4aade2a0f27,193,0xf1578f87c0343051c07156533ea263320212bc9d,0.0,0.0,206884.815618,0,1,1697051411
2023-10-05,0x679d601aaa86cd555e8bfd48ddc8b4aade2a0f27,223,0xb6a4035370947825d94ca4ac5d30d828ad50265c,164952.985035,164952.985035,0.0,1,0,1697059327
2023-10-05,0x679d601aaa86cd555e8bfd48ddc8b4aade2a0f27,238,0xb6f28ae8f31d85dc27361852b986286113bc588d,0.0,0.0,39899.583388,0,1,1697062351
2023-10-05,0x679d601aaa86cd555e8bfd48ddc8b4aade2a0f27,251,0x73cefbf6e7766721d99192449e481567010082e2,150596.461685,150596.461685,149007.215172,1,1,1697059101
2023-10-05,0x679d601aaa86cd555e8bfd48ddc8b4aade2a0f27,254,0xa311ab5780aa036b71aac2b71163fd03ec0df59e,34441.977728,34441.977728,0.0,1,0,1697051595
2023-10-05,0x679d601aaa86cd555e8bfd48ddc8b4aade2a0f27,265,0xb48c2698dc9a6b0cb80e2829bd27c105bd7f1c80,136335.71251,136335.71251,136335.71251,1,1,1697064231
2023-10-05,0x679d601aaa86cd555e8bfd48ddc8b4aade2a0f27,274,0xc12faf701d05af1cfabdefc770c3b3c7b59eae10,122104.470518,122104.470518,122104.470518,1,1,1697059573
2023-10-05,0x679d601aaa86cd555e8bfd48ddc8b4aade2a0f27,275,0xa810ffea2709c116ef180d090c142fc5e08586a7,30475.291663,30475.291663,18285.174998,1,1,1697054155
2023-10-05,0x679d601aaa86cd555e8bfd48ddc8b4aade2a0f27,282,0xd96d96a973d920015e130701714f10804156aea7,118556.039254,118556.039254,0.0,1,0,1697064987
2023-10-05,0x679d601aaa86cd555e8bfd48ddc8b4aade2a0f27,298,0x19869a4e9c80e277d0580d481d396d09e05b7169,0.0,0.0,109398.810447,0,1,1697051665
2023-10-05,0x679d601aaa86cd555e8bfd48ddc8b4aade2a0f27,301,0xa3ff2d14b8289d00c22c7917cc85812a7fb4ca77,26683.678976,26683.678976,0.0,1,0,1697058279
2023-10-05,0x679d601aaa86cd555e8bfd48ddc8b4aade2a0f27,302,0x188c30e9a6527f5f0c3f7fe59b72ac7253c62f28,106650.92876,106650.92876,0.0,1,0,1697060037
2023-10-05,0x679d601aaa86cd555e8bfd48ddc8b4aade2a0f27,313,0x2f9677016cb1e92e8f8a999c4541650c80c8637a,0.0,0.0,100613.381182,0,1,1697052233
2023-10-05,0x679d601aaa86cd555e8bfd48ddc8b4aade2a0f27,331,0x5181cdf1bb20da04ba788f82989f29e65b67314a,50908.191481,50908.191481,203632.765924,1,1,1697025821
2023-10-05,0x679d601aaa86cd555e8bfd48ddc8b4aade2a0f27,343,0xb1d47d39c3bb868e5e4be068b7057d4caad0b31c,43315.991043,43315.991043,0.0,1,0,1697059157
2023-10-05,0x679d601aaa86cd555e8bfd48ddc8b4aade2a0f27,390,0x873d59965b2c97ecd536be8438153db432597b9d,26890.27756,26890.27756,0.0,1,0,1697063595
2023-10-05,0x679d601aaa86cd555e8bfd48ddc8b4aade2a0f27,398,0x48c7e0db3dad3fe4eb0513b86fe5c38ebb4e0f91,0.0,0.0,39318.563713,0,1,1697027447
2023-10-05,0x679d601aaa86cd555e8bfd48ddc8b4aade2a0f27,447,0xa1958a37c21372482deff4618baebbec23c9a449,0.0,0.0,53024.106256,0,1,1697060389
2023-10-05,0x679d601aaa86cd555e8bfd48ddc8b4aade2a0f27,460,0x66fbb1cd0a879388005ea9e17c2d951c11334a9c,25127.357122,25127.357122,0.0,1,0,1697001777
2023-10-05,0x679d601aaa86cd555e8bfd48ddc8b4aade2a0f27,509,0x34223719d75cbc336b77ccd8af6b9342bd6af1cb,8577.050769,8577.050769,8569.623501,1,1,1697044323
2023-10-05,0x679d601aaa86cd555e8bfd48ddc8b4aade2a0f27,519,0xa23bde7b73b4acc73918e2362e6a646761955c7c,13147.476866,13147.476866,13143.261412,1,1,1697062925
2023-10-05,0x679d601aaa86cd555e8bfd48ddc8b4aade2a0f27,528,0x766c64d809056fbb492fdb410a6b4857c015619a,10275.49689,10275.49689,10272.202274,1,1,1697063991
2023-10-05,0x679d601aaa86cd555e8bfd48ddc8b4aade2a0f27,552,0x88eb2863997cbae2169d9022704acf21e423b377,40019.305103,40019.305103,0.0,1,0,1697064183
2023-10-05,0x679d601aaa86cd555e8bfd48ddc8b4aade2a0f27,589,0x5d4d3fae4d0282fd8a558b5f42ba700974cbfd1a,236684.296211,236684.296211,236512.150716,1,1,1697063549
2023-10-05,0x679d601aaa86cd555e8bfd48ddc8b4aade2a0f27,597,0x1ce0c2b445c8e87ea4c40b6e721d9a39b09f6459,3606.240568,3606.240568,3606.240568,1,1,1697058027
2023-10-05,0x679d601aaa86cd555e8bfd48ddc8b4aade2a0f27,655,0x3590f55eecc2eb731e6888acf5e5c87f22be85be,31255.943346,31255.943346,0.0,1,0,1697062699
2023-10-05,0x679d601aaa86cd555e8bfd48ddc8b4aade2a0f27,675,0x1f452ea54d4d934afadc300c61ca0a3b1bbde958,30092.09704,30092.09704,0.0,1,0,1697064149
2023-10-05,0x679d601aaa86cd555e8bfd48ddc8b4aade2a0f27,715,0x13108ab5c6eb7efdcd7ba6f8cc55d265eae6176f,26635.051079,26635.051079,26635.051079,1,1,1697041283
2023-10-05,0x679d601aaa86cd555e8bfd48ddc8b4aade2a0f27,762,0xea840ad93de7e1c484ed4bafd387bb4641aba570,29380.516086,29380.516086,0.0,1,0,1697058209
2023-10-05,0x679d601aaa86cd555e8bfd48ddc8b4aade2a0f27,787,0x1c494f1919c1512ebe74a5dcc17dac9a64069023,6717.074174,6717.074174,8956.098899,1,1,1697063441
2023-10-05,0x679d601aaa86cd555e8bfd48ddc8b4aade2a0f27,801,0x2c9c3050b242df683c5db26a0c5874c938e06b8f,21825.968506,21825.968506,0.0,1,0,1697063329
2023-10-05,0x679d601aaa86cd555e8bfd48ddc8b4aade2a0f27,844,0x0849f5477813c0acb47aaceb5fb64da0ea5256a5,20148.180068,20148.180068,0.0,1,0,1697047603
2023-10-05,0x679d601aaa86cd555e8bfd48ddc8b4aade2a0f27,885,0xb39d022edf05c31e1981f4f4d8137dda9c57cfae,0.0,0.0,18985.304862,0,1,1697043287
2023-10-05,0x679d601aaa86cd555e8bfd48ddc8b4aade2a0f27,895,0x03452486f10344aeb8bc1ab7457e5a9be613bd56,0.0,0.0,8849.738846,0,1,1697052013
2023-10-05,0x679d601aaa86cd555e8bfd48ddc8b4aade2a0f27,919,0x9ae07f4f2a9498ea935f6871725cf596820e7e7f,8559.792346,8559.792346,0.0,1,0,1697059895
2023-10-05,0x679d601aaa86cd555e8bfd48ddc8b4aade2a0f27,937,0x4e8f911b2da10563da1357ed0eda1670902c6390,0.0,0.0,16568.171258,0,1,1697055941
2023-10-05,0x679d601aaa86cd555e8bfd48ddc8b4aade2a0f27,955,0x9cb016669c235ccebcd2fbbffa2d8d3a2247b02c,8097.492445,8097.492445,0.0,1,0,1697053199
2023-10-05,0x679d601aaa86cd555e8bfd48ddc8b4aade2a0f27,963,0x48c84fb52dd6fd66cf4c150224b1d41b5f0729c4,0.0,0.0,15950.092364,0,1,1697060485
2023-10-05,0x679d601aaa86cd555e8bfd48ddc8b4aade2a0f27,980,0xa971182ceecaac649eb6e8d4800ed8ddf0312106,24865.048807,24865.048807,18486.790298,1,1,1697057157
2023-10-05,0x679d601aaa86cd555e8bfd48ddc8b4aade2a0f27,999,0x1c494f1919c1512ebe74a5dcc17dac9a64069023,4505.069689,4505.069689,6006.759586,1,1,1697063475
2023-10-05,0x679d601aaa86cd555e8bfd48ddc8b4aade2a0f27,1053,0x3216a8a03b07b6b19cbc21d62c8942e625fc3e07,2145.699061,2145.699061,2860.014786,1,1,1697048185
2023-10-05,0x679d601aaa86cd555e8bfd48ddc8b4aade2a0f27,1085,0x2e1bfb63fb937b0d8b5d48983c640677c5cd7eac,13016.631388,13016.631388,0.0,1,0,1697061459
2023-10-05,0x679d601aaa86cd555e8bfd48ddc8b4aade2a0f27,1101,0x1c494f1919c1512ebe74a5dcc17dac9a64069023,3834.257645,3834.257645,5112.343527,1,1,1697063399
2023-10-05,0x679d601aaa86cd555e8bfd48ddc8b4aade2a0f27,1141,0x3a39899dc78b7307acd83f51463c853fa79e1b09,0.0,12386.511836,24605.150931,1,2,1697039029
2023-10-05,0x679d601aaa86cd555e8bfd48ddc8b4aade2a0f27,1153,0xe3053cde2124eaa6103ddde8e5c6bd36c66f716e,0.0,0.0,11852.053339,0,1,1697057703
2023-10-05,0x679d601aaa86cd555e8bfd48ddc8b4aade2a0f27,1199,0x54d6e8f883d1858b4080d10ae2a1c6f0afb5feb3,11050.219483,11050.219483,0.0,1,0,1697057517
2023-10-05,0x679d601aaa86cd555e8bfd48ddc8b4aade2a0f27,1214,0xf5ccd855b7d196c3f3d54ae65e90531f1849bbe2,0.0,0.0,10696.967624,0,1,1697054105
2023-10-05,0x679d601aaa86cd555e8bfd48ddc8b4aade2a0f27,1278,0x8a2e722c2f167283e38ffee0ee5f1a035596915f,9951.9209,9951.9209,9951.9209,1,1,1697060067
2023-10-05,0x679d601aaa86cd555e8bfd48ddc8b4aade2a0f27,1297,0x1c494f1919c1512ebe74a5dcc17dac9a64069023,2830.258524,2830.258524,3773.678032,1,1,1697063493
2023-10-05,0x679d601aaa86cd555e8bfd48ddc8b4aade2a0f27,1299,0x1c494f1919c1512ebe74a5dcc17dac9a64069023,2829.067591,2829.067591,3772.090121,1,1,1697063455
2023-10-05,0x679d601aaa86cd555e8bfd48ddc8b4aade2a0f27,1411,0x1c494f1919c1512ebe74a5dcc17dac9a64069023,0.0,0.0,3240.19978,0,1,1696474829
2023-10-05,0x679d601aaa86cd555e8bfd48ddc8b4aade2a0f27,1418,0x835e7e74ddc84befa0a4663d3d6ab1493a2c71b8,8045.095876,8045.095876,0.0,1,0,1696960747
2023-10-05,0x679d601aaa86cd555e8bfd48ddc8b4aade2a0f27,1422,0x6aaefbe8564aa2719139bb7a4335f94a380c6476,8896.061314,8896.061314,8706.968717,1,1,1697058241
2023-10-05,0x679d601aaa86cd555e8bfd48ddc8b4aade2a0f27,1453,0x2c691744f52c7347413747e602bae72f6cdb6df3,0.0,0.0,7718.794127,0,1,1697049547
2023-10-05,0x679d601aaa86cd555e8bfd48ddc8b4aade2a0f27,1468,0x1c494f1919c1512ebe74a5dcc17dac9a64069023,3922.333886,3922.333886,5229.778515,1,1,1697063505
2023-10-05,0x679d601aaa86cd555e8bfd48ddc8b4aade2a0f27,1482,0x1c494f1919c1512ebe74a5dcc17dac9a64069023,2674.139845,2674.139845,3114.74918,1,1,1697063427
2023-10-05,0x679d601aaa86cd555e8bfd48ddc8b4aade2a0f27,1511,0x4f321ad6ddc21ebcf9ee7213d2b41895196b6a9b,1795.558574,1795.558574,0.0,1,0,1697016017
2023-10-05,0x679d601aaa86cd555e8bfd48ddc8b4aade2a0f27,1556,0xdcac0ee047da0ab449f6beb08c8f79c00eabc67d,0.0,0.0,7034.569467,0,1,1697048879
2023-10-05,0x679d601aaa86cd555e8bfd48ddc8b4aade2a0f27,1633,0x2071cd4a6e21cf2743af3dcbb63f755a375913e5,0.0,0.0,6300.795924,0,1,1697053079
2023-10-05,0x679d601aaa86cd555e8bfd48ddc8b4aade2a0f27,1737,0x66819a1ad0bd3e0d2d0c8302f38c1f200f215e4f,5596.532527,5596.532527,0.0,1,0,1697057725
2023-10-05,0x679d601aaa86cd555e8bfd48ddc8b4aade2a0f27,1805,0xae864413489b508175997e0ed00bd9c01484c846,0.0,0.0,5053.294652,0,1,1697051013
2023-10-05,0x679d601aaa86cd555e8bfd48ddc8b4aade2a0f27,1878,0x952815ea349a0c10db5d854a16a27d768e85053e,4743.156541,4743.156541,0.0,1,0,1697059623
2023-10-05,0x679d601aaa86cd555e8bfd48ddc8b4aade2a0f27,1937,0x9f05a7a5d012321d06a501a671ce3ae85bcd551f,4444.83737,4444.83737,0.0,1,0,1697048543
2023-10-05,0x679d601aaa86cd555e8bfd48ddc8b4aade2a0f27,2009,0x33ec34b1b4bfcdc9b5e37ba4ab02f6e993a457ae,4367.977415,4367.977415,0.0,1,0,1697058645
2023-10-05,0x679d601aaa86cd555e8bfd48ddc8b4aade2a0f27,2036,0xde107b82e3e47ed281d276644b8115548c085c24,0.0,1043.929461,2084.464632,1,2,1696660433
2023-10-05,0x679d601aaa86cd555e8bfd48ddc8b4aade2a0f27,2042,0x8ccfbc13159c5916dbbf5815d899411aeb1876ef,0.0,0.0,4142.698863,0,1,1697056331
2023-10-05,0x679d601aaa86cd555e8bfd48ddc8b4aade2a0f27,2106,0x64931189b070fc7c8c80839c8a2d9a10b83082ab,3998.980805,3998.980805,0.0,1,0,1697058101
2023-10-05,0x679d601aaa86cd555e8bfd48ddc8b4aade2a0f27,2154,0xbed9c70eff039b2dbd8bafda08c53bfd986d0c1f,0.0,0.0,3882.241401,0,1,1697054461
2023-10-05,0x679d601aaa86cd555e8bfd48ddc8b4aade2a0f27,2210,0x9f05a7a5d012321d06a501a671ce3ae85bcd551f,3760.550257,3760.550257,0.0,1,0,1697048561
2023-10-05,0x679d601aaa86cd555e8bfd48ddc8b4aade2a0f27,2255,0xd8992543ef65dc04ba8e71be895435bee3ab796f,0.0,0.0,3677.646742,0,1,1697049073
2023-10-05,0x679d601aaa86cd555e8bfd48ddc8b4aade2a0f27,2266,0xb00f8b601558243c9abcddabd54ea17f70471b8e,1001.409052,1001.409052,0.0,1,0,1697036875
2023-10-05,0x679d601aaa86cd555e8bfd48ddc8b4aade2a0f27,2342,0x194707c58d18dda44ce8f88c45a85f65b618fafc,6899.703243,6899.703243,0.0,1,0,1697062727
2023-10-05,0x679d601aaa86cd555e8bfd48ddc8b4aade2a0f27,2474,0x47c465e7beac169081371969c0fcf62d10c84ef7,0.0,0.0,1636.324381,0,1,1697032233
2023-10-05,0x679d601aaa86cd555e8bfd48ddc8b4aade2a0f27,2525,0x8170f9304373dc5eb1cb91cd1edf878769c69b3c,3191.686605,3191.686605,3188.294888,1,1,1697035863
2023-10-05,0x679d601aaa86cd555e8bfd48ddc8b4aade2a0f27,2530,0x9b7f72dd8fb89b3dd5ac8ecf70193d75ceba9be0,0.0,0.0,3180.964063,0,1,1696999423
2023-10-05,0x679d601aaa86cd555e8bfd48ddc8b4aade2a0f27,2609,0xaef1889d58677805399c6f8326c11d159b09caf2,0.0,0.0,1539.442826,0,1,1696950263
2023-10-05,0x679d601aaa86cd555e8bfd48ddc8b4aade2a0f27,2763,0x30818b058547c8c4ade180bf08bb01aa2fed1dfd,2666.852929,2666.852929,2666.852929,1,1,1697042759
2023-10-05,0x679d601aaa86cd555e8bfd48ddc8b4aade2a0f27,2771,0xbd7041c03b68467a55596f375c3e4bb716406a23,0.0,0.0,1274.175873,0,1,1697052179
2023-10-05,0x679d601aaa86cd555e8bfd48ddc8b4aade2a0f27,2789,0x4372a6bb30df110d60bccae53ed6695468e9fccc,0.0,0.0,2561.727816,0,1,1697052331
2023-10-05,0x679d601aaa86cd555e8bfd48ddc8b4aade2a0f27,2810,0xd59586b52f6f8c90c04c2b9718be7b2ac7d6cc61,0.0,0.0,2486.364831,0,1,1697013187
2023-10-05,0x679d601aaa86cd555e8bfd48ddc8b4aade2a0f27,2887,0x4ce268f49ef0726d602a8b0f22fcc543aa23bb51,0.0,0.0,2202.321446,0,1,1697065049
2023-10-05,0x679d601aaa86cd555e8bfd48ddc8b4aade2a0f27,2971,0x9a717799733552a3a49667dee2b6341bc4d8a38d,0.0,0.0,2058.12839,0,1,1697044379
2023-10-05,0x679d601aaa86cd555e8bfd48ddc8b4aade2a0f27,3030,0x133acc82d6eaaec2a12e7547835219860551c570,2061.327975,2061.327975,0.0,1,0,1697063727
2023-10-05,0x679d601aaa86cd555e8bfd48ddc8b4aade2a0f27,3040,0x8b05f073dc61b5f89f2b0ab09fe1c6f987a016a2,1827.05562,1827.05562,0.0,1,0,1697059227
2023-10-05,0x679d601aaa86cd555e8bfd48ddc8b4aade2a0f27,3067,0x76bcd1cd3244a4dc59211ebadb0462a62cbc0849,0.0,0.0,1848.166079,0,1,1697034223
2023-10-05,0x679d601aaa86cd555e8bfd48ddc8b4aade2a0f27,3091,0xa6473cce13f11614745e6bf9cad704646616a9b8,0.0,0.0,1817.689682,0,1,1697048993
2023-10-05,0x679d601aaa86cd555e8bfd48ddc8b4aade2a0f27,3323,0xddf0c0dadfd7b17c9e22f332590fef9aab3fcaba,1544.99857,1544.99857,0.0,1,0,1697061661
2023-10-05,0x679d601aaa86cd555e8bfd48ddc8b4aade2a0f27,3575,0x1f367e135c820b3ed88c16edb30ef2d508ad1191,0.0,0.0,1191.776874,0,1,1697039407
2023-10-05,0x679d601aaa86cd555e8bfd48ddc8b4aade2a0f27,3726,0xa731c24fc9ca345f43d8614248f9adcd5ed4e281,0.0,0.0,1068.398452,0,1,1697056405
2023-10-05,0x679d601aaa86cd555e8bfd48ddc8b4aade2a0f27,4211,0x6c6418d85470512d0b79ad5b7fdcc6ddeffe1835,478.771075,478.771075,0.0,1,0,1697025857
2023-10-05,0x679d601aaa86cd555e8bfd48ddc8b4aade2a0f27,4268,0x9a293d82710058d930376ee0af037da5d3421ec6,353.377683,353.377683,441.187963,1,1,1697037419
2023-10-05,0x679d601aaa86cd555e8bfd48ddc8b4aade2a0f27,4512,0xda844e1ec97b0bab57f6d33f59b225ba57f0f0c9,0.0,0.0,258.537504,0,1,1697059829
2023-10-05,0x679d601aaa86cd555e8bfd48ddc8b4aade2a0f27,4644,0x54bf5834b8ac11a33f98dd3283e496d89768f490,0.0,0.0,591.844287,0,1,1697063379
2023-10-05,0x679d601aaa86cd555e8bfd48ddc8b4aade2a0f27,4757,0xcc484f6f1c8f52eaa598b7e1f79aaffbe1fe7589,0.0,0.0,106.235168,0,1,1696911115
2023-10-05,0x679d601aaa86cd555e8bfd48ddc8b4aade2a0f27,4946,0xb6c8cabc2150083261d541a3011a658a36ca55b9,0.0,0.0,406.641037,0,1,1697063259
2023-10-05,0x679d601aaa86cd555e8bfd48ddc8b4aade2a0f27,4978,0x31a6686af02e5f51fd647a9dadfc9c711efcaa22,403.80228,403.80228,0.0,1,0,1697039247
2023-10-05,0x679d601aaa86cd555e8bfd48ddc8b4aade2a0f27,5004,0x31a6686af02e5f51fd647a9dadfc9c711efcaa22,400.638269,400.638269,0.0,1,0,1697039329
2023-10-05,0x679d601aaa86cd555e8bfd48ddc8b4aade2a0f27,5006,0x31a6686af02e5f51fd647a9dadfc9c711efcaa22,400.638269,400.638269,0.0,1,0,1697039307
2023-10-05,0x679d601aaa86cd555e8bfd48ddc8b4aade2a0f27,5009,0x31a6686af02e5f51fd647a9dadfc9c711efcaa22,400.638269,400.638269,0.0,1,0,1697039269
2023-10-05,0x679d601aaa86cd555e8bfd48ddc8b4aade2a0f27,5208,0xec00a0266bf9e8eed0aeea4e60022a581c01ecfc,386.043195,386.043195,386.043195,1,1,1697059679
2023-10-05,0x679d601aaa86cd555e8bfd48ddc8b4aade2a0f27,5274,0xd7c5f8972c7f309c98f4d6d3e42c30fd6420200b,3251.655895,3251.655895,3251.655895,1,1,1697059191
2023-10-05,0x679d601aaa86cd555e8bfd48ddc8b4aade2a0f27,5321,0xc42ca8f6c802b78dc9db92c48fa92c78340ab3d7,380.140458,380.140458,0.0,1,0,1697064549
2023-10-05,0x679d601aaa86cd555e8bfd48ddc8b4aade2a0f27,5623,0x46f3cc6a1c00a5cd8864d2b92f128196cae07d15,0.0,0.0,184.2418,0,1,1696510871
2023-10-05,0x679d601aaa86cd555e8bfd48ddc8b4aade2a0f27,5632,0xdc19cded2b4f3472b37b43c001d048754fe74b03,0.0,0.0,368.02971,0,1,1697050913
2023-10-05,0x679d601aaa86cd555e8bfd48ddc8b4aade2a0f27,5699,0xc363a0264ad1dcf03f40fbae07366071977c19f1,0.0,0.0,365.945824,0,1,1697057781
2023-10-05,0x679d601aaa86cd555e8bfd48ddc8b4aade2a0f27,6144,0x1c494f1919c1512ebe74a5dcc17dac9a64069023,4954.506326,4954.506326,3363.690581,1,1,1697063413
2023-10-05,0x679d601aaa86cd555e8bfd48ddc8b4aade2a0f27,6330,0xb4765bee75a0fa0a2f66bf68ce1796c55854c154,349.827008,349.827008,349.827008,1,1,1697047831
2023-10-05,0x679d601aaa86cd555e8bfd48ddc8b4aade2a0f27,7056,0xe3abfa7745b463bde635ffd59456f4792b556e0e,0.0,0.0,1685.978022,0,1,1697064823
2023-10-05,0x679d601aaa86cd555e8bfd48ddc8b4aade2a0f27,8063,0xaec272e8867a89e5de4d3e7ec59f3544801f31b7,7.273396,7.273396,0.0,1,0,1697019521
2023-10-05,0x679d601aaa86cd555e8bfd48ddc8b4aade2a0f27,8135,0xed8e924735f590572361b52657abd9a3260f35a0,544.566335,875.562265,383.115754,2,2,1697016605
2023-10-05,0x679d601aaa86cd555e8bfd48ddc8b4aade2a0f27,8280,0x4ae6f3ec7b50e7b01a5b2b3a0b2688a65bb350a5,13.895792,13.895792,0.0,1,0,1697057343
2023-10-05,0x679d601aaa86cd555e8bfd48ddc8b4aade2a0f27,8330,0xc42ca12276f6ed7a384abe67e81583a8c9bcf4e9,178651.999844,178651.999844,179376.948724,1,1,1696915703
2023-10-05,0x679d601aaa86cd555e8bfd48ddc8b4aade2a0f27,8343,0x6c6dc387b28edf1d2ccac7acc99f4238db1592ba,0.873126,0.873126,0.876107,1,1,1696857311
2023-10-05,0x679d601aaa86cd555e8bfd48ddc8b4aade2a0f27,8361,0x1c494f1919c1512ebe74a5dcc17dac9a64069023,0.0,0.0,449.771616,0,1,1696474633
2023-10-05,0x679d601aaa86cd555e8bfd48ddc8b4aade2a0f27,8395,0x5181cdf1bb20da04ba788f82989f29e65b67314a,5996.95488,5996.95488,0.0,1,0,1697025889
2023-10-05,0x679d601aaa86cd555e8bfd48ddc8b4aade2a0f27,8405,0x5d6f3d0c92d0564151357b0863e55e9ed4631b8d,898.464017,898.464017,667.064154,1,1,1697062591
2023-10-05,0x679d601aaa86cd555e8bfd48ddc8b4aade2a0f27,8438,0xa23bde7b73b4acc73918e2362e6a646761955c7c,562.21452,562.21452,0.0,1,0,1697062965
2023-10-05,0x679d601aaa86cd555e8bfd48ddc8b4aade2a0f27,8456,0xc42ca12276f6ed7a384abe67e81583a8c9bcf4e9,14357.57474,14357.57474,14357.57474,1,1,1696915709
2023-10-05,0x679d601aaa86cd555e8bfd48ddc8b4aade2a0f27,8460,0x23cb5f48fa3f4502232f3442637f90e8e3355701,8806.624017,8806.624017,0.0,1,0,1697056277
2023-10-05,0x679d601aaa86cd555e8bfd48ddc8b4aade2a0f27,8490,0xc42ca12276f6ed7a384abe67e81583a8c9bcf4e9,11610.792444,11610.792444,11655.004751,1,1,1696915719
2023-10-05,0x679d601aaa86cd555e8bfd48ddc8b4aade2a0f27,8516,0xa5a2a35fa9404f3603505984506206ccf208489f,5e-06,5e-06,0.0,1,0,1696503683
2023-10-05,0x688f778c51db4d990bf1abaf8d33fd95e48c6641,1149,0x93b82c49c2af67797977ae344c07884164e6a592,1942.514462,1942.514462,0.0,1,0,1697061817
2023-10-05,0x688f778c51db4d990bf1abaf8d33fd95e48c6641,5465,0x1e6f4bc39b916e581929fc72b5190e08b4751941,0.0,0.0,322.629795,0,1,1697064103
2023-10-05,0x6dbbd2c5ec6a59f54fb0e5f750a245137ff0492c,1,0xbde0c70bdc242577c52dfad53389f82fd149ea5a,557095.290805,557095.290805,202601.445583,1,1,1697045005
2023-10-05,0x6dbbd2c5ec6a59f54fb0e5f750a245137ff0492c,2,0x51e171d2fde9b37bbbb624a53ef54959422388e4,397925.207718,397925.207718,144715.318274,1,1,1697050283
2023-10-05,0x6dbbd2c5ec6a59f54fb0e5f750a245137ff0492c,5,0x5b1892b546002ff3dd508500575bd6bf7a101431,145878.326081,145878.326081,53052.257025,1,1,1697045057
2023-10-05,0x6dbbd2c5ec6a59f54fb0e5f750a245137ff0492c,67,0x8ce17ff2c7376e9adfe9c63c47a801097fa6c525,162058.688981,162058.688981,0.0,1,0,1697052473
2023-10-05,0x6dbbd2c5ec6a59f54fb0e5f750a245137ff0492c,68,0x132e47cf2c19ec2d8dd56e1528fc7e18dc09188f,44317.827131,44317.827131,0.0,1,0,1697053575
2023-10-05,0x6dbbd2c5ec6a59f54fb0e5f750a245137ff0492c,78,0x473d3a2005499301dc353afa9d0c9c5980b5188c,823436.087214,823436.087214,0.0,1,0,1697064799
2023-10-05,0x6dbbd2c5ec6a59f54fb0e5f750a245137ff0492c,105,0x208a17c5fabe5b90282e5906945ff335e39326c4,5166.800355,5166.800355,77424.316176,1,1,1697051893
2023-10-05,0x6dbbd2c5ec6a59f54fb0e5f750a245137ff0492c,106,0x615e5022252b31af496574f00d5519c5d93261ab,25465.189582,25465.189582,0.0,1,0,1696990601
2023-10-05,0x6dbbd2c5ec6a59f54fb0e5f750a245137ff0492c,127,0xecf9265f48006ddb6ee14060fac59c9429c32db6,0.0,0.0,309666.749776,0,1,1697064939
2023-10-05,0x6dbbd2c5ec6a59f54fb0e5f750a245137ff0492c,160,0xb0eb6f452ecea6a76fda435b4629cf6a11b24a2a,84926.550943,84926.550943,0.0,1,0,1697046757
2023-10-05,0x6dbbd2c5ec6a59f54fb0e5f750a245137ff0492c,167,0x5d29b68aafb22c491977eacf7dfb1661d2832555,0.0,0.0,257160.11141,0,1,1697064823
2023-10-05,0x6dbbd2c5ec6a59f54fb0e5f750a245137ff0492c,169,0x473d3a2005499301dc353afa9d0c9c5980b5188c,251000.502709,251000.502709,0.0,1,0,1697064803
2023-10-05,0x6dbbd2c5ec6a59f54fb0e5f750a245137ff0492c,174,0x83bad39f067ef72e354f2ea9d318eaad381a7f15,23366.399704,23366.399704,0.0,1,0,1697041741
2023-10-05,0x6dbbd2c5ec6a59f54fb0e5f750a245137ff0492c,270,0x59455ba3d00bb8cbead8fe6db3973210e49d4303,125070.427818,125070.427818,0.0,1,0,1697032597
2023-10-05,0x6dbbd2c5ec6a59f54fb0e5f750a245137ff0492c,303,0xab12253171a0d73df64b115cd43fe0a32feb9daa,26650.535155,26650.535155,0.0,1,0,1697046769
2023-10-05,0x6dbbd2c5ec6a59f54fb0e5f750a245137ff0492c,368,0x4388cb70d7e0ba4a9363f97ea08579364c60290e,100547.706539,100547.706539,0.0,1,0,1697033109
2023-10-05,0x6dbbd2c5ec6a59f54fb0e5f750a245137ff0492c,428,0xbb1766a13674dc9c8d194377f3c92153de381883,14657.096202,14657.096202,0.0,1,0,1697018507
2023-10-05,0x6dbbd2c5ec6a59f54fb0e5f750a245137ff0492c,585,0xe0d96d1e847d222aaf54366b74db508a393b8d8a,38500.002318,38500.002318,37000.001847,1,1,1697064639
2023-10-05,0x6dbbd2c5ec6a59f54fb0e5f750a245137ff0492c,710,0xcaee6c7aae8805913e24a8ce5d5d22be2d4ff7ad,0.0,0.0,26944.816314,0,1,1697064431
2023-10-05,0x6dbbd2c5ec6a59f54fb0e5f750a245137ff0492c,953,0xc8cf6b03c2aa80de2579df02aa3bed1e716e1680,0.0,0.0,16268.278039,0,1,1697064793
2023-10-05,0x6dbbd2c5ec6a59f54fb0e5f750a245137ff0492c,1084,0xb44b476a7f6a83b5e0559433b0d3ad374a0c1682,0.0,0.0,16231.042134,0,1,1697062141
2023-10-05,0x6dbbd2c5ec6a59f54fb0e5f750a245137ff0492c,1222,0xfe22484158c747ccc0652d6f408b8a0547a59938,10573.765891,10573.765891,0.0,1,0,1697030587
2023-10-05,0x6dbbd2c5ec6a59f54fb0e5f750a245137ff0492c,1223,0xabe21a7537cff588e6209492afca65d635a3b313,10553.383781,10553.383781,0.0,1,0,1697014481
2023-10-05,0x6dbbd2c5ec6a59f54fb0e5f750a245137ff0492c,1306,0x0473a13cb3088ebd0092ea137170508da3f7fb8c,9310.443492,9310.443492,0.0,1,0,1697049293
2023-10-05,0x6dbbd2c5ec6a59f54fb0e5f750a245137ff0492c,1333,0x5cac4a6ff0c0c90053f0204e8caf1b707bc307e6,10829.007763,10829.007763,0.0,1,0,1697038551
2023-10-05,0x6dbbd2c5ec6a59f54fb0e5f750a245137ff0492c,1393,0x9dc65d1ab703d7fc28e9a5aa50f03e6b7ec047bf,4181.51899,4181.51899,0.0,1,0,1697028231
2023-10-05,0x6dbbd2c5ec6a59f54fb0e5f750a245137ff0492c,1429,0x2e9f126f25837e646695b5dff0105b02b815fd3d,0.0,0.0,8703.078171,0,1,1697064999
2023-10-05,0x6dbbd2c5ec6a59f54fb0e5f750a245137ff0492c,1465,0xf6081c039aa4df979d57aff3fe1e0d10ad5927b2,0.0,0.0,7637.442857,0,1,1697063647
2023-10-05,0x6dbbd2c5ec6a59f54fb0e5f750a245137ff0492c,1585,0x6f7e3d13f1dc8077892749322eeb8b39ff7b0917,6641.314578,6641.314578,0.0,1,0,1697034955
2023-10-05,0x6dbbd2c5ec6a59f54fb0e5f750a245137ff0492c,1653,0x90aa5c7a67081409d0b826facd34600463778a48,6224.234199,6224.234199,0.0,1,0,1697031989
2023-10-05,0x6dbbd2c5ec6a59f54fb0e5f750a245137ff0492c,1672,0xc8feee4b352c46b15ed12492df669911d8496e51,0.0,12939.494061,19262.425628,1,2,1697064821
2023-10-05,0x6dbbd2c5ec6a59f54fb0e5f750a245137ff0492c,1678,0x8fda1ead2709923c058217b441ef5a5bf09f4022,0.0,0.0,6074.148989,0,1,1697047189
2023-10-05,0x6dbbd2c5ec6a59f54fb0e5f750a245137ff0492c,1892,0x287d2974af3a369e9bd42ef5636b5d1fda13a35a,5461.898397,5461.898397,0.0,1,0,1697041443
2023-10-05,0x6dbbd2c5ec6a59f54fb0e5f750a245137ff0492c,1899,0xf6b9cb280ae3c5dd5ec22d7a1a2a7f5f0a1ae879,0.0,0.0,4590.902273,0,1,1697060543
2023-10-05,0x6dbbd2c5ec6a59f54fb0e5f750a245137ff0492c,2095,0x8e2f7d5aaae5abbd5052acb74019b9b11cb74349,0.0,0.0,4020.193587,0,1,1697065127
2023-10-05,0x6dbbd2c5ec6a59f54fb0e5f750a245137ff0492c,2130,0x4aa63e8115c5b29a3e0e062a77c11592931453dc,3939.631511,3939.631511,0.0,1,0,1697020391
2023-10-05,0x6dbbd2c5ec6a59f54fb0e5f750a245137ff0492c,2313,0x3888132606615fc0759853b6ec1107e717d0ae52,886.05253,886.05253,0.0,1,0,1697031395
2023-10-05,0x6dbbd2c5ec6a59f54fb0e5f750a245137ff0492c,2435,0x61f12ea36c822a30eef51941368ad8f54cf372a0,3328.389807,3328.389807,0.0,1,0,1697035013
2023-10-05,0x6dbbd2c5ec6a59f54fb0e5f750a245137ff0492c,2603,0xd2e44e40b5fb960a8a74dd7b9d6b7f14b805b50d,3090.1743,3090.1743,0.0,1,0,1697031897
2023-10-05,0x6dbbd2c5ec6a59f54fb0e5f750a245137ff0492c,2698,0x924af56089af7aeb6c211ee3781e24b7444cc216,736.704063,736.704063,0.0,1,0,1697020611
2023-10-05,0x6dbbd2c5ec6a59f54fb0e5f750a245137ff0492c,2764,0x67f5e368d28835a8f6b8e5576b1e17ae2ce24769,1331.519609,1331.519609,0.0,1,0,1697011481
2023-10-05,0x6dbbd2c5ec6a59f54fb0e5f750a245137ff0492c,2786,0x597bea912e8734e17ddc4f43a489a1472d9459cf,2578.194417,2578.194417,0.0,1,0,1697039783
2023-10-05,0x6dbbd2c5ec6a59f54fb0e5f750a245137ff0492c,2860,0xd935a63d629cac4cfc8f632a2f4aab3ca8d99e38,1127.879285,1127.879285,0.0,1,0,1697029099
2023-10-05,0x6dbbd2c5ec6a59f54fb0e5f750a245137ff0492c,2873,0x9a62db4c17146172c0b88e7e439df169a0f93e0e,557.3392,557.3392,0.0,1,0,1697052089
2023-10-05,0x6dbbd2c5ec6a59f54fb0e5f750a245137ff0492c,2965,0x2772f6f5be3d9530d3c91cfe94af69d04314113e,0.0,0.0,2019.488021,0,1,1697064427
2023-10-05,0x6dbbd2c5ec6a59f54fb0e5f750a245137ff0492c,3177,0x2236b805cc6aa7a9f692fd20d470f08919813d3f,855.751238,855.751238,0.0,1,0,1697026599
2023-10-05,0x6dbbd2c5ec6a59f54fb0e5f750a245137ff0492c,3247,0x99d6d24012361620bfa1a3f16d4e745066fc7c69,1639.30056,1639.30056,0.0,1,0,1697026267
2023-10-05,0x6dbbd2c5ec6a59f54fb0e5f750a245137ff0492c,3248,0xc5ba2b86292a73830cfe7619f24f4fcab66e398b,1639.255794,1639.255794,0.0,1,0,1697026267
2023-10-05,0x6dbbd2c5ec6a59f54fb0e5f750a245137ff0492c,3249,0xe6318ac14dc1235e01af21d354088118e15783ba,1638.724601,1638.724601,0.0,1,0,1697026311
2023-10-05,0x6dbbd2c5ec6a59f54fb0e5f750a245137ff0492c,3250,0xdf23d6fd44249716a515bdddc81b82c18b915345,1638.724341,1638.724341,0.0,1,0,1697026313
2023-10-05,0x6dbbd2c5ec6a59f54fb0e5f750a245137ff0492c,3391,0xb9be40bdec31ec3935830acc8bcaad1a431f8bb0,1452.750062,1452.750062,0.0,1,0,1697029789
2023-10-05,0x6dbbd2c5ec6a59f54fb0e5f750a245137ff0492c,3453,0x15446371fe06e86fcd27b1f567491a3eee9c238e,1352.874802,1352.874802,0.0,1,0,1697026309
2023-10-05,0x6dbbd2c5ec6a59f54fb0e5f750a245137ff0492c,3493,0x42acf5773af88b0e49f413e10edf9bcef93c3805,1309.67156,1309.67156,0.0,1,0,1697026271
2023-10-05,0x6dbbd2c5ec6a59f54fb0e5f750a245137ff0492c,3941,0xf935861a8b8cc6867eeb463d97b501c69d177092,873.034476,873.034476,0.0,1,0,1697026269
2023-10-05,0x6dbbd2c5ec6a59f54fb0e5f750a245137ff0492c,3962,0xf51754d95c0b9bb416ab4915e9f10b04d04d29e5,859.611916,859.611916,0.0,1,0,1697008431
2023-10-05,0x6dbbd2c5ec6a59f54fb0e5f750a245137ff0492c,4484,0x98e78cd936e6d7bb685d1cb3e4f3766322057183,0.0,0.0,262.064293,0,1,1697064207
2023-10-05,0x6dbbd2c5ec6a59f54fb0e5f750a245137ff0492c,5457,0x8db7a537d8478df3c6d95ff33b4270342862957f,0.0,0.0,37.370432,0,1,1696541731
2023-10-05,0x6dbbd2c5ec6a59f54fb0e5f750a245137ff0492c,7154,0xc8cf6b03c2aa80de2579df02aa3bed1e716e1680,0.0,0.0,67.255723,0,1,1697064789
2023-10-05,0x6dbbd2c5ec6a59f54fb0e5f750a245137ff0492c,7762,0xb8a8663d7ae13c298972c5ab2ff392c3cbed8473,18.677387,18.677387,18.928288,1,1,1697050677
2023-10-05,0x6dbbd2c5ec6a59f54fb0e5f750a245137ff0492c,8418,0x7f64219e48e349295a580bca164434ea5d1e8433,0.0,6936.203023,13870.182103,1,2,1696482721
2023-10-05,0x6dbbd2c5ec6a59f54fb0e5f750a245137ff0492c,8666,0x766244cb75d011c1f9afbdb3284970a81f2e88cd,99.752656,99.752656,0.0,1,0,1697056439
2023-10-05,0x6e23f90e25f432c9df9ef9276472dda3951e4465,1748,0x6166e79c794750cdf8473ca5799f6d5c9ae74aac,2739.031766,2739.031766,0.0,1,0,1697062121
2023-10-05,0x6e23f90e25f432c9df9ef9276472dda3951e4465,4211,0x6c6418d85470512d0b79ad5b7fdcc6ddeffe1835,0.0,0.0,68.395868,0,1,1697025857
2023-10-05,0x6e23f90e25f432c9df9ef9276472dda3951e4465,4990,0x3a2acc5f5cfc976eb517008fec19a506501b3130,12767.654156,12767.654156,0.0,1,0,1697064381
2023-10-05,0x6eab8c1b93f5799dadf2c687a30230a540dbd636,70,0xdaf8667875d27ebd1bf70c72f135492260e3037b,0.0,0.0,439464.353257,0,1,1697063301
2023-10-05,0x6eab8c1b93f5799dadf2c687a30230a540dbd636,103,0x1c2ed7a6c4e3c1146103fa222181115a72243a06,0.0,0.0,54580.105988,0,1,1697064139
2023-10-05,0x6eab8c1b93f5799dadf2c687a30230a540dbd636,118,0x4ccfeb186c61217f05d8756314c600089b27a1c3,0.0,0.0,139046.235887,0,1,1697064459
2023-10-05,0x6eab8c1b93f5799dadf2c687a30230a540dbd636,180,0x6a42c1f4dd8d9fcf3bd7bbcda396d12dda35ee9b,0.0,0.0,225927.568429,0,1,1697064949
2023-10-05,0x6eab8c1b93f5799dadf2c687a30230a540dbd636,203,0x637fceaf3e5289d2b396b831335e7d8a180c5656,0.0,0.0,19115.713124,0,1,1697063927
2023-10-05,0x6eab8c1b93f5799dadf2c687a30230a540dbd636,277,0x68acb2051b73c2342be78cd1a7e5ca44483d10c5,0.0,0.0,29910.09366,0,1,1697064899
2023-10-05,0x6eab8c1b93f5799dadf2c687a30230a540dbd636,637,0xb83f754eb815e2100f4ba99aa61c299152b07145,0.0,0.0,8686.076354,0,1,1697061391
2023-10-05,0x6eab8c1b93f5799dadf2c687a30230a540dbd636,757,0x8def9ecc91ed7939cb68b5a1795ba0cf660bb41b,0.0,0.0,25337.857641,0,1,1697062609
2023-10-05,0x6eab8c1b93f5799dadf2c687a30230a540dbd636,842,0x58bcf1ac25551dd4eb790f2ef68c1857dcd67d9b,0.0,0.0,5093.827256,0,1,1697064525
2023-10-05,0x6eab8c1b93f5799dadf2c687a30230a540dbd636,1111,0x11ebee2bf244325b5559f0f583722d35659ddce8,0.0,0.0,12556.979936,0,1,1696956765
2023-10-05,0x6eab8c1b93f5799dadf2c687a30230a540dbd636,1425,0x248b007f76e7616791b8fe278c93096ddcf67f25,0.0,0.0,1597.455339,0,1,1697058767
2023-10-05,0x6eab8c1b93f5799dadf2c687a30230a540dbd636,1581,0xce06012ccf4b9648710b6d624c09e11cb780e93c,0.0,0.0,6661.19049,0,1,1697034843
2023-10-05,0x6eab8c1b93f5799dadf2c687a30230a540dbd636,1667,0x23cb5f48fa3f4502232f3442637f90e8e3355701,0.0,0.0,6607.776988,0,1,1697042443
2023-10-05,0x6eab8c1b93f5799dadf2c687a30230a540dbd636,1878,0x952815ea349a0c10db5d854a16a27d768e85053e,0.0,0.0,4743.156541,0,1,1697059623
2023-10-05,0x6eab8c1b93f5799dadf2c687a30230a540dbd636,1892,0x287d2974af3a369e9bd42ef5636b5d1fda13a35a,0.0,5461.898397,10888.716645,1,2,1697041443
2023-10-05,0x6eab8c1b93f5799dadf2c687a30230a540dbd636,2503,0x03490f2b65608070c0bb15503c81a1d55b2c55c0,0.0,0.0,3224.407622,0,1,1697065067
2023-10-05,0x6eab8c1b93f5799dadf2c687a30230a540dbd636,2889,0x54919c903a6298ed7782e1c67673f24771e59c31,0.0,0.0,2198.391928,0,1,1697064913
2023-10-05,0x6eab8c1b93f5799dadf2c687a30230a540dbd636,3077,0xfc64410a03b205b995a9101f99a55026d8f1f1da,0.0,1981.417494,3861.17944,1,2,1697065129
2023-10-05,0x6eab8c1b93f5799dadf2c687a30230a540dbd636,3491,0x71c1bffe933698f39b03c6c7545dfb193c4c8b86,0.0,0.0,1313.782706,0,1,1697056419
2023-10-05,0x6eab8c1b93f5799dadf2c687a30230a540dbd636,4154,0xde4de61f0fc599b5d7d7b5283d1af2958a8e765e,0.0,0.0,714.97602,0,1,1697064305
2023-10-05,0x6eab8c1b93f5799dadf2c687a30230a540dbd636,4435,0xc53e7040ce1d891d59f67cd2dff36b32d4db1f80,0.0,0.0,543.349414,0,1,1697027087
2023-10-05,0x6eab8c1b93f5799dadf2c687a30230a540dbd636,5719,0x0e9e11fe0f6e6abbe12ba1d099dcf27b1c4b473b,0.0,0.0,493.533086,0,1,1697062849
2023-10-05,0x6eab8c1b93f5799dadf2c687a30230a540dbd636,5964,0x9d9793970cbfc1118c6be89dc2e89afa1aaf5d14,0.0,0.0,376.568139,0,1,1697034923
2023-10-05,0x6eab8c1b93f5799dadf2c687a30230a540dbd636,8047,0x4ee67d558e065c6655f6a871a881e4717d97d1bd,0.0,0.0,5756.658486,0,1,1697063953
2023-10-05,0x6eab8c1b93f5799dadf2c687a30230a540dbd636,8349,0x0f228805c03a693aa964a791e0b2e2c6e6c6513f,0.0,0.0,8995.43232,0,1,1697062781
2023-10-05,0x6eab8c1b93f5799dadf2c687a30230a540dbd636,8460,0xca2c43f9e2562ca7bf4508535e964cb715ca0ccf,0.0,0.0,1499.23872,0,1,1697042299
2023-10-05,0x723aef6543aece026a15662be4d3fb3424d502a9,1,0xbde0c70bdc242577c52dfad53389f82fd149ea5a,506450.264368,506450.264368,253251.806997,1,1,1697045005
2023-10-05,0x723aef6543aece026a15662be4d3fb3424d502a9,2,0x51e171d2fde9b37bbbb624a53ef54959422388e4,361750.188834,361750.188834,180894.147855,1,1,1697050283
2023-10-05,0x723aef6543aece026a15662be4d3fb3424d502a9,5,0x5b1892b546002ff3dd508500575bd6bf7a101431,132616.660073,132616.660073,66315.321286,1,1,1697045057
2023-10-05,0x723aef6543aece026a15662be4d3fb3424d502a9,56,0x48a5a6a01ba89cddf97d2d552923d5a11401ed19,64823.439474,64823.439474,0.0,1,0,1697064681
2023-10-05,0x723aef6543aece026a15662be4d3fb3424d502a9,103,0x1c2ed7a6c4e3c1146103fa222181115a72243a06,0.0,0.0,54580.105988,0,1,1697064139
2023-10-05,0x723aef6543aece026a15662be4d3fb3424d502a9,118,0x4ccfeb186c61217f05d8756314c600089b27a1c3,0.0,0.0,92697.490592,0,1,1697064459
2023-10-05,0x723aef6543aece026a15662be4d3fb3424d502a9,204,0x3aee7d5600c29ee7e4482c810746081313460738,94662.310295,94662.310295,47273.825452,1,1,1697056745
2023-10-05,0x723aef6543aece026a15662be4d3fb3424d502a9,303,0xab12253171a0d73df64b115cd43fe0a32feb9daa,0.0,0.0,79951.605464,0,1,1697046769
2023-10-05,0x723aef6543aece026a15662be4d3fb3424d502a9,304,0xbbb33d2e7bd7ddc722e53da9ca8ee97df41cfabf,21172.047238,21172.047238,0.0,1,0,1696925469
2023-10-05,0x723aef6543aece026a15662be4d3fb3424d502a9,319,0xcd763667cd74543bd05c19386347441d3d3f6392,25216.004677,25216.004677,0.0,1,0,1696911427
2023-10-05,0x723aef6543aece026a15662be4d3fb3424d502a9,528,0x766c64d809056fbb492fdb410a6b4857c015619a,0.0,0.0,10272.202274,0,1,1697063991
2023-10-05,0x723aef6543aece026a15662be4d3fb3424d502a9,544,0x16b00db74167b7469dda63b674ca9a3b1b70c439,9964.599803,9964.599803,0.0,1,0,1697050325
2023-10-05,0x723aef6543aece026a15662be4d3fb3424d502a9,858,0x9d068c281afa4f518e2393702adff6b4f22c1156,0.0,0.0,16300.748553,0,1,1697034711
2023-10-05,0x723aef6543aece026a15662be4d3fb3424d502a9,1011,0x52d033e64774f31a8b7562806aa5782cbbd29382,45030.838036,45030.838036,36295.528957,1,1,1697038561
2023-10-05,0x723aef6543aece026a15662be4d3fb3424d502a9,1020,0xc18dac166eda9538933258d21a272c1775c19c73,14500.122792,14500.122792,0.0,1,0,1697009515
2023-10-05,0x723aef6543aece026a15662be4d3fb3424d502a9,1221,0x564b3a3cf630d7b3b35ae78e47feb074bce2b06e,1046.849995,1046.849995,0.0,1,0,1697047321
2023-10-05,0x723aef6543aece026a15662be4d3fb3424d502a9,1256,0x5345462544ed763639519376c298e939228dd1f4,10341.260082,10341.260082,0.0,1,0,1697050023
2023-10-05,0x723aef6543aece026a15662be4d3fb3424d502a9,1461,0x2bcdca8c689b4aa460b66ffde1d6b1761d41d5df,3836.018673,3836.018673,2300.190686,1,1,1697012133
2023-10-05,0x723aef6543aece026a15662be4d3fb3424d502a9,1748,0x6166e79c794750cdf8473ca5799f6d5c9ae74aac,0.0,0.0,5476.307109,0,1,1697062121
2023-10-05,0x723aef6543aece026a15662be4d3fb3424d502a9,1798,0xcc49a6d063ba72929600d1ed60d863a540b2565a,5098.038297,5098.038297,0.0,1,0,1696956353
2023-10-05,0x723aef6543aece026a15662be4d3fb3424d502a9,2435,0x61f12ea36c822a30eef51941368ad8f54cf372a0,0.0,0.0,3328.389807,0,1,1697035013
2023-10-05,0x723aef6543aece026a15662be4d3fb3424d502a9,2533,0xeb1dbbed3b079db3380e460d5604d15e6ac18883,3179.723494,3179.723494,0.0,1,0,1697010635
2023-10-05,0x723aef6543aece026a15662be4d3fb3424d502a9,2697,0x5115b261fb75084af050349020f09164cb8fe059,0.0,0.0,737.069908,0,1,1696610023
2023-10-05,0x723aef6543aece026a15662be4d3fb3424d502a9,2881,0xd670a99b9ad6b9fe256294f51cfe5f38e51d54aa,0.0,0.0,2217.495941,0,1,1697063979
2023-10-05,0x723aef6543aece026a15662be4d3fb3424d502a9,3001,0x1c46564c7476f3f846abcf73e0a885e445ca85e8,0.0,0.0,1934.103352,0,1,1696959729
2023-10-05,0x723aef6543aece026a15662be4d3fb3424d502a9,3047,0xbee2d469aacb46251ae33cca91f482e26c971dff,468.158434,468.158434,0.0,1,0,1697007473
2023-10-05,0x723aef6543aece026a15662be4d3fb3424d502a9,3393,0x2446f1a75162f045d02f23d1d3b0f5a2c0f9a4cb,0.0,0.0,1448.886561,0,1,1697063621
2023-10-05,0x723aef6543aece026a15662be4d3fb3424d502a9,4201,0x3a8b02caf5297f5904f6a236ba5bf53526e99c0d,345.268871,345.268871,0.0,1,0,1697012149
2023-10-05,0x723aef6543aece026a15662be4d3fb3424d502a9,4657,0xd4ddc6316f5704d43518aa574325eeefc33bd3c9,229.804913,229.804913,229.804913,1,1,1697037829
2023-10-05,0x723aef6543aece026a15662be4d3fb3424d502a9,5554,0xc15ab8dd7daeea5f1aa3b56507cac8a877e21b15,5260.042286,5260.042286,0.0,1,0,1697022995
2023-10-05,0x723aef6543aece026a15662be4d3fb3424d502a9,5569,0xb533c4da86afb2fa8fc5bf4ec2a854875c09c848,369.365721,369.365721,0.0,1,0,1696999653
2023-10-05,0x723aef6543aece026a15662be4d3fb3424d502a9,5947,0x777a43eaab6b8a92a1f21740c1532dbe3b7c775f,0.0,0.0,358.608549,0,1,1697060373
2023-10-05,0x723aef6543aece026a15662be4d3fb3424d502a9,6289,0x93adf181c0d477568aa8c18014ced7fe5074b561,350.387802,350.387802,350.387802,1,1,1696488777
2023-10-05,0x723aef6543aece026a15662be4d3fb3424d502a9,6375,0xe331ef612cebc0aca6d0b586542b3c25c82350bb,87.229622,87.229622,87.229622,1,1,1697056267
2023-10-05,0x723aef6543aece026a15662be4d3fb3424d502a9,6489,0x119b2be32ae0c5c594df2ceada9af7a3ded3f758,0.0,0.0,222.998685,0,1,1696483693
2023-10-05,0x723aef6543aece026a15662be4d3fb3424d502a9,7322,0xdd1c5aebd67f3c662fb6487df60cb5fdb1823a1a,1666.469437,1666.469437,1693.692321,1,1,1696483111
2023-10-05,0x723aef6543aece026a15662be4d3fb3424d502a9,7375,0xdd1c5aebd67f3c662fb6487df60cb5fdb1823a1a,1421.80471,1421.80471,1450.810687,1,1,1696992267
2023-10-05,0x723aef6543aece026a15662be4d3fb3424d502a9,7437,0xa920e0910ed51e167cf63577652c0f35ff73f7f3,12.468421,12.468421,0.0,1,0,1696940807
2023-10-05,0x723aef6543aece026a15662be4d3fb3424d502a9,7966,0x5eaa8bdc315608e8cf873cfaba05e42826f68c4d,3857.623422,3857.623422,0.0,1,0,1697039407
2023-10-05,0x75d18ee68bb93be5cb2dccfa0d8151e25cbc8eb8,8544,0x6baaf66d5e46bea788a28abe8ebbec54108181b1,57923.488573,57923.488573,0.0,1,0,1696614441
2023-10-05,0x7f5735a897f8b7f8bb7f08749931eadacbb6d4a6,1185,0xc954892d9caf463e967884e379a6ee4c78d61be7,0.0,0.0,4491.409516,0,1,1697012537
2023-10-05,0x7f5735a897f8b7f8bb7f08749931eadacbb6d4a6,1243,0xe8b2c24038079bb624010ca7185d5cdfb716320e,0.0,0.0,16977.445059,0,1,1697028645
2023-10-05,0x7f5735a897f8b7f8bb7f08749931eadacbb6d4a6,1390,0xcb879f75c93f3cd545a7955f41419a96817cc5d9,8385.664366,8385.664366,8385.664366,1,1,1697049295
2023-10-05,0x7f5735a897f8b7f8bb7f08749931eadacbb6d4a6,1412,0x88f81b95eae67461b2d687343d36852f87409a7b,0.0,0.0,8897.006532,0,1,1697063531
2023-10-05,0x7f5735a897f8b7f8bb7f08749931eadacbb6d4a6,1534,0xaf0b68a684e2b7961a0b6078e36f43d6e990e54b,0.0,0.0,7437.617515,0,1,1697055733
2023-10-05,0x7f5735a897f8b7f8bb7f08749931eadacbb6d4a6,1603,0x17114903eb90909d3058dae24d583e5970030ffb,0.0,0.0,6497.455539,0,1,1697047891
2023-10-05,0x7f5735a897f8b7f8bb7f08749931eadacbb6d4a6,1856,0x4b7292679d439ccd83b972a5ff848b47391affca,0.0,0.0,4807.388883,0,1,1697057209
2023-10-05,0x7f5735a897f8b7f8bb7f08749931eadacbb6d4a6,2073,0x518180f11414d823647daa068a5847d63c3f128c,0.0,0.0,4063.473733,0,1,1697064113
2023-10-05,0x7f5735a897f8b7f8bb7f08749931eadacbb6d4a6,2130,0x4aa63e8115c5b29a3e0e062a77c11592931453dc,0.0,0.0,1969.815756,0,1,1697020391
2023-10-05,0x7f5735a897f8b7f8bb7f08749931eadacbb6d4a6,2571,0xfc7c1d00b2ec6d3653e9de72590684456846c53d,0.0,0.0,3139.98185,0,1,1697057819
2023-10-05,0x7f5735a897f8b7f8bb7f08749931eadacbb6d4a6,2621,0xb5eca0a315609bf3831056bfcd42db2363cb4466,0.0,0.0,3064.582678,0,1,1697040763
2023-10-05,0x7f5735a897f8b7f8bb7f08749931eadacbb6d4a6,2767,0x525320d8712aeab3f3fc6195102abd477ad998ff,0.0,0.0,2653.430684,0,1,1697050281
2023-10-05,0x7f5735a897f8b7f8bb7f08749931eadacbb6d4a6,3133,0x6b995c46343c82c3171cea9a22e7533004307675,0.0,0.0,1750.4831,0,1,1697063411
2023-10-05,0x7f5735a897f8b7f8bb7f08749931eadacbb6d4a6,3180,0x943980b467fe194beb923daf7a544abce90b5f93,0.0,0.0,1707.839738,0,1,1697055977
2023-10-05,0x7f5735a897f8b7f8bb7f08749931eadacbb6d4a6,3314,0x7d6aff9f85ef8802a1492189e8021b085c6b37f7,0.0,0.0,1554.392479,0,1,1697060473
2023-10-05,0x7f5735a897f8b7f8bb7f08749931eadacbb6d4a6,4099,0x23184d3ae7de5609bb57eaec707d9be0b17408a6,0.0,0.0,743.277824,0,1,1697048849
2023-10-05,0x7f5735a897f8b7f8bb7f08749931eadacbb6d4a6,4670,0xe85dbb09a699c0543c363c3f6e51ef0049e3edc5,0.0,0.0,454.660111,0,1,1696772367
2023-10-05,0x7f5735a897f8b7f8bb7f08749931eadacbb6d4a6,4758,0xccbe6dc54b1908cf97dac2e0c32249ecd3179d5f,0.0,0.0,445.238233,0,1,1696970741
2023-10-05,0x7f5735a897f8b7f8bb7f08749931eadacbb6d4a6,5304,0x05b9001ffb362a3d795a9ef12d366d52687c555d,0.0,0.0,380.992253,0,1,1697044075
2023-10-05,0x7f5735a897f8b7f8bb7f08749931eadacbb6d4a6,5332,0x314fd5d24e1db1fd89c5b5b96025724ac51ce18c,0.0,0.0,379.541979,0,1,1696753517
2023-10-05,0x7f5735a897f8b7f8bb7f08749931eadacbb6d4a6,5568,0xda3e608973dd2150fbc1e19f3ed1f183a37af1d6,0.0,0.0,369.55333,0,1,1697024539
2023-10-05,0x7f5735a897f8b7f8bb7f08749931eadacbb6d4a6,6080,0x3c698d1e054a921dcf46bc213ca407e39ae4db8d,0.0,0.0,354.698447,0,1,1696752843
2023-10-05,0x7f5735a897f8b7f8bb7f08749931eadacbb6d4a6,6102,0x4ef2c738db963dbdc91bb18542da1cc44e8bc29c,0.0,0.0,354.242925,0,1,1697024707
2023-10-05,0x7f5735a897f8b7f8bb7f08749931eadacbb6d4a6,6136,0xc89989842a112b89755deeec9761d878585deb41,0.0,0.0,353.425496,0,1,1697024839
2023-10-05,0x7f5735a897f8b7f8bb7f08749931eadacbb6d4a6,6254,0x9c4299055e5f963e57ad2995184aa38d40283c75,0.0,0.0,351.068618,0,1,1697064497
2023-10-05,0x7f5735a897f8b7f8bb7f08749931eadacbb6d4a6,6362,0x921bb1a6c751f98cc229865376e0deba82405cda,0.0,0.0,349.181383,0,1,1697036959
2023-10-05,0x7f5735a897f8b7f8bb7f08749931eadacbb6d4a6,7445,0x9f298d2f27d98dda3399230bef6c366b032004e3,0.0,0.0,1012.583248,0,1,1697054983
2023-10-05,0x7f5735a897f8b7f8bb7f08749931eadacbb6d4a6,8290,0xe96e0e1ae9915c72adb8e1061bcf979e42594b13,0.0,0.0,26.034467,0,1,1696467629
2023-10-05,0x7f670f78b17dec44d5ef68a48740b6f8849cc2e6,21,0x4444aaaacdba5580282365e25b16309bd770ce4a,0.0,0.0,233107.860276,0,1,1697062045
2023-10-05,0x7f670f78b17dec44d5ef68a48740b6f8849cc2e6,23,0xc01a1cd505e6afcd3ced2ee1bac67890497f6654,190891.586346,190891.586346,190891.586346,1,1,1697046347
2023-10-05,0x7f670f78b17dec44d5ef68a48740b6f8849cc2e6,24,0x208a17c5fabe5b90282e5906945ff335e39326c4,0.0,0.0,9120.034951,0,1,1697051865
2023-10-05,0x7f670f78b17dec44d5ef68a48740b6f8849cc2e6,43,0x2ddb405238368695f34d30a80ab60c449aa5ce48,0.0,0.0,60326.679558,0,1,1697062597
2023-10-05,0x7f670f78b17dec44d5ef68a48740b6f8849cc2e6,48,0x12478d1a60a910c9cbffb90648766a2bdd5918f5,3681748.917848,3681748.917848,1839280.359817,1,1,1697064177
2023-10-05,0x7f670f78b17dec44d5ef68a48740b6f8849cc2e6,51,0x0f228805c03a693aa964a791e0b2e2c6e6c6513f,284420.774446,284420.774446,0.0,1,0,1697062913
2023-10-05,0x7f670f78b17dec44d5ef68a48740b6f8849cc2e6,52,0x3fd5dbf9f74d69b71774d729dd84bd8b3db7e815,0.0,0.0,215267.812608,0,1,1697053755
2023-10-05,0x7f670f78b17dec44d5ef68a48740b6f8849cc2e6,68,0x132e47cf2c19ec2d8dd56e1528fc7e18dc09188f,110794.567828,110794.567828,106744.361853,1,1,1697053575
2023-10-05,0x7f670f78b17dec44d5ef68a48740b6f8849cc2e6,70,0xdaf8667875d27ebd1bf70c72f135492260e3037b,0.0,0.0,816148.084621,0,1,1697063301
2023-10-05,0x7f670f78b17dec44d5ef68a48740b6f8849cc2e6,91,0x423a66a3ce61eaa3bcd922c4d71b781e01d746f0,634117.288232,634117.288232,634117.288232,1,1,1697054591
2023-10-05,0x7f670f78b17dec44d5ef68a48740b6f8849cc2e6,96,0x26602bf417c4e57ba3d2268d7f93a1e16f29e069,0.0,0.0,61128.080237,0,1,1697062825
2023-10-05,0x7f670f78b17dec44d5ef68a48740b6f8849cc2e6,103,0x1c2ed7a6c4e3c1146103fa222181115a72243a06,54597.611532,54597.611532,0.0,1,0,1697064139
2023-10-05,0x7f670f78b17dec44d5ef68a48740b6f8849cc2e6,106,0x615e5022252b31af496574f00d5519c5d93261ab,0.0,0.0,76395.568745,0,1,1696990601
2023-10-05,0x7f670f78b17dec44d5ef68a48740b6f8849cc2e6,112,0x5c965d2f24e8fc49146575b039fbda4033d3cf94,0.0,0.0,286862.405611,0,1,1697043163
2023-10-05,0x7f670f78b17dec44d5ef68a48740b6f8849cc2e6,114,0x611b0c1ed942b833c786c53883a4aa37a25602a6,0.0,0.0,46539.252877,0,1,1697034219
2023-10-05,0x7f670f78b17dec44d5ef68a48740b6f8849cc2e6,118,0x4ccfeb186c61217f05d8756314c600089b27a1c3,92272.233869,92272.233869,0.0,1,0,1697064459
2023-10-05,0x7f670f78b17dec44d5ef68a48740b6f8849cc2e6,121,0xede54584f748480851cad467b82c6a1173bebe10,108778.335361,195801.003649,173660.948316,2,2,1696686123
2023-10-05,0x7f670f78b17dec44d5ef68a48740b6f8849cc2e6,122,0xc1061bc6e62d7908eb21f57788b48b3636a2c2d6,0.0,0.0,106216.107228,0,1,1697052275
2023-10-05,0x7f670f78b17dec44d5ef68a48740b6f8849cc2e6,136,0x12c58f57177b8d5832f60cfa690770c19ac9da19,200248.59951,200248.59951,194967.077961,1,1,1697063487
2023-10-05,0x7f670f78b17dec44d5ef68a48740b6f8849cc2e6,155,0x2db6f5e838ed2bad993e9ff2d3d7a5c1cc35704c,82686.606022,82686.606022,82660.09435,1,1,1696933501
2023-10-05,0x7f670f78b17dec44d5ef68a48740b6f8849cc2e6,165,0x54ecb3397b0bf31cb0b81eb2444e2a7b32507d8b,80852.340472,80852.340472,0.0,1,0,1697063619
2023-10-05,0x7f670f78b17dec44d5ef68a48740b6f8849cc2e6,185,0x5952bab55191f8a815ccd8ba4945f7a09ef5def7,0.0,0.0,178848.42106,0,1,1697043023
2023-10-05,0x7f670f78b17dec44d5ef68a48740b6f8849cc2e6,194,0x569a259d029a89bfea35a6d178a08edf6e55d1b1,0.0,0.0,205431.028994,0,1,1696979645
2023-10-05,0x7f670f78b17dec44d5ef68a48740b6f8849cc2e6,203,0x637fceaf3e5289d2b396b831335e7d8a180c5656,19115.713124,19115.713124,0.0,1,0,1697063927
2023-10-05,0x7f670f78b17dec44d5ef68a48740b6f8849cc2e6,232,0x576f1e53afe5e99b2257258c7e3248d3a1822548,0.0,0.0,40342.231963,0,1,1697059321
2023-10-05,0x7f670f78b17dec44d5ef68a48740b6f8849cc2e6,246,0xba0c565110f65d181b9ff1d8a9f787b52857bb0c,145129.348155,145129.348155,0.0,1,0,1697064117
2023-10-05,0x7f670f78b17dec44d5ef68a48740b6f8849cc2e6,263,0x768a49d40b674a9ef54f5d1cf3d1054a749e905a,130219.715361,130219.715361,130219.715361,1,1,1697054327
2023-10-05,0x7f670f78b17dec44d5ef68a48740b6f8849cc2e6,276,0x05da533bca66b6df7a5fa7f9afbb62c36703c2e6,29974.456484,29974.456484,29964.845823,1,1,1697064209
2023-10-05,0x7f670f78b17dec44d5ef68a48740b6f8849cc2e6,330,0x6330849fa00916341d362cbfebe06b19bf8e4162,135470.009033,135470.009033,0.0,1,0,1697063419
2023-10-05,0x7f670f78b17dec44d5ef68a48740b6f8849cc2e6,335,0x582c34536d7f4a2a5d96118d5d80ba3000c6b5af,0.0,0.0,89530.168768,0,1,1697025149
2023-10-05,0x7f670f78b17dec44d5ef68a48740b6f8849cc2e6,339,0x2efba4ccd1aee02c9f37467ac281465d688e6469,88191.939446,88191.939446,88163.662608,1,1,1697061511
2023-10-05,0x7f670f78b17dec44d5ef68a48740b6f8849cc2e6,357,0xb018a2e25f5d41abbcd2c2eda6cd0d0bee428857,0.0,0.0,84034.439347,0,1,1697057231
2023-10-05,0x7f670f78b17dec44d5ef68a48740b6f8849cc2e6,362,0x5929cc4d10b6a1acc5bf5d221889f10251c628a1,74333.469719,74333.469719,0.0,1,0,1697045621
2023-10-05,0x7f670f78b17dec44d5ef68a48740b6f8849cc2e6,368,0x4388cb70d7e0ba4a9363f97ea08579364c60290e,0.0,0.0,100515.468091,0,1,1697033109
2023-10-05,0x7f670f78b17dec44d5ef68a48740b6f8849cc2e6,378,0xab58779cec2b82a75ffd103fdc88d7e3adb13468,0.0,0.0,71352.692196,0,1,1697065131
2023-10-05,0x7f670f78b17dec44d5ef68a48740b6f8849cc2e6,387,0x314c0695273ba259bb60074f2c92c67ac7ae6d40,0.0,0.0,21117.174648,0,1,1696927055
2023-10-05,0x7f670f78b17dec44d5ef68a48740b6f8849cc2e6,394,0x683028fc63477b8a702cfe7475865952d3e8ac09,67572.056635,67572.056635,0.0,1,0,1697063641
2023-10-05,0x7f670f78b17dec44d5ef68a48740b6f8849cc2e6,407,0xba971f58a00e8ffc7e91c0e8e7efccbfbfe8f09e,32438.253484,32438.253484,25950.602787,1,1,1697051415
2023-10-05,0x7f670f78b17dec44d5ef68a48740b6f8849cc2e6,416,0x151e5062d509bf6fc1b5345afa0e7397c9c82226,0.0,0.0,15383.363924,0,1,1697040821
2023-10-05,0x7f670f78b17dec44d5ef68a48740b6f8849cc2e6,433,0x4a9a3815060c3bd08fb4d44c9e74513874771b0c,0.0,0.0,57723.850525,0,1,1697062797
2023-10-05,0x7f670f78b17dec44d5ef68a48740b6f8849cc2e6,472,0x768a49d40b674a9ef54f5d1cf3d1054a749e905a,47996.597703,47996.597703,47996.597703,1,1,1697054315
2023-10-05,0x7f670f78b17dec44d5ef68a48740b6f8849cc2e6,473,0x97020c9ec66e0f59231918b1d2f167a66026aff2,0.0,0.0,15574.157232,0,1,1697050159
2023-10-05,0x7f670f78b17dec44d5ef68a48740b6f8849cc2e6,488,0x1fec6f448eb3ff479ea9682f7eff21a69762318f,45403.154346,45403.154346,45403.154346,1,1,1697063385
2023-10-05,0x7f670f78b17dec44d5ef68a48740b6f8849cc2e6,496,0x2b11807dbfc49bd0e21c5ace44d7a2191d992421,0.0,0.0,46145.640545,0,1,1696961179
2023-10-05,0x7f670f78b17dec44d5ef68a48740b6f8849cc2e6,499,0xbec85812e620b56525681312b12efce711a58135,45359.755818,45359.755818,44130.795773,1,1,1697036541
2023-10-05,0x7f670f78b17dec44d5ef68a48740b6f8849cc2e6,519,0xa23bde7b73b4acc73918e2362e6a646761955c7c,13147.476866,13147.476866,0.0,1,0,1697062925
2023-10-05,0x7f670f78b17dec44d5ef68a48740b6f8849cc2e6,523,0xde93a283495fa2834047b53871a8e4e09f96d841,11046.494107,11046.494107,0.0,1,0,1697054111
2023-10-05,0x7f670f78b17dec44d5ef68a48740b6f8849cc2e6,538,0x49fd1607a0b93334f090ebaf42c72babb38a0f76,0.0,0.0,40563.059317,0,1,1697049725
2023-10-05,0x7f670f78b17dec44d5ef68a48740b6f8849cc2e6,575,0x94587a95917188b338c822de2d1e77074131589f,0.0,0.0,9348.030858,0,1,1696611191
2023-10-05,0x7f670f78b17dec44d5ef68a48740b6f8849cc2e6,650,0x4ffc5f22770ab6046c8d66dabae3a9cd1e7a03e7,8752.983126,8752.983126,0.0,1,0,1697048227
2023-10-05,0x7f670f78b17dec44d5ef68a48740b6f8849cc2e6,737,0x7d374fe73fd8358a93c53e978477f7ba4129be0c,0.0,0.0,25164.103792,0,1,1697045433
2023-10-05,0x7f670f78b17dec44d5ef68a48740b6f8849cc2e6,758,0x8ccfcfa7e6133e0875192974d0d857fb7a28375e,3794.551435,3794.551435,0.0,1,0,1697054275
2023-10-05,0x7f670f78b17dec44d5ef68a48740b6f8849cc2e6,778,0x01f12fb1d38156fc6d1c9a7d813bde4b52d38e47,0.0,0.0,23073.035762,0,1,1697055571
2023-10-05,0x7f670f78b17dec44d5ef68a48740b6f8849cc2e6,816,0xe96f4e42719542b3f9556eef6ada7b819f0ac793,22642.085639,22642.085639,0.0,1,0,1697063479
2023-10-05,0x7f670f78b17dec44d5ef68a48740b6f8849cc2e6,836,0xe6b5a31d8bb53d2c769864ac137fe25f4989f1fd,20447.352871,20447.352871,0.0,1,0,1697055825
2023-10-05,0x7f670f78b17dec44d5ef68a48740b6f8849cc2e6,892,0x829a2eab39abb84c1e0aa621736a14443b5c5075,0.0,0.0,18116.291037,0,1,1697045817
2023-10-05,0x7f670f78b17dec44d5ef68a48740b6f8849cc2e6,910,0x16b00db74167b7469dda63b674ca9a3b1b70c439,21592.248347,21592.248347,0.0,1,0,1697050341
2023-10-05,0x7f670f78b17dec44d5ef68a48740b6f8849cc2e6,912,0x49a5492fdfe5acc966dd5f41310dfdfe8daa349c,25226.945755,25226.945755,25226.945755,1,1,1697060329
2023-10-05,0x7f670f78b17dec44d5ef68a48740b6f8849cc2e6,955,0x9cb016669c235ccebcd2fbbffa2d8d3a2247b02c,0.0,0.0,8092.494801,0,1,1697053199
2023-10-05,0x7f670f78b17dec44d5ef68a48740b6f8849cc2e6,1025,0xb8c511dc5d5ab1fc51fa7a4b521f0f3da0746c28,26975.647688,26975.647688,21686.920174,1,1,1697059481
2023-10-05,0x7f670f78b17dec44d5ef68a48740b6f8849cc2e6,1053,0x3216a8a03b07b6b19cbc21d62c8942e625fc3e07,3576.165102,3576.165102,3575.018482,1,1,1697048185
2023-10-05,0x7f670f78b17dec44d5ef68a48740b6f8849cc2e6,1058,0xd801e8d85d963b249c4408e67e3fdf472f0b377d,0.0,0.0,13523.167951,0,1,1697042645
2023-10-05,0x7f670f78b17dec44d5ef68a48740b6f8849cc2e6,1081,0x1143d16a0276653a3be32b298ceff28067d5f85d,0.0,0.0,13116.978409,0,1,1697057619
2023-10-05,0x7f670f78b17dec44d5ef68a48740b6f8849cc2e6,1093,0x234ef83bd3859c04c93eaafd0ecf6dfefe2d5a4b,12839.831164,12839.831164,12839.831164,1,1,1697059195
2023-10-05,0x7f670f78b17dec44d5ef68a48740b6f8849cc2e6,1129,0x56e08babb8bf928bd8571d2a2a78235ae57ae5bd,3135.706207,5017.129932,3752.395564,2,2,1697059015
2023-10-05,0x7f670f78b17dec44d5ef68a48740b6f8849cc2e6,1149,0x93b82c49c2af67797977ae344c07884164e6a592,2590.019282,5180.038565,3778.935011,3,3,1697061817
2023-10-05,0x7f670f78b17dec44d5ef68a48740b6f8849cc2e6,1173,0xe3ff24a97bfb65cadef30f6ad19a6ea7e6f6149d,11236.844434,11236.844434,0.0,1,0,1697039201
2023-10-05,0x7f670f78b17dec44d5ef68a48740b6f8849cc2e6,1229,0x59cd5156888ae3451941a9c006303e0e79ec13e7,0.0,0.0,10439.606174,0,1,1697063031
2023-10-05,0x7f670f78b17dec44d5ef68a48740b6f8849cc2e6,1302,0x764f4909251f81976a0a2dcebce95333e4c27517,3068.298593,3068.298593,2861.390791,1,1,1696979789
2023-10-05,0x7f670f78b17dec44d5ef68a48740b6f8849cc2e6,1363,0x43d16ccd581e1d6a8d51768f75ddf09b79f4f856,2153.052964,2153.052964,2153.052964,1,1,1697057053
2023-10-05,0x7f670f78b17dec44d5ef68a48740b6f8849cc2e6,1391,0xf9b7850ee758ca9878a052aeed04f24a50531ea1,42215.272256,42215.272256,36954.401321,1,1,1696524851
2023-10-05,0x7f670f78b17dec44d5ef68a48740b6f8849cc2e6,1458,0x698129ecee187bc180ea93803b9faea9fce33a46,7690.070914,7690.070914,0.0,1,0,1697055193
2023-10-05,0x7f670f78b17dec44d5ef68a48740b6f8849cc2e6,1523,0xaee01d14016abb9e27605e64e2bec3604297d785,7082.778355,7082.778355,0.0,1,0,1697055337
2023-10-05,0x7f670f78b17dec44d5ef68a48740b6f8849cc2e6,1566,0x24bf21c742791848cb37d228afad72a5a273b181,0.0,0.0,6802.169681,0,1,1697045247
2023-10-05,0x7f670f78b17dec44d5ef68a48740b6f8849cc2e6,1584,0xe64290f31019acdbd1162ed379aa168b8cbab991,6813.857807,6813.857807,0.0,1,0,1697036321
2023-10-05,0x7f670f78b17dec44d5ef68a48740b6f8849cc2e6,1696,0x915c4580dffd112db25a6cf06c76cdd9009637b7,5934.976913,5934.976913,5934.976913,1,1,1696525229
2023-10-05,0x7f670f78b17dec44d5ef68a48740b6f8849cc2e6,1757,0xe9cc16b79e7ea3cbc8124afb7b547826bc3dca28,23199.408089,23199.408089,10852.702338,1,1,1696988835
2023-10-05,0x7f670f78b17dec44d5ef68a48740b6f8849cc2e6,1761,0x797bc498edee4357a16a1054db0323cbd04c84c3,5335.442929,5335.442929,0.0,1,0,1697063365
2023-10-05,0x7f670f78b17dec44d5ef68a48740b6f8849cc2e6,1863,0x6547835644105f1313ffd5194f467720837b0c8c,2393.797149,2393.797149,2393.797149,1,1,1697052375
2023-10-05,0x7f670f78b17dec44d5ef68a48740b6f8849cc2e6,1900,0xda1a32adecb9b826b52570334be4759ad481b0fc,0.0,0.0,4581.726416,0,1,1697034651
2023-10-05,0x7f670f78b17dec44d5ef68a48740b6f8849cc2e6,1912,0x3e516b6d229bf935f1b6bf4a0c2531ddab48cf1b,0.0,0.0,1164.922579,0,1,1697040247
2023-10-05,0x7f670f78b17dec44d5ef68a48740b6f8849cc2e6,1942,0xbc8819c1821bc52b5d30d2dd52f0cb6110510005,4425.729105,4425.729105,0.0,1,0,1697062411
2023-10-05,0x7f670f78b17dec44d5ef68a48740b6f8849cc2e6,2014,0xd1dbb2b82915b6ddac5b1ca7a5421a678953b7ca,0.0,0.0,4218.086696,0,1,1696514073
2023-10-05,0x7f670f78b17dec44d5ef68a48740b6f8849cc2e6,2027,0x73bade8162e0fa995a2f7037deba9d094dec535f,0.0,0.0,4174.801269,0,1,1697064731
2023-10-05,0x7f670f78b17dec44d5ef68a48740b6f8849cc2e6,2036,0xde107b82e3e47ed281d276644b8115548c085c24,0.0,1043.929461,2084.464632,1,2,1696660433
2023-10-05,0x7f670f78b17dec44d5ef68a48740b6f8849cc2e6,2047,0x7239c9c7ca2ed6f684182fca881618fe4b557f9e,4427.052518,4427.052518,0.0,1,0,1697063541
2023-10-05,0x7f670f78b17dec44d5ef68a48740b6f8849cc2e6,2098,0x7facf85e84f443fef7113bf85e7a582b251a25b5,0.0,0.0,4013.965399,0,1,1697048343
2023-10-05,0x7f670f78b17dec44d5ef68a48740b6f8849cc2e6,2135,0xa32ed73eae62f165e3b3ddbeb19100e3cfe17fc3,16666.904439,16666.904439,11651.565316,1,1,1697059113
2023-10-05,0x7f670f78b17dec44d5ef68a48740b6f8849cc2e6,2312,0x3fe2e08a1f7766606574a91a5cfaf3342d023947,3524.615397,3524.615397,3524.615397,1,1,1697063263
2023-10-05,0x7f670f78b17dec44d5ef68a48740b6f8849cc2e6,2314,0x32a59b87352e980dd6ab1baf462696d28e63525d,0.0,0.0,3523.488425,0,1,1697054829
2023-10-05,0x7f670f78b17dec44d5ef68a48740b6f8849cc2e6,2337,0x27211186a6aca2c1371ea8b3deb528659a118081,863.690913,863.690913,0.0,1,0,1697064159
2023-10-05,0x7f670f78b17dec44d5ef68a48740b6f8849cc2e6,2348,0xa0efd27acc781549d5b78e89e561aa0903932d56,0.0,0.0,3470.797132,0,1,1696477979
2023-10-05,0x7f670f78b17dec44d5ef68a48740b6f8849cc2e6,2396,0x501c55d242422811440b6866c7d9a7e74a73bcd7,0.0,0.0,3297.556488,0,1,1697034219
2023-10-05,0x7f670f78b17dec44d5ef68a48740b6f8849cc2e6,2528,0x8851d8834f0593602d20c53badc267b599c80754,3188.021412,3188.021412,3184.63359,1,1,1696553903
2023-10-05,0x7f670f78b17dec44d5ef68a48740b6f8849cc2e6,2572,0xbdf115e1d046d7349a661eaa251d48608e3f939e,0.0,0.0,3126.028545,0,1,1697009405
2023-10-05,0x7f670f78b17dec44d5ef68a48740b6f8849cc2e6,2578,0xb010f98395e72819d391818da9d54a26d985f402,3093.980353,3093.980353,0.0,1,0,1696488859
2023-10-05,0x7f670f78b17dec44d5ef68a48740b6f8849cc2e6,2682,0x2f486cd2711fed55ecc481a5a0ac62001ebfb16c,1485.437531,1485.437531,1485.437531,1,1,1696491079
2023-10-05,0x7f670f78b17dec44d5ef68a48740b6f8849cc2e6,2794,0x3d409b7cac949135657a9ee5f59ffc27e0bf5d6e,0.0,0.0,2539.34948,0,1,1697030993
2023-10-05,0x7f670f78b17dec44d5ef68a48740b6f8849cc2e6,2879,0x3160d515e01067cc3563a0fe447c7dd7fc57364a,2219.717605,2219.717605,2219.717605,1,1,1696886999
2023-10-05,0x7f670f78b17dec44d5ef68a48740b6f8849cc2e6,2943,0x92ca794abee06a3571c8eb92e42e5e6f5bd5ce54,2069.651219,2069.651219,2069.651219,1,1,1697063915
2023-10-05,0x7f670f78b17dec44d5ef68a48740b6f8849cc2e6,2980,0x0479760ed93a78f29a57d23b0c3bfff987a15332,1990.254298,1990.254298,0.0,1,0,1696515479
2023-10-05,0x7f670f78b17dec44d5ef68a48740b6f8849cc2e6,2987,0x4f266f295bad85436ecea51e0ae2afe82b11553b,1964.335172,1964.335172,0.0,1,0,1696487945
2023-10-05,0x7f670f78b17dec44d5ef68a48740b6f8849cc2e6,3049,0x24de90e08999faed07011a574104fe57f3465f96,0.0,0.0,1869.854444,0,1,1696934737
2023-10-05,0x7f670f78b17dec44d5ef68a48740b6f8849cc2e6,3079,0x14ab9f431b7d25fcad366ec9511dce38e229745c,1831.167786,1831.167786,1831.167786,1,1,1697063697
2023-10-05,0x7f670f78b17dec44d5ef68a48740b6f8849cc2e6,3127,0x8bb89c74736017e0d1102ed65d49be9cb6b3cc48,1761.929907,1761.929907,0.0,1,0,1697029279
2023-10-05,0x7f670f78b17dec44d5ef68a48740b6f8849cc2e6,3129,0xf5e3c687d2b13751ada65906849df79b609d9746,1870.197326,1870.197326,1845.040066,1,1,1697064149
2023-10-05,0x7f670f78b17dec44d5ef68a48740b6f8849cc2e6,3133,0x6b995c46343c82c3171cea9a22e7533004307675,1750.4831,1750.4831,0.0,1,0,1697063411
2023-10-05,0x7f670f78b17dec44d5ef68a48740b6f8849cc2e6,3138,0xd210ae3ea4bb169163f4e9876109a2c204ad3a87,2009.897263,2009.897263,2009.897263,1,1,1697052741
2023-10-05,0x7f670f78b17dec44d5ef68a48740b6f8849cc2e6,3150,0x5259e022cd88761eabf328f29aab25a123112c8a,3541.843648,3541.843648,3041.843648,1,1,1697047565
2023-10-05,0x7f670f78b17dec44d5ef68a48740b6f8849cc2e6,3184,0x233dd9c513012418fa6aa38f464ebed1c5bd0d7c,7847.387525,7847.387525,0.0,1,0,1697050867
2023-10-05,0x7f670f78b17dec44d5ef68a48740b6f8849cc2e6,3347,0x175fb20b9b5bcf80a0167d403405e6f3a074cfa0,288.100448,288.100448,288.100448,1,1,1696627085
2023-10-05,0x7f670f78b17dec44d5ef68a48740b6f8849cc2e6,3393,0x2446f1a75162f045d02f23d1d3b0f5a2c0f9a4cb,1449.351265,1449.351265,0.0,1,0,1697063621
2023-10-05,0x7f670f78b17dec44d5ef68a48740b6f8849cc2e6,3470,0x8dc4eac2012e04f62ef6445cdf4b19dea81a2d8b,1523.348623,1523.348623,1502.381675,1,1,1697050955
2023-10-05,0x7f670f78b17dec44d5ef68a48740b6f8849cc2e6,3781,0xaf11495f021c5c2c5f5230f40d5d57ebe4059700,28543.03509,28543.03509,21048.691019,1,1,1697053639
2023-10-05,0x7f670f78b17dec44d5ef68a48740b6f8849cc2e6,3838,0x39beb60bc4c1b8b0ebeedc515c7a56e7dfb3a5a9,480.610766,480.610766,0.0,1,0,1696624513
2023-10-05,0x7f670f78b17dec44d5ef68a48740b6f8849cc2e6,3891,0x7733fc651f61a4c5e881ab0455ec2e3da4c59742,1408.452962,1408.452962,0.0,1,0,1696467831
2023-10-05,0x7f670f78b17dec44d5ef68a48740b6f8849cc2e6,3908,0xf60de76791c2f09995df52aa1c6e2e7dcf1e75d7,0.0,0.0,955.098214,0,1,1697062455
2023-10-05,0x7f670f78b17dec44d5ef68a48740b6f8849cc2e6,4091,0xfc05c439a4475b9126f61b34c1727a0d148fd216,869.745989,869.745989,869.745989,1,1,1696522845
2023-10-05,0x7f670f78b17dec44d5ef68a48740b6f8849cc2e6,4115,0x268abf8dcb799ee29363022f3e139f6a33861938,0.0,0.0,736.759115,0,1,1697035271
2023-10-05,0x7f670f78b17dec44d5ef68a48740b6f8849cc2e6,4119,0xc2a08ff99df2dd45ca5cf5bc6636954f33294830,372.226931,372.226931,0.0,1,0,1696574399
2023-10-05,0x7f670f78b17dec44d5ef68a48740b6f8849cc2e6,4146,0xfc1aa1f2e40ec0cc25300c4b08b8513984844f19,1851.362514,1851.362514,0.0,1,0,1696546223
2023-10-05,0x7f670f78b17dec44d5ef68a48740b6f8849cc2e6,4246,0x5a884d400df60d92391185d39bf169700a049539,665.448142,665.448142,665.448142,1,1,1696543353
2023-10-05,0x7f670f78b17dec44d5ef68a48740b6f8849cc2e6,4484,0x98e78cd936e6d7bb685d1cb3e4f3766322057183,131.032147,131.032147,0.0,1,0,1697064207
2023-10-05,0x7f670f78b17dec44d5ef68a48740b6f8849cc2e6,4518,0x43917a8174465dc01522e8e14335eaa2cde33f6f,129.061062,129.061062,129.061062,1,1,1696531493
2023-10-05,0x7f670f78b17dec44d5ef68a48740b6f8849cc2e6,4609,0xf507e035b9243ae54b9bca48dc5448d2888f50bd,475.218913,475.218913,474.866053,1,1,1696559927
2023-10-05,0x7f670f78b17dec44d5ef68a48740b6f8849cc2e6,4644,0x54bf5834b8ac11a33f98dd3283e496d89768f490,591.844287,591.844287,0.0,1,0,1697063379
2023-10-05,0x7f670f78b17dec44d5ef68a48740b6f8849cc2e6,4680,0xf09b9d7949876a20ca071b42fda58b80563a7686,452.73284,452.73284,452.73284,1,1,1696716255
2023-10-05,0x7f670f78b17dec44d5ef68a48740b6f8849cc2e6,5089,0x393f50d7a6efdae2c6b70bb493728e037714eac5,0.0,0.0,394.242271,0,1,1697060737
2023-10-05,0x7f670f78b17dec44d5ef68a48740b6f8849cc2e6,5193,0x36d144b70522db6137f58ddb8a412748486ba788,0.0,0.0,386.740483,0,1,1697027561
2023-10-05,0x7f670f78b17dec44d5ef68a48740b6f8849cc2e6,5339,0x87ae00631183f8ae41dafab2b0eb959fcf4f8b9d,379.15075,379.15075,379.15075,1,1,1697059179
2023-10-05,0x7f670f78b17dec44d5ef68a48740b6f8849cc2e6,5457,0x8db7a537d8478df3c6d95ff33b4270342862957f,93.426079,93.426079,0.0,1,0,1696541731
2023-10-05,0x7f670f78b17dec44d5ef68a48740b6f8849cc2e6,5740,0x4f5695d12c30eae448c5f38023b12572e483453c,364.760704,364.760704,0.0,1,0,1697059159
2023-10-05,0x7f670f78b17dec44d5ef68a48740b6f8849cc2e6,5780,0xba3ee5e1ef6ff94e408d218e04be1b739b46d178,447.52185,447.52185,223.760925,1,1,1697056067
2023-10-05,0x7f670f78b17dec44d5ef68a48740b6f8849cc2e6,6056,0xc630ee3e52a40a2c87d3507b18d11efb178d01ab,40.098845,40.098845,110.585346,1,1,1696596589
2023-10-05,0x7f670f78b17dec44d5ef68a48740b6f8849cc2e6,6120,0x678823b4191cf38b35c5b61a42d98132ec6a7662,353.912887,353.912887,353.912887,1,1,1697048363
2023-10-05,0x7f670f78b17dec44d5ef68a48740b6f8849cc2e6,6253,0x3e1084ddb8a931a2cae673292f5e707b5125c2f0,351.343629,351.343629,351.343629,1,1,1696473833
2023-10-05,0x7f670f78b17dec44d5ef68a48740b6f8849cc2e6,6260,0x1962f0009f1a7f1ea458f7f7574f9798dc851fe0,350.882686,350.882686,350.882686,1,1,1696524725
2023-10-05,0x7f670f78b17dec44d5ef68a48740b6f8849cc2e6,6310,0xc94327cbb9eef801a4bbe3459766bb712c5ad979,175.274525,175.274525,175.166348,1,1,1697051503
2023-10-05,0x7f670f78b17dec44d5ef68a48740b6f8849cc2e6,6518,0x5da68351bd082abda73e42ac981db51d9364fe69,10.347051,10.347051,14.652766,1,1,1697050641
2023-10-05,0x7f670f78b17dec44d5ef68a48740b6f8849cc2e6,6777,0xee6c29d19ac7f94a2d100a9a6bac8491d1c5bad8,627.899205,627.899205,1262.101249,1,1,1696525271
2023-10-05,0x7f670f78b17dec44d5ef68a48740b6f8849cc2e6,6808,0x8aa98470de4bf6a85f13393ae1169a5e625a4e6d,0.0,0.0,374.426822,0,1,1696799013
2023-10-05,0x7f670f78b17dec44d5ef68a48740b6f8849cc2e6,7226,0xa502107ce1393d37ba9e74cfbc70235eb9e8d028,0.0,0.0,614.143584,0,1,1696810959
2023-10-05,0x7f670f78b17dec44d5ef68a48740b6f8849cc2e6,7406,0x2db6f5e838ed2bad993e9ff2d3d7a5c1cc35704c,215862.851757,215862.851757,215793.640001,1,1,1696933509
2023-10-05,0x7f670f78b17dec44d5ef68a48740b6f8849cc2e6,7719,0x046fa360b57d93fc37a8e427b3e591219844bb27,2.493986,2.493986,2.524975,1,1,1696777055
2023-10-05,0x7f670f78b17dec44d5ef68a48740b6f8849cc2e6,7762,0xb8a8663d7ae13c298972c5ab2ff392c3cbed8473,18.677387,18.677387,18.928288,1,1,1697050677
2023-10-05,0x7f670f78b17dec44d5ef68a48740b6f8849cc2e6,7857,0x4886ba5d2b3e0ae1e80172d3bddc4feb32e1ce26,4.485254,4.485254,2.042311,1,1,1696924065
2023-10-05,0x7f670f78b17dec44d5ef68a48740b6f8849cc2e6,7876,0x597a11c323818aa638a229a741570981c6f4d5d5,636.693909,636.693909,349.364223,1,1,1696892517
2023-10-05,0x7f670f78b17dec44d5ef68a48740b6f8849cc2e6,7998,0x04d4e38e09a2f3dae520f3d0071e10b51b78b77a,0.0,0.0,12132.669234,0,1,1697029963
2023-10-05,0x7f670f78b17dec44d5ef68a48740b6f8849cc2e6,8032,0xf265702178a66b4b7ce079fc8a1629e47cf1bcde,201179.685516,201179.685516,0.0,1,0,1697055981
2023-10-05,0x7f670f78b17dec44d5ef68a48740b6f8849cc2e6,8047,0x4ee67d558e065c6655f6a871a881e4717d97d1bd,5758.504826,5758.504826,0.0,1,0,1697063953
2023-10-05,0x7f670f78b17dec44d5ef68a48740b6f8849cc2e6,8064,0x478f5fddc5ad95e8602908dc6b23522b5998a6d6,7.271174,7.271174,7.541528,1,1,1697019727
2023-10-05,0x7f670f78b17dec44d5ef68a48740b6f8849cc2e6,8065,0xcff8eb70b166bba2304518e5a09fa67e43c21216,7.265012,7.265012,7.535142,1,1,1697020043
2023-10-05,0x7f670f78b17dec44d5ef68a48740b6f8849cc2e6,8066,0x5c2bb04553c205587af500f53e37e28414dd100b,7.262835,7.262835,7.53285,1,1,1697020071
2023-10-05,0x7f670f78b17dec44d5ef68a48740b6f8849cc2e6,8068,0x4428b40e5a2824144fe3fb08571c95ed1e52fb9b,9.902735,9.902735,9.992191,1,1,1697020127
2023-10-05,0x7f670f78b17dec44d5ef68a48740b6f8849cc2e6,8069,0xf34b15ad6dafe19bc016d114a2c769619c953727,9.911084,9.911084,10.000303,1,1,1697020171
2023-10-05,0x7f670f78b17dec44d5ef68a48740b6f8849cc2e6,8070,0x0fce2030d9ca8b7987f82c5f0433edba6a70b5f3,9.891345,9.891345,9.99033,1,1,1697020195
2023-10-05,0x7f670f78b17dec44d5ef68a48740b6f8849cc2e6,8071,0xc552d0c6bb49671e0c8c1537338acd086e0f1108,9.890982,9.890982,9.990141,1,1,1697020215
2023-10-05,0x7f670f78b17dec44d5ef68a48740b6f8849cc2e6,8072,0x64e71b440cec3a7ea58e13c9a8bc79163de9b3e7,9.885253,9.885253,9.987242,1,1,1697020233
2023-10-05,0x7f670f78b17dec44d5ef68a48740b6f8849cc2e6,8073,0xde76c45ed9385c48346baaab0baf511ae939b2b8,9.885812,9.885812,9.987518,1,1,1697020249
2023-10-05,0x7f670f78b17dec44d5ef68a48740b6f8849cc2e6,8074,0x0b504389ffa6181893670ebab4e4584e74706e7e,9.88428,9.88428,9.98674,1,1,1697020267
2023-10-05,0x7f670f78b17dec44d5ef68a48740b6f8849cc2e6,8075,0xca32a60f29b9b7e22fb7713baf82618b8e0e72d9,9.883852,9.883852,9.986519,1,1,1697020285
2023-10-05,0x7f670f78b17dec44d5ef68a48740b6f8849cc2e6,8076,0xe45fe07fec55b40da85d4df75fe54f484c7fcdcc,9.890261,9.890261,9.989752,1,1,1697020305
2023-10-05,0x7f670f78b17dec44d5ef68a48740b6f8849cc2e6,8129,0x72195dda0361f43ce544b750f318d04b35836933,0.0,0.0,4.985568,0,1,1696696327
2023-10-05,0x7f670f78b17dec44d5ef68a48740b6f8849cc2e6,8301,0xcb9503adf8d6a6335a2238891e824e5da551ddf2,247.929137,957.055236,764.351332,6,6,1697007485
2023-10-05,0x7f670f78b17dec44d5ef68a48740b6f8849cc2e6,8352,0x12c58f57177b8d5832f60cfa690770c19ac9da19,0.0,0.0,2436.26292,0,1,1696471391
2023-10-05,0x7f670f78b17dec44d5ef68a48740b6f8849cc2e6,8370,0x2db6f5e838ed2bad993e9ff2d3d7a5c1cc35704c,48618.290014,48618.290014,0.0,1,0,1696933517
2023-10-05,0x7f670f78b17dec44d5ef68a48740b6f8849cc2e6,8377,0x34a09c6b42d7d11cf23008ad63ac2983e18efbdd,15142.723602,15142.723602,0.0,1,0,1696989423
2023-10-05,0x7f670f78b17dec44d5ef68a48740b6f8849cc2e6,8387,0x44c630a1fcc2817e048cc1101050a18f919cd099,36837.202532,36837.202532,0.0,1,0,1697063933
2023-10-05,0x7f670f78b17dec44d5ef68a48740b6f8849cc2e6,8389,0x4ccfeb186c61217f05d8756314c600089b27a1c3,5023.587292,5023.587292,0.0,1,0,1697064485
2023-10-05,0x7f670f78b17dec44d5ef68a48740b6f8849cc2e6,8406,0x5d781a5e0d360006b28c96f383d54f6b622044ab,0.0,0.0,1311.83388,0,1,1696472827
2023-10-05,0x7f670f78b17dec44d5ef68a48740b6f8849cc2e6,8438,0xa23bde7b73b4acc73918e2362e6a646761955c7c,562.21452,562.21452,0.0,1,0,1697062965
2023-10-05,0x7f670f78b17dec44d5ef68a48740b6f8849cc2e6,8473,0xe3d69bcab5daaea39787eeaf4c0369de366d71bd,1124.42904,1124.42904,0.0,1,0,1697056787
2023-10-05,0x7f670f78b17dec44d5ef68a48740b6f8849cc2e6,8479,0xf51e5a0a85d29aa0508894405d734bcf044dcb5b,290256.945184,290256.945184,290070.875619,1,1,1697054485
2023-10-05,0x7f670f78b17dec44d5ef68a48740b6f8849cc2e6,8484,0xfd90ad81ad93d9af1008a513d964f6fbc589034d,31745.494856,31745.494856,0.0,1,0,1697059521
2023-10-05,0x7f670f78b17dec44d5ef68a48740b6f8849cc2e6,8499,0x43ddfb8792e449563c075ff07f59da0ad4cc5d58,24.930627,24.930627,0.0,1,0,1696468439
2023-10-05,0x7f670f78b17dec44d5ef68a48740b6f8849cc2e6,8516,0xa5a2a35fa9404f3603505984506206ccf208489f,5e-06,5e-06,0.0,1,0,1696503683
2023-10-05,0x7f670f78b17dec44d5ef68a48740b6f8849cc2e6,8538,0x4a93ae06b056ec6cb82f627f3da59941998e2941,2.973385,2.973385,0.0,1,0,1696576465
2023-10-05,0x7f670f78b17dec44d5ef68a48740b6f8849cc2e6,8562,0x37fa97bf4d44446eabf06bba000e63d78ed221a4,19.999472,19.999472,0.0,1,0,1696681511
2023-10-05,0x7f670f78b17dec44d5ef68a48740b6f8849cc2e6,8585,0xa242fb8cb0d8c82f445e1d676cffb32423ca5c51,1.249597,1.249597,0.0,1,0,1696763887
2023-10-05,0x7f670f78b17dec44d5ef68a48740b6f8849cc2e6,8609,0x651f51ababf1e51bd04420f06e97f5becc18cb98,2667.1128,2667.1128,0.0,1,0,1696865353
2023-10-05,0x7f670f78b17dec44d5ef68a48740b6f8849cc2e6,8648,0x06d93e26b219ba35925de8f3179300fac7948b78,1.859678,1.859678,0.0,1,0,1697019713
2023-10-05,0x7f670f78b17dec44d5ef68a48740b6f8849cc2e6,8661,0x067661a6e4db7834d5f4b9d9f84b95a8c1621814,3.999732,3.999732,0.0,1,0,1697045625
2023-10-05,0x89de19c640b03649206e9998481ee9e8e23ebcaf,105,0x208a17c5fabe5b90282e5906945ff335e39326c4,0.0,0.0,129040.52696,0,1,1697051893
2023-10-05,0x89de19c640b03649206e9998481ee9e8e23ebcaf,351,0x6d71973078b858dab13bf9894c3969df6e5fced7,0.0,0.0,95769.440979,0,1,1697065045
2023-10-05,0x89de19c640b03649206e9998481ee9e8e23ebcaf,1534,0xaf0b68a684e2b7961a0b6078e36f43d6e990e54b,7437.617515,7437.617515,0.0,1,0,1697055733
2023-10-05,0x89de19c640b03649206e9998481ee9e8e23ebcaf,2073,0x518180f11414d823647daa068a5847d63c3f128c,4063.473733,4063.473733,0.0,1,0,1697064113
2023-10-05,0x89de19c640b03649206e9998481ee9e8e23ebcaf,8126,0xfd543fdd0ddd37ddcb390ce79e52d14a5e1dba14,0.0,0.0,0.014618,0,1,1696607529
2023-10-05,0x8b432c54d6e8e1b8d1802753514ab53044af1861,1,0xbde0c70bdc242577c52dfad53389f82fd149ea5a,2127091.110345,2127091.110345,455853.25258,1,1,1697045005
2023-10-05,0x8b432c54d6e8e1b8d1802753514ab53044af1861,2,0x51e171d2fde9b37bbbb624a53ef54959422388e4,1519350.793104,1519350.793104,325609.466128,1,1,1697050283
2023-10-05,0x8b432c54d6e8e1b8d1802753514ab53044af1861,5,0x5b1892b546002ff3dd508500575bd6bf7a101431,556989.972308,556989.972308,119367.578311,1,1,1697045057
2023-10-05,0x8b432c54d6e8e1b8d1802753514ab53044af1861,7,0x586cf50c2874f3e3997660c0fd0996b090fb9764,741033.738861,741033.738861,388172.433962,1,1,1696963035
2023-10-05,0x8b432c54d6e8e1b8d1802753514ab53044af1861,9,0x08e18394086cb624b3d47430d115fafa01f4055e,799811.301976,799811.301976,799811.301976,1,1,1697026685
2023-10-05,0x8b432c54d6e8e1b8d1802753514ab53044af1861,24,0x208a17c5fabe5b90282e5906945ff335e39326c4,0.0,0.0,5472.02097,0,1,1697051865
2023-10-05,0x8b432c54d6e8e1b8d1802753514ab53044af1861,51,0x0f228805c03a693aa964a791e0b2e2c6e6c6513f,284420.774446,284420.774446,0.0,1,0,1697062913
2023-10-05,0x8b432c54d6e8e1b8d1802753514ab53044af1861,52,0x3fd5dbf9f74d69b71774d729dd84bd8b3db7e815,269171.069643,269171.069643,269084.765761,1,1,1697053755
2023-10-05,0x8b432c54d6e8e1b8d1802753514ab53044af1861,54,0xf265702178a66b4b7ce079fc8a1629e47cf1bcde,0.0,0.0,445398.356553,0,1,1697055531
2023-10-05,0x8b432c54d6e8e1b8d1802753514ab53044af1861,68,0x132e47cf2c19ec2d8dd56e1528fc7e18dc09188f,110794.567828,110794.567828,106744.361853,1,1,1697053575
2023-10-05,0x8b432c54d6e8e1b8d1802753514ab53044af1861,73,0x1ba6b82641c77ab1fc7bc734c5c3628199a8967d,0.0,0.0,239122.874072,0,1,1697059333
2023-10-05,0x8b432c54d6e8e1b8d1802753514ab53044af1861,85,0xc877f7c4c1605692226888f884a823cfb8eb11bd,0.0,0.0,386643.326205,0,1,1697031999
2023-10-05,0x8b432c54d6e8e1b8d1802753514ab53044af1861,93,0x0291eb432cb4a2613a7415018933e3db45bcd769,303472.991229,303472.991229,0.0,1,0,1697047461
2023-10-05,0x8b432c54d6e8e1b8d1802753514ab53044af1861,106,0x615e5022252b31af496574f00d5519c5d93261ab,127325.947908,127325.947908,0.0,1,0,1696990601
2023-10-05,0x8b432c54d6e8e1b8d1802753514ab53044af1861,108,0x342f3002bb6f77441dfa40480ebb169d6912b464,0.0,0.0,495726.271272,0,1,1697040265
2023-10-05,0x8b432c54d6e8e1b8d1802753514ab53044af1861,109,0xbe7019f8333b0b3cfc707ac353ebc2123140134c,123420.477116,123420.477116,246840.954231,1,1,1697061795
2023-10-05,0x8b432c54d6e8e1b8d1802753514ab53044af1861,112,0x5c965d2f24e8fc49146575b039fbda4033d3cf94,526100.337619,526100.337619,172117.443367,1,1,1697043163
2023-10-05,0x8b432c54d6e8e1b8d1802753514ab53044af1861,114,0x611b0c1ed942b833c786c53883a4aa37a25602a6,162987.978662,162987.978662,0.0,1,0,1697034219
2023-10-05,0x8b432c54d6e8e1b8d1802753514ab53044af1861,122,0xc1061bc6e62d7908eb21f57788b48b3636a2c2d6,106216.107228,106216.107228,42486.442891,1,1,1697052275
2023-10-05,0x8b432c54d6e8e1b8d1802753514ab53044af1861,124,0x5d6f3d0c92d0564151357b0863e55e9ed4631b8d,43144.83081,43144.83081,43144.83081,1,1,1697062569
2023-10-05,0x8b432c54d6e8e1b8d1802753514ab53044af1861,128,0x193578944fb0a0d31508f889528e9c345d90961b,102751.415555,102751.415555,205375.998028,1,1,1697043295
2023-10-05,0x8b432c54d6e8e1b8d1802753514ab53044af1861,129,0xcb7d87f5502fc91529e0fe92373dddd8ff1f3d7c,211043.464836,211043.464836,0.0,1,0,1697056631
2023-10-05,0x8b432c54d6e8e1b8d1802753514ab53044af1861,138,0x53e0b897eae600b2f6855fce4a42482e9229d2c2,119524.311073,119524.311073,0.0,1,0,1697034215
2023-10-05,0x8b432c54d6e8e1b8d1802753514ab53044af1861,165,0x54ecb3397b0bf31cb0b81eb2444e2a7b32507d8b,0.0,0.0,47399.531837,0,1,1697063619
2023-10-05,0x8b432c54d6e8e1b8d1802753514ab53044af1861,174,0x83bad39f067ef72e354f2ea9d318eaad381a7f15,23366.399704,23366.399704,0.0,1,0,1697041741
2023-10-05,0x8b432c54d6e8e1b8d1802753514ab53044af1861,185,0x5952bab55191f8a815ccd8ba4945f7a09ef5def7,291542.187451,291542.187451,178848.42106,1,1,1697043023
2023-10-05,0x8b432c54d6e8e1b8d1802753514ab53044af1861,207,0x670647441d9c24d981923c9293a2e4eae6d0c8b3,0.0,0.0,304596.470561,0,1,1697060261
2023-10-05,0x8b432c54d6e8e1b8d1802753514ab53044af1861,211,0x2d1ef4acf4cae6a38950971aaaa15f88d9b3f165,90934.216922,90934.216922,0.0,1,0,1697046441
2023-10-05,0x8b432c54d6e8e1b8d1802753514ab53044af1861,238,0xb6f28ae8f31d85dc27361852b986286113bc588d,40698.108217,40698.108217,0.0,1,0,1697062351
2023-10-05,0x8b432c54d6e8e1b8d1802753514ab53044af1861,241,0xd639eee81b30d8b34d5d8cbce83f193e2ba298e4,37920.5699,37920.5699,37908.411489,1,1,1697064485
2023-10-05,0x8b432c54d6e8e1b8d1802753514ab53044af1861,242,0xa0eb44b173af64f2fdb47c7d76ff3a33e04103b6,38259.161511,38259.161511,0.0,1,0,1697061677
2023-10-05,0x8b432c54d6e8e1b8d1802753514ab53044af1861,295,0xa311ab5780aa036b71aac2b71163fd03ec0df59e,27669.559003,27669.559003,27660.687357,1,1,1697051671
2023-10-05,0x8b432c54d6e8e1b8d1802753514ab53044af1861,303,0xab12253171a0d73df64b115cd43fe0a32feb9daa,26650.535155,26650.535155,0.0,1,0,1697046769
2023-10-05,0x8b432c54d6e8e1b8d1802753514ab53044af1861,322,0xc877f7c4c1605692226888f884a823cfb8eb11bd,0.0,0.0,49211.706033,0,1,1697031989
2023-10-05,0x8b432c54d6e8e1b8d1802753514ab53044af1861,341,0xb1d47d39c3bb868e5e4be068b7057d4caad0b31c,21644.779994,21644.779994,21749.046311,1,1,1697059107
2023-10-05,0x8b432c54d6e8e1b8d1802753514ab53044af1861,347,0xdffd8bbf8dcaf236c4e009ff6013bfc98407b6c0,0.0,0.0,84658.308256,0,1,1697057793
2023-10-05,0x8b432c54d6e8e1b8d1802753514ab53044af1861,380,0xc2fec534c461c45533e142f724d0e3930650929c,34783.236491,34783.236491,0.0,1,0,1697037443
2023-10-05,0x8b432c54d6e8e1b8d1802753514ab53044af1861,394,0x683028fc63477b8a702cfe7475865952d3e8ac09,0.0,0.0,67550.391116,0,1,1697063641
2023-10-05,0x8b432c54d6e8e1b8d1802753514ab53044af1861,416,0x151e5062d509bf6fc1b5345afa0e7397c9c82226,21536.709493,21536.709493,15383.363924,1,1,1697040821
2023-10-05,0x8b432c54d6e8e1b8d1802753514ab53044af1861,420,0x8cc1547f2aebbbaa9466310355110427449a937f,30158.373552,30158.373552,60297.407844,1,1,1697044395
2023-10-05,0x8b432c54d6e8e1b8d1802753514ab53044af1861,428,0xbb1766a13674dc9c8d194377f3c92153de381883,0.0,0.0,29304.793442,0,1,1697018507
2023-10-05,0x8b432c54d6e8e1b8d1802753514ab53044af1861,437,0xbae3b46e29e7cfd2bba8164765d592ce9802ec70,55766.840021,111413.269972,55646.429951,2,1,1697063763
2023-10-05,0x8b432c54d6e8e1b8d1802753514ab53044af1861,475,0xda1d9534bef3344fa5be3b644b767b349e7415c7,4762.448078,4762.448078,11902.302756,1,1,1697065119
2023-10-05,0x8b432c54d6e8e1b8d1802753514ab53044af1861,493,0x15bbcf76110505d3be5a9eb10c63f57f66d20c40,45897.763379,45897.763379,0.0,1,0,1697056667
2023-10-05,0x8b432c54d6e8e1b8d1802753514ab53044af1861,497,0xc5be928c3d096969842a3524a3bfcff051d7d68e,44134.703348,44134.703348,0.0,1,0,1697055901
2023-10-05,0x8b432c54d6e8e1b8d1802753514ab53044af1861,504,0xcfba6d63ec822425775d3c509e60ff689c1ae1e7,4471.490091,4471.490091,0.0,1,0,1696990017
2023-10-05,0x8b432c54d6e8e1b8d1802753514ab53044af1861,509,0x34223719d75cbc336b77ccd8af6b9342bd6af1cb,8577.050769,8577.050769,0.0,1,0,1697044323
2023-10-05,0x8b432c54d6e8e1b8d1802753514ab53044af1861,519,0xa23bde7b73b4acc73918e2362e6a646761955c7c,0.0,0.0,13143.261412,0,1,1697062925
2023-10-05,0x8b432c54d6e8e1b8d1802753514ab53044af1861,523,0xde93a283495fa2834047b53871a8e4e09f96d841,4418.597643,4418.597643,0.0,1,0,1697054111
2023-10-05,0x8b432c54d6e8e1b8d1802753514ab53044af1861,557,0xeaceb7f4cddb1177b752ef682ad7a0c5cd31fc05,39004.172447,39004.172447,0.0,1,0,1697042413
2023-10-05,0x8b432c54d6e8e1b8d1802753514ab53044af1861,561,0x00bc2b77b0407b77fc8ca50c651be882a6e7820c,0.0,0.0,13400.922021,0,1,1696913317
2023-10-05,0x8b432c54d6e8e1b8d1802753514ab53044af1861,583,0xd8a30dbb3b8b204b6d8bb800d0f2865d07dc904c,9203.997117,9203.997117,9201.046054,1,1,1697035151
2023-10-05,0x8b432c54d6e8e1b8d1802753514ab53044af1861,596,0xdffd8bbf8dcaf236c4e009ff6013bfc98407b6c0,0.0,0.0,36259.522854,0,1,1697057907
2023-10-05,0x8b432c54d6e8e1b8d1802753514ab53044af1861,597,0x1ce0c2b445c8e87ea4c40b6e721d9a39b09f6459,0.0,0.0,3606.240568,0,1,1697058027
2023-10-05,0x8b432c54d6e8e1b8d1802753514ab53044af1861,611,0xbe4896c3acb7fc415e2e69108333ed431eb38993,0.0,0.0,35090.665786,0,1,1697051771
2023-10-05,0x8b432c54d6e8e1b8d1802753514ab53044af1861,630,0xa248f4a3d9c1b9d08e7e2e45cf5e11296b2bf4ea,16886.315834,16886.315834,0.0,1,0,1697043355
2023-10-05,0x8b432c54d6e8e1b8d1802753514ab53044af1861,664,0x577be3ed9a71e1c355f519bbdf5f09ba2018b1cc,0.0,0.0,7713.265628,0,1,1696984269
2023-10-05,0x8b432c54d6e8e1b8d1802753514ab53044af1861,674,0xf076823122f106c2b7f21cbaacd1c9db1ce4cf27,7481.387539,7481.387539,7481.387539,1,1,1697036289
2023-10-05,0x8b432c54d6e8e1b8d1802753514ab53044af1861,685,0x30858a8051eaa08fbc3dc37fb290792fd30664b7,0.0,0.0,28746.442341,0,1,1696958387
2023-10-05,0x8b432c54d6e8e1b8d1802753514ab53044af1861,694,0xbfc4fbbec37c291aed1d14f02b5221d0be0fe8f1,7054.904092,7054.904092,7052.642089,1,1,1697037123
2023-10-05,0x8b432c54d6e8e1b8d1802753514ab53044af1861,743,0x55f007605d7f78ba48beae6034ec46a2bbe98d3d,24921.98377,24921.98377,0.0,1,0,1697049307
2023-10-05,0x8b432c54d6e8e1b8d1802753514ab53044af1861,764,0xa311ab5780aa036b71aac2b71163fd03ec0df59e,0.0,0.0,5982.147266,0,1,1697051517
2023-10-05,0x8b432c54d6e8e1b8d1802753514ab53044af1861,779,0x82d685057b3078618b541c3dee62fbfc71b4859e,23028.431669,23028.431669,0.0,1,0,1697039363
2023-10-05,0x8b432c54d6e8e1b8d1802753514ab53044af1861,780,0xc4b4691d8c9194e9f98e2609e6f8481ba713dd2a,0.0,0.0,22871.146374,0,1,1697055647
2023-10-05,0x8b432c54d6e8e1b8d1802753514ab53044af1861,787,0x1c494f1919c1512ebe74a5dcc17dac9a64069023,0.0,0.0,6717.074174,0,1,1697063441
2023-10-05,0x8b432c54d6e8e1b8d1802753514ab53044af1861,799,0xe7090015768ed8f07ada91bded606f3bc44100b4,0.0,0.0,21845.426146,0,1,1697063267
2023-10-05,0x8b432c54d6e8e1b8d1802753514ab53044af1861,801,0x2c9c3050b242df683c5db26a0c5874c938e06b8f,0.0,0.0,10912.984253,0,1,1697063329
2023-10-05,0x8b432c54d6e8e1b8d1802753514ab53044af1861,810,0x609470c2f08ff626078ba64ceb905d73b155089d,21411.588022,21411.588022,21404.72286,1,1,1697032669
2023-10-05,0x8b432c54d6e8e1b8d1802753514ab53044af1861,879,0x34ff77a853a14579d2120ac08c5e342cee08ad71,0.0,0.0,9227.903822,0,1,1697065057
2023-10-05,0x8b432c54d6e8e1b8d1802753514ab53044af1861,960,0x2932c3e41f92a3e4f5f36a81e346397de8620502,16019.660039,16019.660039,0.0,1,0,1696968645
2023-10-05,0x8b432c54d6e8e1b8d1802753514ab53044af1861,999,0x1c494f1919c1512ebe74a5dcc17dac9a64069023,0.0,0.0,4505.069689,0,1,1697063475
2023-10-05,0x8b432c54d6e8e1b8d1802753514ab53044af1861,1005,0xceeeb61e596f0bae44b791f3f1655501df7fa045,0.0,0.0,7620.784464,0,1,1697031463
2023-10-05,0x8b432c54d6e8e1b8d1802753514ab53044af1861,1053,0x3216a8a03b07b6b19cbc21d62c8942e625fc3e07,2860.932082,2860.932082,0.0,1,0,1697048185
2023-10-05,0x8b432c54d6e8e1b8d1802753514ab53044af1861,1058,0xd801e8d85d963b249c4408e67e3fdf472f0b377d,13523.167951,13523.167951,0.0,1,0,1697042645
2023-10-05,0x8b432c54d6e8e1b8d1802753514ab53044af1861,1101,0x1c494f1919c1512ebe74a5dcc17dac9a64069023,0.0,0.0,3834.257645,0,1,1697063399
2023-10-05,0x8b432c54d6e8e1b8d1802753514ab53044af1861,1149,0x93b82c49c2af67797977ae344c07884164e6a592,647.504821,647.504821,0.0,1,0,1697061817
2023-10-05,0x8b432c54d6e8e1b8d1802753514ab53044af1861,1151,0x44c630a1fcc2817e048cc1101050a18f919cd099,0.0,0.0,34659.109306,0,1,1696508269
2023-10-05,0x8b432c54d6e8e1b8d1802753514ab53044af1861,1162,0x72241b7cd963cf56ba409e80ed59e1aee76a1ada,0.0,0.0,11692.183376,0,1,1697031687
2023-10-05,0x8b432c54d6e8e1b8d1802753514ab53044af1861,1185,0xc954892d9caf463e967884e379a6ee4c78d61be7,0.0,0.0,2245.704758,0,1,1697012537
2023-10-05,0x8b432c54d6e8e1b8d1802753514ab53044af1861,1221,0x564b3a3cf630d7b3b35ae78e47feb074bce2b06e,2617.124988,2617.124988,0.0,1,0,1697047321
2023-10-05,0x8b432c54d6e8e1b8d1802753514ab53044af1861,1286,0xa60dd9d42fdd43e91da63bd261997e14f21c69fd,9650.944399,9650.944399,9650.944399,1,1,1696981471
2023-10-05,0x8b432c54d6e8e1b8d1802753514ab53044af1861,1297,0x1c494f1919c1512ebe74a5dcc17dac9a64069023,0.0,0.0,2830.258524,0,1,1697063493
2023-10-05,0x8b432c54d6e8e1b8d1802753514ab53044af1861,1299,0x1c494f1919c1512ebe74a5dcc17dac9a64069023,0.0,0.0,2829.067591,0,1,1697063455
2023-10-05,0x8b432c54d6e8e1b8d1802753514ab53044af1861,1393,0x9dc65d1ab703d7fc28e9a5aa50f03e6b7ec047bf,0.0,0.0,2927.063293,0,1,1697028231
2023-10-05,0x8b432c54d6e8e1b8d1802753514ab53044af1861,1395,0x11d2168f37409b96453e4de1e0e39b1d5bbe0812,0.0,0.0,8331.504551,0,1,1697049805
2023-10-05,0x8b432c54d6e8e1b8d1802753514ab53044af1861,1411,0x1c494f1919c1512ebe74a5dcc17dac9a64069023,0.0,0.0,2430.149835,0,1,1696474829
2023-10-05,0x8b432c54d6e8e1b8d1802753514ab53044af1861,1468,0x1c494f1919c1512ebe74a5dcc17dac9a64069023,0.0,0.0,3922.333886,0,1,1697063505
2023-10-05,0x8b432c54d6e8e1b8d1802753514ab53044af1861,1482,0x1c494f1919c1512ebe74a5dcc17dac9a64069023,0.0,0.0,2336.061885,0,1,1697063427
2023-10-05,0x8b432c54d6e8e1b8d1802753514ab53044af1861,1647,0x629f4566e3e8ed73c4151e49a248d243e7c24299,6235.462398,6235.462398,0.0,1,0,1697030223
2023-10-05,0x8b432c54d6e8e1b8d1802753514ab53044af1861,1695,0x7c16c022048b25142482cf06ac98064527395290,0.0,0.0,5944.703596,0,1,1697064857
2023-10-05,0x8b432c54d6e8e1b8d1802753514ab53044af1861,1708,0x3afd8713608a365a063180a77c545e52cc4a8acb,5812.54233,5812.54233,0.0,1,0,1697043955
2023-10-05,0x8b432c54d6e8e1b8d1802753514ab53044af1861,1709,0xf7c04a39e47c7ea9d6888f9389ea85846e22ae1a,0.0,0.0,5809.615707,0,1,1696811403
2023-10-05,0x8b432c54d6e8e1b8d1802753514ab53044af1861,1780,0x2f7b7b0ea9b9cec865b38600551e6eb51014dfa3,5221.819294,5221.819294,0.0,1,0,1697040951
2023-10-05,0x8b432c54d6e8e1b8d1802753514ab53044af1861,1895,0xddc3244a5857a15d19dfc5ab66cf9565ac362f44,5090.175843,5090.175843,0.0,1,0,1697040517
2023-10-05,0x8b432c54d6e8e1b8d1802753514ab53044af1861,2009,0x33ec34b1b4bfcdc9b5e37ba4ab02f6e993a457ae,0.0,0.0,4366.576917,0,1,1697058645
2023-10-05,0x8b432c54d6e8e1b8d1802753514ab53044af1861,2043,0x29976c9c4ca5d92d70cccd2611eef58f1ffe158d,0.0,0.0,4142.122417,0,1,1696659161
2023-10-05,0x8b432c54d6e8e1b8d1802753514ab53044af1861,2061,0x30d691551581f9fded589023a0561071719e43fc,4086.826083,4086.826083,0.0,1,0,1697041791
2023-10-05,0x8b432c54d6e8e1b8d1802753514ab53044af1861,2088,0xba90b576573d9b2563d752a30c4cee502c15c371,2021.376066,2021.376066,0.0,1,0,1697061181
2023-10-05,0x8b432c54d6e8e1b8d1802753514ab53044af1861,2324,0xa435530d50d7d17fd9fc6e1c897dbf7c08e12d35,3509.303196,3509.303196,0.0,1,0,1697065023
2023-10-05,0x8b432c54d6e8e1b8d1802753514ab53044af1861,2376,0xc03edd677a9f4ed8128532a9b31e9a3fc2efffb2,3433.283661,3433.283661,0.0,1,0,1697045183
2023-10-05,0x8b432c54d6e8e1b8d1802753514ab53044af1861,2381,0x8fc4a12a6f356d51417339043421f6c434f3e3df,3426.156092,3426.156092,0.0,1,0,1697045183
2023-10-05,0x8b432c54d6e8e1b8d1802753514ab53044af1861,2522,0xc693b4ffb338579467a541b2bf267b1955870920,797.846854,797.846854,797.846854,1,1,1697064781
2023-10-05,0x8b432c54d6e8e1b8d1802753514ab53044af1861,2544,0xe33b746a030c3b3c512d274b05ea6e40772cf212,0.0,0.0,3166.787222,0,1,1697062915
2023-10-05,0x8b432c54d6e8e1b8d1802753514ab53044af1861,2598,0xc0433e26e3d2ae7d1d80e39a6d58062d1eaa54f5,0.0,0.0,3727.626984,0,1,1697045763
2023-10-05,0x8b432c54d6e8e1b8d1802753514ab53044af1861,2603,0xd2e44e40b5fb960a8a74dd7b9d6b7f14b805b50d,0.0,0.0,3090.1743,0,1,1697031897
2023-10-05,0x8b432c54d6e8e1b8d1802753514ab53044af1861,2743,0x2a724be1b63caec1c3ef95834fdd443c3347ee1d,2750.992581,2750.992581,0.0,1,0,1696965611
2023-10-05,0x8b432c54d6e8e1b8d1802753514ab53044af1861,2771,0xbd7041c03b68467a55596f375c3e4bb716406a23,2548.351746,2548.351746,0.0,1,0,1697052179
2023-10-05,0x8b432c54d6e8e1b8d1802753514ab53044af1861,2806,0x9150d0a199882057c5b36fe9d09e9e845f14bc25,0.0,0.0,2590.55818,0,1,1697034517
2023-10-05,0x8b432c54d6e8e1b8d1802753514ab53044af1861,2832,0x181ebf93092438f13ebef682b275230c7169d0f2,2378.368308,2378.368308,0.0,1,0,1697018997
2023-10-05,0x8b432c54d6e8e1b8d1802753514ab53044af1861,3362,0x7ffbeb62cf6e5e53f898ba52d66d29ca3b2851fd,50780.637262,50780.637262,30607.277551,1,1,1697058963
2023-10-05,0x8b432c54d6e8e1b8d1802753514ab53044af1861,3433,0x7497b333895c64a56924b293e68a6468963f2a7e,345.694885,345.694885,0.0,1,0,1697035851
2023-10-05,0x8b432c54d6e8e1b8d1802753514ab53044af1861,3811,0x9ded118b08fa9cab2413e366e1589167c066beae,0.0,0.0,993.298532,0,1,1697061915
2023-10-05,0x8b432c54d6e8e1b8d1802753514ab53044af1861,3859,0x181ebf93092438f13ebef682b275230c7169d0f2,941.73706,941.73706,0.0,1,0,1697019015
2023-10-05,0x8b432c54d6e8e1b8d1802753514ab53044af1861,4007,0x04240b04687d301ad728d0d98340043c674db333,0.0,0.0,812.521041,0,1,1697020119
2023-10-05,0x8b432c54d6e8e1b8d1802753514ab53044af1861,4325,0x18eadc1c0659f1e4864580578627427d62b8c275,605.784412,605.784412,605.59018,1,1,1696977783
2023-10-05,0x8b432c54d6e8e1b8d1802753514ab53044af1861,4435,0xc53e7040ce1d891d59f67cd2dff36b32d4db1f80,543.684968,543.684968,0.0,1,0,1697027087
2023-10-05,0x8b432c54d6e8e1b8d1802753514ab53044af1861,4643,0xa219712cc2aaa5aa98ccf2a7ba055231f1752323,0.0,0.0,153.073584,0,1,1697018267
2023-10-05,0x8b432c54d6e8e1b8d1802753514ab53044af1861,4646,0xa31aeea459c1ab0124ed44711a678d6e18874692,0.0,797.688328,1587.998289,1,2,1697057419
2023-10-05,0x8b432c54d6e8e1b8d1802753514ab53044af1861,4718,0xdaab06a2611095939d61300030701908af24590b,0.0,853.011366,1295.538723,1,2,1696958893
2023-10-05,0x8b432c54d6e8e1b8d1802753514ab53044af1861,4987,0xa73ff2b916819274155f162b4b6aac0d48f0d14d,0.0,0.0,402.385925,0,1,1696778069
2023-10-05,0x8b432c54d6e8e1b8d1802753514ab53044af1861,5322,0xc3fa54ee9eb7e4e5c746088b86df940b9352bfd6,380.068226,380.068226,0.0,1,0,1697059735
2023-10-05,0x8b432c54d6e8e1b8d1802753514ab53044af1861,5686,0xf9a384f1d4af97f86b489791b7a953afc512cd94,0.0,0.0,366.268687,0,1,1696669663
2023-10-05,0x8b432c54d6e8e1b8d1802753514ab53044af1861,6144,0x1c494f1919c1512ebe74a5dcc17dac9a64069023,0.0,0.0,2522.767936,0,1,1697063413
2023-10-05,0x8b432c54d6e8e1b8d1802753514ab53044af1861,6199,0xbe4c2edfe4290935731d80a70c2a6e588794b1c0,0.0,0.0,359.690193,0,1,1696669163
2023-10-05,0x8b432c54d6e8e1b8d1802753514ab53044af1861,6273,0x1ecf60715191af85daca2e0749bea05da6101dcf,0.0,0.0,10236.455405,0,1,1697056891
2023-10-05,0x8b432c54d6e8e1b8d1802753514ab53044af1861,7139,0x2f7b7b0ea9b9cec865b38600551e6eb51014dfa3,4082.174427,4082.174427,0.0,1,0,1697040973
2023-10-05,0x8b432c54d6e8e1b8d1802753514ab53044af1861,7247,0xa07d83334758af046dbcee6991e341c0e061d121,116.390243,116.390243,0.0,1,0,1696987913
2023-10-05,0x8b432c54d6e8e1b8d1802753514ab53044af1861,7432,0x629f4566e3e8ed73c4151e49a248d243e7c24299,1769.756609,1769.756609,0.0,1,0,1697030245
2023-10-05,0x8b432c54d6e8e1b8d1802753514ab53044af1861,7714,0xcba1a275e2d858ecffaf7a87f606f74b719a8a93,196.760595,196.760595,197.651778,1,1,1697058601
2023-10-05,0x8b432c54d6e8e1b8d1802753514ab53044af1861,7890,0x166c794d890dd91bbe71f304eca660e1c4892cbb,76179.191376,76179.191376,0.0,1,0,1697060241
2023-10-05,0x8b432c54d6e8e1b8d1802753514ab53044af1861,7897,0x1a221e6e5c5c6c395e6bfe0acd2a2d435667bf62,38.616514,38.616514,0.0,1,0,1697063317
2023-10-05,0x8b432c54d6e8e1b8d1802753514ab53044af1861,8063,0xaec272e8867a89e5de4d3e7ec59f3544801f31b7,7.273396,7.273396,0.0,1,0,1697019521
2023-10-05,0x8b432c54d6e8e1b8d1802753514ab53044af1861,8280,0x4ae6f3ec7b50e7b01a5b2b3a0b2688a65bb350a5,27.791584,27.791584,0.0,1,0,1697057343
2023-10-05,0x8b432c54d6e8e1b8d1802753514ab53044af1861,8361,0x1c494f1919c1512ebe74a5dcc17dac9a64069023,0.0,0.0,337.328712,0,1,1696474633
2023-10-05,0x8b432c54d6e8e1b8d1802753514ab53044af1861,8387,0x44c630a1fcc2817e048cc1101050a18f919cd099,0.0,0.0,1499.23872,0,1,1696508181
2023-10-05,0x8b432c54d6e8e1b8d1802753514ab53044af1861,8405,0x5d6f3d0c92d0564151357b0863e55e9ed4631b8d,898.464017,898.464017,667.064154,1,1,1697062591
2023-10-05,0x8b432c54d6e8e1b8d1802753514ab53044af1861,8478,0xf265702178a66b4b7ce079fc8a1629e47cf1bcde,0.0,0.0,169601.3802,0,1,1697055763
2023-10-05,0x8b432c54d6e8e1b8d1802753514ab53044af1861,8479,0xf51e5a0a85d29aa0508894405d734bcf044dcb5b,290070.875619,290070.875619,145035.437809,1,1,1697054485
2023-10-05,0x8b432c54d6e8e1b8d1802753514ab53044af1861,8524,0x23d7c2fb9f163441874d72399b28d677f47020b0,29767.966354,29767.966354,0.0,1,0,1697053071
2023-10-05,0x8b432c54d6e8e1b8d1802753514ab53044af1861,8667,0x09334f42d68430af41985042794fb37eab6c41a0,0.203475,0.203475,0.0,1,0,1697056939
2023-10-05,0x8e9154ac849e839d60299e85156bcb589de2693a,1,0xbde0c70bdc242577c52dfad53389f82fd149ea5a,1569995.819541,1569995.819541,759755.4212,1,1,1697045005
2023-10-05,0x8e9154ac849e839d60299e85156bcb589de2693a,2,0x51e171d2fde9b37bbbb624a53ef54959422388e4,1121425.585386,1121425.585386,542682.443714,1,1,1697050283
2023-10-05,0x8e9154ac849e839d60299e85156bcb589de2693a,5,0x5b1892b546002ff3dd508500575bd6bf7a101431,411111.646228,411111.646228,198945.963913,1,1,1697045057
2023-10-05,0x8e9154ac849e839d60299e85156bcb589de2693a,7,0x586cf50c2874f3e3997660c0fd0996b090fb9764,344736.943788,344736.943788,484999.093828,1,1,1696963035
2023-10-05,0x8e9154ac849e839d60299e85156bcb589de2693a,51,0x0f228805c03a693aa964a791e0b2e2c6e6c6513f,0.0,0.0,283430.037843,0,1,1697062913
2023-10-05,0x8e9154ac849e839d60299e85156bcb589de2693a,68,0x132e47cf2c19ec2d8dd56e1528fc7e18dc09188f,66476.740697,66476.740697,64046.617112,1,1,1697053575
2023-10-05,0x8e9154ac849e839d60299e85156bcb589de2693a,73,0x1ba6b82641c77ab1fc7bc734c5c3628199a8967d,239122.874072,239122.874072,0.0,1,0,1697059333
2023-10-05,0x8e9154ac849e839d60299e85156bcb589de2693a,103,0x1c2ed7a6c4e3c1146103fa222181115a72243a06,54597.611532,54597.611532,0.0,1,0,1697064139
2023-10-05,0x8e9154ac849e839d60299e85156bcb589de2693a,109,0xbe7019f8333b0b3cfc707ac353ebc2123140134c,49368.190846,49368.190846,123420.477116,1,1,1697061795
2023-10-05,0x8e9154ac849e839d60299e85156bcb589de2693a,112,0x5c965d2f24e8fc49146575b039fbda4033d3cf94,116911.186137,116911.186137,0.0,1,0,1697043163
2023-10-05,0x8e9154ac849e839d60299e85156bcb589de2693a,138,0x53e0b897eae600b2f6855fce4a42482e9229d2c2,0.0,0.0,90548.72051,0,1,1697034215
2023-10-05,0x8e9154ac849e839d60299e85156bcb589de2693a,165,0x54ecb3397b0bf31cb0b81eb2444e2a7b32507d8b,64681.872378,64681.872378,78999.219728,1,1,1697063619
2023-10-05,0x8e9154ac849e839d60299e85156bcb589de2693a,174,0x83bad39f067ef72e354f2ea9d318eaad381a7f15,11683.199852,11683.199852,0.0,1,0,1697041741
2023-10-05,0x8e9154ac849e839d60299e85156bcb589de2693a,185,0x5952bab55191f8a815ccd8ba4945f7a09ef5def7,72885.546863,72885.546863,0.0,1,0,1697043023
2023-10-05,0x8e9154ac849e839d60299e85156bcb589de2693a,209,0xfcbb477ec276476b6029ed0467f28f5ac1712884,100787.532139,100787.532139,0.0,1,0,1697065097
2023-10-05,0x8e9154ac849e839d60299e85156bcb589de2693a,241,0xd639eee81b30d8b34d5d8cbce83f193e2ba298e4,37920.5699,37920.5699,37908.411489,1,1,1697064485
2023-10-05,0x8e9154ac849e839d60299e85156bcb589de2693a,262,0x32af25467b00aae516505b3331cfec52092ea5ba,0.0,0.0,132284.672222,0,1,1697064495
2023-10-05,0x8e9154ac849e839d60299e85156bcb589de2693a,336,0x29f7ec2bef88eaf2370096d3559e9fae8984622c,0.0,0.0,265426.280788,0,1,1697057663
2023-10-05,0x8e9154ac849e839d60299e85156bcb589de2693a,341,0xb1d47d39c3bb868e5e4be068b7057d4caad0b31c,21644.779994,21644.779994,0.0,1,0,1697059107
2023-10-05,0x8e9154ac849e839d60299e85156bcb589de2693a,360,0xbd1c10d1451a084c00adb7b6052c81d0bdaa67aa,79051.20675,79051.20675,0.0,1,0,1696973319
2023-10-05,0x8e9154ac849e839d60299e85156bcb589de2693a,434,0x7da08fba7a69c67c0d06fd433af0c53f9c75cee8,71136.827117,71136.827117,0.0,1,0,1697058925
2023-10-05,0x8e9154ac849e839d60299e85156bcb589de2693a,475,0xda1d9534bef3344fa5be3b644b767b349e7415c7,11906.120196,11906.120196,0.0,1,0,1697065119
2023-10-05,0x8e9154ac849e839d60299e85156bcb589de2693a,504,0xcfba6d63ec822425775d3c509e60ff689c1ae1e7,4471.490091,4471.490091,0.0,1,0,1696990017
2023-10-05,0x8e9154ac849e839d60299e85156bcb589de2693a,583,0xd8a30dbb3b8b204b6d8bb800d0f2865d07dc904c,9203.997117,9203.997117,0.0,1,0,1697035151
2023-10-05,0x8e9154ac849e839d60299e85156bcb589de2693a,597,0x1ce0c2b445c8e87ea4c40b6e721d9a39b09f6459,3606.240568,3606.240568,0.0,1,0,1697058027
2023-10-05,0x8e9154ac849e839d60299e85156bcb589de2693a,601,0xe3d69bcab5daaea39787eeaf4c0369de366d71bd,0.0,0.0,40768.697303,0,1,1697056779
2023-10-05,0x8e9154ac849e839d60299e85156bcb589de2693a,628,0x8fa5ebb986fa6db89291a383142bb756ab88428e,0.0,0.0,16889.751843,0,1,1697060817
2023-10-05,0x8e9154ac849e839d60299e85156bcb589de2693a,836,0xe6b5a31d8bb53d2c769864ac137fe25f4989f1fd,0.0,0.0,20434.73309,0,1,1697055825
2023-10-05,0x8e9154ac849e839d60299e85156bcb589de2693a,879,0x34ff77a853a14579d2120ac08c5e342cee08ad71,4613.951911,4613.951911,4613.951911,1,1,1697065057
2023-10-05,0x8e9154ac849e839d60299e85156bcb589de2693a,971,0xe3cfbf8fb378f5c4cf780077ee5c2ffe7aaea6dc,1576.938492,1576.938492,1576.938492,1,1,1697064039
2023-10-05,0x8e9154ac849e839d60299e85156bcb589de2693a,1028,0xb6ce18faeb71ac9dca1984a3b2f66860ea90e0ad,0.0,0.0,14328.408957,0,1,1697054487
2023-10-05,0x8e9154ac849e839d60299e85156bcb589de2693a,1112,0x8f5e97e1e3d47a2f223a67e06de21f067b7779db,12544.237615,12544.237615,12544.237615,1,1,1697058819
2023-10-05,0x8e9154ac849e839d60299e85156bcb589de2693a,1118,0xa66375ade8c5ec7bc41c8f0c19cf927d7f3192e6,0.0,0.0,12502.131923,0,1,1697060143
2023-10-05,0x8e9154ac849e839d60299e85156bcb589de2693a,1129,0x56e08babb8bf928bd8571d2a2a78235ae57ae5bd,3135.706207,3135.706207,0.0,1,0,1697059015
2023-10-05,0x8e9154ac849e839d60299e85156bcb589de2693a,1169,0xf9e1d1e9f22c96752356adfd377231528c7e851e,11629.506356,11629.506356,0.0,1,0,1697039401
2023-10-05,0x8e9154ac849e839d60299e85156bcb589de2693a,1796,0x94003c45a74dbe132d45d15a0993caebf55aeb61,0.0,0.0,5926.46243,0,1,1697063963
2023-10-05,0x8e9154ac849e839d60299e85156bcb589de2693a,2076,0xb020c70c4b995ecaf9e2bf784a3858275f44bd0e,4064.028311,4064.028311,0.0,1,0,1697058153
2023-10-05,0x8e9154ac849e839d60299e85156bcb589de2693a,2183,0x9c4b88fbe06b6b1e461d9d294ecb7fb0c841db4f,3825.558386,3825.558386,0.0,1,0,1697038517
2023-10-05,0x8e9154ac849e839d60299e85156bcb589de2693a,2319,0x0e80a01f8e69d535975fa34e64498651bc74247f,3515.112563,3515.112563,3515.112563,1,1,1697064175
2023-10-05,0x8e9154ac849e839d60299e85156bcb589de2693a,2522,0xc693b4ffb338579467a541b2bf267b1955870920,797.846854,797.846854,0.0,1,0,1697064781
2023-10-05,0x8e9154ac849e839d60299e85156bcb589de2693a,2733,0x2836545d6e07e9e96a9b622a2e5f4787ec9cc2ae,3542.379708,3542.379708,0.0,1,0,1697064249
2023-10-05,0x8e9154ac849e839d60299e85156bcb589de2693a,2930,0x737ac6eaa3b71ffea9fe166bd996f9122b7db5cb,1058.415742,1058.415742,0.0,1,0,1697039687
2023-10-05,0x8e9154ac849e839d60299e85156bcb589de2693a,3362,0x7ffbeb62cf6e5e53f898ba52d66d29ca3b2851fd,25390.318631,25390.318631,0.0,1,0,1697058963
2023-10-05,0x8e9154ac849e839d60299e85156bcb589de2693a,3817,0x547b324b3f9e1f9f436fede6e88ae1ca816db6f3,0.0,0.0,991.001253,0,1,1697060693
2023-10-05,0x8e9154ac849e839d60299e85156bcb589de2693a,4051,0xaeaadea688cf7e0a53d61e01b0a1e9a6c6a1e9d0,0.0,0.0,1182.409744,0,1,1697048777
2023-10-05,0x8e9154ac849e839d60299e85156bcb589de2693a,4484,0x98e78cd936e6d7bb685d1cb3e4f3766322057183,131.032147,131.032147,0.0,1,0,1697064207
2023-10-05,0x8e9154ac849e839d60299e85156bcb589de2693a,7714,0xcba1a275e2d858ecffaf7a87f606f74b719a8a93,196.760595,196.760595,0.0,1,0,1697058601
2023-10-05,0x8e9154ac849e839d60299e85156bcb589de2693a,7890,0x166c794d890dd91bbe71f304eca660e1c4892cbb,0.0,0.0,35798.191612,0,1,1697060241
2023-10-05,0x8e9154ac849e839d60299e85156bcb589de2693a,8377,0x34a09c6b42d7d11cf23008ad63ac2983e18efbdd,0.0,0.0,12894.048101,0,1,1696989423
2023-10-05,0x8e9154ac849e839d60299e85156bcb589de2693a,8417,0x7da08fba7a69c67c0d06fd433af0c53f9c75cee8,2062.114412,2062.114412,0.0,1,0,1697058871
2023-10-05,0x8e9154ac849e839d60299e85156bcb589de2693a,8473,0xe3d69bcab5daaea39787eeaf4c0369de366d71bd,0.0,0.0,1124.42904,0,1,1697056787
2023-10-05,0x8e9154ac849e839d60299e85156bcb589de2693a,8479,0xf51e5a0a85d29aa0508894405d734bcf044dcb5b,0.0,0.0,145035.437809,0,1,1697054485
2023-10-05,0x9287c921f5d920ceee0d07d7c58d476e46acc640,4,0x834c0da026d5f933c2c18fa9f8ba7f1f792fda52,2158650.576199,2158650.576199,0.0,1,0,1697038535
2023-10-05,0x9287c921f5d920ceee0d07d7c58d476e46acc640,68,0x132e47cf2c19ec2d8dd56e1528fc7e18dc09188f,0.0,0.0,149442.106594,0,1,1697053575
2023-10-05,0x9287c921f5d920ceee0d07d7c58d476e46acc640,103,0x1c2ed7a6c4e3c1146103fa222181115a72243a06,0.0,0.0,54580.105988,0,1,1697064139
2023-10-05,0x9287c921f5d920ceee0d07d7c58d476e46acc640,118,0x4ccfeb186c61217f05d8756314c600089b27a1c3,0.0,0.0,46348.745296,0,1,1697064459
2023-10-05,0x9287c921f5d920ceee0d07d7c58d476e46acc640,360,0xbd1c10d1451a084c00adb7b6052c81d0bdaa67aa,0.0,0.0,78967.17948,0,1,1696973319
2023-10-05,0x9287c921f5d920ceee0d07d7c58d476e46acc640,369,0xbfc7e3604c3bb518a4a15f8ceeaf06ed48ac0de2,0.0,0.0,74313.42256,0,1,1697031477
2023-10-05,0x9287c921f5d920ceee0d07d7c58d476e46acc640,402,0xbe95c6177367869d213520add168255160ca5bf5,0.0,0.0,64794.7781,0,1,1697064647
2023-10-05,0x9287c921f5d920ceee0d07d7c58d476e46acc640,405,0x2f707265e61300e8290c18e38ebcbd129fb0b0f5,29209.281343,29209.281343,26858.10661,1,1,1696780625
2023-10-05,0x9287c921f5d920ceee0d07d7c58d476e46acc640,417,0xbe93d14c5defb8f41af8fb092f58e3c71c712b85,15216.530609,15216.530609,0.0,1,0,1696501421
2023-10-05,0x9287c921f5d920ceee0d07d7c58d476e46acc640,434,0x7da08fba7a69c67c0d06fd433af0c53f9c75cee8,0.0,0.0,67150.974218,0,1,1697058925
2023-10-05,0x9287c921f5d920ceee0d07d7c58d476e46acc640,473,0x97020c9ec66e0f59231918b1d2f167a66026aff2,0.0,0.0,15574.157232,0,1,1697050159
2023-10-05,0x9287c921f5d920ceee0d07d7c58d476e46acc640,523,0xde93a283495fa2834047b53871a8e4e09f96d841,0.0,0.0,10871.386794,0,1,1697054111
2023-10-05,0x9287c921f5d920ceee0d07d7c58d476e46acc640,597,0x1ce0c2b445c8e87ea4c40b6e721d9a39b09f6459,0.0,0.0,3606.240568,0,1,1697058027
2023-10-05,0x9287c921f5d920ceee0d07d7c58d476e46acc640,637,0xb83f754eb815e2100f4ba99aa61c299152b07145,0.0,0.0,8686.076354,0,1,1697061391
2023-10-05,0x9287c921f5d920ceee0d07d7c58d476e46acc640,743,0x55f007605d7f78ba48beae6034ec46a2bbe98d3d,0.0,0.0,24921.98377,0,1,1697049307
2023-10-05,0x9287c921f5d920ceee0d07d7c58d476e46acc640,758,0x8ccfcfa7e6133e0875192974d0d857fb7a28375e,0.0,0.0,6269.487853,0,1,1697054275
2023-10-05,0x9287c921f5d920ceee0d07d7c58d476e46acc640,816,0xe96f4e42719542b3f9556eef6ada7b819f0ac793,0.0,0.0,22628.111303,0,1,1697063479
2023-10-05,0x9287c921f5d920ceee0d07d7c58d476e46acc640,822,0x9b256b11be87a9c81389b85f2f5c76bf4f915edf,0.0,0.0,20937.540298,0,1,1697065029
2023-10-05,0x9287c921f5d920ceee0d07d7c58d476e46acc640,1039,0x4a5efa846e7375a40dcd596c7c6dadb28df28ae4,13883.289513,13883.289513,0.0,1,0,1696548851
2023-10-05,0x9287c921f5d920ceee0d07d7c58d476e46acc640,1080,0xfcea91e004426c4d6f17c0c0e9015af935516ee2,0.0,0.0,13146.962192,0,1,1697064405
2023-10-05,0x9287c921f5d920ceee0d07d7c58d476e46acc640,1457,0x26b5e14dbf21bfb62bff869f5f4bce8dbddbcfca,1925.772524,1925.772524,0.0,1,0,1696637601
2023-10-05,0x9287c921f5d920ceee0d07d7c58d476e46acc640,1458,0x698129ecee187bc180ea93803b9faea9fce33a46,0.0,0.0,7690.070914,0,1,1697055193
2023-10-05,0x9287c921f5d920ceee0d07d7c58d476e46acc640,1488,0x51e432df264c3315bb0d1aa70d265cdf0792c679,7427.130267,7427.130267,0.0,1,0,1696467915
2023-10-05,0x9287c921f5d920ceee0d07d7c58d476e46acc640,1679,0x018439894b681cc2aaddb613a425a1cfa6e59c29,6074.154883,6074.154883,0.0,1,0,1696514745
2023-10-05,0x9287c921f5d920ceee0d07d7c58d476e46acc640,1711,0xa178c15dd95553da5b79c1ba0bde1659fa2e76c8,0.0,0.0,5814.280262,0,1,1697027965
2023-10-05,0x9287c921f5d920ceee0d07d7c58d476e46acc640,1756,0xaef1b9886b6c2bc8ca7f5dcd07b359df4c0ef9ef,5382.038236,5382.038236,0.0,1,0,1696472379
2023-10-05,0x9287c921f5d920ceee0d07d7c58d476e46acc640,1878,0x952815ea349a0c10db5d854a16a27d768e85053e,0.0,0.0,4743.156541,0,1,1697059623
2023-10-05,0x9287c921f5d920ceee0d07d7c58d476e46acc640,1942,0xbc8819c1821bc52b5d30d2dd52f0cb6110510005,0.0,0.0,4425.729105,0,1,1697062411
2023-10-05,0x9287c921f5d920ceee0d07d7c58d476e46acc640,2022,0x9a4773eeee73e34e1ee0e9a64e4b7453b0b04246,4199.342267,4199.342267,0.0,1,0,1696499485
2023-10-05,0x9287c921f5d920ceee0d07d7c58d476e46acc640,2050,0xf71953b029dba0517d6eb7cbda9dd390728ddb98,4123.833194,4123.833194,0.0,1,0,1696480059
2023-10-05,0x9287c921f5d920ceee0d07d7c58d476e46acc640,2088,0xba90b576573d9b2563d752a30c4cee502c15c371,0.0,0.0,2019.625662,0,1,1697061181
2023-10-05,0x9287c921f5d920ceee0d07d7c58d476e46acc640,2244,0x6fb5421989807f828926b03e44a5ce61d6906ee3,0.0,0.0,1827.92782,0,1,1697054401
2023-10-05,0x9287c921f5d920ceee0d07d7c58d476e46acc640,2348,0xa0efd27acc781549d5b78e89e561aa0903932d56,3470.797132,3470.797132,0.0,1,0,1696477979
2023-10-05,0x9287c921f5d920ceee0d07d7c58d476e46acc640,2499,0x11b1785d9ac81480c03210e89f1508c8c115888e,0.0,0.0,3231.665246,0,1,1697028135
2023-10-05,0x9287c921f5d920ceee0d07d7c58d476e46acc640,2733,0x2836545d6e07e9e96a9b622a2e5f4787ec9cc2ae,0.0,0.0,3394.159526,0,1,1697064249
2023-10-05,0x9287c921f5d920ceee0d07d7c58d476e46acc640,3030,0x133acc82d6eaaec2a12e7547835219860551c570,0.0,0.0,2036.747141,0,1,1697063727
2023-10-05,0x9287c921f5d920ceee0d07d7c58d476e46acc640,3087,0xa3ad5cfb4ff4b68e37a338da200ba441c1850b5b,1820.792687,1820.792687,0.0,1,0,1696501661
2023-10-05,0x9287c921f5d920ceee0d07d7c58d476e46acc640,3242,0xe6569ad1cf54b5f49be0218e42e27100e63c5f81,0.0,0.0,1645.684292,0,1,1697046985
2023-10-05,0x9287c921f5d920ceee0d07d7c58d476e46acc640,3394,0xbf11833461348bcf5217c38e52920a55cb589168,0.0,0.0,1446.264196,0,1,1697026257
2023-10-05,0x9287c921f5d920ceee0d07d7c58d476e46acc640,4000,0xfbb951585f0078e8cba6dcd89cd48b90e1b3f8c3,408.675318,408.675318,817.350636,1,1,1696957733
2023-10-05,0x9287c921f5d920ceee0d07d7c58d476e46acc640,4136,0xcaef34444835c13cb7e5507f3ae9888272472b83,0.0,0.0,724.366979,0,1,1697027655
2023-10-05,0x9287c921f5d920ceee0d07d7c58d476e46acc640,4193,0xb2ee21d215bda783c82dcf95d48c8984f5198bf3,0.0,0.0,694.33728,0,1,1697060479
2023-10-05,0x9287c921f5d920ceee0d07d7c58d476e46acc640,4659,0x7a7acf2241c2b388b6b7eb8bba78f615f6f773b2,459.088327,459.088327,0.0,1,0,1696881131
2023-10-05,0x9287c921f5d920ceee0d07d7c58d476e46acc640,5457,0x8db7a537d8478df3c6d95ff33b4270342862957f,0.0,0.0,37.370432,0,1,1696541731
2023-10-05,0x9287c921f5d920ceee0d07d7c58d476e46acc640,5729,0xaf5ae7cdaff6f1f457bc88f0989c0af7f583ab43,365.281851,365.281851,0.0,1,0,1696798697
2023-10-05,0x9287c921f5d920ceee0d07d7c58d476e46acc640,5740,0x4f5695d12c30eae448c5f38023b12572e483453c,0.0,0.0,364.760704,0,1,1697059159
2023-10-05,0x9287c921f5d920ceee0d07d7c58d476e46acc640,7762,0xb8a8663d7ae13c298972c5ab2ff392c3cbed8473,18.677387,18.677387,18.928288,1,1,1697050677
2023-10-05,0x9287c921f5d920ceee0d07d7c58d476e46acc640,8032,0xf265702178a66b4b7ce079fc8a1629e47cf1bcde,0.0,0.0,160050.311304,0,1,1697055981
2023-10-05,0x9287c921f5d920ceee0d07d7c58d476e46acc640,8064,0x478f5fddc5ad95e8602908dc6b23522b5998a6d6,7.271174,7.271174,7.541528,1,1,1697019727
2023-10-05,0x9287c921f5d920ceee0d07d7c58d476e46acc640,8129,0x72195dda0361f43ce544b750f318d04b35836933,0.0,0.0,4.985568,0,1,1696696327
2023-10-05,0x9287c921f5d920ceee0d07d7c58d476e46acc640,8417,0x7da08fba7a69c67c0d06fd433af0c53f9c75cee8,0.0,0.0,2061.45324,0,1,1697058871
2023-10-05,0x9287c921f5d920ceee0d07d7c58d476e46acc640,8514,0x667e0d5dd2db147a63684a61e3eeddf47b2d9e83,3.96802,3.96802,0.0,1,0,1696502751
2023-10-05,0x9287c921f5d920ceee0d07d7c58d476e46acc640,8516,0xa5a2a35fa9404f3603505984506206ccf208489f,5e-06,5e-06,0.0,1,0,1696503683
2023-10-05,0x9287c921f5d920ceee0d07d7c58d476e46acc640,8603,0x2559043ed76d35a9be22af936e903303cec53342,24.377126,24.377126,0.0,1,0,1696845165
2023-10-05,0x96af34c61531883acfe0f5286a8c87b0806edc05,2314,0x32a59b87352e980dd6ab1baf462696d28e63525d,1409.39537,1409.39537,0.0,1,0,1697054829
2023-10-05,0x96af34c61531883acfe0f5286a8c87b0806edc05,2713,0xa21a800138b3c95f8992cf5f14c736fc23bd6045,2897.720182,2897.720182,724.034747,1,1,1696999343
2023-10-05,0x96af34c61531883acfe0f5286a8c87b0806edc05,3314,0x7d6aff9f85ef8802a1492189e8021b085c6b37f7,1554.392479,1554.392479,0.0,1,0,1697060473
2023-10-05,0x96af34c61531883acfe0f5286a8c87b0806edc05,5332,0x314fd5d24e1db1fd89c5b5b96025724ac51ce18c,380.002255,380.002255,0.0,1,0,1696753517
2023-10-05,0x96af34c61531883acfe0f5286a8c87b0806edc05,5623,0x46f3cc6a1c00a5cd8864d2b92f128196cae07d15,368.711162,368.711162,0.0,1,0,1696510871
2023-10-05,0x96af34c61531883acfe0f5286a8c87b0806edc05,6080,0x3c698d1e054a921dcf46bc213ca407e39ae4db8d,355.168,355.168,0.0,1,0,1696752843
2023-10-05,0x96af34c61531883acfe0f5286a8c87b0806edc05,7758,0xdd0206010ca82ff22303b58863b3a6f3006c86c4,0.0,0.0,16.85153,0,1,1696692721
2023-10-05,0x9e4cb8b916289864321661ce02cf66aa5ba63c94,1,0xbde0c70bdc242577c52dfad53389f82fd149ea5a,7090303.701151,7090303.701151,4507882.163965,1,1,1697045005
2023-10-05,0x9e4cb8b916289864321661ce02cf66aa5ba63c94,2,0x51e171d2fde9b37bbbb624a53ef54959422388e4,5064502.643679,5064502.643679,3219915.831404,1,1,1697050283
2023-10-05,0x9e4cb8b916289864321661ce02cf66aa5ba63c94,5,0x5b1892b546002ff3dd508500575bd6bf7a101431,1856633.241028,1856633.241028,1180412.71874,1,1,1697045057
2023-10-05,0x9e4cb8b916289864321661ce02cf66aa5ba63c94,24,0x208a17c5fabe5b90282e5906945ff335e39326c4,14592.055921,14592.055921,18240.069901,1,1,1697051865
2023-10-05,0x9e4cb8b916289864321661ce02cf66aa5ba63c94,52,0x3fd5dbf9f74d69b71774d729dd84bd8b3db7e815,349922.390536,349922.390536,269084.765761,1,1,1697053755
2023-10-05,0x9e4cb8b916289864321661ce02cf66aa5ba63c94,56,0x48a5a6a01ba89cddf97d2d552923d5a11401ed19,0.0,0.0,810033.190503,0,1,1697064681
2023-10-05,0x9e4cb8b916289864321661ce02cf66aa5ba63c94,62,0xa311ab5780aa036b71aac2b71163fd03ec0df59e,252729.127741,252729.127741,252648.095611,1,1,1697051911
2023-10-05,0x9e4cb8b916289864321661ce02cf66aa5ba63c94,67,0x8ce17ff2c7376e9adfe9c63c47a801097fa6c525,0.0,0.0,216008.971155,0,1,1697052473
2023-10-05,0x9e4cb8b916289864321661ce02cf66aa5ba63c94,73,0x1ba6b82641c77ab1fc7bc734c5c3628199a8967d,239122.874072,239122.874072,0.0,1,0,1697059333
2023-10-05,0x9e4cb8b916289864321661ce02cf66aa5ba63c94,96,0x26602bf417c4e57ba3d2268d7f93a1e16f29e069,0.0,0.0,61128.080237,0,1,1697062825
2023-10-05,0x9e4cb8b916289864321661ce02cf66aa5ba63c94,105,0x208a17c5fabe5b90282e5906945ff335e39326c4,41334.402839,41334.402839,129040.52696,1,1,1697051893
2023-10-05,0x9e4cb8b916289864321661ce02cf66aa5ba63c94,148,0x6580bcc99af557e277cae063d7308cdbd59bf7b3,113984.147538,113984.147538,0.0,1,0,1697044859
2023-10-05,0x9e4cb8b916289864321661ce02cf66aa5ba63c94,218,0xc8336b9dabbac9bfb9aa483e76fc351b13121784,0.0,0.0,43154.273592,0,1,1697063727
2023-10-05,0x9e4cb8b916289864321661ce02cf66aa5ba63c94,256,0xd6a2248e5d3696565c162c4554aa61fa6be75db3,34106.180596,34106.180596,0.0,1,0,1697037119
2023-10-05,0x9e4cb8b916289864321661ce02cf66aa5ba63c94,267,0x31cab55151d39ad739d8aab3982c524f1fcc9db5,63432.317595,63432.317595,0.0,1,0,1697061251
2023-10-05,0x9e4cb8b916289864321661ce02cf66aa5ba63c94,273,0xb385222c461dd7df0526ed22568b81984f6e5f02,122596.971397,122596.971397,0.0,1,0,1696957343
2023-10-05,0x9e4cb8b916289864321661ce02cf66aa5ba63c94,295,0xa311ab5780aa036b71aac2b71163fd03ec0df59e,27669.559003,27669.559003,27660.687357,1,1,1697051671
2023-10-05,0x9e4cb8b916289864321661ce02cf66aa5ba63c94,309,0x5b1c8cd6e98d8bca397fd09b0dcc9933d712ad13,51450.290358,51450.290358,0.0,1,0,1697061179
2023-10-05,0x9e4cb8b916289864321661ce02cf66aa5ba63c94,430,0xb4173fee41920a8e7d3451863f9779468ebab98e,0.0,0.0,29075.968833,0,1,1697016999
2023-10-05,0x9e4cb8b916289864321661ce02cf66aa5ba63c94,445,0x24ed7409cb9f1adbe5b83c86a237049da6eca675,97324.283431,97324.283431,0.0,1,0,1696967459
2023-10-05,0x9e4cb8b916289864321661ce02cf66aa5ba63c94,452,0x21484a41b00c014c4ad5c92bbb7661fd7c1c9a2b,20712.146217,20712.146217,0.0,1,0,1697036617
2023-10-05,0x9e4cb8b916289864321661ce02cf66aa5ba63c94,456,0x43ea46f06e272c4e64dc153f41f8cb53e795b670,25467.284858,25467.284858,0.0,1,0,1697049437
2023-10-05,0x9e4cb8b916289864321661ce02cf66aa5ba63c94,486,0x7ee615e93d2d58feb14e58ea93f3fb5940d227e4,50186.080563,50186.080563,50169.989481,1,1,1697041471
2023-10-05,0x9e4cb8b916289864321661ce02cf66aa5ba63c94,504,0xcfba6d63ec822425775d3c509e60ff689c1ae1e7,4471.490091,4471.490091,4462.256572,1,1,1696990017
2023-10-05,0x9e4cb8b916289864321661ce02cf66aa5ba63c94,509,0x34223719d75cbc336b77ccd8af6b9342bd6af1cb,8577.050769,8577.050769,0.0,1,0,1697044323
2023-10-05,0x9e4cb8b916289864321661ce02cf66aa5ba63c94,519,0xa23bde7b73b4acc73918e2362e6a646761955c7c,0.0,0.0,13143.261412,0,1,1697062925
2023-10-05,0x9e4cb8b916289864321661ce02cf66aa5ba63c94,527,0x80d2214479e1cf9d79ea6690c4fff58fc56f866c,41109.029883,41109.029883,0.0,1,0,1697063081
2023-10-05,0x9e4cb8b916289864321661ce02cf66aa5ba63c94,536,0xf6ed81d5e9f61dd1ea21e96ae1d660ecc388ae4f,0.0,0.0,40675.07185,0,1,1697033821
2023-10-05,0x9e4cb8b916289864321661ce02cf66aa5ba63c94,579,0x71535aae1b6c0c51db317b54d5eee72d1ab843c1,0.0,0.0,36959.67535,0,1,1697065061
2023-10-05,0x9e4cb8b916289864321661ce02cf66aa5ba63c94,595,0xf89cb9b9b412feff16ca94c02db6faddccd51ce4,9066.029638,9066.029638,14505.64742,1,1,1697045515
2023-10-05,0x9e4cb8b916289864321661ce02cf66aa5ba63c94,597,0x1ce0c2b445c8e87ea4c40b6e721d9a39b09f6459,3606.240568,3606.240568,0.0,1,0,1697058027
2023-10-05,0x9e4cb8b916289864321661ce02cf66aa5ba63c94,603,0xa13a8b8039b6e8e26b1763b0e7e9ec992a73b996,0.0,0.0,36596.309113,0,1,1696912041
2023-10-05,0x9e4cb8b916289864321661ce02cf66aa5ba63c94,621,0x6b73f2b5ddf22a3e190893bbd83e2f0a882a7dac,0.0,0.0,34524.336797,0,1,1697026469
2023-10-05,0x9e4cb8b916289864321661ce02cf66aa5ba63c94,634,0xfb86a60a4d204de91421871c6d69cb40d21ae736,0.0,0.0,33182.44076,0,1,1697031105
2023-10-05,0x9e4cb8b916289864321661ce02cf66aa5ba63c94,636,0x599321b91d0e4e541f7d172ab1cacccc0d5a8e82,13267.370578,13267.370578,11608.949255,1,1,1697035359
2023-10-05,0x9e4cb8b916289864321661ce02cf66aa5ba63c94,639,0xe564d9afc3e8d7ddc99912dbc5db58925b414024,0.0,0.0,16446.180554,0,1,1697028205
2023-10-05,0x9e4cb8b916289864321661ce02cf66aa5ba63c94,646,0xb5c2c9c95ecbb3dc4214fe9c8bd236f2faa8f2f7,32137.707199,32137.707199,0.0,1,0,1697038849
2023-10-05,0x9e4cb8b916289864321661ce02cf66aa5ba63c94,664,0x577be3ed9a71e1c355f519bbdf5f09ba2018b1cc,0.0,0.0,7713.265628,0,1,1696984269
2023-10-05,0x9e4cb8b916289864321661ce02cf66aa5ba63c94,776,0xc923dd451dfb1fc6a4608982c6c077414da06a4d,6086.983309,6086.983309,0.0,1,0,1696994033
2023-10-05,0x9e4cb8b916289864321661ce02cf66aa5ba63c94,798,0x6a018ad51de844243ce7fb743c3e5f4481df6858,10977.453842,10977.453842,7245.119536,1,1,1697025285
2023-10-05,0x9e4cb8b916289864321661ce02cf66aa5ba63c94,833,0xbca143600d9718f30022b2463d597996bc410e5e,0.0,0.0,20453.146897,0,1,1697025443
2023-10-05,0x9e4cb8b916289864321661ce02cf66aa5ba63c94,844,0x0849f5477813c0acb47aaceb5fb64da0ea5256a5,0.0,0.0,20135.744931,0,1,1697047603
2023-10-05,0x9e4cb8b916289864321661ce02cf66aa5ba63c94,913,0xe1dbf93df16ecf805fb053d53b7a6e3214c4a09d,17250.198647,17250.198647,8625.099323,1,1,1697060023
2023-10-05,0x9e4cb8b916289864321661ce02cf66aa5ba63c94,919,0x9ae07f4f2a9498ea935f6871725cf596820e7e7f,8559.792346,8559.792346,0.0,1,0,1697059895
2023-10-05,0x9e4cb8b916289864321661ce02cf66aa5ba63c94,938,0xa7f343a7c53f3a852a7ae51f5e62b4d9b0594336,0.0,0.0,22208.351663,0,1,1697055793
2023-10-05,0x9e4cb8b916289864321661ce02cf66aa5ba63c94,960,0x2932c3e41f92a3e4f5f36a81e346397de8620502,0.0,0.0,16019.660039,0,1,1696968645
2023-10-05,0x9e4cb8b916289864321661ce02cf66aa5ba63c94,964,0xf06b0077dfedd43f91c752f568af4b4b78a1e51b,15925.04932,15925.04932,7962.52466,1,1,1697059961
2023-10-05,0x9e4cb8b916289864321661ce02cf66aa5ba63c94,984,0x68e0384d0a5daaf5dc4247ab0d49cf6dce4aa748,16013.713768,16013.713768,0.0,1,0,1697060915
2023-10-05,0x9e4cb8b916289864321661ce02cf66aa5ba63c94,1035,0xfa53f48b0bfdc115f8eda45868d8e6a7a1c1f267,0.0,0.0,19402.726461,0,1,1697055125
2023-10-05,0x9e4cb8b916289864321661ce02cf66aa5ba63c94,1042,0xd92b3de78dbd6c29e3937eac884decf8e42a1d1e,4135.935777,4135.935777,6893.226295,1,1,1697008745
2023-10-05,0x9e4cb8b916289864321661ce02cf66aa5ba63c94,1043,0x3214e141bdae08be1f382a885cf3d2a448a5e780,13783.704366,13783.704366,13783.704366,1,1,1697047361
2023-10-05,0x9e4cb8b916289864321661ce02cf66aa5ba63c94,1103,0xf20fdc9a62de0b4724580eebb867e34fe0c6e5cf,12730.248037,12730.248037,0.0,1,0,1697038519
2023-10-05,0x9e4cb8b916289864321661ce02cf66aa5ba63c94,1193,0x1ed39934aec99f0a203af206b9ef3c81b57a76ea,0.0,0.0,11138.458352,0,1,1697026529
2023-10-05,0x9e4cb8b916289864321661ce02cf66aa5ba63c94,1205,0x5b4a08e006917f68c35d450379d91c430d479296,10827.583641,10827.583641,5412.056005,1,1,1697051295
2023-10-05,0x9e4cb8b916289864321661ce02cf66aa5ba63c94,1280,0x4fbe5303bca958b8f1ee35b5443aad9ad442e3d7,0.0,0.0,9762.266487,0,1,1697024759
2023-10-05,0x9e4cb8b916289864321661ce02cf66aa5ba63c94,1372,0xa8df0d3d1abf9fd16f992bbf4595c621935cfe0a,8484.4591,8484.4591,8484.4591,1,1,1697047789
2023-10-05,0x9e4cb8b916289864321661ce02cf66aa5ba63c94,1385,0x8f2c46ce880c288bbf0926123814496a9842a591,4243.793308,4243.793308,8484.865255,1,1,1697029745
2023-10-05,0x9e4cb8b916289864321661ce02cf66aa5ba63c94,1407,0x6ec39176ebc5cb9a0e9a0bddfe3afcc0c8b2defb,2039.91743,2039.91743,2039.263374,1,1,1697036859
2023-10-05,0x9e4cb8b916289864321661ce02cf66aa5ba63c94,1408,0x8eea89024a753b68e508e800b91923917470d3b0,8120.945052,8120.945052,8120.945052,1,1,1697042927
2023-10-05,0x9e4cb8b916289864321661ce02cf66aa5ba63c94,1421,0xd5ae574275450148e40e3c5c3d688df7d02c4228,4006.968421,4006.968421,2003.484211,1,1,1697029317
2023-10-05,0x9e4cb8b916289864321661ce02cf66aa5ba63c94,1469,0x8fc4faa9dd274dc801ca629234e83183031634ec,1524.098875,1524.098875,0.0,1,0,1697019249
2023-10-05,0x9e4cb8b916289864321661ce02cf66aa5ba63c94,1471,0xcbb54eda2048b57d1b0afb19a73948e9d58b6973,7604.995392,7604.995392,0.0,1,0,1696970185
2023-10-05,0x9e4cb8b916289864321661ce02cf66aa5ba63c94,1548,0x9be82cd40bffdce2336ba286abc7afca42dbabc7,0.0,0.0,7619.601925,0,1,1697006241
2023-10-05,0x9e4cb8b916289864321661ce02cf66aa5ba63c94,1586,0x446925b8fa3ce7072a6f389df46150978da748fb,6636.180954,6636.180954,0.0,1,0,1696948235
2023-10-05,0x9e4cb8b916289864321661ce02cf66aa5ba63c94,1670,0x161d9b5d6e3ed8d9c1d36a7caf971901c60b9222,0.0,0.0,6103.506597,0,1,1697060845
2023-10-05,0x9e4cb8b916289864321661ce02cf66aa5ba63c94,1705,0x4da5bda21c66edec94ba1a7d215fa2a62ad8e4fc,0.0,0.0,5850.656251,0,1,1696519437
2023-10-05,0x9e4cb8b916289864321661ce02cf66aa5ba63c94,1764,0x7690453f91dbadef8a592a32c679d8f0f5e0116b,2986.325029,2986.325029,1493.162514,1,1,1697058783
2023-10-05,0x9e4cb8b916289864321661ce02cf66aa5ba63c94,1775,0xf22862b5c8d5a17a68536521e0c82c5387bd65af,0.0,0.0,5265.833853,0,1,1696986157
2023-10-05,0x9e4cb8b916289864321661ce02cf66aa5ba63c94,1794,0x808c136858c6ef2d6819faa2e0c09548bb03c1f0,5129.78974,5129.78974,5129.78974,1,1,1697060547
2023-10-05,0x9e4cb8b916289864321661ce02cf66aa5ba63c94,1902,0x37eedb7ac276bd6c894e81b8937b0b0bab154e22,0.0,0.0,4566.825377,0,1,1696860209
2023-10-05,0x9e4cb8b916289864321661ce02cf66aa5ba63c94,1930,0xf8d9de13a0efecbee653a0a35c06b751cc03904c,2230.369887,2230.369887,0.0,1,0,1697059727
2023-10-05,0x9e4cb8b916289864321661ce02cf66aa5ba63c94,1949,0x9948ffd4b0e40a096f8979cdaeea7d852f6ea177,0.0,0.0,4404.385571,0,1,1697012671
2023-10-05,0x9e4cb8b916289864321661ce02cf66aa5ba63c94,1983,0xdc8c1959c74ab2cb3819add153e62739d12be550,4345.998428,4345.998428,0.0,1,0,1696965639
2023-10-05,0x9e4cb8b916289864321661ce02cf66aa5ba63c94,1994,0xcfccc57dddc110c806a7c005c197646210e529ac,0.0,0.0,4260.071939,0,1,1697034011
2023-10-05,0x9e4cb8b916289864321661ce02cf66aa5ba63c94,2152,0x037b21279931e628b11b4507b9f7870b15de1c17,3882.153917,3882.153917,0.0,1,0,1697058713
2023-10-05,0x9e4cb8b916289864321661ce02cf66aa5ba63c94,2178,0x7852d40f2a8ea6c219a91aea2249f5a3f70d4da0,0.0,0.0,3828.000131,0,1,1697060605
2023-10-05,0x9e4cb8b916289864321661ce02cf66aa5ba63c94,2266,0xb00f8b601558243c9abcddabd54ea17f70471b8e,0.0,0.0,1484.23429,0,1,1696513707
2023-10-05,0x9e4cb8b916289864321661ce02cf66aa5ba63c94,2299,0xc4f694f8da796b7b36d9f5ceeacae5722c2d1d6e,0.0,0.0,3658.782489,0,1,1697034219
2023-10-05,0x9e4cb8b916289864321661ce02cf66aa5ba63c94,2313,0x3888132606615fc0759853b6ec1107e717d0ae52,0.0,0.0,886.05253,0,1,1697031395
2023-10-05,0x9e4cb8b916289864321661ce02cf66aa5ba63c94,2327,0x3a0b4dde32d3fedbe5e2fe9e884bc04923c7f3a9,2551.459121,2551.459121,2551.459121,1,1,1697055609
2023-10-05,0x9e4cb8b916289864321661ce02cf66aa5ba63c94,2333,0xacecac0129b7ffbc5879e7175c5d46227c4a8c37,0.0,0.0,3499.214261,0,1,1697061323
2023-10-05,0x9e4cb8b916289864321661ce02cf66aa5ba63c94,2505,0x7f8374961620a370c47eedb599076320d5c82c9b,3222.436956,3222.436956,0.0,1,0,1696941295
2023-10-05,0x9e4cb8b916289864321661ce02cf66aa5ba63c94,2541,0xcb284f3bf78737c4fe5a9db1e3633130c10fa7b1,0.0,0.0,3168.199466,0,1,1697039625
2023-10-05,0x9e4cb8b916289864321661ce02cf66aa5ba63c94,2623,0xd12d05ba5bf8983e8c41071a32422c3c2d309669,3061.5079,3061.5079,3061.5079,1,1,1697028309
2023-10-05,0x9e4cb8b916289864321661ce02cf66aa5ba63c94,2631,0x3f0d4c1ffbb554f4226944be3880697204c0e83d,3050.662463,3050.662463,3050.662463,1,1,1697047869
2023-10-05,0x9e4cb8b916289864321661ce02cf66aa5ba63c94,2639,0x5b9f7f6c2cbe7425b9c03fe5254ced9fae05b50c,3046.163592,3046.163592,0.0,1,0,1697051737
2023-10-05,0x9e4cb8b916289864321661ce02cf66aa5ba63c94,2674,0x8298ca68dd147f42d2b355d320da71561defcd21,1788.276031,1788.276031,2682.414046,1,1,1696999101
2023-10-05,0x9e4cb8b916289864321661ce02cf66aa5ba63c94,2771,0xbd7041c03b68467a55596f375c3e4bb716406a23,0.0,0.0,1274.175873,0,1,1697052179
2023-10-05,0x9e4cb8b916289864321661ce02cf66aa5ba63c94,2775,0x323b7e14205c54604be21d74d1ad0ab070ec5bb2,0.0,0.0,2605.71226,0,1,1697030355
2023-10-05,0x9e4cb8b916289864321661ce02cf66aa5ba63c94,2831,0x23d3c0d5e8226f18bf58bb3c68b149b3d7385936,0.0,0.0,2379.788282,0,1,1697018723
2023-10-05,0x9e4cb8b916289864321661ce02cf66aa5ba63c94,2861,0x168fef2fd1af371625b2593468620185cea904ff,0.0,0.0,2250.15033,0,1,1696596527
2023-10-05,0x9e4cb8b916289864321661ce02cf66aa5ba63c94,3088,0x52aea2fa97a868e2f920b95c388da95e1bcf8c29,0.0,0.0,455.183104,0,1,1696963917
2023-10-05,0x9e4cb8b916289864321661ce02cf66aa5ba63c94,3101,0xf829f3b414f75e5ab99295ea14bd2372044434f4,1936.643396,1936.643396,1936.643396,1,1,1697044453
2023-10-05,0x9e4cb8b916289864321661ce02cf66aa5ba63c94,3458,0x55df88abd27bcbd379af67adedde15fc55cb24ec,0.0,0.0,1348.861284,0,1,1697060459
2023-10-05,0x9e4cb8b916289864321661ce02cf66aa5ba63c94,3591,0x069260b6f658fbeec375386c1f12ee3b0900464d,0.0,0.0,1165.853145,0,1,1697054415
2023-10-05,0x9e4cb8b916289864321661ce02cf66aa5ba63c94,3775,0x5970622555421159b9856656c1b6ae482a86ec42,0.0,0.0,1028.448322,0,1,1696843959
2023-10-05,0x9e4cb8b916289864321661ce02cf66aa5ba63c94,3874,0xeede1d82f37c50aadb5a3574e64affd71a167ffd,971.165228,1942.330455,1935.121284,2,2,1697060539
2023-10-05,0x9e4cb8b916289864321661ce02cf66aa5ba63c94,3922,0xc0e27c1a0560b6a1674817a2599f01b98d4d7a8c,0.0,0.0,889.39147,0,1,1696815179
2023-10-05,0x9e4cb8b916289864321661ce02cf66aa5ba63c94,3944,0x12a966ceb79297f0504b55f4e8f67cc3ad838e0b,217.680394,217.680394,217.680394,1,1,1696955717
2023-10-05,0x9e4cb8b916289864321661ce02cf66aa5ba63c94,3962,0xf51754d95c0b9bb416ab4915e9f10b04d04d29e5,0.0,0.0,859.611916,0,1,1697008431
2023-10-05,0x9e4cb8b916289864321661ce02cf66aa5ba63c94,4000,0xfbb951585f0078e8cba6dcd89cd48b90e1b3f8c3,408.675318,408.675318,0.0,1,0,1696957733
2023-10-05,0x9e4cb8b916289864321661ce02cf66aa5ba63c94,4008,0x09917c79b4c98c736f31b162cd6ad31bbb695e46,810.483052,810.483052,810.483052,1,1,1697035439
2023-10-05,0x9e4cb8b916289864321661ce02cf66aa5ba63c94,4011,0x6322872f335dde0d4b44537f69fbae74bbed39de,202.268115,202.268115,80.907246,1,1,1697007527
2023-10-05,0x9e4cb8b916289864321661ce02cf66aa5ba63c94,4107,0xa8293dd8eb52564a35b8357a539146321b934153,0.0,0.0,739.93106,0,1,1697020509
2023-10-05,0x9e4cb8b916289864321661ce02cf66aa5ba63c94,4185,0xa3b926f6d2bb5507fe711847640ba2086cb11a75,1067.023461,1067.023461,1007.789271,1,1,1697055945
2023-10-05,0x9e4cb8b916289864321661ce02cf66aa5ba63c94,4195,0x25a67a5f1f3125dd24e59289e82e890fcabe796c,0.0,0.0,694.430206,0,1,1697025969
2023-10-05,0x9e4cb8b916289864321661ce02cf66aa5ba63c94,4197,0xc9ea255b552793e2533f666013a8d1d9e36cc206,0.0,0.0,691.314735,0,1,1697025403
2023-10-05,0x9e4cb8b916289864321661ce02cf66aa5ba63c94,4231,0x633f6bb51b30aed1fec4625774919eca9f5aa55e,673.183862,673.183862,673.183862,1,1,1697025863
2023-10-05,0x9e4cb8b916289864321661ce02cf66aa5ba63c94,4313,0x7bb9dccc97052ddef05141897fe8313fd4ad0418,0.0,0.0,615.267271,0,1,1697020175
2023-10-05,0x9e4cb8b916289864321661ce02cf66aa5ba63c94,4548,0xf6f8de59d0947bd5a7d48e61eecbb1fe03a0dc45,503.78465,503.78465,503.78465,1,1,1697033985
2023-10-05,0x9e4cb8b916289864321661ce02cf66aa5ba63c94,4606,0x2aeacf58e7bb7fea78a7e7aba7eafc74da93f360,487.479163,487.479163,487.479163,1,1,1697035707
2023-10-05,0x9e4cb8b916289864321661ce02cf66aa5ba63c94,4643,0xa219712cc2aaa5aa98ccf2a7ba055231f1752323,0.0,0.0,153.073584,0,1,1697018267
2023-10-05,0x9e4cb8b916289864321661ce02cf66aa5ba63c94,4703,0x7ae1cd518ecf4546fc93796dbb26f0ee0a1b35ba,227.929645,227.929645,0.0,1,0,1696961021
2023-10-05,0x9e4cb8b916289864321661ce02cf66aa5ba63c94,4709,0xcdc4119c6149da8582bf495ea5b6b3a0b2e14521,444.996583,444.996583,444.996583,1,1,1697036177
2023-10-05,0x9e4cb8b916289864321661ce02cf66aa5ba63c94,4819,0x40f018468ae7bb1a15881088746fc14e22e77c77,0.0,0.0,421.75215,0,1,1697032719
2023-10-05,0x9e4cb8b916289864321661ce02cf66aa5ba63c94,4836,0xeb07e4366b0832998b4fca4edbbd3dc12dcd50cd,419.649619,419.649619,419.094817,1,1,1697058127
2023-10-05,0x9e4cb8b916289864321661ce02cf66aa5ba63c94,5127,0x4270783a1d4e97e2249ca64b97bd29b8896e1cf8,390.986412,390.986412,390.986412,1,1,1697037945
2023-10-05,0x9e4cb8b916289864321661ce02cf66aa5ba63c94,5342,0x3c6ddedd59b588e0cd15caa97affe947bbecd8ad,94.785105,94.785105,0.0,1,0,1697061693
2023-10-05,0x9e4cb8b916289864321661ce02cf66aa5ba63c94,5380,0x6f765cb0b942503ac63617be7f11b1fe704b7ec9,0.0,0.0,377.417885,0,1,1696833095
2023-10-05,0x9e4cb8b916289864321661ce02cf66aa5ba63c94,5508,0x57be998a9ff5fb63b596b2f44ac1ecff0f08fc0a,0.0,0.0,185.701349,0,1,1696854709
2023-10-05,0x9e4cb8b916289864321661ce02cf66aa5ba63c94,5511,0x3155da6bf329a0db715b13fac6db6f95838d80f9,0.0,0.0,371.179573,0,1,1697019087
2023-10-05,0x9e4cb8b916289864321661ce02cf66aa5ba63c94,5587,0x1b49144f6e4c41ee7ed030cf93b185cbbbbc7f0e,370.717499,370.717499,0.0,1,0,1696975255
2023-10-05,0x9e4cb8b916289864321661ce02cf66aa5ba63c94,5650,0x659fbc0fc53ea0368793585d1e2c76d6ef48bf4e,367.487088,367.487088,0.0,1,0,1696956363
2023-10-05,0x9e4cb8b916289864321661ce02cf66aa5ba63c94,5692,0x71385b349c5ff426d13f5492995c19962c93610b,366.160226,366.160226,366.160226,1,1,1697033741
2023-10-05,0x9e4cb8b916289864321661ce02cf66aa5ba63c94,5716,0x33a9bf6730d54eb663bbdacdb99fcb9ba19cc2fd,0.0,0.0,365.598856,0,1,1696854655
2023-10-05,0x9e4cb8b916289864321661ce02cf66aa5ba63c94,5807,0x421312c8e8cb7bf137ea430d235eaa391452fa7c,0.0,0.0,72.507543,0,1,1696535137
2023-10-05,0x9e4cb8b916289864321661ce02cf66aa5ba63c94,5816,0x1ca018c20fb01b40f7dfa52258d620a6a0ed3769,0.0,0.0,362.14981,0,1,1696854205
2023-10-05,0x9e4cb8b916289864321661ce02cf66aa5ba63c94,6119,0x90126de0707a9a0085f511afcb345e81b7fcec1d,0.0,0.0,353.746933,0,1,1697047365
2023-10-05,0x9e4cb8b916289864321661ce02cf66aa5ba63c94,6168,0xe6b7775e47507a45184ae31122e91de586652ed4,0.0,0.0,353.04409,0,1,1697009069
2023-10-05,0x9e4cb8b916289864321661ce02cf66aa5ba63c94,6418,0xb4173fee41920a8e7d3451863f9779468ebab98e,0.0,0.0,3672.891757,0,1,1697016971
2023-10-05,0x9e4cb8b916289864321661ce02cf66aa5ba63c94,7857,0x4886ba5d2b3e0ae1e80172d3bddc4feb32e1ce26,4.485254,4.485254,2.671262,1,1,1696924065
2023-10-05,0x9e4cb8b916289864321661ce02cf66aa5ba63c94,8063,0xaec272e8867a89e5de4d3e7ec59f3544801f31b7,7.273396,7.273396,0.0,1,0,1697019521
2023-10-05,0x9e4cb8b916289864321661ce02cf66aa5ba63c94,8125,0x0c250c0d0e4555d3ffca9a5d4ef124840994853b,86.941944,86.941944,88.523977,1,1,1697052113
2023-10-05,0x9e4cb8b916289864321661ce02cf66aa5ba63c94,8343,0x6c6dc387b28edf1d2ccac7acc99f4238db1592ba,0.873126,0.873126,0.876107,1,1,1696857311
2023-10-05,0x9e4cb8b916289864321661ce02cf66aa5ba63c94,8438,0xa23bde7b73b4acc73918e2362e6a646761955c7c,0.0,0.0,1124.42904,0,1,1697062965
2023-10-05,0x9e4cb8b916289864321661ce02cf66aa5ba63c94,8441,0xa7f343a7c53f3a852a7ae51f5e62b4d9b0594336,0.0,0.0,1124.42904,0,1,1697055799
2023-10-05,0x9e4cb8b916289864321661ce02cf66aa5ba63c94,8516,0xa5a2a35fa9404f3603505984506206ccf208489f,5e-06,5e-06,0.0,1,0,1696503683
2023-10-05,0x9e4cb8b916289864321661ce02cf66aa5ba63c94,8627,0x0b7c128090b38f701b563dd5669cb1b03d84a026,683.239527,683.239527,0.0,1,0,1696941883
2023-10-05,0x9e4cb8b916289864321661ce02cf66aa5ba63c94,8652,0x3d088b87c048e5fd4e3a6f9cc04490501b1dbae1,5.157021,5.157021,0.0,1,0,1697028481
2023-10-05,0xa819af1cc8abe618ea8abadeb464960f7451ceab,21,0x4444aaaacdba5580282365e25b16309bd770ce4a,130096.39629,130096.39629,0.0,1,0,1697062045
2023-10-05,0xa819af1cc8abe618ea8abadeb464960f7451ceab,24,0x208a17c5fabe5b90282e5906945ff335e39326c4,0.0,0.0,5472.02097,0,1,1697051865
2023-10-05,0xa819af1cc8abe618ea8abadeb464960f7451ceab,51,0x0f228805c03a693aa964a791e0b2e2c6e6c6513f,284420.774446,284420.774446,708575.094608,1,1,1697062913
2023-10-05,0xa819af1cc8abe618ea8abadeb464960f7451ceab,56,0x48a5a6a01ba89cddf97d2d552923d5a11401ed19,421352.356583,421352.356583,324013.276201,1,1,1697064681
2023-10-05,0xa819af1cc8abe618ea8abadeb464960f7451ceab,68,0x132e47cf2c19ec2d8dd56e1528fc7e18dc09188f,0.0,0.0,53372.180926,0,1,1697053575
2023-10-05,0xa819af1cc8abe618ea8abadeb464960f7451ceab,70,0xdaf8667875d27ebd1bf70c72f135492260e3037b,628007.575987,628007.575987,0.0,1,0,1697063301
2023-10-05,0xa819af1cc8abe618ea8abadeb464960f7451ceab,101,0xaf03267d12153bef68dc4d6f7426857c5462544a,273258.834471,273258.834471,546517.668943,1,1,1697064373
2023-10-05,0xa819af1cc8abe618ea8abadeb464960f7451ceab,103,0x1c2ed7a6c4e3c1146103fa222181115a72243a06,54597.611532,54597.611532,54580.105988,1,1,1697064139
2023-10-05,0xa819af1cc8abe618ea8abadeb464960f7451ceab,109,0xbe7019f8333b0b3cfc707ac353ebc2123140134c,49368.190846,49368.190846,0.0,1,0,1697061795
2023-10-05,0xa819af1cc8abe618ea8abadeb464960f7451ceab,113,0xfa9e221a7af006531a816e98792a3e4b22a01461,472391.729478,472391.729478,0.0,1,0,1697063243
2023-10-05,0xa819af1cc8abe618ea8abadeb464960f7451ceab,118,0x4ccfeb186c61217f05d8756314c600089b27a1c3,369088.935474,369088.935474,185394.981183,1,1,1697064459
2023-10-05,0xa819af1cc8abe618ea8abadeb464960f7451ceab,124,0x5d6f3d0c92d0564151357b0863e55e9ed4631b8d,43144.83081,43144.83081,43144.83081,1,1,1697062569
2023-10-05,0xa819af1cc8abe618ea8abadeb464960f7451ceab,127,0xecf9265f48006ddb6ee14060fac59c9429c32db6,206510.713045,206510.713045,0.0,1,0,1697064939
2023-10-05,0xa819af1cc8abe618ea8abadeb464960f7451ceab,138,0x53e0b897eae600b2f6855fce4a42482e9229d2c2,0.0,0.0,90548.72051,0,1,1697034215
2023-10-05,0xa819af1cc8abe618ea8abadeb464960f7451ceab,165,0x54ecb3397b0bf31cb0b81eb2444e2a7b32507d8b,80852.340472,80852.340472,78999.219728,1,1,1697063619
2023-10-05,0xa819af1cc8abe618ea8abadeb464960f7451ceab,170,0xbe6695fb4c6fed0385568a3dd1873746054ed958,243673.101277,243673.101277,243673.101277,1,1,1697064595
2023-10-05,0xa819af1cc8abe618ea8abadeb464960f7451ceab,179,0xfda5a361f3c67ebfed328f3a9e95bd275734e675,227491.303533,227491.303533,227491.303533,1,1,1697063931
2023-10-05,0xa819af1cc8abe618ea8abadeb464960f7451ceab,203,0x637fceaf3e5289d2b396b831335e7d8a180c5656,47576.976475,47576.976475,47576.976475,1,1,1697063927
2023-10-05,0xa819af1cc8abe618ea8abadeb464960f7451ceab,207,0x670647441d9c24d981923c9293a2e4eae6d0c8b3,310931.328069,310931.328069,0.0,1,0,1697060261
2023-10-05,0xa819af1cc8abe618ea8abadeb464960f7451ceab,246,0xba0c565110f65d181b9ff1d8a9f787b52857bb0c,0.0,0.0,145039.776627,0,1,1697064117
2023-10-05,0xa819af1cc8abe618ea8abadeb464960f7451ceab,277,0x68acb2051b73c2342be78cd1a7e5ca44483d10c5,29888.979311,29888.979311,29888.979311,1,1,1697064899
2023-10-05,0xa819af1cc8abe618ea8abadeb464960f7451ceab,287,0x28431a1446c86434ded04f7f8ba6808649329f4d,116582.673593,116582.673593,0.0,1,0,1697060847
2023-10-05,0xa819af1cc8abe618ea8abadeb464960f7451ceab,327,0xd2f132930ea3c58a389c6ad3a91ef104f95fe697,0.0,0.0,94542.789013,0,1,1697054295
2023-10-05,0xa819af1cc8abe618ea8abadeb464960f7451ceab,346,0x2b26da567c2a8c220daf91be8e37a429d33aef0b,0.0,0.0,85126.109384,0,1,1697053847
2023-10-05,0xa819af1cc8abe618ea8abadeb464960f7451ceab,365,0xbdf81b19af7848f7384c38e68208885ff0c9f390,77259.203363,77259.203363,77211.512864,1,1,1697064735
2023-10-05,0xa819af1cc8abe618ea8abadeb464960f7451ceab,366,0xd48a206697ba7dd8641f97060b2ac74a252be092,0.0,0.0,75385.049643,0,1,1697063503
2023-10-05,0xa819af1cc8abe618ea8abadeb464960f7451ceab,376,0xff53e3a27b7252148e0f1daf4a00261eee59177f,14465.56534,14465.56534,0.0,1,0,1697060811
2023-10-05,0xa819af1cc8abe618ea8abadeb464960f7451ceab,398,0x48c7e0db3dad3fe4eb0513b86fe5c38ebb4e0f91,0.0,0.0,6553.093952,0,1,1697027447
2023-10-05,0xa819af1cc8abe618ea8abadeb464960f7451ceab,471,0x03a1a0ee0e2a14bd069c8691a4adeabfa6a4d709,48095.814174,48095.814174,0.0,1,0,1697060267
2023-10-05,0xa819af1cc8abe618ea8abadeb464960f7451ceab,509,0x34223719d75cbc336b77ccd8af6b9342bd6af1cb,0.0,0.0,4284.81175,0,1,1697044323
2023-10-05,0xa819af1cc8abe618ea8abadeb464960f7451ceab,528,0x766c64d809056fbb492fdb410a6b4857c015619a,10275.49689,10275.49689,0.0,1,0,1697063991
2023-10-05,0xa819af1cc8abe618ea8abadeb464960f7451ceab,597,0x1ce0c2b445c8e87ea4c40b6e721d9a39b09f6459,0.0,0.0,3606.240568,0,1,1697058027
2023-10-05,0xa819af1cc8abe618ea8abadeb464960f7451ceab,614,0x13e7652b9ec7a97a4a98906fc20338ac70940f98,0.0,0.0,34949.953171,0,1,1697057167
2023-10-05,0xa819af1cc8abe618ea8abadeb464960f7451ceab,615,0xebfced2b9ca169d2ca566e1f72a75a9b6cc9291d,34934.371187,34934.371187,0.0,1,0,1697059915
2023-10-05,0xa819af1cc8abe618ea8abadeb464960f7451ceab,632,0x794783dcfcac8c1944727057a3208d8f8bb91506,33472.645232,33472.645232,0.0,1,0,1697062447
2023-10-05,0xa819af1cc8abe618ea8abadeb464960f7451ceab,668,0xd138fbaa1236c8568014ccb2de9faa8e7945c6d9,30415.850484,30415.850484,0.0,1,0,1697060809
2023-10-05,0xa819af1cc8abe618ea8abadeb464960f7451ceab,693,0xd2c83998be2306e814f2a220eb9740051dbd2104,0.0,0.0,14150.322465,0,1,1697041691
2023-10-05,0xa819af1cc8abe618ea8abadeb464960f7451ceab,739,0xdfe7ad3e0cc6fb0798e66c67c72927c49fc42478,25072.729092,25072.729092,25046.084996,1,1,1697064849
2023-10-05,0xa819af1cc8abe618ea8abadeb464960f7451ceab,749,0x973a783d79fd380309f3ccfc1f4ef9f21fcf6c0c,24702.128679,24702.128679,0.0,1,0,1697060713
2023-10-05,0xa819af1cc8abe618ea8abadeb464960f7451ceab,762,0xea840ad93de7e1c484ed4bafd387bb4641aba570,0.0,0.0,25276.996672,0,1,1697058209
2023-10-05,0xa819af1cc8abe618ea8abadeb464960f7451ceab,787,0x1c494f1919c1512ebe74a5dcc17dac9a64069023,8956.098899,8956.098899,0.0,1,0,1697063441
2023-10-05,0xa819af1cc8abe618ea8abadeb464960f7451ceab,799,0xe7090015768ed8f07ada91bded606f3bc44100b4,21845.426146,21845.426146,0.0,1,0,1697063267
2023-10-05,0xa819af1cc8abe618ea8abadeb464960f7451ceab,822,0x9b256b11be87a9c81389b85f2f5c76bf4f915edf,20937.540298,20937.540298,0.0,1,0,1697065029
2023-10-05,0xa819af1cc8abe618ea8abadeb464960f7451ceab,842,0x58bcf1ac25551dd4eb790f2ef68c1857dcd67d9b,5095.461005,5095.461005,0.0,1,0,1697064525
2023-10-05,0xa819af1cc8abe618ea8abadeb464960f7451ceab,879,0x34ff77a853a14579d2120ac08c5e342cee08ad71,4613.951911,4613.951911,4613.951911,1,1,1697065057
2023-10-05,0xa819af1cc8abe618ea8abadeb464960f7451ceab,998,0xf240afaf9a72ba475b9799581d985a40db1a900b,15114.475778,15114.475778,15098.414043,1,1,1697062151
2023-10-05,0xa819af1cc8abe618ea8abadeb464960f7451ceab,999,0x1c494f1919c1512ebe74a5dcc17dac9a64069023,6006.759586,6006.759586,0.0,1,0,1697063475
2023-10-05,0xa819af1cc8abe618ea8abadeb464960f7451ceab,1050,0x97e620556c626cc3312e3ea40a908045c550651e,13678.921329,13678.921329,0.0,1,0,1697062097
2023-10-05,0xa819af1cc8abe618ea8abadeb464960f7451ceab,1084,0xb44b476a7f6a83b5e0559433b0d3ad374a0c1682,16231.042134,16231.042134,0.0,1,0,1697062141
2023-10-05,0xa819af1cc8abe618ea8abadeb464960f7451ceab,1098,0x6e81417b312917305d12f76fa3b6bd66ffaa75e7,3199.144033,3199.144033,3198.118296,1,1,1697064677
2023-10-05,0xa819af1cc8abe618ea8abadeb464960f7451ceab,1101,0x1c494f1919c1512ebe74a5dcc17dac9a64069023,5112.343527,5112.343527,0.0,1,0,1697063399
2023-10-05,0xa819af1cc8abe618ea8abadeb464960f7451ceab,1118,0xa66375ade8c5ec7bc41c8f0c19cf927d7f3192e6,12506.141747,12506.141747,0.0,1,0,1697060143
2023-10-05,0xa819af1cc8abe618ea8abadeb464960f7451ceab,1127,0x1980316479f2b01203b2cbf7e5eac1adc8f82bbe,0.0,0.0,12301.908842,0,1,1697063843
2023-10-05,0xa819af1cc8abe618ea8abadeb464960f7451ceab,1197,0x0be4eb0e89abed9f52d94f1550c22a16008cc463,4086.402947,4086.402947,5835.846757,1,1,1697064879
2023-10-05,0xa819af1cc8abe618ea8abadeb464960f7451ceab,1297,0x1c494f1919c1512ebe74a5dcc17dac9a64069023,3773.678032,3773.678032,0.0,1,0,1697063493
2023-10-05,0xa819af1cc8abe618ea8abadeb464960f7451ceab,1299,0x1c494f1919c1512ebe74a5dcc17dac9a64069023,3772.090121,3772.090121,0.0,1,0,1697063455
2023-10-05,0xa819af1cc8abe618ea8abadeb464960f7451ceab,1355,0x5d47e5d242a8f66a6286b0a2353868875f5d6068,0.0,0.0,8675.471359,0,1,1697042427
2023-10-05,0xa819af1cc8abe618ea8abadeb464960f7451ceab,1435,0xe324c2478a8c2cb019c32609d60691f2fa362f0b,15668.59249,15668.59249,0.0,1,0,1697063279
2023-10-05,0xa819af1cc8abe618ea8abadeb464960f7451ceab,1468,0x1c494f1919c1512ebe74a5dcc17dac9a64069023,5229.778515,5229.778515,0.0,1,0,1697063505
2023-10-05,0xa819af1cc8abe618ea8abadeb464960f7451ceab,1482,0x1c494f1919c1512ebe74a5dcc17dac9a64069023,3565.519794,3565.519794,0.0,1,0,1697063427
2023-10-05,0xa819af1cc8abe618ea8abadeb464960f7451ceab,1496,0xd5cd4169d75fa1567c773af21964bc85ed701c6e,9532.654633,9532.654633,0.0,1,0,1697063499
2023-10-05,0xa819af1cc8abe618ea8abadeb464960f7451ceab,1504,0xbd5f593c86319523e6e8afe60dedbefaedbdb8c9,1451.868437,1451.868437,6533.407968,1,1,1697064637
2023-10-05,0xa819af1cc8abe618ea8abadeb464960f7451ceab,1577,0x05e5ab383f3c2d423cfd118b83420261ab0990bc,6734.292538,6734.292538,6695.622858,1,1,1697062407
2023-10-05,0xa819af1cc8abe618ea8abadeb464960f7451ceab,1650,0x613ca7d1573dbdd7711ec1d84258a3d0fdb76d53,0.0,0.0,6224.914117,0,1,1697064827
2023-10-05,0xa819af1cc8abe618ea8abadeb464960f7451ceab,1670,0x161d9b5d6e3ed8d9c1d36a7caf971901c60b9222,6105.464182,6105.464182,0.0,1,0,1697060845
2023-10-05,0xa819af1cc8abe618ea8abadeb464960f7451ceab,1811,0x410f2959ee9c8115ca6cf0f817b14373b63b5d4c,2017.4063,2017.4063,2882.009,1,1,1697065037
2023-10-05,0xa819af1cc8abe618ea8abadeb464960f7451ceab,1948,0xb5ca2dddf8cd15e11a58d4c02825cd9a82d56d5d,4406.035973,4406.035973,4406.035973,1,1,1696984815
2023-10-05,0xa819af1cc8abe618ea8abadeb464960f7451ceab,1959,0x6d1e0084a6910a8803ab7c22483a1a2db3f1001a,0.0,0.0,4368.159869,0,1,1697058905
2023-10-05,0xa819af1cc8abe618ea8abadeb464960f7451ceab,2124,0xf807c99e3b8f9a5cafcc32db1ffde555abcbd728,3944.74428,3944.74428,0.0,1,0,1697061721
2023-10-05,0xa819af1cc8abe618ea8abadeb464960f7451ceab,2132,0xd4fc1974bfb6721785ca25828711d76a0fc2fea3,3928.582759,3928.582759,0.0,1,0,1697061847
2023-10-05,0xa819af1cc8abe618ea8abadeb464960f7451ceab,2147,0x6dfd648529f19a276c8fa7a54d4f38a2d51d8e56,3891.600664,3891.600664,0.0,1,0,1697061623
2023-10-05,0xa819af1cc8abe618ea8abadeb464960f7451ceab,2149,0x0ea7dd4f92dc0c486d89e19198b82081dbac0632,3888.177964,3888.177964,0.0,1,0,1697061485
2023-10-05,0xa819af1cc8abe618ea8abadeb464960f7451ceab,2150,0x3ea59cb8ac06b6d5e691ee92069676b3ab8ab5d6,3886.575639,3886.575639,0.0,1,0,1697061541
2023-10-05,0xa819af1cc8abe618ea8abadeb464960f7451ceab,2156,0x72bdf017721111185f159bef28b701491096c7ce,3875.815793,3875.815793,0.0,1,0,1697060943
2023-10-05,0xa819af1cc8abe618ea8abadeb464960f7451ceab,2169,0x755fa1543e7fba12dd992e836d68fe043f141b0b,3846.203624,3846.203624,0.0,1,0,1697061239
2023-10-05,0xa819af1cc8abe618ea8abadeb464960f7451ceab,2171,0x926934c924042370f421027abeb420b036cb71be,3845.166932,3845.166932,0.0,1,0,1697063939
2023-10-05,0xa819af1cc8abe618ea8abadeb464960f7451ceab,2178,0x7852d40f2a8ea6c219a91aea2249f5a3f70d4da0,3828.000131,3828.000131,0.0,1,0,1697060605
2023-10-05,0xa819af1cc8abe618ea8abadeb464960f7451ceab,2331,0xcc749d05e9d6cc7d978c533f964ab785742a65d5,3502.709091,3502.709091,0.0,1,0,1697061057
2023-10-05,0xa819af1cc8abe618ea8abadeb464960f7451ceab,2333,0xacecac0129b7ffbc5879e7175c5d46227c4a8c37,3499.214261,3499.214261,0.0,1,0,1697061323
2023-10-05,0xa819af1cc8abe618ea8abadeb464960f7451ceab,2544,0xe33b746a030c3b3c512d274b05ea6e40772cf212,3166.787222,3166.787222,0.0,1,0,1697062915
2023-10-05,0xa819af1cc8abe618ea8abadeb464960f7451ceab,2693,0xb721262e075ad4073ebe4560161a88fef8c82dcd,3083.751682,3083.751682,0.0,1,0,1697062045
2023-10-05,0xa819af1cc8abe618ea8abadeb464960f7451ceab,2881,0xd670a99b9ad6b9fe256294f51cfe5f38e51d54aa,2217.495941,2217.495941,0.0,1,0,1697063979
2023-10-05,0xa819af1cc8abe618ea8abadeb464960f7451ceab,3007,0x6a4d00bc2a921e9bf5397cecba78c6802be3702f,1925.54052,1925.54052,0.0,1,0,1697063017
2023-10-05,0xa819af1cc8abe618ea8abadeb464960f7451ceab,3040,0x8b05f073dc61b5f89f2b0ab09fe1c6f987a016a2,0.0,0.0,1836.025211,0,1,1697059227
2023-10-05,0xa819af1cc8abe618ea8abadeb464960f7451ceab,3041,0x7caea457224c345d1518a23fbd07ebdbdd21170c,943.753559,943.753559,1885.011721,1,1,1697064369
2023-10-05,0xa819af1cc8abe618ea8abadeb464960f7451ceab,3501,0xb3654d8cb57f03410ea7e0a699fa3261394dcbcf,1298.977073,1298.977073,0.0,1,0,1697061205
2023-10-05,0xa819af1cc8abe618ea8abadeb464960f7451ceab,3551,0x5be66f4095f89bd18abe4ae9d2acd5021ec433bc,0.0,0.0,3749.999957,0,1,1697035217
2023-10-05,0xa819af1cc8abe618ea8abadeb464960f7451ceab,3811,0x9ded118b08fa9cab2413e366e1589167c066beae,993.298532,993.298532,0.0,1,0,1697061915
2023-10-05,0xa819af1cc8abe618ea8abadeb464960f7451ceab,3817,0x547b324b3f9e1f9f436fede6e88ae1ca816db6f3,991.001253,991.001253,0.0,1,0,1697060693
2023-10-05,0xa819af1cc8abe618ea8abadeb464960f7451ceab,3956,0x206d7f45fae22d9926bdb2169dce6e52ed33828f,0.0,0.0,862.085411,0,1,1697054349
2023-10-05,0xa819af1cc8abe618ea8abadeb464960f7451ceab,4484,0x98e78cd936e6d7bb685d1cb3e4f3766322057183,262.064293,262.064293,131.032147,1,1,1697064207
2023-10-05,0xa819af1cc8abe618ea8abadeb464960f7451ceab,5913,0x071fb19eb2d0b1da6fe0a1fa05883b7e159df756,359.445954,359.445954,0.0,1,0,1697061897
2023-10-05,0xa819af1cc8abe618ea8abadeb464960f7451ceab,5947,0x777a43eaab6b8a92a1f21740c1532dbe3b7c775f,358.608549,358.608549,0.0,1,0,1697060373
2023-10-05,0xa819af1cc8abe618ea8abadeb464960f7451ceab,6144,0x1c494f1919c1512ebe74a5dcc17dac9a64069023,6606.008435,6606.008435,0.0,1,0,1697063413
2023-10-05,0xa819af1cc8abe618ea8abadeb464960f7451ceab,7714,0xcba1a275e2d858ecffaf7a87f606f74b719a8a93,0.0,0.0,197.651778,0,1,1697058601
2023-10-05,0xa819af1cc8abe618ea8abadeb464960f7451ceab,8047,0x4ee67d558e065c6655f6a871a881e4717d97d1bd,0.0,0.0,5756.658486,0,1,1697063953
2023-10-05,0xa819af1cc8abe618ea8abadeb464960f7451ceab,8356,0x166c794d890dd91bbe71f304eca660e1c4892cbb,67595.465816,67595.465816,0.0,1,0,1697060253
2023-10-05,0xa819af1cc8abe618ea8abadeb464960f7451ceab,8359,0x188c30e9a6527f5f0c3f7fe59b72ac7253c62f28,6542.575802,6542.575802,0.0,1,0,1697060067
2023-10-05,0xa819af1cc8abe618ea8abadeb464960f7451ceab,8440,0xa4b6eeeb7eba0fc360a7402f2ebe90c178115e91,0.0,0.0,20614.5324,0,1,1696491809
2023-10-05,0xa819af1cc8abe618ea8abadeb464960f7451ceab,8449,0xb44b476a7f6a83b5e0559433b0d3ad374a0c1682,6206.272449,6206.272449,0.0,1,0,1697062171
2023-10-05,0xa819af1cc8abe618ea8abadeb464960f7451ceab,8516,0xa5a2a35fa9404f3603505984506206ccf208489f,5e-06,5e-06,0.0,1,0,1696503683
2023-10-05,0xa819af1cc8abe618ea8abadeb464960f7451ceab,8669,0xb44b476a7f6a83b5e0559433b0d3ad374a0c1682,5036.426804,5036.426804,0.0,1,0,1697062245
2023-10-05,0xaf58fdee432a104a932a899968d60f92838886cd,391,0x6fe797a05359c9d91b1f85d418e2ed4ea6c65a8f,16711.146412,16711.146412,16705.788344,1,1,1697062047
2023-10-05,0xaf58fdee432a104a932a899968d60f92838886cd,2571,0xfc7c1d00b2ec6d3653e9de72590684456846c53d,1569.990925,1569.990925,0.0,1,0,1697057819
2023-10-05,0xaf58fdee432a104a932a899968d60f92838886cd,3116,0xa4831321acf9920a19941c45ea6472ddcca34b3c,0.0,0.0,887.79483,0,1,1696910639
2023-10-05,0xaf58fdee432a104a932a899968d60f92838886cd,4322,0xcadc672a191ac9b184b468064fdfbb99fd9829d6,0.0,0.0,560.726377,0,1,1696910881
2023-10-05,0xb304b47e039e20afad75fa2ada6cd8d95a9eea41,5465,0x1e6f4bc39b916e581929fc72b5190e08b4751941,0.0,0.0,138.269912,0,1,1697064103
2023-10-05,0xb4885bc63399bf5518b994c1d0c153334ee579d0,4,0x834c0da026d5f933c2c18fa9f8ba7f1f792fda52,32379758.642979,32379758.642979,42868553.702157,1,1,1697038535
2023-10-05,0xb4885bc63399bf5518b994c1d0c153334ee579d0,25,0xf1c4f79dd91d63bb4f22093270140697d5286200,174554.289264,174554.289264,0.0,1,0,1696790477
2023-10-05,0xb4885bc63399bf5518b994c1d0c153334ee579d0,50,0xdeded3860fb19525ac4594ae888a9c556a42a0a6,1480608.396883,1480608.396883,0.0,1,0,1697043601
2023-10-05,0xb4885bc63399bf5518b994c1d0c153334ee579d0,96,0x26602bf417c4e57ba3d2268d7f93a1e16f29e069,92017.094071,92017.094071,0.0,1,0,1697062825
2023-10-05,0xb4885bc63399bf5518b994c1d0c153334ee579d0,155,0x2db6f5e838ed2bad993e9ff2d3d7a5c1cc35704c,82686.606022,82686.606022,0.0,1,0,1696933501
2023-10-05,0xb4885bc63399bf5518b994c1d0c153334ee579d0,210,0x4e51a06e4643197e1be2f050b6af60f9ad3cef06,0.0,0.0,201624.971941,0,1,1696607009
2023-10-05,0xb4885bc63399bf5518b994c1d0c153334ee579d0,216,0x4aad47cf429dc976079648f739e094aa21350b56,174625.738892,174625.738892,0.0,1,0,1697036759
2023-10-05,0xb4885bc63399bf5518b994c1d0c153334ee579d0,286,0xb33cd827dd59c090e71899bfca31f81f4b189ddb,58371.921878,58371.921878,0.0,1,0,1697051855
2023-10-05,0xb4885bc63399bf5518b994c1d0c153334ee579d0,309,0x5b1c8cd6e98d8bca397fd09b0dcc9933d712ad13,51450.290358,51450.290358,0.0,1,0,1697061179
2023-10-05,0xb4885bc63399bf5518b994c1d0c153334ee579d0,319,0xcd763667cd74543bd05c19386347441d3d3f6392,25216.004677,25216.004677,0.0,1,0,1696911427
2023-10-05,0xb4885bc63399bf5518b994c1d0c153334ee579d0,387,0x314c0695273ba259bb60074f2c92c67ac7ae6d40,0.0,0.0,10558.587324,0,1,1696927055
2023-10-05,0xb4885bc63399bf5518b994c1d0c153334ee579d0,405,0x2f707265e61300e8290c18e38ebcbd129fb0b0f5,29209.281343,29209.281343,26858.10661,1,1,1696780625
2023-10-05,0xb4885bc63399bf5518b994c1d0c153334ee579d0,417,0xbe93d14c5defb8f41af8fb092f58e3c71c712b85,0.0,0.0,15211.651758,0,1,1696501421
2023-10-05,0xb4885bc63399bf5518b994c1d0c153334ee579d0,429,0x7798ba9512b5a684c12e31518923ea4221a41fb9,58973.186502,58973.186502,0.0,1,0,1697055129
2023-10-05,0xb4885bc63399bf5518b994c1d0c153334ee579d0,456,0x43ea46f06e272c4e64dc153f41f8cb53e795b670,25467.284858,25467.284858,0.0,1,0,1697049437
2023-10-05,0xb4885bc63399bf5518b994c1d0c153334ee579d0,468,0x93771c1622e780a48d62333374ea743fa3d644d3,48253.538792,48253.538792,48253.538792,1,1,1696640341
2023-10-05,0xb4885bc63399bf5518b994c1d0c153334ee579d0,491,0xde3ba1b41e6c612a3ca3213b84bdaf598dffdb9b,44711.939849,44711.939849,44684.340099,1,1,1696468943
2023-10-05,0xb4885bc63399bf5518b994c1d0c153334ee579d0,495,0xfa347793d0f0ea3a436cd311ebe0c95b1f089974,0.0,0.0,22103.458599,0,1,1696983435
2023-10-05,0xb4885bc63399bf5518b994c1d0c153334ee579d0,514,0xe9eb5b18f6a6098eae9d38d03dbfdc924bd757e9,42423.468101,42423.468101,0.0,1,0,1696499661
2023-10-05,0xb4885bc63399bf5518b994c1d0c153334ee579d0,522,0x8d893429b077455f0db9bc005536f441785eeeb2,43493.371761,43493.371761,0.0,1,0,1697053293
2023-10-05,0xb4885bc63399bf5518b994c1d0c153334ee579d0,543,0x6613a1521394c2f17c7d705e48279e44c2a01936,13962.331627,13962.331627,13962.331627,1,1,1696469003
2023-10-05,0xb4885bc63399bf5518b994c1d0c153334ee579d0,599,0x21f59001e8543fbd84fcacade38b1a06274f0ca3,49083.440177,49083.440177,0.0,1,0,1697047857
2023-10-05,0xb4885bc63399bf5518b994c1d0c153334ee579d0,600,0x928450bfea47414f891ee572159ee970aae75534,37771.137218,37771.137218,0.0,1,0,1697064147
2023-10-05,0xb4885bc63399bf5518b994c1d0c153334ee579d0,602,0x0a4fc1b3308e763a6a322f38138748a781d5b576,35600.736915,35600.736915,0.0,1,0,1697056667
2023-10-05,0xb4885bc63399bf5518b994c1d0c153334ee579d0,625,0xc814d2ef6d893568c74cd969eb6f72a62fc261f7,34136.690609,34136.690609,34125.745418,1,1,1697020007
2023-10-05,0xb4885bc63399bf5518b994c1d0c153334ee579d0,628,0x8fa5ebb986fa6db89291a383142bb756ab88428e,8444.875921,8444.875921,0.0,1,0,1697060817
2023-10-05,0xb4885bc63399bf5518b994c1d0c153334ee579d0,642,0xf1b0e78a2bc422df50ec9ee4c324895c9b79f80a,34251.84504,34251.84504,0.0,1,0,1696913337
2023-10-05,0xb4885bc63399bf5518b994c1d0c153334ee579d0,678,0x9a5df8a23fb61fc6c1fe7807290bfd0e577aa4ec,0.0,0.0,7770.530409,0,1,1696639849
2023-10-05,0xb4885bc63399bf5518b994c1d0c153334ee579d0,711,0x74e8beb278dc75d26d5918ae83bf85b58c82d3fb,0.0,0.0,27468.229773,0,1,1696577649
2023-10-05,0xb4885bc63399bf5518b994c1d0c153334ee579d0,773,0x4b17b32de85aa3636929ac2cc029b95173b2aee5,23403.425665,23403.425665,23395.921863,1,1,1696494279
2023-10-05,0xb4885bc63399bf5518b994c1d0c153334ee579d0,776,0xc923dd451dfb1fc6a4608982c6c077414da06a4d,6086.983309,6086.983309,6085.031649,1,1,1696994033
2023-10-05,0xb4885bc63399bf5518b994c1d0c153334ee579d0,777,0xf3afc2383a0b45ae73d77b49df7f2184b1ad4b90,23171.846812,23171.846812,23164.41726,1,1,1696487503
2023-10-05,0xb4885bc63399bf5518b994c1d0c153334ee579d0,832,0xde1a20ad593386d0ac260a8450b2349d8ab4eb57,20506.574929,20506.574929,0.0,1,0,1696882549
2023-10-05,0xb4885bc63399bf5518b994c1d0c153334ee579d0,857,0x41bb08c5f310dd5eb32289a621efa54d8ac89f0b,19289.956118,19289.956118,0.0,1,0,1697053461
2023-10-05,0xb4885bc63399bf5518b994c1d0c153334ee579d0,877,0x2ccf109701bb766ea47cc673b1366af4e82976b1,18477.103829,18477.103829,0.0,1,0,1696950043
2023-10-05,0xb4885bc63399bf5518b994c1d0c153334ee579d0,914,0x4d0e439ba905eb39aee88097433add619cf5257b,17184.93627,17184.93627,17184.93627,1,1,1696584289
2023-10-05,0xb4885bc63399bf5518b994c1d0c153334ee579d0,969,0xbfc016652a6708b20ae850ee92d2ea23cca5f31a,15796.197476,15796.197476,15796.197476,1,1,1697040645
2023-10-05,0xb4885bc63399bf5518b994c1d0c153334ee579d0,983,0xb2dbe9ed85d500b3a8bb28533bcbf35d8d74cc70,15383.174783,15383.174783,0.0,1,0,1696494595
2023-10-05,0xb4885bc63399bf5518b994c1d0c153334ee579d0,1000,0x1cb0b1cc35bcf5815cf576ad96b67d84b6f72821,14995.489566,14995.489566,0.0,1,0,1697065081
2023-10-05,0xb4885bc63399bf5518b994c1d0c153334ee579d0,1020,0xc18dac166eda9538933258d21a272c1775c19c73,0.0,0.0,14500.122792,0,1,1697009515
2023-10-05,0xb4885bc63399bf5518b994c1d0c153334ee579d0,1067,0x4c702975f5f5c4200094ae5254d922e7e6ad6049,13718.476131,13718.476131,0.0,1,0,1696866171
2023-10-05,0xb4885bc63399bf5518b994c1d0c153334ee579d0,1069,0x30d41a62b6e36e72b4fed35236c3168f4369b2f5,13448.67948,13448.67948,0.0,1,0,1697055893
2023-10-05,0xb4885bc63399bf5518b994c1d0c153334ee579d0,1092,0x3823a62339c5e9a75990efd1f91cdeff73bda609,12899.536007,12899.536007,0.0,1,0,1697052195
2023-10-05,0xb4885bc63399bf5518b994c1d0c153334ee579d0,1099,0xe8b55fd62045d51274812e5c3ab803055c0e3eaa,12791.080713,12791.080713,6393.489765,1,1,1696933541
2023-10-05,0xb4885bc63399bf5518b994c1d0c153334ee579d0,1105,0x2ea2ce595bd68a0cd1fd34b06df98970952fe4d2,14065.337077,14065.337077,0.0,1,0,1697043869
2023-10-05,0xb4885bc63399bf5518b994c1d0c153334ee579d0,1206,0x7d9a78f607706b8f5ce26fba6c9eacabf8937df0,5398.959524,5398.959524,0.0,1,0,1696824649
2023-10-05,0xb4885bc63399bf5518b994c1d0c153334ee579d0,1237,0x6c7c462148823c4f12445e1687eb5cb2576c915b,10340.056454,10340.056454,10338.907862,1,1,1696786005
2023-10-05,0xb4885bc63399bf5518b994c1d0c153334ee579d0,1238,0xf615d3d3f8dd67a69071b5fbe703259b7cb10e55,10348.600977,10348.600977,0.0,1,0,1696946555
2023-10-05,0xb4885bc63399bf5518b994c1d0c153334ee579d0,1315,0xd6d7ea4833f22edbed3dbd3d71adf3cdd8e36a01,9185.45475,9185.45475,0.0,1,0,1696789009
2023-10-05,0xb4885bc63399bf5518b994c1d0c153334ee579d0,1329,0xa5803acce163edc79be0fb463b3d268bbd806970,8940.688302,8940.688302,0.0,1,0,1696885349
2023-10-05,0xb4885bc63399bf5518b994c1d0c153334ee579d0,1349,0x5d20723d6eca69738eac8b4767c46682ecc76f3c,8734.033708,8734.033708,0.0,1,0,1696492585
2023-10-05,0xb4885bc63399bf5518b994c1d0c153334ee579d0,1407,0x6ec39176ebc5cb9a0e9a0bddfe3afcc0c8b2defb,2039.91743,2039.91743,0.0,1,0,1697036859
2023-10-05,0xb4885bc63399bf5518b994c1d0c153334ee579d0,1440,0x57a7604baae02bfb83f102eeb96f2c263d2f2ae1,7814.907751,7814.907751,0.0,1,0,1696776201
2023-10-05,0xb4885bc63399bf5518b994c1d0c153334ee579d0,1457,0x26b5e14dbf21bfb62bff869f5f4bce8dbddbcfca,0.0,0.0,3850.310133,0,1,1696637601
2023-10-05,0xb4885bc63399bf5518b994c1d0c153334ee579d0,1472,0xf1f57b31a953f8e481c5c8f52fe38600268dba14,759.514798,759.514798,0.0,1,0,1697061047
2023-10-05,0xb4885bc63399bf5518b994c1d0c153334ee579d0,1497,0x310f3030e7cc99d9093c5fcd7e8a7fe4cc92b9d9,7364.715102,7364.715102,0.0,1,0,1697040619
2023-10-05,0xb4885bc63399bf5518b994c1d0c153334ee579d0,1508,0x14da1d50102b7e29103dd28ca2f2796866c99b11,7214.304596,7214.304596,0.0,1,0,1697052661
2023-10-05,0xb4885bc63399bf5518b994c1d0c153334ee579d0,1557,0x41ea85a57725e77169c9f4d2edf17aaef50bb14d,6890.366522,6890.366522,0.0,1,0,1696565111
2023-10-05,0xb4885bc63399bf5518b994c1d0c153334ee579d0,1575,0x31e1c86c87791c903ccb82726e11a761187ef694,5041.600627,5041.600627,0.0,1,0,1696900147
2023-10-05,0xb4885bc63399bf5518b994c1d0c153334ee579d0,1627,0x00b439a201110adac18614945349d2b565a4cc24,6328.742957,6328.742957,6328.742957,1,1,1696956703
2023-10-05,0xb4885bc63399bf5518b994c1d0c153334ee579d0,1652,0xbff734478f1d1e7a313f174f2444d0e366b034b7,0.0,0.0,6218.494212,0,1,1696473593
2023-10-05,0xb4885bc63399bf5518b994c1d0c153334ee579d0,1686,0x0825d6c1d8e93b29c8f057e90457bb938061f6ad,6009.627855,6009.627855,0.0,1,0,1696661267
2023-10-05,0xb4885bc63399bf5518b994c1d0c153334ee579d0,1690,0xc609b5595e38acbdde1672f9b482db823f51668a,5966.702704,5966.702704,5966.702704,1,1,1696970165
2023-10-05,0xb4885bc63399bf5518b994c1d0c153334ee579d0,1705,0x4da5bda21c66edec94ba1a7d215fa2a62ad8e4fc,2925.328125,2925.328125,0.0,1,0,1696519437
2023-10-05,0xb4885bc63399bf5518b994c1d0c153334ee579d0,1713,0xf447b405fc7b41ddfef3cf66ec790eabd6b26a47,5788.575099,5788.575099,0.0,1,0,1696485909
2023-10-05,0xb4885bc63399bf5518b994c1d0c153334ee579d0,1770,0x43748da96eab61ccf623bf7087ef02e70478211e,5400.433492,5400.433492,5400.433492,1,1,1696526143
2023-10-05,0xb4885bc63399bf5518b994c1d0c153334ee579d0,1772,0x8560293f8d0583118cc1386133d307ace5acc8b6,5285.298784,5285.298784,0.0,1,0,1697049077
2023-10-05,0xb4885bc63399bf5518b994c1d0c153334ee579d0,1806,0xd5f7d015c6b02ddd913329c056a404054b29cb9a,5058.16083,5058.16083,0.0,1,0,1697056479
2023-10-05,0xb4885bc63399bf5518b994c1d0c153334ee579d0,1855,0xbfad818edb25dc4eebac8cc44a7533be4652ad6c,2406.886309,2406.886309,0.0,1,0,1696483179
2023-10-05,0xb4885bc63399bf5518b994c1d0c153334ee579d0,1902,0x37eedb7ac276bd6c894e81b8937b0b0bab154e22,4566.825377,4566.825377,0.0,1,0,1696860209
2023-10-05,0xb4885bc63399bf5518b994c1d0c153334ee579d0,1938,0x58603461149fc2a800a56d421e77dcbba2d83ca8,4442.939341,4442.939341,0.0,1,0,1697042181
2023-10-05,0xb4885bc63399bf5518b994c1d0c153334ee579d0,1950,0xadea3af062df0de0c29e67d001d0859cd738bccd,2517.957806,2517.957806,0.0,1,0,1697057847
2023-10-05,0xb4885bc63399bf5518b994c1d0c153334ee579d0,2043,0x29976c9c4ca5d92d70cccd2611eef58f1ffe158d,4142.122417,4142.122417,0.0,1,0,1696659161
2023-10-05,0xb4885bc63399bf5518b994c1d0c153334ee579d0,2087,0x4d85e4f760fb58e380f02657ae5aafb8bd010601,2019.438742,2019.438742,2019.438742,1,1,1696812501
2023-10-05,0xb4885bc63399bf5518b994c1d0c153334ee579d0,2089,0x6bcb9ec9686aeb3b2fd854f036d3f24fd48eabba,0.0,0.0,4017.464159,0,1,1696797763
2023-10-05,0xb4885bc63399bf5518b994c1d0c153334ee579d0,2099,0x5a1df87bce2216a0a1198e841822b06aec23bd7c,4013.117085,4013.117085,0.0,1,0,1697063685
2023-10-05,0xb4885bc63399bf5518b994c1d0c153334ee579d0,2100,0x8bbec86ed6a27d8654aa601e364a3f1a359cf428,0.0,0.0,4012.654097,0,1,1696539945
2023-10-05,0xb4885bc63399bf5518b994c1d0c153334ee579d0,2117,0x3a08ca9e3a394c7b947b9ca56493e38176f3428c,3981.913033,3981.913033,0.0,1,0,1696622509
2023-10-05,0xb4885bc63399bf5518b994c1d0c153334ee579d0,2127,0x0c5d1d586b67c8cf51174d8d71c12b254d496ff6,4351.276434,4351.276434,0.0,1,0,1696875845
2023-10-05,0xb4885bc63399bf5518b994c1d0c153334ee579d0,2129,0x9e136c1c6d31504f6b0af8cba2cd3f1ea77b2e2b,985.199956,985.199956,985.199956,1,1,1696525563
2023-10-05,0xb4885bc63399bf5518b994c1d0c153334ee579d0,2170,0xe864c76dc41797e606b67ecd23cf0575841cb24e,3846.583049,3846.583049,0.0,1,0,1696511759
2023-10-05,0xb4885bc63399bf5518b994c1d0c153334ee579d0,2223,0xdeaa067e429ad097465d8f3b50ca306f13061038,3722.222008,3722.222008,0.0,1,0,1696689921
2023-10-05,0xb4885bc63399bf5518b994c1d0c153334ee579d0,2229,0xdaf7bbe20724d2dd7717e0e09a06b572c3a112de,3701.541724,3701.541724,0.0,1,0,1697042479
2023-10-05,0xb4885bc63399bf5518b994c1d0c153334ee579d0,2243,0xdd7fbd024e7e484d41d14936a44709992c8a1e07,0.0,0.0,913.582497,0,1,1697037901
2023-10-05,0xb4885bc63399bf5518b994c1d0c153334ee579d0,2262,0xb8e1f0f1e0aab629ec07ae9e4fa680b58732c643,3619.233317,3619.233317,3619.233317,1,1,1696475073
2023-10-05,0xb4885bc63399bf5518b994c1d0c153334ee579d0,2268,0x7bd44402a58397c5251a902654b57624e64823f9,0.0,0.0,3612.998024,0,1,1696467645
2023-10-05,0xb4885bc63399bf5518b994c1d0c153334ee579d0,2307,0x49072cd3bf4153da87d5eb30719bb32bda60884b,3535.459417,3535.459417,3533.277387,1,1,1697013469
2023-10-05,0xb4885bc63399bf5518b994c1d0c153334ee579d0,2337,0x27211186a6aca2c1371ea8b3deb528659a118081,863.690913,863.690913,0.0,1,0,1697064159
2023-10-05,0xb4885bc63399bf5518b994c1d0c153334ee579d0,2352,0x514fab6ca1213f22db9f7e1bd461986abaee93b1,3461.312038,3461.312038,0.0,1,0,1697043959
2023-10-05,0xb4885bc63399bf5518b994c1d0c153334ee579d0,2355,0x8fb66dbf6a4d1cdaed5b72135324f345fa6c9b83,3458.87468,3458.87468,0.0,1,0,1697044553
2023-10-05,0xb4885bc63399bf5518b994c1d0c153334ee579d0,2361,0xcbdfb1f0988749f791e265f60a485cc0f996a1cb,3454.007672,3454.007672,0.0,1,0,1697044553
2023-10-05,0xb4885bc63399bf5518b994c1d0c153334ee579d0,2372,0x4eb4ff4206b92b28383819275a91be201899467a,3440.430153,3440.430153,0.0,1,0,1697044553
2023-10-05,0xb4885bc63399bf5518b994c1d0c153334ee579d0,2375,0x2e7f0f4dabdfe46f743e7dd3eedb86b92cf78494,3435.024331,3435.024331,0.0,1,0,1697044553
2023-10-05,0xb4885bc63399bf5518b994c1d0c153334ee579d0,2442,0x52ac77e17ad92adfff2b28d44310fbfe09990c24,3321.038084,3321.038084,0.0,1,0,1696781601
2023-10-05,0xb4885bc63399bf5518b994c1d0c153334ee579d0,2447,0xdf90bc63d773e674e0ce2488dbf173cdc3622796,1652.879721,1652.879721,1652.349761,1,1,1696486331
2023-10-05,0xb4885bc63399bf5518b994c1d0c153334ee579d0,2557,0x3367a005c2bef54f2836a616ce3e4fa2d35910da,3148.562494,3148.562494,3147.552976,1,1,1696482731
2023-10-05,0xb4885bc63399bf5518b994c1d0c153334ee579d0,2597,0x8bcf9320497028119da1c99525d19a9f0d86f92a,3097.46254,3097.46254,0.0,1,0,1696490127
2023-10-05,0xb4885bc63399bf5518b994c1d0c153334ee579d0,2613,0x7ce487f43c2a11f85bd6f0bc9174c3b031d8a6e0,3071.550762,3071.550762,0.0,1,0,1696505007
2023-10-05,0xb4885bc63399bf5518b994c1d0c153334ee579d0,2633,0xfcc06f7f02f6ab02051f259db4f82f20d8d02112,3080.334277,3080.334277,0.0,1,0,1696777101
2023-10-05,0xb4885bc63399bf5518b994c1d0c153334ee579d0,2644,0xf22b3e9fdfac016fa197c2326c84657ba4f78f78,3041.633109,3041.633109,0.0,1,0,1696619689
2023-10-05,0xb4885bc63399bf5518b994c1d0c153334ee579d0,2657,0x73c748b5f99c3507f11fb8fa2ea5e3b8f4f9a1d1,3025.384437,3025.384437,0.0,1,0,1696952561
2023-10-05,0xb4885bc63399bf5518b994c1d0c153334ee579d0,2670,0xabb3639ac7ea3fbd7e9bfd4d8fd46cad6c3056f6,336.377805,2018.266831,3268.82889,2,2,1697015661
2023-10-05,0xb4885bc63399bf5518b994c1d0c153334ee579d0,2682,0x2f486cd2711fed55ecc481a5a0ac62001ebfb16c,1485.437531,1485.437531,1485.437531,1,1,1696491079
2023-10-05,0xb4885bc63399bf5518b994c1d0c153334ee579d0,2685,0x2245c733dd052343b60f44130a25c9f574a696d4,332.664017,1995.984103,3233.40397,2,2,1697015619
2023-10-05,0xb4885bc63399bf5518b994c1d0c153334ee579d0,2697,0x5115b261fb75084af050349020f09164cb8fe059,1474.139817,1474.139817,0.0,1,0,1696610023
2023-10-05,0xb4885bc63399bf5518b994c1d0c153334ee579d0,2713,0xa21a800138b3c95f8992cf5f14c736fc23bd6045,0.0,0.0,724.034747,0,1,1696999343
2023-10-05,0xb4885bc63399bf5518b994c1d0c153334ee579d0,2722,0x6d81fbdba7cc3afb7926f80c734965746b297668,2905.430642,5810.861285,5809.455882,2,2,1696476277
2023-10-05,0xb4885bc63399bf5518b994c1d0c153334ee579d0,2744,0x17ae0a6be2e97b384165626db2569729d5006640,2754.130765,2754.130765,2752.492618,1,1,1696564955
2023-10-05,0xb4885bc63399bf5518b994c1d0c153334ee579d0,2798,0xa2bf60058c0657c45fdd1741220b4a7f0da91ca3,2570.720648,2570.720648,0.0,1,0,1696798179
2023-10-05,0xb4885bc63399bf5518b994c1d0c153334ee579d0,2832,0x181ebf93092438f13ebef682b275230c7169d0f2,0.0,0.0,2378.368308,0,1,1697018997
2023-10-05,0xb4885bc63399bf5518b994c1d0c153334ee579d0,2856,0xf3b059c887172f2cc52b5e77ee3b2c8b3a32e6ef,1899.207118,1899.207118,0.0,1,0,1697052387
2023-10-05,0xb4885bc63399bf5518b994c1d0c153334ee579d0,2858,0x9ef171a8c62eea6455830bde5de99db5a7ca5119,0.0,0.0,2256.58005,0,1,1696497937
2023-10-05,0xb4885bc63399bf5518b994c1d0c153334ee579d0,2911,0x464567a90011774b2244374d10b67b50702c1ab6,0.0,0.0,2159.054379,0,1,1696485885
2023-10-05,0xb4885bc63399bf5518b994c1d0c153334ee579d0,2928,0x6dd93f62e209533888afd02421a69312d4b9b275,2117.471107,2117.471107,0.0,1,0,1696891357
2023-10-05,0xb4885bc63399bf5518b994c1d0c153334ee579d0,2939,0xdddda6f358eaceb800c82d41ccc53676b5cc6f6c,2094.246941,2094.246941,0.0,1,0,1696767419
2023-10-05,0xb4885bc63399bf5518b994c1d0c153334ee579d0,2942,0x29746c9d6b317c6df26ac1751d6cb03a55c1b8d5,0.0,0.0,2082.54139,0,1,1697011841
2023-10-05,0xb4885bc63399bf5518b994c1d0c153334ee579d0,3033,0xdc849cb277d665a4d2d86220eecfcf5f2b5fff47,947.323145,947.323145,0.0,1,0,1696552547
2023-10-05,0xb4885bc63399bf5518b994c1d0c153334ee579d0,3049,0x24de90e08999faed07011a574104fe57f3465f96,1869.854444,1869.854444,0.0,1,0,1696934737
2023-10-05,0xb4885bc63399bf5518b994c1d0c153334ee579d0,3087,0xa3ad5cfb4ff4b68e37a338da200ba441c1850b5b,0.0,0.0,1820.792687,0,1,1696501661
2023-10-05,0xb4885bc63399bf5518b994c1d0c153334ee579d0,3088,0x52aea2fa97a868e2f920b95c388da95e1bcf8c29,910.366208,910.366208,455.183104,1,1,1696963917
2023-10-05,0xb4885bc63399bf5518b994c1d0c153334ee579d0,3105,0xf5659d33af64b5b987f048a4ba7cfca1c96f7f7a,1791.995389,1791.995389,1791.995389,1,1,1696707557
2023-10-05,0xb4885bc63399bf5518b994c1d0c153334ee579d0,3277,0x6ceb397b68059ca73049874d0a30c62500ae9877,1610.191103,1610.191103,0.0,1,0,1697041279
2023-10-05,0xb4885bc63399bf5518b994c1d0c153334ee579d0,3285,0xfa53b8cca72c61794ebac3d54b54554aa0f4229d,1599.921804,1599.921804,1599.921804,1,1,1696505317
2023-10-05,0xb4885bc63399bf5518b994c1d0c153334ee579d0,3326,0x48b576c87e788a762d6f95a456f2a39113b46950,1542.036148,1542.036148,1542.036148,1,1,1696471183
2023-10-05,0xb4885bc63399bf5518b994c1d0c153334ee579d0,3347,0x175fb20b9b5bcf80a0167d403405e6f3a074cfa0,384.133931,384.133931,384.133931,1,1,1696627085
2023-10-05,0xb4885bc63399bf5518b994c1d0c153334ee579d0,3380,0xbe5c3717205ef314f01a280cc552b95aa9da4757,1464.27213,1464.27213,0.0,1,0,1696678447
2023-10-05,0xb4885bc63399bf5518b994c1d0c153334ee579d0,3491,0x71c1bffe933698f39b03c6c7545dfb193c4c8b86,1313.782706,1313.782706,0.0,1,0,1697056419
2023-10-05,0xb4885bc63399bf5518b994c1d0c153334ee579d0,3579,0x86ff945e6dc2470317ca082a01de7d24188671ac,1188.624326,1188.624326,1187.890726,1,1,1696833609
2023-10-05,0xb4885bc63399bf5518b994c1d0c153334ee579d0,3590,0x9b32e12d0678628aee378dbdf92f7f66f3f4df80,1167.960682,1167.960682,0.0,1,0,1696638857
2023-10-05,0xb4885bc63399bf5518b994c1d0c153334ee579d0,3645,0xe7bbf1db8cba14a889874b1e2c82750c0baa5537,1104.253534,1104.253534,1104.253534,1,1,1696488703
2023-10-05,0xb4885bc63399bf5518b994c1d0c153334ee579d0,3653,0x9bea8d579a72785fd79d5356864ec002f02281a9,1102.26715,1102.26715,1101.913732,1,1,1696727021
2023-10-05,0xb4885bc63399bf5518b994c1d0c153334ee579d0,3713,0x8eef779818afa953b0652e45438423ebe089f55a,1072.963495,1072.963495,0.0,1,0,1696868115
2023-10-05,0xb4885bc63399bf5518b994c1d0c153334ee579d0,3761,0x0cfdfb55841bf953097d8f41b9bfd985a6bfadd9,1043.400314,1043.400314,1043.06577,1,1,1696550429
2023-10-05,0xb4885bc63399bf5518b994c1d0c153334ee579d0,3775,0x5970622555421159b9856656c1b6ae482a86ec42,1028.448322,1028.448322,0.0,1,0,1696843959
2023-10-05,0xb4885bc63399bf5518b994c1d0c153334ee579d0,3838,0x39beb60bc4c1b8b0ebeedc515c7a56e7dfb3a5a9,480.610766,480.610766,0.0,1,0,1696624513
2023-10-05,0xb4885bc63399bf5518b994c1d0c153334ee579d0,3855,0x2fd99b41cf2ad7b5b7d69ceff4194c5d6d519781,2712.610237,2712.610237,2712.610237,1,1,1696940099
2023-10-05,0xb4885bc63399bf5518b994c1d0c153334ee579d0,3862,0x3e88681de2e12d1ac4116a7a6fb964a2c4c102ae,966.059477,966.059477,0.0,1,0,1696923785
2023-10-05,0xb4885bc63399bf5518b994c1d0c153334ee579d0,3944,0x12a966ceb79297f0504b55f4e8f67cc3ad838e0b,435.360788,435.360788,0.0,1,0,1696955717
2023-10-05,0xb4885bc63399bf5518b994c1d0c153334ee579d0,3963,0x8acf2f327e47fddd1124a55eb4efc1dfdacaa34c,0.0,0.0,438.105534,0,1,1696543689
2023-10-05,0xb4885bc63399bf5518b994c1d0c153334ee579d0,3969,0xc7b42f99c63126b22858f4eed636f805cfe82c91,961.069089,961.069089,0.0,1,0,1696667029
2023-10-05,0xb4885bc63399bf5518b994c1d0c153334ee579d0,4002,0x2ce56142953d2091c6a1218c18b298beb5773da7,0.0,0.0,2285.479004,0,1,1696537097
2023-10-05,0xb4885bc63399bf5518b994c1d0c153334ee579d0,4040,0x31e01a9b0796e131b5661eeaeb93981315b7d8d5,8881.685446,8881.685446,0.0,1,0,1697043959
2023-10-05,0xb4885bc63399bf5518b994c1d0c153334ee579d0,4057,0x43e49750a2ac66dce8d35bb4be8cbd458dc91736,778.645474,778.645474,778.645474,1,1,1696548275
2023-10-05,0xb4885bc63399bf5518b994c1d0c153334ee579d0,4124,0x42be9b4b12a8021529a1440158c84f624c316d10,550.4111,550.4111,0.0,1,0,1696530351
2023-10-05,0xb4885bc63399bf5518b994c1d0c153334ee579d0,4194,0xb405620726bc21da3db445a1744051be3e003344,694.038943,694.038943,694.038943,1,1,1696495393
2023-10-05,0xb4885bc63399bf5518b994c1d0c153334ee579d0,4219,0x0bbe8959e5047c52e53c8296425937cfa38482ad,0.0,0.0,679.799262,0,1,1696918305
2023-10-05,0xb4885bc63399bf5518b994c1d0c153334ee579d0,4303,0x64f8e38e19c1b6992969dcd5769c149951018af1,318.772529,318.772529,637.545057,1,1,1696593227
2023-10-05,0xb4885bc63399bf5518b994c1d0c153334ee579d0,4340,0xcdd5ccc914ba68b56eacb1a6058475648a3fda12,943.959496,943.959496,0.0,1,0,1696492195
2023-10-05,0xb4885bc63399bf5518b994c1d0c153334ee579d0,4357,0xb0fda516afc483866f2890e0f5d2e6b80e554968,586.594197,586.594197,0.0,1,0,1696965253
2023-10-05,0xb4885bc63399bf5518b994c1d0c153334ee579d0,4370,0x62016b340492521827fc3837571553227d54481d,576.138567,576.138567,576.138567,1,1,1696519125
2023-10-05,0xb4885bc63399bf5518b994c1d0c153334ee579d0,4397,0xeb6d85ff965506cf2639a828c3c04fa9f0d09112,564.993056,564.993056,0.0,1,0,1696498119
2023-10-05,0xb4885bc63399bf5518b994c1d0c153334ee579d0,4433,0x78b8a76bea31733777556033e2a116df66c4c41c,544.242981,544.242981,544.242981,1,1,1696513611
2023-10-05,0xb4885bc63399bf5518b994c1d0c153334ee579d0,4518,0x43917a8174465dc01522e8e14335eaa2cde33f6f,129.061062,129.061062,129.061062,1,1,1696531493
2023-10-05,0xb4885bc63399bf5518b994c1d0c153334ee579d0,4610,0x7adeb9c2181d693d08dd0cf5dd51bf165cdfc7d1,118.673938,118.673938,0.0,1,0,1697060857
2023-10-05,0xb4885bc63399bf5518b994c1d0c153334ee579d0,4613,0x12ed17d0061c89362a1fd0ba9aa960d68b97bd79,0.0,0.0,237.017158,0,1,1697019445
2023-10-05,0xb4885bc63399bf5518b994c1d0c153334ee579d0,4681,0x5b1aa687371f5f34600a4899918723d26d8521c6,448.42622,448.42622,226.178373,1,1,1696665971
2023-10-05,0xb4885bc63399bf5518b994c1d0c153334ee579d0,4705,0xfa5ce2a0882b2f5625df1f38f18b0f19f4f6fa67,446.027023,446.027023,0.0,1,0,1697035955
2023-10-05,0xb4885bc63399bf5518b994c1d0c153334ee579d0,4708,0x9a526a5bc7849e2872c7146e8bf81ba4657bd529,520.936325,1036.318094,515.381769,2,1,1696718679
2023-10-05,0xb4885bc63399bf5518b994c1d0c153334ee579d0,4727,0x648d11ee45749530e7837ba6b089517e4bb8c902,440.926461,440.926461,440.785088,1,1,1696516841
2023-10-05,0xb4885bc63399bf5518b994c1d0c153334ee579d0,4732,0x97d36238ec8e08495aac6972b9f1228cb6df4fd8,439.667439,439.667439,0.0,1,0,1697036043
2023-10-05,0xb4885bc63399bf5518b994c1d0c153334ee579d0,4740,0x37b8ef2da4964886f16c6b14fc87a5c8c9ac4038,219.360468,219.360468,219.360468,1,1,1696959699
2023-10-05,0xb4885bc63399bf5518b994c1d0c153334ee579d0,4770,0x2907b53ffa68caf0dd79b6f8c1238ba8b6708169,432.315804,432.315804,432.315804,1,1,1696695963
2023-10-05,0xb4885bc63399bf5518b994c1d0c153334ee579d0,4793,0x11e32bb1cf76cd88b26bd75f7075ac3ac1f4e064,0.0,0.0,213.532484,0,1,1696561041
2023-10-05,0xb4885bc63399bf5518b994c1d0c153334ee579d0,4851,0xa31bc2e90919dbac54183e874f4a87560e39921f,416.712896,416.712896,0.0,1,0,1696770331
2023-10-05,0xb4885bc63399bf5518b994c1d0c153334ee579d0,4890,0x12f03f0f9b9384feee357ab255b42ae99fdb8895,411.911121,411.911121,411.911121,1,1,1696468075
2023-10-05,0xb4885bc63399bf5518b994c1d0c153334ee579d0,4972,0x9baa120b011334ae37ce01ac7c714c934cd7648d,404.198802,404.198802,404.198802,1,1,1696467967
2023-10-05,0xb4885bc63399bf5518b994c1d0c153334ee579d0,4973,0x314d295677f81d037fd61bea21e81f9ea7aa2c64,404.230292,404.230292,404.230292,1,1,1696508459
2023-10-05,0xb4885bc63399bf5518b994c1d0c153334ee579d0,5022,0xc59b9db212a247536ecdbcc315a4514822d08fe3,437.444413,437.444413,0.0,1,0,1697064455
2023-10-05,0xb4885bc63399bf5518b994c1d0c153334ee579d0,5180,0xccb23a9bbae99909b1102549f9a96c2b137a60ec,387.241264,387.241264,387.241264,1,1,1696554197
2023-10-05,0xb4885bc63399bf5518b994c1d0c153334ee579d0,5337,0x61f8c99f4acde25dac0c591f5e6b4b635ab2f7c5,0.0,0.0,189.623413,0,1,1696699025
2023-10-05,0xb4885bc63399bf5518b994c1d0c153334ee579d0,5342,0x3c6ddedd59b588e0cd15caa97affe947bbecd8ad,94.785105,94.785105,0.0,1,0,1697061693
2023-10-05,0xb4885bc63399bf5518b994c1d0c153334ee579d0,5380,0x6f765cb0b942503ac63617be7f11b1fe704b7ec9,377.417885,377.417885,0.0,1,0,1696833095
2023-10-05,0xb4885bc63399bf5518b994c1d0c153334ee579d0,5381,0x5600ff522af4782dee24727a306e13c6d810dc3c,377.868372,377.868372,0.0,1,0,1696772373
2023-10-05,0xb4885bc63399bf5518b994c1d0c153334ee579d0,5397,0xa4a45767a697384f685a916e17b1e35e37314540,376.594946,376.594946,0.0,1,0,1696718041
2023-10-05,0xb4885bc63399bf5518b994c1d0c153334ee579d0,5416,0x0ed29d98ebdb37eae3f4c4dc95937b66c3b802bb,375.685021,375.685021,0.0,1,0,1696769521
2023-10-05,0xb4885bc63399bf5518b994c1d0c153334ee579d0,5457,0x8db7a537d8478df3c6d95ff33b4270342862957f,93.426079,93.426079,37.370432,1,1,1696541731
2023-10-05,0xb4885bc63399bf5518b994c1d0c153334ee579d0,5481,0xefee9a62e9742382df8489543d9c6fd1920d55ef,532.589069,532.589069,0.0,1,0,1696707621
2023-10-05,0xb4885bc63399bf5518b994c1d0c153334ee579d0,5490,0xbaab95812953a98e730a47385910caff108087b1,550.818862,550.818862,0.0,1,0,1696707889
2023-10-05,0xb4885bc63399bf5518b994c1d0c153334ee579d0,5492,0x796d36fb55b9a5406eb5cd74fb754759eafc66bd,570.475475,570.475475,0.0,1,0,1696707727
2023-10-05,0xb4885bc63399bf5518b994c1d0c153334ee579d0,5508,0x57be998a9ff5fb63b596b2f44ac1ecff0f08fc0a,371.402697,371.402697,0.0,1,0,1696854709
2023-10-05,0xb4885bc63399bf5518b994c1d0c153334ee579d0,5538,0x08a13ace9947cd15bf07b05e2bbcfe163c69f3ad,0.0,0.0,370.655806,0,1,1696474817
2023-10-05,0xb4885bc63399bf5518b994c1d0c153334ee579d0,5653,0x751961da42a72e417ced3621bfb660a89a23d5d7,367.146352,367.146352,367.146352,1,1,1696486129
2023-10-05,0xb4885bc63399bf5518b994c1d0c153334ee579d0,5657,0x188a46d9dc1c0049c9bae886d9cacd0a0e56d1ed,367.000057,367.000057,0.0,1,0,1696664159
2023-10-05,0xb4885bc63399bf5518b994c1d0c153334ee579d0,5716,0x33a9bf6730d54eb663bbdacdb99fcb9ba19cc2fd,365.598856,365.598856,0.0,1,0,1696854655
2023-10-05,0xb4885bc63399bf5518b994c1d0c153334ee579d0,5757,0xecc85c2e526fefabbf50c7a1f00824be73c5da3a,364.655773,364.655773,0.0,1,0,1696530101
2023-10-05,0xb4885bc63399bf5518b994c1d0c153334ee579d0,5761,0x26f7678429ad78fbef8fa7f933b5f472fe74607f,364.045852,364.045852,0.0,1,0,1697044467
2023-10-05,0xb4885bc63399bf5518b994c1d0c153334ee579d0,5807,0x421312c8e8cb7bf137ea430d235eaa391452fa7c,127.056176,127.056176,0.0,1,0,1696535597
2023-10-05,0xb4885bc63399bf5518b994c1d0c153334ee579d0,5810,0xaa9543f2eff0e7a4b267f839612945841172b02f,181.187373,181.187373,181.187373,1,1,1696497821
2023-10-05,0xb4885bc63399bf5518b994c1d0c153334ee579d0,5815,0x071132ab277d98c362be1b91c4ae9f5da3bf7e01,362.14981,362.14981,0.0,1,0,1697056877
2023-10-05,0xb4885bc63399bf5518b994c1d0c153334ee579d0,5816,0x1ca018c20fb01b40f7dfa52258d620a6a0ed3769,362.14981,362.14981,0.0,1,0,1696854205
2023-10-05,0xb4885bc63399bf5518b994c1d0c153334ee579d0,5817,0x6545a8cb2d809f8488e89480df5055fb176aa318,362.190042,362.190042,0.0,1,0,1696854311
2023-10-05,0xb4885bc63399bf5518b994c1d0c153334ee579d0,5846,0xe610c6de59e10fe84d017b3141f8c0f23a325d30,367.805257,367.805257,0.0,1,0,1697063035
2023-10-05,0xb4885bc63399bf5518b994c1d0c153334ee579d0,5885,0x1c85d6ae1336d0e4e3f165bbfa9641bfa04cedb1,360.779681,360.779681,360.557013,1,1,1696493923
2023-10-05,0xb4885bc63399bf5518b994c1d0c153334ee579d0,5892,0x0c3ef07338d82406f4e49bcb6df157b94a3dcd38,360.102367,360.102367,180.051184,1,1,1696818851
2023-10-05,0xb4885bc63399bf5518b994c1d0c153334ee579d0,5898,0x7c0111879da162e53360f4a379c8cb25c81bb299,90.080776,90.080776,89.990508,1,1,1696476119
2023-10-05,0xb4885bc63399bf5518b994c1d0c153334ee579d0,5920,0x85034869af0ff81e3d1a9f2d1f4d04604b43ef3d,0.0,0.0,359.227676,0,1,1696662923
2023-10-05,0xb4885bc63399bf5518b994c1d0c153334ee579d0,5979,0xadb2cc3215c14960240ac2e8f62371e1382497ef,0.0,0.0,355.892651,0,1,1696773001
2023-10-05,0xb4885bc63399bf5518b994c1d0c153334ee579d0,6056,0xc630ee3e52a40a2c87d3507b18d11efb178d01ab,127.528772,127.528772,99.004613,1,1,1696596589
2023-10-05,0xb4885bc63399bf5518b994c1d0c153334ee579d0,6090,0x8896e3f5fc50191c5c74d209030acc3acc0fa49e,354.912427,354.912427,354.443212,1,1,1697060131
2023-10-05,0xb4885bc63399bf5518b994c1d0c153334ee579d0,6122,0x9784393a973a0af2e9c0c830e1e489b5b4d48466,353.621855,353.621855,353.621855,1,1,1696880337
2023-10-05,0xb4885bc63399bf5518b994c1d0c153334ee579d0,6175,0x479e26d0e79d430340a0c6468f16ab9f5a033b97,176.278146,176.278146,0.0,1,0,1696989365
2023-10-05,0xb4885bc63399bf5518b994c1d0c153334ee579d0,6215,0xff4f7b726ee86f810531d2842b3bdd8a512db594,352.266763,352.266763,0.0,1,0,1697050821
2023-10-05,0xb4885bc63399bf5518b994c1d0c153334ee579d0,6339,0xd7eeb0c70eba4665973161cecc6dc35a70108118,349.545138,349.545138,0.0,1,0,1696577813
2023-10-05,0xb4885bc63399bf5518b994c1d0c153334ee579d0,6347,0xb1e436ff825f116d390356f606f059ddadec96a6,393.886113,785.860994,391.974881,2,1,1696872009
2023-10-05,0xb4885bc63399bf5518b994c1d0c153334ee579d0,6360,0x7d62cf2e7fe9de04aaefbb7b158abff76f786f27,349.188149,349.188149,0.0,1,0,1696661017
2023-10-05,0xb4885bc63399bf5518b994c1d0c153334ee579d0,6376,0xb3608da024fd28eb68b971b2ac0da4333b6d9c5e,348.832855,348.832855,0.0,1,0,1696973139
2023-10-05,0xb4885bc63399bf5518b994c1d0c153334ee579d0,6479,0x374d5221a4367fe746cc6c92d333c6ce15386fcd,0.0,0.0,210.081093,0,1,1696492295
2023-10-05,0xb4885bc63399bf5518b994c1d0c153334ee579d0,6511,0x41d2f3add533465d1038bfac72855e8430f92eec,61.694906,61.694906,45.571768,1,1,1696679213
2023-10-05,0xb4885bc63399bf5518b994c1d0c153334ee579d0,6586,0x31b22fb973e179b33622455dcc702058f5d8c92f,0.0,0.0,0.0,1,1,1696757445
2023-10-05,0xb4885bc63399bf5518b994c1d0c153334ee579d0,6610,0x162073d3bd1d3bce47e85ee5b9904887d1ba6e77,155.213282,155.213282,0.0,1,0,1696489075
2023-10-05,0xb4885bc63399bf5518b994c1d0c153334ee579d0,6630,0x7f85cf44e446a4b1aace2a28774e88cd6d4e3441,0.0,0.0,0.0097,0,1,1696474277
2023-10-05,0xb4885bc63399bf5518b994c1d0c153334ee579d0,6650,0xaeceb942f7147b18c418fa417b3d38faac43d547,1.942739,1.942739,0.0,1,0,1696705939
2023-10-05,0xb4885bc63399bf5518b994c1d0c153334ee579d0,6717,0x043951150857e82d8f59bcabf1cf4ef99fb9ae03,291.313882,291.313882,148.535323,1,1,1696746739
2023-10-05,0xb4885bc63399bf5518b994c1d0c153334ee579d0,6745,0xa3e6bdd3330ecacfeabe391e52e2d4ce8e105994,19.438767,19.438767,19.917102,1,1,1696634211
2023-10-05,0xb4885bc63399bf5518b994c1d0c153334ee579d0,6806,0x16c5d7862f5e42b578c5b86bdf1f3887fdc0f412,420.02523,420.02523,399.091058,1,1,1696922441
2023-10-05,0xb4885bc63399bf5518b994c1d0c153334ee579d0,6824,0x374d5221a4367fe746cc6c92d333c6ce15386fcd,0.0,0.0,10.960347,0,1,1696492283
2023-10-05,0xb4885bc63399bf5518b994c1d0c153334ee579d0,6923,0x25e2a352478b83dc0de5d74bec53a8f13d4062b6,1360.368516,1360.368516,1360.368516,1,1,1696538513
2023-10-05,0xb4885bc63399bf5518b994c1d0c153334ee579d0,7009,0xfca9895a7dd0545c3d648f7ef235e546053946ca,986.987647,986.987647,495.423738,1,1,1696757777
2023-10-05,0xb4885bc63399bf5518b994c1d0c153334ee579d0,7164,0x1d4143b2434b20ff360a05912626f56563838ba5,100.940448,100.940448,107.378477,1,1,1696735517
2023-10-05,0xb4885bc63399bf5518b994c1d0c153334ee579d0,7247,0xa07d83334758af046dbcee6991e341c0e061d121,116.390243,116.390243,98.016193,1,1,1696987913
2023-10-05,0xb4885bc63399bf5518b994c1d0c153334ee579d0,7273,0x537af42501e8a39e9a7569d24c0b2263f0e4d8cf,0.0,0.0,826.359444,0,1,1696713933
2023-10-05,0xb4885bc63399bf5518b994c1d0c153334ee579d0,7291,0x55f45b50eb79c3bb7d7f15f50a9196964641e9d3,104.632114,104.632114,118.829511,1,1,1696719053
2023-10-05,0xb4885bc63399bf5518b994c1d0c153334ee579d0,7378,0x91817a270fb9f03e00918fae83b3fe718c1426e8,852.087159,852.087159,0.0,1,0,1696703415
2023-10-05,0xb4885bc63399bf5518b994c1d0c153334ee579d0,7406,0x2db6f5e838ed2bad993e9ff2d3d7a5c1cc35704c,215862.851757,215862.851757,0.0,1,0,1696933509
2023-10-05,0xb4885bc63399bf5518b994c1d0c153334ee579d0,7492,0xe08753f2caf86cfa29ce24b1ca765f6f3a25a68d,147.144914,147.144914,114.62054,1,1,1696679433
2023-10-05,0xb4885bc63399bf5518b994c1d0c153334ee579d0,7498,0x146695f336d600e9fbc78185aa0e64104fc191f2,258.610548,439.540051,180.929503,3,2,1696825647
2023-10-05,0xb4885bc63399bf5518b994c1d0c153334ee579d0,7524,0x73d52bf205839bb5b090ad68d8691a2462492bf1,2.067963,2.067963,2.088302,1,1,1696774349
2023-10-05,0xb4885bc63399bf5518b994c1d0c153334ee579d0,7575,0x537af42501e8a39e9a7569d24c0b2263f0e4d8cf,0.0,0.0,1658.806416,0,1,1696713951
2023-10-05,0xb4885bc63399bf5518b994c1d0c153334ee579d0,7599,0x63fa319a44517f0c41e7902b2aa016e83fda17aa,22.423107,22.605718,0.238043,3,3,1696785191
2023-10-05,0xb4885bc63399bf5518b994c1d0c153334ee579d0,7653,0x10fcf1defc2dd7bcb9e58ee60a18e41475ee0013,2042.304657,2042.304657,0.0,1,0,1697064629
2023-10-05,0xb4885bc63399bf5518b994c1d0c153334ee579d0,7712,0x7a81ac54ab686e8539d774e266832650774ca144,32965.74393,32965.74393,33287.993036,1,1,1696486033
2023-10-05,0xb4885bc63399bf5518b994c1d0c153334ee579d0,7749,0xa1ec647fb8ed3e8351c7f524052a37d5b8b375fc,1.252101,1.252101,1.26651,1,1,1696778087
2023-10-05,0xb4885bc63399bf5518b994c1d0c153334ee579d0,7762,0xb8a8663d7ae13c298972c5ab2ff392c3cbed8473,18.677387,18.677387,18.928288,1,1,1697050677
2023-10-05,0xb4885bc63399bf5518b994c1d0c153334ee579d0,7778,0x53143d37caa2cf41177b8d66e0125731a1247af7,315.45811,315.45811,302.382886,1,1,1696522813
2023-10-05,0xb4885bc63399bf5518b994c1d0c153334ee579d0,7831,0x537af42501e8a39e9a7569d24c0b2263f0e4d8cf,0.0,0.0,3333.0,0,1,1696514469
2023-10-05,0xb4885bc63399bf5518b994c1d0c153334ee579d0,7835,0xe4a8840ba281865797cfaf7bcfc0876771285643,2.632496,2.632496,2.645189,1,1,1696763477
2023-10-05,0xb4885bc63399bf5518b994c1d0c153334ee579d0,7905,0x12cfa0fcbf3b2b12d90025d03ebc3241ebd63bfa,597.796253,929.665464,665.010534,2,2,1696608479
2023-10-05,0xb4885bc63399bf5518b994c1d0c153334ee579d0,8063,0xaec272e8867a89e5de4d3e7ec59f3544801f31b7,7.273396,7.273396,75.438527,1,1,1697019521
2023-10-05,0xb4885bc63399bf5518b994c1d0c153334ee579d0,8064,0x478f5fddc5ad95e8602908dc6b23522b5998a6d6,7.271174,7.271174,7.541528,1,1,1697019727
2023-10-05,0xb4885bc63399bf5518b994c1d0c153334ee579d0,8065,0xcff8eb70b166bba2304518e5a09fa67e43c21216,7.265012,7.265012,7.535142,1,1,1697020043
2023-10-05,0xb4885bc63399bf5518b994c1d0c153334ee579d0,8066,0x5c2bb04553c205587af500f53e37e28414dd100b,7.262835,7.262835,7.53285,1,1,1697020071
2023-10-05,0xb4885bc63399bf5518b994c1d0c153334ee579d0,8068,0x4428b40e5a2824144fe3fb08571c95ed1e52fb9b,9.902735,9.902735,9.992191,1,1,1697020127
2023-10-05,0xb4885bc63399bf5518b994c1d0c153334ee579d0,8069,0xf34b15ad6dafe19bc016d114a2c769619c953727,9.911084,9.911084,10.000303,1,1,1697020171
2023-10-05,0xb4885bc63399bf5518b994c1d0c153334ee579d0,8070,0x0fce2030d9ca8b7987f82c5f0433edba6a70b5f3,9.891345,9.891345,9.99033,1,1,1697020195
2023-10-05,0xb4885bc63399bf5518b994c1d0c153334ee579d0,8071,0xc552d0c6bb49671e0c8c1537338acd086e0f1108,9.890982,9.890982,9.990141,1,1,1697020215
2023-10-05,0xb4885bc63399bf5518b994c1d0c153334ee579d0,8072,0x64e71b440cec3a7ea58e13c9a8bc79163de9b3e7,9.885253,9.885253,9.987242,1,1,1697020233
2023-10-05,0xb4885bc63399bf5518b994c1d0c153334ee579d0,8073,0xde76c45ed9385c48346baaab0baf511ae939b2b8,9.885812,9.885812,9.987518,1,1,1697020249
2023-10-05,0xb4885bc63399bf5518b994c1d0c153334ee579d0,8074,0x0b504389ffa6181893670ebab4e4584e74706e7e,9.88428,9.88428,9.98674,1,1,1697020267
2023-10-05,0xb4885bc63399bf5518b994c1d0c153334ee579d0,8075,0xca32a60f29b9b7e22fb7713baf82618b8e0e72d9,9.883852,9.883852,9.986519,1,1,1697020285
2023-10-05,0xb4885bc63399bf5518b994c1d0c153334ee579d0,8076,0xe45fe07fec55b40da85d4df75fe54f484c7fcdcc,9.890261,9.890261,9.989752,1,1,1697020305
2023-10-05,0xb4885bc63399bf5518b994c1d0c153334ee579d0,8125,0x0c250c0d0e4555d3ffca9a5d4ef124840994853b,0.0,0.0,35.409591,0,1,1697052113
2023-10-05,0xb4885bc63399bf5518b994c1d0c153334ee579d0,8129,0x72195dda0361f43ce544b750f318d04b35836933,0.0,0.0,4.985568,0,1,1696696327
2023-10-05,0xb4885bc63399bf5518b994c1d0c153334ee579d0,8251,0xb1213ef183f374fa61845e67cbf1b0ec79642c27,0.0,0.0,99.939237,0,1,1696535123
2023-10-05,0xb4885bc63399bf5518b994c1d0c153334ee579d0,8280,0x4ae6f3ec7b50e7b01a5b2b3a0b2688a65bb350a5,208.436881,208.436881,0.0,1,0,1697057343
2023-10-05,0xb4885bc63399bf5518b994c1d0c153334ee579d0,8294,0xfbb7b5eb128f4d023a365cb7658222d30b9ab4e0,0.0,0.0,1.520119,0,1,1696489489
2023-10-05,0xb4885bc63399bf5518b994c1d0c153334ee579d0,8343,0x6c6dc387b28edf1d2ccac7acc99f4238db1592ba,0.873126,0.873126,0.876107,1,1,1696857311
2023-10-05,0xb4885bc63399bf5518b994c1d0c153334ee579d0,8370,0x2db6f5e838ed2bad993e9ff2d3d7a5c1cc35704c,48618.290014,48618.290014,0.0,1,0,1696933517
2023-10-05,0xb4885bc63399bf5518b994c1d0c153334ee579d0,8503,0x037b77e2c4c55f99eb80286ee8cfc49901b74448,7.14664,7.14664,0.0,1,0,1696485205
2023-10-05,0xb4885bc63399bf5518b994c1d0c153334ee579d0,8504,0xaacb04f918ab70fa7075efa3eb43f60933b13761,3.968747,3.968747,0.0,1,0,1696487453
2023-10-05,0xb4885bc63399bf5518b994c1d0c153334ee579d0,8506,0x1f8230ef5ba34a7f96132b8c67bf955408041f7e,1.121651,1.121651,0.0,1,0,1696493905
2023-10-05,0xb4885bc63399bf5518b994c1d0c153334ee579d0,8507,0x56925d1d62b5d9bd9c0df8f0b5593c87bdca0c82,14.266625,14.266625,0.0,1,0,1696494171
2023-10-05,0xb4885bc63399bf5518b994c1d0c153334ee579d0,8508,0x509e1b802ac4b93072eb8bca2a3455cac4cfff0c,28.247424,28.247424,0.0,1,0,1696494819
2023-10-05,0xb4885bc63399bf5518b994c1d0c153334ee579d0,8510,0xea737dedca8aa36a1dfa63daec42d8531b23eda2,24.924657,24.924657,0.0,1,0,1696498561
2023-10-05,0xb4885bc63399bf5518b994c1d0c153334ee579d0,8514,0x667e0d5dd2db147a63684a61e3eeddf47b2d9e83,1.322673,1.322673,0.0,1,0,1696502751
2023-10-05,0xb4885bc63399bf5518b994c1d0c153334ee579d0,8515,0xd03659db3d9012e2b1b249d0ebcf1d129023949c,12.383725,12.383725,0.0,1,0,1696503249
2023-10-05,0xb4885bc63399bf5518b994c1d0c153334ee579d0,8516,0xa5a2a35fa9404f3603505984506206ccf208489f,4.9e-05,4.9e-05,0.0,1,0,1696503683
2023-10-05,0xb4885bc63399bf5518b994c1d0c153334ee579d0,8517,0x6cedee632ef71faecab8bc7c1996559086258666,2.010211,2.010211,0.0,1,0,1696507121
2023-10-05,0xb4885bc63399bf5518b994c1d0c153334ee579d0,8519,0x053e95926737135ca5f0c7ce546d35f61d4ff213,17.932118,17.932118,0.0,1,0,1696512105
2023-10-05,0xb4885bc63399bf5518b994c1d0c153334ee579d0,8523,0x4ee0b439439910b52467920cb2a3248958327543,0.889441,0.889441,0.0,1,0,1696516117
2023-10-05,0xb4885bc63399bf5518b994c1d0c153334ee579d0,8526,0x4896b0b37154eab75ac9df551e2f6a20c474c112,95.255934,190.205126,94.949192,2,1,1696524737
2023-10-05,0xb4885bc63399bf5518b994c1d0c153334ee579d0,8527,0xe2f52922efb6d75440f1c18707f12adb3370171b,2.22313,2.22313,0.0,1,0,1696531223
2023-10-05,0xb4885bc63399bf5518b994c1d0c153334ee579d0,8535,0xf18a9c4723c4807fb5d5aaba5744d619fe4b42c7,4.956018,4.956018,0.0,1,0,1696570141
2023-10-05,0xb4885bc63399bf5518b994c1d0c153334ee579d0,8546,0xb22d543c8db8bab111bd53317233fd9e75b03df9,0.777853,0.777853,0.0,1,0,1696626621
2023-10-05,0xb4885bc63399bf5518b994c1d0c153334ee579d0,8549,0x6ad22cdd0ae91a1553a483f315d7f4a40961c36b,23.262,23.262,0.0,1,0,1696662449
2023-10-05,0xb4885bc63399bf5518b994c1d0c153334ee579d0,8552,0x0c6439aff9bff79e29e6829a9d725ff5335547d5,6.113524,6.113524,0.0,1,0,1696658443
2023-10-05,0xb4885bc63399bf5518b994c1d0c153334ee579d0,8556,0xe075c154094683a9b187f0f555585b0b29737824,8.26579,8.26579,0.0,1,0,1696672473
2023-10-05,0xb4885bc63399bf5518b994c1d0c153334ee579d0,8557,0x7935ee9192b633ef01118bf8a7f58a7f30c83c42,0.995603,0.995603,0.0,1,0,1696673047
2023-10-05,0xb4885bc63399bf5518b994c1d0c153334ee579d0,8564,0x1109decff035b13a5d9874277835a0507c94c9df,167.911806,167.911806,0.0,1,0,1696688867
2023-10-05,0xb4885bc63399bf5518b994c1d0c153334ee579d0,8566,0x7b3062f77b0cd25b2aaa4ace0963bf9d6d74ea1b,15.39824,15.39824,0.0,1,0,1696690837
2023-10-05,0xb4885bc63399bf5518b994c1d0c153334ee579d0,8567,0x2e53c11d0f56d1facba1d69a4e752377fb9a29d1,3.002572,3.002572,0.0,1,0,1696690761
2023-10-05,0xb4885bc63399bf5518b994c1d0c153334ee579d0,8569,0x942fdf95f12098e0eb378304de124e05260ccae1,562.650926,562.650926,0.0,1,0,1696696667
2023-10-05,0xb4885bc63399bf5518b994c1d0c153334ee579d0,8578,0x6fcbd14a7fdc797562c1beaa3495cf36cfd57443,18.995912,18.995912,0.0,1,0,1696750339
2023-10-05,0xb4885bc63399bf5518b994c1d0c153334ee579d0,8579,0x4ca93f1fe83972f401a5e60a656b678cc86693e8,169.75547,169.75547,0.0,1,0,1696753635
2023-10-05,0xb4885bc63399bf5518b994c1d0c153334ee579d0,8584,0x06f05bce8109ad6bfb78cfa8e6547eb3befd1da5,12.588829,12.588829,0.0,1,0,1696758295
2023-10-05,0xb4885bc63399bf5518b994c1d0c153334ee579d0,8585,0xa242fb8cb0d8c82f445e1d676cffb32423ca5c51,1.249597,1.249597,0.0,1,0,1696763887
2023-10-05,0xb4885bc63399bf5518b994c1d0c153334ee579d0,8587,0x4f28720ab6ef2eec6b08906306b6c40a893d6e8b,1.499473,1.499473,0.0,1,0,1696767503
2023-10-05,0xb4885bc63399bf5518b994c1d0c153334ee579d0,8592,0x870141c34503b732fa853779223b24eff98e65e1,9.468067,9.468067,0.0,1,0,1696787993
2023-10-05,0xb4885bc63399bf5518b994c1d0c153334ee579d0,8594,0x4033ebc37d20d4bedb22302a43d531e258d400ba,74.53043,74.53043,0.0,1,0,1696797459
2023-10-05,0xb4885bc63399bf5518b994c1d0c153334ee579d0,8595,0xabfd9f8db0db340618c27799c5124cd84749b073,253.721569,253.721569,0.0,1,0,1696803869
2023-10-05,0xb4885bc63399bf5518b994c1d0c153334ee579d0,8610,0x866959f5a67c5b791a7a42d777a33e34fd0e3cc6,9.988717,9.988717,0.0,1,0,1696865525
2023-10-05,0xb4885bc63399bf5518b994c1d0c153334ee579d0,8611,0x35f5130214a8cafd9ebf32eb61a8584533106194,20.971728,20.971728,0.0,1,0,1696865929
2023-10-05,0xb4885bc63399bf5518b994c1d0c153334ee579d0,8631,0x5243968110439573d2395f1afe38f0f471c3510d,5944.662706,5944.662706,0.0,1,0,1697043957
2023-10-05,0xb4885bc63399bf5518b994c1d0c153334ee579d0,8652,0x3d088b87c048e5fd4e3a6f9cc04490501b1dbae1,12.892553,12.892553,0.0,1,0,1697028481
2023-10-05,0xb4885bc63399bf5518b994c1d0c153334ee579d0,8653,0xc03be0fe13e3dec5981e10dba610f23751333f0c,2.093166,2.093166,0.0,1,0,1697028853
2023-10-05,0xb4885bc63399bf5518b994c1d0c153334ee579d0,8654,0xe00fbc11116b4aa3c863154823ffb23425844500,5.050333,5.050333,0.0,1,0,1697029195
2023-10-05,0xb4885bc63399bf5518b994c1d0c153334ee579d0,8659,0x1e6be8b36cf529d9b2bf5dfe6684ed970da96992,28.942122,28.942122,0.0,1,0,1697046725
2023-10-05,0xb4885bc63399bf5518b994c1d0c153334ee579d0,8661,0x067661a6e4db7834d5f4b9d9f84b95a8c1621814,3.999732,3.999732,0.0,1,0,1697045625
2023-10-05,0xb4885bc63399bf5518b994c1d0c153334ee579d0,8666,0x766244cb75d011c1f9afbdb3284970a81f2e88cd,99.752656,99.752656,0.0,1,0,1697056439
2023-10-05,0xb4885bc63399bf5518b994c1d0c153334ee579d0,8667,0x09334f42d68430af41985042794fb37eab6c41a0,0.08139,0.08139,0.0,1,0,1697056939
2023-10-05,0xb680190fb16f417647e69d6a84719ae9c7e5e20a,390,0x873d59965b2c97ecd536be8438153db432597b9d,0.0,0.0,2016.770817,0,1,1697063595
2023-10-05,0xb680190fb16f417647e69d6a84719ae9c7e5e20a,2130,0x4aa63e8115c5b29a3e0e062a77c11592931453dc,0.0,0.0,984.907878,0,1,1697020391
2023-10-05,0xb680190fb16f417647e69d6a84719ae9c7e5e20a,2314,0x32a59b87352e980dd6ab1baf462696d28e63525d,2114.093055,2114.093055,0.0,1,0,1697054829
2023-10-05,0xb680190fb16f417647e69d6a84719ae9c7e5e20a,2621,0xb5eca0a315609bf3831056bfcd42db2363cb4466,3064.582678,3064.582678,0.0,1,0,1697040763
2023-10-05,0xb680190fb16f417647e69d6a84719ae9c7e5e20a,2699,0xc95f41579e19099503f85db8c949fd45565cfaf0,2943.938943,2943.938943,0.0,1,0,1696495617
2023-10-05,0xb680190fb16f417647e69d6a84719ae9c7e5e20a,3180,0x943980b467fe194beb923daf7a544abce90b5f93,1707.839738,1707.839738,0.0,1,0,1697055977
2023-10-05,0xb680190fb16f417647e69d6a84719ae9c7e5e20a,4670,0xe85dbb09a699c0543c363c3f6e51ef0049e3edc5,454.660111,454.660111,0.0,1,0,1696772367
2023-10-05,0xb680190fb16f417647e69d6a84719ae9c7e5e20a,4688,0xe40e17d79c51da492e2f521edbb6e37ce2c8b86c,338.293222,338.293222,293.187459,1,1,1696866157
2023-10-05,0xb680190fb16f417647e69d6a84719ae9c7e5e20a,6192,0xe5988e0a077491660baddb23d2444c5519195596,352.194752,352.194752,352.194752,1,1,1696848709
2023-10-05,0xb680190fb16f417647e69d6a84719ae9c7e5e20a,7445,0x9f298d2f27d98dda3399230bef6c366b032004e3,1002.46364,1002.46364,0.0,1,0,1697054983
2023-10-05,0xb680190fb16f417647e69d6a84719ae9c7e5e20a,7758,0xdd0206010ca82ff22303b58863b3a6f3006c86c4,0.0,0.0,16.85153,0,1,1696692721
2023-10-05,0xb905d9195019778cfbaa4e9ed90df3fc5871cd9a,24,0x208a17c5fabe5b90282e5906945ff335e39326c4,0.0,0.0,5472.02097,0,1,1697051865
2023-10-05,0xb905d9195019778cfbaa4e9ed90df3fc5871cd9a,34,0x64babe6c4dc32569e9125ea0bcfc601bbb202869,0.0,0.0,774190.117879,0,1,1697051785
2023-10-05,0xb905d9195019778cfbaa4e9ed90df3fc5871cd9a,43,0x2ddb405238368695f34d30a80ab60c449aa5ce48,0.0,0.0,60326.679558,0,1,1697062597
2023-10-05,0xb905d9195019778cfbaa4e9ed90df3fc5871cd9a,56,0x48a5a6a01ba89cddf97d2d552923d5a11401ed19,0.0,0.0,324013.276201,0,1,1697064681
2023-10-05,0xb905d9195019778cfbaa4e9ed90df3fc5871cd9a,73,0x1ba6b82641c77ab1fc7bc734c5c3628199a8967d,0.0,0.0,239122.874072,0,1,1697059333
2023-10-05,0xb905d9195019778cfbaa4e9ed90df3fc5871cd9a,77,0xeb6772188cf10aa563a1cd163f48355d1a949797,0.0,0.0,82580.726146,0,1,1697064347
2023-10-05,0xb905d9195019778cfbaa4e9ed90df3fc5871cd9a,103,0x1c2ed7a6c4e3c1146103fa222181115a72243a06,0.0,0.0,54580.105988,0,1,1697064139
2023-10-05,0xb905d9195019778cfbaa4e9ed90df3fc5871cd9a,106,0x615e5022252b31af496574f00d5519c5d93261ab,0.0,0.0,50930.379163,0,1,1696990601
2023-10-05,0xb905d9195019778cfbaa4e9ed90df3fc5871cd9a,160,0x2b8cf6ddb86b976ce088b64732bfd68ecf1fdcec,0.0,0.0,70749.434234,0,1,1696950347
2023-10-05,0xb905d9195019778cfbaa4e9ed90df3fc5871cd9a,211,0x2d1ef4acf4cae6a38950971aaaa15f88d9b3f165,0.0,0.0,90934.216922,0,1,1697046441
2023-10-05,0xb905d9195019778cfbaa4e9ed90df3fc5871cd9a,275,0xa810ffea2709c116ef180d090c142fc5e08586a7,0.0,0.0,24380.233331,0,1,1697054155
2023-10-05,0xb905d9195019778cfbaa4e9ed90df3fc5871cd9a,330,0x6330849fa00916341d362cbfebe06b19bf8e4162,0.0,0.0,93253.021862,0,1,1697063419
2023-10-05,0xb905d9195019778cfbaa4e9ed90df3fc5871cd9a,376,0xff53e3a27b7252148e0f1daf4a00261eee59177f,0.0,0.0,21698.34801,0,1,1697060811
2023-10-05,0xb905d9195019778cfbaa4e9ed90df3fc5871cd9a,456,0x43ea46f06e272c4e64dc153f41f8cb53e795b670,0.0,0.0,50872.875397,0,1,1697049437
2023-10-05,0xb905d9195019778cfbaa4e9ed90df3fc5871cd9a,473,0x97020c9ec66e0f59231918b1d2f167a66026aff2,0.0,0.0,15574.157232,0,1,1697050159
2023-10-05,0xb905d9195019778cfbaa4e9ed90df3fc5871cd9a,516,0xe5cc37b25e4a223797d9bf07884b858b5dbe5152,0.0,0.0,42160.62063,0,1,1697063581
2023-10-05,0xb905d9195019778cfbaa4e9ed90df3fc5871cd9a,527,0x80d2214479e1cf9d79ea6690c4fff58fc56f866c,0.0,0.0,41095.849162,0,1,1697063081
2023-10-05,0xb905d9195019778cfbaa4e9ed90df3fc5871cd9a,528,0x766c64d809056fbb492fdb410a6b4857c015619a,0.0,0.0,10272.202274,0,1,1697063991
2023-10-05,0xb905d9195019778cfbaa4e9ed90df3fc5871cd9a,632,0x794783dcfcac8c1944727057a3208d8f8bb91506,0.0,0.0,33461.912952,0,1,1697062447
2023-10-05,0xb905d9195019778cfbaa4e9ed90df3fc5871cd9a,675,0x1f452ea54d4d934afadc300c61ca0a3b1bbde958,0.0,0.0,15041.22433,0,1,1697064149
2023-10-05,0xb905d9195019778cfbaa4e9ed90df3fc5871cd9a,708,0x94f94f0bcdfe296f4e94a8e3065d6d1d326d4a65,0.0,0.0,27129.407639,0,1,1697044225
2023-10-05,0xb905d9195019778cfbaa4e9ed90df3fc5871cd9a,725,0x1cab2ce19ff9b27680d4a8fdd3745197004ada57,0.0,0.0,25897.8937,0,1,1697064125
2023-10-05,0xb905d9195019778cfbaa4e9ed90df3fc5871cd9a,749,0x973a783d79fd380309f3ccfc1f4ef9f21fcf6c0c,0.0,0.0,24702.128679,0,1,1697060713
2023-10-05,0xb905d9195019778cfbaa4e9ed90df3fc5871cd9a,796,0xde4eb5c828432d1d674a6143029604bc811011e7,0.0,0.0,21956.182362,0,1,1697059675
2023-10-05,0xb905d9195019778cfbaa4e9ed90df3fc5871cd9a,842,0x58bcf1ac25551dd4eb790f2ef68c1857dcd67d9b,0.0,0.0,5093.827256,0,1,1697064525
2023-10-05,0xb905d9195019778cfbaa4e9ed90df3fc5871cd9a,931,0x475b3662009e29c243a35c3d814c03b4a9f467f0,0.0,0.0,16787.920856,0,1,1697052569
2023-10-05,0xb905d9195019778cfbaa4e9ed90df3fc5871cd9a,955,0x9cb016669c235ccebcd2fbbffa2d8d3a2247b02c,0.0,0.0,8092.494801,0,1,1697053199
2023-10-05,0xb905d9195019778cfbaa4e9ed90df3fc5871cd9a,971,0xe3cfbf8fb378f5c4cf780077ee5c2ffe7aaea6dc,0.0,0.0,1576.938492,0,1,1697064039
2023-10-05,0xb905d9195019778cfbaa4e9ed90df3fc5871cd9a,1056,0xeb4576fe753dab07635c0bb6c8f0a355e1db5d31,0.0,0.0,7104.517613,0,1,1697061101
2023-10-05,0xb905d9195019778cfbaa4e9ed90df3fc5871cd9a,1106,0x7b8870db91a1cf8e5618010ed2ce0ed0383e22fe,0.0,0.0,6351.310803,0,1,1697048011
2023-10-05,0xb905d9195019778cfbaa4e9ed90df3fc5871cd9a,1129,0x56e08babb8bf928bd8571d2a2a78235ae57ae5bd,0.0,1254.282483,2501.597043,1,2,1697059015
2023-10-05,0xb905d9195019778cfbaa4e9ed90df3fc5871cd9a,1293,0x2dc761c5d699b84081b5552cdfe34b7b8ffd04d1,0.0,0.0,9527.809308,0,1,1697055905
2023-10-05,0xb905d9195019778cfbaa4e9ed90df3fc5871cd9a,1319,0x02d5aaf51e74be71ad72a5d8623f544112bfb18e,0.0,0.0,9067.213942,0,1,1697058177
2023-10-05,0xb905d9195019778cfbaa4e9ed90df3fc5871cd9a,1321,0x42fcdf3b9597e46121b194c7911faf0ab2f6ea43,0.0,0.0,9047.727291,0,1,1697054017
2023-10-05,0xb905d9195019778cfbaa4e9ed90df3fc5871cd9a,1329,0xa5803acce163edc79be0fb463b3d268bbd806970,0.0,0.0,8940.688302,0,1,1696885349
2023-10-05,0xb905d9195019778cfbaa4e9ed90df3fc5871cd9a,1331,0x24db8a0a16da2812b55af4d0f3a8ada8a68a330f,0.0,0.0,22502.724297,0,1,1697047927
2023-10-05,0xb905d9195019778cfbaa4e9ed90df3fc5871cd9a,1435,0xe324c2478a8c2cb019c32609d60691f2fa362f0b,0.0,0.0,15668.59249,0,1,1697063279
2023-10-05,0xb905d9195019778cfbaa4e9ed90df3fc5871cd9a,1454,0x586db0ea617db9a4254f295c5c93a13915c975cd,0.0,0.0,7719.381618,0,1,1697010529
2023-10-05,0xb905d9195019778cfbaa4e9ed90df3fc5871cd9a,1473,0xb0720a40d6335df0ac90ff9e4b755217632ca78c,0.0,0.0,3801.232985,0,1,1697015769
2023-10-05,0xb905d9195019778cfbaa4e9ed90df3fc5871cd9a,1564,0x3901acfcda62fc11423fa67c9c463d9f994edd06,0.0,0.0,6830.730785,0,1,1696980413
2023-10-05,0xb905d9195019778cfbaa4e9ed90df3fc5871cd9a,1585,0x6f7e3d13f1dc8077892749322eeb8b39ff7b0917,0.0,0.0,6641.314578,0,1,1697034955
2023-10-05,0xb905d9195019778cfbaa4e9ed90df3fc5871cd9a,1671,0xf1196bf726ed9227507f5a8b7c87ae177124db2b,0.0,6141.149711,12280.330396,1,2,1697060223
2023-10-05,0xb905d9195019778cfbaa4e9ed90df3fc5871cd9a,1731,0x17e06f16ce70607f2faca2dfc7eed07ab5f0ad26,0.0,0.0,5630.907937,0,1,1697056537
2023-10-05,0xb905d9195019778cfbaa4e9ed90df3fc5871cd9a,1840,0x20a75d13cc7e7bde1534252f06a4578de8d70953,0.0,0.0,4879.19868,0,1,1697053373
2023-10-05,0xb905d9195019778cfbaa4e9ed90df3fc5871cd9a,1873,0xef1244af7099dce45ee7f937534f0968501efb29,0.0,0.0,4733.874588,0,1,1697003741
2023-10-05,0xb905d9195019778cfbaa4e9ed90df3fc5871cd9a,1912,0x3e516b6d229bf935f1b6bf4a0c2531ddab48cf1b,0.0,0.0,1164.922579,0,1,1697040247
2023-10-05,0xb905d9195019778cfbaa4e9ed90df3fc5871cd9a,2036,0xde107b82e3e47ed281d276644b8115548c085c24,0.0,1043.929461,2084.464632,1,2,1696660433
2023-10-05,0xb905d9195019778cfbaa4e9ed90df3fc5871cd9a,2203,0xb893ae8a1824604f6df4dfde52e2754921ba1a73,0.0,0.0,3770.744186,0,1,1697058619
2023-10-05,0xb905d9195019778cfbaa4e9ed90df3fc5871cd9a,2310,0x017154d1f2c228765c494da30c018fa48a09e1ad,0.0,0.0,3620.939739,0,1,1697064767
2023-10-05,0xb905d9195019778cfbaa4e9ed90df3fc5871cd9a,2533,0xeb1dbbed3b079db3380e460d5604d15e6ac18883,0.0,0.0,3177.761019,0,1,1697010635
2023-10-05,0xb905d9195019778cfbaa4e9ed90df3fc5871cd9a,2609,0xaef1889d58677805399c6f8326c11d159b09caf2,0.0,0.0,1539.442826,0,1,1696950263
2023-10-05,0xb905d9195019778cfbaa4e9ed90df3fc5871cd9a,2639,0x5b9f7f6c2cbe7425b9c03fe5254ced9fae05b50c,0.0,0.0,3046.163592,0,1,1697051737
2023-10-05,0xb905d9195019778cfbaa4e9ed90df3fc5871cd9a,2714,0xf059b59bdbec91d83c558b4a3cd3c1c6e275f2f1,3223.796222,3223.796222,3158.478229,1,1,1697046231
2023-10-05,0xb905d9195019778cfbaa4e9ed90df3fc5871cd9a,2731,0xd511a8d9448dc95e774000dcc342207144aa9377,0.0,0.0,2800.626,0,1,1696985931
2023-10-05,0xb905d9195019778cfbaa4e9ed90df3fc5871cd9a,3362,0x7ffbeb62cf6e5e53f898ba52d66d29ca3b2851fd,0.0,0.0,40809.703401,0,1,1697058963
2023-10-05,0xb905d9195019778cfbaa4e9ed90df3fc5871cd9a,3756,0x160cf6551ee3d910f673af762d5a2f1bd4855be1,0.0,0.0,1085.730581,0,1,1697052565
2023-10-05,0xb905d9195019778cfbaa4e9ed90df3fc5871cd9a,4876,0xb1d67ccacf4416f726615d42f27bcd1cc45e03c1,0.0,0.0,413.287514,0,1,1697047849
2023-10-05,0xb905d9195019778cfbaa4e9ed90df3fc5871cd9a,5913,0x071fb19eb2d0b1da6fe0a1fa05883b7e159df756,0.0,0.0,359.445954,0,1,1697061897
2023-10-05,0xb905d9195019778cfbaa4e9ed90df3fc5871cd9a,7160,0x766c64d809056fbb492fdb410a6b4857c015619a,0.0,0.0,1491.741693,0,1,1697064095
2023-10-05,0xb905d9195019778cfbaa4e9ed90df3fc5871cd9a,7495,0x39260b9be6b55b18505c6dd098d7fe0bb8622101,0.0,0.0,199.295873,0,1,1697013655
2023-10-05,0xb905d9195019778cfbaa4e9ed90df3fc5871cd9a,7908,0xf389c517d6a07e07faf03a1f0fe67d57c3760cfc,0.0,0.0,67.913659,0,1,1697034573
2023-10-05,0xb905d9195019778cfbaa4e9ed90df3fc5871cd9a,7984,0xde3d47efad0a417473342a49fab24bdfd7139b72,0.0,0.0,16092.881296,0,1,1697065175
2023-10-05,0xb905d9195019778cfbaa4e9ed90df3fc5871cd9a,8359,0x188c30e9a6527f5f0c3f7fe59b72ac7253c62f28,0.0,0.0,6540.478066,0,1,1697060067
2023-10-05,0xb905d9195019778cfbaa4e9ed90df3fc5871cd9a,8389,0x4ccfeb186c61217f05d8756314c600089b27a1c3,0.0,0.0,5046.279369,0,1,1697064485
2023-10-05,0xb905d9195019778cfbaa4e9ed90df3fc5871cd9a,8399,0x54ecb3397b0bf31cb0b81eb2444e2a7b32507d8b,0.0,0.0,7308.78876,0,1,1696478115
2023-10-05,0xb905d9195019778cfbaa4e9ed90df3fc5871cd9a,8430,0x97020c9ec66e0f59231918b1d2f167a66026aff2,0.0,0.0,2998.47744,0,1,1697049947
2023-10-05,0xbbf71aad6e1f8d180d3b1d898528654c1d18b2ff,1,0xbde0c70bdc242577c52dfad53389f82fd149ea5a,101290.052874,101290.052874,0.0,1,0,1697045005
2023-10-05,0xbbf71aad6e1f8d180d3b1d898528654c1d18b2ff,2,0x51e171d2fde9b37bbbb624a53ef54959422388e4,72350.037767,72350.037767,0.0,1,0,1697050283
2023-10-05,0xbbf71aad6e1f8d180d3b1d898528654c1d18b2ff,5,0x5b1892b546002ff3dd508500575bd6bf7a101431,26523.332015,26523.332015,0.0,1,0,1697045057
2023-10-05,0xbbf71aad6e1f8d180d3b1d898528654c1d18b2ff,6,0x28aa4f9ffe21365473b64c161b566c3cdead0108,3682894.14694,3682894.14694,3442722.123719,1,1,1696749249
2023-10-05,0xbbf71aad6e1f8d180d3b1d898528654c1d18b2ff,24,0x208a17c5fabe5b90282e5906945ff335e39326c4,0.0,0.0,5472.02097,0,1,1697051865
2023-10-05,0xbbf71aad6e1f8d180d3b1d898528654c1d18b2ff,51,0x0f228805c03a693aa964a791e0b2e2c6e6c6513f,0.0,0.0,283430.037843,0,1,1697062913
2023-10-05,0xbbf71aad6e1f8d180d3b1d898528654c1d18b2ff,56,0x48a5a6a01ba89cddf97d2d552923d5a11401ed19,0.0,0.0,324013.276201,0,1,1697064681
2023-10-05,0xbbf71aad6e1f8d180d3b1d898528654c1d18b2ff,121,0xede54584f748480851cad467b82c6a1173bebe10,0.0,21755.667072,43415.237079,1,2,1696686123
2023-10-05,0xbbf71aad6e1f8d180d3b1d898528654c1d18b2ff,165,0x54ecb3397b0bf31cb0b81eb2444e2a7b32507d8b,32340.936189,32340.936189,78999.219728,1,1,1697063619
2023-10-05,0xbbf71aad6e1f8d180d3b1d898528654c1d18b2ff,221,0x35a1a7740653b9c99b9b70c37c1c97192585b6bb,167759.468471,167759.468471,0.0,1,0,1697065097
2023-10-05,0xbbf71aad6e1f8d180d3b1d898528654c1d18b2ff,241,0xd639eee81b30d8b34d5d8cbce83f193e2ba298e4,0.0,0.0,37908.411489,0,1,1697064485
2023-10-05,0xbbf71aad6e1f8d180d3b1d898528654c1d18b2ff,353,0x5ade40e345817b739b91c6b4615efce87f9d7c57,0.0,0.0,43971.126223,0,1,1696623319
2023-10-05,0xbbf71aad6e1f8d180d3b1d898528654c1d18b2ff,370,0x02ef8147e2d0997cca48d99f01bad846d16558fa,0.0,0.0,18357.549864,0,1,1696778957
2023-10-05,0xbbf71aad6e1f8d180d3b1d898528654c1d18b2ff,438,0xe87c09608c6306cb72977ddf65bcbc8200cc9a96,22231.754376,22231.754376,0.0,1,0,1697063665
2023-10-05,0xbbf71aad6e1f8d180d3b1d898528654c1d18b2ff,504,0xcfba6d63ec822425775d3c509e60ff689c1ae1e7,4471.490091,4471.490091,4462.256572,1,1,1696990017
2023-10-05,0xbbf71aad6e1f8d180d3b1d898528654c1d18b2ff,597,0x1ce0c2b445c8e87ea4c40b6e721d9a39b09f6459,0.0,0.0,3606.240568,0,1,1697058027
2023-10-05,0xbbf71aad6e1f8d180d3b1d898528654c1d18b2ff,764,0xa311ab5780aa036b71aac2b71163fd03ec0df59e,0.0,0.0,5982.147266,0,1,1697051517
2023-10-05,0xbbf71aad6e1f8d180d3b1d898528654c1d18b2ff,953,0xc8cf6b03c2aa80de2579df02aa3bed1e716e1680,16268.278039,16268.278039,0.0,1,0,1697064793
2023-10-05,0xbbf71aad6e1f8d180d3b1d898528654c1d18b2ff,1016,0x91b7377a3dd7931ad4757b60d7e859954b939e85,0.0,0.0,14600.624829,0,1,1696531089
2023-10-05,0xbbf71aad6e1f8d180d3b1d898528654c1d18b2ff,1044,0xcb6222f4df04385ea08e8da2a5871131ff5f6cba,0.0,0.0,6888.70642,0,1,1696835407
2023-10-05,0xbbf71aad6e1f8d180d3b1d898528654c1d18b2ff,1197,0x0be4eb0e89abed9f52d94f1550c22a16008cc463,4086.402947,4086.402947,0.0,1,0,1697064879
2023-10-05,0xbbf71aad6e1f8d180d3b1d898528654c1d18b2ff,1508,0x14da1d50102b7e29103dd28ca2f2796866c99b11,0.0,0.0,7214.304596,0,1,1697052661
2023-10-05,0xbbf71aad6e1f8d180d3b1d898528654c1d18b2ff,1650,0x613ca7d1573dbdd7711ec1d84258a3d0fdb76d53,6224.914117,6224.914117,0.0,1,0,1697064827
2023-10-05,0xbbf71aad6e1f8d180d3b1d898528654c1d18b2ff,1798,0xcc49a6d063ba72929600d1ed60d863a540b2565a,0.0,0.0,5098.038297,0,1,1696956353
2023-10-05,0xbbf71aad6e1f8d180d3b1d898528654c1d18b2ff,2027,0x73bade8162e0fa995a2f7037deba9d094dec535f,4174.801269,4174.801269,0.0,1,0,1697064731
2023-10-05,0xbbf71aad6e1f8d180d3b1d898528654c1d18b2ff,2351,0x3bc29ca7ff3bb9a205a766d31c1cdd6917202734,3467.966137,3467.966137,3464.962201,1,1,1696849931
2023-10-05,0xbbf71aad6e1f8d180d3b1d898528654c1d18b2ff,2503,0x03490f2b65608070c0bb15503c81a1d55b2c55c0,3228.676123,3228.676123,0.0,1,0,1697065067
2023-10-05,0xbbf71aad6e1f8d180d3b1d898528654c1d18b2ff,2545,0x1e25f91381ff6b1bd0eec330607860e4fcbc3905,0.0,0.0,3166.600037,0,1,1696779677
2023-10-05,0xbbf71aad6e1f8d180d3b1d898528654c1d18b2ff,2974,0xe0a46db77fe3932a901214bfa0a1389d3e996332,0.0,0.0,2059.592653,0,1,1697048137
2023-10-05,0xbbf71aad6e1f8d180d3b1d898528654c1d18b2ff,3047,0xbee2d469aacb46251ae33cca91f482e26c971dff,0.0,0.0,468.158434,0,1,1697007473
2023-10-05,0xbbf71aad6e1f8d180d3b1d898528654c1d18b2ff,3077,0xfc64410a03b205b995a9101f99a55026d8f1f1da,1981.417494,1981.417494,0.0,1,0,1697065129
2023-10-05,0xbbf71aad6e1f8d180d3b1d898528654c1d18b2ff,4247,0x0fcfafd53ba1f571ed8b071fb1363f9ebca2733b,0.0,0.0,665.141884,0,1,1696600729
2023-10-05,0xbbf71aad6e1f8d180d3b1d898528654c1d18b2ff,4268,0x9a293d82710058d930376ee0af037da5d3421ec6,0.0,0.0,220.593981,0,1,1697037419
2023-10-05,0xbbf71aad6e1f8d180d3b1d898528654c1d18b2ff,4889,0x18a428ce0c31584a21cf8cefdb8849d8013e1994,41.172861,41.172861,61.759292,1,1,1696746345
2023-10-05,0xbbf71aad6e1f8d180d3b1d898528654c1d18b2ff,5107,0x98f3bad2be608bdfb6c32949446a2ed6dbc95eb1,196.40157,196.40157,196.40157,1,1,1696539945
2023-10-05,0xbbf71aad6e1f8d180d3b1d898528654c1d18b2ff,5979,0xadb2cc3215c14960240ac2e8f62371e1382497ef,86.695181,86.695181,0.0,1,0,1696773001
2023-10-05,0xbbf71aad6e1f8d180d3b1d898528654c1d18b2ff,6518,0x5da68351bd082abda73e42ac981db51d9364fe69,14.652766,14.652766,20.750218,1,1,1697050641
2023-10-05,0xbbf71aad6e1f8d180d3b1d898528654c1d18b2ff,6777,0xee6c29d19ac7f94a2d100a9a6bac8491d1c5bad8,1255.798409,1255.798409,1262.101249,1,1,1696525271
2023-10-05,0xbbf71aad6e1f8d180d3b1d898528654c1d18b2ff,7056,0xe3abfa7745b463bde635ffd59456f4792b556e0e,9277.378204,9277.378204,0.0,1,0,1697064823
2023-10-05,0xbbf71aad6e1f8d180d3b1d898528654c1d18b2ff,7154,0xc8cf6b03c2aa80de2579df02aa3bed1e716e1680,66.076062,66.076062,0.0,1,0,1697064789
2023-10-05,0xbbf71aad6e1f8d180d3b1d898528654c1d18b2ff,7857,0x4886ba5d2b3e0ae1e80172d3bddc4feb32e1ce26,4.485254,4.485254,4.503923,1,1,1696924065
2023-10-05,0xbbf71aad6e1f8d180d3b1d898528654c1d18b2ff,7897,0x1a221e6e5c5c6c395e6bfe0acd2a2d435667bf62,0.0,0.0,38.814442,0,1,1697063317
2023-10-05,0xbbf71aad6e1f8d180d3b1d898528654c1d18b2ff,8516,0xa5a2a35fa9404f3603505984506206ccf208489f,0.048408,0.048408,0.0,1,0,1696503683
2023-10-05,0xbe22423dd7413cf6410ad488e5f907308e98381e,1149,0x93b82c49c2af67797977ae344c07884164e6a592,129.500964,129.500964,0.0,1,0,1697061817
2023-10-05,0xc3b5ac236fb5abe245310feca2526f89667d4cae,68,0x132e47cf2c19ec2d8dd56e1528fc7e18dc09188f,0.0,0.0,53372.180926,0,1,1697053575
2023-10-05,0xc3b5ac236fb5abe245310feca2526f89667d4cae,78,0x473d3a2005499301dc353afa9d0c9c5980b5188c,0.0,0.0,822347.455869,0,1,1697064799
2023-10-05,0xc3b5ac236fb5abe245310feca2526f89667d4cae,80,0x34f543a73dcb1a4bcbae71e5dd41fcc1b5c17bf7,0.0,0.0,204911.120573,0,1,1697001683
2023-10-05,0xc3b5ac236fb5abe245310feca2526f89667d4cae,103,0x1c2ed7a6c4e3c1146103fa222181115a72243a06,0.0,0.0,54580.105988,0,1,1697064139
2023-10-05,0xc3b5ac236fb5abe245310feca2526f89667d4cae,169,0x473d3a2005499301dc353afa9d0c9c5980b5188c,0.0,0.0,250668.665157,0,1,1697064803
2023-10-05,0xc3b5ac236fb5abe245310feca2526f89667d4cae,178,0x8dc80a1b59b2d81ae0f1653f9901922507ee9978,0.0,0.0,227781.132535,0,1,1697036075
2023-10-05,0xc3b5ac236fb5abe245310feca2526f89667d4cae,180,0x6a42c1f4dd8d9fcf3bd7bbcda396d12dda35ee9b,226226.653483,226226.653483,0.0,1,0,1697064949
2023-10-05,0xc3b5ac236fb5abe245310feca2526f89667d4cae,212,0x931369f621980fe1d8f07f6fbeb3040aadb36409,185547.109942,185547.109942,0.0,1,0,1697065173
2023-10-05,0xc3b5ac236fb5abe245310feca2526f89667d4cae,285,0xe8788a8926dac3d25c591caa64d5296044c1446d,0.0,0.0,60331.148351,0,1,1696958363
2023-10-05,0xc3b5ac236fb5abe245310feca2526f89667d4cae,351,0x6d71973078b858dab13bf9894c3969df6e5fced7,105404.845898,105404.845898,0.0,1,0,1697065045
2023-10-05,0xc3b5ac236fb5abe245310feca2526f89667d4cae,378,0xab58779cec2b82a75ffd103fdc88d7e3adb13468,71396.763933,71396.763933,0.0,1,0,1697065131
2023-10-05,0xc3b5ac236fb5abe245310feca2526f89667d4cae,379,0xc32053db3de17c5e6845d35dbd4ebb860fe265d9,0.0,0.0,76512.954669,0,1,1696997897
2023-10-05,0xc3b5ac236fb5abe245310feca2526f89667d4cae,393,0x193db18a5ef9a0320b7374c1fe8af976235f3211,0.0,0.0,66520.293369,0,1,1697062969
2023-10-05,0xc3b5ac236fb5abe245310feca2526f89667d4cae,561,0x00bc2b77b0407b77fc8ca50c651be882a6e7820c,0.0,0.0,9572.087158,0,1,1696913317
2023-10-05,0xc3b5ac236fb5abe245310feca2526f89667d4cae,644,0x89e1cfcc3bf93de8da0fb43a1311898067b3a11c,0.0,0.0,32442.715292,0,1,1696984419
2023-10-05,0xc3b5ac236fb5abe245310feca2526f89667d4cae,664,0x577be3ed9a71e1c355f519bbdf5f09ba2018b1cc,0.0,0.0,7713.265628,0,1,1696984269
2023-10-05,0xc3b5ac236fb5abe245310feca2526f89667d4cae,735,0x2130fd01026867a6c8dde24ad5e64f2e2dfce196,0.0,0.0,25377.666456,0,1,1697042541
2023-10-05,0xc3b5ac236fb5abe245310feca2526f89667d4cae,774,0x98d925821767edcf7e773810e74244026b6e8a35,0.0,0.0,11641.347642,0,1,1696958611
2023-10-05,0xc3b5ac236fb5abe245310feca2526f89667d4cae,847,0x04c872122ec2553b2d8adcc6c7eac4bec7717ccf,0.0,0.0,19874.289617,0,1,1697052381
2023-10-05,0xc3b5ac236fb5abe245310feca2526f89667d4cae,859,0x0db56c99b8ad68f35f4b1772a4ffed3fb16204f6,0.0,0.0,19244.386686,0,1,1696987299
2023-10-05,0xc3b5ac236fb5abe245310feca2526f89667d4cae,879,0x34ff77a853a14579d2120ac08c5e342cee08ad71,9227.903822,9227.903822,0.0,1,0,1697065057
2023-10-05,0xc3b5ac236fb5abe245310feca2526f89667d4cae,946,0x4523b791292da89a9194b61ba4cd9d98f2af68e0,0.0,0.0,16441.311383,0,1,1697005635
2023-10-05,0xc3b5ac236fb5abe245310feca2526f89667d4cae,1098,0x6e81417b312917305d12f76fa3b6bd66ffaa75e7,0.0,0.0,3198.118296,0,1,1697064677
2023-10-05,0xc3b5ac236fb5abe245310feca2526f89667d4cae,1185,0xc954892d9caf463e967884e379a6ee4c78d61be7,0.0,0.0,2245.704758,0,1,1697012537
2023-10-05,0xc3b5ac236fb5abe245310feca2526f89667d4cae,1222,0xfe22484158c747ccc0652d6f408b8a0547a59938,0.0,0.0,10573.765891,0,1,1697030587
2023-10-05,0xc3b5ac236fb5abe245310feca2526f89667d4cae,1223,0xabe21a7537cff588e6209492afca65d635a3b313,0.0,0.0,10550.000067,0,1,1697014481
2023-10-05,0xc3b5ac236fb5abe245310feca2526f89667d4cae,1262,0xd131f1bcdd547e067af447dd3c36c99d6be9fdeb,0.0,0.0,9893.877674,0,1,1697055981
2023-10-05,0xc3b5ac236fb5abe245310feca2526f89667d4cae,1291,0xb7f1925bfef543e7aa1fb60a815b3d09c8243458,0.0,0.0,9537.303303,0,1,1697052517
2023-10-05,0xc3b5ac236fb5abe245310feca2526f89667d4cae,1367,0xcce0a627557f2b9af402607e5342ba15ad5f0053,0.0,0.0,8580.341362,0,1,1696937701
2023-10-05,0xc3b5ac236fb5abe245310feca2526f89667d4cae,1418,0x835e7e74ddc84befa0a4663d3d6ab1493a2c71b8,0.0,0.0,8045.095876,0,1,1696960747
2023-10-05,0xc3b5ac236fb5abe245310feca2526f89667d4cae,1473,0xb0720a40d6335df0ac90ff9e4b755217632ca78c,0.0,0.0,3801.232985,0,1,1697015769
2023-10-05,0xc3b5ac236fb5abe245310feca2526f89667d4cae,1500,0xb136d7643a612447eb603c051c193fdead1e0e37,7285.403828,7285.403828,0.0,1,0,1697065073
2023-10-05,0xc3b5ac236fb5abe245310feca2526f89667d4cae,1744,0x49f4d0222c880d4780b636662f5f18f572f2f88a,0.0,0.0,5497.174993,0,1,1697004789
2023-10-05,0xc3b5ac236fb5abe245310feca2526f89667d4cae,1857,0xf7c8a4a99ba34b4744d08999dd017b5faa4d3378,0.0,0.0,4805.495389,0,1,1697057831
2023-10-05,0xc3b5ac236fb5abe245310feca2526f89667d4cae,1858,0x96b93cc8096d6a34243a33a0220d09155d341861,0.0,0.0,4804.175905,0,1,1697051905
2023-10-05,0xc3b5ac236fb5abe245310feca2526f89667d4cae,1973,0x0a27f53e3d044465d07607ef7a048e71809f295e,0.0,0.0,4313.868492,0,1,1697017461
2023-10-05,0xc3b5ac236fb5abe245310feca2526f89667d4cae,2008,0xa47400440c17f917e10ebd878611afd3223da9a4,4698.097137,4698.097137,0.0,1,0,1697064915
2023-10-05,0xc3b5ac236fb5abe245310feca2526f89667d4cae,2053,0xef1244af7099dce45ee7f937534f0968501efb29,0.0,0.0,4118.737194,0,1,1697003917
2023-10-05,0xc3b5ac236fb5abe245310feca2526f89667d4cae,2076,0xb020c70c4b995ecaf9e2bf784a3858275f44bd0e,0.0,0.0,4062.725268,0,1,1697058153
2023-10-05,0xc3b5ac236fb5abe245310feca2526f89667d4cae,2095,0x8e2f7d5aaae5abbd5052acb74019b9b11cb74349,4020.193587,4020.193587,0.0,1,0,1697065127
2023-10-05,0xc3b5ac236fb5abe245310feca2526f89667d4cae,2105,0x4ffd0a59a26cb2aa76d403215e4cc2845c053994,0.0,0.0,4002.938382,0,1,1697035977
2023-10-05,0xc3b5ac236fb5abe245310feca2526f89667d4cae,2235,0x9b4ac5feb3fa9c087906cce730dc1bed34f08514,0.0,0.0,3666.935355,0,1,1696995051
2023-10-05,0xc3b5ac236fb5abe245310feca2526f89667d4cae,2237,0x529656620d914443405a55ec42ad0eaeaf0b4a2c,0.0,0.0,3663.116057,0,1,1696876477
2023-10-05,0xc3b5ac236fb5abe245310feca2526f89667d4cae,2400,0x934c44b813dc4c9ca08d5fd0d5190447dcadeb51,0.0,0.0,3379.140724,0,1,1696948321
2023-10-05,0xc3b5ac236fb5abe245310feca2526f89667d4cae,2426,0xa264d3cba51525f5d4902f7b3794a3c26fc13cf8,0.0,0.0,3346.034299,0,1,1697034731
2023-10-05,0xc3b5ac236fb5abe245310feca2526f89667d4cae,2443,0x6c478ceb0c323eacbbac0bc3aca176d1c7c7e9a4,0.0,0.0,3315.064814,0,1,1697035115
2023-10-05,0xc3b5ac236fb5abe245310feca2526f89667d4cae,2522,0xc693b4ffb338579467a541b2bf267b1955870920,0.0,0.0,797.846854,0,1,1697064781
2023-10-05,0xc3b5ac236fb5abe245310feca2526f89667d4cae,2601,0x98076110c0d195b468d5776ad89004c5864ffc6d,0.0,0.0,3093.700165,0,1,1697017355
2023-10-05,0xc3b5ac236fb5abe245310feca2526f89667d4cae,2693,0xb721262e075ad4073ebe4560161a88fef8c82dcd,0.0,0.0,3083.751682,0,1,1697062045
2023-10-05,0xc3b5ac236fb5abe245310feca2526f89667d4cae,2841,0xfffd05ae9db4d5f4e23e2f37395db2f87359bf5d,0.0,0.0,2328.640983,0,1,1697020777
2023-10-05,0xc3b5ac236fb5abe245310feca2526f89667d4cae,2860,0xd935a63d629cac4cfc8f632a2f4aab3ca8d99e38,0.0,0.0,1127.879285,0,1,1697029099
2023-10-05,0xc3b5ac236fb5abe245310feca2526f89667d4cae,2883,0xd5fec00600d8b589babb4138f4b3a66fa1c59cfe,2212.501464,2212.501464,0.0,1,0,1697065093
2023-10-05,0xc3b5ac236fb5abe245310feca2526f89667d4cae,2887,0x4ce268f49ef0726d602a8b0f22fcc543aa23bb51,2202.321446,2202.321446,0.0,1,0,1697065049
2023-10-05,0xc3b5ac236fb5abe245310feca2526f89667d4cae,2889,0x54919c903a6298ed7782e1c67673f24771e59c31,2201.30218,2201.30218,0.0,1,0,1697064913
2023-10-05,0xc3b5ac236fb5abe245310feca2526f89667d4cae,3081,0xcd2fb8a5a9a89bf9166e7d2ba5d5e887e7e8f0e2,0.0,0.0,1828.225582,0,1,1697035001
2023-10-05,0xc3b5ac236fb5abe245310feca2526f89667d4cae,3106,0xb4fbd802d9dc5c0208346c311bcb6b9ecff468c6,0.0,0.0,1856.921349,0,1,1697056047
2023-10-05,0xc3b5ac236fb5abe245310feca2526f89667d4cae,3160,0x25f0a60d95fb530435f733c8e480c8c4c1619d1e,0.0,0.0,1726.321684,0,1,1697043987
2023-10-05,0xc3b5ac236fb5abe245310feca2526f89667d4cae,3189,0xff1a9bb39640ba98439a9e1771d125d082f45eee,0.0,0.0,1699.310937,0,1,1697034919
2023-10-05,0xc3b5ac236fb5abe245310feca2526f89667d4cae,3441,0x12dad3425d0ec383ebd9e86139a103ce119aa0b2,0.0,0.0,17370.92441,0,1,1696477533
2023-10-05,0xc3b5ac236fb5abe245310feca2526f89667d4cae,3462,0xb83c10e1a1a713f60ce847528d44f66acc767f05,0.0,0.0,1345.127865,0,1,1697051609
2023-10-05,0xc3b5ac236fb5abe245310feca2526f89667d4cae,3781,0xaf11495f021c5c2c5f5230f40d5d57ebe4059700,0.0,0.0,21048.691019,0,1,1697053639
2023-10-05,0xc3b5ac236fb5abe245310feca2526f89667d4cae,4190,0x1754311bc16f9c8f681fdf11e15c9390dd2e55f8,0.0,0.0,695.918378,0,1,1697035353
2023-10-05,0xc3b5ac236fb5abe245310feca2526f89667d4cae,4252,0x0c1169eee2578f4a333fab1363a3402d4e87267e,0.0,0.0,662.925085,0,1,1696973775
2023-10-05,0xc3b5ac236fb5abe245310feca2526f89667d4cae,4563,0x19eb478ae9d013313659d8e333cddd8a0590c5f6,0.0,0.0,499.521555,0,1,1697043441
2023-10-05,0xc3b5ac236fb5abe245310feca2526f89667d4cae,4786,0x92efff5ba1904bbc6112bb463c0e94ca234c220b,0.0,0.0,428.583938,0,1,1697018369
2023-10-05,0xc3b5ac236fb5abe245310feca2526f89667d4cae,4840,0x63bdee8a6581631d6a3789f266a3d40bbc5632fb,0.0,0.0,418.082682,0,1,1697043495
2023-10-05,0xc3b5ac236fb5abe245310feca2526f89667d4cae,4975,0x4dd7fc3a3b6457d1e67e3b046b2b0d2dcf25257d,0.0,0.0,403.938344,0,1,1697021083
2023-10-05,0xc3b5ac236fb5abe245310feca2526f89667d4cae,5014,0x6d337a274f7ce25b8c678ec7da2cde5722507b44,0.0,0.0,400.462325,0,1,1696927719
2023-10-05,0xc3b5ac236fb5abe245310feca2526f89667d4cae,5126,0xf10fd43f5f58128269ed4e312fe56084a18e50b9,0.0,0.0,6816.152369,0,1,1696994673
2023-10-05,0xc3b5ac236fb5abe245310feca2526f89667d4cae,5644,0x706a53889e904bbcf17c71c257f60dfc53509f4b,0.0,0.0,367.396411,0,1,1697006599
2023-10-05,0xc3b5ac236fb5abe245310feca2526f89667d4cae,5983,0x34ab31d3a10be1912fcf684e88b9e6fc8e8b8b63,0.0,0.0,356.976241,0,1,1697024217
2023-10-05,0xc3b5ac236fb5abe245310feca2526f89667d4cae,7152,0xb75d6fe6723290677a4f7141307e3ff6d7509711,547.874019,547.874019,0.0,1,0,1697065137
2023-10-05,0xc3b5ac236fb5abe245310feca2526f89667d4cae,7521,0xc8ff0b3f21fe7b5acf8243f63b7038d67ebc972e,0.0,0.0,57.871483,0,1,1697035101
2023-10-05,0xc3b5ac236fb5abe245310feca2526f89667d4cae,7984,0xde3d47efad0a417473342a49fab24bdfd7139b72,16015.273042,16015.273042,0.0,1,0,1697065175
2023-10-05,0xc3b5ac236fb5abe245310feca2526f89667d4cae,8032,0xf265702178a66b4b7ce079fc8a1629e47cf1bcde,0.0,0.0,160050.311304,0,1,1697055981
2023-10-05,0xc3b5ac236fb5abe245310feca2526f89667d4cae,8429,0x931369f621980fe1d8f07f6fbeb3040aadb36409,0.360639,0.360639,0.0,1,0,1697065069
2023-10-05,0xcdac0d6c6c59727a65f871236188350531885c43,1504,0xbd5f593c86319523e6e8afe60dedbefaedbdb8c9,362.967109,362.967109,725.934219,1,1,1697064637
2023-10-05,0xded5d28998f2b9796ba587f6ae39d4be11967209,2571,0xfc7c1d00b2ec6d3653e9de72590684456846c53d,1569.990925,1569.990925,0.0,1,0,1697057819
2023-10-05,0xded5d28998f2b9796ba587f6ae39d4be11967209,7299,0x02e0c302380aa679189d9caa349a0da5a6a19108,880.803318,880.803318,0.0,1,0,1696994607
2023-10-05,0xf6aec4f97623e691a9426a69baf5501509fca05d,1,0xbde0c70bdc242577c52dfad53389f82fd149ea5a,1418060.74023,1418060.74023,0.0,1,0,1697045005
2023-10-05,0xf6aec4f97623e691a9426a69baf5501509fca05d,2,0x51e171d2fde9b37bbbb624a53ef54959422388e4,1012900.528736,1012900.528736,0.0,1,0,1697050283
2023-10-05,0xf6aec4f97623e691a9426a69baf5501509fca05d,5,0x5b1892b546002ff3dd508500575bd6bf7a101431,371326.648206,371326.648206,0.0,1,0,1697045057
2023-10-05,0xf6aec4f97623e691a9426a69baf5501509fca05d,15,0x657240bfbfe9e2087a0c09e54e029dfef42ba54f,798766.863825,798766.863825,798766.863825,1,1,1696955021
2023-10-05,0xf6aec4f97623e691a9426a69baf5501509fca05d,21,0x4444aaaacdba5580282365e25b16309bd770ce4a,0.0,0.0,233107.860276,0,1,1697062045
2023-10-05,0xf6aec4f97623e691a9426a69baf5501509fca05d,24,0x208a17c5fabe5b90282e5906945ff335e39326c4,0.0,0.0,10944.041941,0,1,1697051865
2023-10-05,0xf6aec4f97623e691a9426a69baf5501509fca05d,51,0x0f228805c03a693aa964a791e0b2e2c6e6c6513f,711051.936114,711051.936114,283430.037843,1,1,1697062913
2023-10-05,0xf6aec4f97623e691a9426a69baf5501509fca05d,52,0x3fd5dbf9f74d69b71774d729dd84bd8b3db7e815,269171.069643,269171.069643,0.0,1,0,1697053755
2023-10-05,0xf6aec4f97623e691a9426a69baf5501509fca05d,68,0x132e47cf2c19ec2d8dd56e1528fc7e18dc09188f,55397.283914,55397.283914,0.0,1,0,1697053575
2023-10-05,0xf6aec4f97623e691a9426a69baf5501509fca05d,74,0x9c0d72f2ac26420cb7eeb155bf401b672840e87b,471884.898591,471884.898591,471733.598903,1,1,1697032607
2023-10-05,0xf6aec4f97623e691a9426a69baf5501509fca05d,80,0x34f543a73dcb1a4bcbae71e5dd41fcc1b5c17bf7,204911.120573,204911.120573,0.0,1,0,1697001683
2023-10-05,0xf6aec4f97623e691a9426a69baf5501509fca05d,96,0x26602bf417c4e57ba3d2268d7f93a1e16f29e069,122689.458761,122689.458761,0.0,1,0,1697062825
2023-10-05,0xf6aec4f97623e691a9426a69baf5501509fca05d,99,0xa48cd684ded1eee3de13e052bbdcfed59558a1ca,0.0,0.0,139516.739117,0,1,1697056509
2023-10-05,0xf6aec4f97623e691a9426a69baf5501509fca05d,100,0x133d93566f9699b3af46fe150daa8a67a9563ed6,1090227.378657,1090227.378657,1005010.647856,1,1,1696993235
2023-10-05,0xf6aec4f97623e691a9426a69baf5501509fca05d,105,0x208a17c5fabe5b90282e5906945ff335e39326c4,20667.201419,20667.201419,0.0,1,0,1697051893
2023-10-05,0xf6aec4f97623e691a9426a69baf5501509fca05d,106,0x615e5022252b31af496574f00d5519c5d93261ab,25465.189582,25465.189582,50930.379163,1,1,1696990601
2023-10-05,0xf6aec4f97623e691a9426a69baf5501509fca05d,112,0x5c965d2f24e8fc49146575b039fbda4033d3cf94,0.0,0.0,286862.405611,0,1,1697043163
2023-10-05,0xf6aec4f97623e691a9426a69baf5501509fca05d,114,0x611b0c1ed942b833c786c53883a4aa37a25602a6,139703.98171,139703.98171,46539.252877,1,1,1697034219
2023-10-05,0xf6aec4f97623e691a9426a69baf5501509fca05d,122,0xc1061bc6e62d7908eb21f57788b48b3636a2c2d6,0.0,0.0,127459.328674,0,1,1697052275
2023-10-05,0xf6aec4f97623e691a9426a69baf5501509fca05d,128,0x193578944fb0a0d31508f889528e9c345d90961b,0.0,0.0,205375.998028,0,1,1697043295
2023-10-05,0xf6aec4f97623e691a9426a69baf5501509fca05d,138,0x53e0b897eae600b2f6855fce4a42482e9229d2c2,119524.311073,119524.311073,0.0,1,0,1697034215
2023-10-05,0xf6aec4f97623e691a9426a69baf5501509fca05d,174,0x83bad39f067ef72e354f2ea9d318eaad381a7f15,11683.199852,11683.199852,0.0,1,0,1697041741
2023-10-05,0xf6aec4f97623e691a9426a69baf5501509fca05d,185,0x5952bab55191f8a815ccd8ba4945f7a09ef5def7,182213.867157,182213.867157,0.0,1,0,1697043023
2023-10-05,0xf6aec4f97623e691a9426a69baf5501509fca05d,209,0xfcbb477ec276476b6029ed0467f28f5ac1712884,0.0,0.0,50248.506801,0,1,1697065097
2023-10-05,0xf6aec4f97623e691a9426a69baf5501509fca05d,211,0x2d1ef4acf4cae6a38950971aaaa15f88d9b3f165,90934.216922,90934.216922,0.0,1,0,1697046441
2023-10-05,0xf6aec4f97623e691a9426a69baf5501509fca05d,229,0x4dcea47ec4b26079cb4f9a0e0f400e1aa6f199a9,0.0,0.0,39629.24733,0,1,1696611145
2023-10-05,0xf6aec4f97623e691a9426a69baf5501509fca05d,242,0xa0eb44b173af64f2fdb47c7d76ff3a33e04103b6,38259.161511,38259.161511,0.0,1,0,1697061677
2023-10-05,0xf6aec4f97623e691a9426a69baf5501509fca05d,275,0xa810ffea2709c116ef180d090c142fc5e08586a7,0.0,0.0,18285.174998,0,1,1697054155
2023-10-05,0xf6aec4f97623e691a9426a69baf5501509fca05d,285,0xe8788a8926dac3d25c591caa64d5296044c1446d,60218.634375,60218.634375,60331.148351,1,1,1696958451
2023-10-05,0xf6aec4f97623e691a9426a69baf5501509fca05d,341,0xb1d47d39c3bb868e5e4be068b7057d4caad0b31c,0.0,0.0,21749.046311,0,1,1697059107
2023-10-05,0xf6aec4f97623e691a9426a69baf5501509fca05d,342,0xe0c4bfa2072750ae2e18ed25b0cf8a58350dc24e,86853.304047,86853.304047,0.0,1,0,1697045539
2023-10-05,0xf6aec4f97623e691a9426a69baf5501509fca05d,343,0xb1d47d39c3bb868e5e4be068b7057d4caad0b31c,0.0,0.0,43315.991043,0,1,1697059157
2023-10-05,0xf6aec4f97623e691a9426a69baf5501509fca05d,364,0xe7b27bd74f522afa05732ba82b2f46a38d4be098,19341.561709,19341.561709,19341.561709,1,1,1697039277
2023-10-05,0xf6aec4f97623e691a9426a69baf5501509fca05d,371,0x84572c31acdd30c03982e27b809d30b1efbcd8f2,0.0,0.0,76490.081693,0,1,1696875149
2023-10-05,0xf6aec4f97623e691a9426a69baf5501509fca05d,388,0x823bf98d9f1119ae040aaef8118f13a612324112,0.0,0.0,34390.22975,0,1,1696605971
2023-10-05,0xf6aec4f97623e691a9426a69baf5501509fca05d,405,0x2f707265e61300e8290c18e38ebcbd129fb0b0f5,0.0,0.0,26858.10661,0,1,1696636699
2023-10-05,0xf6aec4f97623e691a9426a69baf5501509fca05d,406,0xf46d3a64d546d9cec0883e5fbba04583363df24c,65738.541225,65738.541225,65139.259666,1,1,1696529753
2023-10-05,0xf6aec4f97623e691a9426a69baf5501509fca05d,416,0x151e5062d509bf6fc1b5345afa0e7397c9c82226,21536.709493,21536.709493,15383.363924,1,1,1697040821
2023-10-05,0xf6aec4f97623e691a9426a69baf5501509fca05d,420,0x8cc1547f2aebbbaa9466310355110427449a937f,30158.373552,30158.373552,0.0,1,0,1697044395
2023-10-05,0xf6aec4f97623e691a9426a69baf5501509fca05d,428,0xbb1766a13674dc9c8d194377f3c92153de381883,14657.096202,14657.096202,0.0,1,0,1697018507
2023-10-05,0xf6aec4f97623e691a9426a69baf5501509fca05d,430,0xb4173fee41920a8e7d3451863f9779468ebab98e,0.0,0.0,29075.968833,0,1,1697016999
2023-10-05,0xf6aec4f97623e691a9426a69baf5501509fca05d,441,0xdceb0bb3311342e3ce9e49f57affce9deac40ba1,0.0,0.0,27628.098664,0,1,1696927947
2023-10-05,0xf6aec4f97623e691a9426a69baf5501509fca05d,449,0xf6657bbcfeb5c2746e8c609e35018a5a8caa13fb,20966.440762,20966.440762,0.0,1,0,1697047599
2023-10-05,0xf6aec4f97623e691a9426a69baf5501509fca05d,452,0x21484a41b00c014c4ad5c92bbb7661fd7c1c9a2b,0.0,0.0,20705.505315,0,1,1697036617
2023-10-05,0xf6aec4f97623e691a9426a69baf5501509fca05d,455,0xed96bc0fd61b87f3b7f6478e55db024e75972fac,0.0,0.0,51071.122026,0,1,1697001191
2023-10-05,0xf6aec4f97623e691a9426a69baf5501509fca05d,457,0x2bc87addae195da271c2cb6f773cee647aeefa60,51296.535622,51296.535622,0.0,1,0,1697045413
2023-10-05,0xf6aec4f97623e691a9426a69baf5501509fca05d,463,0x048c5753e83027bf30ef103adee49cf9612cab84,49544.303589,49544.303589,0.0,1,0,1697045095
2023-10-05,0xf6aec4f97623e691a9426a69baf5501509fca05d,471,0x03a1a0ee0e2a14bd069c8691a4adeabfa6a4d709,0.0,0.0,48095.814174,0,1,1697060267
2023-10-05,0xf6aec4f97623e691a9426a69baf5501509fca05d,473,0x97020c9ec66e0f59231918b1d2f167a66026aff2,12459.325786,12459.325786,0.0,1,0,1697050159
2023-10-05,0xf6aec4f97623e691a9426a69baf5501509fca05d,483,0x8f009a96f45514c31ee806fba7c4bfb842ff497e,46380.161895,46380.161895,46365.291099,1,1,1697019811
2023-10-05,0xf6aec4f97623e691a9426a69baf5501509fca05d,507,0x0d3015631c1e642e8eb35b5a0efcea24a7685603,42930.512782,42930.512782,42916.748042,1,1,1697063381
2023-10-05,0xf6aec4f97623e691a9426a69baf5501509fca05d,550,0xadfc26b6520a35c37af3ac5af174249737ec612c,0.0,0.0,39400.931174,0,1,1697009479
2023-10-05,0xf6aec4f97623e691a9426a69baf5501509fca05d,561,0x00bc2b77b0407b77fc8ca50c651be882a6e7820c,0.0,0.0,15315.339453,0,1,1696913317
2023-10-05,0xf6aec4f97623e691a9426a69baf5501509fca05d,567,0x327b9dee1830f8201efa751fd96f7b1ad0b300a1,0.0,0.0,37979.881551,0,1,1697007751
2023-10-05,0xf6aec4f97623e691a9426a69baf5501509fca05d,575,0x94587a95917188b338c822de2d1e77074131589f,0.0,0.0,9348.030858,0,1,1696611191
2023-10-05,0xf6aec4f97623e691a9426a69baf5501509fca05d,581,0x6a3e98f964e93f183a9e5bb607dd9df75110d2ac,0.0,0.0,36819.313961,0,1,1696850617
2023-10-05,0xf6aec4f97623e691a9426a69baf5501509fca05d,583,0xd8a30dbb3b8b204b6d8bb800d0f2865d07dc904c,9203.997117,9203.997117,9201.046054,1,1,1697035151
2023-10-05,0xf6aec4f97623e691a9426a69baf5501509fca05d,597,0x1ce0c2b445c8e87ea4c40b6e721d9a39b09f6459,3606.240568,3606.240568,3606.240568,1,1,1697058027
2023-10-05,0xf6aec4f97623e691a9426a69baf5501509fca05d,604,0xf99c8873b972b4192e789f55ab954188d0d9a133,35438.418947,35438.418947,0.0,1,0,1697039833
2023-10-05,0xf6aec4f97623e691a9426a69baf5501509fca05d,635,0x4cd34f7ea5412cfdcf382139786b44eb63617701,33226.202695,33226.202695,33215.549432,1,1,1697051427
2023-10-05,0xf6aec4f97623e691a9426a69baf5501509fca05d,639,0xe564d9afc3e8d7ddc99912dbc5db58925b414024,0.0,0.0,16446.180554,0,1,1697028205
2023-10-05,0xf6aec4f97623e691a9426a69baf5501509fca05d,642,0xf1b0e78a2bc422df50ec9ee4c324895c9b79f80a,0.0,0.0,34251.84504,0,1,1696913337
2023-10-05,0xf6aec4f97623e691a9426a69baf5501509fca05d,674,0xf076823122f106c2b7f21cbaacd1c9db1ce4cf27,14962.775078,14962.775078,14962.775078,1,1,1697036289
2023-10-05,0xf6aec4f97623e691a9426a69baf5501509fca05d,685,0x30858a8051eaa08fbc3dc37fb290792fd30664b7,28755.662223,28755.662223,0.0,1,0,1696958387
2023-10-05,0xf6aec4f97623e691a9426a69baf5501509fca05d,690,0x3c04ec0d34f8c074644a792ce04366ab789d3eb3,0.0,0.0,28441.298254,0,1,1696995871
2023-10-05,0xf6aec4f97623e691a9426a69baf5501509fca05d,694,0xbfc4fbbec37c291aed1d14f02b5221d0be0fe8f1,14109.808184,14109.808184,14105.284179,1,1,1697037123
2023-10-05,0xf6aec4f97623e691a9426a69baf5501509fca05d,701,0x9c57027b1eca93093a6f446422c59c85a5a3fa52,14630.874443,21946.311665,14565.558794,2,2,1697023727
2023-10-05,0xf6aec4f97623e691a9426a69baf5501509fca05d,712,0xd565b4ce530a9720db5d030044acada55318c749,26834.222615,26834.222615,26834.222615,1,1,1697045939
2023-10-05,0xf6aec4f97623e691a9426a69baf5501509fca05d,752,0xb919cab8962c5e6d8cc0483661819a44a8ff98e6,0.0,0.0,24510.391444,0,1,1697055711
2023-10-05,0xf6aec4f97623e691a9426a69baf5501509fca05d,763,0x50cd86868d9326d9ce433bd9aa16aef91f6f461e,23962.370988,23962.370988,0.0,1,0,1697035327
2023-10-05,0xf6aec4f97623e691a9426a69baf5501509fca05d,774,0x98d925821767edcf7e773810e74244026b6e8a35,3492.404293,3492.404293,3492.404293,1,1,1696958611
2023-10-05,0xf6aec4f97623e691a9426a69baf5501509fca05d,801,0x2c9c3050b242df683c5db26a0c5874c938e06b8f,0.0,0.0,10912.984253,0,1,1697063329
2023-10-05,0xf6aec4f97623e691a9426a69baf5501509fca05d,877,0x2ccf109701bb766ea47cc673b1366af4e82976b1,0.0,0.0,18477.103829,0,1,1696950043
2023-10-05,0xf6aec4f97623e691a9426a69baf5501509fca05d,902,0x186b12ceaf08fde22e32647fcc800e45876f5bd0,0.0,0.0,17500.781329,0,1,1697011701
2023-10-05,0xf6aec4f97623e691a9426a69baf5501509fca05d,909,0x283a2549b640e56901a8ced2ec5277a32cfe6425,18245.804167,18245.804167,0.0,1,0,1697044319
2023-10-05,0xf6aec4f97623e691a9426a69baf5501509fca05d,941,0x340d827d96a2da5e617cb6c378c631f84a0a182e,0.0,0.0,16496.603679,0,1,1696930895
2023-10-05,0xf6aec4f97623e691a9426a69baf5501509fca05d,942,0x69e24369bfeda80348bd5104df01c4d8b33ecff9,0.0,0.0,18032.508605,0,1,1696985387
2023-10-05,0xf6aec4f97623e691a9426a69baf5501509fca05d,954,0x04c872122ec2553b2d8adcc6c7eac4bec7717ccf,0.0,0.0,24502.381306,0,1,1697052363
2023-10-05,0xf6aec4f97623e691a9426a69baf5501509fca05d,956,0x09fa38eba245bb68354b8950fa2fe71f02863393,16145.449148,16145.449148,16140.272459,1,1,1696987337
2023-10-05,0xf6aec4f97623e691a9426a69baf5501509fca05d,987,0x9d480d2e3a1a3e5fe678ca8b932b4ca7d1503e2c,0.0,0.0,5.291129,0,1,1696798733
2023-10-05,0xf6aec4f97623e691a9426a69baf5501509fca05d,995,0x25a6029c33fee6e0632017ee3424626ca47aeecb,0.0,0.0,16104.970374,0,1,1696993629
2023-10-05,0xf6aec4f97623e691a9426a69baf5501509fca05d,1005,0xceeeb61e596f0bae44b791f3f1655501df7fa045,0.0,0.0,7620.784464,0,1,1697031463
2023-10-05,0xf6aec4f97623e691a9426a69baf5501509fca05d,1034,0x582b07d825557d79be4f5ea051167b6c534fea1e,13980.372063,13980.372063,13980.372063,1,1,1697001449
2023-10-05,0xf6aec4f97623e691a9426a69baf5501509fca05d,1039,0x4a5efa846e7375a40dcd596c7c6dadb28df28ae4,0.0,0.0,13878.838136,0,1,1696548851
2023-10-05,0xf6aec4f97623e691a9426a69baf5501509fca05d,1044,0xcb6222f4df04385ea08e8da2a5871131ff5f6cba,0.0,0.0,6888.70642,0,1,1696835407
2023-10-05,0xf6aec4f97623e691a9426a69baf5501509fca05d,1079,0x73ea5b1ab2f4a36556b0a57381ed0101643615f3,0.0,16004.645804,31757.183786,1,2,1696474107
2023-10-05,0xf6aec4f97623e691a9426a69baf5501509fca05d,1141,0x3a39899dc78b7307acd83f51463c853fa79e1b09,12386.511836,12386.511836,0.0,1,0,1697039029
2023-10-05,0xf6aec4f97623e691a9426a69baf5501509fca05d,1142,0x88afc9ea8dd40c6b4478532846d87ef614e0057d,12039.867736,12039.867736,12039.867736,1,1,1696989619
2023-10-05,0xf6aec4f97623e691a9426a69baf5501509fca05d,1145,0x278fbf0cdf19dfec7f2a7c7d319c957b2b62fa6d,11909.508182,11909.508182,0.0,1,0,1696981967
2023-10-05,0xf6aec4f97623e691a9426a69baf5501509fca05d,1146,0x28dd6f5a98003fc07c92d1a9e909d042963a1001,0.0,0.0,11914.788953,0,1,1697044967
2023-10-05,0xf6aec4f97623e691a9426a69baf5501509fca05d,1150,0x62365e0af7b6a188d063825afa3399ba0b5aa7cd,0.0,0.0,12162.953685,0,1,1696644161
2023-10-05,0xf6aec4f97623e691a9426a69baf5501509fca05d,1185,0xc954892d9caf463e967884e379a6ee4c78d61be7,0.0,0.0,2245.704758,0,1,1697012537
2023-10-05,0xf6aec4f97623e691a9426a69baf5501509fca05d,1221,0x564b3a3cf630d7b3b35ae78e47feb074bce2b06e,1570.274993,1570.274993,0.0,1,0,1697047321
2023-10-05,0xf6aec4f97623e691a9426a69baf5501509fca05d,1226,0x57b8858dcf27d5e46ff442e5a7ae9e6e440ef131,0.0,12272.818312,22653.435826,1,2,1696910273
2023-10-05,0xf6aec4f97623e691a9426a69baf5501509fca05d,1243,0xe8b2c24038079bb624010ca7185d5cdfb716320e,0.0,0.0,5659.148353,0,1,1697028645
2023-10-05,0xf6aec4f97623e691a9426a69baf5501509fca05d,1275,0xe0dd8c40acc74005c71ce5d02cd5116a2eedb1b0,0.0,0.0,9797.550451,0,1,1696992935
2023-10-05,0xf6aec4f97623e691a9426a69baf5501509fca05d,1279,0x5faf276f6e3e0b10213f8a04bd6c872f8752949b,0.0,0.0,9761.640016,0,1,1696625427
2023-10-05,0xf6aec4f97623e691a9426a69baf5501509fca05d,1281,0x6e868846b2182235c16fd122fcd44739e55a58e4,9975.573311,9975.573311,9726.297463,1,1,1696978509
2023-10-05,0xf6aec4f97623e691a9426a69baf5501509fca05d,1288,0x6059895f7f20cc25c251d4d283f525f7400ce034,11253.208311,11253.208311,10398.454689,1,1,1697042567
2023-10-05,0xf6aec4f97623e691a9426a69baf5501509fca05d,1306,0x0473a13cb3088ebd0092ea137170508da3f7fb8c,0.0,0.0,9310.443492,0,1,1697049293
2023-10-05,0xf6aec4f97623e691a9426a69baf5501509fca05d,1311,0xff2ce9d334df35ed9fcb155f33856b638ec5d3a5,9286.195519,9286.195519,0.0,1,0,1697031165
2023-10-05,0xf6aec4f97623e691a9426a69baf5501509fca05d,1314,0xcce9efdd67dbb46186c84ab94f58b7990b18893e,9198.353409,9198.353409,9198.353409,1,1,1696968095
2023-10-05,0xf6aec4f97623e691a9426a69baf5501509fca05d,1331,0x24db8a0a16da2812b55af4d0f3a8ada8a68a330f,22937.249008,22937.249008,0.0,1,0,1697047927
2023-10-05,0xf6aec4f97623e691a9426a69baf5501509fca05d,1393,0x9dc65d1ab703d7fc28e9a5aa50f03e6b7ec047bf,4181.51899,4181.51899,2927.063293,1,1,1697028231
2023-10-05,0xf6aec4f97623e691a9426a69baf5501509fca05d,1425,0x248b007f76e7616791b8fe278c93096ddcf67f25,1996.819174,1996.819174,0.0,1,0,1697058767
2023-10-05,0xf6aec4f97623e691a9426a69baf5501509fca05d,1430,0xfb07d2bdef2deb1ebec001644b4732ab77281c7a,0.0,0.0,12567.503841,0,1,1697040477
2023-10-05,0xf6aec4f97623e691a9426a69baf5501509fca05d,1431,0x7fbd935c9972b6a4c0b6f7c6f650996677bf6e0a,0.0,0.0,7922.839467,0,1,1697020701
2023-10-05,0xf6aec4f97623e691a9426a69baf5501509fca05d,1478,0x58c4f03a954e4cbb1b8e204a881a8e9a99d015dd,3776.571874,3776.571874,0.0,1,0,1696468039
2023-10-05,0xf6aec4f97623e691a9426a69baf5501509fca05d,1488,0x51e432df264c3315bb0d1aa70d265cdf0792c679,0.0,0.0,7427.130267,0,1,1696467915
2023-10-05,0xf6aec4f97623e691a9426a69baf5501509fca05d,1492,0x864de5bbaf4b8c808e94a8385b95b0855d170137,0.0,0.0,7394.575801,0,1,1697054151
2023-10-05,0xf6aec4f97623e691a9426a69baf5501509fca05d,1500,0xb136d7643a612447eb603c051c193fdead1e0e37,0.0,0.0,7285.403828,0,1,1697065073
2023-10-05,0xf6aec4f97623e691a9426a69baf5501509fca05d,1533,0x0ea983f21f58f0e1a29ed653bcfc8afac4fec2a4,0.0,0.0,11231.819022,0,1,1697030731
2023-10-05,0xf6aec4f97623e691a9426a69baf5501509fca05d,1553,0x69cd1c2e13113c09a22ff98cbd2db3f682f716b4,6894.818588,6894.818588,6894.818588,1,1,1697008695
2023-10-05,0xf6aec4f97623e691a9426a69baf5501509fca05d,1566,0x24bf21c742791848cb37d228afad72a5a273b181,6802.169681,6802.169681,0.0,1,0,1697045247
2023-10-05,0xf6aec4f97623e691a9426a69baf5501509fca05d,1586,0x446925b8fa3ce7072a6f389df46150978da748fb,0.0,0.0,6636.180954,0,1,1696948235
2023-10-05,0xf6aec4f97623e691a9426a69baf5501509fca05d,1628,0xa80798cfc94f1010267da78c6b4e57abd7bd33ca,0.0,0.0,6323.952742,0,1,1696627711
2023-10-05,0xf6aec4f97623e691a9426a69baf5501509fca05d,1647,0x629f4566e3e8ed73c4151e49a248d243e7c24299,0.0,0.0,6235.462398,0,1,1697030223
2023-10-05,0xf6aec4f97623e691a9426a69baf5501509fca05d,1653,0x90aa5c7a67081409d0b826facd34600463778a48,0.0,0.0,6224.234199,0,1,1697031989
2023-10-05,0xf6aec4f97623e691a9426a69baf5501509fca05d,1657,0x6e6cea0e277d9cfcef9094c5c8713bb52ed600e0,0.0,0.0,6193.560353,0,1,1697049997
2023-10-05,0xf6aec4f97623e691a9426a69baf5501509fca05d,1711,0xa178c15dd95553da5b79c1ba0bde1659fa2e76c8,5816.145083,5816.145083,0.0,1,0,1697027965
2023-10-05,0xf6aec4f97623e691a9426a69baf5501509fca05d,1774,0xa520375aaafb2b5700dfdba1c3d56c626df8bb06,6062.932039,6062.932039,6062.932039,1,1,1697032073
2023-10-05,0xf6aec4f97623e691a9426a69baf5501509fca05d,1868,0x03b0e4a19f357a112be59d658ec4e2834d510f39,0.0,0.0,4759.934443,0,1,1696541235
2023-10-05,0xf6aec4f97623e691a9426a69baf5501509fca05d,1939,0x914aa366fc6af1cef6d8b98dd24b2842e0d14c39,4433.92205,4433.92205,4433.92205,1,1,1696999617
2023-10-05,0xf6aec4f97623e691a9426a69baf5501509fca05d,1966,0xdd77a81910f4513524bda1394a3de2237e4288e1,4705.502925,4705.502925,0.0,1,0,1696969789
2023-10-05,0xf6aec4f97623e691a9426a69baf5501509fca05d,2011,0xe116d5f4ccd817e93a4827b4b1166fb3fa61bec5,4227.881988,4227.881988,0.0,1,0,1696970117
2023-10-05,0xf6aec4f97623e691a9426a69baf5501509fca05d,2026,0x51cfa61222807b1b9b00f92e21f0bded7796e9a9,0.0,0.0,4178.40602,0,1,1696978433
2023-10-05,0xf6aec4f97623e691a9426a69baf5501509fca05d,2041,0xec5b22756d0191fbbb4afffdd5ae2a660538d196,9838.976674,9838.976674,9835.822019,1,1,1697028585
2023-10-05,0xf6aec4f97623e691a9426a69baf5501509fca05d,2094,0x99999990d598b918799f38163204bbc30611b6b6,2015.017768,2015.017768,4028.743392,1,1,1696981167
2023-10-05,0xf6aec4f97623e691a9426a69baf5501509fca05d,2098,0x7facf85e84f443fef7113bf85e7a582b251a25b5,4013.965399,4013.965399,0.0,1,0,1697048343
2023-10-05,0xf6aec4f97623e691a9426a69baf5501509fca05d,2102,0x4b8b235c511f0c830264c7761520b1f9ad441716,4175.269969,4175.269969,4006.098983,1,1,1696472195
2023-10-05,0xf6aec4f97623e691a9426a69baf5501509fca05d,2146,0x64298a72f4e3e23387efc409fc424a3f17356fc4,0.0,0.0,3901.758026,0,1,1696545263
2023-10-05,0xf6aec4f97623e691a9426a69baf5501509fca05d,2171,0x926934c924042370f421027abeb420b036cb71be,0.0,0.0,3845.166932,0,1,1697063939
2023-10-05,0xf6aec4f97623e691a9426a69baf5501509fca05d,2298,0x1395de9daec52ad405e945603ea0a9346d00d01c,3542.903286,3542.903286,3542.903286,1,1,1696987809
2023-10-05,0xf6aec4f97623e691a9426a69baf5501509fca05d,2300,0x45adff324eb1ac03a6a115dc539052232d4ba980,0.0,0.0,3717.668577,0,1,1697026455
2023-10-05,0xf6aec4f97623e691a9426a69baf5501509fca05d,2313,0x3888132606615fc0759853b6ec1107e717d0ae52,886.05253,886.05253,0.0,1,0,1697031395
2023-10-05,0xf6aec4f97623e691a9426a69baf5501509fca05d,2324,0xa435530d50d7d17fd9fc6e1c897dbf7c08e12d35,0.0,0.0,3509.303196,0,1,1697065023
2023-10-05,0xf6aec4f97623e691a9426a69baf5501509fca05d,2332,0xae69116e4aa49645f78c1fc9f28f677aede0d153,3504.348132,3504.348132,0.0,1,0,1697043647
2023-10-05,0xf6aec4f97623e691a9426a69baf5501509fca05d,2345,0x12924049e2d21664e35387c69429c98e9891a820,0.0,0.0,3444.331255,0,1,1697002231
2023-10-05,0xf6aec4f97623e691a9426a69baf5501509fca05d,2362,0xbaa9b493bccbe1a900b39870980f41356f85822a,0.0,0.0,3454.176955,0,1,1697033689
2023-10-05,0xf6aec4f97623e691a9426a69baf5501509fca05d,2408,0x4a23bccf39a5ca0e3cfdd67d74cba3f380eca38f,0.0,0.0,3363.330351,0,1,1696948177
2023-10-05,0xf6aec4f97623e691a9426a69baf5501509fca05d,2433,0xe326fe653ed62b38acea220cde1820a98e23c213,0.0,0.0,3329.550749,0,1,1696948095
2023-10-05,0xf6aec4f97623e691a9426a69baf5501509fca05d,2494,0x875a6dc230931ebd99542a89f76837d861d2c2f7,0.0,0.0,3239.482347,0,1,1696566643
2023-10-05,0xf6aec4f97623e691a9426a69baf5501509fca05d,2505,0x7f8374961620a370c47eedb599076320d5c82c9b,0.0,0.0,3222.436956,0,1,1696941295
2023-10-05,0xf6aec4f97623e691a9426a69baf5501509fca05d,2555,0x9755e3d858a3310e9915e490104435ed4f0d7547,0.0,0.0,3149.417026,0,1,1697045627
2023-10-05,0xf6aec4f97623e691a9426a69baf5501509fca05d,2580,0x0a2f675591577bfa8d5d8d2ec3fb8179aa821405,2808.705434,2808.705434,2807.804884,1,1,1697037183
2023-10-05,0xf6aec4f97623e691a9426a69baf5501509fca05d,2645,0x5b5435e35f588552ccbb1f9212f6941c4c44dd71,3044.419084,3044.419084,0.0,1,0,1696989029
2023-10-05,0xf6aec4f97623e691a9426a69baf5501509fca05d,2786,0x597bea912e8734e17ddc4f43a489a1472d9459cf,0.0,0.0,2577.367774,0,1,1697039783
2023-10-05,0xf6aec4f97623e691a9426a69baf5501509fca05d,2860,0xd935a63d629cac4cfc8f632a2f4aab3ca8d99e38,0.0,0.0,451.151714,0,1,1697029099
2023-10-05,0xf6aec4f97623e691a9426a69baf5501509fca05d,2873,0x9a62db4c17146172c0b88e7e439df169a0f93e0e,557.3392,557.3392,1114.678399,1,1,1697052089
2023-10-05,0xf6aec4f97623e691a9426a69baf5501509fca05d,2877,0x6f6cbac3fc494e57da3b53977fa9872c8fc74987,0.0,0.0,2223.480573,0,1,1696987651
2023-10-05,0xf6aec4f97623e691a9426a69baf5501509fca05d,2983,0xeba06532a72bec44a1d33130aaa7c45c31e502f6,0.0,0.0,1982.366012,0,1,1696988205
2023-10-05,0xf6aec4f97623e691a9426a69baf5501509fca05d,3001,0x1c46564c7476f3f846abcf73e0a885e445ca85e8,1936.043814,1936.043814,0.0,1,0,1696959729
2023-10-05,0xf6aec4f97623e691a9426a69baf5501509fca05d,3027,0xac6d3a1c8f29a2c64dd24db057c15e02c967effe,0.0,0.0,1943.287129,0,1,1696496003
2023-10-05,0xf6aec4f97623e691a9426a69baf5501509fca05d,3034,0x033e0a61ac00288a6388d1c8bad11a881ca9e212,0.0,0.0,1971.474263,0,1,1697001335
2023-10-05,0xf6aec4f97623e691a9426a69baf5501509fca05d,3086,0x9b9e8bc43c15559653868587a193bd014dff5c65,0.0,0.0,2014.471244,0,1,1696919279
2023-10-05,0xf6aec4f97623e691a9426a69baf5501509fca05d,3131,0x5192309938ef4a6804e89d20c839169f05d8a8ac,1755.459004,1755.459004,1755.459004,1,1,1697014707
2023-10-05,0xf6aec4f97623e691a9426a69baf5501509fca05d,3135,0x9dc5d3c206276ec16c2a171c364fedddfd27be50,0.0,0.0,1746.386291,0,1,1696818783
2023-10-05,0xf6aec4f97623e691a9426a69baf5501509fca05d,3151,0x8af10bed7635fc2b1d68556ef37375bc730f41e3,0.0,0.0,1774.628854,0,1,1696988055
2023-10-05,0xf6aec4f97623e691a9426a69baf5501509fca05d,3387,0x1ba2a537a771aa4eac2f18427716557e4e744864,1457.422658,1457.422658,0.0,1,0,1696967487
2023-10-05,0xf6aec4f97623e691a9426a69baf5501509fca05d,3391,0xb9be40bdec31ec3935830acc8bcaad1a431f8bb0,0.0,0.0,1452.750062,0,1,1697029789
2023-10-05,0xf6aec4f97623e691a9426a69baf5501509fca05d,3418,0xa6e2df09d9a7bea5ddca479a1a59e3195583cfa6,0.0,0.0,1411.713957,0,1,1696986757
2023-10-05,0xf6aec4f97623e691a9426a69baf5501509fca05d,3430,0x4b4e54a9978453254acb96d3d8d9e202b5b01386,0.0,0.0,1388.317597,0,1,1696987483
2023-10-05,0xf6aec4f97623e691a9426a69baf5501509fca05d,3431,0xf9ce07a5611f18f018261d9e5be3fad92b49c852,0.0,0.0,1387.382687,0,1,1696987819
2023-10-05,0xf6aec4f97623e691a9426a69baf5501509fca05d,3434,0x7ec4dedf1587acf5f6090f8086e555ed72d6f0b8,0.0,0.0,1376.117756,0,1,1696987953
2023-10-05,0xf6aec4f97623e691a9426a69baf5501509fca05d,3446,0x1a2923d39f11f4b0a47bcdec29b30ec273da0932,2010.129802,2010.129802,2010.129802,1,1,1696970817
2023-10-05,0xf6aec4f97623e691a9426a69baf5501509fca05d,3537,0x5bcbaba9704f625bdb7eb1d8a3c305737916e6ff,1248.744527,1248.744527,1248.744527,1,1,1696604139
2023-10-05,0xf6aec4f97623e691a9426a69baf5501509fca05d,3543,0x8810bd54f4d64d59bafbb6da9277011347de80c0,618.495048,618.495048,0.0,1,0,1696985955
2023-10-05,0xf6aec4f97623e691a9426a69baf5501509fca05d,3781,0xaf11495f021c5c2c5f5230f40d5d57ebe4059700,0.0,0.0,21048.691019,0,1,1697053639
2023-10-05,0xf6aec4f97623e691a9426a69baf5501509fca05d,3787,0xa7e43959b3fd94016431298e25c6fa7f1f409984,1014.87393,1014.87393,0.0,1,0,1696992747
2023-10-05,0xf6aec4f97623e691a9426a69baf5501509fca05d,3804,0x2a57701cc3338ded47fe44695db146342cab2428,0.0,0.0,1203.685967,0,1,1697056519
2023-10-05,0xf6aec4f97623e691a9426a69baf5501509fca05d,3806,0xe0767d2b47ec6a28e97afbf3a626cdfb226065c1,498.633644,498.633644,995.948841,1,1,1697041137
2023-10-05,0xf6aec4f97623e691a9426a69baf5501509fca05d,3810,0xa8ddc541d443d29d61375a3e4e190ac81fb88608,0.0,0.0,976.528513,0,1,1696595017
2023-10-05,0xf6aec4f97623e691a9426a69baf5501509fca05d,3840,0xe8de221533f666778d6513a1da0c56e8ef89c72a,959.238934,959.238934,959.238934,1,1,1696973629
2023-10-05,0xf6aec4f97623e691a9426a69baf5501509fca05d,3873,0x40a5b6fa3578b288c9c94d7b5dfe32d9ce240853,0.0,0.0,928.695942,0,1,1696489125
2023-10-05,0xf6aec4f97623e691a9426a69baf5501509fca05d,3935,0xc9830f98c08c56d095c77b49a30c776732e7c9a3,220.746363,220.746363,882.985451,1,1,1696986211
2023-10-05,0xf6aec4f97623e691a9426a69baf5501509fca05d,3939,0x5b443cd7739b4eb26b7db17f9ee556d75a069401,875.574501,875.574501,875.574501,1,1,1697034985
2023-10-05,0xf6aec4f97623e691a9426a69baf5501509fca05d,3978,0x61a83d61ec0d94b365441ed7bf1d2a4ae777785d,845.397838,845.397838,845.397838,1,1,1697028289
2023-10-05,0xf6aec4f97623e691a9426a69baf5501509fca05d,3981,0x24e0050594a816cba945e6efe59e1492f5926c70,842.197172,842.197172,842.197172,1,1,1696487869
2023-10-05,0xf6aec4f97623e691a9426a69baf5501509fca05d,4011,0x6322872f335dde0d4b44537f69fbae74bbed39de,0.0,0.0,80.907246,0,1,1697007527
2023-10-05,0xf6aec4f97623e691a9426a69baf5501509fca05d,4103,0x2217854468cfa2eecc21761bcc67a2f773aa1425,0.0,0.0,439.82793,0,1,1697045025
2023-10-05,0xf6aec4f97623e691a9426a69baf5501509fca05d,4117,0x3a1bbd14c1c0e2ebf7cd906961d122dadd5448a7,735.520909,735.520909,0.0,1,0,1696997711
2023-10-05,0xf6aec4f97623e691a9426a69baf5501509fca05d,4252,0x0c1169eee2578f4a333fab1363a3402d4e87267e,662.925085,662.925085,0.0,1,0,1696973775
2023-10-05,0xf6aec4f97623e691a9426a69baf5501509fca05d,4279,0xcf7e5d2bbe28d27baf5e26e53135bb01e2fd5515,639.516636,639.516636,639.311589,1,1,1697002415
2023-10-05,0xf6aec4f97623e691a9426a69baf5501509fca05d,4299,0x942114d2222af79422d11ddb0a96ddf2997fecb9,0.0,0.0,982.188488,0,1,1697059471
2023-10-05,0xf6aec4f97623e691a9426a69baf5501509fca05d,4369,0xcf6d2f6e2839ac50f49a76c1da88f82f62d29b74,0.0,0.0,288.997205,0,1,1696748689
2023-10-05,0xf6aec4f97623e691a9426a69baf5501509fca05d,4539,0xb67c21c44fbd66aca78e93f843d8bde98af73762,509.235568,509.235568,0.0,1,0,1696972609
2023-10-05,0xf6aec4f97623e691a9426a69baf5501509fca05d,4635,0xdbc88e5858fd2cd02b2670383100b04804fe2f27,0.0,0.0,1629.996145,0,1,1696860661
2023-10-05,0xf6aec4f97623e691a9426a69baf5501509fca05d,4659,0x7a7acf2241c2b388b6b7eb8bba78f615f6f773b2,0.0,0.0,459.088327,0,1,1696881131
2023-10-05,0xf6aec4f97623e691a9426a69baf5501509fca05d,4713,0x0f43ef1eb4975cb8224e7fde59eca51ee7f67663,443.140797,443.140797,0.0,1,0,1697043609
2023-10-05,0xf6aec4f97623e691a9426a69baf5501509fca05d,4718,0xdaab06a2611095939d61300030701908af24590b,853.011366,853.011366,0.0,1,0,1696958893
2023-10-05,0xf6aec4f97623e691a9426a69baf5501509fca05d,4769,0x47e05bb20a14c9a27fa8706af83fff7a480de47f,459.508922,459.508922,459.508922,1,1,1697047125
2023-10-05,0xf6aec4f97623e691a9426a69baf5501509fca05d,4780,0x73de251d953309dc73ac3c24691917841fc64505,0.0,0.0,1150.990554,0,1,1696963571
2023-10-05,0xf6aec4f97623e691a9426a69baf5501509fca05d,5193,0x36d144b70522db6137f58ddb8a412748486ba788,387.151899,387.151899,0.0,1,0,1697027561
2023-10-05,0xf6aec4f97623e691a9426a69baf5501509fca05d,5385,0x091f9b4cc27aa8b0df96e265afc055f6a158da3f,0.0,0.0,377.24079,0,1,1696661333
2023-10-05,0xf6aec4f97623e691a9426a69baf5501509fca05d,5418,0x5cb7dd40378c4f0bf167c30b7cc1982c4976314c,0.0,0.0,375.619426,0,1,1696482149
2023-10-05,0xf6aec4f97623e691a9426a69baf5501509fca05d,5420,0x29128e764a3959204bcab02b315ae22e7d1d7bba,0.0,0.0,371.648118,0,1,1697002483
2023-10-05,0xf6aec4f97623e691a9426a69baf5501509fca05d,5437,0x0a3234a2f7e0026364a6fa61b286c8b107e2cd3c,0.0,0.0,370.843839,0,1,1697002571
2023-10-05,0xf6aec4f97623e691a9426a69baf5501509fca05d,5729,0xaf5ae7cdaff6f1f457bc88f0989c0af7f583ab43,0.0,0.0,365.281851,0,1,1696798697
2023-10-05,0xf6aec4f97623e691a9426a69baf5501509fca05d,5771,0x1d58328205429d39ce21a13dcd3feb73180c9b20,0.0,0.0,489.091481,0,1,1697042951
2023-10-05,0xf6aec4f97623e691a9426a69baf5501509fca05d,5827,0x54da11a90d36f292b3a995d1a447dfe6923cf454,0.0,0.0,180.989671,0,1,1696488465
2023-10-05,0xf6aec4f97623e691a9426a69baf5501509fca05d,5992,0x68e19b1bb2e15e8dc4520064383fbd403ff401fc,356.725203,356.725203,356.725203,1,1,1696998153
2023-10-05,0xf6aec4f97623e691a9426a69baf5501509fca05d,6107,0x395fbf8d53d44fb9e61684a72757ab5cfc8d83d7,354.140715,354.140715,354.140715,1,1,1696661473
2023-10-05,0xf6aec4f97623e691a9426a69baf5501509fca05d,6172,0xe86b341f0b935ddfc65a747a903d522c07cbf381,0.0,0.0,352.629223,0,1,1696994883
2023-10-05,0xf6aec4f97623e691a9426a69baf5501509fca05d,6418,0xb4173fee41920a8e7d3451863f9779468ebab98e,0.0,0.0,3672.891757,0,1,1697016971
2023-10-05,0xf6aec4f97623e691a9426a69baf5501509fca05d,6534,0xf1b1b0b6735e5d0059a2c134979e075ef050e9bf,0.0,0.0,12.130767,0,1,1696622653
2023-10-05,0xf6aec4f97623e691a9426a69baf5501509fca05d,6575,0x1f1b1e1a3d061f80d2a4396178e10e228e8bdc08,0.0,0.0,118.08132,0,1,1696874777
2023-10-05,0xf6aec4f97623e691a9426a69baf5501509fca05d,6761,0x58e03d622a88b4012ee0a97235c6b110077fb867,1440.825431,1440.825431,0.0,1,0,1696961791
2023-10-05,0xf6aec4f97623e691a9426a69baf5501509fca05d,6938,0xd3d99ab6981587d5522854ca370726eef63a8e4d,0.0,0.0,467.007221,0,1,1696971041
2023-10-05,0xf6aec4f97623e691a9426a69baf5501509fca05d,7003,0x1ba2a537a771aa4eac2f18427716557e4e744864,445.636632,445.636632,0.0,1,0,1696967263
2023-10-05,0xf6aec4f97623e691a9426a69baf5501509fca05d,7059,0xb4173fee41920a8e7d3451863f9779468ebab98e,0.0,0.0,866.218652,0,1,1697016987
2023-10-05,0xf6aec4f97623e691a9426a69baf5501509fca05d,7196,0x2b4a4fe93639c70aae55adf5e63f3cbf10956292,0.0,0.0,1433.597171,0,1,1696472363
2023-10-05,0xf6aec4f97623e691a9426a69baf5501509fca05d,7247,0xa07d83334758af046dbcee6991e341c0e061d121,116.390243,116.390243,0.0,1,0,1696987913
2023-10-05,0xf6aec4f97623e691a9426a69baf5501509fca05d,7378,0x91817a270fb9f03e00918fae83b3fe718c1426e8,0.0,0.0,393.999426,0,1,1696703415
2023-10-05,0xf6aec4f97623e691a9426a69baf5501509fca05d,7432,0x629f4566e3e8ed73c4151e49a248d243e7c24299,0.0,0.0,1778.50833,0,1,1697030245
2023-10-05,0xf6aec4f97623e691a9426a69baf5501509fca05d,7651,0x98d925821767edcf7e773810e74244026b6e8a35,491.33315,491.33315,0.0,1,0,1696958629
2023-10-05,0xf6aec4f97623e691a9426a69baf5501509fca05d,7718,0x47e05bb20a14c9a27fa8706af83fff7a480de47f,446.067301,446.067301,448.251006,1,1,1697047139
2023-10-05,0xf6aec4f97623e691a9426a69baf5501509fca05d,7802,0x470d235ca1caff614abee02d98ac3aa89a6758bd,2462.474504,2462.474504,2472.565295,1,1,1696930897
2023-10-05,0xf6aec4f97623e691a9426a69baf5501509fca05d,7881,0x5163d2109ac93b447828789b8df537bc9fa3bf19,0.0,0.0,6185.683035,0,1,1696528499
2023-10-05,0xf6aec4f97623e691a9426a69baf5501509fca05d,7979,0x529656620d914443405a55ec42ad0eaeaf0b4a2c,0.0,0.0,36921.122801,0,1,1697019641
2023-10-05,0xf6aec4f97623e691a9426a69baf5501509fca05d,8028,0xd9277f43bdfbbd18f5ba0adeb38f3ace2929e773,0.0,0.0,8222.84026,0,1,1697049389
2023-10-05,0xf6aec4f97623e691a9426a69baf5501509fca05d,8032,0xf265702178a66b4b7ce079fc8a1629e47cf1bcde,0.0,0.0,160050.311304,0,1,1697055981
2023-10-05,0xf6aec4f97623e691a9426a69baf5501509fca05d,8064,0x478f5fddc5ad95e8602908dc6b23522b5998a6d6,7.271174,7.271174,7.541528,1,1,1697019727
2023-10-05,0xf6aec4f97623e691a9426a69baf5501509fca05d,8065,0xcff8eb70b166bba2304518e5a09fa67e43c21216,7.265012,7.265012,7.535142,1,1,1697020043
2023-10-05,0xf6aec4f97623e691a9426a69baf5501509fca05d,8066,0x5c2bb04553c205587af500f53e37e28414dd100b,7.262835,7.262835,7.53285,1,1,1697020071
2023-10-05,0xf6aec4f97623e691a9426a69baf5501509fca05d,8068,0x4428b40e5a2824144fe3fb08571c95ed1e52fb9b,9.902735,9.902735,9.992191,1,1,1697020127
2023-10-05,0xf6aec4f97623e691a9426a69baf5501509fca05d,8069,0xf34b15ad6dafe19bc016d114a2c769619c953727,9.911084,9.911084,10.000303,1,1,1697020171
2023-10-05,0xf6aec4f97623e691a9426a69baf5501509fca05d,8070,0x0fce2030d9ca8b7987f82c5f0433edba6a70b5f3,9.891345,9.891345,9.99033,1,1,1697020195
2023-10-05,0xf6aec4f97623e691a9426a69baf5501509fca05d,8071,0xc552d0c6bb49671e0c8c1537338acd086e0f1108,9.890982,9.890982,9.990141,1,1,1697020215
2023-10-05,0xf6aec4f97623e691a9426a69baf5501509fca05d,8072,0x64e71b440cec3a7ea58e13c9a8bc79163de9b3e7,9.885253,9.885253,9.987242,1,1,1697020233
2023-10-05,0xf6aec4f97623e691a9426a69baf5501509fca05d,8073,0xde76c45ed9385c48346baaab0baf511ae939b2b8,9.885812,9.885812,9.987518,1,1,1697020249
2023-10-05,0xf6aec4f97623e691a9426a69baf5501509fca05d,8074,0x0b504389ffa6181893670ebab4e4584e74706e7e,9.88428,9.88428,9.98674,1,1,1697020267
2023-10-05,0xf6aec4f97623e691a9426a69baf5501509fca05d,8075,0xca32a60f29b9b7e22fb7713baf82618b8e0e72d9,9.883852,9.883852,9.986519,1,1,1697020285
2023-10-05,0xf6aec4f97623e691a9426a69baf5501509fca05d,8076,0xe45fe07fec55b40da85d4df75fe54f484c7fcdcc,9.890261,9.890261,9.989752,1,1,1697020305
2023-10-05,0xf6aec4f97623e691a9426a69baf5501509fca05d,8129,0x72195dda0361f43ce544b750f318d04b35836933,0.0,0.0,4.985568,0,1,1696696327
2023-10-05,0xf6aec4f97623e691a9426a69baf5501509fca05d,8384,0x4127143a866bf5d8ad2afb6de8e63164b8ad5bf6,147642.811637,147642.811637,147595.473162,1,1,1697045765
2023-10-05,0xf6aec4f97623e691a9426a69baf5501509fca05d,8392,0x505f69dbcc43a51d7ef1c2201f54ee116c45b20b,188093.606026,188093.606026,0.0,1,0,1697050085
2023-10-05,0xf6aec4f97623e691a9426a69baf5501509fca05d,8476,0xec5b22756d0191fbbb4afffdd5ae2a660538d196,1124.42904,1124.42904,0.0,1,0,1697028597
2023-10-05,0xf6aec4f97623e691a9426a69baf5501509fca05d,8516,0xa5a2a35fa9404f3603505984506206ccf208489f,5e-06,5e-06,0.0,1,0,1696503683
2023-10-05,0xf6aec4f97623e691a9426a69baf5501509fca05d,8638,0x1ba2a537a771aa4eac2f18427716557e4e744864,575.156203,575.156203,0.0,1,0,1696967475
2023-10-05,0xf89042057d079debe2a65a1a899e48e0e825105f,1,0xbde0c70bdc242577c52dfad53389f82fd149ea5a,0.0,0.0,1570161.203533,0,1,1697045005
2023-10-05,0xf89042057d079debe2a65a1a899e48e0e825105f,2,0x51e171d2fde9b37bbbb624a53ef54959422388e4,0.0,0.0,1121543.716809,0,1,1697050283
2023-10-05,0xf89042057d079debe2a65a1a899e48e0e825105f,5,0x5b1892b546002ff3dd508500575bd6bf7a101431,0.0,0.0,411154.992013,0,1,1697045057
2023-10-05,0xf89042057d079debe2a65a1a899e48e0e825105f,24,0x208a17c5fabe5b90282e5906945ff335e39326c4,3648.01398,3648.01398,0.0,1,0,1697051865
2023-10-05,0xf89042057d079debe2a65a1a899e48e0e825105f,34,0x64babe6c4dc32569e9125ea0bcfc601bbb202869,774190.117879,774190.117879,0.0,1,0,1697051785
2023-10-05,0xf89042057d079debe2a65a1a899e48e0e825105f,43,0x2ddb405238368695f34d30a80ab60c449aa5ce48,0.0,0.0,301633.397788,0,1,1697062597
2023-10-05,0xf89042057d079debe2a65a1a899e48e0e825105f,54,0xf265702178a66b4b7ce079fc8a1629e47cf1bcde,556926.512133,556926.512133,0.0,1,0,1697055531
2023-10-05,0xf89042057d079debe2a65a1a899e48e0e825105f,83,0x6b879c078ea4cc27bbdb486fcaa4fa27e6cbe97a,198106.631476,198106.631476,0.0,1,0,1697057671
2023-10-05,0xf89042057d079debe2a65a1a899e48e0e825105f,86,0x9ebd10b46b43351097cab2d3c03ccf440957a2a9,667753.3677,667753.3677,0.0,1,0,1697057093
2023-10-05,0xf89042057d079debe2a65a1a899e48e0e825105f,88,0x8bace3a49a375027868cdd34e84521eed1f1b01d,654915.211219,654915.211219,0.0,1,0,1697060889
2023-10-05,0xf89042057d079debe2a65a1a899e48e0e825105f,99,0xa48cd684ded1eee3de13e052bbdcfed59558a1ca,242757.671089,242757.671089,0.0,1,0,1697056509
2023-10-05,0xf89042057d079debe2a65a1a899e48e0e825105f,105,0x208a17c5fabe5b90282e5906945ff335e39326c4,15500.401065,15500.401065,0.0,1,0,1697051893
2023-10-05,0xf89042057d079debe2a65a1a899e48e0e825105f,109,0xbe7019f8333b0b3cfc707ac353ebc2123140134c,24684.095423,24684.095423,0.0,1,0,1697061795
2023-10-05,0xf89042057d079debe2a65a1a899e48e0e825105f,119,0x6793b1b6809f16c5e06acdcbedadeb793212df9b,445693.933609,445693.933609,0.0,1,0,1697050993
2023-10-05,0xf89042057d079debe2a65a1a899e48e0e825105f,140,0x9dfd75098827fdc75bd0197d12c405b4518f8d11,358452.024651,358452.024651,0.0,1,0,1697053491
2023-10-05,0xf89042057d079debe2a65a1a899e48e0e825105f,151,0x5275817b74021e97c980e95ede6bbac0d0d6f3a2,77590.31662,77590.31662,0.0,1,0,1697039977
2023-10-05,0xf89042057d079debe2a65a1a899e48e0e825105f,160,0xb0eb6f452ecea6a76fda435b4629cf6a11b24a2a,141544.251571,141544.251571,0.0,1,0,1697046757
2023-10-05,0xf89042057d079debe2a65a1a899e48e0e825105f,190,0x48d18a882b0be145606a11fce6f8a301256b93fa,210756.684882,210756.684882,0.0,1,0,1697056217
2023-10-05,0xf89042057d079debe2a65a1a899e48e0e825105f,192,0x739f9535bcd439483a1538431f92f358a80f1801,207681.429482,207681.429482,0.0,1,0,1697050695
2023-10-05,0xf89042057d079debe2a65a1a899e48e0e825105f,213,0x5aceb63d52d0d7081a72f254401893ffcf81381a,0.0,0.0,177204.150295,0,1,1696996277
2023-10-05,0xf89042057d079debe2a65a1a899e48e0e825105f,319,0xcd763667cd74543bd05c19386347441d3d3f6392,0.0,0.0,50400.878724,0,1,1696911427
2023-10-05,0xf89042057d079debe2a65a1a899e48e0e825105f,327,0xd2f132930ea3c58a389c6ad3a91ef104f95fe697,94542.789013,94542.789013,0.0,1,0,1697054295
2023-10-05,0xf89042057d079debe2a65a1a899e48e0e825105f,343,0xb1d47d39c3bb868e5e4be068b7057d4caad0b31c,21657.995522,21657.995522,0.0,1,0,1697059157
2023-10-05,0xf89042057d079debe2a65a1a899e48e0e825105f,346,0x2b26da567c2a8c220daf91be8e37a429d33aef0b,85178.680312,85178.680312,0.0,1,0,1697053847
2023-10-05,0xf89042057d079debe2a65a1a899e48e0e825105f,374,0x6793b1b6809f16c5e06acdcbedadeb793212df9b,72629.505805,72629.505805,72606.218724,1,1,1697051041
2023-10-05,0xf89042057d079debe2a65a1a899e48e0e825105f,460,0x66fbb1cd0a879388005ea9e17c2d951c11334a9c,25127.357122,25127.357122,50254.714244,1,1,1697001777
2023-10-05,0xf89042057d079debe2a65a1a899e48e0e825105f,474,0x115d0d8822efc9607c52b04628098b48970b993b,50078.017294,50078.017294,0.0,1,0,1697045845
2023-10-05,0xf89042057d079debe2a65a1a899e48e0e825105f,544,0x16b00db74167b7469dda63b674ca9a3b1b70c439,9964.599803,9964.599803,0.0,1,0,1697050325
2023-10-05,0xf89042057d079debe2a65a1a899e48e0e825105f,592,0x133d20c739f76236eebace7bf5bfa751bff15a9f,37153.862461,37153.862461,0.0,1,0,1697049777
2023-10-05,0xf89042057d079debe2a65a1a899e48e0e825105f,598,0x574378e51d3973ce57ce0f9a48c29fc06f4f003f,36058.367881,36058.367881,0.0,1,0,1697050015
2023-10-05,0xf89042057d079debe2a65a1a899e48e0e825105f,609,0x87dd9282247d03e8415c37025137752522defce1,35234.154984,35234.154984,0.0,1,0,1697057687
2023-10-05,0xf89042057d079debe2a65a1a899e48e0e825105f,764,0xa311ab5780aa036b71aac2b71163fd03ec0df59e,5984.065928,5984.065928,0.0,1,0,1697051517
2023-10-05,0xf89042057d079debe2a65a1a899e48e0e825105f,784,0x03a01b531ed557460922583afb4a4c3c84d7f9b1,22516.060323,22516.060323,22516.060323,1,1,1697051569
2023-10-05,0xf89042057d079debe2a65a1a899e48e0e825105f,847,0x04c872122ec2553b2d8adcc6c7eac4bec7717ccf,19874.289617,19874.289617,0.0,1,0,1697052381
2023-10-05,0xf89042057d079debe2a65a1a899e48e0e825105f,892,0x829a2eab39abb84c1e0aa621736a14443b5c5075,18116.291037,18116.291037,0.0,1,0,1697045817
2023-10-05,0xf89042057d079debe2a65a1a899e48e0e825105f,931,0x475b3662009e29c243a35c3d814c03b4a9f467f0,16787.920856,16787.920856,0.0,1,0,1697052569
2023-10-05,0xf89042057d079debe2a65a1a899e48e0e825105f,935,0xedbf8de67f84fb7f166652f9338a9a06fbe33893,8329.609887,8329.609887,0.0,1,0,1697050231
2023-10-05,0xf89042057d079debe2a65a1a899e48e0e825105f,954,0x04c872122ec2553b2d8adcc6c7eac4bec7717ccf,24372.19154,24372.19154,0.0,1,0,1697052363
2023-10-05,0xf89042057d079debe2a65a1a899e48e0e825105f,955,0x9cb016669c235ccebcd2fbbffa2d8d3a2247b02c,8097.492445,8097.492445,0.0,1,0,1697053199
2023-10-05,0xf89042057d079debe2a65a1a899e48e0e825105f,1106,0x7b8870db91a1cf8e5618010ed2ce0ed0383e22fe,6358.067346,6358.067346,0.0,1,0,1697048011
2023-10-05,0xf89042057d079debe2a65a1a899e48e0e825105f,1161,0xe1e7106a790017185eca0731301bfb7c571af7c1,11622.467105,11622.467105,0.0,1,0,1697045805
2023-10-05,0xf89042057d079debe2a65a1a899e48e0e825105f,1215,0x848887741b3e38233cd858c5dd7b48ca9197fc08,10691.748245,10691.748245,0.0,1,0,1697050407
2023-10-05,0xf89042057d079debe2a65a1a899e48e0e825105f,1291,0xb7f1925bfef543e7aa1fb60a815b3d09c8243458,9537.303303,9537.303303,0.0,1,0,1697052517
2023-10-05,0xf89042057d079debe2a65a1a899e48e0e825105f,1321,0x42fcdf3b9597e46121b194c7911faf0ab2f6ea43,9047.727291,9047.727291,0.0,1,0,1697054017
2023-10-05,0xf89042057d079debe2a65a1a899e48e0e825105f,1337,0x6ccd7c23e6ccd9c5258edda9fca61d1214de5622,8835.970881,8835.970881,0.0,1,0,1697045519
2023-10-05,0xf89042057d079debe2a65a1a899e48e0e825105f,1379,0xc6537969b03cbc712a2d9ec4d89917c4a310591f,0.0,0.0,8448.421915,0,1,1697026177
2023-10-05,0xf89042057d079debe2a65a1a899e48e0e825105f,1395,0x11d2168f37409b96453e4de1e0e39b1d5bbe0812,8337.388628,8337.388628,0.0,1,0,1697049805
2023-10-05,0xf89042057d079debe2a65a1a899e48e0e825105f,1544,0x60e15de5b3304d4381517745941975ce0327c649,0.0,0.0,22575.07929,0,1,1696471563
2023-10-05,0xf89042057d079debe2a65a1a899e48e0e825105f,1556,0xdcac0ee047da0ab449f6beb08c8f79c00eabc67d,7034.569467,7034.569467,0.0,1,0,1697048879
2023-10-05,0xf89042057d079debe2a65a1a899e48e0e825105f,1603,0x17114903eb90909d3058dae24d583e5970030ffb,6497.455539,6497.455539,0.0,1,0,1697047891
2023-10-05,0xf89042057d079debe2a65a1a899e48e0e825105f,1633,0x2071cd4a6e21cf2743af3dcbb63f755a375913e5,6300.795924,6300.795924,0.0,1,0,1697053079
2023-10-05,0xf89042057d079debe2a65a1a899e48e0e825105f,1659,0x3d002f4ca9bfb006d2ce5802be73b8b782ea6fdd,6184.777728,6184.777728,0.0,1,0,1697054381
2023-10-05,0xf89042057d079debe2a65a1a899e48e0e825105f,1715,0x765ecc4089c216385d6b1d4dc1994ff012e73d39,5768.12187,5768.12187,0.0,1,0,1697046445
2023-10-05,0xf89042057d079debe2a65a1a899e48e0e825105f,1805,0xae864413489b508175997e0ed00bd9c01484c846,5053.294652,5053.294652,0.0,1,0,1697051013
2023-10-05,0xf89042057d079debe2a65a1a899e48e0e825105f,1840,0x20a75d13cc7e7bde1534252f06a4578de8d70953,4880.763591,4880.763591,0.0,1,0,1697053373
2023-10-05,0xf89042057d079debe2a65a1a899e48e0e825105f,1856,0x4b7292679d439ccd83b972a5ff848b47391affca,4807.388883,4807.388883,0.0,1,0,1697057209
2023-10-05,0xf89042057d079debe2a65a1a899e48e0e825105f,2154,0xbed9c70eff039b2dbd8bafda08c53bfd986d0c1f,3882.241401,3882.241401,0.0,1,0,1697054461
2023-10-05,0xf89042057d079debe2a65a1a899e48e0e825105f,2194,0x74597a233e403ac2f48c40dd66fde8d22d6634f2,3793.556424,3793.556424,0.0,1,0,1697050711
2023-10-05,0xf89042057d079debe2a65a1a899e48e0e825105f,2255,0xd8992543ef65dc04ba8e71be895435bee3ab796f,3677.646742,3677.646742,0.0,1,0,1697049073
2023-10-05,0xf89042057d079debe2a65a1a899e48e0e825105f,2586,0x10b2c6489de6bc0ce1034c24f52826e7489219b7,3222.680481,3222.680481,3222.680481,1,1,1697051929
2023-10-05,0xf89042057d079debe2a65a1a899e48e0e825105f,2767,0x525320d8712aeab3f3fc6195102abd477ad998ff,2653.430684,2653.430684,0.0,1,0,1697050281
2023-10-05,0xf89042057d079debe2a65a1a899e48e0e825105f,2789,0x4372a6bb30df110d60bccae53ed6695468e9fccc,2561.727816,2561.727816,0.0,1,0,1697052331
2023-10-05,0xf89042057d079debe2a65a1a899e48e0e825105f,2875,0xe1ab85e458ebea43c5302ce84f5a89cb22fe351a,2225.674655,2225.674655,0.0,1,0,1697045535
2023-10-05,0xf89042057d079debe2a65a1a899e48e0e825105f,2922,0x506765dfde54034cffc105747ed8829c2b719719,2133.908125,2133.908125,0.0,1,0,1697050901
2023-10-05,0xf89042057d079debe2a65a1a899e48e0e825105f,2974,0xe0a46db77fe3932a901214bfa0a1389d3e996332,2060.71712,2060.71712,0.0,1,0,1697048137
2023-10-05,0xf89042057d079debe2a65a1a899e48e0e825105f,3091,0xa6473cce13f11614745e6bf9cad704646616a9b8,1817.689682,1817.689682,0.0,1,0,1697048993
2023-10-05,0xf89042057d079debe2a65a1a899e48e0e825105f,3242,0xe6569ad1cf54b5f49be0218e42e27100e63c5f81,1645.684292,1645.684292,0.0,1,0,1697046985
2023-10-05,0xf89042057d079debe2a65a1a899e48e0e825105f,3499,0x62661b101ca48734668669a9f1cb83c4889049f3,1301.775378,1301.775378,0.0,1,0,1697054551
2023-10-05,0xf89042057d079debe2a65a1a899e48e0e825105f,3726,0xa731c24fc9ca345f43d8614248f9adcd5ed4e281,1068.398452,1068.398452,0.0,1,0,1697056405
2023-10-05,0xf89042057d079debe2a65a1a899e48e0e825105f,3756,0x160cf6551ee3d910f673af762d5a2f1bd4855be1,1085.730581,1085.730581,0.0,1,0,1697052565
2023-10-05,0xf89042057d079debe2a65a1a899e48e0e825105f,3876,0x7d59226c6c2aa0b820d47c521dbd781ee8f6349b,463.2905,463.2905,0.0,1,0,1697050373
2023-10-05,0xf89042057d079debe2a65a1a899e48e0e825105f,4099,0x23184d3ae7de5609bb57eaec707d9be0b17408a6,743.277824,743.277824,0.0,1,0,1697048849
2023-10-05,0xf89042057d079debe2a65a1a899e48e0e825105f,4184,0xa7ff0bc6f74fc6c49ccba87f3df51b1adf98543d,697.446357,697.446357,697.222736,1,1,1697020285
2023-10-05,0xf89042057d079debe2a65a1a899e48e0e825105f,4186,0x7e53af93688908d67fc3ddce3f4b033dbc257c20,697.052865,697.052865,696.82937,1,1,1697020203
2023-10-05,0xf89042057d079debe2a65a1a899e48e0e825105f,4876,0xb1d67ccacf4416f726615d42f27bcd1cc45e03c1,413.287514,413.287514,0.0,1,0,1697047849
2023-10-05,0xf89042057d079debe2a65a1a899e48e0e825105f,5632,0xdc19cded2b4f3472b37b43c001d048754fe74b03,368.02971,368.02971,0.0,1,0,1697050913
2023-10-05,0xf89042057d079debe2a65a1a899e48e0e825105f,6005,0x2ebd5817147aca120f8a261b92e3957af93afb9b,356.38977,356.38977,0.0,1,0,1697052959
2023-10-05,0xf89042057d079debe2a65a1a899e48e0e825105f,6185,0x25aaa2e93586bf6f09e5666c20833a0c0cab6d8a,352.536701,352.536701,352.536701,1,1,1697054571
2023-10-05,0xf89042057d079debe2a65a1a899e48e0e825105f,6277,0x6c9258895ffbe2178b3edefe09af304a1e99bf2f,350.522226,350.522226,0.0,1,0,1697053023
2023-10-05,0xf89042057d079debe2a65a1a899e48e0e825105f,6310,0xc94327cbb9eef801a4bbe3459766bb712c5ad979,175.274525,175.274525,175.166348,1,1,1697051503
2023-10-05,0xf89042057d079debe2a65a1a899e48e0e825105f,6624,0x4bc84ea095b90e7c59acf8249d6b3cc215b6839b,1937.182728,1937.182728,1965.969955,1,1,1697056411
2023-10-05,0xf89042057d079debe2a65a1a899e48e0e825105f,7133,0xf115d93a31e79cca4697b9683c856326e0bed3c3,165.648402,165.648402,168.098155,1,1,1697056281
2023-10-05,0xf89042057d079debe2a65a1a899e48e0e825105f,7142,0xbe8eb72d33d76008bb4964189e86f56378acc518,3258.942884,3258.942884,0.0,1,0,1697056411
2023-10-05,0xf89042057d079debe2a65a1a899e48e0e825105f,7646,0xb2bad852361ecb092956460682040723fc12abe2,116120.9432,116120.9432,57414.936028,1,1,1697040225
2023-10-05,0xf89042057d079debe2a65a1a899e48e0e825105f,7993,0xd35fc346e15ba5b446917c9fd23a9471d6144701,9875.965484,9875.965484,9918.718687,1,1,1696473421
2023-10-05,0xf89042057d079debe2a65a1a899e48e0e825105f,8241,0x92a2e1323f03978c573af267442629358a345297,0.0,0.0,0.191841,0,1,1696693727
2023-10-05,0xf89042057d079debe2a65a1a899e48e0e825105f,8424,0x8bace3a49a375027868cdd34e84521eed1f1b01d,25103.579359,25103.579359,0.0,1,0,1697060875
2023-10-05,0xf89042057d079debe2a65a1a899e48e0e825105f,8447,0xb2bad852361ecb092956460682040723fc12abe2,0.0,0.0,28921.454,0,1,1697039997
2023-10-05,0xf89042057d079debe2a65a1a899e48e0e825105f,8466,0xd35fc346e15ba5b446917c9fd23a9471d6144701,2061.45324,2061.45324,0.0,1,0,1696473563
2023-10-05,0xfd8aa87c97d32345bfe4f753acf25729008331c9,19,0x3b8f79458b6d303b47d56734b00cc6941443bd95,455231.893466,455231.893466,455231.893466,1,1,1697048255
2023-10-05,0xfd8aa87c97d32345bfe4f753acf25729008331c9,1011,0x52d033e64774f31a8b7562806aa5782cbbd29382,45030.838036,45030.838036,0.0,1,0,1697038561
2023-10-05,0xfd8aa87c97d32345bfe4f753acf25729008331c9,8381,0x3b8f79458b6d303b47d56734b00cc6941443bd95,69088.27051,69088.27051,0.0,1,0,1697063715
2023-10-05,0xffa3f8737c39e36dec4300b162c2153c67c8352f,1,0xbde0c70bdc242577c52dfad53389f82fd149ea5a,4203537.194254,4203537.194254,2431217.346999,1,1,1697045005
2023-10-05,0xffa3f8737c39e36dec4300b162c2153c67c8352f,2,0x51e171d2fde9b37bbbb624a53ef54959422388e4,3002526.567324,3002526.567324,1736583.819285,1,1,1697050283
2023-10-05,0xffa3f8737c39e36dec4300b162c2153c67c8352f,5,0x5b1892b546002ff3dd508500575bd6bf7a101431,1100718.278609,1100718.278609,636627.084301,1,1,1697045057
2023-10-05,0xffa3f8737c39e36dec4300b162c2153c67c8352f,24,0x208a17c5fabe5b90282e5906945ff335e39326c4,10944.041941,10944.041941,14592.055921,1,1,1697051865
2023-10-05,0xffa3f8737c39e36dec4300b162c2153c67c8352f,52,0x3fd5dbf9f74d69b71774d729dd84bd8b3db7e815,269171.069643,269171.069643,269084.765761,1,1,1697053755
2023-10-05,0xffa3f8737c39e36dec4300b162c2153c67c8352f,54,0xf265702178a66b4b7ce079fc8a1629e47cf1bcde,445541.209707,445541.209707,0.0,1,0,1697055531
2023-10-05,0xffa3f8737c39e36dec4300b162c2153c67c8352f,56,0x48a5a6a01ba89cddf97d2d552923d5a11401ed19,486175.796057,486175.796057,324013.276201,1,1,1697064681
2023-10-05,0xffa3f8737c39e36dec4300b162c2153c67c8352f,57,0x72d4d59f31d0cb4a4213a5dc81fc0108241ecc71,0.0,0.0,1709312.279048,0,1,1697054383
2023-10-05,0xffa3f8737c39e36dec4300b162c2153c67c8352f,62,0xa311ab5780aa036b71aac2b71163fd03ec0df59e,252729.127741,252729.127741,126324.047806,1,1,1697051911
2023-10-05,0xffa3f8737c39e36dec4300b162c2153c67c8352f,67,0x8ce17ff2c7376e9adfe9c63c47a801097fa6c525,108039.125987,108039.125987,216008.971155,1,1,1697052473
2023-10-05,0xffa3f8737c39e36dec4300b162c2153c67c8352f,73,0x1ba6b82641c77ab1fc7bc734c5c3628199a8967d,239122.874072,239122.874072,0.0,1,0,1697059333
2023-10-05,0xffa3f8737c39e36dec4300b162c2153c67c8352f,77,0xeb6772188cf10aa563a1cd163f48355d1a949797,0.0,0.0,247742.178439,0,1,1697064347
2023-10-05,0xffa3f8737c39e36dec4300b162c2153c67c8352f,96,0x26602bf417c4e57ba3d2268d7f93a1e16f29e069,92017.094071,92017.094071,0.0,1,0,1697062825
2023-10-05,0xffa3f8737c39e36dec4300b162c2153c67c8352f,99,0xa48cd684ded1eee3de13e052bbdcfed59558a1ca,242757.671089,242757.671089,139516.739117,1,1,1697056509
2023-10-05,0xffa3f8737c39e36dec4300b162c2153c67c8352f,103,0x1c2ed7a6c4e3c1146103fa222181115a72243a06,54597.611532,54597.611532,54580.105988,1,1,1697064139
2023-10-05,0xffa3f8737c39e36dec4300b162c2153c67c8352f,105,0x208a17c5fabe5b90282e5906945ff335e39326c4,31000.802129,31000.802129,0.0,1,0,1697051893
2023-10-05,0xffa3f8737c39e36dec4300b162c2153c67c8352f,113,0xfa9e221a7af006531a816e98792a3e4b22a01461,0.0,0.0,472100.13189,0,1,1697063243
2023-10-05,0xffa3f8737c39e36dec4300b162c2153c67c8352f,117,0xdb2b9d473014d8c6a5e55da92205199457ba6624,459506.298392,459506.298392,459358.967635,1,1,1696922725
2023-10-05,0xffa3f8737c39e36dec4300b162c2153c67c8352f,126,0xf5a93410e7e32bbf28a8eaafbd7f241cf0b290fb,415202.144348,415202.144348,0.0,1,0,1697056209
2023-10-05,0xffa3f8737c39e36dec4300b162c2153c67c8352f,159,0x05391a4b0749c29335024f41552a56cfa6bd3883,0.0,0.0,143165.02312,0,1,1697036311
2023-10-05,0xffa3f8737c39e36dec4300b162c2153c67c8352f,203,0x637fceaf3e5289d2b396b831335e7d8a180c5656,47576.976475,47576.976475,47576.976475,1,1,1697063927
2023-10-05,0xffa3f8737c39e36dec4300b162c2153c67c8352f,254,0xa311ab5780aa036b71aac2b71163fd03ec0df59e,0.0,0.0,34430.934653,0,1,1697051595
2023-10-05,0xffa3f8737c39e36dec4300b162c2153c67c8352f,256,0xd6a2248e5d3696565c162c4554aa61fa6be75db3,34106.180596,34106.180596,34106.180596,1,1,1697037119
2023-10-05,0xffa3f8737c39e36dec4300b162c2153c67c8352f,277,0x68acb2051b73c2342be78cd1a7e5ca44483d10c5,29983.979399,29983.979399,0.0,1,0,1697064899
2023-10-05,0xffa3f8737c39e36dec4300b162c2153c67c8352f,295,0xa311ab5780aa036b71aac2b71163fd03ec0df59e,27669.559003,27669.559003,0.0,1,0,1697051671
2023-10-05,0xffa3f8737c39e36dec4300b162c2153c67c8352f,324,0xfb86a60a4d204de91421871c6d69cb40d21ae736,96665.040938,96665.040938,0.0,1,0,1697031243
2023-10-05,0xffa3f8737c39e36dec4300b162c2153c67c8352f,376,0xff53e3a27b7252148e0f1daf4a00261eee59177f,7232.78267,7232.78267,7232.78267,1,1,1697060811
2023-10-05,0xffa3f8737c39e36dec4300b162c2153c67c8352f,504,0xcfba6d63ec822425775d3c509e60ff689c1ae1e7,4471.490091,4471.490091,0.0,1,0,1696990017
2023-10-05,0xffa3f8737c39e36dec4300b162c2153c67c8352f,509,0x34223719d75cbc336b77ccd8af6b9342bd6af1cb,8577.050769,8577.050769,0.0,1,0,1697044323
2023-10-05,0xffa3f8737c39e36dec4300b162c2153c67c8352f,544,0x16b00db74167b7469dda63b674ca9a3b1b70c439,9964.599803,9964.599803,0.0,1,0,1697050325
2023-10-05,0xffa3f8737c39e36dec4300b162c2153c67c8352f,595,0xf89cb9b9b412feff16ca94c02db6faddccd51ce4,0.0,0.0,9066.029638,0,1,1697045515
2023-10-05,0xffa3f8737c39e36dec4300b162c2153c67c8352f,612,0xb7db1273e05bb89c9c4858d3b0a280cf9dd38d69,0.0,0.0,17504.298458,0,1,1697059771
2023-10-05,0xffa3f8737c39e36dec4300b162c2153c67c8352f,627,0xb5153c06e693b39d680040e7075833017ba9f10d,0.0,0.0,33876.545902,0,1,1697031025
2023-10-05,0xffa3f8737c39e36dec4300b162c2153c67c8352f,664,0x577be3ed9a71e1c355f519bbdf5f09ba2018b1cc,0.0,0.0,7713.265628,0,1,1696984269
2023-10-05,0xffa3f8737c39e36dec4300b162c2153c67c8352f,688,0x398e17b329b074c700d18e87f49b85d0512699e9,14277.236351,14277.236351,14277.236351,1,1,1697053119
2023-10-05,0xffa3f8737c39e36dec4300b162c2153c67c8352f,717,0x24b1bf98402c33a78c96178b833f89dbde7e76a7,9534.948201,9534.948201,9534.948201,1,1,1697059009
2023-10-05,0xffa3f8737c39e36dec4300b162c2153c67c8352f,764,0xa311ab5780aa036b71aac2b71163fd03ec0df59e,0.0,0.0,5982.147266,0,1,1697051517
2023-10-05,0xffa3f8737c39e36dec4300b162c2153c67c8352f,787,0x1c494f1919c1512ebe74a5dcc17dac9a64069023,6717.074174,6717.074174,6717.074174,1,1,1697063441
2023-10-05,0xffa3f8737c39e36dec4300b162c2153c67c8352f,935,0xedbf8de67f84fb7f166652f9338a9a06fbe33893,8329.609887,8329.609887,0.0,1,0,1697050231
2023-10-05,0xffa3f8737c39e36dec4300b162c2153c67c8352f,952,0xbab4bb5e935efc6cf94f0d19173edfa4921d8439,16356.024199,16356.024199,0.0,1,0,1697063697
2023-10-05,0xffa3f8737c39e36dec4300b162c2153c67c8352f,999,0x1c494f1919c1512ebe74a5dcc17dac9a64069023,4505.069689,4505.069689,4505.069689,1,1,1697063475
2023-10-05,0xffa3f8737c39e36dec4300b162c2153c67c8352f,1053,0x3216a8a03b07b6b19cbc21d62c8942e625fc3e07,2145.699061,2145.699061,0.0,1,0,1697048185
2023-10-05,0xffa3f8737c39e36dec4300b162c2153c67c8352f,1057,0x9eda173b60b105d2e255a1f535f70db2587eefe0,13542.152461,13542.152461,0.0,1,0,1696960309
2023-10-05,0xffa3f8737c39e36dec4300b162c2153c67c8352f,1078,0x2ccde611a35aa395c8aeb2babb4e25c835ca1760,0.0,0.0,13151.796119,0,1,1697024039
2023-10-05,0xffa3f8737c39e36dec4300b162c2153c67c8352f,1085,0x2e1bfb63fb937b0d8b5d48983c640677c5cd7eac,0.0,0.0,13016.631388,0,1,1697061459
2023-10-05,0xffa3f8737c39e36dec4300b162c2153c67c8352f,1101,0x1c494f1919c1512ebe74a5dcc17dac9a64069023,3834.257645,3834.257645,3834.257645,1,1,1697063399
2023-10-05,0xffa3f8737c39e36dec4300b162c2153c67c8352f,1149,0x93b82c49c2af67797977ae344c07884164e6a592,1295.009641,1295.009641,0.0,1,0,1697061817
2023-10-05,0xffa3f8737c39e36dec4300b162c2153c67c8352f,1183,0x0c9e20b9046f31da1e84b1b968b5fff23e815fd6,11625.316507,11625.316507,11621.589101,1,1,1696949937
2023-10-05,0xffa3f8737c39e36dec4300b162c2153c67c8352f,1221,0x564b3a3cf630d7b3b35ae78e47feb074bce2b06e,2617.124988,2617.124988,2630.040967,1,1,1697047321
2023-10-05,0xffa3f8737c39e36dec4300b162c2153c67c8352f,1292,0xb118026c68fd7f03efbcdf675dea96d625c084e5,9537.172879,9537.172879,0.0,1,0,1696921315
2023-10-05,0xffa3f8737c39e36dec4300b162c2153c67c8352f,1293,0x2dc761c5d699b84081b5552cdfe34b7b8ffd04d1,9527.809308,9527.809308,0.0,1,0,1697055905
2023-10-05,0xffa3f8737c39e36dec4300b162c2153c67c8352f,1297,0x1c494f1919c1512ebe74a5dcc17dac9a64069023,2830.258524,2830.258524,2830.258524,1,1,1697063493
2023-10-05,0xffa3f8737c39e36dec4300b162c2153c67c8352f,1299,0x1c494f1919c1512ebe74a5dcc17dac9a64069023,2829.067591,2829.067591,2829.067591,1,1,1697063455
2023-10-05,0xffa3f8737c39e36dec4300b162c2153c67c8352f,1358,0x4ac4ff89b9d4b3daf54942e3df63751a4a54c735,8643.179028,8643.179028,0.0,1,0,1697057231
2023-10-05,0xffa3f8737c39e36dec4300b162c2153c67c8352f,1363,0x43d16ccd581e1d6a8d51768f75ddf09b79f4f856,2153.052964,2153.052964,2153.052964,1,1,1697057053
2023-10-05,0xffa3f8737c39e36dec4300b162c2153c67c8352f,1394,0x7a49983815a5f0499e590698c44adfe766e6812f,8345.113752,8345.113752,0.0,1,0,1696942703
2023-10-05,0xffa3f8737c39e36dec4300b162c2153c67c8352f,1411,0x1c494f1919c1512ebe74a5dcc17dac9a64069023,0.0,0.0,2430.149835,0,1,1696474829
2023-10-05,0xffa3f8737c39e36dec4300b162c2153c67c8352f,1468,0x1c494f1919c1512ebe74a5dcc17dac9a64069023,3922.333886,3922.333886,3922.333886,1,1,1697063505
2023-10-05,0xffa3f8737c39e36dec4300b162c2153c67c8352f,1469,0x8fc4faa9dd274dc801ca629234e83183031634ec,1524.098875,1524.098875,0.0,1,0,1697019249
2023-10-05,0xffa3f8737c39e36dec4300b162c2153c67c8352f,1482,0x1c494f1919c1512ebe74a5dcc17dac9a64069023,2674.139845,2674.139845,2336.061885,1,1,1697063427
2023-10-05,0xffa3f8737c39e36dec4300b162c2153c67c8352f,1511,0x4f321ad6ddc21ebcf9ee7213d2b41895196b6a9b,1794.982867,1794.982867,1794.982867,1,1,1697016017
2023-10-05,0xffa3f8737c39e36dec4300b162c2153c67c8352f,1667,0x23cb5f48fa3f4502232f3442637f90e8e3355701,6609.896308,6609.896308,0.0,1,0,1697056273
2023-10-05,0xffa3f8737c39e36dec4300b162c2153c67c8352f,1715,0x765ecc4089c216385d6b1d4dc1994ff012e73d39,0.0,0.0,5768.12187,0,1,1697046445
2023-10-05,0xffa3f8737c39e36dec4300b162c2153c67c8352f,1764,0x7690453f91dbadef8a592a32c679d8f0f5e0116b,1493.162514,1493.162514,1493.162514,1,1,1697058783
2023-10-05,0xffa3f8737c39e36dec4300b162c2153c67c8352f,2254,0xd4a766461855f69ebe6f08a8fdde55c97a009cae,3629.805563,3629.805563,0.0,1,0,1696957267
2023-10-05,0xffa3f8737c39e36dec4300b162c2153c67c8352f,2310,0x017154d1f2c228765c494da30c018fa48a09e1ad,7251.466347,7251.466347,3620.939739,1,1,1697064767
2023-10-05,0xffa3f8737c39e36dec4300b162c2153c67c8352f,2330,0x5b8afbfce951bf914ad72efaf47a755d3a51c29b,100086.699458,300260.098374,300228.007738,3,3,1696844275
2023-10-05,0xffa3f8737c39e36dec4300b162c2153c67c8352f,2821,0xb6a4035370947825d94ca4ac5d30d828ad50265c,2438.433151,2438.433151,0.0,1,0,1697059363
2023-10-05,0xffa3f8737c39e36dec4300b162c2153c67c8352f,2987,0x4f266f295bad85436ecea51e0ae2afe82b11553b,0.0,0.0,1964.335172,0,1,1696487945
2023-10-05,0xffa3f8737c39e36dec4300b162c2153c67c8352f,2998,0x1c0d0ab4eb517556197dff3bf4dbb9481702d516,1942.803781,1942.803781,0.0,1,0,1696948043
2023-10-05,0xffa3f8737c39e36dec4300b162c2153c67c8352f,3047,0xbee2d469aacb46251ae33cca91f482e26c971dff,0.0,0.0,468.158434,0,1,1697007473
2023-10-05,0xffa3f8737c39e36dec4300b162c2153c67c8352f,3097,0x28893320e3ec737271510b92b3efe948144a396e,2496.129413,2496.129413,2496.129413,1,1,1697061771
2023-10-05,0xffa3f8737c39e36dec4300b162c2153c67c8352f,3100,0x742401080cae03b38649e84d7dd2213aa8934ae6,1803.976073,1803.976073,1803.397667,1,1,1696628493
2023-10-05,0xffa3f8737c39e36dec4300b162c2153c67c8352f,3106,0xb4fbd802d9dc5c0208346c311bcb6b9ecff468c6,1857.516921,1857.516921,0.0,1,0,1697056047
2023-10-05,0xffa3f8737c39e36dec4300b162c2153c67c8352f,3225,0x0b016476072f7d7d5c4e03bdf84511f80e12cb5e,1901.167324,1901.167324,0.0,1,0,1697054687
2023-10-05,0xffa3f8737c39e36dec4300b162c2153c67c8352f,3347,0x175fb20b9b5bcf80a0167d403405e6f3a074cfa0,192.682984,192.682984,192.066965,1,1,1696627085
2023-10-05,0xffa3f8737c39e36dec4300b162c2153c67c8352f,3461,0x08f83e8860912f8c8186461ea00db5f6030c70f6,2463.947717,2463.947717,0.0,1,0,1697055189
2023-10-05,0xffa3f8737c39e36dec4300b162c2153c67c8352f,3772,0x062bcf5e546b235953576763658936f9e9f38327,1034.071346,1034.071346,0.0,1,0,1696919555
2023-10-05,0xffa3f8737c39e36dec4300b162c2153c67c8352f,3787,0xa7e43959b3fd94016431298e25c6fa7f1f409984,0.0,0.0,1014.87393,0,1,1696992747
2023-10-05,0xffa3f8737c39e36dec4300b162c2153c67c8352f,4011,0x6322872f335dde0d4b44537f69fbae74bbed39de,202.268115,202.268115,80.907246,1,1,1697007527
2023-10-05,0xffa3f8737c39e36dec4300b162c2153c67c8352f,4015,0x5353d57398a1d5cc3f715df0a365d4b5f2a4044b,0.0,0.0,806.477292,0,1,1696949703
2023-10-05,0xffa3f8737c39e36dec4300b162c2153c67c8352f,4289,0x051f2ebef8580005ab864d55b6d0d001ecc89b85,951.752779,951.752779,951.44762,1,1,1697058951
2023-10-05,0xffa3f8737c39e36dec4300b162c2153c67c8352f,4757,0xcc484f6f1c8f52eaa598b7e1f79aaffbe1fe7589,105.290857,105.290857,0.0,1,0,1696911115
2023-10-05,0xffa3f8737c39e36dec4300b162c2153c67c8352f,5089,0x393f50d7a6efdae2c6b70bb493728e037714eac5,394.242271,394.242271,0.0,1,0,1697060737
2023-10-05,0xffa3f8737c39e36dec4300b162c2153c67c8352f,5319,0x772593d0d9bdd66b660604eac9693a102de0fca1,0.0,0.0,380.268862,0,1,1696908447
2023-10-05,0xffa3f8737c39e36dec4300b162c2153c67c8352f,5962,0x04576fb84df8df948d0004a84a3f5c8cb286b565,0.0,0.0,174.157915,0,1,1697017659
2023-10-05,0xffa3f8737c39e36dec4300b162c2153c67c8352f,6144,0x1c494f1919c1512ebe74a5dcc17dac9a64069023,4954.506326,4954.506326,2522.767936,1,1,1697063413
2023-10-05,0xffa3f8737c39e36dec4300b162c2153c67c8352f,6245,0x939a7ef73572e9218c7085aca6d894bc237f15e3,351.196914,351.196914,351.196914,1,1,1697032481
2023-10-05,0xffa3f8737c39e36dec4300b162c2153c67c8352f,6375,0xe331ef612cebc0aca6d0b586542b3c25c82350bb,34.891849,34.891849,34.891849,1,1,1697056267
2023-10-05,0xffa3f8737c39e36dec4300b162c2153c67c8352f,6389,0x8bf73aaacc2b511df6b681f3cb0513fec0fca865,348.456628,348.456628,348.456628,1,1,1696952689
2023-10-05,0xffa3f8737c39e36dec4300b162c2153c67c8352f,6575,0x1f1b1e1a3d061f80d2a4396178e10e228e8bdc08,117.582563,117.582563,0.0,1,0,1696874777
2023-10-05,0xffa3f8737c39e36dec4300b162c2153c67c8352f,6717,0x043951150857e82d8f59bcabf1cf4ef99fb9ae03,388.418509,388.418509,198.047097,1,1,1696746739
2023-10-05,0xffa3f8737c39e36dec4300b162c2153c67c8352f,7039,0xb5235bb9ec03353da455d742dd09cbc3817fe3fa,197600.611681,197600.611681,197537.255318,1,1,1697064743
2023-10-05,0xffa3f8737c39e36dec4300b162c2153c67c8352f,7448,0xb5235bb9ec03353da455d742dd09cbc3817fe3fa,118456.124792,118456.124792,118418.144397,1,1,1697064755
2023-10-05,0xffa3f8737c39e36dec4300b162c2153c67c8352f,7722,0xb5235bb9ec03353da455d742dd09cbc3817fe3fa,116277.369394,116277.369394,116240.08757,1,1,1697064765
2023-10-05,0xffa3f8737c39e36dec4300b162c2153c67c8352f,7857,0x4886ba5d2b3e0ae1e80172d3bddc4feb32e1ce26,4.485254,4.485254,2.042311,1,1,1696924065
2023-10-05,0xffa3f8737c39e36dec4300b162c2153c67c8352f,8046,0xb5235bb9ec03353da455d742dd09cbc3817fe3fa,143080.298976,143080.298976,143034.423372,1,1,1697064777
2023-10-05,0xffa3f8737c39e36dec4300b162c2153c67c8352f,8063,0xaec272e8867a89e5de4d3e7ec59f3544801f31b7,7.273396,7.273396,0.0,1,0,1697019521
2023-10-05,0xffa3f8737c39e36dec4300b162c2153c67c8352f,8064,0x478f5fddc5ad95e8602908dc6b23522b5998a6d6,7.271174,7.271174,7.541528,1,1,1697019727
2023-10-05,0xffa3f8737c39e36dec4300b162c2153c67c8352f,8065,0xcff8eb70b166bba2304518e5a09fa67e43c21216,7.265012,7.265012,7.535142,1,1,1697020043
2023-10-05,0xffa3f8737c39e36dec4300b162c2153c67c8352f,8066,0x5c2bb04553c205587af500f53e37e28414dd100b,7.262835,7.262835,7.53285,1,1,1697020071
2023-10-05,0xffa3f8737c39e36dec4300b162c2153c67c8352f,8068,0x4428b40e5a2824144fe3fb08571c95ed1e52fb9b,9.902735,9.902735,9.992191,1,1,1697020127
2023-10-05,0xffa3f8737c39e36dec4300b162c2153c67c8352f,8069,0xf34b15ad6dafe19bc016d114a2c769619c953727,9.911084,9.911084,10.000303,1,1,1697020171
2023-10-05,0xffa3f8737c39e36dec4300b162c2153c67c8352f,8070,0x0fce2030d9ca8b7987f82c5f0433edba6a70b5f3,9.891345,9.891345,9.99033,1,1,1697020195
2023-10-05,0xffa3f8737c39e36dec4300b162c2153c67c8352f,8071,0xc552d0c6bb49671e0c8c1537338acd086e0f1108,9.890982,9.890982,9.990141,1,1,1697020215
2023-10-05,0xffa3f8737c39e36dec4300b162c2153c67c8352f,8072,0x64e71b440cec3a7ea58e13c9a8bc79163de9b3e7,9.885253,9.885253,9.987242,1,1,1697020233
2023-10-05,0xffa3f8737c39e36dec4300b162c2153c67c8352f,8073,0xde76c45ed9385c48346baaab0baf511ae939b2b8,9.885812,9.885812,9.987518,1,1,1697020249
2023-10-05,0xffa3f8737c39e36dec4300b162c2153c67c8352f,8074,0x0b504389ffa6181893670ebab4e4584e74706e7e,9.88428,9.88428,9.98674,1,1,1697020267
2023-10-05,0xffa3f8737c39e36dec4300b162c2153c67c8352f,8075,0xca32a60f29b9b7e22fb7713baf82618b8e0e72d9,9.883852,9.883852,9.986519,1,1,1697020285
2023-10-05,0xffa3f8737c39e36dec4300b162c2153c67c8352f,8076,0xe45fe07fec55b40da85d4df75fe54f484c7fcdcc,9.890261,9.890261,9.989752,1,1,1697020305
2023-10-05,0xffa3f8737c39e36dec4300b162c2153c67c8352f,8125,0x0c250c0d0e4555d3ffca9a5d4ef124840994853b,86.941944,86.941944,35.409591,1,1,1697052113
2023-10-05,0xffa3f8737c39e36dec4300b162c2153c67c8352f,8129,0x72195dda0361f43ce544b750f318d04b35836933,0.0,0.0,4.985568,0,1,1696696327
2023-10-05,0xffa3f8737c39e36dec4300b162c2153c67c8352f,8343,0x6c6dc387b28edf1d2ccac7acc99f4238db1592ba,0.873126,0.873126,0.876107,1,1,1696857311
2023-10-05,0xffa3f8737c39e36dec4300b162c2153c67c8352f,8361,0x1c494f1919c1512ebe74a5dcc17dac9a64069023,0.0,0.0,337.328712,0,1,1696474633
2023-10-05,0xffa3f8737c39e36dec4300b162c2153c67c8352f,8403,0x5b8afbfce951bf914ad72efaf47a755d3a51c29b,20621.144124,41242.288248,41235.676524,2,2,1696530327
2023-10-05,0xffa3f8737c39e36dec4300b162c2153c67c8352f,8451,0xb5235bb9ec03353da455d742dd09cbc3817fe3fa,212232.187561,212232.187561,212164.1399,1,1,1697064787
2023-10-05,0xffa3f8737c39e36dec4300b162c2153c67c8352f,8485,0xfdbbfb0fe2986672af97eca0e797d76a0bbf35c9,492424.821748,492424.821748,0.0,1,0,1697064689
2023-10-05,0xffa3f8737c39e36dec4300b162c2153c67c8352f,8497,0x6c607fdeb11f83b3d5169014a45f45e035f9ab4a,41838.744834,41838.744834,0.0,1,0,1697060369
2023-10-05,0xffa3f8737c39e36dec4300b162c2153c67c8352f,8516,0xa5a2a35fa9404f3603505984506206ccf208489f,5e-06,5e-06,0.0,1,0,1696503683
2023-10-05,0xffa3f8737c39e36dec4300b162c2153c67c8352f,8666,0x766244cb75d011c1f9afbdb3284970a81f2e88cd,249.381641,249.381641,0.0,1,0,1697056439
