epoch_start,pool,token_id,voter,final_weight,voted_weight,abstained_weight,n_voted,n_abstained,last_event_ts
2024-03-14,0x08b935148ab10d3699cb8d944519e8213abe6f1d,47,0x011b0a055e02425461a1ae95b30f483c4ff05be7,46843.447703,46843.447703,54112.649695,1,1,1710974017
2024-03-14,0x08b935148ab10d3699cb8d944519e8213abe6f1d,289,0x95b05f935655c37ada2088c5767e5006f230b068,11887.641204,11887.641204,0.0,1,0,1710975155
2024-03-14,0x08b935148ab10d3699cb8d944519e8213abe6f1d,376,0xff53e3a27b7252148e0f1daf4a00261eee59177f,0.0,0.0,7232.78267,0,1,1710975187
2024-03-14,0x08b935148ab10d3699cb8d944519e8213abe6f1d,378,0xab58779cec2b82a75ffd103fdc88d7e3adb13468,73342.088258,73342.088258,0.0,1,0,1710975469
2024-03-14,0x08b935148ab10d3699cb8d944519e8213abe6f1d,446,0xb760c246db7eee48169c729d0394a7773be6a376,53659.738968,53659.738968,0.0,1,0,1710959489
2024-03-14,0x08b935148ab10d3699cb8d944519e8213abe6f1d,778,0x01f12fb1d38156fc6d1c9a7d813bde4b52d38e47,0.0,0.0,31933.149373,0,1,1710965633
2024-03-14,0x08b935148ab10d3699cb8d944519e8213abe6f1d,1709,0xf7c04a39e47c7ea9d6888f9389ea85846e22ae1a,5964.77786,5964.77786,0.0,1,0,1710975375
2024-03-14,0x08b935148ab10d3699cb8d944519e8213abe6f1d,4555,0x99bf19dca2125b789cfe8a9609c1a217b4e5c918,0.0,0.0,128.657802,0,1,1710736035
2024-03-14,0x08b935148ab10d3699cb8d944519e8213abe6f1d,6418,0xdbd5d31b7f48adc13a0ab0c591f7e3d4f9642e69,0.0,0.0,12490.678654,0,1,1710958513
2024-03-14,0x08b935148ab10d3699cb8d944519e8213abe6f1d,7121,0x011b0a055e02425461a1ae95b30f483c4ff05be7,25267.320683,25267.320683,24709.820064,1,1,1710974045
2024-03-14,0x08b935148ab10d3699cb8d944519e8213abe6f1d,7122,0x011b0a055e02425461a1ae95b30f483c4ff05be7,10639.636493,10639.636493,0.0,1,0,1710974075
2024-03-14,0x08b935148ab10d3699cb8d944519e8213abe6f1d,7343,0x162073d3bd1d3bce47e85ee5b9904887d1ba6e77,0.0,0.0,2788.500775,0,1,1710967747
2024-03-14,0x08b935148ab10d3699cb8d944519e8213abe6f1d,10002,0x285fed35cbea271a711681e84ffd83c68a596a75,0.0,0.0,43562.307702,0,1,1710965999
2024-03-14,0x08b935148ab10d3699cb8d944519e8213abe6f1d,10082,0x83fad94eaa0fa69df6a9f13f7c3577be6180b3bb,21620.862971,21620.862971,0.0,1,0,1710971421
2024-03-14,0x08b935148ab10d3699cb8d944519e8213abe6f1d,13489,0xdffd8bbf8dcaf236c4e009ff6013bfc98407b6c0,864.0,864.0,0.0,1,0,1710968795
2024-03-14,0x0b25c51637c43decd6cc1c1e3da4518d54ddb528,56,0x48a5a6a01ba89cddf97d2d552923d5a11401ed19,0.0,0.0,848443.737353,0,1,1710975177
2024-03-14,0x0b25c51637c43decd6cc1c1e3da4518d54ddb528,59,0xa3cbd0c67dee5142209ff0cf155bc2bc51acf180,0.0,0.0,980738.634796,0,1,1710974741
2024-03-14,0x0b25c51637c43decd6cc1c1e3da4518d54ddb528,62,0xdbd5d31b7f48adc13a0ab0c591f7e3d4f9642e69,0.0,0.0,64904.150178,0,1,1710959895
2024-03-14,0x0b25c51637c43decd6cc1c1e3da4518d54ddb528,66,0xb21dfcf420cc7536c7ef5652ee8018741f17f017,0.0,0.0,1216218.987339,0,1,1710944321
2024-03-14,0x0b25c51637c43decd6cc1c1e3da4518d54ddb528,103,0x1c2ed7a6c4e3c1146103fa222181115a72243a06,0.0,0.0,56085.466229,0,1,1710975299
2024-03-14,0x0b25c51637c43decd6cc1c1e3da4518d54ddb528,110,0x52e7633279802211ba4c2cef1ef0f3129fe596b1,0.0,0.0,119718.883428,0,1,1710439437
2024-03-14,0x0b25c51637c43decd6cc1c1e3da4518d54ddb528,113,0xfa9e221a7af006531a816e98792a3e4b22a01461,0.0,0.0,121316.383382,0,1,1710948815
2024-03-14,0x0b25c51637c43decd6cc1c1e3da4518d54ddb528,116,0x0aad9ea1468e2d39d4c1492e66fccbebd3c93f6c,0.0,0.0,463194.922069,0,1,1710959777
2024-03-14,0x0b25c51637c43decd6cc1c1e3da4518d54ddb528,124,0x5d6f3d0c92d0564151357b0863e55e9ed4631b8d,0.0,0.0,88523.312704,0,1,1710970541
2024-03-14,0x0b25c51637c43decd6cc1c1e3da4518d54ddb528,139,0xa04275c10f39e8675a34e147e2ef78d35129f2b6,0.0,0.0,104009.357646,0,1,1710975293
2024-03-14,0x0b25c51637c43decd6cc1c1e3da4518d54ddb528,140,0x873d59965b2c97ecd536be8438153db432597b9d,0.0,0.0,372213.577604,0,1,1710975087
2024-03-14,0x0b25c51637c43decd6cc1c1e3da4518d54ddb528,172,0x606d2c436a07be40c276a6176bb1376c34e49ee9,0.0,0.0,60691.486626,0,1,1710974675
2024-03-14,0x0b25c51637c43decd6cc1c1e3da4518d54ddb528,173,0xc99783596103c9bee59cc2c260548fb848916c4b,0.0,0.0,122823.152839,0,1,1710960143
2024-03-14,0x0b25c51637c43decd6cc1c1e3da4518d54ddb528,175,0x412eb8c11c4c41103e2763c408f0162c74675109,0.0,0.0,238927.570619,0,1,1710974817
2024-03-14,0x0b25c51637c43decd6cc1c1e3da4518d54ddb528,199,0x69323bd279f2ed51bffe88ab8f25a46fc53562bb,0.0,0.0,207179.364126,0,1,1710975261
2024-03-14,0x0b25c51637c43decd6cc1c1e3da4518d54ddb528,238,0xb6f28ae8f31d85dc27361852b986286113bc588d,0.0,0.0,42525.047598,0,1,1710974035
2024-03-14,0x0b25c51637c43decd6cc1c1e3da4518d54ddb528,251,0x73cefbf6e7766721d99192449e481567010082e2,0.0,0.0,209815.306951,0,1,1710970815
2024-03-14,0x0b25c51637c43decd6cc1c1e3da4518d54ddb528,267,0x5b1c8cd6e98d8bca397fd09b0dcc9933d712ad13,60274.388449,60274.388449,60172.18501,1,1,1710971585
2024-03-14,0x0b25c51637c43decd6cc1c1e3da4518d54ddb528,289,0x95b05f935655c37ada2088c5767e5006f230b068,0.0,0.0,11691.964387,0,1,1710975155
2024-03-14,0x0b25c51637c43decd6cc1c1e3da4518d54ddb528,390,0x873d59965b2c97ecd536be8438153db432597b9d,0.0,0.0,92905.313518,0,1,1710975071
2024-03-14,0x0b25c51637c43decd6cc1c1e3da4518d54ddb528,443,0x71fbfe41a9ddedd13ef25a337fae01438064a08d,0.0,0.0,53770.420269,0,1,1710946453
2024-03-14,0x0b25c51637c43decd6cc1c1e3da4518d54ddb528,503,0x69e02d001146a86d4e2995f9ecf906265aa77d85,11428.366448,11428.366448,11408.988096,1,1,1710975321
2024-03-14,0x0b25c51637c43decd6cc1c1e3da4518d54ddb528,505,0x6b6ca48da27304eeeb1d15d355d948f68b852733,0.0,0.0,43027.102282,0,1,1710974977
2024-03-14,0x0b25c51637c43decd6cc1c1e3da4518d54ddb528,509,0x34223719d75cbc336b77ccd8af6b9342bd6af1cb,0.0,0.0,11553.993242,0,1,1710956477
2024-03-14,0x0b25c51637c43decd6cc1c1e3da4518d54ddb528,535,0xd5b2daf2285d0fbf2f1c2a20e2866ccf9617e83b,0.0,0.0,269209.780618,0,1,1710965681
2024-03-14,0x0b25c51637c43decd6cc1c1e3da4518d54ddb528,553,0xdaa070d909e010211606144ede5b2ca6864c2c1c,13082.96249,13082.96249,12979.327844,1,1,1710443195
2024-03-14,0x0b25c51637c43decd6cc1c1e3da4518d54ddb528,594,0xcf1e9fb3aa42bc4f888cfe1161f3778e71141453,0.0,0.0,37090.655194,0,1,1710942005
2024-03-14,0x0b25c51637c43decd6cc1c1e3da4518d54ddb528,700,0xccc4e8ad313df8150211b1b934725345924ab81d,0.0,0.0,28226.516328,0,1,1710963521
2024-03-14,0x0b25c51637c43decd6cc1c1e3da4518d54ddb528,704,0xc9e60767be3c0e812301ab2f38237ec52b56a009,0.0,0.0,28192.65086,0,1,1710951187
2024-03-14,0x0b25c51637c43decd6cc1c1e3da4518d54ddb528,734,0x53542c2638051231f736d6e9385ea28c5dd490b4,26129.318781,26129.318781,25448.759543,1,1,1710831815
2024-03-14,0x0b25c51637c43decd6cc1c1e3da4518d54ddb528,753,0xee57d8989170370a6f88b2f99395b81204117bf2,5387.824153,5387.824153,0.0,1,0,1710969811
2024-03-14,0x0b25c51637c43decd6cc1c1e3da4518d54ddb528,765,0x7cb158d3afe100d7bb4933cb5b4c5b16f5ef937b,0.0,0.0,12291.259842,0,1,1710960697
2024-03-14,0x0b25c51637c43decd6cc1c1e3da4518d54ddb528,839,0xf9ce0b68f4baa50bd30128a01c5297e2b46a6428,0.0,0.0,20376.146641,0,1,1710845089
2024-03-14,0x0b25c51637c43decd6cc1c1e3da4518d54ddb528,911,0x8950d9117c136b29a9b1ae8cd38db72226404243,17866.260053,17866.260053,17866.260053,1,1,1710952369
2024-03-14,0x0b25c51637c43decd6cc1c1e3da4518d54ddb528,1019,0x8a0454b05a952c572619935ed46b6d8d0aa97a76,2904.661621,2904.661621,3630.827026,1,1,1710965633
2024-03-14,0x0b25c51637c43decd6cc1c1e3da4518d54ddb528,1086,0x14da174fab1356466af2dd0ecdf94204e828a732,0.0,0.0,13299.328477,0,1,1710974699
2024-03-14,0x0b25c51637c43decd6cc1c1e3da4518d54ddb528,1110,0xfcf80133cd4e8d79ddf8125a32980398a0b074d0,0.0,0.0,12994.089812,0,1,1710964949
2024-03-14,0x0b25c51637c43decd6cc1c1e3da4518d54ddb528,1197,0x0be4eb0e89abed9f52d94f1550c22a16008cc463,0.0,0.0,5996.498632,0,1,1710975129
2024-03-14,0x0b25c51637c43decd6cc1c1e3da4518d54ddb528,1346,0x103a1f94bc38313af8724777da71201e40adef5a,0.0,0.0,8905.132341,0,1,1710973989
2024-03-14,0x0b25c51637c43decd6cc1c1e3da4518d54ddb528,1354,0x537e789ec3acb8905233c465d3b111e1ae2e6c5d,0.0,0.0,9718.839313,0,1,1710966087
2024-03-14,0x0b25c51637c43decd6cc1c1e3da4518d54ddb528,1392,0x6a0d078799f60c9a4a8c325e07800db05cc4e0ef,8625.567667,8625.567667,8610.941842,1,1,1710924099
2024-03-14,0x0b25c51637c43decd6cc1c1e3da4518d54ddb528,1469,0x8fc4faa9dd274dc801ca629234e83183031634ec,0.0,0.0,2034.235495,0,1,1710924943
2024-03-14,0x0b25c51637c43decd6cc1c1e3da4518d54ddb528,1637,0x9ba500a46c672aea761142a4a97a2e689f01e199,0.0,0.0,6423.240982,0,1,1710966097
2024-03-14,0x0b25c51637c43decd6cc1c1e3da4518d54ddb528,1643,0xe0e20f13838e5e296f9f6e2ecf6333a3324b6b8f,0.0,0.0,6414.770588,0,1,1710964283
2024-03-14,0x0b25c51637c43decd6cc1c1e3da4518d54ddb528,1810,0xe76be9c1e10910d6bc6b63d8031729747910c2f6,0.0,0.0,5179.375344,0,1,1710948933
2024-03-14,0x0b25c51637c43decd6cc1c1e3da4518d54ddb528,1880,0x064b902d2d6e02247508f13f05142b8cd326a5b3,0.0,0.0,4816.580639,0,1,1710966873
2024-03-14,0x0b25c51637c43decd6cc1c1e3da4518d54ddb528,1963,0x97d2204d2427236e4d5611e6d7a5de5945dd4715,0.0,0.0,4456.566262,0,1,1710967369
2024-03-14,0x0b25c51637c43decd6cc1c1e3da4518d54ddb528,1981,0xb9948e7f65942eaa4fcbf7f7ec331d7a41caf43c,0.0,0.0,4396.684485,0,1,1710966833
2024-03-14,0x0b25c51637c43decd6cc1c1e3da4518d54ddb528,1998,0xda4488f2fe0ff3e2ded87ed63d3e1d3d074df276,0.0,0.0,4357.109127,0,1,1710966267
2024-03-14,0x0b25c51637c43decd6cc1c1e3da4518d54ddb528,2031,0x3b19bbe2e348371360ab39238fdf1b86d7c21b9e,0.0,0.0,4268.14461,0,1,1710966927
2024-03-14,0x0b25c51637c43decd6cc1c1e3da4518d54ddb528,2058,0x1b78284595ed8468608da05aa02933b84c6a4183,0.0,0.0,4198.951553,0,1,1710751581
2024-03-14,0x0b25c51637c43decd6cc1c1e3da4518d54ddb528,2059,0x35ffc49e7fefc188dff81db3c717db098294bc23,1022.940051,1022.940051,4091.760204,1,1,1710445595
2024-03-14,0x0b25c51637c43decd6cc1c1e3da4518d54ddb528,2074,0x81dc17b949cd4591d6b8f1ee826cd5294c9a0d7a,0.0,0.0,4162.452417,0,1,1710967247
2024-03-14,0x0b25c51637c43decd6cc1c1e3da4518d54ddb528,2084,0xfbe3952035fa70018d8003de1e9956d22bf2eebb,0.0,0.0,4142.63523,0,1,1710967087
2024-03-14,0x0b25c51637c43decd6cc1c1e3da4518d54ddb528,2233,0x2c2b87fcf3c1e60ad01b98a9b00bbda1e4859ce4,0.0,0.0,3679.786873,0,1,1710939453
2024-03-14,0x0b25c51637c43decd6cc1c1e3da4518d54ddb528,2259,0xddc60d163015cf5ca1369d557a2ca1cc2de1f1e3,0.0,0.0,1810.691297,0,1,1710961779
2024-03-14,0x0b25c51637c43decd6cc1c1e3da4518d54ddb528,2323,0xfe7b25a93f38995a140d064f9caa433f20103339,0.0,0.0,1801.918546,0,1,1710974833
2024-03-14,0x0b25c51637c43decd6cc1c1e3da4518d54ddb528,2395,0xf56036f6a5d9b9991c209dcbc9c40b2c1cd46540,0.0,0.0,3471.7928,0,1,1710874487
2024-03-14,0x0b25c51637c43decd6cc1c1e3da4518d54ddb528,2657,0x73c748b5f99c3507f11fb8fa2ea5e3b8f4f9a1d1,756.346109,756.346109,756.346109,1,1,1710396073
2024-03-14,0x0b25c51637c43decd6cc1c1e3da4518d54ddb528,3129,0xf5e3c687d2b13751ada65906849df79b609d9746,2441.601901,2441.601901,2437.461833,1,1,1710959295
2024-03-14,0x0b25c51637c43decd6cc1c1e3da4518d54ddb528,3216,0xd1dd2a4bd52ec8da517fac1792d81cfc6cb4e4e7,0.0,0.0,1704.457673,0,1,1710613343
2024-03-14,0x0b25c51637c43decd6cc1c1e3da4518d54ddb528,3768,0x5ce213c2afde02afd21e23187cd3c599b4298905,0.0,0.0,530.508463,0,1,1710884233
2024-03-14,0x0b25c51637c43decd6cc1c1e3da4518d54ddb528,3864,0xa13c2def62c36697407fbe7d574e946bf60d7350,310.646347,310.646347,0.0,1,0,1710968607
2024-03-14,0x0b25c51637c43decd6cc1c1e3da4518d54ddb528,3888,0x82cc101093467735417e595c749295d5d91eab5b,0.0,0.0,914.900305,0,1,1710494307
2024-03-14,0x0b25c51637c43decd6cc1c1e3da4518d54ddb528,3918,0xcac0eb798903ffe73ab1776da3174e6e40e721c6,947.777888,947.777888,0.0,1,0,1710864493
2024-03-14,0x0b25c51637c43decd6cc1c1e3da4518d54ddb528,5003,0x46643ae92dd69a9660ce344bfa76df2ee81132dc,0.0,0.0,401.779071,0,1,1710819861
2024-03-14,0x0b25c51637c43decd6cc1c1e3da4518d54ddb528,5089,0x393f50d7a6efdae2c6b70bb493728e037714eac5,0.0,0.0,394.242271,0,1,1710967017
2024-03-14,0x0b25c51637c43decd6cc1c1e3da4518d54ddb528,5341,0x3650801cbe79abf94dbdf297fae9e10ccf9616d4,0.0,0.0,379.140422,0,1,1710394113
2024-03-14,0x0b25c51637c43decd6cc1c1e3da4518d54ddb528,5402,0x4ecdab936c21e7b42feb6813e0ef8acb9f35e79e,0.0,0.0,376.407276,0,1,1710918103
2024-03-14,0x0b25c51637c43decd6cc1c1e3da4518d54ddb528,5444,0x148691bc2aab5abb8b91618267e66b860edb14b4,0.0,0.0,382.887673,0,1,1710461857
2024-03-14,0x0b25c51637c43decd6cc1c1e3da4518d54ddb528,5507,0x40f72daeaeda249c46fec757196988d5e8f43f94,0.0,0.0,371.411893,0,1,1710385133
2024-03-14,0x0b25c51637c43decd6cc1c1e3da4518d54ddb528,5570,0x19353b784ae308471cc9418c24e4b83bb40f7181,0.0,0.0,369.353462,0,1,1710918033
2024-03-14,0x0b25c51637c43decd6cc1c1e3da4518d54ddb528,5663,0xbf103676270ab4e10735434f413a484f317b3d40,0.0,0.0,366.874948,0,1,1710759067
2024-03-14,0x0b25c51637c43decd6cc1c1e3da4518d54ddb528,5728,0xd07e20a52b71ce9c911385d04c79a2418bf04502,0.0,0.0,365.289311,0,1,1710576245
2024-03-14,0x0b25c51637c43decd6cc1c1e3da4518d54ddb528,5871,0x6d4fe8ace1e3981998b6bfb3d2ec86e0671570e2,0.0,0.0,369.006159,0,1,1710486833
2024-03-14,0x0b25c51637c43decd6cc1c1e3da4518d54ddb528,6197,0x0e15e6d82aca20e7c4a5c753b38d8ed0d8d09010,0.0,0.0,352.091413,0,1,1710970467
2024-03-14,0x0b25c51637c43decd6cc1c1e3da4518d54ddb528,7196,0x2b4a4fe93639c70aae55adf5e63f3cbf10956292,0.0,0.0,301801.229224,0,1,1710971625
2024-03-14,0x0b25c51637c43decd6cc1c1e3da4518d54ddb528,7714,0xcba1a275e2d858ecffaf7a87f606f74b719a8a93,0.0,0.0,195.867639,0,1,1710974047
2024-03-14,0x0b25c51637c43decd6cc1c1e3da4518d54ddb528,7844,0x4dccb4444a0a804b778ddac22dc21b4fd0fe1a0d,0.0,0.0,12.0055,0,1,1710828517
2024-03-14,0x0b25c51637c43decd6cc1c1e3da4518d54ddb528,7997,0x41117551e82bc1eeb196150c4f476158f7757aee,0.0,0.0,9.472294,0,1,1710836313
2024-03-14,0x0b25c51637c43decd6cc1c1e3da4518d54ddb528,8032,0xf265702178a66b4b7ce079fc8a1629e47cf1bcde,0.0,0.0,261355.221024,0,1,1710975405
2024-03-14,0x0b25c51637c43decd6cc1c1e3da4518d54ddb528,8405,0x5d6f3d0c92d0564151357b0863e55e9ed4631b8d,0.0,2332.49091,3461.066525,2,3,1710970561
2024-03-14,0x0b25c51637c43decd6cc1c1e3da4518d54ddb528,8416,0x7b59793ad075e4ce1e35181054759c080b8d965d,0.0,638737.555095,1273609.04981,1,2,1710970155
2024-03-14,0x0b25c51637c43decd6cc1c1e3da4518d54ddb528,8494,0x71fbfe41a9ddedd13ef25a337fae01438064a08d,0.0,0.0,13951.555091,0,1,1710946487
2024-03-14,0x0b25c51637c43decd6cc1c1e3da4518d54ddb528,9120,0xbfdd62139f97163d83cf5cb7f940564b56c6fa5d,2038.855579,2038.855579,0.0,1,0,1710956333
2024-03-14,0x0b25c51637c43decd6cc1c1e3da4518d54ddb528,9325,0x1594b251df6b70ca9a01d4de0836ab4fd9811241,65127.666364,65127.666364,0.0,1,0,1710971951
2024-03-14,0x0b25c51637c43decd6cc1c1e3da4518d54ddb528,10190,0xa970fa27e02a61d9ee6eb311cce7b8d2bdc6ab50,126.0,126.0,99.334235,1,1,1710739529
2024-03-14,0x0b25c51637c43decd6cc1c1e3da4518d54ddb528,10295,0xc875b3dae5b0c371bc8cf9ded64868b78ac47587,6979153.674361,6979153.674361,7591988.023807,1,1,1710977963
2024-03-14,0x0b25c51637c43decd6cc1c1e3da4518d54ddb528,10296,0x03c70563e94de5de56c11a0cc4ce3482f592854f,17399914.558504,17399914.558504,18927788.254429,1,1,1710977765
2024-03-14,0x0b25c51637c43decd6cc1c1e3da4518d54ddb528,10298,0xc9814f18a8751214f719de15c54d01b3d78ef14f,3162269.799134,597647590.521454,598009121.351437,170,170,1710977733
2024-03-14,0x0b25c51637c43decd6cc1c1e3da4518d54ddb528,11049,0xfec1083c50c374a0f691192b137f0db6077dabbb,0.0,0.0,31449.157341,0,1,1710943993
2024-03-14,0x0b25c51637c43decd6cc1c1e3da4518d54ddb528,11277,0x0aad9ea1468e2d39d4c1492e66fccbebd3c93f6c,0.0,0.0,1670.0,0,1,1710959895
2024-03-14,0x0b25c51637c43decd6cc1c1e3da4518d54ddb528,11808,0xfe5e52e94970be23e55ec621b25be15d09204e5d,5691.522081,5691.522081,0.0,1,0,1710973621
2024-03-14,0x0b25c51637c43decd6cc1c1e3da4518d54ddb528,11868,0x1ed895ada0c756864cb246afa735404edc03c520,28.309306,28.309306,62.706374,1,1,1710443675
2024-03-14,0x0b25c51637c43decd6cc1c1e3da4518d54ddb528,12122,0x24e9cbb9ddda1247ae4b4eeee3c569a2190ac401,10392.645828,10392.645828,0.0,1,0,1710411473
2024-03-14,0x0b25c51637c43decd6cc1c1e3da4518d54ddb528,12303,0x0b0811d3d8342063db74b45a4344cdbee6389bdb,0.950296,0.950296,0.0,1,0,1710645871
2024-03-14,0x0b25c51637c43decd6cc1c1e3da4518d54ddb528,12349,0x1b52a70616ee7ed4ea070d19fd18a60e467a5276,0.0,0.0,2500.0,0,1,1710734749
2024-03-14,0x0b25c51637c43decd6cc1c1e3da4518d54ddb528,12397,0x35fb78bfb4452e7fa0ef231d2ec5268b463e4f62,475.802985,747.168338,430.200163,3,3,1710502531
2024-03-14,0x0b25c51637c43decd6cc1c1e3da4518d54ddb528,12641,0xa6beae4b5903763e3339536be3115e3f1c2f9844,0.0,0.0,59617.79765,0,1,1710974669
2024-03-14,0x0b25c51637c43decd6cc1c1e3da4518d54ddb528,13677,0xc836e1524dcfeacca3ea728e630bafcb0ae18357,0.000285,0.000285,0.0,1,0,1710970637
2024-03-14,0x0b25c51637c43decd6cc1c1e3da4518d54ddb528,13688,0x12370a88b7da8360f12898acda1def6267376086,84.576268,84.576268,0.0,1,0,1710963411
2024-03-14,0x124a9ee2f045f45819974efbbd08a8dd82eba6a3,1828,0x13fc2b8032228af0917f22bd1c3b7d2704b4d630,8260.67366,8260.67366,0.0,1,0,1710973487
2024-03-14,0x1307f36bc34081401497a873522570aeba4cde90,47,0x011b0a055e02425461a1ae95b30f483c4ff05be7,80303.053205,80303.053205,108225.299389,1,1,1710974017
2024-03-14,0x1307f36bc34081401497a873522570aeba4cde90,103,0x1c2ed7a6c4e3c1146103fa222181115a72243a06,56180.728308,56180.728308,0.0,1,0,1710975299
2024-03-14,0x1307f36bc34081401497a873522570aeba4cde90,174,0x83bad39f067ef72e354f2ea9d318eaad381a7f15,27920.232625,27920.232625,0.0,1,0,1710931049
2024-03-14,0x1307f36bc34081401497a873522570aeba4cde90,190,0x48d18a882b0be145606a11fce6f8a301256b93fa,0.0,0.0,108250.154217,0,1,1710946971
2024-03-14,0x1307f36bc34081401497a873522570aeba4cde90,194,0x569a259d029a89bfea35a6d178a08edf6e55d1b1,55608.533861,55608.533861,0.0,1,0,1710971655
2024-03-14,0x1307f36bc34081401497a873522570aeba4cde90,376,0xff53e3a27b7252148e0f1daf4a00261eee59177f,18081.956675,18081.956675,18081.956675,1,1,1710975187
2024-03-14,0x1307f36bc34081401497a873522570aeba4cde90,418,0xbe7019f8333b0b3cfc707ac353ebc2123140134c,15632.971246,15632.971246,0.0,1,0,1710974417
2024-03-14,0x1307f36bc34081401497a873522570aeba4cde90,436,0xe171e110cfe6f658c4421c2da4c86e4933919de4,14395.858251,14395.858251,0.0,1,0,1710956591
2024-03-14,0x1307f36bc34081401497a873522570aeba4cde90,449,0xf6657bbcfeb5c2746e8c609e35018a5a8caa13fb,17867.568541,17867.568541,17867.580651,1,1,1710957657
2024-03-14,0x1307f36bc34081401497a873522570aeba4cde90,475,0xda1d9534bef3344fa5be3b644b767b349e7415c7,9871.083887,9871.083887,16423.910199,1,1,1710975049
2024-03-14,0x1307f36bc34081401497a873522570aeba4cde90,500,0x646985bbb677653e5768139d354ca706f1858fcf,47732.197649,47732.197649,0.0,1,0,1710910449
2024-03-14,0x1307f36bc34081401497a873522570aeba4cde90,512,0x3b1b211b3fce0d1ee9f5e1afeecadeb98378d0b0,8787.633657,8787.633657,0.0,1,0,1710917869
2024-03-14,0x1307f36bc34081401497a873522570aeba4cde90,518,0x2221ceace30dbae7e209888452d29e711cb5741d,43174.678166,43174.678166,21587.339083,1,1,1710975399
2024-03-14,0x1307f36bc34081401497a873522570aeba4cde90,654,0xc555347d2b369b074be94fe6f7ae9ab43966b884,0.0,0.0,31317.846854,0,1,1710554949
2024-03-14,0x1307f36bc34081401497a873522570aeba4cde90,677,0x71aa2992a5b59e8b53e0f6c5d1d51bf3633306d4,54418.765783,54418.765783,0.0,1,0,1710947515
2024-03-14,0x1307f36bc34081401497a873522570aeba4cde90,718,0xe12dbb4320caa9035c5d104620aa7a0debcbd554,0.0,0.0,6728.485937,0,1,1710967629
2024-03-14,0x1307f36bc34081401497a873522570aeba4cde90,865,0x15f04b7d199c91f4981d0395add0070750bb9669,19604.958848,19604.958848,0.0,1,0,1710912363
2024-03-14,0x1307f36bc34081401497a873522570aeba4cde90,887,0x50fa50fa2032d85eb2dda303929bf56886aa9afb,2086.487386,2086.487386,0.0,1,0,1710898447
2024-03-14,0x1307f36bc34081401497a873522570aeba4cde90,919,0x9ae07f4f2a9498ea935f6871725cf596820e7e7f,17578.246201,17578.246201,8789.123101,1,1,1710975559
2024-03-14,0x1307f36bc34081401497a873522570aeba4cde90,1219,0xbb8fb8fe5198f25d117c0e7b1b9c8260cb19c3c0,0.0,0.0,10899.618134,0,1,1710968499
2024-03-14,0x1307f36bc34081401497a873522570aeba4cde90,1286,0xa60dd9d42fdd43e91da63bd261997e14f21c69fd,11270.231176,11270.231176,0.0,1,0,1710914921
2024-03-14,0x1307f36bc34081401497a873522570aeba4cde90,1810,0xe76be9c1e10910d6bc6b63d8031729747910c2f6,6462.839047,6462.839047,0.0,1,0,1710948933
2024-03-14,0x1307f36bc34081401497a873522570aeba4cde90,2138,0x3ba1ff476a9a3dd20be5f10311c1033da584d19b,0.0,0.0,3910.350534,0,1,1710957229
2024-03-14,0x1307f36bc34081401497a873522570aeba4cde90,2609,0xaef1889d58677805399c6f8326c11d159b09caf2,0.0,0.0,789.645084,0,1,1710878267
2024-03-14,0x1307f36bc34081401497a873522570aeba4cde90,2636,0x50258a2ae0b3065754936828cd7814731c6fc008,1522.569921,1522.569921,0.0,1,0,1710894953
2024-03-14,0x1307f36bc34081401497a873522570aeba4cde90,2873,0x9a62db4c17146172c0b88e7e439df169a0f93e0e,688.823785,688.823785,0.0,1,0,1710870365
2024-03-14,0x1307f36bc34081401497a873522570aeba4cde90,3429,0x409e3d30661e8a3385241c6afb546b9a5fcd3d00,1433.781756,1433.781756,0.0,1,0,1710901301
2024-03-14,0x1307f36bc34081401497a873522570aeba4cde90,6715,0x4532280a66a0c1c709f7e0c40b14b4dea83253c1,0.611948,1.124596,0.512648,2,1,1710742333
2024-03-14,0x1307f36bc34081401497a873522570aeba4cde90,7121,0x011b0a055e02425461a1ae95b30f483c4ff05be7,26753.633665,26753.633665,38448.48002,1,1,1710974045
2024-03-14,0x1307f36bc34081401497a873522570aeba4cde90,8460,0xd1a0b66835d830e9ada42eef436f3aa8005b20b5,0.0,0.0,84355.857598,0,1,1710547029
2024-03-14,0x1307f36bc34081401497a873522570aeba4cde90,8524,0x23d7c2fb9f163441874d72399b28d677f47020b0,32084.352064,32084.352064,0.0,1,0,1710955913
2024-03-14,0x1307f36bc34081401497a873522570aeba4cde90,9290,0x6c607fdeb11f83b3d5169014a45f45e035f9ab4a,9110.264525,9110.264525,0.0,1,0,1710954625
2024-03-14,0x1307f36bc34081401497a873522570aeba4cde90,9960,0xfec11b5757f1694866155bd0989709ce58e8dccc,0.0,0.0,45642.347762,0,1,1710972655
2024-03-14,0x1307f36bc34081401497a873522570aeba4cde90,10981,0x0ecefbb373019dabc65c5d5af70eb512c686de9c,20305.045299,20305.045299,0.0,1,0,1710974347
2024-03-14,0x1307f36bc34081401497a873522570aeba4cde90,11725,0x0d1c41d60ef876b3244c9db50ea5c196ced8e07e,5.951161,5.951161,0.0,1,0,1710777637
2024-03-14,0x1307f36bc34081401497a873522570aeba4cde90,13394,0x754c0722198d350a9c719119435ab606e9273fc3,263.635713,263.635713,0.0,1,0,1710738761
2024-03-14,0x139e9f235588a9720e7eab045da29dc781c4b658,52,0x28878aec6b4209d90a40890183e3322f0ae5b2e2,277136.47086,277136.47086,0.0,1,0,1710967279
2024-03-14,0x139e9f235588a9720e7eab045da29dc781c4b658,62,0xdbd5d31b7f48adc13a0ab0c591f7e3d4f9642e69,52011.512749,52011.512749,0.0,1,0,1710959895
2024-03-14,0x139e9f235588a9720e7eab045da29dc781c4b658,68,0x132e47cf2c19ec2d8dd56e1528fc7e18dc09188f,286346.420504,286346.420504,0.0,1,0,1710955935
2024-03-14,0x139e9f235588a9720e7eab045da29dc781c4b658,77,0x03da151f75b533177f020b925d7c43f4081ef3c8,88000.842651,88000.842651,0.0,1,0,1710975329
2024-03-14,0x139e9f235588a9720e7eab045da29dc781c4b658,83,0x6b879c078ea4cc27bbdb486fcaa4fa27e6cbe97a,407702.268392,407702.268392,407010.953643,1,1,1710960491
2024-03-14,0x139e9f235588a9720e7eab045da29dc781c4b658,118,0x4ccfeb186c61217f05d8756314c600089b27a1c3,0.0,0.0,379665.424327,0,1,1710975207
2024-03-14,0x139e9f235588a9720e7eab045da29dc781c4b658,160,0xb0eb6f452ecea6a76fda435b4629cf6a11b24a2a,74677.605037,74677.605037,0.0,1,0,1710958105
2024-03-14,0x139e9f235588a9720e7eab045da29dc781c4b658,165,0x54ecb3397b0bf31cb0b81eb2444e2a7b32507d8b,19925.25107,19925.25107,0.0,1,0,1710959895
2024-03-14,0x139e9f235588a9720e7eab045da29dc781c4b658,169,0xcba1a275e2d858ecffaf7a87f606f74b719a8a93,64563.074923,64563.074923,0.0,1,0,1710973917
2024-03-14,0x139e9f235588a9720e7eab045da29dc781c4b658,174,0x83bad39f067ef72e354f2ea9d318eaad381a7f15,27920.232625,27920.232625,125428.005299,1,1,1710931049
2024-03-14,0x139e9f235588a9720e7eab045da29dc781c4b658,228,0x323f5bb64b34e259ed16ccc3f5037f4857a684df,167999.138243,167999.138243,0.0,1,0,1710937603
2024-03-14,0x139e9f235588a9720e7eab045da29dc781c4b658,253,0x7bfee91193d9df2ac0bfe90191d40f23c773c060,143273.666271,143273.666271,143030.726247,1,1,1710894791
2024-03-14,0x139e9f235588a9720e7eab045da29dc781c4b658,257,0x4026b3da349c2952255ca9db4f055ea57f4e037c,0.0,0.0,139130.230503,0,1,1710864715
2024-03-14,0x139e9f235588a9720e7eab045da29dc781c4b658,269,0xb88d3ade7e4231c97038f6d82475a233772ffc25,130069.970506,130069.970506,0.0,1,0,1710948361
2024-03-14,0x139e9f235588a9720e7eab045da29dc781c4b658,275,0xa810ffea2709c116ef180d090c142fc5e08586a7,24589.539275,24589.539275,0.0,1,0,1710969107
2024-03-14,0x139e9f235588a9720e7eab045da29dc781c4b658,389,0x879d4cf44d51661f991bb3695cc61599d33847c2,34758.789889,34758.789889,0.0,1,0,1710975389
2024-03-14,0x139e9f235588a9720e7eab045da29dc781c4b658,397,0xf7e86d00ae14a8104dc7606e2524ff412fd3e137,33972.901413,33972.901413,0.0,1,0,1710953945
2024-03-14,0x139e9f235588a9720e7eab045da29dc781c4b658,426,0x0e39b12dc1f8a69202838f540684fb5ac307c9c1,60356.389947,60356.389947,0.0,1,0,1710974125
2024-03-14,0x139e9f235588a9720e7eab045da29dc781c4b658,455,0xed96bc0fd61b87f3b7f6478e55db024e75972fac,24598.845986,24598.845986,0.0,1,0,1710916447
2024-03-14,0x139e9f235588a9720e7eab045da29dc781c4b658,486,0x7ee615e93d2d58feb14e58ea93f3fb5940d227e4,7949.424021,7949.424021,0.0,1,0,1710929981
2024-03-14,0x139e9f235588a9720e7eab045da29dc781c4b658,502,0x36184e024013110a9e07cff72590eae46bbfbce6,83130.283926,83130.283926,138315.542004,1,1,1710955329
2024-03-14,0x139e9f235588a9720e7eab045da29dc781c4b658,533,0xa08dd335d33b0bb368a0af757ed59617b3ac8c1c,0.0,0.0,41650.881579,0,1,1710905759
2024-03-14,0x139e9f235588a9720e7eab045da29dc781c4b658,560,0x7476d1e9659a49b92c3f65f0a6de00a18fc3d6fa,39470.401146,39470.401146,0.0,1,0,1710897755
2024-03-14,0x139e9f235588a9720e7eab045da29dc781c4b658,592,0x133d20c739f76236eebace7bf5bfa751bff15a9f,0.0,0.0,38341.879279,0,1,1710950675
2024-03-14,0x139e9f235588a9720e7eab045da29dc781c4b658,632,0x794783dcfcac8c1944727057a3208d8f8bb91506,0.0,0.0,34384.854843,0,1,1710965003
2024-03-14,0x139e9f235588a9720e7eab045da29dc781c4b658,644,0x74eef0f2ecb2fd33928cfe8b229adfe899827ef5,0.0,0.0,17176.508464,0,1,1710975113
2024-03-14,0x139e9f235588a9720e7eab045da29dc781c4b658,655,0x3590f55eecc2eb731e6888acf5e5c87f22be85be,32032.066233,32032.066233,0.0,1,0,1710939385
2024-03-14,0x139e9f235588a9720e7eab045da29dc781c4b658,684,0x2a23d0650db1c536e71aeb63ecd3daa0b52e66e1,0.0,0.0,25702.841841,0,1,1710896035
2024-03-14,0x139e9f235588a9720e7eab045da29dc781c4b658,694,0xbfc4fbbec37c291aed1d14f02b5221d0be0fe8f1,18367.662366,18367.662366,36862.358857,1,1,1710973593
2024-03-14,0x139e9f235588a9720e7eab045da29dc781c4b658,741,0xbf49b454818783d12bf4f3375ff17c59015e66cb,7589.950151,7589.950151,0.0,1,0,1710933395
2024-03-14,0x139e9f235588a9720e7eab045da29dc781c4b658,760,0xdbab0b75921e3008fd0bb621a8248d969d2d2f0d,0.0,0.0,24894.989328,0,1,1710964659
2024-03-14,0x139e9f235588a9720e7eab045da29dc781c4b658,765,0x7cb158d3afe100d7bb4933cb5b4c5b16f5ef937b,12312.136747,12312.136747,12291.259842,1,1,1710960697
2024-03-14,0x139e9f235588a9720e7eab045da29dc781c4b658,832,0xde1a20ad593386d0ac260a8450b2349d8ab4eb57,20771.553766,20771.553766,0.0,1,0,1710390653
2024-03-14,0x139e9f235588a9720e7eab045da29dc781c4b658,859,0x0db56c99b8ad68f35f4b1772a4ffed3fb16204f6,0.0,0.0,21341.664336,0,1,1710972377
2024-03-14,0x139e9f235588a9720e7eab045da29dc781c4b658,873,0x0e42d7887e4dfd681fe295bec85729c0420e0ae0,0.0,0.0,19073.709199,0,1,1710894455
2024-03-14,0x139e9f235588a9720e7eab045da29dc781c4b658,887,0x50fa50fa2032d85eb2dda303929bf56886aa9afb,5216.218465,5216.218465,0.0,1,0,1710898447
2024-03-14,0x139e9f235588a9720e7eab045da29dc781c4b658,902,0x186b12ceaf08fde22e32647fcc800e45876f5bd0,0.0,0.0,8996.374848,0,1,1710939165
2024-03-14,0x139e9f235588a9720e7eab045da29dc781c4b658,942,0x69e24369bfeda80348bd5104df01c4d8b33ecff9,0.0,0.0,20787.487284,0,1,1710793967
2024-03-14,0x139e9f235588a9720e7eab045da29dc781c4b658,1025,0xb8c511dc5d5ab1fc51fa7a4b521f0f3da0746c28,29876.532612,29876.532612,0.0,1,0,1710946153
2024-03-14,0x139e9f235588a9720e7eab045da29dc781c4b658,1053,0x3216a8a03b07b6b19cbc21d62c8942e625fc3e07,6561.392972,6561.392972,0.0,1,0,1710954971
2024-03-14,0x139e9f235588a9720e7eab045da29dc781c4b658,1085,0x2e1bfb63fb937b0d8b5d48983c640677c5cd7eac,0.0,0.0,13285.777436,0,1,1710973009
2024-03-14,0x139e9f235588a9720e7eab045da29dc781c4b658,1089,0x828ef26d34c64a6210ed38b8807805312fc8c9fd,12952.322734,12952.322734,12952.322734,1,1,1710906067
2024-03-14,0x139e9f235588a9720e7eab045da29dc781c4b658,1157,0x118b85d62a78bcdebd619f75a3bb1fafcf411315,0.0,0.0,16727.669824,0,1,1710972997
2024-03-14,0x139e9f235588a9720e7eab045da29dc781c4b658,1243,0xe8b2c24038079bb624010ca7185d5cdfb716320e,0.0,0.0,105038.967033,0,1,1710910469
2024-03-14,0x139e9f235588a9720e7eab045da29dc781c4b658,1244,0xbc113ac29567ee89363e4d07462823f60b8b5528,5259.726037,5259.726037,0.0,1,0,1710970839
2024-03-14,0x139e9f235588a9720e7eab045da29dc781c4b658,1272,0xcb3b366ced5ab2170d2ac72a5a97c4747e9186d8,10091.55801,10091.55801,10091.55801,1,1,1710951111
2024-03-14,0x139e9f235588a9720e7eab045da29dc781c4b658,1363,0x43d16ccd581e1d6a8d51768f75ddf09b79f4f856,1769.944587,1769.944587,0.0,1,0,1710971463
2024-03-14,0x139e9f235588a9720e7eab045da29dc781c4b658,1400,0x9afde32e2b7065514cb899a0de8e79d6c83874c0,8562.036565,8562.036565,8533.497085,1,1,1710941555
2024-03-14,0x139e9f235588a9720e7eab045da29dc781c4b658,1467,0x8c553dbd9c7e52f0f698d0a11615fafe999ec271,0.0,0.0,13155.487436,0,1,1710929063
2024-03-14,0x139e9f235588a9720e7eab045da29dc781c4b658,1484,0x3f9d06d42cb2b04ada2d9a8cdfbf63c5206d7deb,4293.93838,4293.93838,0.0,1,0,1710954917
2024-03-14,0x139e9f235588a9720e7eab045da29dc781c4b658,1511,0x4f321ad6ddc21ebcf9ee7213d2b41895196b6a9b,0.0,0.0,3688.896942,0,1,1710896407
2024-03-14,0x139e9f235588a9720e7eab045da29dc781c4b658,1555,0xff0db36bdf740ce4190892e0d930bc411420ef44,0.0,0.0,6910.870238,0,1,1710887121
2024-03-14,0x139e9f235588a9720e7eab045da29dc781c4b658,1581,0xce06012ccf4b9648710b6d624c09e11cb780e93c,0.0,0.0,6802.433493,0,1,1710942367
2024-03-14,0x139e9f235588a9720e7eab045da29dc781c4b658,1585,0x6f7e3d13f1dc8077892749322eeb8b39ff7b0917,0.0,0.0,6781.806809,0,1,1710942195
2024-03-14,0x139e9f235588a9720e7eab045da29dc781c4b658,1586,0x446925b8fa3ce7072a6f389df46150978da748fb,0.0,0.0,6813.647925,0,1,1710941753
2024-03-14,0x139e9f235588a9720e7eab045da29dc781c4b658,1619,0x848ac158d4af8a753227ad4e955a6ea3b0cbf480,6536.210693,6536.210693,0.0,1,0,1710918709
2024-03-14,0x139e9f235588a9720e7eab045da29dc781c4b658,1697,0x5c0796ed4f0b1de9f9eda9fd6fe29562b2a60296,0.0,0.0,6099.152165,0,1,1710787943
2024-03-14,0x139e9f235588a9720e7eab045da29dc781c4b658,1716,0x6a1a3ecd04df0ff2d7cb25584052cdd173fc609b,1440.493439,1440.493439,2880.986877,1,1,1710870807
2024-03-14,0x139e9f235588a9720e7eab045da29dc781c4b658,1755,0x2e97bab47dfb1fd1395be6d86fcd48c19374b79b,0.0,0.0,6372.611805,0,1,1710930945
2024-03-14,0x139e9f235588a9720e7eab045da29dc781c4b658,1782,0x8f824380bdf496f539d8306500f87a2cba38f828,0.0,0.0,5348.559157,0,1,1710975053
2024-03-14,0x139e9f235588a9720e7eab045da29dc781c4b658,1890,0x1a03c9a30d59cfb354df536bf9f20de7eba84077,0.0,0.0,4901.474032,0,1,1710975183
2024-03-14,0x139e9f235588a9720e7eab045da29dc781c4b658,1951,0x23bbd657863fbc80c32925cc6f83e09ecfbe1573,5949.53714,5949.53714,0.0,1,0,1710936127
2024-03-14,0x139e9f235588a9720e7eab045da29dc781c4b658,1983,0xdc8c1959c74ab2cb3819add153e62739d12be550,0.0,0.0,5308.343061,0,1,1710870201
2024-03-14,0x139e9f235588a9720e7eab045da29dc781c4b658,2063,0x8bfa2e0789f3f4d1ef2bdc86c5c7ea3885c1f2b9,4204.259557,4204.259557,0.0,1,0,1710939167
2024-03-14,0x139e9f235588a9720e7eab045da29dc781c4b658,2191,0x92d0996e3f19d4b4a56754043f79e174c30be515,3800.011692,3800.011692,0.0,1,0,1710466223
2024-03-14,0x139e9f235588a9720e7eab045da29dc781c4b658,2204,0xa6855663972d7da311a235a8f35ed2812af2dec0,4344.373178,4344.373178,0.0,1,0,1710946641
2024-03-14,0x139e9f235588a9720e7eab045da29dc781c4b658,2362,0xbaa9b493bccbe1a900b39870980f41356f85822a,0.0,0.0,4351.881544,0,1,1710963125
2024-03-14,0x139e9f235588a9720e7eab045da29dc781c4b658,2400,0x934c44b813dc4c9ca08d5fd0d5190447dcadeb51,0.0,0.0,3438.776398,0,1,1710941669
2024-03-14,0x139e9f235588a9720e7eab045da29dc781c4b658,2408,0x4a23bccf39a5ca0e3cfdd67d74cba3f380eca38f,0.0,0.0,3434.274683,0,1,1710941855
2024-03-14,0x139e9f235588a9720e7eab045da29dc781c4b658,2432,0x23ca480459778bb1d10b93bcf706acf046350b35,0.0,0.0,3426.692352,0,1,1710971719
2024-03-14,0x139e9f235588a9720e7eab045da29dc781c4b658,2433,0xe326fe653ed62b38acea220cde1820a98e23c213,0.0,0.0,3405.763181,0,1,1710941917
2024-03-14,0x139e9f235588a9720e7eab045da29dc781c4b658,2435,0x61f12ea36c822a30eef51941368ad8f54cf372a0,0.0,0.0,3398.597122,0,1,1710942119
2024-03-14,0x139e9f235588a9720e7eab045da29dc781c4b658,2443,0x6c478ceb0c323eacbbac0bc3aca176d1c7c7e9a4,0.0,0.0,3384.991058,0,1,1710941975
2024-03-14,0x139e9f235588a9720e7eab045da29dc781c4b658,2541,0xcb284f3bf78737c4fe5a9db1e3633130c10fa7b1,3263.96822,3263.96822,0.0,1,0,1710939727
2024-03-14,0x139e9f235588a9720e7eab045da29dc781c4b658,2580,0x0a2f675591577bfa8d5d8d2ec3fb8179aa821405,3575.909995,3575.909995,0.0,1,0,1710974595
2024-03-14,0x139e9f235588a9720e7eab045da29dc781c4b658,2601,0x98076110c0d195b468d5776ad89004c5864ffc6d,3184.429813,3184.429813,0.0,1,0,1710923061
2024-03-14,0x139e9f235588a9720e7eab045da29dc781c4b658,2688,0x9dc2aea18955dd9f898d7ef130e4e166b9800354,5212.55218,5212.55218,0.0,1,0,1710572623
2024-03-14,0x139e9f235588a9720e7eab045da29dc781c4b658,2731,0xd511a8d9448dc95e774000dcc342207144aa9377,0.0,0.0,2864.990568,0,1,1710962201
2024-03-14,0x139e9f235588a9720e7eab045da29dc781c4b658,2829,0x50fa50fa2032d85eb2dda303929bf56886aa9afb,12811.599442,12811.599442,0.0,1,0,1710898569
2024-03-14,0x139e9f235588a9720e7eab045da29dc781c4b658,2841,0xfffd05ae9db4d5f4e23e2f37395db2f87359bf5d,2328.640983,2328.640983,0.0,1,0,1710975493
2024-03-14,0x139e9f235588a9720e7eab045da29dc781c4b658,2860,0xd935a63d629cac4cfc8f632a2f4aab3ca8d99e38,579.859947,579.859947,579.859947,1,1,1710927547
2024-03-14,0x139e9f235588a9720e7eab045da29dc781c4b658,3034,0x033e0a61ac00288a6388d1c8bad11a881ca9e212,0.0,0.0,2234.431268,0,1,1710902027
2024-03-14,0x139e9f235588a9720e7eab045da29dc781c4b658,3040,0x8b05f073dc61b5f89f2b0ab09fe1c6f987a016a2,1663.196239,1663.196239,0.0,1,0,1710975595
2024-03-14,0x139e9f235588a9720e7eab045da29dc781c4b658,3047,0xbee2d469aacb46251ae33cca91f482e26c971dff,1208.234711,1208.234711,0.0,1,0,1710969903
2024-03-14,0x139e9f235588a9720e7eab045da29dc781c4b658,3086,0x9b9e8bc43c15559653868587a193bd014dff5c65,0.0,0.0,2147.475121,0,1,1710880765
2024-03-14,0x139e9f235588a9720e7eab045da29dc781c4b658,3362,0x7ffbeb62cf6e5e53f898ba52d66d29ca3b2851fd,46295.182019,46295.182019,0.0,1,0,1710939161
2024-03-14,0x139e9f235588a9720e7eab045da29dc781c4b658,3368,0xbcaf219ba7c5299892b074d69398564dfdfe79f3,1523.657768,1523.657768,0.0,1,0,1710939277
2024-03-14,0x139e9f235588a9720e7eab045da29dc781c4b658,3419,0xbe2657fb191531b42104e183a2683d0af4d798a9,0.0,0.0,1429.961675,0,1,1710388137
2024-03-14,0x139e9f235588a9720e7eab045da29dc781c4b658,3497,0xc73093429e9e151f2b3bed7cc99d73e30457185b,1342.589598,1342.589598,0.0,1,0,1710939015
2024-03-14,0x139e9f235588a9720e7eab045da29dc781c4b658,3503,0x6d64ff63874687db49c0efe455f5490fa29d702d,1332.773977,1332.773977,0.0,1,0,1710911885
2024-03-14,0x139e9f235588a9720e7eab045da29dc781c4b658,3772,0x062bcf5e546b235953576763658936f9e9f38327,0.0,0.0,1063.26371,0,1,1710932911
2024-03-14,0x139e9f235588a9720e7eab045da29dc781c4b658,4101,0xc41bbd17545bff719ddc624f22c861f0032f7f5a,0.0,0.0,761.402641,0,1,1710874687
2024-03-14,0x139e9f235588a9720e7eab045da29dc781c4b658,4768,0xee33e09ae46d84587a8a89bb7a74e70f8961058b,432.408326,432.408326,0.0,1,0,1710507797
2024-03-14,0x139e9f235588a9720e7eab045da29dc781c4b658,5457,0x8db7a537d8478df3c6d95ff33b4270342862957f,43.707996,43.707996,0.0,1,0,1710486579
2024-03-14,0x139e9f235588a9720e7eab045da29dc781c4b658,5999,0x5f58f61a451741b986df1457d0997ffd7b4e8846,0.0,0.0,365.349385,0,1,1710484343
2024-03-14,0x139e9f235588a9720e7eab045da29dc781c4b658,6250,0x7804c5f4fd50f7c12845e2951e24858b8c270e35,0.0,0.0,361.087007,0,1,1710912385
2024-03-14,0x139e9f235588a9720e7eab045da29dc781c4b658,6518,0x5da68351bd082abda73e42ac981db51d9364fe69,149.027053,149.027053,0.0,1,0,1710931941
2024-03-14,0x139e9f235588a9720e7eab045da29dc781c4b658,8389,0x4ccfeb186c61217f05d8756314c600089b27a1c3,0.0,0.0,4606.471589,0,1,1710974633
2024-03-14,0x139e9f235588a9720e7eab045da29dc781c4b658,8404,0x5d4d3fae4d0282fd8a558b5f42ba700974cbfd1a,0.0,0.0,43641.450004,0,1,1710858207
2024-03-14,0x139e9f235588a9720e7eab045da29dc781c4b658,8940,0x226fa898550ef48313d359d90f69914018a89f73,2012.772938,2012.772938,0.0,1,0,1710404655
2024-03-14,0x139e9f235588a9720e7eab045da29dc781c4b658,8941,0x226fa898550ef48313d359d90f69914018a89f73,871.802876,871.802876,0.0,1,0,1710404685
2024-03-14,0x139e9f235588a9720e7eab045da29dc781c4b658,8944,0x226fa898550ef48313d359d90f69914018a89f73,148.58605,148.58605,0.0,1,0,1710404715
2024-03-14,0x139e9f235588a9720e7eab045da29dc781c4b658,9272,0x226fa898550ef48313d359d90f69914018a89f73,617.91479,617.91479,0.0,1,0,1710404753
2024-03-14,0x139e9f235588a9720e7eab045da29dc781c4b658,9959,0x2a23d0650db1c536e71aeb63ecd3daa0b52e66e1,32125.929476,32125.929476,64142.911171,1,1,1710896007
2024-03-14,0x139e9f235588a9720e7eab045da29dc781c4b658,10100,0x2bcdca8c689b4aa460b66ffde1d6b1761d41d5df,2290.492852,2290.492852,0.0,1,0,1710961571
2024-03-14,0x139e9f235588a9720e7eab045da29dc781c4b658,10295,0xc875b3dae5b0c371bc8cf9ded64868b78ac47587,126893.70317,126893.70317,0.0,1,0,1710977963
2024-03-14,0x139e9f235588a9720e7eab045da29dc781c4b658,10296,0x03c70563e94de5de56c11a0cc4ce3482f592854f,316362.082882,316362.082882,0.0,1,0,1710977765
2024-03-14,0x139e9f235588a9720e7eab045da29dc781c4b658,10298,0xc9814f18a8751214f719de15c54d01b3d78ef14f,57495.81453,57495.81453,0.0,1,0,1710977733
2024-03-14,0x139e9f235588a9720e7eab045da29dc781c4b658,10324,0xd753ec53fc35eedeba2cf8e45d3127f7bbb6807a,0.0,0.0,5369.115404,0,1,1710895443
2024-03-14,0x139e9f235588a9720e7eab045da29dc781c4b658,10433,0xf9f7aca75cf438ce22184331a66591a02df3a216,369982.914069,369982.914069,0.0,1,0,1710958237
2024-03-14,0x139e9f235588a9720e7eab045da29dc781c4b658,10449,0x29197c3b222fcff8571e5af8029e2e7fcabddf19,0.0,0.0,18292.326291,0,1,1710950781
2024-03-14,0x139e9f235588a9720e7eab045da29dc781c4b658,10482,0xd5ae574275450148e40e3c5c3d688df7d02c4228,14930.845806,14930.845806,0.0,1,0,1710947577
2024-03-14,0x139e9f235588a9720e7eab045da29dc781c4b658,11224,0xbfc4fbbec37c291aed1d14f02b5221d0be0fe8f1,1221.580496,1221.580496,0.0,1,0,1710973603
2024-03-14,0x139e9f235588a9720e7eab045da29dc781c4b658,11282,0x9e5a57470a2a136a3d4de39e1996e05944c4b1fb,0.0,0.0,9768.151326,0,1,1710964389
2024-03-14,0x139e9f235588a9720e7eab045da29dc781c4b658,11341,0xac9558ce54f84e343ab5da0ffaa5d0ea7c4e59a3,50431.63153,50431.63153,0.0,1,0,1710971035
2024-03-14,0x139e9f235588a9720e7eab045da29dc781c4b658,11399,0x28878aec6b4209d90a40890183e3322f0ae5b2e2,112014.58326,112014.58326,0.0,1,0,1710967323
2024-03-14,0x139e9f235588a9720e7eab045da29dc781c4b658,11556,0x226fa898550ef48313d359d90f69914018a89f73,1380.941369,1380.941369,0.0,1,0,1710404625
2024-03-14,0x139e9f235588a9720e7eab045da29dc781c4b658,11660,0x67ef0c53d812b0a5e08adb21cba8e2cbf0a157b1,23342.683093,23342.683093,0.0,1,0,1710939325
2024-03-14,0x139e9f235588a9720e7eab045da29dc781c4b658,12041,0x226fa898550ef48313d359d90f69914018a89f73,86.605382,86.605382,0.0,1,0,1710404591
2024-03-14,0x139e9f235588a9720e7eab045da29dc781c4b658,12066,0xf93c25e1f3f6795a645c875b37ad83f3d01e408e,15716.365911,15716.365911,0.0,1,0,1710933095
2024-03-14,0x139e9f235588a9720e7eab045da29dc781c4b658,12095,0x67ef0c53d812b0a5e08adb21cba8e2cbf0a157b1,3165.914142,3165.914142,0.0,1,0,1710939359
2024-03-14,0x139e9f235588a9720e7eab045da29dc781c4b658,12303,0x0b0811d3d8342063db74b45a4344cdbee6389bdb,0.950296,0.950296,0.0,1,0,1710645871
2024-03-14,0x139e9f235588a9720e7eab045da29dc781c4b658,12839,0x6f4706f06cc79728ce0c82f72ed520c53473c951,149.926993,149.926993,0.0,1,0,1710443403
2024-03-14,0x139e9f235588a9720e7eab045da29dc781c4b658,12953,0x97795fac89d8bfc571100a1c781d8386d2d73879,356.354648,356.354648,0.0,1,0,1710425387
2024-03-14,0x139e9f235588a9720e7eab045da29dc781c4b658,12979,0x97af4c0b3c77b8f792c57d483ee8b1bd0fdcf9b9,1188.670307,1188.670307,1188.18188,1,1,1710413803
2024-03-14,0x139e9f235588a9720e7eab045da29dc781c4b658,13029,0x97795fac89d8bfc571100a1c781d8386d2d73879,0.0,0.0,48.896651,0,1,1710384157
2024-03-14,0x139e9f235588a9720e7eab045da29dc781c4b658,13159,0x876c56e9edaaa44af9bc9678784d15ad76393e97,109644.466403,109644.466403,0.0,1,0,1710436513
2024-03-14,0x139e9f235588a9720e7eab045da29dc781c4b658,13162,0x876c56e9edaaa44af9bc9678784d15ad76393e97,89706.715896,89706.715896,0.0,1,0,1710439867
2024-03-14,0x139e9f235588a9720e7eab045da29dc781c4b658,13189,0x14bcd8182cdebcd186e0c619c5b1d309d89cd673,552.352576,552.352576,0.0,1,0,1710485587
2024-03-14,0x139e9f235588a9720e7eab045da29dc781c4b658,13200,0x1732bc3605096444402a095508f32b350363bed5,0.492997,0.492997,0.0,1,0,1710564609
2024-03-14,0x139e9f235588a9720e7eab045da29dc781c4b658,13254,0x4b42e0f61c70c9cf66d8b4b213858b26dec623a1,3.328616,3.328616,0.0,1,0,1710527953
2024-03-14,0x139e9f235588a9720e7eab045da29dc781c4b658,13321,0x6141b524bca0fc9812001ef5df9493aca9e2841e,229.964568,229.964568,0.0,1,0,1710653033
2024-03-14,0x139e9f235588a9720e7eab045da29dc781c4b658,13342,0x155d3b1ecff75b7c7605aae2e343c5e13a1b2628,9.971521,9.971521,0.0,1,0,1710684993
2024-03-14,0x139e9f235588a9720e7eab045da29dc781c4b658,13477,0xa992332eb15ecc84e53d05830fd3ac5b49e400e9,6137.550042,6137.550042,0.0,1,0,1710858763
2024-03-14,0x16218d9080d9e7bd98f645ba0f0c1533b2dffab7,12105,0x505f69dbcc43a51d7ef1c2201f54ee116c45b20b,29880.794066,29880.794066,0.0,1,0,1710967351
2024-03-14,0x1a9f461a371559f82976fa18c46a6a0d29f131d0,47,0x011b0a055e02425461a1ae95b30f483c4ff05be7,0.0,0.0,94196.093913,0,1,1710974017
2024-03-14,0x1a9f461a371559f82976fa18c46a6a0d29f131d0,62,0xdbd5d31b7f48adc13a0ab0c591f7e3d4f9642e69,0.0,0.0,129808.300356,0,1,1710959895
2024-03-14,0x1a9f461a371559f82976fa18c46a6a0d29f131d0,99,0xa48cd684ded1eee3de13e052bbdcfed59558a1ca,165119.094414,165119.094414,164839.112491,1,1,1710929267
2024-03-14,0x1a9f461a371559f82976fa18c46a6a0d29f131d0,114,0x611b0c1ed942b833c786c53883a4aa37a25602a6,0.0,0.0,95674.143475,0,1,1710940449
2024-03-14,0x1a9f461a371559f82976fa18c46a6a0d29f131d0,195,0x302757fe1990e6558e03d05036bb88c3129a22c8,0.0,0.0,73775.132729,0,1,1710965569
2024-03-14,0x1a9f461a371559f82976fa18c46a6a0d29f131d0,275,0xa810ffea2709c116ef180d090c142fc5e08586a7,0.0,0.0,24547.844361,0,1,1710969107
2024-03-14,0x1a9f461a371559f82976fa18c46a6a0d29f131d0,289,0x95b05f935655c37ada2088c5767e5006f230b068,0.0,0.0,11691.964387,0,1,1710975155
2024-03-14,0x1a9f461a371559f82976fa18c46a6a0d29f131d0,295,0xdbd5d31b7f48adc13a0ab0c591f7e3d4f9642e69,0.0,0.0,28423.62064,0,1,1710958809
2024-03-14,0x1a9f461a371559f82976fa18c46a6a0d29f131d0,536,0xf6ed81d5e9f61dd1ea21e96ae1d660ecc388ae4f,0.0,0.0,8291.497832,0,1,1710962145
2024-03-14,0x1a9f461a371559f82976fa18c46a6a0d29f131d0,1534,0xaf0b68a684e2b7961a0b6078e36f43d6e990e54b,0.0,0.0,3442.02637,0,1,1710968627
2024-03-14,0x1a9f461a371559f82976fa18c46a6a0d29f131d0,2362,0xbaa9b493bccbe1a900b39870980f41356f85822a,0.0,0.0,4351.881544,0,1,1710963125
2024-03-14,0x1a9f461a371559f82976fa18c46a6a0d29f131d0,2480,0x34bcd3e82df46d516add888bdb92abac8d1d8103,0.0,0.0,3255.393677,0,1,1710924053
2024-03-14,0x1a9f461a371559f82976fa18c46a6a0d29f131d0,9290,0x6c607fdeb11f83b3d5169014a45f45e035f9ab4a,0.0,0.0,9110.264525,0,1,1710954625
2024-03-14,0x1a9f461a371559f82976fa18c46a6a0d29f131d0,10294,0x48a6a8d403a58eccc70d4d57347f801d4e182564,5724302.503266,5724302.503266,4507406.504247,1,1,1710962043
2024-03-14,0x1a9f461a371559f82976fa18c46a6a0d29f131d0,10295,0xc875b3dae5b0c371bc8cf9ded64868b78ac47587,0.0,0.0,379599.40119,0,1,1710977963
2024-03-14,0x1a9f461a371559f82976fa18c46a6a0d29f131d0,10296,0x03c70563e94de5de56c11a0cc4ce3482f592854f,0.0,0.0,946389.412721,0,1,1710977765
2024-03-14,0x1a9f461a371559f82976fa18c46a6a0d29f131d0,10298,0xc9814f18a8751214f719de15c54d01b3d78ef14f,0.0,29724266.036116,29900456.067572,169,170,1710977733
2024-03-14,0x1a9f461a371559f82976fa18c46a6a0d29f131d0,11120,0x0b5897d201d83a9fcbeefc086c100a8eaa5ada9a,10193.598739,10193.598739,10193.626625,1,1,1710929451
2024-03-14,0x1a9f461a371559f82976fa18c46a6a0d29f131d0,13389,0x822ec855cc9f41b592622108e6f3565e976430c6,29.405557,29.405557,0.0,1,0,1710734463
2024-03-14,0x1b00a1afe48adb8d8c76b854da22a70011446481,3292,0xe4cf7e6feb0afc7f5cf201f3298b274600f8a8ea,0.0,0.0,1602.724245,0,1,1710702673
2024-03-14,0x1b00a1afe48adb8d8c76b854da22a70011446481,10352,0x18acc7e09e5b4adaf4d51dce21bc2ac616ea9440,35621.401895,35621.401895,26670.750715,1,1,1710844781
2024-03-14,0x1b00a1afe48adb8d8c76b854da22a70011446481,10477,0x18acc7e09e5b4adaf4d51dce21bc2ac616ea9440,8326.838968,8326.838968,8312.719678,1,1,1710844745
2024-03-14,0x1b05e4e814b3431a48b8164c41eac834d9ce2da6,446,0xb760c246db7eee48169c729d0394a7773be6a376,0.0,0.0,53837.968538,0,1,1710959489
2024-03-14,0x1b05e4e814b3431a48b8164c41eac834d9ce2da6,929,0xfaeaad01421b3acfd3bdcbface76d5038f4ce665,0.0,0.0,17253.357474,0,1,1710940317
2024-03-14,0x1b05e4e814b3431a48b8164c41eac834d9ce2da6,978,0x28a21a3a4b197ea59aa8e4ab7001ed62bc53d1ca,0.0,0.0,19939.919873,0,1,1710973901
2024-03-14,0x1b05e4e814b3431a48b8164c41eac834d9ce2da6,1145,0x278fbf0cdf19dfec7f2a7c7d319c957b2b62fa6d,0.0,0.0,12227.786348,0,1,1710938849
2024-03-14,0x1b05e4e814b3431a48b8164c41eac834d9ce2da6,1836,0x11add7af96d6f94bad07e338e9a4ca5dc0f94d4f,0.0,0.0,5021.459838,0,1,1710836051
2024-03-14,0x1b05e4e814b3431a48b8164c41eac834d9ce2da6,1879,0x54b00aae51e8c8f022e420681da940ad08b780d4,0.0,0.0,4699.755739,0,1,1710394049
2024-03-14,0x1b05e4e814b3431a48b8164c41eac834d9ce2da6,1914,0xcaeeac120121a33c5c232619a2616e306e329cd7,0.0,0.0,9039.378587,0,1,1710857379
2024-03-14,0x1b05e4e814b3431a48b8164c41eac834d9ce2da6,2362,0xbaa9b493bccbe1a900b39870980f41356f85822a,0.0,0.0,4351.881544,0,1,1710963125
2024-03-14,0x1b05e4e814b3431a48b8164c41eac834d9ce2da6,3933,0xa198e245bf6929c1a1899e36bf957417143d4f7f,220.810601,220.810601,883.242405,1,1,1710676367
2024-03-14,0x1b05e4e814b3431a48b8164c41eac834d9ce2da6,6667,0x7680f91d3d3a5f451a6387ba802661d96f78dd8f,0.0,0.0,49.817731,0,1,1710671899
2024-03-14,0x1b05e4e814b3431a48b8164c41eac834d9ce2da6,7857,0x4886ba5d2b3e0ae1e80172d3bddc4feb32e1ce26,1.743442,1.743442,4.258749,1,1,1710822803
2024-03-14,0x1b05e4e814b3431a48b8164c41eac834d9ce2da6,10100,0x2bcdca8c689b4aa460b66ffde1d6b1761d41d5df,0.0,0.0,1829.287207,0,1,1710961571
2024-03-14,0x1ba78f0373178f4d7996267d005ecbc29e14c99f,1828,0x13fc2b8032228af0917f22bd1c3b7d2704b4d630,8260.67366,8260.67366,0.0,1,0,1710973487
2024-03-14,0x1ba78f0373178f4d7996267d005ecbc29e14c99f,12444,0xde556dd8c552429758b4915fd2323d2075e30bf0,0.0,0.0,105.930994,0,1,1710411947
2024-03-14,0x20000fbfedfd172821821c9c59284129b04ffb2e,47,0x011b0a055e02425461a1ae95b30f483c4ff05be7,254293.001816,254293.001816,352066.251717,1,1,1710974017
2024-03-14,0x20000fbfedfd172821821c9c59284129b04ffb2e,51,0x0f228805c03a693aa964a791e0b2e2c6e6c6513f,591946.919743,591946.919743,590943.193084,1,1,1710968507
2024-03-14,0x20000fbfedfd172821821c9c59284129b04ffb2e,52,0x28878aec6b4209d90a40890183e3322f0ae5b2e2,415704.70629,415704.70629,276666.548212,1,1,1710967279
2024-03-14,0x20000fbfedfd172821821c9c59284129b04ffb2e,56,0x48a5a6a01ba89cddf97d2d552923d5a11401ed19,305958.53984,305958.53984,0.0,1,0,1710975177
2024-03-14,0x20000fbfedfd172821821c9c59284129b04ffb2e,62,0xdbd5d31b7f48adc13a0ab0c591f7e3d4f9642e69,0.0,0.0,129808.300356,0,1,1710959895
2024-03-14,0x20000fbfedfd172821821c9c59284129b04ffb2e,68,0x132e47cf2c19ec2d8dd56e1528fc7e18dc09188f,71586.605126,71586.605126,571721.762263,1,1,1710955935
2024-03-14,0x20000fbfedfd172821821c9c59284129b04ffb2e,77,0x03da151f75b533177f020b925d7c43f4081ef3c8,220002.106629,220002.106629,0.0,1,0,1710975329
2024-03-14,0x20000fbfedfd172821821c9c59284129b04ffb2e,132,0xf0b0a5bb90f94b4f5570b41106d6c325f7b53079,0.0,0.0,394543.816253,0,1,1710726623
2024-03-14,0x20000fbfedfd172821821c9c59284129b04ffb2e,158,0xd3f179ba57411ad5d2ddb5f334215cdfba134d20,29682.130267,29682.130267,29578.194949,1,1,1710975281
2024-03-14,0x20000fbfedfd172821821c9c59284129b04ffb2e,165,0x54ecb3397b0bf31cb0b81eb2444e2a7b32507d8b,99626.255349,99626.255349,139240.255642,1,1,1710959895
2024-03-14,0x20000fbfedfd172821821c9c59284129b04ffb2e,210,0x4e51a06e4643197e1be2f050b6af60f9ad3cef06,147975.874217,147975.874217,0.0,1,0,1710433935
2024-03-14,0x20000fbfedfd172821821c9c59284129b04ffb2e,241,0xd639eee81b30d8b34d5d8cbce83f193e2ba298e4,39020.040541,39020.040541,38953.876745,1,1,1710958289
2024-03-14,0x20000fbfedfd172821821c9c59284129b04ffb2e,275,0xa810ffea2709c116ef180d090c142fc5e08586a7,24589.539275,24589.539275,24547.844361,1,1,1710969107
2024-03-14,0x20000fbfedfd172821821c9c59284129b04ffb2e,285,0xe8788a8926dac3d25c591caa64d5296044c1446d,0.0,0.0,56656.393142,0,1,1710803335
2024-03-14,0x20000fbfedfd172821821c9c59284129b04ffb2e,319,0xcd763667cd74543bd05c19386347441d3d3f6392,0.0,0.0,50534.826472,0,1,1710716629
2024-03-14,0x20000fbfedfd172821821c9c59284129b04ffb2e,355,0x6de6e901bbefd26a9888798a25e4a49309d04ca9,81411.788026,81411.788026,0.0,1,0,1710966581
2024-03-14,0x20000fbfedfd172821821c9c59284129b04ffb2e,376,0xff53e3a27b7252148e0f1daf4a00261eee59177f,7232.78267,7232.78267,18081.956675,1,1,1710975187
2024-03-14,0x20000fbfedfd172821821c9c59284129b04ffb2e,414,0x0eeacd4c475040463389d15ead034d1291b008b1,0.0,0.0,32711.297135,0,1,1710895115
2024-03-14,0x20000fbfedfd172821821c9c59284129b04ffb2e,431,0xae2586e76c8a4d8dc1ff3d9ab70bec760ae143c2,0.0,0.0,16578.487926,0,1,1710449015
2024-03-14,0x20000fbfedfd172821821c9c59284129b04ffb2e,504,0xcfba6d63ec822425775d3c509e60ff689c1ae1e7,11945.606721,11945.606721,11925.351318,1,1,1710938491
2024-03-14,0x20000fbfedfd172821821c9c59284129b04ffb2e,523,0xde93a283495fa2834047b53871a8e4e09f96d841,12169.628271,12169.628271,12148.993008,1,1,1710968397
2024-03-14,0x20000fbfedfd172821821c9c59284129b04ffb2e,568,0xfd9ce79fd7f62ca88ace958cd2716f4cce25e2df,0.0,0.0,19459.418385,0,1,1710395101
2024-03-14,0x20000fbfedfd172821821c9c59284129b04ffb2e,593,0xd3f179ba57411ad5d2ddb5f334215cdfba134d20,18627.819713,18627.819713,18627.819713,1,1,1710975281
2024-03-14,0x20000fbfedfd172821821c9c59284129b04ffb2e,617,0xa33ca84383bac2efb11b8ce21bc10403ff9cc77a,35970.604903,35970.604903,35783.760661,1,1,1710962585
2024-03-14,0x20000fbfedfd172821821c9c59284129b04ffb2e,644,0x74eef0f2ecb2fd33928cfe8b229adfe899827ef5,28750.000007,28750.000007,0.0,1,0,1710975113
2024-03-14,0x20000fbfedfd172821821c9c59284129b04ffb2e,665,0x49e6f2d934077995cf4b24701fa5ae7f7b5e82e5,0.0,0.0,31700.056898,0,1,1710905879
2024-03-14,0x20000fbfedfd172821821c9c59284129b04ffb2e,694,0xbfc4fbbec37c291aed1d14f02b5221d0be0fe8f1,18367.662366,18367.662366,0.0,1,0,1710973593
2024-03-14,0x20000fbfedfd172821821c9c59284129b04ffb2e,790,0x6de6e901bbefd26a9888798a25e4a49309d04ca9,22933.546275,22933.546275,0.0,1,0,1710967185
2024-03-14,0x20000fbfedfd172821821c9c59284129b04ffb2e,799,0xe7090015768ed8f07ada91bded606f3bc44100b4,0.0,0.0,5617.35659,0,1,1710699697
2024-03-14,0x20000fbfedfd172821821c9c59284129b04ffb2e,809,0x6de6e901bbefd26a9888798a25e4a49309d04ca9,22168.911922,22168.911922,0.0,1,0,1710967243
2024-03-14,0x20000fbfedfd172821821c9c59284129b04ffb2e,817,0x6de6e901bbefd26a9888798a25e4a49309d04ca9,21814.729049,21814.729049,0.0,1,0,1710966835
2024-03-14,0x20000fbfedfd172821821c9c59284129b04ffb2e,920,0x6c2693f5a936f37ed03cfa8465bf2d8beff19a0f,0.0,0.0,8723.224219,0,1,1710969271
2024-03-14,0x20000fbfedfd172821821c9c59284129b04ffb2e,982,0x5ae60432076d1885aa082546cae5d0e4cf0e9b1b,3957.148888,3957.148888,0.0,1,0,1710973693
2024-03-14,0x20000fbfedfd172821821c9c59284129b04ffb2e,1019,0x8a0454b05a952c572619935ed46b6d8d0aa97a76,0.0,0.0,3630.827026,0,1,1710965633
2024-03-14,0x20000fbfedfd172821821c9c59284129b04ffb2e,1244,0xbc113ac29567ee89363e4d07462823f60b8b5528,2629.863019,2629.863019,0.0,1,0,1710970839
2024-03-14,0x20000fbfedfd172821821c9c59284129b04ffb2e,1287,0x2a7051d7cbbef7b6889f8e14774020b1653b94c1,0.0,0.0,2467.937505,0,1,1710851625
2024-03-14,0x20000fbfedfd172821821c9c59284129b04ffb2e,1299,0xa817e0676b2eaf46b49e5199dafa224b867e0ba0,10927.530467,10927.530467,0.0,1,0,1710623161
2024-03-14,0x20000fbfedfd172821821c9c59284129b04ffb2e,1415,0xae2586e76c8a4d8dc1ff3d9ab70bec760ae143c2,0.0,0.0,2480.180594,0,1,1710449005
2024-03-14,0x20000fbfedfd172821821c9c59284129b04ffb2e,1441,0xc0fa207d207288d727baf8b4f2b3ca93f45da246,0.0,0.0,2441.544884,0,1,1710850331
2024-03-14,0x20000fbfedfd172821821c9c59284129b04ffb2e,1482,0xa817e0676b2eaf46b49e5199dafa224b867e0ba0,25499.057772,25499.057772,0.0,1,0,1710623161
2024-03-14,0x20000fbfedfd172821821c9c59284129b04ffb2e,1713,0xf447b405fc7b41ddfef3cf66ec790eabd6b26a47,5963.816373,5963.816373,5953.70391,1,1,1710420057
2024-03-14,0x20000fbfedfd172821821c9c59284129b04ffb2e,1781,0x45dc664635627c0fe5c7119fe5be2c3d39ea3e74,0.0,0.0,5251.36951,0,1,1710968009
2024-03-14,0x20000fbfedfd172821821c9c59284129b04ffb2e,1835,0xb7fd4302eb683185115741a15efe7fdda2e2c886,5004.371748,5004.371748,0.0,1,0,1710395947
2024-03-14,0x20000fbfedfd172821821c9c59284129b04ffb2e,1974,0x6858a4d8d7d0297c138b403b6a34cb3b424b7f4a,4441.583133,4441.583133,0.0,1,0,1710391445
2024-03-14,0x20000fbfedfd172821821c9c59284129b04ffb2e,2102,0x4b8b235c511f0c830264c7761520b1f9ad441716,0.0,0.0,4450.847837,0,1,1710903029
2024-03-14,0x20000fbfedfd172821821c9c59284129b04ffb2e,2262,0xb8e1f0f1e0aab629ec07ae9e4fa680b58732c643,3728.763039,3728.763039,0.0,1,0,1710414631
2024-03-14,0x20000fbfedfd172821821c9c59284129b04ffb2e,2398,0xa0d09dd6130596c3fadb66ac6d94ed982510cdef,0.0,0.0,5150.972244,0,1,1710731517
2024-03-14,0x20000fbfedfd172821821c9c59284129b04ffb2e,2402,0x3af395f085ac04dc4fc26c247d6b8bf11b282b8a,3448.628625,3448.628625,3448.628625,1,1,1710621541
2024-03-14,0x20000fbfedfd172821821c9c59284129b04ffb2e,2475,0x9bc86996822381b9dc51d367a6bf088d397d9f68,519.901554,519.901554,0.0,1,0,1710610683
2024-03-14,0x20000fbfedfd172821821c9c59284129b04ffb2e,2581,0x58bbb8d3c0c16b35c6d09a8306dd012b61911699,3116.297685,3116.297685,0.0,1,0,1710711239
2024-03-14,0x20000fbfedfd172821821c9c59284129b04ffb2e,2827,0xbd48855db52b9d0b5ea728e75fb20b74297ac70e,0.0,0.0,2433.883648,0,1,1710899559
2024-03-14,0x20000fbfedfd172821821c9c59284129b04ffb2e,2829,0x50fa50fa2032d85eb2dda303929bf56886aa9afb,0.0,0.0,17053.167506,0,1,1710898569
2024-03-14,0x20000fbfedfd172821821c9c59284129b04ffb2e,2840,0x304856144a8cc390cd59c76f7df2dcd8174ba549,2404.980971,2404.980971,2388.140564,1,1,1710962659
2024-03-14,0x20000fbfedfd172821821c9c59284129b04ffb2e,2844,0x741bc936b183f8bcf807c0204bee62fa68ea561f,2378.021525,2378.021525,0.0,1,0,1710476651
2024-03-14,0x20000fbfedfd172821821c9c59284129b04ffb2e,3047,0xbee2d469aacb46251ae33cca91f482e26c971dff,0.0,0.0,482.474394,0,1,1710969903
2024-03-14,0x20000fbfedfd172821821c9c59284129b04ffb2e,3132,0x5d91c94fd64a08f9b9812c22f4da940b8ceda4ee,992.942176,992.942176,0.0,1,0,1710446893
2024-03-14,0x20000fbfedfd172821821c9c59284129b04ffb2e,3398,0x54ecb3397b0bf31cb0b81eb2444e2a7b32507d8b,0.0,0.0,1476.580423,0,1,1710959489
2024-03-14,0x20000fbfedfd172821821c9c59284129b04ffb2e,3437,0xc16373b5fdb767c5c10b1ef1668649f94f925e03,346.810775,346.810775,346.810775,1,1,1710743835
2024-03-14,0x20000fbfedfd172821821c9c59284129b04ffb2e,3595,0x50e1310b03eda95b919b7d0b564518d77804434c,0.0,0.0,1195.569126,0,1,1710583645
2024-03-14,0x20000fbfedfd172821821c9c59284129b04ffb2e,5337,0x61f8c99f4acde25dac0c591f5e6b4b635ab2f7c5,0.0,0.0,194.310258,0,1,1710448095
2024-03-14,0x20000fbfedfd172821821c9c59284129b04ffb2e,5457,0x8db7a537d8478df3c6d95ff33b4270342862957f,43.707996,43.707996,0.0,1,0,1710486579
2024-03-14,0x20000fbfedfd172821821c9c59284129b04ffb2e,6200,0xb9149fa8a1458cc4d9a1ca86ee2db356b17f8b05,351.99126,351.99126,0.0,1,0,1710974133
2024-03-14,0x20000fbfedfd172821821c9c59284129b04ffb2e,6306,0xb9b74d8dcc806449bdf57aa5dbd555462ede4a5d,350.100989,350.100989,0.0,1,0,1710397791
2024-03-14,0x20000fbfedfd172821821c9c59284129b04ffb2e,6409,0xe9f3013f9dc7e7de64d712886e04d419c74399b4,0.0,0.0,348.088205,0,1,1710841923
2024-03-14,0x20000fbfedfd172821821c9c59284129b04ffb2e,6567,0x31067fb2d970d5ca66bb5c891af66239915f365a,0.0,0.0,118.359435,0,1,1710709083
2024-03-14,0x20000fbfedfd172821821c9c59284129b04ffb2e,6607,0xbd54cabe09e6d0c0f2a306d918f1dc669af7a412,48.215851,48.215851,0.0,1,0,1710413067
2024-03-14,0x20000fbfedfd172821821c9c59284129b04ffb2e,6810,0xf3c495dc24e9e6df5aa1224e1b7f2e6be050dc5d,11.877579,11.877579,0.0,1,0,1710712187
2024-03-14,0x20000fbfedfd172821821c9c59284129b04ffb2e,7121,0x011b0a055e02425461a1ae95b30f483c4ff05be7,14863.129814,14863.129814,28663.391275,1,1,1710974045
2024-03-14,0x20000fbfedfd172821821c9c59284129b04ffb2e,7205,0x72d320a6f03249bd60fb3f1a0ca95daecbd9ca61,37.825794,37.825794,151.303177,1,1,1710477167
2024-03-14,0x20000fbfedfd172821821c9c59284129b04ffb2e,7576,0x74d0eda9a5f8898872a0c2cbff72f2407ca34c0f,6.718441,6.718441,0.0,1,0,1710625639
2024-03-14,0x20000fbfedfd172821821c9c59284129b04ffb2e,9193,0xb06f3d64068da3014892c64dbd62bc9b985648c7,1333.458142,1333.458142,0.0,1,0,1710566627
2024-03-14,0x20000fbfedfd172821821c9c59284129b04ffb2e,9220,0xf51e5a0a85d29aa0508894405d734bcf044dcb5b,102652.880037,102652.880037,0.0,1,0,1710971763
2024-03-14,0x20000fbfedfd172821821c9c59284129b04ffb2e,9643,0x72d320a6f03249bd60fb3f1a0ca95daecbd9ca61,92.047224,92.047224,93.400741,1,1,1710477479
2024-03-14,0x20000fbfedfd172821821c9c59284129b04ffb2e,9868,0xa7628b9c9586ff879b77a2c90c54aa3c813093b8,485.746034,485.746034,0.0,1,0,1710446993
2024-03-14,0x20000fbfedfd172821821c9c59284129b04ffb2e,9927,0x4e51a06e4643197e1be2f050b6af60f9ad3cef06,548.716449,548.716449,0.0,1,0,1710433811
2024-03-14,0x20000fbfedfd172821821c9c59284129b04ffb2e,10294,0x48a6a8d403a58eccc70d4d57347f801d4e182564,0.0,0.0,1001645.889833,0,1,1710962043
2024-03-14,0x20000fbfedfd172821821c9c59284129b04ffb2e,10295,0xc875b3dae5b0c371bc8cf9ded64868b78ac47587,1015149.625362,1015149.625362,885731.936111,1,1,1710977963
2024-03-14,0x20000fbfedfd172821821c9c59284129b04ffb2e,10296,0x03c70563e94de5de56c11a0cc4ce3482f592854f,2530896.663055,2530896.663055,2208241.963017,1,1,1710977765
2024-03-14,0x20000fbfedfd172821821c9c59284129b04ffb2e,10298,0xc9814f18a8751214f719de15c54d01b3d78ef14f,459966.516238,69816587.267175,69767730.824334,170,170,1710977733
2024-03-14,0x20000fbfedfd172821821c9c59284129b04ffb2e,10383,0xf0b0a5bb90f94b4f5570b41106d6c325f7b53079,0.0,0.0,57319.21691,0,1,1710726651
2024-03-14,0x20000fbfedfd172821821c9c59284129b04ffb2e,10414,0xdcac0ee047da0ab449f6beb08c8f79c00eabc67d,0.0,0.0,610.670337,0,1,1710441085
2024-03-14,0x20000fbfedfd172821821c9c59284129b04ffb2e,10536,0xae2586e76c8a4d8dc1ff3d9ab70bec760ae143c2,0.0,0.0,233.808941,0,1,1710449109
2024-03-14,0x20000fbfedfd172821821c9c59284129b04ffb2e,10657,0x892176d784bed3dc877a62f3ff9fc091377b2a49,19426.115182,19426.115182,19408.242924,1,1,1710428001
2024-03-14,0x20000fbfedfd172821821c9c59284129b04ffb2e,10811,0xe742c794bfe6393b9cb5643058d9810ef488e1ac,24002.686661,24002.686661,23961.986835,1,1,1710973963
2024-03-14,0x20000fbfedfd172821821c9c59284129b04ffb2e,10867,0x6ab2d5789af8fc628b306d04505de6e5a78ba660,0.0,0.0,719.318629,0,1,1710848667
2024-03-14,0x20000fbfedfd172821821c9c59284129b04ffb2e,10903,0x37d893705acea43cdeb3423de8e66464fb295daa,0.0,0.0,601.553303,0,1,1710403883
2024-03-14,0x20000fbfedfd172821821c9c59284129b04ffb2e,10905,0xf244aea8d5b242059f578b9d0d5f0be66d8406a4,0.0,0.0,12003.297769,0,1,1710391645
2024-03-14,0x20000fbfedfd172821821c9c59284129b04ffb2e,10911,0x418340b636a908e69e98bb0c36ec4610980dce87,0.0,0.0,46532.997385,0,1,1710947359
2024-03-14,0x20000fbfedfd172821821c9c59284129b04ffb2e,10972,0xc8160b24922664d9b3cf7f0acbc149dc33917d15,1846.5206,1846.5206,0.0,1,0,1710467373
2024-03-14,0x20000fbfedfd172821821c9c59284129b04ffb2e,11056,0x4b9d8dde4c5ceb5ba567334d9fb86cfc94282a03,7503.772548,7503.772548,0.0,1,0,1710971099
2024-03-14,0x20000fbfedfd172821821c9c59284129b04ffb2e,11081,0x10e3f33cdc227948e5d4203f174f81c4995ce551,190.673903,190.673903,195.227427,1,1,1710917333
2024-03-14,0x20000fbfedfd172821821c9c59284129b04ffb2e,11240,0x4e51a06e4643197e1be2f050b6af60f9ad3cef06,291.010589,291.010589,0.0,1,0,1710433745
2024-03-14,0x20000fbfedfd172821821c9c59284129b04ffb2e,11278,0x5d4f22f6d43828eda31f8b4c73d9567c173a3fff,0.0,0.0,104503.329771,0,1,1710955547
2024-03-14,0x20000fbfedfd172821821c9c59284129b04ffb2e,11399,0x28878aec6b4209d90a40890183e3322f0ae5b2e2,112014.58326,112014.58326,74154.43632,1,1,1710967323
2024-03-14,0x20000fbfedfd172821821c9c59284129b04ffb2e,11736,0x2b06b99b35e2cc63d51ccb560f712c1dd9c96a82,1359.30945,2718.625857,2758.251131,2,2,1710392083
2024-03-14,0x20000fbfedfd172821821c9c59284129b04ffb2e,11743,0x07494efb9fc623b74b31714192826c70eba7423f,62.643661,62.643661,63.082046,1,1,1710796297
2024-03-14,0x20000fbfedfd172821821c9c59284129b04ffb2e,11782,0xab2dcf4a68fc91d099fee8818141fc748da5381d,0.0,0.0,48624.583659,0,1,1710932717
2024-03-14,0x20000fbfedfd172821821c9c59284129b04ffb2e,11806,0x377f92a00462b7ff48edc234f136e8bafb0a03bc,555.63333,555.63333,289.924623,1,1,1710426603
2024-03-14,0x20000fbfedfd172821821c9c59284129b04ffb2e,12090,0x4e51a06e4643197e1be2f050b6af60f9ad3cef06,1255.801216,1255.801216,0.0,1,0,1710433713
2024-03-14,0x20000fbfedfd172821821c9c59284129b04ffb2e,12379,0x6ef8e2a17bbfd117b8281fb8cee41ade3b663e9c,34.254353,34.254353,35.112817,1,1,1710385779
2024-03-14,0x20000fbfedfd172821821c9c59284129b04ffb2e,12451,0x5e146d2571e42e2b84f06fd8a420264033931f6a,24472.74354,24472.74354,0.0,1,0,1710975175
2024-03-14,0x20000fbfedfd172821821c9c59284129b04ffb2e,12452,0xc2deeee32d10c098289865b0d6f5e0418a059ab6,38717.424482,38717.424482,0.0,1,0,1710973957
2024-03-14,0x20000fbfedfd172821821c9c59284129b04ffb2e,12453,0xa2eb534609008e83ab8c8ced01e4f9dca3a58b6a,30133.834452,30133.834452,0.0,1,0,1710973553
2024-03-14,0x20000fbfedfd172821821c9c59284129b04ffb2e,12457,0x5bb859265d6e1c578bc299cacf5216ba0de229c2,509.351485,509.351485,569.468623,1,1,1710602645
2024-03-14,0x20000fbfedfd172821821c9c59284129b04ffb2e,12589,0x353c82aeafd7680e57f60a6cfdd3154c9838993c,0.74406,0.74406,0.753173,1,1,1710934667
2024-03-14,0x20000fbfedfd172821821c9c59284129b04ffb2e,12638,0x7213c705c84e5d9e30d6cfb081fae1fc3dda3af4,1.673731,1.673731,0.0,1,0,1710965387
2024-03-14,0x20000fbfedfd172821821c9c59284129b04ffb2e,12708,0xa817e0676b2eaf46b49e5199dafa224b867e0ba0,6393.861796,6393.861796,6383.016855,1,1,1710623161
2024-03-14,0x20000fbfedfd172821821c9c59284129b04ffb2e,12725,0x25aa0312ceb7ddd49629fe78a8507c9982d3c551,0.0,0.0,60.800471,0,1,1710796205
2024-03-14,0x20000fbfedfd172821821c9c59284129b04ffb2e,12768,0xff020680284f9e941aba0cbafcd57de78e01c828,0.0,0.0,6.465392,0,1,1710556365
2024-03-14,0x20000fbfedfd172821821c9c59284129b04ffb2e,12771,0x189c49ade75486008fa96b75490eec578aa2549c,4.03722,9.77843,8.221972,3,3,1710780671
2024-03-14,0x20000fbfedfd172821821c9c59284129b04ffb2e,12786,0x170d2ea8f593fcabdb353dbf92fc9e4a417d688c,265.58054,265.58054,275.740923,1,1,1710646235
2024-03-14,0x20000fbfedfd172821821c9c59284129b04ffb2e,12788,0x4c0fec38c9d616b3fbda55fe9bbd858700b459c0,30.5,30.5,0.0,1,0,1710403837
2024-03-14,0x20000fbfedfd172821821c9c59284129b04ffb2e,12806,0x2452e136265e4b2ce559534e9eb18e9907f45973,0.0,263.7155,491.008698,1,2,1710562395
2024-03-14,0x20000fbfedfd172821821c9c59284129b04ffb2e,12831,0x7e50ec24b9bb33eb383dcd5a1fae3762a99ba57b,89195.0,89195.0,0.0,1,0,1710961259
2024-03-14,0x20000fbfedfd172821821c9c59284129b04ffb2e,12839,0x6f4706f06cc79728ce0c82f72ed520c53473c951,119.941594,119.941594,0.0,1,0,1710443403
2024-03-14,0x20000fbfedfd172821821c9c59284129b04ffb2e,12905,0x8e111ebf4e6cf4a183f85f0b960751b178a3cbf2,9.988484,9.988484,9.991894,1,1,1710387135
2024-03-14,0x20000fbfedfd172821821c9c59284129b04ffb2e,12980,0x555949adeeaedd22d9c41de10966f32eb6884507,71.429447,107.993647,63.515315,2,2,1710871783
2024-03-14,0x20000fbfedfd172821821c9c59284129b04ffb2e,13055,0xcec0b836e4f30ed051557c0f7daaf1e45570421f,147.319102,147.319102,0.0,1,0,1710490257
2024-03-14,0x20000fbfedfd172821821c9c59284129b04ffb2e,13139,0x2e0386b30433580f659bed23d8b4ab6f5525bc77,1.003564,1.003564,0.0,1,0,1710415891
2024-03-14,0x20000fbfedfd172821821c9c59284129b04ffb2e,13146,0x192268a6b20c77d4cfa125d0369a56d515933a32,481.053316,963.821146,482.76783,2,1,1710870433
2024-03-14,0x20000fbfedfd172821821c9c59284129b04ffb2e,13248,0x4fe21650bee982ea1288bf2e927ec24cd1c8a3c4,0.519139,0.519139,0.0,1,0,1710521535
2024-03-14,0x20000fbfedfd172821821c9c59284129b04ffb2e,13333,0xae1babc08897971633e255e76e42444d883d34cd,0.819721,0.819721,0.0,1,0,1710676503
2024-03-14,0x20000fbfedfd172821821c9c59284129b04ffb2e,13452,0x8d6bb74a99dbb839c0ca0acd4ef1ffca7319d864,0.733141,0.733141,0.0,1,0,1710812003
2024-03-14,0x20000fbfedfd172821821c9c59284129b04ffb2e,13458,0x4c06f18d3427cc90165d98d01de04c7e5732c1cd,99.374501,99.374501,0.0,1,0,1710817829
2024-03-14,0x20000fbfedfd172821821c9c59284129b04ffb2e,13566,0x5e146d2571e42e2b84f06fd8a420264033931f6a,4536.0,4536.0,0.0,1,0,1710975175
2024-03-14,0x20000fbfedfd172821821c9c59284129b04ffb2e,13638,0x3acbc3038505d0809fddef5e6d632435ee498f4c,38.387357,38.387357,0.0,1,0,1710896903
2024-03-14,0x218f511431194b2c756d67a137de536bea74e498,51,0x0f228805c03a693aa964a791e0b2e2c6e6c6513f,88792.037961,88792.037961,0.0,1,0,1710968507
2024-03-14,0x218f511431194b2c756d67a137de536bea74e498,55,0x285fed35cbea271a711681e84ffd83c68a596a75,114467.002233,114467.002233,0.0,1,0,1710965869
2024-03-14,0x218f511431194b2c756d67a137de536bea74e498,106,0x615e5022252b31af496574f00d5519c5d93261ab,27096.147769,27096.147769,0.0,1,0,1710963695
2024-03-14,0x218f511431194b2c756d67a137de536bea74e498,126,0xf5a93410e7e32bbf28a8eaafbd7f241cf0b290fb,106810.460557,106810.460557,0.0,1,0,1710972003
2024-03-14,0x218f511431194b2c756d67a137de536bea74e498,275,0xa810ffea2709c116ef180d090c142fc5e08586a7,24589.539275,24589.539275,0.0,1,0,1710969107
2024-03-14,0x218f511431194b2c756d67a137de536bea74e498,341,0xb1d47d39c3bb868e5e4be068b7057d4caad0b31c,40052.239175,40052.239175,0.0,1,0,1710968609
2024-03-14,0x218f511431194b2c756d67a137de536bea74e498,349,0x90f15e09b8fb5bc080b968170c638920db3a3446,85425.207635,85425.207635,0.0,1,0,1710963891
2024-03-14,0x218f511431194b2c756d67a137de536bea74e498,387,0x314c0695273ba259bb60074f2c92c67ac7ae6d40,108766.314156,108766.314156,0.0,1,0,1710962697
2024-03-14,0x218f511431194b2c756d67a137de536bea74e498,523,0xde93a283495fa2834047b53871a8e4e09f96d841,12169.628271,12169.628271,0.0,1,0,1710968397
2024-03-14,0x218f511431194b2c756d67a137de536bea74e498,557,0xeaceb7f4cddb1177b752ef682ad7a0c5cd31fc05,40134.948538,40134.948538,0.0,1,0,1710968833
2024-03-14,0x218f511431194b2c756d67a137de536bea74e498,615,0xebfced2b9ca169d2ca566e1f72a75a9b6cc9291d,35974.824313,35974.824313,0.0,1,0,1710964799
2024-03-14,0x218f511431194b2c756d67a137de536bea74e498,632,0x794783dcfcac8c1944727057a3208d8f8bb91506,34443.25808,34443.25808,0.0,1,0,1710965003
2024-03-14,0x218f511431194b2c756d67a137de536bea74e498,718,0xe12dbb4320caa9035c5d104620aa7a0debcbd554,6739.91438,6739.91438,0.0,1,0,1710967629
2024-03-14,0x218f511431194b2c756d67a137de536bea74e498,778,0x01f12fb1d38156fc6d1c9a7d813bde4b52d38e47,32039.946794,32039.946794,0.0,1,0,1710965633
2024-03-14,0x218f511431194b2c756d67a137de536bea74e498,808,0x5f338dd3c5ba4e5368a6139b81e1c120ccb2567d,23167.81848,23167.81848,0.0,1,0,1710968841
2024-03-14,0x218f511431194b2c756d67a137de536bea74e498,912,0x49a5492fdfe5acc966dd5f41310dfdfe8daa349c,6498.156337,6498.156337,0.0,1,0,1710963801
2024-03-14,0x218f511431194b2c756d67a137de536bea74e498,1141,0x3a39899dc78b7307acd83f51463c853fa79e1b09,12901.312965,12901.312965,0.0,1,0,1710965157
2024-03-14,0x218f511431194b2c756d67a137de536bea74e498,1154,0xe43fa6cbb7dda0bd863593c5e75fae9b4dcd5cd4,3050.581918,3050.581918,0.0,1,0,1710964671
2024-03-14,0x218f511431194b2c756d67a137de536bea74e498,1331,0x24db8a0a16da2812b55af4d0f3a8ada8a68a330f,29710.18305,29710.18305,0.0,1,0,1710965249
2024-03-14,0x218f511431194b2c756d67a137de536bea74e498,1603,0x17114903eb90909d3058dae24d583e5970030ffb,6585.342812,6585.342812,0.0,1,0,1710963621
2024-03-14,0x218f511431194b2c756d67a137de536bea74e498,1656,0xcbbfa40f36f0fda22f28bc25e43d52573d6826db,6394.006313,6394.006313,0.0,1,0,1710968699
2024-03-14,0x218f511431194b2c756d67a137de536bea74e498,1874,0xf9b7c16bf0658f0f1cfac7d8487d1284e72ac931,4873.275535,4873.275535,0.0,1,0,1710965247
2024-03-14,0x218f511431194b2c756d67a137de536bea74e498,1878,0x952815ea349a0c10db5d854a16a27d768e85053e,4869.886703,4869.886703,0.0,1,0,1710967573
2024-03-14,0x218f511431194b2c756d67a137de536bea74e498,1895,0xddc3244a5857a15d19dfc5ab66cf9565ac362f44,5781.467726,5781.467726,0.0,1,0,1710963369
2024-03-14,0x218f511431194b2c756d67a137de536bea74e498,2266,0xb00f8b601558243c9abcddabd54ea17f70471b8e,8330.516946,8330.516946,0.0,1,0,1710963993
2024-03-14,0x218f511431194b2c756d67a137de536bea74e498,2362,0xbaa9b493bccbe1a900b39870980f41356f85822a,6538.909929,6538.909929,0.0,1,0,1710963125
2024-03-14,0x218f511431194b2c756d67a137de536bea74e498,2410,0x823b8c5fa9d5b19649434dda4ee042ba94e7159e,1384.469348,1384.469348,0.0,1,0,1710966467
2024-03-14,0x218f511431194b2c756d67a137de536bea74e498,2462,0xb8dbac300e69c9c2d56542f83bbac3dbad065d02,3381.610397,3381.610397,0.0,1,0,1710962941
2024-03-14,0x218f511431194b2c756d67a137de536bea74e498,3077,0xfc64410a03b205b995a9101f99a55026d8f1f1da,1113.005089,1113.005089,0.0,1,0,1710974611
2024-03-14,0x218f511431194b2c756d67a137de536bea74e498,3138,0xd210ae3ea4bb169163f4e9876109a2c204ad3a87,2048.65125,2048.65125,0.0,1,0,1710965043
2024-03-14,0x218f511431194b2c756d67a137de536bea74e498,3221,0xfccbbe08538662d3f9f76a293575f9a6604129c5,1676.292422,1676.292422,0.0,1,0,1710964843
2024-03-14,0x218f511431194b2c756d67a137de536bea74e498,3781,0xaf11495f021c5c2c5f5230f40d5d57ebe4059700,29304.763467,29304.763467,0.0,1,0,1710968279
2024-03-14,0x218f511431194b2c756d67a137de536bea74e498,4064,0x8afd6322116be3bef640ba9f302430777d4d73e9,2831.596251,2831.596251,0.0,1,0,1710962443
2024-03-14,0x218f511431194b2c756d67a137de536bea74e498,4867,0x5cd565a30872b764d93bb24c4af5e982351e4725,425.75307,425.75307,0.0,1,0,1710962693
2024-03-14,0x218f511431194b2c756d67a137de536bea74e498,5913,0x071fb19eb2d0b1da6fe0a1fa05883b7e159df756,353.33757,353.33757,0.0,1,0,1710962877
2024-03-14,0x218f511431194b2c756d67a137de536bea74e498,9954,0x7d374fe73fd8358a93c53e978477f7ba4129be0c,18961.713057,18961.713057,0.0,1,0,1710963979
2024-03-14,0x218f511431194b2c756d67a137de536bea74e498,10002,0x285fed35cbea271a711681e84ffd83c68a596a75,29090.865995,29090.865995,0.0,1,0,1710965999
2024-03-14,0x218f511431194b2c756d67a137de536bea74e498,11241,0x6109a69cf39cdad03f951f006b92a2d788201f60,102651.755779,102651.755779,0.0,1,0,1710966141
2024-03-14,0x218f511431194b2c756d67a137de536bea74e498,12038,0x6109a69cf39cdad03f951f006b92a2d788201f60,952.659201,952.659201,0.0,1,0,1710966153
2024-03-14,0x218f511431194b2c756d67a137de536bea74e498,13518,0x089bf34290ff2767fbd1cda881566c76415a9c00,1152.0,1152.0,0.0,1,0,1710967899
2024-03-14,0x2223f9fe624f69da4d8256a7bcc9104fba7f8f75,43,0x2ddb405238368695f34d30a80ab60c449aa5ce48,0.0,0.0,186200.761835,0,1,1710974183
2024-03-14,0x2223f9fe624f69da4d8256a7bcc9104fba7f8f75,47,0x011b0a055e02425461a1ae95b30f483c4ff05be7,0.0,0.0,918578.93,0,1,1710974017
2024-03-14,0x2223f9fe624f69da4d8256a7bcc9104fba7f8f75,52,0x28878aec6b4209d90a40890183e3322f0ae5b2e2,0.0,0.0,276666.548212,0,1,1710967279
2024-03-14,0x2223f9fe624f69da4d8256a7bcc9104fba7f8f75,53,0x1594b251df6b70ca9a01d4de0836ab4fd9811241,0.0,0.0,1247252.565389,0,1,1710971817
2024-03-14,0x2223f9fe624f69da4d8256a7bcc9104fba7f8f75,55,0x285fed35cbea271a711681e84ffd83c68a596a75,0.0,0.0,182836.652534,0,1,1710965869
2024-03-14,0x2223f9fe624f69da4d8256a7bcc9104fba7f8f75,56,0x48a5a6a01ba89cddf97d2d552923d5a11401ed19,0.0,0.0,848443.737353,0,1,1710975177
2024-03-14,0x2223f9fe624f69da4d8256a7bcc9104fba7f8f75,57,0x72d4d59f31d0cb4a4213a5dc81fc0108241ecc71,0.0,0.0,878222.532522,0,1,1710962531
2024-03-14,0x2223f9fe624f69da4d8256a7bcc9104fba7f8f75,75,0xf29a0b06bb927f6a58c6f3bba40c88cf305aacc7,0.0,0.0,889915.779859,0,1,1710934495
2024-03-14,0x2223f9fe624f69da4d8256a7bcc9104fba7f8f75,76,0x0578fe63a40dd249b853487dae3c9eb01957628e,0.0,0.0,1030245.238567,0,1,1710948095
2024-03-14,0x2223f9fe624f69da4d8256a7bcc9104fba7f8f75,81,0x5c70b3f22595caf8314f77dabc628363aaee18ad,0.0,0.0,825671.846739,0,1,1710895411
2024-03-14,0x2223f9fe624f69da4d8256a7bcc9104fba7f8f75,91,0x423a66a3ce61eaa3bcd922c4d71b781e01d746f0,163175.887002,163175.887002,221542.91207,1,1,1710972113
2024-03-14,0x2223f9fe624f69da4d8256a7bcc9104fba7f8f75,103,0x1c2ed7a6c4e3c1146103fa222181115a72243a06,0.0,0.0,56085.466229,0,1,1710975299
2024-03-14,0x2223f9fe624f69da4d8256a7bcc9104fba7f8f75,106,0x615e5022252b31af496574f00d5519c5d93261ab,0.0,0.0,525853.321042,0,1,1710963695
2024-03-14,0x2223f9fe624f69da4d8256a7bcc9104fba7f8f75,112,0x5c965d2f24e8fc49146575b039fbda4033d3cf94,0.0,0.0,710254.078513,0,1,1710947903
2024-03-14,0x2223f9fe624f69da4d8256a7bcc9104fba7f8f75,121,0xede54584f748480851cad467b82c6a1173bebe10,94187.981101,94187.981101,117535.340681,1,1,1710382247
2024-03-14,0x2223f9fe624f69da4d8256a7bcc9104fba7f8f75,124,0x5d6f3d0c92d0564151357b0863e55e9ed4631b8d,0.0,0.0,88523.312704,0,1,1710970541
2024-03-14,0x2223f9fe624f69da4d8256a7bcc9104fba7f8f75,137,0xa4b6eeeb7eba0fc360a7402f2ebe90c178115e91,0.0,0.0,414643.534872,0,1,1710948663
2024-03-14,0x2223f9fe624f69da4d8256a7bcc9104fba7f8f75,139,0xa04275c10f39e8675a34e147e2ef78d35129f2b6,131090.158346,131090.158346,0.0,1,0,1710975293
2024-03-14,0x2223f9fe624f69da4d8256a7bcc9104fba7f8f75,147,0xe3f0254b09aec48ffa46f9eee5a3bc7a8e510e6d,85595.804935,85595.804935,85450.665585,1,1,1710894223
2024-03-14,0x2223f9fe624f69da4d8256a7bcc9104fba7f8f75,156,0xb0a4e99371dfb0734f002ae274933b4888f618ef,0.0,0.0,104877.458611,0,1,1710951055
2024-03-14,0x2223f9fe624f69da4d8256a7bcc9104fba7f8f75,158,0xd3f179ba57411ad5d2ddb5f334215cdfba134d20,0.0,0.0,162680.072217,0,1,1710975281
2024-03-14,0x2223f9fe624f69da4d8256a7bcc9104fba7f8f75,186,0x32d6306ec178bcefe7b8d7302689376b42b047ee,0.0,0.0,919139.647807,0,1,1710933603
2024-03-14,0x2223f9fe624f69da4d8256a7bcc9104fba7f8f75,210,0x4e51a06e4643197e1be2f050b6af60f9ad3cef06,73987.937108,73987.937108,0.0,1,0,1710433935
2024-03-14,0x2223f9fe624f69da4d8256a7bcc9104fba7f8f75,229,0x4dcea47ec4b26079cb4f9a0e0f400e1aa6f199a9,121187.250262,121187.250262,121187.250262,1,1,1710417451
2024-03-14,0x2223f9fe624f69da4d8256a7bcc9104fba7f8f75,232,0x576f1e53afe5e99b2257258c7e3248d3a1822548,0.0,0.0,59264.911348,0,1,1710925753
2024-03-14,0x2223f9fe624f69da4d8256a7bcc9104fba7f8f75,238,0xb6f28ae8f31d85dc27361852b986286113bc588d,42597.277086,42597.277086,42525.047598,1,1,1710974035
2024-03-14,0x2223f9fe624f69da4d8256a7bcc9104fba7f8f75,250,0x97658d0a6a6180a99697a375f736bad40cc307b0,71853.964695,71853.964695,71853.964695,1,1,1710453789
2024-03-14,0x2223f9fe624f69da4d8256a7bcc9104fba7f8f75,252,0x310a3cea42f93d55584c4361565aa0994912ff0d,0.0,0.0,142334.451003,0,1,1710960307
2024-03-14,0x2223f9fe624f69da4d8256a7bcc9104fba7f8f75,267,0x5b1c8cd6e98d8bca397fd09b0dcc9933d712ad13,0.0,0.0,60172.18501,0,1,1710971585
2024-03-14,0x2223f9fe624f69da4d8256a7bcc9104fba7f8f75,318,0xcf0afa96743819d52515bff99635a7978f2a856f,104001.831483,104001.831483,0.0,1,0,1710546675
2024-03-14,0x2223f9fe624f69da4d8256a7bcc9104fba7f8f75,341,0xb1d47d39c3bb868e5e4be068b7057d4caad0b31c,0.0,0.0,40208.961591,0,1,1710968609
2024-03-14,0x2223f9fe624f69da4d8256a7bcc9104fba7f8f75,343,0xb1d47d39c3bb868e5e4be068b7057d4caad0b31c,44585.851621,44585.851621,89020.500469,1,1,1710968715
2024-03-14,0x2223f9fe624f69da4d8256a7bcc9104fba7f8f75,353,0x5ade40e345817b739b91c6b4615efce87f9d7c57,0.0,0.0,48332.977885,0,1,1710746921
2024-03-14,0x2223f9fe624f69da4d8256a7bcc9104fba7f8f75,396,0x2b03c480f4f7ff5a8275ddb77227889e58eda16f,77230.881392,77230.881392,77702.813262,1,1,1710724833
2024-03-14,0x2223f9fe624f69da4d8256a7bcc9104fba7f8f75,398,0x48c7e0db3dad3fe4eb0513b86fe5c38ebb4e0f91,0.0,0.0,6729.282934,0,1,1710958033
2024-03-14,0x2223f9fe624f69da4d8256a7bcc9104fba7f8f75,403,0xc3193e39f77c2ed59045cfffcdcacdda72f29987,66530.054048,66530.054048,0.0,1,0,1710410643
2024-03-14,0x2223f9fe624f69da4d8256a7bcc9104fba7f8f75,405,0x2f707265e61300e8290c18e38ebcbd129fb0b0f5,0.0,0.0,155427.137151,0,1,1710970877
2024-03-14,0x2223f9fe624f69da4d8256a7bcc9104fba7f8f75,412,0xb1101c790731f62bd06cc5e91551fa523a20330d,0.0,0.0,64015.486043,0,1,1710901155
2024-03-14,0x2223f9fe624f69da4d8256a7bcc9104fba7f8f75,442,0x2ad7f82d4266d47e875ae2b06322f2e008cbf5c6,0.0,0.0,75286.97814,0,1,1710934927
2024-03-14,0x2223f9fe624f69da4d8256a7bcc9104fba7f8f75,444,0x610d49f8a264db3b41a793173ba5b8aca70444c2,0.0,0.0,54417.666362,0,1,1710974159
2024-03-14,0x2223f9fe624f69da4d8256a7bcc9104fba7f8f75,455,0xed96bc0fd61b87f3b7f6478e55db024e75972fac,24598.845986,24598.845986,49370.448533,1,1,1710916447
2024-03-14,0x2223f9fe624f69da4d8256a7bcc9104fba7f8f75,482,0xceff98a045a3732f3e26247a29ba5e7d52fe84b2,53442.041487,53442.041487,0.0,1,0,1710901015
2024-03-14,0x2223f9fe624f69da4d8256a7bcc9104fba7f8f75,503,0x69e02d001146a86d4e2995f9ecf906265aa77d85,11428.366448,11428.366448,11408.988096,1,1,1710975321
2024-03-14,0x2223f9fe624f69da4d8256a7bcc9104fba7f8f75,509,0x34223719d75cbc336b77ccd8af6b9342bd6af1cb,0.0,0.0,11553.993242,0,1,1710956477
2024-03-14,0x2223f9fe624f69da4d8256a7bcc9104fba7f8f75,514,0xe9eb5b18f6a6098eae9d38d03dbfdc924bd757e9,21826.689187,21826.689187,43507.749162,1,1,1710394069
2024-03-14,0x2223f9fe624f69da4d8256a7bcc9104fba7f8f75,519,0xa23bde7b73b4acc73918e2362e6a646761955c7c,27057.368375,27057.368375,0.0,1,0,1710974677
2024-03-14,0x2223f9fe624f69da4d8256a7bcc9104fba7f8f75,536,0xf6ed81d5e9f61dd1ea21e96ae1d660ecc388ae4f,0.0,0.0,8291.497832,0,1,1710962145
2024-03-14,0x2223f9fe624f69da4d8256a7bcc9104fba7f8f75,543,0x6613a1521394c2f17c7d705e48279e44c2a01936,20524.170779,20524.170779,20489.369251,1,1,1710378153
2024-03-14,0x2223f9fe624f69da4d8256a7bcc9104fba7f8f75,548,0xb82e12d1da436611c5c94d535c3a40f5fb3f35ab,0.0,0.0,20295.176809,0,1,1710936117
2024-03-14,0x2223f9fe624f69da4d8256a7bcc9104fba7f8f75,566,0x7c55c37ae3da8272c41eefff9b6b3c43f6ef713d,19509.272007,19509.272007,19509.272007,1,1,1710430267
2024-03-14,0x2223f9fe624f69da4d8256a7bcc9104fba7f8f75,596,0xdffd8bbf8dcaf236c4e009ff6013bfc98407b6c0,0.0,0.0,44105.378872,0,1,1710968869
2024-03-14,0x2223f9fe624f69da4d8256a7bcc9104fba7f8f75,597,0x1ce0c2b445c8e87ea4c40b6e721d9a39b09f6459,0.0,0.0,9205.755818,0,1,1710965235
2024-03-14,0x2223f9fe624f69da4d8256a7bcc9104fba7f8f75,604,0xf99c8873b972b4192e789f55ab954188d0d9a133,0.0,0.0,36390.969923,0,1,1710954977
2024-03-14,0x2223f9fe624f69da4d8256a7bcc9104fba7f8f75,608,0xc45d05cdc809d20c7b14959e8cd4a1199e3e966f,32679.320301,32679.320301,0.0,1,0,1710770129
2024-03-14,0x2223f9fe624f69da4d8256a7bcc9104fba7f8f75,622,0x81f10d99464d604ea1e9242dc71733a506e95b4e,7401.783408,7401.783408,9192.683113,1,1,1710973303
2024-03-14,0x2223f9fe624f69da4d8256a7bcc9104fba7f8f75,626,0x793a4cd73fef2561c7762dc53eb89c68c30210a9,33968.115684,33968.115684,0.0,1,0,1710945607
2024-03-14,0x2223f9fe624f69da4d8256a7bcc9104fba7f8f75,644,0x74eef0f2ecb2fd33928cfe8b229adfe899827ef5,57500.000014,57500.000014,0.0,1,0,1710975113
2024-03-14,0x2223f9fe624f69da4d8256a7bcc9104fba7f8f75,652,0xf315eafb91bd04f283d4c0bd47e64e9bb5384e11,0.0,0.0,31536.741433,0,1,1710960119
2024-03-14,0x2223f9fe624f69da4d8256a7bcc9104fba7f8f75,654,0xc555347d2b369b074be94fe6f7ae9ab43966b884,31317.846854,31317.846854,0.0,1,0,1710554949
2024-03-14,0x2223f9fe624f69da4d8256a7bcc9104fba7f8f75,657,0x2067bed542762d26e2755ce7d8776728f3429f48,16060.827945,16060.827945,16007.293055,1,1,1710404639
2024-03-14,0x2223f9fe624f69da4d8256a7bcc9104fba7f8f75,659,0xdff2425c57f2f930ff14d693dc913894053622ae,0.0,15993.169411,31959.220225,1,2,1710556795
2024-03-14,0x2223f9fe624f69da4d8256a7bcc9104fba7f8f75,664,0x577be3ed9a71e1c355f519bbdf5f09ba2018b1cc,0.0,0.0,31735.546398,0,1,1710974261
2024-03-14,0x2223f9fe624f69da4d8256a7bcc9104fba7f8f75,672,0x436ff82aded2edcb2955499448004dc3542b312d,0.0,0.0,48663.972693,0,1,1710975087
2024-03-14,0x2223f9fe624f69da4d8256a7bcc9104fba7f8f75,708,0x166c794d890dd91bbe71f304eca660e1c4892cbb,0.0,0.0,65485.957063,0,1,1710954259
2024-03-14,0x2223f9fe624f69da4d8256a7bcc9104fba7f8f75,717,0x24b1bf98402c33a78c96178b833f89dbde7e76a7,10741.186473,10741.186473,26979.711113,1,1,1710903297
2024-03-14,0x2223f9fe624f69da4d8256a7bcc9104fba7f8f75,725,0x1cab2ce19ff9b27680d4a8fdd3745197004ada57,0.0,0.0,26611.971999,0,1,1710973725
2024-03-14,0x2223f9fe624f69da4d8256a7bcc9104fba7f8f75,753,0xee57d8989170370a6f88b2f99395b81204117bf2,5387.824153,5387.824153,5378.688363,1,1,1710969811
2024-03-14,0x2223f9fe624f69da4d8256a7bcc9104fba7f8f75,758,0x8ccfcfa7e6133e0875192974d0d857fb7a28375e,0.0,0.0,7188.837654,0,1,1710969407
2024-03-14,0x2223f9fe624f69da4d8256a7bcc9104fba7f8f75,773,0x4b17b32de85aa3636929ac2cc029b95173b2aee5,24082.026188,24082.026188,24041.191831,1,1,1710572381
2024-03-14,0x2223f9fe624f69da4d8256a7bcc9104fba7f8f75,776,0xc923dd451dfb1fc6a4608982c6c077414da06a4d,0.0,0.0,12716.642021,0,1,1710868157
2024-03-14,0x2223f9fe624f69da4d8256a7bcc9104fba7f8f75,823,0xfc101ee05afe9843c37fb7fdd5a64b9dc47411b6,0.0,0.0,13641.860631,0,1,1710973269
2024-03-14,0x2223f9fe624f69da4d8256a7bcc9104fba7f8f75,827,0xe2952771c80d9b9c77a32e47d985bb3ff4e5a93d,0.0,0.0,13931.770486,0,1,1710972907
2024-03-14,0x2223f9fe624f69da4d8256a7bcc9104fba7f8f75,832,0xde1a20ad593386d0ac260a8450b2349d8ab4eb57,0.0,0.0,20771.553766,0,1,1710390653
2024-03-14,0x2223f9fe624f69da4d8256a7bcc9104fba7f8f75,846,0xf492f0aa5c607be83dda570d39f73c767fe36367,0.0,0.0,28478.000048,0,1,1710975467
2024-03-14,0x2223f9fe624f69da4d8256a7bcc9104fba7f8f75,848,0x5d65a068426a802f77ddaf2b6038533f3c135aa6,0.0,0.0,20392.435761,0,1,1710966599
2024-03-14,0x2223f9fe624f69da4d8256a7bcc9104fba7f8f75,869,0xd2d7d69329b85e04e5dfc95b01e7ede4ffcfc956,0.0,0.0,19246.583443,0,1,1710948197
2024-03-14,0x2223f9fe624f69da4d8256a7bcc9104fba7f8f75,871,0x712a81b587abcaa64ea8ff2f0201f2379bf120e7,0.0,0.0,19116.203804,0,1,1710513211
2024-03-14,0x2223f9fe624f69da4d8256a7bcc9104fba7f8f75,898,0x52dcc21458b8e79d6fd3a7de51d322a602397bbe,0.0,0.0,17592.441551,0,1,1710834169
2024-03-14,0x2223f9fe624f69da4d8256a7bcc9104fba7f8f75,916,0x163e7ae731ac8a3f33b40b156fa5f9f98e2c918c,17696.061205,17696.061205,17666.055122,1,1,1710936427
2024-03-14,0x2223f9fe624f69da4d8256a7bcc9104fba7f8f75,921,0xa2f07232275cdf8463a5115723c9d73085a2fc17,0.0,0.0,14989.649496,0,1,1710973455
2024-03-14,0x2223f9fe624f69da4d8256a7bcc9104fba7f8f75,943,0x8e29a644a71b1c9cac1c46a5d9099d17301c08f4,16954.028534,16954.028534,0.0,1,0,1710956837
2024-03-14,0x2223f9fe624f69da4d8256a7bcc9104fba7f8f75,946,0x4523b791292da89a9194b61ba4cd9d98f2af68e0,0.0,0.0,4223.684534,0,1,1710913697
2024-03-14,0x2223f9fe624f69da4d8256a7bcc9104fba7f8f75,961,0x3445a938f98eaaeb6af3ce90e71fc5994a23f897,8227.24586,8227.24586,8213.295444,1,1,1710886817
2024-03-14,0x2223f9fe624f69da4d8256a7bcc9104fba7f8f75,1003,0x9726568bf0bff545b0bca6278e75881099629f3d,16857.004272,16857.004272,16746.91025,1,1,1710403047
2024-03-14,0x2223f9fe624f69da4d8256a7bcc9104fba7f8f75,1007,0x80223b82cc86c20d1011576f731b226999e00531,15272.527142,15272.527142,0.0,1,0,1710724253
2024-03-14,0x2223f9fe624f69da4d8256a7bcc9104fba7f8f75,1009,0x92f8545b3a7f24a2f53f87eab0c4ec3da5ebbbbd,0.0,0.0,15178.711844,0,1,1710899481
2024-03-14,0x2223f9fe624f69da4d8256a7bcc9104fba7f8f75,1016,0x91b7377a3dd7931ad4757b60d7e859954b939e85,0.0,0.0,14965.198402,0,1,1710965217
2024-03-14,0x2223f9fe624f69da4d8256a7bcc9104fba7f8f75,1017,0xee16bd78011347ee3437484d20288fc76ed5992f,15040.501355,15040.501355,14990.367478,1,1,1710745383
2024-03-14,0x2223f9fe624f69da4d8256a7bcc9104fba7f8f75,1019,0x8a0454b05a952c572619935ed46b6d8d0aa97a76,2904.661621,2904.661621,0.0,1,0,1710965633
2024-03-14,0x2223f9fe624f69da4d8256a7bcc9104fba7f8f75,1022,0x88f08753d440abe800f46f7114fba8045b0022a2,0.0,0.0,14452.772557,0,1,1710421827
2024-03-14,0x2223f9fe624f69da4d8256a7bcc9104fba7f8f75,1042,0x52dcc21458b8e79d6fd3a7de51d322a602397bbe,0.0,0.0,5514.581036,0,1,1710833991
2024-03-14,0x2223f9fe624f69da4d8256a7bcc9104fba7f8f75,1054,0x28ac01ebf289292783cfaad9bbf2c7fe2666dfbd,0.0,0.0,13573.729153,0,1,1710721485
2024-03-14,0x2223f9fe624f69da4d8256a7bcc9104fba7f8f75,1081,0x41647a74673c90f4a13884bee4f8a89034fb85e8,13116.978409,13116.978409,0.0,1,0,1710852201
2024-03-14,0x2223f9fe624f69da4d8256a7bcc9104fba7f8f75,1129,0x56e08babb8bf928bd8571d2a2a78235ae57ae5bd,3596.776261,3596.776261,0.0,1,0,1710969781
2024-03-14,0x2223f9fe624f69da4d8256a7bcc9104fba7f8f75,1135,0xb49cc6494b75f84aca36160e859fce5c5da16cc6,0.0,0.0,12184.99481,0,1,1710696191
2024-03-14,0x2223f9fe624f69da4d8256a7bcc9104fba7f8f75,1140,0xa13a85de0af0d2a0640d7ec03b05cfa00c846ad6,11963.049353,11963.049353,11498.281505,1,1,1710378207
2024-03-14,0x2223f9fe624f69da4d8256a7bcc9104fba7f8f75,1148,0x616b8248a78ba31c04f769242060d0d16913c04d,12231.068234,12231.068234,12083.685159,1,1,1710408039
2024-03-14,0x2223f9fe624f69da4d8256a7bcc9104fba7f8f75,1149,0x93b82c49c2af67797977ae344c07884164e6a592,0.0,0.0,3832.686559,0,1,1710963223
2024-03-14,0x2223f9fe624f69da4d8256a7bcc9104fba7f8f75,1163,0x3e88681de2e12d1ac4116a7a6fb964a2c4c102ae,5609.004707,5609.004707,0.0,1,0,1710975475
2024-03-14,0x2223f9fe624f69da4d8256a7bcc9104fba7f8f75,1183,0x0c9e20b9046f31da1e84b1b968b5fff23e815fd6,11962.383302,11962.383302,0.0,1,0,1710871577
2024-03-14,0x2223f9fe624f69da4d8256a7bcc9104fba7f8f75,1187,0x4a337d1df22d0d3077caefd083a1b70aa168d087,11550.594657,11550.594657,0.0,1,0,1710900713
2024-03-14,0x2223f9fe624f69da4d8256a7bcc9104fba7f8f75,1197,0x0be4eb0e89abed9f52d94f1550c22a16008cc463,0.0,0.0,5996.498632,0,1,1710975129
2024-03-14,0x2223f9fe624f69da4d8256a7bcc9104fba7f8f75,1205,0x2cfed10c9e18d3d92fad0b7dca74932af9185703,0.0,0.0,11595.468196,0,1,1710929139
2024-03-14,0x2223f9fe624f69da4d8256a7bcc9104fba7f8f75,1206,0x7d9a78f607706b8f5ce26fba6c9eacabf8937df0,2224.482522,2224.482522,2217.067747,1,1,1710535001
2024-03-14,0x2223f9fe624f69da4d8256a7bcc9104fba7f8f75,1221,0x564b3a3cf630d7b3b35ae78e47feb074bce2b06e,5635.116115,32656.261788,31908.850996,6,6,1710974749
2024-03-14,0x2223f9fe624f69da4d8256a7bcc9104fba7f8f75,1237,0x6c7c462148823c4f12445e1687eb5cb2576c915b,10658.123722,10658.123722,0.0,1,0,1710717985
2024-03-14,0x2223f9fe624f69da4d8256a7bcc9104fba7f8f75,1242,0xa82e10f6120aa01b95474bbba71cf9649492c05a,10498.716861,10498.716861,0.0,1,0,1710660231
2024-03-14,0x2223f9fe624f69da4d8256a7bcc9104fba7f8f75,1249,0x623da0e56b50aaf505bad08a5c7beb97a52e7a56,10481.07945,10481.07945,0.0,1,0,1710709059
2024-03-14,0x2223f9fe624f69da4d8256a7bcc9104fba7f8f75,1255,0x4f4d6d47a8a764cf8dab8f544b055fbd109304af,3786.498201,3786.498201,5116.88946,1,1,1710696823
2024-03-14,0x2223f9fe624f69da4d8256a7bcc9104fba7f8f75,1288,0x6059895f7f20cc25c251d4d283f525f7400ce034,0.0,0.0,9626.090914,0,1,1710956465
2024-03-14,0x2223f9fe624f69da4d8256a7bcc9104fba7f8f75,1322,0x3a781cb383b65a1fff97ce061c3d35a1c09e6960,14805.232284,14805.232284,14755.841506,1,1,1710907061
2024-03-14,0x2223f9fe624f69da4d8256a7bcc9104fba7f8f75,1361,0xf8bd27a32363cae5867b13dc05334f237286c5af,8878.071581,8878.071581,8863.017601,1,1,1710936529
2024-03-14,0x2223f9fe624f69da4d8256a7bcc9104fba7f8f75,1375,0xca3459c85009d657393717d7e0072a42f0c69733,4359.689534,4359.689534,8658.429573,1,1,1710973557
2024-03-14,0x2223f9fe624f69da4d8256a7bcc9104fba7f8f75,1386,0x74ad47b91469d6b2356337afdb05608cfabbbde8,0.0,0.0,8630.278109,0,1,1710906891
2024-03-14,0x2223f9fe624f69da4d8256a7bcc9104fba7f8f75,1422,0x6aaefbe8564aa2719139bb7a4335f94a380c6476,0.0,0.0,9591.221287,0,1,1710969205
2024-03-14,0x2223f9fe624f69da4d8256a7bcc9104fba7f8f75,1431,0x7fbd935c9972b6a4c0b6f7c6f650996677bf6e0a,6378.475005,6378.475005,0.0,1,0,1710577333
2024-03-14,0x2223f9fe624f69da4d8256a7bcc9104fba7f8f75,1465,0x25e2a352478b83dc0de5d74bec53a8f13d4062b6,14663.765069,14663.765069,0.0,1,0,1710399045
2024-03-14,0x2223f9fe624f69da4d8256a7bcc9104fba7f8f75,1467,0x8c553dbd9c7e52f0f698d0a11615fafe999ec271,0.0,0.0,13155.487436,0,1,1710929063
2024-03-14,0x2223f9fe624f69da4d8256a7bcc9104fba7f8f75,1470,0xae78d5362f6687de8fbb9b5de6dd129883d61ea8,7783.430041,7783.430041,7783.430041,1,1,1710887329
2024-03-14,0x2223f9fe624f69da4d8256a7bcc9104fba7f8f75,1484,0x3f9d06d42cb2b04ada2d9a8cdfbf63c5206d7deb,0.0,0.0,8605.966366,0,1,1710954917
2024-03-14,0x2223f9fe624f69da4d8256a7bcc9104fba7f8f75,1507,0x4335335c596ac1fb3872a4f3b02ddc5418f8e33d,0.0,0.0,10774.472073,0,1,1710970517
2024-03-14,0x2223f9fe624f69da4d8256a7bcc9104fba7f8f75,1521,0xdd84ce1adcb3a4908db61a1dfa3353c3974c5a2b,0.0,0.0,1825.57152,0,1,1710855577
2024-03-14,0x2223f9fe624f69da4d8256a7bcc9104fba7f8f75,1525,0xc82bf4981e963a23a812e13e610d0f23290349d6,1815.365296,1815.365296,1815.365296,1,1,1710747741
2024-03-14,0x2223f9fe624f69da4d8256a7bcc9104fba7f8f75,1565,0xac858f98be6124ee42d776fa626328db1c562e23,0.0,0.0,7608.34412,0,1,1710973681
2024-03-14,0x2223f9fe624f69da4d8256a7bcc9104fba7f8f75,1570,0x0be7b271ba03874ad78d712246066c20c81693d3,1901.411014,1901.411014,1904.277418,1,1,1710385781
2024-03-14,0x2223f9fe624f69da4d8256a7bcc9104fba7f8f75,1575,0x31e1c86c87791c903ccb82726e11a761187ef694,7266.32962,7266.32962,7254.008568,1,1,1710392435
2024-03-14,0x2223f9fe624f69da4d8256a7bcc9104fba7f8f75,1580,0x6bb84acda075cf8adb3628d57cd8811afcbd189e,6872.185899,6872.185899,6860.533172,1,1,1710461687
2024-03-14,0x2223f9fe624f69da4d8256a7bcc9104fba7f8f75,1601,0x78b7254b5fcc7b60376fd9e16bc9f23860b190f4,6689.873555,6689.873555,6506.200191,1,1,1710421019
2024-03-14,0x2223f9fe624f69da4d8256a7bcc9104fba7f8f75,1606,0x69cd4abd687ab23e2f95f0a065cd9ad211a58713,0.0,0.0,6756.68509,0,1,1710880149
2024-03-14,0x2223f9fe624f69da4d8256a7bcc9104fba7f8f75,1708,0x68383c9d4fad7ec6a350f5b6faf0157e987ebad2,0.0,0.0,5812.54233,0,1,1710406093
2024-03-14,0x2223f9fe624f69da4d8256a7bcc9104fba7f8f75,1807,0x7a4508b4c3ddbb4cbca59edfa77cae11983ef74a,5203.853304,5203.853304,0.0,1,0,1710679417
2024-03-14,0x2223f9fe624f69da4d8256a7bcc9104fba7f8f75,1845,0xbe681d305f9ac149eaa565bebb4a125eeb06d7a0,0.0,0.0,4977.652079,0,1,1710947969
2024-03-14,0x2223f9fe624f69da4d8256a7bcc9104fba7f8f75,1881,0x62efee7e52b4e87ad053b42963aebb85bb2085f2,2462.428111,2462.428111,2347.583179,1,1,1710647255
2024-03-14,0x2223f9fe624f69da4d8256a7bcc9104fba7f8f75,1884,0xc92d60af8001b1070ce40337205af18a0bbed142,4805.615484,4805.615484,4772.023661,1,1,1710399023
2024-03-14,0x2223f9fe624f69da4d8256a7bcc9104fba7f8f75,1896,0xd35e24699cb637207c7486a570039d30fafa824c,5260.938525,10521.87705,9856.837552,2,2,1710466945
2024-03-14,0x2223f9fe624f69da4d8256a7bcc9104fba7f8f75,1902,0x37eedb7ac276bd6c894e81b8937b0b0bab154e22,0.0,0.0,3491.684952,0,1,1710970805
2024-03-14,0x2223f9fe624f69da4d8256a7bcc9104fba7f8f75,1910,0x9fab59236a8608e5f1240fdeddf0d22277c7ce88,5553.630124,5553.630124,0.0,1,0,1710585175
2024-03-14,0x2223f9fe624f69da4d8256a7bcc9104fba7f8f75,1920,0x00c67d9d6d3d13b42a87424e145826c467cccd84,4648.274198,4648.274198,0.0,1,0,1710852791
2024-03-14,0x2223f9fe624f69da4d8256a7bcc9104fba7f8f75,1924,0xbd04e7a7c2dd830ec4819f3d12e93931383cc4a4,4630.99466,4630.99466,0.0,1,0,1710580359
2024-03-14,0x2223f9fe624f69da4d8256a7bcc9104fba7f8f75,1935,0x47936e516d11d987412e67e5c20c8fb831053653,4569.267151,4569.267151,4467.812711,1,1,1710421869
2024-03-14,0x2223f9fe624f69da4d8256a7bcc9104fba7f8f75,1968,0xbb2d01f1cb61a1c784ef7170906463c282f757fa,10854.809786,10854.809786,10854.809786,1,1,1710552999
2024-03-14,0x2223f9fe624f69da4d8256a7bcc9104fba7f8f75,1979,0x3e97b8da1e88c8a318069a8b35dff8a7b20df636,4427.820115,4427.820115,0.0,1,0,1710471827
2024-03-14,0x2223f9fe624f69da4d8256a7bcc9104fba7f8f75,2010,0x78b54f078905f357d87d4f50c27c89b6d4afbede,4351.099354,8702.198708,8575.394089,2,2,1710736587
2024-03-14,0x2223f9fe624f69da4d8256a7bcc9104fba7f8f75,2027,0xa0eb44b173af64f2fdb47c7d76ff3a33e04103b6,0.0,0.0,7443.919331,0,1,1710973155
2024-03-14,0x2223f9fe624f69da4d8256a7bcc9104fba7f8f75,2035,0x7f85cf44e446a4b1aace2a28774e88cd6d4e3441,0.0,0.0,4272.627048,0,1,1710492687
2024-03-14,0x2223f9fe624f69da4d8256a7bcc9104fba7f8f75,2036,0x9342e2ac6dd4a907948e91e80d2734ecac1d70ec,2480.120035,4968.580861,4983.613362,2,2,1710846445
2024-03-14,0x2223f9fe624f69da4d8256a7bcc9104fba7f8f75,2051,0xad5509273d21f6f3e7a8bb9de306e6e573a84c04,4142.888614,4142.888614,0.0,1,0,1710386547
2024-03-14,0x2223f9fe624f69da4d8256a7bcc9104fba7f8f75,2087,0x4d85e4f760fb58e380f02657ae5aafb8bd010601,2384.31512,2384.31512,2384.31512,1,1,1710380317
2024-03-14,0x2223f9fe624f69da4d8256a7bcc9104fba7f8f75,2088,0xba90b576573d9b2563d752a30c4cee502c15c371,0.0,0.0,4146.074106,0,1,1710963035
2024-03-14,0x2223f9fe624f69da4d8256a7bcc9104fba7f8f75,2109,0xaba92f62ef9d45d0b61808d330461c3b2d8fece8,4106.790856,4106.790856,0.0,1,0,1710941007
2024-03-14,0x2223f9fe624f69da4d8256a7bcc9104fba7f8f75,2129,0x9e136c1c6d31504f6b0af8cba2cd3f1ea77b2e2b,2208.954665,2208.954665,2208.954665,1,1,1710440543
2024-03-14,0x2223f9fe624f69da4d8256a7bcc9104fba7f8f75,2131,0x85a729033ea3ac6fab6ca0111e587dba45f753f0,0.0,0.0,4010.900115,0,1,1710379713
2024-03-14,0x2223f9fe624f69da4d8256a7bcc9104fba7f8f75,2175,0x96b9d9a5cfe8c572def7588d31f7921138794e24,5001.236435,5001.236435,4932.694761,1,1,1710585897
2024-03-14,0x2223f9fe624f69da4d8256a7bcc9104fba7f8f75,2208,0xbbcc2e027a065d7c4e1fdca27885b1783348448c,3878.04334,3878.04334,3865.11682,1,1,1710761083
2024-03-14,0x2223f9fe624f69da4d8256a7bcc9104fba7f8f75,2212,0x737d8e671b806851522a925858157e273b015f74,3973.054389,3973.054389,3966.317533,1,1,1710916121
2024-03-14,0x2223f9fe624f69da4d8256a7bcc9104fba7f8f75,2253,0x6ffc40e41897421f381abf343301fdd01cccec34,3733.567015,3733.567015,3733.567015,1,1,1710532839
2024-03-14,0x2223f9fe624f69da4d8256a7bcc9104fba7f8f75,2254,0xd4a766461855f69ebe6f08a8fdde55c97a009cae,3629.805563,3629.805563,3629.805563,1,1,1710593963
2024-03-14,0x2223f9fe624f69da4d8256a7bcc9104fba7f8f75,2270,0x68da9f01a7de69436f40af6a412ecbcc7eb87ead,3607.853669,3607.853669,0.0,1,0,1710453565
2024-03-14,0x2223f9fe624f69da4d8256a7bcc9104fba7f8f75,2302,0xba798ede9ff11015205d3f158cee1e587ea108b1,911.253804,911.253804,901.674151,1,1,1710404767
2024-03-14,0x2223f9fe624f69da4d8256a7bcc9104fba7f8f75,2325,0x6a85c3bfc93d59b9746152a35832fd3255f7f930,3482.068357,3482.068357,3492.679585,1,1,1710387683
2024-03-14,0x2223f9fe624f69da4d8256a7bcc9104fba7f8f75,2345,0x12924049e2d21664e35387c69429c98e9891a820,3584.329621,3584.329621,3488.04947,1,1,1710386551
2024-03-14,0x2223f9fe624f69da4d8256a7bcc9104fba7f8f75,2349,0xe6156d93fba1f2387fce5f50f1bb45ef51ed5f2b,1785.542819,1785.542819,0.0,1,0,1710735877
2024-03-14,0x2223f9fe624f69da4d8256a7bcc9104fba7f8f75,2368,0xbfbcaade099cf80fbae44d5d7b3a7af79e3038fe,3546.856859,3546.856859,0.0,1,0,1710743675
2024-03-14,0x2223f9fe624f69da4d8256a7bcc9104fba7f8f75,2395,0xf56036f6a5d9b9991c209dcbc9c40b2c1cd46540,3471.7928,3471.7928,0.0,1,0,1710874487
2024-03-14,0x2223f9fe624f69da4d8256a7bcc9104fba7f8f75,2430,0x1b6a83f6fcf3ab0879199350f4556aecf42a6180,3334.362941,3334.362941,3334.362941,1,1,1710425253
2024-03-14,0x2223f9fe624f69da4d8256a7bcc9104fba7f8f75,2450,0x46893bccacaf54cc656540e98c7fdd099b9f04c6,1699.990264,1699.990264,0.0,1,0,1710492181
2024-03-14,0x2223f9fe624f69da4d8256a7bcc9104fba7f8f75,2475,0x9bc86996822381b9dc51d367a6bf088d397d9f68,519.901554,519.901554,1034.411308,1,1,1710610683
2024-03-14,0x2223f9fe624f69da4d8256a7bcc9104fba7f8f75,2554,0x45740e393a093cb341eb0cb8772605a6b7034a87,1622.742544,1622.742544,0.0,1,0,1710727481
2024-03-14,0x2223f9fe624f69da4d8256a7bcc9104fba7f8f75,2565,0xba77e0b03b41a980bb4e7bb32ec7a2dfe1b66f8f,3256.891116,3256.891116,0.0,1,0,1710696067
2024-03-14,0x2223f9fe624f69da4d8256a7bcc9104fba7f8f75,2595,0xc4f2980b4826881f2cb9cfb05b60c0ab1b62061c,776.273071,776.273071,0.0,1,0,1710750995
2024-03-14,0x2223f9fe624f69da4d8256a7bcc9104fba7f8f75,2629,0xe012d8ecff24057e3a47c93f44ff6eb9d1ba2f4f,0.0,0.0,3116.579973,0,1,1710428465
2024-03-14,0x2223f9fe624f69da4d8256a7bcc9104fba7f8f75,2632,0x5449f6df38d7d6f2fb8ccea1f3f9f87418e8a174,3267.942374,3267.942374,3262.401133,1,1,1710496143
2024-03-14,0x2223f9fe624f69da4d8256a7bcc9104fba7f8f75,2635,0xeab900b78496ec846f9c5125a72ee5393d57d146,1566.419734,1566.419734,1523.413005,1,1,1710515737
2024-03-14,0x2223f9fe624f69da4d8256a7bcc9104fba7f8f75,2663,0xca3239ffb9121d868194882935a702433769b22d,1508.02251,1508.02251,0.0,1,0,1710941155
2024-03-14,0x2223f9fe624f69da4d8256a7bcc9104fba7f8f75,2704,0x1aaa8d951c6c74f6548bd4e89a1c54fb5fcd0ac2,3014.648909,3014.648909,0.0,1,0,1710536375
2024-03-14,0x2223f9fe624f69da4d8256a7bcc9104fba7f8f75,2711,0x18c6a47aca1c6a237e53ed2fc3a8fb392c97169b,2354.191537,2354.191537,3148.35566,1,1,1710383373
2024-03-14,0x2223f9fe624f69da4d8256a7bcc9104fba7f8f75,2726,0xae78d5362f6687de8fbb9b5de6dd129883d61ea8,2884.423682,2884.423682,2884.423682,1,1,1710887355
2024-03-14,0x2223f9fe624f69da4d8256a7bcc9104fba7f8f75,2748,0xfe9182cd69f9feb2a22c8bb88d03dcbbdff77f11,2802.781807,2802.781807,2725.830223,1,1,1710959593
2024-03-14,0x2223f9fe624f69da4d8256a7bcc9104fba7f8f75,2755,0x27f34c4f30f11a6a9698d9711573a1319c6a135d,2782.177083,2782.177083,0.0,1,0,1710760953
2024-03-14,0x2223f9fe624f69da4d8256a7bcc9104fba7f8f75,2758,0x91817a270fb9f03e00918fae83b3fe718c1426e8,0.0,0.0,2745.938686,0,1,1710466359
2024-03-14,0x2223f9fe624f69da4d8256a7bcc9104fba7f8f75,2775,0x323b7e14205c54604be21d74d1ad0ab070ec5bb2,2696.252269,2696.252269,2682.27111,1,1,1710874323
2024-03-14,0x2223f9fe624f69da4d8256a7bcc9104fba7f8f75,2795,0x9f834835927a0d9d589620669c0cd16b6af87d57,1902.877611,1902.877611,1902.877611,1,1,1710748009
2024-03-14,0x2223f9fe624f69da4d8256a7bcc9104fba7f8f75,2817,0xd9d836ebc67abeec65b29e586f89816dab991f69,2596.079667,2596.079667,2596.079667,1,1,1710433333
2024-03-14,0x2223f9fe624f69da4d8256a7bcc9104fba7f8f75,2823,0x50daf20699e6d747760e94172b54564b63f47d79,2426.779561,2426.779561,2426.779561,1,1,1710696121
2024-03-14,0x2223f9fe624f69da4d8256a7bcc9104fba7f8f75,2834,0x0d758753c03d7bda04b3dadb62a3df9c2e863da1,0.0,0.0,5989.308729,0,1,1710955721
2024-03-14,0x2223f9fe624f69da4d8256a7bcc9104fba7f8f75,2846,0x7f922e25a3ff62f9a253c83f3f1f2e1dddae60bd,0.0,0.0,2371.052706,0,1,1710915835
2024-03-14,0x2223f9fe624f69da4d8256a7bcc9104fba7f8f75,2877,0x6f6cbac3fc494e57da3b53977fa9872c8fc74987,0.0,0.0,2284.799264,0,1,1710910679
2024-03-14,0x2223f9fe624f69da4d8256a7bcc9104fba7f8f75,2957,0x2421134c8e8278ad199f6886ae70c5c373da3b48,0.0,0.0,2204.349609,0,1,1710580865
2024-03-14,0x2223f9fe624f69da4d8256a7bcc9104fba7f8f75,2983,0xeba06532a72bec44a1d33130aaa7c45c31e502f6,0.0,0.0,2037.035295,0,1,1710910577
2024-03-14,0x2223f9fe624f69da4d8256a7bcc9104fba7f8f75,3041,0x7caea457224c345d1518a23fbd07ebdbdd21170c,509.389808,1528.169424,1966.499978,2,2,1710891691
2024-03-14,0x2223f9fe624f69da4d8256a7bcc9104fba7f8f75,3046,0x16d890467de4d32bbcbab402073c5533609ae848,481.66518,481.66518,468.440855,1,1,1710403893
2024-03-14,0x2223f9fe624f69da4d8256a7bcc9104fba7f8f75,3047,0xbee2d469aacb46251ae33cca91f482e26c971dff,0.0,0.0,964.948788,0,1,1710969903
2024-03-14,0x2223f9fe624f69da4d8256a7bcc9104fba7f8f75,3072,0x6eabe04636a21156a56bb3ce4096ce49dbc280ed,189.171267,189.171267,921.362265,1,1,1710718531
2024-03-14,0x2223f9fe624f69da4d8256a7bcc9104fba7f8f75,3080,0xf5a42683d4458ba74a0829e1e6e04612422f9ba1,0.0,0.0,1864.925469,0,1,1710840549
2024-03-14,0x2223f9fe624f69da4d8256a7bcc9104fba7f8f75,3083,0x59617225c006871c2a279089570063f0294ae2c9,1881.492277,1881.492277,1826.817407,1,1,1710390647
2024-03-14,0x2223f9fe624f69da4d8256a7bcc9104fba7f8f75,3091,0xa6473cce13f11614745e6bf9cad704646616a9b8,0.0,1972.884907,3913.001701,1,2,1710965141
2024-03-14,0x2223f9fe624f69da4d8256a7bcc9104fba7f8f75,3191,0xa74e65f8bee81a717de22cc49d798caa11fb494a,1795.653236,1795.653236,1792.608461,1,1,1710421585
2024-03-14,0x2223f9fe624f69da4d8256a7bcc9104fba7f8f75,3226,0x662585f660f1c38b0150bffed74096be688fd076,0.0,0.0,1663.708076,0,1,1710571769
2024-03-14,0x2223f9fe624f69da4d8256a7bcc9104fba7f8f75,3232,0x6b174b2f42dae970fed64cfa61cd0b993d59ef66,1658.405925,1658.405925,0.0,1,0,1710744693
2024-03-14,0x2223f9fe624f69da4d8256a7bcc9104fba7f8f75,3260,0x510a4cbd16b65ddc32e3392b246eb19005332a80,1842.344304,1842.344304,1842.344304,1,1,1710394447
2024-03-14,0x2223f9fe624f69da4d8256a7bcc9104fba7f8f75,3271,0x75fa74606b95877aabf6bef66db511c36492e66f,1617.240356,1617.240356,0.0,1,0,1710440989
2024-03-14,0x2223f9fe624f69da4d8256a7bcc9104fba7f8f75,3329,0x9213dc91b318f030eeac9085871939c6c7c58089,51398.146456,51398.146456,0.0,1,0,1710779421
2024-03-14,0x2223f9fe624f69da4d8256a7bcc9104fba7f8f75,3331,0x4a07571aa5d50373eb2c4bde72ffc10a3e580e7b,0.0,0.0,43.29587,0,1,1710971341
2024-03-14,0x2223f9fe624f69da4d8256a7bcc9104fba7f8f75,3362,0x7ffbeb62cf6e5e53f898ba52d66d29ca3b2851fd,0.0,0.0,46467.591261,0,1,1710939161
2024-03-14,0x2223f9fe624f69da4d8256a7bcc9104fba7f8f75,3374,0x035ceb21c467f15e62e95b6e4ee7e0e6d6ce9b7a,1503.405149,1503.405149,1503.405149,1,1,1710394985
2024-03-14,0x2223f9fe624f69da4d8256a7bcc9104fba7f8f75,3394,0xbf11833461348bcf5217c38e52920a55cb589168,0.0,0.0,1446.264196,0,1,1710947927
2024-03-14,0x2223f9fe624f69da4d8256a7bcc9104fba7f8f75,3405,0x353c5a5bb339a756e25d9ab983db61c7b1ac2922,0.0,0.0,1468.010246,0,1,1710913399
2024-03-14,0x2223f9fe624f69da4d8256a7bcc9104fba7f8f75,3408,0x1f2b88b4fbcbecf1e0b07728c6db26bfdacdb0b2,0.0,0.0,1461.360063,0,1,1710914215
2024-03-14,0x2223f9fe624f69da4d8256a7bcc9104fba7f8f75,3412,0x22422040886ab7d0a08eeafa2c595a707a26c531,0.0,0.0,1456.014404,0,1,1710915991
2024-03-14,0x2223f9fe624f69da4d8256a7bcc9104fba7f8f75,3416,0x0737467164f8bb1ef64f006612edb6035aea6efb,0.0,0.0,353.061837,0,1,1710921041
2024-03-14,0x2223f9fe624f69da4d8256a7bcc9104fba7f8f75,3418,0xa6e2df09d9a7bea5ddca479a1a59e3195583cfa6,0.0,0.0,1450.645915,0,1,1710914163
2024-03-14,0x2223f9fe624f69da4d8256a7bcc9104fba7f8f75,3421,0xa810acb0de477f7af911dbe235cdf42e576a6a1a,0.0,0.0,1402.274766,0,1,1710555965
2024-03-14,0x2223f9fe624f69da4d8256a7bcc9104fba7f8f75,3430,0x4b4e54a9978453254acb96d3d8d9e202b5b01386,0.0,0.0,1426.604335,0,1,1710913455
2024-03-14,0x2223f9fe624f69da4d8256a7bcc9104fba7f8f75,3431,0xf9ce07a5611f18f018261d9e5be3fad92b49c852,0.0,0.0,1425.643642,0,1,1710916115
2024-03-14,0x2223f9fe624f69da4d8256a7bcc9104fba7f8f75,3434,0x7ec4dedf1587acf5f6090f8086e555ed72d6f0b8,0.0,0.0,1414.06805,0,1,1710915791
2024-03-14,0x2223f9fe624f69da4d8256a7bcc9104fba7f8f75,3470,0x8dc4eac2012e04f62ef6445cdf4b19dea81a2d8b,0.0,0.0,2226.348097,0,1,1710966101
2024-03-14,0x2223f9fe624f69da4d8256a7bcc9104fba7f8f75,3566,0xacd65b8e9d50128780a114a16d8e9870e19c82c3,1237.04177,1237.04177,0.0,1,0,1710451735
2024-03-14,0x2223f9fe624f69da4d8256a7bcc9104fba7f8f75,3608,0x094b12a57fcf2c37e0b5898a50f372427812280f,0.0,0.0,2763.427307,0,1,1710964843
2024-03-14,0x2223f9fe624f69da4d8256a7bcc9104fba7f8f75,3619,0x1ffac7df7864dc7da6fb59f991e52c2955f95c84,1160.539223,1160.539223,1160.539223,1,1,1710532749
2024-03-14,0x2223f9fe624f69da4d8256a7bcc9104fba7f8f75,3629,0xebce1cba1c082360a881bd967b2837ba6f03c74d,0.0,0.0,111.966247,0,1,1710761649
2024-03-14,0x2223f9fe624f69da4d8256a7bcc9104fba7f8f75,3630,0x21716a168b41c2c500208bc04f6493bb4d11d971,287.943664,287.943664,285.930903,1,1,1710428933
2024-03-14,0x2223f9fe624f69da4d8256a7bcc9104fba7f8f75,3676,0x24fc25705cbf31dc3f1a662e0b97b49071235650,1119.615027,2239.230053,2206.694812,2,2,1710764473
2024-03-14,0x2223f9fe624f69da4d8256a7bcc9104fba7f8f75,3679,0x5e36d7f200917d3744a227338f5cffd67da183c1,0.0,0.0,542.871469,0,1,1710388605
2024-03-14,0x2223f9fe624f69da4d8256a7bcc9104fba7f8f75,3686,0x8da303538583edf838a9fc42def59240c19b896d,557.891062,557.891062,553.004958,1,1,1710410995
2024-03-14,0x2223f9fe624f69da4d8256a7bcc9104fba7f8f75,3758,0xe492e921f11d8c42f78e80e9bb9abc75d9c49243,0.0,0.0,854.716162,0,1,1710875943
2024-03-14,0x2223f9fe624f69da4d8256a7bcc9104fba7f8f75,3789,0x3544773551eb240c2d8b499a62cab994e7bb2662,0.0,0.0,1011.93024,0,1,1710637213
2024-03-14,0x2223f9fe624f69da4d8256a7bcc9104fba7f8f75,3822,0x9bf2df3e97a2a181221424ddc14b18400e94f776,1044.91229,1044.91229,1043.140499,1,1,1710417261
2024-03-14,0x2223f9fe624f69da4d8256a7bcc9104fba7f8f75,3864,0xa13c2def62c36697407fbe7d574e946bf60d7350,0.0,0.0,312.165993,0,1,1710968607
2024-03-14,0x2223f9fe624f69da4d8256a7bcc9104fba7f8f75,3888,0x82cc101093467735417e595c749295d5d91eab5b,914.900305,914.900305,0.0,1,0,1710494307
2024-03-14,0x2223f9fe624f69da4d8256a7bcc9104fba7f8f75,3933,0xa198e245bf6929c1a1899e36bf957417143d4f7f,220.810601,220.810601,0.0,1,0,1710676367
2024-03-14,0x2223f9fe624f69da4d8256a7bcc9104fba7f8f75,3942,0x2808370606f07a16442a77ba45b9994beec6aed2,224.655267,224.655267,0.0,1,0,1710457463
2024-03-14,0x2223f9fe624f69da4d8256a7bcc9104fba7f8f75,3985,0xc13527b9dba100555ba4b062b317b41b6a0ee7f9,418.044754,418.044754,0.0,1,0,1710516353
2024-03-14,0x2223f9fe624f69da4d8256a7bcc9104fba7f8f75,3998,0x02e0c302380aa679189d9caa349a0da5a6a19108,819.38793,819.38793,0.0,1,0,1710716577
2024-03-14,0x2223f9fe624f69da4d8256a7bcc9104fba7f8f75,4062,0xc4a30458b226630d3fa9961c24974f4e6b043afe,781.198604,781.198604,781.198604,1,1,1710484013
2024-03-14,0x2223f9fe624f69da4d8256a7bcc9104fba7f8f75,4094,0x52aac9e83a3793f327942ac6541c7161cec14360,791.780701,791.780701,0.0,1,0,1710459137
2024-03-14,0x2223f9fe624f69da4d8256a7bcc9104fba7f8f75,4187,0x06dc0cbf44eed256c5975210095be703504a4541,709.386838,709.386838,0.0,1,0,1710649201
2024-03-14,0x2223f9fe624f69da4d8256a7bcc9104fba7f8f75,4302,0x72665c34a1fdd9f54c3001c00d358e1833f1fb03,641.473478,641.473478,622.832701,1,1,1710706913
2024-03-14,0x2223f9fe624f69da4d8256a7bcc9104fba7f8f75,4340,0xcdd5ccc914ba68b56eacb1a6058475648a3fda12,0.0,0.0,1028.789919,0,1,1710578215
2024-03-14,0x2223f9fe624f69da4d8256a7bcc9104fba7f8f75,4357,0xb0fda516afc483866f2890e0f5d2e6b80e554968,604.267432,604.267432,602.253252,1,1,1710589255
2024-03-14,0x2223f9fe624f69da4d8256a7bcc9104fba7f8f75,4392,0x7a44546d86aad1479895390c1ec7add0b9e45f08,569.082753,569.082753,569.082753,1,1,1710916323
2024-03-14,0x2223f9fe624f69da4d8256a7bcc9104fba7f8f75,4513,0x8325aff2ccc014468cdf20f2538d8534db7a100f,532.477834,532.477834,525.180254,1,1,1710404621
2024-03-14,0x2223f9fe624f69da4d8256a7bcc9104fba7f8f75,4518,0x43917a8174465dc01522e8e14335eaa2cde33f6f,186.069087,186.069087,79.33039,1,1,1710448057
2024-03-14,0x2223f9fe624f69da4d8256a7bcc9104fba7f8f75,4535,0xdc52350858b60853d93390ab38dee3ce7e147fa7,526.018546,526.018546,510.732809,1,1,1710912539
2024-03-14,0x2223f9fe624f69da4d8256a7bcc9104fba7f8f75,4555,0x99bf19dca2125b789cfe8a9609c1a217b4e5c918,257.315603,257.315603,0.0,1,0,1710736035
2024-03-14,0x2223f9fe624f69da4d8256a7bcc9104fba7f8f75,4619,0x05266e8cfa94c077d043f00fde61609dc75ecd11,0.0,0.0,471.811464,0,1,1710609865
2024-03-14,0x2223f9fe624f69da4d8256a7bcc9104fba7f8f75,4640,0x1c3be20a226333e26833618b96e9d10aa741da6e,476.220812,476.220812,476.220812,1,1,1710393653
2024-03-14,0x2223f9fe624f69da4d8256a7bcc9104fba7f8f75,4668,0x2fd81617ac20c54109f1b1b6b08c5b7e74d56210,114.028883,114.028883,0.0,1,0,1710446195
2024-03-14,0x2223f9fe624f69da4d8256a7bcc9104fba7f8f75,4681,0x5b1aa687371f5f34600a4899918723d26d8521c6,466.569878,466.569878,466.569878,1,1,1710788633
2024-03-14,0x2223f9fe624f69da4d8256a7bcc9104fba7f8f75,4701,0x7926a8b9e64682d08bbbe966a70ac26ada30816c,460.061485,460.061485,0.0,1,0,1710777249
2024-03-14,0x2223f9fe624f69da4d8256a7bcc9104fba7f8f75,4726,0xc441fcd2e080a01f451b63e9b6ba4b524c5e1d58,452.643536,452.643536,445.901614,1,1,1710934931
2024-03-14,0x2223f9fe624f69da4d8256a7bcc9104fba7f8f75,4811,0x8371ff8bb82d7d4b5fa542b8372e6f60c83ad888,868.739407,868.739407,0.0,1,0,1710402447
2024-03-14,0x2223f9fe624f69da4d8256a7bcc9104fba7f8f75,4838,0x2f2f665974261c4129b1dc6c359bd259cd66f78a,157.886782,157.886782,158.104943,1,1,1710382593
2024-03-14,0x2223f9fe624f69da4d8256a7bcc9104fba7f8f75,4845,0xdd611400884430b2b1e92509badc88d720768b89,135.970079,135.970079,136.735053,1,1,1710680425
2024-03-14,0x2223f9fe624f69da4d8256a7bcc9104fba7f8f75,4890,0x12f03f0f9b9384feee357ab255b42ae99fdb8895,411.911121,411.911121,0.0,1,0,1710406031
2024-03-14,0x2223f9fe624f69da4d8256a7bcc9104fba7f8f75,4901,0x4ddeba3cb70e38dee2f22071da5f71770d1ecef2,410.750995,410.750995,410.750995,1,1,1710392777
2024-03-14,0x2223f9fe624f69da4d8256a7bcc9104fba7f8f75,4905,0xf54198baa99ec5174bd77231e17b5bb80bc3dd32,422.785931,422.785931,410.500063,1,1,1710950665
2024-03-14,0x2223f9fe624f69da4d8256a7bcc9104fba7f8f75,4930,0x0cf603c60a2c058857210cbc539f19e48779b7fe,420.032964,420.032964,407.827095,1,1,1710955253
2024-03-14,0x2223f9fe624f69da4d8256a7bcc9104fba7f8f75,4934,0xcbe8ef9957d0f34f732c8148311309a261f3cd36,419.549125,419.549125,0.0,1,0,1710775977
2024-03-14,0x2223f9fe624f69da4d8256a7bcc9104fba7f8f75,4956,0x619ddbafd5997de5171bc1841834304e8b13642d,417.970127,417.970127,0.0,1,0,1710777029
2024-03-14,0x2223f9fe624f69da4d8256a7bcc9104fba7f8f75,4972,0x9baa120b011334ae37ce01ac7c714c934cd7648d,404.198802,404.198802,0.0,1,0,1710405963
2024-03-14,0x2223f9fe624f69da4d8256a7bcc9104fba7f8f75,4976,0xb7d517fab6efec8c689d3c9db5cff50d3f947ba1,416.022966,416.022966,403.933625,1,1,1710692083
2024-03-14,0x2223f9fe624f69da4d8256a7bcc9104fba7f8f75,5060,0x0194ef37f2c56b5b0d06a2acefb13e969099281c,408.256441,408.256441,0.0,1,0,1710705217
2024-03-14,0x2223f9fe624f69da4d8256a7bcc9104fba7f8f75,5064,0xf98f3faabc33db5d781ba5a2da687a1332d1781d,418.321485,418.321485,417.612164,1,1,1710433223
2024-03-14,0x2223f9fe624f69da4d8256a7bcc9104fba7f8f75,5111,0x4e2cc632afabab2bf0ba21f1e39ca26162439ab4,392.671258,392.671258,0.0,1,0,1710669147
2024-03-14,0x2223f9fe624f69da4d8256a7bcc9104fba7f8f75,5115,0x24cbdb4728c3ca66b827424ebe78a32ddeaceb8f,403.672724,403.672724,0.0,1,0,1710776279
2024-03-14,0x2223f9fe624f69da4d8256a7bcc9104fba7f8f75,5122,0x0419a7f969aaddacd52a3188d6837d7a75012566,195.670688,195.670688,118.596117,1,1,1710675967
2024-03-14,0x2223f9fe624f69da4d8256a7bcc9104fba7f8f75,5189,0xc38a25f2bcccb803b96ef9102bd94f6dc74725bc,386.707292,386.707292,386.707292,1,1,1710693131
2024-03-14,0x2223f9fe624f69da4d8256a7bcc9104fba7f8f75,5228,0x91a332f12e51a5ab2b343c6587189969b533f55d,385.028288,385.028288,385.028288,1,1,1710836927
2024-03-14,0x2223f9fe624f69da4d8256a7bcc9104fba7f8f75,5233,0xa58c09bec30e85bb29412de7429df30eb8cc3c11,396.227366,396.227366,385.088321,1,1,1710695263
2024-03-14,0x2223f9fe624f69da4d8256a7bcc9104fba7f8f75,5246,0xa5cc3c6b894982a1d0f35ac51d3bd2e877d532d8,431.664166,431.664166,384.332597,1,1,1710701263
2024-03-14,0x2223f9fe624f69da4d8256a7bcc9104fba7f8f75,5263,0x295a02a6e8c030ddddb6748e47d88ecefb2c46ce,135.70416,135.70416,136.283905,1,1,1710580169
2024-03-14,0x2223f9fe624f69da4d8256a7bcc9104fba7f8f75,5299,0xe8eda53fde3cc6149989ca8aa8a2354f0a287b51,381.325166,381.325166,381.325166,1,1,1710751843
2024-03-14,0x2223f9fe624f69da4d8256a7bcc9104fba7f8f75,5334,0x0aab76fddcb7deca2c4ca111fce385af3b016c2e,189.883452,189.883452,189.883452,1,1,1710570123
2024-03-14,0x2223f9fe624f69da4d8256a7bcc9104fba7f8f75,5337,0x61f8c99f4acde25dac0c591f5e6b4b635ab2f7c5,195.323087,195.323087,0.0,1,0,1710448095
2024-03-14,0x2223f9fe624f69da4d8256a7bcc9104fba7f8f75,5401,0xf45f128acc881f4eb9f1340480e60ec5e31faa6c,193.20727,193.20727,0.0,1,0,1710400329
2024-03-14,0x2223f9fe624f69da4d8256a7bcc9104fba7f8f75,5441,0x9b8bbc91218519ea385d59a8d661b50121249cd5,385.121538,385.121538,0.0,1,0,1710776781
2024-03-14,0x2223f9fe624f69da4d8256a7bcc9104fba7f8f75,5444,0x148691bc2aab5abb8b91618267e66b860edb14b4,189.333194,189.333194,0.0,1,0,1710461857
2024-03-14,0x2223f9fe624f69da4d8256a7bcc9104fba7f8f75,5457,0x8db7a537d8478df3c6d95ff33b4270342862957f,0.0,0.0,43.744491,0,1,1710486579
2024-03-14,0x2223f9fe624f69da4d8256a7bcc9104fba7f8f75,5474,0xac53ca76ad543b47254b338ad5d7900a0be800ca,384.379019,384.379019,373.573063,1,1,1710695461
2024-03-14,0x2223f9fe624f69da4d8256a7bcc9104fba7f8f75,5482,0xa7bf2712349bd3dcbc0cebbf49fdd2449077d744,391.769886,391.769886,391.105586,1,1,1710421489
2024-03-14,0x2223f9fe624f69da4d8256a7bcc9104fba7f8f75,5493,0x277c583c6ac9cdafbad6a1c97d86cbec56cf2f8f,371.989987,371.989987,185.994994,1,1,1710502699
2024-03-14,0x2223f9fe624f69da4d8256a7bcc9104fba7f8f75,5646,0xf8591e4b202fd34786f84d3a696e833e97b02a20,367.367271,367.367271,367.367271,1,1,1710384737
2024-03-14,0x2223f9fe624f69da4d8256a7bcc9104fba7f8f75,5649,0xc63b1e66326b6bffbef3e1a903c29771d70f8e20,183.660233,183.660233,367.320467,1,1,1710444877
2024-03-14,0x2223f9fe624f69da4d8256a7bcc9104fba7f8f75,5709,0x78667266ef6aa9d647827cc19a9d789416ba36d2,376.701853,376.701853,0.0,1,0,1710649747
2024-03-14,0x2223f9fe624f69da4d8256a7bcc9104fba7f8f75,5721,0x4f9285efe27e44dfbe679ca8fef70fa8172517fb,375.90604,375.90604,373.242197,1,1,1710699421
2024-03-14,0x2223f9fe624f69da4d8256a7bcc9104fba7f8f75,5728,0xd07e20a52b71ce9c911385d04c79a2418bf04502,365.289311,365.289311,0.0,1,0,1710576245
2024-03-14,0x2223f9fe624f69da4d8256a7bcc9104fba7f8f75,5761,0x26f7678429ad78fbef8fa7f933b5f472fe74607f,369.304889,369.304889,369.304889,1,1,1710444583
2024-03-14,0x2223f9fe624f69da4d8256a7bcc9104fba7f8f75,5898,0x7c0111879da162e53360f4a379c8cb25c81bb299,180.161552,180.161552,180.161552,1,1,1710570187
2024-03-14,0x2223f9fe624f69da4d8256a7bcc9104fba7f8f75,5925,0xf46d36a35eca074dac347bab4f70d969e8cbce59,368.684644,368.684644,368.684644,1,1,1710392805
2024-03-14,0x2223f9fe624f69da4d8256a7bcc9104fba7f8f75,5994,0x88ca0e1c12c6e87f5b7b6475786e1982ac95092b,356.706208,356.706208,356.706208,1,1,1710448213
2024-03-14,0x2223f9fe624f69da4d8256a7bcc9104fba7f8f75,6043,0xf489741242f62a0d1a13507ab2c9c4473cc59b83,771.33422,771.33422,361.929973,1,1,1710457683
2024-03-14,0x2223f9fe624f69da4d8256a7bcc9104fba7f8f75,6056,0xc630ee3e52a40a2c87d3507b18d11efb178d01ab,49.733211,49.733211,49.733211,1,1,1710508015
2024-03-14,0x2223f9fe624f69da4d8256a7bcc9104fba7f8f75,6065,0x989778465583949d139053fce99945e42ccd4716,365.671281,365.671281,0.0,1,0,1710566631
2024-03-14,0x2223f9fe624f69da4d8256a7bcc9104fba7f8f75,6193,0x58b43515c356270fbb80c7d7f446c1a03a4e9dd9,88.046676,88.046676,0.0,1,0,1710501887
2024-03-14,0x2223f9fe624f69da4d8256a7bcc9104fba7f8f75,6201,0x81c516261ab29dd24d9acc0a1d8ccb822ad7c982,351.975884,351.975884,351.975884,1,1,1710882093
2024-03-14,0x2223f9fe624f69da4d8256a7bcc9104fba7f8f75,6280,0x425c003ee236f402ea423c874d158cddcc041fb6,360.392363,360.392363,350.497635,1,1,1710519681
2024-03-14,0x2223f9fe624f69da4d8256a7bcc9104fba7f8f75,6511,0x41d2f3add533465d1038bfac72855e8430f92eec,117.422147,117.422147,117.422147,1,1,1710387173
2024-03-14,0x2223f9fe624f69da4d8256a7bcc9104fba7f8f75,6572,0x05e70e1887ad687da0a821f5e81323fd910c0dac,1020.011574,1020.011574,1016.611611,1,1,1710448805
2024-03-14,0x2223f9fe624f69da4d8256a7bcc9104fba7f8f75,6585,0x221a68818a6a77fae0d920306b45a3b1e32e6743,5868.177799,5868.177799,0.0,1,0,1710401583
2024-03-14,0x2223f9fe624f69da4d8256a7bcc9104fba7f8f75,6653,0xd1ad3830b54e97fcc05195c637b8e8e038378070,0.0,0.0,15.642585,0,1,1710889289
2024-03-14,0x2223f9fe624f69da4d8256a7bcc9104fba7f8f75,6667,0x7680f91d3d3a5f451a6387ba802661d96f78dd8f,86.065529,86.065529,0.0,1,0,1710671899
2024-03-14,0x2223f9fe624f69da4d8256a7bcc9104fba7f8f75,6689,0x885a8bd0aed00e5a042e7bb788fa56c9e0fee5a4,0.0,0.0,51.29109,0,1,1710720275
2024-03-14,0x2223f9fe624f69da4d8256a7bcc9104fba7f8f75,6708,0x229adb9002a8e42e5f7b8762d09612e9ffd6337f,0.0,0.0,33.484392,0,1,1710407309
2024-03-14,0x2223f9fe624f69da4d8256a7bcc9104fba7f8f75,6766,0xb4dc4c7460c58e7652cd615675a1f707ebb67e9a,24.024984,24.024984,24.433671,1,1,1710708657
2024-03-14,0x2223f9fe624f69da4d8256a7bcc9104fba7f8f75,6850,0x47b0c8c154fb9222d22e170a0801b9807dee2576,583.373591,583.373591,586.623924,1,1,1710442237
2024-03-14,0x2223f9fe624f69da4d8256a7bcc9104fba7f8f75,6933,0x5db9e26d5035c124a9b7dddd545fd60c23cf26d0,2.168348,2.168348,2.177404,1,1,1710433567
2024-03-14,0x2223f9fe624f69da4d8256a7bcc9104fba7f8f75,6965,0x0eb036276f40f1f0b98000de40f7e193f02a3178,0.0,0.0,9.214889,0,1,1710829137
2024-03-14,0x2223f9fe624f69da4d8256a7bcc9104fba7f8f75,7011,0x0d33d24eea04a3f776733cdfe2c0cda228e8e7ce,1.05639,1.05639,1.06872,1,1,1710562443
2024-03-14,0x2223f9fe624f69da4d8256a7bcc9104fba7f8f75,7013,0x4c1efe9cb913fde7c5e9cb8da70bd7fa3100ec88,1.844551,1.844551,0.0,1,0,1710816975
2024-03-14,0x2223f9fe624f69da4d8256a7bcc9104fba7f8f75,7057,0xbaf9a9b64a19de756f777c0a099fee804f6a265f,0.0,0.0,322.709554,0,1,1710682203
2024-03-14,0x2223f9fe624f69da4d8256a7bcc9104fba7f8f75,7062,0x8ecd54dc7f3e1b517d3ea419722a7c410eecd1cf,358.241279,358.241279,337.594218,1,1,1710410073
2024-03-14,0x2223f9fe624f69da4d8256a7bcc9104fba7f8f75,7188,0xb4dc4c7460c58e7652cd615675a1f707ebb67e9a,230.734754,230.734754,232.441064,1,1,1710708711
2024-03-14,0x2223f9fe624f69da4d8256a7bcc9104fba7f8f75,7262,0x321f02039ba6c454e3fc4d9bc7cbcfe6765402cd,8.841915,8.841915,8.975626,1,1,1710935279
2024-03-14,0x2223f9fe624f69da4d8256a7bcc9104fba7f8f75,7299,0x02e0c302380aa679189d9caa349a0da5a6a19108,799.419381,799.419381,0.0,1,0,1710716543
2024-03-14,0x2223f9fe624f69da4d8256a7bcc9104fba7f8f75,7449,0x26bf2a1433258eb23e65e3615c75c595f2d38d40,0.0,0.0,454.566676,0,1,1710467291
2024-03-14,0x2223f9fe624f69da4d8256a7bcc9104fba7f8f75,7560,0xebe3e9790bf09fe1191b3b67c0bc8d3fcfbe0701,63.393896,63.393896,22.934951,1,1,1710526905
2024-03-14,0x2223f9fe624f69da4d8256a7bcc9104fba7f8f75,7625,0xfb8826794abb11d8528e3934af4470dcac7615b2,0.0,0.0,3.540728,0,1,1710488201
2024-03-14,0x2223f9fe624f69da4d8256a7bcc9104fba7f8f75,7705,0xce030f1137e05bc3d13303ddb5a955600b9b5771,0.0,0.0,506.498279,0,1,1710691099
2024-03-14,0x2223f9fe624f69da4d8256a7bcc9104fba7f8f75,7834,0xacbe1fc97ced05874d2ee6993d92066fe3ec011f,3.801896,3.801896,3.272289,1,1,1710915065
2024-03-14,0x2223f9fe624f69da4d8256a7bcc9104fba7f8f75,7844,0x4dccb4444a0a804b778ddac22dc21b4fd0fe1a0d,2.247871,2.247871,4.8022,1,1,1710828517
2024-03-14,0x2223f9fe624f69da4d8256a7bcc9104fba7f8f75,7942,0x1faf770c3974a16fff04a78d225a6d7d0bd3fe46,0.0,0.0,361.081366,0,1,1710925273
2024-03-14,0x2223f9fe624f69da4d8256a7bcc9104fba7f8f75,7997,0x41117551e82bc1eeb196150c4f476158f7757aee,45.153641,45.153641,23.680736,1,1,1710836313
2024-03-14,0x2223f9fe624f69da4d8256a7bcc9104fba7f8f75,8050,0xaad47e67e39f3b00b39e86ef4cc8434bf10560ba,394.686981,394.686981,398.215384,1,1,1710772843
2024-03-14,0x2223f9fe624f69da4d8256a7bcc9104fba7f8f75,8083,0xca82abdbb7d552fa2903ab2943518e798325e44b,0.0,0.0,137.509356,0,1,1710491479
2024-03-14,0x2223f9fe624f69da4d8256a7bcc9104fba7f8f75,8095,0x32044b9d572d61602eeb3b6af5c7bfcdb8bb8c32,0.0,0.0,235.993885,0,1,1710578969
2024-03-14,0x2223f9fe624f69da4d8256a7bcc9104fba7f8f75,8125,0x0c250c0d0e4555d3ffca9a5d4ef124840994853b,208.62885,208.62885,280.503398,1,1,1710897381
2024-03-14,0x2223f9fe624f69da4d8256a7bcc9104fba7f8f75,8136,0x253f6b1b85e3c1d88c5ecb383ed33063df8a9e7c,0.528768,0.528768,0.0,1,0,1710489489
2024-03-14,0x2223f9fe624f69da4d8256a7bcc9104fba7f8f75,8149,0x32f714baa27648fc4cd768004e02714b8560276e,1.755783,1.755783,0.0,1,0,1710916879
2024-03-14,0x2223f9fe624f69da4d8256a7bcc9104fba7f8f75,8262,0xbb8151d891ae8b3ee3696944652ef2308edc8d65,8854.664326,8854.664326,0.0,1,0,1710379305
2024-03-14,0x2223f9fe624f69da4d8256a7bcc9104fba7f8f75,8314,0x34a28007aa4f1e1cc6870b7427903db57a6ddf4a,276.334592,276.334592,278.789652,1,1,1710772741
2024-03-14,0x2223f9fe624f69da4d8256a7bcc9104fba7f8f75,8355,0x1594b251df6b70ca9a01d4de0836ab4fd9811241,67015.866693,67015.866693,0.0,1,0,1710971877
2024-03-14,0x2223f9fe624f69da4d8256a7bcc9104fba7f8f75,8390,0x4e51a06e4643197e1be2f050b6af60f9ad3cef06,2025.455478,2025.455478,0.0,1,0,1710433647
2024-03-14,0x2223f9fe624f69da4d8256a7bcc9104fba7f8f75,8405,0x5d6f3d0c92d0564151357b0863e55e9ed4631b8d,0.0,2332.49091,3461.066525,2,3,1710970561
2024-03-14,0x2223f9fe624f69da4d8256a7bcc9104fba7f8f75,8488,0xa3cf1c5419645f125d769d831a1c4c5673e1de6c,519.26995,519.26995,523.502792,1,1,1710776737
2024-03-14,0x2223f9fe624f69da4d8256a7bcc9104fba7f8f75,8524,0x23d7c2fb9f163441874d72399b28d677f47020b0,0.0,0.0,32029.948673,0,1,1710955913
2024-03-14,0x2223f9fe624f69da4d8256a7bcc9104fba7f8f75,8688,0x3953097d0ac7ee4f390592b69b5ada2dff4108c6,1133.928114,1133.928114,1136.589006,1,1,1710832211
2024-03-14,0x2223f9fe624f69da4d8256a7bcc9104fba7f8f75,8789,0x21bc1474647c2ab47245a30455db2aed3868a8bf,57.652942,57.652942,32.149972,1,1,1710447797
2024-03-14,0x2223f9fe624f69da4d8256a7bcc9104fba7f8f75,8940,0x226fa898550ef48313d359d90f69914018a89f73,4025.545877,4025.545877,0.0,1,0,1710404655
2024-03-14,0x2223f9fe624f69da4d8256a7bcc9104fba7f8f75,8941,0x226fa898550ef48313d359d90f69914018a89f73,871.802876,871.802876,0.0,1,0,1710404685
2024-03-14,0x2223f9fe624f69da4d8256a7bcc9104fba7f8f75,8944,0x226fa898550ef48313d359d90f69914018a89f73,148.58605,148.58605,0.0,1,0,1710404715
2024-03-14,0x2223f9fe624f69da4d8256a7bcc9104fba7f8f75,9082,0x689b62c6e8087e600a3e84a130b3aa716e25e8e9,686.945383,686.945383,692.95073,1,1,1710773169
2024-03-14,0x2223f9fe624f69da4d8256a7bcc9104fba7f8f75,9095,0x72d320a6f03249bd60fb3f1a0ca95daecbd9ca61,0.279336,0.279336,1.935548,1,1,1710477441
2024-03-14,0x2223f9fe624f69da4d8256a7bcc9104fba7f8f75,9172,0xe52dc54c49ac32e36a1df7dc4756da66284c6b4a,5.875535,5.875535,0.0,1,0,1710437637
2024-03-14,0x2223f9fe624f69da4d8256a7bcc9104fba7f8f75,9229,0x39837f4711b028ba82d43bf9d7b017cbf8e5c8a3,1872.456438,1872.456438,1869.281433,1,1,1710953137
2024-03-14,0x2223f9fe624f69da4d8256a7bcc9104fba7f8f75,9232,0x436ff82aded2edcb2955499448004dc3542b312d,0.0,0.0,1673.313892,0,1,1710975107
2024-03-14,0x2223f9fe624f69da4d8256a7bcc9104fba7f8f75,9255,0x4e51a06e4643197e1be2f050b6af60f9ad3cef06,1217.257994,1217.257994,0.0,1,0,1710433673
2024-03-14,0x2223f9fe624f69da4d8256a7bcc9104fba7f8f75,9261,0xb6f28ae8f31d85dc27361852b986286113bc588d,2670.504303,2670.504303,5331.952197,1,1,1710974123
2024-03-14,0x2223f9fe624f69da4d8256a7bcc9104fba7f8f75,9272,0x226fa898550ef48313d359d90f69914018a89f73,2059.715968,2059.715968,0.0,1,0,1710404753
2024-03-14,0x2223f9fe624f69da4d8256a7bcc9104fba7f8f75,9278,0xfcea91e004426c4d6f17c0c0e9015af935516ee2,0.0,0.0,42450.59372,0,1,1710971897
2024-03-14,0x2223f9fe624f69da4d8256a7bcc9104fba7f8f75,9325,0x1594b251df6b70ca9a01d4de0836ab4fd9811241,75982.277424,75982.277424,108362.055885,1,1,1710971951
2024-03-14,0x2223f9fe624f69da4d8256a7bcc9104fba7f8f75,9406,0x9a039d49bfc9a1bac0a7b524668b409f99b22979,357.214747,357.214747,0.0,1,0,1710882237
2024-03-14,0x2223f9fe624f69da4d8256a7bcc9104fba7f8f75,9414,0xe76740857cf71561a3dde058d8af70423c0326bc,0.0,0.0,86.425308,0,1,1710846693
2024-03-14,0x2223f9fe624f69da4d8256a7bcc9104fba7f8f75,9493,0x0ba892e34ea9f88ee54928f4f5f4d41f79c705b1,8175.108387,8175.108387,8133.676823,1,1,1710956651
2024-03-14,0x2223f9fe624f69da4d8256a7bcc9104fba7f8f75,9513,0x5eb8dfdd34838f298be8f251988e4942d950d2fd,41828.866101,41828.866101,41689.323525,1,1,1710971743
2024-03-14,0x2223f9fe624f69da4d8256a7bcc9104fba7f8f75,9533,0x59e254c164fa43f0a64030eca2ad48a8574a77ed,1.637639,1.637639,1.749178,1,1,1710884567
2024-03-14,0x2223f9fe624f69da4d8256a7bcc9104fba7f8f75,9595,0xf00408ddcaf624129cc0d08aa122a7abe1f2ef31,1048.308006,1048.308006,2109.218899,1,1,1710719303
2024-03-14,0x2223f9fe624f69da4d8256a7bcc9104fba7f8f75,9602,0x374d5221a4367fe746cc6c92d333c6ce15386fcd,62168.472098,166790.437199,158004.748865,3,3,1710880243
2024-03-14,0x2223f9fe624f69da4d8256a7bcc9104fba7f8f75,9608,0xacbe1fc97ced05874d2ee6993d92066fe3ec011f,6.912302,6.912302,3.893231,1,1,1710915043
2024-03-14,0x2223f9fe624f69da4d8256a7bcc9104fba7f8f75,9625,0xa548c2c9dfc2bdb15b0659cecea65af0344a83b0,232.294826,232.294826,234.899527,1,1,1710515605
2024-03-14,0x2223f9fe624f69da4d8256a7bcc9104fba7f8f75,9639,0x0ea01228dea7d3e04811cf0ce05fb219773d72ca,107.78764,107.78764,127.244701,1,1,1710464763
2024-03-14,0x2223f9fe624f69da4d8256a7bcc9104fba7f8f75,9755,0xe8b55fd62045d51274812e5c3ab803055c0e3eaa,6685.041417,6685.041417,6711.534227,1,1,1710484341
2024-03-14,0x2223f9fe624f69da4d8256a7bcc9104fba7f8f75,9847,0x1302a937bc0fe8a06f124e644236c876b639f54e,1151.900097,1151.900097,0.0,1,0,1710510487
2024-03-14,0x2223f9fe624f69da4d8256a7bcc9104fba7f8f75,9927,0x4e51a06e4643197e1be2f050b6af60f9ad3cef06,548.716449,548.716449,0.0,1,0,1710433811
2024-03-14,0x2223f9fe624f69da4d8256a7bcc9104fba7f8f75,9939,0x006fe810cb3830872bcb217dfff18ebf1e33b290,0.0,0.0,25075.083925,0,1,1710619173
2024-03-14,0x2223f9fe624f69da4d8256a7bcc9104fba7f8f75,10026,0x6613a1521394c2f17c7d705e48279e44c2a01936,1542.160457,1542.160457,1547.024095,1,1,1710378167
2024-03-14,0x2223f9fe624f69da4d8256a7bcc9104fba7f8f75,10065,0xfb176697fe881af351fa450d85e730018bc36f68,58542.982872,58542.982872,0.0,1,0,1710479647
2024-03-14,0x2223f9fe624f69da4d8256a7bcc9104fba7f8f75,10261,0x97d37e8b619cf4c6145da456766ca4fa157292d3,23556.24574,23556.24574,0.0,1,0,1710587805
2024-03-14,0x2223f9fe624f69da4d8256a7bcc9104fba7f8f75,10294,0x48a6a8d403a58eccc70d4d57347f801d4e182564,7549398.029258,7549398.029258,5509052.39408,1,1,1710962043
2024-03-14,0x2223f9fe624f69da4d8256a7bcc9104fba7f8f75,10295,0xc875b3dae5b0c371bc8cf9ded64868b78ac47587,2030299.250723,2030299.250723,1897997.005952,1,1,1710977963
2024-03-14,0x2223f9fe624f69da4d8256a7bcc9104fba7f8f75,10296,0x03c70563e94de5de56c11a0cc4ce3482f592854f,5061793.32611,5061793.32611,4731947.063607,1,1,1710977765
2024-03-14,0x2223f9fe624f69da4d8256a7bcc9104fba7f8f75,10298,0xc9814f18a8751214f719de15c54d01b3d78ef14f,919933.032475,149541263.213056,149502280.337859,170,170,1710977733
2024-03-14,0x2223f9fe624f69da4d8256a7bcc9104fba7f8f75,10315,0x441a5acac143fab7784c5d9880c0caa78cce46bc,117.359559,117.359559,118.34141,1,1,1710773581
2024-03-14,0x2223f9fe624f69da4d8256a7bcc9104fba7f8f75,10316,0xf1b2482bc6ff70b17fdf30297eb366545971a85a,122.143912,122.143912,123.167429,1,1,1710773537
2024-03-14,0x2223f9fe624f69da4d8256a7bcc9104fba7f8f75,10322,0x3ba8107b19e562664a695a5dda1abd00b21702ca,0.0,0.0,0.389263,0,1,1710393723
2024-03-14,0x2223f9fe624f69da4d8256a7bcc9104fba7f8f75,10340,0x7210bc0daf97a39faa583b54af3c8df12e8c0956,0.793592,2.380943,2.952166,3,3,1710394253
2024-03-14,0x2223f9fe624f69da4d8256a7bcc9104fba7f8f75,10341,0xff34fd1d065588346fcdb517514adb94bb375ca2,0.984391,2.957664,3.667339,3,3,1710394937
2024-03-14,0x2223f9fe624f69da4d8256a7bcc9104fba7f8f75,10355,0x8feafd5e0fcefdd2624906c0f913d563306aae17,0.0,0.0,17.578977,0,1,1710380143
2024-03-14,0x2223f9fe624f69da4d8256a7bcc9104fba7f8f75,10366,0xeebf48360c333407076f4a8191017bd30a88af56,314.304885,314.304885,0.0,1,0,1710510167
2024-03-14,0x2223f9fe624f69da4d8256a7bcc9104fba7f8f75,10394,0x7c33045858b3ca7440e79f3fccaa8ff2ec067d2f,704.119218,704.119218,707.650572,1,1,1710404149
2024-03-14,0x2223f9fe624f69da4d8256a7bcc9104fba7f8f75,10413,0xf9e4206fdf1e0eb75e1db336f62590bc3e320f0a,5050.241188,5050.241188,5067.772929,1,1,1710455789
2024-03-14,0x2223f9fe624f69da4d8256a7bcc9104fba7f8f75,10431,0xfb176697fe881af351fa450d85e730018bc36f68,11432.212395,11432.212395,0.0,1,0,1710479665
2024-03-14,0x2223f9fe624f69da4d8256a7bcc9104fba7f8f75,10563,0xffbb1cd787a1d75e80b89a44f75db59cbe34f799,267.893952,267.893952,306.67748,1,1,1710538393
2024-03-14,0x2223f9fe624f69da4d8256a7bcc9104fba7f8f75,10602,0x87049c7c047a84f58a3549da0d2d48e7347a4e06,205.244577,205.244577,418.082404,1,1,1710400731
2024-03-14,0x2223f9fe624f69da4d8256a7bcc9104fba7f8f75,10651,0x2fe5a31a678a114a297b18dec7771601fdcdec9f,0.0,0.0,15829.249996,0,1,1710931995
2024-03-14,0x2223f9fe624f69da4d8256a7bcc9104fba7f8f75,10657,0x892176d784bed3dc877a62f3ff9fc091377b2a49,0.0,0.0,15526.594339,0,1,1710383781
2024-03-14,0x2223f9fe624f69da4d8256a7bcc9104fba7f8f75,10706,0xf0ea58a245929232697bef1a7e93e0ed99e64100,70.572237,70.572237,4.975636,1,1,1710694187
2024-03-14,0x2223f9fe624f69da4d8256a7bcc9104fba7f8f75,10846,0xc57ef82f2db59ee4f16efedd98dead39f5bea093,336.969807,336.969807,0.0,1,0,1710894637
2024-03-14,0x2223f9fe624f69da4d8256a7bcc9104fba7f8f75,10847,0xf3e5b415e84047d68e412cccd2d14b15e308b120,1224.020833,1224.020833,2460.522452,1,1,1710530953
2024-03-14,0x2223f9fe624f69da4d8256a7bcc9104fba7f8f75,10881,0xfb8826794abb11d8528e3934af4470dcac7615b2,0.0,0.0,24.793137,0,1,1710488217
2024-03-14,0x2223f9fe624f69da4d8256a7bcc9104fba7f8f75,10903,0x37d893705acea43cdeb3423de8e66464fb295daa,591.949791,591.949791,0.0,1,0,1710403883
2024-03-14,0x2223f9fe624f69da4d8256a7bcc9104fba7f8f75,10905,0xf244aea8d5b242059f578b9d0d5f0be66d8406a4,23844.091366,23844.091366,6001.648884,1,1,1710391645
2024-03-14,0x2223f9fe624f69da4d8256a7bcc9104fba7f8f75,10963,0x0a262d0c4400f1a6cf77b08d6410c277a924f879,6379.345955,6379.345955,6590.692173,1,1,1710778471
2024-03-14,0x2223f9fe624f69da4d8256a7bcc9104fba7f8f75,10967,0x4408e04e4d8aeb7edbc0bc0ae66028762fdf29e5,2548.323934,2548.323934,2548.323934,1,1,1710407489
2024-03-14,0x2223f9fe624f69da4d8256a7bcc9104fba7f8f75,10980,0xb0c6d7085fa8ccc6c174841495eb700130ea2e97,2.086431,2.086431,2.097297,1,1,1710441481
2024-03-14,0x2223f9fe624f69da4d8256a7bcc9104fba7f8f75,10986,0xbd584812c7aaeb901e8424725065cb0716b9264f,0.0,0.0,9302.267849,0,1,1710899185
2024-03-14,0x2223f9fe624f69da4d8256a7bcc9104fba7f8f75,11022,0xea6d4b6962d9c19c62dd391bbf4c5e7a3ac0632a,2784.0793,2784.0793,2779.358514,1,1,1710975367
2024-03-14,0x2223f9fe624f69da4d8256a7bcc9104fba7f8f75,11090,0xea6d4b6962d9c19c62dd391bbf4c5e7a3ac0632a,2912.886768,2912.886768,3006.535716,1,1,1710975379
2024-03-14,0x2223f9fe624f69da4d8256a7bcc9104fba7f8f75,11126,0xedb61a92de9d08874bdf2a9d1fdf8df9f111bf7d,0.0,0.0,3.956143,0,1,1710520719
2024-03-14,0x2223f9fe624f69da4d8256a7bcc9104fba7f8f75,11155,0x74c106cbe16ed6a8d5db48b2b2fbfe2174186204,0.0,0.0,0.672756,0,1,1710697947
2024-03-14,0x2223f9fe624f69da4d8256a7bcc9104fba7f8f75,11189,0x49ab36d935116b942254d458119e572594ce22d6,271.434214,271.434214,273.652868,1,1,1710773339
2024-03-14,0x2223f9fe624f69da4d8256a7bcc9104fba7f8f75,11240,0x4e51a06e4643197e1be2f050b6af60f9ad3cef06,291.010589,291.010589,0.0,1,0,1710433745
2024-03-14,0x2223f9fe624f69da4d8256a7bcc9104fba7f8f75,11263,0xec493b8ee4aec10e4e2cc0c2f1da65aadb23bcfd,11222.184448,11222.184448,11203.155706,1,1,1710510405
2024-03-14,0x2223f9fe624f69da4d8256a7bcc9104fba7f8f75,11321,0xf244aea8d5b242059f578b9d0d5f0be66d8406a4,4234.344369,4234.344369,2102.339953,1,1,1710391679
2024-03-14,0x2223f9fe624f69da4d8256a7bcc9104fba7f8f75,11399,0x28878aec6b4209d90a40890183e3322f0ae5b2e2,0.0,0.0,74154.43632,0,1,1710967323
2024-03-14,0x2223f9fe624f69da4d8256a7bcc9104fba7f8f75,11494,0x3ae691584bd391741c305f9a3e66d89c7bb6b6f7,0.0,0.0,14.992082,0,1,1710934069
2024-03-14,0x2223f9fe624f69da4d8256a7bcc9104fba7f8f75,11503,0x73d3fe580f4e030aab88688584817a5da1fe7109,462.568035,462.568035,0.0,1,0,1710756935
2024-03-14,0x2223f9fe624f69da4d8256a7bcc9104fba7f8f75,11556,0x226fa898550ef48313d359d90f69914018a89f73,1380.941369,1380.941369,0.0,1,0,1710404625
2024-03-14,0x2223f9fe624f69da4d8256a7bcc9104fba7f8f75,11747,0x246a9b7ee043ca431968febd33917bb3af804921,0.0,0.0,885.268818,0,1,1710714337
2024-03-14,0x2223f9fe624f69da4d8256a7bcc9104fba7f8f75,11818,0x48a881c6c2ff0c962d017b2c4fb9701afbe3c5f4,287.909753,287.909753,294.853952,1,1,1710706377
2024-03-14,0x2223f9fe624f69da4d8256a7bcc9104fba7f8f75,11851,0x51e02f63fb09d00dbfb6867660e014d8d21efdae,1103.614437,1103.614437,1109.337083,1,1,1710706413
2024-03-14,0x2223f9fe624f69da4d8256a7bcc9104fba7f8f75,11868,0x1ed895ada0c756864cb246afa735404edc03c520,27.184433,27.184433,0.0,1,0,1710443675
2024-03-14,0x2223f9fe624f69da4d8256a7bcc9104fba7f8f75,11884,0x1abfa3d823f9f8d85af33622046d3b7f66262670,0.0,0.0,1096.005842,0,1,1710955957
2024-03-14,0x2223f9fe624f69da4d8256a7bcc9104fba7f8f75,11927,0xc1634876892843d3f80e790baf3f05bf907e94f6,63.318947,63.318947,79.918378,1,1,1710781743
2024-03-14,0x2223f9fe624f69da4d8256a7bcc9104fba7f8f75,11929,0xc1634876892843d3f80e790baf3f05bf907e94f6,2.767177,2.767177,8.071672,1,1,1710781663
2024-03-14,0x2223f9fe624f69da4d8256a7bcc9104fba7f8f75,11978,0xa289491484414227d6a5b22fdceaf462520dfda1,0.041297,0.041297,0.0,1,0,1710608281
2024-03-14,0x2223f9fe624f69da4d8256a7bcc9104fba7f8f75,11980,0xdebc75d4fd88bfcaa1bf48bdb41a185a59d6583d,200.49396,396.721812,196.227852,2,1,1710832925
2024-03-14,0x2223f9fe624f69da4d8256a7bcc9104fba7f8f75,12041,0x226fa898550ef48313d359d90f69914018a89f73,216.513455,216.513455,0.0,1,0,1710404591
2024-03-14,0x2223f9fe624f69da4d8256a7bcc9104fba7f8f75,12090,0x4e51a06e4643197e1be2f050b6af60f9ad3cef06,627.900608,627.900608,0.0,1,0,1710433713
2024-03-14,0x2223f9fe624f69da4d8256a7bcc9104fba7f8f75,12171,0x876c56e9edaaa44af9bc9678784d15ad76393e97,0.0,0.0,2031.841157,0,1,1710378509
2024-03-14,0x2223f9fe624f69da4d8256a7bcc9104fba7f8f75,12209,0x876c56e9edaaa44af9bc9678784d15ad76393e97,294.849308,294.849308,0.0,1,0,1710380163
2024-03-14,0x2223f9fe624f69da4d8256a7bcc9104fba7f8f75,12303,0x0b0811d3d8342063db74b45a4344cdbee6389bdb,0.950296,0.950296,0.0,1,0,1710645871
2024-03-14,0x2223f9fe624f69da4d8256a7bcc9104fba7f8f75,12347,0x6c445380d8d58caa3bbec9749106093b7d3e44f2,2513.031083,2513.031083,0.0,1,0,1710734023
2024-03-14,0x2223f9fe624f69da4d8256a7bcc9104fba7f8f75,12348,0x1f2d8e46977818203fc53e4fa7a55c8735ec4d23,2513.031083,2513.031083,2500.0,1,1,1710734423
2024-03-14,0x2223f9fe624f69da4d8256a7bcc9104fba7f8f75,12349,0x1b52a70616ee7ed4ea070d19fd18a60e467a5276,2513.031083,2513.031083,0.0,1,0,1710734749
2024-03-14,0x2223f9fe624f69da4d8256a7bcc9104fba7f8f75,12351,0x5a73331e614186a08439526b6d0535c63a987d6e,2513.031083,2513.031083,0.0,1,0,1710734981
2024-03-14,0x2223f9fe624f69da4d8256a7bcc9104fba7f8f75,12352,0xa698566dda5ae9e2a1ac7efad83c1b1fd0216a50,2513.031083,2513.031083,0.0,1,0,1710735201
2024-03-14,0x2223f9fe624f69da4d8256a7bcc9104fba7f8f75,12353,0x3d2eecc8aea5f1b5e462358c183125d9490bffb4,2513.031083,2513.031083,0.0,1,0,1710735407
2024-03-14,0x2223f9fe624f69da4d8256a7bcc9104fba7f8f75,12358,0x32d29991a1d9cf4b3cfd72120a47492cc994f1fc,2513.031083,2513.031083,0.0,1,0,1710739211
2024-03-14,0x2223f9fe624f69da4d8256a7bcc9104fba7f8f75,12359,0x61503d36eb845023651d93650f4bafa9b678fc38,2474.680071,2474.680071,0.0,1,0,1710739513
2024-03-14,0x2223f9fe624f69da4d8256a7bcc9104fba7f8f75,12360,0xa5fa56f3d9519271831875437fff64156e25126d,2513.031083,2513.031083,0.0,1,0,1710735587
2024-03-14,0x2223f9fe624f69da4d8256a7bcc9104fba7f8f75,12392,0xa7c1f75209c5cf1e0668f2186814a1108f7ec9b2,2423.404094,2423.404094,0.0,1,0,1710740187
2024-03-14,0x2223f9fe624f69da4d8256a7bcc9104fba7f8f75,12394,0xf225159d7eee3b9b31589206d1ae27bbc8268238,2524.72805,2524.72805,0.0,1,0,1710739831
2024-03-14,0x2223f9fe624f69da4d8256a7bcc9104fba7f8f75,12395,0xd86c4483318b1e1e8fdc848027bbf3b4e56b1ef3,2582.545949,2582.545949,0.0,1,0,1710740427
2024-03-14,0x2223f9fe624f69da4d8256a7bcc9104fba7f8f75,12424,0xff020680284f9e941aba0cbafcd57de78e01c828,83.582994,83.582994,20.98334,1,1,1710556201
2024-03-14,0x2223f9fe624f69da4d8256a7bcc9104fba7f8f75,12437,0x35fb78bfb4452e7fa0ef231d2ec5268b463e4f62,337.200121,672.028407,678.607169,2,2,1710428649
2024-03-14,0x2223f9fe624f69da4d8256a7bcc9104fba7f8f75,12461,0x0ecd10a52887b1532e2610400ae879a263cd332d,98.483098,98.483098,98.862146,1,1,1710732681
2024-03-14,0x2223f9fe624f69da4d8256a7bcc9104fba7f8f75,12472,0x18a6b805bbee907c955ce2328ce8931c3998902e,161.335914,161.335914,0.0,1,0,1710783109
2024-03-14,0x2223f9fe624f69da4d8256a7bcc9104fba7f8f75,12488,0x4c1efe9cb913fde7c5e9cb8da70bd7fa3100ec88,1.144268,1.144268,0.0,1,0,1710816973
2024-03-14,0x2223f9fe624f69da4d8256a7bcc9104fba7f8f75,12507,0x35fb78bfb4452e7fa0ef231d2ec5268b463e4f62,114.661652,229.508962,230.257959,2,2,1710428661
2024-03-14,0x2223f9fe624f69da4d8256a7bcc9104fba7f8f75,12545,0x8e111ebf4e6cf4a183f85f0b960751b178a3cbf2,347.423935,675.663314,328.23938,2,1,1710868781
2024-03-14,0x2223f9fe624f69da4d8256a7bcc9104fba7f8f75,12589,0x353c82aeafd7680e57f60a6cfdd3154c9838993c,0.74406,0.74406,0.753173,1,1,1710934667
2024-03-14,0x2223f9fe624f69da4d8256a7bcc9104fba7f8f75,12747,0x5eb8dfdd34838f298be8f251988e4942d950d2fd,1426.859021,1426.859021,0.0,1,0,1710971719
2024-03-14,0x2223f9fe624f69da4d8256a7bcc9104fba7f8f75,12788,0x4c0fec38c9d616b3fbda55fe9bbd858700b459c0,30.5,30.5,0.0,1,0,1710403837
2024-03-14,0x2223f9fe624f69da4d8256a7bcc9104fba7f8f75,12808,0xf89920c0df5f4bf9c1d51df38d060838716f1b61,1984.440592,1984.440592,1992.973443,1,1,1710405363
2024-03-14,0x2223f9fe624f69da4d8256a7bcc9104fba7f8f75,12899,0x924b718e82301dc926f1f0e846bb54492f2689da,80.509969,80.509969,0.0,1,0,1710526417
2024-03-14,0x2223f9fe624f69da4d8256a7bcc9104fba7f8f75,12901,0xc22493d981e39223bafb371a604b7dd4bf5ccd9a,2.007294,2.007294,2.103363,1,1,1710526349
2024-03-14,0x2223f9fe624f69da4d8256a7bcc9104fba7f8f75,12943,0xcb26608b3799d370085bfb3e7197ba2264778211,0.0,0.0,5.58612,0,1,1710378063
2024-03-14,0x2223f9fe624f69da4d8256a7bcc9104fba7f8f75,12972,0xb957dccaa1ccfb1eb78b495b499801d591d8a403,149.481996,149.481996,12.478191,1,1,1710464421
2024-03-14,0x2223f9fe624f69da4d8256a7bcc9104fba7f8f75,12983,0x5d98609f4a43ed4d36dae38a58365b352109c7a6,0.0,0.0,446.584532,0,1,1710399803
2024-03-14,0x2223f9fe624f69da4d8256a7bcc9104fba7f8f75,13020,0x14b24e833c31a75721d407f0eef17f36b87939da,0.0,0.0,9.051465,0,1,1710388069
2024-03-14,0x2223f9fe624f69da4d8256a7bcc9104fba7f8f75,13048,0x891bbb39008e402ae7272f4ab526bdc364743f5c,83.523823,83.523823,0.0,1,0,1710443037
2024-03-14,0x2223f9fe624f69da4d8256a7bcc9104fba7f8f75,13054,0x3c593ac043608c11ecb02cf1240c178735278c33,0.0,0.0,2.544381,0,1,1710688125
2024-03-14,0x2223f9fe624f69da4d8256a7bcc9104fba7f8f75,13081,0x5173071530a76006ade5e719fc813e8f37087100,42.484962,42.484962,48.140835,1,1,1710567123
2024-03-14,0x2223f9fe624f69da4d8256a7bcc9104fba7f8f75,13090,0xcd387784c32180dd3ca8291501c0191d62d52669,3.105447,3.105447,0.0,1,0,1710402131
2024-03-14,0x2223f9fe624f69da4d8256a7bcc9104fba7f8f75,13100,0x876c56e9edaaa44af9bc9678784d15ad76393e97,99721.469907,99721.469907,0.0,1,0,1710380149
2024-03-14,0x2223f9fe624f69da4d8256a7bcc9104fba7f8f75,13101,0x876c56e9edaaa44af9bc9678784d15ad76393e97,99721.338312,99721.338312,0.0,1,0,1710380315
2024-03-14,0x2223f9fe624f69da4d8256a7bcc9104fba7f8f75,13113,0x4e504305cf58f2ae34dcaad3ef1d32f6378e0d0c,1.469994,1.469994,0.0,1,0,1710388709
2024-03-14,0x2223f9fe624f69da4d8256a7bcc9104fba7f8f75,13126,0x2efdaf5e31a336b456a93a6edb4f0e55e5bfe346,11.964533,11.964533,0.0,1,0,1710401631
2024-03-14,0x2223f9fe624f69da4d8256a7bcc9104fba7f8f75,13149,0xe01f9495cf911e6b47773c10aec7d68a3b37063f,0.149527,0.149527,0.0,1,0,1710426877
2024-03-14,0x2223f9fe624f69da4d8256a7bcc9104fba7f8f75,13152,0xd94668a4bb3bee69986696f707958ab42b0925a2,28.337479,28.337479,0.0,1,0,1710428597
2024-03-14,0x2223f9fe624f69da4d8256a7bcc9104fba7f8f75,13164,0xdd83a7cba759e3fad0c53df7d4ae756786710541,0.199346,0.199346,0.0,1,0,1710441279
2024-03-14,0x2223f9fe624f69da4d8256a7bcc9104fba7f8f75,13201,0xd43799af9ff8397f89501c987f8b0754ed9fbaa2,0.061695,0.061695,0.0,1,0,1710481787
2024-03-14,0x2223f9fe624f69da4d8256a7bcc9104fba7f8f75,13210,0x7d4218c79e2a0d15b00ff8f85a075541df647f1c,0.381078,0.381078,0.0,1,0,1710497631
2024-03-14,0x2223f9fe624f69da4d8256a7bcc9104fba7f8f75,13212,0xd61cda3bbfea4ac8c66bc37c154ff1859999bceb,0.203032,0.203032,0.0,1,0,1710505669
2024-03-14,0x2223f9fe624f69da4d8256a7bcc9104fba7f8f75,13221,0xc90f5ca7e47fd5dc3dc803f3797099c99746fffc,8.90848,8.90848,0.0,1,0,1710511049
2024-03-14,0x2223f9fe624f69da4d8256a7bcc9104fba7f8f75,13226,0x8ad9bf881ad64a70789f4a481973bb0df0724f30,26.042206,26.042206,0.0,1,0,1710524985
2024-03-14,0x2223f9fe624f69da4d8256a7bcc9104fba7f8f75,13251,0xb1b4d5e0bb9b5ff18fb0eee9171f9a41b3275ccc,0.398518,0.398518,0.0,1,0,1710525947
2024-03-14,0x2223f9fe624f69da4d8256a7bcc9104fba7f8f75,13258,0xe5964cdf17731c2d5b29d388a695b78cc992a134,1.991974,1.991974,0.0,1,0,1710534985
2024-03-14,0x2223f9fe624f69da4d8256a7bcc9104fba7f8f75,13282,0x2167523061f4a48db14199bb97bdc13d3fb5377d,0.987486,0.987486,0.0,1,0,1710586059
2024-03-14,0x2223f9fe624f69da4d8256a7bcc9104fba7f8f75,13291,0xf074a7e51a433e36b6a9b21c32c29602bd5732d5,4746.067752,4746.067752,0.0,1,0,1710593245
2024-03-14,0x2223f9fe624f69da4d8256a7bcc9104fba7f8f75,13307,0x46dc1d8947b2ca5c9e56f0ab104238455d57538d,1291.02747,1291.02747,0.0,1,0,1710624447
2024-03-14,0x2223f9fe624f69da4d8256a7bcc9104fba7f8f75,13309,0xa1fd77fc3abc4b3397e5250a904cd923df43738e,0.571426,0.571426,0.0,1,0,1710627497
2024-03-14,0x2223f9fe624f69da4d8256a7bcc9104fba7f8f75,13312,0x3c0257a3b0d9baa90ef0baa91028f128bd305880,0.093438,0.093438,0.0,1,0,1710632925
2024-03-14,0x2223f9fe624f69da4d8256a7bcc9104fba7f8f75,13315,0x9712aec4a0554431acde8e4a64365a5dba4d92a9,0.091659,0.091659,0.0,1,0,1710636021
2024-03-14,0x2223f9fe624f69da4d8256a7bcc9104fba7f8f75,13326,0x7d178d5b060de15fd8a92ad63d36b7b5e1ae5966,7.758137,7.758137,0.0,1,0,1710665561
2024-03-14,0x2223f9fe624f69da4d8256a7bcc9104fba7f8f75,13333,0xae1babc08897971633e255e76e42444d883d34cd,0.409861,0.409861,0.0,1,0,1710676503
2024-03-14,0x2223f9fe624f69da4d8256a7bcc9104fba7f8f75,13334,0x4fd2055937b71d0a896852a17928b0eaca7614b9,0.883456,0.883456,0.0,1,0,1710676947
2024-03-14,0x2223f9fe624f69da4d8256a7bcc9104fba7f8f75,13339,0xe5e26755418bb65c6bead0dd7dda17a57cb64cce,1.168083,1.168083,0.0,1,0,1710682669
2024-03-14,0x2223f9fe624f69da4d8256a7bcc9104fba7f8f75,13360,0x78a12757b33b9a069faf9d4ecde565952f3bd2db,366.585711,366.585711,0.0,1,0,1710707295
2024-03-14,0x2223f9fe624f69da4d8256a7bcc9104fba7f8f75,13365,0x9062a96b9e947b2b57283e705c97b871f5eb6561,0.131595,0.131595,0.0,1,0,1710708861
2024-03-14,0x2223f9fe624f69da4d8256a7bcc9104fba7f8f75,13371,0x11e1dcf0c0f0f7464f1a8eb69d6376b9a5ed6873,4.3784,4.3784,0.0,1,0,1710712905
2024-03-14,0x2223f9fe624f69da4d8256a7bcc9104fba7f8f75,13375,0x532c66d6daffcaba3563714b01e26580f83a858f,3.514398,3.514398,0.0,1,0,1710722411
2024-03-14,0x2223f9fe624f69da4d8256a7bcc9104fba7f8f75,13379,0x3156649412e8bb8799f0b832bcf7c6534932de37,21.954801,21.954801,0.0,1,0,1710870893
2024-03-14,0x2223f9fe624f69da4d8256a7bcc9104fba7f8f75,13386,0xd1a3f2fe40c5348777e490237a77cbebe5ab6b96,24.980703,24.980703,0.0,1,0,1710730969
2024-03-14,0x2223f9fe624f69da4d8256a7bcc9104fba7f8f75,13400,0x458f31e446c5ac173833030474a1f81cc43b654b,3.559924,3.559924,0.0,1,0,1710744529
2024-03-14,0x2223f9fe624f69da4d8256a7bcc9104fba7f8f75,13401,0xefd6e60664a308f042d57dfc0fa304f1e185e095,0.00027,0.00027,0.0,1,0,1710745117
2024-03-14,0x2223f9fe624f69da4d8256a7bcc9104fba7f8f75,13412,0x5708a9abd1fbe4af6f61c1053c2658337903f21c,24.854979,24.854979,0.0,1,0,1710760541
2024-03-14,0x2223f9fe624f69da4d8256a7bcc9104fba7f8f75,13415,0x81fd672d1a5b67793d2713b32f16924f2dd2e831,5.044833,5.044833,0.0,1,0,1710768329
2024-03-14,0x2223f9fe624f69da4d8256a7bcc9104fba7f8f75,13431,0xeae5932f9c67a9bd494399538c9ec5c9b4c14cb5,12.42485,12.42485,0.0,1,0,1710787181
2024-03-14,0x2223f9fe624f69da4d8256a7bcc9104fba7f8f75,13485,0x091ff5ff1fbeb093f538146bf78018826822d2b3,200.253082,200.253082,0.0,1,0,1710870583
2024-03-14,0x2223f9fe624f69da4d8256a7bcc9104fba7f8f75,13514,0x86e9ec11ef3c43ff5110c75176883bc6fb094f32,1224.0,1224.0,0.0,1,0,1710886895
2024-03-14,0x2223f9fe624f69da4d8256a7bcc9104fba7f8f75,13661,0x12370a88b7da8360f12898acda1def6267376086,27.722103,27.722103,0.0,1,0,1710926935
2024-03-14,0x2223f9fe624f69da4d8256a7bcc9104fba7f8f75,13688,0x12370a88b7da8360f12898acda1def6267376086,84.576268,84.576268,0.0,1,0,1710963411
2024-03-14,0x2223f9fe624f69da4d8256a7bcc9104fba7f8f75,13693,0xe9f58a62ee40b069b4b4248801a1f9dd26bc57c0,5.335287,5.335287,0.0,1,0,1710970009
2024-03-14,0x22d652a9979181988018addbae2606ec172c5d35,12444,0xde556dd8c552429758b4915fd2323d2075e30bf0,0.0,0.0,22.699499,0,1,1710411947
2024-03-14,0x253da544f498b85429f6acdc6e98b36b36c1c824,43,0x2ddb405238368695f34d30a80ab60c449aa5ce48,155430.855724,155430.855724,0.0,1,0,1710974183
2024-03-14,0x253da544f498b85429f6acdc6e98b36b36c1c824,47,0x011b0a055e02425461a1ae95b30f483c4ff05be7,475126.398129,475126.398129,270563.248473,1,1,1710974017
2024-03-14,0x253da544f498b85429f6acdc6e98b36b36c1c824,51,0x0f228805c03a693aa964a791e0b2e2c6e6c6513f,295973.459872,295973.459872,0.0,1,0,1710968507
2024-03-14,0x253da544f498b85429f6acdc6e98b36b36c1c824,52,0x28878aec6b4209d90a40890183e3322f0ae5b2e2,415704.70629,415704.70629,0.0,1,0,1710967279
2024-03-14,0x253da544f498b85429f6acdc6e98b36b36c1c824,55,0x285fed35cbea271a711681e84ffd83c68a596a75,343401.006699,343401.006699,68451.081761,1,1,1710965869
2024-03-14,0x253da544f498b85429f6acdc6e98b36b36c1c824,56,0x48a5a6a01ba89cddf97d2d552923d5a11401ed19,407944.719787,407944.719787,0.0,1,0,1710975177
2024-03-14,0x253da544f498b85429f6acdc6e98b36b36c1c824,57,0x72d4d59f31d0cb4a4213a5dc81fc0108241ecc71,263914.262349,263914.262349,439111.266261,1,1,1710962531
2024-03-14,0x253da544f498b85429f6acdc6e98b36b36c1c824,62,0xdbd5d31b7f48adc13a0ab0c591f7e3d4f9642e69,169037.416434,169037.416434,0.0,1,0,1710959895
2024-03-14,0x253da544f498b85429f6acdc6e98b36b36c1c824,67,0x8ce17ff2c7376e9adfe9c63c47a801097fa6c525,111171.957679,111171.957679,110983.450476,1,1,1710973841
2024-03-14,0x253da544f498b85429f6acdc6e98b36b36c1c824,68,0x132e47cf2c19ec2d8dd56e1528fc7e18dc09188f,0.0,0.0,214395.660849,0,1,1710955935
2024-03-14,0x253da544f498b85429f6acdc6e98b36b36c1c824,77,0x03da151f75b533177f020b925d7c43f4081ef3c8,220002.106629,220002.106629,0.0,1,0,1710975329
2024-03-14,0x253da544f498b85429f6acdc6e98b36b36c1c824,83,0x6b879c078ea4cc27bbdb486fcaa4fa27e6cbe97a,407702.268392,407702.268392,407010.953643,1,1,1710960491
2024-03-14,0x253da544f498b85429f6acdc6e98b36b36c1c824,99,0xa48cd684ded1eee3de13e052bbdcfed59558a1ca,0.0,0.0,164839.112491,0,1,1710929267
2024-03-14,0x253da544f498b85429f6acdc6e98b36b36c1c824,106,0x615e5022252b31af496574f00d5519c5d93261ab,135480.738844,135480.738844,0.0,1,0,1710963695
2024-03-14,0x253da544f498b85429f6acdc6e98b36b36c1c824,109,0xbe7019f8333b0b3cfc707ac353ebc2123140134c,127037.664344,127037.664344,126822.254674,1,1,1710974343
2024-03-14,0x253da544f498b85429f6acdc6e98b36b36c1c824,118,0x4ccfeb186c61217f05d8756314c600089b27a1c3,41985.356058,41985.356058,0.0,1,0,1710975207
2024-03-14,0x253da544f498b85429f6acdc6e98b36b36c1c824,151,0x5275817b74021e97c980e95ede6bbac0d0d6f3a2,84400.955144,84400.955144,0.0,1,0,1710968779
2024-03-14,0x253da544f498b85429f6acdc6e98b36b36c1c824,158,0xd3f179ba57411ad5d2ddb5f334215cdfba134d20,74205.325667,74205.325667,0.0,1,0,1710975281
2024-03-14,0x253da544f498b85429f6acdc6e98b36b36c1c824,163,0x7ed7888f3bf70ed07f94fd7381d39476928331f7,28284.348198,28284.348198,210274.718397,1,1,1710964779
2024-03-14,0x253da544f498b85429f6acdc6e98b36b36c1c824,170,0xbe6695fb4c6fed0385568a3dd1873746054ed958,212969.300087,212969.300087,0.0,1,0,1710964413
2024-03-14,0x253da544f498b85429f6acdc6e98b36b36c1c824,174,0x83bad39f067ef72e354f2ea9d318eaad381a7f15,27920.232625,27920.232625,69682.225166,1,1,1710931049
2024-03-14,0x253da544f498b85429f6acdc6e98b36b36c1c824,181,0xaf43411971ca3640227a7b4ed06f61d0bb60a928,104480.763905,104480.763905,0.0,1,0,1710970777
2024-03-14,0x253da544f498b85429f6acdc6e98b36b36c1c824,193,0xf1578f87c0343051c07156533ea263320212bc9d,212650.596063,212650.596063,0.0,1,0,1710972261
2024-03-14,0x253da544f498b85429f6acdc6e98b36b36c1c824,195,0x302757fe1990e6558e03d05036bb88c3129a22c8,42228.823426,42228.823426,0.0,1,0,1710965569
2024-03-14,0x253da544f498b85429f6acdc6e98b36b36c1c824,243,0x9db9a11bd146e8f39dc61246c357aaa10f2f2170,150329.681848,150329.681848,0.0,1,0,1710975119
2024-03-14,0x253da544f498b85429f6acdc6e98b36b36c1c824,246,0xb17d6e24e2d6b28543b9b75fd731c4591155900b,0.0,0.0,149083.438546,0,1,1710974347
2024-03-14,0x253da544f498b85429f6acdc6e98b36b36c1c824,270,0xf51e5a0a85d29aa0508894405d734bcf044dcb5b,33894.334036,33894.334036,0.0,1,0,1710971779
2024-03-14,0x253da544f498b85429f6acdc6e98b36b36c1c824,271,0x791437cc4fa77c534b8b55d0cc6f06c9cab5ebb5,0.0,0.0,127071.203846,0,1,1710967273
2024-03-14,0x253da544f498b85429f6acdc6e98b36b36c1c824,275,0xa810ffea2709c116ef180d090c142fc5e08586a7,32786.052367,32786.052367,24547.844361,1,1,1710969107
2024-03-14,0x253da544f498b85429f6acdc6e98b36b36c1c824,287,0x28431a1446c86434ded04f7f8ba6808649329f4d,119962.614051,119962.614051,119759.201093,1,1,1710971189
2024-03-14,0x253da544f498b85429f6acdc6e98b36b36c1c824,289,0x95b05f935655c37ada2088c5767e5006f230b068,11731.099751,11731.099751,0.0,1,0,1710975155
2024-03-14,0x253da544f498b85429f6acdc6e98b36b36c1c824,295,0xdbd5d31b7f48adc13a0ab0c591f7e3d4f9642e69,39860.658073,39860.658073,0.0,1,0,1710958809
2024-03-14,0x253da544f498b85429f6acdc6e98b36b36c1c824,312,0x9ced3bdc0e6ff65c3f072b0b5527184843ed4eaf,105456.00833,105456.00833,0.0,1,0,1710972763
2024-03-14,0x253da544f498b85429f6acdc6e98b36b36c1c824,331,0x5181cdf1bb20da04ba788f82989f29e65b67314a,0.0,0.0,104599.703566,0,1,1710975281
2024-03-14,0x253da544f498b85429f6acdc6e98b36b36c1c824,340,0xd9277f43bdfbbd18f5ba0adeb38f3ace2929e773,72617.582384,72617.582384,50999.802614,1,1,1710959765
2024-03-14,0x253da544f498b85429f6acdc6e98b36b36c1c824,346,0x2b26da567c2a8c220daf91be8e37a429d33aef0b,0.0,0.0,46273.707384,0,1,1710966803
2024-03-14,0x253da544f498b85429f6acdc6e98b36b36c1c824,361,0xb450aa35d3f2bc49bd24fa31439ad4aa2c6a17c2,0.0,0.0,81012.653385,0,1,1710969123
2024-03-14,0x253da544f498b85429f6acdc6e98b36b36c1c824,362,0x5929cc4d10b6a1acc5bf5d221889f10251c628a1,0.0,0.0,12394.115887,0,1,1710960907
2024-03-14,0x253da544f498b85429f6acdc6e98b36b36c1c824,364,0xe7b27bd74f522afa05732ba82b2f46a38d4be098,39856.510428,39856.510428,39788.928284,1,1,1710948741
2024-03-14,0x253da544f498b85429f6acdc6e98b36b36c1c824,398,0x48c7e0db3dad3fe4eb0513b86fe5c38ebb4e0f91,0.0,0.0,6729.282934,0,1,1710958033
2024-03-14,0x253da544f498b85429f6acdc6e98b36b36c1c824,418,0xbe7019f8333b0b3cfc707ac353ebc2123140134c,15632.971246,15632.971246,15606.463413,1,1,1710974417
2024-03-14,0x253da544f498b85429f6acdc6e98b36b36c1c824,486,0x7ee615e93d2d58feb14e58ea93f3fb5940d227e4,0.0,0.0,10581.259585,0,1,1710929981
2024-03-14,0x253da544f498b85429f6acdc6e98b36b36c1c824,509,0x34223719d75cbc336b77ccd8af6b9342bd6af1cb,4621.597297,4621.597297,0.0,1,0,1710956477
2024-03-14,0x253da544f498b85429f6acdc6e98b36b36c1c824,536,0xf6ed81d5e9f61dd1ea21e96ae1d660ecc388ae4f,16590.037287,16590.037287,12437.246749,1,1,1710962145
2024-03-14,0x253da544f498b85429f6acdc6e98b36b36c1c824,538,0x49fd1607a0b93334f090ebaf42c72babb38a0f76,0.0,0.0,43037.677498,0,1,1710950629
2024-03-14,0x253da544f498b85429f6acdc6e98b36b36c1c824,596,0xdffd8bbf8dcaf236c4e009ff6013bfc98407b6c0,43969.020889,43969.020889,0.0,1,0,1710968869
2024-03-14,0x253da544f498b85429f6acdc6e98b36b36c1c824,764,0xdbd5d31b7f48adc13a0ab0c591f7e3d4f9642e69,8128.014918,8128.014918,12294.292063,1,1,1710958673
2024-03-14,0x253da544f498b85429f6acdc6e98b36b36c1c824,813,0x1bc3e2c44e0b2dabb1b06a1890273571825d3e03,31604.761105,31604.761105,31551.170926,1,1,1710975535
2024-03-14,0x253da544f498b85429f6acdc6e98b36b36c1c824,844,0x0849f5477813c0acb47aaceb5fb64da0ea5256a5,20730.821259,20730.821259,0.0,1,0,1710959895
2024-03-14,0x253da544f498b85429f6acdc6e98b36b36c1c824,862,0x4da3e35a2eda1b636db298ffe504e157c6b9e40b,10158.54753,10158.54753,0.0,1,0,1710967131
2024-03-14,0x253da544f498b85429f6acdc6e98b36b36c1c824,888,0x41ed288dbf8493310d2bd57067c226a96610d2f9,29299.289218,29299.289218,14624.80414,1,1,1710963733
2024-03-14,0x253da544f498b85429f6acdc6e98b36b36c1c824,926,0x256e2248abb150e5cf0860235e153d0b21b02b25,0.0,0.0,17148.167675,0,1,1710925295
2024-03-14,0x253da544f498b85429f6acdc6e98b36b36c1c824,957,0x77d4d1d555533652815c2f12171ae7f45b6332b2,16609.547274,16609.547274,0.0,1,0,1710966417
2024-03-14,0x253da544f498b85429f6acdc6e98b36b36c1c824,982,0x5ae60432076d1885aa082546cae5d0e4cf0e9b1b,3957.148888,3957.148888,0.0,1,0,1710973693
2024-03-14,0x253da544f498b85429f6acdc6e98b36b36c1c824,1096,0x0feeb7936a806bf2006eb3d73d3552eaf4300fec,13196.615246,13196.615246,0.0,1,0,1710970555
2024-03-14,0x253da544f498b85429f6acdc6e98b36b36c1c824,1185,0xc954892d9caf463e967884e379a6ee4c78d61be7,0.0,0.0,11091.579782,0,1,1710922901
2024-03-14,0x253da544f498b85429f6acdc6e98b36b36c1c824,1231,0x0185c555216bbd14f138a92730682a8e9fbc9e00,10834.584522,10834.584522,0.0,1,0,1710970693
2024-03-14,0x253da544f498b85429f6acdc6e98b36b36c1c824,1263,0x8ba6fb982cb4b6a240065376b944100bce31b9d6,10005.498154,10005.498154,0.0,1,0,1710969297
2024-03-14,0x253da544f498b85429f6acdc6e98b36b36c1c824,1422,0x6aaefbe8564aa2719139bb7a4335f94a380c6476,9607.512133,9607.512133,0.0,1,0,1710969205
2024-03-14,0x253da544f498b85429f6acdc6e98b36b36c1c824,1462,0xadfbf9eccee2c330d7a045fb5533b978ff5ff2b2,8528.71541,8528.71541,0.0,1,0,1710959895
2024-03-14,0x253da544f498b85429f6acdc6e98b36b36c1c824,1473,0xb1b4d2c37c3d76eae8c47747de1d7dc782684849,0.0,0.0,1953.03692,0,1,1710961769
2024-03-14,0x253da544f498b85429f6acdc6e98b36b36c1c824,1534,0xaf0b68a684e2b7961a0b6078e36f43d6e990e54b,6895.745415,6895.745415,3442.02637,1,1,1710968627
2024-03-14,0x253da544f498b85429f6acdc6e98b36b36c1c824,1592,0xdbdf70689cb64b096c5291843936c56731e8240b,0.0,0.0,6790.380441,0,1,1710955871
2024-03-14,0x253da544f498b85429f6acdc6e98b36b36c1c824,1618,0x8b478359b5593747473e67f78b1f0048c1c523ed,0.0,0.0,27974.953479,0,1,1710940693
2024-03-14,0x253da544f498b85429f6acdc6e98b36b36c1c824,1665,0xc2359d9bd9c65a34ca2bea9a9e5eeff4dcd78d59,149338.819609,149338.819609,0.0,1,0,1710968935
2024-03-14,0x253da544f498b85429f6acdc6e98b36b36c1c824,1851,0x43c3ecaf74d44700a7821f3ea58ceae569d7158c,6503.204765,6503.204765,0.0,1,0,1710967075
2024-03-14,0x253da544f498b85429f6acdc6e98b36b36c1c824,1862,0x5f05a92fafe95a92e302bd0dd1479db425b4dc17,0.0,0.0,5410.966692,0,1,1710899103
2024-03-14,0x253da544f498b85429f6acdc6e98b36b36c1c824,1892,0x287d2974af3a369e9bd42ef5636b5d1fda13a35a,0.0,0.0,5601.077341,0,1,1710966517
2024-03-14,0x253da544f498b85429f6acdc6e98b36b36c1c824,2108,0xd52d391ebdfe9708346fa5017076d5d190493f78,4254.555777,4254.555777,4247.341598,1,1,1710952333
2024-03-14,0x253da544f498b85429f6acdc6e98b36b36c1c824,2174,0xcf58445788527655c17f7cae55ca86231a340cd2,1383.249142,1383.249142,0.0,1,0,1710970725
2024-03-14,0x253da544f498b85429f6acdc6e98b36b36c1c824,2268,0x823b8c5fa9d5b19649434dda4ee042ba94e7159e,1637.256718,1637.256718,0.0,1,0,1710966767
2024-03-14,0x253da544f498b85429f6acdc6e98b36b36c1c824,2362,0xbaa9b493bccbe1a900b39870980f41356f85822a,8718.546573,8718.546573,8703.763089,1,1,1710963125
2024-03-14,0x253da544f498b85429f6acdc6e98b36b36c1c824,2429,0x5a9e792143bf2708b4765c144451dca54f559a19,4876.018521,4876.018521,0.0,1,0,1710396645
2024-03-14,0x253da544f498b85429f6acdc6e98b36b36c1c824,2478,0xc4a9dd9ba9676038fd9138a431a78ed06b04d782,3350.687935,3350.687935,3350.687935,1,1,1710701563
2024-03-14,0x253da544f498b85429f6acdc6e98b36b36c1c824,2609,0xaef1889d58677805399c6f8326c11d159b09caf2,0.0,0.0,789.645084,0,1,1710878267
2024-03-14,0x253da544f498b85429f6acdc6e98b36b36c1c824,3088,0x52aea2fa97a868e2f920b95c388da95e1bcf8c29,0.0,0.0,926.432512,0,1,1710959143
2024-03-14,0x253da544f498b85429f6acdc6e98b36b36c1c824,3150,0x5259e022cd88761eabf328f29aab25a123112c8a,6181.396704,6181.396704,0.0,1,0,1710963043
2024-03-14,0x253da544f498b85429f6acdc6e98b36b36c1c824,3874,0xeede1d82f37c50aadb5a3574e64affd71a167ffd,1044.471099,1044.471099,0.0,1,0,1710969007
2024-03-14,0x253da544f498b85429f6acdc6e98b36b36c1c824,4024,0xfed7772aefda63fc29dfb785ec85312f6fa97982,812.693608,812.693608,0.0,1,0,1710971279
2024-03-14,0x253da544f498b85429f6acdc6e98b36b36c1c824,5901,0x2c7a4dbcf33080ac93b14be408b457eb40a7dfb8,37.063318,37.063318,90.248948,1,1,1710674811
2024-03-14,0x253da544f498b85429f6acdc6e98b36b36c1c824,6456,0x9b12c2ef2e591dd12d82dfba3268881ed9aed88d,0.0,0.0,2159.769112,0,1,1710897819
2024-03-14,0x253da544f498b85429f6acdc6e98b36b36c1c824,6457,0x2cac43da9303af89e6de4e197d52f1f9c3ca2936,0.0,0.0,2804.383452,0,1,1710898151
2024-03-14,0x253da544f498b85429f6acdc6e98b36b36c1c824,6715,0x4532280a66a0c1c709f7e0c40b14b4dea83253c1,0.611948,1.124596,0.512648,2,1,1710742333
2024-03-14,0x253da544f498b85429f6acdc6e98b36b36c1c824,7121,0x011b0a055e02425461a1ae95b30f483c4ff05be7,154576.550062,154576.550062,52285.979256,1,1,1710974045
2024-03-14,0x253da544f498b85429f6acdc6e98b36b36c1c824,7205,0x72d320a6f03249bd60fb3f1a0ca95daecbd9ca61,37.825794,37.825794,0.0,1,0,1710477167
2024-03-14,0x253da544f498b85429f6acdc6e98b36b36c1c824,8395,0x5181cdf1bb20da04ba788f82989f29e65b67314a,0.0,0.0,16725.654113,0,1,1710975309
2024-03-14,0x253da544f498b85429f6acdc6e98b36b36c1c824,8852,0x6adabc8287a814b21a67e2b5811ed19ae708872f,0.0,0.0,704.624947,0,1,1710688085
2024-03-14,0x253da544f498b85429f6acdc6e98b36b36c1c824,9029,0x6fac9e4ee04175728534be9fadfecebdc750dc4f,14497.913383,14497.913383,0.0,1,0,1710971049
2024-03-14,0x253da544f498b85429f6acdc6e98b36b36c1c824,9045,0xf7c0d5e897666ce6590a749ff1bd9edaf7eab2a5,0.0,0.0,2141.481616,0,1,1710816593
2024-03-14,0x253da544f498b85429f6acdc6e98b36b36c1c824,9220,0xf51e5a0a85d29aa0508894405d734bcf044dcb5b,171088.133394,171088.133394,0.0,1,0,1710971763
2024-03-14,0x253da544f498b85429f6acdc6e98b36b36c1c824,9260,0x6fac9e4ee04175728534be9fadfecebdc750dc4f,3539.582831,3539.582831,0.0,1,0,1710971029
2024-03-14,0x253da544f498b85429f6acdc6e98b36b36c1c824,9969,0x166c794d890dd91bbe71f304eca660e1c4892cbb,0.0,0.0,7791.039729,0,1,1710954227
2024-03-14,0x253da544f498b85429f6acdc6e98b36b36c1c824,10100,0x2bcdca8c689b4aa460b66ffde1d6b1761d41d5df,0.0,0.0,1829.287207,0,1,1710961571
2024-03-14,0x253da544f498b85429f6acdc6e98b36b36c1c824,10294,0x48a6a8d403a58eccc70d4d57347f801d4e182564,0.0,0.0,1001645.889833,0,1,1710962043
2024-03-14,0x253da544f498b85429f6acdc6e98b36b36c1c824,10295,0xc875b3dae5b0c371bc8cf9ded64868b78ac47587,126893.70317,126893.70317,126533.13373,1,1,1710977963
2024-03-14,0x253da544f498b85429f6acdc6e98b36b36c1c824,10296,0x03c70563e94de5de56c11a0cc4ce3482f592854f,316362.082882,316362.082882,315463.137574,1,1,1710977765
2024-03-14,0x253da544f498b85429f6acdc6e98b36b36c1c824,10298,0xc9814f18a8751214f719de15c54d01b3d78ef14f,57495.81453,9965584.493235,9966818.689191,170,170,1710977733
2024-03-14,0x253da544f498b85429f6acdc6e98b36b36c1c824,10449,0x29197c3b222fcff8571e5af8029e2e7fcabddf19,0.0,0.0,9146.163145,0,1,1710950781
2024-03-14,0x253da544f498b85429f6acdc6e98b36b36c1c824,10823,0x98b642cb6e40538474be7f7846ce840f14b7de64,0.0,0.0,4265.030763,0,1,1710422751
2024-03-14,0x253da544f498b85429f6acdc6e98b36b36c1c824,10908,0x76dac15813d4267248dc28a0724d859a7326f328,48724.831677,48724.831677,48880.432915,1,1,1710970551
2024-03-14,0x253da544f498b85429f6acdc6e98b36b36c1c824,11120,0x0b5897d201d83a9fcbeefc086c100a8eaa5ada9a,9061.106838,9061.106838,12742.033281,1,1,1710929451
2024-03-14,0x253da544f498b85429f6acdc6e98b36b36c1c824,11399,0x28878aec6b4209d90a40890183e3322f0ae5b2e2,112014.58326,112014.58326,0.0,1,0,1710967323
2024-03-14,0x253da544f498b85429f6acdc6e98b36b36c1c824,12015,0x7b2871c2dcad6f2b396fe7e1a087ae6170f4131c,43821.792402,43821.792402,84430.780777,1,1,1710962287
2024-03-14,0x253da544f498b85429f6acdc6e98b36b36c1c824,12107,0x8db743ecf3813f7bc8f142d654ae8012efaa3481,0.0,0.0,29133.305122,0,1,1710948921
2024-03-14,0x253da544f498b85429f6acdc6e98b36b36c1c824,12117,0x76dac15813d4267248dc28a0724d859a7326f328,8657.537293,8657.537293,8685.196871,1,1,1710970587
2024-03-14,0x253da544f498b85429f6acdc6e98b36b36c1c824,12576,0xe2fc1248db04df56b90d9a1150a528cb63fa273e,0.0,0.0,250.0,0,1,1710888245
2024-03-14,0x253da544f498b85429f6acdc6e98b36b36c1c824,12638,0x7213c705c84e5d9e30d6cfb081fae1fc3dda3af4,1.673731,1.673731,0.0,1,0,1710965387
2024-03-14,0x253da544f498b85429f6acdc6e98b36b36c1c824,12788,0x4c0fec38c9d616b3fbda55fe9bbd858700b459c0,0.0,0.0,61.0,0,1,1710403727
2024-03-14,0x253da544f498b85429f6acdc6e98b36b36c1c824,12948,0x80a4b61fad1ad8910cbb5388e3a3f1b6c4c5d0aa,103.19724,103.19724,0.0,1,0,1710694545
2024-03-14,0x253da544f498b85429f6acdc6e98b36b36c1c824,13391,0x8e85c632147ceac52e249e09e6e78d31b0887fa4,1.703634,1.703634,0.0,1,0,1710736455
2024-03-14,0x253da544f498b85429f6acdc6e98b36b36c1c824,13677,0xc836e1524dcfeacca3ea728e630bafcb0ae18357,9.5e-05,9.5e-05,0.0,1,0,1710970637
2024-03-14,0x2722c8f9b5e2ac72d1f225f8e8c990e449ba0078,43,0x2ddb405238368695f34d30a80ab60c449aa5ce48,62172.342289,62172.342289,0.0,1,0,1710974183
2024-03-14,0x2722c8f9b5e2ac72d1f225f8e8c990e449ba0078,47,0x011b0a055e02425461a1ae95b30f483c4ff05be7,13383.842201,13383.842201,0.0,1,0,1710974017
2024-03-14,0x2722c8f9b5e2ac72d1f225f8e8c990e449ba0078,55,0x285fed35cbea271a711681e84ffd83c68a596a75,0.0,0.0,68563.7447,0,1,1710965869
2024-03-14,0x2722c8f9b5e2ac72d1f225f8e8c990e449ba0078,67,0x8ce17ff2c7376e9adfe9c63c47a801097fa6c525,0.0,0.0,110983.450476,0,1,1710973841
2024-03-14,0x2722c8f9b5e2ac72d1f225f8e8c990e449ba0078,204,0x3aee7d5600c29ee7e4482c810746081313460738,19481.312425,19481.312425,0.0,1,0,1710974241
2024-03-14,0x2722c8f9b5e2ac72d1f225f8e8c990e449ba0078,417,0xbe93d14c5defb8f41af8fb092f58e3c71c712b85,0.0,0.0,31262.434898,0,1,1710426859
2024-03-14,0x2722c8f9b5e2ac72d1f225f8e8c990e449ba0078,449,0xf6657bbcfeb5c2746e8c609e35018a5a8caa13fb,0.0,0.0,17867.580651,0,1,1710957657
2024-03-14,0x2722c8f9b5e2ac72d1f225f8e8c990e449ba0078,597,0x1ce0c2b445c8e87ea4c40b6e721d9a39b09f6459,0.0,0.0,9205.755818,0,1,1710965235
2024-03-14,0x2722c8f9b5e2ac72d1f225f8e8c990e449ba0078,718,0xe12dbb4320caa9035c5d104620aa7a0debcbd554,0.0,0.0,6728.485937,0,1,1710967629
2024-03-14,0x2722c8f9b5e2ac72d1f225f8e8c990e449ba0078,978,0x28a21a3a4b197ea59aa8e4ab7001ed62bc53d1ca,19939.919873,19939.919873,0.0,1,0,1710973901
2024-03-14,0x2722c8f9b5e2ac72d1f225f8e8c990e449ba0078,998,0xf240afaf9a72ba475b9799581d985a40db1a900b,15552.320856,15552.320856,0.0,1,0,1710973929
2024-03-14,0x2722c8f9b5e2ac72d1f225f8e8c990e449ba0078,1396,0xba3e2dc0119d8b84ef61c0c48a923054bec9665b,4291.021716,4291.021716,4283.745704,1,1,1710551639
2024-03-14,0x2722c8f9b5e2ac72d1f225f8e8c990e449ba0078,1478,0x58c4f03a954e4cbb1b8e204a881a8e9a99d015dd,10270.37666,10270.37666,10252.961836,1,1,1710401407
2024-03-14,0x2722c8f9b5e2ac72d1f225f8e8c990e449ba0078,1692,0xd1cbf265fcdcafba2e406a17ddd3d178bc7b6803,0.0,0.0,1820.400116,0,1,1710394089
2024-03-14,0x2722c8f9b5e2ac72d1f225f8e8c990e449ba0078,2009,0x33ec34b1b4bfcdc9b5e37ba4ab02f6e993a457ae,4494.621229,4494.621229,0.0,1,0,1710974317
2024-03-14,0x2722c8f9b5e2ac72d1f225f8e8c990e449ba0078,2143,0x2b5a0be5940b63de1eddccca7bd977357e2488ed,4020.896861,4020.896861,3978.713422,1,1,1710682051
2024-03-14,0x2722c8f9b5e2ac72d1f225f8e8c990e449ba0078,2595,0xc4f2980b4826881f2cb9cfb05b60c0ab1b62061c,776.273071,776.273071,1552.546142,1,1,1710750995
2024-03-14,0x2722c8f9b5e2ac72d1f225f8e8c990e449ba0078,2795,0x9f834835927a0d9d589620669c0cd16b6af87d57,0.0,0.0,634.292537,0,1,1710748009
2024-03-14,0x2722c8f9b5e2ac72d1f225f8e8c990e449ba0078,2844,0x741bc936b183f8bcf807c0204bee62fa68ea561f,0.0,0.0,2370.088361,0,1,1710476651
2024-03-14,0x2722c8f9b5e2ac72d1f225f8e8c990e449ba0078,2876,0x1d8c4d80464270afb50576cab66f08a29903747f,2224.396786,2224.396786,0.0,1,0,1710974141
2024-03-14,0x2722c8f9b5e2ac72d1f225f8e8c990e449ba0078,3164,0x4d26f0e78c154f8fda7acf6646246fa135507017,496.508822,496.508822,485.186531,1,1,1710488601
2024-03-14,0x2722c8f9b5e2ac72d1f225f8e8c990e449ba0078,3221,0xfccbbe08538662d3f9f76a293575f9a6604129c5,0.0,0.0,1676.292422,0,1,1710964843
2024-03-14,0x2722c8f9b5e2ac72d1f225f8e8c990e449ba0078,3908,0xf60de76791c2f09995df52aa1c6e2e7dcf1e75d7,0.0,0.0,8706.997304,0,1,1710871071
2024-03-14,0x2722c8f9b5e2ac72d1f225f8e8c990e449ba0078,4668,0x2fd81617ac20c54109f1b1b6b08c5b7e74d56210,114.028883,114.028883,228.057766,1,1,1710446195
2024-03-14,0x2722c8f9b5e2ac72d1f225f8e8c990e449ba0078,4869,0x4ecab34278ee359dc9da60f91ddb5481ed5fca98,414.629407,414.629407,414.629407,1,1,1710967301
2024-03-14,0x2722c8f9b5e2ac72d1f225f8e8c990e449ba0078,5715,0xa32df494ddf72c7b8ea81fcda5bc08dfa287c4e9,0.0,0.0,345.302302,0,1,1710565869
2024-03-14,0x2722c8f9b5e2ac72d1f225f8e8c990e449ba0078,6093,0xd892f1cac31704c0f4fe586d142238e933945be5,88.596724,88.596724,138.197287,1,1,1710784835
2024-03-14,0x2722c8f9b5e2ac72d1f225f8e8c990e449ba0078,6296,0x0535cb51af15f81be86da6d48458a722a5736950,0.0,0.0,350.233507,0,1,1710868505
2024-03-14,0x2722c8f9b5e2ac72d1f225f8e8c990e449ba0078,6938,0xd3d99ab6981587d5522854ca370726eef63a8e4d,424.934091,424.934091,426.201986,1,1,1710423245
2024-03-14,0x2722c8f9b5e2ac72d1f225f8e8c990e449ba0078,7991,0xdbde6081017f0a9f88db0b23ea731f75e5285242,0.0,0.0,885.529261,0,1,1710816915
2024-03-14,0x2722c8f9b5e2ac72d1f225f8e8c990e449ba0078,9032,0x0b4b5cd5f3cd7e6325c34564fe6320318eac2ae6,3308.730845,3308.730845,3326.176179,1,1,1710386851
2024-03-14,0x2722c8f9b5e2ac72d1f225f8e8c990e449ba0078,10261,0x97d37e8b619cf4c6145da456766ca4fa157292d3,0.0,0.0,23624.883734,0,1,1710587805
2024-03-14,0x2722c8f9b5e2ac72d1f225f8e8c990e449ba0078,10694,0x04490dc0f52a97ef2d6ea0c4d9edbcde8c8546cc,0.0,0.0,75714.862407,0,1,1710943389
2024-03-14,0x2722c8f9b5e2ac72d1f225f8e8c990e449ba0078,11091,0x5b976cdd56fa2bfb74f9c882648b4426d0ae1a3b,1523.26046,1523.26046,2024.244052,1,1,1710956333
2024-03-14,0x27a8afa3bd49406e48a074350fb7b2020c43b2bd,23,0xc01a1cd505e6afcd3ced2ee1bac67890497f6654,49148.930508,49148.930508,0.0,1,0,1710961795
2024-03-14,0x27a8afa3bd49406e48a074350fb7b2020c43b2bd,24,0x208a17c5fabe5b90282e5906945ff335e39326c4,0.0,0.0,18742.607868,0,1,1710956157
2024-03-14,0x27a8afa3bd49406e48a074350fb7b2020c43b2bd,103,0x1c2ed7a6c4e3c1146103fa222181115a72243a06,0.0,0.0,56085.466229,0,1,1710975299
2024-03-14,0x27a8afa3bd49406e48a074350fb7b2020c43b2bd,105,0x208a17c5fabe5b90282e5906945ff335e39326c4,0.0,0.0,53092.677296,0,1,1710956111
2024-03-14,0x27a8afa3bd49406e48a074350fb7b2020c43b2bd,174,0x83bad39f067ef72e354f2ea9d318eaad381a7f15,27920.232625,27920.232625,27872.890066,1,1,1710931049
2024-03-14,0x27a8afa3bd49406e48a074350fb7b2020c43b2bd,423,0xa904a0f8b4f0292785ad610dae1084a916142a77,0.0,0.0,67826.148293,0,1,1710601845
2024-03-14,0x27a8afa3bd49406e48a074350fb7b2020c43b2bd,1259,0x27cfc88640089f340aeaec182baff0ddf15b1b37,2669.534163,2669.534163,2661.720131,1,1,1710408589
2024-03-14,0x27a8afa3bd49406e48a074350fb7b2020c43b2bd,1651,0xb5f4af1a4b5021ae10207e1c2e119ce8249b3007,6400.487899,6400.487899,6400.487899,1,1,1710971689
2024-03-14,0x27a8afa3bd49406e48a074350fb7b2020c43b2bd,1851,0x43c3ecaf74d44700a7821f3ea58ceae569d7158c,0.0,0.0,6544.588997,0,1,1710967075
2024-03-14,0x27a8afa3bd49406e48a074350fb7b2020c43b2bd,2133,0x63c80fe5b716d2e5c937a8fe787aa17df59d4344,9476.973751,9476.973751,0.0,1,0,1710975451
2024-03-14,0x27a8afa3bd49406e48a074350fb7b2020c43b2bd,2674,0x8298ca68dd147f42d2b355d320da71561defcd21,2674.594193,2674.594193,0.0,1,0,1710919607
2024-03-14,0x27a8afa3bd49406e48a074350fb7b2020c43b2bd,3321,0xe87a10d5b212d169ccbc9a50cf5e23dd3da27cb6,0.0,0.0,773.519519,0,1,1710853673
2024-03-14,0x27a8afa3bd49406e48a074350fb7b2020c43b2bd,3423,0x136ee5b20d8c5cf3ebc34a83175e3fdf8a994859,1397.123693,1397.123693,0.0,1,0,1710511917
2024-03-14,0x27a8afa3bd49406e48a074350fb7b2020c43b2bd,5554,0xc15ab8dd7daeea5f1aa3b56507cac8a877e21b15,0.0,0.0,5403.362149,0,1,1710928545
2024-03-14,0x27a8afa3bd49406e48a074350fb7b2020c43b2bd,6069,0xa984ce40edccbf979c95a9c77c3a2078e1c346bc,364.365994,364.365994,364.365994,1,1,1710679531
2024-03-14,0x27a8afa3bd49406e48a074350fb7b2020c43b2bd,6607,0xbd54cabe09e6d0c0f2a306d918f1dc669af7a412,0.0,0.0,96.718956,0,1,1710413067
2024-03-14,0x27a8afa3bd49406e48a074350fb7b2020c43b2bd,7621,0xd8aaa186db7214926cdd4c8ab5ef1d919913402f,0.0,0.0,66.227674,0,1,1710559763
2024-03-14,0x27a8afa3bd49406e48a074350fb7b2020c43b2bd,7844,0x4dccb4444a0a804b778ddac22dc21b4fd0fe1a0d,0.0,0.0,4.8022,0,1,1710828517
2024-03-14,0x27a8afa3bd49406e48a074350fb7b2020c43b2bd,8047,0x4ee67d558e065c6655f6a871a881e4717d97d1bd,0.0,0.0,5950.519912,0,1,1710975403
2024-03-14,0x27a8afa3bd49406e48a074350fb7b2020c43b2bd,9168,0xda263667e51f7bdd638abf6d9f67d7327745363d,4034.477656,4034.477656,0.0,1,0,1710828099
2024-03-14,0x27a8afa3bd49406e48a074350fb7b2020c43b2bd,9244,0x0302f495deee51627014e73e3b5f937fbdfb2680,0.0,0.0,11667.136136,0,1,1710973693
2024-03-14,0x27a8afa3bd49406e48a074350fb7b2020c43b2bd,9707,0x60034a6d90f54d3bbc3188033fd08b1a146802ba,1519.511097,1519.511097,0.0,1,0,1710523543
2024-03-14,0x27a8afa3bd49406e48a074350fb7b2020c43b2bd,10045,0xd897488b4a37eb8ee5818216a38fa4ea48ed8fa8,86.803434,173.606955,168.954963,2,2,1710740471
2024-03-14,0x27a8afa3bd49406e48a074350fb7b2020c43b2bd,11049,0xfec1083c50c374a0f691192b137f0db6077dabbb,31596.058347,31596.058347,0.0,1,0,1710943993
2024-03-14,0x27a8afa3bd49406e48a074350fb7b2020c43b2bd,11282,0x9e5a57470a2a136a3d4de39e1996e05944c4b1fb,98085.567808,98085.567808,78145.21061,1,1,1710964389
2024-03-14,0x27a8afa3bd49406e48a074350fb7b2020c43b2bd,13256,0x996f7c241007dceea584ae035a45cb6b98e8974c,146.784068,146.784068,0.0,1,0,1710529891
2024-03-14,0x27a8afa3bd49406e48a074350fb7b2020c43b2bd,13279,0xfec1083c50c374a0f691192b137f0db6077dabbb,6327.411211,6327.411211,0.0,1,0,1710944019
2024-03-14,0x27a8afa3bd49406e48a074350fb7b2020c43b2bd,13352,0x073031c081f83cb420d3b181bf3409736a7c2e22,34.93615,34.93615,0.0,1,0,1710702865
2024-03-14,0x284ddada0b71f2d0d4e395b69b1013dbf6f3e6c1,33,0x8aa63a11835bf0139e41859540f0c7161a92c7b1,128882.698385,128882.698385,0.0,1,0,1710951103
2024-03-14,0x284ddada0b71f2d0d4e395b69b1013dbf6f3e6c1,47,0x011b0a055e02425461a1ae95b30f483c4ff05be7,0.0,0.0,209770.024742,0,1,1710974017
2024-03-14,0x284ddada0b71f2d0d4e395b69b1013dbf6f3e6c1,62,0xdbd5d31b7f48adc13a0ab0c591f7e3d4f9642e69,169037.416434,169037.416434,0.0,1,0,1710959895
2024-03-14,0x284ddada0b71f2d0d4e395b69b1013dbf6f3e6c1,64,0xf1010ee787ee588766b441d7cc397b40ddfb17a3,600040.28645,600040.28645,0.0,1,0,1710894135
2024-03-14,0x284ddada0b71f2d0d4e395b69b1013dbf6f3e6c1,81,0x5c70b3f22595caf8314f77dabc628363aaee18ad,828435.536969,828435.536969,0.0,1,0,1710895411
2024-03-14,0x284ddada0b71f2d0d4e395b69b1013dbf6f3e6c1,99,0xa48cd684ded1eee3de13e052bbdcfed59558a1ca,823614.042938,823614.042938,1153873.787437,1,1,1710929267
2024-03-14,0x284ddada0b71f2d0d4e395b69b1013dbf6f3e6c1,107,0x662569b2117ca3e8017085c4f507676b3f34e1a7,258154.875695,258154.875695,0.0,1,0,1710965433
2024-03-14,0x284ddada0b71f2d0d4e395b69b1013dbf6f3e6c1,114,0x611b0c1ed942b833c786c53883a4aa37a25602a6,119795.809461,119795.809461,95674.143475,1,1,1710940449
2024-03-14,0x284ddada0b71f2d0d4e395b69b1013dbf6f3e6c1,135,0x166c794d890dd91bbe71f304eca660e1c4892cbb,0.0,0.0,387020.422227,0,1,1710954435
2024-03-14,0x284ddada0b71f2d0d4e395b69b1013dbf6f3e6c1,145,0xc5d7be4a4e5957baa078201f41d9fd5f21b91b1b,358525.918641,358525.918641,357917.989094,1,1,1710945299
2024-03-14,0x284ddada0b71f2d0d4e395b69b1013dbf6f3e6c1,147,0xe3f0254b09aec48ffa46f9eee5a3bc7a8e510e6d,85595.804935,85595.804935,0.0,1,0,1710894223
2024-03-14,0x284ddada0b71f2d0d4e395b69b1013dbf6f3e6c1,160,0xb0eb6f452ecea6a76fda435b4629cf6a11b24a2a,74677.605037,74677.605037,0.0,1,0,1710958105
2024-03-14,0x284ddada0b71f2d0d4e395b69b1013dbf6f3e6c1,170,0xbe6695fb4c6fed0385568a3dd1873746054ed958,0.0,0.0,250552.117749,0,1,1710964413
2024-03-14,0x284ddada0b71f2d0d4e395b69b1013dbf6f3e6c1,188,0xa60aadf62907bf06dd714781d44bbd4c2d783259,54764.023595,54764.023595,0.0,1,0,1710969839
2024-03-14,0x284ddada0b71f2d0d4e395b69b1013dbf6f3e6c1,189,0x549200c7cc0a789163db1bb80c4c4350afb897db,0.0,0.0,219724.92698,0,1,1710870913
2024-03-14,0x284ddada0b71f2d0d4e395b69b1013dbf6f3e6c1,202,0x6f09e3fd9caf2a8b3c7e9fccd2423b17b9d8e383,201935.895222,201935.895222,201593.485397,1,1,1710970879
2024-03-14,0x284ddada0b71f2d0d4e395b69b1013dbf6f3e6c1,267,0x5b1c8cd6e98d8bca397fd09b0dcc9933d712ad13,60274.388449,60274.388449,0.0,1,0,1710971585
2024-03-14,0x284ddada0b71f2d0d4e395b69b1013dbf6f3e6c1,286,0xb33cd827dd59c090e71899bfca31f81f4b189ddb,93571.790353,93571.790353,0.0,1,0,1710962077
2024-03-14,0x284ddada0b71f2d0d4e395b69b1013dbf6f3e6c1,292,0xc204d01bd43e7d084dcd60cf1a4bf8a75401fdd1,58246.18839,58246.18839,0.0,1,0,1710937697
2024-03-14,0x284ddada0b71f2d0d4e395b69b1013dbf6f3e6c1,295,0xdbd5d31b7f48adc13a0ab0c591f7e3d4f9642e69,39860.658073,39860.658073,0.0,1,0,1710958809
2024-03-14,0x284ddada0b71f2d0d4e395b69b1013dbf6f3e6c1,298,0x8aa63a11835bf0139e41859540f0c7161a92c7b1,56332.777579,56332.777579,0.0,1,0,1710951089
2024-03-14,0x284ddada0b71f2d0d4e395b69b1013dbf6f3e6c1,319,0xcd763667cd74543bd05c19386347441d3d3f6392,202482.642799,202482.642799,0.0,1,0,1710716629
2024-03-14,0x284ddada0b71f2d0d4e395b69b1013dbf6f3e6c1,333,0x61f3b33ffb5a6504c0709ce4ce4811c973a1325c,93096.55432,93096.55432,0.0,1,0,1710956823
2024-03-14,0x284ddada0b71f2d0d4e395b69b1013dbf6f3e6c1,342,0xe0c4bfa2072750ae2e18ed25b0cf8a58350dc24e,90268.634931,90268.634931,89967.495574,1,1,1710960179
2024-03-14,0x284ddada0b71f2d0d4e395b69b1013dbf6f3e6c1,382,0xf5670ea8317e037d6fe14a4cd3c6c383ed2ff3e9,70784.957102,70784.957102,0.0,1,0,1710899257
2024-03-14,0x284ddada0b71f2d0d4e395b69b1013dbf6f3e6c1,408,0x79bd77fccfce56270c48c6bddb8ba7dac01bf875,0.0,0.0,65766.470764,0,1,1710969505
2024-03-14,0x284ddada0b71f2d0d4e395b69b1013dbf6f3e6c1,419,0xf253f56f5b8118e9d28cc8dda7316761f4a85fc4,0.0,0.0,62146.524987,0,1,1710824873
2024-03-14,0x284ddada0b71f2d0d4e395b69b1013dbf6f3e6c1,445,0x24ed7409cb9f1adbe5b83c86a237049da6eca675,0.0,0.0,213423.48378,0,1,1710872807
2024-03-14,0x284ddada0b71f2d0d4e395b69b1013dbf6f3e6c1,457,0x2bc87addae195da271c2cb6f773cee647aeefa60,52783.392362,52783.392362,52607.3051,1,1,1710960365
2024-03-14,0x284ddada0b71f2d0d4e395b69b1013dbf6f3e6c1,463,0x048c5753e83027bf30ef103adee49cf9612cab84,50980.505719,50980.505719,50810.43295,1,1,1710960273
2024-03-14,0x284ddada0b71f2d0d4e395b69b1013dbf6f3e6c1,497,0xc5be928c3d096969842a3524a3bfcff051d7d68e,45784.1776,45784.1776,45706.544288,1,1,1710908569
2024-03-14,0x284ddada0b71f2d0d4e395b69b1013dbf6f3e6c1,509,0x34223719d75cbc336b77ccd8af6b9342bd6af1cb,16175.590539,16175.590539,0.0,1,0,1710956477
2024-03-14,0x284ddada0b71f2d0d4e395b69b1013dbf6f3e6c1,543,0x6613a1521394c2f17c7d705e48279e44c2a01936,20524.170779,20524.170779,0.0,1,0,1710378153
2024-03-14,0x284ddada0b71f2d0d4e395b69b1013dbf6f3e6c1,556,0x8019067c09ea6587383f728bdc708f41590a12ce,40263.422912,40263.422912,0.0,1,0,1710920837
2024-03-14,0x284ddada0b71f2d0d4e395b69b1013dbf6f3e6c1,584,0x38e481367e0c50f4166ad2a1c9fde0e3c662cfba,37711.289422,37711.289422,37711.289422,1,1,1710931001
2024-03-14,0x284ddada0b71f2d0d4e395b69b1013dbf6f3e6c1,608,0xc45d05cdc809d20c7b14959e8cd4a1199e3e966f,3631.035589,3631.035589,0.0,1,0,1710770129
2024-03-14,0x284ddada0b71f2d0d4e395b69b1013dbf6f3e6c1,612,0xb7db1273e05bb89c9c4858d3b0a280cf9dd38d69,18032.393035,18032.393035,36003.633311,1,1,1710914103
2024-03-14,0x284ddada0b71f2d0d4e395b69b1013dbf6f3e6c1,614,0x13e7652b9ec7a97a4a98906fc20338ac70940f98,0.0,0.0,35887.576245,0,1,1710958587
2024-03-14,0x284ddada0b71f2d0d4e395b69b1013dbf6f3e6c1,621,0x6b73f2b5ddf22a3e190893bbd83e2f0a882a7dac,0.0,0.0,35428.31351,0,1,1710942749
2024-03-14,0x284ddada0b71f2d0d4e395b69b1013dbf6f3e6c1,639,0xe564d9afc3e8d7ddc99912dbc5db58925b414024,0.0,0.0,34543.059309,0,1,1710795023
2024-03-14,0x284ddada0b71f2d0d4e395b69b1013dbf6f3e6c1,665,0x49e6f2d934077995cf4b24701fa5ae7f7b5e82e5,31753.899962,31753.899962,0.0,1,0,1710905879
2024-03-14,0x284ddada0b71f2d0d4e395b69b1013dbf6f3e6c1,684,0x2a23d0650db1c536e71aeb63ecd3daa0b52e66e1,102985.99415,102985.99415,0.0,1,0,1710896035
2024-03-14,0x284ddada0b71f2d0d4e395b69b1013dbf6f3e6c1,717,0x24b1bf98402c33a78c96178b833f89dbde7e76a7,16111.77971,16111.77971,0.0,1,0,1710903297
2024-03-14,0x284ddada0b71f2d0d4e395b69b1013dbf6f3e6c1,749,0x973a783d79fd380309f3ccfc1f4ef9f21fcf6c0c,0.0,0.0,32999.99972,0,1,1710944645
2024-03-14,0x284ddada0b71f2d0d4e395b69b1013dbf6f3e6c1,810,0x609470c2f08ff626078ba64ceb905d73b155089d,0.0,0.0,21995.08623,0,1,1710962155
2024-03-14,0x284ddada0b71f2d0d4e395b69b1013dbf6f3e6c1,833,0xbca143600d9718f30022b2463d597996bc410e5e,21071.555378,21071.555378,0.0,1,0,1710933137
2024-03-14,0x284ddada0b71f2d0d4e395b69b1013dbf6f3e6c1,858,0xec2f247e5b282cc98905ffb8f61d9989478be146,0.0,0.0,50457.70398,0,1,1710949625
2024-03-14,0x284ddada0b71f2d0d4e395b69b1013dbf6f3e6c1,888,0x41ed288dbf8493310d2bd57067c226a96610d2f9,0.0,0.0,14624.80414,0,1,1710963733
2024-03-14,0x284ddada0b71f2d0d4e395b69b1013dbf6f3e6c1,938,0xa952d7ca6a0c67201514716efe77fc9093131dae,26418.803571,26418.803571,0.0,1,0,1710885775
2024-03-14,0x284ddada0b71f2d0d4e395b69b1013dbf6f3e6c1,946,0x4523b791292da89a9194b61ba4cd9d98f2af68e0,8461.717063,8461.717063,0.0,1,0,1710913697
2024-03-14,0x284ddada0b71f2d0d4e395b69b1013dbf6f3e6c1,973,0x89468c809f87e3748488a241839b4b22bfe94bdd,0.0,0.0,16139.576283,0,1,1710970961
2024-03-14,0x284ddada0b71f2d0d4e395b69b1013dbf6f3e6c1,1018,0x1b7ea7d42c476a1e2808f23e18d850c5a4692df7,0.0,0.0,14985.682252,0,1,1710723151
2024-03-14,0x284ddada0b71f2d0d4e395b69b1013dbf6f3e6c1,1034,0x582b07d825557d79be4f5ea051167b6c534fea1e,14368.63536,14368.63536,0.0,1,0,1710907947
2024-03-14,0x284ddada0b71f2d0d4e395b69b1013dbf6f3e6c1,1053,0x3216a8a03b07b6b19cbc21d62c8942e625fc3e07,0.0,0.0,6550.267236,0,1,1710954971
2024-03-14,0x284ddada0b71f2d0d4e395b69b1013dbf6f3e6c1,1059,0x9ee4045c35514119a289ef08b27d448f11599cb8,25458.971072,25458.971072,0.0,1,0,1710956113
2024-03-14,0x284ddada0b71f2d0d4e395b69b1013dbf6f3e6c1,1142,0x88afc9ea8dd40c6b4478532846d87ef614e0057d,0.0,0.0,12039.867736,0,1,1710905427
2024-03-14,0x284ddada0b71f2d0d4e395b69b1013dbf6f3e6c1,1163,0x3e88681de2e12d1ac4116a7a6fb964a2c4c102ae,3116.113726,3116.113726,0.0,1,0,1710975475
2024-03-14,0x284ddada0b71f2d0d4e395b69b1013dbf6f3e6c1,1211,0x1d5faae928712c3db5543dc887c996e06e54cc0b,0.0,0.0,10716.963477,0,1,1710950653
2024-03-14,0x284ddada0b71f2d0d4e395b69b1013dbf6f3e6c1,1214,0xf5ccd855b7d196c3f3d54ae65e90531f1849bbe2,0.0,0.0,11106.058293,0,1,1710970013
2024-03-14,0x284ddada0b71f2d0d4e395b69b1013dbf6f3e6c1,1218,0x86e21992a439fe4f1149969f3fbf1d80897b8766,0.0,0.0,12652.491031,0,1,1710956429
2024-03-14,0x284ddada0b71f2d0d4e395b69b1013dbf6f3e6c1,1225,0xfc13ab4b466f17f3e1e5443147de34d96ccf1629,0.0,0.0,25656.396105,0,1,1710945695
2024-03-14,0x284ddada0b71f2d0d4e395b69b1013dbf6f3e6c1,1250,0xfde34a676aa8d44b66d5ced822831a5b1454f8b0,10743.807513,10743.807513,0.0,1,0,1710915951
2024-03-14,0x284ddada0b71f2d0d4e395b69b1013dbf6f3e6c1,1289,0x5505f7442fcbad24f65265c422f8a055993815c4,0.0,0.0,10513.466051,0,1,1710969215
2024-03-14,0x284ddada0b71f2d0d4e395b69b1013dbf6f3e6c1,1292,0xb118026c68fd7f03efbcdf675dea96d625c084e5,10729.405081,10729.405081,0.0,1,0,1710959689
2024-03-14,0x284ddada0b71f2d0d4e395b69b1013dbf6f3e6c1,1332,0x3ca439c192dd92c859c1c3097cca4088eb13f865,8982.81729,8982.81729,0.0,1,0,1710910465
2024-03-14,0x284ddada0b71f2d0d4e395b69b1013dbf6f3e6c1,1469,0x8fc4faa9dd274dc801ca629234e83183031634ec,2037.690677,2037.690677,0.0,1,0,1710924943
2024-03-14,0x284ddada0b71f2d0d4e395b69b1013dbf6f3e6c1,1522,0x0f50eb3bb26cafb1303bc552137300e6d6b722c8,7259.297254,7259.297254,7259.297254,1,1,1710956723
2024-03-14,0x284ddada0b71f2d0d4e395b69b1013dbf6f3e6c1,1534,0xaf0b68a684e2b7961a0b6078e36f43d6e990e54b,0.0,0.0,3442.02637,0,1,1710968627
2024-03-14,0x284ddada0b71f2d0d4e395b69b1013dbf6f3e6c1,1555,0xff0db36bdf740ce4190892e0d930bc411420ef44,6910.870238,6910.870238,0.0,1,0,1710887121
2024-03-14,0x284ddada0b71f2d0d4e395b69b1013dbf6f3e6c1,1658,0x4a2490c461d8bdcc0d7b6c2f7851d845d4fe4ab8,6286.042377,6286.042377,0.0,1,0,1710959447
2024-03-14,0x284ddada0b71f2d0d4e395b69b1013dbf6f3e6c1,1840,0x20a75d13cc7e7bde1534252f06a4578de8d70953,0.0,0.0,245.576511,0,1,1710972817
2024-03-14,0x284ddada0b71f2d0d4e395b69b1013dbf6f3e6c1,1862,0x5f05a92fafe95a92e302bd0dd1479db425b4dc17,5420.157307,5420.157307,0.0,1,0,1710899103
2024-03-14,0x284ddada0b71f2d0d4e395b69b1013dbf6f3e6c1,1986,0xaf7fc773b91230d9f9e4d9ecbc32b67f011063cb,0.0,0.0,4394.060962,0,1,1710948083
2024-03-14,0x284ddada0b71f2d0d4e395b69b1013dbf6f3e6c1,2224,0x1e510e363ca6672d9d822b2897f49e5aef0a1d0b,0.0,0.0,3942.979534,0,1,1710817537
2024-03-14,0x284ddada0b71f2d0d4e395b69b1013dbf6f3e6c1,2235,0x9b4ac5feb3fa9c087906cce730dc1bed34f08514,3765.546141,3765.546141,0.0,1,0,1710910563
2024-03-14,0x284ddada0b71f2d0d4e395b69b1013dbf6f3e6c1,2246,0x5f0e257991471c4c0229d3926adcf73fcb67446d,3755.11502,3755.11502,3755.11502,1,1,1710948493
2024-03-14,0x284ddada0b71f2d0d4e395b69b1013dbf6f3e6c1,2256,0xfe9c2167fcfb0fef5f29a66a99094e765621735a,3624.639932,3624.639932,0.0,1,0,1710759301
2024-03-14,0x284ddada0b71f2d0d4e395b69b1013dbf6f3e6c1,2328,0x6115c8547521b10460b804958ef6457588b17a86,0.0,0.0,3505.363967,0,1,1710904905
2024-03-14,0x284ddada0b71f2d0d4e395b69b1013dbf6f3e6c1,2358,0x4e122c62742eb4811659f6d85fda51cc63764940,3554.243854,3554.243854,0.0,1,0,1710882727
2024-03-14,0x284ddada0b71f2d0d4e395b69b1013dbf6f3e6c1,2365,0xd1f8f3c4551a22a815fdf5ccabca44140b24c4ee,3451.366718,3451.366718,0.0,1,0,1710758681
2024-03-14,0x284ddada0b71f2d0d4e395b69b1013dbf6f3e6c1,2366,0xe617a01d2f7bdd01b43b20d5700e1f791bd183a4,3451.366718,3451.366718,0.0,1,0,1710759027
2024-03-14,0x284ddada0b71f2d0d4e395b69b1013dbf6f3e6c1,2475,0x9bc86996822381b9dc51d367a6bf088d397d9f68,519.901554,519.901554,0.0,1,0,1710610683
2024-03-14,0x284ddada0b71f2d0d4e395b69b1013dbf6f3e6c1,2486,0x24a30823bd87e785b0c4b3803a2bffd91eb6876f,0.0,0.0,3365.269248,0,1,1710972433
2024-03-14,0x284ddada0b71f2d0d4e395b69b1013dbf6f3e6c1,2537,0xbfd212ba98bde92e75705292a290563bf85edac0,3171.550333,3171.550333,0.0,1,0,1710910979
2024-03-14,0x284ddada0b71f2d0d4e395b69b1013dbf6f3e6c1,2541,0xcb284f3bf78737c4fe5a9db1e3633130c10fa7b1,0.0,0.0,3229.774009,0,1,1710939727
2024-03-14,0x284ddada0b71f2d0d4e395b69b1013dbf6f3e6c1,2598,0xc0433e26e3d2ae7d1d80e39a6d58062d1eaa54f5,7193.064489,7193.064489,7180.867668,1,1,1710958067
2024-03-14,0x284ddada0b71f2d0d4e395b69b1013dbf6f3e6c1,2609,0xaef1889d58677805399c6f8326c11d159b09caf2,0.0,0.0,789.645084,0,1,1710878267
2024-03-14,0x284ddada0b71f2d0d4e395b69b1013dbf6f3e6c1,2711,0x18c6a47aca1c6a237e53ed2fc3a8fb392c97169b,784.730512,784.730512,0.0,1,0,1710383373
2024-03-14,0x284ddada0b71f2d0d4e395b69b1013dbf6f3e6c1,2761,0x8995aeb1083e4b1e1679bf5c13a17ef9ecfb4a44,2681.95375,2681.95375,0.0,1,0,1710910819
2024-03-14,0x284ddada0b71f2d0d4e395b69b1013dbf6f3e6c1,2794,0x3d409b7cac949135657a9ee5f59ffc27e0bf5d6e,0.0,0.0,2602.113554,0,1,1710929411
2024-03-14,0x284ddada0b71f2d0d4e395b69b1013dbf6f3e6c1,2829,0x50fa50fa2032d85eb2dda303929bf56886aa9afb,4270.533147,4270.533147,0.0,1,0,1710898569
2024-03-14,0x284ddada0b71f2d0d4e395b69b1013dbf6f3e6c1,2838,0xd39ea6043d1fa03f5be2beb2cfe65faa4ef0e595,0.0,0.0,2339.518674,0,1,1710898527
2024-03-14,0x284ddada0b71f2d0d4e395b69b1013dbf6f3e6c1,2841,0xfffd05ae9db4d5f4e23e2f37395db2f87359bf5d,0.0,0.0,2328.640983,0,1,1710975493
2024-03-14,0x284ddada0b71f2d0d4e395b69b1013dbf6f3e6c1,2846,0x7f922e25a3ff62f9a253c83f3f1f2e1dddae60bd,2375.079978,2375.079978,0.0,1,0,1710915835
2024-03-14,0x284ddada0b71f2d0d4e395b69b1013dbf6f3e6c1,2877,0x6f6cbac3fc494e57da3b53977fa9872c8fc74987,2288.680033,2288.680033,0.0,1,0,1710910679
2024-03-14,0x284ddada0b71f2d0d4e395b69b1013dbf6f3e6c1,2920,0x7a736aebfdff3ec824f8ea3f83639e863d7963c3,2202.556131,2202.556131,0.0,1,0,1710973189
2024-03-14,0x284ddada0b71f2d0d4e395b69b1013dbf6f3e6c1,2939,0x5f4f120d8435ea38f0f4635a910fee03801be88d,170079.563971,170079.563971,0.0,1,0,1710887341
2024-03-14,0x284ddada0b71f2d0d4e395b69b1013dbf6f3e6c1,2983,0xeba06532a72bec44a1d33130aaa7c45c31e502f6,2037.035295,2037.035295,0.0,1,0,1710910577
2024-03-14,0x284ddada0b71f2d0d4e395b69b1013dbf6f3e6c1,3037,0x74887f105a8e96c3457e5fbd5fc999f22cb7a998,0.0,0.0,2323.732676,0,1,1710969137
2024-03-14,0x284ddada0b71f2d0d4e395b69b1013dbf6f3e6c1,3046,0x16d890467de4d32bbcbab402073c5533609ae848,481.66518,481.66518,0.0,1,0,1710403893
2024-03-14,0x284ddada0b71f2d0d4e395b69b1013dbf6f3e6c1,3097,0x28893320e3ec737271510b92b3efe948144a396e,2571.272885,2571.272885,0.0,1,0,1710961667
2024-03-14,0x284ddada0b71f2d0d4e395b69b1013dbf6f3e6c1,3150,0x5259e022cd88761eabf328f29aab25a123112c8a,0.0,0.0,6181.396704,0,1,1710963043
2024-03-14,0x284ddada0b71f2d0d4e395b69b1013dbf6f3e6c1,3398,0x54ecb3397b0bf31cb0b81eb2444e2a7b32507d8b,41629.527428,41629.527428,0.0,1,0,1710959489
2024-03-14,0x284ddada0b71f2d0d4e395b69b1013dbf6f3e6c1,3405,0x353c5a5bb339a756e25d9ab983db61c7b1ac2922,1470.503686,1470.503686,0.0,1,0,1710913399
2024-03-14,0x284ddada0b71f2d0d4e395b69b1013dbf6f3e6c1,3408,0x1f2b88b4fbcbecf1e0b07728c6db26bfdacdb0b2,1463.842207,1463.842207,0.0,1,0,1710914215
2024-03-14,0x284ddada0b71f2d0d4e395b69b1013dbf6f3e6c1,3412,0x22422040886ab7d0a08eeafa2c595a707a26c531,1456.014404,1456.014404,0.0,1,0,1710915991
2024-03-14,0x284ddada0b71f2d0d4e395b69b1013dbf6f3e6c1,3418,0xa6e2df09d9a7bea5ddca479a1a59e3195583cfa6,1453.109861,1453.109861,0.0,1,0,1710914163
2024-03-14,0x284ddada0b71f2d0d4e395b69b1013dbf6f3e6c1,3430,0x4b4e54a9978453254acb96d3d8d9e202b5b01386,1429.027446,1429.027446,0.0,1,0,1710913455
2024-03-14,0x284ddada0b71f2d0d4e395b69b1013dbf6f3e6c1,3431,0xf9ce07a5611f18f018261d9e5be3fad92b49c852,1428.065121,1428.065121,0.0,1,0,1710916115
2024-03-14,0x284ddada0b71f2d0d4e395b69b1013dbf6f3e6c1,3434,0x7ec4dedf1587acf5f6090f8086e555ed72d6f0b8,1416.469867,1416.469867,0.0,1,0,1710915791
2024-03-14,0x284ddada0b71f2d0d4e395b69b1013dbf6f3e6c1,3550,0xf03df965490882583018c64fd41fa82d7dee032f,4726.033043,4726.033043,0.0,1,0,1710888585
2024-03-14,0x284ddada0b71f2d0d4e395b69b1013dbf6f3e6c1,3603,0x867d3d7721bc2b3e9a6c3843c73e33ee249e60b5,0.0,0.0,1146.023885,0,1,1710907659
2024-03-14,0x284ddada0b71f2d0d4e395b69b1013dbf6f3e6c1,3628,0x69f527687d71773d2c95dd998aa8695b38d2a516,1151.334923,1151.334923,0.0,1,0,1710730695
2024-03-14,0x284ddada0b71f2d0d4e395b69b1013dbf6f3e6c1,3630,0x21716a168b41c2c500208bc04f6493bb4d11d971,287.943664,287.943664,0.0,1,0,1710428933
2024-03-14,0x284ddada0b71f2d0d4e395b69b1013dbf6f3e6c1,3781,0xaf11495f021c5c2c5f5230f40d5d57ebe4059700,0.0,0.0,29255.073247,0,1,1710968279
2024-03-14,0x284ddada0b71f2d0d4e395b69b1013dbf6f3e6c1,3864,0xa13c2def62c36697407fbe7d574e946bf60d7350,310.646347,310.646347,0.0,1,0,1710968607
2024-03-14,0x284ddada0b71f2d0d4e395b69b1013dbf6f3e6c1,3905,0xa2495a057e796b351d9579c2eaac2c60d5546633,930.833372,930.833372,0.0,1,0,1710916217
2024-03-14,0x284ddada0b71f2d0d4e395b69b1013dbf6f3e6c1,3962,0xf51754d95c0b9bb416ab4915e9f10b04d04d29e5,0.0,0.0,859.611916,0,1,1710973125
2024-03-14,0x284ddada0b71f2d0d4e395b69b1013dbf6f3e6c1,4565,0x15b4999e8ff9822201693a7564a16cdb7082b74d,498.270061,498.270061,0.0,1,0,1710688233
2024-03-14,0x284ddada0b71f2d0d4e395b69b1013dbf6f3e6c1,4935,0x31a6686af02e5f51fd647a9dadfc9c711efcaa22,418.179893,418.179893,0.0,1,0,1710895933
2024-03-14,0x284ddada0b71f2d0d4e395b69b1013dbf6f3e6c1,4978,0x31a6686af02e5f51fd647a9dadfc9c711efcaa22,414.510912,414.510912,0.0,1,0,1710895409
2024-03-14,0x284ddada0b71f2d0d4e395b69b1013dbf6f3e6c1,4999,0x31a6686af02e5f51fd647a9dadfc9c711efcaa22,412.019189,412.019189,0.0,1,0,1710895915
2024-03-14,0x284ddada0b71f2d0d4e395b69b1013dbf6f3e6c1,5001,0x31a6686af02e5f51fd647a9dadfc9c711efcaa22,411.663387,411.663387,0.0,1,0,1710895893
2024-03-14,0x284ddada0b71f2d0d4e395b69b1013dbf6f3e6c1,5004,0x31a6686af02e5f51fd647a9dadfc9c711efcaa22,411.307584,411.307584,0.0,1,0,1710895851
2024-03-14,0x284ddada0b71f2d0d4e395b69b1013dbf6f3e6c1,5005,0x31a6686af02e5f51fd647a9dadfc9c711efcaa22,411.307584,411.307584,0.0,1,0,1710895809
2024-03-14,0x284ddada0b71f2d0d4e395b69b1013dbf6f3e6c1,5006,0x31a6686af02e5f51fd647a9dadfc9c711efcaa22,411.307584,411.307584,0.0,1,0,1710895829
2024-03-14,0x284ddada0b71f2d0d4e395b69b1013dbf6f3e6c1,5008,0x31a6686af02e5f51fd647a9dadfc9c711efcaa22,411.307584,411.307584,0.0,1,0,1710895877
2024-03-14,0x284ddada0b71f2d0d4e395b69b1013dbf6f3e6c1,5009,0x31a6686af02e5f51fd647a9dadfc9c711efcaa22,411.307584,411.307584,0.0,1,0,1710895649
2024-03-14,0x284ddada0b71f2d0d4e395b69b1013dbf6f3e6c1,5341,0x3650801cbe79abf94dbdf297fae9e10ccf9616d4,379.140422,379.140422,0.0,1,0,1710394113
2024-03-14,0x284ddada0b71f2d0d4e395b69b1013dbf6f3e6c1,5347,0x6aefa01456ffbe8b69633e46e4b7e36a7ca4b29e,94.721032,94.721032,0.0,1,0,1710879641
2024-03-14,0x284ddada0b71f2d0d4e395b69b1013dbf6f3e6c1,5366,0x081932b0369eae9905440eb5aeb0a312a9ad020d,189.020831,189.020831,0.0,1,0,1710721025
2024-03-14,0x284ddada0b71f2d0d4e395b69b1013dbf6f3e6c1,5457,0x8db7a537d8478df3c6d95ff33b4270342862957f,43.707996,43.707996,0.0,1,0,1710486579
2024-03-14,0x284ddada0b71f2d0d4e395b69b1013dbf6f3e6c1,5530,0x55bdd60c454fd1f1ecf567bbac8b29ad02c49d95,370.722884,370.722884,0.0,1,0,1710892555
2024-03-14,0x284ddada0b71f2d0d4e395b69b1013dbf6f3e6c1,5604,0x55bdd60c454fd1f1ecf567bbac8b29ad02c49d95,368.753563,368.753563,0.0,1,0,1710892673
2024-03-14,0x284ddada0b71f2d0d4e395b69b1013dbf6f3e6c1,5618,0x55bdd60c454fd1f1ecf567bbac8b29ad02c49d95,368.358092,368.358092,0.0,1,0,1710892291
2024-03-14,0x284ddada0b71f2d0d4e395b69b1013dbf6f3e6c1,5639,0x55bdd60c454fd1f1ecf567bbac8b29ad02c49d95,367.668283,367.668283,0.0,1,0,1710892437
2024-03-14,0x284ddada0b71f2d0d4e395b69b1013dbf6f3e6c1,5827,0x54da11a90d36f292b3a995d1a447dfe6923cf454,372.830388,372.830388,372.198203,1,1,1710738051
2024-03-14,0x284ddada0b71f2d0d4e395b69b1013dbf6f3e6c1,6347,0xb1e436ff825f116d390356f606f059ddadec96a6,425.350798,425.350798,423.145182,1,1,1710582507
2024-03-14,0x284ddada0b71f2d0d4e395b69b1013dbf6f3e6c1,7120,0x0524f2b8765ee3a1a033311ddc9e2dcaad34b8c3,1601.938325,1601.938325,0.0,1,0,1710938425
2024-03-14,0x284ddada0b71f2d0d4e395b69b1013dbf6f3e6c1,7498,0x146695f336d600e9fbc78185aa0e64104fc191f2,1495.348253,1495.348253,0.0,1,0,1710733225
2024-03-14,0x284ddada0b71f2d0d4e395b69b1013dbf6f3e6c1,8032,0xf265702178a66b4b7ce079fc8a1629e47cf1bcde,0.0,0.0,261355.221024,0,1,1710975405
2024-03-14,0x284ddada0b71f2d0d4e395b69b1013dbf6f3e6c1,8136,0x253f6b1b85e3c1d88c5ecb383ed33063df8a9e7c,0.352512,0.352512,0.0,1,0,1710489489
2024-03-14,0x284ddada0b71f2d0d4e395b69b1013dbf6f3e6c1,8330,0x43386877500087ee7da43ef57c8691490ddcebac,53776.54497,53776.54497,268426.797555,1,1,1710948693
2024-03-14,0x284ddada0b71f2d0d4e395b69b1013dbf6f3e6c1,8356,0x166c794d890dd91bbe71f304eca660e1c4892cbb,130716.241361,130716.241361,0.0,1,0,1710954375
2024-03-14,0x284ddada0b71f2d0d4e395b69b1013dbf6f3e6c1,8497,0x6c607fdeb11f83b3d5169014a45f45e035f9ab4a,0.0,0.0,42741.0348,0,1,1710954645
2024-03-14,0x284ddada0b71f2d0d4e395b69b1013dbf6f3e6c1,8846,0x6d75b5c51c41d5361f5729a2d453fee4ef40e652,1228.432143,1228.432143,739.379273,1,1,1710941735
2024-03-14,0x284ddada0b71f2d0d4e395b69b1013dbf6f3e6c1,9045,0xf7c0d5e897666ce6590a749ff1bd9edaf7eab2a5,1067.036627,1067.036627,0.0,1,0,1710816593
2024-03-14,0x284ddada0b71f2d0d4e395b69b1013dbf6f3e6c1,9224,0x3aa8ac0e6c1fb9cbb733565de16cdc5a676bcb04,0.0,0.0,32571.522809,0,1,1710972909
2024-03-14,0x284ddada0b71f2d0d4e395b69b1013dbf6f3e6c1,9269,0x12dad3425d0ec383ebd9e86139a103ce119aa0b2,0.0,0.0,46498.6507,0,1,1710946659
2024-03-14,0x284ddada0b71f2d0d4e395b69b1013dbf6f3e6c1,9300,0xb33cd827dd59c090e71899bfca31f81f4b189ddb,22983.45554,22983.45554,0.0,1,0,1710962113
2024-03-14,0x284ddada0b71f2d0d4e395b69b1013dbf6f3e6c1,9898,0xb33cd827dd59c090e71899bfca31f81f4b189ddb,69281.317606,69281.317606,0.0,1,0,1710962147
2024-03-14,0x284ddada0b71f2d0d4e395b69b1013dbf6f3e6c1,10294,0x48a6a8d403a58eccc70d4d57347f801d4e182564,20498583.796928,20498583.796928,11518927.733076,1,1,1710962043
2024-03-14,0x284ddada0b71f2d0d4e395b69b1013dbf6f3e6c1,10414,0xdcac0ee047da0ab449f6beb08c8f79c00eabc67d,10827.685785,10827.685785,0.0,1,0,1710441085
2024-03-14,0x284ddada0b71f2d0d4e395b69b1013dbf6f3e6c1,10433,0xf9f7aca75cf438ce22184331a66591a02df3a216,0.0,0.0,369355.557626,0,1,1710958237
2024-03-14,0x284ddada0b71f2d0d4e395b69b1013dbf6f3e6c1,10449,0x29197c3b222fcff8571e5af8029e2e7fcabddf19,22904.245132,22904.245132,0.0,1,0,1710950781
2024-03-14,0x284ddada0b71f2d0d4e395b69b1013dbf6f3e6c1,10775,0x30f125a74a4bd2aa8db5de1521b58b1164de1e89,3583.042327,3583.042327,3783.236455,1,1,1710437963
2024-03-14,0x284ddada0b71f2d0d4e395b69b1013dbf6f3e6c1,10867,0x6ab2d5789af8fc628b306d04505de6e5a78ba660,719.318629,719.318629,0.0,1,0,1710848667
2024-03-14,0x284ddada0b71f2d0d4e395b69b1013dbf6f3e6c1,10903,0x37d893705acea43cdeb3423de8e66464fb295daa,295.974895,295.974895,0.0,1,0,1710403883
2024-03-14,0x284ddada0b71f2d0d4e395b69b1013dbf6f3e6c1,11274,0x9844c3688daaa98de18fbe52499a6b152236896b,0.0,0.0,696786.108396,0,1,1710690987
2024-03-14,0x284ddada0b71f2d0d4e395b69b1013dbf6f3e6c1,11335,0x0d137799300898b205df530df8aeed1dcdae80ea,76315.587472,76315.587472,0.0,1,0,1710899109
2024-03-14,0x284ddada0b71f2d0d4e395b69b1013dbf6f3e6c1,11376,0x8c42138c925d1049ec6b29f1ecf817b1628e54ba,398062.10887,398062.10887,396735.265008,1,1,1710889797
2024-03-14,0x284ddada0b71f2d0d4e395b69b1013dbf6f3e6c1,11494,0x3ae691584bd391741c305f9a3e66d89c7bb6b6f7,15.017546,15.017546,0.0,1,0,1710934069
2024-03-14,0x284ddada0b71f2d0d4e395b69b1013dbf6f3e6c1,11747,0x246a9b7ee043ca431968febd33917bb3af804921,882.815673,882.815673,0.0,1,0,1710714337
2024-03-14,0x284ddada0b71f2d0d4e395b69b1013dbf6f3e6c1,12091,0xd5b2daf2285d0fbf2f1c2a20e2866ccf9617e83b,0.0,0.0,122103.979073,0,1,1710964241
2024-03-14,0x284ddada0b71f2d0d4e395b69b1013dbf6f3e6c1,12325,0x1e1a0c1296c08598141a01b5f21e6bac42556567,14.810854,44.462179,36.705458,3,3,1710452849
2024-03-14,0x284ddada0b71f2d0d4e395b69b1013dbf6f3e6c1,12463,0xbd584812c7aaeb901e8424725065cb0716b9264f,0.0,0.0,5033.108704,0,1,1710898879
2024-03-14,0x284ddada0b71f2d0d4e395b69b1013dbf6f3e6c1,12543,0x8968837e2b3b3313c5d4b82106d76b9ebeba59f0,3558.053753,3558.053753,0.0,1,0,1710862459
2024-03-14,0x284ddada0b71f2d0d4e395b69b1013dbf6f3e6c1,12656,0xccf7b6320e65c0011a5a4aae25b1befa53fc1fe4,0.0,0.0,12.268075,0,1,1710416801
2024-03-14,0x284ddada0b71f2d0d4e395b69b1013dbf6f3e6c1,12703,0x635b9b9f1da50eb0cd6883cf9f42a49555838575,51.963556,51.963556,52.510358,1,1,1710941255
2024-03-14,0x284ddada0b71f2d0d4e395b69b1013dbf6f3e6c1,12743,0x8e111ebf4e6cf4a183f85f0b960751b178a3cbf2,65.592007,65.592007,0.0,1,0,1710456841
2024-03-14,0x284ddada0b71f2d0d4e395b69b1013dbf6f3e6c1,12813,0x869921f41af38fe397c8309d3d1885809508b723,0.0,0.0,1277.94205,0,1,1710907781
2024-03-14,0x284ddada0b71f2d0d4e395b69b1013dbf6f3e6c1,12970,0xa288b6b80c02f3a7916609fde831b30e9fa6ba07,0.0,0.0,19869.752505,0,1,1710519319
2024-03-14,0x284ddada0b71f2d0d4e395b69b1013dbf6f3e6c1,12975,0xd2c8f9501402ab6b0c837810ae7863b04fa6e701,46.67806,186.87756,154.75335,4,4,1710876747
2024-03-14,0x284ddada0b71f2d0d4e395b69b1013dbf6f3e6c1,13072,0x59d4c6c4bcc786371f2030d8b8cf768630594dd8,39.848924,39.848924,0.0,1,0,1710945145
2024-03-14,0x284ddada0b71f2d0d4e395b69b1013dbf6f3e6c1,13073,0x8e111ebf4e6cf4a183f85f0b960751b178a3cbf2,12.562327,12.562327,12.544613,1,1,1710387181
2024-03-14,0x284ddada0b71f2d0d4e395b69b1013dbf6f3e6c1,13125,0xeb8e8982b6943e3040154c38747375d5d3978129,6.826871,6.826871,0.0,1,0,1710399047
2024-03-14,0x284ddada0b71f2d0d4e395b69b1013dbf6f3e6c1,13185,0xde0a6e1a3cd5ece4ce25dbfa76142c127a52ff8c,0.015026,0.015026,0.0,1,0,1710469651
2024-03-14,0x284ddada0b71f2d0d4e395b69b1013dbf6f3e6c1,13203,0x08fe4b9a8360b130ee023ff71a727b48387afed7,13.718436,13.718436,0.0,1,0,1710487881
2024-03-14,0x284ddada0b71f2d0d4e395b69b1013dbf6f3e6c1,13242,0xa288b6b80c02f3a7916609fde831b30e9fa6ba07,71666.325059,114319.650118,42653.325059,3,2,1710916777
2024-03-14,0x284ddada0b71f2d0d4e395b69b1013dbf6f3e6c1,13245,0x17a7b0b2deaa2e19e79d86eb7d6b92ba1d143bb7,99.610256,99.610256,0.0,1,0,1710520439
2024-03-14,0x284ddada0b71f2d0d4e395b69b1013dbf6f3e6c1,13249,0xc0773a4d86b8b99dba2d8907bad95c8e2e0a2f3d,17.202361,17.202361,0.0,1,0,1710522847
2024-03-14,0x284ddada0b71f2d0d4e395b69b1013dbf6f3e6c1,13282,0x2167523061f4a48db14199bb97bdc13d3fb5377d,0.658324,0.658324,0.0,1,0,1710586059
2024-03-14,0x284ddada0b71f2d0d4e395b69b1013dbf6f3e6c1,13333,0xae1babc08897971633e255e76e42444d883d34cd,0.409861,0.409861,0.0,1,0,1710676503
2024-03-14,0x284ddada0b71f2d0d4e395b69b1013dbf6f3e6c1,13334,0x4fd2055937b71d0a896852a17928b0eaca7614b9,0.883456,0.883456,0.0,1,0,1710676947
2024-03-14,0x284ddada0b71f2d0d4e395b69b1013dbf6f3e6c1,13400,0x458f31e446c5ac173833030474a1f81cc43b654b,8.899811,8.899811,0.0,1,0,1710744529
2024-03-14,0x284ddada0b71f2d0d4e395b69b1013dbf6f3e6c1,13412,0x5708a9abd1fbe4af6f61c1053c2658337903f21c,24.854979,24.854979,0.0,1,0,1710760541
2024-03-14,0x284ddada0b71f2d0d4e395b69b1013dbf6f3e6c1,13415,0x81fd672d1a5b67793d2713b32f16924f2dd2e831,7.504503,7.504503,0.0,1,0,1710768329
2024-03-14,0x284ddada0b71f2d0d4e395b69b1013dbf6f3e6c1,13487,0x53f2736fae551c998d4e72e519f1acf474264de4,98.709273,98.709273,0.0,1,0,1710872835
2024-03-14,0x284ddada0b71f2d0d4e395b69b1013dbf6f3e6c1,13488,0x53f2736fae551c998d4e72e519f1acf474264de4,99.330875,99.330875,0.0,1,0,1710872861
2024-03-14,0x284ddada0b71f2d0d4e395b69b1013dbf6f3e6c1,13503,0xcd4a798f3408115137286b3bf9df115ff808aa7a,1152.0,1152.0,0.0,1,0,1710877989
2024-03-14,0x284ddada0b71f2d0d4e395b69b1013dbf6f3e6c1,13642,0x18ea92eb6a563668c6d08a2a5ab0619b518cc725,0.055287,0.055287,0.0,1,0,1710902025
2024-03-14,0x284ddada0b71f2d0d4e395b69b1013dbf6f3e6c1,13643,0xcf07669e0c35391b1d736302e116c42f2985cff9,28.230895,28.230895,0.0,1,0,1710902313
2024-03-14,0x284ddada0b71f2d0d4e395b69b1013dbf6f3e6c1,13645,0xfb044636b92629aa38ee94aa397e09cb7f3ae6cb,199.570952,199.570952,0.0,1,0,1710904209
2024-03-14,0x284ddada0b71f2d0d4e395b69b1013dbf6f3e6c1,13662,0xabcd5b87d7e70abeaecce7e6042fe847badf6750,9.999057,9.999057,0.0,1,0,1710927665
2024-03-14,0x28d511ca99eeffa7600a8cc52269b899dfc689e2,7121,0x011b0a055e02425461a1ae95b30f483c4ff05be7,0.0,0.0,889.553522,0,1,1710974045
2024-03-14,0x28d511ca99eeffa7600a8cc52269b899dfc689e2,7122,0x011b0a055e02425461a1ae95b30f483c4ff05be7,525.414148,525.414148,0.0,1,0,1710974075
2024-03-14,0x28d511ca99eeffa7600a8cc52269b899dfc689e2,12728,0xdd033db32eaa7c000cc4249a1339e26bd7ce24a9,676.662063,676.662063,681.30612,1,1,1710659221
2024-03-14,0x2a1463cebe85315224c536afd389b381b43f3206,15,0x657240bfbfe9e2087a0c09e54e029dfef42ba54f,1618352.808373,1618352.808373,1622152.271894,1,1,1710776027
2024-03-14,0x2a1463cebe85315224c536afd389b381b43f3206,2169,0x755fa1543e7fba12dd992e836d68fe043f141b0b,0.0,0.0,3901.7662,0,1,1710960087
2024-03-14,0x2a1463cebe85315224c536afd389b381b43f3206,2204,0xa6855663972d7da311a235a8f35ed2812af2dec0,0.0,0.0,4298.741184,0,1,1710946641
2024-03-14,0x2a1463cebe85315224c536afd389b381b43f3206,2333,0xacecac0129b7ffbc5879e7175c5d46227c4a8c37,0.0,0.0,3499.214261,0,1,1710970093
2024-03-14,0x2a1463cebe85315224c536afd389b381b43f3206,7576,0x74d0eda9a5f8898872a0c2cbff72f2407ca34c0f,0.0,0.0,12.445071,0,1,1710625639
2024-03-14,0x2a1463cebe85315224c536afd389b381b43f3206,11725,0x0d1c41d60ef876b3244c9db50ea5c196ced8e07e,5.951161,5.951161,0.0,1,0,1710777637
2024-03-14,0x2b7704f1cb9324cd8586b33c6c540cbd64e58237,47,0x011b0a055e02425461a1ae95b30f483c4ff05be7,6691.9211,6691.9211,0.0,1,0,1710974017
2024-03-14,0x2b7704f1cb9324cd8586b33c6c540cbd64e58237,1042,0x52dcc21458b8e79d6fd3a7de51d322a602397bbe,0.0,0.0,4135.935777,0,1,1710833991
2024-03-14,0x2b7704f1cb9324cd8586b33c6c540cbd64e58237,6766,0xb4dc4c7460c58e7652cd615675a1f707ebb67e9a,24.024984,24.024984,24.433671,1,1,1710708657
2024-03-14,0x2b7704f1cb9324cd8586b33c6c540cbd64e58237,7011,0x0d33d24eea04a3f776733cdfe2c0cda228e8e7ce,1.05639,1.05639,1.06872,1,1,1710562443
2024-03-14,0x2b7704f1cb9324cd8586b33c6c540cbd64e58237,7013,0x4c1efe9cb913fde7c5e9cb8da70bd7fa3100ec88,1.844551,1.844551,2.994263,1,1,1710816975
2024-03-14,0x2b7704f1cb9324cd8586b33c6c540cbd64e58237,7121,0x011b0a055e02425461a1ae95b30f483c4ff05be7,0.0,0.0,2965.178408,0,1,1710974045
2024-03-14,0x2b7704f1cb9324cd8586b33c6c540cbd64e58237,7844,0x4dccb4444a0a804b778ddac22dc21b4fd0fe1a0d,0.0,0.0,2.318039,0,1,1710828517
2024-03-14,0x2c4909355b0c036840819484c3a882a95659abf3,67,0x8ce17ff2c7376e9adfe9c63c47a801097fa6c525,0.0,0.0,110983.450476,0,1,1710973841
2024-03-14,0x2c4909355b0c036840819484c3a882a95659abf3,184,0xc2edb9c398e1d632ad81647a26254c33801685df,431374.163139,431374.163139,0.0,1,0,1710905443
2024-03-14,0x2c4909355b0c036840819484c3a882a95659abf3,285,0xe8788a8926dac3d25c591caa64d5296044c1446d,56387.159077,56387.159077,0.0,1,0,1710803335
2024-03-14,0x2c4909355b0c036840819484c3a882a95659abf3,332,0x3b82b31bbe0dc3fe0f13d17f9a4d0455ef562e06,93454.79533,93454.79533,0.0,1,0,1710867335
2024-03-14,0x2c4909355b0c036840819484c3a882a95659abf3,423,0xa904a0f8b4f0292785ad610dae1084a916142a77,68364.965292,68364.965292,0.0,1,0,1710904211
2024-03-14,0x2c4909355b0c036840819484c3a882a95659abf3,494,0x153b4f4f2c6c284f844a53eb2e097d23b7bfa4dd,46768.103502,46768.103502,0.0,1,0,1710936145
2024-03-14,0x2c4909355b0c036840819484c3a882a95659abf3,571,0xc2edb9c398e1d632ad81647a26254c33801685df,47509.470268,47509.470268,0.0,1,0,1710905435
2024-03-14,0x2c4909355b0c036840819484c3a882a95659abf3,579,0x71535aae1b6c0c51db317b54d5eee72d1ab843c1,38043.600151,38043.600151,0.0,1,0,1710975527
2024-03-14,0x2c4909355b0c036840819484c3a882a95659abf3,606,0x27f33f5af3125c7488051134872e6e7a3c5a644a,0.0,0.0,36206.829867,0,1,1710694355
2024-03-14,0x2c4909355b0c036840819484c3a882a95659abf3,754,0x4d3869e2451d28bb4f03aeda60322eaf01e912db,7600.510035,7600.510035,0.0,1,0,1710865673
2024-03-14,0x2c4909355b0c036840819484c3a882a95659abf3,887,0x50fa50fa2032d85eb2dda303929bf56886aa9afb,4172.974772,4172.974772,0.0,1,0,1710898447
2024-03-14,0x2c4909355b0c036840819484c3a882a95659abf3,1039,0x4a5efa846e7375a40dcd596c7c6dadb28df28ae4,1428.577606,1428.577606,0.0,1,0,1710453357
2024-03-14,0x2c4909355b0c036840819484c3a882a95659abf3,1063,0xe8a17d5276f9c665e7713a2f7a4a0a388915af8d,13390.617267,13390.617267,0.0,1,0,1710790431
2024-03-14,0x2c4909355b0c036840819484c3a882a95659abf3,1162,0x72241b7cd963cf56ba409e80ed59e1aee76a1ada,13594.805673,13594.805673,0.0,1,0,1710941621
2024-03-14,0x2c4909355b0c036840819484c3a882a95659abf3,1169,0xf9e1d1e9f22c96752356adfd377231528c7e851e,11926.496591,11926.496591,11926.496591,1,1,1710956873
2024-03-14,0x2c4909355b0c036840819484c3a882a95659abf3,1186,0xb413a48088cfb0074f75349c790062920434e321,11522.049213,11522.049213,11522.049213,1,1,1710430425
2024-03-14,0x2c4909355b0c036840819484c3a882a95659abf3,1303,0x102e51c706eaf0293715af73c99f2a8589a2084d,9612.859568,9612.859568,0.0,1,0,1710731671
2024-03-14,0x2c4909355b0c036840819484c3a882a95659abf3,1409,0x29e78e2438e589a0054d45b8a5f6c2eeee9a68df,8298.819346,8298.819346,0.0,1,0,1710644727
2024-03-14,0x2c4909355b0c036840819484c3a882a95659abf3,1480,0x487c6480c33f32435f99cfa4b1e09c0d4e4165f7,13585.634596,13585.634596,0.0,1,0,1710628809
2024-03-14,0x2c4909355b0c036840819484c3a882a95659abf3,1508,0x54bae794b6dda32a5379f091afdf5bab0e37b664,7773.907085,7773.907085,0.0,1,0,1710779317
2024-03-14,0x2c4909355b0c036840819484c3a882a95659abf3,1679,0x018439894b681cc2aaddb613a425a1cfa6e59c29,6250.276834,6250.276834,0.0,1,0,1710582209
2024-03-14,0x2c4909355b0c036840819484c3a882a95659abf3,1697,0x5c0796ed4f0b1de9f9eda9fd6fe29562b2a60296,6109.511674,6109.511674,0.0,1,0,1710787943
2024-03-14,0x2c4909355b0c036840819484c3a882a95659abf3,1725,0x4215a881dfa38fa2faced28778c9366ef3e5fbb6,0.0,0.0,5810.725086,0,1,1710961275
2024-03-14,0x2c4909355b0c036840819484c3a882a95659abf3,1982,0xa5c3a513645a9a00cb561fed40438e9dfe0d6a69,4288.236549,4288.236549,0.0,1,0,1710711045
2024-03-14,0x2c4909355b0c036840819484c3a882a95659abf3,2081,0x2594bcad3314cac904a79d2a607276910f2b3893,4043.681646,4043.681646,0.0,1,0,1710946095
2024-03-14,0x2c4909355b0c036840819484c3a882a95659abf3,2102,0x4b8b235c511f0c830264c7761520b1f9ad441716,4423.053835,4423.053835,0.0,1,0,1710903029
2024-03-14,0x2c4909355b0c036840819484c3a882a95659abf3,2118,0x9c529af39499eec506ac31fdfa13bb299c2c2a55,5534.696449,5534.696449,0.0,1,0,1710887925
2024-03-14,0x2c4909355b0c036840819484c3a882a95659abf3,2120,0x5dbd454952e6aac62688251b7483504161f06825,4090.783398,4090.783398,0.0,1,0,1710699111
2024-03-14,0x2c4909355b0c036840819484c3a882a95659abf3,2322,0x487c6480c33f32435f99cfa4b1e09c0d4e4165f7,8762.517211,8762.517211,0.0,1,0,1710378579
2024-03-14,0x2c4909355b0c036840819484c3a882a95659abf3,2328,0x6115c8547521b10460b804958ef6457588b17a86,3505.363967,3505.363967,0.0,1,0,1710904905
2024-03-14,0x2c4909355b0c036840819484c3a882a95659abf3,2463,0x2f9035f14d9134bed45e2642ae148f673f5ecb7e,0.0,0.0,3449.166208,0,1,1710695009
2024-03-14,0x2c4909355b0c036840819484c3a882a95659abf3,2475,0x9bc86996822381b9dc51d367a6bf088d397d9f68,519.901554,519.901554,0.0,1,0,1710610683
2024-03-14,0x2c4909355b0c036840819484c3a882a95659abf3,2527,0x980b32a10d21105a925dec09f42f92ddfe0fe6fa,3281.023774,3281.023774,0.0,1,0,1710583805
2024-03-14,0x2c4909355b0c036840819484c3a882a95659abf3,2746,0x856b63349fb6c818ea7cd7305483ae0ef6956f6c,2735.778556,2735.778556,0.0,1,0,1710569791
2024-03-14,0x2c4909355b0c036840819484c3a882a95659abf3,3034,0x033e0a61ac00288a6388d1c8bad11a881ca9e212,2297.506978,2297.506978,0.0,1,0,1710902027
2024-03-14,0x2c4909355b0c036840819484c3a882a95659abf3,3087,0xa3ad5cfb4ff4b68e37a338da200ba441c1850b5b,1841.667839,1841.667839,0.0,1,0,1710684347
2024-03-14,0x2c4909355b0c036840819484c3a882a95659abf3,3088,0x52aea2fa97a868e2f920b95c388da95e1bcf8c29,0.0,0.0,926.432512,0,1,1710959143
2024-03-14,0x2c4909355b0c036840819484c3a882a95659abf3,3251,0x051113f273942ce806965f471665b6215b198a88,1637.105865,1637.105865,0.0,1,0,1710866765
2024-03-14,0x2c4909355b0c036840819484c3a882a95659abf3,3272,0xc617d8f0ee1c7951b03831f56defccc45c9a325a,1665.278602,1665.278602,0.0,1,0,1710865019
2024-03-14,0x2c4909355b0c036840819484c3a882a95659abf3,3292,0xe4cf7e6feb0afc7f5cf201f3298b274600f8a8ea,1636.732097,1636.732097,0.0,1,0,1710702673
2024-03-14,0x2c4909355b0c036840819484c3a882a95659abf3,3534,0x938bf2b8a7e40472d846e50b8ffe763a0fc749d4,1249.088263,1249.088263,1249.088263,1,1,1710407339
2024-03-14,0x2c4909355b0c036840819484c3a882a95659abf3,3537,0x5bcbaba9704f625bdb7eb1d8a3c305737916e6ff,1277.32792,1277.32792,0.0,1,0,1710765193
2024-03-14,0x2c4909355b0c036840819484c3a882a95659abf3,3640,0xb888f9f40f6007c06681306bba976f5e25691e1b,1637.448334,1637.448334,0.0,1,0,1710875297
2024-03-14,0x2c4909355b0c036840819484c3a882a95659abf3,3927,0x13b4ffd03e9093465c9dfed09227b6232a823a9b,918.957728,918.957728,0.0,1,0,1710902407
2024-03-14,0x2c4909355b0c036840819484c3a882a95659abf3,4268,0x9a293d82710058d930376ee0af037da5d3421ec6,534.606863,534.606863,0.0,1,0,1710575803
2024-03-14,0x2c4909355b0c036840819484c3a882a95659abf3,5237,0xa1efc03fe3318cc186bc48809a30b2fed31a2423,384.349337,384.349337,0.0,1,0,1710901127
2024-03-14,0x2c4909355b0c036840819484c3a882a95659abf3,5457,0x8db7a537d8478df3c6d95ff33b4270342862957f,43.707996,43.707996,43.744491,1,1,1710486579
2024-03-14,0x2c4909355b0c036840819484c3a882a95659abf3,5594,0xaab4670ed9ddaca6008cd47a8b9f378f7d7d9b3c,379.307433,379.307433,0.0,1,0,1710827739
2024-03-14,0x2c4909355b0c036840819484c3a882a95659abf3,6055,0x546c172dda6b062bb7bb4cf28cd5dc4390fef50e,365.297352,365.297352,0.0,1,0,1710668899
2024-03-14,0x2c4909355b0c036840819484c3a882a95659abf3,6199,0xbe4c2edfe4290935731d80a70c2a6e588794b1c0,476.098104,476.098104,0.0,1,0,1710867347
2024-03-14,0x2c4909355b0c036840819484c3a882a95659abf3,6275,0xfd80f0a932530ceea80893619446b67f62b91432,0.0,0.0,358.080312,0,1,1710408025
2024-03-14,0x2c4909355b0c036840819484c3a882a95659abf3,6518,0x5da68351bd082abda73e42ac981db51d9364fe69,74.594104,74.594104,0.0,1,0,1710931941
2024-03-14,0x2c4909355b0c036840819484c3a882a95659abf3,10244,0x80b9fd429f47dc6a7f02acff90a1959956a19607,2042.377385,3943.840623,1901.463238,2,1,1710960737
2024-03-14,0x2c4909355b0c036840819484c3a882a95659abf3,10256,0xf1d3b8fa62508213569f11899606eb6916191478,256.058716,256.058716,0.0,1,0,1710774151
2024-03-14,0x2c4909355b0c036840819484c3a882a95659abf3,10551,0xcfb10af967e3fdfe8f23ff15487f0e2496a93915,0.0,0.0,736.0,0,1,1710733455
2024-03-14,0x2c4909355b0c036840819484c3a882a95659abf3,10809,0x6634a2866c1a1a1c3570353ded9ab63333acb2b8,322.856819,322.856819,0.0,1,0,1710903415
2024-03-14,0x2c4909355b0c036840819484c3a882a95659abf3,10823,0x98b642cb6e40538474be7f7846ce840f14b7de64,3517.871962,3517.871962,0.0,1,0,1710773829
2024-03-14,0x2c4909355b0c036840819484c3a882a95659abf3,11558,0x5a1871c41659839d00a00f1b23eb38a6338dba74,0.0,0.0,11266.865608,0,1,1710975441
2024-03-14,0x2c4909355b0c036840819484c3a882a95659abf3,12382,0xd4bf6958538f26266ef2a32db47d296323734b5a,29.121312,29.121312,0.0,1,0,1710839353
2024-03-14,0x2c4909355b0c036840819484c3a882a95659abf3,12547,0x487c6480c33f32435f99cfa4b1e09c0d4e4165f7,0.0,0.0,5791.388224,0,1,1710378351
2024-03-14,0x2c4909355b0c036840819484c3a882a95659abf3,12725,0x25aa0312ceb7ddd49629fe78a8507c9982d3c551,120.822268,120.822268,0.0,1,0,1710796205
2024-03-14,0x2c4909355b0c036840819484c3a882a95659abf3,12806,0x2452e136265e4b2ce559534e9eb18e9907f45973,602.222359,1393.335336,1018.406174,3,3,1710770385
2024-03-14,0x2c4909355b0c036840819484c3a882a95659abf3,12871,0x457c2dd07c14fbefa61042891f205dbe9f17bb2f,0.0,0.0,0.140385,0,1,1710454321
2024-03-14,0x2c4909355b0c036840819484c3a882a95659abf3,12879,0xec125008897eb009f55cd2525d3efc4fc9603ae1,0.0,0.0,15.830418,0,1,1710397373
2024-03-14,0x2c4909355b0c036840819484c3a882a95659abf3,12896,0x73a8bdebd8c323e17805de6cce197a9a79da6928,2.095451,2.095451,1.372893,1,1,1710880077
2024-03-14,0x2c4909355b0c036840819484c3a882a95659abf3,12919,0x3c12b77ae8b7dd1feb63d1d6a2a819acda0a41d2,3368.141049,6736.284689,5345.384597,2,2,1710762785
2024-03-14,0x2c4909355b0c036840819484c3a882a95659abf3,13163,0x4b91475af6ec45997794b513349aadf7772de95a,163.967677,163.967677,0.0,1,0,1710440283
2024-03-14,0x2c4909355b0c036840819484c3a882a95659abf3,13271,0x741b6ea1e9aff906960dd9d76f10d988a6bcd342,3.714914,3.714914,0.0,1,0,1710557523
2024-03-14,0x2c4909355b0c036840819484c3a882a95659abf3,13347,0x3273ae75d2f57bc4a387b8afe76e5ef54b954366,1.609472,1.609472,0.0,1,0,1710694851
2024-03-14,0x2c4909355b0c036840819484c3a882a95659abf3,13464,0x0c723f9fb61964a3cd211dbbb2f3ff9296f2538d,27.592589,27.592589,0.0,1,0,1710829739
2024-03-14,0x2c4909355b0c036840819484c3a882a95659abf3,13644,0xcf8041ffad46c0db6ef34420ae7680620b8440b9,447.752183,447.752183,0.0,1,0,1710902913
2024-03-14,0x2c4909355b0c036840819484c3a882a95659abf3,13651,0x338e88ffc51751b9cb7eab5249b809e474fd4684,120.504324,120.504324,0.0,1,0,1710908445
2024-03-14,0x2c4909355b0c036840819484c3a882a95659abf3,13656,0x3d28be8b06f256aa8249abd5d62caaf0352e43a4,49.843799,49.843799,0.0,1,0,1710915523
2024-03-14,0x2d25e0514f23c6367687de89bd5167dc754d4934,12,0xd204e3dc1937d3a30fc6f20abc48ac5506c94d1e,2441595.17971,2441595.17971,2405010.230578,1,1,1710870765
2024-03-14,0x2d25e0514f23c6367687de89bd5167dc754d4934,744,0x83cf51a12258848540e862d1ab8b2fe05518f716,25439.010913,25439.010913,24825.411267,1,1,1710973223
2024-03-14,0x2d25e0514f23c6367687de89bd5167dc754d4934,1363,0x43d16ccd581e1d6a8d51768f75ddf09b79f4f856,0.0,0.0,1327.45844,0,1,1710971463
2024-03-14,0x2d25e0514f23c6367687de89bd5167dc754d4934,1951,0x23bbd657863fbc80c32925cc6f83e09ecfbe1573,0.0,0.0,5836.423783,0,1,1710936127
2024-03-14,0x2d25e0514f23c6367687de89bd5167dc754d4934,1956,0xcecc7d3035cbceeaa9b15fd3c4a121c42cab9e71,0.0,0.0,4388.906231,0,1,1710759527
2024-03-14,0x2d25e0514f23c6367687de89bd5167dc754d4934,2081,0x2594bcad3314cac904a79d2a607276910f2b3893,0.0,0.0,2021.840823,0,1,1710946095
2024-03-14,0x2d25e0514f23c6367687de89bd5167dc754d4934,2120,0x5dbd454952e6aac62688251b7483504161f06825,0.0,0.0,3971.228202,0,1,1710699111
2024-03-14,0x2d25e0514f23c6367687de89bd5167dc754d4934,2141,0x3412c43a36e80263707dfba6078ac9b5871e2ec7,4017.398155,4017.398155,3956.823697,1,1,1710534879
2024-03-14,0x2d25e0514f23c6367687de89bd5167dc754d4934,2547,0xb1d48e8e679544d3b4ac9617e1d8f9ba76069ea6,0.0,0.0,3163.30727,0,1,1710829569
2024-03-14,0x2d25e0514f23c6367687de89bd5167dc754d4934,3196,0xfdc3e8edd74a90fe971ef7d56a0c66c870b10f5d,0.0,0.0,846.484294,0,1,1710719283
2024-03-14,0x2d25e0514f23c6367687de89bd5167dc754d4934,3211,0xbe303ed4b0ab25de1cf68da6602715f087c919f1,1730.929878,1730.929878,1680.630248,1,1,1710678739
2024-03-14,0x2d25e0514f23c6367687de89bd5167dc754d4934,3651,0xa5a25adcfd24b980e480f875aa2086571047e14d,0.0,0.0,551.225534,0,1,1710416437
2024-03-14,0x2d25e0514f23c6367687de89bd5167dc754d4934,4083,0xf518fa3344ba498f1b9decbe1b9c7f0e1960ea29,916.192344,916.192344,911.441516,1,1,1710531861
2024-03-14,0x2d25e0514f23c6367687de89bd5167dc754d4934,4258,0xc5dda6452579cee08a9dc8084147330f1019fd5d,926.923086,926.923086,917.654113,1,1,1710790547
2024-03-14,0x2d25e0514f23c6367687de89bd5167dc754d4934,4576,0xc91502004bad692221d293b98c3cd8cc5e0b9025,0.0,0.0,492.002416,0,1,1710924179
2024-03-14,0x2d25e0514f23c6367687de89bd5167dc754d4934,4888,0x89b7c3ec0b42cf86b13298ed06de1a205f9fe179,0.0,0.0,411.883517,0,1,1710603453
2024-03-14,0x2d25e0514f23c6367687de89bd5167dc754d4934,5058,0x3194442e87fcc749a8616e6a8413b56cedc0ba49,396.847561,396.847561,396.847561,1,1,1710898039
2024-03-14,0x2d25e0514f23c6367687de89bd5167dc754d4934,5137,0xaaace11297d9ff901b46171df27ea60e174790cc,390.587655,390.587655,390.587655,1,1,1710551783
2024-03-14,0x2d25e0514f23c6367687de89bd5167dc754d4934,5170,0xeba59ee0f265a69a72f85765392aa8ce9601a0de,0.0,0.0,387.744969,0,1,1710719369
2024-03-14,0x2d25e0514f23c6367687de89bd5167dc754d4934,5256,0xfd41dc8df72d91312ec0f982172c637ba4faf1a7,0.0,0.0,396.165748,0,1,1710895979
2024-03-14,0x2d25e0514f23c6367687de89bd5167dc754d4934,5334,0x0aab76fddcb7deca2c4ca111fce385af3b016c2e,189.883452,189.883452,189.883452,1,1,1710570123
2024-03-14,0x2d25e0514f23c6367687de89bd5167dc754d4934,5347,0x6aefa01456ffbe8b69633e46e4b7e36a7ca4b29e,0.0,0.0,189.442064,0,1,1710879641
2024-03-14,0x2d25e0514f23c6367687de89bd5167dc754d4934,5450,0xfbafc1cad594d789db448fe079fd88417cdb3737,0.0,0.0,186.956894,0,1,1710423161
2024-03-14,0x2d25e0514f23c6367687de89bd5167dc754d4934,5503,0x16d6995da1c23df1ca7ca7f47dc8abe3aed31e3c,371.561018,371.561018,371.561018,1,1,1710560445
2024-03-14,0x2d25e0514f23c6367687de89bd5167dc754d4934,5513,0xa7994df7c06a54781b2e338eef9f82d7a71e6721,371.132896,371.132896,371.132896,1,1,1710560367
2024-03-14,0x2d25e0514f23c6367687de89bd5167dc754d4934,5529,0x16010bd4a55d758db2dd17e0ff3bba97861b712a,370.72316,370.72316,370.72316,1,1,1710560277
2024-03-14,0x2d25e0514f23c6367687de89bd5167dc754d4934,5898,0x7c0111879da162e53360f4a379c8cb25c81bb299,90.080776,90.080776,90.080776,1,1,1710570187
2024-03-14,0x2d25e0514f23c6367687de89bd5167dc754d4934,5957,0xf94171580ce591172b2f6909eea6693b1c78835b,0.0,0.0,178.94862,0,1,1710420393
2024-03-14,0x2d25e0514f23c6367687de89bd5167dc754d4934,6065,0x989778465583949d139053fce99945e42ccd4716,0.0,0.0,355.083426,0,1,1710405213
2024-03-14,0x2d25e0514f23c6367687de89bd5167dc754d4934,6123,0x15f490fe47a84a50c75b0cc4c1f4b17b7188306d,78.455652,78.455652,176.78833,1,1,1710800675
2024-03-14,0x2d25e0514f23c6367687de89bd5167dc754d4934,6335,0xb55f0372d018adffe4015cf008f0e45233d7e5b3,0.0,0.0,349.702985,0,1,1710849425
2024-03-14,0x2d25e0514f23c6367687de89bd5167dc754d4934,6667,0x7680f91d3d3a5f451a6387ba802661d96f78dd8f,0.0,0.0,24.908865,0,1,1710671899
2024-03-14,0x2d25e0514f23c6367687de89bd5167dc754d4934,7857,0x4886ba5d2b3e0ae1e80172d3bddc4feb32e1ce26,1.743442,1.743442,4.258749,1,1,1710822803
2024-03-14,0x2d25e0514f23c6367687de89bd5167dc754d4934,7997,0x41117551e82bc1eeb196150c4f476158f7757aee,0.0,0.0,9.472294,0,1,1710836313
2024-03-14,0x2d9fef5a2ef3a66b8b458c547f8d6f4af4c413ad,1828,0x13fc2b8032228af0917f22bd1c3b7d2704b4d630,8761.320549,8761.320549,0.0,1,0,1710973487
2024-03-14,0x2f48c208d7bd2b4ff6da005a9427ef38f035b2d8,47,0x011b0a055e02425461a1ae95b30f483c4ff05be7,73611.132105,73611.132105,0.0,1,0,1710974017
2024-03-14,0x2f48c208d7bd2b4ff6da005a9427ef38f035b2d8,67,0x8ce17ff2c7376e9adfe9c63c47a801097fa6c525,111171.957679,111171.957679,0.0,1,0,1710973841
2024-03-14,0x2f48c208d7bd2b4ff6da005a9427ef38f035b2d8,70,0xcc05670640d43bec38f48e4aaaf88df5b6e59c20,0.0,0.0,219007.965206,0,1,1710957155
2024-03-14,0x2f48c208d7bd2b4ff6da005a9427ef38f035b2d8,160,0xb0eb6f452ecea6a76fda435b4629cf6a11b24a2a,74677.605037,74677.605037,0.0,1,0,1710958105
2024-03-14,0x2f48c208d7bd2b4ff6da005a9427ef38f035b2d8,285,0xe8788a8926dac3d25c591caa64d5296044c1446d,0.0,0.0,56656.393142,0,1,1710803335
2024-03-14,0x2f48c208d7bd2b4ff6da005a9427ef38f035b2d8,410,0xe88857d67cf8e0031ca1674ffe17f72578e566ee,67432.371252,67432.371252,0.0,1,0,1710952747
2024-03-14,0x2f48c208d7bd2b4ff6da005a9427ef38f035b2d8,436,0xe171e110cfe6f658c4421c2da4c86e4933919de4,5758.3433,5758.3433,0.0,1,0,1710956591
2024-03-14,0x2f48c208d7bd2b4ff6da005a9427ef38f035b2d8,441,0xdceb0bb3311342e3ce9e49f57affce9deac40ba1,19115.314228,19115.314228,28913.487285,1,1,1710794891
2024-03-14,0x2f48c208d7bd2b4ff6da005a9427ef38f035b2d8,469,0xe47fd677ba6d3738cec98aa18bb6fa015b6f7bda,0.0,0.0,49741.936379,0,1,1710680431
2024-03-14,0x2f48c208d7bd2b4ff6da005a9427ef38f035b2d8,473,0x97020c9ec66e0f59231918b1d2f167a66026aff2,15124.391988,15124.391988,0.0,1,0,1710962573
2024-03-14,0x2f48c208d7bd2b4ff6da005a9427ef38f035b2d8,533,0xa08dd335d33b0bb368a0af757ed59617b3ac8c1c,41650.881579,41650.881579,0.0,1,0,1710905759
2024-03-14,0x2f48c208d7bd2b4ff6da005a9427ef38f035b2d8,597,0x1ce0c2b445c8e87ea4c40b6e721d9a39b09f6459,9205.755818,9205.755818,0.0,1,0,1710965235
2024-03-14,0x2f48c208d7bd2b4ff6da005a9427ef38f035b2d8,892,0x829a2eab39abb84c1e0aa621736a14443b5c5075,42601.529552,42601.529552,0.0,1,0,1710958071
2024-03-14,0x2f48c208d7bd2b4ff6da005a9427ef38f035b2d8,1087,0x341c18d764d0843698122ae5b5d2dee20067645d,14465.184298,14465.184298,0.0,1,0,1710895529
2024-03-14,0x2f48c208d7bd2b4ff6da005a9427ef38f035b2d8,1111,0x11ebee2bf244325b5559f0f583722d35659ddce8,0.0,0.0,12903.324833,0,1,1710712165
2024-03-14,0x2f48c208d7bd2b4ff6da005a9427ef38f035b2d8,1142,0x88afc9ea8dd40c6b4478532846d87ef614e0057d,12039.867736,12039.867736,0.0,1,0,1710905427
2024-03-14,0x2f48c208d7bd2b4ff6da005a9427ef38f035b2d8,1177,0x294ca11a4faeeb79ff01e515d130772559f886eb,12886.718678,12886.718678,0.0,1,0,1710890115
2024-03-14,0x2f48c208d7bd2b4ff6da005a9427ef38f035b2d8,1278,0x8a2e722c2f167283e38ffee0ee5f1a035596915f,10707.174357,10707.174357,0.0,1,0,1710958661
2024-03-14,0x2f48c208d7bd2b4ff6da005a9427ef38f035b2d8,1355,0x5d47e5d242a8f66a6286b0a2353868875f5d6068,8906.105489,8906.105489,0.0,1,0,1710958309
2024-03-14,0x2f48c208d7bd2b4ff6da005a9427ef38f035b2d8,1430,0xfb07d2bdef2deb1ebec001644b4732ab77281c7a,5325.4176,5325.4176,0.0,1,0,1710959807
2024-03-14,0x2f48c208d7bd2b4ff6da005a9427ef38f035b2d8,1572,0xdca65df4a8f80fa3a8a10ec11c9ebccbce3e5bba,0.0,0.0,6730.127794,0,1,1710944323
2024-03-14,0x2f48c208d7bd2b4ff6da005a9427ef38f035b2d8,2022,0x9a4773eeee73e34e1ee0e9a64e4b7453b0b04246,0.0,0.0,4313.76069,0,1,1710427505
2024-03-14,0x2f48c208d7bd2b4ff6da005a9427ef38f035b2d8,2189,0xabfd07cc78910f8875169ae6373d95316f4ca117,0.0,0.0,388498.321042,0,1,1710814597
2024-03-14,0x2f48c208d7bd2b4ff6da005a9427ef38f035b2d8,2650,0x04795cdee2b677b46878896dae76be5cb174dac6,0.0,0.0,3451.081508,0,1,1710756707
2024-03-14,0x2f48c208d7bd2b4ff6da005a9427ef38f035b2d8,2684,0x2d6b114c77f3355f204c37f657c680157e85dfa5,0.0,0.0,1526.886983,0,1,1710397785
2024-03-14,0x2f48c208d7bd2b4ff6da005a9427ef38f035b2d8,2706,0x539438a890a678dd1d9e7ab92c403c97e787132b,1501.252131,1501.252131,3002.504262,1,1,1710763901
2024-03-14,0x2f48c208d7bd2b4ff6da005a9427ef38f035b2d8,2789,0x4372a6bb30df110d60bccae53ed6695468e9fccc,0.0,0.0,2561.727816,0,1,1710879845
2024-03-14,0x2f48c208d7bd2b4ff6da005a9427ef38f035b2d8,2838,0xd39ea6043d1fa03f5be2beb2cfe65faa4ef0e595,2339.518674,2339.518674,0.0,1,0,1710898527
2024-03-14,0x2f48c208d7bd2b4ff6da005a9427ef38f035b2d8,3088,0x52aea2fa97a868e2f920b95c388da95e1bcf8c29,926.432512,926.432512,0.0,1,0,1710959143
2024-03-14,0x2f48c208d7bd2b4ff6da005a9427ef38f035b2d8,3160,0x25f0a60d95fb530435f733c8e480c8c4c1619d1e,0.0,0.0,1759.71193,0,1,1710850103
2024-03-14,0x2f48c208d7bd2b4ff6da005a9427ef38f035b2d8,3342,0x887f9c24363b19a97bac67f8b35dfbe1d91bf16a,0.0,0.0,1596.492355,0,1,1710943167
2024-03-14,0x2f48c208d7bd2b4ff6da005a9427ef38f035b2d8,3457,0xab37b0b63e6b94f8906bcba89c522e62e4c2e0d7,1350.502225,1350.502225,1350.502225,1,1,1710880175
2024-03-14,0x2f48c208d7bd2b4ff6da005a9427ef38f035b2d8,3603,0x867d3d7721bc2b3e9a6c3843c73e33ee249e60b5,1146.023885,1146.023885,0.0,1,0,1710907659
2024-03-14,0x2f48c208d7bd2b4ff6da005a9427ef38f035b2d8,3908,0xf60de76791c2f09995df52aa1c6e2e7dcf1e75d7,8706.997304,8706.997304,0.0,1,0,1710871071
2024-03-14,0x2f48c208d7bd2b4ff6da005a9427ef38f035b2d8,3999,0xfe7f14703d91a73643327c0f6349d81c2b59c359,0.0,0.0,817.996228,0,1,1710972355
2024-03-14,0x2f48c208d7bd2b4ff6da005a9427ef38f035b2d8,4573,0x822fb53d67af805da7b5bb77a9bef3b19370f90c,503.785079,503.785079,0.0,1,0,1710898401
2024-03-14,0x2f48c208d7bd2b4ff6da005a9427ef38f035b2d8,5584,0xa8b63e1408e8e607d4cf48e6e3b14bb881b2010e,0.0,0.0,369.026178,0,1,1710695717
2024-03-14,0x2f48c208d7bd2b4ff6da005a9427ef38f035b2d8,7121,0x011b0a055e02425461a1ae95b30f483c4ff05be7,20808.381739,20808.381739,0.0,1,0,1710974045
2024-03-14,0x2f48c208d7bd2b4ff6da005a9427ef38f035b2d8,8646,0xde82ba72fdd75dff334b1ceb3e57e1945f1d7561,0.0,0.0,302.83706,0,1,1710756901
2024-03-14,0x2f48c208d7bd2b4ff6da005a9427ef38f035b2d8,9029,0x6fac9e4ee04175728534be9fadfecebdc750dc4f,0.0,0.0,14612.667328,0,1,1710971049
2024-03-14,0x2f48c208d7bd2b4ff6da005a9427ef38f035b2d8,9193,0xb06f3d64068da3014892c64dbd62bc9b985648c7,0.0,0.0,1370.495146,0,1,1710566627
2024-03-14,0x2f48c208d7bd2b4ff6da005a9427ef38f035b2d8,9258,0xd847fda8158b1dcada13d386b1372136724d4f3f,7040.588389,7040.588389,0.0,1,0,1710892999
2024-03-14,0x2f48c208d7bd2b4ff6da005a9427ef38f035b2d8,9260,0x6fac9e4ee04175728534be9fadfecebdc750dc4f,0.0,0.0,3539.582831,0,1,1710971029
2024-03-14,0x2f48c208d7bd2b4ff6da005a9427ef38f035b2d8,9547,0xe02fb5c70af32f80aa7f9e8775fe7f12550348ec,341905.186961,341905.186961,316400.441479,1,1,1710947633
2024-03-14,0x2f48c208d7bd2b4ff6da005a9427ef38f035b2d8,10100,0x2bcdca8c689b4aa460b66ffde1d6b1761d41d5df,2290.492852,2290.492852,0.0,1,0,1710961571
2024-03-14,0x2f48c208d7bd2b4ff6da005a9427ef38f035b2d8,10222,0xdd97e7ffb2ae6d44c5b864aa79cc7fdc3aa97f1f,319.296976,319.296976,0.0,1,0,1710381825
2024-03-14,0x2f48c208d7bd2b4ff6da005a9427ef38f035b2d8,10695,0x04490dc0f52a97ef2d6ea0c4d9edbcde8c8546cc,0.0,0.0,10343.622556,0,1,1710955997
2024-03-14,0x2f48c208d7bd2b4ff6da005a9427ef38f035b2d8,10856,0x04490dc0f52a97ef2d6ea0c4d9edbcde8c8546cc,66180.352836,66180.352836,0.0,1,0,1710959185
2024-03-14,0x2f48c208d7bd2b4ff6da005a9427ef38f035b2d8,11360,0x04490dc0f52a97ef2d6ea0c4d9edbcde8c8546cc,0.0,0.0,21205.984685,0,1,1710957241
2024-03-14,0x2f48c208d7bd2b4ff6da005a9427ef38f035b2d8,11725,0x0d1c41d60ef876b3244c9db50ea5c196ced8e07e,5.951161,5.951161,0.0,1,0,1710777637
2024-03-14,0x2f48c208d7bd2b4ff6da005a9427ef38f035b2d8,11816,0x04490dc0f52a97ef2d6ea0c4d9edbcde8c8546cc,0.0,0.0,8400.012295,0,1,1710943113
2024-03-14,0x2f48c208d7bd2b4ff6da005a9427ef38f035b2d8,12421,0x20a247cd693eaa63ac3ecd8572bed4ca221adfa9,1455.134608,1455.134608,0.0,1,0,1710958035
2024-03-14,0x2f48c208d7bd2b4ff6da005a9427ef38f035b2d8,12876,0x44ccd9d41ba1c4ef27d689520de643373a866973,0.0,0.0,169.747071,0,1,1710939519
2024-03-14,0x2f48c208d7bd2b4ff6da005a9427ef38f035b2d8,12927,0x0c17e90b95a16ba2b41fbc4e7950e6eba13f85c6,0.0,0.0,25008.769915,0,1,1710805935
2024-03-14,0x2f48c208d7bd2b4ff6da005a9427ef38f035b2d8,13206,0xa983723ed60b541ddf896711f271b5bf462c0c23,8.18263,16.33521,8.15258,2,1,1710846207
2024-03-14,0x323121cd6f6274c9aeb9f87e0664c8fda5d343a5,68,0x132e47cf2c19ec2d8dd56e1528fc7e18dc09188f,0.0,0.0,14293.044057,0,1,1710955935
2024-03-14,0x323121cd6f6274c9aeb9f87e0664c8fda5d343a5,389,0x879d4cf44d51661f991bb3695cc61599d33847c2,0.0,0.0,33804.472319,0,1,1710975389
2024-03-14,0x323121cd6f6274c9aeb9f87e0664c8fda5d343a5,436,0xe171e110cfe6f658c4421c2da4c86e4933919de4,0.0,0.0,5748.579245,0,1,1710956591
2024-03-14,0x323121cd6f6274c9aeb9f87e0664c8fda5d343a5,474,0x115d0d8822efc9607c52b04628098b48970b993b,51046.105344,51046.105344,51046.105344,1,1,1710955303
2024-03-14,0x323121cd6f6274c9aeb9f87e0664c8fda5d343a5,998,0xf240afaf9a72ba475b9799581d985a40db1a900b,0.0,0.0,15471.675779,0,1,1710973929
2024-03-14,0x323121cd6f6274c9aeb9f87e0664c8fda5d343a5,1053,0x3216a8a03b07b6b19cbc21d62c8942e625fc3e07,0.0,0.0,6550.267236,0,1,1710954971
2024-03-14,0x323121cd6f6274c9aeb9f87e0664c8fda5d343a5,1380,0x18ccc241cce98a67564e367ebc1f1f0e692e3188,0.0,0.0,8646.961811,0,1,1710975581
2024-03-14,0x323121cd6f6274c9aeb9f87e0664c8fda5d343a5,2860,0xd935a63d629cac4cfc8f632a2f4aab3ca8d99e38,0.0,0.0,1159.719895,0,1,1710927547
2024-03-14,0x323121cd6f6274c9aeb9f87e0664c8fda5d343a5,3077,0xfc64410a03b205b995a9101f99a55026d8f1f1da,0.0,0.0,2218.59031,0,1,1710974611
2024-03-14,0x323121cd6f6274c9aeb9f87e0664c8fda5d343a5,4635,0xdbc88e5858fd2cd02b2670383100b04804fe2f27,17495.840967,17495.840967,0.0,1,0,1710975543
2024-03-14,0x323121cd6f6274c9aeb9f87e0664c8fda5d343a5,5897,0xbff1fea0625a127271410105b9d3af76164ea59f,370.802972,370.802972,0.0,1,0,1710792001
2024-03-14,0x323121cd6f6274c9aeb9f87e0664c8fda5d343a5,10100,0x2bcdca8c689b4aa460b66ffde1d6b1761d41d5df,0.0,0.0,1829.287207,0,1,1710961571
2024-03-14,0x323121cd6f6274c9aeb9f87e0664c8fda5d343a5,11107,0x9445e93057f3f5e3452ce50fc867b22a48b4d82a,0.0,0.0,2679.629553,0,1,1710920219
2024-03-14,0x32e5aa9cb512bfa0cbae5481e5aa767b22816cde,1828,0x13fc2b8032228af0917f22bd1c3b7d2704b4d630,8260.67366,8260.67366,0.0,1,0,1710973487
2024-03-14,0x3548029694fbb241d45fb24ba0cd9c9d4e745f16,3177,0x2236b805cc6aa7a9f692fd20d470f08919813d3f,179.519493,179.519493,0.0,1,0,1710964313
2024-03-14,0x3548029694fbb241d45fb24ba0cd9c9d4e745f16,7122,0x011b0a055e02425461a1ae95b30f483c4ff05be7,262.707074,262.707074,0.0,1,0,1710974075
2024-03-14,0x3548029694fbb241d45fb24ba0cd9c9d4e745f16,12444,0xde556dd8c552429758b4915fd2323d2075e30bf0,0.0,0.0,7.5665,0,1,1710411947
2024-03-14,0x3cf04a380e54fa4ed31ea48acb9132ea35e2e8d9,47,0x011b0a055e02425461a1ae95b30f483c4ff05be7,6691.9211,6691.9211,0.0,1,0,1710974017
2024-03-14,0x3cf04a380e54fa4ed31ea48acb9132ea35e2e8d9,68,0x132e47cf2c19ec2d8dd56e1528fc7e18dc09188f,14317.321025,14317.321025,0.0,1,0,1710955935
2024-03-14,0x3cf04a380e54fa4ed31ea48acb9132ea35e2e8d9,436,0xe171e110cfe6f658c4421c2da4c86e4933919de4,2879.17165,2879.17165,0.0,1,0,1710956591
2024-03-14,0x3cf04a380e54fa4ed31ea48acb9132ea35e2e8d9,449,0xf6657bbcfeb5c2746e8c609e35018a5a8caa13fb,17628.845014,17628.845014,0.0,1,0,1710957657
2024-03-14,0x3cf04a380e54fa4ed31ea48acb9132ea35e2e8d9,502,0x36184e024013110a9e07cff72590eae46bbfbce6,13855.047321,13855.047321,0.0,1,0,1710955329
2024-03-14,0x3cf04a380e54fa4ed31ea48acb9132ea35e2e8d9,701,0xacd97a24977afa76d74c6ed7f363f6e4366f74bb,9842.139601,9842.139601,0.0,1,0,1710956129
2024-03-14,0x3cf04a380e54fa4ed31ea48acb9132ea35e2e8d9,741,0xbf49b454818783d12bf4f3375ff17c59015e66cb,1517.99003,1517.99003,0.0,1,0,1710933395
2024-03-14,0x3cf04a380e54fa4ed31ea48acb9132ea35e2e8d9,904,0x544845005e42fe00a3c0e9735eeec25aa068b428,8991.900751,8991.900751,0.0,1,0,1710944717
2024-03-14,0x3cf04a380e54fa4ed31ea48acb9132ea35e2e8d9,974,0x11ef8f3f57b7c2a317a420854cecdd8a88f6cb64,15940.740901,15940.740901,0.0,1,0,1710934955
2024-03-14,0x3cf04a380e54fa4ed31ea48acb9132ea35e2e8d9,1454,0x586db0ea617db9a4254f295c5c93a13915c975cd,7945.392711,7945.392711,0.0,1,0,1710940779
2024-03-14,0x3cf04a380e54fa4ed31ea48acb9132ea35e2e8d9,1912,0x3e516b6d229bf935f1b6bf4a0c2531ddab48cf1b,1841.254501,1841.254501,0.0,1,0,1710961127
2024-03-14,0x3cf04a380e54fa4ed31ea48acb9132ea35e2e8d9,2313,0x3888132606615fc0759853b6ec1107e717d0ae52,1246.515987,1246.515987,0.0,1,0,1710932669
2024-03-14,0x3cf04a380e54fa4ed31ea48acb9132ea35e2e8d9,2533,0xeb1dbbed3b079db3380e460d5604d15e6ac18883,3271.746067,3271.746067,0.0,1,0,1710937017
2024-03-14,0x3cf04a380e54fa4ed31ea48acb9132ea35e2e8d9,2661,0x6ec8b8cec5645066fda40c6c6d6c3b749a565755,3108.157815,6200.198574,3092.040759,2,1,1710950317
2024-03-14,0x3cf04a380e54fa4ed31ea48acb9132ea35e2e8d9,2794,0x3d409b7cac949135657a9ee5f59ffc27e0bf5d6e,2602.113554,2602.113554,0.0,1,0,1710929411
2024-03-14,0x3cf04a380e54fa4ed31ea48acb9132ea35e2e8d9,2806,0x9150d0a199882057c5b36fe9d09e9e845f14bc25,2664.172921,2664.172921,0.0,1,0,1710949045
2024-03-14,0x3cf04a380e54fa4ed31ea48acb9132ea35e2e8d9,2834,0x0d758753c03d7bda04b3dadb62a3df9c2e863da1,3004.669705,3004.669705,0.0,1,0,1710955721
2024-03-14,0x3cf04a380e54fa4ed31ea48acb9132ea35e2e8d9,3127,0x8bb89c74736017e0d1102ed65d49be9cb6b3cc48,1811.747185,1811.747185,0.0,1,0,1710933473
2024-03-14,0x3cf04a380e54fa4ed31ea48acb9132ea35e2e8d9,3536,0xec46be6984d3a92d5f3b2d3e54fb827cd8d043b1,0.0,0.0,1248.777376,0,1,1710944503
2024-03-14,0x3cf04a380e54fa4ed31ea48acb9132ea35e2e8d9,3772,0x062bcf5e546b235953576763658936f9e9f38327,1063.26371,1063.26371,0.0,1,0,1710932911
2024-03-14,0x3cf04a380e54fa4ed31ea48acb9132ea35e2e8d9,5729,0xaf5ae7cdaff6f1f457bc88f0989c0af7f583ab43,365.281851,365.281851,0.0,1,0,1710928251
2024-03-14,0x3cf04a380e54fa4ed31ea48acb9132ea35e2e8d9,10695,0x04490dc0f52a97ef2d6ea0c4d9edbcde8c8546cc,9365.609774,9365.609774,0.0,1,0,1710955997
2024-03-14,0x3cf04a380e54fa4ed31ea48acb9132ea35e2e8d9,11120,0x0b5897d201d83a9fcbeefc086c100a8eaa5ada9a,8502.197445,8502.197445,0.0,1,0,1710929451
2024-03-14,0x3cf04a380e54fa4ed31ea48acb9132ea35e2e8d9,11727,0x1cf8423299241f155716eb19d0ca65bea4353f03,3436.351043,3436.351043,0.0,1,0,1710937907
2024-03-14,0x3f386acc3a8e9194cf6279c219df8dd3c5b71974,970,0x87f16c31e32ae543278f5194cf94862f1cb1eee0,209585.460806,209585.460806,0.0,1,0,1710549603
2024-03-14,0x3f386acc3a8e9194cf6279c219df8dd3c5b71974,1396,0xba3e2dc0119d8b84ef61c0c48a923054bec9665b,4291.021716,4291.021716,4283.745704,1,1,1710551639
2024-03-14,0x3f386acc3a8e9194cf6279c219df8dd3c5b71974,1641,0x6dbf2926bf047f1ce0a0073dbd53c2654775ab79,0.0,0.0,3132.779762,0,1,1710390791
2024-03-14,0x3f386acc3a8e9194cf6279c219df8dd3c5b71974,2184,0xcf6862511797537ebf04ea5b16e08ce1826ed413,0.0,0.0,3894.689691,0,1,1710971313
2024-03-14,0x3f386acc3a8e9194cf6279c219df8dd3c5b71974,2404,0x138a87c80d1659aee5e729221ca4872f51b2937d,4097.061275,4097.061275,4040.657461,1,1,1710404899
2024-03-14,0x3f386acc3a8e9194cf6279c219df8dd3c5b71974,2495,0x3bd30a469e4da2645e360b0c1f2db1e9e98a1c11,0.0,0.0,3419.368038,0,1,1710388027
2024-03-14,0x3f386acc3a8e9194cf6279c219df8dd3c5b71974,2562,0x70ad26c087ab0650b3e84cd42fb220e1c45b8f51,0.0,0.0,3140.557428,0,1,1710953949
2024-03-14,0x3f386acc3a8e9194cf6279c219df8dd3c5b71974,5027,0x905285888823e842e79a67005500822110f72411,410.442657,410.442657,399.173777,1,1,1710933577
2024-03-14,0x3f386acc3a8e9194cf6279c219df8dd3c5b71974,5347,0x6aefa01456ffbe8b69633e46e4b7e36a7ca4b29e,0.0,0.0,94.721032,0,1,1710879641
2024-03-14,0x3f386acc3a8e9194cf6279c219df8dd3c5b71974,6715,0x4532280a66a0c1c709f7e0c40b14b4dea83253c1,0.0,0.0,2.936416,0,1,1710742171
2024-03-14,0x3f386acc3a8e9194cf6279c219df8dd3c5b71974,7857,0x4886ba5d2b3e0ae1e80172d3bddc4feb32e1ce26,1.743442,1.743442,4.258749,1,1,1710822803
2024-03-14,0x3f386acc3a8e9194cf6279c219df8dd3c5b71974,12061,0x87f16c31e32ae543278f5194cf94862f1cb1eee0,141287.415649,141287.415649,0.0,1,0,1710549677
2024-03-14,0x3fc28bfac25fc8e93b5b2fc15efbbd5a8aa44efe,626,0x793a4cd73fef2561c7762dc53eb89c68c30210a9,0.0,0.0,33968.115684,0,1,1710945607
2024-03-14,0x3fc28bfac25fc8e93b5b2fc15efbbd5a8aa44efe,1310,0x5ebeaf3f9dee033c12d527d7aa18478073833080,0.0,0.0,9279.561383,0,1,1710941355
2024-03-14,0x3fc28bfac25fc8e93b5b2fc15efbbd5a8aa44efe,1537,0xd5148b94c8cc35749bacb9f3e2cb313b22f91810,0.0,0.0,6979.147102,0,1,1710489999
2024-03-14,0x3fc28bfac25fc8e93b5b2fc15efbbd5a8aa44efe,1636,0x5343f404f7293bcb1ec7eddb1077b152039b739e,6482.173963,6482.173963,6460.549201,1,1,1710873389
2024-03-14,0x3fc28bfac25fc8e93b5b2fc15efbbd5a8aa44efe,2203,0x32044b9d572d61602eeb3b6af5c7bfcdb8bb8c32,0.0,0.0,3777.147384,0,1,1710699503
2024-03-14,0x3fc28bfac25fc8e93b5b2fc15efbbd5a8aa44efe,2347,0xa2891fdb4e67f3410fc6bdf60e221e04a3252840,0.0,0.0,3473.261575,0,1,1710736037
2024-03-14,0x3fc28bfac25fc8e93b5b2fc15efbbd5a8aa44efe,2572,0xbdf115e1d046d7349a661eaa251d48608e3f939e,0.0,0.0,3126.028545,0,1,1710924175
2024-03-14,0x3fc28bfac25fc8e93b5b2fc15efbbd5a8aa44efe,2663,0xca3239ffb9121d868194882935a702433769b22d,0.0,0.0,1508.02251,0,1,1710941155
2024-03-14,0x3fc28bfac25fc8e93b5b2fc15efbbd5a8aa44efe,3321,0xe87a10d5b212d169ccbc9a50cf5e23dd3da27cb6,0.0,0.0,773.519519,0,1,1710853673
2024-03-14,0x3fc28bfac25fc8e93b5b2fc15efbbd5a8aa44efe,3448,0x4c015bcedde87f54d816e68ae72fc142e67cfa77,0.0,0.0,1357.989118,0,1,1710761887
2024-03-14,0x3fc28bfac25fc8e93b5b2fc15efbbd5a8aa44efe,3589,0x87b69c94e0940eb41fb57865e500a658c6bda02e,0.0,0.0,1167.691424,0,1,1710379267
2024-03-14,0x3fc28bfac25fc8e93b5b2fc15efbbd5a8aa44efe,3651,0xa5a25adcfd24b980e480f875aa2086571047e14d,0.0,0.0,551.225534,0,1,1710416437
2024-03-14,0x3fc28bfac25fc8e93b5b2fc15efbbd5a8aa44efe,4143,0xa61301a5199671ab6c5d2e21c718fddbdab778e3,0.0,0.0,720.796155,0,1,1710387757
2024-03-14,0x3fc28bfac25fc8e93b5b2fc15efbbd5a8aa44efe,4845,0xdd611400884430b2b1e92509badc88d720768b89,131.970959,131.970959,132.713434,1,1,1710680425
2024-03-14,0x3fc28bfac25fc8e93b5b2fc15efbbd5a8aa44efe,5363,0xdcf086e3f7954b38180daae1405569da86588bfe,0.0,0.0,378.764141,0,1,1710905351
2024-03-14,0x3fc28bfac25fc8e93b5b2fc15efbbd5a8aa44efe,5391,0xf41bce5740ad4d098cb887ca93a24409f038c838,385.592433,385.592433,385.592433,1,1,1710400727
2024-03-14,0x3fc28bfac25fc8e93b5b2fc15efbbd5a8aa44efe,5450,0xfbafc1cad594d789db448fe079fd88417cdb3737,0.0,0.0,186.956894,0,1,1710423161
2024-03-14,0x3fc28bfac25fc8e93b5b2fc15efbbd5a8aa44efe,5957,0xf94171580ce591172b2f6909eea6693b1c78835b,0.0,0.0,178.94862,0,1,1710420393
2024-03-14,0x3fc28bfac25fc8e93b5b2fc15efbbd5a8aa44efe,6123,0x15f490fe47a84a50c75b0cc4c1f4b17b7188306d,142.851607,142.851607,88.394165,1,1,1710800675
2024-03-14,0x3fc28bfac25fc8e93b5b2fc15efbbd5a8aa44efe,6306,0xb9b74d8dcc806449bdf57aa5dbd555462ede4a5d,0.0,0.0,350.100989,0,1,1710397791
2024-03-14,0x3fc28bfac25fc8e93b5b2fc15efbbd5a8aa44efe,6638,0x2c5811d0b965d8d3bfd9f605443a874d78cc3015,0.0,0.0,3.248812,0,1,1710383225
2024-03-14,0x3fc28bfac25fc8e93b5b2fc15efbbd5a8aa44efe,7274,0x36fb66ea97a342c0f43cab3045004c17bc15546a,0.0,0.0,63.186028,0,1,1710381013
2024-03-14,0x3fc28bfac25fc8e93b5b2fc15efbbd5a8aa44efe,7714,0xcba1a275e2d858ecffaf7a87f606f74b719a8a93,0.0,0.0,191.045339,0,1,1710974047
2024-03-14,0x3fc28bfac25fc8e93b5b2fc15efbbd5a8aa44efe,7844,0x4dccb4444a0a804b778ddac22dc21b4fd0fe1a0d,0.0,0.0,4.8022,0,1,1710828517
2024-03-14,0x3fc28bfac25fc8e93b5b2fc15efbbd5a8aa44efe,7857,0x4886ba5d2b3e0ae1e80172d3bddc4feb32e1ce26,1.743442,1.743442,4.258749,1,1,1710822803
2024-03-14,0x3fc28bfac25fc8e93b5b2fc15efbbd5a8aa44efe,7997,0x41117551e82bc1eeb196150c4f476158f7757aee,0.0,0.0,23.680736,0,1,1710836313
2024-03-14,0x3fc28bfac25fc8e93b5b2fc15efbbd5a8aa44efe,8715,0x90fd44eedfcbd1ac1ceb1bcd4476a9d11b3c49af,0.0,0.0,24.310322,0,1,1710458311
2024-03-14,0x3fc28bfac25fc8e93b5b2fc15efbbd5a8aa44efe,8789,0x21bc1474647c2ab47245a30455db2aed3868a8bf,0.0,0.0,32.149972,0,1,1710447797
2024-03-14,0x3fc28bfac25fc8e93b5b2fc15efbbd5a8aa44efe,9590,0xca2c4e5989d64098d6647b11b0a5e2928fa0ee22,81.400139,81.400139,93.171016,1,1,1710580267
2024-03-14,0x413d78628d688edcde29518199a3a3db955068ec,24,0x208a17c5fabe5b90282e5906945ff335e39326c4,0.0,0.0,18742.607868,0,1,1710956157
2024-03-14,0x413d78628d688edcde29518199a3a3db955068ec,43,0x2ddb405238368695f34d30a80ab60c449aa5ce48,62172.342289,62172.342289,0.0,1,0,1710974183
2024-03-14,0x413d78628d688edcde29518199a3a3db955068ec,47,0x011b0a055e02425461a1ae95b30f483c4ff05be7,53535.368803,53535.368803,33402.870182,1,1,1710974017
2024-03-14,0x413d78628d688edcde29518199a3a3db955068ec,51,0x0f228805c03a693aa964a791e0b2e2c6e6c6513f,59094.319308,59094.319308,59094.319308,1,1,1710968507
2024-03-14,0x413d78628d688edcde29518199a3a3db955068ec,67,0x8ce17ff2c7376e9adfe9c63c47a801097fa6c525,111171.957679,111171.957679,110983.450476,1,1,1710973841
2024-03-14,0x413d78628d688edcde29518199a3a3db955068ec,105,0x208a17c5fabe5b90282e5906945ff335e39326c4,0.0,0.0,53092.677296,0,1,1710956111
2024-03-14,0x413d78628d688edcde29518199a3a3db955068ec,174,0x83bad39f067ef72e354f2ea9d318eaad381a7f15,27920.232625,27920.232625,0.0,1,0,1710931049
2024-03-14,0x413d78628d688edcde29518199a3a3db955068ec,449,0xf6657bbcfeb5c2746e8c609e35018a5a8caa13fb,17867.568541,17867.568541,17867.580651,1,1,1710957657
2024-03-14,0x413d78628d688edcde29518199a3a3db955068ec,523,0xde93a283495fa2834047b53871a8e4e09f96d841,12169.628271,12169.628271,12148.993008,1,1,1710968397
2024-03-14,0x413d78628d688edcde29518199a3a3db955068ec,571,0xc2edb9c398e1d632ad81647a26254c33801685df,0.0,0.0,47428.911488,0,1,1710905435
2024-03-14,0x413d78628d688edcde29518199a3a3db955068ec,597,0x1ce0c2b445c8e87ea4c40b6e721d9a39b09f6459,9205.755818,9205.755818,0.0,1,0,1710965235
2024-03-14,0x413d78628d688edcde29518199a3a3db955068ec,758,0x8ccfcfa7e6133e0875192974d0d857fb7a28375e,7201.048013,7201.048013,0.0,1,0,1710969407
2024-03-14,0x413d78628d688edcde29518199a3a3db955068ec,781,0x1e593f9fabd9a166fc6dd0ad8255a266fdfb490e,0.0,0.0,25027.582599,0,1,1710785043
2024-03-14,0x413d78628d688edcde29518199a3a3db955068ec,892,0x829a2eab39abb84c1e0aa621736a14443b5c5075,0.0,0.0,42460.052419,0,1,1710958071
2024-03-14,0x413d78628d688edcde29518199a3a3db955068ec,1305,0x05b5240daa1894a299a41d1f63f1caacf94bdeb3,4489.642486,4489.642486,0.0,1,0,1710972611
2024-03-14,0x413d78628d688edcde29518199a3a3db955068ec,1430,0xfb07d2bdef2deb1ebec001644b4732ab77281c7a,0.0,0.0,5342.509544,0,1,1710959807
2024-03-14,0x413d78628d688edcde29518199a3a3db955068ec,1980,0x48fb55ed1fb62ed26274fb805f6444bea97c1f28,4407.288397,4407.288397,0.0,1,0,1710960319
2024-03-14,0x413d78628d688edcde29518199a3a3db955068ec,2013,0x6aef48ea854bc0e805232cecbab2fab592037c19,4330.55095,4330.55095,0.0,1,0,1710961309
2024-03-14,0x413d78628d688edcde29518199a3a3db955068ec,2042,0x8ccfbc13159c5916dbbf5815d899411aeb1876ef,4268.311827,4268.311827,0.0,1,0,1710972707
2024-03-14,0x413d78628d688edcde29518199a3a3db955068ec,2105,0x4ffd0a59a26cb2aa76d403215e4cc2845c053994,4060.765161,4060.765161,0.0,1,0,1710975231
2024-03-14,0x413d78628d688edcde29518199a3a3db955068ec,2174,0xcf58445788527655c17f7cae55ca86231a340cd2,988.035101,988.035101,1972.719506,1,1,1710970725
2024-03-14,0x413d78628d688edcde29518199a3a3db955068ec,2280,0x0630717c9c6baeabd2b0852e09df08febaccd227,7217.764762,7217.764762,7205.526058,1,1,1710958587
2024-03-14,0x413d78628d688edcde29518199a3a3db955068ec,2577,0x1de8355da82cfb8d2453a5ec3fc4c871281ab4bc,3297.05116,3297.05116,3268.175031,1,1,1710975225
2024-03-14,0x413d78628d688edcde29518199a3a3db955068ec,3429,0x409e3d30661e8a3385241c6afb546b9a5fcd3d00,0.0,0.0,1392.117045,0,1,1710901301
2024-03-14,0x413d78628d688edcde29518199a3a3db955068ec,3505,0xec5c16f3eaf86a801a3e89201dd39bddd1786cbf,0.0,0.0,1324.185197,0,1,1710971353
2024-03-14,0x413d78628d688edcde29518199a3a3db955068ec,4325,0x18eadc1c0659f1e4864580578627427d62b8c275,623.328978,623.328978,0.0,1,0,1710961485
2024-03-14,0x413d78628d688edcde29518199a3a3db955068ec,6418,0xdbd5d31b7f48adc13a0ab0c591f7e3d4f9642e69,12511.894276,12511.894276,0.0,1,0,1710958513
2024-03-14,0x413d78628d688edcde29518199a3a3db955068ec,7121,0x011b0a055e02425461a1ae95b30f483c4ff05be7,16349.442795,16349.442795,3953.57121,1,1,1710974045
2024-03-14,0x413d78628d688edcde29518199a3a3db955068ec,9911,0xa4e057e58a11de90f6e63dc9b6c51025bd2c9646,20868.06336,20868.06336,0.0,1,0,1710973605
2024-03-14,0x413d78628d688edcde29518199a3a3db955068ec,9960,0xfec11b5757f1694866155bd0989709ce58e8dccc,45421.996191,45421.996191,0.0,1,0,1710972655
2024-03-14,0x413d78628d688edcde29518199a3a3db955068ec,11233,0xe9cc16b79e7ea3cbc8124afb7b547826bc3dca28,0.0,0.0,54607.946403,0,1,1710972485
2024-03-14,0x413d78628d688edcde29518199a3a3db955068ec,12303,0x0b0811d3d8342063db74b45a4344cdbee6389bdb,0.0,0.0,1.003516,0,1,1710645871
2024-03-14,0x418457ca08fa5ec77f811b105f2c585cd051ac10,24,0x208a17c5fabe5b90282e5906945ff335e39326c4,18774.442493,18774.442493,0.0,1,0,1710956157
2024-03-14,0x418457ca08fa5ec77f811b105f2c585cd051ac10,70,0xcc05670640d43bec38f48e4aaaf88df5b6e59c20,146253.30254,146253.30254,0.0,1,0,1710957155
2024-03-14,0x418457ca08fa5ec77f811b105f2c585cd051ac10,105,0x208a17c5fabe5b90282e5906945ff335e39326c4,53182.856075,53182.856075,0.0,1,0,1710956111
2024-03-14,0x418457ca08fa5ec77f811b105f2c585cd051ac10,436,0xe171e110cfe6f658c4421c2da4c86e4933919de4,5758.3433,5758.3433,0.0,1,0,1710956591
2024-03-14,0x418457ca08fa5ec77f811b105f2c585cd051ac10,483,0x8f009a96f45514c31ee806fba7c4bfb842ff497e,47725.056531,47725.056531,0.0,1,0,1710952567
2024-03-14,0x418457ca08fa5ec77f811b105f2c585cd051ac10,486,0x7ee615e93d2d58feb14e58ea93f3fb5940d227e4,7949.424021,7949.424021,0.0,1,0,1710929981
2024-03-14,0x418457ca08fa5ec77f811b105f2c585cd051ac10,502,0x36184e024013110a9e07cff72590eae46bbfbce6,41565.141963,41565.141963,0.0,1,0,1710955329
2024-03-14,0x418457ca08fa5ec77f811b105f2c585cd051ac10,701,0xacd97a24977afa76d74c6ed7f363f6e4366f74bb,9842.139601,9842.139601,0.0,1,0,1710956129
2024-03-14,0x418457ca08fa5ec77f811b105f2c585cd051ac10,741,0xbf49b454818783d12bf4f3375ff17c59015e66cb,7589.950151,7589.950151,0.0,1,0,1710933395
2024-03-14,0x418457ca08fa5ec77f811b105f2c585cd051ac10,743,0x55f007605d7f78ba48beae6034ec46a2bbe98d3d,25590.238321,25590.238321,0.0,1,0,1710955091
2024-03-14,0x418457ca08fa5ec77f811b105f2c585cd051ac10,829,0x3055f3cd374cf5b49c5deb05c1cb7389635e41a4,20800.535095,20800.535095,0.0,1,0,1710938445
2024-03-14,0x418457ca08fa5ec77f811b105f2c585cd051ac10,1053,0x3216a8a03b07b6b19cbc21d62c8942e625fc3e07,3936.835783,3936.835783,0.0,1,0,1710954971
2024-03-14,0x418457ca08fa5ec77f811b105f2c585cd051ac10,1145,0x278fbf0cdf19dfec7f2a7c7d319c957b2b62fa6d,12268.681031,12268.681031,0.0,1,0,1710938849
2024-03-14,0x418457ca08fa5ec77f811b105f2c585cd051ac10,1467,0x8c553dbd9c7e52f0f698d0a11615fafe999ec271,13177.832247,13177.832247,0.0,1,0,1710929063
2024-03-14,0x418457ca08fa5ec77f811b105f2c585cd051ac10,1986,0xaf7fc773b91230d9f9e4d9ecbc32b67f011063cb,4401.524346,4401.524346,0.0,1,0,1710948083
2024-03-14,0x418457ca08fa5ec77f811b105f2c585cd051ac10,2071,0x078b8ff955e3cf77550bf2f2edfc0aacbc29adc6,4396.249973,4396.249973,0.0,1,0,1710943589
2024-03-14,0x418457ca08fa5ec77f811b105f2c585cd051ac10,2313,0x3888132606615fc0759853b6ec1107e717d0ae52,1284.289199,1284.289199,0.0,1,0,1710932669
2024-03-14,0x418457ca08fa5ec77f811b105f2c585cd051ac10,2886,0x05cefb1b44d447627bd0f341f29401790963ca9e,2288.099001,2288.099001,0.0,1,0,1710942813
2024-03-14,0x418457ca08fa5ec77f811b105f2c585cd051ac10,4007,0x04240b04687d301ad728d0d98340043c674db333,812.521041,812.521041,0.0,1,0,1710939519
2024-03-14,0x418457ca08fa5ec77f811b105f2c585cd051ac10,9707,0x60034a6d90f54d3bbc3188033fd08b1a146802ba,759.755548,759.755548,1509.47232,1,1,1710523543
2024-03-14,0x418457ca08fa5ec77f811b105f2c585cd051ac10,10295,0xc875b3dae5b0c371bc8cf9ded64868b78ac47587,126893.70317,126893.70317,126533.13373,1,1,1710977963
2024-03-14,0x418457ca08fa5ec77f811b105f2c585cd051ac10,10296,0x03c70563e94de5de56c11a0cc4ce3482f592854f,316362.082882,316362.082882,315463.137574,1,1,1710977765
2024-03-14,0x418457ca08fa5ec77f811b105f2c585cd051ac10,10298,0xc9814f18a8751214f719de15c54d01b3d78ef14f,57495.81453,9965584.493235,9966818.689191,170,170,1710977733
2024-03-14,0x42e8dc1b1891c103291ec01d903451e729daaacc,7122,0x011b0a055e02425461a1ae95b30f483c4ff05be7,131.353537,131.353537,0.0,1,0,1710974075
2024-03-14,0x448686ca47fbe77d8fc9eec6829837bf45e8ea75,47,0x011b0a055e02425461a1ae95b30f483c4ff05be7,20075.763301,20075.763301,0.0,1,0,1710974017
2024-03-14,0x448686ca47fbe77d8fc9eec6829837bf45e8ea75,78,0xc6493626be58dc647a5103970da5bcf9f7fdbfd2,847278.331527,847278.331527,0.0,1,0,1710974675
2024-03-14,0x448686ca47fbe77d8fc9eec6829837bf45e8ea75,126,0xf5a93410e7e32bbf28a8eaafbd7f241cf0b290fb,106810.460557,106810.460557,0.0,1,0,1710972003
2024-03-14,0x448686ca47fbe77d8fc9eec6829837bf45e8ea75,181,0xaf43411971ca3640227a7b4ed06f61d0bb60a928,23217.947534,23217.947534,0.0,1,0,1710970777
2024-03-14,0x448686ca47fbe77d8fc9eec6829837bf45e8ea75,194,0x569a259d029a89bfea35a6d178a08edf6e55d1b1,111217.067723,111217.067723,0.0,1,0,1710971655
2024-03-14,0x448686ca47fbe77d8fc9eec6829837bf45e8ea75,225,0xdcb7943f8454a5742b2b881b6ecfc8c7d198f631,169616.387393,169616.387393,0.0,1,0,1710971129
2024-03-14,0x448686ca47fbe77d8fc9eec6829837bf45e8ea75,270,0xf51e5a0a85d29aa0508894405d734bcf044dcb5b,33894.334036,33894.334036,0.0,1,0,1710971779
2024-03-14,0x448686ca47fbe77d8fc9eec6829837bf45e8ea75,324,0xc6493626be58dc647a5103970da5bcf9f7fdbfd2,845508.016241,845508.016241,0.0,1,0,1710974631
2024-03-14,0x448686ca47fbe77d8fc9eec6829837bf45e8ea75,415,0xfc8333829a69d922b9d691f4d76185bdf4f47642,63688.294782,63688.294782,0.0,1,0,1710970723
2024-03-14,0x448686ca47fbe77d8fc9eec6829837bf45e8ea75,437,0xbae3b46e29e7cfd2bba8164765d592ce9802ec70,16943.442781,16943.442781,0.0,1,0,1710974323
2024-03-14,0x448686ca47fbe77d8fc9eec6829837bf45e8ea75,479,0x35fea7f23ad7722d00f2e2a10f388c8ad08e106c,50153.138117,50153.138117,0.0,1,0,1710971491
2024-03-14,0x448686ca47fbe77d8fc9eec6829837bf45e8ea75,531,0x44a088e784f2a7936c67d772f9e06df5093663bf,44978.647441,44978.647441,0.0,1,0,1710971453
2024-03-14,0x448686ca47fbe77d8fc9eec6829837bf45e8ea75,623,0x78082d8db5a648e92950c3ebd9867edc7cccd19f,24740.20314,24740.20314,0.0,1,0,1710970605
2024-03-14,0x448686ca47fbe77d8fc9eec6829837bf45e8ea75,628,0x8fa5ebb986fa6db89291a383142bb756ab88428e,26396.247841,26396.247841,0.0,1,0,1710969935
2024-03-14,0x448686ca47fbe77d8fc9eec6829837bf45e8ea75,712,0xd565b4ce530a9720db5d030044acada55318c749,27648.078664,27648.078664,0.0,1,0,1710972587
2024-03-14,0x448686ca47fbe77d8fc9eec6829837bf45e8ea75,787,0x1c494f1919c1512ebe74a5dcc17dac9a64069023,25945.356452,25945.356452,0.0,1,0,1710971661
2024-03-14,0x448686ca47fbe77d8fc9eec6829837bf45e8ea75,894,0x4fca7ea8770ea56d3e5eb1ce0f35ffe44f198c7d,18369.958004,18369.958004,0.0,1,0,1710972611
2024-03-14,0x448686ca47fbe77d8fc9eec6829837bf45e8ea75,931,0xfcbb477ec276476b6029ed0467f28f5ac1712884,8631.293512,8631.293512,0.0,1,0,1710972563
2024-03-14,0x448686ca47fbe77d8fc9eec6829837bf45e8ea75,934,0x74d973a770e8e58867f7cd5b44798b0ecbbefa3d,16803.928615,16803.928615,0.0,1,0,1710971349
2024-03-14,0x448686ca47fbe77d8fc9eec6829837bf45e8ea75,973,0x89468c809f87e3748488a241839b4b22bfe94bdd,16166.989617,16166.989617,0.0,1,0,1710970961
2024-03-14,0x448686ca47fbe77d8fc9eec6829837bf45e8ea75,999,0x1c494f1919c1512ebe74a5dcc17dac9a64069023,17401.252568,17401.252568,0.0,1,0,1710971625
2024-03-14,0x448686ca47fbe77d8fc9eec6829837bf45e8ea75,1188,0x3df6fedbf3ed9e580cbf573d712b5cbb725bb2a7,11548.658862,11548.658862,0.0,1,0,1710971379
2024-03-14,0x448686ca47fbe77d8fc9eec6829837bf45e8ea75,1214,0xf5ccd855b7d196c3f3d54ae65e90531f1849bbe2,11106.058293,11106.058293,0.0,1,0,1710970013
2024-03-14,0x448686ca47fbe77d8fc9eec6829837bf45e8ea75,1321,0x42fcdf3b9597e46121b194c7911faf0ab2f6ea43,9303.655501,9303.655501,0.0,1,0,1710970185
2024-03-14,0x448686ca47fbe77d8fc9eec6829837bf45e8ea75,1363,0x43d16ccd581e1d6a8d51768f75ddf09b79f4f856,3539.889175,3539.889175,0.0,1,0,1710971463
2024-03-14,0x448686ca47fbe77d8fc9eec6829837bf45e8ea75,1507,0x4335335c596ac1fb3872a4f3b02ddc5418f8e33d,10940.678676,10940.678676,0.0,1,0,1710970517
2024-03-14,0x448686ca47fbe77d8fc9eec6829837bf45e8ea75,1559,0x0bf7fb51211b4842bad8e831ba2f42fcb836c7e1,7183.126844,7183.126844,0.0,1,0,1710971791
2024-03-14,0x448686ca47fbe77d8fc9eec6829837bf45e8ea75,1596,0xa943681cf687774c2d44aab6aeb7d8c701fb7cbb,6710.25609,6710.25609,0.0,1,0,1710971421
2024-03-14,0x448686ca47fbe77d8fc9eec6829837bf45e8ea75,1722,0xc00a6614b8030ce216302016e11c6b4140b5e499,5864.533453,5864.533453,0.0,1,0,1710973241
2024-03-14,0x448686ca47fbe77d8fc9eec6829837bf45e8ea75,1802,0xaf5b16f740bed90af42df6c28e5cd79458c102f1,6301.856424,6301.856424,0.0,1,0,1710971275
2024-03-14,0x448686ca47fbe77d8fc9eec6829837bf45e8ea75,1959,0x6d1e0084a6910a8803ab7c22483a1a2db3f1001a,4549.346167,4549.346167,0.0,1,0,1710971219
2024-03-14,0x448686ca47fbe77d8fc9eec6829837bf45e8ea75,2027,0xa0eb44b173af64f2fdb47c7d76ff3a33e04103b6,7456.562949,7456.562949,0.0,1,0,1710973155
2024-03-14,0x448686ca47fbe77d8fc9eec6829837bf45e8ea75,2271,0xa2451e7404b3e1811dd06649dfd8f34d1c579be0,3709.514136,3709.514136,0.0,1,0,1710970661
2024-03-14,0x448686ca47fbe77d8fc9eec6829837bf45e8ea75,2290,0xf51e5a0a85d29aa0508894405d734bcf044dcb5b,3757.281933,3757.281933,0.0,1,0,1710971795
2024-03-14,0x448686ca47fbe77d8fc9eec6829837bf45e8ea75,2432,0x23ca480459778bb1d10b93bcf706acf046350b35,3432.512645,3432.512645,0.0,1,0,1710971719
2024-03-14,0x448686ca47fbe77d8fc9eec6829837bf45e8ea75,2831,0x23d3c0d5e8226f18bf58bb3c68b149b3d7385936,2447.658164,2447.658164,0.0,1,0,1710970267
2024-03-14,0x448686ca47fbe77d8fc9eec6829837bf45e8ea75,2854,0xdc5edfeb777bdfaa851ebda34c102162738290da,2339.308197,2339.308197,0.0,1,0,1710970813
2024-03-14,0x448686ca47fbe77d8fc9eec6829837bf45e8ea75,3334,0x0e9b063789909565ceda1fba162474405a151e66,2157.839852,2157.839852,0.0,1,0,1710970269
2024-03-14,0x448686ca47fbe77d8fc9eec6829837bf45e8ea75,3505,0xec5c16f3eaf86a801a3e89201dd39bddd1786cbf,1324.185197,1324.185197,0.0,1,0,1710971353
2024-03-14,0x448686ca47fbe77d8fc9eec6829837bf45e8ea75,4825,0xf494ee7d264af843bfb9d8bf138e42bd8f64a0b4,2508.765834,2508.765834,0.0,1,0,1710974021
2024-03-14,0x448686ca47fbe77d8fc9eec6829837bf45e8ea75,6144,0x1c494f1919c1512ebe74a5dcc17dac9a64069023,19131.12044,19131.12044,0.0,1,0,1710971661
2024-03-14,0x448686ca47fbe77d8fc9eec6829837bf45e8ea75,7056,0xe3abfa7745b463bde635ffd59456f4792b556e0e,26882.217391,26882.217391,0.0,1,0,1710970963
2024-03-14,0x448686ca47fbe77d8fc9eec6829837bf45e8ea75,9220,0xf51e5a0a85d29aa0508894405d734bcf044dcb5b,34217.626679,34217.626679,0.0,1,0,1710971763
2024-03-14,0x448686ca47fbe77d8fc9eec6829837bf45e8ea75,9261,0xb6f28ae8f31d85dc27361852b986286113bc588d,3204.605163,3204.605163,0.0,1,0,1710974123
2024-03-14,0x448686ca47fbe77d8fc9eec6829837bf45e8ea75,9278,0xfcea91e004426c4d6f17c0c0e9015af935516ee2,42318.071271,42318.071271,0.0,1,0,1710971897
2024-03-14,0x448686ca47fbe77d8fc9eec6829837bf45e8ea75,11096,0x7a0dc3b9922345cb953a0002b07cf9d028cdd01d,1028.843598,1028.843598,0.0,1,0,1710971423
2024-03-14,0x448686ca47fbe77d8fc9eec6829837bf45e8ea75,11233,0xe9cc16b79e7ea3cbc8124afb7b547826bc3dca28,54344.338825,54344.338825,0.0,1,0,1710972485
2024-03-14,0x448686ca47fbe77d8fc9eec6829837bf45e8ea75,11287,0x569a259d029a89bfea35a6d178a08edf6e55d1b1,1984.0,1984.0,0.0,1,0,1710971559
2024-03-14,0x448686ca47fbe77d8fc9eec6829837bf45e8ea75,11811,0x76dac15813d4267248dc28a0724d859a7326f328,5469.2031,5469.2031,0.0,1,0,1710970655
2024-03-14,0x448686ca47fbe77d8fc9eec6829837bf45e8ea75,12144,0xc6493626be58dc647a5103970da5bcf9f7fdbfd2,52195.709698,52195.709698,0.0,1,0,1710969833
2024-03-14,0x448686ca47fbe77d8fc9eec6829837bf45e8ea75,13573,0xf51e5a0a85d29aa0508894405d734bcf044dcb5b,6768.0,6768.0,0.0,1,0,1710971807
2024-03-14,0x44ecc644449fc3a9858d2007caa8cfaa4c561f91,473,0x97020c9ec66e0f59231918b1d2f167a66026aff2,15124.391988,15124.391988,18217.93925,1,1,1710962573
2024-03-14,0x44ecc644449fc3a9858d2007caa8cfaa4c561f91,4518,0x43917a8174465dc01522e8e14335eaa2cde33f6f,26.581298,26.581298,26.443463,1,1,1710448057
2024-03-14,0x44ecc644449fc3a9858d2007caa8cfaa4c561f91,5010,0xab4382aadae5bf4b37b90b9dc07fc72d52e2a28a,298.28867,298.28867,585.254984,1,1,1710671109
2024-03-14,0x44ecc644449fc3a9858d2007caa8cfaa4c561f91,10073,0xb2e9bc43653bddbfe3f5f00c1159d4be2f3d0b89,308.056643,308.056643,321.374348,1,1,1710581361
2024-03-14,0x44ecc644449fc3a9858d2007caa8cfaa4c561f91,13327,0x627983f0b46f80488ebc03a5b913e9808a0faad7,9.997394,9.997394,0.0,1,0,1710666475
2024-03-14,0x45d8c7bf5be7c99d39cdc724f60497bd79546458,47,0x011b0a055e02425461a1ae95b30f483c4ff05be7,515277.924732,515277.924732,392817.753338,1,1,1710974017
2024-03-14,0x45d8c7bf5be7c99d39cdc724f60497bd79546458,51,0x0f228805c03a693aa964a791e0b2e2c6e6c6513f,59094.319308,59094.319308,59094.319308,1,1,1710968507
2024-03-14,0x45d8c7bf5be7c99d39cdc724f60497bd79546458,52,0x28878aec6b4209d90a40890183e3322f0ae5b2e2,415704.70629,415704.70629,0.0,1,0,1710967279
2024-03-14,0x45d8c7bf5be7c99d39cdc724f60497bd79546458,55,0x285fed35cbea271a711681e84ffd83c68a596a75,228934.004466,228934.004466,45709.163133,1,1,1710965869
2024-03-14,0x45d8c7bf5be7c99d39cdc724f60497bd79546458,56,0x48a5a6a01ba89cddf97d2d552923d5a11401ed19,373949.326471,373949.326471,0.0,1,0,1710975177
2024-03-14,0x45d8c7bf5be7c99d39cdc724f60497bd79546458,57,0x72d4d59f31d0cb4a4213a5dc81fc0108241ecc71,439857.103914,439857.103914,0.0,1,0,1710962531
2024-03-14,0x45d8c7bf5be7c99d39cdc724f60497bd79546458,62,0xdbd5d31b7f48adc13a0ab0c591f7e3d4f9642e69,156034.538247,156034.538247,0.0,1,0,1710959895
2024-03-14,0x45d8c7bf5be7c99d39cdc724f60497bd79546458,67,0x8ce17ff2c7376e9adfe9c63c47a801097fa6c525,111171.957679,111171.957679,110983.450476,1,1,1710973841
2024-03-14,0x45d8c7bf5be7c99d39cdc724f60497bd79546458,89,0x4dacd010e15e220bc6c5c3210d166505d2b6c63a,0.0,0.0,656150.917925,0,1,1710923549
2024-03-14,0x45d8c7bf5be7c99d39cdc724f60497bd79546458,93,0x0291eb432cb4a2613a7415018933e3db45bcd769,262175.609679,262175.609679,0.0,1,0,1710964375
2024-03-14,0x45d8c7bf5be7c99d39cdc724f60497bd79546458,99,0xa48cd684ded1eee3de13e052bbdcfed59558a1ca,165119.094414,165119.094414,164839.112491,1,1,1710929267
2024-03-14,0x45d8c7bf5be7c99d39cdc724f60497bd79546458,106,0x615e5022252b31af496574f00d5519c5d93261ab,108384.591075,108384.591075,0.0,1,0,1710963695
2024-03-14,0x45d8c7bf5be7c99d39cdc724f60497bd79546458,109,0xbe7019f8333b0b3cfc707ac353ebc2123140134c,127037.664344,127037.664344,0.0,1,0,1710974343
2024-03-14,0x45d8c7bf5be7c99d39cdc724f60497bd79546458,118,0x4ccfeb186c61217f05d8756314c600089b27a1c3,41985.356058,41985.356058,0.0,1,0,1710975207
2024-03-14,0x45d8c7bf5be7c99d39cdc724f60497bd79546458,136,0x12c58f57177b8d5832f60cfa690770c19ac9da19,121738.489591,121738.489591,0.0,1,0,1710966035
2024-03-14,0x45d8c7bf5be7c99d39cdc724f60497bd79546458,151,0x5275817b74021e97c980e95ede6bbac0d0d6f3a2,84400.955144,84400.955144,0.0,1,0,1710968779
2024-03-14,0x45d8c7bf5be7c99d39cdc724f60497bd79546458,159,0x05391a4b0749c29335024f41552a56cfa6bd3883,0.0,0.0,219875.822715,0,1,1710945121
2024-03-14,0x45d8c7bf5be7c99d39cdc724f60497bd79546458,169,0xcba1a275e2d858ecffaf7a87f606f74b719a8a93,64563.074923,64563.074923,0.0,1,0,1710973917
2024-03-14,0x45d8c7bf5be7c99d39cdc724f60497bd79546458,195,0x302757fe1990e6558e03d05036bb88c3129a22c8,42228.823426,42228.823426,0.0,1,0,1710965569
2024-03-14,0x45d8c7bf5be7c99d39cdc724f60497bd79546458,224,0x4920a95670b6282951813a94d9066a730d315df3,169820.560553,169820.560553,0.0,1,0,1710973183
2024-03-14,0x45d8c7bf5be7c99d39cdc724f60497bd79546458,225,0xdcb7943f8454a5742b2b881b6ecfc8c7d198f631,0.0,0.0,169328.779697,0,1,1710971129
2024-03-14,0x45d8c7bf5be7c99d39cdc724f60497bd79546458,242,0xa0eb44b173af64f2fdb47c7d76ff3a33e04103b6,195054.592352,195054.592352,0.0,1,0,1710972225
2024-03-14,0x45d8c7bf5be7c99d39cdc724f60497bd79546458,270,0xf51e5a0a85d29aa0508894405d734bcf044dcb5b,33894.334036,33894.334036,0.0,1,0,1710971779
2024-03-14,0x45d8c7bf5be7c99d39cdc724f60497bd79546458,275,0xa810ffea2709c116ef180d090c142fc5e08586a7,32786.052367,32786.052367,24547.844361,1,1,1710969107
2024-03-14,0x45d8c7bf5be7c99d39cdc724f60497bd79546458,289,0x95b05f935655c37ada2088c5767e5006f230b068,11731.099751,11731.099751,0.0,1,0,1710975155
2024-03-14,0x45d8c7bf5be7c99d39cdc724f60497bd79546458,327,0xd2f132930ea3c58a389c6ad3a91ef104f95fe697,0.0,0.0,101262.959809,0,1,1710967089
2024-03-14,0x45d8c7bf5be7c99d39cdc724f60497bd79546458,335,0x582c34536d7f4a2a5d96118d5d80ba3000c6b5af,0.0,0.0,90965.663925,0,1,1710944607
2024-03-14,0x45d8c7bf5be7c99d39cdc724f60497bd79546458,351,0x6d71973078b858dab13bf9894c3969df6e5fced7,0.0,0.0,106044.260651,0,1,1710975443
2024-03-14,0x45d8c7bf5be7c99d39cdc724f60497bd79546458,361,0xb450aa35d3f2bc49bd24fa31439ad4aa2c6a17c2,81012.653385,81012.653385,0.0,1,0,1710969123
2024-03-14,0x45d8c7bf5be7c99d39cdc724f60497bd79546458,364,0xe7b27bd74f522afa05732ba82b2f46a38d4be098,19928.255214,19928.255214,39788.928284,1,1,1710948741
2024-03-14,0x45d8c7bf5be7c99d39cdc724f60497bd79546458,418,0xbe7019f8333b0b3cfc707ac353ebc2123140134c,15632.971246,15632.971246,0.0,1,0,1710974417
2024-03-14,0x45d8c7bf5be7c99d39cdc724f60497bd79546458,440,0x510b0068c0756bbefcbaffb6567e467d661291fe,56019.067986,56019.067986,0.0,1,0,1710722887
2024-03-14,0x45d8c7bf5be7c99d39cdc724f60497bd79546458,504,0xcfba6d63ec822425775d3c509e60ff689c1ae1e7,11945.606721,11945.606721,11925.351318,1,1,1710938491
2024-03-14,0x45d8c7bf5be7c99d39cdc724f60497bd79546458,509,0x34223719d75cbc336b77ccd8af6b9342bd6af1cb,0.0,0.0,6932.395945,0,1,1710956477
2024-03-14,0x45d8c7bf5be7c99d39cdc724f60497bd79546458,544,0x16b00db74167b7469dda63b674ca9a3b1b70c439,15817.076812,15817.076812,15790.256803,1,1,1710956253
2024-03-14,0x45d8c7bf5be7c99d39cdc724f60497bd79546458,614,0x13e7652b9ec7a97a4a98906fc20338ac70940f98,36007.598876,36007.598876,0.0,1,0,1710958587
2024-03-14,0x45d8c7bf5be7c99d39cdc724f60497bd79546458,638,0x3efec9925973afe87cbfe219dfe31fbba4266369,34751.569229,34751.569229,0.0,1,0,1710971599
2024-03-14,0x45d8c7bf5be7c99d39cdc724f60497bd79546458,643,0x683a42e5b414ae5cf79ece7e369ca5937fdcdc11,33272.894894,33272.894894,0.0,1,0,1710973167
2024-03-14,0x45d8c7bf5be7c99d39cdc724f60497bd79546458,652,0xf315eafb91bd04f283d4c0bd47e64e9bb5384e11,31536.741433,31536.741433,0.0,1,0,1710960119
2024-03-14,0x45d8c7bf5be7c99d39cdc724f60497bd79546458,662,0x136c65a3f31682fcf683906ddbf3c76db2633f99,31888.237241,31888.237241,0.0,1,0,1710965327
2024-03-14,0x45d8c7bf5be7c99d39cdc724f60497bd79546458,682,0x510bd1a857df836c2ad57aa3a6fae396e011d958,29923.032112,29923.032112,0.0,1,0,1710724871
2024-03-14,0x45d8c7bf5be7c99d39cdc724f60497bd79546458,701,0xacd97a24977afa76d74c6ed7f363f6e4366f74bb,9842.139601,9842.139601,19533.821894,1,1,1710956129
2024-03-14,0x45d8c7bf5be7c99d39cdc724f60497bd79546458,707,0xb307d426a34a72a94b32bca5c5f0c8b36440fa80,27566.802423,27566.802423,0.0,1,0,1710966063
2024-03-14,0x45d8c7bf5be7c99d39cdc724f60497bd79546458,717,0x24b1bf98402c33a78c96178b833f89dbde7e76a7,16111.77971,16111.77971,0.0,1,0,1710903297
2024-03-14,0x45d8c7bf5be7c99d39cdc724f60497bd79546458,718,0xe12dbb4320caa9035c5d104620aa7a0debcbd554,6739.91438,6739.91438,6728.485937,1,1,1710967629
2024-03-14,0x45d8c7bf5be7c99d39cdc724f60497bd79546458,758,0x8ccfcfa7e6133e0875192974d0d857fb7a28375e,4320.628808,4320.628808,7188.837654,1,1,1710969407
2024-03-14,0x45d8c7bf5be7c99d39cdc724f60497bd79546458,764,0xdbd5d31b7f48adc13a0ab0c591f7e3d4f9642e69,8128.014918,8128.014918,0.0,1,0,1710958673
2024-03-14,0x45d8c7bf5be7c99d39cdc724f60497bd79546458,787,0x1c494f1919c1512ebe74a5dcc17dac9a64069023,0.0,0.0,25901.362564,0,1,1710971661
2024-03-14,0x45d8c7bf5be7c99d39cdc724f60497bd79546458,796,0xde4eb5c828432d1d674a6143029604bc811011e7,21956.182362,21956.182362,0.0,1,0,1710964205
2024-03-14,0x45d8c7bf5be7c99d39cdc724f60497bd79546458,799,0xe7090015768ed8f07ada91bded606f3bc44100b4,0.0,0.0,5617.35659,0,1,1710699697
2024-03-14,0x45d8c7bf5be7c99d39cdc724f60497bd79546458,880,0x1ec9c8b70b7473dd04a82afc5930dd0a34ab3eb9,18874.637214,18874.637214,0.0,1,0,1710969201
2024-03-14,0x45d8c7bf5be7c99d39cdc724f60497bd79546458,920,0x6c2693f5a936f37ed03cfa8465bf2d8beff19a0f,21845.101895,21845.101895,0.0,1,0,1710969271
2024-03-14,0x45d8c7bf5be7c99d39cdc724f60497bd79546458,980,0xa971182ceecaac649eb6e8d4800ed8ddf0312106,31669.697294,31669.697294,0.0,1,0,1710972601
2024-03-14,0x45d8c7bf5be7c99d39cdc724f60497bd79546458,982,0x5ae60432076d1885aa082546cae5d0e4cf0e9b1b,3957.148888,3957.148888,0.0,1,0,1710973693
2024-03-14,0x45d8c7bf5be7c99d39cdc724f60497bd79546458,999,0x1c494f1919c1512ebe74a5dcc17dac9a64069023,0.0,0.0,17371.746373,0,1,1710971625
2024-03-14,0x45d8c7bf5be7c99d39cdc724f60497bd79546458,1016,0x91b7377a3dd7931ad4757b60d7e859954b939e85,15043.292818,15043.292818,0.0,1,0,1710965217
2024-03-14,0x45d8c7bf5be7c99d39cdc724f60497bd79546458,1018,0x1b7ea7d42c476a1e2808f23e18d850c5a4692df7,15035.842353,15035.842353,0.0,1,0,1710723151
2024-03-14,0x45d8c7bf5be7c99d39cdc724f60497bd79546458,1053,0x3216a8a03b07b6b19cbc21d62c8942e625fc3e07,6561.392972,6561.392972,6550.267236,1,1,1710954971
2024-03-14,0x45d8c7bf5be7c99d39cdc724f60497bd79546458,1090,0x1b89a08d82079337740e1cef68c571069725306e,13312.747079,13312.747079,0.0,1,0,1710724277
2024-03-14,0x45d8c7bf5be7c99d39cdc724f60497bd79546458,1192,0x6a3efcfd601c67c7fe2ef28879e27708435b8d2d,36910.274235,36910.274235,36847.687835,1,1,1710975537
2024-03-14,0x45d8c7bf5be7c99d39cdc724f60497bd79546458,1215,0x848887741b3e38233cd858c5dd7b48ca9197fc08,12203.06083,12203.06083,0.0,1,0,1710962909
2024-03-14,0x45d8c7bf5be7c99d39cdc724f60497bd79546458,1229,0xb65966d1d7a2be2db33379be84d7f012dc9a0753,12855.659326,12855.659326,0.0,1,0,1710962909
2024-03-14,0x45d8c7bf5be7c99d39cdc724f60497bd79546458,1262,0x136c65a3f31682fcf683906ddbf3c76db2633f99,10166.414587,10166.414587,0.0,1,0,1710965349
2024-03-14,0x45d8c7bf5be7c99d39cdc724f60497bd79546458,1287,0x2a7051d7cbbef7b6889f8e14774020b1653b94c1,4944.258673,4944.258673,2467.937505,1,1,1710851625
2024-03-14,0x45d8c7bf5be7c99d39cdc724f60497bd79546458,1375,0xca3459c85009d657393717d7e0072a42f0c69733,4359.689534,4359.689534,0.0,1,0,1710973557
2024-03-14,0x45d8c7bf5be7c99d39cdc724f60497bd79546458,1441,0xc0fa207d207288d727baf8b4f2b3ca93f45da246,4883.089768,4883.089768,2441.544884,1,1,1710850331
2024-03-14,0x45d8c7bf5be7c99d39cdc724f60497bd79546458,1511,0x4f321ad6ddc21ebcf9ee7213d2b41895196b6a9b,5542.743891,5542.743891,3688.896942,1,1,1710896407
2024-03-14,0x45d8c7bf5be7c99d39cdc724f60497bd79546458,1521,0xdd84ce1adcb3a4908db61a1dfa3353c3974c5a2b,0.0,0.0,1825.57152,0,1,1710855577
2024-03-14,0x45d8c7bf5be7c99d39cdc724f60497bd79546458,1534,0xaf0b68a684e2b7961a0b6078e36f43d6e990e54b,6895.745415,6895.745415,0.0,1,0,1710968627
2024-03-14,0x45d8c7bf5be7c99d39cdc724f60497bd79546458,1625,0x12cc270bb2136c772b7e28868d7782aa62827229,6516.637183,6516.637183,0.0,1,0,1710962315
2024-03-14,0x45d8c7bf5be7c99d39cdc724f60497bd79546458,1761,0x797bc498edee4357a16a1054db0323cbd04c84c3,5487.007105,5487.007105,0.0,1,0,1710963067
2024-03-14,0x45d8c7bf5be7c99d39cdc724f60497bd79546458,1762,0x6708cfc9aad523f63be6ce23ef082a79af705992,5478.804954,5478.804954,5478.804954,1,1,1710975089
2024-03-14,0x45d8c7bf5be7c99d39cdc724f60497bd79546458,1794,0x808c136858c6ef2d6819faa2e0c09548bb03c1f0,47791.24974,47791.24974,23895.62487,1,1,1710951847
2024-03-14,0x45d8c7bf5be7c99d39cdc724f60497bd79546458,1815,0xc2c35b30bb2a0fc88d02fff39c4fcab37b7b44bf,0.0,0.0,7205.3938,0,1,1710947827
2024-03-14,0x45d8c7bf5be7c99d39cdc724f60497bd79546458,2170,0xe864c76dc41797e606b67ecd23cf0575841cb24e,0.0,0.0,3811.587027,0,1,1710870305
2024-03-14,0x45d8c7bf5be7c99d39cdc724f60497bd79546458,2174,0xcf58445788527655c17f7cae55ca86231a340cd2,395.21404,395.21404,0.0,1,0,1710970725
2024-03-14,0x45d8c7bf5be7c99d39cdc724f60497bd79546458,2242,0x288a2395f027f65684d836754ba43afa20ca09e6,3765.354522,3765.354522,0.0,1,0,1710950083
2024-03-14,0x45d8c7bf5be7c99d39cdc724f60497bd79546458,2268,0x823b8c5fa9d5b19649434dda4ee042ba94e7159e,1637.256718,1637.256718,0.0,1,0,1710966767
2024-03-14,0x45d8c7bf5be7c99d39cdc724f60497bd79546458,2313,0x3888132606615fc0759853b6ec1107e717d0ae52,0.0,0.0,1850.936406,0,1,1710932669
2024-03-14,0x45d8c7bf5be7c99d39cdc724f60497bd79546458,2362,0xbaa9b493bccbe1a900b39870980f41356f85822a,4359.273286,4359.273286,0.0,1,0,1710963125
2024-03-14,0x45d8c7bf5be7c99d39cdc724f60497bd79546458,2398,0xa0d09dd6130596c3fadb66ac6d94ed982510cdef,5150.972244,5150.972244,0.0,1,0,1710731517
2024-03-14,0x45d8c7bf5be7c99d39cdc724f60497bd79546458,2462,0xb8dbac300e69c9c2d56542f83bbac3dbad065d02,0.0,0.0,3375.876416,0,1,1710962941
2024-03-14,0x45d8c7bf5be7c99d39cdc724f60497bd79546458,2571,0xfc7c1d00b2ec6d3653e9de72590684456846c53d,3344.394697,3344.394697,0.0,1,0,1710967665
2024-03-14,0x45d8c7bf5be7c99d39cdc724f60497bd79546458,2603,0xd2e44e40b5fb960a8a74dd7b9d6b7f14b805b50d,0.0,0.0,3176.323137,0,1,1710975415
2024-03-14,0x45d8c7bf5be7c99d39cdc724f60497bd79546458,2611,0xf790bb9a7221c9a3e9983f3a6c23f6048002a529,3165.745077,3165.745077,0.0,1,0,1710966753
2024-03-14,0x45d8c7bf5be7c99d39cdc724f60497bd79546458,3032,0x29964b7c46144d79457473661f99f725d4fdf0e3,1455.124907,1455.124907,1455.124907,1,1,1710857315
2024-03-14,0x45d8c7bf5be7c99d39cdc724f60497bd79546458,3047,0xbee2d469aacb46251ae33cca91f482e26c971dff,1208.234711,1208.234711,0.0,1,0,1710969903
2024-03-14,0x45d8c7bf5be7c99d39cdc724f60497bd79546458,3072,0x6eabe04636a21156a56bb3ce4096ce49dbc280ed,378.342533,378.342533,0.0,1,0,1710718531
2024-03-14,0x45d8c7bf5be7c99d39cdc724f60497bd79546458,3768,0x5ce213c2afde02afd21e23187cd3c599b4298905,530.508463,530.508463,0.0,1,0,1710884233
2024-03-14,0x45d8c7bf5be7c99d39cdc724f60497bd79546458,3781,0xaf11495f021c5c2c5f5230f40d5d57ebe4059700,29304.763467,29304.763467,0.0,1,0,1710968279
2024-03-14,0x45d8c7bf5be7c99d39cdc724f60497bd79546458,3874,0xeede1d82f37c50aadb5a3574e64affd71a167ffd,0.0,1044.471099,2082.106706,1,2,1710969007
2024-03-14,0x45d8c7bf5be7c99d39cdc724f60497bd79546458,4193,0xb2ee21d215bda783c82dcf95d48c8984f5198bf3,694.33728,694.33728,694.33728,1,1,1710967825
2024-03-14,0x45d8c7bf5be7c99d39cdc724f60497bd79546458,4441,0x8bb820c251ac194ca770f9f0cdc12b76354e3de6,36425.942461,36425.942461,21081.169155,1,1,1710953697
2024-03-14,0x45d8c7bf5be7c99d39cdc724f60497bd79546458,4520,0x452a9b8cde503a041de5586d64247843dac5ca57,0.0,0.0,525.785316,0,1,1710768447
2024-03-14,0x45d8c7bf5be7c99d39cdc724f60497bd79546458,4743,0x87751ed036c0c5048c42d3a637163a932da0ff30,397.541425,397.541425,0.0,1,0,1710506493
2024-03-14,0x45d8c7bf5be7c99d39cdc724f60497bd79546458,6052,0x1744eca50e2940e1472e4593dc7b5344941bd7ca,366.057396,366.057396,0.0,1,0,1710966291
2024-03-14,0x45d8c7bf5be7c99d39cdc724f60497bd79546458,6120,0x678823b4191cf38b35c5b61a42d98132ec6a7662,363.100587,363.100587,0.0,1,0,1710968319
2024-03-14,0x45d8c7bf5be7c99d39cdc724f60497bd79546458,6144,0x1c494f1919c1512ebe74a5dcc17dac9a64069023,0.0,0.0,19098.681019,0,1,1710971661
2024-03-14,0x45d8c7bf5be7c99d39cdc724f60497bd79546458,6147,0x8e651ce5299c187a9570a2afad5a899755d4c5cc,0.0,0.0,353.199371,0,1,1710736373
2024-03-14,0x45d8c7bf5be7c99d39cdc724f60497bd79546458,6387,0xd14443eac8fc112c80db43ba8de56d8192a8e154,348.56529,348.56529,348.56529,1,1,1710888681
2024-03-14,0x45d8c7bf5be7c99d39cdc724f60497bd79546458,6433,0x510bd1a857df836c2ad57aa3a6fae396e011d958,4119.732509,4119.732509,0.0,1,0,1710724901
2024-03-14,0x45d8c7bf5be7c99d39cdc724f60497bd79546458,6438,0x510b0068c0756bbefcbaffb6567e467d661291fe,7256.763589,7256.763589,0.0,1,0,1710722931
2024-03-14,0x45d8c7bf5be7c99d39cdc724f60497bd79546458,6957,0x1b89a08d82079337740e1cef68c571069725306e,2760.055084,2760.055084,0.0,1,0,1710724605
2024-03-14,0x45d8c7bf5be7c99d39cdc724f60497bd79546458,7121,0x011b0a055e02425461a1ae95b30f483c4ff05be7,178357.557764,178357.557764,101804.458665,1,1,1710974045
2024-03-14,0x45d8c7bf5be7c99d39cdc724f60497bd79546458,7437,0xa920e0910ed51e167cf63577652c0f35ff73f7f3,0.0,0.0,28.641398,0,1,1710522377
2024-03-14,0x45d8c7bf5be7c99d39cdc724f60497bd79546458,7890,0x166c794d890dd91bbe71f304eca660e1c4892cbb,142241.384474,142241.384474,0.0,1,0,1710954413
2024-03-14,0x45d8c7bf5be7c99d39cdc724f60497bd79546458,8852,0x6adabc8287a814b21a67e2b5811ed19ae708872f,0.0,0.0,704.624947,0,1,1710688085
2024-03-14,0x45d8c7bf5be7c99d39cdc724f60497bd79546458,9191,0xdd37133ec04c73e260a50003fb4709148614b11b,4688.009158,4688.009158,0.0,1,0,1710964481
2024-03-14,0x45d8c7bf5be7c99d39cdc724f60497bd79546458,9220,0xf51e5a0a85d29aa0508894405d734bcf044dcb5b,171088.133394,171088.133394,0.0,1,0,1710971763
2024-03-14,0x45d8c7bf5be7c99d39cdc724f60497bd79546458,9276,0x6a3efcfd601c67c7fe2ef28879e27708435b8d2d,0.0,0.0,30739.697819,0,1,1710975231
2024-03-14,0x45d8c7bf5be7c99d39cdc724f60497bd79546458,9324,0x166c794d890dd91bbe71f304eca660e1c4892cbb,50389.863479,50389.863479,50389.863479,1,1,1710954241
2024-03-14,0x45d8c7bf5be7c99d39cdc724f60497bd79546458,9372,0x6a2064a87f83aee30a9331c680763ed7d473ae23,39832.11017,39832.11017,0.0,1,0,1710965287
2024-03-14,0x45d8c7bf5be7c99d39cdc724f60497bd79546458,9374,0x6a2064a87f83aee30a9331c680763ed7d473ae23,27916.775243,27916.775243,0.0,1,0,1710965367
2024-03-14,0x45d8c7bf5be7c99d39cdc724f60497bd79546458,9552,0xc3b840929c916f291bbce9529aff1a1c7f58ff71,45.395222,45.395222,54.781596,1,1,1710759703
2024-03-14,0x45d8c7bf5be7c99d39cdc724f60497bd79546458,9848,0xdbd141d31bf07efbbf17b4c3d8d4d0465ab2c871,0.0,0.0,472.051211,0,1,1710455719
2024-03-14,0x45d8c7bf5be7c99d39cdc724f60497bd79546458,9954,0x7d374fe73fd8358a93c53e978477f7ba4129be0c,18961.713057,18961.713057,0.0,1,0,1710963979
2024-03-14,0x45d8c7bf5be7c99d39cdc724f60497bd79546458,9985,0x6a2064a87f83aee30a9331c680763ed7d473ae23,11049.928379,11049.928379,0.0,1,0,1710965403
2024-03-14,0x45d8c7bf5be7c99d39cdc724f60497bd79546458,10100,0x2bcdca8c689b4aa460b66ffde1d6b1761d41d5df,2290.492852,2290.492852,0.0,1,0,1710961571
2024-03-14,0x45d8c7bf5be7c99d39cdc724f60497bd79546458,10294,0x48a6a8d403a58eccc70d4d57347f801d4e182564,0.0,0.0,2504114.724582,0,1,1710962043
2024-03-14,0x45d8c7bf5be7c99d39cdc724f60497bd79546458,10295,0xc875b3dae5b0c371bc8cf9ded64868b78ac47587,253787.40634,253787.40634,107650.823763,1,1,1710977963
2024-03-14,0x45d8c7bf5be7c99d39cdc724f60497bd79546458,10296,0x03c70563e94de5de56c11a0cc4ce3482f592854f,632724.165764,632724.165764,268387.145924,1,1,1710977765
2024-03-14,0x45d8c7bf5be7c99d39cdc724f60497bd79546458,10298,0xc9814f18a8751214f719de15c54d01b3d78ef14f,114991.629059,8544514.211276,8479488.419796,170,170,1710977733
2024-03-14,0x45d8c7bf5be7c99d39cdc724f60497bd79546458,10343,0x869921f41af38fe397c8309d3d1885809508b723,1298.028627,1298.028627,0.0,1,0,1710907747
2024-03-14,0x45d8c7bf5be7c99d39cdc724f60497bd79546458,10449,0x29197c3b222fcff8571e5af8029e2e7fcabddf19,0.0,0.0,18292.326291,0,1,1710950781
2024-03-14,0x45d8c7bf5be7c99d39cdc724f60497bd79546458,10867,0x6ab2d5789af8fc628b306d04505de6e5a78ba660,719.318629,719.318629,719.318629,1,1,1710848667
2024-03-14,0x45d8c7bf5be7c99d39cdc724f60497bd79546458,10977,0x68ec6b5038dcf1e00a6780b9031e978168298f82,132391.395819,132391.395819,132391.395819,1,1,1710790589
2024-03-14,0x45d8c7bf5be7c99d39cdc724f60497bd79546458,11278,0x5d4f22f6d43828eda31f8b4c73d9567c173a3fff,104079.165158,104079.165158,0.0,1,0,1710955547
2024-03-14,0x45d8c7bf5be7c99d39cdc724f60497bd79546458,11399,0x28878aec6b4209d90a40890183e3322f0ae5b2e2,112014.58326,112014.58326,0.0,1,0,1710967323
2024-03-14,0x45d8c7bf5be7c99d39cdc724f60497bd79546458,11666,0xbada88073dd58b151afd19a5b5bb6450ffcaa8f8,253913.839311,253913.839311,0.0,1,0,1710969083
2024-03-14,0x45d8c7bf5be7c99d39cdc724f60497bd79546458,11773,0x0f9cf9e33d5ae2a215be8579b6fd3fa419e418b0,0.0,0.0,46.575325,0,1,1710946595
2024-03-14,0x45d8c7bf5be7c99d39cdc724f60497bd79546458,12015,0x7b2871c2dcad6f2b396fe7e1a087ae6170f4131c,0.0,0.0,56287.187185,0,1,1710962287
2024-03-14,0x45d8c7bf5be7c99d39cdc724f60497bd79546458,12143,0xbada88073dd58b151afd19a5b5bb6450ffcaa8f8,38301.705796,38301.705796,0.0,1,0,1710969221
2024-03-14,0x45d8c7bf5be7c99d39cdc724f60497bd79546458,12281,0xeea30dfeab54a05434967f4540cddcd61dca2d21,7128.328257,7128.328257,0.0,1,0,1710974233
2024-03-14,0x45d8c7bf5be7c99d39cdc724f60497bd79546458,12436,0x287b780da1de8f332ee9a7709822217e2f24843a,97448.710851,193897.421702,192144.460524,2,2,1710628321
2024-03-14,0x45d8c7bf5be7c99d39cdc724f60497bd79546458,12454,0xae2adf9a0727e69b6f5105d183e684894a75d39a,12.377375,12.377375,0.0,1,0,1710808387
2024-03-14,0x45d8c7bf5be7c99d39cdc724f60497bd79546458,12589,0x353c82aeafd7680e57f60a6cfdd3154c9838993c,0.74406,0.74406,0.753173,1,1,1710934667
2024-03-14,0x45d8c7bf5be7c99d39cdc724f60497bd79546458,12813,0x869921f41af38fe397c8309d3d1885809508b723,1300.972845,1300.972845,0.0,1,0,1710907781
2024-03-14,0x45d8c7bf5be7c99d39cdc724f60497bd79546458,12859,0x287b780da1de8f332ee9a7709822217e2f24843a,0.0,0.0,997.415279,0,1,1710628307
2024-03-14,0x45d8c7bf5be7c99d39cdc724f60497bd79546458,12873,0xf0ac8a7b877b387b1402ffc9f0e12362c6f50488,0.0,0.0,399.970004,0,1,1710394075
2024-03-14,0x45d8c7bf5be7c99d39cdc724f60497bd79546458,12952,0x1539dacf6d52b19b9081b06cfa79bdefa599b42d,19.058034,19.058034,0.0,1,0,1710535901
2024-03-14,0x45d8c7bf5be7c99d39cdc724f60497bd79546458,13450,0x3acbc3038505d0809fddef5e6d632435ee498f4c,0.045214,0.045214,0.0,1,0,1710811171
2024-03-14,0x45d8c7bf5be7c99d39cdc724f60497bd79546458,13454,0x3acbc3038505d0809fddef5e6d632435ee498f4c,70.747164,70.747164,0.0,1,0,1710813321
2024-03-14,0x45d8c7bf5be7c99d39cdc724f60497bd79546458,13455,0x3acbc3038505d0809fddef5e6d632435ee498f4c,171.068006,171.068006,0.0,1,0,1710814719
2024-03-14,0x45d8c7bf5be7c99d39cdc724f60497bd79546458,13530,0xeea30dfeab54a05434967f4540cddcd61dca2d21,1368.0,1368.0,0.0,1,0,1710974741
2024-03-14,0x45d8c7bf5be7c99d39cdc724f60497bd79546458,13639,0xf30d83bc83b8750702902e6344f423cb6e64014d,217.110836,217.110836,0.0,1,0,1710899083
2024-03-14,0x45d8c7bf5be7c99d39cdc724f60497bd79546458,13645,0xfb044636b92629aa38ee94aa397e09cb7f3ae6cb,199.570952,199.570952,0.0,1,0,1710904209
2024-03-14,0x45d8c7bf5be7c99d39cdc724f60497bd79546458,13677,0xc836e1524dcfeacca3ea728e630bafcb0ae18357,9.5e-05,9.5e-05,0.0,1,0,1710970637
2024-03-14,0x45d8c7bf5be7c99d39cdc724f60497bd79546458,13691,0x50fa50fa2032d85eb2dda303929bf56886aa9afb,14.969005,14.969005,0.0,1,0,1710969787
2024-03-14,0x4a3636608d7bc5776cb19eb72caa36ebb9ea683b,47,0x011b0a055e02425461a1ae95b30f483c4ff05be7,53535.368803,53535.368803,40083.444218,1,1,1710974017
2024-03-14,0x4a3636608d7bc5776cb19eb72caa36ebb9ea683b,55,0x285fed35cbea271a711681e84ffd83c68a596a75,22732.953269,22732.953269,22732.953269,1,1,1710965869
2024-03-14,0x4a3636608d7bc5776cb19eb72caa36ebb9ea683b,67,0x8ce17ff2c7376e9adfe9c63c47a801097fa6c525,111171.957679,111171.957679,0.0,1,0,1710973841
2024-03-14,0x4a3636608d7bc5776cb19eb72caa36ebb9ea683b,68,0x132e47cf2c19ec2d8dd56e1528fc7e18dc09188f,143173.210252,143173.210252,100051.308396,1,1,1710955935
2024-03-14,0x4a3636608d7bc5776cb19eb72caa36ebb9ea683b,362,0x5929cc4d10b6a1acc5bf5d221889f10251c628a1,12415.167495,12415.167495,12394.115887,1,1,1710960907
2024-03-14,0x4a3636608d7bc5776cb19eb72caa36ebb9ea683b,415,0xfc8333829a69d922b9d691f4d76185bdf4f47642,0.0,0.0,63580.302601,0,1,1710970723
2024-03-14,0x4a3636608d7bc5776cb19eb72caa36ebb9ea683b,473,0x97020c9ec66e0f59231918b1d2f167a66026aff2,15124.391988,15124.391988,0.0,1,0,1710962573
2024-03-14,0x4a3636608d7bc5776cb19eb72caa36ebb9ea683b,597,0x1ce0c2b445c8e87ea4c40b6e721d9a39b09f6459,0.0,0.0,9205.755818,0,1,1710965235
2024-03-14,0x4a3636608d7bc5776cb19eb72caa36ebb9ea683b,743,0x55f007605d7f78ba48beae6034ec46a2bbe98d3d,0.0,0.0,25590.238321,0,1,1710955091
2024-03-14,0x4a3636608d7bc5776cb19eb72caa36ebb9ea683b,984,0x68e0384d0a5daaf5dc4247ab0d49cf6dce4aa748,16801.978767,16801.978767,0.0,1,0,1710972923
2024-03-14,0x4a3636608d7bc5776cb19eb72caa36ebb9ea683b,1305,0x05b5240daa1894a299a41d1f63f1caacf94bdeb3,4489.642486,4489.642486,0.0,1,0,1710972611
2024-03-14,0x4a3636608d7bc5776cb19eb72caa36ebb9ea683b,1398,0xc6bf059aabef5668c32ebeef3dae82e59d4ebc4a,9166.137737,9166.137737,0.0,1,0,1710924825
2024-03-14,0x4a3636608d7bc5776cb19eb72caa36ebb9ea683b,1671,0xf1196bf726ed9227507f5a8b7c87ae177124db2b,10086.447719,10086.447719,0.0,1,0,1710972775
2024-03-14,0x4a3636608d7bc5776cb19eb72caa36ebb9ea683b,1912,0x3e516b6d229bf935f1b6bf4a0c2531ddab48cf1b,3682.509003,3682.509003,1841.254501,1,1,1710961127
2024-03-14,0x4a3636608d7bc5776cb19eb72caa36ebb9ea683b,1957,0x2d5a17539943a8c1a753578af3b4f91c9eb85eb9,16892.507611,16892.507611,0.0,1,0,1710973185
2024-03-14,0x4a3636608d7bc5776cb19eb72caa36ebb9ea683b,2332,0xae69116e4aa49645f78c1fc9f28f677aede0d153,0.0,0.0,3621.778153,0,1,1710957871
2024-03-14,0x4a3636608d7bc5776cb19eb72caa36ebb9ea683b,2486,0x24a30823bd87e785b0c4b3803a2bffd91eb6876f,3376.524075,3376.524075,0.0,1,0,1710972433
2024-03-14,0x4a3636608d7bc5776cb19eb72caa36ebb9ea683b,2503,0x03490f2b65608070c0bb15503c81a1d55b2c55c0,0.0,0.0,3316.594598,0,1,1710975445
2024-03-14,0x4a3636608d7bc5776cb19eb72caa36ebb9ea683b,4646,0xa31aeea459c1ab0124ed44711a678d6e18874692,917.920435,917.920435,0.0,1,0,1710972165
2024-03-14,0x4a3636608d7bc5776cb19eb72caa36ebb9ea683b,6093,0xd892f1cac31704c0f4fe586d142238e933945be5,88.596724,88.596724,138.197287,1,1,1710784835
2024-03-14,0x4a3636608d7bc5776cb19eb72caa36ebb9ea683b,7121,0x011b0a055e02425461a1ae95b30f483c4ff05be7,17835.755776,17835.755776,9785.088745,1,1,1710974045
2024-03-14,0x4a3636608d7bc5776cb19eb72caa36ebb9ea683b,7844,0x4dccb4444a0a804b778ddac22dc21b4fd0fe1a0d,0.0,0.0,0.083061,0,1,1710828517
2024-03-14,0x4a3636608d7bc5776cb19eb72caa36ebb9ea683b,8952,0x1d6536706b9f02e3103ab9652fb2461ee31aa8b8,0.0,0.0,21.501932,0,1,1710727185
2024-03-14,0x4a3636608d7bc5776cb19eb72caa36ebb9ea683b,9282,0x5929cc4d10b6a1acc5bf5d221889f10251c628a1,3360.596041,3360.596041,0.0,1,0,1710961153
2024-03-14,0x4a3636608d7bc5776cb19eb72caa36ebb9ea683b,9868,0xa7628b9c9586ff879b77a2c90c54aa3c813093b8,0.0,0.0,502.0162,0,1,1710446993
2024-03-14,0x4a3636608d7bc5776cb19eb72caa36ebb9ea683b,9918,0x2d5a17539943a8c1a753578af3b4f91c9eb85eb9,1535.931674,1535.931674,0.0,1,0,1710973193
2024-03-14,0x4a3636608d7bc5776cb19eb72caa36ebb9ea683b,10475,0x83fad94eaa0fa69df6a9f13f7c3577be6180b3bb,4410.455368,4410.455368,0.0,1,0,1710971499
2024-03-14,0x4a3636608d7bc5776cb19eb72caa36ebb9ea683b,11155,0x74c106cbe16ed6a8d5db48b2b2fbfe2174186204,0.0,0.0,0.672756,0,1,1710697947
2024-03-14,0x4a3636608d7bc5776cb19eb72caa36ebb9ea683b,11558,0x5a1871c41659839d00a00f1b23eb38a6338dba74,21943.781551,21943.781551,0.0,1,0,1710975441
2024-03-14,0x4a3636608d7bc5776cb19eb72caa36ebb9ea683b,12816,0x7e30b26b53e5a6effb62a88632a46c123538c432,99.07131,99.07131,0.0,1,0,1710595487
2024-03-14,0x4b1afcb3f6b525030c9b548839a0e66c058d9b3f,13375,0x532c66d6daffcaba3563714b01e26580f83a858f,3.514398,3.514398,0.0,1,0,1710722411
2024-03-14,0x4cc2fefb2635c86b1bae1b58e0f60fb43e95e264,321,0xcb6586874cc04b01cc4fdb777de502cea7b3d6c1,102747.40553,102747.40553,102573.183304,1,1,1710936057
2024-03-14,0x4cc2fefb2635c86b1bae1b58e0f60fb43e95e264,362,0x5929cc4d10b6a1acc5bf5d221889f10251c628a1,12415.167495,12415.167495,0.0,1,0,1710960907
2024-03-14,0x4cc2fefb2635c86b1bae1b58e0f60fb43e95e264,517,0xcb926f497763ea5cf993912a442431e6a91d5a64,43250.985848,43250.985848,43250.985848,1,1,1710969745
2024-03-14,0x4cc2fefb2635c86b1bae1b58e0f60fb43e95e264,622,0x81f10d99464d604ea1e9242dc71733a506e95b4e,18385.366226,18385.366226,18385.366226,1,1,1710973303
2024-03-14,0x4cc2fefb2635c86b1bae1b58e0f60fb43e95e264,1242,0xa82e10f6120aa01b95474bbba71cf9649492c05a,0.0,0.0,10498.716861,0,1,1710660231
2024-03-14,0x4cc2fefb2635c86b1bae1b58e0f60fb43e95e264,1285,0x081223c2cea1d7288f42276cc519346019b3c479,9951.729593,9951.729593,0.0,1,0,1710763449
2024-03-14,0x4cc2fefb2635c86b1bae1b58e0f60fb43e95e264,2922,0x506765dfde54034cffc105747ed8829c2b719719,2198.242618,2198.242618,2155.507284,1,1,1710963405
2024-03-14,0x4cc2fefb2635c86b1bae1b58e0f60fb43e95e264,5056,0x7e5c1a665bfd595a8de3ac91dabb37a65db04096,0.0,0.0,1629.047492,0,1,1710451753
2024-03-14,0x4cc2fefb2635c86b1bae1b58e0f60fb43e95e264,7200,0x081223c2cea1d7288f42276cc519346019b3c479,515.491369,515.491369,0.0,1,0,1710763461
2024-03-14,0x4f9dc2229f2357b27c22db56cb39582c854ad6d5,6,0x28aa4f9ffe21365473b64c161b566c3cdead0108,6950042.406332,6950042.406332,6938257.662442,1,1,1710951197
2024-03-14,0x4f9dc2229f2357b27c22db56cb39582c854ad6d5,23,0xc01a1cd505e6afcd3ced2ee1bac67890497f6654,49148.930508,49148.930508,0.0,1,0,1710961795
2024-03-14,0x4f9dc2229f2357b27c22db56cb39582c854ad6d5,24,0x208a17c5fabe5b90282e5906945ff335e39326c4,168969.982441,168969.982441,0.0,1,0,1710956157
2024-03-14,0x4f9dc2229f2357b27c22db56cb39582c854ad6d5,47,0x011b0a055e02425461a1ae95b30f483c4ff05be7,0.0,0.0,169018.52312,0,1,1710974017
2024-03-14,0x4f9dc2229f2357b27c22db56cb39582c854ad6d5,72,0x712180063c3b8aaedabc68e73803c3e299614749,993834.153269,993834.153269,0.0,1,0,1710726485
2024-03-14,0x4f9dc2229f2357b27c22db56cb39582c854ad6d5,99,0xa48cd684ded1eee3de13e052bbdcfed59558a1ca,167100.523547,167100.523547,0.0,1,0,1710929267
2024-03-14,0x4f9dc2229f2357b27c22db56cb39582c854ad6d5,105,0x208a17c5fabe5b90282e5906945ff335e39326c4,478645.704677,478645.704677,0.0,1,0,1710956111
2024-03-14,0x4f9dc2229f2357b27c22db56cb39582c854ad6d5,114,0x611b0c1ed942b833c786c53883a4aa37a25602a6,239591.618922,239591.618922,0.0,1,0,1710940449
2024-03-14,0x4f9dc2229f2357b27c22db56cb39582c854ad6d5,144,0x89808c49f858b86e80b892506cf11606fb25fcdc,359303.270956,359303.270956,0.0,1,0,1710840759
2024-03-14,0x4f9dc2229f2357b27c22db56cb39582c854ad6d5,147,0xe3f0254b09aec48ffa46f9eee5a3bc7a8e510e6d,85595.804935,85595.804935,0.0,1,0,1710894223
2024-03-14,0x4f9dc2229f2357b27c22db56cb39582c854ad6d5,165,0x54ecb3397b0bf31cb0b81eb2444e2a7b32507d8b,99626.255349,99626.255349,79565.860367,1,1,1710959895
2024-03-14,0x4f9dc2229f2357b27c22db56cb39582c854ad6d5,201,0x6e98386f1951e6f997691c4a3bfa27126a7f9041,201675.122699,201675.122699,0.0,1,0,1710726989
2024-03-14,0x4f9dc2229f2357b27c22db56cb39582c854ad6d5,241,0xd639eee81b30d8b34d5d8cbce83f193e2ba298e4,39020.040541,39020.040541,38953.876745,1,1,1710958289
2024-03-14,0x4f9dc2229f2357b27c22db56cb39582c854ad6d5,254,0xdbd5d31b7f48adc13a0ab0c591f7e3d4f9642e69,70881.397001,70881.397001,0.0,1,0,1710958595
2024-03-14,0x4f9dc2229f2357b27c22db56cb39582c854ad6d5,289,0x95b05f935655c37ada2088c5767e5006f230b068,0.0,0.0,11691.964387,0,1,1710975155
2024-03-14,0x4f9dc2229f2357b27c22db56cb39582c854ad6d5,295,0xdbd5d31b7f48adc13a0ab0c591f7e3d4f9642e69,34166.278348,34166.278348,0.0,1,0,1710958809
2024-03-14,0x4f9dc2229f2357b27c22db56cb39582c854ad6d5,370,0x02ef8147e2d0997cca48d99f01bad846d16558fa,182115.669209,182115.669209,0.0,1,0,1710788375
2024-03-14,0x4f9dc2229f2357b27c22db56cb39582c854ad6d5,379,0xc32053db3de17c5e6845d35dbd4ebb860fe265d9,227703.603795,227703.603795,0.0,1,0,1710956271
2024-03-14,0x4f9dc2229f2357b27c22db56cb39582c854ad6d5,425,0xf942457b49e10d4bbde841d93903cd707add1637,61341.725806,61341.725806,0.0,1,0,1710950545
2024-03-14,0x4f9dc2229f2357b27c22db56cb39582c854ad6d5,452,0x21484a41b00c014c4ad5c92bbb7661fd7c1c9a2b,13320.442143,13320.442143,0.0,1,0,1710939847
2024-03-14,0x4f9dc2229f2357b27c22db56cb39582c854ad6d5,536,0xf6ed81d5e9f61dd1ea21e96ae1d660ecc388ae4f,12458.371615,12458.371615,0.0,1,0,1710962145
2024-03-14,0x4f9dc2229f2357b27c22db56cb39582c854ad6d5,544,0x16b00db74167b7469dda63b674ca9a3b1b70c439,15817.076812,15817.076812,0.0,1,0,1710956253
2024-03-14,0x4f9dc2229f2357b27c22db56cb39582c854ad6d5,604,0xf99c8873b972b4192e789f55ab954188d0d9a133,36512.676107,36512.676107,0.0,1,0,1710954977
2024-03-14,0x4f9dc2229f2357b27c22db56cb39582c854ad6d5,811,0xadc1d13acf57ea12cdf14679177fd669221adf2c,5790.302184,5790.302184,0.0,1,0,1710956231
2024-03-14,0x4f9dc2229f2357b27c22db56cb39582c854ad6d5,932,0x9b8d45dff1a7ce03ffd0f9f282b4e3b190a2d915,17243.659027,17243.659027,0.0,1,0,1710956797
2024-03-14,0x4f9dc2229f2357b27c22db56cb39582c854ad6d5,1051,0x8fe316b09c8f570fd00f1172665d1327a2c74c7e,15903.33557,15903.33557,0.0,1,0,1710727051
2024-03-14,0x4f9dc2229f2357b27c22db56cb39582c854ad6d5,1059,0x9ee4045c35514119a289ef08b27d448f11599cb8,25458.971072,25458.971072,0.0,1,0,1710956113
2024-03-14,0x4f9dc2229f2357b27c22db56cb39582c854ad6d5,1205,0x2cfed10c9e18d3d92fad0b7dca74932af9185703,11615.163288,11615.163288,0.0,1,0,1710929139
2024-03-14,0x4f9dc2229f2357b27c22db56cb39582c854ad6d5,1255,0x4f4d6d47a8a764cf8dab8f544b055fbd109304af,2660.782519,2660.782519,0.0,1,0,1710696823
2024-03-14,0x4f9dc2229f2357b27c22db56cb39582c854ad6d5,1469,0x8fc4faa9dd274dc801ca629234e83183031634ec,2037.690677,2037.690677,0.0,1,0,1710924943
2024-03-14,0x4f9dc2229f2357b27c22db56cb39582c854ad6d5,2164,0x001b71fad769b3cd47fd4c9849c704fdfabf6096,24268.57035,24268.57035,24227.419682,1,1,1710394231
2024-03-14,0x4f9dc2229f2357b27c22db56cb39582c854ad6d5,2810,0xd59586b52f6f8c90c04c2b9718be7b2ac7d6cc61,2552.82296,2552.82296,0.0,1,0,1710957605
2024-03-14,0x4f9dc2229f2357b27c22db56cb39582c854ad6d5,3047,0xbee2d469aacb46251ae33cca91f482e26c971dff,1208.234711,1208.234711,723.711591,1,1,1710969903
2024-03-14,0x4f9dc2229f2357b27c22db56cb39582c854ad6d5,4447,0x540d1cc67d61c54b6830c853d5fb79f43543eaaa,0.0,0.0,537.126469,0,1,1710452025
2024-03-14,0x4f9dc2229f2357b27c22db56cb39582c854ad6d5,4611,0xf88c5c03aab1070412dba46c92cee0ae6b9a5443,487.371351,487.371351,487.371351,1,1,1710415143
2024-03-14,0x4f9dc2229f2357b27c22db56cb39582c854ad6d5,5084,0xe6086bf2e3ec483adffb2964709f379db83c0222,394.773111,394.773111,0.0,1,0,1710701423
2024-03-14,0x4f9dc2229f2357b27c22db56cb39582c854ad6d5,5182,0x068185e6006bfba89ce247248addbfb4ca96f2dc,0.0,0.0,387.119151,0,1,1710692915
2024-03-14,0x4f9dc2229f2357b27c22db56cb39582c854ad6d5,6007,0xa93ff05d277d896d10a4172c2dc19d70730e8bdc,356.284322,356.284322,0.0,1,0,1710796685
2024-03-14,0x4f9dc2229f2357b27c22db56cb39582c854ad6d5,6093,0xd892f1cac31704c0f4fe586d142238e933945be5,177.193448,177.193448,77.992323,1,1,1710784835
2024-03-14,0x4f9dc2229f2357b27c22db56cb39582c854ad6d5,6134,0xee13abef092475bd997ec58588ecb01f009c9f7a,353.454084,353.454084,0.0,1,0,1710692049
2024-03-14,0x4f9dc2229f2357b27c22db56cb39582c854ad6d5,6569,0xdfcfa08f40e84ba07056f4340a06b3282eb895fe,0.0,0.0,693.858149,0,1,1710446901
2024-03-14,0x4f9dc2229f2357b27c22db56cb39582c854ad6d5,6689,0x885a8bd0aed00e5a042e7bb788fa56c9e0fee5a4,80.589806,80.589806,0.0,1,0,1710720275
2024-03-14,0x4f9dc2229f2357b27c22db56cb39582c854ad6d5,7169,0x80039dc3d5bb48ec4bd822c4e8828574fdcc51a6,0.0,0.0,177.029042,0,1,1710405671
2024-03-14,0x4f9dc2229f2357b27c22db56cb39582c854ad6d5,7857,0x4886ba5d2b3e0ae1e80172d3bddc4feb32e1ce26,1.743442,1.743442,4.258749,1,1,1710822803
2024-03-14,0x4f9dc2229f2357b27c22db56cb39582c854ad6d5,7979,0x529656620d914443405a55ec42ad0eaeaf0b4a2c,212433.270905,212433.270905,0.0,1,0,1710920877
2024-03-14,0x4f9dc2229f2357b27c22db56cb39582c854ad6d5,8852,0x6adabc8287a814b21a67e2b5811ed19ae708872f,2802.329184,2802.329184,0.0,1,0,1710688085
2024-03-14,0x4f9dc2229f2357b27c22db56cb39582c854ad6d5,9360,0x5b3067c5e26fec823d6fbf8f315e43632658d2f6,3952.230356,3952.230356,3952.230356,1,1,1710917265
2024-03-14,0x4f9dc2229f2357b27c22db56cb39582c854ad6d5,10294,0x48a6a8d403a58eccc70d4d57347f801d4e182564,7200577.727807,7200577.727807,0.0,1,0,1710962043
2024-03-14,0x4f9dc2229f2357b27c22db56cb39582c854ad6d5,10295,0xc875b3dae5b0c371bc8cf9ded64868b78ac47587,0.0,0.0,126533.13373,0,1,1710977963
2024-03-14,0x4f9dc2229f2357b27c22db56cb39582c854ad6d5,10296,0x03c70563e94de5de56c11a0cc4ce3482f592854f,0.0,0.0,315463.137574,0,1,1710977765
2024-03-14,0x4f9dc2229f2357b27c22db56cb39582c854ad6d5,10298,0xc9814f18a8751214f719de15c54d01b3d78ef14f,0.0,9908088.678705,9966818.689191,169,170,1710977733
2024-03-14,0x4f9dc2229f2357b27c22db56cb39582c854ad6d5,10474,0x505f69dbcc43a51d7ef1c2201f54ee116c45b20b,312176.484199,312176.484199,0.0,1,0,1710961189
2024-03-14,0x4f9dc2229f2357b27c22db56cb39582c854ad6d5,10647,0x712180063c3b8aaedabc68e73803c3e299614749,62657.530443,62657.530443,0.0,1,0,1710726511
2024-03-14,0x4f9dc2229f2357b27c22db56cb39582c854ad6d5,10654,0x6e98386f1951e6f997691c4a3bfa27126a7f9041,24993.62022,24993.62022,0.0,1,0,1710727011
2024-03-14,0x4f9dc2229f2357b27c22db56cb39582c854ad6d5,11107,0x9445e93057f3f5e3452ce50fc867b22a48b4d82a,1636.667522,1636.667522,1339.814776,1,1,1710920219
2024-03-14,0x4f9dc2229f2357b27c22db56cb39582c854ad6d5,13345,0x499e194d7a106ac1305ed4f96c6ceaaff650462d,46.498619,46.498619,0.0,1,0,1710689523
2024-03-14,0x4f9dc2229f2357b27c22db56cb39582c854ad6d5,13400,0x458f31e446c5ac173833030474a1f81cc43b654b,14.239698,14.239698,0.0,1,0,1710744529
2024-03-14,0x4f9dc2229f2357b27c22db56cb39582c854ad6d5,13483,0x3acbc3038505d0809fddef5e6d632435ee498f4c,122.144454,122.144454,0.0,1,0,1710865349
2024-03-14,0x4f9dc2229f2357b27c22db56cb39582c854ad6d5,13633,0x3acbc3038505d0809fddef5e6d632435ee498f4c,39.77865,39.77865,0.0,1,0,1710889481
2024-03-14,0x511acd5b66831021e8ef1275fc1d788852be21fc,1933,0x5d643f55b82e89f394c4a688ed6b91eb1d88e931,0.0,0.0,4454.606156,0,1,1710618747
2024-03-14,0x554eca2a48136724294ce47fb7bfe9aadfcee3c6,496,0x2b11807dbfc49bd0e21c5ace44d7a2191d992421,0.0,0.0,50170.286302,0,1,1710499687
2024-03-14,0x554eca2a48136724294ce47fb7bfe9aadfcee3c6,1285,0x081223c2cea1d7288f42276cc519346019b3c479,0.0,0.0,9784.13335,0,1,1710763449
2024-03-14,0x554eca2a48136724294ce47fb7bfe9aadfcee3c6,2069,0x97a0e5872b47f31321fcaed57d293058bfa9c338,4192.908684,4192.908684,4070.176911,1,1,1710710897
2024-03-14,0x554eca2a48136724294ce47fb7bfe9aadfcee3c6,2199,0x52dcc21458b8e79d6fd3a7de51d322a602397bbe,0.0,0.0,3775.598905,0,1,1710833549
2024-03-14,0x554eca2a48136724294ce47fb7bfe9aadfcee3c6,2322,0x487c6480c33f32435f99cfa4b1e09c0d4e4165f7,0.0,0.0,3610.133974,0,1,1710378579
2024-03-14,0x554eca2a48136724294ce47fb7bfe9aadfcee3c6,2632,0x5449f6df38d7d6f2fb8ccea1f3f9f87418e8a174,1089.314125,1089.314125,1087.467044,1,1,1710496143
2024-03-14,0x554eca2a48136724294ce47fb7bfe9aadfcee3c6,4175,0x72009d5cedfb1173cf459d03eabea86cbf0e8e6e,0.0,0.0,686.956759,0,1,1710407783
2024-03-14,0x554eca2a48136724294ce47fb7bfe9aadfcee3c6,5420,0x29128e764a3959204bcab02b315ae22e7d1d7bba,0.0,0.0,3.754021,0,1,1710386405
2024-03-14,0x554eca2a48136724294ce47fb7bfe9aadfcee3c6,5437,0x0a3234a2f7e0026364a6fa61b286c8b107e2cd3c,0.0,0.0,3.745897,0,1,1710386455
2024-03-14,0x554eca2a48136724294ce47fb7bfe9aadfcee3c6,6570,0xe7548e35ed9cb5ff77dc62d605af2c6c8a89c3fd,0.0,0.0,16.623914,0,1,1710496547
2024-03-14,0x554eca2a48136724294ce47fb7bfe9aadfcee3c6,6936,0xfddee88c50537ecbf1532cbb29aa9f247a969bbb,0.0,0.0,9.15546,0,1,1710825865
2024-03-14,0x554eca2a48136724294ce47fb7bfe9aadfcee3c6,6960,0x95f4d2a19d63725710559b23bc918791795f402c,0.0,0.0,10.000226,0,1,1710758469
2024-03-14,0x554eca2a48136724294ce47fb7bfe9aadfcee3c6,7200,0x081223c2cea1d7288f42276cc519346019b3c479,0.0,0.0,508.513939,0,1,1710763461
2024-03-14,0x554eca2a48136724294ce47fb7bfe9aadfcee3c6,7997,0x41117551e82bc1eeb196150c4f476158f7757aee,0.0,0.0,4.153945,0,1,1710836313
2024-03-14,0x56ea567efcf632e3427d84e3d70c7de24377afb8,2276,0x53a385d47d3a011539ec377f53acb410f53ff97d,527.023415,527.023415,0.0,1,0,1710974991
2024-03-14,0x56ea567efcf632e3427d84e3d70c7de24377afb8,3314,0x7d6aff9f85ef8802a1492189e8021b085c6b37f7,79.498603,79.498603,0.0,1,0,1710940189
2024-03-14,0x56ea567efcf632e3427d84e3d70c7de24377afb8,4414,0x39afe2176de832be2a5164e5fc91e27d1355c88d,569.21511,569.21511,0.0,1,0,1710974999
2024-03-14,0x56ea567efcf632e3427d84e3d70c7de24377afb8,7122,0x011b0a055e02425461a1ae95b30f483c4ff05be7,525.414148,525.414148,0.0,1,0,1710974075
2024-03-14,0x56ea567efcf632e3427d84e3d70c7de24377afb8,12444,0xde556dd8c552429758b4915fd2323d2075e30bf0,90.586575,90.586575,0.0,1,0,1710801175
2024-03-14,0x5a5fb78963938b4855bf257b186e1c4dafc9f482,2276,0x53a385d47d3a011539ec377f53acb410f53ff97d,527.023415,527.023415,0.0,1,0,1710974991
2024-03-14,0x5a5fb78963938b4855bf257b186e1c4dafc9f482,7122,0x011b0a055e02425461a1ae95b30f483c4ff05be7,262.707074,262.707074,0.0,1,0,1710974075
2024-03-14,0x5a5fb78963938b4855bf257b186e1c4dafc9f482,13676,0x6a74649acfd7822ae8fb78463a9f2192752e5aa2,53.339879,53.339879,0.0,1,0,1710946957
2024-03-14,0x5bfb340fa9305abb164fb0248d0d82fc3d82c3bb,24,0x208a17c5fabe5b90282e5906945ff335e39326c4,0.0,0.0,18742.607868,0,1,1710956157
2024-03-14,0x5bfb340fa9305abb164fb0248d0d82fc3d82c3bb,105,0x208a17c5fabe5b90282e5906945ff335e39326c4,0.0,0.0,53092.677296,0,1,1710956111
2024-03-14,0x5bfb340fa9305abb164fb0248d0d82fc3d82c3bb,475,0xda1d9534bef3344fa5be3b644b767b349e7415c7,0.0,0.0,6569.56408,0,1,1710975049
2024-03-14,0x5bfb340fa9305abb164fb0248d0d82fc3d82c3bb,568,0xfd9ce79fd7f62ca88ace958cd2716f4cce25e2df,0.0,0.0,19459.418385,0,1,1710395101
2024-03-14,0x5bfb340fa9305abb164fb0248d0d82fc3d82c3bb,642,0xf1b0e78a2bc422df50ec9ee4c324895c9b79f80a,0.0,0.0,42687.964071,0,1,1710848353
2024-03-14,0x5bfb340fa9305abb164fb0248d0d82fc3d82c3bb,808,0x5f338dd3c5ba4e5368a6139b81e1c120ccb2567d,0.0,0.0,23128.534287,0,1,1710968841
2024-03-14,0x5bfb340fa9305abb164fb0248d0d82fc3d82c3bb,931,0xfcbb477ec276476b6029ed0467f28f5ac1712884,0.0,0.0,4315.646756,0,1,1710972563
2024-03-14,0x5bfb340fa9305abb164fb0248d0d82fc3d82c3bb,1295,0x4334703b0b74e2045926f82f4158a103fce1df4f,0.0,0.0,9680.489506,0,1,1710767949
2024-03-14,0x5bfb340fa9305abb164fb0248d0d82fc3d82c3bb,1409,0x29e78e2438e589a0054d45b8a5f6c2eeee9a68df,0.0,0.0,8298.819346,0,1,1710644727
2024-03-14,0x5bfb340fa9305abb164fb0248d0d82fc3d82c3bb,1619,0x848ac158d4af8a753227ad4e955a6ea3b0cbf480,0.0,0.0,6536.210693,0,1,1710918709
2024-03-14,0x5bfb340fa9305abb164fb0248d0d82fc3d82c3bb,1722,0xc00a6614b8030ce216302016e11c6b4140b5e499,0.0,0.0,5864.533453,0,1,1710973241
2024-03-14,0x5bfb340fa9305abb164fb0248d0d82fc3d82c3bb,1940,0x86a8b6a2d5a201ab8afe8e8b97b777a6c92b5790,4556.557964,4556.557964,2278.278982,1,1,1710975271
2024-03-14,0x5bfb340fa9305abb164fb0248d0d82fc3d82c3bb,1988,0x4f69c39fe8e37b0b4d9b439a05f89c25f2c658d3,0.0,0.0,4269.38878,0,1,1710398013
2024-03-14,0x5bfb340fa9305abb164fb0248d0d82fc3d82c3bb,2268,0x823b8c5fa9d5b19649434dda4ee042ba94e7159e,0.0,0.0,3288.366115,0,1,1710966585
2024-03-14,0x5bfb340fa9305abb164fb0248d0d82fc3d82c3bb,2636,0x50258a2ae0b3065754936828cd7814731c6fc008,0.0,0.0,1522.569921,0,1,1710894953
2024-03-14,0x5bfb340fa9305abb164fb0248d0d82fc3d82c3bb,2684,0x2d6b114c77f3355f204c37f657c680157e85dfa5,0.0,0.0,1526.886983,0,1,1710397785
2024-03-14,0x5bfb340fa9305abb164fb0248d0d82fc3d82c3bb,4007,0x04240b04687d301ad728d0d98340043c674db333,0.0,0.0,812.521041,0,1,1710939519
2024-03-14,0x5bfb340fa9305abb164fb0248d0d82fc3d82c3bb,5282,0x529656620d914443405a55ec42ad0eaeaf0b4a2c,0.0,0.0,382.27425,0,1,1710425429
2024-03-14,0x5bfb340fa9305abb164fb0248d0d82fc3d82c3bb,5457,0x8db7a537d8478df3c6d95ff33b4270342862957f,0.0,0.0,87.488982,0,1,1710486579
2024-03-14,0x5bfb340fa9305abb164fb0248d0d82fc3d82c3bb,5587,0x1b49144f6e4c41ee7ed030cf93b185cbbbbc7f0e,0.0,0.0,1263.560456,0,1,1710441633
2024-03-14,0x5bfb340fa9305abb164fb0248d0d82fc3d82c3bb,6607,0xbd54cabe09e6d0c0f2a306d918f1dc669af7a412,0.0,0.0,241.797389,0,1,1710413067
2024-03-14,0x5bfb340fa9305abb164fb0248d0d82fc3d82c3bb,7055,0x097d4adb9841067434cc34951b35d0989126e125,0.0,231.143801,462.287601,1,2,1710382733
2024-03-14,0x5bfb340fa9305abb164fb0248d0d82fc3d82c3bb,7857,0x4886ba5d2b3e0ae1e80172d3bddc4feb32e1ce26,1.680911,1.680911,4.106003,1,1,1710822803
2024-03-14,0x5bfb340fa9305abb164fb0248d0d82fc3d82c3bb,8524,0x23d7c2fb9f163441874d72399b28d677f47020b0,0.0,0.0,32029.948673,0,1,1710955913
2024-03-14,0x5bfb340fa9305abb164fb0248d0d82fc3d82c3bb,10065,0xfb176697fe881af351fa450d85e730018bc36f68,0.0,0.0,59668.546798,0,1,1710479647
2024-03-14,0x5bfb340fa9305abb164fb0248d0d82fc3d82c3bb,10114,0xf84eb813483163a85a4109723d3947c60684adeb,0.0,0.0,897.338731,0,1,1710381431
2024-03-14,0x5bfb340fa9305abb164fb0248d0d82fc3d82c3bb,10431,0xfb176697fe881af351fa450d85e730018bc36f68,0.0,0.0,11474.668252,0,1,1710479665
2024-03-14,0x5bfb340fa9305abb164fb0248d0d82fc3d82c3bb,10590,0x5080f8d8f4433eab4fede63302266ea3a7c0f6d3,0.0,0.0,1255.344314,0,1,1710403705
2024-03-14,0x5bfb340fa9305abb164fb0248d0d82fc3d82c3bb,11232,0x728d66a885376d1ddf0809f4254085f171b157bd,0.0,0.0,28089.478403,0,1,1710384425
2024-03-14,0x5bfb340fa9305abb164fb0248d0d82fc3d82c3bb,12303,0x0b0811d3d8342063db74b45a4344cdbee6389bdb,0.0,0.0,1.003516,0,1,1710645871
2024-03-14,0x5e14319d52c9c18a04bfbbe12dd3a0fe3c1a816a,24,0x208a17c5fabe5b90282e5906945ff335e39326c4,0.0,0.0,46856.51967,0,1,1710956157
2024-03-14,0x5e14319d52c9c18a04bfbbe12dd3a0fe3c1a816a,47,0x011b0a055e02425461a1ae95b30f483c4ff05be7,13383.842201,13383.842201,80834.94584,1,1,1710974017
2024-03-14,0x5e14319d52c9c18a04bfbbe12dd3a0fe3c1a816a,51,0x0f228805c03a693aa964a791e0b2e2c6e6c6513f,0.0,0.0,59094.319308,0,1,1710968507
2024-03-14,0x5e14319d52c9c18a04bfbbe12dd3a0fe3c1a816a,55,0x285fed35cbea271a711681e84ffd83c68a596a75,0.0,0.0,22817.027254,0,1,1710965869
2024-03-14,0x5e14319d52c9c18a04bfbbe12dd3a0fe3c1a816a,67,0x8ce17ff2c7376e9adfe9c63c47a801097fa6c525,0.0,0.0,110983.450476,0,1,1710973841
2024-03-14,0x5e14319d52c9c18a04bfbbe12dd3a0fe3c1a816a,105,0x208a17c5fabe5b90282e5906945ff335e39326c4,0.0,0.0,132731.693241,0,1,1710956111
2024-03-14,0x5e14319d52c9c18a04bfbbe12dd3a0fe3c1a816a,118,0x4ccfeb186c61217f05d8756314c600089b27a1c3,62978.034088,62978.034088,0.0,1,0,1710975207
2024-03-14,0x5e14319d52c9c18a04bfbbe12dd3a0fe3c1a816a,165,0x54ecb3397b0bf31cb0b81eb2444e2a7b32507d8b,0.0,0.0,39782.930183,0,1,1710959895
2024-03-14,0x5e14319d52c9c18a04bfbbe12dd3a0fe3c1a816a,204,0x3aee7d5600c29ee7e4482c810746081313460738,87665.905913,87665.905913,67957.31662,1,1,1710974241
2024-03-14,0x5e14319d52c9c18a04bfbbe12dd3a0fe3c1a816a,376,0xff53e3a27b7252148e0f1daf4a00261eee59177f,28931.13068,28931.13068,18081.956675,1,1,1710975187
2024-03-14,0x5e14319d52c9c18a04bfbbe12dd3a0fe3c1a816a,387,0x314c0695273ba259bb60074f2c92c67ac7ae6d40,0.0,0.0,106794.44458,0,1,1710962697
2024-03-14,0x5e14319d52c9c18a04bfbbe12dd3a0fe3c1a816a,505,0x6b6ca48da27304eeeb1d15d355d948f68b852733,43027.102282,43027.102282,0.0,1,0,1710974977
2024-03-14,0x5e14319d52c9c18a04bfbbe12dd3a0fe3c1a816a,553,0xdaa070d909e010211606144ede5b2ca6864c2c1c,13082.96249,13082.96249,12979.327844,1,1,1710443195
2024-03-14,0x5e14319d52c9c18a04bfbbe12dd3a0fe3c1a816a,561,0x13cf222f836693b1406725fffc147294a06dd2b2,0.0,0.0,9825.271558,0,1,1710381315
2024-03-14,0x5e14319d52c9c18a04bfbbe12dd3a0fe3c1a816a,615,0xebfced2b9ca169d2ca566e1f72a75a9b6cc9291d,0.0,0.0,35788.280293,0,1,1710964799
2024-03-14,0x5e14319d52c9c18a04bfbbe12dd3a0fe3c1a816a,712,0xd565b4ce530a9720db5d030044acada55318c749,0.0,0.0,13800.59879,0,1,1710972587
2024-03-14,0x5e14319d52c9c18a04bfbbe12dd3a0fe3c1a816a,764,0xdbd5d31b7f48adc13a0ab0c591f7e3d4f9642e69,0.0,0.0,6147.146031,0,1,1710958673
2024-03-14,0x5e14319d52c9c18a04bfbbe12dd3a0fe3c1a816a,1117,0xe684dc05c16851c65edb5d9fc3b11bce4f427eb2,0.0,0.0,12799.756296,0,1,1710935609
2024-03-14,0x5e14319d52c9c18a04bfbbe12dd3a0fe3c1a816a,1321,0x42fcdf3b9597e46121b194c7911faf0ab2f6ea43,0.0,0.0,9067.133905,0,1,1710970185
2024-03-14,0x5e14319d52c9c18a04bfbbe12dd3a0fe3c1a816a,1430,0xfb07d2bdef2deb1ebec001644b4732ab77281c7a,0.0,0.0,5342.509544,0,1,1710959807
2024-03-14,0x5e14319d52c9c18a04bfbbe12dd3a0fe3c1a816a,1878,0x952815ea349a0c10db5d854a16a27d768e85053e,0.0,0.0,4869.886703,0,1,1710967573
2024-03-14,0x5e14319d52c9c18a04bfbbe12dd3a0fe3c1a816a,2011,0xe116d5f4ccd817e93a4827b4b1166fb3fa61bec5,0.0,0.0,4343.07168,0,1,1710734175
2024-03-14,0x5e14319d52c9c18a04bfbbe12dd3a0fe3c1a816a,2174,0xcf58445788527655c17f7cae55ca86231a340cd2,0.0,0.0,1972.719506,0,1,1710970725
2024-03-14,0x5e14319d52c9c18a04bfbbe12dd3a0fe3c1a816a,2390,0xc5c91bb73154f4db6f6e2b4d154635de1748f435,3494.951717,3494.951717,0.0,1,0,1710974631
2024-03-14,0x5e14319d52c9c18a04bfbbe12dd3a0fe3c1a816a,2831,0x23d3c0d5e8226f18bf58bb3c68b149b3d7385936,0.0,0.0,2447.658164,0,1,1710970267
2024-03-14,0x5e14319d52c9c18a04bfbbe12dd3a0fe3c1a816a,4099,0x23184d3ae7de5609bb57eaec707d9be0b17408a6,765.794406,765.794406,0.0,1,0,1710974379
2024-03-14,0x5e14319d52c9c18a04bfbbe12dd3a0fe3c1a816a,4447,0x540d1cc67d61c54b6830c853d5fb79f43543eaaa,550.402406,550.402406,0.0,1,0,1710452025
2024-03-14,0x5e14319d52c9c18a04bfbbe12dd3a0fe3c1a816a,5719,0x0e9e11fe0f6e6abbe12ba1d099dcf27b1c4b473b,542.466494,542.466494,0.0,1,0,1710975041
2024-03-14,0x5e14319d52c9c18a04bfbbe12dd3a0fe3c1a816a,6418,0xdbd5d31b7f48adc13a0ab0c591f7e3d4f9642e69,0.0,0.0,12490.678654,0,1,1710958513
2024-03-14,0x5e14319d52c9c18a04bfbbe12dd3a0fe3c1a816a,7056,0xe3abfa7745b463bde635ffd59456f4792b556e0e,0.0,0.0,26711.912762,0,1,1710970963
2024-03-14,0x5e14319d52c9c18a04bfbbe12dd3a0fe3c1a816a,7121,0x011b0a055e02425461a1ae95b30f483c4ff05be7,0.0,0.0,22733.034459,0,1,1710974045
2024-03-14,0x5e14319d52c9c18a04bfbbe12dd3a0fe3c1a816a,8375,0x314c0695273ba259bb60074f2c92c67ac7ae6d40,0.0,0.0,8142.713506,0,1,1710962711
2024-03-14,0x5e14319d52c9c18a04bfbbe12dd3a0fe3c1a816a,8389,0x4ccfeb186c61217f05d8756314c600089b27a1c3,4585.448662,4585.448662,0.0,1,0,1710974633
2024-03-14,0x5e14319d52c9c18a04bfbbe12dd3a0fe3c1a816a,8942,0x72d320a6f03249bd60fb3f1a0ca95daecbd9ca61,17.440517,17.440517,17.702367,1,1,1710477197
2024-03-14,0x5e14319d52c9c18a04bfbbe12dd3a0fe3c1a816a,11727,0x1cf8423299241f155716eb19d0ca65bea4353f03,0.0,0.0,3441.151204,0,1,1710937907
2024-03-14,0x5e14319d52c9c18a04bfbbe12dd3a0fe3c1a816a,12303,0x0b0811d3d8342063db74b45a4344cdbee6389bdb,0.0,0.0,2.007031,0,1,1710645871
2024-03-14,0x5f43555b02507133ecd5b78218283ed849b07eac,377,0xdfab977372a039e78839687b8c359465f0f17532,0.0,0.0,73914.681399,0,1,1710404837
2024-03-14,0x5f43555b02507133ecd5b78218283ed849b07eac,1641,0x6dbf2926bf047f1ce0a0073dbd53c2654775ab79,0.0,0.0,3132.779762,0,1,1710390791
2024-03-14,0x5f43555b02507133ecd5b78218283ed849b07eac,3791,0x641a5a81048ef74a5b891b7ce1c7db29ebebe234,0.0,0.0,1010.554814,0,1,1710588843
2024-03-14,0x5f43555b02507133ecd5b78218283ed849b07eac,5347,0x6aefa01456ffbe8b69633e46e4b7e36a7ca4b29e,0.0,0.0,94.721032,0,1,1710879641
2024-03-14,0x5f43555b02507133ecd5b78218283ed849b07eac,7714,0xcba1a275e2d858ecffaf7a87f606f74b719a8a93,0.0,0.0,195.867639,0,1,1710974047
2024-03-14,0x5f43555b02507133ecd5b78218283ed849b07eac,7997,0x41117551e82bc1eeb196150c4f476158f7757aee,0.0,0.0,2.076972,0,1,1710836313
2024-03-14,0x5f45e48f9c053286ce9ca08db897f8b7eb3f7992,1566,0x24bf21c742791848cb37d228afad72a5a273b181,0.0,0.0,6802.169681,0,1,1710870065
2024-03-14,0x5f45e48f9c053286ce9ca08db897f8b7eb3f7992,5420,0x29128e764a3959204bcab02b315ae22e7d1d7bba,0.0,0.0,371.648118,0,1,1710386405
2024-03-14,0x5f45e48f9c053286ce9ca08db897f8b7eb3f7992,5437,0x0a3234a2f7e0026364a6fa61b286c8b107e2cd3c,0.0,0.0,370.843839,0,1,1710386455
2024-03-14,0x5f45e48f9c053286ce9ca08db897f8b7eb3f7992,6237,0xb7a464b8ca65df23f60c5bb51d9bd8f648d810e9,0.0,0.0,351.425403,0,1,1710405367
2024-03-14,0x607363389331f4b2d1b955d009506a67c565d75e,5911,0x0022251ccfb51d0c77218dd1c1bac68df7ca8098,0.0,0.0,359.504433,0,1,1710830821
2024-03-14,0x61366a4e6b1db1b85dd701f2f4bfa275ef271197,33,0x8aa63a11835bf0139e41859540f0c7161a92c7b1,128882.698385,128882.698385,0.0,1,0,1710951103
2024-03-14,0x61366a4e6b1db1b85dd701f2f4bfa275ef271197,45,0x8d82d851e220c5e20ed85340e8e290018c6e59f7,3801.804117,3801.804117,3795.970311,1,1,1710963451
2024-03-14,0x61366a4e6b1db1b85dd701f2f4bfa275ef271197,47,0x011b0a055e02425461a1ae95b30f483c4ff05be7,3258965.5759,3258965.5759,352066.251717,1,1,1710974017
2024-03-14,0x61366a4e6b1db1b85dd701f2f4bfa275ef271197,50,0xdeded3860fb19525ac4594ae888a9c556a42a0a6,3047078.422985,3047078.422985,0.0,1,0,1710947671
2024-03-14,0x61366a4e6b1db1b85dd701f2f4bfa275ef271197,52,0x28878aec6b4209d90a40890183e3322f0ae5b2e2,415704.70629,415704.70629,276666.548212,1,1,1710967279
2024-03-14,0x61366a4e6b1db1b85dd701f2f4bfa275ef271197,53,0x1594b251df6b70ca9a01d4de0836ab4fd9811241,999496.835384,999496.835384,623626.282694,1,1,1710971817
2024-03-14,0x61366a4e6b1db1b85dd701f2f4bfa275ef271197,54,0xf265702178a66b4b7ce079fc8a1629e47cf1bcde,711238.111503,711238.111503,0.0,1,0,1710974843
2024-03-14,0x61366a4e6b1db1b85dd701f2f4bfa275ef271197,55,0x285fed35cbea271a711681e84ffd83c68a596a75,1099082.487492,1099082.487492,0.0,1,0,1710965869
2024-03-14,0x61366a4e6b1db1b85dd701f2f4bfa275ef271197,56,0x48a5a6a01ba89cddf97d2d552923d5a11401ed19,815889.439574,815889.439574,848443.737353,1,1,1710975177
2024-03-14,0x61366a4e6b1db1b85dd701f2f4bfa275ef271197,57,0x72d4d59f31d0cb4a4213a5dc81fc0108241ecc71,263914.262349,263914.262349,0.0,1,0,1710962531
2024-03-14,0x61366a4e6b1db1b85dd701f2f4bfa275ef271197,58,0x61d4ac515b82d1ec2f021e63b17519683ac1cabd,2085328.569572,2085328.569572,0.0,1,0,1710974495
2024-03-14,0x61366a4e6b1db1b85dd701f2f4bfa275ef271197,59,0xa3cbd0c67dee5142209ff0cf155bc2bc51acf180,1964808.870751,1964808.870751,0.0,1,0,1710974741
2024-03-14,0x61366a4e6b1db1b85dd701f2f4bfa275ef271197,60,0xc03282d46293499cdd8914a7bb7d78f793e70a5a,1744312.64287,1744312.64287,0.0,1,0,1710950917
2024-03-14,0x61366a4e6b1db1b85dd701f2f4bfa275ef271197,62,0xdbd5d31b7f48adc13a0ab0c591f7e3d4f9642e69,195043.172809,195043.172809,324520.750889,1,1,1710959895
2024-03-14,0x61366a4e6b1db1b85dd701f2f4bfa275ef271197,63,0x0172e05392aba65366c4dbbb70d958bbf43304e4,1415212.397987,1415212.397987,0.0,1,0,1710969929
2024-03-14,0x61366a4e6b1db1b85dd701f2f4bfa275ef271197,66,0xb21dfcf420cc7536c7ef5652ee8018741f17f017,1218284.755141,1218284.755141,0.0,1,0,1710944321
2024-03-14,0x61366a4e6b1db1b85dd701f2f4bfa275ef271197,67,0x8ce17ff2c7376e9adfe9c63c47a801097fa6c525,111171.957679,111171.957679,0.0,1,0,1710973841
2024-03-14,0x61366a4e6b1db1b85dd701f2f4bfa275ef271197,69,0xd0e72c1b2eb87e3dc0445b7f689cadcfc872b293,1167235.38855,1167235.38855,0.0,1,0,1710933409
2024-03-14,0x61366a4e6b1db1b85dd701f2f4bfa275ef271197,71,0x2c84278aa407886b277bbd96ccf3c0e31a3f8ffd,1000382.80613,1000382.80613,0.0,1,0,1710975493
2024-03-14,0x61366a4e6b1db1b85dd701f2f4bfa275ef271197,77,0x03da151f75b533177f020b925d7c43f4081ef3c8,0.0,0.0,219629.06308,0,1,1710975329
2024-03-14,0x61366a4e6b1db1b85dd701f2f4bfa275ef271197,89,0x4dacd010e15e220bc6c5c3210d166505d2b6c63a,657265.400969,657265.400969,0.0,1,0,1710923549
2024-03-14,0x61366a4e6b1db1b85dd701f2f4bfa275ef271197,91,0x423a66a3ce61eaa3bcd922c4d71b781e01d746f0,326351.774003,326351.774003,0.0,1,0,1710972113
2024-03-14,0x61366a4e6b1db1b85dd701f2f4bfa275ef271197,93,0x0291eb432cb4a2613a7415018933e3db45bcd769,524351.219357,524351.219357,0.0,1,0,1710964375
2024-03-14,0x61366a4e6b1db1b85dd701f2f4bfa275ef271197,99,0xa48cd684ded1eee3de13e052bbdcfed59558a1ca,165119.094414,165119.094414,0.0,1,0,1710929267
2024-03-14,0x61366a4e6b1db1b85dd701f2f4bfa275ef271197,100,0x133d93566f9699b3af46fe150daa8a67a9563ed6,0.0,0.0,597241.004989,0,1,1710889557
2024-03-14,0x61366a4e6b1db1b85dd701f2f4bfa275ef271197,102,0x8f8b4759dc93ca55bd6997df719f20f581f10f5c,560324.251093,560324.251093,0.0,1,0,1710973243
2024-03-14,0x61366a4e6b1db1b85dd701f2f4bfa275ef271197,107,0x662569b2117ca3e8017085c4f507676b3f34e1a7,258154.875695,258154.875695,0.0,1,0,1710965433
2024-03-14,0x61366a4e6b1db1b85dd701f2f4bfa275ef271197,108,0x342f3002bb6f77441dfa40480ebb169d6912b464,0.0,0.0,509549.752199,0,1,1710719199
2024-03-14,0x61366a4e6b1db1b85dd701f2f4bfa275ef271197,112,0x5c965d2f24e8fc49146575b039fbda4033d3cf94,0.0,0.0,710254.078513,0,1,1710947903
2024-03-14,0x61366a4e6b1db1b85dd701f2f4bfa275ef271197,113,0xfa9e221a7af006531a816e98792a3e4b22a01461,97217.952992,97217.952992,0.0,1,0,1710948815
2024-03-14,0x61366a4e6b1db1b85dd701f2f4bfa275ef271197,114,0x611b0c1ed942b833c786c53883a4aa37a25602a6,119795.809461,119795.809461,95674.143475,1,1,1710940449
2024-03-14,0x61366a4e6b1db1b85dd701f2f4bfa275ef271197,116,0x0aad9ea1468e2d39d4c1492e66fccbebd3c93f6c,481661.95847,481661.95847,0.0,1,0,1710959777
2024-03-14,0x61366a4e6b1db1b85dd701f2f4bfa275ef271197,124,0x5d6f3d0c92d0564151357b0863e55e9ed4631b8d,444098.090446,444098.090446,88523.312704,1,1,1710970541
2024-03-14,0x61366a4e6b1db1b85dd701f2f4bfa275ef271197,126,0xf5a93410e7e32bbf28a8eaafbd7f241cf0b290fb,0.0,0.0,426517.395471,0,1,1710972003
2024-03-14,0x61366a4e6b1db1b85dd701f2f4bfa275ef271197,128,0x193578944fb0a0d31508f889528e9c345d90961b,242389.734389,242389.734389,121582.775862,1,1,1710935721
2024-03-14,0x61366a4e6b1db1b85dd701f2f4bfa275ef271197,131,0x9f0f8f07ec71a6435f1574ec022e98b5445d4988,410514.571448,410514.571448,0.0,1,0,1710943441
2024-03-14,0x61366a4e6b1db1b85dd701f2f4bfa275ef271197,134,0xd87ecc6c74f486b044824a222326a96f696fcfa2,394273.06581,394273.06581,0.0,1,0,1710955147
2024-03-14,0x61366a4e6b1db1b85dd701f2f4bfa275ef271197,135,0x166c794d890dd91bbe71f304eca660e1c4892cbb,387020.422227,387020.422227,0.0,1,0,1710954435
2024-03-14,0x61366a4e6b1db1b85dd701f2f4bfa275ef271197,136,0x12c58f57177b8d5832f60cfa690770c19ac9da19,365215.468774,365215.468774,0.0,1,0,1710966035
2024-03-14,0x61366a4e6b1db1b85dd701f2f4bfa275ef271197,137,0xa4b6eeeb7eba0fc360a7402f2ebe90c178115e91,0.0,0.0,406392.534921,0,1,1710948663
2024-03-14,0x61366a4e6b1db1b85dd701f2f4bfa275ef271197,139,0xa04275c10f39e8675a34e147e2ef78d35129f2b6,262180.316692,262180.316692,0.0,1,0,1710975293
2024-03-14,0x61366a4e6b1db1b85dd701f2f4bfa275ef271197,140,0x873d59965b2c97ecd536be8438153db432597b9d,279634.341331,279634.341331,0.0,1,0,1710975087
2024-03-14,0x61366a4e6b1db1b85dd701f2f4bfa275ef271197,142,0x6662304e3198c8d54530fbdf02a869fa84537639,363435.766926,363435.766926,362819.512063,1,1,1710974169
2024-03-14,0x61366a4e6b1db1b85dd701f2f4bfa275ef271197,147,0xe3f0254b09aec48ffa46f9eee5a3bc7a8e510e6d,0.0,0.0,85450.665585,0,1,1710894223
2024-03-14,0x61366a4e6b1db1b85dd701f2f4bfa275ef271197,148,0x6580bcc99af557e277cae063d7308cdbd59bf7b3,0.0,0.0,341437.450039,0,1,1710939603
2024-03-14,0x61366a4e6b1db1b85dd701f2f4bfa275ef271197,151,0x5275817b74021e97c980e95ede6bbac0d0d6f3a2,84400.955144,84400.955144,0.0,1,0,1710968779
2024-03-14,0x61366a4e6b1db1b85dd701f2f4bfa275ef271197,152,0x3eb5d4e874f5a9228f291486329e3e935cac468c,319983.339275,319983.339275,0.0,1,0,1710965115
2024-03-14,0x61366a4e6b1db1b85dd701f2f4bfa275ef271197,153,0x0f45156f109e474295913d78036fa213b1745d5a,309025.079701,309025.079701,0.0,1,0,1710954685
2024-03-14,0x61366a4e6b1db1b85dd701f2f4bfa275ef271197,154,0xaca3b4110403f3c4dacb35a7b3aa0a84efb6a3e9,305066.666558,305066.666558,304549.384458,1,1,1710973093
2024-03-14,0x61366a4e6b1db1b85dd701f2f4bfa275ef271197,155,0x8371ec1d9b31899e8a7574f43a7864f395c80d00,701001.350307,701001.350307,0.0,1,0,1710972367
2024-03-14,0x61366a4e6b1db1b85dd701f2f4bfa275ef271197,156,0xb0a4e99371dfb0734f002ae274933b4888f618ef,300158.84196,300158.84196,0.0,1,0,1710951055
2024-03-14,0x61366a4e6b1db1b85dd701f2f4bfa275ef271197,158,0xd3f179ba57411ad5d2ddb5f334215cdfba134d20,74205.325667,74205.325667,0.0,1,0,1710975281
2024-03-14,0x61366a4e6b1db1b85dd701f2f4bfa275ef271197,159,0x05391a4b0749c29335024f41552a56cfa6bd3883,440498.570777,440498.570777,0.0,1,0,1710945121
2024-03-14,0x61366a4e6b1db1b85dd701f2f4bfa275ef271197,160,0xb0eb6f452ecea6a76fda435b4629cf6a11b24a2a,74677.605037,74677.605037,0.0,1,0,1710958105
2024-03-14,0x61366a4e6b1db1b85dd701f2f4bfa275ef271197,162,0xfa9e221a7af006531a816e98792a3e4b22a01461,57533.062963,57533.062963,0.0,1,0,1710948969
2024-03-14,0x61366a4e6b1db1b85dd701f2f4bfa275ef271197,164,0x6788a760215e6cb56d54e34c3464c74976fdc97a,278622.640939,278622.640939,0.0,1,0,1710975441
2024-03-14,0x61366a4e6b1db1b85dd701f2f4bfa275ef271197,165,0x54ecb3397b0bf31cb0b81eb2444e2a7b32507d8b,39850.50214,39850.50214,0.0,1,0,1710959895
2024-03-14,0x61366a4e6b1db1b85dd701f2f4bfa275ef271197,167,0x5d29b68aafb22c491977eacf7dfb1661d2832555,523480.014756,523480.014756,0.0,1,0,1710975489
2024-03-14,0x61366a4e6b1db1b85dd701f2f4bfa275ef271197,168,0xd91432ea17a0b4ff2c28af958d4b175353c7c730,262486.985787,262486.985787,262041.903337,1,1,1710959537
2024-03-14,0x61366a4e6b1db1b85dd701f2f4bfa275ef271197,169,0xcba1a275e2d858ecffaf7a87f606f74b719a8a93,64563.074923,64563.074923,0.0,1,0,1710973917
2024-03-14,0x61366a4e6b1db1b85dd701f2f4bfa275ef271197,173,0xc99783596103c9bee59cc2c260548fb848916c4b,246063.539937,246063.539937,0.0,1,0,1710960143
2024-03-14,0x61366a4e6b1db1b85dd701f2f4bfa275ef271197,177,0xdffd8bbf8dcaf236c4e009ff6013bfc98407b6c0,234522.886772,234522.886772,0.0,1,0,1710968897
2024-03-14,0x61366a4e6b1db1b85dd701f2f4bfa275ef271197,181,0x3587b15f7865d4f3f5ca15d29d197bb2f1e6309d,0.0,0.0,115702.780581,0,1,1710733839
2024-03-14,0x61366a4e6b1db1b85dd701f2f4bfa275ef271197,182,0xed5847639328edd38e7ce934442ff4ee8e714f7c,228394.741752,228394.741752,0.0,1,0,1710947297
2024-03-14,0x61366a4e6b1db1b85dd701f2f4bfa275ef271197,185,0x5952bab55191f8a815ccd8ba4945f7a09ef5def7,0.0,0.0,1436880.71825,0,1,1710947797
2024-03-14,0x61366a4e6b1db1b85dd701f2f4bfa275ef271197,186,0x32d6306ec178bcefe7b8d7302689376b42b047ee,920700.821502,920700.821502,0.0,1,0,1710933603
2024-03-14,0x61366a4e6b1db1b85dd701f2f4bfa275ef271197,188,0xa60aadf62907bf06dd714781d44bbd4c2d783259,109528.04719,109528.04719,0.0,1,0,1710969839
2024-03-14,0x61366a4e6b1db1b85dd701f2f4bfa275ef271197,195,0x302757fe1990e6558e03d05036bb88c3129a22c8,42228.823426,42228.823426,0.0,1,0,1710965569
2024-03-14,0x61366a4e6b1db1b85dd701f2f4bfa275ef271197,203,0x79cb43cf6fcf2f519da4d2ea03cefa2b51587e2f,196016.220294,196016.220294,0.0,1,0,1710972611
2024-03-14,0x61366a4e6b1db1b85dd701f2f4bfa275ef271197,208,0x7ecf3629e27b410d6a277cdca9c99240706eebec,447967.12332,447967.12332,447207.534024,1,1,1710932901
2024-03-14,0x61366a4e6b1db1b85dd701f2f4bfa275ef271197,209,0xfcbb477ec276476b6029ed0467f28f5ac1712884,42829.077061,42829.077061,0.0,1,0,1710972877
2024-03-14,0x61366a4e6b1db1b85dd701f2f4bfa275ef271197,223,0xb6a4035370947825d94ca4ac5d30d828ad50265c,185667.115931,185667.115931,0.0,1,0,1710973971
2024-03-14,0x61366a4e6b1db1b85dd701f2f4bfa275ef271197,231,0xc82335bbdc978ce2e1f1c6c4f9e5bb2270bb2af1,160805.455557,160805.455557,0.0,1,0,1710975175
2024-03-14,0x61366a4e6b1db1b85dd701f2f4bfa275ef271197,232,0x576f1e53afe5e99b2257258c7e3248d3a1822548,59632.066535,59632.066535,57521.82572,1,1,1710925753
2024-03-14,0x61366a4e6b1db1b85dd701f2f4bfa275ef271197,235,0xfee6be6b5cc8cb4ee8189850a69973e774e7614e,663861.81919,663861.81919,662736.15102,1,1,1710975305
2024-03-14,0x61366a4e6b1db1b85dd701f2f4bfa275ef271197,238,0xb6f28ae8f31d85dc27361852b986286113bc588d,42597.277086,42597.277086,0.0,1,0,1710974035
2024-03-14,0x61366a4e6b1db1b85dd701f2f4bfa275ef271197,239,0xb149f353383ab92e74c4cba3feb848b04bfb3617,153704.773721,153704.773721,0.0,1,0,1710942161
2024-03-14,0x61366a4e6b1db1b85dd701f2f4bfa275ef271197,241,0xd639eee81b30d8b34d5d8cbce83f193e2ba298e4,39020.040541,39020.040541,0.0,1,0,1710958289
2024-03-14,0x61366a4e6b1db1b85dd701f2f4bfa275ef271197,244,0xbba2379f5cc9a2f248c5cf18ad72379ae2478f42,150115.953157,150115.953157,149615.577897,1,1,1710961735
2024-03-14,0x61366a4e6b1db1b85dd701f2f4bfa275ef271197,249,0xd86b11c0725042c977ef837430442ce2d607fa7f,145417.489939,145417.489939,0.0,1,0,1710945885
2024-03-14,0x61366a4e6b1db1b85dd701f2f4bfa275ef271197,251,0x73cefbf6e7766721d99192449e481567010082e2,212745.915635,212745.915635,0.0,1,0,1710970815
2024-03-14,0x61366a4e6b1db1b85dd701f2f4bfa275ef271197,254,0xdbd5d31b7f48adc13a0ab0c591f7e3d4f9642e69,70881.397001,70881.397001,113217.932694,1,1,1710958595
2024-03-14,0x61366a4e6b1db1b85dd701f2f4bfa275ef271197,266,0x06b7d6d629e0913dd6e08eaeab07f7712e800f1e,175237.62667,175237.62667,0.0,1,0,1710974541
2024-03-14,0x61366a4e6b1db1b85dd701f2f4bfa275ef271197,267,0x5b1c8cd6e98d8bca397fd09b0dcc9933d712ad13,60274.388449,60274.388449,60172.18501,1,1,1710971585
2024-03-14,0x61366a4e6b1db1b85dd701f2f4bfa275ef271197,270,0xf51e5a0a85d29aa0508894405d734bcf044dcb5b,33894.334036,33894.334036,0.0,1,0,1710971779
2024-03-14,0x61366a4e6b1db1b85dd701f2f4bfa275ef271197,272,0x48c49024e2885679d0c9eb3d4d6e73f2542b5839,63379.97727,63379.97727,0.0,1,0,1710942893
2024-03-14,0x61366a4e6b1db1b85dd701f2f4bfa275ef271197,273,0xb385222c461dd7df0526ed22568b81984f6e5f02,126151.412485,126151.412485,125937.505576,1,1,1710935649
2024-03-14,0x61366a4e6b1db1b85dd701f2f4bfa275ef271197,274,0xc12faf701d05af1cfabdefc770c3b3c7b59eae10,138586.217633,138586.217633,0.0,1,0,1710974063
2024-03-14,0x61366a4e6b1db1b85dd701f2f4bfa275ef271197,283,0xb34298965c07db84d3b94d0664af15d9b353fb85,144664.656832,144664.656832,0.0,1,0,1710971733
2024-03-14,0x61366a4e6b1db1b85dd701f2f4bfa275ef271197,284,0x5a34f25040ba6e12daea0512d4d2a0043ecc9292,121115.976011,121115.976011,0.0,1,0,1710974397
2024-03-14,0x61366a4e6b1db1b85dd701f2f4bfa275ef271197,289,0x95b05f935655c37ada2088c5767e5006f230b068,0.0,0.0,11691.964387,0,1,1710975155
2024-03-14,0x61366a4e6b1db1b85dd701f2f4bfa275ef271197,292,0xc204d01bd43e7d084dcd60cf1a4bf8a75401fdd1,58246.18839,58246.18839,58246.18839,1,1,1710937697
2024-03-14,0x61366a4e6b1db1b85dd701f2f4bfa275ef271197,294,0x8c78d21f1ea29a3571356483da01fa0babef7f36,119896.544031,119896.544031,0.0,1,0,1710974489
2024-03-14,0x61366a4e6b1db1b85dd701f2f4bfa275ef271197,298,0x8aa63a11835bf0139e41859540f0c7161a92c7b1,56332.777579,56332.777579,0.0,1,0,1710951089
2024-03-14,0x61366a4e6b1db1b85dd701f2f4bfa275ef271197,303,0xab12253171a0d73df64b115cd43fe0a32feb9daa,103969.57996,103969.57996,0.0,1,0,1710956717
2024-03-14,0x61366a4e6b1db1b85dd701f2f4bfa275ef271197,323,0xa2332e28a62bf41d3b0628a1121530ec2834d28e,110050.585378,110050.585378,0.0,1,0,1710950061
2024-03-14,0x61366a4e6b1db1b85dd701f2f4bfa275ef271197,333,0x61f3b33ffb5a6504c0709ce4ce4811c973a1325c,0.0,0.0,92938.696428,0,1,1710956823
2024-03-14,0x61366a4e6b1db1b85dd701f2f4bfa275ef271197,340,0xd9277f43bdfbbd18f5ba0adeb38f3ace2929e773,72617.582384,72617.582384,43714.116526,1,1,1710959765
2024-03-14,0x61366a4e6b1db1b85dd701f2f4bfa275ef271197,347,0xdffd8bbf8dcaf236c4e009ff6013bfc98407b6c0,102658.386552,102658.386552,0.0,1,0,1710968829
2024-03-14,0x61366a4e6b1db1b85dd701f2f4bfa275ef271197,351,0x6d71973078b858dab13bf9894c3969df6e5fced7,105667.999193,105667.999193,0.0,1,0,1710975443
2024-03-14,0x61366a4e6b1db1b85dd701f2f4bfa275ef271197,362,0x5929cc4d10b6a1acc5bf5d221889f10251c628a1,12415.167495,12415.167495,12394.115887,1,1,1710960907
2024-03-14,0x61366a4e6b1db1b85dd701f2f4bfa275ef271197,363,0xbe12e889a5af67b12369c5610187a18c0a43dce0,89969.771444,89969.771444,0.0,1,0,1710935379
2024-03-14,0x61366a4e6b1db1b85dd701f2f4bfa275ef271197,364,0xe7b27bd74f522afa05732ba82b2f46a38d4be098,19928.255214,19928.255214,0.0,1,0,1710948741
2024-03-14,0x61366a4e6b1db1b85dd701f2f4bfa275ef271197,365,0xbdf81b19af7848f7384c38e68208885ff0c9f390,79499.397588,79499.397588,0.0,1,0,1710975383
2024-03-14,0x61366a4e6b1db1b85dd701f2f4bfa275ef271197,382,0xf5670ea8317e037d6fe14a4cd3c6c383ed2ff3e9,0.0,0.0,70784.957102,0,1,1710899257
2024-03-14,0x61366a4e6b1db1b85dd701f2f4bfa275ef271197,390,0x873d59965b2c97ecd536be8438153db432597b9d,69797.336032,69797.336032,0.0,1,0,1710975071
2024-03-14,0x61366a4e6b1db1b85dd701f2f4bfa275ef271197,392,0xa12eec92d8c155c8ea9159cb87da4e062bf9992d,0.0,0.0,107900.040395,0,1,1710803943
2024-03-14,0x61366a4e6b1db1b85dd701f2f4bfa275ef271197,393,0x193db18a5ef9a0320b7374c1fe8af976235f3211,0.0,0.0,68417.551408,0,1,1710901155
2024-03-14,0x61366a4e6b1db1b85dd701f2f4bfa275ef271197,398,0x48c7e0db3dad3fe4eb0513b86fe5c38ebb4e0f91,67517.883897,67517.883897,13458.565869,1,1,1710958033
2024-03-14,0x61366a4e6b1db1b85dd701f2f4bfa275ef271197,404,0xe96811493faaab5fe93eebd81bd9be270e101173,65425.120569,65425.120569,0.0,1,0,1710961551
2024-03-14,0x61366a4e6b1db1b85dd701f2f4bfa275ef271197,405,0x2f707265e61300e8290c18e38ebcbd129fb0b0f5,205163.821039,205163.821039,0.0,1,0,1710970877
2024-03-14,0x61366a4e6b1db1b85dd701f2f4bfa275ef271197,408,0x79bd77fccfce56270c48c6bddb8ba7dac01bf875,65878.176188,65878.176188,0.0,1,0,1710969505
2024-03-14,0x61366a4e6b1db1b85dd701f2f4bfa275ef271197,416,0x151e5062d509bf6fc1b5345afa0e7397c9c82226,63068.78907,63068.78907,0.0,1,0,1710954859
2024-03-14,0x61366a4e6b1db1b85dd701f2f4bfa275ef271197,421,0xee9a23404333361302790e905bd0f27603d39818,63174.155652,63174.155652,0.0,1,0,1710943213
2024-03-14,0x61366a4e6b1db1b85dd701f2f4bfa275ef271197,422,0xa8e32be4ca13b271673f8b01f1eeacfde66fa413,60361.752508,60361.752508,0.0,1,0,1710923587
2024-03-14,0x61366a4e6b1db1b85dd701f2f4bfa275ef271197,436,0xe171e110cfe6f658c4421c2da4c86e4933919de4,28791.716502,28791.716502,0.0,1,0,1710956591
2024-03-14,0x61366a4e6b1db1b85dd701f2f4bfa275ef271197,442,0x2ad7f82d4266d47e875ae2b06322f2e008cbf5c6,75414.854302,75414.854302,0.0,1,0,1710934927
2024-03-14,0x61366a4e6b1db1b85dd701f2f4bfa275ef271197,443,0x71fbfe41a9ddedd13ef25a337fae01438064a08d,53770.420269,53770.420269,0.0,1,0,1710946453
2024-03-14,0x61366a4e6b1db1b85dd701f2f4bfa275ef271197,452,0x21484a41b00c014c4ad5c92bbb7661fd7c1c9a2b,21312.707428,21312.707428,0.0,1,0,1710939847
2024-03-14,0x61366a4e6b1db1b85dd701f2f4bfa275ef271197,458,0x7a921b0365b4571bee00ba5a1dbb422b11f13f9e,52197.76044,52197.76044,0.0,1,0,1710973287
2024-03-14,0x61366a4e6b1db1b85dd701f2f4bfa275ef271197,462,0x0952615cd36904d97c736a0b0a5eea75c75e26d8,50994.646423,50994.646423,0.0,1,0,1710971215
2024-03-14,0x61366a4e6b1db1b85dd701f2f4bfa275ef271197,466,0xdf2e0a3c668379e1b25901b3f719ebfd00f0bfbd,54824.286931,54824.286931,0.0,1,0,1710974083
2024-03-14,0x61366a4e6b1db1b85dd701f2f4bfa275ef271197,470,0x5975c976f874b9f9668c39d555129e58cce4fdb2,51940.093975,51940.093975,0.0,1,0,1710955793
2024-03-14,0x61366a4e6b1db1b85dd701f2f4bfa275ef271197,483,0x8f009a96f45514c31ee806fba7c4bfb842ff497e,0.0,0.0,47644.132195,0,1,1710952567
2024-03-14,0x61366a4e6b1db1b85dd701f2f4bfa275ef271197,485,0x5f3df357144f748d7d53f30719a6e4040e2c7d04,47348.578335,47348.578335,0.0,1,0,1710931507
2024-03-14,0x61366a4e6b1db1b85dd701f2f4bfa275ef271197,486,0x7ee615e93d2d58feb14e58ea93f3fb5940d227e4,29147.888076,29147.888076,15871.889378,1,1,1710929981
2024-03-14,0x61366a4e6b1db1b85dd701f2f4bfa275ef271197,493,0x771426817d8a829d3798ee07afef8889c4117c3c,49689.574102,49689.574102,0.0,1,0,1710969253
2024-03-14,0x61366a4e6b1db1b85dd701f2f4bfa275ef271197,503,0x69e02d001146a86d4e2995f9ecf906265aa77d85,11428.366448,11428.366448,11408.988096,1,1,1710975321
2024-03-14,0x61366a4e6b1db1b85dd701f2f4bfa275ef271197,507,0x0d3015631c1e642e8eb35b5a0efcea24a7685603,44175.361189,44175.361189,0.0,1,0,1710971499
2024-03-14,0x61366a4e6b1db1b85dd701f2f4bfa275ef271197,509,0x34223719d75cbc336b77ccd8af6b9342bd6af1cb,18486.389188,18486.389188,0.0,1,0,1710956477
2024-03-14,0x61366a4e6b1db1b85dd701f2f4bfa275ef271197,512,0x3b1b211b3fce0d1ee9f5e1afeecadeb98378d0b0,0.0,0.0,10965.916284,0,1,1710917869
2024-03-14,0x61366a4e6b1db1b85dd701f2f4bfa275ef271197,519,0xa23bde7b73b4acc73918e2362e6a646761955c7c,27057.368375,27057.368375,27011.48892,1,1,1710974677
2024-03-14,0x61366a4e6b1db1b85dd701f2f4bfa275ef271197,520,0xfba381fb57d1f1efdc12661e5be59425e545e649,64948.062747,64948.062747,0.0,1,0,1710972691
2024-03-14,0x61366a4e6b1db1b85dd701f2f4bfa275ef271197,535,0xd5b2daf2285d0fbf2f1c2a20e2866ccf9617e83b,0.0,0.0,269209.780618,0,1,1710965681
2024-03-14,0x61366a4e6b1db1b85dd701f2f4bfa275ef271197,536,0xf6ed81d5e9f61dd1ea21e96ae1d660ecc388ae4f,8305.581077,8305.581077,20728.744581,1,1,1710962145
2024-03-14,0x61366a4e6b1db1b85dd701f2f4bfa275ef271197,544,0x16b00db74167b7469dda63b674ca9a3b1b70c439,15817.076812,15817.076812,0.0,1,0,1710956253
2024-03-14,0x61366a4e6b1db1b85dd701f2f4bfa275ef271197,548,0xb82e12d1da436611c5c94d535c3a40f5fb3f35ab,40726.104246,40726.104246,0.0,1,0,1710936117
2024-03-14,0x61366a4e6b1db1b85dd701f2f4bfa275ef271197,551,0xdde346eaecec99ff62b8454fbd721593d40e2fbc,0.0,0.0,10683.493219,0,1,1710394519
2024-03-14,0x61366a4e6b1db1b85dd701f2f4bfa275ef271197,553,0xdaa070d909e010211606144ede5b2ca6864c2c1c,13082.96249,13082.96249,12979.327844,1,1,1710443195
2024-03-14,0x61366a4e6b1db1b85dd701f2f4bfa275ef271197,556,0x8019067c09ea6587383f728bdc708f41590a12ce,0.0,0.0,40195.150792,0,1,1710920837
2024-03-14,0x61366a4e6b1db1b85dd701f2f4bfa275ef271197,558,0x985dbffd8daaf59cc68883d17cfab313b2343184,43225.789857,43225.789857,0.0,1,0,1710964491
2024-03-14,0x61366a4e6b1db1b85dd701f2f4bfa275ef271197,583,0x8371ec1d9b31899e8a7574f43a7864f395c80d00,1024428.225644,1024428.225644,0.0,1,0,1710972343
2024-03-14,0x61366a4e6b1db1b85dd701f2f4bfa275ef271197,590,0x69bbbfde43c49fc50f5647223da5ef4756d78659,37644.90256,37644.90256,0.0,1,0,1710955875
2024-03-14,0x61366a4e6b1db1b85dd701f2f4bfa275ef271197,597,0x1ce0c2b445c8e87ea4c40b6e721d9a39b09f6459,9205.755818,9205.755818,0.0,1,0,1710965235
2024-03-14,0x61366a4e6b1db1b85dd701f2f4bfa275ef271197,618,0x622f88102bf8d68e65faf109f66e0781b46bbed3,38134.18304,38134.18304,0.0,1,0,1710940673
2024-03-14,0x61366a4e6b1db1b85dd701f2f4bfa275ef271197,619,0x745bb4141d5cbaa249923d8b89bcd798a75fbc89,35661.963626,35661.963626,35601.493907,1,1,1710974051
2024-03-14,0x61366a4e6b1db1b85dd701f2f4bfa275ef271197,620,0xc8f7b747eefc216964e567c14ec823d17d25c932,35606.757686,35606.757686,0.0,1,0,1710950425
2024-03-14,0x61366a4e6b1db1b85dd701f2f4bfa275ef271197,621,0x6b73f2b5ddf22a3e190893bbd83e2f0a882a7dac,35546.899223,35546.899223,0.0,1,0,1710942749
2024-03-14,0x61366a4e6b1db1b85dd701f2f4bfa275ef271197,622,0x81f10d99464d604ea1e9242dc71733a506e95b4e,3819.983999,3819.983999,0.0,1,0,1710973303
2024-03-14,0x61366a4e6b1db1b85dd701f2f4bfa275ef271197,635,0xb83f754eb815e2100f4ba99aa61c299152b07145,254003.716409,254003.716409,0.0,1,0,1710971143
2024-03-14,0x61366a4e6b1db1b85dd701f2f4bfa275ef271197,649,0x3838433f63f4d4a24260f2485aacf5894ba7bc93,16357.041541,16357.041541,0.0,1,0,1710975479
2024-03-14,0x61366a4e6b1db1b85dd701f2f4bfa275ef271197,684,0x2a23d0650db1c536e71aeb63ecd3daa0b52e66e1,0.0,0.0,77108.525523,0,1,1710896035
2024-03-14,0x61366a4e6b1db1b85dd701f2f4bfa275ef271197,691,0x2159e8d5566369ddb67bbfc6b288ed5591d34235,29163.022495,29163.022495,28811.611167,1,1,1710938171
2024-03-14,0x61366a4e6b1db1b85dd701f2f4bfa275ef271197,692,0x6da02f6523fe3854a932b31cdce8b977b6724a1e,28515.016766,28515.016766,0.0,1,0,1710940463
2024-03-14,0x61366a4e6b1db1b85dd701f2f4bfa275ef271197,700,0xccc4e8ad313df8150211b1b934725345924ab81d,28373.900559,28373.900559,0.0,1,0,1710963521
2024-03-14,0x61366a4e6b1db1b85dd701f2f4bfa275ef271197,701,0xacd97a24977afa76d74c6ed7f363f6e4366f74bb,9842.139601,9842.139601,9766.910947,1,1,1710956129
2024-03-14,0x61366a4e6b1db1b85dd701f2f4bfa275ef271197,704,0xc9e60767be3c0e812301ab2f38237ec52b56a009,28240.536538,28240.536538,0.0,1,0,1710951187
2024-03-14,0x61366a4e6b1db1b85dd701f2f4bfa275ef271197,709,0x39d94ed8102740e8fad63e55473a466aa20e0983,27952.053327,27952.053327,0.0,1,0,1710940741
2024-03-14,0x61366a4e6b1db1b85dd701f2f4bfa275ef271197,715,0x13108ab5c6eb7efdcd7ba6f8cc55d265eae6176f,27297.438312,27297.438312,0.0,1,0,1710974863
2024-03-14,0x61366a4e6b1db1b85dd701f2f4bfa275ef271197,726,0x2957c2968ebcb91f5683768a9bdc468d08c2a2c2,26902.055819,26902.055819,0.0,1,0,1710957561
2024-03-14,0x61366a4e6b1db1b85dd701f2f4bfa275ef271197,729,0x7372ff47026ec4c49ef99b4891b42e2d7bec4d1a,13382.455845,13382.455845,0.0,1,0,1710966451
2024-03-14,0x61366a4e6b1db1b85dd701f2f4bfa275ef271197,741,0xbf49b454818783d12bf4f3375ff17c59015e66cb,13661.910272,13661.910272,0.0,1,0,1710933395
2024-03-14,0x61366a4e6b1db1b85dd701f2f4bfa275ef271197,747,0x66f4dd243d824fb5ac0694177a2371037eeed6cb,25453.73954,25453.73954,0.0,1,0,1710974149
2024-03-14,0x61366a4e6b1db1b85dd701f2f4bfa275ef271197,750,0x24a3bde2bd95fe4c36894049e34501d340d9fd56,33723.88827,33723.88827,0.0,1,0,1710965751
2024-03-14,0x61366a4e6b1db1b85dd701f2f4bfa275ef271197,753,0xee57d8989170370a6f88b2f99395b81204117bf2,5387.824153,5387.824153,5378.688363,1,1,1710969811
2024-03-14,0x61366a4e6b1db1b85dd701f2f4bfa275ef271197,758,0x8ccfcfa7e6133e0875192974d0d857fb7a28375e,7201.048013,7201.048013,0.0,1,0,1710969407
2024-03-14,0x61366a4e6b1db1b85dd701f2f4bfa275ef271197,762,0xea840ad93de7e1c484ed4bafd387bb4641aba570,34919.597552,34919.597552,0.0,1,0,1710974243
2024-03-14,0x61366a4e6b1db1b85dd701f2f4bfa275ef271197,765,0x7cb158d3afe100d7bb4933cb5b4c5b16f5ef937b,12312.136747,12312.136747,0.0,1,0,1710960697
2024-03-14,0x61366a4e6b1db1b85dd701f2f4bfa275ef271197,768,0x6ad0e9ea8d43213dbaaf18ec11d02c75b4f9322d,26212.085055,26212.085055,0.0,1,0,1710931949
2024-03-14,0x61366a4e6b1db1b85dd701f2f4bfa275ef271197,771,0x79c80fb4431b23940c0ed3f5ce45ba71d0f03577,24191.303783,24191.303783,0.0,1,0,1710949901
2024-03-14,0x61366a4e6b1db1b85dd701f2f4bfa275ef271197,780,0xc4b4691d8c9194e9f98e2609e6f8481ba713dd2a,0.0,0.0,23486.102559,0,1,1710968533
2024-03-14,0x61366a4e6b1db1b85dd701f2f4bfa275ef271197,789,0x0e156bf3a5326322f7fee3d336fcf63d00641c6e,21382.128742,21382.128742,0.0,1,0,1710973805
2024-03-14,0x61366a4e6b1db1b85dd701f2f4bfa275ef271197,798,0x6a018ad51de844243ce7fb743c3e5f4481df6858,11301.998047,11301.998047,11282.833969,1,1,1710934299
2024-03-14,0x61366a4e6b1db1b85dd701f2f4bfa275ef271197,800,0xd9e393321f61a2f476431aba1407f1f12e273f21,22487.392964,22487.392964,0.0,1,0,1710973817
2024-03-14,0x61366a4e6b1db1b85dd701f2f4bfa275ef271197,810,0x609470c2f08ff626078ba64ceb905d73b155089d,22032.445243,22032.445243,0.0,1,0,1710962155
2024-03-14,0x61366a4e6b1db1b85dd701f2f4bfa275ef271197,811,0xadc1d13acf57ea12cdf14679177fd669221adf2c,11580.604368,11580.604368,0.0,1,0,1710956231
2024-03-14,0x61366a4e6b1db1b85dd701f2f4bfa275ef271197,814,0x6de6e901bbefd26a9888798a25e4a49309d04ca9,21875.773532,21875.773532,0.0,1,0,1710967219
2024-03-14,0x61366a4e6b1db1b85dd701f2f4bfa275ef271197,815,0x6de6e901bbefd26a9888798a25e4a49309d04ca9,21476.290646,21476.290646,0.0,1,0,1710966815
2024-03-14,0x61366a4e6b1db1b85dd701f2f4bfa275ef271197,821,0xda9ad6284300b15bc802c3fbf6dbbdf7ceb27fe8,21597.776308,21597.776308,0.0,1,0,1710934557
2024-03-14,0x61366a4e6b1db1b85dd701f2f4bfa275ef271197,823,0xfc101ee05afe9843c37fb7fdd5a64b9dc47411b6,13665.031554,13665.031554,0.0,1,0,1710973269
2024-03-14,0x61366a4e6b1db1b85dd701f2f4bfa275ef271197,827,0xe2952771c80d9b9c77a32e47d985bb3ff4e5a93d,13955.433826,13955.433826,0.0,1,0,1710972907
2024-03-14,0x61366a4e6b1db1b85dd701f2f4bfa275ef271197,828,0xb5e00b32bbea4a4ecc7a28fd7f7a1248bd2822c9,21213.870167,21213.870167,0.0,1,0,1710968497
2024-03-14,0x61366a4e6b1db1b85dd701f2f4bfa275ef271197,846,0xf492f0aa5c607be83dda570d39f73c767fe36367,28381.185813,28381.185813,0.0,1,0,1710975467
2024-03-14,0x61366a4e6b1db1b85dd701f2f4bfa275ef271197,867,0xa1a7aec61de1b80efe2dfe0ed8bb4243274ce67a,36867.346577,36867.346577,0.0,1,0,1710969157
2024-03-14,0x61366a4e6b1db1b85dd701f2f4bfa275ef271197,869,0xd2d7d69329b85e04e5dfc95b01e7ede4ffcfc956,19310.951836,19310.951836,0.0,1,0,1710948197
2024-03-14,0x61366a4e6b1db1b85dd701f2f4bfa275ef271197,875,0x5f449ca0c6ae1cac4c4830220229233f0b60c103,19000.121932,19000.121932,0.0,1,0,1710936063
2024-03-14,0x61366a4e6b1db1b85dd701f2f4bfa275ef271197,881,0x9eb2d5311edbafd2137b9292d5683c35bf301cc8,18975.184414,18975.184414,18943.009403,1,1,1710808809
2024-03-14,0x61366a4e6b1db1b85dd701f2f4bfa275ef271197,898,0x52dcc21458b8e79d6fd3a7de51d322a602397bbe,18072.774224,18072.774224,0.0,1,0,1710966049
2024-03-14,0x61366a4e6b1db1b85dd701f2f4bfa275ef271197,900,0x0899a0b74ebab3f637b59dbf90883e6df481fe00,19498.540517,19498.540517,19465.478085,1,1,1710937655
2024-03-14,0x61366a4e6b1db1b85dd701f2f4bfa275ef271197,902,0x186b12ceaf08fde22e32647fcc800e45876f5bd0,0.0,0.0,8996.374848,0,1,1710939165
2024-03-14,0x61366a4e6b1db1b85dd701f2f4bfa275ef271197,920,0x6c2693f5a936f37ed03cfa8465bf2d8beff19a0f,21845.101895,21845.101895,0.0,1,0,1710969271
2024-03-14,0x61366a4e6b1db1b85dd701f2f4bfa275ef271197,921,0xa2f07232275cdf8463a5115723c9d73085a2fc17,15015.109661,15015.109661,0.0,1,0,1710973455
2024-03-14,0x61366a4e6b1db1b85dd701f2f4bfa275ef271197,933,0x2067d095f4cacb434e921a2cf5b89a09dbf518a4,17185.960938,17185.960938,0.0,1,0,1710971503
2024-03-14,0x61366a4e6b1db1b85dd701f2f4bfa275ef271197,971,0xe3cfbf8fb378f5c4cf780077ee5c2ffe7aaea6dc,16496.18315,16496.18315,7410.695231,1,1,1710962563
2024-03-14,0x61366a4e6b1db1b85dd701f2f4bfa275ef271197,976,0xac18c73423d43ad14630c32491ec0db14e2e6148,21968.417719,21968.417719,0.0,1,0,1710940843
2024-03-14,0x61366a4e6b1db1b85dd701f2f4bfa275ef271197,1020,0xc18dac166eda9538933258d21a272c1775c19c73,14860.535157,14860.535157,0.0,1,0,1710966713
2024-03-14,0x61366a4e6b1db1b85dd701f2f4bfa275ef271197,1037,0x4870929afd7b982d31868628df0050628c76a04f,19155.298301,19155.298301,0.0,1,0,1710949413
2024-03-14,0x61366a4e6b1db1b85dd701f2f4bfa275ef271197,1042,0x52dcc21458b8e79d6fd3a7de51d322a602397bbe,14161.575786,14161.575786,0.0,1,0,1710966677
2024-03-14,0x61366a4e6b1db1b85dd701f2f4bfa275ef271197,1046,0x08f518870ec33bc96cc251692b79a745c1af78b5,14367.392303,14367.392303,0.0,1,0,1710967425
2024-03-14,0x61366a4e6b1db1b85dd701f2f4bfa275ef271197,1053,0x3216a8a03b07b6b19cbc21d62c8942e625fc3e07,2624.557189,2624.557189,0.0,1,0,1710954971
2024-03-14,0x61366a4e6b1db1b85dd701f2f4bfa275ef271197,1057,0x9eda173b60b105d2e255a1f535f70db2587eefe0,13934.792407,13934.792407,0.0,1,0,1710953165
2024-03-14,0x61366a4e6b1db1b85dd701f2f4bfa275ef271197,1067,0x582d6feae1926c19304e49206c710fe06c5f5593,14622.055246,14622.055246,0.0,1,0,1710957895
2024-03-14,0x61366a4e6b1db1b85dd701f2f4bfa275ef271197,1086,0x14da174fab1356466af2dd0ecdf94204e828a732,13392.946764,13392.946764,0.0,1,0,1710974699
2024-03-14,0x61366a4e6b1db1b85dd701f2f4bfa275ef271197,1092,0x3823a62339c5e9a75990efd1f91cdeff73bda609,13335.622089,13335.622089,13255.251672,1,1,1710952895
2024-03-14,0x61366a4e6b1db1b85dd701f2f4bfa275ef271197,1096,0x0feeb7936a806bf2006eb3d73d3552eaf4300fec,0.0,0.0,13174.238587,0,1,1710970555
2024-03-14,0x61366a4e6b1db1b85dd701f2f4bfa275ef271197,1105,0x2ea2ce595bd68a0cd1fd34b06df98970952fe4d2,20580.994626,20580.994626,0.0,1,0,1710941323
2024-03-14,0x61366a4e6b1db1b85dd701f2f4bfa275ef271197,1112,0x8f5e97e1e3d47a2f223a67e06de21f067b7779db,14389.056466,14389.056466,0.0,1,0,1710970755
2024-03-14,0x61366a4e6b1db1b85dd701f2f4bfa275ef271197,1146,0x79016f576376cc3bdfbc02642211828471760185,0.0,0.0,13077.30097,0,1,1710860883
2024-03-14,0x61366a4e6b1db1b85dd701f2f4bfa275ef271197,1149,0x93b82c49c2af67797977ae344c07884164e6a592,7619.391434,7619.391434,0.0,1,0,1710963223
2024-03-14,0x61366a4e6b1db1b85dd701f2f4bfa275ef271197,1156,0xf2ff2bc69fb16674d0cc58bcdd7f674db576bc77,14697.268178,14697.268178,0.0,1,0,1710969407
2024-03-14,0x61366a4e6b1db1b85dd701f2f4bfa275ef271197,1157,0x118b85d62a78bcdebd619f75a3bb1fafcf411315,16756.082045,16756.082045,0.0,1,0,1710972997
2024-03-14,0x61366a4e6b1db1b85dd701f2f4bfa275ef271197,1161,0xe1e7106a790017185eca0731301bfb7c571af7c1,10575.927259,10575.927259,0.0,1,0,1710954283
2024-03-14,0x61366a4e6b1db1b85dd701f2f4bfa275ef271197,1163,0x3e88681de2e12d1ac4116a7a6fb964a2c4c102ae,3739.336471,3739.336471,0.0,1,0,1710975475
2024-03-14,0x61366a4e6b1db1b85dd701f2f4bfa275ef271197,1194,0xef6e620fde6e0201f90c1d593cd308933b907bce,11131.103445,11131.103445,0.0,1,0,1710943355
2024-03-14,0x61366a4e6b1db1b85dd701f2f4bfa275ef271197,1197,0x0be4eb0e89abed9f52d94f1550c22a16008cc463,4204.678648,4204.678648,0.0,1,0,1710975129
2024-03-14,0x61366a4e6b1db1b85dd701f2f4bfa275ef271197,1202,0x8ee7a7aad2aa6ef5393ee6f3a58992c906e6e734,11057.289718,11057.289718,0.0,1,0,1710962581
2024-03-14,0x61366a4e6b1db1b85dd701f2f4bfa275ef271197,1225,0xfc13ab4b466f17f3e1e5443147de34d96ccf1629,25699.973913,25699.973913,0.0,1,0,1710945695
2024-03-14,0x61366a4e6b1db1b85dd701f2f4bfa275ef271197,1246,0x9dd0a901019a1cbf910793cbbd365ca4f77dbb12,10852.425833,10852.425833,0.0,1,0,1710924953
2024-03-14,0x61366a4e6b1db1b85dd701f2f4bfa275ef271197,1276,0xef0c7668af2e04bc8cb8dfa321e5f9159f4bafe4,10007.283644,10007.283644,0.0,1,0,1710962857
2024-03-14,0x61366a4e6b1db1b85dd701f2f4bfa275ef271197,1280,0x4fbe5303bca958b8f1ee35b5443aad9ad442e3d7,0.0,0.0,10310.875799,0,1,1710966483
2024-03-14,0x61366a4e6b1db1b85dd701f2f4bfa275ef271197,1288,0x6059895f7f20cc25c251d4d283f525f7400ce034,24611.11458,24611.11458,0.0,1,0,1710956465
2024-03-14,0x61366a4e6b1db1b85dd701f2f4bfa275ef271197,1289,0x5505f7442fcbad24f65265c422f8a055993815c4,10531.323344,10531.323344,0.0,1,0,1710969215
2024-03-14,0x61366a4e6b1db1b85dd701f2f4bfa275ef271197,1296,0x581278ad4c00f4f2af057105817a8e78b424a65c,10182.894385,10182.894385,0.0,1,0,1710969047
2024-03-14,0x61366a4e6b1db1b85dd701f2f4bfa275ef271197,1300,0x28c783bd0bad451861807cd48d250dc8ad5ec8f9,10098.222199,10098.222199,0.0,1,0,1710970805
2024-03-14,0x61366a4e6b1db1b85dd701f2f4bfa275ef271197,1306,0x0473a13cb3088ebd0092ea137170508da3f7fb8c,9591.860246,9591.860246,9575.59594,1,1,1710962163
2024-03-14,0x61366a4e6b1db1b85dd701f2f4bfa275ef271197,1323,0xc74d294ec7ffd446e6fb6d18f2555e358af509fc,9301.582054,9301.582054,9031.284483,1,1,1710958389
2024-03-14,0x61366a4e6b1db1b85dd701f2f4bfa275ef271197,1336,0xfcab3337172623862d1e8bd742432410b125ab93,8839.096966,8839.096966,0.0,1,0,1710972467
2024-03-14,0x61366a4e6b1db1b85dd701f2f4bfa275ef271197,1340,0xe5edfe0e968bf5dad6d023814989b536c0875676,9016.802796,9016.802796,0.0,1,0,1710971931
2024-03-14,0x61366a4e6b1db1b85dd701f2f4bfa275ef271197,1346,0x103a1f94bc38313af8724777da71201e40adef5a,9028.872549,9028.872549,0.0,1,0,1710973989
2024-03-14,0x61366a4e6b1db1b85dd701f2f4bfa275ef271197,1354,0x537e789ec3acb8905233c465d3b111e1ae2e6c5d,9787.253375,9787.253375,0.0,1,0,1710966087
2024-03-14,0x61366a4e6b1db1b85dd701f2f4bfa275ef271197,1378,0x80cfcd0157030d8808e03d283e742c8008614654,8706.329093,8706.329093,0.0,1,0,1710967423
2024-03-14,0x61366a4e6b1db1b85dd701f2f4bfa275ef271197,1403,0x4a3592a24a88249f14adaac604eb2e79ffe948ca,8515.628629,8515.628629,0.0,1,0,1710973101
2024-03-14,0x61366a4e6b1db1b85dd701f2f4bfa275ef271197,1413,0x53e213da8c28d85dc6663c3b5e35bb0ffbb05752,14360.658665,14360.658665,3590.164666,1,1,1710968939
2024-03-14,0x61366a4e6b1db1b85dd701f2f4bfa275ef271197,1435,0x4a21040b18ba0e18b48fb69233982756a67a0dcc,18058.037132,18058.037132,0.0,1,0,1710974073
2024-03-14,0x61366a4e6b1db1b85dd701f2f4bfa275ef271197,1436,0xfbe12d942b8c152248fd118f598c08124ff3d7de,11083.898731,11083.898731,0.0,1,0,1710966195
2024-03-14,0x61366a4e6b1db1b85dd701f2f4bfa275ef271197,1443,0xadd4a5e93c26b61c63d6e01cf855634737ddc485,8123.132251,8123.132251,0.0,1,0,1710945729
2024-03-14,0x61366a4e6b1db1b85dd701f2f4bfa275ef271197,1444,0x1c462907552572f07b2e8897c93d263686d831e3,9041.112048,9041.112048,0.0,1,0,1710945785
2024-03-14,0x61366a4e6b1db1b85dd701f2f4bfa275ef271197,1450,0x25d1858b0173f31b1f77be04e643a25b62b437c4,7971.133229,7971.133229,0.0,1,0,1710945821
2024-03-14,0x61366a4e6b1db1b85dd701f2f4bfa275ef271197,1455,0x7f44628bd0f7921820107392edad71abddcb17f9,8343.185925,8343.185925,0.0,1,0,1710939127
2024-03-14,0x61366a4e6b1db1b85dd701f2f4bfa275ef271197,1458,0x698129ecee187bc180ea93803b9faea9fce33a46,8067.641766,8067.641766,0.0,1,0,1710969175
2024-03-14,0x61366a4e6b1db1b85dd701f2f4bfa275ef271197,1459,0x58a80268a284c0eeac28c4821fa20cc0228a558b,7908.746379,7908.746379,0.0,1,0,1710946369
2024-03-14,0x61366a4e6b1db1b85dd701f2f4bfa275ef271197,1469,0x8fc4faa9dd274dc801ca629234e83183031634ec,2037.690677,2037.690677,2034.235495,1,1,1710924943
2024-03-14,0x61366a4e6b1db1b85dd701f2f4bfa275ef271197,1484,0x3f9d06d42cb2b04ada2d9a8cdfbf63c5206d7deb,4293.93838,4293.93838,0.0,1,0,1710954917
2024-03-14,0x61366a4e6b1db1b85dd701f2f4bfa275ef271197,1490,0x54ecb3397b0bf31cb0b81eb2444e2a7b32507d8b,7633.551958,7633.551958,0.0,1,0,1710959557
2024-03-14,0x61366a4e6b1db1b85dd701f2f4bfa275ef271197,1494,0x040528e6ebdcbc6e37e3c78350de0a59aedce622,0.0,0.0,8536.613805,0,1,1710899389
2024-03-14,0x61366a4e6b1db1b85dd701f2f4bfa275ef271197,1497,0x310f3030e7cc99d9093c5fcd7e8a7fe4cc92b9d9,7945.63125,7945.63125,0.0,1,0,1710947551
2024-03-14,0x61366a4e6b1db1b85dd701f2f4bfa275ef271197,1519,0x3fddee6383e30571e9ce36112b6c70aacb70aaf5,7103.631947,7103.631947,0.0,1,0,1710969197
2024-03-14,0x61366a4e6b1db1b85dd701f2f4bfa275ef271197,1547,0x40db8365d1252bcb06598927698238a99d39228e,7889.37091,7889.37091,0.0,1,0,1710947013
2024-03-14,0x61366a4e6b1db1b85dd701f2f4bfa275ef271197,1565,0xac858f98be6124ee42d776fa626328db1c562e23,7621.267017,7621.267017,0.0,1,0,1710973681
2024-03-14,0x61366a4e6b1db1b85dd701f2f4bfa275ef271197,1590,0x111a8934a5d0d3913e5d055dae46dc2c965709a0,9614.953593,9614.953593,0.0,1,0,1710958085
2024-03-14,0x61366a4e6b1db1b85dd701f2f4bfa275ef271197,1607,0x64169df8f5b881e6dddf5c9004e7d8e322d4f5de,6672.637735,6672.637735,0.0,1,0,1710972395
2024-03-14,0x61366a4e6b1db1b85dd701f2f4bfa275ef271197,1616,0xbd584812c7aaeb901e8424725065cb0716b9264f,0.0,0.0,6549.243117,0,1,1710850055
2024-03-14,0x61366a4e6b1db1b85dd701f2f4bfa275ef271197,1626,0xddd7148286c3df9fa0d5499d55f341179795aeb0,6524.468493,6524.468493,0.0,1,0,1710973009
2024-03-14,0x61366a4e6b1db1b85dd701f2f4bfa275ef271197,1631,0x3e3672b23eb22946a31263d2d178bf0fb1f4bbfd,6529.46427,6529.46427,0.0,1,0,1710924093
2024-03-14,0x61366a4e6b1db1b85dd701f2f4bfa275ef271197,1637,0x9ba500a46c672aea761142a4a97a2e689f01e199,6480.129874,6480.129874,0.0,1,0,1710966097
2024-03-14,0x61366a4e6b1db1b85dd701f2f4bfa275ef271197,1643,0xe0e20f13838e5e296f9f6e2ecf6333a3324b6b8f,6448.265194,6448.265194,0.0,1,0,1710964283
2024-03-14,0x61366a4e6b1db1b85dd701f2f4bfa275ef271197,1690,0xc609b5595e38acbdde1672f9b482db823f51668a,5966.702704,5966.702704,0.0,1,0,1710973495
2024-03-14,0x61366a4e6b1db1b85dd701f2f4bfa275ef271197,1716,0x6a1a3ecd04df0ff2d7cb25584052cdd173fc609b,0.0,0.0,2880.986877,0,1,1710870807
2024-03-14,0x61366a4e6b1db1b85dd701f2f4bfa275ef271197,1744,0x49f4d0222c880d4780b636662f5f18f572f2f88a,0.0,0.0,5654.192684,0,1,1710919323
2024-03-14,0x61366a4e6b1db1b85dd701f2f4bfa275ef271197,1840,0x20a75d13cc7e7bde1534252f06a4578de8d70953,4665.953715,4665.953715,0.0,1,0,1710972817
2024-03-14,0x61366a4e6b1db1b85dd701f2f4bfa275ef271197,1845,0xbe681d305f9ac149eaa565bebb4a125eeb06d7a0,4977.652079,4977.652079,0.0,1,0,1710947969
2024-03-14,0x61366a4e6b1db1b85dd701f2f4bfa275ef271197,1880,0x064b902d2d6e02247508f13f05142b8cd326a5b3,4841.686744,4841.686744,0.0,1,0,1710966873
2024-03-14,0x61366a4e6b1db1b85dd701f2f4bfa275ef271197,1902,0x37eedb7ac276bd6c894e81b8937b0b0bab154e22,4822.382315,4822.382315,0.0,1,0,1710970805
2024-03-14,0x61366a4e6b1db1b85dd701f2f4bfa275ef271197,1928,0x70b1c13c592ee6fdb7ed2f06c70a409776a11ce6,4674.027827,4674.027827,0.0,1,0,1710941441
2024-03-14,0x61366a4e6b1db1b85dd701f2f4bfa275ef271197,1938,0x58603461149fc2a800a56d421e77dcbba2d83ca8,4571.723364,4571.723364,0.0,1,0,1710941797
2024-03-14,0x61366a4e6b1db1b85dd701f2f4bfa275ef271197,1945,0x116f282adca7a37e59668d80400d2e4277dac80a,12491.200928,12491.200928,0.0,1,0,1710974555
2024-03-14,0x61366a4e6b1db1b85dd701f2f4bfa275ef271197,1956,0x823b8c5fa9d5b19649434dda4ee042ba94e7159e,4520.261931,4520.261931,0.0,1,0,1710966777
2024-03-14,0x61366a4e6b1db1b85dd701f2f4bfa275ef271197,1963,0x97d2204d2427236e4d5611e6d7a5de5945dd4715,4479.823658,4479.823658,0.0,1,0,1710967369
2024-03-14,0x61366a4e6b1db1b85dd701f2f4bfa275ef271197,1973,0x0a27f53e3d044465d07607ef7a048e71809f295e,0.0,0.0,4436.943802,0,1,1710885891
2024-03-14,0x61366a4e6b1db1b85dd701f2f4bfa275ef271197,1981,0xb9948e7f65942eaa4fcbf7f7ec331d7a41caf43c,4419.628151,4419.628151,0.0,1,0,1710966833
2024-03-14,0x61366a4e6b1db1b85dd701f2f4bfa275ef271197,1998,0xda4488f2fe0ff3e2ded87ed63d3e1d3d074df276,4379.859691,4379.859691,0.0,1,0,1710966267
2024-03-14,0x61366a4e6b1db1b85dd701f2f4bfa275ef271197,2001,0x8e1378c5c12b3207edef52204a1c81c170818e62,14768.300178,14768.300178,0.0,1,0,1710963257
2024-03-14,0x61366a4e6b1db1b85dd701f2f4bfa275ef271197,2015,0x188be73b0a68d20830eec346ee3eaa900f848bfa,8780.163888,8780.163888,0.0,1,0,1710943013
2024-03-14,0x61366a4e6b1db1b85dd701f2f4bfa275ef271197,2031,0x3b19bbe2e348371360ab39238fdf1b86d7c21b9e,4290.417503,4290.417503,0.0,1,0,1710966927
2024-03-14,0x61366a4e6b1db1b85dd701f2f4bfa275ef271197,2039,0x6b8b01df86bfaaf79dda038009fc5597425ad0cf,4275.588074,4275.588074,0.0,1,0,1710974551
2024-03-14,0x61366a4e6b1db1b85dd701f2f4bfa275ef271197,2053,0xef1244af7099dce45ee7f937534f0968501efb29,0.0,0.0,4233.325398,0,1,1710886073
2024-03-14,0x61366a4e6b1db1b85dd701f2f4bfa275ef271197,2055,0x264827b8dd1ca3ef6afb080241b3d3d8de8178b3,5883.582599,5883.582599,0.0,1,0,1710952967
2024-03-14,0x61366a4e6b1db1b85dd701f2f4bfa275ef271197,2067,0x2ce1a66f22a2dc6e410d9021d57aeb8d13d6bfef,4178.917873,4178.917873,0.0,1,0,1710940907
2024-03-14,0x61366a4e6b1db1b85dd701f2f4bfa275ef271197,2074,0x81dc17b949cd4591d6b8f1ee826cd5294c9a0d7a,4184.173765,4184.173765,0.0,1,0,1710967247
2024-03-14,0x61366a4e6b1db1b85dd701f2f4bfa275ef271197,2084,0xfbe3952035fa70018d8003de1e9956d22bf2eebb,4164.253165,4164.253165,0.0,1,0,1710967087
2024-03-14,0x61366a4e6b1db1b85dd701f2f4bfa275ef271197,2088,0xba90b576573d9b2563d752a30c4cee502c15c371,4159.940261,4159.940261,0.0,1,0,1710963035
2024-03-14,0x61366a4e6b1db1b85dd701f2f4bfa275ef271197,2091,0x860b0f90b281ae6a4974213ba7b7861bb3ec7f80,0.0,0.0,4142.608934,0,1,1710874405
2024-03-14,0x61366a4e6b1db1b85dd701f2f4bfa275ef271197,2104,0xe7168d1dbccae469491922763c5feaad64244170,4185.469117,4185.469117,0.0,1,0,1710955583
2024-03-14,0x61366a4e6b1db1b85dd701f2f4bfa275ef271197,2124,0xf807c99e3b8f9a5cafcc32db1ffde555abcbd728,3944.74428,3944.74428,0.0,1,0,1710962655
2024-03-14,0x61366a4e6b1db1b85dd701f2f4bfa275ef271197,2132,0xd4fc1974bfb6721785ca25828711d76a0fc2fea3,3928.582759,3928.582759,0.0,1,0,1710953485
2024-03-14,0x61366a4e6b1db1b85dd701f2f4bfa275ef271197,2135,0xa32ed73eae62f165e3b3ddbeb19100e3cfe17fc3,42361.369199,42361.369199,0.0,1,0,1710967779
2024-03-14,0x61366a4e6b1db1b85dd701f2f4bfa275ef271197,2138,0x3ba1ff476a9a3dd20be5f10311c1033da584d19b,3966.839782,3966.839782,0.0,1,0,1710957229
2024-03-14,0x61366a4e6b1db1b85dd701f2f4bfa275ef271197,2140,0x217dd57e76b135095f3863968f21cee6efec5792,4769.211632,4769.211632,0.0,1,0,1710970603
2024-03-14,0x61366a4e6b1db1b85dd701f2f4bfa275ef271197,2156,0x72bdf017721111185f159bef28b701491096c7ce,3931.806148,3931.806148,0.0,1,0,1710958587
2024-03-14,0x61366a4e6b1db1b85dd701f2f4bfa275ef271197,2169,0x755fa1543e7fba12dd992e836d68fe043f141b0b,3901.7662,3901.7662,0.0,1,0,1710960087
2024-03-14,0x61366a4e6b1db1b85dd701f2f4bfa275ef271197,2184,0xcf6862511797537ebf04ea5b16e08ce1826ed413,4005.594348,4005.594348,0.0,1,0,1710971313
2024-03-14,0x61366a4e6b1db1b85dd701f2f4bfa275ef271197,2199,0x52dcc21458b8e79d6fd3a7de51d322a602397bbe,3878.347659,3878.347659,0.0,1,0,1710966145
2024-03-14,0x61366a4e6b1db1b85dd701f2f4bfa275ef271197,2273,0x69d6c073b693c250e26b9daaa439bfcb4993a6e4,3673.796562,3673.796562,3691.893204,1,1,1710973715
2024-03-14,0x61366a4e6b1db1b85dd701f2f4bfa275ef271197,2277,0x8dbce5563c2d86857a7d559453282f315f90bfb8,0.0,0.0,3587.292418,0,1,1710900343
2024-03-14,0x61366a4e6b1db1b85dd701f2f4bfa275ef271197,2289,0xb11fe701874bf43197702b53ebdb304b0a1be053,3805.785601,3805.785601,0.0,1,0,1710974259
2024-03-14,0x61366a4e6b1db1b85dd701f2f4bfa275ef271197,2333,0xacecac0129b7ffbc5879e7175c5d46227c4a8c37,3499.214261,3499.214261,0.0,1,0,1710970093
2024-03-14,0x61366a4e6b1db1b85dd701f2f4bfa275ef271197,2343,0x5f219a363f1ce98607e08659a1ef51ed9c7b2958,3580.468596,3580.468596,0.0,1,0,1710956029
2024-03-14,0x61366a4e6b1db1b85dd701f2f4bfa275ef271197,2349,0xe6156d93fba1f2387fce5f50f1bb45ef51ed5f2b,0.0,0.0,3565.030376,0,1,1710735877
2024-03-14,0x61366a4e6b1db1b85dd701f2f4bfa275ef271197,2352,0x514fab6ca1213f22db9f7e1bd461986abaee93b1,4460.059295,4460.059295,0.0,1,0,1710942827
2024-03-14,0x61366a4e6b1db1b85dd701f2f4bfa275ef271197,2355,0x8fb66dbf6a4d1cdaed5b72135324f345fa6c9b83,4400.954483,4400.954483,0.0,1,0,1710942827
2024-03-14,0x61366a4e6b1db1b85dd701f2f4bfa275ef271197,2357,0xfd6696e745434d6bc6af360ebcf81876cde48d90,4446.476244,4446.476244,0.0,1,0,1710942829
2024-03-14,0x61366a4e6b1db1b85dd701f2f4bfa275ef271197,2361,0xcbdfb1f0988749f791e265f60a485cc0f996a1cb,4403.256186,4403.256186,0.0,1,0,1710942827
2024-03-14,0x61366a4e6b1db1b85dd701f2f4bfa275ef271197,2362,0xbaa9b493bccbe1a900b39870980f41356f85822a,4359.273286,4359.273286,4351.881544,1,1,1710963125
2024-03-14,0x61366a4e6b1db1b85dd701f2f4bfa275ef271197,2372,0x4eb4ff4206b92b28383819275a91be201899467a,4457.033419,4457.033419,0.0,1,0,1710943159
2024-03-14,0x61366a4e6b1db1b85dd701f2f4bfa275ef271197,2375,0x2e7f0f4dabdfe46f743e7dd3eedb86b92cf78494,4473.186027,4473.186027,0.0,1,0,1710943159
2024-03-14,0x61366a4e6b1db1b85dd701f2f4bfa275ef271197,2376,0xc03edd677a9f4ed8128532a9b31e9a3fc2efffb2,4525.011132,4525.011132,0.0,1,0,1710943161
2024-03-14,0x61366a4e6b1db1b85dd701f2f4bfa275ef271197,2381,0x8fc4a12a6f356d51417339043421f6c434f3e3df,4508.419113,4508.419113,0.0,1,0,1710943159
2024-03-14,0x61366a4e6b1db1b85dd701f2f4bfa275ef271197,2447,0xdf90bc63d773e674e0ce2488dbf173cdc3622796,3401.545054,3401.545054,3395.77727,1,1,1710943909
2024-03-14,0x61366a4e6b1db1b85dd701f2f4bfa275ef271197,2474,0x47c465e7beac169081371969c0fcf62d10c84ef7,3362.461898,3362.461898,3362.461898,1,1,1710972733
2024-03-14,0x61366a4e6b1db1b85dd701f2f4bfa275ef271197,2505,0x7f8374961620a370c47eedb599076320d5c82c9b,3320.078303,3320.078303,0.0,1,0,1710968419
2024-03-14,0x61366a4e6b1db1b85dd701f2f4bfa275ef271197,2537,0xbfd212ba98bde92e75705292a290563bf85edac0,0.0,0.0,3171.550333,0,1,1710910979
2024-03-14,0x61366a4e6b1db1b85dd701f2f4bfa275ef271197,2543,0xea7799bb4139bc81fb001bd009bba7989fa0dad3,3033.356201,3033.356201,0.0,1,0,1710973143
2024-03-14,0x61366a4e6b1db1b85dd701f2f4bfa275ef271197,2558,0x6f69f79cea418024b9e0acfd18bd8de26f9bbe39,1571.806463,1571.806463,0.0,1,0,1710955499
2024-03-14,0x61366a4e6b1db1b85dd701f2f4bfa275ef271197,2572,0xbdf115e1d046d7349a661eaa251d48608e3f939e,3126.028545,3126.028545,0.0,1,0,1710924175
2024-03-14,0x61366a4e6b1db1b85dd701f2f4bfa275ef271197,2610,0x815be786d0d761d943d6956bfb3cbfc535523cbd,3145.353199,3145.353199,0.0,1,0,1710931219
2024-03-14,0x61366a4e6b1db1b85dd701f2f4bfa275ef271197,2617,0x06040158f9dd01fb6cc71ad99ec854c1a5a69ee9,3150.882028,3150.882028,0.0,1,0,1710974209
2024-03-14,0x61366a4e6b1db1b85dd701f2f4bfa275ef271197,2623,0xd12d05ba5bf8983e8c41071a32422c3c2d309669,3189.249346,3189.249346,0.0,1,0,1710954529
2024-03-14,0x61366a4e6b1db1b85dd701f2f4bfa275ef271197,2658,0xb9406fdc51ed957eb286c89c722aa5569bb6fd1a,3113.278333,3113.278333,0.0,1,0,1710940683
2024-03-14,0x61366a4e6b1db1b85dd701f2f4bfa275ef271197,2714,0xf059b59bdbec91d83c558b4a3cd3c1c6e275f2f1,5037.253544,5037.253544,5028.712195,1,1,1710957257
2024-03-14,0x61366a4e6b1db1b85dd701f2f4bfa275ef271197,2763,0x30818b058547c8c4ade180bf08bb01aa2fed1dfd,2622.004096,2622.004096,0.0,1,0,1710940581
2024-03-14,0x61366a4e6b1db1b85dd701f2f4bfa275ef271197,2778,0x29f38498071b772a99bab18c7ea4125387ed2332,2654.141288,2654.141288,0.0,1,0,1710963679
2024-03-14,0x61366a4e6b1db1b85dd701f2f4bfa275ef271197,2821,0xb6a4035370947825d94ca4ac5d30d828ad50265c,2507.000472,2507.000472,0.0,1,0,1710973859
2024-03-14,0x61366a4e6b1db1b85dd701f2f4bfa275ef271197,2889,0x6a6583bf96f9fe5865f75606dd6f8a333a28d881,2257.201762,2257.201762,0.0,1,0,1710975129
2024-03-14,0x61366a4e6b1db1b85dd701f2f4bfa275ef271197,2925,0x748abd713b707fb551784ea46a908a5eeacbe6cc,2185.947379,2185.947379,0.0,1,0,1710970819
2024-03-14,0x61366a4e6b1db1b85dd701f2f4bfa275ef271197,2956,0xd4245cb7e14ad1309fd999c63ac84901700a8899,0.0,0.0,2386.388341,0,1,1710848789
2024-03-14,0x61366a4e6b1db1b85dd701f2f4bfa275ef271197,2959,0xd0c218b477a000aa75f618c1793bfa9198bab7d0,0.0,0.0,2248.973353,0,1,1710943835
2024-03-14,0x61366a4e6b1db1b85dd701f2f4bfa275ef271197,3008,0x3bb8d70932685e75fb11c166b2c30f5b0a0c959e,1982.50208,1982.50208,1979.140478,1,1,1710968593
2024-03-14,0x61366a4e6b1db1b85dd701f2f4bfa275ef271197,3037,0x74887f105a8e96c3457e5fbd5fc999f22cb7a998,2323.732676,2323.732676,0.0,1,0,1710969137
2024-03-14,0x61366a4e6b1db1b85dd701f2f4bfa275ef271197,3049,0x24de90e08999faed07011a574104fe57f3465f96,2034.620476,2034.620476,0.0,1,0,1710929925
2024-03-14,0x61366a4e6b1db1b85dd701f2f4bfa275ef271197,3090,0x64836f2ba7f1036d5126ad20a2dc0ffef119a63c,1869.110048,1869.110048,0.0,1,0,1710959507
2024-03-14,0x61366a4e6b1db1b85dd701f2f4bfa275ef271197,3247,0x99d6d24012361620bfa1a3f16d4e745066fc7c69,1673.879109,1673.879109,0.0,1,0,1710936279
2024-03-14,0x61366a4e6b1db1b85dd701f2f4bfa275ef271197,3248,0xc5ba2b86292a73830cfe7619f24f4fcab66e398b,1639.255794,1639.255794,0.0,1,0,1710936283
2024-03-14,0x61366a4e6b1db1b85dd701f2f4bfa275ef271197,3249,0xe6318ac14dc1235e01af21d354088118e15783ba,1641.507362,1641.507362,0.0,1,0,1710936323
2024-03-14,0x61366a4e6b1db1b85dd701f2f4bfa275ef271197,3250,0xdf23d6fd44249716a515bdddc81b82c18b915345,1641.507101,1641.507101,0.0,1,0,1710936321
2024-03-14,0x61366a4e6b1db1b85dd701f2f4bfa275ef271197,3266,0x7b329c7feffadc2217d9745e6e4cd28aa5434363,0.0,0.0,1657.217083,0,1,1710947601
2024-03-14,0x61366a4e6b1db1b85dd701f2f4bfa275ef271197,3367,0x6e3622f14697fb88c3bac315ecb555c219e8ac45,1481.462019,1481.462019,0.0,1,0,1710947627
2024-03-14,0x61366a4e6b1db1b85dd701f2f4bfa275ef271197,3416,0x0737467164f8bb1ef64f006612edb6035aea6efb,725.979462,725.979462,0.0,1,0,1710921041
2024-03-14,0x61366a4e6b1db1b85dd701f2f4bfa275ef271197,3453,0x15446371fe06e86fcd27b1f567491a3eee9c238e,1352.874802,1352.874802,0.0,1,0,1710936285
2024-03-14,0x61366a4e6b1db1b85dd701f2f4bfa275ef271197,3470,0x8dc4eac2012e04f62ef6445cdf4b19dea81a2d8b,2237.202599,2237.202599,0.0,1,0,1710966101
2024-03-14,0x61366a4e6b1db1b85dd701f2f4bfa275ef271197,3493,0x42acf5773af88b0e49f413e10edf9bcef93c3805,1309.67156,1309.67156,0.0,1,0,1710936287
2024-03-14,0x61366a4e6b1db1b85dd701f2f4bfa275ef271197,3536,0xec46be6984d3a92d5f3b2d3e54fb827cd8d043b1,624.388688,624.388688,0.0,1,0,1710944503
2024-03-14,0x61366a4e6b1db1b85dd701f2f4bfa275ef271197,3550,0xf03df965490882583018c64fd41fa82d7dee032f,0.0,0.0,4611.90574,0,1,1710888585
2024-03-14,0x61366a4e6b1db1b85dd701f2f4bfa275ef271197,3758,0xe492e921f11d8c42f78e80e9bb9abc75d9c49243,0.0,0.0,854.716162,0,1,1710875943
2024-03-14,0x61366a4e6b1db1b85dd701f2f4bfa275ef271197,3781,0xaf11495f021c5c2c5f5230f40d5d57ebe4059700,29304.763467,29304.763467,0.0,1,0,1710968279
2024-03-14,0x61366a4e6b1db1b85dd701f2f4bfa275ef271197,3850,0xf81d02a2797afd51c71225b07076f87b29bca025,969.125463,969.125463,0.0,1,0,1710936109
2024-03-14,0x61366a4e6b1db1b85dd701f2f4bfa275ef271197,3864,0xa13c2def62c36697407fbe7d574e946bf60d7350,310.646347,310.646347,312.165993,1,1,1710968607
2024-03-14,0x61366a4e6b1db1b85dd701f2f4bfa275ef271197,3941,0xf935861a8b8cc6867eeb463d97b501c69d177092,873.034476,873.034476,0.0,1,0,1710936279
2024-03-14,0x61366a4e6b1db1b85dd701f2f4bfa275ef271197,3962,0xf51754d95c0b9bb416ab4915e9f10b04d04d29e5,859.611916,859.611916,0.0,1,0,1710973125
2024-03-14,0x61366a4e6b1db1b85dd701f2f4bfa275ef271197,4040,0x31e01a9b0796e131b5661eeaeb93981315b7d8d5,12850.442579,12850.442579,0.0,1,0,1710942367
2024-03-14,0x61366a4e6b1db1b85dd701f2f4bfa275ef271197,4067,0x3ec783b1c10d39f1653c20c821e0ed810eaf6a2e,0.0,0.0,774.292678,0,1,1710689049
2024-03-14,0x61366a4e6b1db1b85dd701f2f4bfa275ef271197,4107,0xa8293dd8eb52564a35b8357a539146321b934153,739.93106,739.93106,0.0,1,0,1710972443
2024-03-14,0x61366a4e6b1db1b85dd701f2f4bfa275ef271197,4149,0xf8e23dbd5817d577188cfe8d55227d2072b8a3ed,0.0,0.0,3856.02183,0,1,1710732971
2024-03-14,0x61366a4e6b1db1b85dd701f2f4bfa275ef271197,4195,0x25a67a5f1f3125dd24e59289e82e890fcabe796c,0.0,0.0,709.62894,0,1,1710966607
2024-03-14,0x61366a4e6b1db1b85dd701f2f4bfa275ef271197,4197,0xc9ea255b552793e2533f666013a8d1d9e36cc206,0.0,0.0,691.314735,0,1,1710966545
2024-03-14,0x61366a4e6b1db1b85dd701f2f4bfa275ef271197,4231,0x633f6bb51b30aed1fec4625774919eca9f5aa55e,0.0,0.0,691.196894,0,1,1710966591
2024-03-14,0x61366a4e6b1db1b85dd701f2f4bfa275ef271197,4502,0x553222b267bc978aca3c28493aef72d924b264bd,466.029849,466.029849,476.246455,1,1,1710733413
2024-03-14,0x61366a4e6b1db1b85dd701f2f4bfa275ef271197,4509,0x52dcc21458b8e79d6fd3a7de51d322a602397bbe,551.542242,551.542242,0.0,1,0,1710965993
2024-03-14,0x61366a4e6b1db1b85dd701f2f4bfa275ef271197,4544,0x9885ac5d0296388fb290a392c6b27d5ab1605596,0.0,0.0,510.79093,0,1,1710407235
2024-03-14,0x61366a4e6b1db1b85dd701f2f4bfa275ef271197,4584,0x3c948a11c4d5462ace49a505ece7112531b16725,569.035093,569.035093,563.058047,1,1,1710398203
2024-03-14,0x61366a4e6b1db1b85dd701f2f4bfa275ef271197,4704,0xa4c136dc1b03a934a06a0ba21d22ad5e4d4a7f10,446.471767,446.471767,0.0,1,0,1710944415
2024-03-14,0x61366a4e6b1db1b85dd701f2f4bfa275ef271197,4756,0x7e73ff12a9883ea094162f6d15bd2592988ce070,453.143071,453.143071,0.0,1,0,1710964563
2024-03-14,0x61366a4e6b1db1b85dd701f2f4bfa275ef271197,5467,0x46f1e3bb1fef29b380c491309237c3c83782945f,0.0,0.0,373.449486,0,1,1710576103
2024-03-14,0x61366a4e6b1db1b85dd701f2f4bfa275ef271197,5476,0x3967d78660bcbc95c625d58a40c42ce10bd905d6,1911.067858,1911.067858,1884.876777,1,1,1710973019
2024-03-14,0x61366a4e6b1db1b85dd701f2f4bfa275ef271197,5639,0x55bdd60c454fd1f1ecf567bbac8b29ad02c49d95,0.0,0.0,367.668283,0,1,1710892437
2024-03-14,0x61366a4e6b1db1b85dd701f2f4bfa275ef271197,5738,0x79f91e61466426e50499b9bd56e46ac2f9df78e6,365.299355,365.299355,0.0,1,0,1710928285
2024-03-14,0x61366a4e6b1db1b85dd701f2f4bfa275ef271197,6009,0x2ceba06d249bbfa20894e2092b77dd86db0a9302,413.87146,413.87146,0.0,1,0,1710964621
2024-03-14,0x61366a4e6b1db1b85dd701f2f4bfa275ef271197,6197,0x0e15e6d82aca20e7c4a5c753b38d8ed0d8d09010,352.091413,352.091413,0.0,1,0,1710970467
2024-03-14,0x61366a4e6b1db1b85dd701f2f4bfa275ef271197,6798,0xe77ffc696724fd0fcff578a05f3023081ae888c0,6358.022987,6358.022987,0.0,1,0,1710966461
2024-03-14,0x61366a4e6b1db1b85dd701f2f4bfa275ef271197,7121,0x011b0a055e02425461a1ae95b30f483c4ff05be7,386590.006453,386590.006453,0.0,1,0,1710974045
2024-03-14,0x61366a4e6b1db1b85dd701f2f4bfa275ef271197,7128,0x0f45156f109e474295913d78036fa213b1745d5a,146132.20817,146132.20817,0.0,1,0,1710954729
2024-03-14,0x61366a4e6b1db1b85dd701f2f4bfa275ef271197,7129,0x4c55adf88fe327befba5dd15000b039b818f365f,0.0,0.0,1331.058971,0,1,1710898663
2024-03-14,0x61366a4e6b1db1b85dd701f2f4bfa275ef271197,7136,0xd87ecc6c74f486b044824a222326a96f696fcfa2,116103.830481,116103.830481,0.0,1,0,1710955147
2024-03-14,0x61366a4e6b1db1b85dd701f2f4bfa275ef271197,7196,0x2b4a4fe93639c70aae55adf5e63f3cbf10956292,302313.843538,302313.843538,0.0,1,0,1710971625
2024-03-14,0x61366a4e6b1db1b85dd701f2f4bfa275ef271197,7322,0xdd1c5aebd67f3c662fb6487df60cb5fdb1823a1a,3290.7282,3290.7282,1964.338535,1,1,1710522259
2024-03-14,0x61366a4e6b1db1b85dd701f2f4bfa275ef271197,7375,0xdd1c5aebd67f3c662fb6487df60cb5fdb1823a1a,0.0,0.0,1312.533011,0,1,1710522151
2024-03-14,0x61366a4e6b1db1b85dd701f2f4bfa275ef271197,7723,0xa65a864ca19535e4c06000768c6cfa9f6ebaeb12,0.0,0.0,1763.783799,0,1,1710975335
2024-03-14,0x61366a4e6b1db1b85dd701f2f4bfa275ef271197,7732,0xee9a23404333361302790e905bd0f27603d39818,43570.411606,43570.411606,0.0,1,0,1710943237
2024-03-14,0x61366a4e6b1db1b85dd701f2f4bfa275ef271197,7733,0x9f0f8f07ec71a6435f1574ec022e98b5445d4988,56402.353704,56402.353704,0.0,1,0,1710943509
2024-03-14,0x61366a4e6b1db1b85dd701f2f4bfa275ef271197,7997,0x41117551e82bc1eeb196150c4f476158f7757aee,0.0,0.0,8.559727,0,1,1710836313
2024-03-14,0x61366a4e6b1db1b85dd701f2f4bfa275ef271197,8032,0xf265702178a66b4b7ce079fc8a1629e47cf1bcde,157079.48228,157079.48228,261355.221024,1,1,1710975405
2024-03-14,0x61366a4e6b1db1b85dd701f2f4bfa275ef271197,8330,0x43386877500087ee7da43ef57c8691490ddcebac,403324.087279,403324.087279,0.0,1,0,1710948693
2024-03-14,0x61366a4e6b1db1b85dd701f2f4bfa275ef271197,8350,0x0f45156f109e474295913d78036fa213b1745d5a,74409.85729,74409.85729,0.0,1,0,1710954783
2024-03-14,0x61366a4e6b1db1b85dd701f2f4bfa275ef271197,8355,0x1594b251df6b70ca9a01d4de0836ab4fd9811241,67015.866693,67015.866693,0.0,1,0,1710971877
2024-03-14,0x61366a4e6b1db1b85dd701f2f4bfa275ef271197,8356,0x166c794d890dd91bbe71f304eca660e1c4892cbb,0.0,0.0,130716.241361,0,1,1710954375
2024-03-14,0x61366a4e6b1db1b85dd701f2f4bfa275ef271197,8405,0x5d6f3d0c92d0564151357b0863e55e9ed4631b8d,5968.265245,8300.756155,3461.066525,3,3,1710970561
2024-03-14,0x61366a4e6b1db1b85dd701f2f4bfa275ef271197,8434,0x9f0f8f07ec71a6435f1574ec022e98b5445d4988,61571.168241,61571.168241,0.0,1,0,1710943545
2024-03-14,0x61366a4e6b1db1b85dd701f2f4bfa275ef271197,8467,0xd87ecc6c74f486b044824a222326a96f696fcfa2,170509.304615,170509.304615,0.0,1,0,1710955147
2024-03-14,0x61366a4e6b1db1b85dd701f2f4bfa275ef271197,8485,0xfdbbfb0fe2986672af97eca0e797d76a0bbf35c9,516774.855586,516774.855586,0.0,1,0,1710970833
2024-03-14,0x61366a4e6b1db1b85dd701f2f4bfa275ef271197,8494,0x71fbfe41a9ddedd13ef25a337fae01438064a08d,13728.185659,13728.185659,0.0,1,0,1710946487
2024-03-14,0x61366a4e6b1db1b85dd701f2f4bfa275ef271197,8524,0x23d7c2fb9f163441874d72399b28d677f47020b0,32084.352064,32084.352064,0.0,1,0,1710955913
2024-03-14,0x61366a4e6b1db1b85dd701f2f4bfa275ef271197,8631,0x5243968110439573d2395f1afe38f0f471c3510d,8628.711144,8628.711144,0.0,1,0,1710942363
2024-03-14,0x61366a4e6b1db1b85dd701f2f4bfa275ef271197,8685,0x622f88102bf8d68e65faf109f66e0781b46bbed3,1566.30848,1566.30848,0.0,1,0,1710941003
2024-03-14,0x61366a4e6b1db1b85dd701f2f4bfa275ef271197,8748,0x31b22fb973e179b33622455dcc702058f5d8c92f,111.222885,111.222885,111.79389,1,1,1710923481
2024-03-14,0x61366a4e6b1db1b85dd701f2f4bfa275ef271197,8918,0xb22c756147b846e5a97fe4019eb6c6b243892128,1802.015331,1802.015331,0.0,1,0,1710940603
2024-03-14,0x61366a4e6b1db1b85dd701f2f4bfa275ef271197,8920,0x0cd86b4c5125ea2713574ac763fb28f15e228c2e,1797.549977,1797.549977,0.0,1,0,1710940911
2024-03-14,0x61366a4e6b1db1b85dd701f2f4bfa275ef271197,9220,0xf51e5a0a85d29aa0508894405d734bcf044dcb5b,205305.760073,205305.760073,0.0,1,0,1710971763
2024-03-14,0x61366a4e6b1db1b85dd701f2f4bfa275ef271197,9224,0x3aa8ac0e6c1fb9cbb733565de16cdc5a676bcb04,32451.425932,32451.425932,0.0,1,0,1710972909
2024-03-14,0x61366a4e6b1db1b85dd701f2f4bfa275ef271197,9261,0xb6f28ae8f31d85dc27361852b986286113bc588d,2670.504303,2670.504303,0.0,1,0,1710974123
2024-03-14,0x61366a4e6b1db1b85dd701f2f4bfa275ef271197,9282,0x5929cc4d10b6a1acc5bf5d221889f10251c628a1,5600.993401,5600.993401,0.0,1,0,1710961153
2024-03-14,0x61366a4e6b1db1b85dd701f2f4bfa275ef271197,9292,0x2b4a4fe93639c70aae55adf5e63f3cbf10956292,8614.410882,8614.410882,8599.803975,1,1,1710972665
2024-03-14,0x61366a4e6b1db1b85dd701f2f4bfa275ef271197,9296,0x9f0f8f07ec71a6435f1574ec022e98b5445d4988,57592.349062,57592.349062,0.0,1,0,1710943569
2024-03-14,0x61366a4e6b1db1b85dd701f2f4bfa275ef271197,9323,0x977469bde563c277cd0e92326126413043f4bacf,55054.543951,55054.543951,0.0,1,0,1710965081
2024-03-14,0x61366a4e6b1db1b85dd701f2f4bfa275ef271197,9325,0x1594b251df6b70ca9a01d4de0836ab4fd9811241,75982.277424,75982.277424,0.0,1,0,1710971951
2024-03-14,0x61366a4e6b1db1b85dd701f2f4bfa275ef271197,9371,0x6580bcc99af557e277cae063d7308cdbd59bf7b3,0.0,0.0,683161.043611,0,1,1710939623
2024-03-14,0x61366a4e6b1db1b85dd701f2f4bfa275ef271197,9372,0x6a2064a87f83aee30a9331c680763ed7d473ae23,79664.22034,79664.22034,0.0,1,0,1710965287
2024-03-14,0x61366a4e6b1db1b85dd701f2f4bfa275ef271197,9374,0x6a2064a87f83aee30a9331c680763ed7d473ae23,55833.550486,55833.550486,0.0,1,0,1710965367
2024-03-14,0x61366a4e6b1db1b85dd701f2f4bfa275ef271197,9629,0x0f45156f109e474295913d78036fa213b1745d5a,310684.210743,310684.210743,0.0,1,0,1710954855
2024-03-14,0x61366a4e6b1db1b85dd701f2f4bfa275ef271197,9631,0xd87ecc6c74f486b044824a222326a96f696fcfa2,369044.265897,369044.265897,0.0,1,0,1710955201
2024-03-14,0x61366a4e6b1db1b85dd701f2f4bfa275ef271197,9678,0x9faa9d3fdbf962d8ce187575e68a44cd858dcba8,26654.675717,26654.675717,0.0,1,0,1710960625
2024-03-14,0x61366a4e6b1db1b85dd701f2f4bfa275ef271197,9707,0x60034a6d90f54d3bbc3188033fd08b1a146802ba,1519.511097,1519.511097,0.0,1,0,1710523543
2024-03-14,0x61366a4e6b1db1b85dd701f2f4bfa275ef271197,9891,0x9faa9d3fdbf962d8ce187575e68a44cd858dcba8,47122.158469,47122.158469,0.0,1,0,1710960679
2024-03-14,0x61366a4e6b1db1b85dd701f2f4bfa275ef271197,9907,0x4127143a866bf5d8ad2afb6de8e63164b8ad5bf6,213430.846111,213430.846111,0.0,1,0,1710961787
2024-03-14,0x61366a4e6b1db1b85dd701f2f4bfa275ef271197,9950,0x9faa9d3fdbf962d8ce187575e68a44cd858dcba8,30296.374794,30296.374794,0.0,1,0,1710960705
2024-03-14,0x61366a4e6b1db1b85dd701f2f4bfa275ef271197,9985,0x6a2064a87f83aee30a9331c680763ed7d473ae23,22099.856759,22099.856759,0.0,1,0,1710965403
2024-03-14,0x61366a4e6b1db1b85dd701f2f4bfa275ef271197,9989,0x2b4a4fe93639c70aae55adf5e63f3cbf10956292,26223.790619,26223.790619,26179.324609,1,1,1710972695
2024-03-14,0x61366a4e6b1db1b85dd701f2f4bfa275ef271197,9992,0x0172e05392aba65366c4dbbb70d958bbf43304e4,22892.855819,22892.855819,0.0,1,0,1710969939
2024-03-14,0x61366a4e6b1db1b85dd701f2f4bfa275ef271197,10112,0xafcd604fc2b046705b559eec75c292606360e4df,14343.694066,14343.694066,0.0,1,0,1710943783
2024-03-14,0x61366a4e6b1db1b85dd701f2f4bfa275ef271197,10167,0x32d6306ec178bcefe7b8d7302689376b42b047ee,1286234.848655,1286234.848655,1284053.862211,1,1,1710933615
2024-03-14,0x61366a4e6b1db1b85dd701f2f4bfa275ef271197,10263,0x0c688322a70da7c228959f55bee9ddb2f04771c8,2824.625402,2824.625402,0.0,1,0,1710974519
2024-03-14,0x61366a4e6b1db1b85dd701f2f4bfa275ef271197,10294,0x48a6a8d403a58eccc70d4d57347f801d4e182564,23617085.280622,23617085.280622,34055960.254313,1,1,1710962043
2024-03-14,0x61366a4e6b1db1b85dd701f2f4bfa275ef271197,10295,0xc875b3dae5b0c371bc8cf9ded64868b78ac47587,4568173.314127,4568173.314127,3036795.209523,1,1,1710977963
2024-03-14,0x61366a4e6b1db1b85dd701f2f4bfa275ef271197,10296,0x03c70563e94de5de56c11a0cc4ce3482f592854f,11389034.983748,11389034.983748,7571115.301772,1,1,1710977765
2024-03-14,0x61366a4e6b1db1b85dd701f2f4bfa275ef271197,10298,0xc9814f18a8751214f719de15c54d01b3d78ef14f,2069849.32307,239863977.611998,239203648.540575,170,170,1710977733
2024-03-14,0x61366a4e6b1db1b85dd701f2f4bfa275ef271197,10313,0xce76e10b764de934d09883598b329498fe72d9e5,76080.873977,76080.873977,0.0,1,0,1710947509
2024-03-14,0x61366a4e6b1db1b85dd701f2f4bfa275ef271197,10449,0x29197c3b222fcff8571e5af8029e2e7fcabddf19,22904.245132,22904.245132,0.0,1,0,1710950781
2024-03-14,0x61366a4e6b1db1b85dd701f2f4bfa275ef271197,10458,0xd87ecc6c74f486b044824a222326a96f696fcfa2,27049.63284,27049.63284,0.0,1,0,1710955249
2024-03-14,0x61366a4e6b1db1b85dd701f2f4bfa275ef271197,10459,0x0f45156f109e474295913d78036fa213b1745d5a,16200.476822,16200.476822,0.0,1,0,1710954917
2024-03-14,0x61366a4e6b1db1b85dd701f2f4bfa275ef271197,10463,0x9faa9d3fdbf962d8ce187575e68a44cd858dcba8,11013.103925,11013.103925,0.0,1,0,1710960651
2024-03-14,0x61366a4e6b1db1b85dd701f2f4bfa275ef271197,10482,0xd5ae574275450148e40e3c5c3d688df7d02c4228,18663.557258,18663.557258,11179.146392,1,1,1710947577
2024-03-14,0x61366a4e6b1db1b85dd701f2f4bfa275ef271197,10503,0x2b4a4fe93639c70aae55adf5e63f3cbf10956292,1501.393585,1501.393585,1496.389052,1,1,1710972725
2024-03-14,0x61366a4e6b1db1b85dd701f2f4bfa275ef271197,10651,0x2fe5a31a678a114a297b18dec7771601fdcdec9f,15798.439012,15798.439012,0.0,1,0,1710931995
2024-03-14,0x61366a4e6b1db1b85dd701f2f4bfa275ef271197,10833,0x35dca3c52e4e8766fe9dae7082e4337e203b9556,2350.92426,2350.92426,0.0,1,0,1710946937
2024-03-14,0x61366a4e6b1db1b85dd701f2f4bfa275ef271197,10836,0xe742c794bfe6393b9cb5643058d9810ef488e1ac,71713.011983,71713.011983,0.0,1,0,1710973991
2024-03-14,0x61366a4e6b1db1b85dd701f2f4bfa275ef271197,10881,0xfb8826794abb11d8528e3934af4470dcac7615b2,47.360988,47.360988,23.122009,1,1,1710488217
2024-03-14,0x61366a4e6b1db1b85dd701f2f4bfa275ef271197,10906,0xd832dc1b9f66f3ef378a9c21bbeffaae9469be2d,2146.456976,2146.456976,0.0,1,0,1710925457
2024-03-14,0x61366a4e6b1db1b85dd701f2f4bfa275ef271197,10983,0x35dca3c52e4e8766fe9dae7082e4337e203b9556,23444.796531,23444.796531,0.0,1,0,1710946897
2024-03-14,0x61366a4e6b1db1b85dd701f2f4bfa275ef271197,11069,0x9bd11e9313f61b2aed601eb9d8271c3230752e7e,72300.666386,72300.666386,0.0,1,0,1710948717
2024-03-14,0x61366a4e6b1db1b85dd701f2f4bfa275ef271197,11120,0x0b5897d201d83a9fcbeefc086c100a8eaa5ada9a,8468.324148,8468.324148,0.0,1,0,1710929451
2024-03-14,0x61366a4e6b1db1b85dd701f2f4bfa275ef271197,11127,0xeb2d541a7599eecc86049e366aa82a914a7cbc74,10525.629955,10525.629955,0.0,1,0,1710955451
2024-03-14,0x61366a4e6b1db1b85dd701f2f4bfa275ef271197,11221,0xa92aecf166253ee71b7f805ee6783ba5417e4aa4,0.0,0.0,21809.278603,0,1,1710947613
2024-03-14,0x61366a4e6b1db1b85dd701f2f4bfa275ef271197,11277,0x0aad9ea1468e2d39d4c1492e66fccbebd3c93f6c,1693.28087,1693.28087,0.0,1,0,1710959895
2024-03-14,0x61366a4e6b1db1b85dd701f2f4bfa275ef271197,11305,0xd87ecc6c74f486b044824a222326a96f696fcfa2,10511.569777,10511.569777,0.0,1,0,1710955287
2024-03-14,0x61366a4e6b1db1b85dd701f2f4bfa275ef271197,11316,0x2b4a4fe93639c70aae55adf5e63f3cbf10956292,3070.304134,3070.304134,3060.070017,1,1,1710972753
2024-03-14,0x61366a4e6b1db1b85dd701f2f4bfa275ef271197,11347,0x670647441d9c24d981923c9293a2e4eae6d0c8b3,679620.110404,679620.110404,0.0,1,0,1710974045
2024-03-14,0x61366a4e6b1db1b85dd701f2f4bfa275ef271197,11352,0xce76e10b764de934d09883598b329498fe72d9e5,10356.098284,10356.098284,0.0,1,0,1710947523
2024-03-14,0x61366a4e6b1db1b85dd701f2f4bfa275ef271197,11399,0x28878aec6b4209d90a40890183e3322f0ae5b2e2,112014.58326,112014.58326,74154.43632,1,1,1710967323
2024-03-14,0x61366a4e6b1db1b85dd701f2f4bfa275ef271197,11403,0xfe5e52e94970be23e55ec621b25be15d09204e5d,4306.050642,4306.050642,4320.695996,1,1,1710946687
2024-03-14,0x61366a4e6b1db1b85dd701f2f4bfa275ef271197,11433,0xbbafc0bc7e6c9bc0ec2c3924c0db2b96a260c8ed,9021.548892,9021.548892,0.0,1,0,1710968911
2024-03-14,0x61366a4e6b1db1b85dd701f2f4bfa275ef271197,11664,0x8f5fa47921f80109450d07081090112077951050,717.457285,717.457285,0.0,1,0,1710940547
2024-03-14,0x61366a4e6b1db1b85dd701f2f4bfa275ef271197,11819,0xced114819d5e81617a072c4be84525cc668e5486,257737.780235,257737.780235,0.0,1,0,1710948795
2024-03-14,0x61366a4e6b1db1b85dd701f2f4bfa275ef271197,12024,0x34a09c6b42d7d11cf23008ad63ac2983e18efbdd,91292.448306,91292.448306,0.0,1,0,1710972767
2024-03-14,0x61366a4e6b1db1b85dd701f2f4bfa275ef271197,12032,0xc12faf701d05af1cfabdefc770c3b3c7b59eae10,1118.0,1118.0,0.0,1,0,1710974051
2024-03-14,0x61366a4e6b1db1b85dd701f2f4bfa275ef271197,12035,0xd87ecc6c74f486b044824a222326a96f696fcfa2,1039.264583,1039.264583,0.0,1,0,1710955145
2024-03-14,0x61366a4e6b1db1b85dd701f2f4bfa275ef271197,12048,0x24f75b875244645c085bfde928c2ba91020b70c7,61395.503134,61395.503134,0.0,1,0,1710975489
2024-03-14,0x61366a4e6b1db1b85dd701f2f4bfa275ef271197,12111,0x2b4a4fe93639c70aae55adf5e63f3cbf10956292,3464.269564,3464.269564,3452.722258,1,1,1710972787
2024-03-14,0x61366a4e6b1db1b85dd701f2f4bfa275ef271197,12112,0x52dcc21458b8e79d6fd3a7de51d322a602397bbe,57104.160546,57104.160546,0.0,1,0,1710965827
2024-03-14,0x61366a4e6b1db1b85dd701f2f4bfa275ef271197,12147,0x5d396a2106694308a40608ef14a1c0892b6b7faa,23322.372164,23322.372164,0.0,1,0,1710965043
2024-03-14,0x61366a4e6b1db1b85dd701f2f4bfa275ef271197,12340,0x3fe0c9e9b0d2bee9cf82405e31a75555016eeb16,11.712505,11.712505,3.438093,1,1,1710687653
2024-03-14,0x61366a4e6b1db1b85dd701f2f4bfa275ef271197,12454,0xae2adf9a0727e69b6f5105d183e684894a75d39a,12.140017,12.140017,0.0,1,0,1710808387
2024-03-14,0x61366a4e6b1db1b85dd701f2f4bfa275ef271197,12497,0x8bb820c251ac194ca770f9f0cdc12b76354e3de6,49316.897716,49316.897716,0.0,1,0,1710953529
2024-03-14,0x61366a4e6b1db1b85dd701f2f4bfa275ef271197,12641,0xa6beae4b5903763e3339536be3115e3f1c2f9844,62702.00017,62702.00017,0.0,1,0,1710974669
2024-03-14,0x61366a4e6b1db1b85dd701f2f4bfa275ef271197,12746,0x6a4d00bc2a921e9bf5397cecba78c6802be3702f,19333.387369,19333.387369,19217.946825,1,1,1710974435
2024-03-14,0x61366a4e6b1db1b85dd701f2f4bfa275ef271197,12785,0x710c8cf05fdfd4ed321f060f4988629da42b52eb,817.427133,817.427133,0.0,1,0,1710930889
2024-03-14,0x61366a4e6b1db1b85dd701f2f4bfa275ef271197,12828,0x784cf4b62655486b405eb76731885cc9ed56f42f,2230607.06343,4218196.126859,3956377.707695,2,2,1710917085
2024-03-14,0x61366a4e6b1db1b85dd701f2f4bfa275ef271197,12865,0x96c77f3944d4b1ab59252c12e798e51301b5936e,48.330059,48.330059,0.0,1,0,1710930653
2024-03-14,0x61366a4e6b1db1b85dd701f2f4bfa275ef271197,12876,0x44ccd9d41ba1c4ef27d689520de643373a866973,115.360597,115.360597,0.0,1,0,1710939519
2024-03-14,0x61366a4e6b1db1b85dd701f2f4bfa275ef271197,13017,0x36bbac06789cc3f54eacec60945d08526eb2f1c1,4777.492581,4777.492581,0.0,1,0,1710928995
2024-03-14,0x61366a4e6b1db1b85dd701f2f4bfa275ef271197,13025,0xd66fa7a53803e34fad9a0ecbd52111e93d0b3542,54.163682,54.163682,54.272459,1,1,1710542139
2024-03-14,0x61366a4e6b1db1b85dd701f2f4bfa275ef271197,13054,0x3c593ac043608c11ecb02cf1240c178735278c33,0.0,0.0,2.544381,0,1,1710688125
2024-03-14,0x61366a4e6b1db1b85dd701f2f4bfa275ef271197,13059,0x8d641548d1ed49994b0cc54cad6df78331139511,77.606707,77.606707,81.370716,1,1,1710506907
2024-03-14,0x61366a4e6b1db1b85dd701f2f4bfa275ef271197,13073,0x8e111ebf4e6cf4a183f85f0b960751b178a3cbf2,12.562327,12.562327,12.544613,1,1,1710387181
2024-03-14,0x61366a4e6b1db1b85dd701f2f4bfa275ef271197,13074,0x0e3e8521b9fcc4a0058a7818224d5b20380ca608,0.0,0.0,0.07922,0,1,1710407441
2024-03-14,0x61366a4e6b1db1b85dd701f2f4bfa275ef271197,13248,0x4fe21650bee982ea1288bf2e927ec24cd1c8a3c4,0.259569,0.259569,0.0,1,0,1710521535
2024-03-14,0x61366a4e6b1db1b85dd701f2f4bfa275ef271197,13377,0x44fa1b7b7acc00f6c81539a8fe255794edf7c03c,0.021227,0.021227,0.0,1,0,1710720795
2024-03-14,0x61366a4e6b1db1b85dd701f2f4bfa275ef271197,13411,0xa8043867a5d44bf845f942e3f8ed6855243abc59,0.246351,0.246351,0.0,1,0,1710758889
2024-03-14,0x61366a4e6b1db1b85dd701f2f4bfa275ef271197,13501,0xbd584812c7aaeb901e8424725065cb0716b9264f,5966.604711,5966.604711,0.0,1,0,1710943559
2024-03-14,0x61366a4e6b1db1b85dd701f2f4bfa275ef271197,13533,0x9f0f8f07ec71a6435f1574ec022e98b5445d4988,1944.0,1944.0,0.0,1,0,1710943637
2024-03-14,0x61366a4e6b1db1b85dd701f2f4bfa275ef271197,13541,0x32d6306ec178bcefe7b8d7302689376b42b047ee,1656.0,1656.0,0.0,1,0,1710933625
2024-03-14,0x61366a4e6b1db1b85dd701f2f4bfa275ef271197,13579,0xa2eb534609008e83ab8c8ced01e4f9dca3a58b6a,5544.0,5544.0,0.0,1,0,1710975175
2024-03-14,0x61366a4e6b1db1b85dd701f2f4bfa275ef271197,13593,0x5d396a2106694308a40608ef14a1c0892b6b7faa,18504.0,18504.0,0.0,1,0,1710965043
2024-03-14,0x61366a4e6b1db1b85dd701f2f4bfa275ef271197,13601,0xa6beae4b5903763e3339536be3115e3f1c2f9844,9792.0,9792.0,0.0,1,0,1710974723
2024-03-14,0x61366a4e6b1db1b85dd701f2f4bfa275ef271197,13659,0x410ef4df49583daeec7a3cb09f85c2a9ee658afd,72.829343,72.829343,0.0,1,0,1710921281
2024-03-14,0x61366a4e6b1db1b85dd701f2f4bfa275ef271197,13671,0xff0bd986e430e115b90f4d29a8fa216a125a7ff8,41.899196,41.899196,0.0,1,0,1710936357
2024-03-14,0x61366a4e6b1db1b85dd701f2f4bfa275ef271197,13679,0x4a6bf678c6fd8e170ffb45796e9d23913ddecfd4,0.021971,0.021971,0.0,1,0,1710950723
2024-03-14,0x61366a4e6b1db1b85dd701f2f4bfa275ef271197,13688,0x12370a88b7da8360f12898acda1def6267376086,84.576268,84.576268,0.0,1,0,1710963411
2024-03-14,0x656d48d3f337c6b3cd2ed8471b135ff54b1f96ad,43,0x2ddb405238368695f34d30a80ab60c449aa5ce48,93258.513434,93258.513434,0.0,1,0,1710974183
2024-03-14,0x656d48d3f337c6b3cd2ed8471b135ff54b1f96ad,47,0x011b0a055e02425461a1ae95b30f483c4ff05be7,53535.368803,53535.368803,0.0,1,0,1710974017
2024-03-14,0x656d48d3f337c6b3cd2ed8471b135ff54b1f96ad,158,0xd3f179ba57411ad5d2ddb5f334215cdfba134d20,29682.130267,29682.130267,0.0,1,0,1710975281
2024-03-14,0x656d48d3f337c6b3cd2ed8471b135ff54b1f96ad,479,0x35fea7f23ad7722d00f2e2a10f388c8ad08e106c,0.0,0.0,50402.245996,0,1,1710971491
2024-03-14,0x656d48d3f337c6b3cd2ed8471b135ff54b1f96ad,501,0xdf19049d52b307bce8eeb325a2c9ccedc1939bec,44996.124154,44996.124154,0.0,1,0,1710385647
2024-03-14,0x656d48d3f337c6b3cd2ed8471b135ff54b1f96ad,641,0x1aec38688e9e504fe1e5137e7c92bb1b092faa15,33819.737855,33819.737855,0.0,1,0,1710975153
2024-03-14,0x656d48d3f337c6b3cd2ed8471b135ff54b1f96ad,690,0x3c04ec0d34f8c074644a792ce04366ab789d3eb3,29182.599973,29182.599973,0.0,1,0,1710452547
2024-03-14,0x656d48d3f337c6b3cd2ed8471b135ff54b1f96ad,739,0xdfe7ad3e0cc6fb0798e66c67c72927c49fc42478,29660.748743,29660.748743,0.0,1,0,1710970407
2024-03-14,0x656d48d3f337c6b3cd2ed8471b135ff54b1f96ad,859,0x0db56c99b8ad68f35f4b1772a4ffed3fb16204f6,21377.913501,21377.913501,0.0,1,0,1710972377
2024-03-14,0x656d48d3f337c6b3cd2ed8471b135ff54b1f96ad,961,0x3445a938f98eaaeb6af3ce90e71fc5994a23f897,8227.24586,8227.24586,8213.295444,1,1,1710886817
2024-03-14,0x656d48d3f337c6b3cd2ed8471b135ff54b1f96ad,1022,0x88f08753d440abe800f46f7114fba8045b0022a2,14452.772557,14452.772557,0.0,1,0,1710421827
2024-03-14,0x656d48d3f337c6b3cd2ed8471b135ff54b1f96ad,1116,0xb06f3d64068da3014892c64dbd62bc9b985648c7,38271.779186,38271.779186,0.0,1,0,1710566543
2024-03-14,0x656d48d3f337c6b3cd2ed8471b135ff54b1f96ad,1206,0x7d9a78f607706b8f5ce26fba6c9eacabf8937df0,2224.482522,2224.482522,2217.067747,1,1,1710535001
2024-03-14,0x656d48d3f337c6b3cd2ed8471b135ff54b1f96ad,1337,0x6ccd7c23e6ccd9c5258edda9fca61d1214de5622,0.0,0.0,9072.953115,0,1,1710959643
2024-03-14,0x656d48d3f337c6b3cd2ed8471b135ff54b1f96ad,1608,0x1f427a6fcdb95a7393c58552093e10a932890fa8,6462.871427,6462.871427,0.0,1,0,1710524733
2024-03-14,0x656d48d3f337c6b3cd2ed8471b135ff54b1f96ad,1614,0xa455c79ad2e6b2c64372886661de7a2ed0254d75,8850.358511,8850.358511,0.0,1,0,1710971751
2024-03-14,0x656d48d3f337c6b3cd2ed8471b135ff54b1f96ad,1652,0xbff734478f1d1e7a313f174f2444d0e366b034b7,6360.833705,6360.833705,0.0,1,0,1710475033
2024-03-14,0x656d48d3f337c6b3cd2ed8471b135ff54b1f96ad,1674,0x4f1b4a2d5cf60240df3035688db8cceb97170301,0.0,0.0,6080.621343,0,1,1710791877
2024-03-14,0x656d48d3f337c6b3cd2ed8471b135ff54b1f96ad,1717,0xac749ef37797f963acc59146e1d2f4015e97dc79,5761.552562,5761.552562,0.0,1,0,1710417839
2024-03-14,0x656d48d3f337c6b3cd2ed8471b135ff54b1f96ad,1730,0x1853dc4fbfe3b29012ac6df6ca44b4fca0aa1959,5808.593831,5808.593831,0.0,1,0,1710619331
2024-03-14,0x656d48d3f337c6b3cd2ed8471b135ff54b1f96ad,1788,0x40b5440963e88d3e7d0025154820384e116600fa,5175.481185,5175.481185,0.0,1,0,1710409319
2024-03-14,0x656d48d3f337c6b3cd2ed8471b135ff54b1f96ad,2022,0x9a4773eeee73e34e1ee0e9a64e4b7453b0b04246,4321.087683,4321.087683,0.0,1,0,1710427505
2024-03-14,0x656d48d3f337c6b3cd2ed8471b135ff54b1f96ad,2035,0x7f85cf44e446a4b1aace2a28774e88cd6d4e3441,4286.916449,4286.916449,0.0,1,0,1710492687
2024-03-14,0x656d48d3f337c6b3cd2ed8471b135ff54b1f96ad,2089,0x6bcb9ec9686aeb3b2fd854f036d3f24fd48eabba,3538.413231,3538.413231,0.0,1,0,1710378185
2024-03-14,0x656d48d3f337c6b3cd2ed8471b135ff54b1f96ad,2100,0x8bbec86ed6a27d8654aa601e364a3f1a359cf428,4012.654097,4012.654097,0.0,1,0,1710407749
2024-03-14,0x656d48d3f337c6b3cd2ed8471b135ff54b1f96ad,2131,0x85a729033ea3ac6fab6ca0111e587dba45f753f0,4053.364251,4053.364251,0.0,1,0,1710379713
2024-03-14,0x656d48d3f337c6b3cd2ed8471b135ff54b1f96ad,2174,0xcf58445788527655c17f7cae55ca86231a340cd2,1185.642121,1185.642121,0.0,1,0,1710970725
2024-03-14,0x656d48d3f337c6b3cd2ed8471b135ff54b1f96ad,2198,0x04c872122ec2553b2d8adcc6c7eac4bec7717ccf,0.0,0.0,3776.490869,0,1,1710879785
2024-03-14,0x656d48d3f337c6b3cd2ed8471b135ff54b1f96ad,2306,0xedac1779d89ed877c99637861e89945ca7226c4f,0.0,0.0,3627.46126,0,1,1710904393
2024-03-14,0x656d48d3f337c6b3cd2ed8471b135ff54b1f96ad,2392,0xac9c065b1a84a486628fd20efc9426e435ba7cc2,3484.498485,3484.498485,0.0,1,0,1710538015
2024-03-14,0x656d48d3f337c6b3cd2ed8471b135ff54b1f96ad,2494,0x875a6dc230931ebd99542a89f76837d861d2c2f7,3334.429761,3334.429761,0.0,1,0,1710429001
2024-03-14,0x656d48d3f337c6b3cd2ed8471b135ff54b1f96ad,2515,0x0a5d2190afc397b91c2de36d128b03b275a3a255,3304.016722,3304.016722,0.0,1,0,1710421959
2024-03-14,0x656d48d3f337c6b3cd2ed8471b135ff54b1f96ad,2517,0x3e4495646313c4b9b316827de8567196a5c95ac8,0.0,0.0,3355.060741,0,1,1710697877
2024-03-14,0x656d48d3f337c6b3cd2ed8471b135ff54b1f96ad,2534,0x3996c69288e1464c8d23823ddb7e72743021154c,3270.448575,3270.448575,0.0,1,0,1710395133
2024-03-14,0x656d48d3f337c6b3cd2ed8471b135ff54b1f96ad,2567,0xe29555e804e414e295e2a059fc49d002ec18f268,1567.901236,1567.901236,3135.802472,1,1,1710577447
2024-03-14,0x656d48d3f337c6b3cd2ed8471b135ff54b1f96ad,2579,0x95aa6cf80aa61c3433215c7b8330c065ed29ce97,3212.520424,3212.520424,0.0,1,0,1710385029
2024-03-14,0x656d48d3f337c6b3cd2ed8471b135ff54b1f96ad,2587,0xf26e5b93453a69a0297dc66e7bbd750d2b28160b,3203.597096,3203.597096,0.0,1,0,1710560079
2024-03-14,0x656d48d3f337c6b3cd2ed8471b135ff54b1f96ad,2609,0xaef1889d58677805399c6f8326c11d159b09caf2,0.0,0.0,789.645084,0,1,1710878267
2024-03-14,0x656d48d3f337c6b3cd2ed8471b135ff54b1f96ad,2611,0xf790bb9a7221c9a3e9983f3a6c23f6048002a529,0.0,0.0,3073.750704,0,1,1710966753
2024-03-14,0x656d48d3f337c6b3cd2ed8471b135ff54b1f96ad,2661,0x6ec8b8cec5645066fda40c6c6d6c3b749a565755,0.0,0.0,3092.040759,0,1,1710924729
2024-03-14,0x656d48d3f337c6b3cd2ed8471b135ff54b1f96ad,2684,0x2d6b114c77f3355f204c37f657c680157e85dfa5,3058.960851,3058.960851,0.0,1,0,1710397785
2024-03-14,0x656d48d3f337c6b3cd2ed8471b135ff54b1f96ad,2699,0xc95f41579e19099503f85db8c949fd45565cfaf0,2943.938943,2943.938943,0.0,1,0,1710411571
2024-03-14,0x656d48d3f337c6b3cd2ed8471b135ff54b1f96ad,2707,0xc9c070d4b472fbf9e652c052beeff16b79e3b7ab,2998.648103,2998.648103,0.0,1,0,1710409867
2024-03-14,0x656d48d3f337c6b3cd2ed8471b135ff54b1f96ad,2761,0x8995aeb1083e4b1e1679bf5c13a17ef9ecfb4a44,0.0,0.0,2681.95375,0,1,1710910819
2024-03-14,0x656d48d3f337c6b3cd2ed8471b135ff54b1f96ad,2961,0x3fc6121cb50b00a5fb8bd2a3c755f804d0e694d2,2686.039148,5346.369367,2660.330219,2,1,1710401529
2024-03-14,0x656d48d3f337c6b3cd2ed8471b135ff54b1f96ad,3072,0x6eabe04636a21156a56bb3ce4096ce49dbc280ed,945.856333,945.856333,460.681133,1,1,1710718531
2024-03-14,0x656d48d3f337c6b3cd2ed8471b135ff54b1f96ad,3132,0x5d91c94fd64a08f9b9812c22f4da940b8ceda4ee,992.942176,992.942176,0.0,1,0,1710446893
2024-03-14,0x656d48d3f337c6b3cd2ed8471b135ff54b1f96ad,3157,0xbf6e93fb31a9b2f6818004995d89eee73a4cbeac,1783.179058,1783.179058,0.0,1,0,1710461341
2024-03-14,0x656d48d3f337c6b3cd2ed8471b135ff54b1f96ad,3178,0x05140f7d3becd8e3129113c35e4b62766d6ec3e6,0.0,0.0,1757.112992,0,1,1710745799
2024-03-14,0x656d48d3f337c6b3cd2ed8471b135ff54b1f96ad,3222,0x9bb5cb33d993c37feba6bec782855f1dd18fb0ae,0.0,0.0,1720.126931,0,1,1710746215
2024-03-14,0x656d48d3f337c6b3cd2ed8471b135ff54b1f96ad,3256,0xaaf4108cb563bbba173314aa5cf1fae1c916f264,2416.502857,2416.502857,0.0,1,0,1710405467
2024-03-14,0x656d48d3f337c6b3cd2ed8471b135ff54b1f96ad,3273,0x7ef0d352f7a77c0df51def796e63a008234a7cda,1687.15012,1687.15012,0.0,1,0,1710398161
2024-03-14,0x656d48d3f337c6b3cd2ed8471b135ff54b1f96ad,3419,0xbe2657fb191531b42104e183a2683d0af4d798a9,1428.982362,1428.982362,0.0,1,0,1710388137
2024-03-14,0x656d48d3f337c6b3cd2ed8471b135ff54b1f96ad,3421,0xa810acb0de477f7af911dbe235cdf42e576a6a1a,1444.600062,1444.600062,0.0,1,0,1710555965
2024-03-14,0x656d48d3f337c6b3cd2ed8471b135ff54b1f96ad,3438,0x61b57c3d892cd60b56412e73b4d941ffb7907f54,1406.588072,1406.588072,0.0,1,0,1710505211
2024-03-14,0x656d48d3f337c6b3cd2ed8471b135ff54b1f96ad,3537,0x5bcbaba9704f625bdb7eb1d8a3c305737916e6ff,0.0,0.0,1277.32792,0,1,1710765193
2024-03-14,0x656d48d3f337c6b3cd2ed8471b135ff54b1f96ad,3592,0x670327de2a3a370e548f39db2a074cc2999b6824,1184.156298,1184.156298,0.0,1,0,1710520705
2024-03-14,0x656d48d3f337c6b3cd2ed8471b135ff54b1f96ad,3614,0xf5594488eb525d07d0d61124117e03a46ea24472,0.0,0.0,1166.473929,0,1,1710826203
2024-03-14,0x656d48d3f337c6b3cd2ed8471b135ff54b1f96ad,3682,0xa62e0bae97b1afa564b4c79ac6e1918defd90016,1113.531326,1113.531326,0.0,1,0,1710479685
2024-03-14,0x656d48d3f337c6b3cd2ed8471b135ff54b1f96ad,3753,0x7384f4c55d2a6392b36fd4f16e314cb6cc14afe0,1073.445825,1073.445825,0.0,1,0,1710509651
2024-03-14,0x656d48d3f337c6b3cd2ed8471b135ff54b1f96ad,3921,0x652984d781969bf7a360de9cb731d1ac7554853f,891.15995,891.15995,0.0,1,0,1710420433
2024-03-14,0x656d48d3f337c6b3cd2ed8471b135ff54b1f96ad,3999,0xfe7f14703d91a73643327c0f6349d81c2b59c359,817.996228,817.996228,0.0,1,0,1710972355
2024-03-14,0x656d48d3f337c6b3cd2ed8471b135ff54b1f96ad,4016,0x07cb3f922025520c9b2bdbdd908f75048114ac9b,0.0,0.0,805.774813,0,1,1710777239
2024-03-14,0x656d48d3f337c6b3cd2ed8471b135ff54b1f96ad,4034,0x87e696610f11480ed9d01b1e2e26a90eb5832a02,788.96771,788.96771,0.0,1,0,1710638263
2024-03-14,0x656d48d3f337c6b3cd2ed8471b135ff54b1f96ad,4156,0x1db30c74a4d16cdfee29680ca4637ec12ac55ec7,1404.678872,1404.678872,0.0,1,0,1710380537
2024-03-14,0x656d48d3f337c6b3cd2ed8471b135ff54b1f96ad,4175,0x72009d5cedfb1173cf459d03eabea86cbf0e8e6e,617.525036,617.525036,0.0,1,0,1710407783
2024-03-14,0x656d48d3f337c6b3cd2ed8471b135ff54b1f96ad,4268,0x9a293d82710058d930376ee0af037da5d3421ec6,458.234454,458.234454,0.0,1,0,1710575803
2024-03-14,0x656d48d3f337c6b3cd2ed8471b135ff54b1f96ad,4340,0xcdd5ccc914ba68b56eacb1a6058475648a3fda12,1028.107424,1028.107424,0.0,1,0,1710578215
2024-03-14,0x656d48d3f337c6b3cd2ed8471b135ff54b1f96ad,4627,0xc0f4878e996ad68b2119bdfd3f4428c8d33f5fcf,469.009072,469.009072,0.0,1,0,1710477155
2024-03-14,0x656d48d3f337c6b3cd2ed8471b135ff54b1f96ad,4848,0xcb920fe760aed2b93b9925ee40fe124798304daf,424.538222,424.538222,0.0,1,0,1710404293
2024-03-14,0x656d48d3f337c6b3cd2ed8471b135ff54b1f96ad,4916,0x9b681730a8ae661d0f0cbb5b6375380f10b0befd,409.791381,409.791381,0.0,1,0,1710404617
2024-03-14,0x656d48d3f337c6b3cd2ed8471b135ff54b1f96ad,4945,0x1bc40b70301ae83411748a9d2df4e20757251c08,209.533493,209.533493,417.670128,1,1,1710792785
2024-03-14,0x656d48d3f337c6b3cd2ed8471b135ff54b1f96ad,5018,0x366e58737164430af4aed2856840be9bb148bdc7,399.931247,399.931247,0.0,1,0,1710404139
2024-03-14,0x656d48d3f337c6b3cd2ed8471b135ff54b1f96ad,5051,0x349e7c22cd2a12d42073443c633d2478a419b578,409.485966,409.485966,0.0,1,0,1710446007
2024-03-14,0x656d48d3f337c6b3cd2ed8471b135ff54b1f96ad,5457,0x8db7a537d8478df3c6d95ff33b4270342862957f,43.707996,43.707996,43.744491,1,1,1710486579
2024-03-14,0x656d48d3f337c6b3cd2ed8471b135ff54b1f96ad,5507,0x40f72daeaeda249c46fec757196988d5e8f43f94,371.411893,371.411893,0.0,1,0,1710385133
2024-03-14,0x656d48d3f337c6b3cd2ed8471b135ff54b1f96ad,5587,0x1b49144f6e4c41ee7ed030cf93b185cbbbbc7f0e,1263.560456,1263.560456,0.0,1,0,1710441633
2024-03-14,0x656d48d3f337c6b3cd2ed8471b135ff54b1f96ad,5630,0xb60150e5ad44fea6e95aaf99e31da7d85cdd5bcf,366.992579,366.992579,0.0,1,0,1710416607
2024-03-14,0x656d48d3f337c6b3cd2ed8471b135ff54b1f96ad,5825,0x4cdacc9e8b8c435e9b518d79ffc35210f33bf80f,207.958515,207.958515,0.0,1,0,1710665159
2024-03-14,0x656d48d3f337c6b3cd2ed8471b135ff54b1f96ad,5917,0xcf92c29cd74ac91027c88d6290697953e0489087,370.176601,370.176601,0.0,1,0,1710755869
2024-03-14,0x656d48d3f337c6b3cd2ed8471b135ff54b1f96ad,5999,0x5f58f61a451741b986df1457d0997ffd7b4e8846,365.349385,365.349385,0.0,1,0,1710484343
2024-03-14,0x656d48d3f337c6b3cd2ed8471b135ff54b1f96ad,6084,0x7d66483eb97403a94a1c131c6fd1a1c17cf19c17,359.277164,359.277164,356.241189,1,1,1710882811
2024-03-14,0x656d48d3f337c6b3cd2ed8471b135ff54b1f96ad,6120,0x678823b4191cf38b35c5b61a42d98132ec6a7662,0.0,0.0,363.100587,0,1,1710968319
2024-03-14,0x656d48d3f337c6b3cd2ed8471b135ff54b1f96ad,6164,0x374c5b6e97d06cb17d46a27b231fb010a45bec54,354.984009,354.984009,0.0,1,0,1710484159
2024-03-14,0x656d48d3f337c6b3cd2ed8471b135ff54b1f96ad,6236,0x0d264a9d6b117fcd1df604c0b86a59ea45e67c4f,517.146687,517.146687,0.0,1,0,1710413797
2024-03-14,0x656d48d3f337c6b3cd2ed8471b135ff54b1f96ad,6275,0xfd80f0a932530ceea80893619446b67f62b91432,358.080312,358.080312,0.0,1,0,1710408025
2024-03-14,0x656d48d3f337c6b3cd2ed8471b135ff54b1f96ad,6374,0x61d16ca81b407b5b3125818017a8327a6782479f,348.921216,348.921216,0.0,1,0,1710445637
2024-03-14,0x656d48d3f337c6b3cd2ed8471b135ff54b1f96ad,6426,0x7a81ac54ab686e8539d774e266832650774ca144,44788.052975,44788.052975,0.0,1,0,1710432173
2024-03-14,0x656d48d3f337c6b3cd2ed8471b135ff54b1f96ad,6607,0xbd54cabe09e6d0c0f2a306d918f1dc669af7a412,723.237766,723.237766,0.0,1,0,1710413067
2024-03-14,0x656d48d3f337c6b3cd2ed8471b135ff54b1f96ad,6630,0x7f85cf44e446a4b1aace2a28774e88cd6d4e3441,74.991185,74.991185,0.0,1,0,1710492697
2024-03-14,0x656d48d3f337c6b3cd2ed8471b135ff54b1f96ad,6715,0x4532280a66a0c1c709f7e0c40b14b4dea83253c1,0.611948,1.124596,0.512648,2,1,1710742333
2024-03-14,0x656d48d3f337c6b3cd2ed8471b135ff54b1f96ad,6861,0x13a66d465e64d3d7107abbfe07dde13abce551bb,25.977552,25.977552,26.245885,1,1,1710456811
2024-03-14,0x656d48d3f337c6b3cd2ed8471b135ff54b1f96ad,7121,0x011b0a055e02425461a1ae95b30f483c4ff05be7,17835.755776,17835.755776,0.0,1,0,1710974045
2024-03-14,0x656d48d3f337c6b3cd2ed8471b135ff54b1f96ad,7437,0xa920e0910ed51e167cf63577652c0f35ff73f7f3,27.743303,27.743303,0.0,1,0,1710522377
2024-03-14,0x656d48d3f337c6b3cd2ed8471b135ff54b1f96ad,7633,0x9d837774efb22c42d975fd86a8642ce97462f848,278.052975,278.052975,0.0,1,0,1710456569
2024-03-14,0x656d48d3f337c6b3cd2ed8471b135ff54b1f96ad,8658,0x038cdcccc1077ac50335cf18feaa308a0e0546b7,868.195025,868.195025,0.0,1,0,1710379401
2024-03-14,0x656d48d3f337c6b3cd2ed8471b135ff54b1f96ad,9351,0xbb6ff69a089404ec4aaec09aab98f0e195bbef2f,22.305832,22.305832,0.0,1,0,1710520181
2024-03-14,0x656d48d3f337c6b3cd2ed8471b135ff54b1f96ad,9636,0xcdd49f7b85b111b35761a725aaf9d5dbc02b4cef,50574.681761,50574.681761,0.0,1,0,1710971667
2024-03-14,0x656d48d3f337c6b3cd2ed8471b135ff54b1f96ad,9846,0x32044b9d572d61602eeb3b6af5c7bfcdb8bb8c32,0.0,0.0,116.077348,0,1,1710572607
2024-03-14,0x656d48d3f337c6b3cd2ed8471b135ff54b1f96ad,9850,0xfee2a5476b9ff35efb9f524c78409efaa1ad71a1,340.705297,340.705297,0.0,1,0,1710454375
2024-03-14,0x656d48d3f337c6b3cd2ed8471b135ff54b1f96ad,9911,0xa4e057e58a11de90f6e63dc9b6c51025bd2c9646,20868.06336,20868.06336,0.0,1,0,1710973605
2024-03-14,0x656d48d3f337c6b3cd2ed8471b135ff54b1f96ad,9972,0x8bace3a49a375027868cdd34e84521eed1f1b01d,0.0,0.0,194689.654123,0,1,1710968483
2024-03-14,0x656d48d3f337c6b3cd2ed8471b135ff54b1f96ad,10114,0xf84eb813483163a85a4109723d3947c60684adeb,1361.050249,2258.388979,897.338731,2,1,1710815721
2024-03-14,0x656d48d3f337c6b3cd2ed8471b135ff54b1f96ad,10215,0x9238a15d59eb5484e7f1cddcf5e23539c50a05b2,49.001452,49.001452,0.0,1,0,1710416327
2024-03-14,0x656d48d3f337c6b3cd2ed8471b135ff54b1f96ad,10657,0x892176d784bed3dc877a62f3ff9fc091377b2a49,19426.115182,19426.115182,0.0,1,0,1710428001
2024-03-14,0x656d48d3f337c6b3cd2ed8471b135ff54b1f96ad,11126,0xedb61a92de9d08874bdf2a9d1fdf8df9f111bf7d,22.091738,22.091738,0.0,1,0,1710520719
2024-03-14,0x656d48d3f337c6b3cd2ed8471b135ff54b1f96ad,11247,0xd77d800e235f2bf44e57e3f5caea9770ed76886d,7466.067315,7466.067315,0.0,1,0,1710546551
2024-03-14,0x656d48d3f337c6b3cd2ed8471b135ff54b1f96ad,12135,0xb413a48088cfb0074f75349c790062920434e321,13292.980695,13292.980695,13292.980695,1,1,1710430437
2024-03-14,0x656d48d3f337c6b3cd2ed8471b135ff54b1f96ad,12192,0xa0c13fcf14d077d151a0fa75adfbcb4f92984859,5311.734304,5311.734304,0.0,1,0,1710458801
2024-03-14,0x656d48d3f337c6b3cd2ed8471b135ff54b1f96ad,12303,0x0b0811d3d8342063db74b45a4344cdbee6389bdb,0.950296,0.950296,0.0,1,0,1710645871
2024-03-14,0x656d48d3f337c6b3cd2ed8471b135ff54b1f96ad,12468,0x8dfa9eb8661076f475494dc54f19053944333da6,27990.469963,27990.469963,0.0,1,0,1710394393
2024-03-14,0x656d48d3f337c6b3cd2ed8471b135ff54b1f96ad,12536,0x1af88f5f269c642b3609c7e20f7b69a5c0feee07,6957.744538,6957.744538,0.0,1,0,1710973147
2024-03-14,0x656d48d3f337c6b3cd2ed8471b135ff54b1f96ad,12589,0x353c82aeafd7680e57f60a6cfdd3154c9838993c,0.74406,0.74406,0.753173,1,1,1710934667
2024-03-14,0x656d48d3f337c6b3cd2ed8471b135ff54b1f96ad,13091,0x6a1cb4177785bd46fc1b1374cff777770127817c,18669.72047,37255.686635,18585.966165,2,1,1710473871
2024-03-14,0x656d48d3f337c6b3cd2ed8471b135ff54b1f96ad,13148,0xf2156332e2d8f16ed4605dbf86841b6926fdd09f,198.94426,198.94426,0.0,1,0,1710426773
2024-03-14,0x656d48d3f337c6b3cd2ed8471b135ff54b1f96ad,13168,0x9c8120f5b860c3eb69482d4a7446c93615a97237,116.888507,116.888507,0.0,1,0,1710449509
2024-03-14,0x656d48d3f337c6b3cd2ed8471b135ff54b1f96ad,13175,0x6cfc909fde648e8209aeb0af97686e25523586ca,6.383645,6.383645,0.0,1,0,1710457031
2024-03-14,0x656d48d3f337c6b3cd2ed8471b135ff54b1f96ad,13247,0x28b814ef3b24c827f97e25363402915614a002ad,13.338928,13.338928,0.0,1,0,1710521363
2024-03-14,0x656d48d3f337c6b3cd2ed8471b135ff54b1f96ad,13375,0x532c66d6daffcaba3563714b01e26580f83a858f,3.514398,3.514398,0.0,1,0,1710722411
2024-03-14,0x656d48d3f337c6b3cd2ed8471b135ff54b1f96ad,13475,0x3acbc3038505d0809fddef5e6d632435ee498f4c,46.360046,46.360046,0.0,1,0,1710852469
2024-03-14,0x6689a0582bafcc286a81dc38d76e0470acd17275,1011,0x52d033e64774f31a8b7562806aa5782cbbd29382,131670.533013,131670.533013,131447.267683,1,1,1710944259
2024-03-14,0x6689a0582bafcc286a81dc38d76e0470acd17275,2410,0x823b8c5fa9d5b19649434dda4ee042ba94e7159e,0.0,0.0,1680.297028,0,1,1710806387
2024-03-14,0x6689a0582bafcc286a81dc38d76e0470acd17275,4146,0xfc1aa1f2e40ec0cc25300c4b08b8513984844f19,1972.035853,1972.035853,1968.691997,1,1,1710385475
2024-03-14,0x6689a0582bafcc286a81dc38d76e0470acd17275,6607,0xbd54cabe09e6d0c0f2a306d918f1dc669af7a412,0.0,0.0,96.718956,0,1,1710413067
2024-03-14,0x6689a0582bafcc286a81dc38d76e0470acd17275,6630,0x7f85cf44e446a4b1aace2a28774e88cd6d4e3441,0.0,0.0,38.222745,0,1,1710492697
2024-03-14,0x679d601aaa86cd555e8bfd48ddc8b4aade2a0f27,6936,0xfddee88c50537ecbf1532cbb29aa9f247a969bbb,0.0,0.0,83.107154,0,1,1710825865
2024-03-14,0x679d601aaa86cd555e8bfd48ddc8b4aade2a0f27,7456,0x134bceccab8484b600c538fa605fb7d96cdfb22a,0.0,0.0,69.70293,0,1,1710749387
2024-03-14,0x67b00b46fa4f4f24c03855c5c8013c0b938b3eec,47,0x011b0a055e02425461a1ae95b30f483c4ff05be7,6691.9211,6691.9211,0.0,1,0,1710974017
2024-03-14,0x67b00b46fa4f4f24c03855c5c8013c0b938b3eec,649,0x3838433f63f4d4a24260f2485aacf5894ba7bc93,0.0,0.0,8066.434587,0,1,1710975479
2024-03-14,0x67b00b46fa4f4f24c03855c5c8013c0b938b3eec,2153,0xc7005516ce80eecb49bce74f75523f4c43d55cbc,3879.730536,7759.461073,3879.730536,2,1,1710544697
2024-03-14,0x67b00b46fa4f4f24c03855c5c8013c0b938b3eec,2873,0x9a62db4c17146172c0b88e7e439df169a0f93e0e,918.431713,918.431713,1114.678399,1,1,1710870365
2024-03-14,0x67b00b46fa4f4f24c03855c5c8013c0b938b3eec,7121,0x011b0a055e02425461a1ae95b30f483c4ff05be7,1486.312981,1486.312981,7808.30314,1,1,1710974045
2024-03-14,0x67b00b46fa4f4f24c03855c5c8013c0b938b3eec,12574,0x23448f26fb304f7457c51edf893c7c14f884c909,0.0,0.0,1.657543,0,1,1710441823
2024-03-14,0x67b00b46fa4f4f24c03855c5c8013c0b938b3eec,13226,0x8ad9bf881ad64a70789f4a481973bb0df0724f30,6.510552,6.510552,0.0,1,0,1710524985
2024-03-14,0x688b0380360c84135769d4f75d70038119846a8e,47,0x011b0a055e02425461a1ae95b30f483c4ff05be7,0.0,0.0,67473.797767,0,1,1710974017
2024-03-14,0x688b0380360c84135769d4f75d70038119846a8e,48,0x12478d1a60a910c9cbffb90648766a2bdd5918f5,0.0,0.0,260677.177485,0,1,1710974423
2024-03-14,0x688b0380360c84135769d4f75d70038119846a8e,54,0xf265702178a66b4b7ce079fc8a1629e47cf1bcde,592698.426252,592698.426252,355016.055187,1,1,1710974843
2024-03-14,0x688b0380360c84135769d4f75d70038119846a8e,77,0x03da151f75b533177f020b925d7c43f4081ef3c8,44000.421326,44000.421326,0.0,1,0,1710975329
2024-03-14,0x688b0380360c84135769d4f75d70038119846a8e,118,0x4ccfeb186c61217f05d8756314c600089b27a1c3,62978.034088,62978.034088,0.0,1,0,1710975207
2024-03-14,0x688b0380360c84135769d4f75d70038119846a8e,197,0x6cd1b82490eb7aa18bec4305c6c2e691194c6898,204652.236736,204652.236736,0.0,1,0,1710897719
2024-03-14,0x688b0380360c84135769d4f75d70038119846a8e,220,0x4f6fff5cd87eaf8cf09467366fe783e7ecb1317b,172602.168749,172602.168749,0.0,1,0,1710897679
2024-03-14,0x688b0380360c84135769d4f75d70038119846a8e,268,0xb6fb12999a09effdbcc6f60776331eaccc42e539,0.0,0.0,130361.302308,0,1,1710964661
2024-03-14,0x688b0380360c84135769d4f75d70038119846a8e,279,0xa82618668a71bb492d1aaf8948de95d73eb8a243,162894.891372,162894.891372,0.0,1,0,1710933351
2024-03-14,0x688b0380360c84135769d4f75d70038119846a8e,289,0x95b05f935655c37ada2088c5767e5006f230b068,7003.466551,7003.466551,11691.964387,1,1,1710975155
2024-03-14,0x688b0380360c84135769d4f75d70038119846a8e,353,0x5ade40e345817b739b91c6b4615efce87f9d7c57,96134.299553,96134.299553,0.0,1,0,1710746921
2024-03-14,0x688b0380360c84135769d4f75d70038119846a8e,414,0x0eeacd4c475040463389d15ead034d1291b008b1,16383.428903,16383.428903,0.0,1,0,1710895115
2024-03-14,0x688b0380360c84135769d4f75d70038119846a8e,437,0xbae3b46e29e7cfd2bba8164765d592ce9802ec70,16943.442781,16943.442781,0.0,1,0,1710974323
2024-03-14,0x688b0380360c84135769d4f75d70038119846a8e,449,0xf6657bbcfeb5c2746e8c609e35018a5a8caa13fb,17867.568541,17867.568541,17867.580651,1,1,1710957657
2024-03-14,0x688b0380360c84135769d4f75d70038119846a8e,512,0x3b1b211b3fce0d1ee9f5e1afeecadeb98378d0b0,8787.633657,8787.633657,10965.916284,1,1,1710917869
2024-03-14,0x688b0380360c84135769d4f75d70038119846a8e,523,0xde93a283495fa2834047b53871a8e4e09f96d841,0.0,0.0,4859.597203,0,1,1710968397
2024-03-14,0x688b0380360c84135769d4f75d70038119846a8e,799,0xe7090015768ed8f07ada91bded606f3bc44100b4,47666.53624,47666.53624,0.0,1,0,1710974697
2024-03-14,0x688b0380360c84135769d4f75d70038119846a8e,864,0xdc7434d709bdbf483ed74989eae91c17b7ce1a33,9679.543218,9679.543218,9679.543218,1,1,1710958649
2024-03-14,0x688b0380360c84135769d4f75d70038119846a8e,894,0x4fca7ea8770ea56d3e5eb1ce0f35ffe44f198c7d,0.0,0.0,18308.726187,0,1,1710972611
2024-03-14,0x688b0380360c84135769d4f75d70038119846a8e,913,0xe1dbf93df16ecf805fb053d53b7a6e3214c4a09d,0.0,0.0,8856.074649,0,1,1710975459
2024-03-14,0x688b0380360c84135769d4f75d70038119846a8e,964,0xf06b0077dfedd43f91c752f568af4b4b78a1e51b,0.0,0.0,8175.601635,0,1,1710975511
2024-03-14,0x688b0380360c84135769d4f75d70038119846a8e,1025,0xb8c511dc5d5ab1fc51fa7a4b521f0f3da0746c28,0.0,0.0,29776.946409,0,1,1710946153
2024-03-14,0x688b0380360c84135769d4f75d70038119846a8e,1040,0xfb17d5cd85854b6bee89e714591de521f3169de5,14234.799384,14234.799384,0.0,1,0,1710974479
2024-03-14,0x688b0380360c84135769d4f75d70038119846a8e,1154,0xe43fa6cbb7dda0bd863593c5e75fae9b4dcd5cd4,0.0,0.0,12181.636962,0,1,1710964671
2024-03-14,0x688b0380360c84135769d4f75d70038119846a8e,1197,0x0be4eb0e89abed9f52d94f1550c22a16008cc463,4204.678648,4204.678648,0.0,1,0,1710975129
2024-03-14,0x688b0380360c84135769d4f75d70038119846a8e,1239,0xcfb10af967e3fdfe8f23ff15487f0e2496a93915,15898.956073,15898.956073,0.0,1,0,1710733529
2024-03-14,0x688b0380360c84135769d4f75d70038119846a8e,1274,0xe1aa441644ebb251ec57f63365be55d2668f5967,0.0,0.0,5011.057252,0,1,1710585195
2024-03-14,0x688b0380360c84135769d4f75d70038119846a8e,1606,0x69cd4abd687ab23e2f95f0a065cd9ad211a58713,6791.903859,6791.903859,0.0,1,0,1710880149
2024-03-14,0x688b0380360c84135769d4f75d70038119846a8e,1629,0x0c830a9806af3ef3762b21e98ca6818e373cf985,6316.582461,6316.582461,0.0,1,0,1710780655
2024-03-14,0x688b0380360c84135769d4f75d70038119846a8e,1823,0xbce49959edb00ebc509e6a9e11dce059582e7756,5105.051984,5105.051984,0.0,1,0,1710974601
2024-03-14,0x688b0380360c84135769d4f75d70038119846a8e,1914,0xcaeeac120121a33c5c232619a2616e306e329cd7,9039.378587,9039.378587,0.0,1,0,1710857379
2024-03-14,0x688b0380360c84135769d4f75d70038119846a8e,2058,0x1b78284595ed8468608da05aa02933b84c6a4183,4220.838307,4220.838307,0.0,1,0,1710751581
2024-03-14,0x688b0380360c84135769d4f75d70038119846a8e,2105,0x4ffd0a59a26cb2aa76d403215e4cc2845c053994,0.0,0.0,4060.765161,0,1,1710975231
2024-03-14,0x688b0380360c84135769d4f75d70038119846a8e,2313,0x3888132606615fc0759853b6ec1107e717d0ae52,0.0,0.0,1850.936406,0,1,1710932669
2024-03-14,0x688b0380360c84135769d4f75d70038119846a8e,2636,0x50258a2ae0b3065754936828cd7814731c6fc008,1522.569921,1522.569921,0.0,1,0,1710894953
2024-03-14,0x688b0380360c84135769d4f75d70038119846a8e,2650,0x04795cdee2b677b46878896dae76be5cb174dac6,3462.623326,3462.623326,0.0,1,0,1710756707
2024-03-14,0x688b0380360c84135769d4f75d70038119846a8e,2774,0x8fea439e83ac8f38366169e2a6ecc880cd224d91,2694.630636,2694.630636,0.0,1,0,1710748251
2024-03-14,0x688b0380360c84135769d4f75d70038119846a8e,2811,0x7173a301c832e50119ddb12cfb6570a83b1eec05,2544.782598,2544.782598,0.0,1,0,1710747665
2024-03-14,0x688b0380360c84135769d4f75d70038119846a8e,2873,0x9a62db4c17146172c0b88e7e439df169a0f93e0e,688.823785,688.823785,0.0,1,0,1710870365
2024-03-14,0x688b0380360c84135769d4f75d70038119846a8e,3178,0x05140f7d3becd8e3129113c35e4b62766d6ec3e6,1762.989492,1762.989492,0.0,1,0,1710745799
2024-03-14,0x688b0380360c84135769d4f75d70038119846a8e,3235,0xe12d731750e222ec53b001e00d978901b134cfc9,1700.033659,1700.033659,0.0,1,0,1710751799
2024-03-14,0x688b0380360c84135769d4f75d70038119846a8e,4016,0x07cb3f922025520c9b2bdbdd908f75048114ac9b,805.774813,805.774813,0.0,1,0,1710777239
2024-03-14,0x688b0380360c84135769d4f75d70038119846a8e,4149,0xf8e23dbd5817d577188cfe8d55227d2072b8a3ed,4149.910981,4149.910981,0.0,1,0,1710732971
2024-03-14,0x688b0380360c84135769d4f75d70038119846a8e,5565,0x8392c202d0fccd7f149748c59da28d2d1484dabd,184.728878,184.728878,0.0,1,0,1710783955
2024-03-14,0x688b0380360c84135769d4f75d70038119846a8e,6147,0x8e651ce5299c187a9570a2afad5a899755d4c5cc,361.929257,361.929257,0.0,1,0,1710736373
2024-03-14,0x688b0380360c84135769d4f75d70038119846a8e,6171,0xcb2aa9a60946058ff83fb095ddf2582c3c47c375,725.507389,725.507389,0.0,1,0,1710778227
2024-03-14,0x688b0380360c84135769d4f75d70038119846a8e,8380,0x3b1c9d24c46df6ab9775d6bbb478987caa6018a3,35699.352614,35699.352614,35699.352614,1,1,1710974577
2024-03-14,0x688b0380360c84135769d4f75d70038119846a8e,8524,0x23d7c2fb9f163441874d72399b28d677f47020b0,32084.352064,32084.352064,0.0,1,0,1710955913
2024-03-14,0x688b0380360c84135769d4f75d70038119846a8e,8646,0xde82ba72fdd75dff334b1ceb3e57e1945f1d7561,301.289499,301.289499,0.0,1,0,1710756901
2024-03-14,0x688b0380360c84135769d4f75d70038119846a8e,9427,0xba9d854c4b9ae5eef3dad86e1b65d661938b27a1,25822.322222,25822.322222,0.0,1,0,1710755281
2024-03-14,0x688b0380360c84135769d4f75d70038119846a8e,9612,0x3e2b2a24e77a8bd7c7602750aa4e1b4071012d69,29.131769,29.131769,0.0,1,0,1710892125
2024-03-14,0x688b0380360c84135769d4f75d70038119846a8e,10295,0xc875b3dae5b0c371bc8cf9ded64868b78ac47587,126893.70317,126893.70317,126533.13373,1,1,1710977963
2024-03-14,0x688b0380360c84135769d4f75d70038119846a8e,10296,0x03c70563e94de5de56c11a0cc4ce3482f592854f,316362.082882,316362.082882,315463.137574,1,1,1710977765
2024-03-14,0x688b0380360c84135769d4f75d70038119846a8e,10298,0xc9814f18a8751214f719de15c54d01b3d78ef14f,57495.81453,9965584.493235,9966818.689191,170,170,1710977733
2024-03-14,0x688b0380360c84135769d4f75d70038119846a8e,10551,0xcfb10af967e3fdfe8f23ff15487f0e2496a93915,748.130537,748.130537,0.0,1,0,1710733455
2024-03-14,0x688b0380360c84135769d4f75d70038119846a8e,13549,0xa82618668a71bb492d1aaf8948de95d73eb8a243,2376.0,2376.0,0.0,1,0,1710933333
2024-03-14,0x688f778c51db4d990bf1abaf8d33fd95e48c6641,47,0x011b0a055e02425461a1ae95b30f483c4ff05be7,6691.9211,6691.9211,40083.444218,1,1,1710974017
2024-03-14,0x688f778c51db4d990bf1abaf8d33fd95e48c6641,48,0x12478d1a60a910c9cbffb90648766a2bdd5918f5,261119.941926,261119.941926,260677.177485,1,1,1710974423
2024-03-14,0x688f778c51db4d990bf1abaf8d33fd95e48c6641,332,0x3b82b31bbe0dc3fe0f13d17f9a4d0455ef562e06,0.0,0.0,92970.194403,0,1,1710867335
2024-03-14,0x688f778c51db4d990bf1abaf8d33fd95e48c6641,475,0xda1d9534bef3344fa5be3b644b767b349e7415c7,6580.722591,6580.722591,0.0,1,0,1710975049
2024-03-14,0x688f778c51db4d990bf1abaf8d33fd95e48c6641,597,0x1ce0c2b445c8e87ea4c40b6e721d9a39b09f6459,0.0,0.0,9205.755818,0,1,1710965235
2024-03-14,0x688f778c51db4d990bf1abaf8d33fd95e48c6641,623,0x78082d8db5a648e92950c3ebd9867edc7cccd19f,0.0,0.0,33053.496497,0,1,1710970605
2024-03-14,0x688f778c51db4d990bf1abaf8d33fd95e48c6641,904,0x544845005e42fe00a3c0e9735eeec25aa068b428,8991.900751,8991.900751,17953.307516,1,1,1710944717
2024-03-14,0x688f778c51db4d990bf1abaf8d33fd95e48c6641,1149,0x93b82c49c2af67797977ae344c07884164e6a592,0.0,0.0,3832.686559,0,1,1710963223
2024-03-14,0x688f778c51db4d990bf1abaf8d33fd95e48c6641,1229,0x59cd5156888ae3451941a9c006303e0e79ec13e7,0.0,0.0,12833.860804,0,1,1710707511
2024-03-14,0x688f778c51db4d990bf1abaf8d33fd95e48c6641,1287,0x2a7051d7cbbef7b6889f8e14774020b1653b94c1,0.0,0.0,2467.937505,0,1,1710851625
2024-03-14,0x688f778c51db4d990bf1abaf8d33fd95e48c6641,1436,0xfbe12d942b8c152248fd118f598c08124ff3d7de,0.0,0.0,11065.10447,0,1,1710966195
2024-03-14,0x688f778c51db4d990bf1abaf8d33fd95e48c6641,1441,0xc0fa207d207288d727baf8b4f2b3ca93f45da246,0.0,0.0,2441.544884,0,1,1710850331
2024-03-14,0x688f778c51db4d990bf1abaf8d33fd95e48c6641,1598,0x8643c722031a05fcbb12212804693b81ccf5a4d5,0.0,0.0,6709.116062,0,1,1710953157
2024-03-14,0x688f778c51db4d990bf1abaf8d33fd95e48c6641,1912,0x3e516b6d229bf935f1b6bf4a0c2531ddab48cf1b,0.0,0.0,3682.509003,0,1,1710961127
2024-03-14,0x688f778c51db4d990bf1abaf8d33fd95e48c6641,2009,0x33ec34b1b4bfcdc9b5e37ba4ab02f6e993a457ae,0.0,0.0,4486.999986,0,1,1710974317
2024-03-14,0x688f778c51db4d990bf1abaf8d33fd95e48c6641,2098,0x7facf85e84f443fef7113bf85e7a582b251a25b5,0.0,0.0,4013.965399,0,1,1710967063
2024-03-14,0x688f778c51db4d990bf1abaf8d33fd95e48c6641,3069,0x475b3662009e29c243a35c3d814c03b4a9f467f0,0.0,0.0,1845.626791,0,1,1710879887
2024-03-14,0x688f778c51db4d990bf1abaf8d33fd95e48c6641,3138,0xd210ae3ea4bb169163f4e9876109a2c204ad3a87,0.0,0.0,2048.65125,0,1,1710965043
2024-03-14,0x688f778c51db4d990bf1abaf8d33fd95e48c6641,3678,0xb77d14282f00dc08d1df2bccae8bed8cae1ee461,0.0,0.0,1086.240381,0,1,1710944051
2024-03-14,0x688f778c51db4d990bf1abaf8d33fd95e48c6641,4299,0x942114d2222af79422d11ddb0a96ddf2997fecb9,1265.317492,1265.317492,1189.528514,1,1,1710971315
2024-03-14,0x688f778c51db4d990bf1abaf8d33fd95e48c6641,6374,0x61d16ca81b407b5b3125818017a8327a6782479f,0.0,0.0,348.921216,0,1,1710445637
2024-03-14,0x688f778c51db4d990bf1abaf8d33fd95e48c6641,6794,0xbc0e09f77e6b262e8df1ad9fc29fb9f2f8920cd3,1007.374985,1007.374985,1007.374985,1,1,1710387333
2024-03-14,0x688f778c51db4d990bf1abaf8d33fd95e48c6641,7121,0x011b0a055e02425461a1ae95b30f483c4ff05be7,0.0,0.0,9785.088745,0,1,1710974045
2024-03-14,0x688f778c51db4d990bf1abaf8d33fd95e48c6641,9997,0xab13e657eb072c53915730acfab14446ee2293c5,53304.434519,53304.434519,53569.472639,1,1,1710829701
2024-03-14,0x688f778c51db4d990bf1abaf8d33fd95e48c6641,10066,0x629cbcaaae418da37f4ed34f13637f809f75278b,0.0,0.0,20704.543835,0,1,1710916433
2024-03-14,0x688f778c51db4d990bf1abaf8d33fd95e48c6641,11131,0xe9a9c837b8918efa22f6e801ae8fd867ce247126,18195.377314,163684.244263,163490.140532,9,9,1710877377
2024-03-14,0x68b41fac96b9a6e6dc6219d13834bde39c22424d,5901,0x2c7a4dbcf33080ac93b14be408b457eb40a7dfb8,185.316592,185.316592,180.497896,1,1,1710674811
2024-03-14,0x6a071315b5ae7da81ca56901ff13893f84776c7b,2961,0x3fc6121cb50b00a5fb8bd2a3c755f804d0e694d2,0.0,0.0,2655.819267,0,1,1710401393
2024-03-14,0x6a071315b5ae7da81ca56901ff13893f84776c7b,3273,0x7ef0d352f7a77c0df51def796e63a008234a7cda,0.0,0.0,1684.289327,0,1,1710398161
2024-03-14,0x6a071315b5ae7da81ca56901ff13893f84776c7b,4477,0x90554d3c00b5b34fa2849b76c17bc874c90f9563,0.0,0.0,3407.985478,0,1,1710395869
2024-03-14,0x6a071315b5ae7da81ca56901ff13893f84776c7b,6164,0x374c5b6e97d06cb17d46a27b231fb010a45bec54,0.0,0.0,356.972246,0,1,1710484159
2024-03-14,0x6a071315b5ae7da81ca56901ff13893f84776c7b,9427,0xba9d854c4b9ae5eef3dad86e1b65d661938b27a1,0.0,0.0,25778.536956,0,1,1710755281
2024-03-14,0x6a071315b5ae7da81ca56901ff13893f84776c7b,9732,0x328d75a47e07f26e1ad22ff3de08e8ba3ca190d4,0.0,0.0,58729.643247,0,1,1710913625
2024-03-14,0x6a071315b5ae7da81ca56901ff13893f84776c7b,9968,0x328d75a47e07f26e1ad22ff3de08e8ba3ca190d4,0.0,0.0,8105.744776,0,1,1710913737
2024-03-14,0x6a071315b5ae7da81ca56901ff13893f84776c7b,12660,0x3d8250ac679dcfd1e90c29e7a64ab5013645e579,0.0,0.0,1.143643,0,1,1710407423
2024-03-14,0x6b87b8663ee63191887f18225f79d9eeb2de0d34,47,0x011b0a055e02425461a1ae95b30f483c4ff05be7,60227.289904,60227.289904,141628.169571,1,1,1710974017
2024-03-14,0x6b87b8663ee63191887f18225f79d9eeb2de0d34,54,0xf265702178a66b4b7ce079fc8a1629e47cf1bcde,355619.055751,355619.055751,355016.055187,1,1,1710974843
2024-03-14,0x6b87b8663ee63191887f18225f79d9eeb2de0d34,77,0x03da151f75b533177f020b925d7c43f4081ef3c8,88000.842651,88000.842651,0.0,1,0,1710975329
2024-03-14,0x6b87b8663ee63191887f18225f79d9eeb2de0d34,100,0x133d93566f9699b3af46fe150daa8a67a9563ed6,609868.545649,609868.545649,0.0,1,0,1710889557
2024-03-14,0x6b87b8663ee63191887f18225f79d9eeb2de0d34,103,0x1c2ed7a6c4e3c1146103fa222181115a72243a06,56180.728308,56180.728308,0.0,1,0,1710975299
2024-03-14,0x6b87b8663ee63191887f18225f79d9eeb2de0d34,128,0x193578944fb0a0d31508f889528e9c345d90961b,121194.867195,121194.867195,0.0,1,0,1710935721
2024-03-14,0x6b87b8663ee63191887f18225f79d9eeb2de0d34,174,0x83bad39f067ef72e354f2ea9d318eaad381a7f15,69800.581563,69800.581563,0.0,1,0,1710931049
2024-03-14,0x6b87b8663ee63191887f18225f79d9eeb2de0d34,209,0xfcbb477ec276476b6029ed0467f28f5ac1712884,85658.154122,85658.154122,74950.884857,1,1,1710972877
2024-03-14,0x6b87b8663ee63191887f18225f79d9eeb2de0d34,437,0xbae3b46e29e7cfd2bba8164765d592ce9802ec70,16943.442781,16943.442781,0.0,1,0,1710974323
2024-03-14,0x6b87b8663ee63191887f18225f79d9eeb2de0d34,475,0xda1d9534bef3344fa5be3b644b767b349e7415c7,16451.806479,16451.806479,0.0,1,0,1710975049
2024-03-14,0x6b87b8663ee63191887f18225f79d9eeb2de0d34,512,0x3b1b211b3fce0d1ee9f5e1afeecadeb98378d0b0,8787.633657,8787.633657,0.0,1,0,1710917869
2024-03-14,0x6b87b8663ee63191887f18225f79d9eeb2de0d34,642,0xf1b0e78a2bc422df50ec9ee4c324895c9b79f80a,42687.964071,42687.964071,0.0,1,0,1710848353
2024-03-14,0x6b87b8663ee63191887f18225f79d9eeb2de0d34,754,0x4d3869e2451d28bb4f03aeda60322eaf01e912db,7600.510035,7600.510035,0.0,1,0,1710865673
2024-03-14,0x6b87b8663ee63191887f18225f79d9eeb2de0d34,1226,0x57b8858dcf27d5e46ff442e5a7ae9e6e440ef131,11578.311542,11578.311542,0.0,1,0,1710887465
2024-03-14,0x6b87b8663ee63191887f18225f79d9eeb2de0d34,1366,0x6086462fc9ddd19691f815af6128e9d7f7ae5857,9911.935474,9911.935474,0.0,1,0,1710875283
2024-03-14,0x6b87b8663ee63191887f18225f79d9eeb2de0d34,1395,0x11d2168f37409b96453e4de1e0e39b1d5bbe0812,7848.168176,7848.168176,0.0,1,0,1710874243
2024-03-14,0x6b87b8663ee63191887f18225f79d9eeb2de0d34,1441,0xc0fa207d207288d727baf8b4f2b3ca93f45da246,2441.544884,2441.544884,0.0,1,0,1710850331
2024-03-14,0x6b87b8663ee63191887f18225f79d9eeb2de0d34,1494,0x040528e6ebdcbc6e37e3c78350de0a59aedce622,2549.621257,2549.621257,0.0,1,0,1710899389
2024-03-14,0x6b87b8663ee63191887f18225f79d9eeb2de0d34,1514,0x20b66765e8b16804090a2856023b43c3802aca72,7331.637818,7331.637818,0.0,1,0,1710886609
2024-03-14,0x6b87b8663ee63191887f18225f79d9eeb2de0d34,1521,0xdd84ce1adcb3a4908db61a1dfa3353c3974c5a2b,2486.994305,2486.994305,0.0,1,0,1710855577
2024-03-14,0x6b87b8663ee63191887f18225f79d9eeb2de0d34,1836,0x11add7af96d6f94bad07e338e9a4ca5dc0f94d4f,5021.459838,5021.459838,0.0,1,0,1710836051
2024-03-14,0x6b87b8663ee63191887f18225f79d9eeb2de0d34,1873,0xef1244af7099dce45ee7f937534f0968501efb29,4873.940441,4873.940441,0.0,1,0,1710886119
2024-03-14,0x6b87b8663ee63191887f18225f79d9eeb2de0d34,1927,0xab37b0b63e6b94f8906bcba89c522e62e4c2e0d7,3847.975262,3847.975262,0.0,1,0,1710880179
2024-03-14,0x6b87b8663ee63191887f18225f79d9eeb2de0d34,1973,0x0a27f53e3d044465d07607ef7a048e71809f295e,4444.480024,4444.480024,0.0,1,0,1710885891
2024-03-14,0x6b87b8663ee63191887f18225f79d9eeb2de0d34,1983,0xdc8c1959c74ab2cb3819add153e62739d12be550,5308.343061,5308.343061,0.0,1,0,1710870201
2024-03-14,0x6b87b8663ee63191887f18225f79d9eeb2de0d34,2041,0xec5b22756d0191fbbb4afffdd5ae2a660538d196,10123.627524,10123.627524,0.0,1,0,1710849103
2024-03-14,0x6b87b8663ee63191887f18225f79d9eeb2de0d34,2048,0x2b83ac024b0a4ba3f93776cacb61d98310614afe,0.0,0.0,4805.654799,0,1,1710899911
2024-03-14,0x6b87b8663ee63191887f18225f79d9eeb2de0d34,2053,0xef1244af7099dce45ee7f937534f0968501efb29,4240.51577,4240.51577,0.0,1,0,1710886073
2024-03-14,0x6b87b8663ee63191887f18225f79d9eeb2de0d34,2170,0xe864c76dc41797e606b67ecd23cf0575841cb24e,1945.080663,1945.080663,0.0,1,0,1710870305
2024-03-14,0x6b87b8663ee63191887f18225f79d9eeb2de0d34,2198,0x04c872122ec2553b2d8adcc6c7eac4bec7717ccf,3776.490869,3776.490869,0.0,1,0,1710879785
2024-03-14,0x6b87b8663ee63191887f18225f79d9eeb2de0d34,2307,0x49072cd3bf4153da87d5eb30719bb32bda60884b,3573.395966,3573.395966,0.0,1,0,1710876667
2024-03-14,0x6b87b8663ee63191887f18225f79d9eeb2de0d34,2547,0xb1d48e8e679544d3b4ac9617e1d8f9ba76069ea6,3257.981984,3257.981984,0.0,1,0,1710829621
2024-03-14,0x6b87b8663ee63191887f18225f79d9eeb2de0d34,2609,0xaef1889d58677805399c6f8326c11d159b09caf2,3190.015895,3190.015895,0.0,1,0,1710878267
2024-03-14,0x6b87b8663ee63191887f18225f79d9eeb2de0d34,2645,0x5b5435e35f588552ccbb1f9212f6941c4c44dd71,3132.240353,3132.240353,0.0,1,0,1710871603
2024-03-14,0x6b87b8663ee63191887f18225f79d9eeb2de0d34,2743,0x2a724be1b63caec1c3ef95834fdd443c3347ee1d,1375.496291,1375.496291,0.0,1,0,1710902431
2024-03-14,0x6b87b8663ee63191887f18225f79d9eeb2de0d34,3069,0x475b3662009e29c243a35c3d814c03b4a9f467f0,1845.626791,1845.626791,0.0,1,0,1710879887
2024-03-14,0x6b87b8663ee63191887f18225f79d9eeb2de0d34,3079,0x14ab9f431b7d25fcad366ec9511dce38e229745c,1876.428019,1876.428019,0.0,1,0,1710840825
2024-03-14,0x6b87b8663ee63191887f18225f79d9eeb2de0d34,3172,0xdf17f05eb4cd1876f1c4e18517b255bcbe94d88c,1716.181321,1716.181321,0.0,1,0,1710865569
2024-03-14,0x6b87b8663ee63191887f18225f79d9eeb2de0d34,3177,0x2236b805cc6aa7a9f692fd20d470f08919813d3f,718.077971,718.077971,906.481557,1,1,1710964313
2024-03-14,0x6b87b8663ee63191887f18225f79d9eeb2de0d34,3600,0x9174016cb020e73728bcf39d65fa153275a7a13b,1158.183389,1158.183389,0.0,1,0,1710802665
2024-03-14,0x6b87b8663ee63191887f18225f79d9eeb2de0d34,3758,0xe492e921f11d8c42f78e80e9bb9abc75d9c49243,854.716162,854.716162,0.0,1,0,1710875943
2024-03-14,0x6b87b8663ee63191887f18225f79d9eeb2de0d34,4101,0xc41bbd17545bff719ddc624f22c861f0032f7f5a,763.949081,763.949081,0.0,1,0,1710874687
2024-03-14,0x6b87b8663ee63191887f18225f79d9eeb2de0d34,4770,0x2907b53ffa68caf0dd79b6f8c1238ba8b6708169,444.594264,444.594264,0.0,1,0,1710880183
2024-03-14,0x6b87b8663ee63191887f18225f79d9eeb2de0d34,4877,0xcf0c8d0d34a0535e84e61ee7065fae086a261865,2286.000839,2286.000839,2274.146999,1,1,1710909909
2024-03-14,0x6b87b8663ee63191887f18225f79d9eeb2de0d34,5913,0x071fb19eb2d0b1da6fe0a1fa05883b7e159df756,0.0,0.0,358.706657,0,1,1710962877
2024-03-14,0x6b87b8663ee63191887f18225f79d9eeb2de0d34,6250,0x7804c5f4fd50f7c12845e2951e24858b8c270e35,90.271752,90.271752,0.0,1,0,1710912385
2024-03-14,0x6b87b8663ee63191887f18225f79d9eeb2de0d34,6680,0xb92c0ea6df755163924c1d6723ba841351e8a35a,43.482823,43.482823,0.0,1,0,1710858265
2024-03-14,0x6b87b8663ee63191887f18225f79d9eeb2de0d34,6718,0x2971c6868ad10508a9a5a06591a6c25df5c84bde,49.170665,49.170665,0.0,1,0,1710860073
2024-03-14,0x6b87b8663ee63191887f18225f79d9eeb2de0d34,6720,0xe246aa8b63ce04aaed9aa2dbe569f1558b480fb8,48.455914,48.455914,0.0,1,0,1710860483
2024-03-14,0x6b87b8663ee63191887f18225f79d9eeb2de0d34,6806,0x16c5d7862f5e42b578c5b86bdf1f3887fdc0f412,1957.510805,1957.510805,0.0,1,0,1710864401
2024-03-14,0x6b87b8663ee63191887f18225f79d9eeb2de0d34,7121,0x011b0a055e02425461a1ae95b30f483c4ff05be7,0.0,0.0,44378.836835,0,1,1710974045
2024-03-14,0x6b87b8663ee63191887f18225f79d9eeb2de0d34,8032,0xf265702178a66b4b7ce079fc8a1629e47cf1bcde,104719.654853,104719.654853,0.0,1,0,1710975405
2024-03-14,0x6b87b8663ee63191887f18225f79d9eeb2de0d34,8476,0xec5b22756d0191fbbb4afffdd5ae2a660538d196,1312.073681,1312.073681,0.0,1,0,1710849111
2024-03-14,0x6b87b8663ee63191887f18225f79d9eeb2de0d34,9707,0x60034a6d90f54d3bbc3188033fd08b1a146802ba,0.0,0.0,1509.47232,0,1,1710523543
2024-03-14,0x6b87b8663ee63191887f18225f79d9eeb2de0d34,9998,0xabfd07cc78910f8875169ae6373d95316f4ca117,49375.074951,49375.074951,0.0,1,0,1710814643
2024-03-14,0x6b87b8663ee63191887f18225f79d9eeb2de0d34,11380,0x6f1d6b86d4ad705385e751e6e88b0fdfdbadf298,1003347.309978,1003347.309978,999578.122472,1,1,1710891365
2024-03-14,0x6b87b8663ee63191887f18225f79d9eeb2de0d34,12924,0x50da02ce0a95862bf2004b8c4ad6edd6d924215e,34.776689,34.776689,0.0,1,0,1710833637
2024-03-14,0x6b87b8663ee63191887f18225f79d9eeb2de0d34,13620,0x6f1d6b86d4ad705385e751e6e88b0fdfdbadf298,23574.714,23574.714,0.0,1,0,1710968085
2024-03-14,0x6cdcb1c4a4d1c3c6d054b27ac5b77e89eafb971d,33,0x8aa63a11835bf0139e41859540f0c7161a92c7b1,0.0,0.0,258700.627057,0,1,1710951103
2024-03-14,0x6cdcb1c4a4d1c3c6d054b27ac5b77e89eafb971d,37,0xda4bb0c3c1061d468b4d57b08e5de3c781ce1d80,0.0,0.0,35111.631152,0,1,1710972033
2024-03-14,0x6cdcb1c4a4d1c3c6d054b27ac5b77e89eafb971d,44,0xc5b3d87fc8c96d2c4c8ba181f510052fc9ee7f2b,1891.956329,1891.956329,1836.97738,1,1,1710661253
2024-03-14,0x6cdcb1c4a4d1c3c6d054b27ac5b77e89eafb971d,47,0x011b0a055e02425461a1ae95b30f483c4ff05be7,0.0,0.0,277243.822509,0,1,1710974017
2024-03-14,0x6cdcb1c4a4d1c3c6d054b27ac5b77e89eafb971d,49,0xd062ab63bb4f7af7e59b85defc3c90bfa9b81e6e,3715644.21004,3715644.21004,3703259.00782,1,1,1710752073
2024-03-14,0x6cdcb1c4a4d1c3c6d054b27ac5b77e89eafb971d,50,0xdeded3860fb19525ac4594ae888a9c556a42a0a6,0.0,0.0,3041911.686334,0,1,1710947671
2024-03-14,0x6cdcb1c4a4d1c3c6d054b27ac5b77e89eafb971d,51,0x0f228805c03a693aa964a791e0b2e2c6e6c6513f,0.0,0.0,325018.756196,0,1,1710968507
2024-03-14,0x6cdcb1c4a4d1c3c6d054b27ac5b77e89eafb971d,52,0x28878aec6b4209d90a40890183e3322f0ae5b2e2,0.0,0.0,276666.548212,0,1,1710967279
2024-03-14,0x6cdcb1c4a4d1c3c6d054b27ac5b77e89eafb971d,53,0x1594b251df6b70ca9a01d4de0836ab4fd9811241,0.0,0.0,623626.282694,0,1,1710971817
2024-03-14,0x6cdcb1c4a4d1c3c6d054b27ac5b77e89eafb971d,55,0x285fed35cbea271a711681e84ffd83c68a596a75,0.0,0.0,298184.355304,0,1,1710965869
2024-03-14,0x6cdcb1c4a4d1c3c6d054b27ac5b77e89eafb971d,56,0x48a5a6a01ba89cddf97d2d552923d5a11401ed19,0.0,0.0,848443.737353,0,1,1710975177
2024-03-14,0x6cdcb1c4a4d1c3c6d054b27ac5b77e89eafb971d,59,0xa3cbd0c67dee5142209ff0cf155bc2bc51acf180,0.0,0.0,490369.317398,0,1,1710974741
2024-03-14,0x6cdcb1c4a4d1c3c6d054b27ac5b77e89eafb971d,60,0xc03282d46293499cdd8914a7bb7d78f793e70a5a,0.0,0.0,1741354.923109,0,1,1710950917
2024-03-14,0x6cdcb1c4a4d1c3c6d054b27ac5b77e89eafb971d,63,0x0172e05392aba65366c4dbbb70d958bbf43304e4,0.0,0.0,1412812.712534,0,1,1710969929
2024-03-14,0x6cdcb1c4a4d1c3c6d054b27ac5b77e89eafb971d,64,0xf1010ee787ee588766b441d7cc397b40ddfb17a3,300020.143225,300020.143225,599022.836384,1,1,1710894135
2024-03-14,0x6cdcb1c4a4d1c3c6d054b27ac5b77e89eafb971d,74,0x9c0d72f2ac26420cb7eeb155bf401b672840e87b,97187.098906,97187.098906,970223.049377,1,1,1710949427
2024-03-14,0x6cdcb1c4a4d1c3c6d054b27ac5b77e89eafb971d,84,0x52e7633279802211ba4c2cef1ef0f3129fe596b1,808558.998977,808558.998977,807187.977023,1,1,1710609037
2024-03-14,0x6cdcb1c4a4d1c3c6d054b27ac5b77e89eafb971d,102,0x8f8b4759dc93ca55bd6997df719f20f581f10f5c,0.0,0.0,559374.144977,0,1,1710973243
2024-03-14,0x6cdcb1c4a4d1c3c6d054b27ac5b77e89eafb971d,107,0x662569b2117ca3e8017085c4f507676b3f34e1a7,0.0,0.0,515434.277857,0,1,1710965433
2024-03-14,0x6cdcb1c4a4d1c3c6d054b27ac5b77e89eafb971d,110,0x52e7633279802211ba4c2cef1ef0f3129fe596b1,512116.423872,512116.423872,391529.177269,1,1,1710439437
2024-03-14,0x6cdcb1c4a4d1c3c6d054b27ac5b77e89eafb971d,117,0x1295c6d02137402a0799c6397a8161c2590805c2,574005.806751,574005.806751,537852.901597,1,1,1710763993
2024-03-14,0x6cdcb1c4a4d1c3c6d054b27ac5b77e89eafb971d,121,0xede54584f748480851cad467b82c6a1173bebe10,141281.971651,141281.971651,258577.749499,1,1,1710382247
2024-03-14,0x6cdcb1c4a4d1c3c6d054b27ac5b77e89eafb971d,123,0x3021338c74f10cef1ece6404ac1498c2559f7a5c,529248.202485,1056912.40497,1052432.078168,2,2,1710972805
2024-03-14,0x6cdcb1c4a4d1c3c6d054b27ac5b77e89eafb971d,124,0x5d6f3d0c92d0564151357b0863e55e9ed4631b8d,0.0,0.0,89106.111186,0,1,1710970541
2024-03-14,0x6cdcb1c4a4d1c3c6d054b27ac5b77e89eafb971d,125,0xdad29981b5feefeeaf3ef92e678e53c5620a1fd8,493760.11782,493760.11782,492922.880262,1,1,1710905423
2024-03-14,0x6cdcb1c4a4d1c3c6d054b27ac5b77e89eafb971d,128,0x193578944fb0a0d31508f889528e9c345d90961b,0.0,0.0,121582.775862,0,1,1710935721
2024-03-14,0x6cdcb1c4a4d1c3c6d054b27ac5b77e89eafb971d,134,0xd87ecc6c74f486b044824a222326a96f696fcfa2,0.0,0.0,393604.522104,0,1,1710955147
2024-03-14,0x6cdcb1c4a4d1c3c6d054b27ac5b77e89eafb971d,137,0xa4b6eeeb7eba0fc360a7402f2ebe90c178115e91,0.0,0.0,410456.46027,0,1,1710948663
2024-03-14,0x6cdcb1c4a4d1c3c6d054b27ac5b77e89eafb971d,139,0xa04275c10f39e8675a34e147e2ef78d35129f2b6,0.0,0.0,104009.357646,0,1,1710975293
2024-03-14,0x6cdcb1c4a4d1c3c6d054b27ac5b77e89eafb971d,147,0xe3f0254b09aec48ffa46f9eee5a3bc7a8e510e6d,0.0,0.0,85450.665585,0,1,1710894223
2024-03-14,0x6cdcb1c4a4d1c3c6d054b27ac5b77e89eafb971d,151,0x5275817b74021e97c980e95ede6bbac0d0d6f3a2,0.0,0.0,337031.367296,0,1,1710968779
2024-03-14,0x6cdcb1c4a4d1c3c6d054b27ac5b77e89eafb971d,152,0x3eb5d4e874f5a9228f291486329e3e935cac468c,0.0,0.0,319440.763924,0,1,1710965115
2024-03-14,0x6cdcb1c4a4d1c3c6d054b27ac5b77e89eafb971d,153,0x0f45156f109e474295913d78036fa213b1745d5a,0.0,0.0,308501.085571,0,1,1710954685
2024-03-14,0x6cdcb1c4a4d1c3c6d054b27ac5b77e89eafb971d,156,0xb0a4e99371dfb0734f002ae274933b4888f618ef,0.0,0.0,104877.458611,0,1,1710951055
2024-03-14,0x6cdcb1c4a4d1c3c6d054b27ac5b77e89eafb971d,165,0x54ecb3397b0bf31cb0b81eb2444e2a7b32507d8b,0.0,0.0,59674.395275,0,1,1710959895
2024-03-14,0x6cdcb1c4a4d1c3c6d054b27ac5b77e89eafb971d,171,0x0234737d7795f4a458077d1785fe2012735ebc5e,248896.094583,248896.094583,249180.256552,1,1,1710777453
2024-03-14,0x6cdcb1c4a4d1c3c6d054b27ac5b77e89eafb971d,173,0xc99783596103c9bee59cc2c260548fb848916c4b,0.0,0.0,122823.152839,0,1,1710960143
2024-03-14,0x6cdcb1c4a4d1c3c6d054b27ac5b77e89eafb971d,181,0x3587b15f7865d4f3f5ca15d29d197bb2f1e6309d,0.0,0.0,115702.780581,0,1,1710733839
2024-03-14,0x6cdcb1c4a4d1c3c6d054b27ac5b77e89eafb971d,183,0xbc49056f8bbb49d0b16e33520d65185d561bbcb1,219969.758232,219969.758232,219969.758232,1,1,1710395819
2024-03-14,0x6cdcb1c4a4d1c3c6d054b27ac5b77e89eafb971d,188,0xa60aadf62907bf06dd714781d44bbd4c2d783259,0.0,0.0,218325.315506,0,1,1710969839
2024-03-14,0x6cdcb1c4a4d1c3c6d054b27ac5b77e89eafb971d,195,0x302757fe1990e6558e03d05036bb88c3129a22c8,0.0,0.0,52696.523378,0,1,1710965569
2024-03-14,0x6cdcb1c4a4d1c3c6d054b27ac5b77e89eafb971d,210,0x4e51a06e4643197e1be2f050b6af60f9ad3cef06,73987.937108,221778.179637,221096.589173,3,3,1710433935
2024-03-14,0x6cdcb1c4a4d1c3c6d054b27ac5b77e89eafb971d,216,0x4aad47cf429dc976079648f739e094aa21350b56,179340.991761,179340.991761,0.0,1,0,1710885427
2024-03-14,0x6cdcb1c4a4d1c3c6d054b27ac5b77e89eafb971d,222,0x9f02988adb650e55cc5eb5619c383fd223848bb5,0.0,0.0,172367.861898,0,1,1710948185
2024-03-14,0x6cdcb1c4a4d1c3c6d054b27ac5b77e89eafb971d,236,0x303f2d38ab911296deca9dc19968a854d9cbcadc,180694.568928,180694.568928,179381.885867,1,1,1710903299
2024-03-14,0x6cdcb1c4a4d1c3c6d054b27ac5b77e89eafb971d,239,0xb149f353383ab92e74c4cba3feb848b04bfb3617,0.0,0.0,153444.146334,0,1,1710942161
2024-03-14,0x6cdcb1c4a4d1c3c6d054b27ac5b77e89eafb971d,249,0xd86b11c0725042c977ef837430442ce2d607fa7f,0.0,0.0,145170.914771,0,1,1710945885
2024-03-14,0x6cdcb1c4a4d1c3c6d054b27ac5b77e89eafb971d,250,0x97658d0a6a6180a99697a375f736bad40cc307b0,71853.964695,71853.964695,71853.964695,1,1,1710453789
2024-03-14,0x6cdcb1c4a4d1c3c6d054b27ac5b77e89eafb971d,267,0x5b1c8cd6e98d8bca397fd09b0dcc9933d712ad13,60274.388449,60274.388449,60172.18501,1,1,1710971585
2024-03-14,0x6cdcb1c4a4d1c3c6d054b27ac5b77e89eafb971d,278,0x52e7633279802211ba4c2cef1ef0f3129fe596b1,123037.609072,123037.609072,122828.982041,1,1,1710609007
2024-03-14,0x6cdcb1c4a4d1c3c6d054b27ac5b77e89eafb971d,283,0xb34298965c07db84d3b94d0664af15d9b353fb85,0.0,0.0,144032.698262,0,1,1710971733
2024-03-14,0x6cdcb1c4a4d1c3c6d054b27ac5b77e89eafb971d,284,0x5a34f25040ba6e12daea0512d4d2a0043ecc9292,0.0,0.0,117671.777816,0,1,1710974397
2024-03-14,0x6cdcb1c4a4d1c3c6d054b27ac5b77e89eafb971d,286,0xb33cd827dd59c090e71899bfca31f81f4b189ddb,46785.895176,46785.895176,186826.253265,1,1,1710962077
2024-03-14,0x6cdcb1c4a4d1c3c6d054b27ac5b77e89eafb971d,292,0xc204d01bd43e7d084dcd60cf1a4bf8a75401fdd1,0.0,0.0,58246.18839,0,1,1710937697
2024-03-14,0x6cdcb1c4a4d1c3c6d054b27ac5b77e89eafb971d,296,0xb6321c5e3d0a97b8d4218bc15ec95bd8d1f7d639,109816.500327,109816.500327,0.0,1,0,1710443527
2024-03-14,0x6cdcb1c4a4d1c3c6d054b27ac5b77e89eafb971d,298,0x8aa63a11835bf0139e41859540f0c7161a92c7b1,0.0,0.0,112474.515358,0,1,1710951089
2024-03-14,0x6cdcb1c4a4d1c3c6d054b27ac5b77e89eafb971d,301,0xa3ff2d14b8289d00c22c7917cc85812a7fb4ca77,109372.83469,109372.83469,109372.83469,1,1,1710949193
2024-03-14,0x6cdcb1c4a4d1c3c6d054b27ac5b77e89eafb971d,303,0xab12253171a0d73df64b115cd43fe0a32feb9daa,0.0,0.0,104353.084433,0,1,1710956717
2024-03-14,0x6cdcb1c4a4d1c3c6d054b27ac5b77e89eafb971d,305,0x8de71aae74bee0847a1ee5f620f645910f8e5973,106718.298691,106718.298691,106718.298691,1,1,1710841483
2024-03-14,0x6cdcb1c4a4d1c3c6d054b27ac5b77e89eafb971d,318,0xcf0afa96743819d52515bff99635a7978f2a856f,0.0,0.0,103274.846337,0,1,1710546675
2024-03-14,0x6cdcb1c4a4d1c3c6d054b27ac5b77e89eafb971d,323,0xa2332e28a62bf41d3b0628a1121530ec2834d28e,0.0,0.0,109065.999818,0,1,1710950061
2024-03-14,0x6cdcb1c4a4d1c3c6d054b27ac5b77e89eafb971d,340,0xd9277f43bdfbbd18f5ba0adeb38f3ace2929e773,0.0,0.0,50999.802614,0,1,1710959765
2024-03-14,0x6cdcb1c4a4d1c3c6d054b27ac5b77e89eafb971d,355,0x6de6e901bbefd26a9888798a25e4a49309d04ca9,0.0,0.0,81675.281203,0,1,1710966581
2024-03-14,0x6cdcb1c4a4d1c3c6d054b27ac5b77e89eafb971d,363,0xbe12e889a5af67b12369c5610187a18c0a43dce0,0.0,0.0,87872.021339,0,1,1710935379
2024-03-14,0x6cdcb1c4a4d1c3c6d054b27ac5b77e89eafb971d,365,0xbdf81b19af7848f7384c38e68208885ff0c9f390,0.0,0.0,79364.595527,0,1,1710975383
2024-03-14,0x6cdcb1c4a4d1c3c6d054b27ac5b77e89eafb971d,366,0xd48a206697ba7dd8641f97060b2ac74a252be092,0.0,0.0,77463.870987,0,1,1710808891
2024-03-14,0x6cdcb1c4a4d1c3c6d054b27ac5b77e89eafb971d,370,0x02ef8147e2d0997cca48d99f01bad846d16558fa,0.0,0.0,183319.883195,0,1,1710788375
2024-03-14,0x6cdcb1c4a4d1c3c6d054b27ac5b77e89eafb971d,377,0xdfab977372a039e78839687b8c359465f0f17532,75968.335243,75968.335243,0.0,1,0,1710404837
2024-03-14,0x6cdcb1c4a4d1c3c6d054b27ac5b77e89eafb971d,388,0x823bf98d9f1119ae040aaef8118f13a612324112,71318.745325,71318.745325,0.0,1,0,1710534435
2024-03-14,0x6cdcb1c4a4d1c3c6d054b27ac5b77e89eafb971d,398,0x48c7e0db3dad3fe4eb0513b86fe5c38ebb4e0f91,0.0,0.0,6729.282934,0,1,1710958033
2024-03-14,0x6cdcb1c4a4d1c3c6d054b27ac5b77e89eafb971d,403,0xc3193e39f77c2ed59045cfffcdcacdda72f29987,0.0,0.0,66417.243276,0,1,1710410643
2024-03-14,0x6cdcb1c4a4d1c3c6d054b27ac5b77e89eafb971d,404,0xe96811493faaab5fe93eebd81bd9be270e101173,0.0,0.0,65206.860055,0,1,1710961551
2024-03-14,0x6cdcb1c4a4d1c3c6d054b27ac5b77e89eafb971d,411,0x089bf34290ff2767fbd1cda881566c76415a9c00,0.0,0.0,144258.108494,0,1,1710967855
2024-03-14,0x6cdcb1c4a4d1c3c6d054b27ac5b77e89eafb971d,413,0xa78d7c58d8654618874e48942c5b1a62d1477cac,79890.861649,79890.861649,0.0,1,0,1710455589
2024-03-14,0x6cdcb1c4a4d1c3c6d054b27ac5b77e89eafb971d,416,0x151e5062d509bf6fc1b5345afa0e7397c9c82226,0.0,0.0,63068.78907,0,1,1710954859
2024-03-14,0x6cdcb1c4a4d1c3c6d054b27ac5b77e89eafb971d,426,0x0e39b12dc1f8a69202838f540684fb5ac307c9c1,0.0,0.0,60043.417644,0,1,1710974125
2024-03-14,0x6cdcb1c4a4d1c3c6d054b27ac5b77e89eafb971d,435,0x80d8a2a197bb4925ba237c3ee8b3614d6f2cd181,57192.353283,57192.353283,0.0,1,0,1710909151
2024-03-14,0x6cdcb1c4a4d1c3c6d054b27ac5b77e89eafb971d,441,0xdceb0bb3311342e3ce9e49f57affce9deac40ba1,0.0,0.0,14456.743642,0,1,1710794891
2024-03-14,0x6cdcb1c4a4d1c3c6d054b27ac5b77e89eafb971d,452,0x21484a41b00c014c4ad5c92bbb7661fd7c1c9a2b,0.0,0.0,26595.711036,0,1,1710939847
2024-03-14,0x6cdcb1c4a4d1c3c6d054b27ac5b77e89eafb971d,470,0x5975c976f874b9f9668c39d555129e58cce4fdb2,0.0,0.0,51606.316311,0,1,1710955793
2024-03-14,0x6cdcb1c4a4d1c3c6d054b27ac5b77e89eafb971d,477,0x4c55adf88fe327befba5dd15000b039b818f365f,0.0,0.0,48483.387848,0,1,1710898639
2024-03-14,0x6cdcb1c4a4d1c3c6d054b27ac5b77e89eafb971d,482,0xceff98a045a3732f3e26247a29ba5e7d52fe84b2,0.0,0.0,53351.423223,0,1,1710901015
2024-03-14,0x6cdcb1c4a4d1c3c6d054b27ac5b77e89eafb971d,500,0x646985bbb677653e5768139d354ca706f1858fcf,0.0,0.0,47313.157927,0,1,1710910449
2024-03-14,0x6cdcb1c4a4d1c3c6d054b27ac5b77e89eafb971d,503,0x69e02d001146a86d4e2995f9ecf906265aa77d85,11428.366448,11428.366448,11408.988096,1,1,1710975321
2024-03-14,0x6cdcb1c4a4d1c3c6d054b27ac5b77e89eafb971d,504,0xcfba6d63ec822425775d3c509e60ff689c1ae1e7,11945.606721,11945.606721,11925.351318,1,1,1710938491
2024-03-14,0x6cdcb1c4a4d1c3c6d054b27ac5b77e89eafb971d,509,0x34223719d75cbc336b77ccd8af6b9342bd6af1cb,6932.395945,6932.395945,0.0,1,0,1710956477
2024-03-14,0x6cdcb1c4a4d1c3c6d054b27ac5b77e89eafb971d,514,0xe9eb5b18f6a6098eae9d38d03dbfdc924bd757e9,21826.689187,21826.689187,0.0,1,0,1710394069
2024-03-14,0x6cdcb1c4a4d1c3c6d054b27ac5b77e89eafb971d,519,0xa23bde7b73b4acc73918e2362e6a646761955c7c,0.0,0.0,27011.48892,0,1,1710974677
2024-03-14,0x6cdcb1c4a4d1c3c6d054b27ac5b77e89eafb971d,520,0xfba381fb57d1f1efdc12661e5be59425e545e649,0.0,0.0,64837.934457,0,1,1710972691
2024-03-14,0x6cdcb1c4a4d1c3c6d054b27ac5b77e89eafb971d,534,0x5bf2b6b176b98d20eace5d996568f4f1e69cff24,42057.2826,42057.2826,41985.968747,1,1,1710413557
2024-03-14,0x6cdcb1c4a4d1c3c6d054b27ac5b77e89eafb971d,536,0xf6ed81d5e9f61dd1ea21e96ae1d660ecc388ae4f,0.0,0.0,8291.497832,0,1,1710962145
2024-03-14,0x6cdcb1c4a4d1c3c6d054b27ac5b77e89eafb971d,543,0x6613a1521394c2f17c7d705e48279e44c2a01936,0.0,0.0,20489.369251,0,1,1710378153
2024-03-14,0x6cdcb1c4a4d1c3c6d054b27ac5b77e89eafb971d,544,0x16b00db74167b7469dda63b674ca9a3b1b70c439,15817.076812,15817.076812,0.0,1,0,1710956253
2024-03-14,0x6cdcb1c4a4d1c3c6d054b27ac5b77e89eafb971d,548,0xb82e12d1da436611c5c94d535c3a40f5fb3f35ab,0.0,0.0,20295.176809,0,1,1710936117
2024-03-14,0x6cdcb1c4a4d1c3c6d054b27ac5b77e89eafb971d,551,0xdde346eaecec99ff62b8454fbd721593d40e2fbc,42806.557226,42806.557226,32050.479657,1,1,1710394519
2024-03-14,0x6cdcb1c4a4d1c3c6d054b27ac5b77e89eafb971d,558,0x985dbffd8daaf59cc68883d17cfab313b2343184,0.0,0.0,43152.494641,0,1,1710964491
2024-03-14,0x6cdcb1c4a4d1c3c6d054b27ac5b77e89eafb971d,561,0x52e7633279802211ba4c2cef1ef0f3129fe596b1,39432.634897,39432.634897,0.0,1,0,1710609103
2024-03-14,0x6cdcb1c4a4d1c3c6d054b27ac5b77e89eafb971d,566,0x7c55c37ae3da8272c41eefff9b6b3c43f6ef713d,19509.272007,19509.272007,19509.272007,1,1,1710430267
2024-03-14,0x6cdcb1c4a4d1c3c6d054b27ac5b77e89eafb971d,568,0xfd9ce79fd7f62ca88ace958cd2716f4cce25e2df,39049.105968,39049.105968,0.0,1,0,1710395101
2024-03-14,0x6cdcb1c4a4d1c3c6d054b27ac5b77e89eafb971d,572,0xcbc21fbf92519f6d90c05a6fda1a7cb72fa6e02b,38277.922983,38277.922983,38277.922983,1,1,1710545445
2024-03-14,0x6cdcb1c4a4d1c3c6d054b27ac5b77e89eafb971d,583,0x8371ec1d9b31899e8a7574f43a7864f395c80d00,0.0,0.0,1022691.168002,0,1,1710972343
2024-03-14,0x6cdcb1c4a4d1c3c6d054b27ac5b77e89eafb971d,586,0xd83410edf02ee6c9f801fc81fdc89f712f84a81e,0.0,0.0,38599.786998,0,1,1710819941
2024-03-14,0x6cdcb1c4a4d1c3c6d054b27ac5b77e89eafb971d,590,0x69bbbfde43c49fc50f5647223da5ef4756d78659,0.0,0.0,36962.422524,0,1,1710955875
2024-03-14,0x6cdcb1c4a4d1c3c6d054b27ac5b77e89eafb971d,599,0x21f59001e8543fbd84fcacade38b1a06274f0ca3,60654.023499,60654.023499,57347.74046,1,1,1710966339
2024-03-14,0x6cdcb1c4a4d1c3c6d054b27ac5b77e89eafb971d,608,0xc45d05cdc809d20c7b14959e8cd4a1199e3e966f,0.0,0.0,18094.662046,0,1,1710770129
2024-03-14,0x6cdcb1c4a4d1c3c6d054b27ac5b77e89eafb971d,618,0x622f88102bf8d68e65faf109f66e0781b46bbed3,0.0,0.0,38006.966058,0,1,1710940673
2024-03-14,0x6cdcb1c4a4d1c3c6d054b27ac5b77e89eafb971d,620,0xc8f7b747eefc216964e567c14ec823d17d25c932,0.0,0.0,35546.381576,0,1,1710950425
2024-03-14,0x6cdcb1c4a4d1c3c6d054b27ac5b77e89eafb971d,622,0x81f10d99464d604ea1e9242dc71733a506e95b4e,7401.783408,7401.783408,9192.683113,1,1,1710973303
2024-03-14,0x6cdcb1c4a4d1c3c6d054b27ac5b77e89eafb971d,636,0x599321b91d0e4e541f7d172ab1cacccc0d5a8e82,34167.768914,34167.768914,33503.524206,1,1,1710854019
2024-03-14,0x6cdcb1c4a4d1c3c6d054b27ac5b77e89eafb971d,638,0x3efec9925973afe87cbfe219dfe31fbba4266369,0.0,0.0,34751.569229,0,1,1710971599
2024-03-14,0x6cdcb1c4a4d1c3c6d054b27ac5b77e89eafb971d,644,0x74eef0f2ecb2fd33928cfe8b229adfe899827ef5,0.0,0.0,97333.547965,0,1,1710975113
2024-03-14,0x6cdcb1c4a4d1c3c6d054b27ac5b77e89eafb971d,659,0xdff2425c57f2f930ff14d693dc913894053622ae,0.0,15993.169411,31959.220225,1,2,1710556795
2024-03-14,0x6cdcb1c4a4d1c3c6d054b27ac5b77e89eafb971d,663,0x539c82d5cb886c94dd3e2d76dd5c73936c1cf391,30853.592886,30853.592886,0.0,1,0,1710406099
2024-03-14,0x6cdcb1c4a4d1c3c6d054b27ac5b77e89eafb971d,688,0x1295c6d02137402a0799c6397a8161c2590805c2,0.0,0.0,29341.688776,0,1,1710438857
2024-03-14,0x6cdcb1c4a4d1c3c6d054b27ac5b77e89eafb971d,692,0x6da02f6523fe3854a932b31cdce8b977b6724a1e,0.0,0.0,28665.4712,0,1,1710940463
2024-03-14,0x6cdcb1c4a4d1c3c6d054b27ac5b77e89eafb971d,697,0x8fc339425b2c5be02035c00ef311fda7d1fa9ab7,27820.341591,27820.341591,27820.341591,1,1,1710693597
2024-03-14,0x6cdcb1c4a4d1c3c6d054b27ac5b77e89eafb971d,698,0x7a70eca937f10234c42b4daed0970fae6f88df15,48106.996872,48106.996872,47171.764076,1,1,1710772399
2024-03-14,0x6cdcb1c4a4d1c3c6d054b27ac5b77e89eafb971d,701,0xacd97a24977afa76d74c6ed7f363f6e4366f74bb,0.0,0.0,9766.910947,0,1,1710956129
2024-03-14,0x6cdcb1c4a4d1c3c6d054b27ac5b77e89eafb971d,709,0x39d94ed8102740e8fad63e55473a466aa20e0983,0.0,0.0,27904.656811,0,1,1710940741
2024-03-14,0x6cdcb1c4a4d1c3c6d054b27ac5b77e89eafb971d,716,0x7026d2dc1a6314dcae5b8834c506987a30c702a6,0.0,0.0,27594.041864,0,1,1710722649
2024-03-14,0x6cdcb1c4a4d1c3c6d054b27ac5b77e89eafb971d,717,0x24b1bf98402c33a78c96178b833f89dbde7e76a7,10741.186473,10741.186473,26979.711113,1,1,1710903297
2024-03-14,0x6cdcb1c4a4d1c3c6d054b27ac5b77e89eafb971d,726,0x2957c2968ebcb91f5683768a9bdc468d08c2a2c2,0.0,0.0,26812.30961,0,1,1710957561
2024-03-14,0x6cdcb1c4a4d1c3c6d054b27ac5b77e89eafb971d,729,0x7372ff47026ec4c49ef99b4891b42e2d7bec4d1a,13382.455845,13382.455845,26610.755121,1,1,1710966451
2024-03-14,0x6cdcb1c4a4d1c3c6d054b27ac5b77e89eafb971d,747,0x66f4dd243d824fb5ac0694177a2371037eeed6cb,0.0,0.0,25453.73954,0,1,1710974149
2024-03-14,0x6cdcb1c4a4d1c3c6d054b27ac5b77e89eafb971d,750,0x24a3bde2bd95fe4c36894049e34501d340d9fd56,0.0,0.0,33666.704822,0,1,1710965751
2024-03-14,0x6cdcb1c4a4d1c3c6d054b27ac5b77e89eafb971d,753,0xee57d8989170370a6f88b2f99395b81204117bf2,5387.824153,5387.824153,5378.688363,1,1,1710969811
2024-03-14,0x6cdcb1c4a4d1c3c6d054b27ac5b77e89eafb971d,754,0x4d3869e2451d28bb4f03aeda60322eaf01e912db,0.0,0.0,15056.266112,0,1,1710865673
2024-03-14,0x6cdcb1c4a4d1c3c6d054b27ac5b77e89eafb971d,757,0xbc49d2dde4b97be274237a9920c1a3646987b349,26280.862005,26280.862005,0.0,1,0,1710760677
2024-03-14,0x6cdcb1c4a4d1c3c6d054b27ac5b77e89eafb971d,768,0x6ad0e9ea8d43213dbaaf18ec11d02c75b4f9322d,0.0,0.0,26124.713402,0,1,1710931949
2024-03-14,0x6cdcb1c4a4d1c3c6d054b27ac5b77e89eafb971d,771,0x79c80fb4431b23940c0ed3f5ce45ba71d0f03577,0.0,0.0,24150.284131,0,1,1710949901
2024-03-14,0x6cdcb1c4a4d1c3c6d054b27ac5b77e89eafb971d,776,0xc923dd451dfb1fc6a4608982c6c077414da06a4d,25476.482889,25476.482889,12716.642021,1,1,1710868157
2024-03-14,0x6cdcb1c4a4d1c3c6d054b27ac5b77e89eafb971d,782,0x3631e591a117cd71ea786dc39dd8011d189e0b9d,23856.227406,23856.227406,23776.642188,1,1,1710395891
2024-03-14,0x6cdcb1c4a4d1c3c6d054b27ac5b77e89eafb971d,789,0x0e156bf3a5326322f7fee3d336fcf63d00641c6e,0.0,0.0,21459.591164,0,1,1710973805
2024-03-14,0x6cdcb1c4a4d1c3c6d054b27ac5b77e89eafb971d,790,0x6de6e901bbefd26a9888798a25e4a49309d04ca9,0.0,0.0,22894.659323,0,1,1710967185
2024-03-14,0x6cdcb1c4a4d1c3c6d054b27ac5b77e89eafb971d,796,0xde4eb5c828432d1d674a6143029604bc811011e7,0.0,0.0,21956.182362,0,1,1710964205
2024-03-14,0x6cdcb1c4a4d1c3c6d054b27ac5b77e89eafb971d,800,0xd9e393321f61a2f476431aba1407f1f12e273f21,0.0,0.0,22449.262525,0,1,1710973817
2024-03-14,0x6cdcb1c4a4d1c3c6d054b27ac5b77e89eafb971d,809,0x6de6e901bbefd26a9888798a25e4a49309d04ca9,0.0,0.0,22131.321511,0,1,1710967243
2024-03-14,0x6cdcb1c4a4d1c3c6d054b27ac5b77e89eafb971d,814,0x6de6e901bbefd26a9888798a25e4a49309d04ca9,0.0,0.0,21838.680177,0,1,1710967219
2024-03-14,0x6cdcb1c4a4d1c3c6d054b27ac5b77e89eafb971d,815,0x6de6e901bbefd26a9888798a25e4a49309d04ca9,0.0,0.0,21545.83759,0,1,1710966815
2024-03-14,0x6cdcb1c4a4d1c3c6d054b27ac5b77e89eafb971d,817,0x6de6e901bbefd26a9888798a25e4a49309d04ca9,0.0,0.0,21777.739204,0,1,1710966835
2024-03-14,0x6cdcb1c4a4d1c3c6d054b27ac5b77e89eafb971d,820,0x45f692a6959ee71c5962dd89b8ca909fd48ee6a4,21003.747429,21003.747429,0.0,1,0,1710689471
2024-03-14,0x6cdcb1c4a4d1c3c6d054b27ac5b77e89eafb971d,821,0xda9ad6284300b15bc802c3fbf6dbbdf7ceb27fe8,0.0,0.0,21561.154335,0,1,1710934557
2024-03-14,0x6cdcb1c4a4d1c3c6d054b27ac5b77e89eafb971d,824,0x0e80b8ea35ed0d15689a6372940619a5a99588bb,0.0,0.0,21324.414107,0,1,1710955625
2024-03-14,0x6cdcb1c4a4d1c3c6d054b27ac5b77e89eafb971d,828,0xb5e00b32bbea4a4ecc7a28fd7f7a1248bd2822c9,0.0,0.0,21103.742363,0,1,1710968497
2024-03-14,0x6cdcb1c4a4d1c3c6d054b27ac5b77e89eafb971d,867,0xa1a7aec61de1b80efe2dfe0ed8bb4243274ce67a,0.0,36867.424859,73244.319565,1,2,1710969157
2024-03-14,0x6cdcb1c4a4d1c3c6d054b27ac5b77e89eafb971d,871,0x712a81b587abcaa64ea8ff2f0201f2379bf120e7,19301.076484,19301.076484,0.0,1,0,1710513211
2024-03-14,0x6cdcb1c4a4d1c3c6d054b27ac5b77e89eafb971d,877,0x2ccf109701bb766ea47cc673b1366af4e82976b1,0.0,0.0,41628.134261,0,1,1710961837
2024-03-14,0x6cdcb1c4a4d1c3c6d054b27ac5b77e89eafb971d,915,0xbcc66b1bdff6f7fc11941a6cfdbaea417df461b8,0.0,0.0,17609.39702,0,1,1710952771
2024-03-14,0x6cdcb1c4a4d1c3c6d054b27ac5b77e89eafb971d,932,0x9b8d45dff1a7ce03ffd0f9f282b4e3b190a2d915,0.0,0.0,17214.420053,0,1,1710956797
2024-03-14,0x6cdcb1c4a4d1c3c6d054b27ac5b77e89eafb971d,934,0x74d973a770e8e58867f7cd5b44798b0ecbbefa3d,0.0,0.0,16803.928615,0,1,1710971349
2024-03-14,0x6cdcb1c4a4d1c3c6d054b27ac5b77e89eafb971d,938,0xa952d7ca6a0c67201514716efe77fc9093131dae,0.0,0.0,26418.803571,0,1,1710885775
2024-03-14,0x6cdcb1c4a4d1c3c6d054b27ac5b77e89eafb971d,960,0x2932c3e41f92a3e4f5f36a81e346397de8620502,0.0,0.0,16445.536652,0,1,1710696015
2024-03-14,0x6cdcb1c4a4d1c3c6d054b27ac5b77e89eafb971d,969,0x474737676ca5993eeca3c2a072572440e0524bbe,16271.036544,16271.036544,16216.800975,1,1,1710522051
2024-03-14,0x6cdcb1c4a4d1c3c6d054b27ac5b77e89eafb971d,970,0x87f16c31e32ae543278f5194cf94862f1cb1eee0,0.0,0.0,210164.923594,0,1,1710549603
2024-03-14,0x6cdcb1c4a4d1c3c6d054b27ac5b77e89eafb971d,971,0xe3cfbf8fb378f5c4cf780077ee5c2ffe7aaea6dc,0.0,0.0,7410.695231,0,1,1710962563
2024-03-14,0x6cdcb1c4a4d1c3c6d054b27ac5b77e89eafb971d,976,0xac18c73423d43ad14630c32491ec0db14e2e6148,0.0,0.0,21854.502585,0,1,1710940843
2024-03-14,0x6cdcb1c4a4d1c3c6d054b27ac5b77e89eafb971d,992,0xdcf711cb8a1e0856ff1cb1cfd52c5084f5b28030,15191.074342,15191.074342,15191.074342,1,1,1710693641
2024-03-14,0x6cdcb1c4a4d1c3c6d054b27ac5b77e89eafb971d,1019,0x8a0454b05a952c572619935ed46b6d8d0aa97a76,2904.661621,2904.661621,3630.827026,1,1,1710965633
2024-03-14,0x6cdcb1c4a4d1c3c6d054b27ac5b77e89eafb971d,1020,0xc18dac166eda9538933258d21a272c1775c19c73,0.0,0.0,14860.535157,0,1,1710966713
2024-03-14,0x6cdcb1c4a4d1c3c6d054b27ac5b77e89eafb971d,1034,0x582b07d825557d79be4f5ea051167b6c534fea1e,0.0,0.0,14368.63536,0,1,1710907947
2024-03-14,0x6cdcb1c4a4d1c3c6d054b27ac5b77e89eafb971d,1037,0x4870929afd7b982d31868628df0050628c76a04f,0.0,0.0,19248.006126,0,1,1710949413
2024-03-14,0x6cdcb1c4a4d1c3c6d054b27ac5b77e89eafb971d,1038,0x5eda2dc136986fc88d4df5696bc464f96a20268a,0.0,0.0,7140.053958,0,1,1710890321
2024-03-14,0x6cdcb1c4a4d1c3c6d054b27ac5b77e89eafb971d,1046,0x08f518870ec33bc96cc251692b79a745c1af78b5,0.0,0.0,14367.392303,0,1,1710967425
2024-03-14,0x6cdcb1c4a4d1c3c6d054b27ac5b77e89eafb971d,1057,0x9eda173b60b105d2e255a1f535f70db2587eefe0,0.0,0.0,13911.164068,0,1,1710953165
2024-03-14,0x6cdcb1c4a4d1c3c6d054b27ac5b77e89eafb971d,1059,0x9ee4045c35514119a289ef08b27d448f11599cb8,0.0,0.0,25415.801918,0,1,1710956113
2024-03-14,0x6cdcb1c4a4d1c3c6d054b27ac5b77e89eafb971d,1067,0x582d6feae1926c19304e49206c710fe06c5f5593,0.0,0.0,14668.543376,0,1,1710957895
2024-03-14,0x6cdcb1c4a4d1c3c6d054b27ac5b77e89eafb971d,1087,0x341c18d764d0843698122ae5b5d2dee20067645d,0.0,0.0,14532.285499,0,1,1710895529
2024-03-14,0x6cdcb1c4a4d1c3c6d054b27ac5b77e89eafb971d,1105,0x2ea2ce595bd68a0cd1fd34b06df98970952fe4d2,0.0,0.0,20546.096745,0,1,1710941323
2024-03-14,0x6cdcb1c4a4d1c3c6d054b27ac5b77e89eafb971d,1149,0x93b82c49c2af67797977ae344c07884164e6a592,0.0,0.0,3832.686559,0,1,1710963223
2024-03-14,0x6cdcb1c4a4d1c3c6d054b27ac5b77e89eafb971d,1156,0xf2ff2bc69fb16674d0cc58bcdd7f674db576bc77,0.0,0.0,14672.346957,0,1,1710969407
2024-03-14,0x6cdcb1c4a4d1c3c6d054b27ac5b77e89eafb971d,1164,0xa65a864ca19535e4c06000768c6cfa9f6ebaeb12,0.0,0.0,11985.280802,0,1,1710975347
2024-03-14,0x6cdcb1c4a4d1c3c6d054b27ac5b77e89eafb971d,1183,0x0c9e20b9046f31da1e84b1b968b5fff23e815fd6,0.0,0.0,11942.099451,0,1,1710871577
2024-03-14,0x6cdcb1c4a4d1c3c6d054b27ac5b77e89eafb971d,1194,0xef6e620fde6e0201f90c1d593cd308933b907bce,0.0,0.0,11131.103445,0,1,1710943355
2024-03-14,0x6cdcb1c4a4d1c3c6d054b27ac5b77e89eafb971d,1206,0x7d9a78f607706b8f5ce26fba6c9eacabf8937df0,2224.482522,2224.482522,2217.067747,1,1,1710535001
2024-03-14,0x6cdcb1c4a4d1c3c6d054b27ac5b77e89eafb971d,1221,0x564b3a3cf630d7b3b35ae78e47feb074bce2b06e,5635.116115,32656.261788,31908.850996,6,6,1710974749
2024-03-14,0x6cdcb1c4a4d1c3c6d054b27ac5b77e89eafb971d,1231,0x0185c555216bbd14f138a92730682a8e9fbc9e00,0.0,0.0,10798.439965,0,1,1710970693
2024-03-14,0x6cdcb1c4a4d1c3c6d054b27ac5b77e89eafb971d,1237,0x6c7c462148823c4f12445e1687eb5cb2576c915b,0.0,0.0,10640.051421,0,1,1710717985
2024-03-14,0x6cdcb1c4a4d1c3c6d054b27ac5b77e89eafb971d,1238,0xf615d3d3f8dd67a69071b5fbe703259b7cb10e55,10348.600977,10348.600977,10348.600977,1,1,1710842833
2024-03-14,0x6cdcb1c4a4d1c3c6d054b27ac5b77e89eafb971d,1255,0x4f4d6d47a8a764cf8dab8f544b055fbd109304af,3786.498201,3786.498201,5116.88946,1,1,1710696823
2024-03-14,0x6cdcb1c4a4d1c3c6d054b27ac5b77e89eafb971d,1260,0x8f9fad82eaeb65f2a227a6d78f62cbaefb149074,11858.199704,11858.199704,11903.616031,1,1,1710945815
2024-03-14,0x6cdcb1c4a4d1c3c6d054b27ac5b77e89eafb971d,1265,0x90c0bf8d71369d21f8addf0da33d21dcb0b1c384,10174.520088,10174.520088,10140.605784,1,1,1710968873
2024-03-14,0x6cdcb1c4a4d1c3c6d054b27ac5b77e89eafb971d,1274,0xe1aa441644ebb251ec57f63365be55d2668f5967,10092.815387,10092.815387,5011.057252,1,1,1710585195
2024-03-14,0x6cdcb1c4a4d1c3c6d054b27ac5b77e89eafb971d,1278,0x8a2e722c2f167283e38ffee0ee5f1a035596915f,0.0,0.0,10671.484579,0,1,1710958661
2024-03-14,0x6cdcb1c4a4d1c3c6d054b27ac5b77e89eafb971d,1294,0xcbb9a1a9d875747cf5bc7f6dcf34d8dabcbc8be1,20619.942101,20619.942101,9752.374251,1,1,1710523157
2024-03-14,0x6cdcb1c4a4d1c3c6d054b27ac5b77e89eafb971d,1296,0x581278ad4c00f4f2af057105817a8e78b424a65c,0.0,0.0,10165.6279,0,1,1710969047
2024-03-14,0x6cdcb1c4a4d1c3c6d054b27ac5b77e89eafb971d,1297,0xcbb9a1a9d875747cf5bc7f6dcf34d8dabcbc8be1,0.0,0.0,10913.593638,0,1,1710522641
2024-03-14,0x6cdcb1c4a4d1c3c6d054b27ac5b77e89eafb971d,1300,0x28c783bd0bad451861807cd48d250dc8ad5ec8f9,0.0,0.0,10131.542884,0,1,1710970805
2024-03-14,0x6cdcb1c4a4d1c3c6d054b27ac5b77e89eafb971d,1303,0x102e51c706eaf0293715af73c99f2a8589a2084d,0.0,0.0,9612.859568,0,1,1710731671
2024-03-14,0x6cdcb1c4a4d1c3c6d054b27ac5b77e89eafb971d,1331,0x24db8a0a16da2812b55af4d0f3a8ada8a68a330f,0.0,0.0,29659.805387,0,1,1710965249
2024-03-14,0x6cdcb1c4a4d1c3c6d054b27ac5b77e89eafb971d,1332,0x3ca439c192dd92c859c1c3097cca4088eb13f865,0.0,0.0,8982.81729,0,1,1710910465
2024-03-14,0x6cdcb1c4a4d1c3c6d054b27ac5b77e89eafb971d,1336,0xfcab3337172623862d1e8bd742432410b125ab93,0.0,0.0,8839.096966,0,1,1710972467
2024-03-14,0x6cdcb1c4a4d1c3c6d054b27ac5b77e89eafb971d,1340,0xe5edfe0e968bf5dad6d023814989b536c0875676,0.0,0.0,9016.802796,0,1,1710971931
2024-03-14,0x6cdcb1c4a4d1c3c6d054b27ac5b77e89eafb971d,1349,0x5d20723d6eca69738eac8b4767c46682ecc76f3c,8987.272737,8987.272737,8972.033592,1,1,1710402615
2024-03-14,0x6cdcb1c4a4d1c3c6d054b27ac5b77e89eafb971d,1358,0x4ac4ff89b9d4b3daf54942e3df63751a4a54c735,0.0,0.0,8875.479965,0,1,1710966789
2024-03-14,0x6cdcb1c4a4d1c3c6d054b27ac5b77e89eafb971d,1373,0x911c92d410afe1f06cd0bc551d62835634dbe014,0.0,0.0,22718.103488,0,1,1710607399
2024-03-14,0x6cdcb1c4a4d1c3c6d054b27ac5b77e89eafb971d,1378,0x80cfcd0157030d8808e03d283e742c8008614654,0.0,0.0,8677.308649,0,1,1710967423
2024-03-14,0x6cdcb1c4a4d1c3c6d054b27ac5b77e89eafb971d,1385,0x8f2c46ce880c288bbf0926123814496a9842a591,9362.368108,9362.368108,4665.759186,1,1,1710631803
2024-03-14,0x6cdcb1c4a4d1c3c6d054b27ac5b77e89eafb971d,1403,0x4a3592a24a88249f14adaac604eb2e79ffe948ca,0.0,0.0,8501.18922,0,1,1710973101
2024-03-14,0x6cdcb1c4a4d1c3c6d054b27ac5b77e89eafb971d,1404,0x035effa901e21cb460357b08fafcc2b6d69e323f,0.0,0.0,9627.911524,0,1,1710398041
2024-03-14,0x6cdcb1c4a4d1c3c6d054b27ac5b77e89eafb971d,1431,0x7fbd935c9972b6a4c0b6f7c6f650996677bf6e0a,6378.475005,6378.475005,0.0,1,0,1710577333
2024-03-14,0x6cdcb1c4a4d1c3c6d054b27ac5b77e89eafb971d,1435,0xe324c2478a8c2cb019c32609d60691f2fa362f0b,0.0,0.0,9029.018566,0,1,1710408131
2024-03-14,0x6cdcb1c4a4d1c3c6d054b27ac5b77e89eafb971d,1443,0xadd4a5e93c26b61c63d6e01cf855634737ddc485,0.0,0.0,7999.279834,0,1,1710945729
2024-03-14,0x6cdcb1c4a4d1c3c6d054b27ac5b77e89eafb971d,1444,0x1c462907552572f07b2e8897c93d263686d831e3,0.0,0.0,8977.913602,0,1,1710945785
2024-03-14,0x6cdcb1c4a4d1c3c6d054b27ac5b77e89eafb971d,1450,0x25d1858b0173f31b1f77be04e643a25b62b437c4,0.0,0.0,7929.752595,0,1,1710945821
2024-03-14,0x6cdcb1c4a4d1c3c6d054b27ac5b77e89eafb971d,1455,0x7f44628bd0f7921820107392edad71abddcb17f9,0.0,0.0,8284.866065,0,1,1710939127
2024-03-14,0x6cdcb1c4a4d1c3c6d054b27ac5b77e89eafb971d,1459,0x58a80268a284c0eeac28c4821fa20cc0228a558b,0.0,0.0,7895.336022,0,1,1710946369
2024-03-14,0x6cdcb1c4a4d1c3c6d054b27ac5b77e89eafb971d,1462,0xadfbf9eccee2c330d7a045fb5533b978ff5ff2b2,0.0,0.0,8514.253811,0,1,1710959895
2024-03-14,0x6cdcb1c4a4d1c3c6d054b27ac5b77e89eafb971d,1473,0xb1b4d2c37c3d76eae8c47747de1d7dc782684849,0.0,0.0,1953.03692,0,1,1710961769
2024-03-14,0x6cdcb1c4a4d1c3c6d054b27ac5b77e89eafb971d,1490,0x54ecb3397b0bf31cb0b81eb2444e2a7b32507d8b,0.0,0.0,7620.608231,0,1,1710959557
2024-03-14,0x6cdcb1c4a4d1c3c6d054b27ac5b77e89eafb971d,1495,0xdb5bbaa2d64653b7101d56e91173e677717676fe,0.0,0.0,10455.735811,0,1,1710927237
2024-03-14,0x6cdcb1c4a4d1c3c6d054b27ac5b77e89eafb971d,1497,0x310f3030e7cc99d9093c5fcd7e8a7fe4cc92b9d9,0.0,0.0,7945.63125,0,1,1710947551
2024-03-14,0x6cdcb1c4a4d1c3c6d054b27ac5b77e89eafb971d,1506,0x9d2e29be44fb2c3d7afdbeb79f59f51224373aff,7643.719878,7643.719878,7618.241384,1,1,1710903367
2024-03-14,0x6cdcb1c4a4d1c3c6d054b27ac5b77e89eafb971d,1514,0x20b66765e8b16804090a2856023b43c3802aca72,0.0,0.0,7319.206027,0,1,1710886609
2024-03-14,0x6cdcb1c4a4d1c3c6d054b27ac5b77e89eafb971d,1521,0xdd84ce1adcb3a4908db61a1dfa3353c3974c5a2b,0.0,0.0,1825.57152,0,1,1710855577
2024-03-14,0x6cdcb1c4a4d1c3c6d054b27ac5b77e89eafb971d,1525,0xc82bf4981e963a23a812e13e610d0f23290349d6,1815.365296,1815.365296,1815.365296,1,1,1710747741
2024-03-14,0x6cdcb1c4a4d1c3c6d054b27ac5b77e89eafb971d,1547,0x40db8365d1252bcb06598927698238a99d39228e,0.0,0.0,7875.993406,0,1,1710947013
2024-03-14,0x6cdcb1c4a4d1c3c6d054b27ac5b77e89eafb971d,1549,0x7f08f8b61cf2f1ce922caa9e6fbc57c7cb8a66e7,7153.747255,7153.747255,0.0,1,0,1710706443
2024-03-14,0x6cdcb1c4a4d1c3c6d054b27ac5b77e89eafb971d,1553,0x69cd1c2e13113c09a22ff98cbd2db3f682f716b4,7079.202133,7079.202133,7079.202133,1,1,1710912745
2024-03-14,0x6cdcb1c4a4d1c3c6d054b27ac5b77e89eafb971d,1557,0x41ea85a57725e77169c9f4d2edf17aaef50bb14d,7040.019911,7040.019911,7081.38169,1,1,1710720877
2024-03-14,0x6cdcb1c4a4d1c3c6d054b27ac5b77e89eafb971d,1568,0x04fc7ab04e0d6e062a7f38dd6ccec9eb42101df1,7058.393551,7058.393551,6964.62297,1,1,1710669549
2024-03-14,0x6cdcb1c4a4d1c3c6d054b27ac5b77e89eafb971d,1570,0x0be7b271ba03874ad78d712246066c20c81693d3,1901.411014,1901.411014,1904.277418,1,1,1710385781
2024-03-14,0x6cdcb1c4a4d1c3c6d054b27ac5b77e89eafb971d,1590,0x111a8934a5d0d3913e5d055dae46dc2c965709a0,0.0,0.0,9614.953593,0,1,1710958085
2024-03-14,0x6cdcb1c4a4d1c3c6d054b27ac5b77e89eafb971d,1595,0x6532a7c47b033e83eac702b2baecdb8b834558de,0.0,0.0,6744.070092,0,1,1710418543
2024-03-14,0x6cdcb1c4a4d1c3c6d054b27ac5b77e89eafb971d,1607,0x64169df8f5b881e6dddf5c9004e7d8e322d4f5de,0.0,0.0,6661.323368,0,1,1710972395
2024-03-14,0x6cdcb1c4a4d1c3c6d054b27ac5b77e89eafb971d,1623,0xb06f3d64068da3014892c64dbd62bc9b985648c7,151185.396727,151185.396727,150929.041287,1,1,1710566669
2024-03-14,0x6cdcb1c4a4d1c3c6d054b27ac5b77e89eafb971d,1625,0x12cc270bb2136c772b7e28868d7782aa62827229,0.0,0.0,6516.637183,0,1,1710962315
2024-03-14,0x6cdcb1c4a4d1c3c6d054b27ac5b77e89eafb971d,1626,0xddd7148286c3df9fa0d5499d55f341179795aeb0,0.0,0.0,6490.636484,0,1,1710973009
2024-03-14,0x6cdcb1c4a4d1c3c6d054b27ac5b77e89eafb971d,1630,0xc810c87e195a9a180068637ca66c13884e040170,6479.674985,6479.674985,6311.876141,1,1,1710678973
2024-03-14,0x6cdcb1c4a4d1c3c6d054b27ac5b77e89eafb971d,1641,0x6dbf2926bf047f1ce0a0073dbd53c2654775ab79,6433.825949,6433.825949,0.0,1,0,1710390791
2024-03-14,0x6cdcb1c4a4d1c3c6d054b27ac5b77e89eafb971d,1642,0x658d6ecc9c9ad22e05492c93a68b88feff61b93a,6440.917757,6440.917757,0.0,1,0,1710629723
2024-03-14,0x6cdcb1c4a4d1c3c6d054b27ac5b77e89eafb971d,1658,0x4a2490c461d8bdcc0d7b6c2f7851d845d4fe4ab8,0.0,0.0,6286.042377,0,1,1710959447
2024-03-14,0x6cdcb1c4a4d1c3c6d054b27ac5b77e89eafb971d,1686,0x0825d6c1d8e93b29c8f057e90457bb938061f6ad,0.0,0.0,6009.627855,0,1,1710664173
2024-03-14,0x6cdcb1c4a4d1c3c6d054b27ac5b77e89eafb971d,1745,0x30232ad3dc049d8cfeeb1bb8471e416b8cc5fcfb,5635.913175,5635.913175,5472.137418,1,1,1710968691
2024-03-14,0x6cdcb1c4a4d1c3c6d054b27ac5b77e89eafb971d,1775,0xf22862b5c8d5a17a68536521e0c82c5387bd65af,0.0,0.0,11016.402173,0,1,1710948675
2024-03-14,0x6cdcb1c4a4d1c3c6d054b27ac5b77e89eafb971d,1794,0x808c136858c6ef2d6819faa2e0c09548bb03c1f0,0.0,0.0,23895.62487,0,1,1710951847
2024-03-14,0x6cdcb1c4a4d1c3c6d054b27ac5b77e89eafb971d,1804,0x48a881c6c2ff0c962d017b2c4fb9701afbe3c5f4,5225.651436,5225.651436,5208.218478,1,1,1710714233
2024-03-14,0x6cdcb1c4a4d1c3c6d054b27ac5b77e89eafb971d,1807,0x7a4508b4c3ddbb4cbca59edfa77cae11983ef74a,0.0,0.0,5052.196773,0,1,1710679417
2024-03-14,0x6cdcb1c4a4d1c3c6d054b27ac5b77e89eafb971d,1824,0xb3313b023e68cda95d7b625200e1b0fe6335a0c2,5094.205376,5094.205376,4995.170552,1,1,1710876255
2024-03-14,0x6cdcb1c4a4d1c3c6d054b27ac5b77e89eafb971d,1835,0xb7fd4302eb683185115741a15efe7fdda2e2c886,0.0,0.0,5004.371748,0,1,1710395947
2024-03-14,0x6cdcb1c4a4d1c3c6d054b27ac5b77e89eafb971d,1837,0x1601569c6fa8e12eb6444a7bb075e227389aa192,5037.236074,5037.236074,5020.431676,1,1,1710741461
2024-03-14,0x6cdcb1c4a4d1c3c6d054b27ac5b77e89eafb971d,1850,0x77819d746a876b523b0b41d942c1477f248f9137,0.0,0.0,4963.060953,0,1,1710975565
2024-03-14,0x6cdcb1c4a4d1c3c6d054b27ac5b77e89eafb971d,1879,0x54b00aae51e8c8f022e420681da940ad08b780d4,11667.572772,16508.95003,4841.377258,2,1,1710959069
2024-03-14,0x6cdcb1c4a4d1c3c6d054b27ac5b77e89eafb971d,1881,0x62efee7e52b4e87ad053b42963aebb85bb2085f2,2462.428111,2462.428111,0.0,1,0,1710647255
2024-03-14,0x6cdcb1c4a4d1c3c6d054b27ac5b77e89eafb971d,1891,0x43b2f09af118e01da1ac5c9af1176792b0f41759,0.0,0.0,5161.416937,0,1,1710962547
2024-03-14,0x6cdcb1c4a4d1c3c6d054b27ac5b77e89eafb971d,1928,0x70b1c13c592ee6fdb7ed2f06c70a409776a11ce6,0.0,0.0,4674.027827,0,1,1710941441
2024-03-14,0x6cdcb1c4a4d1c3c6d054b27ac5b77e89eafb971d,1937,0x9f05a7a5d012321d06a501a671ce3ae85bcd551f,0.0,0.0,4566.910932,0,1,1710960137
2024-03-14,0x6cdcb1c4a4d1c3c6d054b27ac5b77e89eafb971d,1938,0x58603461149fc2a800a56d421e77dcbba2d83ca8,0.0,0.0,4563.971384,0,1,1710941797
2024-03-14,0x6cdcb1c4a4d1c3c6d054b27ac5b77e89eafb971d,1974,0x6858a4d8d7d0297c138b403b6a34cb3b424b7f4a,0.0,0.0,4434.051823,0,1,1710391445
2024-03-14,0x6cdcb1c4a4d1c3c6d054b27ac5b77e89eafb971d,2000,0x82c686a5809eb940bcf8c9bf623c3d3122c4216f,4336.4639,4336.4639,0.0,1,0,1710387705
2024-03-14,0x6cdcb1c4a4d1c3c6d054b27ac5b77e89eafb971d,2001,0x8e1378c5c12b3207edef52204a1c81c170818e62,0.0,0.0,14768.300178,0,1,1710963257
2024-03-14,0x6cdcb1c4a4d1c3c6d054b27ac5b77e89eafb971d,2002,0x77e1892fd956c6df5a283804d57ba4c6e2803766,5243.702219,5243.702219,5194.555262,1,1,1710386207
2024-03-14,0x6cdcb1c4a4d1c3c6d054b27ac5b77e89eafb971d,2007,0x31b07bcd06794c8c10909d9061639521b167780e,4162.353376,4162.353376,4171.281528,1,1,1710769419
2024-03-14,0x6cdcb1c4a4d1c3c6d054b27ac5b77e89eafb971d,2011,0xe116d5f4ccd817e93a4827b4b1166fb3fa61bec5,4350.448459,4350.448459,0.0,1,0,1710734175
2024-03-14,0x6cdcb1c4a4d1c3c6d054b27ac5b77e89eafb971d,2026,0x51cfa61222807b1b9b00f92e21f0bded7796e9a9,0.0,0.0,4297.061084,0,1,1710714437
2024-03-14,0x6cdcb1c4a4d1c3c6d054b27ac5b77e89eafb971d,2036,0x9342e2ac6dd4a907948e91e80d2734ecac1d70ec,2480.120035,4968.580861,4983.613362,2,2,1710846445
2024-03-14,0x6cdcb1c4a4d1c3c6d054b27ac5b77e89eafb971d,2051,0xad5509273d21f6f3e7a8bb9de306e6e573a84c04,0.0,0.0,4142.888614,0,1,1710386547
2024-03-14,0x6cdcb1c4a4d1c3c6d054b27ac5b77e89eafb971d,2055,0x264827b8dd1ca3ef6afb080241b3d3d8de8178b3,0.0,5912.230356,11789.943724,1,2,1710952967
2024-03-14,0x6cdcb1c4a4d1c3c6d054b27ac5b77e89eafb971d,2059,0x35ffc49e7fefc188dff81db3c717db098294bc23,3068.820153,3068.820153,0.0,1,0,1710445595
2024-03-14,0x6cdcb1c4a4d1c3c6d054b27ac5b77e89eafb971d,2067,0x2ce1a66f22a2dc6e410d9021d57aeb8d13d6bfef,0.0,0.0,4178.917873,0,1,1710940907
2024-03-14,0x6cdcb1c4a4d1c3c6d054b27ac5b77e89eafb971d,2087,0x4d85e4f760fb58e380f02657ae5aafb8bd010601,2384.31512,2384.31512,1192.15756,1,1,1710380317
2024-03-14,0x6cdcb1c4a4d1c3c6d054b27ac5b77e89eafb971d,2104,0xe7168d1dbccae469491922763c5feaad64244170,0.0,0.0,4185.469117,0,1,1710955583
2024-03-14,0x6cdcb1c4a4d1c3c6d054b27ac5b77e89eafb971d,2109,0xaba92f62ef9d45d0b61808d330461c3b2d8fece8,0.0,0.0,4106.790856,0,1,1710941007
2024-03-14,0x6cdcb1c4a4d1c3c6d054b27ac5b77e89eafb971d,2117,0x3a08ca9e3a394c7b947b9ca56493e38176f3428c,4096.850054,4096.850054,4089.903287,1,1,1710393667
2024-03-14,0x6cdcb1c4a4d1c3c6d054b27ac5b77e89eafb971d,2127,0x0c5d1d586b67c8cf51174d8d71c12b254d496ff6,4679.413763,4679.413763,4671.479179,1,1,1710449797
2024-03-14,0x6cdcb1c4a4d1c3c6d054b27ac5b77e89eafb971d,2129,0x9e136c1c6d31504f6b0af8cba2cd3f1ea77b2e2b,2208.954665,2208.954665,2208.954665,1,1,1710440543
2024-03-14,0x6cdcb1c4a4d1c3c6d054b27ac5b77e89eafb971d,2133,0x63c80fe5b716d2e5c937a8fe787aa17df59d4344,0.0,0.0,4738.486875,0,1,1710975451
2024-03-14,0x6cdcb1c4a4d1c3c6d054b27ac5b77e89eafb971d,2135,0xa32ed73eae62f165e3b3ddbeb19100e3cfe17fc3,0.0,0.0,42289.539725,0,1,1710967779
2024-03-14,0x6cdcb1c4a4d1c3c6d054b27ac5b77e89eafb971d,2140,0x217dd57e76b135095f3863968f21cee6efec5792,0.0,0.0,4814.105133,0,1,1710970603
2024-03-14,0x6cdcb1c4a4d1c3c6d054b27ac5b77e89eafb971d,2210,0x9f05a7a5d012321d06a501a671ce3ae85bcd551f,0.0,0.0,3854.125826,0,1,1710960131
2024-03-14,0x6cdcb1c4a4d1c3c6d054b27ac5b77e89eafb971d,2214,0xbf4101e500419cd28c662adadad14eda897729ac,0.0,0.0,3985.378973,0,1,1710945667
2024-03-14,0x6cdcb1c4a4d1c3c6d054b27ac5b77e89eafb971d,2225,0x9b6ad3558ea4dd6af9d1bc3cfdbd20c1d599c840,3822.919354,3822.919354,3809.532972,1,1,1710520233
2024-03-14,0x6cdcb1c4a4d1c3c6d054b27ac5b77e89eafb971d,2241,0x3747620be079f042cbcea3c724e726ca2fdd9cc1,0.0,0.0,3753.514509,0,1,1710965573
2024-03-14,0x6cdcb1c4a4d1c3c6d054b27ac5b77e89eafb971d,2264,0x4232cc095d14c6a804a8235f3b48d9d66b732b0d,3710.043134,3710.043134,3710.043134,1,1,1710815495
2024-03-14,0x6cdcb1c4a4d1c3c6d054b27ac5b77e89eafb971d,2270,0x68da9f01a7de69436f40af6a412ecbcc7eb87ead,0.0,0.0,3607.853669,0,1,1710453565
2024-03-14,0x6cdcb1c4a4d1c3c6d054b27ac5b77e89eafb971d,2302,0xba798ede9ff11015205d3f158cee1e587ea108b1,911.253804,911.253804,901.674151,1,1,1710404767
2024-03-14,0x6cdcb1c4a4d1c3c6d054b27ac5b77e89eafb971d,2312,0x3fe2e08a1f7766606574a91a5cfaf3342d023947,3627.982158,3627.982158,3621.83042,1,1,1710903497
2024-03-14,0x6cdcb1c4a4d1c3c6d054b27ac5b77e89eafb971d,2341,0x82674c58211c0134348b016810db718b832d4233,3803.754335,7595.137062,7490.576793,2,2,1710382107
2024-03-14,0x6cdcb1c4a4d1c3c6d054b27ac5b77e89eafb971d,2343,0x5f219a363f1ce98607e08659a1ef51ed9c7b2958,0.0,0.0,3574.585222,0,1,1710956029
2024-03-14,0x6cdcb1c4a4d1c3c6d054b27ac5b77e89eafb971d,2347,0xa2891fdb4e67f3410fc6bdf60e221e04a3252840,3578.067419,3578.067419,0.0,1,0,1710736037
2024-03-14,0x6cdcb1c4a4d1c3c6d054b27ac5b77e89eafb971d,2349,0xe6156d93fba1f2387fce5f50f1bb45ef51ed5f2b,1785.542819,1785.542819,0.0,1,0,1710735877
2024-03-14,0x6cdcb1c4a4d1c3c6d054b27ac5b77e89eafb971d,2351,0x3bc29ca7ff3bb9a205a766d31c1cdd6917202734,0.0,0.0,3562.463866,0,1,1710404979
2024-03-14,0x6cdcb1c4a4d1c3c6d054b27ac5b77e89eafb971d,2352,0x514fab6ca1213f22db9f7e1bd461986abaee93b1,0.0,0.0,4428.453269,0,1,1710942827
2024-03-14,0x6cdcb1c4a4d1c3c6d054b27ac5b77e89eafb971d,2355,0x8fb66dbf6a4d1cdaed5b72135324f345fa6c9b83,0.0,0.0,4369.7673,0,1,1710942827
2024-03-14,0x6cdcb1c4a4d1c3c6d054b27ac5b77e89eafb971d,2357,0xfd6696e745434d6bc6af360ebcf81876cde48d90,0.0,0.0,4414.966473,0,1,1710942829
2024-03-14,0x6cdcb1c4a4d1c3c6d054b27ac5b77e89eafb971d,2361,0xcbdfb1f0988749f791e265f60a485cc0f996a1cb,0.0,0.0,4372.052692,0,1,1710942827
2024-03-14,0x6cdcb1c4a4d1c3c6d054b27ac5b77e89eafb971d,2368,0xbfbcaade099cf80fbae44d5d7b3a7af79e3038fe,0.0,0.0,3546.856859,0,1,1710743675
2024-03-14,0x6cdcb1c4a4d1c3c6d054b27ac5b77e89eafb971d,2372,0x4eb4ff4206b92b28383819275a91be201899467a,0.0,0.0,4425.448835,0,1,1710943159
2024-03-14,0x6cdcb1c4a4d1c3c6d054b27ac5b77e89eafb971d,2375,0x2e7f0f4dabdfe46f743e7dd3eedb86b92cf78494,0.0,0.0,4441.486979,0,1,1710943159
2024-03-14,0x6cdcb1c4a4d1c3c6d054b27ac5b77e89eafb971d,2376,0xc03edd677a9f4ed8128532a9b31e9a3fc2efffb2,0.0,0.0,4492.944827,0,1,1710943161
2024-03-14,0x6cdcb1c4a4d1c3c6d054b27ac5b77e89eafb971d,2381,0x8fc4a12a6f356d51417339043421f6c434f3e3df,0.0,0.0,4476.470387,0,1,1710943159
2024-03-14,0x6cdcb1c4a4d1c3c6d054b27ac5b77e89eafb971d,2386,0xf5879e290ef1b780a84dd9e2a0cdea5ed1c1c41e,3410.447005,3410.447005,0.0,1,0,1710683627
2024-03-14,0x6cdcb1c4a4d1c3c6d054b27ac5b77e89eafb971d,2391,0x1d1f91cbd0f5988d3e87e7ab3d4e0b64c8af4d4a,3394.53219,3394.53219,0.0,1,0,1710411287
2024-03-14,0x6cdcb1c4a4d1c3c6d054b27ac5b77e89eafb971d,2413,0xbc1d315ba25501b20cfc475a86087145b7f48374,3216.668388,3216.668388,3228.321203,1,1,1710973565
2024-03-14,0x6cdcb1c4a4d1c3c6d054b27ac5b77e89eafb971d,2420,0x235f202679ab25f6bd6a230858005d96eac3dd57,3552.621364,7105.242727,7082.412856,2,2,1710393727
2024-03-14,0x6cdcb1c4a4d1c3c6d054b27ac5b77e89eafb971d,2437,0x587ee4f56a9e231f1fcb4cd3d7cfbf561c2bbc44,3788.991249,7526.880407,3737.889158,2,1,1710525331
2024-03-14,0x6cdcb1c4a4d1c3c6d054b27ac5b77e89eafb971d,2438,0x7aaee144a14ec3ba0e468c9dcf4a89fdb62c5aa6,3424.951009,3424.951009,0.0,1,0,1710547409
2024-03-14,0x6cdcb1c4a4d1c3c6d054b27ac5b77e89eafb971d,2458,0x9f88ce4eb5fbbdca7d911fa75c6f8fbd95d2bbbc,0.0,0.0,3376.614574,0,1,1710933327
2024-03-14,0x6cdcb1c4a4d1c3c6d054b27ac5b77e89eafb971d,2468,0xc596cb23208bb80450f3a25cd7efddd111437158,3421.616881,3421.616881,3338.506097,1,1,1710396951
2024-03-14,0x6cdcb1c4a4d1c3c6d054b27ac5b77e89eafb971d,2472,0xe74b3696c6d93716ce01472125be3b9c74aa378b,0.0,0.0,3357.998237,0,1,1710966265
2024-03-14,0x6cdcb1c4a4d1c3c6d054b27ac5b77e89eafb971d,2493,0x4ce69fd760ad0c07490178f9a47863dc0358cccd,3331.990131,3331.990131,3331.990131,1,1,1710974733
2024-03-14,0x6cdcb1c4a4d1c3c6d054b27ac5b77e89eafb971d,2495,0x3bd30a469e4da2645e360b0c1f2db1e9e98a1c11,3434.485189,3434.485189,0.0,1,0,1710388027
2024-03-14,0x6cdcb1c4a4d1c3c6d054b27ac5b77e89eafb971d,2504,0xca262fe527abb9e961acb6d97dcb661e8f9dbfd9,3290.723729,3290.723729,3290.723729,1,1,1710385731
2024-03-14,0x6cdcb1c4a4d1c3c6d054b27ac5b77e89eafb971d,2505,0x7f8374961620a370c47eedb599076320d5c82c9b,0.0,0.0,3279.680202,0,1,1710968419
2024-03-14,0x6cdcb1c4a4d1c3c6d054b27ac5b77e89eafb971d,2511,0x59977fee7680632fd779b55f428361b7ee4bfebe,3216.741711,3216.741711,3216.741711,1,1,1710672007
2024-03-14,0x6cdcb1c4a4d1c3c6d054b27ac5b77e89eafb971d,2512,0x66911f0d4c73a9189ed29ecafc1514236f51dd45,3954.619633,3954.619633,3837.6893,1,1,1710530221
2024-03-14,0x6cdcb1c4a4d1c3c6d054b27ac5b77e89eafb971d,2524,0xc3b34e05e1425a012a2617f3808c093f4c6c25ff,3287.619629,3287.619629,3270.542552,1,1,1710527521
2024-03-14,0x6cdcb1c4a4d1c3c6d054b27ac5b77e89eafb971d,2531,0x5cd842fd9bfad081d77601b3b55dc38b01b27b4a,3230.050841,3230.050841,3248.301581,1,1,1710489091
2024-03-14,0x6cdcb1c4a4d1c3c6d054b27ac5b77e89eafb971d,2543,0xea7799bb4139bc81fb001bd009bba7989fa0dad3,0.0,0.0,3044.341841,0,1,1710973143
2024-03-14,0x6cdcb1c4a4d1c3c6d054b27ac5b77e89eafb971d,2554,0x45740e393a093cb341eb0cb8772605a6b7034a87,1622.742544,1622.742544,0.0,1,0,1710727481
2024-03-14,0x6cdcb1c4a4d1c3c6d054b27ac5b77e89eafb971d,2558,0x6f69f79cea418024b9e0acfd18bd8de26f9bbe39,1571.806463,1571.806463,0.0,1,0,1710955499
2024-03-14,0x6cdcb1c4a4d1c3c6d054b27ac5b77e89eafb971d,2561,0x0a11acdd1ffbdb8adfc34a84f1836f360e6f3cce,3315.548138,3315.548138,3309.926174,1,1,1710403381
2024-03-14,0x6cdcb1c4a4d1c3c6d054b27ac5b77e89eafb971d,2595,0xc4f2980b4826881f2cb9cfb05b60c0ab1b62061c,776.273071,776.273071,0.0,1,0,1710750995
2024-03-14,0x6cdcb1c4a4d1c3c6d054b27ac5b77e89eafb971d,2610,0x815be786d0d761d943d6956bfb3cbfc535523cbd,0.0,0.0,3151.881406,0,1,1710931219
2024-03-14,0x6cdcb1c4a4d1c3c6d054b27ac5b77e89eafb971d,2629,0xe012d8ecff24057e3a47c93f44ff6eb9d1ba2f4f,3116.579973,3116.579973,0.0,1,0,1710428465
2024-03-14,0x6cdcb1c4a4d1c3c6d054b27ac5b77e89eafb971d,2635,0xeab900b78496ec846f9c5125a72ee5393d57d146,1566.419734,1566.419734,1523.413005,1,1,1710515737
2024-03-14,0x6cdcb1c4a4d1c3c6d054b27ac5b77e89eafb971d,2639,0x5b9f7f6c2cbe7425b9c03fe5254ced9fae05b50c,3109.0351,3109.0351,3128.360174,1,1,1710943983
2024-03-14,0x6cdcb1c4a4d1c3c6d054b27ac5b77e89eafb971d,2645,0x5b5435e35f588552ccbb1f9212f6941c4c44dd71,0.0,0.0,3126.929213,0,1,1710871603
2024-03-14,0x6cdcb1c4a4d1c3c6d054b27ac5b77e89eafb971d,2658,0xb9406fdc51ed957eb286c89c722aa5569bb6fd1a,0.0,0.0,3022.808608,0,1,1710940683
2024-03-14,0x6cdcb1c4a4d1c3c6d054b27ac5b77e89eafb971d,2663,0xca3239ffb9121d868194882935a702433769b22d,1508.02251,1508.02251,0.0,1,0,1710941155
2024-03-14,0x6cdcb1c4a4d1c3c6d054b27ac5b77e89eafb971d,2690,0xb2174ae00e97509b7d21cab8822fb34ef5bc8b56,2959.451321,2959.451321,0.0,1,0,1710551695
2024-03-14,0x6cdcb1c4a4d1c3c6d054b27ac5b77e89eafb971d,2707,0xc9c070d4b472fbf9e652c052beeff16b79e3b7ab,0.0,0.0,2998.648103,0,1,1710409867
2024-03-14,0x6cdcb1c4a4d1c3c6d054b27ac5b77e89eafb971d,2754,0x0c8ed58764f35866407620a1e6c15576b1309d5c,0.0,0.0,2712.563346,0,1,1710588631
2024-03-14,0x6cdcb1c4a4d1c3c6d054b27ac5b77e89eafb971d,2755,0x27f34c4f30f11a6a9698d9711573a1319c6a135d,0.0,0.0,2782.177083,0,1,1710760953
2024-03-14,0x6cdcb1c4a4d1c3c6d054b27ac5b77e89eafb971d,2762,0xeec8d8162334d2e93311952d5a7a4269741c4d4d,2747.2144,2747.2144,0.0,1,0,1710481533
2024-03-14,0x6cdcb1c4a4d1c3c6d054b27ac5b77e89eafb971d,2763,0x30818b058547c8c4ade180bf08bb01aa2fed1dfd,0.0,0.0,2635.838015,0,1,1710940581
2024-03-14,0x6cdcb1c4a4d1c3c6d054b27ac5b77e89eafb971d,2776,0x67d693dee156cf89ee524b961cf19e4c023936e3,2750.709568,2750.709568,2746.045365,1,1,1710421411
2024-03-14,0x6cdcb1c4a4d1c3c6d054b27ac5b77e89eafb971d,2778,0x29f38498071b772a99bab18c7ea4125387ed2332,0.0,0.0,2654.141288,0,1,1710963679
2024-03-14,0x6cdcb1c4a4d1c3c6d054b27ac5b77e89eafb971d,2795,0x9f834835927a0d9d589620669c0cd16b6af87d57,634.292537,634.292537,0.0,1,0,1710748009
2024-03-14,0x6cdcb1c4a4d1c3c6d054b27ac5b77e89eafb971d,2835,0x7c0b689a3003e0dbd2d37ce15e8a2273d91bd7f6,2430.830183,2430.830183,2430.830183,1,1,1710894955
2024-03-14,0x6cdcb1c4a4d1c3c6d054b27ac5b77e89eafb971d,2839,0xc1791da88cc94c9a39e606d8760183d21268dcbb,2404.855965,2404.855965,0.0,1,0,1710812799
2024-03-14,0x6cdcb1c4a4d1c3c6d054b27ac5b77e89eafb971d,2850,0x48f58df7267077f9a45894a1e283863e0030b51c,2356.830414,2356.830414,2344.609294,1,1,1710718015
2024-03-14,0x6cdcb1c4a4d1c3c6d054b27ac5b77e89eafb971d,2888,0x5b2dddf2a4772d9c27c9b3099c371c3e7ba7b4a7,2791.225921,2791.225921,2765.094939,1,1,1710386027
2024-03-14,0x6cdcb1c4a4d1c3c6d054b27ac5b77e89eafb971d,2889,0x6a6583bf96f9fe5865f75606dd6f8a333a28d881,0.0,0.0,2257.201762,0,1,1710975129
2024-03-14,0x6cdcb1c4a4d1c3c6d054b27ac5b77e89eafb971d,2909,0xb4a0c27d79d54fd2eccb6dc9ef9eb49ec706626e,2665.664854,2665.664854,2640.645051,1,1,1710386377
2024-03-14,0x6cdcb1c4a4d1c3c6d054b27ac5b77e89eafb971d,2920,0x7a736aebfdff3ec824f8ea3f83639e863d7963c3,0.0,0.0,2191.134987,0,1,1710973189
2024-03-14,0x6cdcb1c4a4d1c3c6d054b27ac5b77e89eafb971d,2925,0x748abd713b707fb551784ea46a908a5eeacbe6cc,0.0,0.0,2185.947379,0,1,1710970819
2024-03-14,0x6cdcb1c4a4d1c3c6d054b27ac5b77e89eafb971d,2966,0x88a1303994f0c906d8c0ee9c72fe17f627ed9f48,0.0,0.0,2019.377987,0,1,1710382217
2024-03-14,0x6cdcb1c4a4d1c3c6d054b27ac5b77e89eafb971d,2970,0x834e48ed3b1a7787b481cfc97e156772f6981b3b,2072.112876,2072.112876,2068.599326,1,1,1710910881
2024-03-14,0x6cdcb1c4a4d1c3c6d054b27ac5b77e89eafb971d,2986,0x8b9fbf6ea59830cca64a725bca0d5a0eb9619e1e,2072.333875,2072.333875,2057.848015,1,1,1710859395
2024-03-14,0x6cdcb1c4a4d1c3c6d054b27ac5b77e89eafb971d,3041,0x7caea457224c345d1518a23fbd07ebdbdd21170c,509.389808,509.389808,0.0,1,0,1710891691
2024-03-14,0x6cdcb1c4a4d1c3c6d054b27ac5b77e89eafb971d,3046,0x16d890467de4d32bbcbab402073c5533609ae848,481.66518,481.66518,468.440855,1,1,1710403893
2024-03-14,0x6cdcb1c4a4d1c3c6d054b27ac5b77e89eafb971d,3047,0xbee2d469aacb46251ae33cca91f482e26c971dff,0.0,0.0,964.948788,0,1,1710969903
2024-03-14,0x6cdcb1c4a4d1c3c6d054b27ac5b77e89eafb971d,3072,0x6eabe04636a21156a56bb3ce4096ce49dbc280ed,189.171267,189.171267,0.0,1,0,1710718531
2024-03-14,0x6cdcb1c4a4d1c3c6d054b27ac5b77e89eafb971d,3089,0xadc83821108c2382a4cf96b55b8c75134f061d9e,0.0,0.0,1819.354779,0,1,1710879815
2024-03-14,0x6cdcb1c4a4d1c3c6d054b27ac5b77e89eafb971d,3090,0x64836f2ba7f1036d5126ad20a2dc0ffef119a63c,0.0,0.0,1869.110048,0,1,1710959507
2024-03-14,0x6cdcb1c4a4d1c3c6d054b27ac5b77e89eafb971d,3110,0xc9273a8bb0bcbcd5f6a97f19977213ae9a9dec5f,1977.671657,3955.343313,3942.634391,2,2,1710485651
2024-03-14,0x6cdcb1c4a4d1c3c6d054b27ac5b77e89eafb971d,3135,0x9dc5d3c206276ec16c2a171c364fedddfd27be50,0.0,0.0,1949.751635,0,1,1710810597
2024-03-14,0x6cdcb1c4a4d1c3c6d054b27ac5b77e89eafb971d,3186,0x597dc4159a4b85c086c3c679a0b6c8fe2836886f,1702.884139,1702.884139,1702.884139,1,1,1710394777
2024-03-14,0x6cdcb1c4a4d1c3c6d054b27ac5b77e89eafb971d,3187,0x9a86fdd83709649801d9daa57e12df0ad81223ff,1742.525948,1742.525948,1742.525948,1,1,1710677267
2024-03-14,0x6cdcb1c4a4d1c3c6d054b27ac5b77e89eafb971d,3193,0x1033252591c2e64cfdc6666ccb3da27e159948bf,1845.065174,1845.065174,0.0,1,0,1710413605
2024-03-14,0x6cdcb1c4a4d1c3c6d054b27ac5b77e89eafb971d,3196,0xfdc3e8edd74a90fe971ef7d56a0c66c870b10f5d,1743.660301,1743.660301,0.0,1,0,1710719283
2024-03-14,0x6cdcb1c4a4d1c3c6d054b27ac5b77e89eafb971d,3212,0x10ae381a762a9cc313346d248f6ae8d179b8e5bd,1730.895681,1730.895681,1695.095829,1,1,1710500661
2024-03-14,0x6cdcb1c4a4d1c3c6d054b27ac5b77e89eafb971d,3216,0xd1dd2a4bd52ec8da517fac1792d81cfc6cb4e4e7,1888.724268,1888.724268,0.0,1,0,1710613343
2024-03-14,0x6cdcb1c4a4d1c3c6d054b27ac5b77e89eafb971d,3222,0x9bb5cb33d993c37feba6bec782855f1dd18fb0ae,1725.879734,1725.879734,0.0,1,0,1710746215
2024-03-14,0x6cdcb1c4a4d1c3c6d054b27ac5b77e89eafb971d,3226,0x662585f660f1c38b0150bffed74096be688fd076,1756.062773,1756.062773,0.0,1,0,1710571769
2024-03-14,0x6cdcb1c4a4d1c3c6d054b27ac5b77e89eafb971d,3240,0xdff2425c57f2f930ff14d693dc913894053622ae,0.0,0.0,1680.355126,0,1,1710383869
2024-03-14,0x6cdcb1c4a4d1c3c6d054b27ac5b77e89eafb971d,3248,0xc5ba2b86292a73830cfe7619f24f4fcab66e398b,0.0,0.0,1639.255794,0,1,1710936283
2024-03-14,0x6cdcb1c4a4d1c3c6d054b27ac5b77e89eafb971d,3249,0xe6318ac14dc1235e01af21d354088118e15783ba,0.0,0.0,1641.507362,0,1,1710936323
2024-03-14,0x6cdcb1c4a4d1c3c6d054b27ac5b77e89eafb971d,3250,0xdf23d6fd44249716a515bdddc81b82c18b915345,0.0,0.0,1641.507101,0,1,1710936321
2024-03-14,0x6cdcb1c4a4d1c3c6d054b27ac5b77e89eafb971d,3252,0x3f18b8b7ea6a6f6715de3b75434d45051b495b44,1636.715823,1636.715823,1636.715823,1,1,1710393077
2024-03-14,0x6cdcb1c4a4d1c3c6d054b27ac5b77e89eafb971d,3262,0xd870e0af031778d00d53943bd55e00eed0d3013e,1626.122426,1626.122426,0.0,1,0,1710718525
2024-03-14,0x6cdcb1c4a4d1c3c6d054b27ac5b77e89eafb971d,3271,0x75fa74606b95877aabf6bef66db511c36492e66f,0.0,0.0,1617.240356,0,1,1710440989
2024-03-14,0x6cdcb1c4a4d1c3c6d054b27ac5b77e89eafb971d,3272,0xc617d8f0ee1c7951b03831f56defccc45c9a325a,0.0,0.0,1616.886752,0,1,1710865019
2024-03-14,0x6cdcb1c4a4d1c3c6d054b27ac5b77e89eafb971d,3285,0xfa53b8cca72c61794ebac3d54b54554aa0f4229d,1642.393995,1642.393995,1642.393995,1,1,1710415927
2024-03-14,0x6cdcb1c4a4d1c3c6d054b27ac5b77e89eafb971d,3329,0x9213dc91b318f030eeac9085871939c6c7c58089,0.0,0.0,51310.993895,0,1,1710779421
2024-03-14,0x6cdcb1c4a4d1c3c6d054b27ac5b77e89eafb971d,3331,0x4a07571aa5d50373eb2c4bde72ffc10a3e580e7b,789.801727,789.801727,765.521178,1,1,1710971341
2024-03-14,0x6cdcb1c4a4d1c3c6d054b27ac5b77e89eafb971d,3351,0xc96e4a5cf9c7edcd26135f05502fde7834e4e9a0,1557.736203,1557.736203,1552.543866,1,1,1710519083
2024-03-14,0x6cdcb1c4a4d1c3c6d054b27ac5b77e89eafb971d,3377,0x87f3838742e5ff8958d7ce92aff4ecf07a1edcc8,1510.116759,1510.116759,0.0,1,0,1710502167
2024-03-14,0x6cdcb1c4a4d1c3c6d054b27ac5b77e89eafb971d,3401,0xbbcf3985eb53c30a8eea01d9357314d61fe0e727,1478.576109,1478.576109,1473.647633,1,1,1710378033
2024-03-14,0x6cdcb1c4a4d1c3c6d054b27ac5b77e89eafb971d,3416,0x0737467164f8bb1ef64f006612edb6035aea6efb,725.979462,725.979462,706.123675,1,1,1710921041
2024-03-14,0x6cdcb1c4a4d1c3c6d054b27ac5b77e89eafb971d,3424,0xf99983c1b128b87bed9ae10ec19df12fefdeb822,0.0,0.0,1432.958368,0,1,1710886815
2024-03-14,0x6cdcb1c4a4d1c3c6d054b27ac5b77e89eafb971d,3437,0xc16373b5fdb767c5c10b1ef1668649f94f925e03,346.810775,346.810775,346.810775,1,1,1710743835
2024-03-14,0x6cdcb1c4a4d1c3c6d054b27ac5b77e89eafb971d,3438,0x61b57c3d892cd60b56412e73b4d941ffb7907f54,0.0,0.0,1406.588072,0,1,1710505211
2024-03-14,0x6cdcb1c4a4d1c3c6d054b27ac5b77e89eafb971d,3448,0x4c015bcedde87f54d816e68ae72fc142e67cfa77,1398.632413,1398.632413,0.0,1,0,1710761887
2024-03-14,0x6cdcb1c4a4d1c3c6d054b27ac5b77e89eafb971d,3451,0xf3284a18b5baafcffe6e0635f5452f7f5a2a7da4,1376.177458,2752.354916,2745.828168,2,2,1710644055
2024-03-14,0x6cdcb1c4a4d1c3c6d054b27ac5b77e89eafb971d,3453,0x15446371fe06e86fcd27b1f567491a3eee9c238e,0.0,0.0,1352.874802,0,1,1710936285
2024-03-14,0x6cdcb1c4a4d1c3c6d054b27ac5b77e89eafb971d,3480,0xbdc4b0525d600449fe5efcd08282a837e8fec813,1361.223788,1361.223788,0.0,1,0,1710718177
2024-03-14,0x6cdcb1c4a4d1c3c6d054b27ac5b77e89eafb971d,3493,0x42acf5773af88b0e49f413e10edf9bcef93c3805,0.0,0.0,1309.67156,0,1,1710936287
2024-03-14,0x6cdcb1c4a4d1c3c6d054b27ac5b77e89eafb971d,3497,0xc73093429e9e151f2b3bed7cc99d73e30457185b,0.0,0.0,1340.313054,0,1,1710939015
2024-03-14,0x6cdcb1c4a4d1c3c6d054b27ac5b77e89eafb971d,3500,0x32044b9d572d61602eeb3b6af5c7bfcdb8bb8c32,1365.04516,1365.04516,1362.73054,1,1,1710573589
2024-03-14,0x6cdcb1c4a4d1c3c6d054b27ac5b77e89eafb971d,3525,0x3db37898b3b68c8392ecd25be05ff8d0c4a1dd56,1343.135848,1343.135848,1303.812809,1,1,1710386165
2024-03-14,0x6cdcb1c4a4d1c3c6d054b27ac5b77e89eafb971d,3526,0x74e254f0ea90e8caa5da6f62ee29b9f71eea8ee5,1298.249511,1298.249511,1266.935186,1,1,1710728039
2024-03-14,0x6cdcb1c4a4d1c3c6d054b27ac5b77e89eafb971d,3536,0xec46be6984d3a92d5f3b2d3e54fb827cd8d043b1,624.388688,624.388688,0.0,1,0,1710944503
2024-03-14,0x6cdcb1c4a4d1c3c6d054b27ac5b77e89eafb971d,3562,0x0dca5a86e290063f1a27724f7d92cbb8ec5fa4d2,1575.559837,1575.559837,1580.547141,1,1,1710965169
2024-03-14,0x6cdcb1c4a4d1c3c6d054b27ac5b77e89eafb971d,3563,0xf7f34d077dd46124274db032f417712d514752e7,1242.371116,1242.371116,1206.268666,1,1,1710388931
2024-03-14,0x6cdcb1c4a4d1c3c6d054b27ac5b77e89eafb971d,3566,0xacd65b8e9d50128780a114a16d8e9870e19c82c3,0.0,0.0,1235.009081,0,1,1710451735
2024-03-14,0x6cdcb1c4a4d1c3c6d054b27ac5b77e89eafb971d,3579,0x86ff945e6dc2470317ca082a01de7d24188671ac,0.0,0.0,1212.272324,0,1,1710403905
2024-03-14,0x6cdcb1c4a4d1c3c6d054b27ac5b77e89eafb971d,3589,0x87b69c94e0940eb41fb57865e500a658c6bda02e,1202.639294,1202.639294,0.0,1,0,1710379267
2024-03-14,0x6cdcb1c4a4d1c3c6d054b27ac5b77e89eafb971d,3614,0xf5594488eb525d07d0d61124117e03a46ea24472,1166.473929,1166.473929,0.0,1,0,1710826203
2024-03-14,0x6cdcb1c4a4d1c3c6d054b27ac5b77e89eafb971d,3622,0x69794735ca88de2ec2426fb20f416fa00f64ad37,4258.478599,4258.478599,4258.478599,1,1,1710452327
2024-03-14,0x6cdcb1c4a4d1c3c6d054b27ac5b77e89eafb971d,3629,0xebce1cba1c082360a881bd967b2837ba6f03c74d,1182.744359,1182.744359,0.0,1,0,1710761649
2024-03-14,0x6cdcb1c4a4d1c3c6d054b27ac5b77e89eafb971d,3630,0x21716a168b41c2c500208bc04f6493bb4d11d971,287.943664,287.943664,285.930903,1,1,1710428933
2024-03-14,0x6cdcb1c4a4d1c3c6d054b27ac5b77e89eafb971d,3631,0x206086773f541a810d91bba403b86cd473e39dfd,1151.694014,1151.694014,0.0,1,0,1710517131
2024-03-14,0x6cdcb1c4a4d1c3c6d054b27ac5b77e89eafb971d,3634,0x01ab07010c2f4bf5971537669cc19d5d8cf320a0,1255.576308,1255.576308,1255.576308,1,1,1710520625
2024-03-14,0x6cdcb1c4a4d1c3c6d054b27ac5b77e89eafb971d,3651,0xa5a25adcfd24b980e480f875aa2086571047e14d,1102.451067,1102.451067,0.0,1,0,1710416437
2024-03-14,0x6cdcb1c4a4d1c3c6d054b27ac5b77e89eafb971d,3679,0x5e36d7f200917d3744a227338f5cffd67da183c1,1082.641163,1082.641163,0.0,1,0,1710389171
2024-03-14,0x6cdcb1c4a4d1c3c6d054b27ac5b77e89eafb971d,3686,0x8da303538583edf838a9fc42def59240c19b896d,557.891062,557.891062,0.0,1,0,1710410995
2024-03-14,0x6cdcb1c4a4d1c3c6d054b27ac5b77e89eafb971d,3723,0xaf4e482294b2e4a7a24b06cd072e62f095a9a5bc,0.0,0.0,1070.477048,0,1,1710400031
2024-03-14,0x6cdcb1c4a4d1c3c6d054b27ac5b77e89eafb971d,3766,0x046f601cbcbfa162228897ac75c9b61daf5cee5f,1036.579206,1036.579206,1036.579206,1,1,1710381793
2024-03-14,0x6cdcb1c4a4d1c3c6d054b27ac5b77e89eafb971d,3768,0x5ce213c2afde02afd21e23187cd3c599b4298905,0.0,0.0,530.508463,0,1,1710884233
2024-03-14,0x6cdcb1c4a4d1c3c6d054b27ac5b77e89eafb971d,3789,0x3544773551eb240c2d8b499a62cab994e7bb2662,1038.991617,1038.991617,0.0,1,0,1710637213
2024-03-14,0x6cdcb1c4a4d1c3c6d054b27ac5b77e89eafb971d,3791,0x641a5a81048ef74a5b891b7ce1c7db29ebebe234,1010.554814,1010.554814,0.0,1,0,1710588945
2024-03-14,0x6cdcb1c4a4d1c3c6d054b27ac5b77e89eafb971d,3849,0xb6398fad2f8d238afd3a522a8ceafd400e71ef62,979.348688,979.348688,0.0,1,0,1710513971
2024-03-14,0x6cdcb1c4a4d1c3c6d054b27ac5b77e89eafb971d,3864,0xa13c2def62c36697407fbe7d574e946bf60d7350,310.646347,310.646347,312.165993,1,1,1710968607
2024-03-14,0x6cdcb1c4a4d1c3c6d054b27ac5b77e89eafb971d,3905,0xa2495a057e796b351d9579c2eaac2c60d5546633,0.0,0.0,927.730664,0,1,1710916217
2024-03-14,0x6cdcb1c4a4d1c3c6d054b27ac5b77e89eafb971d,3941,0xf935861a8b8cc6867eeb463d97b501c69d177092,0.0,0.0,873.034476,0,1,1710936279
2024-03-14,0x6cdcb1c4a4d1c3c6d054b27ac5b77e89eafb971d,3942,0x2808370606f07a16442a77ba45b9994beec6aed2,224.655267,224.655267,0.0,1,0,1710457463
2024-03-14,0x6cdcb1c4a4d1c3c6d054b27ac5b77e89eafb971d,3985,0xc13527b9dba100555ba4b062b317b41b6a0ee7f9,418.044754,418.044754,0.0,1,0,1710516353
2024-03-14,0x6cdcb1c4a4d1c3c6d054b27ac5b77e89eafb971d,4019,0x3ce8cfddb23173a54cb70927be2d3cfeeba74e04,826.552061,826.552061,0.0,1,0,1710914323
2024-03-14,0x6cdcb1c4a4d1c3c6d054b27ac5b77e89eafb971d,4024,0xfed7772aefda63fc29dfb785ec85312f6fa97982,0.0,0.0,812.693608,0,1,1710971279
2024-03-14,0x6cdcb1c4a4d1c3c6d054b27ac5b77e89eafb971d,4040,0x31e01a9b0796e131b5661eeaeb93981315b7d8d5,0.0,0.0,12759.378447,0,1,1710942367
2024-03-14,0x6cdcb1c4a4d1c3c6d054b27ac5b77e89eafb971d,4064,0x8afd6322116be3bef640ba9f302430777d4d73e9,0.0,0.0,2822.157809,0,1,1710962443
2024-03-14,0x6cdcb1c4a4d1c3c6d054b27ac5b77e89eafb971d,4094,0x52aac9e83a3793f327942ac6541c7161cec14360,0.0,0.0,790.438129,0,1,1710459137
2024-03-14,0x6cdcb1c4a4d1c3c6d054b27ac5b77e89eafb971d,4106,0xabddd183743e61a04a7b31de3dc68171ca3ed4cc,654.006438,654.006438,648.967192,1,1,1710564547
2024-03-14,0x6cdcb1c4a4d1c3c6d054b27ac5b77e89eafb971d,4114,0x3edc76cc472625618ad89bd19ce7d8234eb5e7ef,736.834952,736.834952,0.0,1,0,1710401759
2024-03-14,0x6cdcb1c4a4d1c3c6d054b27ac5b77e89eafb971d,4152,0x67305b595b84dda36efdf7f7faa15f089393efae,737.084133,737.084133,0.0,1,0,1710913277
2024-03-14,0x6cdcb1c4a4d1c3c6d054b27ac5b77e89eafb971d,4173,0x07e257e8c4069ba52ed3b7c3bfcfff174cf21d08,717.904076,717.904076,717.904076,1,1,1710435921
2024-03-14,0x6cdcb1c4a4d1c3c6d054b27ac5b77e89eafb971d,4187,0x06dc0cbf44eed256c5975210095be703504a4541,0.0,0.0,709.386838,0,1,1710649201
2024-03-14,0x6cdcb1c4a4d1c3c6d054b27ac5b77e89eafb971d,4226,0x2a704f87cb047691139c6fec103ffbb10f9c67a2,696.708498,696.708498,676.462629,1,1,1710428581
2024-03-14,0x6cdcb1c4a4d1c3c6d054b27ac5b77e89eafb971d,4232,0x15c2374f1139637c377c5fea11dfcc0d5c06566a,675.581656,675.581656,0.0,1,0,1710424595
2024-03-14,0x6cdcb1c4a4d1c3c6d054b27ac5b77e89eafb971d,4279,0xcf7e5d2bbe28d27baf5e26e53135bb01e2fd5515,658.043382,658.043382,0.0,1,0,1710728981
2024-03-14,0x6cdcb1c4a4d1c3c6d054b27ac5b77e89eafb971d,4349,0xc7f16d32e43347f6711bb2d5300e3dc5c09391ae,591.871283,591.871283,0.0,1,0,1710415345
2024-03-14,0x6cdcb1c4a4d1c3c6d054b27ac5b77e89eafb971d,4350,0xf4e7e6b600286ffba8154f5125420a0f78db835d,2033.361507,2033.361507,0.0,1,0,1710420153
2024-03-14,0x6cdcb1c4a4d1c3c6d054b27ac5b77e89eafb971d,4396,0xd5bd29aa9816f2140bfe283a5b3a8f42d2060a8c,2166.395038,2166.395038,2147.308328,1,1,1710643853
2024-03-14,0x6cdcb1c4a4d1c3c6d054b27ac5b77e89eafb971d,4436,0x56e9ccfad783e020756e599b6ccb8cf36208751b,553.944093,553.944093,553.944093,1,1,1710914761
2024-03-14,0x6cdcb1c4a4d1c3c6d054b27ac5b77e89eafb971d,4502,0x553222b267bc978aca3c28493aef72d924b264bd,466.029849,466.029849,476.246455,1,1,1710733413
2024-03-14,0x6cdcb1c4a4d1c3c6d054b27ac5b77e89eafb971d,4518,0x43917a8174465dc01522e8e14335eaa2cde33f6f,132.906491,132.906491,158.66078,1,1,1710448057
2024-03-14,0x6cdcb1c4a4d1c3c6d054b27ac5b77e89eafb971d,4590,0x9e45b1198863a669452eb7719aa77b5a1123b086,497.994546,497.994546,0.0,1,0,1710518041
2024-03-14,0x6cdcb1c4a4d1c3c6d054b27ac5b77e89eafb971d,4608,0x50e75a2a8a3ddfcbae8200991b68a4b6ed372c5e,473.614253,473.614253,0.0,1,0,1710525225
2024-03-14,0x6cdcb1c4a4d1c3c6d054b27ac5b77e89eafb971d,4668,0x2fd81617ac20c54109f1b1b6b08c5b7e74d56210,114.028883,114.028883,0.0,1,0,1710446195
2024-03-14,0x6cdcb1c4a4d1c3c6d054b27ac5b77e89eafb971d,4701,0x7926a8b9e64682d08bbbe966a70ac26ada30816c,0.0,0.0,447.10779,0,1,1710777249
2024-03-14,0x6cdcb1c4a4d1c3c6d054b27ac5b77e89eafb971d,4704,0xa4c136dc1b03a934a06a0ba21d22ad5e4d4a7f10,0.0,0.0,446.471767,0,1,1710944415
2024-03-14,0x6cdcb1c4a4d1c3c6d054b27ac5b77e89eafb971d,4708,0x9a526a5bc7849e2872c7146e8bf81ba4657bd529,608.870287,1214.003473,1173.204029,2,2,1710410051
2024-03-14,0x6cdcb1c4a4d1c3c6d054b27ac5b77e89eafb971d,4740,0x37b8ef2da4964886f16c6b14fc87a5c8c9ac4038,451.890433,451.890433,450.384166,1,1,1710513793
2024-03-14,0x6cdcb1c4a4d1c3c6d054b27ac5b77e89eafb971d,4793,0x11e32bb1cf76cd88b26bd75f7075ac3ac1f4e064,456.960782,456.960782,431.961213,1,1,1710745755
2024-03-14,0x6cdcb1c4a4d1c3c6d054b27ac5b77e89eafb971d,4794,0x74c86cafd3bbead1b24d0f90592a65ad69083d6e,426.930528,426.930528,426.930528,1,1,1710925515
2024-03-14,0x6cdcb1c4a4d1c3c6d054b27ac5b77e89eafb971d,4808,0x9c0a721ff76ef77d4c7ce7da315c26d865a380aa,5876.122809,5876.122809,5169.3546,1,1,1710933805
2024-03-14,0x6cdcb1c4a4d1c3c6d054b27ac5b77e89eafb971d,4838,0x2f2f665974261c4129b1dc6c359bd259cd66f78a,526.289274,526.289274,527.016477,1,1,1710382593
2024-03-14,0x6cdcb1c4a4d1c3c6d054b27ac5b77e89eafb971d,4867,0x5cd565a30872b764d93bb24c4af5e982351e4725,0.0,0.0,425.75307,0,1,1710962693
2024-03-14,0x6cdcb1c4a4d1c3c6d054b27ac5b77e89eafb971d,4890,0x12f03f0f9b9384feee357ab255b42ae99fdb8895,0.0,0.0,411.911121,0,1,1710406031
2024-03-14,0x6cdcb1c4a4d1c3c6d054b27ac5b77e89eafb971d,4935,0x31a6686af02e5f51fd647a9dadfc9c711efcaa22,0.0,0.0,418.179893,0,1,1710895933
2024-03-14,0x6cdcb1c4a4d1c3c6d054b27ac5b77e89eafb971d,4956,0x619ddbafd5997de5171bc1841834304e8b13642d,0.0,0.0,417.261402,0,1,1710777029
2024-03-14,0x6cdcb1c4a4d1c3c6d054b27ac5b77e89eafb971d,4972,0x9baa120b011334ae37ce01ac7c714c934cd7648d,0.0,0.0,404.198802,0,1,1710405963
2024-03-14,0x6cdcb1c4a4d1c3c6d054b27ac5b77e89eafb971d,4978,0x31a6686af02e5f51fd647a9dadfc9c711efcaa22,0.0,0.0,414.510912,0,1,1710895409
2024-03-14,0x6cdcb1c4a4d1c3c6d054b27ac5b77e89eafb971d,4983,0xaeab5cb67cc626b74f8a9133f6451a69a12fbbec,402.813525,402.813525,0.0,1,0,1710524501
2024-03-14,0x6cdcb1c4a4d1c3c6d054b27ac5b77e89eafb971d,4999,0x31a6686af02e5f51fd647a9dadfc9c711efcaa22,0.0,0.0,412.019189,0,1,1710895915
2024-03-14,0x6cdcb1c4a4d1c3c6d054b27ac5b77e89eafb971d,5001,0x31a6686af02e5f51fd647a9dadfc9c711efcaa22,0.0,0.0,411.663387,0,1,1710895893
2024-03-14,0x6cdcb1c4a4d1c3c6d054b27ac5b77e89eafb971d,5004,0x31a6686af02e5f51fd647a9dadfc9c711efcaa22,0.0,0.0,411.307584,0,1,1710895851
2024-03-14,0x6cdcb1c4a4d1c3c6d054b27ac5b77e89eafb971d,5005,0x31a6686af02e5f51fd647a9dadfc9c711efcaa22,0.0,0.0,411.307584,0,1,1710895809
2024-03-14,0x6cdcb1c4a4d1c3c6d054b27ac5b77e89eafb971d,5006,0x31a6686af02e5f51fd647a9dadfc9c711efcaa22,0.0,0.0,411.307584,0,1,1710895829
2024-03-14,0x6cdcb1c4a4d1c3c6d054b27ac5b77e89eafb971d,5008,0x31a6686af02e5f51fd647a9dadfc9c711efcaa22,0.0,0.0,411.307584,0,1,1710895877
2024-03-14,0x6cdcb1c4a4d1c3c6d054b27ac5b77e89eafb971d,5009,0x31a6686af02e5f51fd647a9dadfc9c711efcaa22,0.0,0.0,411.307584,0,1,1710895649
2024-03-14,0x6cdcb1c4a4d1c3c6d054b27ac5b77e89eafb971d,5022,0xc59b9db212a247536ecdbcc315a4514822d08fe3,0.0,0.0,554.297188,0,1,1710634389
2024-03-14,0x6cdcb1c4a4d1c3c6d054b27ac5b77e89eafb971d,5051,0x349e7c22cd2a12d42073443c633d2478a419b578,0.0,0.0,397.586586,0,1,1710446007
2024-03-14,0x6cdcb1c4a4d1c3c6d054b27ac5b77e89eafb971d,5074,0xe073182d644ebb5290cfa6915ba94312fc73a679,343.091307,343.091307,343.668728,1,1,1710461979
2024-03-14,0x6cdcb1c4a4d1c3c6d054b27ac5b77e89eafb971d,5084,0xe6086bf2e3ec483adffb2964709f379db83c0222,0.0,0.0,394.773111,0,1,1710701423
2024-03-14,0x6cdcb1c4a4d1c3c6d054b27ac5b77e89eafb971d,5122,0x0419a7f969aaddacd52a3188d6837d7a75012566,195.670688,195.670688,272.745259,1,1,1710675967
2024-03-14,0x6cdcb1c4a4d1c3c6d054b27ac5b77e89eafb971d,5126,0xf10fd43f5f58128269ed4e312fe56084a18e50b9,0.0,0.0,7003.963469,0,1,1710910767
2024-03-14,0x6cdcb1c4a4d1c3c6d054b27ac5b77e89eafb971d,5144,0x0185c555216bbd14f138a92730682a8e9fbc9e00,0.0,0.0,400.591168,0,1,1710970681
2024-03-14,0x6cdcb1c4a4d1c3c6d054b27ac5b77e89eafb971d,5170,0xeba59ee0f265a69a72f85765392aa8ce9601a0de,387.744969,387.744969,0.0,1,0,1710719369
2024-03-14,0x6cdcb1c4a4d1c3c6d054b27ac5b77e89eafb971d,5182,0x068185e6006bfba89ce247248addbfb4ca96f2dc,393.951098,393.951098,0.0,1,0,1710692915
2024-03-14,0x6cdcb1c4a4d1c3c6d054b27ac5b77e89eafb971d,5185,0xfb711974703c2d9b4f969778aa44b0f08be77fc7,386.866065,386.866065,0.0,1,0,1710692473
2024-03-14,0x6cdcb1c4a4d1c3c6d054b27ac5b77e89eafb971d,5186,0x3432c6f35e49352a87f453f2102fa5361e01864e,386.859581,386.859581,0.0,1,0,1710692561
2024-03-14,0x6cdcb1c4a4d1c3c6d054b27ac5b77e89eafb971d,5195,0x40d69a20ce7cadcc201b0b394e7a9085ca934207,386.619159,386.619159,0.0,1,0,1710692959
2024-03-14,0x6cdcb1c4a4d1c3c6d054b27ac5b77e89eafb971d,5196,0xd15ace00c0f9581ceeab362b81a70d09f1f112fc,386.609177,386.609177,0.0,1,0,1710486099
2024-03-14,0x6cdcb1c4a4d1c3c6d054b27ac5b77e89eafb971d,5237,0xa1efc03fe3318cc186bc48809a30b2fed31a2423,0.0,0.0,384.349337,0,1,1710901127
2024-03-14,0x6cdcb1c4a4d1c3c6d054b27ac5b77e89eafb971d,5239,0xafef3d15f29a3f948a440d1ecd57eb212b12cb84,819.390072,819.390072,819.390072,1,1,1710431795
2024-03-14,0x6cdcb1c4a4d1c3c6d054b27ac5b77e89eafb971d,5256,0xfd41dc8df72d91312ec0f982172c637ba4faf1a7,404.71256,404.71256,0.0,1,0,1710895979
2024-03-14,0x6cdcb1c4a4d1c3c6d054b27ac5b77e89eafb971d,5263,0x295a02a6e8c030ddddb6748e47d88ecefb2c46ce,193.863085,193.863085,194.691293,1,1,1710580169
2024-03-14,0x6cdcb1c4a4d1c3c6d054b27ac5b77e89eafb971d,5266,0xa40f2c85f814827d9bc01d6e2e6328832991076e,434.237987,434.237987,436.51383,1,1,1710492715
2024-03-14,0x6cdcb1c4a4d1c3c6d054b27ac5b77e89eafb971d,5296,0x71aabece380059ad48e943816d8ec479bea7fb0a,388.078046,388.078046,0.0,1,0,1710827855
2024-03-14,0x6cdcb1c4a4d1c3c6d054b27ac5b77e89eafb971d,5325,0xa84d58aed1064c10204f8abb88bffaacd92d4f12,391.099485,391.099485,0.0,1,0,1710764633
2024-03-14,0x6cdcb1c4a4d1c3c6d054b27ac5b77e89eafb971d,5337,0x61f8c99f4acde25dac0c591f5e6b4b635ab2f7c5,195.323087,195.323087,194.310258,1,1,1710448095
2024-03-14,0x6cdcb1c4a4d1c3c6d054b27ac5b77e89eafb971d,5347,0x6aefa01456ffbe8b69633e46e4b7e36a7ca4b29e,189.442064,189.442064,0.0,1,0,1710879641
2024-03-14,0x6cdcb1c4a4d1c3c6d054b27ac5b77e89eafb971d,5363,0xdcf086e3f7954b38180daae1405569da86588bfe,389.456994,389.456994,0.0,1,0,1710905351
2024-03-14,0x6cdcb1c4a4d1c3c6d054b27ac5b77e89eafb971d,5384,0xf7247434d02f6484c5d440100aa264cf66a4a718,424.54568,424.54568,424.54568,1,1,1710937809
2024-03-14,0x6cdcb1c4a4d1c3c6d054b27ac5b77e89eafb971d,5401,0xf45f128acc881f4eb9f1340480e60ec5e31faa6c,193.20727,193.20727,0.0,1,0,1710400329
2024-03-14,0x6cdcb1c4a4d1c3c6d054b27ac5b77e89eafb971d,5402,0x4ecdab936c21e7b42feb6813e0ef8acb9f35e79e,376.407276,376.407276,0.0,1,0,1710918103
2024-03-14,0x6cdcb1c4a4d1c3c6d054b27ac5b77e89eafb971d,5404,0x8560d95a9bc7f3e6f80477398d6754408af1781a,416.796611,416.796611,417.924322,1,1,1710697949
2024-03-14,0x6cdcb1c4a4d1c3c6d054b27ac5b77e89eafb971d,5420,0x29128e764a3959204bcab02b315ae22e7d1d7bba,385.999934,385.999934,0.0,1,0,1710386405
2024-03-14,0x6cdcb1c4a4d1c3c6d054b27ac5b77e89eafb971d,5427,0x9c6a33246c29ee0d25838465aa26cb4d90e76a32,375.072279,375.072279,0.0,1,0,1710693193
2024-03-14,0x6cdcb1c4a4d1c3c6d054b27ac5b77e89eafb971d,5437,0x0a3234a2f7e0026364a6fa61b286c8b107e2cd3c,385.164596,385.164596,0.0,1,0,1710386455
2024-03-14,0x6cdcb1c4a4d1c3c6d054b27ac5b77e89eafb971d,5441,0x9b8bbc91218519ea385d59a8d661b50121249cd5,0.0,0.0,385.121538,0,1,1710776781
2024-03-14,0x6cdcb1c4a4d1c3c6d054b27ac5b77e89eafb971d,5444,0x148691bc2aab5abb8b91618267e66b860edb14b4,189.333194,189.333194,0.0,1,0,1710461857
2024-03-14,0x6cdcb1c4a4d1c3c6d054b27ac5b77e89eafb971d,5450,0xfbafc1cad594d789db448fe079fd88417cdb3737,373.913788,373.913788,0.0,1,0,1710423161
2024-03-14,0x6cdcb1c4a4d1c3c6d054b27ac5b77e89eafb971d,5467,0x46f1e3bb1fef29b380c491309237c3c83782945f,384.626466,384.626466,0.0,1,0,1710576103
2024-03-14,0x6cdcb1c4a4d1c3c6d054b27ac5b77e89eafb971d,5493,0x277c583c6ac9cdafbad6a1c97d86cbec56cf2f8f,0.0,0.0,185.994994,0,1,1710502699
2024-03-14,0x6cdcb1c4a4d1c3c6d054b27ac5b77e89eafb971d,5517,0xd1f2e5be1a01a20d7f860ab1e608cbaeb5bc3acd,321.053483,321.053483,324.883326,1,1,1710564629
2024-03-14,0x6cdcb1c4a4d1c3c6d054b27ac5b77e89eafb971d,5533,0xd608da94e1696d9b31b993b222bcd970dc6c54ca,320.628421,320.628421,324.423274,1,1,1710565083
2024-03-14,0x6cdcb1c4a4d1c3c6d054b27ac5b77e89eafb971d,5550,0x03fd0ac5a10b884df17e038f2796c7b5a0d41a9f,320.055906,320.055906,323.844028,1,1,1710565003
2024-03-14,0x6cdcb1c4a4d1c3c6d054b27ac5b77e89eafb971d,5565,0x8392c202d0fccd7f149748c59da28d2d1484dabd,184.728878,184.728878,369.457755,1,1,1710783955
2024-03-14,0x6cdcb1c4a4d1c3c6d054b27ac5b77e89eafb971d,5567,0xf69f557f2960572c661c7aef950da9edfc8e4936,319.703632,319.703632,323.484996,1,1,1710565377
2024-03-14,0x6cdcb1c4a4d1c3c6d054b27ac5b77e89eafb971d,5570,0x19353b784ae308471cc9418c24e4b83bb40f7181,369.353462,369.353462,0.0,1,0,1710918033
2024-03-14,0x6cdcb1c4a4d1c3c6d054b27ac5b77e89eafb971d,5572,0xab269f6a366fdf46f20cd9dae2ee2ceacac4a8a1,319.572236,319.572236,323.354056,1,1,1710565131
2024-03-14,0x6cdcb1c4a4d1c3c6d054b27ac5b77e89eafb971d,5582,0xc7756898bb188376100560e96f96060e6f2b55c3,319.4626,319.4626,323.17254,1,1,1710565449
2024-03-14,0x6cdcb1c4a4d1c3c6d054b27ac5b77e89eafb971d,5610,0x2979925d64a2d0e50b4efb2c3f6bd92d0c54df5a,319.024666,319.024666,322.799596,1,1,1710565193
2024-03-14,0x6cdcb1c4a4d1c3c6d054b27ac5b77e89eafb971d,5615,0xb67a27222b4013d107630f59f595d4e578b1fe8b,318.848424,318.848424,322.621266,1,1,1710565255
2024-03-14,0x6cdcb1c4a4d1c3c6d054b27ac5b77e89eafb971d,5628,0x2c85610b99c549b9c877bd86efa3898860d5d40a,0.0,0.0,376.614045,0,1,1710975387
2024-03-14,0x6cdcb1c4a4d1c3c6d054b27ac5b77e89eafb971d,5633,0xeafefb44c6b5802df613877b37d1bc7ddb81300b,368.029449,368.029449,0.0,1,0,1710548977
2024-03-14,0x6cdcb1c4a4d1c3c6d054b27ac5b77e89eafb971d,5636,0x01788e63e54d738f0dac036de1392284d467897f,368.274505,368.274505,368.274505,1,1,1710834081
2024-03-14,0x6cdcb1c4a4d1c3c6d054b27ac5b77e89eafb971d,5649,0xc63b1e66326b6bffbef3e1a903c29771d70f8e20,183.660233,183.660233,0.0,1,0,1710444877
2024-03-14,0x6cdcb1c4a4d1c3c6d054b27ac5b77e89eafb971d,5658,0xda3b3c61db1e4e7488e07c8db672e87f4230e459,323.868332,323.868332,321.271715,1,1,1710565573
2024-03-14,0x6cdcb1c4a4d1c3c6d054b27ac5b77e89eafb971d,5679,0xad77b6fb6b1245df29ee6833f635439561f84c48,386.871595,386.871595,385.580977,1,1,1710637881
2024-03-14,0x6cdcb1c4a4d1c3c6d054b27ac5b77e89eafb971d,5687,0x818ab232724233ee2c2b66a42e515d5d98ef8a8f,316.906928,316.906928,320.587098,1,1,1710565511
2024-03-14,0x6cdcb1c4a4d1c3c6d054b27ac5b77e89eafb971d,5691,0x019ff7bac7aa857aafa92fb7908b65722d27f74e,323.137407,323.137407,325.967867,1,1,1710565687
2024-03-14,0x6cdcb1c4a4d1c3c6d054b27ac5b77e89eafb971d,5695,0x280745a947018d18dbe637261d8c378a1a1262bb,323.003174,323.003174,320.413368,1,1,1710565635
2024-03-14,0x6cdcb1c4a4d1c3c6d054b27ac5b77e89eafb971d,5702,0x03f05d064549743f94b56f47b70b6bfafc012c50,322.894496,322.894496,325.725625,1,1,1710565783
2024-03-14,0x6cdcb1c4a4d1c3c6d054b27ac5b77e89eafb971d,5704,0x8a7cd852dfee6a5c05a8f049a17a14361f8e5ea7,366.324587,366.324587,366.324587,1,1,1710833475
2024-03-14,0x6cdcb1c4a4d1c3c6d054b27ac5b77e89eafb971d,5710,0xed52cbe639c5a64138ce678b86a8f231a89cdb05,322.718366,322.718366,325.55209,1,1,1710566219
2024-03-14,0x6cdcb1c4a4d1c3c6d054b27ac5b77e89eafb971d,5715,0xa32df494ddf72c7b8ea81fcda5bc08dfa287c4e9,322.651889,322.651889,0.0,1,0,1710565869
2024-03-14,0x6cdcb1c4a4d1c3c6d054b27ac5b77e89eafb971d,5727,0x63265ff8ea0f3c87ec4df6746e71f20aa3a7af7f,322.366743,322.366743,325.20995,1,1,1710567119
2024-03-14,0x6cdcb1c4a4d1c3c6d054b27ac5b77e89eafb971d,5738,0x79f91e61466426e50499b9bd56e46ac2f9df78e6,0.0,0.0,365.299355,0,1,1710928285
2024-03-14,0x6cdcb1c4a4d1c3c6d054b27ac5b77e89eafb971d,5739,0xc42104b600ca8f036ae1074b41ec47cf639fd1bd,321.923271,321.923271,324.760449,1,1,1710567027
2024-03-14,0x6cdcb1c4a4d1c3c6d054b27ac5b77e89eafb971d,5746,0x7a68fa1ffeeb5fe98a4517ccbd4c94fcc54cf997,321.681868,321.681868,324.517767,1,1,1710567075
2024-03-14,0x6cdcb1c4a4d1c3c6d054b27ac5b77e89eafb971d,5751,0xff8ab0d1e6600de5d061b4b247dea2027bb09bee,321.547873,321.547873,324.372036,1,1,1710566265
2024-03-14,0x6cdcb1c4a4d1c3c6d054b27ac5b77e89eafb971d,5757,0xecc85c2e526fefabbf50c7a1f00824be73c5da3a,375.086831,375.086831,0.0,1,0,1710871719
2024-03-14,0x6cdcb1c4a4d1c3c6d054b27ac5b77e89eafb971d,5781,0x231b922737b803805ef882d036708081932d6161,363.428296,363.428296,0.0,1,0,1710852289
2024-03-14,0x6cdcb1c4a4d1c3c6d054b27ac5b77e89eafb971d,5804,0x0580e3be789d7d3b4d503697ea7b983f728ab544,320.031887,320.031887,322.856559,1,1,1710567419
2024-03-14,0x6cdcb1c4a4d1c3c6d054b27ac5b77e89eafb971d,5822,0xaa7ce71fd8ddffda746af77ba54ccd96b52dfe92,362.089103,362.089103,362.089103,1,1,1710832689
2024-03-14,0x6cdcb1c4a4d1c3c6d054b27ac5b77e89eafb971d,5843,0x3257f7d1169b46dba77f18be843e5c9fac8a885d,372.343682,372.343682,0.0,1,0,1710500075
2024-03-14,0x6cdcb1c4a4d1c3c6d054b27ac5b77e89eafb971d,5871,0x6d4fe8ace1e3981998b6bfb3d2ec86e0671570e2,371.603713,371.603713,0.0,1,0,1710486833
2024-03-14,0x6cdcb1c4a4d1c3c6d054b27ac5b77e89eafb971d,5884,0x8181432899253fa56fdfeb559a9da64ec75d9f15,371.085302,371.085302,0.0,1,0,1710696105
2024-03-14,0x6cdcb1c4a4d1c3c6d054b27ac5b77e89eafb971d,5902,0xeac0059e9fc915a1479ed5c47832a7529d2944ac,359.810632,359.810632,359.810632,1,1,1710454341
2024-03-14,0x6cdcb1c4a4d1c3c6d054b27ac5b77e89eafb971d,5917,0xcf92c29cd74ac91027c88d6290697953e0489087,0.0,0.0,366.934532,0,1,1710755869
2024-03-14,0x6cdcb1c4a4d1c3c6d054b27ac5b77e89eafb971d,5957,0xf94171580ce591172b2f6909eea6693b1c78835b,357.89724,357.89724,0.0,1,0,1710420393
2024-03-14,0x6cdcb1c4a4d1c3c6d054b27ac5b77e89eafb971d,6007,0xa93ff05d277d896d10a4172c2dc19d70730e8bdc,0.0,0.0,356.284322,0,1,1710796685
2024-03-14,0x6cdcb1c4a4d1c3c6d054b27ac5b77e89eafb971d,6009,0x2ceba06d249bbfa20894e2092b77dd86db0a9302,0.0,0.0,413.87146,0,1,1710964621
2024-03-14,0x6cdcb1c4a4d1c3c6d054b27ac5b77e89eafb971d,6056,0xc630ee3e52a40a2c87d3507b18d11efb178d01ab,74.599816,74.599816,74.599816,1,1,1710508015
2024-03-14,0x6cdcb1c4a4d1c3c6d054b27ac5b77e89eafb971d,6063,0x68811b7700b567f31e33004b04fbaa33b78dc57d,0.0,0.0,363.854162,0,1,1710919077
2024-03-14,0x6cdcb1c4a4d1c3c6d054b27ac5b77e89eafb971d,6119,0x90126de0707a9a0085f511afcb345e81b7fcec1d,353.746933,353.746933,353.746933,1,1,1710756055
2024-03-14,0x6cdcb1c4a4d1c3c6d054b27ac5b77e89eafb971d,6125,0xffbeb9fe1914a311581846b1fc26861c35c2cb48,353.533352,353.533352,0.0,1,0,1710706921
2024-03-14,0x6cdcb1c4a4d1c3c6d054b27ac5b77e89eafb971d,6134,0xee13abef092475bd997ec58588ecb01f009c9f7a,0.0,0.0,353.454084,0,1,1710692049
2024-03-14,0x6cdcb1c4a4d1c3c6d054b27ac5b77e89eafb971d,6182,0x59659e3270e7e143f8f1bba1af3d237d8c9f9354,363.045086,363.045086,355.987242,1,1,1710448229
2024-03-14,0x6cdcb1c4a4d1c3c6d054b27ac5b77e89eafb971d,6193,0x58b43515c356270fbb80c7d7f446c1a03a4e9dd9,264.140028,264.140028,0.0,1,0,1710501887
2024-03-14,0x6cdcb1c4a4d1c3c6d054b27ac5b77e89eafb971d,6278,0x33bc7bb9036bff104047d059eec208e43b0ecff1,350.509283,350.509283,350.509283,1,1,1710767283
2024-03-14,0x6cdcb1c4a4d1c3c6d054b27ac5b77e89eafb971d,6313,0xc0de72a1b723452cacf35570db24fa13ec8bc562,355.107813,355.107813,0.0,1,0,1710626421
2024-03-14,0x6cdcb1c4a4d1c3c6d054b27ac5b77e89eafb971d,6333,0xf25d523b15356911523a61394158472162bf9da1,359.055931,359.055931,349.757753,1,1,1710645749
2024-03-14,0x6cdcb1c4a4d1c3c6d054b27ac5b77e89eafb971d,6335,0xb55f0372d018adffe4015cf008f0e45233d7e5b3,360.169256,360.169256,0.0,1,0,1710849425
2024-03-14,0x6cdcb1c4a4d1c3c6d054b27ac5b77e89eafb971d,6341,0xf77384d90a6f1bedae01e2a7fbd09d1bf5ea744c,359.912304,359.912304,0.0,1,0,1710848489
2024-03-14,0x6cdcb1c4a4d1c3c6d054b27ac5b77e89eafb971d,6342,0xa9d771816880f6139bd48a5d986df0fe2a117f14,0.0,0.0,349.437904,0,1,1710386317
2024-03-14,0x6cdcb1c4a4d1c3c6d054b27ac5b77e89eafb971d,6356,0x6fec46201a6f132c81142ac49a001791969520b8,87.321054,87.321054,0.0,1,0,1710446881
2024-03-14,0x6cdcb1c4a4d1c3c6d054b27ac5b77e89eafb971d,6381,0x4cdd7811ccedb0ffd3808b586bcafd6ab0acb313,411.325447,411.325447,411.325447,1,1,1710953401
2024-03-14,0x6cdcb1c4a4d1c3c6d054b27ac5b77e89eafb971d,6391,0xf47f60cb5426f63a8dd3786387742c2c49ad96e3,351.095516,351.095516,351.095516,1,1,1710395777
2024-03-14,0x6cdcb1c4a4d1c3c6d054b27ac5b77e89eafb971d,6397,0x5da70d2a1858a883b42d560edeb5a4ff4e7829fe,0.0,0.0,348.389916,0,1,1710686495
2024-03-14,0x6cdcb1c4a4d1c3c6d054b27ac5b77e89eafb971d,6426,0x7a81ac54ab686e8539d774e266832650774ca144,0.0,0.0,44712.108729,0,1,1710432173
2024-03-14,0x6cdcb1c4a4d1c3c6d054b27ac5b77e89eafb971d,6443,0x28e58e752af7d3fedea40cdc025cfb2089c2a592,1783.860042,1783.860042,1735.322202,1,1,1710388591
2024-03-14,0x6cdcb1c4a4d1c3c6d054b27ac5b77e89eafb971d,6463,0xa868f447f441aec571c979cafce38df7ab129255,92.014369,92.014369,0.0,1,0,1710574797
2024-03-14,0x6cdcb1c4a4d1c3c6d054b27ac5b77e89eafb971d,6469,0x7f08f8b61cf2f1ce922caa9e6fbc57c7cb8a66e7,1016.370067,1016.370067,1020.435127,1,1,1710706467
2024-03-14,0x6cdcb1c4a4d1c3c6d054b27ac5b77e89eafb971d,6489,0x529656620d914443405a55ec42ad0eaeaf0b4a2c,0.0,0.0,1204.519758,0,1,1710425345
2024-03-14,0x6cdcb1c4a4d1c3c6d054b27ac5b77e89eafb971d,6511,0x41d2f3add533465d1038bfac72855e8430f92eec,117.422147,117.422147,117.422147,1,1,1710387173
2024-03-14,0x6cdcb1c4a4d1c3c6d054b27ac5b77e89eafb971d,6537,0x1277255b8e274c8a753eea277aa62115baed21eb,0.860042,0.860042,0.870992,1,1,1710749203
2024-03-14,0x6cdcb1c4a4d1c3c6d054b27ac5b77e89eafb971d,6567,0x31067fb2d970d5ca66bb5c891af66239915f365a,116.502208,116.502208,0.0,1,0,1710709083
2024-03-14,0x6cdcb1c4a4d1c3c6d054b27ac5b77e89eafb971d,6569,0xdfcfa08f40e84ba07056f4340a06b3282eb895fe,691.036483,691.036483,0.0,1,0,1710446901
2024-03-14,0x6cdcb1c4a4d1c3c6d054b27ac5b77e89eafb971d,6589,0x89c5f77ba94c96e4456ee463a0335b4128b0e263,4105.167965,4105.167965,4354.454182,1,1,1710772691
2024-03-14,0x6cdcb1c4a4d1c3c6d054b27ac5b77e89eafb971d,6607,0xbd54cabe09e6d0c0f2a306d918f1dc669af7a412,0.0,0.0,48.359478,0,1,1710413067
2024-03-14,0x6cdcb1c4a4d1c3c6d054b27ac5b77e89eafb971d,6648,0xa0eba15eda152fcdc38fb32e3c50f73e3a2ea965,0.0,7556.103569,15063.555608,1,2,1710902405
2024-03-14,0x6cdcb1c4a4d1c3c6d054b27ac5b77e89eafb971d,6687,0x1d4143b2434b20ff360a05912626f56563838ba5,47.237858,47.237858,0.0,1,0,1710491621
2024-03-14,0x6cdcb1c4a4d1c3c6d054b27ac5b77e89eafb971d,6708,0x229adb9002a8e42e5f7b8762d09612e9ffd6337f,32.47015,32.47015,0.0,1,0,1710407309
2024-03-14,0x6cdcb1c4a4d1c3c6d054b27ac5b77e89eafb971d,6798,0xe77ffc696724fd0fcff578a05f3023081ae888c0,0.0,0.0,6651.149985,0,1,1710966461
2024-03-14,0x6cdcb1c4a4d1c3c6d054b27ac5b77e89eafb971d,6806,0x16c5d7862f5e42b578c5b86bdf1f3887fdc0f412,0.0,0.0,1969.391628,0,1,1710864401
2024-03-14,0x6cdcb1c4a4d1c3c6d054b27ac5b77e89eafb971d,6850,0x47b0c8c154fb9222d22e170a0801b9807dee2576,583.373591,583.373591,586.623924,1,1,1710442237
2024-03-14,0x6cdcb1c4a4d1c3c6d054b27ac5b77e89eafb971d,6870,0x3dbf54b936afc9ed79416748b418808186662646,131.368463,131.368463,128.121423,1,1,1710464669
2024-03-14,0x6cdcb1c4a4d1c3c6d054b27ac5b77e89eafb971d,6872,0xdc82091269279b03923c9e64026c548956ce27ca,171.382939,171.382939,170.494775,1,1,1710390885
2024-03-14,0x6cdcb1c4a4d1c3c6d054b27ac5b77e89eafb971d,6933,0x5db9e26d5035c124a9b7dddd545fd60c23cf26d0,2.168348,2.168348,2.177404,1,1,1710433567
2024-03-14,0x6cdcb1c4a4d1c3c6d054b27ac5b77e89eafb971d,6936,0xfddee88c50537ecbf1532cbb29aa9f247a969bbb,84.251666,84.251666,0.0,1,0,1710825865
2024-03-14,0x6cdcb1c4a4d1c3c6d054b27ac5b77e89eafb971d,6952,0x102763eb37f47272150aadacbc48d850444935eb,10.354437,10.354437,13.615509,1,1,1710832387
2024-03-14,0x6cdcb1c4a4d1c3c6d054b27ac5b77e89eafb971d,6958,0x8836613f628fab92200db37841bcb508b9e6c7b5,8.170076,8.170076,8.23142,1,1,1710633009
2024-03-14,0x6cdcb1c4a4d1c3c6d054b27ac5b77e89eafb971d,6959,0x8836613f628fab92200db37841bcb508b9e6c7b5,13.201019,13.201019,13.300135,1,1,1710633001
2024-03-14,0x6cdcb1c4a4d1c3c6d054b27ac5b77e89eafb971d,6960,0x95f4d2a19d63725710559b23bc918791795f402c,8.87687,8.87687,0.0,1,0,1710758469
2024-03-14,0x6cdcb1c4a4d1c3c6d054b27ac5b77e89eafb971d,6965,0x0eb036276f40f1f0b98000de40f7e193f02a3178,9.145007,9.145007,0.0,1,0,1710829137
2024-03-14,0x6cdcb1c4a4d1c3c6d054b27ac5b77e89eafb971d,7128,0x0f45156f109e474295913d78036fa213b1745d5a,0.0,0.0,146783.072654,0,1,1710954729
2024-03-14,0x6cdcb1c4a4d1c3c6d054b27ac5b77e89eafb971d,7136,0xd87ecc6c74f486b044824a222326a96f696fcfa2,0.0,0.0,116623.437939,0,1,1710955147
2024-03-14,0x6cdcb1c4a4d1c3c6d054b27ac5b77e89eafb971d,7274,0x36fb66ea97a342c0f43cab3045004c17bc15546a,57.486892,57.486892,0.0,1,0,1710381013
2024-03-14,0x6cdcb1c4a4d1c3c6d054b27ac5b77e89eafb971d,7378,0x91817a270fb9f03e00918fae83b3fe718c1426e8,2334.520365,4448.499347,4099.149063,2,2,1710531669
2024-03-14,0x6cdcb1c4a4d1c3c6d054b27ac5b77e89eafb971d,7388,0x7b8bad250aace0cca1025730e59163e6887bb94b,860.370385,860.370385,780.972585,1,1,1710383943
2024-03-14,0x6cdcb1c4a4d1c3c6d054b27ac5b77e89eafb971d,7449,0x26bf2a1433258eb23e65e3615c75c595f2d38d40,453.827703,453.827703,0.0,1,0,1710467291
2024-03-14,0x6cdcb1c4a4d1c3c6d054b27ac5b77e89eafb971d,7456,0x134bceccab8484b600c538fa605fb7d96cdfb22a,63.775727,63.775727,0.0,1,0,1710749387
2024-03-14,0x6cdcb1c4a4d1c3c6d054b27ac5b77e89eafb971d,7492,0xe08753f2caf86cfa29ce24b1ca765f6f3a25a68d,614.781945,1229.606445,1241.070946,2,2,1710843359
2024-03-14,0x6cdcb1c4a4d1c3c6d054b27ac5b77e89eafb971d,7498,0x146695f336d600e9fbc78185aa0e64104fc191f2,0.0,0.0,1494.773512,0,1,1710733225
2024-03-14,0x6cdcb1c4a4d1c3c6d054b27ac5b77e89eafb971d,7576,0x74d0eda9a5f8898872a0c2cbff72f2407ca34c0f,5.878636,5.878636,0.0,1,0,1710625639
2024-03-14,0x6cdcb1c4a4d1c3c6d054b27ac5b77e89eafb971d,7621,0xd8aaa186db7214926cdd4c8ab5ef1d919913402f,43.513108,43.513108,0.0,1,0,1710559763
2024-03-14,0x6cdcb1c4a4d1c3c6d054b27ac5b77e89eafb971d,7625,0xfb8826794abb11d8528e3934af4470dcac7615b2,3.457612,3.457612,0.0,1,0,1710488201
2024-03-14,0x6cdcb1c4a4d1c3c6d054b27ac5b77e89eafb971d,7705,0xce030f1137e05bc3d13303ddb5a955600b9b5771,2011.138885,2011.138885,506.498279,1,1,1710691099
2024-03-14,0x6cdcb1c4a4d1c3c6d054b27ac5b77e89eafb971d,7837,0x83b23f80ec517cfe115c75dce0a8b5ec0e25d845,87.965072,87.965072,0.0,1,0,1710683903
2024-03-14,0x6cdcb1c4a4d1c3c6d054b27ac5b77e89eafb971d,7844,0x4dccb4444a0a804b778ddac22dc21b4fd0fe1a0d,42.313452,42.313452,0.0,1,0,1710828517
2024-03-14,0x6cdcb1c4a4d1c3c6d054b27ac5b77e89eafb971d,7857,0x4886ba5d2b3e0ae1e80172d3bddc4feb32e1ce26,23.565994,23.565994,0.0,1,0,1710822803
2024-03-14,0x6cdcb1c4a4d1c3c6d054b27ac5b77e89eafb971d,7942,0x1faf770c3974a16fff04a78d225a6d7d0bd3fe46,0.0,0.0,180.540683,0,1,1710925273
2024-03-14,0x6cdcb1c4a4d1c3c6d054b27ac5b77e89eafb971d,7979,0x529656620d914443405a55ec42ad0eaeaf0b4a2c,0.0,0.0,212073.061349,0,1,1710920877
2024-03-14,0x6cdcb1c4a4d1c3c6d054b27ac5b77e89eafb971d,7997,0x41117551e82bc1eeb196150c4f476158f7757aee,45.153641,45.153641,0.0,1,0,1710836313
2024-03-14,0x6cdcb1c4a4d1c3c6d054b27ac5b77e89eafb971d,8083,0xca82abdbb7d552fa2903ab2943518e798325e44b,92.265865,92.265865,0.0,1,0,1710491479
2024-03-14,0x6cdcb1c4a4d1c3c6d054b27ac5b77e89eafb971d,8098,0x39837f4711b028ba82d43bf9d7b017cbf8e5c8a3,7386.860661,7386.860661,7421.337178,1,1,1710953129
2024-03-14,0x6cdcb1c4a4d1c3c6d054b27ac5b77e89eafb971d,8136,0x253f6b1b85e3c1d88c5ecb383ed33063df8a9e7c,0.881279,0.881279,0.0,1,0,1710489489
2024-03-14,0x6cdcb1c4a4d1c3c6d054b27ac5b77e89eafb971d,8149,0x32f714baa27648fc4cd768004e02714b8560276e,1.755783,1.755783,0.0,1,0,1710916879
2024-03-14,0x6cdcb1c4a4d1c3c6d054b27ac5b77e89eafb971d,8260,0x52e7633279802211ba4c2cef1ef0f3129fe596b1,38022.560457,38022.560457,0.0,1,0,1710609075
2024-03-14,0x6cdcb1c4a4d1c3c6d054b27ac5b77e89eafb971d,8262,0xbb8151d891ae8b3ee3696944652ef2308edc8d65,0.0,0.0,9118.698697,0,1,1710379305
2024-03-14,0x6cdcb1c4a4d1c3c6d054b27ac5b77e89eafb971d,8273,0x139596f71b5d26d467ed1819a535a9190ea3ed0e,710.391753,710.391753,0.0,1,0,1710933771
2024-03-14,0x6cdcb1c4a4d1c3c6d054b27ac5b77e89eafb971d,8350,0x0f45156f109e474295913d78036fa213b1745d5a,0.0,0.0,74717.705953,0,1,1710954783
2024-03-14,0x6cdcb1c4a4d1c3c6d054b27ac5b77e89eafb971d,8390,0x4e51a06e4643197e1be2f050b6af60f9ad3cef06,2025.455478,2025.455478,1011.010521,1,1,1710433647
2024-03-14,0x6cdcb1c4a4d1c3c6d054b27ac5b77e89eafb971d,8405,0x5d6f3d0c92d0564151357b0863e55e9ed4631b8d,0.0,2332.49091,3461.066525,2,3,1710970561
2024-03-14,0x6cdcb1c4a4d1c3c6d054b27ac5b77e89eafb971d,8458,0xc65c762fc8a7e1618529c1e49ea3fe572dbdc40b,17361.035991,17361.035991,17426.673143,1,1,1710809855
2024-03-14,0x6cdcb1c4a4d1c3c6d054b27ac5b77e89eafb971d,8467,0xd87ecc6c74f486b044824a222326a96f696fcfa2,0.0,0.0,171218.155397,0,1,1710955147
2024-03-14,0x6cdcb1c4a4d1c3c6d054b27ac5b77e89eafb971d,8477,0xf10fd43f5f58128269ed4e312fe56084a18e50b9,0.0,0.0,1345.700236,0,1,1710910815
2024-03-14,0x6cdcb1c4a4d1c3c6d054b27ac5b77e89eafb971d,8631,0x5243968110439573d2395f1afe38f0f471c3510d,0.0,0.0,8567.564138,0,1,1710942363
2024-03-14,0x6cdcb1c4a4d1c3c6d054b27ac5b77e89eafb971d,8685,0x622f88102bf8d68e65faf109f66e0781b46bbed3,0.0,0.0,1673.547372,0,1,1710941003
2024-03-14,0x6cdcb1c4a4d1c3c6d054b27ac5b77e89eafb971d,8733,0x84dac26765a13e7ce22dfe1001f97927d0b9634b,123.947312,123.947312,127.140351,1,1,1710688053
2024-03-14,0x6cdcb1c4a4d1c3c6d054b27ac5b77e89eafb971d,8773,0x994cf20f5084427d078dbe368ee9c5b6b9ec0755,125.389098,125.389098,125.246915,1,1,1710400901
2024-03-14,0x6cdcb1c4a4d1c3c6d054b27ac5b77e89eafb971d,8780,0x1e7bb53c1eefa4513b69fcbfa900b6bce051a77b,29.745258,29.745258,0.0,1,0,1710895239
2024-03-14,0x6cdcb1c4a4d1c3c6d054b27ac5b77e89eafb971d,8815,0x80f1be9f706408724c098c1c33312fe18b9a10e3,44.570564,44.570564,0.0,1,0,1710537721
2024-03-14,0x6cdcb1c4a4d1c3c6d054b27ac5b77e89eafb971d,8846,0x6d75b5c51c41d5361f5729a2d453fee4ef40e652,1232.862473,1232.862473,1725.218303,1,1,1710941735
2024-03-14,0x6cdcb1c4a4d1c3c6d054b27ac5b77e89eafb971d,8852,0x6adabc8287a814b21a67e2b5811ed19ae708872f,0.0,0.0,1409.249893,0,1,1710688085
2024-03-14,0x6cdcb1c4a4d1c3c6d054b27ac5b77e89eafb971d,8918,0xb22c756147b846e5a97fe4019eb6c6b243892128,0.0,0.0,1814.966717,0,1,1710940603
2024-03-14,0x6cdcb1c4a4d1c3c6d054b27ac5b77e89eafb971d,8920,0x0cd86b4c5125ea2713574ac763fb28f15e228c2e,0.0,0.0,1809.058307,0,1,1710940911
2024-03-14,0x6cdcb1c4a4d1c3c6d054b27ac5b77e89eafb971d,8932,0x474737676ca5993eeca3c2a072572440e0524bbe,44080.598781,44080.598781,44041.396027,1,1,1710522009
2024-03-14,0x6cdcb1c4a4d1c3c6d054b27ac5b77e89eafb971d,9045,0xf7c0d5e897666ce6590a749ff1bd9edaf7eab2a5,1067.036627,1067.036627,0.0,1,0,1710816593
2024-03-14,0x6cdcb1c4a4d1c3c6d054b27ac5b77e89eafb971d,9120,0xbfdd62139f97163d83cf5cb7f940564b56c6fa5d,0.0,0.0,2032.059547,0,1,1710956333
2024-03-14,0x6cdcb1c4a4d1c3c6d054b27ac5b77e89eafb971d,9168,0xda263667e51f7bdd638abf6d9f67d7327745363d,0.0,0.0,4058.010358,0,1,1710828099
2024-03-14,0x6cdcb1c4a4d1c3c6d054b27ac5b77e89eafb971d,9255,0x4e51a06e4643197e1be2f050b6af60f9ad3cef06,1217.257994,1217.257994,607.596983,1,1,1710433673
2024-03-14,0x6cdcb1c4a4d1c3c6d054b27ac5b77e89eafb971d,9297,0xf2ffa43dd3e085d8427c7d29c6ba33228f76ebfa,41271.607379,41271.607379,40582.95176,1,1,1710621509
2024-03-14,0x6cdcb1c4a4d1c3c6d054b27ac5b77e89eafb971d,9300,0xb33cd827dd59c090e71899bfca31f81f4b189ddb,11491.72777,11491.72777,45888.967918,1,1,1710962113
2024-03-14,0x6cdcb1c4a4d1c3c6d054b27ac5b77e89eafb971d,9308,0x474737676ca5993eeca3c2a072572440e0524bbe,10484.386321,10484.386321,10449.439152,1,1,1710522035
2024-03-14,0x6cdcb1c4a4d1c3c6d054b27ac5b77e89eafb971d,9323,0x977469bde563c277cd0e92326126413043f4bacf,0.0,0.0,54871.032931,0,1,1710965081
2024-03-14,0x6cdcb1c4a4d1c3c6d054b27ac5b77e89eafb971d,9458,0xa94615f9cfa6ff8e3cb581421ec7803b39d8ae97,80347.017284,80347.017284,80210.777968,1,1,1710908407
2024-03-14,0x6cdcb1c4a4d1c3c6d054b27ac5b77e89eafb971d,9459,0xa94615f9cfa6ff8e3cb581421ec7803b39d8ae97,223083.29086,223083.29086,222705.022744,1,1,1710908423
2024-03-14,0x6cdcb1c4a4d1c3c6d054b27ac5b77e89eafb971d,9525,0xb6b43461157bd3c817f7b9d36c342482fe9a9a48,437.890554,437.890554,0.0,1,0,1710752797
2024-03-14,0x6cdcb1c4a4d1c3c6d054b27ac5b77e89eafb971d,9552,0xc3b840929c916f291bbce9529aff1a1c7f58ff71,45.395222,45.395222,0.0,1,0,1710759703
2024-03-14,0x6cdcb1c4a4d1c3c6d054b27ac5b77e89eafb971d,9595,0xf00408ddcaf624129cc0d08aa122a7abe1f2ef31,1048.308006,1048.308006,0.0,1,0,1710719303
2024-03-14,0x6cdcb1c4a4d1c3c6d054b27ac5b77e89eafb971d,9596,0x89416b7fd83cddfaa6eee814a8967f76d4511294,0.0,2315.61712,4616.356397,1,2,1710902293
2024-03-14,0x6cdcb1c4a4d1c3c6d054b27ac5b77e89eafb971d,9629,0x0f45156f109e474295913d78036fa213b1745d5a,0.0,0.0,311900.10926,0,1,1710954855
2024-03-14,0x6cdcb1c4a4d1c3c6d054b27ac5b77e89eafb971d,9631,0xd87ecc6c74f486b044824a222326a96f696fcfa2,0.0,0.0,370495.69631,0,1,1710955201
2024-03-14,0x6cdcb1c4a4d1c3c6d054b27ac5b77e89eafb971d,9704,0x7dd1a8db22e9456285501af72bb7d9e3a465a3f1,45.667728,45.667728,0.0,1,0,1710561673
2024-03-14,0x6cdcb1c4a4d1c3c6d054b27ac5b77e89eafb971d,9707,0x60034a6d90f54d3bbc3188033fd08b1a146802ba,1519.511097,1519.511097,1509.47232,1,1,1710523543
2024-03-14,0x6cdcb1c4a4d1c3c6d054b27ac5b77e89eafb971d,9731,0x94759c0cdd84054a71c4b9746dcdee90783aca4f,0.0,0.0,969.690947,0,1,1710390067
2024-03-14,0x6cdcb1c4a4d1c3c6d054b27ac5b77e89eafb971d,9755,0xe8b55fd62045d51274812e5c3ab803055c0e3eaa,6685.041417,6685.041417,6711.534227,1,1,1710484341
2024-03-14,0x6cdcb1c4a4d1c3c6d054b27ac5b77e89eafb971d,9780,0x1d4143b2434b20ff360a05912626f56563838ba5,45.484,45.484,0.0,1,0,1710491637
2024-03-14,0x6cdcb1c4a4d1c3c6d054b27ac5b77e89eafb971d,9792,0x487c6480c33f32435f99cfa4b1e09c0d4e4165f7,0.0,0.0,3729.232971,0,1,1710378139
2024-03-14,0x6cdcb1c4a4d1c3c6d054b27ac5b77e89eafb971d,9846,0x32044b9d572d61602eeb3b6af5c7bfcdb8bb8c32,127.432151,245.150194,117.718043,2,1,1710573889
2024-03-14,0x6cdcb1c4a4d1c3c6d054b27ac5b77e89eafb971d,9872,0xf22862b5c8d5a17a68536521e0c82c5387bd65af,0.0,0.0,767.171957,0,1,1710961989
2024-03-14,0x6cdcb1c4a4d1c3c6d054b27ac5b77e89eafb971d,9898,0xb33cd827dd59c090e71899bfca31f81f4b189ddb,34640.658803,34640.658803,139013.526583,1,1,1710962147
2024-03-14,0x6cdcb1c4a4d1c3c6d054b27ac5b77e89eafb971d,9927,0x4e51a06e4643197e1be2f050b6af60f9ad3cef06,548.716449,548.716449,547.786026,1,1,1710433811
2024-03-14,0x6cdcb1c4a4d1c3c6d054b27ac5b77e89eafb971d,9954,0x7d374fe73fd8358a93c53e978477f7ba4129be0c,0.0,0.0,75718.243554,0,1,1710963979
2024-03-14,0x6cdcb1c4a4d1c3c6d054b27ac5b77e89eafb971d,9992,0x0172e05392aba65366c4dbbb70d958bbf43304e4,0.0,0.0,22892.855819,0,1,1710969939
2024-03-14,0x6cdcb1c4a4d1c3c6d054b27ac5b77e89eafb971d,10001,0xa94615f9cfa6ff8e3cb581421ec7803b39d8ae97,38841.249632,38841.249632,38775.389001,1,1,1710908441
2024-03-14,0x6cdcb1c4a4d1c3c6d054b27ac5b77e89eafb971d,10026,0x6613a1521394c2f17c7d705e48279e44c2a01936,1542.160457,1542.160457,1547.024095,1,1,1710378167
2024-03-14,0x6cdcb1c4a4d1c3c6d054b27ac5b77e89eafb971d,10052,0xd1deee713b0404b799f67bfcb64e0647c14bf11f,0.0,0.0,1761.37979,0,1,1710732431
2024-03-14,0x6cdcb1c4a4d1c3c6d054b27ac5b77e89eafb971d,10082,0x83fad94eaa0fa69df6a9f13f7c3577be6180b3bb,0.0,0.0,22984.95219,0,1,1710971421
2024-03-14,0x6cdcb1c4a4d1c3c6d054b27ac5b77e89eafb971d,10193,0x3a61f8d7b3790b142d52ed04e6f19321a42a73e8,0.0,0.0,994.366624,0,1,1710716595
2024-03-14,0x6cdcb1c4a4d1c3c6d054b27ac5b77e89eafb971d,10222,0xdd97e7ffb2ae6d44c5b864aa79cc7fdc3aa97f1f,0.0,0.0,320.935095,0,1,1710381825
2024-03-14,0x6cdcb1c4a4d1c3c6d054b27ac5b77e89eafb971d,10263,0x0c688322a70da7c228959f55bee9ddb2f04771c8,0.0,0.0,2843.909985,0,1,1710974519
2024-03-14,0x6cdcb1c4a4d1c3c6d054b27ac5b77e89eafb971d,10271,0x4d92c7272384c055ee2ef7ab0b7112c35b8cef79,0.0,0.0,22168.369288,0,1,1710447657
2024-03-14,0x6cdcb1c4a4d1c3c6d054b27ac5b77e89eafb971d,10294,0x48a6a8d403a58eccc70d4d57347f801d4e182564,25594870.747472,25594870.747472,34004818.789314,1,1,1710962043
2024-03-14,0x6cdcb1c4a4d1c3c6d054b27ac5b77e89eafb971d,10313,0xce76e10b764de934d09883598b329498fe72d9e5,0.0,0.0,76531.104111,0,1,1710947509
2024-03-14,0x6cdcb1c4a4d1c3c6d054b27ac5b77e89eafb971d,10338,0x3a9a4c8815f94ed7c5361a12c496d3dcf152aa2d,0.0,0.0,0.296141,0,1,1710394355
2024-03-14,0x6cdcb1c4a4d1c3c6d054b27ac5b77e89eafb971d,10414,0xdcac0ee047da0ab449f6beb08c8f79c00eabc67d,10827.685785,10827.685785,0.0,1,0,1710441085
2024-03-14,0x6cdcb1c4a4d1c3c6d054b27ac5b77e89eafb971d,10458,0xd87ecc6c74f486b044824a222326a96f696fcfa2,0.0,0.0,27152.138041,0,1,1710955249
2024-03-14,0x6cdcb1c4a4d1c3c6d054b27ac5b77e89eafb971d,10459,0x0f45156f109e474295913d78036fa213b1745d5a,0.0,0.0,16262.71689,0,1,1710954917
2024-03-14,0x6cdcb1c4a4d1c3c6d054b27ac5b77e89eafb971d,10475,0x83fad94eaa0fa69df6a9f13f7c3577be6180b3bb,0.0,0.0,4379.58631,0,1,1710971499
2024-03-14,0x6cdcb1c4a4d1c3c6d054b27ac5b77e89eafb971d,10482,0xd5ae574275450148e40e3c5c3d688df7d02c4228,0.0,0.0,11179.146392,0,1,1710947577
2024-03-14,0x6cdcb1c4a4d1c3c6d054b27ac5b77e89eafb971d,10489,0x7a70eca937f10234c42b4daed0970fae6f88df15,2627.072071,2627.072071,2576.0,1,1,1710772411
2024-03-14,0x6cdcb1c4a4d1c3c6d054b27ac5b77e89eafb971d,10596,0x445cc8ed94673e7efa66d1638e447ddc706bc446,185.27318,185.27318,186.318827,1,1,1710467441
2024-03-14,0x6cdcb1c4a4d1c3c6d054b27ac5b77e89eafb971d,10602,0x87049c7c047a84f58a3549da0d2d48e7347a4e06,205.244577,205.244577,0.0,1,0,1710400731
2024-03-14,0x6cdcb1c4a4d1c3c6d054b27ac5b77e89eafb971d,10657,0x892176d784bed3dc877a62f3ff9fc091377b2a49,0.0,0.0,15526.594339,0,1,1710383781
2024-03-14,0x6cdcb1c4a4d1c3c6d054b27ac5b77e89eafb971d,10664,0x8803d1575831c7565839d11a622b6fcd9e14fcfc,486.552611,486.552611,0.0,1,0,1710963719
2024-03-14,0x6cdcb1c4a4d1c3c6d054b27ac5b77e89eafb971d,10676,0x4ee976b121de67fcc77140cc36045e18bd3b7af5,2253.641079,2253.641079,2260.748859,1,1,1710380217
2024-03-14,0x6cdcb1c4a4d1c3c6d054b27ac5b77e89eafb971d,10847,0xf3e5b415e84047d68e412cccd2d14b15e308b120,1224.020833,1224.020833,2460.522452,1,1,1710530953
2024-03-14,0x6cdcb1c4a4d1c3c6d054b27ac5b77e89eafb971d,10852,0x3426316b1eb507bf2bdfe37b97c7e4456cb8b49b,43.682477,43.682477,11.275762,1,1,1710444363
2024-03-14,0x6cdcb1c4a4d1c3c6d054b27ac5b77e89eafb971d,10867,0x6ab2d5789af8fc628b306d04505de6e5a78ba660,0.0,0.0,719.318629,0,1,1710848667
2024-03-14,0x6cdcb1c4a4d1c3c6d054b27ac5b77e89eafb971d,10882,0x7b61766716e466331a2d302c0c0382af97f30f51,54.769567,54.769567,56.554346,1,1,1710622787
2024-03-14,0x6cdcb1c4a4d1c3c6d054b27ac5b77e89eafb971d,10905,0xf244aea8d5b242059f578b9d0d5f0be66d8406a4,0.0,0.0,6001.648884,0,1,1710391645
2024-03-14,0x6cdcb1c4a4d1c3c6d054b27ac5b77e89eafb971d,10925,0xe5e63a7fd8e329ee60ed8be8676f7bf103522fe7,17220.681592,17220.681592,34563.131611,1,1,1710940169
2024-03-14,0x6cdcb1c4a4d1c3c6d054b27ac5b77e89eafb971d,10926,0xec493b8ee4aec10e4e2cc0c2f1da65aadb23bcfd,3267.463049,3267.463049,3294.896622,1,1,1710510373
2024-03-14,0x6cdcb1c4a4d1c3c6d054b27ac5b77e89eafb971d,10933,0xa07d83334758af046dbcee6991e341c0e061d121,1206.060779,1206.060779,1202.836008,1,1,1710735291
2024-03-14,0x6cdcb1c4a4d1c3c6d054b27ac5b77e89eafb971d,10937,0x7a53e106d5519afdbea37b03ba794b0e7b8f7cbf,0.0,0.0,193895.601705,0,1,1710865453
2024-03-14,0x6cdcb1c4a4d1c3c6d054b27ac5b77e89eafb971d,10943,0x274949b0db377742a46074f75749e953a8da45a7,665.033268,665.033268,700.889912,1,1,1710395503
2024-03-14,0x6cdcb1c4a4d1c3c6d054b27ac5b77e89eafb971d,10959,0xacbe1fc97ced05874d2ee6993d92066fe3ec011f,11.136146,11.136146,0.0,1,0,1710915019
2024-03-14,0x6cdcb1c4a4d1c3c6d054b27ac5b77e89eafb971d,10964,0xd34943a71bb298869632561607215d1c05a38c11,1037.733304,1037.733304,1183.506419,1,1,1710739319
2024-03-14,0x6cdcb1c4a4d1c3c6d054b27ac5b77e89eafb971d,10976,0x88dc674f132f09017d833dac528a18c786ed633e,2994.352435,2994.352435,2993.812023,1,1,1710379641
2024-03-14,0x6cdcb1c4a4d1c3c6d054b27ac5b77e89eafb971d,10980,0xb0c6d7085fa8ccc6c174841495eb700130ea2e97,5.007434,5.007434,4.194594,1,1,1710441481
2024-03-14,0x6cdcb1c4a4d1c3c6d054b27ac5b77e89eafb971d,10981,0x0ecefbb373019dabc65c5d5af70eb512c686de9c,0.0,0.0,20342.359568,0,1,1710974347
2024-03-14,0x6cdcb1c4a4d1c3c6d054b27ac5b77e89eafb971d,11020,0xea40bef75a253ce209e9ab174a97d14f612e09d9,80.757592,80.757592,0.0,1,0,1710857131
2024-03-14,0x6cdcb1c4a4d1c3c6d054b27ac5b77e89eafb971d,11022,0xea6d4b6962d9c19c62dd391bbf4c5e7a3ac0632a,2784.0793,2784.0793,2779.358514,1,1,1710975367
2024-03-14,0x6cdcb1c4a4d1c3c6d054b27ac5b77e89eafb971d,11050,0x3e15a40d887705e239ebb27f56daa845392eed72,70.913583,70.913583,134.890917,1,1,1710733037
2024-03-14,0x6cdcb1c4a4d1c3c6d054b27ac5b77e89eafb971d,11056,0x4b9d8dde4c5ceb5ba567334d9fb86cfc94282a03,0.0,0.0,7541.848576,0,1,1710971099
2024-03-14,0x6cdcb1c4a4d1c3c6d054b27ac5b77e89eafb971d,11081,0x10e3f33cdc227948e5d4203f174f81c4995ce551,1716.065128,1716.065128,1757.046841,1,1,1710917333
2024-03-14,0x6cdcb1c4a4d1c3c6d054b27ac5b77e89eafb971d,11083,0x7a53e106d5519afdbea37b03ba794b0e7b8f7cbf,0.0,0.0,194585.33772,0,1,1710865559
2024-03-14,0x6cdcb1c4a4d1c3c6d054b27ac5b77e89eafb971d,11090,0xea6d4b6962d9c19c62dd391bbf4c5e7a3ac0632a,2912.886768,2912.886768,3006.535716,1,1,1710975379
2024-03-14,0x6cdcb1c4a4d1c3c6d054b27ac5b77e89eafb971d,11107,0x9445e93057f3f5e3452ce50fc867b22a48b4d82a,3273.335043,3273.335043,0.0,1,0,1710920219
2024-03-14,0x6cdcb1c4a4d1c3c6d054b27ac5b77e89eafb971d,11120,0x0b5897d201d83a9fcbeefc086c100a8eaa5ada9a,27253.330643,27253.330643,50968.133126,1,1,1710929451
2024-03-14,0x6cdcb1c4a4d1c3c6d054b27ac5b77e89eafb971d,11126,0xedb61a92de9d08874bdf2a9d1fdf8df9f111bf7d,0.0,0.0,1.978072,0,1,1710520719
2024-03-14,0x6cdcb1c4a4d1c3c6d054b27ac5b77e89eafb971d,11136,0xa6c4f123b99eaf51e63dd31497f4921ad6761230,534.804691,534.804691,537.079622,1,1,1710383673
2024-03-14,0x6cdcb1c4a4d1c3c6d054b27ac5b77e89eafb971d,11190,0x7a59ce2e3bccbe183f34cd3ec47b9601b631c883,333.182025,333.182025,335.892931,1,1,1710776941
2024-03-14,0x6cdcb1c4a4d1c3c6d054b27ac5b77e89eafb971d,11191,0x4b0bc40942d186161b6db2f18484e633a36cc3b1,195.359566,195.359566,196.94402,1,1,1710777063
2024-03-14,0x6cdcb1c4a4d1c3c6d054b27ac5b77e89eafb971d,11220,0x3717d4cc1d3226395a82a8680c3e0078dc43146d,0.0,2210.863502,4407.515954,1,2,1710903791
2024-03-14,0x6cdcb1c4a4d1c3c6d054b27ac5b77e89eafb971d,11240,0x4e51a06e4643197e1be2f050b6af60f9ad3cef06,291.010589,291.010589,290.517141,1,1,1710433745
2024-03-14,0x6cdcb1c4a4d1c3c6d054b27ac5b77e89eafb971d,11305,0xd87ecc6c74f486b044824a222326a96f696fcfa2,0.0,0.0,10493.745978,0,1,1710955287
2024-03-14,0x6cdcb1c4a4d1c3c6d054b27ac5b77e89eafb971d,11313,0x649a50f9cdd808466ab616cda9a8a689defa1dd0,3492.991151,3492.991151,3481.348109,1,1,1710863759
2024-03-14,0x6cdcb1c4a4d1c3c6d054b27ac5b77e89eafb971d,11321,0xf244aea8d5b242059f578b9d0d5f0be66d8406a4,0.0,0.0,2102.339953,0,1,1710391679
2024-03-14,0x6cdcb1c4a4d1c3c6d054b27ac5b77e89eafb971d,11345,0xe5e63a7fd8e329ee60ed8be8676f7bf103522fe7,0.0,0.0,6129.05554,0,1,1710940293
2024-03-14,0x6cdcb1c4a4d1c3c6d054b27ac5b77e89eafb971d,11347,0x670647441d9c24d981923c9293a2e4eae6d0c8b3,0.0,0.0,675161.337852,0,1,1710937819
2024-03-14,0x6cdcb1c4a4d1c3c6d054b27ac5b77e89eafb971d,11352,0xce76e10b764de934d09883598b329498fe72d9e5,0.0,0.0,10356.098284,0,1,1710947523
2024-03-14,0x6cdcb1c4a4d1c3c6d054b27ac5b77e89eafb971d,11353,0x52e7633279802211ba4c2cef1ef0f3129fe596b1,144382.548642,144382.548642,144137.728358,1,1,1710608987
2024-03-14,0x6cdcb1c4a4d1c3c6d054b27ac5b77e89eafb971d,11371,0x623607bdf98e37163f93171c0b0d359880d1e1d0,0.0,0.0,287927.468895,0,1,1710957075
2024-03-14,0x6cdcb1c4a4d1c3c6d054b27ac5b77e89eafb971d,11387,0x7a53e106d5519afdbea37b03ba794b0e7b8f7cbf,0.0,0.0,69537.036194,0,1,1710865583
2024-03-14,0x6cdcb1c4a4d1c3c6d054b27ac5b77e89eafb971d,11399,0x28878aec6b4209d90a40890183e3322f0ae5b2e2,0.0,0.0,74154.43632,0,1,1710967323
2024-03-14,0x6cdcb1c4a4d1c3c6d054b27ac5b77e89eafb971d,11400,0x28c974c18c6553b445c4b77f35d83f3499acf58f,2.669174,2.669174,0.0,1,0,1710602837
2024-03-14,0x6cdcb1c4a4d1c3c6d054b27ac5b77e89eafb971d,11426,0x4e6fbdaf926545505f0f74aa34e74194d0a3da17,0.0,2163.40903,4312.917085,1,2,1710903875
2024-03-14,0x6cdcb1c4a4d1c3c6d054b27ac5b77e89eafb971d,11433,0xbbafc0bc7e6c9bc0ec2c3924c0db2b96a260c8ed,9145.081982,9145.081982,18229.26007,1,1,1710968911
2024-03-14,0x6cdcb1c4a4d1c3c6d054b27ac5b77e89eafb971d,11465,0x32d0516debe5b1dbc85c2b3cfb0b4a970ebcdc5e,0.0,2158.86883,4303.86435,1,2,1710904115
2024-03-14,0x6cdcb1c4a4d1c3c6d054b27ac5b77e89eafb971d,11486,0x2df1d109652fe1913b405e2b662f04df7eef75d5,0.0,0.0,3497.733162,0,1,1710418109
2024-03-14,0x6cdcb1c4a4d1c3c6d054b27ac5b77e89eafb971d,11490,0xd30801d8981df9189ca3e3708e9086491b83313b,14.337824,14.337824,13.866397,1,1,1710933985
2024-03-14,0x6cdcb1c4a4d1c3c6d054b27ac5b77e89eafb971d,11491,0xc80144c8d8f82d632a9562b5e54d3e2d17fb881c,0.0,2077.009115,4140.673063,1,2,1710904201
2024-03-14,0x6cdcb1c4a4d1c3c6d054b27ac5b77e89eafb971d,11493,0xb1c1404739d1917aff22739ae24af27d832a1dc3,0.0,2137.181048,4260.628134,1,2,1710904025
2024-03-14,0x6cdcb1c4a4d1c3c6d054b27ac5b77e89eafb971d,11496,0x884c0a25646893b90e967e74fe22e24c950703b0,0.0,2249.15612,4483.866548,1,2,1710903947
2024-03-14,0x6cdcb1c4a4d1c3c6d054b27ac5b77e89eafb971d,11503,0x73d3fe580f4e030aab88688584817a5da1fe7109,0.0,0.0,426.521963,0,1,1710756935
2024-03-14,0x6cdcb1c4a4d1c3c6d054b27ac5b77e89eafb971d,11576,0x103948c5e054ac42fc340e3622ebfaa4cf9423b1,14764.910013,14764.910013,15997.595837,1,1,1710456451
2024-03-14,0x6cdcb1c4a4d1c3c6d054b27ac5b77e89eafb971d,11659,0x9c5ececa4da47c365b12e69efc04645cd300433d,0.0,0.0,177.591022,0,1,1710387371
2024-03-14,0x6cdcb1c4a4d1c3c6d054b27ac5b77e89eafb971d,11660,0x67ef0c53d812b0a5e08adb21cba8e2cbf0a157b1,0.0,0.0,23414.706811,0,1,1710939325
2024-03-14,0x6cdcb1c4a4d1c3c6d054b27ac5b77e89eafb971d,11664,0x8f5fa47921f80109450d07081090112077951050,0.0,705.256743,1408.435287,1,2,1710382027
2024-03-14,0x6cdcb1c4a4d1c3c6d054b27ac5b77e89eafb971d,11700,0x8c8d19f13c60cec15ae53881af4004117d391e4d,4524.860859,4524.860859,4626.176844,1,1,1710600163
2024-03-14,0x6cdcb1c4a4d1c3c6d054b27ac5b77e89eafb971d,11724,0x529497b2d1dfd5c23b3680ae5e12b12cb0aa2c7a,12.323099,12.323099,0.0,1,0,1710462335
2024-03-14,0x6cdcb1c4a4d1c3c6d054b27ac5b77e89eafb971d,11725,0x0d1c41d60ef876b3244c9db50ea5c196ced8e07e,5.951161,5.951161,0.0,1,0,1710777637
2024-03-14,0x6cdcb1c4a4d1c3c6d054b27ac5b77e89eafb971d,11746,0x7f08f8b61cf2f1ce922caa9e6fbc57c7cb8a66e7,706.606542,706.606542,710.493122,1,1,1710706471
2024-03-14,0x6cdcb1c4a4d1c3c6d054b27ac5b77e89eafb971d,11751,0x12120c4443310c4667b451124516180bfd080c63,88.985961,88.985961,89.699413,1,1,1710776723
2024-03-14,0x6cdcb1c4a4d1c3c6d054b27ac5b77e89eafb971d,11776,0x9975d904aaa01d0047692043c1bbc26cf52c6ae4,0.0,0.0,1792.58227,0,1,1710781395
2024-03-14,0x6cdcb1c4a4d1c3c6d054b27ac5b77e89eafb971d,11778,0x27dddede7cbcaed61c5bd1f56b0832e8118725c3,95.751944,95.751944,96.519646,1,1,1710776839
2024-03-14,0x6cdcb1c4a4d1c3c6d054b27ac5b77e89eafb971d,11779,0xa43650cf6e75720cf06020a34cc0fbbd926aa1c5,92.138355,92.138355,92.874749,1,1,1710776625
2024-03-14,0x6cdcb1c4a4d1c3c6d054b27ac5b77e89eafb971d,11785,0x48a881c6c2ff0c962d017b2c4fb9701afbe3c5f4,983.994462,983.994462,988.341615,1,1,1710706365
2024-03-14,0x6cdcb1c4a4d1c3c6d054b27ac5b77e89eafb971d,11794,0x48a881c6c2ff0c962d017b2c4fb9701afbe3c5f4,301.909105,301.909105,385.885126,1,1,1710706371
2024-03-14,0x6cdcb1c4a4d1c3c6d054b27ac5b77e89eafb971d,11808,0xfe5e52e94970be23e55ec621b25be15d09204e5d,0.0,0.0,5786.219284,0,1,1710973621
2024-03-14,0x6cdcb1c4a4d1c3c6d054b27ac5b77e89eafb971d,11818,0x48a881c6c2ff0c962d017b2c4fb9701afbe3c5f4,287.909753,287.909753,294.853952,1,1,1710706377
2024-03-14,0x6cdcb1c4a4d1c3c6d054b27ac5b77e89eafb971d,11819,0xced114819d5e81617a072c4be84525cc668e5486,0.0,0.0,258896.005603,0,1,1710948795
2024-03-14,0x6cdcb1c4a4d1c3c6d054b27ac5b77e89eafb971d,11852,0x51e02f63fb09d00dbfb6867660e014d8d21efdae,509.802483,509.802483,521.406301,1,1,1710706417
2024-03-14,0x6cdcb1c4a4d1c3c6d054b27ac5b77e89eafb971d,11856,0x461329395d4465c19989945aada890daf2cb4cb3,21.610123,21.610123,276.061402,1,1,1710784495
2024-03-14,0x6cdcb1c4a4d1c3c6d054b27ac5b77e89eafb971d,11868,0x1ed895ada0c756864cb246afa735404edc03c520,18.747885,18.747885,0.0,1,0,1710443675
2024-03-14,0x6cdcb1c4a4d1c3c6d054b27ac5b77e89eafb971d,11926,0xc1634876892843d3f80e790baf3f05bf907e94f6,245.286914,245.286914,246.721709,1,1,1710438811
2024-03-14,0x6cdcb1c4a4d1c3c6d054b27ac5b77e89eafb971d,11927,0xc1634876892843d3f80e790baf3f05bf907e94f6,15.910572,15.910572,0.0,1,0,1710781743
2024-03-14,0x6cdcb1c4a4d1c3c6d054b27ac5b77e89eafb971d,11976,0xe19bfd9e9a4d49314321b6d65ee4149113691c68,59.466587,59.466587,0.0,1,0,1710449095
2024-03-14,0x6cdcb1c4a4d1c3c6d054b27ac5b77e89eafb971d,11978,0xa289491484414227d6a5b22fdceaf462520dfda1,0.0,0.0,0.059244,0,1,1710608281
2024-03-14,0x6cdcb1c4a4d1c3c6d054b27ac5b77e89eafb971d,11980,0xdebc75d4fd88bfcaa1bf48bdb41a185a59d6583d,0.0,0.0,721.804599,0,1,1710618133
2024-03-14,0x6cdcb1c4a4d1c3c6d054b27ac5b77e89eafb971d,12047,0xfe6f04161ee19801efd6db1f9e692984e234d99e,1294.766445,1294.766445,1294.766445,1,1,1710430767
2024-03-14,0x6cdcb1c4a4d1c3c6d054b27ac5b77e89eafb971d,12048,0x501ab5290fbdfe5167a1ec8b49a897b342765985,0.0,0.0,61291.398693,0,1,1710772835
2024-03-14,0x6cdcb1c4a4d1c3c6d054b27ac5b77e89eafb971d,12082,0x103948c5e054ac42fc340e3622ebfaa4cf9423b1,2939.616523,2939.616523,2924.0,1,1,1710456469
2024-03-14,0x6cdcb1c4a4d1c3c6d054b27ac5b77e89eafb971d,12089,0x0b5897d201d83a9fcbeefc086c100a8eaa5ada9a,2469.49078,2469.49078,2477.02405,1,1,1710929475
2024-03-14,0x6cdcb1c4a4d1c3c6d054b27ac5b77e89eafb971d,12090,0x4e51a06e4643197e1be2f050b6af60f9ad3cef06,0.0,0.0,626.835917,0,1,1710433713
2024-03-14,0x6cdcb1c4a4d1c3c6d054b27ac5b77e89eafb971d,12091,0xd5b2daf2285d0fbf2f1c2a20e2866ccf9617e83b,0.0,0.0,366311.937218,0,1,1710964241
2024-03-14,0x6cdcb1c4a4d1c3c6d054b27ac5b77e89eafb971d,12095,0x67ef0c53d812b0a5e08adb21cba8e2cbf0a157b1,0.0,0.0,3170.079583,0,1,1710939359
2024-03-14,0x6cdcb1c4a4d1c3c6d054b27ac5b77e89eafb971d,12107,0x8db743ecf3813f7bc8f142d654ae8012efaa3481,0.0,0.0,29133.305122,0,1,1710948921
2024-03-14,0x6cdcb1c4a4d1c3c6d054b27ac5b77e89eafb971d,12112,0x52dcc21458b8e79d6fd3a7de51d322a602397bbe,0.0,0.0,57297.623215,0,1,1710965827
2024-03-14,0x6cdcb1c4a4d1c3c6d054b27ac5b77e89eafb971d,12167,0xfa28883b7ee8c40c16d23fd602d961b045cf5e03,541.276606,541.276606,0.0,1,0,1710526441
2024-03-14,0x6cdcb1c4a4d1c3c6d054b27ac5b77e89eafb971d,12189,0xbcc66b1bdff6f7fc11941a6cfdbaea417df461b8,10309.937637,10309.937637,10307.937088,1,1,1710957711
2024-03-14,0x6cdcb1c4a4d1c3c6d054b27ac5b77e89eafb971d,12190,0xfe9356d85f698ce150d746a523a2ebbbb5fbcf19,2270.447278,2270.447278,3375.811356,1,1,1710389033
2024-03-14,0x6cdcb1c4a4d1c3c6d054b27ac5b77e89eafb971d,12194,0x461329395d4465c19989945aada890daf2cb4cb3,1447.197092,1447.197092,3541.082969,1,1,1710784529
2024-03-14,0x6cdcb1c4a4d1c3c6d054b27ac5b77e89eafb971d,12217,0xc3f88cbfaa7135539b5e0188a4224b83fca1c097,2.689328,2.689328,0.0,1,0,1710715097
2024-03-14,0x6cdcb1c4a4d1c3c6d054b27ac5b77e89eafb971d,12218,0x461329395d4465c19989945aada890daf2cb4cb3,1113.150843,1113.150843,2723.623002,1,1,1710784627
2024-03-14,0x6cdcb1c4a4d1c3c6d054b27ac5b77e89eafb971d,12220,0x7264a62ae2f2bbe5fe003f29108afb3c3da0bc16,3506.999722,7014.160347,7137.146688,2,2,1710678285
2024-03-14,0x6cdcb1c4a4d1c3c6d054b27ac5b77e89eafb971d,12303,0x0b0811d3d8342063db74b45a4344cdbee6389bdb,3.801183,3.801183,0.0,1,0,1710645871
2024-03-14,0x6cdcb1c4a4d1c3c6d054b27ac5b77e89eafb971d,12307,0xee4d973a7972935b0d613dc70f9e666a5e45a7ba,94.240686,94.240686,187.347042,1,1,1710888533
2024-03-14,0x6cdcb1c4a4d1c3c6d054b27ac5b77e89eafb971d,12337,0x06785b956e25530e6bfd8e9a494517e14989520d,0.0,0.0,0.267266,0,1,1710593997
2024-03-14,0x6cdcb1c4a4d1c3c6d054b27ac5b77e89eafb971d,12340,0x3fe0c9e9b0d2bee9cf82405e31a75555016eeb16,1.346993,1.346993,10.314278,1,1,1710687653
2024-03-14,0x6cdcb1c4a4d1c3c6d054b27ac5b77e89eafb971d,12345,0x068279f9b20d37d013b9401f165ec03c1d69d33f,0.0,0.0,2500.0,0,1,1710731037
2024-03-14,0x6cdcb1c4a4d1c3c6d054b27ac5b77e89eafb971d,12347,0x6c445380d8d58caa3bbec9749106093b7d3e44f2,0.0,0.0,2500.0,0,1,1710734023
2024-03-14,0x6cdcb1c4a4d1c3c6d054b27ac5b77e89eafb971d,12365,0x4569c4f05d70eb110c93ee8840925754a8978c78,243.381108,486.762335,491.724791,2,2,1710661867
2024-03-14,0x6cdcb1c4a4d1c3c6d054b27ac5b77e89eafb971d,12375,0xaa6c0dc7e247897d3e9130d39ace21e25386a884,0.0,0.0,0.40514,0,1,1710428317
2024-03-14,0x6cdcb1c4a4d1c3c6d054b27ac5b77e89eafb971d,12378,0x1fe32eab2c750c58c1af19d1e237f109ec27acaf,52.2147,52.2147,54.272176,1,1,1710821755
2024-03-14,0x6cdcb1c4a4d1c3c6d054b27ac5b77e89eafb971d,12385,0xebef259eb650590749c405dae136c9ca6ba05720,29.551765,29.551765,9.976528,1,1,1710703937
2024-03-14,0x6cdcb1c4a4d1c3c6d054b27ac5b77e89eafb971d,12402,0x0bd96a22e18069b3eb4de87627740fb80e4cc1bb,493.628056,493.628056,495.730843,1,1,1710426765
2024-03-14,0x6cdcb1c4a4d1c3c6d054b27ac5b77e89eafb971d,12417,0x52e7633279802211ba4c2cef1ef0f3129fe596b1,50908.84574,50908.84574,50822.522856,1,1,1710608973
2024-03-14,0x6cdcb1c4a4d1c3c6d054b27ac5b77e89eafb971d,12421,0x20a247cd693eaa63ac3ecd8572bed4ca221adfa9,0.0,0.0,2859.997305,0,1,1710958035
2024-03-14,0x6cdcb1c4a4d1c3c6d054b27ac5b77e89eafb971d,12445,0x5bb859265d6e1c578bc299cacf5216ba0de229c2,113.525965,113.525965,119.287551,1,1,1710602641
2024-03-14,0x6cdcb1c4a4d1c3c6d054b27ac5b77e89eafb971d,12451,0x5e146d2571e42e2b84f06fd8a420264033931f6a,0.0,0.0,25537.537712,0,1,1710975175
2024-03-14,0x6cdcb1c4a4d1c3c6d054b27ac5b77e89eafb971d,12452,0xc2deeee32d10c098289865b0d6f5e0418a059ab6,0.0,0.0,40475.298471,0,1,1710973957
2024-03-14,0x6cdcb1c4a4d1c3c6d054b27ac5b77e89eafb971d,12453,0xa2eb534609008e83ab8c8ced01e4f9dca3a58b6a,0.0,0.0,31386.463111,0,1,1710973553
2024-03-14,0x6cdcb1c4a4d1c3c6d054b27ac5b77e89eafb971d,12454,0xae2adf9a0727e69b6f5105d183e684894a75d39a,24.042676,24.042676,49.511207,1,1,1710808387
2024-03-14,0x6cdcb1c4a4d1c3c6d054b27ac5b77e89eafb971d,12465,0x8f97f52b0040476f8b255750cdcaf1082f85b5c2,98.255623,98.255623,0.0,1,0,1710912105
2024-03-14,0x6cdcb1c4a4d1c3c6d054b27ac5b77e89eafb971d,12468,0x8dfa9eb8661076f475494dc54f19053944333da6,0.0,0.0,28048.366798,0,1,1710394393
2024-03-14,0x6cdcb1c4a4d1c3c6d054b27ac5b77e89eafb971d,12470,0xf30d83bc83b8750702902e6344f423cb6e64014d,69.9184,69.9184,0.0,1,0,1710888277
2024-03-14,0x6cdcb1c4a4d1c3c6d054b27ac5b77e89eafb971d,12472,0x18a6b805bbee907c955ce2328ce8931c3998902e,0.0,0.0,162.901248,0,1,1710783109
2024-03-14,0x6cdcb1c4a4d1c3c6d054b27ac5b77e89eafb971d,12474,0x571e59872aba2fd463b9e858be7bfb51a7e62d15,0.0,0.0,0.686234,0,1,1710402693
2024-03-14,0x6cdcb1c4a4d1c3c6d054b27ac5b77e89eafb971d,12498,0x35fb78bfb4452e7fa0ef231d2ec5268b463e4f62,647.553373,1294.481967,1301.153824,2,2,1710428655
2024-03-14,0x6cdcb1c4a4d1c3c6d054b27ac5b77e89eafb971d,12508,0x057dff4ff3a20c986dbb88d85f9e4ebdafbcf4cd,0.0,0.0,617.701927,0,1,1710408321
2024-03-14,0x6cdcb1c4a4d1c3c6d054b27ac5b77e89eafb971d,12517,0xabd5c7513b135cfc760447519b8511864691b67e,0.0,0.0,1189.920531,0,1,1710602783
2024-03-14,0x6cdcb1c4a4d1c3c6d054b27ac5b77e89eafb971d,12524,0x7f28afe146f7a81fe97c6c2fab9acf2ea9f8eb7e,0.0,0.0,3968.756374,0,1,1710428397
2024-03-14,0x6cdcb1c4a4d1c3c6d054b27ac5b77e89eafb971d,12536,0x1af88f5f269c642b3609c7e20f7b69a5c0feee07,0.0,0.0,1316.399722,0,1,1710973147
2024-03-14,0x6cdcb1c4a4d1c3c6d054b27ac5b77e89eafb971d,12537,0x43b2f09af118e01da1ac5c9af1176792b0f41759,0.0,0.0,1684.916331,0,1,1710962565
2024-03-14,0x6cdcb1c4a4d1c3c6d054b27ac5b77e89eafb971d,12545,0x8e111ebf4e6cf4a183f85f0b960751b178a3cbf2,347.423935,675.663314,328.23938,2,1,1710868781
2024-03-14,0x6cdcb1c4a4d1c3c6d054b27ac5b77e89eafb971d,12575,0x8cd2240e3d9bdb9725350a6fb69efc3a5aa2baa6,0.0,0.0,27.345357,0,1,1710488343
2024-03-14,0x6cdcb1c4a4d1c3c6d054b27ac5b77e89eafb971d,12576,0xe2fc1248db04df56b90d9a1150a528cb63fa273e,0.0,0.0,250.0,0,1,1710888245
2024-03-14,0x6cdcb1c4a4d1c3c6d054b27ac5b77e89eafb971d,12589,0x353c82aeafd7680e57f60a6cfdd3154c9838993c,0.74406,0.74406,0.753173,1,1,1710934667
2024-03-14,0x6cdcb1c4a4d1c3c6d054b27ac5b77e89eafb971d,12599,0xf08dd5062629700f89a8e5528a0cf3794093eb5d,0.0,0.0,0.055825,0,1,1710772455
2024-03-14,0x6cdcb1c4a4d1c3c6d054b27ac5b77e89eafb971d,12628,0xdc0c587e811330c11e3e80caab1961fa85cadd81,135.242701,135.242701,139.750194,1,1,1710421699
2024-03-14,0x6cdcb1c4a4d1c3c6d054b27ac5b77e89eafb971d,12630,0x0e06a299e3af15a4e12fc5caee9de36e7e5fcd22,989.922345,989.922345,1978.845572,1,1,1710502873
2024-03-14,0x6cdcb1c4a4d1c3c6d054b27ac5b77e89eafb971d,12661,0x0ea1e9ac50ec4d8db153580c2aec1c5ee13c0961,3935.459655,3935.459655,1953.230785,1,1,1710420447
2024-03-14,0x6cdcb1c4a4d1c3c6d054b27ac5b77e89eafb971d,12675,0x9914d914294630b9f51be76b2f9a34c2a6282d1b,0.0,0.0,47.318597,0,1,1710401855
2024-03-14,0x6cdcb1c4a4d1c3c6d054b27ac5b77e89eafb971d,12677,0x1bccc3dc32d6977ca14beff7a2130f578620cdb3,17848.13478,17848.13478,17916.34931,1,1,1710472947
2024-03-14,0x6cdcb1c4a4d1c3c6d054b27ac5b77e89eafb971d,12693,0xc9290c23afaf9c9413f9e05c66dbf6f7558b0978,18608.990058,18608.990058,18660.803686,1,1,1710760785
2024-03-14,0x6cdcb1c4a4d1c3c6d054b27ac5b77e89eafb971d,12721,0x20e15d92e005b4d5e48c8cae3cf2e0e109ea9ead,17.466365,17.466365,17.591909,1,1,1710744205
2024-03-14,0x6cdcb1c4a4d1c3c6d054b27ac5b77e89eafb971d,12725,0x25aa0312ceb7ddd49629fe78a8507c9982d3c551,0.0,0.0,60.800471,0,1,1710796205
2024-03-14,0x6cdcb1c4a4d1c3c6d054b27ac5b77e89eafb971d,12729,0xac054070076f2dea06f2334223fe6d36c1cd97d1,0.0,0.0,2.209469,0,1,1710534121
2024-03-14,0x6cdcb1c4a4d1c3c6d054b27ac5b77e89eafb971d,12737,0xdc44fd0fcc2b25cc6a7dadd3054042368fdc6dc4,0.0,0.0,427.990832,0,1,1710381699
2024-03-14,0x6cdcb1c4a4d1c3c6d054b27ac5b77e89eafb971d,12747,0x5eb8dfdd34838f298be8f251988e4942d950d2fd,0.0,0.0,1424.43,0,1,1710971719
2024-03-14,0x6cdcb1c4a4d1c3c6d054b27ac5b77e89eafb971d,12749,0x9057172e5c9c22b69be030c3fe832136dbaaf622,10684.444406,10684.444406,10706.794195,1,1,1710378523
2024-03-14,0x6cdcb1c4a4d1c3c6d054b27ac5b77e89eafb971d,12762,0x1a75ed885680fd218e4481ef53ad16b25e563baa,0.0,0.0,467.975076,0,1,1710384251
2024-03-14,0x6cdcb1c4a4d1c3c6d054b27ac5b77e89eafb971d,12768,0xff020680284f9e941aba0cbafcd57de78e01c828,16.577235,16.577235,6.465392,1,1,1710556365
2024-03-14,0x6cdcb1c4a4d1c3c6d054b27ac5b77e89eafb971d,12773,0xb877df08df30c41e41ecd6b21368678aa78b80ba,24.830866,24.830866,49.849139,1,1,1710488259
2024-03-14,0x6cdcb1c4a4d1c3c6d054b27ac5b77e89eafb971d,12777,0xf3e11d89b07e738f31de12e8d8cfa0eac7867a37,2.792106,2.792106,2.157358,1,1,1710511913
2024-03-14,0x6cdcb1c4a4d1c3c6d054b27ac5b77e89eafb971d,12779,0x324a41726830f8ab82d3d0b52d61c03b49db7ea4,0.0,0.0,13.7895,0,1,1710397377
2024-03-14,0x6cdcb1c4a4d1c3c6d054b27ac5b77e89eafb971d,12782,0x8d641548d1ed49994b0cc54cad6df78331139511,41.511831,41.511831,46.575407,1,1,1710506921
2024-03-14,0x6cdcb1c4a4d1c3c6d054b27ac5b77e89eafb971d,12784,0xccd8550fddedec66075f689464fde8a38ebe257f,29.746354,29.746354,0.0,1,0,1710490531
2024-03-14,0x6cdcb1c4a4d1c3c6d054b27ac5b77e89eafb971d,12785,0x710c8cf05fdfd4ed321f060f4988629da42b52eb,0.0,0.0,824.680826,0,1,1710930889
2024-03-14,0x6cdcb1c4a4d1c3c6d054b27ac5b77e89eafb971d,12792,0x7540213863a7c8a7a7eabf52f0aa55e1a0b109c8,0.0,0.0,10.725976,0,1,1710430379
2024-03-14,0x6cdcb1c4a4d1c3c6d054b27ac5b77e89eafb971d,12795,0xf2a7176969a7668001aa94a7438b3d4bd703bbb5,0.0,0.0,0.83142,0,1,1710857441
2024-03-14,0x6cdcb1c4a4d1c3c6d054b27ac5b77e89eafb971d,12804,0x547b36b9710b5fdbcd89abf983c2b944bfc6c073,0.0,0.0,645.003168,0,1,1710855457
2024-03-14,0x6cdcb1c4a4d1c3c6d054b27ac5b77e89eafb971d,12808,0xf89920c0df5f4bf9c1d51df38d060838716f1b61,14883.304438,14883.304438,14947.300823,1,1,1710405363
2024-03-14,0x6cdcb1c4a4d1c3c6d054b27ac5b77e89eafb971d,12817,0xd813bc26e0bef80430192007d6815aaad533a86b,0.0,0.0,9.615715,0,1,1710379201
2024-03-14,0x6cdcb1c4a4d1c3c6d054b27ac5b77e89eafb971d,12826,0xf3dc7968109fced2538bf6d7ad60e85481994d86,0.0,0.0,5.728122,0,1,1710412537
2024-03-14,0x6cdcb1c4a4d1c3c6d054b27ac5b77e89eafb971d,12834,0xe211cc9c8bcc94a92700af45cb7e07443df678ec,0.0,0.0,1569.0,0,1,1710399837
2024-03-14,0x6cdcb1c4a4d1c3c6d054b27ac5b77e89eafb971d,12844,0xced1631b15c6675c5034ef4f5657b44d57ee05b5,0.0,0.0,1.212826,0,1,1710458693
2024-03-14,0x6cdcb1c4a4d1c3c6d054b27ac5b77e89eafb971d,12848,0xa93205ba7726f5b0eb8d42fbed2698c50b32d4d7,0.21247,0.21247,0.0,1,0,1710705067
2024-03-14,0x6cdcb1c4a4d1c3c6d054b27ac5b77e89eafb971d,12860,0x5a60ca1c5b343826007b6dea657cf4f4a29ce054,226.345559,226.345559,0.0,1,0,1710516991
2024-03-14,0x6cdcb1c4a4d1c3c6d054b27ac5b77e89eafb971d,12865,0x96c77f3944d4b1ab59252c12e798e51301b5936e,0.0,0.0,55.448495,0,1,1710930653
2024-03-14,0x6cdcb1c4a4d1c3c6d054b27ac5b77e89eafb971d,12867,0xb41e0a6bc73f238e52b359b62de2ae69b3411b0e,7.082012,7.082012,2.054262,1,1,1710661189
2024-03-14,0x6cdcb1c4a4d1c3c6d054b27ac5b77e89eafb971d,12870,0xc8f566901b02bf19154ce056977c814569693ee3,248.83212,248.83212,251.809369,1,1,1710435321
2024-03-14,0x6cdcb1c4a4d1c3c6d054b27ac5b77e89eafb971d,12873,0xf0ac8a7b877b387b1402ffc9f0e12362c6f50488,384.995095,384.995095,0.0,1,0,1710394075
2024-03-14,0x6cdcb1c4a4d1c3c6d054b27ac5b77e89eafb971d,12875,0x96fc9cf2705ab3780caa42965f9c9450f4424e58,0.0,0.0,438.818681,0,1,1710410635
2024-03-14,0x6cdcb1c4a4d1c3c6d054b27ac5b77e89eafb971d,12879,0xec125008897eb009f55cd2525d3efc4fc9603ae1,16.283596,16.283596,0.0,1,0,1710397373
2024-03-14,0x6cdcb1c4a4d1c3c6d054b27ac5b77e89eafb971d,12882,0xb480a7024d4b92650daf86bc49d1a24bb6177f02,0.0,0.0,0.877606,0,1,1710407527
2024-03-14,0x6cdcb1c4a4d1c3c6d054b27ac5b77e89eafb971d,12888,0x8609b137d77b0bfd0799f1a1a9f078c798f6fb79,229.789781,229.789781,261.787761,1,1,1710440361
2024-03-14,0x6cdcb1c4a4d1c3c6d054b27ac5b77e89eafb971d,12890,0xe8acafe8168153a0b0e5520c0bbdf1e8e0460322,116.439976,116.439976,118.352904,1,1,1710383773
2024-03-14,0x6cdcb1c4a4d1c3c6d054b27ac5b77e89eafb971d,12893,0xdf0093104d66509b35411815d7b29c40c16c9578,2639.976491,2639.976491,3034.754884,1,1,1710525169
2024-03-14,0x6cdcb1c4a4d1c3c6d054b27ac5b77e89eafb971d,12899,0x924b718e82301dc926f1f0e846bb54492f2689da,0.0,0.0,80.765281,0,1,1710526417
2024-03-14,0x6cdcb1c4a4d1c3c6d054b27ac5b77e89eafb971d,12901,0xc22493d981e39223bafb371a604b7dd4bf5ccd9a,6.021883,6.021883,6.310089,1,1,1710526349
2024-03-14,0x6cdcb1c4a4d1c3c6d054b27ac5b77e89eafb971d,12903,0xa670ebdaaa258311a7c33a5bf795f07b97c83430,0.431239,0.431239,0.483956,1,1,1710749177
2024-03-14,0x6cdcb1c4a4d1c3c6d054b27ac5b77e89eafb971d,12904,0x8e111ebf4e6cf4a183f85f0b960751b178a3cbf2,24.971228,24.971228,24.979801,1,1,1710387039
2024-03-14,0x6cdcb1c4a4d1c3c6d054b27ac5b77e89eafb971d,12906,0xdcdf1a1bc92b7eece8b09ab814ce1dee9b84b930,20.443329,48.062907,39.367399,2,2,1710856201
2024-03-14,0x6cdcb1c4a4d1c3c6d054b27ac5b77e89eafb971d,12927,0x0c17e90b95a16ba2b41fbc4e7950e6eba13f85c6,24881.235559,24881.235559,0.0,1,0,1710805935
2024-03-14,0x6cdcb1c4a4d1c3c6d054b27ac5b77e89eafb971d,12933,0xa44cae75f28063238eedb703d1d2e6035891852a,91.242437,91.242437,101.024124,1,1,1710542977
2024-03-14,0x6cdcb1c4a4d1c3c6d054b27ac5b77e89eafb971d,12937,0xab861c5b90527e2497d1999624a3682c84b386b5,0.0,0.0,0.818757,0,1,1710388515
2024-03-14,0x6cdcb1c4a4d1c3c6d054b27ac5b77e89eafb971d,12944,0xe5767ade043d95c35e9723f7a463d25278ce6d4b,11.611766,11.611766,11.647824,1,1,1710579859
2024-03-14,0x6cdcb1c4a4d1c3c6d054b27ac5b77e89eafb971d,12950,0x52e7633279802211ba4c2cef1ef0f3129fe596b1,0.0,0.0,750.434742,0,1,1710378019
2024-03-14,0x6cdcb1c4a4d1c3c6d054b27ac5b77e89eafb971d,12952,0x1539dacf6d52b19b9081b06cfa79bdefa599b42d,55.026559,55.026559,74.275307,1,1,1710535901
2024-03-14,0x6cdcb1c4a4d1c3c6d054b27ac5b77e89eafb971d,12954,0x2089035369b33403ddcaba6258c34e0b3ffbbbd9,84.314348,84.314348,118.282661,1,1,1710434607
2024-03-14,0x6cdcb1c4a4d1c3c6d054b27ac5b77e89eafb971d,12961,0x32044b9d572d61602eeb3b6af5c7bfcdb8bb8c32,135.613948,135.613948,163.948668,1,1,1710564987
2024-03-14,0x6cdcb1c4a4d1c3c6d054b27ac5b77e89eafb971d,12963,0x3e0173692b112984b89c166ce5f3e5ecafbe2c5f,74.455771,222.004471,158.921959,4,4,1710723081
2024-03-14,0x6cdcb1c4a4d1c3c6d054b27ac5b77e89eafb971d,12966,0x5498dcce3727bf9b638a9f1343bbbfdf2846a86b,0.0,0.0,688.104127,0,1,1710397341
2024-03-14,0x6cdcb1c4a4d1c3c6d054b27ac5b77e89eafb971d,12971,0x8e8cf3897eb13389598d3a5550d52dd0d9afa084,0.0,0.0,1.159489,0,1,1710516487
2024-03-14,0x6cdcb1c4a4d1c3c6d054b27ac5b77e89eafb971d,12972,0xb957dccaa1ccfb1eb78b495b499801d591d8a403,149.481996,149.481996,12.478191,1,1,1710464421
2024-03-14,0x6cdcb1c4a4d1c3c6d054b27ac5b77e89eafb971d,12976,0x16a0f7e9caa22fdf761d0f233e7e32ab3371d3bb,0.0,0.0,0.954631,0,1,1710416365
2024-03-14,0x6cdcb1c4a4d1c3c6d054b27ac5b77e89eafb971d,12980,0x555949adeeaedd22d9c41de10966f32eb6884507,7.936605,11.999294,7.057257,2,2,1710871783
2024-03-14,0x6cdcb1c4a4d1c3c6d054b27ac5b77e89eafb971d,13017,0x36bbac06789cc3f54eacec60945d08526eb2f1c1,0.0,0.0,4802.787123,0,1,1710928995
2024-03-14,0x6cdcb1c4a4d1c3c6d054b27ac5b77e89eafb971d,13024,0x312903061eaa7e0bc007c33109b030cdd7ba581b,15.555353,15.555353,15.577524,1,1,1710430567
2024-03-14,0x6cdcb1c4a4d1c3c6d054b27ac5b77e89eafb971d,13025,0xd66fa7a53803e34fad9a0ecbd52111e93d0b3542,54.163682,54.163682,54.272459,1,1,1710542139
2024-03-14,0x6cdcb1c4a4d1c3c6d054b27ac5b77e89eafb971d,13034,0x1dcd8ca4bfaf6136abe6dad42f0bd7cdd819de54,45.867169,45.867169,12.285329,1,1,1710425365
2024-03-14,0x6cdcb1c4a4d1c3c6d054b27ac5b77e89eafb971d,13039,0x8660cb310bcfd354b1ccfb08199bb607da6c7390,6.583722,6.583722,0.0,1,0,1710697917
2024-03-14,0x6cdcb1c4a4d1c3c6d054b27ac5b77e89eafb971d,13048,0x891bbb39008e402ae7272f4ab526bdc364743f5c,83.523823,83.523823,0.0,1,0,1710443037
2024-03-14,0x6cdcb1c4a4d1c3c6d054b27ac5b77e89eafb971d,13054,0x3c593ac043608c11ecb02cf1240c178735278c33,99.477324,99.477324,15.266289,1,1,1710688125
2024-03-14,0x6cdcb1c4a4d1c3c6d054b27ac5b77e89eafb971d,13055,0xcec0b836e4f30ed051557c0f7daaf1e45570421f,0.0,0.0,147.501677,0,1,1710490257
2024-03-14,0x6cdcb1c4a4d1c3c6d054b27ac5b77e89eafb971d,13056,0x375961e2ffd0b8b77527db297a22270c26a7e46d,2.870338,2.870338,2.880294,1,1,1710779761
2024-03-14,0x6cdcb1c4a4d1c3c6d054b27ac5b77e89eafb971d,13080,0x347d2cd21a9191dfa6ff66c8787da26330cbf117,2602.169417,2602.169417,5196.360616,1,1,1710389675
2024-03-14,0x6cdcb1c4a4d1c3c6d054b27ac5b77e89eafb971d,13081,0x5173071530a76006ade5e719fc813e8f37087100,45.766441,45.766441,48.140835,1,1,1710567123
2024-03-14,0x6cdcb1c4a4d1c3c6d054b27ac5b77e89eafb971d,13085,0x3a8b8b717054410f38508ddee7a43e4f73d1ce8e,28.338278,28.338278,0.0,1,0,1710400759
2024-03-14,0x6cdcb1c4a4d1c3c6d054b27ac5b77e89eafb971d,13086,0x3a8b8b717054410f38508ddee7a43e4f73d1ce8e,49.475741,148.717213,99.241472,3,2,1710956703
2024-03-14,0x6cdcb1c4a4d1c3c6d054b27ac5b77e89eafb971d,13087,0x3a8b8b717054410f38508ddee7a43e4f73d1ce8e,35.959864,35.959864,0.0,1,0,1710400877
2024-03-14,0x6cdcb1c4a4d1c3c6d054b27ac5b77e89eafb971d,13088,0x5173071530a76006ade5e719fc813e8f37087100,16.333912,16.333912,24.152437,1,1,1710567115
2024-03-14,0x6cdcb1c4a4d1c3c6d054b27ac5b77e89eafb971d,13097,0x635ad0386b71f250987a44ea91b11a3c1190cefb,1.014722,1.014722,0.0,1,0,1710379705
2024-03-14,0x6cdcb1c4a4d1c3c6d054b27ac5b77e89eafb971d,13104,0x2f4dd53766f745658ceea422771346f7380e3396,131.242746,175.381818,44.139071,2,1,1710903905
2024-03-14,0x6cdcb1c4a4d1c3c6d054b27ac5b77e89eafb971d,13105,0xdc44fd0fcc2b25cc6a7dadd3054042368fdc6dc4,3867.969963,3867.969963,0.0,1,0,1710381897
2024-03-14,0x6cdcb1c4a4d1c3c6d054b27ac5b77e89eafb971d,13106,0x4e2cc632afabab2bf0ba21f1e39ca26162439ab4,1258.29674,1258.29674,0.0,1,0,1710897279
2024-03-14,0x6cdcb1c4a4d1c3c6d054b27ac5b77e89eafb971d,13107,0x873e748f845c6905683cea7f0fbbef1c631008b5,10.286549,10.286549,0.0,1,0,1710383487
2024-03-14,0x6cdcb1c4a4d1c3c6d054b27ac5b77e89eafb971d,13108,0x1a75ed885680fd218e4481ef53ad16b25e563baa,235.737332,235.737332,0.0,1,0,1710384463
2024-03-14,0x6cdcb1c4a4d1c3c6d054b27ac5b77e89eafb971d,13111,0xe2de9ecea26e535c15bb0824540962d554e5f26a,13.975437,13.975437,0.0,1,0,1710531119
2024-03-14,0x6cdcb1c4a4d1c3c6d054b27ac5b77e89eafb971d,13112,0xdcdf1a1bc92b7eece8b09ab814ce1dee9b84b930,46.829494,46.829494,0.0,1,0,1710388361
2024-03-14,0x6cdcb1c4a4d1c3c6d054b27ac5b77e89eafb971d,13114,0x93c04296131790da51b19ed76a7e56631d6200da,19.942863,19.942863,0.0,1,0,1710389173
2024-03-14,0x6cdcb1c4a4d1c3c6d054b27ac5b77e89eafb971d,13115,0x4b4d02498cb1476b5e49124e768f702a04c799f7,72.322489,72.322489,0.0,1,0,1710389703
2024-03-14,0x6cdcb1c4a4d1c3c6d054b27ac5b77e89eafb971d,13117,0x30b5271b22ad9466b7ba42248e94eacd9b9e08bb,0.28701,0.28701,0.0,1,0,1710391079
2024-03-14,0x6cdcb1c4a4d1c3c6d054b27ac5b77e89eafb971d,13118,0x6d3c1187a60b672c1aecb43a5aaea9abeec2b298,0.218166,0.298226,0.08006,2,1,1710867477
2024-03-14,0x6cdcb1c4a4d1c3c6d054b27ac5b77e89eafb971d,13119,0x3ba8107b19e562664a695a5dda1abd00b21702ca,0.567617,0.567617,0.0,1,0,1710393997
2024-03-14,0x6cdcb1c4a4d1c3c6d054b27ac5b77e89eafb971d,13120,0x3a9a4c8815f94ed7c5361a12c496d3dcf152aa2d,0.85713,1.714342,0.857212,2,1,1710394767
2024-03-14,0x6cdcb1c4a4d1c3c6d054b27ac5b77e89eafb971d,13121,0x94939ef6acaed999a9843a57c3764d4cd214c12a,1.710499,1.710499,0.0,1,0,1710395029
2024-03-14,0x6cdcb1c4a4d1c3c6d054b27ac5b77e89eafb971d,13123,0x81599283103975ce6393d0846f93d312a512eb53,1.342848,1.342848,0.0,1,0,1710399111
2024-03-14,0x6cdcb1c4a4d1c3c6d054b27ac5b77e89eafb971d,13124,0x1c9ab69c9225977cfad1e64eca4733f1195196c6,3.219726,3.219726,0.0,1,0,1710398987
2024-03-14,0x6cdcb1c4a4d1c3c6d054b27ac5b77e89eafb971d,13128,0x9914d914294630b9f51be76b2f9a34c2a6282d1b,997.037743,997.037743,0.0,1,0,1710402471
2024-03-14,0x6cdcb1c4a4d1c3c6d054b27ac5b77e89eafb971d,13130,0x7ccafeb9dce6916bfde3b24e9fd6d95eb1d873b7,207.964944,207.964944,0.0,1,0,1710406599
2024-03-14,0x6cdcb1c4a4d1c3c6d054b27ac5b77e89eafb971d,13131,0xc9bfa72243fa8dd026a9782d785a7a1cfbd72d5c,1.663128,1.663128,0.0,1,0,1710406085
2024-03-14,0x6cdcb1c4a4d1c3c6d054b27ac5b77e89eafb971d,13134,0xf3dc7968109fced2538bf6d7ad60e85481994d86,7.514335,7.514335,0.0,1,0,1710412321
2024-03-14,0x6cdcb1c4a4d1c3c6d054b27ac5b77e89eafb971d,13135,0x3cf92dbea5b0cf35fa99df213c38063bb42df5f4,2.691786,2.691786,0.0,1,0,1710412577
2024-03-14,0x6cdcb1c4a4d1c3c6d054b27ac5b77e89eafb971d,13136,0xf3dc7968109fced2538bf6d7ad60e85481994d86,14.429308,14.429308,0.0,1,0,1710412719
2024-03-14,0x6cdcb1c4a4d1c3c6d054b27ac5b77e89eafb971d,13138,0xf27e7ce47b8c79464fc7d44c6ce00727705cce39,7.514477,7.514477,0.0,1,0,1710415747
2024-03-14,0x6cdcb1c4a4d1c3c6d054b27ac5b77e89eafb971d,13140,0x30cc50946f52a5c043fe8b1ccd43f4fa295d5a99,298.88897,298.88897,0.0,1,0,1710417869
2024-03-14,0x6cdcb1c4a4d1c3c6d054b27ac5b77e89eafb971d,13142,0x1484f25312e690dc12247a569843a4dcdf19af39,0.953364,0.953364,0.0,1,0,1710469319
2024-03-14,0x6cdcb1c4a4d1c3c6d054b27ac5b77e89eafb971d,13147,0x0ecd10a52887b1532e2610400ae879a263cd332d,59.070076,59.070076,0.0,1,0,1710732753
2024-03-14,0x6cdcb1c4a4d1c3c6d054b27ac5b77e89eafb971d,13156,0x34ff1613edb98df7d833b7dfaeba71ebbc877018,0.707121,0.707121,0.0,1,0,1710435237
2024-03-14,0x6cdcb1c4a4d1c3c6d054b27ac5b77e89eafb971d,13158,0x4df66d4ab81fd9ba58bdbc49e0eebeb6f4fdd7e9,2.348506,2.348506,0.0,1,0,1710435901
2024-03-14,0x6cdcb1c4a4d1c3c6d054b27ac5b77e89eafb971d,13161,0x70dea706d3dad7f5b89ef08f1ff5a2ff297073a7,5.915265,5.915265,0.0,1,0,1710439735
2024-03-14,0x6cdcb1c4a4d1c3c6d054b27ac5b77e89eafb971d,13165,0x71a3679fa305690ae4f6ba260308e516051c4ceb,0.489214,0.489214,0.0,1,0,1710440967
2024-03-14,0x6cdcb1c4a4d1c3c6d054b27ac5b77e89eafb971d,13166,0x091a53446383ac947d83dff4ddedb57c1d1f81c9,99.670741,99.670741,0.0,1,0,1710444141
2024-03-14,0x6cdcb1c4a4d1c3c6d054b27ac5b77e89eafb971d,13167,0x69c76a5ab624162a44238a9cec488ed25102009a,80.446363,80.446363,0.0,1,0,1710743687
2024-03-14,0x6cdcb1c4a4d1c3c6d054b27ac5b77e89eafb971d,13169,0x8ef9d1e54e2aba1dfae6faaeb316253729f6bdc5,44.65281,44.65281,0.0,1,0,1710449679
2024-03-14,0x6cdcb1c4a4d1c3c6d054b27ac5b77e89eafb971d,13171,0xbf142ce019be86462e6beb63e06711a586aa58ec,1.281745,1.281745,0.0,1,0,1710769511
2024-03-14,0x6cdcb1c4a4d1c3c6d054b27ac5b77e89eafb971d,13172,0x1e1a0c1296c08598141a01b5f21e6bac42556567,1.333903,1.333903,0.0,1,0,1710451769
2024-03-14,0x6cdcb1c4a4d1c3c6d054b27ac5b77e89eafb971d,13174,0x4f64c6b8333f74890b0ba0af4d480d8ecce01e17,17.155582,17.155582,0.0,1,0,1710455591
2024-03-14,0x6cdcb1c4a4d1c3c6d054b27ac5b77e89eafb971d,13176,0x5ff6ad4ee6997c527cf9d6f2f5e82e68bf775649,0.041181,0.041181,0.0,1,0,1710459721
2024-03-14,0x6cdcb1c4a4d1c3c6d054b27ac5b77e89eafb971d,13184,0x988ef20f01dd17ca87ebcc155ccc82b10a196474,0.040477,0.040477,0.0,1,0,1710468607
2024-03-14,0x6cdcb1c4a4d1c3c6d054b27ac5b77e89eafb971d,13185,0xde0a6e1a3cd5ece4ce25dbfa76142c127a52ff8c,0.003757,0.003757,0.0,1,0,1710469651
2024-03-14,0x6cdcb1c4a4d1c3c6d054b27ac5b77e89eafb971d,13189,0x14bcd8182cdebcd186e0c619c5b1d309d89cd673,552.352576,552.352576,0.0,1,0,1710485587
2024-03-14,0x6cdcb1c4a4d1c3c6d054b27ac5b77e89eafb971d,13193,0x8de455e075aa24d7e4f31f5def441629176b8229,14.648544,14.648544,0.0,1,0,1710474693
2024-03-14,0x6cdcb1c4a4d1c3c6d054b27ac5b77e89eafb971d,13194,0xdc0c587e811330c11e3e80caab1961fa85cadd81,1.219637,1.219637,0.0,1,0,1710512323
2024-03-14,0x6cdcb1c4a4d1c3c6d054b27ac5b77e89eafb971d,13201,0xd43799af9ff8397f89501c987f8b0754ed9fbaa2,0.185086,0.185086,0.0,1,0,1710481787
2024-03-14,0x6cdcb1c4a4d1c3c6d054b27ac5b77e89eafb971d,13205,0x9779f98fdd4e410287e1a7db1d538c66fe1df6ad,5.478627,5.478627,0.0,1,0,1710489947
2024-03-14,0x6cdcb1c4a4d1c3c6d054b27ac5b77e89eafb971d,13210,0x7d4218c79e2a0d15b00ff8f85a075541df647f1c,1.143235,1.143235,0.0,1,0,1710497631
2024-03-14,0x6cdcb1c4a4d1c3c6d054b27ac5b77e89eafb971d,13211,0xaa4e9c738944431b115e0203fada90a349584a74,2.045949,2.045949,0.0,1,0,1710503641
2024-03-14,0x6cdcb1c4a4d1c3c6d054b27ac5b77e89eafb971d,13215,0xe1420508b9600855d55cdb38042bec9490c399e4,6.658675,6.658675,0.0,1,0,1710509761
2024-03-14,0x6cdcb1c4a4d1c3c6d054b27ac5b77e89eafb971d,13221,0xc90f5ca7e47fd5dc3dc803f3797099c99746fffc,2.969493,2.969493,0.0,1,0,1710511049
2024-03-14,0x6cdcb1c4a4d1c3c6d054b27ac5b77e89eafb971d,13226,0x8ad9bf881ad64a70789f4a481973bb0df0724f30,32.552758,32.552758,0.0,1,0,1710524985
2024-03-14,0x6cdcb1c4a4d1c3c6d054b27ac5b77e89eafb971d,13248,0x4fe21650bee982ea1288bf2e927ec24cd1c8a3c4,0.259569,0.259569,0.0,1,0,1710521535
2024-03-14,0x6cdcb1c4a4d1c3c6d054b27ac5b77e89eafb971d,13251,0xb1b4d5e0bb9b5ff18fb0eee9171f9a41b3275ccc,0.398518,0.398518,0.0,1,0,1710525947
2024-03-14,0x6cdcb1c4a4d1c3c6d054b27ac5b77e89eafb971d,13253,0x6b7de4ba7b18c23a13d0c707c27731c69ba89834,18.789998,18.789998,0.0,1,0,1710528863
2024-03-14,0x6cdcb1c4a4d1c3c6d054b27ac5b77e89eafb971d,13257,0x07a8c64f726b72b2b9ef92402ef5c603f04b0938,13.622075,13.622075,0.0,1,0,1710534495
2024-03-14,0x6cdcb1c4a4d1c3c6d054b27ac5b77e89eafb971d,13258,0xe5964cdf17731c2d5b29d388a695b78cc992a134,1.991974,1.991974,0.0,1,0,1710534985
2024-03-14,0x6cdcb1c4a4d1c3c6d054b27ac5b77e89eafb971d,13260,0x8d8976a3da7691b6fd16b15cb73575a35b4a4aa5,86.920103,86.920103,0.0,1,0,1710536569
2024-03-14,0x6cdcb1c4a4d1c3c6d054b27ac5b77e89eafb971d,13261,0x7731c6fbe420b7698540c22cfccba9be3f4ddfc7,100.591269,100.591269,0.0,1,0,1710539285
2024-03-14,0x6cdcb1c4a4d1c3c6d054b27ac5b77e89eafb971d,13262,0xf200b9d2853d2ff658122dd6eda7f719910be38d,1.014089,1.014089,0.0,1,0,1710545057
2024-03-14,0x6cdcb1c4a4d1c3c6d054b27ac5b77e89eafb971d,13263,0xe702508baef59b3595ec3baa21ed4066fdecca90,50.437127,50.437127,0.0,1,0,1710546353
2024-03-14,0x6cdcb1c4a4d1c3c6d054b27ac5b77e89eafb971d,13266,0x7aac540b0b09b4c7876300fb61978747980a23a1,483.821391,483.821391,0.0,1,0,1710551211
2024-03-14,0x6cdcb1c4a4d1c3c6d054b27ac5b77e89eafb971d,13274,0x4b6141532ca5f3484773aa1ad0969ee1504672a7,8.246042,22.274197,14.028154,2,1,1710739553
2024-03-14,0x6cdcb1c4a4d1c3c6d054b27ac5b77e89eafb971d,13277,0x82d660564a223722c3c0873018ed9cce6e6c19db,14.71276,14.71276,0.0,1,0,1710579639
2024-03-14,0x6cdcb1c4a4d1c3c6d054b27ac5b77e89eafb971d,13278,0x502a19492949bad80aec49a12b13e8d1a4ebb8c5,45.512009,45.512009,0.0,1,0,1710581179
2024-03-14,0x6cdcb1c4a4d1c3c6d054b27ac5b77e89eafb971d,13281,0x3d030547dc33855fcd25f1167a3d2ab6473b530a,0.455981,0.455981,0.0,1,0,1710585103
2024-03-14,0x6cdcb1c4a4d1c3c6d054b27ac5b77e89eafb971d,13282,0x2167523061f4a48db14199bb97bdc13d3fb5377d,0.329162,0.329162,0.0,1,0,1710586059
2024-03-14,0x6cdcb1c4a4d1c3c6d054b27ac5b77e89eafb971d,13285,0x80fc58593ddc375ea5507b41920d65d564e68420,3.0,3.0,0.0,1,0,1710589213
2024-03-14,0x6cdcb1c4a4d1c3c6d054b27ac5b77e89eafb971d,13287,0xfaf7ef92535310236063615e6d41d251e4c0ed03,8.318541,8.318541,0.0,1,0,1710591011
2024-03-14,0x6cdcb1c4a4d1c3c6d054b27ac5b77e89eafb971d,13292,0x5a4379f135780d97862aec6e1ea753a5e48b3098,2.991069,2.991069,0.0,1,0,1710594589
2024-03-14,0x6cdcb1c4a4d1c3c6d054b27ac5b77e89eafb971d,13293,0x49918f3b90320bef1f20d874944f1d1ae549403d,1.027289,1.027289,0.0,1,0,1710594717
2024-03-14,0x6cdcb1c4a4d1c3c6d054b27ac5b77e89eafb971d,13295,0x948f2450887ff47ca8aae913b1cdad9f4eda5c28,2.324075,2.324075,0.0,1,0,1710596973
2024-03-14,0x6cdcb1c4a4d1c3c6d054b27ac5b77e89eafb971d,13296,0x5088c7c4acab4ecee61f9f97b684f80c0a912ff0,4.614582,4.614582,0.0,1,0,1710597669
2024-03-14,0x6cdcb1c4a4d1c3c6d054b27ac5b77e89eafb971d,13298,0x8a2de3a00ce3f1c43005b8248f3ac65c53659757,0.502598,1.806928,1.30433,3,2,1710888629
2024-03-14,0x6cdcb1c4a4d1c3c6d054b27ac5b77e89eafb971d,13301,0xc76e6827381f6f0234d70f7d1b13f399e325f75a,99.995649,106.651565,6.655916,3,2,1710696219
2024-03-14,0x6cdcb1c4a4d1c3c6d054b27ac5b77e89eafb971d,13302,0x25983316b5c1d395c03715bbe2e0def78b508174,666.00509,666.00509,0.0,1,0,1710611957
2024-03-14,0x6cdcb1c4a4d1c3c6d054b27ac5b77e89eafb971d,13309,0xa1fd77fc3abc4b3397e5250a904cd923df43738e,0.571426,0.571426,0.0,1,0,1710627497
2024-03-14,0x6cdcb1c4a4d1c3c6d054b27ac5b77e89eafb971d,13312,0x3c0257a3b0d9baa90ef0baa91028f128bd305880,0.280314,0.280314,0.0,1,0,1710632925
2024-03-14,0x6cdcb1c4a4d1c3c6d054b27ac5b77e89eafb971d,13313,0xcfdc2eb40968e24aca58070c7a47a606974c523e,1.188497,1.188497,0.0,1,0,1710633171
2024-03-14,0x6cdcb1c4a4d1c3c6d054b27ac5b77e89eafb971d,13318,0x22fefd0c129c06483878c0a5be746d5f720488b4,16.197879,16.197879,0.0,1,0,1710642583
2024-03-14,0x6cdcb1c4a4d1c3c6d054b27ac5b77e89eafb971d,13326,0x7d178d5b060de15fd8a92ad63d36b7b5e1ae5966,7.758137,7.758137,0.0,1,0,1710665561
2024-03-14,0x6cdcb1c4a4d1c3c6d054b27ac5b77e89eafb971d,13329,0x54c7eab3491ef0d7da0adfc20d93946e526512e3,1.216115,1.216115,0.0,1,0,1710668113
2024-03-14,0x6cdcb1c4a4d1c3c6d054b27ac5b77e89eafb971d,13331,0xe4ae1b2fad2621fabbf4cef15169218db5b8d437,2.093369,2.093369,0.0,1,0,1710668941
2024-03-14,0x6cdcb1c4a4d1c3c6d054b27ac5b77e89eafb971d,13332,0x4f908a2573ea9d8c283880031f64dcaff771a2a1,1.09436,1.09436,0.0,1,0,1710675631
2024-03-14,0x6cdcb1c4a4d1c3c6d054b27ac5b77e89eafb971d,13333,0xae1babc08897971633e255e76e42444d883d34cd,0.409861,0.409861,0.0,1,0,1710676503
2024-03-14,0x6cdcb1c4a4d1c3c6d054b27ac5b77e89eafb971d,13334,0x4fd2055937b71d0a896852a17928b0eaca7614b9,0.883456,0.883456,0.0,1,0,1710676947
2024-03-14,0x6cdcb1c4a4d1c3c6d054b27ac5b77e89eafb971d,13335,0xaff5dcca0754f6d3ed56ea9057874020bcf40906,0.02874,0.02874,0.0,1,0,1710677081
2024-03-14,0x6cdcb1c4a4d1c3c6d054b27ac5b77e89eafb971d,13337,0x19bd1bc7b7f58acb02506e7920b625c86a3080c2,0.326707,0.326707,0.0,1,0,1710681001
2024-03-14,0x6cdcb1c4a4d1c3c6d054b27ac5b77e89eafb971d,13338,0x408d796d5debd03cb245f9406c4b96ea337f669d,19.042886,19.042886,0.0,1,0,1710681301
2024-03-14,0x6cdcb1c4a4d1c3c6d054b27ac5b77e89eafb971d,13341,0x6c199f6be8d1e0bad6d503f8251273ea44eb85f3,5.479188,5.479188,0.0,1,0,1710683453
2024-03-14,0x6cdcb1c4a4d1c3c6d054b27ac5b77e89eafb971d,13349,0x8660cb310bcfd354b1ccfb08199bb607da6c7390,165.970052,165.970052,0.0,1,0,1710697961
2024-03-14,0x6cdcb1c4a4d1c3c6d054b27ac5b77e89eafb971d,13350,0xd652c1827943a77132bbb7afa7f3b8be56afe308,0.007621,0.007621,0.0,1,0,1710701109
2024-03-14,0x6cdcb1c4a4d1c3c6d054b27ac5b77e89eafb971d,13351,0xcfdc2eb40968e24aca58070c7a47a606974c523e,7.780918,7.780918,0.0,1,0,1710702477
2024-03-14,0x6cdcb1c4a4d1c3c6d054b27ac5b77e89eafb971d,13356,0x7c399dad8026708451b0bad28bc48604be3a07cb,190.961236,190.961236,0.0,1,0,1710704615
2024-03-14,0x6cdcb1c4a4d1c3c6d054b27ac5b77e89eafb971d,13357,0x4ba903b7843851afdac091b8421783bef0ff6f05,494.925568,494.925568,0.0,1,0,1710705121
2024-03-14,0x6cdcb1c4a4d1c3c6d054b27ac5b77e89eafb971d,13360,0x78a12757b33b9a069faf9d4ecde565952f3bd2db,366.585711,366.585711,0.0,1,0,1710707295
2024-03-14,0x6cdcb1c4a4d1c3c6d054b27ac5b77e89eafb971d,13361,0x84bc1fc6204b959470bf8a00d871ff8988a3914a,98.039884,98.039884,0.0,1,0,1710753803
2024-03-14,0x6cdcb1c4a4d1c3c6d054b27ac5b77e89eafb971d,13363,0x23eef72ea94a54450c126b8d064c65b88ba3a03e,30.0,30.0,0.0,1,0,1710781787
2024-03-14,0x6cdcb1c4a4d1c3c6d054b27ac5b77e89eafb971d,13364,0x23eef72ea94a54450c126b8d064c65b88ba3a03e,0.031304,0.031304,0.0,1,0,1710781759
2024-03-14,0x6cdcb1c4a4d1c3c6d054b27ac5b77e89eafb971d,13367,0x4b6de8933631927db52b34dfba1e29df10d2339f,2.787484,2.787484,0.0,1,0,1710709897
2024-03-14,0x6cdcb1c4a4d1c3c6d054b27ac5b77e89eafb971d,13370,0x95c43aa651bc361e4b67f06ae460b11038208389,461.731652,461.731652,0.0,1,0,1710715909
2024-03-14,0x6cdcb1c4a4d1c3c6d054b27ac5b77e89eafb971d,13371,0x11e1dcf0c0f0f7464f1a8eb69d6376b9a5ed6873,2.918933,2.918933,0.0,1,0,1710712905
2024-03-14,0x6cdcb1c4a4d1c3c6d054b27ac5b77e89eafb971d,13372,0x98be0b51f7bc589cd061c49b890b13a6b8e12b02,398.700633,398.700633,0.0,1,0,1710716203
2024-03-14,0x6cdcb1c4a4d1c3c6d054b27ac5b77e89eafb971d,13373,0x9eeb36542f17364380e30d0aaf10700253039885,0.199869,0.199869,0.0,1,0,1710716041
2024-03-14,0x6cdcb1c4a4d1c3c6d054b27ac5b77e89eafb971d,13375,0x532c66d6daffcaba3563714b01e26580f83a858f,3.514398,3.514398,0.0,1,0,1710722411
2024-03-14,0x6cdcb1c4a4d1c3c6d054b27ac5b77e89eafb971d,13376,0x56cfc6bb88364a08ee7534dbe1be4b8d51a0b4be,3.493163,3.493163,0.0,1,0,1710719925
2024-03-14,0x6cdcb1c4a4d1c3c6d054b27ac5b77e89eafb971d,13378,0x625ab39153fe8e0f9d53ade43a9d9c71cb7bb859,129.485442,129.485442,0.0,1,0,1710721427
2024-03-14,0x6cdcb1c4a4d1c3c6d054b27ac5b77e89eafb971d,13379,0x3156649412e8bb8799f0b832bcf7c6534932de37,43.909602,43.909602,0.0,1,0,1710870893
2024-03-14,0x6cdcb1c4a4d1c3c6d054b27ac5b77e89eafb971d,13380,0x94ad16360520599431b5ba7b0e9b5c789c9d0cb1,0.032977,0.032977,0.0,1,0,1710722069
2024-03-14,0x6cdcb1c4a4d1c3c6d054b27ac5b77e89eafb971d,13382,0xc833ea3aec42c01a571f0287a53dffd9a195769a,20.865649,41.731739,20.86609,2,1,1710726313
2024-03-14,0x6cdcb1c4a4d1c3c6d054b27ac5b77e89eafb971d,13386,0xd1a3f2fe40c5348777e490237a77cbebe5ab6b96,24.980703,24.980703,0.0,1,0,1710730969
2024-03-14,0x6cdcb1c4a4d1c3c6d054b27ac5b77e89eafb971d,13389,0x822ec855cc9f41b592622108e6f3565e976430c6,29.405557,29.405557,0.0,1,0,1710734463
2024-03-14,0x6cdcb1c4a4d1c3c6d054b27ac5b77e89eafb971d,13393,0xa6398558b63ad5f7b70a98d8b31dd69bed9dad62,529.559027,529.559027,0.0,1,0,1710738555
2024-03-14,0x6cdcb1c4a4d1c3c6d054b27ac5b77e89eafb971d,13396,0x236d778f16a782da9d8a52696d90db29608d8845,27.607955,27.607955,0.0,1,0,1710738469
2024-03-14,0x6cdcb1c4a4d1c3c6d054b27ac5b77e89eafb971d,13400,0x458f31e446c5ac173833030474a1f81cc43b654b,8.899811,8.899811,0.0,1,0,1710744529
2024-03-14,0x6cdcb1c4a4d1c3c6d054b27ac5b77e89eafb971d,13401,0xefd6e60664a308f042d57dfc0fa304f1e185e095,0.00027,0.00027,0.0,1,0,1710745117
2024-03-14,0x6cdcb1c4a4d1c3c6d054b27ac5b77e89eafb971d,13403,0x4e73e8103e13f96cb59e5400285bfabbd7b5f998,52.33452,52.33452,0.0,1,0,1710746381
2024-03-14,0x6cdcb1c4a4d1c3c6d054b27ac5b77e89eafb971d,13405,0x26d1556af538e238f216c478747de7048f66bc10,9.239551,9.239551,0.0,1,0,1710748475
2024-03-14,0x6cdcb1c4a4d1c3c6d054b27ac5b77e89eafb971d,13406,0x1fc5bc1eb6e3f5f4caeab938096a553e782b0018,1.207739,1.207739,0.0,1,0,1710749399
2024-03-14,0x6cdcb1c4a4d1c3c6d054b27ac5b77e89eafb971d,13410,0x960607ff9d80fd073a9924e30291aae8133de823,198.850921,198.850921,0.0,1,0,1710753547
2024-03-14,0x6cdcb1c4a4d1c3c6d054b27ac5b77e89eafb971d,13411,0xa8043867a5d44bf845f942e3f8ed6855243abc59,0.246351,0.246351,0.0,1,0,1710758889
2024-03-14,0x6cdcb1c4a4d1c3c6d054b27ac5b77e89eafb971d,13412,0x5708a9abd1fbe4af6f61c1053c2658337903f21c,24.854979,24.854979,0.0,1,0,1710760541
2024-03-14,0x6cdcb1c4a4d1c3c6d054b27ac5b77e89eafb971d,13419,0x1ab2ea0f61f7cd788fbded408e28d8dabf13daf8,17.397135,17.397135,0.0,1,0,1710770277
2024-03-14,0x6cdcb1c4a4d1c3c6d054b27ac5b77e89eafb971d,13422,0x4f0fd0f35db4e76f910325e19cff958913ff3a85,0.367626,0.367626,0.0,1,0,1710776425
2024-03-14,0x6cdcb1c4a4d1c3c6d054b27ac5b77e89eafb971d,13428,0x8e11684ea7e3221b8a53e7061870aac9c1f7735e,63.236719,63.236719,0.0,1,0,1710784605
2024-03-14,0x6cdcb1c4a4d1c3c6d054b27ac5b77e89eafb971d,13429,0xf5c0656f1e95b7d9e43e683a83deef70e777ad63,1.9976,1.9976,0.0,1,0,1710784959
2024-03-14,0x6cdcb1c4a4d1c3c6d054b27ac5b77e89eafb971d,13431,0xeae5932f9c67a9bd494399538c9ec5c9b4c14cb5,12.42485,12.42485,0.0,1,0,1710787181
2024-03-14,0x6cdcb1c4a4d1c3c6d054b27ac5b77e89eafb971d,13440,0xaf2196982f5432b80c28c9bdc314cfc877484802,26.018334,26.018334,0.0,1,0,1710796139
2024-03-14,0x6cdcb1c4a4d1c3c6d054b27ac5b77e89eafb971d,13445,0x0c17e90b95a16ba2b41fbc4e7950e6eba13f85c6,74049.077311,74049.077311,0.0,1,0,1710806781
2024-03-14,0x6cdcb1c4a4d1c3c6d054b27ac5b77e89eafb971d,13446,0xbb2298383d8e6bd8c78fe3a1c97d6e3421de440e,185.742087,185.742087,0.0,1,0,1710808515
2024-03-14,0x6cdcb1c4a4d1c3c6d054b27ac5b77e89eafb971d,13449,0x2f7335ce7246d60094a88345708a9eb86f5e6ebf,49.680707,49.680707,0.0,1,0,1710834339
2024-03-14,0x6cdcb1c4a4d1c3c6d054b27ac5b77e89eafb971d,13451,0x307465cb63a262a7a6f83c171a8604294b3ac2a6,4.403806,4.403806,0.0,1,0,1710810785
2024-03-14,0x6cdcb1c4a4d1c3c6d054b27ac5b77e89eafb971d,13460,0x3acbc3038505d0809fddef5e6d632435ee498f4c,11.502382,11.502382,0.0,1,0,1710820915
2024-03-14,0x6cdcb1c4a4d1c3c6d054b27ac5b77e89eafb971d,13465,0x62af9c8999755e86fd29a5ad980055c22a54f2e5,338.666145,677.335044,338.6689,2,1,1710830137
2024-03-14,0x6cdcb1c4a4d1c3c6d054b27ac5b77e89eafb971d,13466,0xff5a58af91eb46922ab4583f47f03e03c26197c7,1.204519,1.204519,0.0,1,0,1710830641
2024-03-14,0x6cdcb1c4a4d1c3c6d054b27ac5b77e89eafb971d,13472,0xd651c5a71530cccb7a2db2ebb45f0eb5e3540e3b,48.531202,94.395965,45.864763,2,1,1710892969
2024-03-14,0x6cdcb1c4a4d1c3c6d054b27ac5b77e89eafb971d,13473,0x7da9d63eaed4b2b6d354dab397ef889bc07b8faa,50.0,50.0,0.0,1,0,1710842749
2024-03-14,0x6cdcb1c4a4d1c3c6d054b27ac5b77e89eafb971d,13474,0x70c343528c6d918c60137a1f316f7f80e36280eb,23.218144,23.218144,0.0,1,0,1710851407
2024-03-14,0x6cdcb1c4a4d1c3c6d054b27ac5b77e89eafb971d,13476,0x3067c0496104b9a8e04f6a963a23895b5c1fd3b5,0.296018,0.296018,0.0,1,0,1710856081
2024-03-14,0x6cdcb1c4a4d1c3c6d054b27ac5b77e89eafb971d,13478,0x6428aafba646c56572d48675d905bc691d2f9e18,15338.555656,15338.555656,0.0,1,0,1710859251
2024-03-14,0x6cdcb1c4a4d1c3c6d054b27ac5b77e89eafb971d,13481,0x7e2dfb80eb68f9946f45d7f0ea7c89cd26660dba,13379.714707,13379.714707,0.0,1,0,1710862147
2024-03-14,0x6cdcb1c4a4d1c3c6d054b27ac5b77e89eafb971d,13482,0x1c9dd84ad67d9d06cb79aa73f14bb0328892c980,29.591188,29.591188,0.0,1,0,1710930723
2024-03-14,0x6cdcb1c4a4d1c3c6d054b27ac5b77e89eafb971d,13485,0x091ff5ff1fbeb093f538146bf78018826822d2b3,200.253082,200.253082,0.0,1,0,1710870583
2024-03-14,0x6cdcb1c4a4d1c3c6d054b27ac5b77e89eafb971d,13486,0x0f4da50ed36199deadb1f854a69ef3f3f92f7eca,0.24994,0.24994,0.0,1,0,1710871613
2024-03-14,0x6cdcb1c4a4d1c3c6d054b27ac5b77e89eafb971d,13493,0x487c6480c33f32435f99cfa4b1e09c0d4e4165f7,936.0,936.0,0.0,1,0,1710900825
2024-03-14,0x6cdcb1c4a4d1c3c6d054b27ac5b77e89eafb971d,13536,0x9057172e5c9c22b69be030c3fe832136dbaaf622,1800.0,1800.0,0.0,1,0,1710881059
2024-03-14,0x6cdcb1c4a4d1c3c6d054b27ac5b77e89eafb971d,13539,0xbcc66b1bdff6f7fc11941a6cfdbaea417df461b8,19429.184825,19429.184825,0.0,1,0,1710957731
2024-03-14,0x6cdcb1c4a4d1c3c6d054b27ac5b77e89eafb971d,13560,0xc9290c23afaf9c9413f9e05c66dbf6f7558b0978,3096.0,3096.0,0.0,1,0,1710896325
2024-03-14,0x6cdcb1c4a4d1c3c6d054b27ac5b77e89eafb971d,13575,0x808c136858c6ef2d6819faa2e0c09548bb03c1f0,6192.0,6192.0,0.0,1,0,1710952027
2024-03-14,0x6cdcb1c4a4d1c3c6d054b27ac5b77e89eafb971d,13627,0x12afb841acdb523d034c9ce776b7a08af8823db7,2.705256,2.705256,0.0,1,0,1710883329
2024-03-14,0x6cdcb1c4a4d1c3c6d054b27ac5b77e89eafb971d,13629,0x8e763d2648f368b4eb127c6172791bd3570a1b52,1.016428,1.434365,0.417937,2,1,1710931215
2024-03-14,0x6cdcb1c4a4d1c3c6d054b27ac5b77e89eafb971d,13632,0xb8cfdb541e0dbb5c2e6415ea4dfff60424145283,0.726304,0.726304,0.0,1,0,1710889305
2024-03-14,0x6cdcb1c4a4d1c3c6d054b27ac5b77e89eafb971d,13640,0xe4a555daf0c71abef7b2d725eefae41dead4d8dd,0.919081,1.838171,0.91909,2,1,1710901159
2024-03-14,0x6cdcb1c4a4d1c3c6d054b27ac5b77e89eafb971d,13642,0x18ea92eb6a563668c6d08a2a5ab0619b518cc725,0.16586,0.16586,0.0,1,0,1710902025
2024-03-14,0x6cdcb1c4a4d1c3c6d054b27ac5b77e89eafb971d,13646,0xf515ad0009e53b73fbaeb0b3ee706b0090fc349a,2.755042,2.755042,0.0,1,0,1710904839
2024-03-14,0x6cdcb1c4a4d1c3c6d054b27ac5b77e89eafb971d,13650,0xfd7a05de2cf423eb8b151a89694142677d164227,1.588343,1.588343,0.0,1,0,1710907859
2024-03-14,0x6cdcb1c4a4d1c3c6d054b27ac5b77e89eafb971d,13653,0x09d1c84e9caa824e4a17b1b833339d638fa442c6,0.394344,0.394344,0.0,1,0,1710911195
2024-03-14,0x6cdcb1c4a4d1c3c6d054b27ac5b77e89eafb971d,13655,0x7f6f496a125af679084e07338cd79c6c1e0752e2,82.358551,82.358551,0.0,1,0,1710913129
2024-03-14,0x6cdcb1c4a4d1c3c6d054b27ac5b77e89eafb971d,13661,0x12370a88b7da8360f12898acda1def6267376086,27.722103,27.722103,0.0,1,0,1710926935
2024-03-14,0x6cdcb1c4a4d1c3c6d054b27ac5b77e89eafb971d,13664,0xc07b4af97b297e541067a4829bb1d8f83214b273,0.087491,0.087491,0.0,1,0,1710929191
2024-03-14,0x6cdcb1c4a4d1c3c6d054b27ac5b77e89eafb971d,13666,0x6fae2d8c135844f3a3b8328facb1aad709ce6ee6,0.50578,0.50578,0.0,1,0,1710931503
2024-03-14,0x6cdcb1c4a4d1c3c6d054b27ac5b77e89eafb971d,13668,0xda5a6f9feec7308b95f1b68b9ca0754590a9a285,34.967266,34.967266,0.0,1,0,1710934001
2024-03-14,0x6cdcb1c4a4d1c3c6d054b27ac5b77e89eafb971d,13670,0x21777457eb21e7107e700fe6e5e986277115c98a,134.361494,134.361494,0.0,1,0,1710935511
2024-03-14,0x6cdcb1c4a4d1c3c6d054b27ac5b77e89eafb971d,13673,0x5234c8b4896da3b8bbc36633d15085d8751d039b,32.202009,32.202009,0.0,1,0,1710938373
2024-03-14,0x6cdcb1c4a4d1c3c6d054b27ac5b77e89eafb971d,13674,0x0c5800aec30132d7ef25de45acb4353aa03e2ac5,1.660181,1.660181,0.0,1,0,1710942083
2024-03-14,0x6cdcb1c4a4d1c3c6d054b27ac5b77e89eafb971d,13687,0x26a515c3104a99908b1441e3f58907c8271735f7,1.056068,1.056068,0.0,1,0,1710963135
2024-03-14,0x6cdcb1c4a4d1c3c6d054b27ac5b77e89eafb971d,13688,0x12370a88b7da8360f12898acda1def6267376086,84.576268,84.576268,0.0,1,0,1710963411
2024-03-14,0x6dbbd2c5ec6a59f54fb0e5f750a245137ff0492c,757,0xbc49d2dde4b97be274237a9920c1a3646987b349,0.0,0.0,25624.117518,0,1,1710760677
2024-03-14,0x6dbbd2c5ec6a59f54fb0e5f750a245137ff0492c,4716,0x63346d7367d4ba9cd1ff45d7b900b32ec4f73d5e,0.0,0.0,442.774781,0,1,1710923967
2024-03-14,0x6eab8c1b93f5799dadf2c687a30230a540dbd636,47,0x011b0a055e02425461a1ae95b30f483c4ff05be7,6691.9211,6691.9211,0.0,1,0,1710974017
2024-03-14,0x6eab8c1b93f5799dadf2c687a30230a540dbd636,7121,0x011b0a055e02425461a1ae95b30f483c4ff05be7,0.0,0.0,889.553522,0,1,1710974045
2024-03-14,0x70faafb3c7990771f6724c00f2574437bf805a9f,24,0x208a17c5fabe5b90282e5906945ff335e39326c4,0.0,0.0,9371.303934,0,1,1710956157
2024-03-14,0x70faafb3c7990771f6724c00f2574437bf805a9f,47,0x011b0a055e02425461a1ae95b30f483c4ff05be7,46843.447703,46843.447703,33402.870182,1,1,1710974017
2024-03-14,0x70faafb3c7990771f6724c00f2574437bf805a9f,51,0x0f228805c03a693aa964a791e0b2e2c6e6c6513f,59194.691974,59194.691974,88641.478963,1,1,1710968507
2024-03-14,0x70faafb3c7990771f6724c00f2574437bf805a9f,67,0x8ce17ff2c7376e9adfe9c63c47a801097fa6c525,111171.957679,111171.957679,110983.450476,1,1,1710973841
2024-03-14,0x70faafb3c7990771f6724c00f2574437bf805a9f,105,0x208a17c5fabe5b90282e5906945ff335e39326c4,0.0,0.0,26546.338648,0,1,1710956111
2024-03-14,0x70faafb3c7990771f6724c00f2574437bf805a9f,346,0x2b26da567c2a8c220daf91be8e37a429d33aef0b,0.0,0.0,46273.707384,0,1,1710966803
2024-03-14,0x70faafb3c7990771f6724c00f2574437bf805a9f,489,0x88ee8692adfc54798c2190c1e68612f75ab15618,0.0,0.0,53795.704265,0,1,1710944389
2024-03-14,0x70faafb3c7990771f6724c00f2574437bf805a9f,628,0x8fa5ebb986fa6db89291a383142bb756ab88428e,0.0,0.0,17443.376709,0,1,1710969935
2024-03-14,0x70faafb3c7990771f6724c00f2574437bf805a9f,945,0xa66daaf3e6736cce993b56eced596512a7911df8,0.0,0.0,25592.817842,0,1,1710965837
2024-03-14,0x70faafb3c7990771f6724c00f2574437bf805a9f,951,0xe3bcab94834c97f4eef2dbd4b1256beebb9aa1bf,0.0,0.0,16702.149743,0,1,1710618979
2024-03-14,0x70faafb3c7990771f6724c00f2574437bf805a9f,1085,0x2e1bfb63fb937b0d8b5d48983c640677c5cd7eac,13233.670491,13233.670491,0.0,1,0,1710973009
2024-03-14,0x70faafb3c7990771f6724c00f2574437bf805a9f,1246,0x9dd0a901019a1cbf910793cbbd365ca4f77dbb12,0.0,0.0,10816.221757,0,1,1710924953
2024-03-14,0x70faafb3c7990771f6724c00f2574437bf805a9f,1263,0x8ba6fb982cb4b6a240065376b944100bce31b9d6,0.0,0.0,10037.423003,0,1,1710969297
2024-03-14,0x70faafb3c7990771f6724c00f2574437bf805a9f,1367,0xcce0a627557f2b9af402607e5342ba15ad5f0053,0.0,0.0,8825.528749,0,1,1710937595
2024-03-14,0x70faafb3c7990771f6724c00f2574437bf805a9f,1434,0x7f55b20cb25b9e4351664289d3c718da83371663,8071.42365,8071.42365,0.0,1,0,1710973905
2024-03-14,0x70faafb3c7990771f6724c00f2574437bf805a9f,2437,0x587ee4f56a9e231f1fcb4cd3d7cfbf561c2bbc44,0.0,0.0,3736.27713,0,1,1710520503
2024-03-14,0x70faafb3c7990771f6724c00f2574437bf805a9f,2489,0x8e33f8940d988647eab344af105a0e23157624f0,3336.086973,3336.086973,3324.40529,1,1,1710949321
2024-03-14,0x70faafb3c7990771f6724c00f2574437bf805a9f,2762,0xeec8d8162334d2e93311952d5a7a4269741c4d4d,0.0,0.0,2667.382241,0,1,1710481533
2024-03-14,0x70faafb3c7990771f6724c00f2574437bf805a9f,3939,0x5b443cd7739b4eb26b7db17f9ee556d75a069401,0.0,0.0,895.616142,0,1,1710897927
2024-03-14,0x70faafb3c7990771f6724c00f2574437bf805a9f,4573,0x822fb53d67af805da7b5bb77a9bef3b19370f90c,0.0,0.0,503.785079,0,1,1710898401
2024-03-14,0x70faafb3c7990771f6724c00f2574437bf805a9f,5605,0x2b0d2cbcc667631afca6d50dc20a6cc23d9b08e4,0.0,0.0,368.753563,0,1,1710944631
2024-03-14,0x70faafb3c7990771f6724c00f2574437bf805a9f,7121,0x011b0a055e02425461a1ae95b30f483c4ff05be7,19322.068758,19322.068758,7808.30314,1,1,1710974045
2024-03-14,0x70faafb3c7990771f6724c00f2574437bf805a9f,7122,0x011b0a055e02425461a1ae95b30f483c4ff05be7,3021.13135,3021.13135,0.0,1,0,1710974075
2024-03-14,0x70faafb3c7990771f6724c00f2574437bf805a9f,7633,0x9d837774efb22c42d975fd86a8642ce97462f848,0.0,0.0,280.00961,0,1,1710456569
2024-03-14,0x70faafb3c7990771f6724c00f2574437bf805a9f,9761,0x39260b9be6b55b18505c6dd098d7fe0bb8622101,0.0,0.0,1452.672902,0,1,1710382465
2024-03-14,0x70faafb3c7990771f6724c00f2574437bf805a9f,10100,0x2bcdca8c689b4aa460b66ffde1d6b1761d41d5df,0.0,0.0,1829.287207,0,1,1710961571
2024-03-14,0x70faafb3c7990771f6724c00f2574437bf805a9f,11096,0x7a0dc3b9922345cb953a0002b07cf9d028cdd01d,0.0,0.0,1034.019641,0,1,1710971423
2024-03-14,0x70faafb3c7990771f6724c00f2574437bf805a9f,11440,0x76dac15813d4267248dc28a0724d859a7326f328,12092.844797,12092.844797,12435.730714,1,1,1710972593
2024-03-14,0x70faafb3c7990771f6724c00f2574437bf805a9f,11811,0x76dac15813d4267248dc28a0724d859a7326f328,0.0,0.0,5486.671318,0,1,1710970655
2024-03-14,0x70faafb3c7990771f6724c00f2574437bf805a9f,11827,0x0f8684f6dc76617d6831b4546381eb6cfb1c559f,0.0,0.0,85.382806,0,1,1710938245
2024-03-14,0x70faafb3c7990771f6724c00f2574437bf805a9f,12470,0xf30d83bc83b8750702902e6344f423cb6e64014d,69.9184,69.9184,148.169111,1,1,1710888277
2024-03-14,0x70faafb3c7990771f6724c00f2574437bf805a9f,12614,0x2358e3a7bb9d933095d187e7cf68f2507bfc07f6,0.0,0.0,20.807847,0,1,1710621347
2024-03-14,0x723aef6543aece026a15662be4d3fb3424d502a9,2595,0xc4f2980b4826881f2cb9cfb05b60c0ab1b62061c,776.273071,776.273071,1552.546142,1,1,1710750995
2024-03-14,0x723aef6543aece026a15662be4d3fb3424d502a9,4668,0x2fd81617ac20c54109f1b1b6b08c5b7e74d56210,114.028883,114.028883,228.057766,1,1,1710446195
2024-03-14,0x723aef6543aece026a15662be4d3fb3424d502a9,4983,0xaeab5cb67cc626b74f8a9133f6451a69a12fbbec,0.0,0.0,402.813525,0,1,1710524501
2024-03-14,0x723aef6543aece026a15662be4d3fb3424d502a9,5280,0x16c2312b7168f0e268751a4d5d73953176d87768,0.0,0.0,382.317361,0,1,1710698803
2024-03-14,0x723aef6543aece026a15662be4d3fb3424d502a9,5633,0xeafefb44c6b5802df613877b37d1bc7ddb81300b,0.0,0.0,368.029449,0,1,1710548977
2024-03-14,0x723aef6543aece026a15662be4d3fb3424d502a9,6123,0x15f490fe47a84a50c75b0cc4c1f4b17b7188306d,142.851607,142.851607,88.394165,1,1,1710800675
2024-03-14,0x727ff136ecb9a6d8cc510e05bc12a01a5191fa07,1828,0x13fc2b8032228af0917f22bd1c3b7d2704b4d630,8260.67366,8260.67366,0.0,1,0,1710973487
2024-03-14,0x75c39823152e28a0b4d783c5e8d2957dd5a44e76,659,0x13fc2b8032228af0917f22bd1c3b7d2704b4d630,7996.584706,7996.584706,0.0,1,0,1710973577
2024-03-14,0x7810f8f3253ced11e8c56c6c8497f3134055d44c,12,0xd204e3dc1937d3a30fc6f20abc48ac5506c94d1e,1314705.096767,1314705.096767,1295005.508773,1,1,1710870765
2024-03-14,0x7810f8f3253ced11e8c56c6c8497f3134055d44c,55,0x285fed35cbea271a711681e84ffd83c68a596a75,0.0,0.0,22854.581567,0,1,1710965869
2024-03-14,0x7810f8f3253ced11e8c56c6c8497f3134055d44c,118,0x4ccfeb186c61217f05d8756314c600089b27a1c3,0.0,0.0,42185.047147,0,1,1710975207
2024-03-14,0x7810f8f3253ced11e8c56c6c8497f3134055d44c,174,0x83bad39f067ef72e354f2ea9d318eaad381a7f15,0.0,0.0,27872.890066,0,1,1710931049
2024-03-14,0x7810f8f3253ced11e8c56c6c8497f3134055d44c,362,0x5929cc4d10b6a1acc5bf5d221889f10251c628a1,0.0,0.0,12394.115887,0,1,1710960907
2024-03-14,0x7810f8f3253ced11e8c56c6c8497f3134055d44c,414,0x0eeacd4c475040463389d15ead034d1291b008b1,0.0,0.0,32711.297135,0,1,1710895115
2024-03-14,0x7810f8f3253ced11e8c56c6c8497f3134055d44c,436,0xe171e110cfe6f658c4421c2da4c86e4933919de4,0.0,0.0,14371.448112,0,1,1710956591
2024-03-14,0x7810f8f3253ced11e8c56c6c8497f3134055d44c,448,0xfad576ebc93a47031ba895064405f8a04b6e96fc,55669.267515,55669.267515,0.0,1,0,1710975349
2024-03-14,0x7810f8f3253ced11e8c56c6c8497f3134055d44c,913,0xe1dbf93df16ecf805fb053d53b7a6e3214c4a09d,17712.149298,17712.149298,0.0,1,0,1710975459
2024-03-14,0x7810f8f3253ced11e8c56c6c8497f3134055d44c,956,0x09fa38eba245bb68354b8950fa2fe71f02863393,0.0,0.0,16558.008185,0,1,1710889785
2024-03-14,0x7810f8f3253ced11e8c56c6c8497f3134055d44c,964,0xf06b0077dfedd43f91c752f568af4b4b78a1e51b,16351.20327,16351.20327,0.0,1,0,1710975511
2024-03-14,0x7810f8f3253ced11e8c56c6c8497f3134055d44c,990,0x752d5a59d9cd3ed8af87e0c8939d5d19db168331,0.0,0.0,15655.927523,0,1,1710513927
2024-03-14,0x7810f8f3253ced11e8c56c6c8497f3134055d44c,1245,0x6b879c078ea4cc27bbdb486fcaa4fa27e6cbe97a,0.0,0.0,137634.507326,0,1,1710960539
2024-03-14,0x7810f8f3253ced11e8c56c6c8497f3134055d44c,1311,0xff2ce9d334df35ed9fcb155f33856b638ec5d3a5,0.0,0.0,9539.195406,0,1,1710423807
2024-03-14,0x7810f8f3253ced11e8c56c6c8497f3134055d44c,1589,0x814b453a15806ca1b7eab9de64658f062463ae4b,0.0,0.0,6755.247798,0,1,1710942291
2024-03-14,0x7810f8f3253ced11e8c56c6c8497f3134055d44c,1653,0x90aa5c7a67081409d0b826facd34600463778a48,0.0,0.0,6395.766824,0,1,1710947389
2024-03-14,0x7810f8f3253ced11e8c56c6c8497f3134055d44c,1702,0x05ed99aafe5bfc33e1636d57e03f55caf0b0e912,0.0,0.0,6135.226874,0,1,1710909597
2024-03-14,0x7810f8f3253ced11e8c56c6c8497f3134055d44c,1781,0x45dc664635627c0fe5c7119fe5be2c3d39ea3e74,5251.36951,5251.36951,0.0,1,0,1710968009
2024-03-14,0x7810f8f3253ced11e8c56c6c8497f3134055d44c,1819,0x90b50ee9aeb83001fbeaf61541fc666341f36400,0.0,0.0,5179.30274,0,1,1710974941
2024-03-14,0x7810f8f3253ced11e8c56c6c8497f3134055d44c,1873,0xef1244af7099dce45ee7f937534f0968501efb29,0.0,0.0,4865.676011,0,1,1710886119
2024-03-14,0x7810f8f3253ced11e8c56c6c8497f3134055d44c,2071,0x078b8ff955e3cf77550bf2f2edfc0aacbc29adc6,0.0,0.0,4396.249973,0,1,1710943589
2024-03-14,0x7810f8f3253ced11e8c56c6c8497f3134055d44c,2405,0x3ee5a77e6d176f42eaf653d9f49fcb8adabbb6fc,0.0,0.0,3460.315805,0,1,1710942043
2024-03-14,0x7810f8f3253ced11e8c56c6c8497f3134055d44c,2553,0x00a01bc13a1ddf4a4af6852baee66b76a0316cbc,3249.10719,3249.10719,3232.259254,1,1,1710955351
2024-03-14,0x7810f8f3253ced11e8c56c6c8497f3134055d44c,2566,0x209699a7d9c9a3f005a9c3179f58f8b942a27b0c,3453.025499,3453.025499,3458.734059,1,1,1710949975
2024-03-14,0x7810f8f3253ced11e8c56c6c8497f3134055d44c,2886,0x05cefb1b44d447627bd0f341f29401790963ca9e,0.0,0.0,2284.219217,0,1,1710942813
2024-03-14,0x7810f8f3253ced11e8c56c6c8497f3134055d44c,3202,0xb07aee9bb2d03b6f65346f666154150cacdd3e51,0.0,0.0,2334.723417,0,1,1710963087
2024-03-14,0x7810f8f3253ced11e8c56c6c8497f3134055d44c,3551,0x5be66f4095f89bd18abe4ae9d2acd5021ec433bc,13599.999972,13599.999972,0.0,1,0,1710974295
2024-03-14,0x7810f8f3253ced11e8c56c6c8497f3134055d44c,8330,0x43386877500087ee7da43ef57c8691490ddcebac,0.0,0.0,134213.398778,0,1,1710948693
2024-03-14,0x7810f8f3253ced11e8c56c6c8497f3134055d44c,8589,0x05ed99aafe5bfc33e1636d57e03f55caf0b0e912,0.0,0.0,7269.542497,0,1,1710909607
2024-03-14,0x7810f8f3253ced11e8c56c6c8497f3134055d44c,12024,0x34a09c6b42d7d11cf23008ad63ac2983e18efbdd,0.0,0.0,91735.280731,0,1,1710972767
2024-03-14,0x7a034374c89c463dd65d8c9bcfe63bcbced41f4f,87,0x5d396a2106694308a40608ef14a1c0892b6b7faa,405255.472893,405255.472893,202284.15351,1,1,1710965043
2024-03-14,0x7a034374c89c463dd65d8c9bcfe63bcbced41f4f,100,0x133d93566f9699b3af46fe150daa8a67a9563ed6,609868.545649,609868.545649,0.0,1,0,1710889557
2024-03-14,0x7a034374c89c463dd65d8c9bcfe63bcbced41f4f,174,0x83bad39f067ef72e354f2ea9d318eaad381a7f15,27920.232625,27920.232625,0.0,1,0,1710931049
2024-03-14,0x7a034374c89c463dd65d8c9bcfe63bcbced41f4f,241,0xd639eee81b30d8b34d5d8cbce83f193e2ba298e4,39020.040541,39020.040541,0.0,1,0,1710958289
2024-03-14,0x7a034374c89c463dd65d8c9bcfe63bcbced41f4f,371,0x84572c31acdd30c03982e27b809d30b1efbcd8f2,86334.150962,86334.150962,0.0,1,0,1710866225
2024-03-14,0x7a034374c89c463dd65d8c9bcfe63bcbced41f4f,419,0xf253f56f5b8118e9d28cc8dda7316761f4a85fc4,62354.368208,62354.368208,0.0,1,0,1710824873
2024-03-14,0x7a034374c89c463dd65d8c9bcfe63bcbced41f4f,445,0x24ed7409cb9f1adbe5b83c86a237049da6eca675,213785.987051,213785.987051,0.0,1,0,1710872807
2024-03-14,0x7a034374c89c463dd65d8c9bcfe63bcbced41f4f,512,0x3b1b211b3fce0d1ee9f5e1afeecadeb98378d0b0,8787.633657,8787.633657,0.0,1,0,1710917869
2024-03-14,0x7a034374c89c463dd65d8c9bcfe63bcbced41f4f,586,0xd83410edf02ee6c9f801fc81fdc89f712f84a81e,38599.786998,38599.786998,0.0,1,0,1710819941
2024-03-14,0x7a034374c89c463dd65d8c9bcfe63bcbced41f4f,754,0x4d3869e2451d28bb4f03aeda60322eaf01e912db,7600.510035,7600.510035,0.0,1,0,1710865673
2024-03-14,0x7a034374c89c463dd65d8c9bcfe63bcbced41f4f,887,0x50fa50fa2032d85eb2dda303929bf56886aa9afb,2086.487386,2086.487386,0.0,1,0,1710898447
2024-03-14,0x7a034374c89c463dd65d8c9bcfe63bcbced41f4f,1146,0x79016f576376cc3bdfbc02642211828471760185,13099.512979,13099.512979,0.0,1,0,1710860883
2024-03-14,0x7a034374c89c463dd65d8c9bcfe63bcbced41f4f,1287,0x2a7051d7cbbef7b6889f8e14774020b1653b94c1,2472.129337,2472.129337,0.0,1,0,1710851625
2024-03-14,0x7a034374c89c463dd65d8c9bcfe63bcbced41f4f,1521,0xdd84ce1adcb3a4908db61a1dfa3353c3974c5a2b,2413.847413,2413.847413,0.0,1,0,1710855577
2024-03-14,0x7a034374c89c463dd65d8c9bcfe63bcbced41f4f,2224,0x1e510e363ca6672d9d822b2897f49e5aef0a1d0b,3956.166459,3956.166459,0.0,1,0,1710817537
2024-03-14,0x7a034374c89c463dd65d8c9bcfe63bcbced41f4f,2277,0x8dbce5563c2d86857a7d559453282f315f90bfb8,3694.57568,3694.57568,0.0,1,0,1710900343
2024-03-14,0x7a034374c89c463dd65d8c9bcfe63bcbced41f4f,2852,0xb872e90d96cfa33ef31ff744f8beb9cfd92388b2,2316.568259,2316.568259,0.0,1,0,1710819617
2024-03-14,0x7a034374c89c463dd65d8c9bcfe63bcbced41f4f,3160,0x25f0a60d95fb530435f733c8e480c8c4c1619d1e,1778.342323,1778.342323,0.0,1,0,1710850103
2024-03-14,0x7a034374c89c463dd65d8c9bcfe63bcbced41f4f,3599,0xc584d3aa630efdc0bbe0ca2c99db93162bdb18f6,1152.124789,1152.124789,0.0,1,0,1710945239
2024-03-14,0x7a034374c89c463dd65d8c9bcfe63bcbced41f4f,3758,0xe492e921f11d8c42f78e80e9bb9abc75d9c49243,854.716162,854.716162,0.0,1,0,1710875943
2024-03-14,0x7a034374c89c463dd65d8c9bcfe63bcbced41f4f,4554,0x0959b7bf0757b62f6cb81203f4443c16b4dc2e4b,501.478867,501.478867,0.0,1,0,1710856903
2024-03-14,0x7a034374c89c463dd65d8c9bcfe63bcbced41f4f,4687,0xeae5be3835191ebd198af53aa6541cc7de87d6e4,463.152015,463.152015,0.0,1,0,1710873801
2024-03-14,0x7a034374c89c463dd65d8c9bcfe63bcbced41f4f,5037,0x9723e37134b76f865d47b7d31dad5a43104597f2,398.268227,398.268227,0.0,1,0,1710857043
2024-03-14,0x7a034374c89c463dd65d8c9bcfe63bcbced41f4f,6063,0x68811b7700b567f31e33004b04fbaa33b78dc57d,363.854162,363.854162,0.0,1,0,1710919077
2024-03-14,0x7a034374c89c463dd65d8c9bcfe63bcbced41f4f,6678,0xbfd53e1ffac52f2055fb533ff847dae4906f8fea,44.588297,44.588297,0.0,1,0,1710858101
2024-03-14,0x7a034374c89c463dd65d8c9bcfe63bcbced41f4f,6682,0xc88d6999c4c91c11f08dc41012a0ce6573a0ed48,43.646033,43.646033,0.0,1,0,1710859363
2024-03-14,0x7a034374c89c463dd65d8c9bcfe63bcbced41f4f,6725,0x69145fce197aa12437293242006373d764c6eef3,48.730425,48.730425,0.0,1,0,1710861041
2024-03-14,0x7a034374c89c463dd65d8c9bcfe63bcbced41f4f,7299,0x02e0c302380aa679189d9caa349a0da5a6a19108,0.0,0.0,803.138654,0,1,1710716543
2024-03-14,0x7a034374c89c463dd65d8c9bcfe63bcbced41f4f,8388,0x5d396a2106694308a40608ef14a1c0892b6b7faa,454140.448177,454140.448177,227282.379387,1,1,1710965043
2024-03-14,0x7a034374c89c463dd65d8c9bcfe63bcbced41f4f,8403,0x166c794d890dd91bbe71f304eca660e1c4892cbb,51695.415157,51695.415157,0.0,1,0,1710954285
2024-03-14,0x7a034374c89c463dd65d8c9bcfe63bcbced41f4f,8497,0x6c607fdeb11f83b3d5169014a45f45e035f9ab4a,42741.0348,42741.0348,0.0,1,0,1710954645
2024-03-14,0x7a034374c89c463dd65d8c9bcfe63bcbced41f4f,9707,0x60034a6d90f54d3bbc3188033fd08b1a146802ba,0.0,0.0,1509.47232,0,1,1710523543
2024-03-14,0x7a034374c89c463dd65d8c9bcfe63bcbced41f4f,10295,0xc875b3dae5b0c371bc8cf9ded64868b78ac47587,0.0,0.0,126533.13373,0,1,1710977963
2024-03-14,0x7a034374c89c463dd65d8c9bcfe63bcbced41f4f,10296,0x03c70563e94de5de56c11a0cc4ce3482f592854f,0.0,0.0,315463.137574,0,1,1710977765
2024-03-14,0x7a034374c89c463dd65d8c9bcfe63bcbced41f4f,10298,0xc9814f18a8751214f719de15c54d01b3d78ef14f,0.0,9908088.678705,9966818.689191,169,170,1710977733
2024-03-14,0x7a034374c89c463dd65d8c9bcfe63bcbced41f4f,10867,0x6ab2d5789af8fc628b306d04505de6e5a78ba660,719.318629,719.318629,0.0,1,0,1710848667
2024-03-14,0x7a034374c89c463dd65d8c9bcfe63bcbced41f4f,11380,0x6f1d6b86d4ad705385e751e6e88b0fdfdbadf298,1003046.365974,1003046.365974,999578.122472,1,1,1710891365
2024-03-14,0x7a034374c89c463dd65d8c9bcfe63bcbced41f4f,11410,0x84572c31acdd30c03982e27b809d30b1efbcd8f2,3365.704618,3365.704618,0.0,1,0,1710866221
2024-03-14,0x7a034374c89c463dd65d8c9bcfe63bcbced41f4f,12057,0x04490dc0f52a97ef2d6ea0c4d9edbcde8c8546cc,1381.084208,1381.084208,0.0,1,0,1710851257
2024-03-14,0x7a034374c89c463dd65d8c9bcfe63bcbced41f4f,13620,0x6f1d6b86d4ad705385e751e6e88b0fdfdbadf298,23567.643,23567.643,0.0,1,0,1710968085
2024-03-14,0x7a823ff83d2a87ae7570a9934b0dc8b87be9c14a,77,0x03da151f75b533177f020b925d7c43f4081ef3c8,0.0,0.0,219629.06308,0,1,1710975329
2024-03-14,0x7a823ff83d2a87ae7570a9934b0dc8b87be9c14a,103,0x1c2ed7a6c4e3c1146103fa222181115a72243a06,0.0,0.0,56085.466229,0,1,1710975299
2024-03-14,0x7a823ff83d2a87ae7570a9934b0dc8b87be9c14a,209,0xfcbb477ec276476b6029ed0467f28f5ac1712884,0.0,0.0,64243.615592,0,1,1710972877
2024-03-14,0x7a823ff83d2a87ae7570a9934b0dc8b87be9c14a,218,0xc8336b9dabbac9bfb9aa483e76fc351b13121784,0.0,0.0,177829.328168,0,1,1710975367
2024-03-14,0x7a823ff83d2a87ae7570a9934b0dc8b87be9c14a,223,0xb6a4035370947825d94ca4ac5d30d828ad50265c,0.0,0.0,185667.115931,0,1,1710973971
2024-03-14,0x7a823ff83d2a87ae7570a9934b0dc8b87be9c14a,242,0xa0eb44b173af64f2fdb47c7d76ff3a33e04103b6,0.0,0.0,194723.850714,0,1,1710972225
2024-03-14,0x7a823ff83d2a87ae7570a9934b0dc8b87be9c14a,243,0x9db9a11bd146e8f39dc61246c357aaa10f2f2170,0.0,0.0,150329.681848,0,1,1710975119
2024-03-14,0x7a823ff83d2a87ae7570a9934b0dc8b87be9c14a,274,0xc12faf701d05af1cfabdefc770c3b3c7b59eae10,0.0,0.0,138586.217633,0,1,1710974063
2024-03-14,0x7a823ff83d2a87ae7570a9934b0dc8b87be9c14a,312,0x9ced3bdc0e6ff65c3f072b0b5527184843ed4eaf,0.0,0.0,105277.193299,0,1,1710972763
2024-03-14,0x7a823ff83d2a87ae7570a9934b0dc8b87be9c14a,367,0x22510fe99f63ae03ba792c21a29ec10fd87cae08,0.0,0.0,82946.657333,0,1,1710973691
2024-03-14,0x7a823ff83d2a87ae7570a9934b0dc8b87be9c14a,378,0xab58779cec2b82a75ffd103fdc88d7e3adb13468,0.0,0.0,73342.088258,0,1,1710975469
2024-03-14,0x7a823ff83d2a87ae7570a9934b0dc8b87be9c14a,391,0x6fe797a05359c9d91b1f85d418e2ed4ea6c65a8f,0.0,0.0,34995.908059,0,1,1710972887
2024-03-14,0x7a823ff83d2a87ae7570a9934b0dc8b87be9c14a,437,0xbae3b46e29e7cfd2bba8164765d592ce9802ec70,0.0,0.0,67658.851459,0,1,1710974323
2024-03-14,0x7a823ff83d2a87ae7570a9934b0dc8b87be9c14a,475,0xda1d9534bef3344fa5be3b644b767b349e7415c7,0.0,0.0,36132.602438,0,1,1710975049
2024-03-14,0x7a823ff83d2a87ae7570a9934b0dc8b87be9c14a,481,0xeef9462b7e4db80ed34a9f22db06a9cda8854569,0.0,0.0,59504.754191,0,1,1710975217
2024-03-14,0x7a823ff83d2a87ae7570a9934b0dc8b87be9c14a,516,0xe5cc37b25e4a223797d9bf07884b858b5dbe5152,0.0,0.0,49150.356753,0,1,1710617967
2024-03-14,0x7a823ff83d2a87ae7570a9934b0dc8b87be9c14a,518,0x2221ceace30dbae7e209888452d29e711cb5741d,0.0,0.0,21587.339083,0,1,1710975399
2024-03-14,0x7a823ff83d2a87ae7570a9934b0dc8b87be9c14a,579,0x71535aae1b6c0c51db317b54d5eee72d1ab843c1,0.0,0.0,37979.092043,0,1,1710975527
2024-03-14,0x7a823ff83d2a87ae7570a9934b0dc8b87be9c14a,635,0xb83f754eb815e2100f4ba99aa61c299152b07145,0.0,0.0,253157.056391,0,1,1710971143
2024-03-14,0x7a823ff83d2a87ae7570a9934b0dc8b87be9c14a,643,0x683a42e5b414ae5cf79ece7e369ca5937fdcdc11,0.0,0.0,33272.894894,0,1,1710973167
2024-03-14,0x7a823ff83d2a87ae7570a9934b0dc8b87be9c14a,748,0x5805641e589cf538004a0ccfc31a57ac1ba2cb02,0.0,0.0,25454.815253,0,1,1710975263
2024-03-14,0x7a823ff83d2a87ae7570a9934b0dc8b87be9c14a,816,0xe96f4e42719542b3f9556eef6ada7b819f0ac793,0.0,0.0,23052.762734,0,1,1710975549
2024-03-14,0x7a823ff83d2a87ae7570a9934b0dc8b87be9c14a,827,0xe2952771c80d9b9c77a32e47d985bb3ff4e5a93d,0.0,0.0,13931.770486,0,1,1710972907
2024-03-14,0x7a823ff83d2a87ae7570a9934b0dc8b87be9c14a,913,0xe1dbf93df16ecf805fb053d53b7a6e3214c4a09d,0.0,0.0,8856.074649,0,1,1710975459
2024-03-14,0x7a823ff83d2a87ae7570a9934b0dc8b87be9c14a,919,0x9ae07f4f2a9498ea935f6871725cf596820e7e7f,0.0,0.0,8789.123101,0,1,1710975559
2024-03-14,0x7a823ff83d2a87ae7570a9934b0dc8b87be9c14a,920,0x6c2693f5a936f37ed03cfa8465bf2d8beff19a0f,0.0,0.0,34892.896877,0,1,1710969271
2024-03-14,0x7a823ff83d2a87ae7570a9934b0dc8b87be9c14a,921,0xa2f07232275cdf8463a5115723c9d73085a2fc17,0.0,0.0,14989.649496,0,1,1710973455
2024-03-14,0x7a823ff83d2a87ae7570a9934b0dc8b87be9c14a,931,0xfcbb477ec276476b6029ed0467f28f5ac1712884,0.0,0.0,12946.940268,0,1,1710972563
2024-03-14,0x7a823ff83d2a87ae7570a9934b0dc8b87be9c14a,964,0xf06b0077dfedd43f91c752f568af4b4b78a1e51b,0.0,0.0,8175.601635,0,1,1710975511
2024-03-14,0x7a823ff83d2a87ae7570a9934b0dc8b87be9c14a,980,0xa971182ceecaac649eb6e8d4800ed8ddf0312106,0.0,0.0,31822.853132,0,1,1710972601
2024-03-14,0x7a823ff83d2a87ae7570a9934b0dc8b87be9c14a,1040,0xfb17d5cd85854b6bee89e714591de521f3169de5,0.0,0.0,14187.35112,0,1,1710974479
2024-03-14,0x7a823ff83d2a87ae7570a9934b0dc8b87be9c14a,1056,0xeb4576fe753dab07635c0bb6c8f0a355e1db5d31,0.0,0.0,29580.357797,0,1,1710974645
2024-03-14,0x7a823ff83d2a87ae7570a9934b0dc8b87be9c14a,1163,0x3e88681de2e12d1ac4116a7a6fb964a2c4c102ae,0.0,0.0,9348.341178,0,1,1710975475
2024-03-14,0x7a823ff83d2a87ae7570a9934b0dc8b87be9c14a,1204,0xd613a4cc742267dd51259d9679cc0d1ad83f7776,0.0,0.0,11365.494389,0,1,1710907029
2024-03-14,0x7a823ff83d2a87ae7570a9934b0dc8b87be9c14a,1224,0xb002d5e8ea1c7db3dfed5aaf33ebcdef890d20d4,0.0,0.0,10756.207526,0,1,1710975519
2024-03-14,0x7a823ff83d2a87ae7570a9934b0dc8b87be9c14a,1226,0x57b8858dcf27d5e46ff442e5a7ae9e6e440ef131,0.0,0.0,11616.206185,0,1,1710887465
2024-03-14,0x7a823ff83d2a87ae7570a9934b0dc8b87be9c14a,1434,0x7f55b20cb25b9e4351664289d3c718da83371663,0.0,0.0,8071.42365,0,1,1710973905
2024-03-14,0x7a823ff83d2a87ae7570a9934b0dc8b87be9c14a,1435,0xe324c2478a8c2cb019c32609d60691f2fa362f0b,0.0,0.0,9029.018566,0,1,1710408131
2024-03-14,0x7a823ff83d2a87ae7570a9934b0dc8b87be9c14a,1665,0xc2359d9bd9c65a34ca2bea9a9e5eeff4dcd78d59,0.0,0.0,148841.034737,0,1,1710968935
2024-03-14,0x7a823ff83d2a87ae7570a9934b0dc8b87be9c14a,1671,0xf1196bf726ed9227507f5a8b7c87ae177124db2b,0.0,0.0,10069.344772,0,1,1710972775
2024-03-14,0x7a823ff83d2a87ae7570a9934b0dc8b87be9c14a,1678,0xc9c3bf455e5743539eadfe22a53ca146a644ebaa,0.0,0.0,6638.71878,0,1,1710975071
2024-03-14,0x7a823ff83d2a87ae7570a9934b0dc8b87be9c14a,1695,0x7c16c022048b25142482cf06ac98064527395290,0.0,0.0,6103.574082,0,1,1710975205
2024-03-14,0x7a823ff83d2a87ae7570a9934b0dc8b87be9c14a,1709,0xf7c04a39e47c7ea9d6888f9389ea85846e22ae1a,0.0,0.0,5964.77786,0,1,1710975375
2024-03-14,0x7a823ff83d2a87ae7570a9934b0dc8b87be9c14a,1940,0x86a8b6a2d5a201ab8afe8e8b97b777a6c92b5790,0.0,0.0,2278.278982,0,1,1710975271
2024-03-14,0x7a823ff83d2a87ae7570a9934b0dc8b87be9c14a,1950,0xadea3af062df0de0c29e67d001d0859cd738bccd,0.0,0.0,6431.65666,0,1,1710975559
2024-03-14,0x7a823ff83d2a87ae7570a9934b0dc8b87be9c14a,2039,0x6b8b01df86bfaaf79dda038009fc5597425ad0cf,0.0,0.0,4261.336434,0,1,1710974551
2024-03-14,0x7a823ff83d2a87ae7570a9934b0dc8b87be9c14a,2073,0x518180f11414d823647daa068a5847d63c3f128c,0.0,0.0,4179.050153,0,1,1710975551
2024-03-14,0x7a823ff83d2a87ae7570a9934b0dc8b87be9c14a,2118,0x9c529af39499eec506ac31fdfa13bb299c2c2a55,0.0,0.0,5548.984757,0,1,1710887925
2024-03-14,0x7a823ff83d2a87ae7570a9934b0dc8b87be9c14a,2146,0x44a03946c8e690c6ecdb254b3744690a42e1ed17,0.0,0.0,3997.181718,0,1,1710975319
2024-03-14,0x7a823ff83d2a87ae7570a9934b0dc8b87be9c14a,2276,0x53a385d47d3a011539ec377f53acb410f53ff97d,0.0,0.0,5270.23415,0,1,1710974991
2024-03-14,0x7a823ff83d2a87ae7570a9934b0dc8b87be9c14a,2289,0xb11fe701874bf43197702b53ebdb304b0a1be053,0.0,0.0,3754.220242,0,1,1710974259
2024-03-14,0x7a823ff83d2a87ae7570a9934b0dc8b87be9c14a,2323,0xfe7b25a93f38995a140d064f9caa433f20103339,0.0,0.0,1801.918546,0,1,1710974833
2024-03-14,0x7a823ff83d2a87ae7570a9934b0dc8b87be9c14a,2571,0xfc7c1d00b2ec6d3653e9de72590684456846c53d,0.0,0.0,3349.264721,0,1,1710967665
2024-03-14,0x7a823ff83d2a87ae7570a9934b0dc8b87be9c14a,2580,0x0a2f675591577bfa8d5d8d2ec3fb8179aa821405,0.0,0.0,3587.1377,0,1,1710974595
2024-03-14,0x7a823ff83d2a87ae7570a9934b0dc8b87be9c14a,2640,0x44a03946c8e690c6ecdb254b3744690a42e1ed17,0.0,0.0,3124.836024,0,1,1710975499
2024-03-14,0x7a823ff83d2a87ae7570a9934b0dc8b87be9c14a,2821,0xb6a4035370947825d94ca4ac5d30d828ad50265c,0.0,0.0,2507.000472,0,1,1710973859
2024-03-14,0x7a823ff83d2a87ae7570a9934b0dc8b87be9c14a,3393,0x2446f1a75162f045d02f23d1d3b0f5a2c0f9a4cb,0.0,0.0,3285.519125,0,1,1710974235
2024-03-14,0x7a823ff83d2a87ae7570a9934b0dc8b87be9c14a,3551,0x5be66f4095f89bd18abe4ae9d2acd5021ec433bc,0.0,0.0,13549.999972,0,1,1710974295
2024-03-14,0x7a823ff83d2a87ae7570a9934b0dc8b87be9c14a,3744,0x41cb5d2a058bcf1ca12ea056807a12c21677ae7e,0.0,0.0,1080.350334,0,1,1710975361
2024-03-14,0x7a823ff83d2a87ae7570a9934b0dc8b87be9c14a,4063,0x0180bd56393851a46fab05ae627fb574dadb5049,0.0,0.0,786.968706,0,1,1710975271
2024-03-14,0x7a823ff83d2a87ae7570a9934b0dc8b87be9c14a,4107,0xa8293dd8eb52564a35b8357a539146321b934153,0.0,0.0,739.93106,0,1,1710972443
2024-03-14,0x7a823ff83d2a87ae7570a9934b0dc8b87be9c14a,4313,0x7bb9dccc97052ddef05141897fe8313fd4ad0418,0.0,0.0,615.267271,0,1,1710974365
2024-03-14,0x7a823ff83d2a87ae7570a9934b0dc8b87be9c14a,4414,0x39afe2176de832be2a5164e5fc91e27d1355c88d,0.0,0.0,568.249928,0,1,1710974999
2024-03-14,0x7a823ff83d2a87ae7570a9934b0dc8b87be9c14a,4975,0x4dd7fc3a3b6457d1e67e3b046b2b0d2dcf25257d,0.0,494.055359,897.993703,1,2,1710974433
2024-03-14,0x7a823ff83d2a87ae7570a9934b0dc8b87be9c14a,7122,0x011b0a055e02425461a1ae95b30f483c4ff05be7,0.0,0.0,131130.809134,0,1,1710974075
2024-03-14,0x7a823ff83d2a87ae7570a9934b0dc8b87be9c14a,8485,0xfdbbfb0fe2986672af97eca0e797d76a0bbf35c9,0.0,0.0,515898.593404,0,1,1710970833
2024-03-14,0x7a823ff83d2a87ae7570a9934b0dc8b87be9c14a,9218,0xb44b476a7f6a83b5e0559433b0d3ad374a0c1682,0.0,0.0,33622.758486,0,1,1710975417
2024-03-14,0x7a823ff83d2a87ae7570a9934b0dc8b87be9c14a,9394,0x941e5957eaa0bb7c83b25002fc4bb04b35ea9fdf,0.0,0.0,1336.136712,0,1,1710974331
2024-03-14,0x7a823ff83d2a87ae7570a9934b0dc8b87be9c14a,9406,0x9a039d49bfc9a1bac0a7b524668b409f99b22979,0.0,0.0,366.628672,0,1,1710882237
2024-03-14,0x7a823ff83d2a87ae7570a9934b0dc8b87be9c14a,10917,0xc91703f7b55bb1459840b2f7ac099d47eb002422,0.0,0.0,5043.458192,0,1,1710975335
2024-03-14,0x7a823ff83d2a87ae7570a9934b0dc8b87be9c14a,11224,0xbfc4fbbec37c291aed1d14f02b5221d0be0fe8f1,0.0,0.0,1225.40247,0,1,1710973603
2024-03-14,0x7a823ff83d2a87ae7570a9934b0dc8b87be9c14a,11247,0x23cb5f48fa3f4502232f3442637f90e8e3355701,0.0,0.0,7464.001972,0,1,1710544263
2024-03-14,0x7a823ff83d2a87ae7570a9934b0dc8b87be9c14a,11327,0x0ecefbb373019dabc65c5d5af70eb512c686de9c,0.0,0.0,3558.060241,0,1,1710974539
2024-03-14,0x7a823ff83d2a87ae7570a9934b0dc8b87be9c14a,12032,0xc12faf701d05af1cfabdefc770c3b3c7b59eae10,0.0,0.0,1118.0,0,1,1710974051
2024-03-14,0x7cb7c6b82e7376c3be599b602440142abd6ec1fe,659,0x13fc2b8032228af0917f22bd1c3b7d2704b4d630,7996.584706,7996.584706,0.0,1,0,1710973577
2024-03-14,0x7cb7c6b82e7376c3be599b602440142abd6ec1fe,12444,0xde556dd8c552429758b4915fd2323d2075e30bf0,0.0,0.0,7.5665,0,1,1710411947
2024-03-14,0x7f670f78b17dec44d5ef68a48740b6f8849cc2e6,23,0xc01a1cd505e6afcd3ced2ee1bac67890497f6654,49148.930508,49148.930508,98131.183599,1,1,1710961795
2024-03-14,0x7f670f78b17dec44d5ef68a48740b6f8849cc2e6,37,0xda4bb0c3c1061d468b4d57b08e5de3c781ce1d80,35229.156865,35229.156865,0.0,1,0,1710972033
2024-03-14,0x7f670f78b17dec44d5ef68a48740b6f8849cc2e6,47,0x011b0a055e02425461a1ae95b30f483c4ff05be7,0.0,0.0,277243.822509,0,1,1710974017
2024-03-14,0x7f670f78b17dec44d5ef68a48740b6f8849cc2e6,51,0x0f228805c03a693aa964a791e0b2e2c6e6c6513f,443960.189807,443960.189807,443207.394813,1,1,1710968507
2024-03-14,0x7f670f78b17dec44d5ef68a48740b6f8849cc2e6,52,0x28878aec6b4209d90a40890183e3322f0ae5b2e2,0.0,0.0,276666.548212,0,1,1710967279
2024-03-14,0x7f670f78b17dec44d5ef68a48740b6f8849cc2e6,53,0x1594b251df6b70ca9a01d4de0836ab4fd9811241,749622.626538,749622.626538,0.0,1,0,1710971817
2024-03-14,0x7f670f78b17dec44d5ef68a48740b6f8849cc2e6,55,0x285fed35cbea271a711681e84ffd83c68a596a75,0.0,0.0,114272.907834,0,1,1710965869
2024-03-14,0x7f670f78b17dec44d5ef68a48740b6f8849cc2e6,69,0xd0e72c1b2eb87e3dc0445b7f689cadcfc872b293,0.0,0.0,1165256.181906,0,1,1710933409
2024-03-14,0x7f670f78b17dec44d5ef68a48740b6f8849cc2e6,70,0xcc05670640d43bec38f48e4aaaf88df5b6e59c20,0.0,0.0,1241045.136167,0,1,1710957155
2024-03-14,0x7f670f78b17dec44d5ef68a48740b6f8849cc2e6,121,0xede54584f748480851cad467b82c6a1173bebe10,70640.985826,70640.985826,47014.136273,1,1,1710382247
2024-03-14,0x7f670f78b17dec44d5ef68a48740b6f8849cc2e6,128,0x193578944fb0a0d31508f889528e9c345d90961b,0.0,0.0,121582.775862,0,1,1710935721
2024-03-14,0x7f670f78b17dec44d5ef68a48740b6f8849cc2e6,156,0xb0a4e99371dfb0734f002ae274933b4888f618ef,0.0,0.0,89894.964523,0,1,1710951055
2024-03-14,0x7f670f78b17dec44d5ef68a48740b6f8849cc2e6,166,0x39d12116298f3b2b55e53e7b99c0bf47041761df,279117.362573,279117.362573,278644.081054,1,1,1710524631
2024-03-14,0x7f670f78b17dec44d5ef68a48740b6f8849cc2e6,194,0x569a259d029a89bfea35a6d178a08edf6e55d1b1,55608.533861,55608.533861,111217.067723,1,1,1710971655
2024-03-14,0x7f670f78b17dec44d5ef68a48740b6f8849cc2e6,201,0x6e98386f1951e6f997691c4a3bfa27126a7f9041,0.0,0.0,201333.155049,0,1,1710726989
2024-03-14,0x7f670f78b17dec44d5ef68a48740b6f8849cc2e6,210,0x4e51a06e4643197e1be2f050b6af60f9ad3cef06,0.0,443370.727587,663289.767519,2,3,1710433935
2024-03-14,0x7f670f78b17dec44d5ef68a48740b6f8849cc2e6,262,0x32af25467b00aae516505b3331cfec52092ea5ba,136164.124475,136164.124475,0.0,1,0,1710972111
2024-03-14,0x7f670f78b17dec44d5ef68a48740b6f8849cc2e6,270,0xf51e5a0a85d29aa0508894405d734bcf044dcb5b,0.0,0.0,67673.723148,0,1,1710969677
2024-03-14,0x7f670f78b17dec44d5ef68a48740b6f8849cc2e6,272,0x48c49024e2885679d0c9eb3d4d6e73f2542b5839,63379.97727,63379.97727,126759.954541,1,1,1710942893
2024-03-14,0x7f670f78b17dec44d5ef68a48740b6f8849cc2e6,304,0xbbb33d2e7bd7ddc722e53da9ca8ee97df41cfabf,0.0,0.0,54372.590362,0,1,1710840321
2024-03-14,0x7f670f78b17dec44d5ef68a48740b6f8849cc2e6,319,0xcd763667cd74543bd05c19386347441d3d3f6392,0.0,0.0,101069.652944,0,1,1710716629
2024-03-14,0x7f670f78b17dec44d5ef68a48740b6f8849cc2e6,353,0x5ade40e345817b739b91c6b4615efce87f9d7c57,0.0,0.0,24166.488942,0,1,1710746921
2024-03-14,0x7f670f78b17dec44d5ef68a48740b6f8849cc2e6,358,0xdf4be75f9c675ef83357b18d2dd8d0d69cb1e91c,0.0,0.0,81731.086169,0,1,1710468257
2024-03-14,0x7f670f78b17dec44d5ef68a48740b6f8849cc2e6,367,0x22510fe99f63ae03ba792c21a29ec10fd87cae08,83505.020744,83505.020744,0.0,1,0,1710973691
2024-03-14,0x7f670f78b17dec44d5ef68a48740b6f8849cc2e6,371,0x84572c31acdd30c03982e27b809d30b1efbcd8f2,0.0,0.0,86187.759646,0,1,1710866225
2024-03-14,0x7f670f78b17dec44d5ef68a48740b6f8849cc2e6,388,0x823bf98d9f1119ae040aaef8118f13a612324112,0.0,0.0,71197.814674,0,1,1710534435
2024-03-14,0x7f670f78b17dec44d5ef68a48740b6f8849cc2e6,398,0x48c7e0db3dad3fe4eb0513b86fe5c38ebb4e0f91,0.0,0.0,6729.282934,0,1,1710958033
2024-03-14,0x7f670f78b17dec44d5ef68a48740b6f8849cc2e6,400,0x1b08bc49accb4fb813bc9cb7f3a1f7f93510010e,0.0,0.0,66938.184295,0,1,1710722569
2024-03-14,0x7f670f78b17dec44d5ef68a48740b6f8849cc2e6,405,0x2f707265e61300e8290c18e38ebcbd129fb0b0f5,205163.821039,205163.821039,155427.137151,1,1,1710970877
2024-03-14,0x7f670f78b17dec44d5ef68a48740b6f8849cc2e6,413,0xa78d7c58d8654618874e48942c5b1a62d1477cac,0.0,0.0,79755.395807,0,1,1710455589
2024-03-14,0x7f670f78b17dec44d5ef68a48740b6f8849cc2e6,417,0xbe93d14c5defb8f41af8fb092f58e3c71c712b85,31315.534654,31315.534654,31262.434898,1,1,1710426859
2024-03-14,0x7f670f78b17dec44d5ef68a48740b6f8849cc2e6,431,0xae2586e76c8a4d8dc1ff3d9ab70bec760ae143c2,0.0,0.0,33156.975853,0,1,1710449015
2024-03-14,0x7f670f78b17dec44d5ef68a48740b6f8849cc2e6,440,0x510b0068c0756bbefcbaffb6567e467d661291fe,0.0,0.0,55924.080023,0,1,1710722887
2024-03-14,0x7f670f78b17dec44d5ef68a48740b6f8849cc2e6,441,0xdceb0bb3311342e3ce9e49f57affce9deac40ba1,0.0,0.0,14456.743642,0,1,1710794891
2024-03-14,0x7f670f78b17dec44d5ef68a48740b6f8849cc2e6,453,0xec2961fe387120cd6a1b68314e64e14e1691e886,69103.465543,69103.465543,0.0,1,0,1710961945
2024-03-14,0x7f670f78b17dec44d5ef68a48740b6f8849cc2e6,458,0x7a921b0365b4571bee00ba5a1dbb422b11f13f9e,0.0,0.0,52197.76044,0,1,1710973287
2024-03-14,0x7f670f78b17dec44d5ef68a48740b6f8849cc2e6,473,0x97020c9ec66e0f59231918b1d2f167a66026aff2,0.0,0.0,21254.262459,0,1,1710962573
2024-03-14,0x7f670f78b17dec44d5ef68a48740b6f8849cc2e6,496,0x2b11807dbfc49bd0e21c5ace44d7a2191d992421,50432.24952,50432.24952,0.0,1,0,1710499687
2024-03-14,0x7f670f78b17dec44d5ef68a48740b6f8849cc2e6,499,0xbec85812e620b56525681312b12efce711a58135,55360.504242,55360.504242,55266.632963,1,1,1710957075
2024-03-14,0x7f670f78b17dec44d5ef68a48740b6f8849cc2e6,523,0xde93a283495fa2834047b53871a8e4e09f96d841,0.0,0.0,4859.597203,0,1,1710968397
2024-03-14,0x7f670f78b17dec44d5ef68a48740b6f8849cc2e6,544,0x16b00db74167b7469dda63b674ca9a3b1b70c439,0.0,0.0,31580.513606,0,1,1710956253
2024-03-14,0x7f670f78b17dec44d5ef68a48740b6f8849cc2e6,563,0x2c3dd65e94f97b2a25239eddffd2e192c08769b8,0.0,0.0,39171.67412,0,1,1710786925
2024-03-14,0x7f670f78b17dec44d5ef68a48740b6f8849cc2e6,565,0x9e32643153bb21a77a5a757d6c51a01aebea0fa7,0.0,0.0,43812.203389,0,1,1710766881
2024-03-14,0x7f670f78b17dec44d5ef68a48740b6f8849cc2e6,608,0xc45d05cdc809d20c7b14959e8cd4a1199e3e966f,0.0,0.0,18094.662046,0,1,1710770129
2024-03-14,0x7f670f78b17dec44d5ef68a48740b6f8849cc2e6,625,0xc814d2ef6d893568c74cd969eb6f72a62fc261f7,35146.040454,35146.040454,35086.445554,1,1,1710618601
2024-03-14,0x7f670f78b17dec44d5ef68a48740b6f8849cc2e6,677,0x71aa2992a5b59e8b53e0f6c5d1d51bf3633306d4,0.0,0.0,31519.660046,0,1,1710611507
2024-03-14,0x7f670f78b17dec44d5ef68a48740b6f8849cc2e6,682,0x510bd1a857df836c2ad57aa3a6fae396e011d958,0.0,0.0,29872.293534,0,1,1710724871
2024-03-14,0x7f670f78b17dec44d5ef68a48740b6f8849cc2e6,690,0x3c04ec0d34f8c074644a792ce04366ab789d3eb3,0.0,0.0,29182.599973,0,1,1710452547
2024-03-14,0x7f670f78b17dec44d5ef68a48740b6f8849cc2e6,739,0xdfe7ad3e0cc6fb0798e66c67c72927c49fc42478,0.0,29804.196692,59424.701491,1,2,1710970407
2024-03-14,0x7f670f78b17dec44d5ef68a48740b6f8849cc2e6,754,0x4d3869e2451d28bb4f03aeda60322eaf01e912db,0.0,0.0,15056.266112,0,1,1710865673
2024-03-14,0x7f670f78b17dec44d5ef68a48740b6f8849cc2e6,758,0x8ccfcfa7e6133e0875192974d0d857fb7a28375e,0.0,0.0,7188.837654,0,1,1710969407
2024-03-14,0x7f670f78b17dec44d5ef68a48740b6f8849cc2e6,777,0xf3afc2383a0b45ae73d77b49df7f2184b1ad4b90,23843.680093,23843.680093,23803.249885,1,1,1710400203
2024-03-14,0x7f670f78b17dec44d5ef68a48740b6f8849cc2e6,794,0xd48b17b111579360d1465ccc470144967505c053,0.0,0.0,23439.526773,0,1,1710400365
2024-03-14,0x7f670f78b17dec44d5ef68a48740b6f8849cc2e6,833,0xbca143600d9718f30022b2463d597996bc410e5e,0.0,0.0,20962.166375,0,1,1710933137
2024-03-14,0x7f670f78b17dec44d5ef68a48740b6f8849cc2e6,844,0x0849f5477813c0acb47aaceb5fb64da0ea5256a5,0.0,0.0,20661.720075,0,1,1710959895
2024-03-14,0x7f670f78b17dec44d5ef68a48740b6f8849cc2e6,870,0xf2829fc923b6fd040ead55d3f973f2953e86d13e,19162.751471,19162.751471,19098.877069,1,1,1710968771
2024-03-14,0x7f670f78b17dec44d5ef68a48740b6f8849cc2e6,875,0x5f449ca0c6ae1cac4c4830220229233f0b60c103,0.0,0.0,19000.121932,0,1,1710936063
2024-03-14,0x7f670f78b17dec44d5ef68a48740b6f8849cc2e6,887,0x50fa50fa2032d85eb2dda303929bf56886aa9afb,0.0,0.0,20829.494623,0,1,1710898447
2024-03-14,0x7f670f78b17dec44d5ef68a48740b6f8849cc2e6,912,0x49a5492fdfe5acc966dd5f41310dfdfe8daa349c,6498.156337,6498.156337,25948.551311,1,1,1710963801
2024-03-14,0x7f670f78b17dec44d5ef68a48740b6f8849cc2e6,987,0x9d480d2e3a1a3e5fe678ca8b932b4ca7d1503e2c,0.0,0.0,15726.903382,0,1,1710899307
2024-03-14,0x7f670f78b17dec44d5ef68a48740b6f8849cc2e6,1001,0xbcbeac56eef250e8a4859be46c6cbfd93aae5d2f,18532.908289,18532.908289,18532.908289,1,1,1710953177
2024-03-14,0x7f670f78b17dec44d5ef68a48740b6f8849cc2e6,1039,0x4a5efa846e7375a40dcd596c7c6dadb28df28ae4,12857.198455,12857.198455,14261.552581,1,1,1710453357
2024-03-14,0x7f670f78b17dec44d5ef68a48740b6f8849cc2e6,1079,0x73ea5b1ab2f4a36556b0a57381ed0101643615f3,19934.780201,39869.560403,39739.359992,2,2,1710383573
2024-03-14,0x7f670f78b17dec44d5ef68a48740b6f8849cc2e6,1081,0x41647a74673c90f4a13884bee4f8a89034fb85e8,0.0,0.0,13116.978409,0,1,1710852201
2024-03-14,0x7f670f78b17dec44d5ef68a48740b6f8849cc2e6,1090,0x1b89a08d82079337740e1cef68c571069725306e,0.0,0.0,13290.173503,0,1,1710724277
2024-03-14,0x7f670f78b17dec44d5ef68a48740b6f8849cc2e6,1101,0xa817e0676b2eaf46b49e5199dafa224b867e0ba0,0.0,0.0,14760.772659,0,1,1710513755
2024-03-14,0x7f670f78b17dec44d5ef68a48740b6f8849cc2e6,1112,0x8f5e97e1e3d47a2f223a67e06de21f067b7779db,0.0,0.0,14389.056466,0,1,1710970755
2024-03-14,0x7f670f78b17dec44d5ef68a48740b6f8849cc2e6,1118,0xa66375ade8c5ec7bc41c8f0c19cf927d7f3192e6,0.0,0.0,12846.842617,0,1,1710975305
2024-03-14,0x7f670f78b17dec44d5ef68a48740b6f8849cc2e6,1129,0x56e08babb8bf928bd8571d2a2a78235ae57ae5bd,3596.776261,3596.776261,3560.095836,1,1,1710969781
2024-03-14,0x7f670f78b17dec44d5ef68a48740b6f8849cc2e6,1135,0xb49cc6494b75f84aca36160e859fce5c5da16cc6,12184.99481,12184.99481,0.0,1,0,1710696191
2024-03-14,0x7f670f78b17dec44d5ef68a48740b6f8849cc2e6,1149,0x93b82c49c2af67797977ae344c07884164e6a592,0.0,0.0,3832.686559,0,1,1710963223
2024-03-14,0x7f670f78b17dec44d5ef68a48740b6f8849cc2e6,1161,0xe1e7106a790017185eca0731301bfb7c571af7c1,0.0,0.0,10662.338033,0,1,1710954283
2024-03-14,0x7f670f78b17dec44d5ef68a48740b6f8849cc2e6,1164,0xa65a864ca19535e4c06000768c6cfa9f6ebaeb12,11985.280802,11985.280802,0.0,1,0,1710975347
2024-03-14,0x7f670f78b17dec44d5ef68a48740b6f8849cc2e6,1166,0x9859a4583763a5ca30cb3dc676b41eae3b628e4a,11984.15029,11984.15029,11879.048345,1,1,1710574897
2024-03-14,0x7f670f78b17dec44d5ef68a48740b6f8849cc2e6,1171,0xe0654abc5fb4917ac59237f8b9f75316982cf0bf,11948.198377,11948.198377,11927.938579,1,1,1710963493
2024-03-14,0x7f670f78b17dec44d5ef68a48740b6f8849cc2e6,1177,0x294ca11a4faeeb79ff01e515d130772559f886eb,0.0,0.0,12886.718678,0,1,1710890115
2024-03-14,0x7f670f78b17dec44d5ef68a48740b6f8849cc2e6,1187,0x4a337d1df22d0d3077caefd083a1b70aa168d087,0.0,0.0,11531.00905,0,1,1710900713
2024-03-14,0x7f670f78b17dec44d5ef68a48740b6f8849cc2e6,1200,0xf2ee11039377dd00a9c611af560d27c7517e9481,11248.395798,11248.395798,11248.395798,1,1,1710417083
2024-03-14,0x7f670f78b17dec44d5ef68a48740b6f8849cc2e6,1206,0x7d9a78f607706b8f5ce26fba6c9eacabf8937df0,2224.482522,2224.482522,2217.067747,1,1,1710535001
2024-03-14,0x7f670f78b17dec44d5ef68a48740b6f8849cc2e6,1212,0x5bb96c35a68cba037d0f261c67477416db137f03,11022.309862,11022.309862,11022.309862,1,1,1710393187
2024-03-14,0x7f670f78b17dec44d5ef68a48740b6f8849cc2e6,1215,0x848887741b3e38233cd858c5dd7b48ca9197fc08,0.0,0.0,12261.998322,0,1,1710962909
2024-03-14,0x7f670f78b17dec44d5ef68a48740b6f8849cc2e6,1223,0xabe21a7537cff588e6209492afca65d635a3b313,0.0,0.0,10840.935354,0,1,1710919859
2024-03-14,0x7f670f78b17dec44d5ef68a48740b6f8849cc2e6,1239,0xcfb10af967e3fdfe8f23ff15487f0e2496a93915,0.0,0.0,15898.956073,0,1,1710733529
2024-03-14,0x7f670f78b17dec44d5ef68a48740b6f8849cc2e6,1259,0x27cfc88640089f340aeaec182baff0ddf15b1b37,2669.534163,2669.534163,2661.720131,1,1,1710408589
2024-03-14,0x7f670f78b17dec44d5ef68a48740b6f8849cc2e6,1284,0x870aa098d943382d13b491b50c6b93876eba1eea,10938.771267,10938.771267,10724.827286,1,1,1710864061
2024-03-14,0x7f670f78b17dec44d5ef68a48740b6f8849cc2e6,1287,0x2a7051d7cbbef7b6889f8e14774020b1653b94c1,0.0,0.0,2467.937505,0,1,1710851625
2024-03-14,0x7f670f78b17dec44d5ef68a48740b6f8849cc2e6,1299,0xa817e0676b2eaf46b49e5199dafa224b867e0ba0,0.0,0.0,10891.075839,0,1,1710623161
2024-03-14,0x7f670f78b17dec44d5ef68a48740b6f8849cc2e6,1355,0x5d47e5d242a8f66a6286b0a2353868875f5d6068,0.0,0.0,8906.105489,0,1,1710958309
2024-03-14,0x7f670f78b17dec44d5ef68a48740b6f8849cc2e6,1372,0xa8df0d3d1abf9fd16f992bbf4595c621935cfe0a,8712.212564,8712.212564,0.0,1,0,1710967431
2024-03-14,0x7f670f78b17dec44d5ef68a48740b6f8849cc2e6,1379,0xc6537969b03cbc712a2d9ec4d89917c4a310591f,8700.386868,8700.386868,8685.634177,1,1,1710905875
2024-03-14,0x7f670f78b17dec44d5ef68a48740b6f8849cc2e6,1394,0x7a49983815a5f0499e590698c44adfe766e6812f,0.0,0.0,8572.435164,0,1,1710901629
2024-03-14,0x7f670f78b17dec44d5ef68a48740b6f8849cc2e6,1415,0xae2586e76c8a4d8dc1ff3d9ab70bec760ae143c2,0.0,0.0,4960.361189,0,1,1710449005
2024-03-14,0x7f670f78b17dec44d5ef68a48740b6f8849cc2e6,1416,0x102ec91ad54c1d006e8c46233e55bd4b6693947e,8684.788152,17282.036304,17165.839454,2,2,1710396361
2024-03-14,0x7f670f78b17dec44d5ef68a48740b6f8849cc2e6,1441,0xc0fa207d207288d727baf8b4f2b3ca93f45da246,0.0,0.0,2441.544884,0,1,1710850331
2024-03-14,0x7f670f78b17dec44d5ef68a48740b6f8849cc2e6,1456,0x78f214cf1287b5c97df55a285e885b09c0d43e3d,0.0,0.0,7899.447672,0,1,1710497523
2024-03-14,0x7f670f78b17dec44d5ef68a48740b6f8849cc2e6,1465,0x25e2a352478b83dc0de5d74bec53a8f13d4062b6,0.0,0.0,13078.382843,0,1,1710398755
2024-03-14,0x7f670f78b17dec44d5ef68a48740b6f8849cc2e6,1473,0xb1b4d2c37c3d76eae8c47747de1d7dc782684849,0.0,0.0,1953.03692,0,1,1710961769
2024-03-14,0x7f670f78b17dec44d5ef68a48740b6f8849cc2e6,1474,0xc56e12fd9435bbedd79e03429cfe798271aa4b5e,7788.588201,7788.588201,7775.381588,1,1,1710627411
2024-03-14,0x7f670f78b17dec44d5ef68a48740b6f8849cc2e6,1480,0x487c6480c33f32435f99cfa4b1e09c0d4e4165f7,0.0,0.0,7524.47264,0,1,1710378391
2024-03-14,0x7f670f78b17dec44d5ef68a48740b6f8849cc2e6,1482,0xa817e0676b2eaf46b49e5199dafa224b867e0ba0,0.0,0.0,10653.219355,0,1,1710513745
2024-03-14,0x7f670f78b17dec44d5ef68a48740b6f8849cc2e6,1521,0xdd84ce1adcb3a4908db61a1dfa3353c3974c5a2b,0.0,0.0,1825.57152,0,1,1710855577
2024-03-14,0x7f670f78b17dec44d5ef68a48740b6f8849cc2e6,1537,0xd5148b94c8cc35749bacb9f3e2cb313b22f91810,7189.150732,7189.150732,0.0,1,0,1710489999
2024-03-14,0x7f670f78b17dec44d5ef68a48740b6f8849cc2e6,1551,0x8d4c9d041afd46915274ef608c09929d77f2010a,7106.484915,7106.484915,0.0,1,0,1710549341
2024-03-14,0x7f670f78b17dec44d5ef68a48740b6f8849cc2e6,1562,0x8d655b1af80200a6b81e11482fdea66328b16e05,3518.211132,3518.211132,7012.96805,1,1,1710412969
2024-03-14,0x7f670f78b17dec44d5ef68a48740b6f8849cc2e6,1570,0x0be7b271ba03874ad78d712246066c20c81693d3,1901.411014,1901.411014,1904.277418,1,1,1710385781
2024-03-14,0x7f670f78b17dec44d5ef68a48740b6f8849cc2e6,1631,0x3e3672b23eb22946a31263d2d178bf0fb1f4bbfd,0.0,0.0,6518.392673,0,1,1710924093
2024-03-14,0x7f670f78b17dec44d5ef68a48740b6f8849cc2e6,1652,0xbff734478f1d1e7a313f174f2444d0e366b034b7,0.0,0.0,6360.833705,0,1,1710475033
2024-03-14,0x7f670f78b17dec44d5ef68a48740b6f8849cc2e6,1679,0x018439894b681cc2aaddb613a425a1cfa6e59c29,0.0,0.0,6239.678638,0,1,1710582209
2024-03-14,0x7f670f78b17dec44d5ef68a48740b6f8849cc2e6,1692,0xd1cbf265fcdcafba2e406a17ddd3d178bc7b6803,7402.346788,7402.346788,5461.200349,1,1,1710394089
2024-03-14,0x7f670f78b17dec44d5ef68a48740b6f8849cc2e6,1696,0x915c4580dffd112db25a6cf06c76cdd9009637b7,6092.756033,6092.756033,6092.756033,1,1,1710514055
2024-03-14,0x7f670f78b17dec44d5ef68a48740b6f8849cc2e6,1740,0x5be66fe7e6bfffa5af7d9f9a3b49ae7c50ca54df,6242.330579,6242.330579,6196.506091,1,1,1710450655
2024-03-14,0x7f670f78b17dec44d5ef68a48740b6f8849cc2e6,1751,0xe1e2a52a21226ba37f28ba6cdf59f20156798f94,0.0,0.0,5423.579909,0,1,1710747595
2024-03-14,0x7f670f78b17dec44d5ef68a48740b6f8849cc2e6,1776,0x7291d890c726d68f43b32cf1d922d066533558af,5413.474081,5413.474081,5356.546234,1,1,1710885175
2024-03-14,0x7f670f78b17dec44d5ef68a48740b6f8849cc2e6,1800,0x3d78ace36ab76eae6dbfda33e2835873bccc095d,2714.553107,2714.553107,0.0,1,0,1710431653
2024-03-14,0x7f670f78b17dec44d5ef68a48740b6f8849cc2e6,1910,0x9fab59236a8608e5f1240fdeddf0d22277c7ce88,0.0,0.0,5535.11844,0,1,1710585175
2024-03-14,0x7f670f78b17dec44d5ef68a48740b6f8849cc2e6,1927,0xab37b0b63e6b94f8906bcba89c522e62e4c2e0d7,0.0,0.0,3874.073741,0,1,1710880179
2024-03-14,0x7f670f78b17dec44d5ef68a48740b6f8849cc2e6,1961,0x68e53742e7a7de9831b9752046072a942f18e4fd,0.0,0.0,4473.027235,0,1,1710575675
2024-03-14,0x7f670f78b17dec44d5ef68a48740b6f8849cc2e6,1976,0x28ebf504b2d49fc5ddb751f99d494d7607832a8d,5091.094026,5091.094026,5122.837851,1,1,1710381281
2024-03-14,0x7f670f78b17dec44d5ef68a48740b6f8849cc2e6,1984,0x28ebf504b2d49fc5ddb751f99d494d7607832a8d,5443.364335,5443.364335,5425.220195,1,1,1710381293
2024-03-14,0x7f670f78b17dec44d5ef68a48740b6f8849cc2e6,2006,0xe1926a7cbe64557ce1a6e9d8b1592130acdfb088,5282.314029,5282.314029,5173.060729,1,1,1710866147
2024-03-14,0x7f670f78b17dec44d5ef68a48740b6f8849cc2e6,2028,0xca681f8652250aef6b62a30b8156539aa13fea03,4278.062817,4278.062817,4278.062817,1,1,1710453897
2024-03-14,0x7f670f78b17dec44d5ef68a48740b6f8849cc2e6,2041,0xec5b22756d0191fbbb4afffdd5ae2a660538d196,0.0,0.0,10071.132419,0,1,1710849103
2024-03-14,0x7f670f78b17dec44d5ef68a48740b6f8849cc2e6,2063,0x8bfa2e0789f3f4d1ef2bdc86c5c7ea3885c1f2b9,0.0,0.0,4197.130662,0,1,1710939167
2024-03-14,0x7f670f78b17dec44d5ef68a48740b6f8849cc2e6,2071,0x078b8ff955e3cf77550bf2f2edfc0aacbc29adc6,0.0,0.0,4396.249973,0,1,1710943589
2024-03-14,0x7f670f78b17dec44d5ef68a48740b6f8849cc2e6,2114,0xdb743c5132eb9ae11bf829014c82ce503bc621cb,4018.970647,4018.970647,4018.970647,1,1,1710388519
2024-03-14,0x7f670f78b17dec44d5ef68a48740b6f8849cc2e6,2171,0x926934c924042370f421027abeb420b036cb71be,0.0,0.0,3947.612675,0,1,1710967843
2024-03-14,0x7f670f78b17dec44d5ef68a48740b6f8849cc2e6,2233,0x2c2b87fcf3c1e60ad01b98a9b00bbda1e4859ce4,3789.919319,3789.919319,0.0,1,0,1710939453
2024-03-14,0x7f670f78b17dec44d5ef68a48740b6f8849cc2e6,2302,0xba798ede9ff11015205d3f158cee1e587ea108b1,911.253804,911.253804,901.674151,1,1,1710404767
2024-03-14,0x7f670f78b17dec44d5ef68a48740b6f8849cc2e6,2307,0x49072cd3bf4153da87d5eb30719bb32bda60884b,0.0,0.0,3593.229658,0,1,1710876667
2024-03-14,0x7f670f78b17dec44d5ef68a48740b6f8849cc2e6,2310,0x017154d1f2c228765c494da30c018fa48a09e1ad,7461.132144,7461.132144,7315.127728,1,1,1710381475
2024-03-14,0x7f670f78b17dec44d5ef68a48740b6f8849cc2e6,2330,0xb06f3d64068da3014892c64dbd62bc9b985648c7,171231.816,171231.816,170941.469125,1,1,1710566687
2024-03-14,0x7f670f78b17dec44d5ef68a48740b6f8849cc2e6,2397,0xba971f58a00e8ffc7e91c0e8e7efccbfbfe8f09e,131255.818667,131255.818667,0.0,1,0,1710969805
2024-03-14,0x7f670f78b17dec44d5ef68a48740b6f8849cc2e6,2450,0x46893bccacaf54cc656540e98c7fdd099b9f04c6,1699.990264,1699.990264,1691.175126,1,1,1710492181
2024-03-14,0x7f670f78b17dec44d5ef68a48740b6f8849cc2e6,2475,0x9bc86996822381b9dc51d367a6bf088d397d9f68,693.202072,693.202072,1379.215077,1,1,1710610683
2024-03-14,0x7f670f78b17dec44d5ef68a48740b6f8849cc2e6,2502,0xc877d91a16a5fb483dd96a4a00ede9b240374a25,3322.942305,3322.942305,3317.307803,1,1,1710598691
2024-03-14,0x7f670f78b17dec44d5ef68a48740b6f8849cc2e6,2521,0x4b3764ab10efe2747c4f0e36bb442867abd3f9e6,0.0,0.0,3192.629522,0,1,1710602689
2024-03-14,0x7f670f78b17dec44d5ef68a48740b6f8849cc2e6,2527,0x980b32a10d21105a925dec09f42f92ddfe0fe6fa,0.0,0.0,3275.460351,0,1,1710583805
2024-03-14,0x7f670f78b17dec44d5ef68a48740b6f8849cc2e6,2528,0x8851d8834f0593602d20c53badc267b599c80754,3280.33288,3280.33288,3274.770629,1,1,1710448309
2024-03-14,0x7f670f78b17dec44d5ef68a48740b6f8849cc2e6,2557,0x3367a005c2bef54f2836a616ce3e4fa2d35910da,3538.436202,3538.436202,3549.542938,1,1,1710379131
2024-03-14,0x7f670f78b17dec44d5ef68a48740b6f8849cc2e6,2565,0xba77e0b03b41a980bb4e7bb32ec7a2dfe1b66f8f,0.0,0.0,3265.564868,0,1,1710696067
2024-03-14,0x7f670f78b17dec44d5ef68a48740b6f8849cc2e6,2596,0x261e1f4667e750b2f3895b2c0c9a4ddadfed5835,16480.5341,16480.5341,0.0,1,0,1710975175
2024-03-14,0x7f670f78b17dec44d5ef68a48740b6f8849cc2e6,2601,0x98076110c0d195b468d5776ad89004c5864ffc6d,0.0,0.0,3179.030178,0,1,1710923061
2024-03-14,0x7f670f78b17dec44d5ef68a48740b6f8849cc2e6,2615,0x7d9f4a3ab2568f61c9087a8b5506dfcd5e8fea49,3422.148572,3422.148572,3416.345853,1,1,1710507445
2024-03-14,0x7f670f78b17dec44d5ef68a48740b6f8849cc2e6,2636,0x50258a2ae0b3065754936828cd7814731c6fc008,0.0,0.0,1522.569921,0,1,1710894953
2024-03-14,0x7f670f78b17dec44d5ef68a48740b6f8849cc2e6,2674,0x8298ca68dd147f42d2b355d320da71561defcd21,0.0,0.0,5331.358158,0,1,1710919607
2024-03-14,0x7f670f78b17dec44d5ef68a48740b6f8849cc2e6,2682,0x2f486cd2711fed55ecc481a5a0ac62001ebfb16c,1485.437531,1485.437531,1485.437531,1,1,1710567323
2024-03-14,0x7f670f78b17dec44d5ef68a48740b6f8849cc2e6,2732,0xb21cf61c3cb30d0f884eadc3d81cd7d8722fd820,0.0,0.0,2865.196554,0,1,1710443793
2024-03-14,0x7f670f78b17dec44d5ef68a48740b6f8849cc2e6,2873,0x9a62db4c17146172c0b88e7e439df169a0f93e0e,0.0,0.0,557.3392,0,1,1710870365
2024-03-14,0x7f670f78b17dec44d5ef68a48740b6f8849cc2e6,2987,0x4f266f295bad85436ecea51e0ae2afe82b11553b,2020.270509,2020.270509,1964.335172,1,1,1710405185
2024-03-14,0x7f670f78b17dec44d5ef68a48740b6f8849cc2e6,2998,0x1c0d0ab4eb517556197dff3bf4dbb9481702d516,0.0,0.0,2169.597763,0,1,1710812389
2024-03-14,0x7f670f78b17dec44d5ef68a48740b6f8849cc2e6,3041,0x7caea457224c345d1518a23fbd07ebdbdd21170c,509.389808,1528.169424,1966.499978,2,2,1710891691
2024-03-14,0x7f670f78b17dec44d5ef68a48740b6f8849cc2e6,3046,0x16d890467de4d32bbcbab402073c5533609ae848,481.66518,481.66518,468.440855,1,1,1710403893
2024-03-14,0x7f670f78b17dec44d5ef68a48740b6f8849cc2e6,3072,0x6eabe04636a21156a56bb3ce4096ce49dbc280ed,189.171267,189.171267,460.681133,1,1,1710718531
2024-03-14,0x7f670f78b17dec44d5ef68a48740b6f8849cc2e6,3087,0xa3ad5cfb4ff4b68e37a338da200ba441c1850b5b,0.0,0.0,1841.667839,0,1,1710684347
2024-03-14,0x7f670f78b17dec44d5ef68a48740b6f8849cc2e6,3131,0x5192309938ef4a6804e89d20c839169f05d8a8ac,0.0,0.0,1792.487738,0,1,1710940263
2024-03-14,0x7f670f78b17dec44d5ef68a48740b6f8849cc2e6,3157,0xbf6e93fb31a9b2f6818004995d89eee73a4cbeac,0.0,0.0,1780.155435,0,1,1710461341
2024-03-14,0x7f670f78b17dec44d5ef68a48740b6f8849cc2e6,3164,0x4d26f0e78c154f8fda7acf6646246fa135507017,1542.707131,1542.707131,1455.559593,1,1,1710488601
2024-03-14,0x7f670f78b17dec44d5ef68a48740b6f8849cc2e6,3177,0x2236b805cc6aa7a9f692fd20d470f08919813d3f,0.0,0.0,906.481557,0,1,1710964313
2024-03-14,0x7f670f78b17dec44d5ef68a48740b6f8849cc2e6,3235,0xe12d731750e222ec53b001e00d978901b134cfc9,0.0,0.0,1650.485997,0,1,1710751799
2024-03-14,0x7f670f78b17dec44d5ef68a48740b6f8849cc2e6,3247,0x99d6d24012361620bfa1a3f16d4e745066fc7c69,0.0,0.0,1673.879109,0,1,1710936279
2024-03-14,0x7f670f78b17dec44d5ef68a48740b6f8849cc2e6,3316,0x4df0df2d3780a192e4ee87cce6156c562904e940,0.0,0.0,1582.226895,0,1,1710387821
2024-03-14,0x7f670f78b17dec44d5ef68a48740b6f8849cc2e6,3326,0x48b576c87e788a762d6f95a456f2a39113b46950,0.0,0.0,1553.773003,0,1,1710387697
2024-03-14,0x7f670f78b17dec44d5ef68a48740b6f8849cc2e6,3327,0x08928dcb5bd0b58f8de51921eaade7da8146d259,0.0,0.0,1570.356678,0,1,1710387955
2024-03-14,0x7f670f78b17dec44d5ef68a48740b6f8849cc2e6,3333,0x227fd2fd881cc6c99dfccc0fb40f2b1dc2f3f36e,0.0,0.0,1542.852977,0,1,1710388055
2024-03-14,0x7f670f78b17dec44d5ef68a48740b6f8849cc2e6,3379,0xd964322565932d5b124fe8eee64ab179a5d8c880,1507.07196,1507.07196,1491.283468,1,1,1710914167
2024-03-14,0x7f670f78b17dec44d5ef68a48740b6f8849cc2e6,3433,0x7497b333895c64a56924b293e68a6468963f2a7e,0.0,0.0,711.132644,0,1,1710875825
2024-03-14,0x7f670f78b17dec44d5ef68a48740b6f8849cc2e6,3590,0x9b32e12d0678628aee378dbdf92f7f66f3f4df80,1190.828509,1190.828509,1194.318716,1,1,1710573591
2024-03-14,0x7f670f78b17dec44d5ef68a48740b6f8849cc2e6,3645,0xe7bbf1db8cba14a889874b1e2c82750c0baa5537,1107.822858,1107.822858,1107.822858,1,1,1710418811
2024-03-14,0x7f670f78b17dec44d5ef68a48740b6f8849cc2e6,3693,0x01732178fe9411f1b46b526e5d52ed958ac0027e,1079.479046,1079.479046,1079.479046,1,1,1710553551
2024-03-14,0x7f670f78b17dec44d5ef68a48740b6f8849cc2e6,3712,0xc9f40ddb6b288bd3539ad35cbfae86883c6a0bad,1073.065994,1073.065994,1073.065994,1,1,1710753959
2024-03-14,0x7f670f78b17dec44d5ef68a48740b6f8849cc2e6,3747,0x894b87dfb9e79082d2d0ac7c16ce40658afd42d1,2885.203759,2885.203759,0.0,1,0,1710448519
2024-03-14,0x7f670f78b17dec44d5ef68a48740b6f8849cc2e6,3753,0x7384f4c55d2a6392b36fd4f16e314cb6cc14afe0,0.0,0.0,1073.445825,0,1,1710509651
2024-03-14,0x7f670f78b17dec44d5ef68a48740b6f8849cc2e6,3758,0xe492e921f11d8c42f78e80e9bb9abc75d9c49243,0.0,0.0,854.716162,0,1,1710875943
2024-03-14,0x7f670f78b17dec44d5ef68a48740b6f8849cc2e6,3781,0xaf11495f021c5c2c5f5230f40d5d57ebe4059700,0.0,0.0,29255.073247,0,1,1710968279
2024-03-14,0x7f670f78b17dec44d5ef68a48740b6f8849cc2e6,3850,0xf81d02a2797afd51c71225b07076f87b29bca025,0.0,0.0,969.125463,0,1,1710936109
2024-03-14,0x7f670f78b17dec44d5ef68a48740b6f8849cc2e6,3871,0x460145d20d34679006962c14b4a057286c9c6aba,931.591134,931.591134,931.591134,1,1,1710754165
2024-03-14,0x7f670f78b17dec44d5ef68a48740b6f8849cc2e6,3942,0x2808370606f07a16442a77ba45b9994beec6aed2,449.310533,449.310533,872.507757,1,1,1710457463
2024-03-14,0x7f670f78b17dec44d5ef68a48740b6f8849cc2e6,3994,0x90931fad1c6fd50e16b45053521072a7070a5b1d,949.681376,949.681376,0.0,1,0,1710387321
2024-03-14,0x7f670f78b17dec44d5ef68a48740b6f8849cc2e6,4034,0x87e696610f11480ed9d01b1e2e26a90eb5832a02,0.0,0.0,788.96771,0,1,1710638263
2024-03-14,0x7f670f78b17dec44d5ef68a48740b6f8849cc2e6,4048,0x452e1f2a5f71ab4fa3f8323a3902a479c643a882,784.617601,784.617601,0.0,1,0,1710664999
2024-03-14,0x7f670f78b17dec44d5ef68a48740b6f8849cc2e6,4113,0x194bbcbfd3913843d260025e6664226f3357c80e,0.0,0.0,750.65624,0,1,1710770033
2024-03-14,0x7f670f78b17dec44d5ef68a48740b6f8849cc2e6,4246,0x5a884d400df60d92391185d39bf169700a049539,665.448142,665.448142,665.448142,1,1,1710400991
2024-03-14,0x7f670f78b17dec44d5ef68a48740b6f8849cc2e6,4268,0x9a293d82710058d930376ee0af037da5d3421ec6,0.0,0.0,761.1784,0,1,1710575803
2024-03-14,0x7f670f78b17dec44d5ef68a48740b6f8849cc2e6,4334,0x4f2d98e454d345f18ca7a57d0eeaad33653766aa,7518.070469,7518.070469,3986.109854,1,1,1710921039
2024-03-14,0x7f670f78b17dec44d5ef68a48740b6f8849cc2e6,4341,0xacdba7adae48167c130c2fbdb08b69db135b453c,646.159364,646.159364,600.937183,1,1,1710961549
2024-03-14,0x7f670f78b17dec44d5ef68a48740b6f8849cc2e6,4358,0x0eca5bd7b78603c3a4b3292914c98b94500f843a,3625.407415,3625.407415,3593.655487,1,1,1710968699
2024-03-14,0x7f670f78b17dec44d5ef68a48740b6f8849cc2e6,4482,0xfc427d3112ccef24dce7fda59238aceca2b8105a,0.0,0.0,591.535233,0,1,1710396197
2024-03-14,0x7f670f78b17dec44d5ef68a48740b6f8849cc2e6,4502,0x553222b267bc978aca3c28493aef72d924b264bd,466.029849,466.029849,476.246455,1,1,1710733413
2024-03-14,0x7f670f78b17dec44d5ef68a48740b6f8849cc2e6,4518,0x43917a8174465dc01522e8e14335eaa2cde33f6f,53.162596,53.162596,52.886927,1,1,1710448057
2024-03-14,0x7f670f78b17dec44d5ef68a48740b6f8849cc2e6,4544,0x9885ac5d0296388fb290a392c6b27d5ab1605596,450.488249,450.488249,0.0,1,0,1710407235
2024-03-14,0x7f670f78b17dec44d5ef68a48740b6f8849cc2e6,4619,0x05266e8cfa94c077d043f00fde61609dc75ecd11,471.811464,471.811464,0.0,1,0,1710609865
2024-03-14,0x7f670f78b17dec44d5ef68a48740b6f8849cc2e6,4659,0x7a7acf2241c2b388b6b7eb8bba78f615f6f773b2,481.624364,481.624364,481.624364,1,1,1710683927
2024-03-14,0x7f670f78b17dec44d5ef68a48740b6f8849cc2e6,4687,0xeae5be3835191ebd198af53aa6541cc7de87d6e4,0.0,0.0,463.152015,0,1,1710873801
2024-03-14,0x7f670f78b17dec44d5ef68a48740b6f8849cc2e6,4743,0x87751ed036c0c5048c42d3a637163a932da0ff30,0.0,0.0,790.955109,0,1,1710506493
2024-03-14,0x7f670f78b17dec44d5ef68a48740b6f8849cc2e6,4876,0xb1d67ccacf4416f726615d42f27bcd1cc45e03c1,424.765913,424.765913,424.765913,1,1,1710611733
2024-03-14,0x7f670f78b17dec44d5ef68a48740b6f8849cc2e6,4936,0x77e395ccb0f042083f389404f3459dad40b6d552,1439.998043,1439.998043,1198.010323,1,1,1710723971
2024-03-14,0x7f670f78b17dec44d5ef68a48740b6f8849cc2e6,5010,0xab4382aadae5bf4b37b90b9dc07fc72d52e2a28a,596.57734,596.57734,0.0,1,0,1710671109
2024-03-14,0x7f670f78b17dec44d5ef68a48740b6f8849cc2e6,5056,0x7e5c1a665bfd595a8de3ac91dabb37a65db04096,1620.749202,1620.749202,0.0,1,0,1710451753
2024-03-14,0x7f670f78b17dec44d5ef68a48740b6f8849cc2e6,5280,0x16c2312b7168f0e268751a4d5d73953176d87768,393.759748,393.759748,0.0,1,0,1710698803
2024-03-14,0x7f670f78b17dec44d5ef68a48740b6f8849cc2e6,5432,0x4a40eb870dcf533d4dc097c3d87aafe9f64490a1,0.0,0.0,382.780705,0,1,1710697227
2024-03-14,0x7f670f78b17dec44d5ef68a48740b6f8849cc2e6,5457,0x8db7a537d8478df3c6d95ff33b4270342862957f,0.0,0.0,109.361227,0,1,1710486579
2024-03-14,0x7f670f78b17dec44d5ef68a48740b6f8849cc2e6,5628,0x2c85610b99c549b9c877bd86efa3898860d5d40a,379.265154,379.265154,0.0,1,0,1710975387
2024-03-14,0x7f670f78b17dec44d5ef68a48740b6f8849cc2e6,5719,0x0e9e11fe0f6e6abbe12ba1d099dcf27b1c4b473b,0.0,0.0,541.546668,0,1,1710974959
2024-03-14,0x7f670f78b17dec44d5ef68a48740b6f8849cc2e6,5765,0x5d781a5e0d360006b28c96f383d54f6b622044ab,0.0,0.0,21377.26641,0,1,1710849161
2024-03-14,0x7f670f78b17dec44d5ef68a48740b6f8849cc2e6,5884,0x8181432899253fa56fdfeb559a9da64ec75d9f15,0.0,0.0,365.769357,0,1,1710696105
2024-03-14,0x7f670f78b17dec44d5ef68a48740b6f8849cc2e6,5892,0x0c3ef07338d82406f4e49bcb6df157b94a3dcd38,360.102367,360.102367,360.102367,1,1,1710378729
2024-03-14,0x7f670f78b17dec44d5ef68a48740b6f8849cc2e6,6001,0xe538eb2f128634a95a0ce48f9efb3b6b58d1b3eb,4111.14054,4111.14054,4111.14054,1,1,1710422091
2024-03-14,0x7f670f78b17dec44d5ef68a48740b6f8849cc2e6,6052,0x1744eca50e2940e1472e4593dc7b5344941bd7ca,0.0,0.0,355.42002,0,1,1710966291
2024-03-14,0x7f670f78b17dec44d5ef68a48740b6f8849cc2e6,6055,0x546c172dda6b062bb7bb4cf28cd5dc4390fef50e,0.0,0.0,355.267956,0,1,1710668899
2024-03-14,0x7f670f78b17dec44d5ef68a48740b6f8849cc2e6,6260,0x1962f0009f1a7f1ea458f7f7574f9798dc851fe0,350.882686,350.882686,350.882686,1,1,1710482309
2024-03-14,0x7f670f78b17dec44d5ef68a48740b6f8849cc2e6,6296,0x0535cb51af15f81be86da6d48458a722a5736950,360.715655,360.715655,0.0,1,0,1710868505
2024-03-14,0x7f670f78b17dec44d5ef68a48740b6f8849cc2e6,6313,0xc0de72a1b723452cacf35570db24fa13ec8bc562,0.0,0.0,355.107813,0,1,1710626421
2024-03-14,0x7f670f78b17dec44d5ef68a48740b6f8849cc2e6,6332,0xcf587e6c2530e353971c2a3ea0f12543680e6d04,352.419854,352.419854,352.419854,1,1,1710395915
2024-03-14,0x7f670f78b17dec44d5ef68a48740b6f8849cc2e6,6356,0x6fec46201a6f132c81142ac49a001791969520b8,87.321054,87.321054,0.0,1,0,1710446881
2024-03-14,0x7f670f78b17dec44d5ef68a48740b6f8849cc2e6,6400,0xfe4841a4615b8132e6e116a033ca39333c63d121,0.0,0.0,348.355146,0,1,1710913569
2024-03-14,0x7f670f78b17dec44d5ef68a48740b6f8849cc2e6,6409,0xe9f3013f9dc7e7de64d712886e04d419c74399b4,358.506147,358.506147,0.0,1,0,1710841923
2024-03-14,0x7f670f78b17dec44d5ef68a48740b6f8849cc2e6,6433,0x510bd1a857df836c2ad57aa3a6fae396e011d958,0.0,0.0,4110.029105,0,1,1710724901
2024-03-14,0x7f670f78b17dec44d5ef68a48740b6f8849cc2e6,6438,0x510b0068c0756bbefcbaffb6567e467d661291fe,0.0,0.0,7198.234347,0,1,1710722931
2024-03-14,0x7f670f78b17dec44d5ef68a48740b6f8849cc2e6,6441,0xdcea88b624fba5f204231a58008704f744de3651,4.19652,4.19652,0.0,1,0,1710387239
2024-03-14,0x7f670f78b17dec44d5ef68a48740b6f8849cc2e6,6518,0x5da68351bd082abda73e42ac981db51d9364fe69,0.0,0.0,279.981043,0,1,1710931941
2024-03-14,0x7f670f78b17dec44d5ef68a48740b6f8849cc2e6,6520,0x509aaf71f59b61f6e2184f8c2db7da0bacf6d53a,4709.218164,4709.218164,4693.521123,1,1,1710417543
2024-03-14,0x7f670f78b17dec44d5ef68a48740b6f8849cc2e6,6570,0xe7548e35ed9cb5ff77dc62d605af2c6c8a89c3fd,15.816085,15.816085,0.0,1,0,1710496547
2024-03-14,0x7f670f78b17dec44d5ef68a48740b6f8849cc2e6,6575,0x1f1b1e1a3d061f80d2a4396178e10e228e8bdc08,107.195745,107.195745,107.672079,1,1,1710436397
2024-03-14,0x7f670f78b17dec44d5ef68a48740b6f8849cc2e6,6607,0xbd54cabe09e6d0c0f2a306d918f1dc669af7a412,0.0,0.0,241.797389,0,1,1710413067
2024-03-14,0x7f670f78b17dec44d5ef68a48740b6f8849cc2e6,6777,0xee6c29d19ac7f94a2d100a9a6bac8491d1c5bad8,1140.342814,1140.342814,1146.855299,1,1,1710454785
2024-03-14,0x7f670f78b17dec44d5ef68a48740b6f8849cc2e6,6808,0x8aa98470de4bf6a85f13393ae1169a5e625a4e6d,933.052688,933.052688,938.367373,1,1,1710728211
2024-03-14,0x7f670f78b17dec44d5ef68a48740b6f8849cc2e6,6865,0x1aa4a66ef0cfa99ca9d39fdad2b05489744c972a,23.554174,23.554174,23.615826,1,1,1710488179
2024-03-14,0x7f670f78b17dec44d5ef68a48740b6f8849cc2e6,6923,0x25e2a352478b83dc0de5d74bec53a8f13d4062b6,0.0,0.0,1395.222998,0,1,1710398747
2024-03-14,0x7f670f78b17dec44d5ef68a48740b6f8849cc2e6,6957,0x1b89a08d82079337740e1cef68c571069725306e,0.0,0.0,2755.402525,0,1,1710724605
2024-03-14,0x7f670f78b17dec44d5ef68a48740b6f8849cc2e6,7049,0xe7de9bada139629600b5d140c0eff9cff34524cc,0.0,0.0,2935.721455,0,1,1710749365
2024-03-14,0x7f670f78b17dec44d5ef68a48740b6f8849cc2e6,7096,0x7098d5ee6c5f1d1641f3a872e9acf0b97cc8aa75,444.40262,444.40262,446.120169,1,1,1710724591
2024-03-14,0x7f670f78b17dec44d5ef68a48740b6f8849cc2e6,7187,0x1b08bc49accb4fb813bc9cb7f3a1f7f93510010e,0.0,0.0,7481.090924,0,1,1710722615
2024-03-14,0x7f670f78b17dec44d5ef68a48740b6f8849cc2e6,7844,0x4dccb4444a0a804b778ddac22dc21b4fd0fe1a0d,0.0,0.0,4.8022,0,1,1710828517
2024-03-14,0x7f670f78b17dec44d5ef68a48740b6f8849cc2e6,7857,0x4886ba5d2b3e0ae1e80172d3bddc4feb32e1ce26,1.743442,1.743442,4.258749,1,1,1710822803
2024-03-14,0x7f670f78b17dec44d5ef68a48740b6f8849cc2e6,7870,0xaed88729d6e9f7304eb3b9aa224a597162ded94d,0.0,0.0,7260.359941,0,1,1710711721
2024-03-14,0x7f670f78b17dec44d5ef68a48740b6f8849cc2e6,8077,0x6b02c2b4e93e18a7a5a0a519ba36c8eb5c8a8732,1877.358031,1877.358031,1650.37916,1,1,1710968627
2024-03-14,0x7f670f78b17dec44d5ef68a48740b6f8849cc2e6,8251,0xb1213ef183f374fa61845e67cbf1b0ec79642c27,208.956497,208.956497,211.690311,1,1,1710781941
2024-03-14,0x7f670f78b17dec44d5ef68a48740b6f8849cc2e6,8301,0xcb9503adf8d6a6335a2238891e824e5da551ddf2,1028.377016,1028.377016,1278.729809,1,1,1710566831
2024-03-14,0x7f670f78b17dec44d5ef68a48740b6f8849cc2e6,8340,0xb646d2010fd291d79b693189c95a0efb1c7ac2de,0.0,0.0,624.766554,0,1,1710638803
2024-03-14,0x7f670f78b17dec44d5ef68a48740b6f8849cc2e6,8345,0x03b7f7cb25be1bcfa4ba8a0e5fb7c1f404cbede2,26650.864627,26650.864627,26732.987317,1,1,1710954341
2024-03-14,0x7f670f78b17dec44d5ef68a48740b6f8849cc2e6,8347,0x0578fe63a40dd249b853487dae3c9eb01957628e,0.0,0.0,36974.972029,0,1,1710948105
2024-03-14,0x7f670f78b17dec44d5ef68a48740b6f8849cc2e6,8355,0x1594b251df6b70ca9a01d4de0836ab4fd9811241,67015.866693,67015.866693,0.0,1,0,1710971877
2024-03-14,0x7f670f78b17dec44d5ef68a48740b6f8849cc2e6,8390,0x4e51a06e4643197e1be2f050b6af60f9ad3cef06,0.0,0.0,3033.031564,0,1,1710433647
2024-03-14,0x7f670f78b17dec44d5ef68a48740b6f8849cc2e6,8443,0xaed88729d6e9f7304eb3b9aa224a597162ded94d,0.0,0.0,1500.950607,0,1,1710712197
2024-03-14,0x7f670f78b17dec44d5ef68a48740b6f8849cc2e6,8476,0xec5b22756d0191fbbb4afffdd5ae2a660538d196,0.0,0.0,1305.270048,0,1,1710849111
2024-03-14,0x7f670f78b17dec44d5ef68a48740b6f8849cc2e6,8524,0x23d7c2fb9f163441874d72399b28d677f47020b0,0.0,0.0,32029.948673,0,1,1710955913
2024-03-14,0x7f670f78b17dec44d5ef68a48740b6f8849cc2e6,8665,0x7cb6329ef5a332e8687888d604b03cf9afefc944,1858.427672,1858.427672,1863.203061,1,1,1710466063
2024-03-14,0x7f670f78b17dec44d5ef68a48740b6f8849cc2e6,9196,0x1aa4a66ef0cfa99ca9d39fdad2b05489744c972a,2512.991335,2512.991335,2518.970371,1,1,1710488185
2024-03-14,0x7f670f78b17dec44d5ef68a48740b6f8849cc2e6,9255,0x4e51a06e4643197e1be2f050b6af60f9ad3cef06,0.0,0.0,1822.79095,0,1,1710433673
2024-03-14,0x7f670f78b17dec44d5ef68a48740b6f8849cc2e6,9357,0x0e87f2fe65333351eb586c9b0bd232ae8cf27065,466.235436,466.235436,476.582259,1,1,1710576687
2024-03-14,0x7f670f78b17dec44d5ef68a48740b6f8849cc2e6,9538,0xd48f1a44e56526e96a983ff750559aa365810d5a,110.890523,110.890523,117.289984,1,1,1710915595
2024-03-14,0x7f670f78b17dec44d5ef68a48740b6f8849cc2e6,9552,0xc3b840929c916f291bbce9529aff1a1c7f58ff71,0.0,0.0,36.49064,0,1,1710759703
2024-03-14,0x7f670f78b17dec44d5ef68a48740b6f8849cc2e6,9707,0x60034a6d90f54d3bbc3188033fd08b1a146802ba,759.755548,759.755548,1509.47232,1,1,1710523543
2024-03-14,0x7f670f78b17dec44d5ef68a48740b6f8849cc2e6,9759,0xc315f794b2b2f988d15feaa380f0b36f1842a806,6509.742554,6509.742554,6536.190884,1,1,1710623145
2024-03-14,0x7f670f78b17dec44d5ef68a48740b6f8849cc2e6,9792,0x487c6480c33f32435f99cfa4b1e09c0d4e4165f7,0.0,0.0,1243.077657,0,1,1710378139
2024-03-14,0x7f670f78b17dec44d5ef68a48740b6f8849cc2e6,9816,0xd99208a6b2c353b88db78f04642b47f9fa993337,751.506618,751.506618,757.909528,1,1,1710772327
2024-03-14,0x7f670f78b17dec44d5ef68a48740b6f8849cc2e6,9847,0x1302a937bc0fe8a06f124e644236c876b639f54e,1151.900097,1151.900097,0.0,1,0,1710510487
2024-03-14,0x7f670f78b17dec44d5ef68a48740b6f8849cc2e6,9923,0xdcac0ee047da0ab449f6beb08c8f79c00eabc67d,0.0,0.0,21112.346506,0,1,1710440617
2024-03-14,0x7f670f78b17dec44d5ef68a48740b6f8849cc2e6,9927,0x4e51a06e4643197e1be2f050b6af60f9ad3cef06,0.0,0.0,1643.358077,0,1,1710433811
2024-03-14,0x7f670f78b17dec44d5ef68a48740b6f8849cc2e6,9946,0x1151ce76cca782a19f751925ef383ed744533663,0.0,0.0,32094.404695,0,1,1710385327
2024-03-14,0x7f670f78b17dec44d5ef68a48740b6f8849cc2e6,10065,0xfb176697fe881af351fa450d85e730018bc36f68,0.0,0.0,59668.546798,0,1,1710479647
2024-03-14,0x7f670f78b17dec44d5ef68a48740b6f8849cc2e6,10244,0x80b9fd429f47dc6a7f02acff90a1959956a19607,0.0,0.0,1913.286146,0,1,1710869725
2024-03-14,0x7f670f78b17dec44d5ef68a48740b6f8849cc2e6,10261,0x97d37e8b619cf4c6145da456766ca4fa157292d3,23556.24574,23556.24574,23624.883734,1,1,1710587805
2024-03-14,0x7f670f78b17dec44d5ef68a48740b6f8849cc2e6,10289,0xb413a48088cfb0074f75349c790062920434e321,144605.667824,144605.667824,145315.158856,1,1,1710430431
2024-03-14,0x7f670f78b17dec44d5ef68a48740b6f8849cc2e6,10294,0x48a6a8d403a58eccc70d4d57347f801d4e182564,0.0,0.0,1502468.834749,0,1,1710962043
2024-03-14,0x7f670f78b17dec44d5ef68a48740b6f8849cc2e6,10295,0xc875b3dae5b0c371bc8cf9ded64868b78ac47587,253787.40634,253787.40634,126533.13373,1,1,1710977963
2024-03-14,0x7f670f78b17dec44d5ef68a48740b6f8849cc2e6,10296,0x03c70563e94de5de56c11a0cc4ce3482f592854f,632724.165764,632724.165764,315463.137574,1,1,1710977765
2024-03-14,0x7f670f78b17dec44d5ef68a48740b6f8849cc2e6,10298,0xc9814f18a8751214f719de15c54d01b3d78ef14f,114991.629059,10023080.307765,9966818.689191,170,170,1710977733
2024-03-14,0x7f670f78b17dec44d5ef68a48740b6f8849cc2e6,10339,0x74f5f9cb980d5365882e8711ca98ba790289de79,1.983921,1.983921,1.343303,1,1,1710394873
2024-03-14,0x7f670f78b17dec44d5ef68a48740b6f8849cc2e6,10354,0x0123e230c261e026c476a21fae07de3aa55ac870,2077.829634,2077.829634,0.0,1,0,1710962057
2024-03-14,0x7f670f78b17dec44d5ef68a48740b6f8849cc2e6,10366,0xeebf48360c333407076f4a8191017bd30a88af56,314.304885,314.304885,0.0,1,0,1710510167
2024-03-14,0x7f670f78b17dec44d5ef68a48740b6f8849cc2e6,10379,0x7c2a79124cf65fe7f671f421d767c8d2ab7cd7e1,2440.676144,2440.676144,2447.837953,1,1,1710898225
2024-03-14,0x7f670f78b17dec44d5ef68a48740b6f8849cc2e6,10431,0xfb176697fe881af351fa450d85e730018bc36f68,0.0,0.0,11474.668252,0,1,1710479665
2024-03-14,0x7f670f78b17dec44d5ef68a48740b6f8849cc2e6,10472,0xb413a48088cfb0074f75349c790062920434e321,106215.005903,106215.005903,106040.474963,1,1,1710430463
2024-03-14,0x7f670f78b17dec44d5ef68a48740b6f8849cc2e6,10526,0xfb4a7f3b61e66f2ffce84415eb39aaf3ab2a024c,12081.80701,12081.80701,12124.229097,1,1,1710753211
2024-03-14,0x7f670f78b17dec44d5ef68a48740b6f8849cc2e6,10536,0xae2586e76c8a4d8dc1ff3d9ab70bec760ae143c2,0.0,0.0,467.617882,0,1,1710449109
2024-03-14,0x7f670f78b17dec44d5ef68a48740b6f8849cc2e6,10538,0xc315f794b2b2f988d15feaa380f0b36f1842a806,920.0,920.0,920.0,1,1,1710623145
2024-03-14,0x7f670f78b17dec44d5ef68a48740b6f8849cc2e6,10609,0x75da3386d4de9fdcdc29ebc2f92e466865197ee5,132.230398,132.230398,138.902225,1,1,1710610755
2024-03-14,0x7f670f78b17dec44d5ef68a48740b6f8849cc2e6,10654,0x6e98386f1951e6f997691c4a3bfa27126a7f9041,0.0,0.0,24951.240131,0,1,1710727011
2024-03-14,0x7f670f78b17dec44d5ef68a48740b6f8849cc2e6,10657,0x892176d784bed3dc877a62f3ff9fc091377b2a49,0.0,0.0,7763.297169,0,1,1710383781
2024-03-14,0x7f670f78b17dec44d5ef68a48740b6f8849cc2e6,10796,0xb71ba81a183b2f956c9820729642063d64780b93,0.0,0.0,28562.740507,0,1,1710902781
2024-03-14,0x7f670f78b17dec44d5ef68a48740b6f8849cc2e6,10872,0xeab3e731b301144d2431e364731626e71c87f43c,280991.878582,280991.878582,268277.719597,1,1,1710738749
2024-03-14,0x7f670f78b17dec44d5ef68a48740b6f8849cc2e6,10903,0x37d893705acea43cdeb3423de8e66464fb295daa,0.0,0.0,300.776652,0,1,1710403883
2024-03-14,0x7f670f78b17dec44d5ef68a48740b6f8849cc2e6,11018,0x87c9b9a4e9eaa22a4e80bddd23e5a98ae65eda1f,7093.560006,7093.560006,23490.472661,1,1,1710762251
2024-03-14,0x7f670f78b17dec44d5ef68a48740b6f8849cc2e6,11022,0xea6d4b6962d9c19c62dd391bbf4c5e7a3ac0632a,2784.0793,2784.0793,2779.358514,1,1,1710975367
2024-03-14,0x7f670f78b17dec44d5ef68a48740b6f8849cc2e6,11025,0x7c7636913a70e447288843e395dc3d1f5008a074,1933.077671,1933.077671,1941.679286,1,1,1710426159
2024-03-14,0x7f670f78b17dec44d5ef68a48740b6f8849cc2e6,11026,0x7c7636913a70e447288843e395dc3d1f5008a074,3199.025045,3199.025045,3302.068374,1,1,1710426185
2024-03-14,0x7f670f78b17dec44d5ef68a48740b6f8849cc2e6,11069,0x9bd11e9313f61b2aed601eb9d8271c3230752e7e,0.0,0.0,71639.506048,0,1,1710948717
2024-03-14,0x7f670f78b17dec44d5ef68a48740b6f8849cc2e6,11090,0xea6d4b6962d9c19c62dd391bbf4c5e7a3ac0632a,2912.886768,2912.886768,3006.535716,1,1,1710975379
2024-03-14,0x7f670f78b17dec44d5ef68a48740b6f8849cc2e6,11101,0x03769ef2598ff2e72d5e937f804e8e43a3e022e5,1082.47,1082.47,0.0,1,0,1710551663
2024-03-14,0x7f670f78b17dec44d5ef68a48740b6f8849cc2e6,11154,0xfe6f04161ee19801efd6db1f9e692984e234d99e,9683.29446,9683.29446,9732.348426,1,1,1710430723
2024-03-14,0x7f670f78b17dec44d5ef68a48740b6f8849cc2e6,11167,0x6b257a248e2c51e932af22058146ee23cd57b79f,25.665025,25.665025,6.18584,1,1,1710454503
2024-03-14,0x7f670f78b17dec44d5ef68a48740b6f8849cc2e6,11184,0x138dd537d56f2f2761a6fc0a2a0ace67d55480fe,2584.185425,2584.185425,2604.940458,1,1,1710548315
2024-03-14,0x7f670f78b17dec44d5ef68a48740b6f8849cc2e6,11200,0x8b394ebde92e96f4922893202760ca9ab776b133,1095.51401,1095.51401,1099.130726,1,1,1710446361
2024-03-14,0x7f670f78b17dec44d5ef68a48740b6f8849cc2e6,11232,0x728d66a885376d1ddf0809f4254085f171b157bd,28137.188841,28137.188841,0.0,1,0,1710384425
2024-03-14,0x7f670f78b17dec44d5ef68a48740b6f8849cc2e6,11240,0x4e51a06e4643197e1be2f050b6af60f9ad3cef06,0.0,0.0,871.551423,0,1,1710433745
2024-03-14,0x7f670f78b17dec44d5ef68a48740b6f8849cc2e6,11245,0x138dd537d56f2f2761a6fc0a2a0ace67d55480fe,14201.86593,28403.73186,28298.35688,2,2,1710548305
2024-03-14,0x7f670f78b17dec44d5ef68a48740b6f8849cc2e6,11268,0xa611620d9079195043b6bde2fd752230a5094ed9,13562.767331,13562.767331,13395.061343,1,1,1710609045
2024-03-14,0x7f670f78b17dec44d5ef68a48740b6f8849cc2e6,11282,0x9e5a57470a2a136a3d4de39e1996e05944c4b1fb,0.0,0.0,97681.513262,0,1,1710964389
2024-03-14,0x7f670f78b17dec44d5ef68a48740b6f8849cc2e6,11370,0xeab3e731b301144d2431e364731626e71c87f43c,48271.406048,48271.406048,48189.555302,1,1,1710738753
2024-03-14,0x7f670f78b17dec44d5ef68a48740b6f8849cc2e6,11399,0x28878aec6b4209d90a40890183e3322f0ae5b2e2,0.0,0.0,74154.43632,0,1,1710967323
2024-03-14,0x7f670f78b17dec44d5ef68a48740b6f8849cc2e6,11410,0x84572c31acdd30c03982e27b809d30b1efbcd8f2,0.0,0.0,3532.839743,0,1,1710866221
2024-03-14,0x7f670f78b17dec44d5ef68a48740b6f8849cc2e6,11509,0xf99983c1b128b87bed9ae10ec19df12fefdeb822,0.0,0.0,1918.29867,0,1,1710886799
2024-03-14,0x7f670f78b17dec44d5ef68a48740b6f8849cc2e6,11518,0xf341c76d256d4fa386a685090ec86f534b769678,60525.785455,60525.785455,59972.251821,1,1,1710968565
2024-03-14,0x7f670f78b17dec44d5ef68a48740b6f8849cc2e6,11725,0x0d1c41d60ef876b3244c9db50ea5c196ced8e07e,29.424453,29.424453,30.556789,1,1,1710777637
2024-03-14,0x7f670f78b17dec44d5ef68a48740b6f8849cc2e6,11911,0xf05454c3d16090b652cf5389c9ee520cec477e5e,0.0,0.0,490.991907,0,1,1710851187
2024-03-14,0x7f670f78b17dec44d5ef68a48740b6f8849cc2e6,12012,0x556c9c6bde32c7a019a273fa2750ad13b46ac374,32612.985298,32612.985298,0.0,1,0,1710974981
2024-03-14,0x7f670f78b17dec44d5ef68a48740b6f8849cc2e6,12061,0x87f16c31e32ae543278f5194cf94862f1cb1eee0,0.0,0.0,141678.14285,0,1,1710549677
2024-03-14,0x7f670f78b17dec44d5ef68a48740b6f8849cc2e6,12090,0x4e51a06e4643197e1be2f050b6af60f9ad3cef06,0.0,0.0,1880.507751,0,1,1710433713
2024-03-14,0x7f670f78b17dec44d5ef68a48740b6f8849cc2e6,12217,0xc3f88cbfaa7135539b5e0188a4224b83fca1c097,2.689328,2.689328,0.0,1,0,1710715097
2024-03-14,0x7f670f78b17dec44d5ef68a48740b6f8849cc2e6,12220,0x7264a62ae2f2bbe5fe003f29108afb3c3da0bc16,3506.999722,7014.160347,7137.146688,2,2,1710678285
2024-03-14,0x7f670f78b17dec44d5ef68a48740b6f8849cc2e6,12257,0x0b5ad527f2b067ddf64d9ae2e2cd4501a4a9d57d,10.213573,10.213573,10.620306,1,1,1710796191
2024-03-14,0x7f670f78b17dec44d5ef68a48740b6f8849cc2e6,12281,0xeea30dfeab54a05434967f4540cddcd61dca2d21,0.0,0.0,7654.184207,0,1,1710974233
2024-03-14,0x7f670f78b17dec44d5ef68a48740b6f8849cc2e6,12303,0x0b0811d3d8342063db74b45a4344cdbee6389bdb,0.0,0.0,1.003516,0,1,1710645871
2024-03-14,0x7f670f78b17dec44d5ef68a48740b6f8849cc2e6,12345,0x068279f9b20d37d013b9401f165ec03c1d69d33f,2500.0,2500.0,0.0,1,0,1710731037
2024-03-14,0x7f670f78b17dec44d5ef68a48740b6f8849cc2e6,12368,0xa904a0f8b4f0292785ad610dae1084a916142a77,0.0,0.0,7411.092268,0,1,1710903907
2024-03-14,0x7f670f78b17dec44d5ef68a48740b6f8849cc2e6,12378,0x1fe32eab2c750c58c1af19d1e237f109ec27acaf,52.2147,52.2147,54.272176,1,1,1710821755
2024-03-14,0x7f670f78b17dec44d5ef68a48740b6f8849cc2e6,12393,0x1af88f5f269c642b3609c7e20f7b69a5c0feee07,58070.529426,58070.529426,39831.059878,1,1,1710973001
2024-03-14,0x7f670f78b17dec44d5ef68a48740b6f8849cc2e6,12583,0xd6f64e64dfbd8424c814be329876b814de55e2eb,4825.762154,4825.762154,4891.087442,1,1,1710719547
2024-03-14,0x7f670f78b17dec44d5ef68a48740b6f8849cc2e6,12589,0x353c82aeafd7680e57f60a6cfdd3154c9838993c,0.74406,0.74406,0.753173,1,1,1710934667
2024-03-14,0x7f670f78b17dec44d5ef68a48740b6f8849cc2e6,12658,0xf05454c3d16090b652cf5389c9ee520cec477e5e,1250.836937,1250.836937,205.32296,1,1,1710853003
2024-03-14,0x7f670f78b17dec44d5ef68a48740b6f8849cc2e6,12725,0x25aa0312ceb7ddd49629fe78a8507c9982d3c551,0.0,0.0,60.800471,0,1,1710796205
2024-03-14,0x7f670f78b17dec44d5ef68a48740b6f8849cc2e6,12734,0xb8be375f7ac305dd9f09a623ca16aa7d3b0d9f26,18340.759867,18340.759867,17846.757563,1,1,1710974641
2024-03-14,0x7f670f78b17dec44d5ef68a48740b6f8849cc2e6,12749,0x9057172e5c9c22b69be030c3fe832136dbaaf622,0.0,0.0,10706.794195,0,1,1710378523
2024-03-14,0x7f670f78b17dec44d5ef68a48740b6f8849cc2e6,12803,0x5ca9568930f61ba40d90f4d1707a93ab78db6325,514.477365,514.477365,518.779362,1,1,1710903417
2024-03-14,0x7f670f78b17dec44d5ef68a48740b6f8849cc2e6,12857,0xff020680284f9e941aba0cbafcd57de78e01c828,17.629486,17.629486,0.0,1,0,1710556385
2024-03-14,0x7f670f78b17dec44d5ef68a48740b6f8849cc2e6,12924,0x50da02ce0a95862bf2004b8c4ad6edd6d924215e,0.0,0.0,34.962265,0,1,1710833637
2024-03-14,0x7f670f78b17dec44d5ef68a48740b6f8849cc2e6,12965,0x79f7f43a95138cf11c048e02a677f3ec36d57f09,791.645214,791.645214,814.444249,1,1,1710685479
2024-03-14,0x7f670f78b17dec44d5ef68a48740b6f8849cc2e6,12966,0x5498dcce3727bf9b638a9f1343bbbfdf2846a86b,688.340377,688.340377,0.0,1,0,1710408843
2024-03-14,0x7f670f78b17dec44d5ef68a48740b6f8849cc2e6,12972,0xb957dccaa1ccfb1eb78b495b499801d591d8a403,298.963991,298.963991,24.956381,1,1,1710464421
2024-03-14,0x7f670f78b17dec44d5ef68a48740b6f8849cc2e6,13130,0x7ccafeb9dce6916bfde3b24e9fd6d95eb1d873b7,103.982472,103.982472,0.0,1,0,1710406599
2024-03-14,0x7f670f78b17dec44d5ef68a48740b6f8849cc2e6,13169,0x8ef9d1e54e2aba1dfae6faaeb316253729f6bdc5,44.65281,44.65281,0.0,1,0,1710449679
2024-03-14,0x7f670f78b17dec44d5ef68a48740b6f8849cc2e6,13171,0xbf142ce019be86462e6beb63e06711a586aa58ec,1.281745,1.281745,0.0,1,0,1710769511
2024-03-14,0x7f670f78b17dec44d5ef68a48740b6f8849cc2e6,13180,0x6fc640b3a813aab456ec1afe780acd6af7695fc2,3.656955,3.656955,0.0,1,0,1710465675
2024-03-14,0x7f670f78b17dec44d5ef68a48740b6f8849cc2e6,13182,0x344c5d42dab7edbf802562957ee3d579bd90d360,0.145423,0.145423,0.0,1,0,1710465705
2024-03-14,0x7f670f78b17dec44d5ef68a48740b6f8849cc2e6,13185,0xde0a6e1a3cd5ece4ce25dbfa76142c127a52ff8c,0.056348,0.056348,0.0,1,0,1710469651
2024-03-14,0x7f670f78b17dec44d5ef68a48740b6f8849cc2e6,13282,0x2167523061f4a48db14199bb97bdc13d3fb5377d,0.658324,0.658324,0.0,1,0,1710586059
2024-03-14,0x7f670f78b17dec44d5ef68a48740b6f8849cc2e6,13289,0xacb93ba77be6ec24a81dda53b841ab934de0e120,3.207522,3.207522,0.0,1,0,1710592879
2024-03-14,0x7f670f78b17dec44d5ef68a48740b6f8849cc2e6,13294,0xfdc2b03ce1c26633d6fff0dbd5c29a9516955830,0.497751,0.497751,0.0,1,0,1710596219
2024-03-14,0x7f670f78b17dec44d5ef68a48740b6f8849cc2e6,13316,0x78d6ac7cc91391bfe389d72f9409ea673193a97f,0.499979,0.499979,0.0,1,0,1710638887
2024-03-14,0x7f670f78b17dec44d5ef68a48740b6f8849cc2e6,13320,0x4e75b9dfceed898fe81b1093687cb78887ce943b,0.999875,0.999875,0.0,1,0,1710649383
2024-03-14,0x7f670f78b17dec44d5ef68a48740b6f8849cc2e6,13328,0x7bd69fd733d51bf1ff738b332e89792467f482e1,0.24258,0.24258,0.0,1,0,1710666811
2024-03-14,0x7f670f78b17dec44d5ef68a48740b6f8849cc2e6,13333,0xae1babc08897971633e255e76e42444d883d34cd,0.409861,0.409861,0.0,1,0,1710676503
2024-03-14,0x7f670f78b17dec44d5ef68a48740b6f8849cc2e6,13334,0x4fd2055937b71d0a896852a17928b0eaca7614b9,0.883456,0.883456,0.0,1,0,1710676947
2024-03-14,0x7f670f78b17dec44d5ef68a48740b6f8849cc2e6,13356,0x7c399dad8026708451b0bad28bc48604be3a07cb,190.961236,190.961236,0.0,1,0,1710704615
2024-03-14,0x7f670f78b17dec44d5ef68a48740b6f8849cc2e6,13385,0xfb044636b92629aa38ee94aa397e09cb7f3ae6cb,242.486555,242.486555,0.0,1,0,1710729997
2024-03-14,0x7f670f78b17dec44d5ef68a48740b6f8849cc2e6,13403,0x4e73e8103e13f96cb59e5400285bfabbd7b5f998,17.44484,17.44484,0.0,1,0,1710746381
2024-03-14,0x7f670f78b17dec44d5ef68a48740b6f8849cc2e6,13422,0x4f0fd0f35db4e76f910325e19cff958913ff3a85,0.367626,0.367626,0.0,1,0,1710776425
2024-03-14,0x7f670f78b17dec44d5ef68a48740b6f8849cc2e6,13430,0x2ebc05ef059549e681c6aa0ebeb262ee0e507a77,0.90899,0.90899,0.0,1,0,1710785879
2024-03-14,0x7f670f78b17dec44d5ef68a48740b6f8849cc2e6,13437,0xb25792b2bcc3c151fc10a800ce437450eeb63aa6,9.321765,9.321765,0.0,1,0,1710795841
2024-03-14,0x7f670f78b17dec44d5ef68a48740b6f8849cc2e6,13452,0x8d6bb74a99dbb839c0ca0acd4ef1ffca7319d864,0.097752,0.097752,0.0,1,0,1710812003
2024-03-14,0x7f670f78b17dec44d5ef68a48740b6f8849cc2e6,13465,0x62af9c8999755e86fd29a5ad980055c22a54f2e5,338.666145,677.335044,338.6689,2,1,1710830137
2024-03-14,0x7f670f78b17dec44d5ef68a48740b6f8849cc2e6,13473,0x7da9d63eaed4b2b6d354dab397ef889bc07b8faa,50.0,50.0,0.0,1,0,1710842749
2024-03-14,0x7f670f78b17dec44d5ef68a48740b6f8849cc2e6,13497,0x25e2a352478b83dc0de5d74bec53a8f13d4062b6,864.0,864.0,0.0,1,0,1710895977
2024-03-14,0x7f670f78b17dec44d5ef68a48740b6f8849cc2e6,13577,0xab2dcf4a68fc91d099fee8818141fc748da5381d,54765.241988,54765.241988,0.0,1,0,1710932885
2024-03-14,0x7f670f78b17dec44d5ef68a48740b6f8849cc2e6,13661,0x12370a88b7da8360f12898acda1def6267376086,27.722103,27.722103,0.0,1,0,1710926935
2024-03-14,0x7f670f78b17dec44d5ef68a48740b6f8849cc2e6,13675,0x51b324070763f86bcb05f0906144e02a5478f832,0.987149,0.987149,0.0,1,0,1710943571
2024-03-14,0x80abe24a3ef1fc593ac5da960f232ca23b2069d0,2621,0xb5eca0a315609bf3831056bfcd42db2363cb4466,3134.903565,3134.903565,0.0,1,0,1710941769
2024-03-14,0x80abe24a3ef1fc593ac5da960f232ca23b2069d0,3314,0x7d6aff9f85ef8802a1492189e8021b085c6b37f7,158.997206,158.997206,0.0,1,0,1710940189
2024-03-14,0x80abe24a3ef1fc593ac5da960f232ca23b2069d0,7121,0x011b0a055e02425461a1ae95b30f483c4ff05be7,1486.312981,1486.312981,0.0,1,0,1710974045
2024-03-14,0x80abe24a3ef1fc593ac5da960f232ca23b2069d0,13425,0x03d6c99f3aae91937612ba0e2843c2405e01850d,2.485057,2.485057,0.0,1,0,1710782773
2024-03-14,0x82a0c1a0d4ef0c0ca3cfda3ad1aa78309cc6139b,23,0xc01a1cd505e6afcd3ced2ee1bac67890497f6654,0.0,0.0,98131.183599,0,1,1710961795
2024-03-14,0x82a0c1a0d4ef0c0ca3cfda3ad1aa78309cc6139b,43,0x2ddb405238368695f34d30a80ab60c449aa5ce48,0.0,0.0,217234.222141,0,1,1710974183
2024-03-14,0x82a0c1a0d4ef0c0ca3cfda3ad1aa78309cc6139b,47,0x011b0a055e02425461a1ae95b30f483c4ff05be7,0.0,0.0,684090.781324,0,1,1710974017
2024-03-14,0x82a0c1a0d4ef0c0ca3cfda3ad1aa78309cc6139b,48,0x12478d1a60a910c9cbffb90648766a2bdd5918f5,4700158.954669,4700158.954669,4692189.194733,1,1,1710974423
2024-03-14,0x82a0c1a0d4ef0c0ca3cfda3ad1aa78309cc6139b,51,0x0f228805c03a693aa964a791e0b2e2c6e6c6513f,295973.459872,295973.459872,738678.991355,1,1,1710968507
2024-03-14,0x82a0c1a0d4ef0c0ca3cfda3ad1aa78309cc6139b,52,0x28878aec6b4209d90a40890183e3322f0ae5b2e2,0.0,0.0,276666.548212,0,1,1710967279
2024-03-14,0x82a0c1a0d4ef0c0ca3cfda3ad1aa78309cc6139b,55,0x285fed35cbea271a711681e84ffd83c68a596a75,0.0,0.0,388527.886635,0,1,1710965869
2024-03-14,0x82a0c1a0d4ef0c0ca3cfda3ad1aa78309cc6139b,56,0x48a5a6a01ba89cddf97d2d552923d5a11401ed19,305958.53984,305958.53984,0.0,1,0,1710975177
2024-03-14,0x82a0c1a0d4ef0c0ca3cfda3ad1aa78309cc6139b,64,0xf1010ee787ee588766b441d7cc397b40ddfb17a3,0.0,0.0,599022.836384,0,1,1710894135
2024-03-14,0x82a0c1a0d4ef0c0ca3cfda3ad1aa78309cc6139b,91,0x423a66a3ce61eaa3bcd922c4d71b781e01d746f0,0.0,0.0,215026.944068,0,1,1710972113
2024-03-14,0x82a0c1a0d4ef0c0ca3cfda3ad1aa78309cc6139b,103,0x1c2ed7a6c4e3c1146103fa222181115a72243a06,56180.728308,56180.728308,0.0,1,0,1710975299
2024-03-14,0x82a0c1a0d4ef0c0ca3cfda3ad1aa78309cc6139b,114,0x611b0c1ed942b833c786c53883a4aa37a25602a6,0.0,0.0,95674.143475,0,1,1710940449
2024-03-14,0x82a0c1a0d4ef0c0ca3cfda3ad1aa78309cc6139b,121,0xede54584f748480851cad467b82c6a1173bebe10,47093.99055,47093.99055,47014.136273,1,1,1710382247
2024-03-14,0x82a0c1a0d4ef0c0ca3cfda3ad1aa78309cc6139b,128,0x193578944fb0a0d31508f889528e9c345d90961b,0.0,0.0,121582.775862,0,1,1710935721
2024-03-14,0x82a0c1a0d4ef0c0ca3cfda3ad1aa78309cc6139b,144,0x89808c49f858b86e80b892506cf11606fb25fcdc,0.0,0.0,358104.622545,0,1,1710840759
2024-03-14,0x82a0c1a0d4ef0c0ca3cfda3ad1aa78309cc6139b,147,0xe3f0254b09aec48ffa46f9eee5a3bc7a8e510e6d,0.0,0.0,85450.665585,0,1,1710894223
2024-03-14,0x82a0c1a0d4ef0c0ca3cfda3ad1aa78309cc6139b,177,0xdffd8bbf8dcaf236c4e009ff6013bfc98407b6c0,0.0,0.0,234125.221262,0,1,1710968897
2024-03-14,0x82a0c1a0d4ef0c0ca3cfda3ad1aa78309cc6139b,203,0x79cb43cf6fcf2f519da4d2ea03cefa2b51587e2f,0.0,0.0,194998.041642,0,1,1710972611
2024-03-14,0x82a0c1a0d4ef0c0ca3cfda3ad1aa78309cc6139b,238,0xb6f28ae8f31d85dc27361852b986286113bc588d,42597.277086,42597.277086,42525.047598,1,1,1710974035
2024-03-14,0x82a0c1a0d4ef0c0ca3cfda3ad1aa78309cc6139b,241,0xd639eee81b30d8b34d5d8cbce83f193e2ba298e4,0.0,0.0,38953.876745,0,1,1710958289
2024-03-14,0x82a0c1a0d4ef0c0ca3cfda3ad1aa78309cc6139b,262,0x32af25467b00aae516505b3331cfec52092ea5ba,0.0,0.0,135933.239649,0,1,1710972111
2024-03-14,0x82a0c1a0d4ef0c0ca3cfda3ad1aa78309cc6139b,270,0xf51e5a0a85d29aa0508894405d734bcf044dcb5b,0.0,0.0,67673.723148,0,1,1710969677
2024-03-14,0x82a0c1a0d4ef0c0ca3cfda3ad1aa78309cc6139b,275,0xa810ffea2709c116ef180d090c142fc5e08586a7,0.0,0.0,32730.459148,0,1,1710969107
2024-03-14,0x82a0c1a0d4ef0c0ca3cfda3ad1aa78309cc6139b,279,0xa82618668a71bb492d1aaf8948de95d73eb8a243,0.0,0.0,162618.680888,0,1,1710933351
2024-03-14,0x82a0c1a0d4ef0c0ca3cfda3ad1aa78309cc6139b,289,0x95b05f935655c37ada2088c5767e5006f230b068,11691.964387,11691.964387,11691.964387,1,1,1710975155
2024-03-14,0x82a0c1a0d4ef0c0ca3cfda3ad1aa78309cc6139b,294,0x8c78d21f1ea29a3571356483da01fa0babef7f36,0.0,0.0,119693.243104,0,1,1710974489
2024-03-14,0x82a0c1a0d4ef0c0ca3cfda3ad1aa78309cc6139b,341,0xb1d47d39c3bb868e5e4be068b7057d4caad0b31c,0.0,0.0,40208.961591,0,1,1710968609
2024-03-14,0x82a0c1a0d4ef0c0ca3cfda3ad1aa78309cc6139b,353,0x5ade40e345817b739b91c6b4615efce87f9d7c57,0.0,0.0,24166.488942,0,1,1710746921
2024-03-14,0x82a0c1a0d4ef0c0ca3cfda3ad1aa78309cc6139b,362,0x5929cc4d10b6a1acc5bf5d221889f10251c628a1,0.0,0.0,12394.115887,0,1,1710960907
2024-03-14,0x82a0c1a0d4ef0c0ca3cfda3ad1aa78309cc6139b,398,0x48c7e0db3dad3fe4eb0513b86fe5c38ebb4e0f91,0.0,0.0,13458.565869,0,1,1710958033
2024-03-14,0x82a0c1a0d4ef0c0ca3cfda3ad1aa78309cc6139b,405,0x2f707265e61300e8290c18e38ebcbd129fb0b0f5,0.0,0.0,155427.137151,0,1,1710970877
2024-03-14,0x82a0c1a0d4ef0c0ca3cfda3ad1aa78309cc6139b,410,0xe88857d67cf8e0031ca1674ffe17f72578e566ee,0.0,0.0,67318.030479,0,1,1710952747
2024-03-14,0x82a0c1a0d4ef0c0ca3cfda3ad1aa78309cc6139b,420,0x8cc1547f2aebbbaa9466310355110427449a937f,0.0,0.0,61960.522672,0,1,1710965851
2024-03-14,0x82a0c1a0d4ef0c0ca3cfda3ad1aa78309cc6139b,433,0x89d4906a2e0614368b83d5f1c3168a45ef049c2f,69972.327712,69972.327712,68072.584266,1,1,1710969389
2024-03-14,0x82a0c1a0d4ef0c0ca3cfda3ad1aa78309cc6139b,436,0xe171e110cfe6f658c4421c2da4c86e4933919de4,0.0,0.0,37365.765091,0,1,1710956591
2024-03-14,0x82a0c1a0d4ef0c0ca3cfda3ad1aa78309cc6139b,453,0xec2961fe387120cd6a1b68314e64e14e1691e886,0.0,0.0,68986.291201,0,1,1710961945
2024-03-14,0x82a0c1a0d4ef0c0ca3cfda3ad1aa78309cc6139b,462,0x0952615cd36904d97c736a0b0a5eea75c75e26d8,0.0,0.0,50908.178052,0,1,1710971215
2024-03-14,0x82a0c1a0d4ef0c0ca3cfda3ad1aa78309cc6139b,473,0x97020c9ec66e0f59231918b1d2f167a66026aff2,0.0,0.0,21254.262459,0,1,1710962573
2024-03-14,0x82a0c1a0d4ef0c0ca3cfda3ad1aa78309cc6139b,486,0x7ee615e93d2d58feb14e58ea93f3fb5940d227e4,0.0,0.0,15871.889378,0,1,1710929981
2024-03-14,0x82a0c1a0d4ef0c0ca3cfda3ad1aa78309cc6139b,493,0x771426817d8a829d3798ee07afef8889c4117c3c,0.0,0.0,49505.488222,0,1,1710969253
2024-03-14,0x82a0c1a0d4ef0c0ca3cfda3ad1aa78309cc6139b,494,0x153b4f4f2c6c284f844a53eb2e097d23b7bfa4dd,0.0,0.0,46768.103502,0,1,1710936145
2024-03-14,0x82a0c1a0d4ef0c0ca3cfda3ad1aa78309cc6139b,507,0x0d3015631c1e642e8eb35b5a0efcea24a7685603,0.0,0.0,44100.455845,0,1,1710971499
2024-03-14,0x82a0c1a0d4ef0c0ca3cfda3ad1aa78309cc6139b,512,0x3b1b211b3fce0d1ee9f5e1afeecadeb98378d0b0,0.0,0.0,10965.916284,0,1,1710917869
2024-03-14,0x82a0c1a0d4ef0c0ca3cfda3ad1aa78309cc6139b,523,0xde93a283495fa2834047b53871a8e4e09f96d841,0.0,0.0,12089.423044,0,1,1710968397
2024-03-14,0x82a0c1a0d4ef0c0ca3cfda3ad1aa78309cc6139b,536,0xf6ed81d5e9f61dd1ea21e96ae1d660ecc388ae4f,0.0,0.0,8291.497832,0,1,1710962145
2024-03-14,0x82a0c1a0d4ef0c0ca3cfda3ad1aa78309cc6139b,541,0x11bcb66a295aeba152666e511ae052609bda0a84,0.0,0.0,91624.50337,0,1,1710563555
2024-03-14,0x82a0c1a0d4ef0c0ca3cfda3ad1aa78309cc6139b,544,0x16b00db74167b7469dda63b674ca9a3b1b70c439,0.0,0.0,15790.256803,0,1,1710956253
2024-03-14,0x82a0c1a0d4ef0c0ca3cfda3ad1aa78309cc6139b,545,0x9770e942e19aeb9fc935980ceb5ec81c10b1d030,0.0,0.0,40930.225509,0,1,1710947587
2024-03-14,0x82a0c1a0d4ef0c0ca3cfda3ad1aa78309cc6139b,560,0x7476d1e9659a49b92c3f65f0a6de00a18fc3d6fa,0.0,0.0,39403.473703,0,1,1710897755
2024-03-14,0x82a0c1a0d4ef0c0ca3cfda3ad1aa78309cc6139b,569,0x11ea7888c0020d34cb37e89ac8bd544120bb16ec,0.0,0.0,38622.819575,0,1,1710945393
2024-03-14,0x82a0c1a0d4ef0c0ca3cfda3ad1aa78309cc6139b,603,0xa13a8b8039b6e8e26b1763b0e7e9ec992a73b996,0.0,0.0,111908.193655,0,1,1710947045
2024-03-14,0x82a0c1a0d4ef0c0ca3cfda3ad1aa78309cc6139b,662,0x136c65a3f31682fcf683906ddbf3c76db2633f99,0.0,0.0,31268.308182,0,1,1710965327
2024-03-14,0x82a0c1a0d4ef0c0ca3cfda3ad1aa78309cc6139b,668,0xd138fbaa1236c8568014ccb2de9faa8e7945c6d9,31337.125236,31337.125236,31283.98887,1,1,1710968803
2024-03-14,0x82a0c1a0d4ef0c0ca3cfda3ad1aa78309cc6139b,679,0x70c9fafea22acc41bda969f8ba2801af42456f51,0.0,0.0,241733.82246,0,1,1710948545
2024-03-14,0x82a0c1a0d4ef0c0ca3cfda3ad1aa78309cc6139b,686,0x89d4906a2e0614368b83d5f1c3168a45ef049c2f,30801.322671,30801.322671,29967.144477,1,1,1710969241
2024-03-14,0x82a0c1a0d4ef0c0ca3cfda3ad1aa78309cc6139b,753,0xee57d8989170370a6f88b2f99395b81204117bf2,0.0,0.0,5378.688363,0,1,1710969811
2024-03-14,0x82a0c1a0d4ef0c0ca3cfda3ad1aa78309cc6139b,762,0xea840ad93de7e1c484ed4bafd387bb4641aba570,0.0,0.0,34854.488426,0,1,1710974243
2024-03-14,0x82a0c1a0d4ef0c0ca3cfda3ad1aa78309cc6139b,794,0x89d4906a2e0614368b83d5f1c3168a45ef049c2f,23336.024763,23336.024763,0.0,1,0,1710968845
2024-03-14,0x82a0c1a0d4ef0c0ca3cfda3ad1aa78309cc6139b,797,0x89d4906a2e0614368b83d5f1c3168a45ef049c2f,35386.689219,35386.689219,35386.689219,1,1,1710969275
2024-03-14,0x82a0c1a0d4ef0c0ca3cfda3ad1aa78309cc6139b,823,0xfc101ee05afe9843c37fb7fdd5a64b9dc47411b6,0.0,0.0,13641.860631,0,1,1710973269
2024-03-14,0x82a0c1a0d4ef0c0ca3cfda3ad1aa78309cc6139b,880,0x1ec9c8b70b7473dd04a82afc5930dd0a34ab3eb9,0.0,0.0,18874.637214,0,1,1710969201
2024-03-14,0x82a0c1a0d4ef0c0ca3cfda3ad1aa78309cc6139b,946,0x4523b791292da89a9194b61ba4cd9d98f2af68e0,0.0,0.0,4223.684534,0,1,1710913697
2024-03-14,0x82a0c1a0d4ef0c0ca3cfda3ad1aa78309cc6139b,1038,0x5eda2dc136986fc88d4df5696bc464f96a20268a,0.0,0.0,7140.053958,0,1,1710890321
2024-03-14,0x82a0c1a0d4ef0c0ca3cfda3ad1aa78309cc6139b,1043,0x3214e141bdae08be1f382a885cf3d2a448a5e780,17946.478978,17946.478978,17946.478978,1,1,1710691749
2024-03-14,0x82a0c1a0d4ef0c0ca3cfda3ad1aa78309cc6139b,1129,0x56e08babb8bf928bd8571d2a2a78235ae57ae5bd,3596.776261,3596.776261,3560.095836,1,1,1710969781
2024-03-14,0x82a0c1a0d4ef0c0ca3cfda3ad1aa78309cc6139b,1202,0x8ee7a7aad2aa6ef5393ee6f3a58992c906e6e734,0.0,0.0,11057.289718,0,1,1710962581
2024-03-14,0x82a0c1a0d4ef0c0ca3cfda3ad1aa78309cc6139b,1234,0x5a6e9ba01afdcec6bbf20d02493047fa8ccb5b98,0.0,0.0,10643.963824,0,1,1710975159
2024-03-14,0x82a0c1a0d4ef0c0ca3cfda3ad1aa78309cc6139b,1250,0xfde34a676aa8d44b66d5ced822831a5b1454f8b0,0.0,0.0,10725.589923,0,1,1710915951
2024-03-14,0x82a0c1a0d4ef0c0ca3cfda3ad1aa78309cc6139b,1262,0x136c65a3f31682fcf683906ddbf3c76db2633f99,0.0,0.0,10166.414587,0,1,1710965349
2024-03-14,0x82a0c1a0d4ef0c0ca3cfda3ad1aa78309cc6139b,1271,0xcfa985eafeacd824135173deb3fde50c05ac2ce1,0.0,0.0,10163.491511,0,1,1710929119
2024-03-14,0x82a0c1a0d4ef0c0ca3cfda3ad1aa78309cc6139b,1286,0xa60dd9d42fdd43e91da63bd261997e14f21c69fd,0.0,0.0,11270.231176,0,1,1710914921
2024-03-14,0x82a0c1a0d4ef0c0ca3cfda3ad1aa78309cc6139b,1288,0x6059895f7f20cc25c251d4d283f525f7400ce034,0.0,0.0,7219.568185,0,1,1710956465
2024-03-14,0x82a0c1a0d4ef0c0ca3cfda3ad1aa78309cc6139b,1317,0xdbfb0785366262f4736bcb5757cb20f0065c4dd1,9527.59463,9527.59463,9511.439295,1,1,1710975025
2024-03-14,0x82a0c1a0d4ef0c0ca3cfda3ad1aa78309cc6139b,1372,0xa8df0d3d1abf9fd16f992bbf4595c621935cfe0a,0.0,0.0,8712.212564,0,1,1710967431
2024-03-14,0x82a0c1a0d4ef0c0ca3cfda3ad1aa78309cc6139b,1382,0x5a00e8683f37e8b08c744054a0ef606a18b1aef7,0.0,0.0,8683.842382,0,1,1710967529
2024-03-14,0x82a0c1a0d4ef0c0ca3cfda3ad1aa78309cc6139b,1413,0x53e213da8c28d85dc6663c3b5e35bb0ffbb05752,0.0,0.0,3590.164666,0,1,1710968939
2024-03-14,0x82a0c1a0d4ef0c0ca3cfda3ad1aa78309cc6139b,1473,0xb1b4d2c37c3d76eae8c47747de1d7dc782684849,0.0,0.0,1953.03692,0,1,1710961769
2024-03-14,0x82a0c1a0d4ef0c0ca3cfda3ad1aa78309cc6139b,1489,0xabe780bdc3872b4dec16bd44b2bb999f9151ae28,12717.411985,12717.411985,12342.357564,1,1,1710956203
2024-03-14,0x82a0c1a0d4ef0c0ca3cfda3ad1aa78309cc6139b,1519,0x3fddee6383e30571e9ce36112b6c70aacb70aaf5,0.0,0.0,7103.631947,0,1,1710969197
2024-03-14,0x82a0c1a0d4ef0c0ca3cfda3ad1aa78309cc6139b,1525,0xc82bf4981e963a23a812e13e610d0f23290349d6,1815.365296,1815.365296,1815.365296,1,1,1710747741
2024-03-14,0x82a0c1a0d4ef0c0ca3cfda3ad1aa78309cc6139b,1534,0xaf0b68a684e2b7961a0b6078e36f43d6e990e54b,0.0,0.0,3442.02637,0,1,1710968627
2024-03-14,0x82a0c1a0d4ef0c0ca3cfda3ad1aa78309cc6139b,1670,0x161d9b5d6e3ed8d9c1d36a7caf971901c60b9222,0.0,0.0,6271.850827,0,1,1710969015
2024-03-14,0x82a0c1a0d4ef0c0ca3cfda3ad1aa78309cc6139b,1695,0x7c16c022048b25142482cf06ac98064527395290,6103.574082,6103.574082,0.0,1,0,1710975205
2024-03-14,0x82a0c1a0d4ef0c0ca3cfda3ad1aa78309cc6139b,1760,0x17b7afbe43503813e525be9dee970d6faff75633,0.0,0.0,5659.124949,0,1,1710964275
2024-03-14,0x82a0c1a0d4ef0c0ca3cfda3ad1aa78309cc6139b,1761,0x797bc498edee4357a16a1054db0323cbd04c84c3,0.0,0.0,5487.007105,0,1,1710963067
2024-03-14,0x82a0c1a0d4ef0c0ca3cfda3ad1aa78309cc6139b,1800,0x3d78ace36ab76eae6dbfda33e2835873bccc095d,2714.553107,2714.553107,5429.106214,1,1,1710431653
2024-03-14,0x82a0c1a0d4ef0c0ca3cfda3ad1aa78309cc6139b,2080,0x868cbfd33ec93b451c510125e4d9f1ab1e42fcd2,0.0,0.0,4152.811267,0,1,1710965275
2024-03-14,0x82a0c1a0d4ef0c0ca3cfda3ad1aa78309cc6139b,2124,0xf807c99e3b8f9a5cafcc32db1ffde555abcbd728,0.0,0.0,3944.74428,0,1,1710962655
2024-03-14,0x82a0c1a0d4ef0c0ca3cfda3ad1aa78309cc6139b,2132,0xd4fc1974bfb6721785ca25828711d76a0fc2fea3,0.0,0.0,3928.582759,0,1,1710953485
2024-03-14,0x82a0c1a0d4ef0c0ca3cfda3ad1aa78309cc6139b,2147,0x6dfd648529f19a276c8fa7a54d4f38a2d51d8e56,0.0,0.0,3891.600664,0,1,1710963691
2024-03-14,0x82a0c1a0d4ef0c0ca3cfda3ad1aa78309cc6139b,2149,0x0ea7dd4f92dc0c486d89e19198b82081dbac0632,0.0,0.0,3888.177964,0,1,1710965811
2024-03-14,0x82a0c1a0d4ef0c0ca3cfda3ad1aa78309cc6139b,2150,0x3ea59cb8ac06b6d5e691ee92069676b3ab8ab5d6,0.0,0.0,3886.575639,0,1,1710964843
2024-03-14,0x82a0c1a0d4ef0c0ca3cfda3ad1aa78309cc6139b,2156,0x72bdf017721111185f159bef28b701491096c7ce,0.0,0.0,3875.815793,0,1,1710958587
2024-03-14,0x82a0c1a0d4ef0c0ca3cfda3ad1aa78309cc6139b,2178,0x7852d40f2a8ea6c219a91aea2249f5a3f70d4da0,3943.588488,3943.588488,3930.443489,1,1,1710966187
2024-03-14,0x82a0c1a0d4ef0c0ca3cfda3ad1aa78309cc6139b,2271,0xa2451e7404b3e1811dd06649dfd8f34d1c579be0,0.0,0.0,3709.514136,0,1,1710970661
2024-03-14,0x82a0c1a0d4ef0c0ca3cfda3ad1aa78309cc6139b,2299,0xc4f694f8da796b7b36d9f5ceeacae5722c2d1d6e,0.0,4265.726124,8488.729069,1,2,1710964201
2024-03-14,0x82a0c1a0d4ef0c0ca3cfda3ad1aa78309cc6139b,2362,0xbaa9b493bccbe1a900b39870980f41356f85822a,0.0,0.0,6527.822317,0,1,1710963125
2024-03-14,0x82a0c1a0d4ef0c0ca3cfda3ad1aa78309cc6139b,2397,0xba971f58a00e8ffc7e91c0e8e7efccbfbfe8f09e,0.0,0.0,131033.256542,0,1,1710969805
2024-03-14,0x82a0c1a0d4ef0c0ca3cfda3ad1aa78309cc6139b,2521,0x4b3764ab10efe2747c4f0e36bb442867abd3f9e6,3282.759089,3282.759089,0.0,1,0,1710602689
2024-03-14,0x82a0c1a0d4ef0c0ca3cfda3ad1aa78309cc6139b,2884,0x437559ad38ccf5f2a7367b6424ecf606c1036c39,10240.241178,10240.241178,0.0,1,0,1710711283
2024-03-14,0x82a0c1a0d4ef0c0ca3cfda3ad1aa78309cc6139b,2926,0x7b7181e532e4bf3878f45f2552c51bbcbb6029a5,7199.878845,7199.878845,0.0,1,0,1710711457
2024-03-14,0x82a0c1a0d4ef0c0ca3cfda3ad1aa78309cc6139b,2939,0x5f4f120d8435ea38f0f4635a910fee03801be88d,0.0,0.0,339582.341791,0,1,1710887341
2024-03-14,0x82a0c1a0d4ef0c0ca3cfda3ad1aa78309cc6139b,3046,0x16d890467de4d32bbcbab402073c5533609ae848,0.0,0.0,468.440855,0,1,1710403893
2024-03-14,0x82a0c1a0d4ef0c0ca3cfda3ad1aa78309cc6139b,3047,0xbee2d469aacb46251ae33cca91f482e26c971dff,0.0,0.0,964.948788,0,1,1710969903
2024-03-14,0x82a0c1a0d4ef0c0ca3cfda3ad1aa78309cc6139b,3049,0x24de90e08999faed07011a574104fe57f3465f96,0.0,0.0,1976.065327,0,1,1710929925
2024-03-14,0x82a0c1a0d4ef0c0ca3cfda3ad1aa78309cc6139b,3097,0x28893320e3ec737271510b92b3efe948144a396e,0.0,0.0,2540.003565,0,1,1710961667
2024-03-14,0x82a0c1a0d4ef0c0ca3cfda3ad1aa78309cc6139b,3127,0x8bb89c74736017e0d1102ed65d49be9cb6b3cc48,0.0,0.0,1811.747185,0,1,1710933473
2024-03-14,0x82a0c1a0d4ef0c0ca3cfda3ad1aa78309cc6139b,3362,0x7ffbeb62cf6e5e53f898ba52d66d29ca3b2851fd,0.0,0.0,46467.591261,0,1,1710939161
2024-03-14,0x82a0c1a0d4ef0c0ca3cfda3ad1aa78309cc6139b,3368,0xbcaf219ba7c5299892b074d69398564dfdfe79f3,0.0,0.0,1521.074199,0,1,1710939277
2024-03-14,0x82a0c1a0d4ef0c0ca3cfda3ad1aa78309cc6139b,3425,0x65f1ec74cd476c6d29666b90ff9baa4b144ba4f8,717.53394,717.53394,697.833736,1,1,1710512973
2024-03-14,0x82a0c1a0d4ef0c0ca3cfda3ad1aa78309cc6139b,3781,0xaf11495f021c5c2c5f5230f40d5d57ebe4059700,0.0,0.0,29255.073247,0,1,1710968279
2024-03-14,0x82a0c1a0d4ef0c0ca3cfda3ad1aa78309cc6139b,4345,0xe435a96ed45cef434f78efc1a65b5bdf8f584f7f,0.0,0.0,3550.367211,0,1,1710961289
2024-03-14,0x82a0c1a0d4ef0c0ca3cfda3ad1aa78309cc6139b,4356,0x569d327288d8354f16813afb01bba0e60c1301f9,594.220959,594.220959,594.220959,1,1,1710513175
2024-03-14,0x82a0c1a0d4ef0c0ca3cfda3ad1aa78309cc6139b,4518,0x43917a8174465dc01522e8e14335eaa2cde33f6f,53.162596,53.162596,52.886927,1,1,1710448057
2024-03-14,0x82a0c1a0d4ef0c0ca3cfda3ad1aa78309cc6139b,4936,0x77e395ccb0f042083f389404f3459dad40b6d552,179.999755,179.999755,256.716498,1,1,1710723971
2024-03-14,0x82a0c1a0d4ef0c0ca3cfda3ad1aa78309cc6139b,5457,0x8db7a537d8478df3c6d95ff33b4270342862957f,0.0,0.0,109.361227,0,1,1710486579
2024-03-14,0x82a0c1a0d4ef0c0ca3cfda3ad1aa78309cc6139b,5618,0x55bdd60c454fd1f1ecf567bbac8b29ad02c49d95,0.0,0.0,368.358092,0,1,1710892291
2024-03-14,0x82a0c1a0d4ef0c0ca3cfda3ad1aa78309cc6139b,5729,0xaf5ae7cdaff6f1f457bc88f0989c0af7f583ab43,0.0,0.0,365.281851,0,1,1710928251
2024-03-14,0x82a0c1a0d4ef0c0ca3cfda3ad1aa78309cc6139b,5786,0x0b7c75a9689a84854256c7d5db7c87feb1bbbb8b,0.0,0.0,663.821245,0,1,1710962801
2024-03-14,0x82a0c1a0d4ef0c0ca3cfda3ad1aa78309cc6139b,6585,0x221a68818a6a77fae0d920306b45a3b1e32e6743,0.0,0.0,5848.617647,0,1,1710401583
2024-03-14,0x82a0c1a0d4ef0c0ca3cfda3ad1aa78309cc6139b,7120,0x0524f2b8765ee3a1a033311ddc9e2dcaad34b8c3,0.0,0.0,1557.609039,0,1,1710938425
2024-03-14,0x82a0c1a0d4ef0c0ca3cfda3ad1aa78309cc6139b,7121,0x011b0a055e02425461a1ae95b30f483c4ff05be7,0.0,0.0,66123.478492,0,1,1710974045
2024-03-14,0x82a0c1a0d4ef0c0ca3cfda3ad1aa78309cc6139b,7560,0xebe3e9790bf09fe1191b3b67c0bc8d3fcfbe0701,21.131299,21.131299,62.380923,1,1,1710526905
2024-03-14,0x82a0c1a0d4ef0c0ca3cfda3ad1aa78309cc6139b,7705,0xce030f1137e05bc3d13303ddb5a955600b9b5771,0.0,0.0,506.498279,0,1,1710691099
2024-03-14,0x82a0c1a0d4ef0c0ca3cfda3ad1aa78309cc6139b,7890,0x166c794d890dd91bbe71f304eca660e1c4892cbb,0.0,0.0,142241.384474,0,1,1710954413
2024-03-14,0x82a0c1a0d4ef0c0ca3cfda3ad1aa78309cc6139b,8032,0xf265702178a66b4b7ce079fc8a1629e47cf1bcde,209439.309707,209439.309707,261355.221024,1,1,1710975405
2024-03-14,0x82a0c1a0d4ef0c0ca3cfda3ad1aa78309cc6139b,8330,0x43386877500087ee7da43ef57c8691490ddcebac,0.0,0.0,134213.398778,0,1,1710948693
2024-03-14,0x82a0c1a0d4ef0c0ca3cfda3ad1aa78309cc6139b,8355,0x1594b251df6b70ca9a01d4de0836ab4fd9811241,0.0,0.0,267608.928639,0,1,1710971877
2024-03-14,0x82a0c1a0d4ef0c0ca3cfda3ad1aa78309cc6139b,8524,0x23d7c2fb9f163441874d72399b28d677f47020b0,0.0,0.0,32029.948673,0,1,1710955913
2024-03-14,0x82a0c1a0d4ef0c0ca3cfda3ad1aa78309cc6139b,8940,0x226fa898550ef48313d359d90f69914018a89f73,3019.159408,3019.159408,10187.646013,1,1,1710404655
2024-03-14,0x82a0c1a0d4ef0c0ca3cfda3ad1aa78309cc6139b,8941,0x226fa898550ef48313d359d90f69914018a89f73,871.802876,871.802876,3648.203572,1,1,1710404685
2024-03-14,0x82a0c1a0d4ef0c0ca3cfda3ad1aa78309cc6139b,8944,0x226fa898550ef48313d359d90f69914018a89f73,148.58605,148.58605,760.378182,1,1,1710404715
2024-03-14,0x82a0c1a0d4ef0c0ca3cfda3ad1aa78309cc6139b,9191,0xdd37133ec04c73e260a50003fb4709148614b11b,0.0,0.0,4892.786382,0,1,1710964481
2024-03-14,0x82a0c1a0d4ef0c0ca3cfda3ad1aa78309cc6139b,9261,0xb6f28ae8f31d85dc27361852b986286113bc588d,2136.403442,2136.403442,5331.952197,1,1,1710974123
2024-03-14,0x82a0c1a0d4ef0c0ca3cfda3ad1aa78309cc6139b,9272,0x226fa898550ef48313d359d90f69914018a89f73,1029.857984,1029.857984,4076.275658,1,1,1710404753
2024-03-14,0x82a0c1a0d4ef0c0ca3cfda3ad1aa78309cc6139b,9325,0x1594b251df6b70ca9a01d4de0836ab4fd9811241,0.0,0.0,108362.055885,0,1,1710971951
2024-03-14,0x82a0c1a0d4ef0c0ca3cfda3ad1aa78309cc6139b,9670,0x137d0a214c0a24962fd0ad046994d4ac385e6800,0.0,0.0,1163.463939,0,1,1710946603
2024-03-14,0x82a0c1a0d4ef0c0ca3cfda3ad1aa78309cc6139b,9707,0x60034a6d90f54d3bbc3188033fd08b1a146802ba,1519.511097,1519.511097,1509.47232,1,1,1710523543
2024-03-14,0x82a0c1a0d4ef0c0ca3cfda3ad1aa78309cc6139b,9762,0x981720fb00bf4bc7754b02e998df1b3d9fe4ff92,8173.231937,8173.231937,16298.151359,1,1,1710946261
2024-03-14,0x82a0c1a0d4ef0c0ca3cfda3ad1aa78309cc6139b,9891,0x9faa9d3fdbf962d8ce187575e68a44cd858dcba8,0.0,0.0,47293.150426,0,1,1710960679
2024-03-14,0x82a0c1a0d4ef0c0ca3cfda3ad1aa78309cc6139b,9950,0x9faa9d3fdbf962d8ce187575e68a44cd858dcba8,0.0,0.0,30245.003162,0,1,1710960705
2024-03-14,0x82a0c1a0d4ef0c0ca3cfda3ad1aa78309cc6139b,10019,0xdc200f707c1138e3561dd732498fb979b2915045,5990.472017,5990.472017,0.0,1,0,1710711625
2024-03-14,0x82a0c1a0d4ef0c0ca3cfda3ad1aa78309cc6139b,10294,0x48a6a8d403a58eccc70d4d57347f801d4e182564,0.0,0.0,2003291.779665,0,1,1710962043
2024-03-14,0x82a0c1a0d4ef0c0ca3cfda3ad1aa78309cc6139b,10295,0xc875b3dae5b0c371bc8cf9ded64868b78ac47587,126893.70317,126893.70317,0.0,1,0,1710977963
2024-03-14,0x82a0c1a0d4ef0c0ca3cfda3ad1aa78309cc6139b,10296,0x03c70563e94de5de56c11a0cc4ce3482f592854f,316362.082882,316362.082882,0.0,1,0,1710977765
2024-03-14,0x82a0c1a0d4ef0c0ca3cfda3ad1aa78309cc6139b,10298,0xc9814f18a8751214f719de15c54d01b3d78ef14f,57495.81453,57495.81453,0.0,1,0,1710977733
2024-03-14,0x82a0c1a0d4ef0c0ca3cfda3ad1aa78309cc6139b,10339,0x74f5f9cb980d5365882e8711ca98ba790289de79,0.0,0.0,1.343303,0,1,1710394873
2024-03-14,0x82a0c1a0d4ef0c0ca3cfda3ad1aa78309cc6139b,10343,0x869921f41af38fe397c8309d3d1885809508b723,0.0,0.0,1440.792401,0,1,1710907747
2024-03-14,0x82a0c1a0d4ef0c0ca3cfda3ad1aa78309cc6139b,10833,0x35dca3c52e4e8766fe9dae7082e4337e203b9556,0.0,0.0,5099.820325,0,1,1710946937
2024-03-14,0x82a0c1a0d4ef0c0ca3cfda3ad1aa78309cc6139b,10836,0xe742c794bfe6393b9cb5643058d9810ef488e1ac,0.0,0.0,73092.162845,0,1,1710973991
2024-03-14,0x82a0c1a0d4ef0c0ca3cfda3ad1aa78309cc6139b,10906,0xd832dc1b9f66f3ef378a9c21bbeffaae9469be2d,0.0,0.0,2200.197556,0,1,1710925457
2024-03-14,0x82a0c1a0d4ef0c0ca3cfda3ad1aa78309cc6139b,10909,0xe79a3cd39dc76cd97ace0a665edf9ec3f19af42c,0.0,0.0,7471.866153,0,1,1710942883
2024-03-14,0x82a0c1a0d4ef0c0ca3cfda3ad1aa78309cc6139b,10982,0x981720fb00bf4bc7754b02e998df1b3d9fe4ff92,7233.760403,7233.760403,14987.623851,1,1,1710946291
2024-03-14,0x82a0c1a0d4ef0c0ca3cfda3ad1aa78309cc6139b,10983,0x35dca3c52e4e8766fe9dae7082e4337e203b9556,0.0,0.0,47047.671408,0,1,1710946897
2024-03-14,0x82a0c1a0d4ef0c0ca3cfda3ad1aa78309cc6139b,10995,0x6634a2866c1a1a1c3570353ded9ab63333acb2b8,0.0,0.0,4723.173038,0,1,1710943417
2024-03-14,0x82a0c1a0d4ef0c0ca3cfda3ad1aa78309cc6139b,11010,0xcebb1a92d2356c71e4fba16059e241f02f270e68,11071.297913,11071.297913,11550.291456,1,1,1710946207
2024-03-14,0x82a0c1a0d4ef0c0ca3cfda3ad1aa78309cc6139b,11011,0xcebb1a92d2356c71e4fba16059e241f02f270e68,7047.434628,7047.434628,7366.086271,1,1,1710946223
2024-03-14,0x82a0c1a0d4ef0c0ca3cfda3ad1aa78309cc6139b,11022,0xea6d4b6962d9c19c62dd391bbf4c5e7a3ac0632a,2784.0793,2784.0793,2779.358514,1,1,1710975367
2024-03-14,0x82a0c1a0d4ef0c0ca3cfda3ad1aa78309cc6139b,11090,0xea6d4b6962d9c19c62dd391bbf4c5e7a3ac0632a,2912.886768,2912.886768,3006.535716,1,1,1710975379
2024-03-14,0x82a0c1a0d4ef0c0ca3cfda3ad1aa78309cc6139b,11239,0x1af88f5f269c642b3609c7e20f7b69a5c0feee07,5016.848905,5016.848905,5008.342154,1,1,1710973041
2024-03-14,0x82a0c1a0d4ef0c0ca3cfda3ad1aa78309cc6139b,11241,0x6109a69cf39cdad03f951f006b92a2d788201f60,102651.755779,102651.755779,204955.391481,1,1,1710966141
2024-03-14,0x82a0c1a0d4ef0c0ca3cfda3ad1aa78309cc6139b,11264,0x137d0a214c0a24962fd0ad046994d4ac385e6800,0.0,0.0,23171.806666,0,1,1710937461
2024-03-14,0x82a0c1a0d4ef0c0ca3cfda3ad1aa78309cc6139b,11267,0xbd584812c7aaeb901e8424725065cb0716b9264f,0.0,0.0,1582.522827,0,1,1710943465
2024-03-14,0x82a0c1a0d4ef0c0ca3cfda3ad1aa78309cc6139b,11335,0x0d137799300898b205df530df8aeed1dcdae80ea,0.0,0.0,76061.2079,0,1,1710899109
2024-03-14,0x82a0c1a0d4ef0c0ca3cfda3ad1aa78309cc6139b,11399,0x28878aec6b4209d90a40890183e3322f0ae5b2e2,0.0,0.0,74154.43632,0,1,1710967323
2024-03-14,0x82a0c1a0d4ef0c0ca3cfda3ad1aa78309cc6139b,11556,0x226fa898550ef48313d359d90f69914018a89f73,1380.941369,1380.941369,5676.285264,1,1,1710404625
2024-03-14,0x82a0c1a0d4ef0c0ca3cfda3ad1aa78309cc6139b,12038,0x6109a69cf39cdad03f951f006b92a2d788201f60,0.0,0.0,946.0,0,1,1710966153
2024-03-14,0x82a0c1a0d4ef0c0ca3cfda3ad1aa78309cc6139b,12041,0x226fa898550ef48313d359d90f69914018a89f73,433.026909,433.026909,860.0,1,1,1710404591
2024-03-14,0x82a0c1a0d4ef0c0ca3cfda3ad1aa78309cc6139b,12131,0x11bcb66a295aeba152666e511ae052609bda0a84,0.0,0.0,6708.0,0,1,1710563525
2024-03-14,0x82a0c1a0d4ef0c0ca3cfda3ad1aa78309cc6139b,12391,0x137d0a214c0a24962fd0ad046994d4ac385e6800,0.0,0.0,10018.679975,0,1,1710937269
2024-03-14,0x82a0c1a0d4ef0c0ca3cfda3ad1aa78309cc6139b,12497,0x8bb820c251ac194ca770f9f0cdc12b76354e3de6,0.0,0.0,49476.386309,0,1,1710953529
2024-03-14,0x82a0c1a0d4ef0c0ca3cfda3ad1aa78309cc6139b,12589,0x353c82aeafd7680e57f60a6cfdd3154c9838993c,0.74406,0.74406,0.753173,1,1,1710934667
2024-03-14,0x82a0c1a0d4ef0c0ca3cfda3ad1aa78309cc6139b,12768,0xff020680284f9e941aba0cbafcd57de78e01c828,16.577235,16.577235,0.0,1,0,1710556365
2024-03-14,0x82a0c1a0d4ef0c0ca3cfda3ad1aa78309cc6139b,12808,0xf89920c0df5f4bf9c1d51df38d060838716f1b61,992.220296,992.220296,996.486722,1,1,1710405363
2024-03-14,0x82a0c1a0d4ef0c0ca3cfda3ad1aa78309cc6139b,12934,0x555c5b9dfc5aa64c3a65c22b45fd261872fbb29d,102.684405,102.684405,0.0,1,0,1710415309
2024-03-14,0x82a0c1a0d4ef0c0ca3cfda3ad1aa78309cc6139b,13183,0x0cc1a1958fc33475c03267fc7481e13ab6b5fdb1,0.147895,0.147895,0.0,1,0,1710467381
2024-03-14,0x82a0c1a0d4ef0c0ca3cfda3ad1aa78309cc6139b,13198,0x0cc1a1958fc33475c03267fc7481e13ab6b5fdb1,86.28,190.408851,104.128851,3,2,1710900937
2024-03-14,0x82a0c1a0d4ef0c0ca3cfda3ad1aa78309cc6139b,13333,0xae1babc08897971633e255e76e42444d883d34cd,0.409861,0.409861,0.0,1,0,1710676503
2024-03-14,0x84ff3b6e2046579fb2f2b891ce18ee10b5fbdbf2,35,0xab13e657eb072c53915730acfab14446ee2293c5,64735.05007,64735.05007,65056.923027,1,1,1710829701
2024-03-14,0x84ff3b6e2046579fb2f2b891ce18ee10b5fbdbf2,103,0x1c2ed7a6c4e3c1146103fa222181115a72243a06,56180.728308,56180.728308,56085.466229,1,1,1710975299
2024-03-14,0x84ff3b6e2046579fb2f2b891ce18ee10b5fbdbf2,164,0x6788a760215e6cb56d54e34c3464c74976fdc97a,0.0,0.0,278150.198287,0,1,1710975441
2024-03-14,0x84ff3b6e2046579fb2f2b891ce18ee10b5fbdbf2,304,0xbbb33d2e7bd7ddc722e53da9ca8ee97df41cfabf,54464.943095,54464.943095,0.0,1,0,1710840321
2024-03-14,0x84ff3b6e2046579fb2f2b891ce18ee10b5fbdbf2,391,0x6fe797a05359c9d91b1f85d418e2ed4ea6c65a8f,52583.02377,52583.02377,20997.544835,1,1,1710972887
2024-03-14,0x84ff3b6e2046579fb2f2b891ce18ee10b5fbdbf2,603,0xa13a8b8039b6e8e26b1763b0e7e9ec992a73b996,112098.271548,112098.271548,0.0,1,0,1710947045
2024-03-14,0x84ff3b6e2046579fb2f2b891ce18ee10b5fbdbf2,623,0x78082d8db5a648e92950c3ebd9867edc7cccd19f,8246.73438,8246.73438,0.0,1,0,1710970605
2024-03-14,0x84ff3b6e2046579fb2f2b891ce18ee10b5fbdbf2,679,0x70c9fafea22acc41bda969f8ba2801af42456f51,242144.411303,242144.411303,0.0,1,0,1710948545
2024-03-14,0x84ff3b6e2046579fb2f2b891ce18ee10b5fbdbf2,816,0xe96f4e42719542b3f9556eef6ada7b819f0ac793,23296.826566,23296.826566,0.0,1,0,1710975549
2024-03-14,0x84ff3b6e2046579fb2f2b891ce18ee10b5fbdbf2,1363,0x43d16ccd581e1d6a8d51768f75ddf09b79f4f856,0.0,0.0,1769.944587,0,1,1710971463
2024-03-14,0x84ff3b6e2046579fb2f2b891ce18ee10b5fbdbf2,1559,0x0bf7fb51211b4842bad8e831ba2f42fcb836c7e1,0.0,0.0,7171.323636,0,1,1710971791
2024-03-14,0x84ff3b6e2046579fb2f2b891ce18ee10b5fbdbf2,1850,0x77819d746a876b523b0b41d942c1477f248f9137,4963.060953,4963.060953,0.0,1,0,1710975565
2024-03-14,0x84ff3b6e2046579fb2f2b891ce18ee10b5fbdbf2,2424,0x1426fbd146942e153653863cbe633780c17268da,0.0,0.0,3349.293869,0,1,1710972493
2024-03-14,0x84ff3b6e2046579fb2f2b891ce18ee10b5fbdbf2,2674,0x8298ca68dd147f42d2b355d320da71561defcd21,2674.594193,2674.594193,0.0,1,0,1710919607
2024-03-14,0x84ff3b6e2046579fb2f2b891ce18ee10b5fbdbf2,3202,0xb07aee9bb2d03b6f65346f666154150cacdd3e51,2334.723417,2334.723417,0.0,1,0,1710963087
2024-03-14,0x84ff3b6e2046579fb2f2b891ce18ee10b5fbdbf2,3678,0xb77d14282f00dc08d1df2bccae8bed8cae1ee461,1086.240381,1086.240381,0.0,1,0,1710944051
2024-03-14,0x84ff3b6e2046579fb2f2b891ce18ee10b5fbdbf2,8442,0xab13e657eb072c53915730acfab14446ee2293c5,90896.646522,90896.646522,91348.599095,1,1,1710829701
2024-03-14,0x84ff3b6e2046579fb2f2b891ce18ee10b5fbdbf2,9331,0xab13e657eb072c53915730acfab14446ee2293c5,128116.588541,128116.588541,128753.604581,1,1,1710829701
2024-03-14,0x84ff3b6e2046579fb2f2b891ce18ee10b5fbdbf2,9670,0x137d0a214c0a24962fd0ad046994d4ac385e6800,970.273216,970.273216,0.0,1,0,1710946603
2024-03-14,0x84ff3b6e2046579fb2f2b891ce18ee10b5fbdbf2,10066,0x629cbcaaae418da37f4ed34f13637f809f75278b,20739.71084,20739.71084,0.0,1,0,1710916433
2024-03-14,0x84ff3b6e2046579fb2f2b891ce18ee10b5fbdbf2,10324,0xd753ec53fc35eedeba2cf8e45d3127f7bbb6807a,5352.178268,5352.178268,0.0,1,0,1710895443
2024-03-14,0x84ff3b6e2046579fb2f2b891ce18ee10b5fbdbf2,11091,0x5b976cdd56fa2bfb74f9c882648b4426d0ae1a3b,507.753487,507.753487,0.0,1,0,1710956333
2024-03-14,0x84ff3b6e2046579fb2f2b891ce18ee10b5fbdbf2,11131,0xe9a9c837b8918efa22f6e801ae8fd867ce247126,163758.395823,1473158.198363,1471411.264784,9,9,1710877377
2024-03-14,0x84ff3b6e2046579fb2f2b891ce18ee10b5fbdbf2,11264,0x137d0a214c0a24962fd0ad046994d4ac385e6800,34877.488431,34877.488431,0.0,1,0,1710941505
2024-03-14,0x84ff3b6e2046579fb2f2b891ce18ee10b5fbdbf2,12138,0xab13e657eb072c53915730acfab14446ee2293c5,12414.0,12414.0,12414.0,1,1,1710829701
2024-03-14,0x861ee8b9f7e42edcf4f1b5614c6595f71a879f3f,417,0xbe93d14c5defb8f41af8fb092f58e3c71c712b85,31315.534654,31315.534654,0.0,1,0,1710426859
2024-03-14,0x861ee8b9f7e42edcf4f1b5614c6595f71a879f3f,745,0x6073e895631712c0bca0ff58af13acd61d8eb2f3,25558.730336,25558.730336,0.0,1,0,1710418027
2024-03-14,0x861ee8b9f7e42edcf4f1b5614c6595f71a879f3f,1163,0x3e88681de2e12d1ac4116a7a6fb964a2c4c102ae,0.0,0.0,3116.113726,0,1,1710975475
2024-03-14,0x861ee8b9f7e42edcf4f1b5614c6595f71a879f3f,1305,0x05b5240daa1894a299a41d1f63f1caacf94bdeb3,0.0,0.0,4505.928478,0,1,1710972611
2024-03-14,0x861ee8b9f7e42edcf4f1b5614c6595f71a879f3f,1488,0x51e432df264c3315bb0d1aa70d265cdf0792c679,7570.645185,7570.645185,0.0,1,0,1710381001
2024-03-14,0x861ee8b9f7e42edcf4f1b5614c6595f71a879f3f,1562,0x8d655b1af80200a6b81e11482fdea66328b16e05,3518.211132,3518.211132,0.0,1,0,1710412969
2024-03-14,0x861ee8b9f7e42edcf4f1b5614c6595f71a879f3f,1628,0xa80798cfc94f1010267da78c6b4e57abd7bd33ca,6510.83797,6510.83797,0.0,1,0,1710400843
2024-03-14,0x861ee8b9f7e42edcf4f1b5614c6595f71a879f3f,1988,0x4f69c39fe8e37b0b4d9b439a05f89c25f2c658d3,4269.38878,4269.38878,0.0,1,0,1710398013
2024-03-14,0x861ee8b9f7e42edcf4f1b5614c6595f71a879f3f,2286,0xe366619833126918f7fd3bdf516002bdadf1ae5f,3672.667206,3672.667206,0.0,1,0,1710448269
2024-03-14,0x861ee8b9f7e42edcf4f1b5614c6595f71a879f3f,2732,0xb21cf61c3cb30d0f884eadc3d81cd7d8722fd820,2880.499019,2880.499019,0.0,1,0,1710443793
2024-03-14,0x861ee8b9f7e42edcf4f1b5614c6595f71a879f3f,2851,0x6b36502a604bcedc6495fa1596c19ff1b7a1bf81,2583.34386,2583.34386,0.0,1,0,1710403355
2024-03-14,0x861ee8b9f7e42edcf4f1b5614c6595f71a879f3f,2854,0xdc5edfeb777bdfaa851ebda34c102162738290da,0.0,0.0,2339.308197,0,1,1710970813
2024-03-14,0x861ee8b9f7e42edcf4f1b5614c6595f71a879f3f,2966,0x88a1303994f0c906d8c0ee9c72fe17f627ed9f48,2019.377987,2019.377987,0.0,1,0,1710382217
2024-03-14,0x861ee8b9f7e42edcf4f1b5614c6595f71a879f3f,3155,0xa2f28a71cca242abe55aec0ff046c1c8dcde5edd,1731.951809,1731.951809,0.0,1,0,1710404233
2024-03-14,0x861ee8b9f7e42edcf4f1b5614c6595f71a879f3f,3254,0xc4b2286be2635a4ce1c986edab361f7391837cb7,1683.103287,1683.103287,0.0,1,0,1710386465
2024-03-14,0x861ee8b9f7e42edcf4f1b5614c6595f71a879f3f,3600,0x9174016cb020e73728bcf39d65fa153275a7a13b,0.0,0.0,1158.183389,0,1,1710802665
2024-03-14,0x861ee8b9f7e42edcf4f1b5614c6595f71a879f3f,4099,0x23184d3ae7de5609bb57eaec707d9be0b17408a6,0.0,0.0,763.241816,0,1,1710974379
2024-03-14,0x861ee8b9f7e42edcf4f1b5614c6595f71a879f3f,6607,0xbd54cabe09e6d0c0f2a306d918f1dc669af7a412,96.431702,96.431702,0.0,1,0,1710413067
2024-03-14,0x861ee8b9f7e42edcf4f1b5614c6595f71a879f3f,8940,0x226fa898550ef48313d359d90f69914018a89f73,1006.386469,1006.386469,0.0,1,0,1710404655
2024-03-14,0x861ee8b9f7e42edcf4f1b5614c6595f71a879f3f,8941,0x226fa898550ef48313d359d90f69914018a89f73,871.802876,871.802876,0.0,1,0,1710404685
2024-03-14,0x861ee8b9f7e42edcf4f1b5614c6595f71a879f3f,8944,0x226fa898550ef48313d359d90f69914018a89f73,148.58605,148.58605,0.0,1,0,1710404715
2024-03-14,0x861ee8b9f7e42edcf4f1b5614c6595f71a879f3f,9272,0x226fa898550ef48313d359d90f69914018a89f73,411.943194,411.943194,0.0,1,0,1710404753
2024-03-14,0x861ee8b9f7e42edcf4f1b5614c6595f71a879f3f,9761,0x39260b9be6b55b18505c6dd098d7fe0bb8622101,1500.000028,1500.000028,0.0,1,0,1710382465
2024-03-14,0x861ee8b9f7e42edcf4f1b5614c6595f71a879f3f,10002,0x285fed35cbea271a711681e84ffd83c68a596a75,0.0,0.0,14520.769234,0,1,1710965999
2024-03-14,0x861ee8b9f7e42edcf4f1b5614c6595f71a879f3f,10065,0xfb176697fe881af351fa450d85e730018bc36f68,58542.982872,58542.982872,0.0,1,0,1710479647
2024-03-14,0x861ee8b9f7e42edcf4f1b5614c6595f71a879f3f,10431,0xfb176697fe881af351fa450d85e730018bc36f68,11432.212395,11432.212395,0.0,1,0,1710479665
2024-03-14,0x861ee8b9f7e42edcf4f1b5614c6595f71a879f3f,11556,0x226fa898550ef48313d359d90f69914018a89f73,1380.941369,1380.941369,0.0,1,0,1710404625
2024-03-14,0x861ee8b9f7e42edcf4f1b5614c6595f71a879f3f,11558,0x5a1871c41659839d00a00f1b23eb38a6338dba74,0.0,0.0,11266.865608,0,1,1710975441
2024-03-14,0x861ee8b9f7e42edcf4f1b5614c6595f71a879f3f,11725,0x0d1c41d60ef876b3244c9db50ea5c196ced8e07e,0.331354,0.331354,0.0,1,0,1710777637
2024-03-14,0x861ee8b9f7e42edcf4f1b5614c6595f71a879f3f,11928,0xc1634876892843d3f80e790baf3f05bf907e94f6,26.856679,26.856679,45.595283,1,1,1710781721
2024-03-14,0x861ee8b9f7e42edcf4f1b5614c6595f71a879f3f,12041,0x226fa898550ef48313d359d90f69914018a89f73,129.908073,129.908073,0.0,1,0,1710404591
2024-03-14,0x861ee8b9f7e42edcf4f1b5614c6595f71a879f3f,12260,0xa84fa9e80e2b01c48fbc4dfdc8b5ac57f12a7e2b,79.769395,79.769395,0.0,1,0,1710388617
2024-03-14,0x861ee8b9f7e42edcf4f1b5614c6595f71a879f3f,12524,0x7f28afe146f7a81fe97c6c2fab9acf2ea9f8eb7e,6990.784328,6990.784328,0.0,1,0,1710428397
2024-03-14,0x861ee8b9f7e42edcf4f1b5614c6595f71a879f3f,12839,0x6f4706f06cc79728ce0c82f72ed520c53473c951,29.985399,29.985399,387.506692,1,1,1710443403
2024-03-14,0x861ee8b9f7e42edcf4f1b5614c6595f71a879f3f,13177,0xc21faed66e593a3980cd63a95f7b9ce63c2f2b02,2.186371,2.186371,0.0,1,0,1710460591
2024-03-14,0x8b432c54d6e8e1b8d1802753514ab53044af1861,7714,0xcba1a275e2d858ecffaf7a87f606f74b719a8a93,0.0,0.0,195.867639,0,1,1710974047
2024-03-14,0x8c7d15fcb443e07c5dc980901a6281f96d87c10f,4098,0x3db61d37ee38e2aa668fcbb3ba7b99262040ded3,0.0,0.0,1267.63281,0,1,1710406837
2024-03-14,0x8c7d15fcb443e07c5dc980901a6281f96d87c10f,7153,0x8429ed82daa8791fa5e9f004663a50981d47698d,0.0,0.0,33.685821,0,1,1710893557
2024-03-14,0x8e9154ac849e839d60299e85156bcb589de2693a,7121,0x011b0a055e02425461a1ae95b30f483c4ff05be7,0.0,0.0,889.553522,0,1,1710974045
2024-03-14,0x8e9154ac849e839d60299e85156bcb589de2693a,7997,0x41117551e82bc1eeb196150c4f476158f7757aee,0.0,0.0,2.076972,0,1,1710836313
2024-03-14,0x8f24dd646e2ae3615767ebdccc6691c54c41793f,56,0x48a5a6a01ba89cddf97d2d552923d5a11401ed19,339953.933156,339953.933156,0.0,1,0,1710975177
2024-03-14,0x8f24dd646e2ae3615767ebdccc6691c54c41793f,77,0x03da151f75b533177f020b925d7c43f4081ef3c8,220002.106629,220002.106629,0.0,1,0,1710975329
2024-03-14,0x8f24dd646e2ae3615767ebdccc6691c54c41793f,78,0xc6493626be58dc647a5103970da5bcf9f7fdbfd2,0.0,0.0,839842.437099,0,1,1710974675
2024-03-14,0x8f24dd646e2ae3615767ebdccc6691c54c41793f,103,0x1c2ed7a6c4e3c1146103fa222181115a72243a06,56180.728308,56180.728308,0.0,1,0,1710975299
2024-03-14,0x8f24dd646e2ae3615767ebdccc6691c54c41793f,118,0x4ccfeb186c61217f05d8756314c600089b27a1c3,41985.356058,41985.356058,0.0,1,0,1710975207
2024-03-14,0x8f24dd646e2ae3615767ebdccc6691c54c41793f,169,0xcba1a275e2d858ecffaf7a87f606f74b719a8a93,0.0,0.0,255111.686376,0,1,1710973917
2024-03-14,0x8f24dd646e2ae3615767ebdccc6691c54c41793f,199,0x69323bd279f2ed51bffe88ab8f25a46fc53562bb,206506.811127,206506.811127,0.0,1,0,1710975261
2024-03-14,0x8f24dd646e2ae3615767ebdccc6691c54c41793f,218,0xc8336b9dabbac9bfb9aa483e76fc351b13121784,178131.374184,178131.374184,0.0,1,0,1710975367
2024-03-14,0x8f24dd646e2ae3615767ebdccc6691c54c41793f,289,0x95b05f935655c37ada2088c5767e5006f230b068,21108.095423,21108.095423,0.0,1,0,1710975155
2024-03-14,0x8f24dd646e2ae3615767ebdccc6691c54c41793f,324,0xc6493626be58dc647a5103970da5bcf9f7fdbfd2,0.0,0.0,842689.719556,0,1,1710974631
2024-03-14,0x8f24dd646e2ae3615767ebdccc6691c54c41793f,331,0x5181cdf1bb20da04ba788f82989f29e65b67314a,104777.36787,104777.36787,0.0,1,0,1710975281
2024-03-14,0x8f24dd646e2ae3615767ebdccc6691c54c41793f,376,0xff53e3a27b7252148e0f1daf4a00261eee59177f,18081.956675,18081.956675,0.0,1,0,1710975187
2024-03-14,0x8f24dd646e2ae3615767ebdccc6691c54c41793f,475,0xda1d9534bef3344fa5be3b644b767b349e7415c7,32903.612957,32903.612957,0.0,1,0,1710975049
2024-03-14,0x8f24dd646e2ae3615767ebdccc6691c54c41793f,481,0xeef9462b7e4db80ed34a9f22db06a9cda8854569,61549.823988,61549.823988,0.0,1,0,1710975217
2024-03-14,0x8f24dd646e2ae3615767ebdccc6691c54c41793f,644,0x74eef0f2ecb2fd33928cfe8b229adfe899827ef5,28750.000007,28750.000007,0.0,1,0,1710975113
2024-03-14,0x8f24dd646e2ae3615767ebdccc6691c54c41793f,672,0x436ff82aded2edcb2955499448004dc3542b312d,49006.534183,49006.534183,0.0,1,0,1710975087
2024-03-14,0x8f24dd646e2ae3615767ebdccc6691c54c41793f,675,0x1f452ea54d4d934afadc300c61ca0a3b1bbde958,35762.718069,35762.718069,0.0,1,0,1710975179
2024-03-14,0x8f24dd646e2ae3615767ebdccc6691c54c41793f,1118,0xa66375ade8c5ec7bc41c8f0c19cf927d7f3192e6,12868.663189,12868.663189,0.0,1,0,1710975305
2024-03-14,0x8f24dd646e2ae3615767ebdccc6691c54c41793f,1234,0x5a6e9ba01afdcec6bbf20d02493047fa8ccb5b98,10662.04277,10662.04277,0.0,1,0,1710975159
2024-03-14,0x8f24dd646e2ae3615767ebdccc6691c54c41793f,1782,0x8f824380bdf496f539d8306500f87a2cba38f828,5348.559157,5348.559157,0.0,1,0,1710975053
2024-03-14,0x8f24dd646e2ae3615767ebdccc6691c54c41793f,1819,0x90b50ee9aeb83001fbeaf61541fc666341f36400,5179.30274,5179.30274,0.0,1,0,1710974941
2024-03-14,0x8f24dd646e2ae3615767ebdccc6691c54c41793f,1890,0x1a03c9a30d59cfb354df536bf9f20de7eba84077,4901.474032,4901.474032,0.0,1,0,1710975183
2024-03-14,0x8f24dd646e2ae3615767ebdccc6691c54c41793f,2073,0x518180f11414d823647daa068a5847d63c3f128c,4186.148338,4186.148338,0.0,1,0,1710975551
2024-03-14,0x8f24dd646e2ae3615767ebdccc6691c54c41793f,2152,0x037b21279931e628b11b4507b9f7870b15de1c17,3999.794982,3999.794982,0.0,1,0,1710975133
2024-03-14,0x8f24dd646e2ae3615767ebdccc6691c54c41793f,2276,0x53a385d47d3a011539ec377f53acb410f53ff97d,4216.18732,4216.18732,0.0,1,0,1710974991
2024-03-14,0x8f24dd646e2ae3615767ebdccc6691c54c41793f,2887,0x4ce268f49ef0726d602a8b0f22fcc543aa23bb51,2268.234787,2268.234787,0.0,1,0,1710975249
2024-03-14,0x8f24dd646e2ae3615767ebdccc6691c54c41793f,7723,0xa65a864ca19535e4c06000768c6cfa9f6ebaeb12,1728.904329,1728.904329,0.0,1,0,1710975335
2024-03-14,0x8f24dd646e2ae3615767ebdccc6691c54c41793f,8032,0xf265702178a66b4b7ce079fc8a1629e47cf1bcde,314158.96456,314158.96456,0.0,1,0,1710975405
2024-03-14,0x8f24dd646e2ae3615767ebdccc6691c54c41793f,8129,0x72195dda0361f43ce544b750f318d04b35836933,1243.148004,1243.148004,0.0,1,0,1710975245
2024-03-14,0x8f24dd646e2ae3615767ebdccc6691c54c41793f,8395,0x5181cdf1bb20da04ba788f82989f29e65b67314a,16754.062909,16754.062909,0.0,1,0,1710975309
2024-03-14,0x8f24dd646e2ae3615767ebdccc6691c54c41793f,9218,0xb44b476a7f6a83b5e0559433b0d3ad374a0c1682,33502.301808,33502.301808,0.0,1,0,1710975417
2024-03-14,0x8f24dd646e2ae3615767ebdccc6691c54c41793f,9232,0x436ff82aded2edcb2955499448004dc3542b312d,1673.313892,1673.313892,0.0,1,0,1710975107
2024-03-14,0x8f24dd646e2ae3615767ebdccc6691c54c41793f,9276,0x6a3efcfd601c67c7fe2ef28879e27708435b8d2d,30791.909698,30791.909698,0.0,1,0,1710975231
2024-03-14,0x8f24dd646e2ae3615767ebdccc6691c54c41793f,10295,0xc875b3dae5b0c371bc8cf9ded64868b78ac47587,507574.812681,507574.812681,632665.668651,1,1,1710977963
2024-03-14,0x8f24dd646e2ae3615767ebdccc6691c54c41793f,10296,0x03c70563e94de5de56c11a0cc4ce3482f592854f,1265448.331528,1265448.331528,1577315.687869,1,1,1710977765
2024-03-14,0x8f24dd646e2ae3615767ebdccc6691c54c41793f,10298,0xc9814f18a8751214f719de15c54d01b3d78ef14f,229983.258119,49770426.651646,49834093.445953,170,170,1710977733
2024-03-14,0x8f24dd646e2ae3615767ebdccc6691c54c41793f,10917,0xc91703f7b55bb1459840b2f7ac099d47eb002422,5035.195728,5035.195728,0.0,1,0,1710975335
2024-03-14,0x8f24dd646e2ae3615767ebdccc6691c54c41793f,12144,0xc6493626be58dc647a5103970da5bcf9f7fdbfd2,0.0,0.0,34195.0,0,1,1710969833
2024-03-14,0x8f5f1d63599362115e7f9fe71bfd5ab883d82c82,43,0x2ddb405238368695f34d30a80ab60c449aa5ce48,93258.513434,93258.513434,0.0,1,0,1710974183
2024-03-14,0x8f5f1d63599362115e7f9fe71bfd5ab883d82c82,47,0x011b0a055e02425461a1ae95b30f483c4ff05be7,113762.658707,113762.658707,0.0,1,0,1710974017
2024-03-14,0x8f5f1d63599362115e7f9fe71bfd5ab883d82c82,51,0x0f228805c03a693aa964a791e0b2e2c6e6c6513f,147986.729936,147986.729936,0.0,1,0,1710968507
2024-03-14,0x8f5f1d63599362115e7f9fe71bfd5ab883d82c82,68,0x132e47cf2c19ec2d8dd56e1528fc7e18dc09188f,143173.210252,143173.210252,0.0,1,0,1710955935
2024-03-14,0x8f5f1d63599362115e7f9fe71bfd5ab883d82c82,99,0xa48cd684ded1eee3de13e052bbdcfed59558a1ca,165119.094414,165119.094414,0.0,1,0,1710929267
2024-03-14,0x8f5f1d63599362115e7f9fe71bfd5ab883d82c82,113,0xfa9e221a7af006531a816e98792a3e4b22a01461,291653.858975,291653.858975,0.0,1,0,1710948815
2024-03-14,0x8f5f1d63599362115e7f9fe71bfd5ab883d82c82,151,0x5275817b74021e97c980e95ede6bbac0d0d6f3a2,84400.955144,84400.955144,0.0,1,0,1710968779
2024-03-14,0x8f5f1d63599362115e7f9fe71bfd5ab883d82c82,162,0xfa9e221a7af006531a816e98792a3e4b22a01461,201365.720371,201365.720371,0.0,1,0,1710948969
2024-03-14,0x8f5f1d63599362115e7f9fe71bfd5ab883d82c82,165,0x54ecb3397b0bf31cb0b81eb2444e2a7b32507d8b,19925.25107,19925.25107,0.0,1,0,1710959895
2024-03-14,0x8f5f1d63599362115e7f9fe71bfd5ab883d82c82,190,0x48d18a882b0be145606a11fce6f8a301256b93fa,21686.803774,21686.803774,0.0,1,0,1710946971
2024-03-14,0x8f5f1d63599362115e7f9fe71bfd5ab883d82c82,329,0xac46dac5c58bf33a216a0b756bfb9b3d86407f97,95710.193937,95710.193937,0.0,1,0,1710925275
2024-03-14,0x8f5f1d63599362115e7f9fe71bfd5ab883d82c82,430,0x3c20a73dceb7eccb6ce6496c85ffd35bbc526603,122048.995469,122048.995469,0.0,1,0,1710933041
2024-03-14,0x8f5f1d63599362115e7f9fe71bfd5ab883d82c82,452,0x21484a41b00c014c4ad5c92bbb7661fd7c1c9a2b,18648.619,18648.619,0.0,1,0,1710939847
2024-03-14,0x8f5f1d63599362115e7f9fe71bfd5ab883d82c82,486,0x7ee615e93d2d58feb14e58ea93f3fb5940d227e4,7949.424021,7949.424021,0.0,1,0,1710929981
2024-03-14,0x8f5f1d63599362115e7f9fe71bfd5ab883d82c82,538,0x49fd1607a0b93334f090ebaf42c72babb38a0f76,42906.059065,42906.059065,0.0,1,0,1710950629
2024-03-14,0x8f5f1d63599362115e7f9fe71bfd5ab883d82c82,592,0x133d20c739f76236eebace7bf5bfa751bff15a9f,38224.533004,38224.533004,0.0,1,0,1710950675
2024-03-14,0x8f5f1d63599362115e7f9fe71bfd5ab883d82c82,749,0x973a783d79fd380309f3ccfc1f4ef9f21fcf6c0c,32999.99972,32999.99972,0.0,1,0,1710944645
2024-03-14,0x8f5f1d63599362115e7f9fe71bfd5ab883d82c82,760,0xdbab0b75921e3008fd0bb621a8248d969d2d2f0d,24894.989328,24894.989328,0.0,1,0,1710964659
2024-03-14,0x8f5f1d63599362115e7f9fe71bfd5ab883d82c82,858,0xec2f247e5b282cc98905ffb8f61d9989478be146,50543.407213,50543.407213,0.0,1,0,1710949625
2024-03-14,0x8f5f1d63599362115e7f9fe71bfd5ab883d82c82,902,0x186b12ceaf08fde22e32647fcc800e45876f5bd0,18023.310676,18023.310676,0.0,1,0,1710939165
2024-03-14,0x8f5f1d63599362115e7f9fe71bfd5ab883d82c82,926,0x256e2248abb150e5cf0860235e153d0b21b02b25,17066.44028,17066.44028,0.0,1,0,1710925295
2024-03-14,0x8f5f1d63599362115e7f9fe71bfd5ab883d82c82,929,0xfaeaad01421b3acfd3bdcbface76d5038f4ce665,17170.773926,17170.773926,0.0,1,0,1710940317
2024-03-14,0x8f5f1d63599362115e7f9fe71bfd5ab883d82c82,946,0x4523b791292da89a9194b61ba4cd9d98f2af68e0,8461.717063,8461.717063,0.0,1,0,1710913697
2024-03-14,0x8f5f1d63599362115e7f9fe71bfd5ab883d82c82,1117,0xe684dc05c16851c65edb5d9fc3b11bce4f427eb2,12799.756296,12799.756296,0.0,1,0,1710935609
2024-03-14,0x8f5f1d63599362115e7f9fe71bfd5ab883d82c82,1159,0x54f2d57856e44dcf81880df34df300d145cc7d57,12146.847157,12146.847157,0.0,1,0,1710919679
2024-03-14,0x8f5f1d63599362115e7f9fe71bfd5ab883d82c82,1176,0x8844126ca5defee105ae50e5089933768ccf9999,11817.519641,11817.519641,0.0,1,0,1710949045
2024-03-14,0x8f5f1d63599362115e7f9fe71bfd5ab883d82c82,1185,0xc954892d9caf463e967884e379a6ee4c78d61be7,11092.932665,11092.932665,0.0,1,0,1710922901
2024-03-14,0x8f5f1d63599362115e7f9fe71bfd5ab883d82c82,1204,0xd613a4cc742267dd51259d9679cc0d1ad83f7776,11354.000909,11354.000909,0.0,1,0,1710907029
2024-03-14,0x8f5f1d63599362115e7f9fe71bfd5ab883d82c82,1243,0xe8b2c24038079bb624010ca7185d5cdfb716320e,105138.440276,105138.440276,0.0,1,0,1710910469
2024-03-14,0x8f5f1d63599362115e7f9fe71bfd5ab883d82c82,1245,0x6b879c078ea4cc27bbdb486fcaa4fa27e6cbe97a,137868.281783,137868.281783,0.0,1,0,1710960539
2024-03-14,0x8f5f1d63599362115e7f9fe71bfd5ab883d82c82,1271,0xcfa985eafeacd824135173deb3fde50c05ac2ce1,10180.754367,10180.754367,0.0,1,0,1710929119
2024-03-14,0x8f5f1d63599362115e7f9fe71bfd5ab883d82c82,1367,0xcce0a627557f2b9af402607e5342ba15ad5f0053,8840.519054,8840.519054,0.0,1,0,1710937595
2024-03-14,0x8f5f1d63599362115e7f9fe71bfd5ab883d82c82,1430,0xfb07d2bdef2deb1ebec001644b4732ab77281c7a,5325.4176,5325.4176,0.0,1,0,1710959807
2024-03-14,0x8f5f1d63599362115e7f9fe71bfd5ab883d82c82,1469,0x8fc4faa9dd274dc801ca629234e83183031634ec,2037.690677,2037.690677,0.0,1,0,1710924943
2024-03-14,0x8f5f1d63599362115e7f9fe71bfd5ab883d82c82,1495,0xdb5bbaa2d64653b7101d56e91173e677717676fe,10548.118002,10548.118002,0.0,1,0,1710927237
2024-03-14,0x8f5f1d63599362115e7f9fe71bfd5ab883d82c82,1598,0x8643c722031a05fcbb12212804693b81ccf5a4d5,6709.116062,6709.116062,0.0,1,0,1710953157
2024-03-14,0x8f5f1d63599362115e7f9fe71bfd5ab883d82c82,1725,0x4215a881dfa38fa2faced28778c9366ef3e5fbb6,5882.085739,5882.085739,0.0,1,0,1710961275
2024-03-14,0x8f5f1d63599362115e7f9fe71bfd5ab883d82c82,1744,0x49f4d0222c880d4780b636662f5f18f572f2f88a,5663.796423,5663.796423,0.0,1,0,1710919323
2024-03-14,0x8f5f1d63599362115e7f9fe71bfd5ab883d82c82,1755,0x2e97bab47dfb1fd1395be6d86fcd48c19374b79b,6372.611805,6372.611805,0.0,1,0,1710930945
2024-03-14,0x8f5f1d63599362115e7f9fe71bfd5ab883d82c82,2255,0xd8992543ef65dc04ba8e71be895435bee3ab796f,3866.290361,3866.290361,0.0,1,0,1710930919
2024-03-14,0x8f5f1d63599362115e7f9fe71bfd5ab883d82c82,2313,0x3888132606615fc0759853b6ec1107e717d0ae52,1246.515987,1246.515987,0.0,1,0,1710932669
2024-03-14,0x8f5f1d63599362115e7f9fe71bfd5ab883d82c82,2405,0x3ee5a77e6d176f42eaf653d9f49fcb8adabbb6fc,3460.315805,3460.315805,0.0,1,0,1710942043
2024-03-14,0x8f5f1d63599362115e7f9fe71bfd5ab883d82c82,2433,0xe326fe653ed62b38acea220cde1820a98e23c213,3429.737453,3429.737453,0.0,1,0,1710941917
2024-03-14,0x8f5f1d63599362115e7f9fe71bfd5ab883d82c82,2480,0x34bcd3e82df46d516add888bdb92abac8d1d8103,3255.393677,3255.393677,0.0,1,0,1710924053
2024-03-14,0x8f5f1d63599362115e7f9fe71bfd5ab883d82c82,2546,0x8b478359b5593747473e67f78b1f0048c1c523ed,3418.33086,3418.33086,0.0,1,0,1710940865
2024-03-14,0x8f5f1d63599362115e7f9fe71bfd5ab883d82c82,2915,0x6552a83d69e49a418eeeaae4e1e3e5d8ee0402be,2214.639772,2214.639772,0.0,1,0,1710916811
2024-03-14,0x8f5f1d63599362115e7f9fe71bfd5ab883d82c82,3131,0x5192309938ef4a6804e89d20c839169f05d8a8ac,1808.325356,1808.325356,0.0,1,0,1710940263
2024-03-14,0x8f5f1d63599362115e7f9fe71bfd5ab883d82c82,3410,0xc7fafbaa5d3e154edc6851c34bcab910002dc379,1417.506982,1417.506982,0.0,1,0,1710924013
2024-03-14,0x8f5f1d63599362115e7f9fe71bfd5ab883d82c82,4576,0xc91502004bad692221d293b98c3cd8cc5e0b9025,492.002416,492.002416,0.0,1,0,1710924179
2024-03-14,0x8f5f1d63599362115e7f9fe71bfd5ab883d82c82,4716,0x63346d7367d4ba9cd1ff45d7b900b32ec4f73d5e,442.774781,442.774781,0.0,1,0,1710923967
2024-03-14,0x8f5f1d63599362115e7f9fe71bfd5ab883d82c82,5126,0xf10fd43f5f58128269ed4e312fe56084a18e50b9,7015.859815,7015.859815,0.0,1,0,1710910767
2024-03-14,0x8f5f1d63599362115e7f9fe71bfd5ab883d82c82,6250,0x7804c5f4fd50f7c12845e2951e24858b8c270e35,270.815255,270.815255,0.0,1,0,1710912385
2024-03-14,0x8f5f1d63599362115e7f9fe71bfd5ab883d82c82,6400,0xfe4841a4615b8132e6e116a033ca39333c63d121,348.355146,348.355146,0.0,1,0,1710913569
2024-03-14,0x8f5f1d63599362115e7f9fe71bfd5ab883d82c82,6726,0x1fac2b17c44eaee090585ddbe8d3abdacf504946,48.108942,48.108942,0.0,1,0,1710915577
2024-03-14,0x8f5f1d63599362115e7f9fe71bfd5ab883d82c82,6728,0x8a7d5ba462c2130e02d9a3f4c08a140220fc1204,49.197505,49.197505,0.0,1,0,1710915255
2024-03-14,0x8f5f1d63599362115e7f9fe71bfd5ab883d82c82,6730,0xc40d30d5e72308d83252609a42fe758ae3289b55,48.291286,48.291286,0.0,1,0,1710914855
2024-03-14,0x8f5f1d63599362115e7f9fe71bfd5ab883d82c82,7121,0x011b0a055e02425461a1ae95b30f483c4ff05be7,20808.381739,20808.381739,0.0,1,0,1710974045
2024-03-14,0x8f5f1d63599362115e7f9fe71bfd5ab883d82c82,8330,0x43386877500087ee7da43ef57c8691490ddcebac,80664.817456,80664.817456,0.0,1,0,1710948693
2024-03-14,0x8f5f1d63599362115e7f9fe71bfd5ab883d82c82,8460,0xd77d800e235f2bf44e57e3f5caea9770ed76886d,42249.568699,42249.568699,0.0,1,0,1710947295
2024-03-14,0x8f5f1d63599362115e7f9fe71bfd5ab883d82c82,8477,0xf10fd43f5f58128269ed4e312fe56084a18e50b9,1345.700236,1345.700236,0.0,1,0,1710910815
2024-03-14,0x8f5f1d63599362115e7f9fe71bfd5ab883d82c82,9732,0x328d75a47e07f26e1ad22ff3de08e8ba3ca190d4,58431.002151,58431.002151,0.0,1,0,1710913625
2024-03-14,0x8f5f1d63599362115e7f9fe71bfd5ab883d82c82,9968,0x328d75a47e07f26e1ad22ff3de08e8ba3ca190d4,8105.744776,8105.744776,0.0,1,0,1710913737
2024-03-14,0x8f5f1d63599362115e7f9fe71bfd5ab883d82c82,10940,0x418340b636a908e69e98bb0c36ec4610980dce87,19308.323128,19308.323128,0.0,1,0,1710947395
2024-03-14,0x8f5f1d63599362115e7f9fe71bfd5ab883d82c82,12107,0x8db743ecf3813f7bc8f142d654ae8012efaa3481,29182.788517,29182.788517,0.0,1,0,1710948921
2024-03-14,0x8f5f1d63599362115e7f9fe71bfd5ab883d82c82,13554,0xa4b6eeeb7eba0fc360a7402f2ebe90c178115e91,3600.0,3600.0,0.0,1,0,1710948733
2024-03-14,0x90359da9715411b828769ab9343fa2732f726e19,24,0x208a17c5fabe5b90282e5906945ff335e39326c4,0.0,0.0,9371.303934,0,1,1710956157
2024-03-14,0x90359da9715411b828769ab9343fa2732f726e19,47,0x011b0a055e02425461a1ae95b30f483c4ff05be7,0.0,0.0,26722.296145,0,1,1710974017
2024-03-14,0x90359da9715411b828769ab9343fa2732f726e19,62,0xdbd5d31b7f48adc13a0ab0c591f7e3d4f9642e69,195043.172809,195043.172809,0.0,1,0,1710959895
2024-03-14,0x90359da9715411b828769ab9343fa2732f726e19,67,0x8ce17ff2c7376e9adfe9c63c47a801097fa6c525,0.0,0.0,110983.450476,0,1,1710973841
2024-03-14,0x90359da9715411b828769ab9343fa2732f726e19,80,0x34f543a73dcb1a4bcbae71e5dd41fcc1b5c17bf7,422062.582165,422062.582165,0.0,1,0,1710910099
2024-03-14,0x90359da9715411b828769ab9343fa2732f726e19,103,0x1c2ed7a6c4e3c1146103fa222181115a72243a06,56180.728308,56180.728308,0.0,1,0,1710975299
2024-03-14,0x90359da9715411b828769ab9343fa2732f726e19,105,0x208a17c5fabe5b90282e5906945ff335e39326c4,0.0,0.0,26546.338648,0,1,1710956111
2024-03-14,0x90359da9715411b828769ab9343fa2732f726e19,118,0x4ccfeb186c61217f05d8756314c600089b27a1c3,41985.356058,41985.356058,0.0,1,0,1710975207
2024-03-14,0x90359da9715411b828769ab9343fa2732f726e19,234,0x1cabc3e62e0527cbe09917f5ca8e6d9999502d82,156309.864187,156309.864187,0.0,1,0,1710784921
2024-03-14,0x90359da9715411b828769ab9343fa2732f726e19,285,0xe8788a8926dac3d25c591caa64d5296044c1446d,56387.159077,56387.159077,0.0,1,0,1710803335
2024-03-14,0x90359da9715411b828769ab9343fa2732f726e19,289,0x95b05f935655c37ada2088c5767e5006f230b068,11731.099751,11731.099751,0.0,1,0,1710975155
2024-03-14,0x90359da9715411b828769ab9343fa2732f726e19,414,0x0eeacd4c475040463389d15ead034d1291b008b1,16383.428903,16383.428903,0.0,1,0,1710895115
2024-03-14,0x90359da9715411b828769ab9343fa2732f726e19,431,0xae2586e76c8a4d8dc1ff3d9ab70bec760ae143c2,77428.213102,77428.213102,0.0,1,0,1710793801
2024-03-14,0x90359da9715411b828769ab9343fa2732f726e19,565,0x9e32643153bb21a77a5a757d6c51a01aebea0fa7,43886.619131,43886.619131,0.0,1,0,1710766881
2024-03-14,0x90359da9715411b828769ab9343fa2732f726e19,628,0x8fa5ebb986fa6db89291a383142bb756ab88428e,0.0,0.0,17443.376709,0,1,1710969935
2024-03-14,0x90359da9715411b828769ab9343fa2732f726e19,639,0xe564d9afc3e8d7ddc99912dbc5db58925b414024,34343.645317,34343.645317,0.0,1,0,1710795023
2024-03-14,0x90359da9715411b828769ab9343fa2732f726e19,748,0x5805641e589cf538004a0ccfc31a57ac1ba2cb02,12727.407626,12727.407626,0.0,1,0,1710975263
2024-03-14,0x90359da9715411b828769ab9343fa2732f726e19,754,0x4d3869e2451d28bb4f03aeda60322eaf01e912db,7600.510035,7600.510035,0.0,1,0,1710865673
2024-03-14,0x90359da9715411b828769ab9343fa2732f726e19,781,0x1e593f9fabd9a166fc6dd0ad8255a266fdfb490e,25249.341375,25249.341375,0.0,1,0,1710785043
2024-03-14,0x90359da9715411b828769ab9343fa2732f726e19,887,0x50fa50fa2032d85eb2dda303929bf56886aa9afb,2086.487386,2086.487386,0.0,1,0,1710898447
2024-03-14,0x90359da9715411b828769ab9343fa2732f726e19,942,0x69e24369bfeda80348bd5104df01c4d8b33ecff9,20822.795171,20822.795171,0.0,1,0,1710793967
2024-03-14,0x90359da9715411b828769ab9343fa2732f726e19,1159,0x54f2d57856e44dcf81880df34df300d145cc7d57,0.0,0.0,11793.86814,0,1,1710919679
2024-03-14,0x90359da9715411b828769ab9343fa2732f726e19,1176,0x8844126ca5defee105ae50e5089933768ccf9999,0.0,0.0,11474.110655,0,1,1710949045
2024-03-14,0x90359da9715411b828769ab9343fa2732f726e19,1295,0x4334703b0b74e2045926f82f4158a103fce1df4f,9680.489506,9680.489506,0.0,1,0,1710767949
2024-03-14,0x90359da9715411b828769ab9343fa2732f726e19,1494,0x040528e6ebdcbc6e37e3c78350de0a59aedce622,3399.495009,3399.495009,0.0,1,0,1710899389
2024-03-14,0x90359da9715411b828769ab9343fa2732f726e19,1674,0x4f1b4a2d5cf60240df3035688db8cceb97170301,6080.621343,6080.621343,0.0,1,0,1710791877
2024-03-14,0x90359da9715411b828769ab9343fa2732f726e19,1702,0x05ed99aafe5bfc33e1636d57e03f55caf0b0e912,6230.218259,6230.218259,0.0,1,0,1710909597
2024-03-14,0x90359da9715411b828769ab9343fa2732f726e19,1828,0xdff2425c57f2f930ff14d693dc913894053622ae,0.0,0.0,6761.921065,0,1,1710392281
2024-03-14,0x90359da9715411b828769ab9343fa2732f726e19,2091,0x860b0f90b281ae6a4974213ba7b7861bb3ec7f80,4142.608934,4142.608934,0.0,1,0,1710874405
2024-03-14,0x90359da9715411b828769ab9343fa2732f726e19,2170,0xe864c76dc41797e606b67ecd23cf0575841cb24e,1945.080663,1945.080663,0.0,1,0,1710870305
2024-03-14,0x90359da9715411b828769ab9343fa2732f726e19,2189,0xabfd07cc78910f8875169ae6373d95316f4ca117,389158.191781,389158.191781,0.0,1,0,1710814597
2024-03-14,0x90359da9715411b828769ab9343fa2732f726e19,2243,0xefc7030f4748b0f77f0fbd80dbfe009852e90069,3678.389857,3678.389857,0.0,1,0,1710879861
2024-03-14,0x90359da9715411b828769ab9343fa2732f726e19,2298,0x1395de9daec52ad405e945603ea0a9346d00d01c,3642.346204,3642.346204,0.0,1,0,1710891925
2024-03-14,0x90359da9715411b828769ab9343fa2732f726e19,2306,0xedac1779d89ed877c99637861e89945ca7226c4f,3639.603105,3639.603105,0.0,1,0,1710904393
2024-03-14,0x90359da9715411b828769ab9343fa2732f726e19,2510,0x2afeb9ac4196037c575b45ada553b70ec80d40df,9932.53339,9932.53339,0.0,1,0,1710805893
2024-03-14,0x90359da9715411b828769ab9343fa2732f726e19,2789,0x4372a6bb30df110d60bccae53ed6695468e9fccc,2561.727816,2561.727816,0.0,1,0,1710879845
2024-03-14,0x90359da9715411b828769ab9343fa2732f726e19,2827,0xbd48855db52b9d0b5ea728e75fb20b74297ac70e,2454.586574,2454.586574,0.0,1,0,1710899559
2024-03-14,0x90359da9715411b828769ab9343fa2732f726e19,3086,0x9b9e8bc43c15559653868587a193bd014dff5c65,2158.559122,2158.559122,0.0,1,0,1710880765
2024-03-14,0x90359da9715411b828769ab9343fa2732f726e19,3089,0xadc83821108c2382a4cf96b55b8c75134f061d9e,1819.354779,1819.354779,0.0,1,0,1710879815
2024-03-14,0x90359da9715411b828769ab9343fa2732f726e19,3424,0xf99983c1b128b87bed9ae10ec19df12fefdeb822,1432.958368,1432.958368,0.0,1,0,1710886815
2024-03-14,0x90359da9715411b828769ab9343fa2732f726e19,3758,0xe492e921f11d8c42f78e80e9bb9abc75d9c49243,854.716162,854.716162,0.0,1,0,1710875943
2024-03-14,0x90359da9715411b828769ab9343fa2732f726e19,3939,0x5b443cd7739b4eb26b7db17f9ee556d75a069401,901.920675,901.920675,0.0,1,0,1710897927
2024-03-14,0x90359da9715411b828769ab9343fa2732f726e19,4113,0x194bbcbfd3913843d260025e6664226f3357c80e,759.897373,759.897373,0.0,1,0,1710770033
2024-03-14,0x90359da9715411b828769ab9343fa2732f726e19,4320,0x6c0cafe6165d1a37659b6f9728de30969c35cbf2,559.290048,559.290048,0.0,1,0,1710776145
2024-03-14,0x90359da9715411b828769ab9343fa2732f726e19,4520,0x452a9b8cde503a041de5586d64247843dac5ca57,531.35984,531.35984,0.0,1,0,1710768447
2024-03-14,0x90359da9715411b828769ab9343fa2732f726e19,5371,0x4c0d9bff934e53cca53d98c187d0f6b29eecfd64,387.64324,387.64324,0.0,1,0,1710902481
2024-03-14,0x90359da9715411b828769ab9343fa2732f726e19,5454,0xe38d5840a51f7da315b085bacf144969a8006e72,382.98138,382.98138,0.0,1,0,1710793003
2024-03-14,0x90359da9715411b828769ab9343fa2732f726e19,5583,0xa3bdbf5d5ff6059463421b5fcfc0aedcdb18b59b,380.247447,380.247447,0.0,1,0,1710898335
2024-03-14,0x90359da9715411b828769ab9343fa2732f726e19,5660,0x856980373f9f8b8f6d7846533419b5be34500b2f,367.329564,367.329564,0.0,1,0,1710897475
2024-03-14,0x90359da9715411b828769ab9343fa2732f726e19,6456,0x9b12c2ef2e591dd12d82dfba3268881ed9aed88d,2154.964763,2154.964763,0.0,1,0,1710897819
2024-03-14,0x90359da9715411b828769ab9343fa2732f726e19,6457,0x2cac43da9303af89e6de4e197d52f1f9c3ca2936,2790.065868,2790.065868,0.0,1,0,1710898151
2024-03-14,0x90359da9715411b828769ab9343fa2732f726e19,6677,0x75821898ad35392425896085089629611391d2bf,43.587369,43.587369,0.0,1,0,1710881137
2024-03-14,0x90359da9715411b828769ab9343fa2732f726e19,6731,0xe7677698617c6a3d4676eb787c1bc10081d5b8d3,49.767684,49.767684,0.0,1,0,1710878009
2024-03-14,0x90359da9715411b828769ab9343fa2732f726e19,7121,0x011b0a055e02425461a1ae95b30f483c4ff05be7,0.0,0.0,889.553522,0,1,1710974045
2024-03-14,0x90359da9715411b828769ab9343fa2732f726e19,8047,0x4ee67d558e065c6655f6a871a881e4717d97d1bd,5970.437503,5970.437503,0.0,1,0,1710975403
2024-03-14,0x90359da9715411b828769ab9343fa2732f726e19,8589,0x05ed99aafe5bfc33e1636d57e03f55caf0b0e912,7131.722492,7131.722492,0.0,1,0,1710909607
2024-03-14,0x90359da9715411b828769ab9343fa2732f726e19,9258,0xd847fda8158b1dcada13d386b1372136724d4f3f,7040.588389,7040.588389,0.0,1,0,1710892999
2024-03-14,0x90359da9715411b828769ab9343fa2732f726e19,9747,0xdab85506424396fb090d84b64ad63b770d87c028,102371.438787,102371.438787,0.0,1,0,1710904743
2024-03-14,0x90359da9715411b828769ab9343fa2732f726e19,9832,0xcd2a51c0e8b0fb0617ac890f5dd1ea6d26069049,1186.066478,1186.066478,0.0,1,0,1710783243
2024-03-14,0x90359da9715411b828769ab9343fa2732f726e19,10092,0x2a36b16a31e28098572ef981ec551384487c944e,2705.020657,2705.020657,0.0,1,0,1710789091
2024-03-14,0x90359da9715411b828769ab9343fa2732f726e19,10252,0xdab85506424396fb090d84b64ad63b770d87c028,17633.139331,17633.139331,0.0,1,0,1710904763
2024-03-14,0x90359da9715411b828769ab9343fa2732f726e19,10474,0x505f69dbcc43a51d7ef1c2201f54ee116c45b20b,0.0,0.0,155823.573217,0,1,1710961189
2024-03-14,0x90359da9715411b828769ab9343fa2732f726e19,10950,0xdff2425c57f2f930ff14d693dc913894053622ae,0.0,0.0,41325.612197,0,1,1710384145
2024-03-14,0x90359da9715411b828769ab9343fa2732f726e19,10986,0xbd584812c7aaeb901e8424725065cb0716b9264f,9258.8019,9258.8019,0.0,1,0,1710899185
2024-03-14,0x90359da9715411b828769ab9343fa2732f726e19,11018,0x87c9b9a4e9eaa22a4e80bddd23e5a98ae65eda1f,16317.529123,16317.529123,0.0,1,0,1710762251
2024-03-14,0x90359da9715411b828769ab9343fa2732f726e19,11308,0xb71ba81a183b2f956c9820729642063d64780b93,4808.854649,4808.854649,0.0,1,0,1710902871
2024-03-14,0x90359da9715411b828769ab9343fa2732f726e19,11509,0xf99983c1b128b87bed9ae10ec19df12fefdeb822,1814.457025,1814.457025,0.0,1,0,1710886799
2024-03-14,0x90359da9715411b828769ab9343fa2732f726e19,12725,0x25aa0312ceb7ddd49629fe78a8507c9982d3c551,120.822268,120.822268,0.0,1,0,1710796205
2024-03-14,0x90359da9715411b828769ab9343fa2732f726e19,12886,0xdff2425c57f2f930ff14d693dc913894053622ae,0.0,0.0,100.974205,0,1,1710383815
2024-03-14,0x90359da9715411b828769ab9343fa2732f726e19,13066,0xe9a9c837b8918efa22f6e801ae8fd867ce247126,151.34122,151.34122,0.0,1,0,1710878309
2024-03-14,0x90359da9715411b828769ab9343fa2732f726e19,13418,0x924af56089af7aeb6c211ee3781e24b7444cc216,12790.973343,12790.973343,0.0,1,0,1710770229
2024-03-14,0x90359da9715411b828769ab9343fa2732f726e19,13424,0x17eef8c6f9edcbceb3dee33ef277a1f33c504629,26.412474,26.412474,0.0,1,0,1710783563
2024-03-14,0x90359da9715411b828769ab9343fa2732f726e19,13624,0xb83ddb38bb0690ec8ff9ac0e72c7fba5e9986937,1.210765,1.210765,0.0,1,0,1710881085
2024-03-14,0x90359da9715411b828769ab9343fa2732f726e19,13639,0xf30d83bc83b8750702902e6344f423cb6e64014d,217.110836,217.110836,0.0,1,0,1710899083
2024-03-14,0x90359da9715411b828769ab9343fa2732f726e19,13647,0xfb044636b92629aa38ee94aa397e09cb7f3ae6cb,14.824139,14.824139,0.0,1,0,1710904601
2024-03-14,0x9287c921f5d920ceee0d07d7c58d476e46acc640,3380,0xbe5c3717205ef314f01a280cc552b95aa9da4757,1507.17104,1507.17104,1499.355749,1,1,1710832963
2024-03-14,0x9287c921f5d920ceee0d07d7c58d476e46acc640,3410,0xc7fafbaa5d3e154edc6851c34bcab910002dc379,0.0,0.0,1417.506982,0,1,1710924013
2024-03-14,0x951fdfa193d92c74c9e35ea8c8c757cbcbb85147,982,0x5ae60432076d1885aa082546cae5d0e4cf0e9b1b,0.0,0.0,15506.899976,0,1,1710973693
2024-03-14,0x951fdfa193d92c74c9e35ea8c8c757cbcbb85147,2633,0xfcc06f7f02f6ab02051f259db4f82f20d8d02112,3277.639857,3277.639857,3272.082172,1,1,1710727415
2024-03-14,0x951fdfa193d92c74c9e35ea8c8c757cbcbb85147,9756,0x72d320a6f03249bd60fb3f1a0ca95daecbd9ca61,24.58004,24.58004,25.701115,1,1,1710477283
2024-03-14,0x951fdfa193d92c74c9e35ea8c8c757cbcbb85147,11155,0x74c106cbe16ed6a8d5db48b2b2fbfe2174186204,0.0,0.0,0.672756,0,1,1710697947
2024-03-14,0x951fdfa193d92c74c9e35ea8c8c757cbcbb85147,11367,0x523892711c660bc0be2b3e39cc7b8dddd3aad62e,420735.587763,841471.175527,837622.392604,2,2,1710434795
2024-03-14,0x952388d73ea3e940ed6824dbd75ed6ad58e6b436,659,0x13fc2b8032228af0917f22bd1c3b7d2704b4d630,7996.584706,7996.584706,0.0,1,0,1710973577
2024-03-14,0x967aedc48f6d65d89926d202e1aa2849910d6d46,649,0x3838433f63f4d4a24260f2485aacf5894ba7bc93,0.0,0.0,8066.434587,0,1,1710975479
2024-03-14,0x967aedc48f6d65d89926d202e1aa2849910d6d46,2621,0xb5eca0a315609bf3831056bfcd42db2363cb4466,0.0,0.0,3134.903565,0,1,1710941769
2024-03-14,0x967aedc48f6d65d89926d202e1aa2849910d6d46,3817,0x547b324b3f9e1f9f436fede6e88ae1ca816db6f3,0.0,0.0,1124.82674,0,1,1710970625
2024-03-14,0x967aedc48f6d65d89926d202e1aa2849910d6d46,4565,0x15b4999e8ff9822201693a7564a16cdb7082b74d,0.0,0.0,498.270061,0,1,1710688233
2024-03-14,0x967aedc48f6d65d89926d202e1aa2849910d6d46,5332,0x314fd5d24e1db1fd89c5b5b96025724ac51ce18c,0.0,0.0,390.226863,0,1,1710399697
2024-03-14,0x967aedc48f6d65d89926d202e1aa2849910d6d46,5583,0xa3bdbf5d5ff6059463421b5fcfc0aedcdb18b59b,0.0,0.0,374.44986,0,1,1710898335
2024-03-14,0x967aedc48f6d65d89926d202e1aa2849910d6d46,5660,0x856980373f9f8b8f6d7846533419b5be34500b2f,0.0,0.0,367.329564,0,1,1710897475
2024-03-14,0x967aedc48f6d65d89926d202e1aa2849910d6d46,6080,0x3c698d1e054a921dcf46bc213ca407e39ae4db8d,0.0,371.493889,735.63703,1,2,1710392931
2024-03-14,0x967aedc48f6d65d89926d202e1aa2849910d6d46,7121,0x011b0a055e02425461a1ae95b30f483c4ff05be7,0.0,0.0,3953.57121,0,1,1710974045
2024-03-14,0x97e6ff909f30d034f1dc9721e2939cea57116d95,2317,0x17929246a8b048adf6338c91802a04696cc44dce,3796.588568,3796.588568,3517.148493,1,1,1710912263
2024-03-14,0x97e6ff909f30d034f1dc9721e2939cea57116d95,2876,0x1d8c4d80464270afb50576cab66f08a29903747f,0.0,0.0,2224.396786,0,1,1710974141
2024-03-14,0x97e6ff909f30d034f1dc9721e2939cea57116d95,10295,0xc875b3dae5b0c371bc8cf9ded64868b78ac47587,0.0,0.0,126533.13373,0,1,1710977963
2024-03-14,0x97e6ff909f30d034f1dc9721e2939cea57116d95,10296,0x03c70563e94de5de56c11a0cc4ce3482f592854f,0.0,0.0,315463.137574,0,1,1710977765
2024-03-14,0x97e6ff909f30d034f1dc9721e2939cea57116d95,10298,0xc9814f18a8751214f719de15c54d01b3d78ef14f,0.0,9908088.678705,9966818.689191,169,170,1710977733
2024-03-14,0x97e6ff909f30d034f1dc9721e2939cea57116d95,11677,0x0f8684f6dc76617d6831b4546381eb6cfb1c559f,2048.334545,2048.334545,2068.058191,1,1,1710938235
2024-03-14,0x97e6ff909f30d034f1dc9721e2939cea57116d95,11827,0x0f8684f6dc76617d6831b4546381eb6cfb1c559f,84.489731,84.489731,0.0,1,0,1710938245
2024-03-14,0x9d933f0af9dc01a6f9e5d2e6dcb25b6d0837ea81,43,0x2ddb405238368695f34d30a80ab60c449aa5ce48,155430.855724,155430.855724,0.0,1,0,1710974183
2024-03-14,0x9d933f0af9dc01a6f9e5d2e6dcb25b6d0837ea81,47,0x011b0a055e02425461a1ae95b30f483c4ff05be7,675884.031142,675884.031142,656700.427775,1,1,1710974017
2024-03-14,0x9d933f0af9dc01a6f9e5d2e6dcb25b6d0837ea81,56,0x48a5a6a01ba89cddf97d2d552923d5a11401ed19,203972.359893,203972.359893,0.0,1,0,1710975177
2024-03-14,0x9d933f0af9dc01a6f9e5d2e6dcb25b6d0837ea81,67,0x8ce17ff2c7376e9adfe9c63c47a801097fa6c525,111171.957679,111171.957679,0.0,1,0,1710973841
2024-03-14,0x9d933f0af9dc01a6f9e5d2e6dcb25b6d0837ea81,77,0x03da151f75b533177f020b925d7c43f4081ef3c8,0.0,0.0,219629.06308,0,1,1710975329
2024-03-14,0x9d933f0af9dc01a6f9e5d2e6dcb25b6d0837ea81,108,0x342f3002bb6f77441dfa40480ebb169d6912b464,510415.23077,510415.23077,0.0,1,0,1710719199
2024-03-14,0x9d933f0af9dc01a6f9e5d2e6dcb25b6d0837ea81,118,0x4ccfeb186c61217f05d8756314c600089b27a1c3,41985.356058,41985.356058,0.0,1,0,1710975207
2024-03-14,0x9d933f0af9dc01a6f9e5d2e6dcb25b6d0837ea81,132,0xf0b0a5bb90f94b4f5570b41106d6c325f7b53079,395213.955364,395213.955364,0.0,1,0,1710726623
2024-03-14,0x9d933f0af9dc01a6f9e5d2e6dcb25b6d0837ea81,155,0x8371ec1d9b31899e8a7574f43a7864f395c80d00,0.0,0.0,699812.707002,0,1,1710972367
2024-03-14,0x9d933f0af9dc01a6f9e5d2e6dcb25b6d0837ea81,190,0x48d18a882b0be145606a11fce6f8a301256b93fa,0.0,0.0,108250.154217,0,1,1710946971
2024-03-14,0x9d933f0af9dc01a6f9e5d2e6dcb25b6d0837ea81,193,0xf1578f87c0343051c07156533ea263320212bc9d,0.0,0.0,211518.904816,0,1,1710972261
2024-03-14,0x9d933f0af9dc01a6f9e5d2e6dcb25b6d0837ea81,289,0x95b05f935655c37ada2088c5767e5006f230b068,11691.964387,11691.964387,11691.964387,1,1,1710975155
2024-03-14,0x9d933f0af9dc01a6f9e5d2e6dcb25b6d0837ea81,368,0x4388cb70d7e0ba4a9363f97ea08579364c60290e,309859.534722,309859.534722,300493.142215,1,1,1710942591
2024-03-14,0x9d933f0af9dc01a6f9e5d2e6dcb25b6d0837ea81,389,0x879d4cf44d51661f991bb3695cc61599d33847c2,34758.789889,34758.789889,33804.472319,1,1,1710975389
2024-03-14,0x9d933f0af9dc01a6f9e5d2e6dcb25b6d0837ea81,391,0x6fe797a05359c9d91b1f85d418e2ed4ea6c65a8f,17527.67459,17527.67459,13998.363223,1,1,1710972887
2024-03-14,0x9d933f0af9dc01a6f9e5d2e6dcb25b6d0837ea81,649,0x3838433f63f4d4a24260f2485aacf5894ba7bc93,0.0,0.0,16132.869174,0,1,1710975479
2024-03-14,0x9d933f0af9dc01a6f9e5d2e6dcb25b6d0837ea81,711,0x74e8beb278dc75d26d5918ae83bf85b58c82d3fb,29129.688838,29129.688838,0.0,1,0,1710462191
2024-03-14,0x9d933f0af9dc01a6f9e5d2e6dcb25b6d0837ea81,885,0xb39d022edf05c31e1981f4f4d8137dda9c57cfae,16716.551801,16716.551801,16988.47128,1,1,1710967119
2024-03-14,0x9d933f0af9dc01a6f9e5d2e6dcb25b6d0837ea81,951,0xe3bcab94834c97f4eef2dbd4b1256beebb9aa1bf,16850.029174,16850.029174,0.0,1,0,1710618979
2024-03-14,0x9d933f0af9dc01a6f9e5d2e6dcb25b6d0837ea81,960,0x2932c3e41f92a3e4f5f36a81e346397de8620502,16445.536652,16445.536652,0.0,1,0,1710696015
2024-03-14,0x9d933f0af9dc01a6f9e5d2e6dcb25b6d0837ea81,982,0x5ae60432076d1885aa082546cae5d0e4cf0e9b1b,3957.148888,3957.148888,0.0,1,0,1710973693
2024-03-14,0x9d933f0af9dc01a6f9e5d2e6dcb25b6d0837ea81,1056,0xeb4576fe753dab07635c0bb6c8f0a355e1db5d31,30638.600518,30638.600518,0.0,1,0,1710974645
2024-03-14,0x9d933f0af9dc01a6f9e5d2e6dcb25b6d0837ea81,1188,0x3df6fedbf3ed9e580cbf573d712b5cbb725bb2a7,0.0,0.0,11467.932366,0,1,1710971379
2024-03-14,0x9d933f0af9dc01a6f9e5d2e6dcb25b6d0837ea81,1206,0x7d9a78f607706b8f5ce26fba6c9eacabf8937df0,2224.482522,2224.482522,2217.067747,1,1,1710535001
2024-03-14,0x9d933f0af9dc01a6f9e5d2e6dcb25b6d0837ea81,1456,0x78f214cf1287b5c97df55a285e885b09c0d43e3d,7925.888717,7925.888717,0.0,1,0,1710497523
2024-03-14,0x9d933f0af9dc01a6f9e5d2e6dcb25b6d0837ea81,1595,0x6532a7c47b033e83eac702b2baecdb8b834558de,6755.525005,6755.525005,0.0,1,0,1710418543
2024-03-14,0x9d933f0af9dc01a6f9e5d2e6dcb25b6d0837ea81,1660,0xaa62cf7caaf0c7e50deaa9d5d0b907472f00b258,1587.84488,1587.84488,1585.152473,1,1,1710429647
2024-03-14,0x9d933f0af9dc01a6f9e5d2e6dcb25b6d0837ea81,1686,0x0825d6c1d8e93b29c8f057e90457bb938061f6ad,6169.391542,6169.391542,0.0,1,0,1710664173
2024-03-14,0x9d933f0af9dc01a6f9e5d2e6dcb25b6d0837ea81,1933,0x5d643f55b82e89f394c4a688ed6b91eb1d88e931,4454.606156,4454.606156,0.0,1,0,1710618747
2024-03-14,0x9d933f0af9dc01a6f9e5d2e6dcb25b6d0837ea81,1961,0x68e53742e7a7de9831b9752046072a942f18e4fd,4473.027235,4473.027235,0.0,1,0,1710575675
2024-03-14,0x9d933f0af9dc01a6f9e5d2e6dcb25b6d0837ea81,1971,0x5538793f0ed24fd4ea2fcd5225a40995a8f5ac3a,4447.8542,4447.8542,0.0,1,0,1710426931
2024-03-14,0x9d933f0af9dc01a6f9e5d2e6dcb25b6d0837ea81,2279,0xcd4a798f3408115137286b3bf9df115ff808aa7a,3685.646653,7371.293307,3685.646653,2,1,1710878059
2024-03-14,0x9d933f0af9dc01a6f9e5d2e6dcb25b6d0837ea81,2351,0x3bc29ca7ff3bb9a205a766d31c1cdd6917202734,3568.514769,3568.514769,0.0,1,0,1710404979
2024-03-14,0x9d933f0af9dc01a6f9e5d2e6dcb25b6d0837ea81,2567,0xe29555e804e414e295e2a059fc49d002ec18f268,1567.901236,1567.901236,0.0,1,0,1710577447
2024-03-14,0x9d933f0af9dc01a6f9e5d2e6dcb25b6d0837ea81,2570,0x9a608d9f416518b5f11acf3dc5594c90d6998e2c,3212.394219,3212.394219,0.0,1,0,1710399391
2024-03-14,0x9d933f0af9dc01a6f9e5d2e6dcb25b6d0837ea81,2860,0xd935a63d629cac4cfc8f632a2f4aab3ca8d99e38,579.859947,579.859947,0.0,1,0,1710927547
2024-03-14,0x9d933f0af9dc01a6f9e5d2e6dcb25b6d0837ea81,3040,0x8b05f073dc61b5f89f2b0ab09fe1c6f987a016a2,0.0,0.0,1654.657934,0,1,1710975595
2024-03-14,0x9d933f0af9dc01a6f9e5d2e6dcb25b6d0837ea81,3256,0xaaf4108cb563bbba173314aa5cf1fae1c916f264,0.0,0.0,2416.502857,0,1,1710405467
2024-03-14,0x9d933f0af9dc01a6f9e5d2e6dcb25b6d0837ea81,3316,0x4df0df2d3780a192e4ee87cce6156c562904e940,1582.226895,1582.226895,0.0,1,0,1710387821
2024-03-14,0x9d933f0af9dc01a6f9e5d2e6dcb25b6d0837ea81,3326,0x48b576c87e788a762d6f95a456f2a39113b46950,1553.773003,1553.773003,0.0,1,0,1710387697
2024-03-14,0x9d933f0af9dc01a6f9e5d2e6dcb25b6d0837ea81,3327,0x08928dcb5bd0b58f8de51921eaade7da8146d259,1570.356678,1570.356678,0.0,1,0,1710387955
2024-03-14,0x9d933f0af9dc01a6f9e5d2e6dcb25b6d0837ea81,3333,0x227fd2fd881cc6c99dfccc0fb40f2b1dc2f3f36e,1542.852977,1542.852977,0.0,1,0,1710388055
2024-03-14,0x9d933f0af9dc01a6f9e5d2e6dcb25b6d0837ea81,3393,0x2446f1a75162f045d02f23d1d3b0f5a2c0f9a4cb,3285.519125,3285.519125,0.0,1,0,1710974235
2024-03-14,0x9d933f0af9dc01a6f9e5d2e6dcb25b6d0837ea81,3400,0x1e51745bdb4436563097833ba83dcc51109d9fa8,0.0,0.0,718.259064,0,1,1710969537
2024-03-14,0x9d933f0af9dc01a6f9e5d2e6dcb25b6d0837ea81,3579,0x86ff945e6dc2470317ca082a01de7d24188671ac,1222.998114,1222.998114,0.0,1,0,1710403905
2024-03-14,0x9d933f0af9dc01a6f9e5d2e6dcb25b6d0837ea81,3595,0x50e1310b03eda95b919b7d0b564518d77804434c,1195.569126,1195.569126,0.0,1,0,1710583645
2024-03-14,0x9d933f0af9dc01a6f9e5d2e6dcb25b6d0837ea81,3612,0x9bcbf958364aad003552de214ab562b8aacbee68,1111.156952,1111.156952,0.0,1,0,1710508271
2024-03-14,0x9d933f0af9dc01a6f9e5d2e6dcb25b6d0837ea81,3933,0xa198e245bf6929c1a1899e36bf957417143d4f7f,441.621202,441.621202,0.0,1,0,1710676367
2024-03-14,0x9d933f0af9dc01a6f9e5d2e6dcb25b6d0837ea81,4111,0xf6f9f6ab27a36e3e2b13a6a1a13b5a5b6a34516b,368.974447,368.974447,0.0,1,0,1710897997
2024-03-14,0x9d933f0af9dc01a6f9e5d2e6dcb25b6d0837ea81,4143,0xa61301a5199671ab6c5d2e21c718fddbdab778e3,360.398077,360.398077,0.0,1,0,1710387757
2024-03-14,0x9d933f0af9dc01a6f9e5d2e6dcb25b6d0837ea81,4268,0x9a293d82710058d930376ee0af037da5d3421ec6,534.606863,534.606863,0.0,1,0,1710575803
2024-03-14,0x9d933f0af9dc01a6f9e5d2e6dcb25b6d0837ea81,4477,0x90554d3c00b5b34fa2849b76c17bc874c90f9563,3527.490628,3527.490628,0.0,1,0,1710396041
2024-03-14,0x9d933f0af9dc01a6f9e5d2e6dcb25b6d0837ea81,4482,0xfc427d3112ccef24dce7fda59238aceca2b8105a,593.513567,593.513567,0.0,1,0,1710396197
2024-03-14,0x9d933f0af9dc01a6f9e5d2e6dcb25b6d0837ea81,4635,0xdbc88e5858fd2cd02b2670383100b04804fe2f27,0.0,0.0,17437.522808,0,1,1710975543
2024-03-14,0x9d933f0af9dc01a6f9e5d2e6dcb25b6d0837ea81,4743,0x87751ed036c0c5048c42d3a637163a932da0ff30,397.541425,397.541425,0.0,1,0,1710506493
2024-03-14,0x9d933f0af9dc01a6f9e5d2e6dcb25b6d0837ea81,4775,0x878ac65152305b69b1f4e48df1ac21df31192aca,431.537424,431.537424,0.0,1,0,1710403887
2024-03-14,0x9d933f0af9dc01a6f9e5d2e6dcb25b6d0837ea81,4906,0x05f78c7f3e79c3a6c453d188b013e3812e52cabb,410.478796,410.478796,0.0,1,0,1710404451
2024-03-14,0x9d933f0af9dc01a6f9e5d2e6dcb25b6d0837ea81,5366,0x081932b0369eae9905440eb5aeb0a312a9ad020d,189.020831,189.020831,378.041662,1,1,1710721025
2024-03-14,0x9d933f0af9dc01a6f9e5d2e6dcb25b6d0837ea81,5418,0x5cb7dd40378c4f0bf167c30b7cc1982c4976314c,386.223355,386.223355,0.0,1,0,1710456937
2024-03-14,0x9d933f0af9dc01a6f9e5d2e6dcb25b6d0837ea81,5432,0x4a40eb870dcf533d4dc097c3d87aafe9f64490a1,386.162784,386.162784,0.0,1,0,1710697227
2024-03-14,0x9d933f0af9dc01a6f9e5d2e6dcb25b6d0837ea81,5457,0x8db7a537d8478df3c6d95ff33b4270342862957f,43.707996,43.707996,0.0,1,0,1710486579
2024-03-14,0x9d933f0af9dc01a6f9e5d2e6dcb25b6d0837ea81,5901,0x2c7a4dbcf33080ac93b14be408b457eb40a7dfb8,37.063318,37.063318,90.248948,1,1,1710674811
2024-03-14,0x9d933f0af9dc01a6f9e5d2e6dcb25b6d0837ea81,6026,0x3be77b03e7869e69a6959a7149e2dcd577f66304,459.404123,459.404123,0.0,1,0,1710591325
2024-03-14,0x9d933f0af9dc01a6f9e5d2e6dcb25b6d0837ea81,6199,0xbe4c2edfe4290935731d80a70c2a6e588794b1c0,0.0,0.0,472.770122,0,1,1710867347
2024-03-14,0x9d933f0af9dc01a6f9e5d2e6dcb25b6d0837ea81,6237,0xb7a464b8ca65df23f60c5bb51d9bd8f648d810e9,358.222619,358.222619,0.0,1,0,1710405367
2024-03-14,0x9d933f0af9dc01a6f9e5d2e6dcb25b6d0837ea81,6251,0x7b5a85afce09aae49344f0b64f9476799f33c257,1221.747526,1221.747526,0.0,1,0,1710593369
2024-03-14,0x9d933f0af9dc01a6f9e5d2e6dcb25b6d0837ea81,6607,0xbd54cabe09e6d0c0f2a306d918f1dc669af7a412,48.215851,48.215851,0.0,1,0,1710413067
2024-03-14,0x9d933f0af9dc01a6f9e5d2e6dcb25b6d0837ea81,6677,0x75821898ad35392425896085089629611391d2bf,0.0,0.0,11.166234,0,1,1710731517
2024-03-14,0x9d933f0af9dc01a6f9e5d2e6dcb25b6d0837ea81,6715,0x4532280a66a0c1c709f7e0c40b14b4dea83253c1,0.611948,1.124596,0.512648,2,1,1710742333
2024-03-14,0x9d933f0af9dc01a6f9e5d2e6dcb25b6d0837ea81,6730,0xc40d30d5e72308d83252609a42fe758ae3289b55,0.0,0.0,24.750292,0,1,1710914855
2024-03-14,0x9d933f0af9dc01a6f9e5d2e6dcb25b6d0837ea81,6731,0xe7677698617c6a3d4676eb787c1bc10081d5b8d3,0.0,0.0,12.466368,0,1,1710878009
2024-03-14,0x9d933f0af9dc01a6f9e5d2e6dcb25b6d0837ea81,7121,0x011b0a055e02425461a1ae95b30f483c4ff05be7,344675.980379,344675.980379,327751.053332,1,1,1710974045
2024-03-14,0x9d933f0af9dc01a6f9e5d2e6dcb25b6d0837ea81,7122,0x011b0a055e02425461a1ae95b30f483c4ff05be7,112438.627633,112438.627633,0.0,1,0,1710974075
2024-03-14,0x9d933f0af9dc01a6f9e5d2e6dcb25b6d0837ea81,7205,0x72d320a6f03249bd60fb3f1a0ca95daecbd9ca61,75.651589,75.651589,0.0,1,0,1710477167
2024-03-14,0x9d933f0af9dc01a6f9e5d2e6dcb25b6d0837ea81,7621,0xd8aaa186db7214926cdd4c8ab5ef1d919913402f,53.182687,53.182687,0.0,1,0,1710559763
2024-03-14,0x9d933f0af9dc01a6f9e5d2e6dcb25b6d0837ea81,7984,0xde3d47efad0a417473342a49fab24bdfd7139b72,0.0,0.0,17078.250752,0,1,1710975403
2024-03-14,0x9d933f0af9dc01a6f9e5d2e6dcb25b6d0837ea81,8129,0x72195dda0361f43ce544b750f318d04b35836933,0.0,0.0,1249.937775,0,1,1710975245
2024-03-14,0x9d933f0af9dc01a6f9e5d2e6dcb25b6d0837ea81,8789,0x21bc1474647c2ab47245a30455db2aed3868a8bf,57.652942,57.652942,0.0,1,0,1710447797
2024-03-14,0x9d933f0af9dc01a6f9e5d2e6dcb25b6d0837ea81,9244,0x0302f495deee51627014e73e3b5f937fbdfb2680,11686.338956,11686.338956,0.0,1,0,1710973693
2024-03-14,0x9d933f0af9dc01a6f9e5d2e6dcb25b6d0837ea81,9590,0xca2c4e5989d64098d6647b11b0a5e2928fa0ee22,5.966236,5.966236,0.0,1,0,1710580267
2024-03-14,0x9d933f0af9dc01a6f9e5d2e6dcb25b6d0837ea81,9927,0x4e51a06e4643197e1be2f050b6af60f9ad3cef06,548.716449,548.716449,0.0,1,0,1710433811
2024-03-14,0x9d933f0af9dc01a6f9e5d2e6dcb25b6d0837ea81,9985,0x6a2064a87f83aee30a9331c680763ed7d473ae23,0.0,0.0,42355.977065,0,1,1710965403
2024-03-14,0x9d933f0af9dc01a6f9e5d2e6dcb25b6d0837ea81,10044,0xec7c75a3f03598fd7f9babcdd904ecf389f78c4f,2871.083377,2871.083377,0.0,1,0,1710577083
2024-03-14,0x9d933f0af9dc01a6f9e5d2e6dcb25b6d0837ea81,10383,0xf0b0a5bb90f94b4f5570b41106d6c325f7b53079,57416.574536,57416.574536,0.0,1,0,1710726651
2024-03-14,0x9d933f0af9dc01a6f9e5d2e6dcb25b6d0837ea81,10590,0x5080f8d8f4433eab4fede63302266ea3a7c0f6d3,1255.075783,2510.152036,1255.076253,2,1,1710403751
2024-03-14,0x9d933f0af9dc01a6f9e5d2e6dcb25b6d0837ea81,10657,0x892176d784bed3dc877a62f3ff9fc091377b2a49,19426.115182,19426.115182,0.0,1,0,1710428001
2024-03-14,0x9d933f0af9dc01a6f9e5d2e6dcb25b6d0837ea81,10733,0xc57ef82f2db59ee4f16efedd98dead39f5bea093,52.054478,52.054478,0.0,1,0,1710392489
2024-03-14,0x9d933f0af9dc01a6f9e5d2e6dcb25b6d0837ea81,10852,0x3426316b1eb507bf2bdfe37b97c7e4456cb8b49b,0.0,0.0,8.82213,0,1,1710444363
2024-03-14,0x9d933f0af9dc01a6f9e5d2e6dcb25b6d0837ea81,10940,0x418340b636a908e69e98bb0c36ec4610980dce87,0.0,0.0,19370.222132,0,1,1710947395
2024-03-14,0x9d933f0af9dc01a6f9e5d2e6dcb25b6d0837ea81,11126,0xedb61a92de9d08874bdf2a9d1fdf8df9f111bf7d,22.091738,22.091738,0.0,1,0,1710520719
2024-03-14,0x9d933f0af9dc01a6f9e5d2e6dcb25b6d0837ea81,11240,0x4e51a06e4643197e1be2f050b6af60f9ad3cef06,291.010589,291.010589,0.0,1,0,1710433745
2024-03-14,0x9d933f0af9dc01a6f9e5d2e6dcb25b6d0837ea81,11327,0x0ecefbb373019dabc65c5d5af70eb512c686de9c,3551.820722,3551.820722,0.0,1,0,1710974539
2024-03-14,0x9d933f0af9dc01a6f9e5d2e6dcb25b6d0837ea81,11666,0xbada88073dd58b151afd19a5b5bb6450ffcaa8f8,0.0,0.0,259373.363513,0,1,1710969083
2024-03-14,0x9d933f0af9dc01a6f9e5d2e6dcb25b6d0837ea81,12090,0x4e51a06e4643197e1be2f050b6af60f9ad3cef06,627.900608,627.900608,0.0,1,0,1710433713
2024-03-14,0x9d933f0af9dc01a6f9e5d2e6dcb25b6d0837ea81,12104,0x66e192109e228471c55d51b3d9e24c05554a385a,14008.348254,14008.348254,0.0,1,0,1710966109
2024-03-14,0x9d933f0af9dc01a6f9e5d2e6dcb25b6d0837ea81,12252,0x66e192109e228471c55d51b3d9e24c05554a385a,1107.721833,1107.721833,0.0,1,0,1710966081
2024-03-14,0x9d933f0af9dc01a6f9e5d2e6dcb25b6d0837ea81,12303,0x0b0811d3d8342063db74b45a4344cdbee6389bdb,0.0,0.0,1.003516,0,1,1710645871
2024-03-14,0x9d933f0af9dc01a6f9e5d2e6dcb25b6d0837ea81,12306,0x2e500352c5d2a6f33ff7ea59d97b4b08af1b1c9e,120.227432,120.227432,0.0,1,0,1710651977
2024-03-14,0x9d933f0af9dc01a6f9e5d2e6dcb25b6d0837ea81,12424,0xff020680284f9e941aba0cbafcd57de78e01c828,27.860998,27.860998,48.47579,1,1,1710556201
2024-03-14,0x9d933f0af9dc01a6f9e5d2e6dcb25b6d0837ea81,12508,0x057dff4ff3a20c986dbb88d85f9e4ebdafbcf4cd,878.78807,878.78807,0.0,1,0,1710408321
2024-03-14,0x9d933f0af9dc01a6f9e5d2e6dcb25b6d0837ea81,12575,0x8cd2240e3d9bdb9725350a6fb69efc3a5aa2baa6,28.430265,28.430265,0.0,1,0,1710488343
2024-03-14,0x9d933f0af9dc01a6f9e5d2e6dcb25b6d0837ea81,12589,0x353c82aeafd7680e57f60a6cfdd3154c9838993c,0.74406,0.74406,0.753173,1,1,1710934667
2024-03-14,0x9d933f0af9dc01a6f9e5d2e6dcb25b6d0837ea81,12630,0x0e06a299e3af15a4e12fc5caee9de36e7e5fcd22,989.922345,989.922345,0.0,1,0,1710502873
2024-03-14,0x9d933f0af9dc01a6f9e5d2e6dcb25b6d0837ea81,12942,0xcd4a798f3408115137286b3bf9df115ff808aa7a,6964.650351,13948.071916,6983.421565,2,1,1710878053
2024-03-14,0x9d933f0af9dc01a6f9e5d2e6dcb25b6d0837ea81,13031,0xcb9055fc2a8f0f27041dc238574100a22df0c15e,10.870846,10.870846,5.46192,1,1,1710905095
2024-03-14,0x9d933f0af9dc01a6f9e5d2e6dcb25b6d0837ea81,13080,0x347d2cd21a9191dfa6ff66c8787da26330cbf117,2602.169417,2602.169417,0.0,1,0,1710389675
2024-03-14,0x9d933f0af9dc01a6f9e5d2e6dcb25b6d0837ea81,13102,0x8feafd5e0fcefdd2624906c0f913d563306aae17,54.850632,54.850632,0.0,1,0,1710407711
2024-03-14,0x9d933f0af9dc01a6f9e5d2e6dcb25b6d0837ea81,13137,0x58e6d11a458db5bb49903f63d841bed8c5e90fa9,18.516529,18.516529,0.0,1,0,1710414533
2024-03-14,0x9d933f0af9dc01a6f9e5d2e6dcb25b6d0837ea81,13175,0x6cfc909fde648e8209aeb0af97686e25523586ca,6.383645,6.383645,0.0,1,0,1710457031
2024-03-14,0x9d933f0af9dc01a6f9e5d2e6dcb25b6d0837ea81,13252,0x354395cb7dcbd1327ee4b880ae52673908726701,49.802239,49.802239,0.0,1,0,1710527727
2024-03-14,0x9d933f0af9dc01a6f9e5d2e6dcb25b6d0837ea81,13264,0xa64d0a89cb17b866f34d779ba0babdea799f1355,71.011339,71.011339,0.0,1,0,1710549309
2024-03-14,0x9d933f0af9dc01a6f9e5d2e6dcb25b6d0837ea81,13280,0x28c801321c17bc0a131a4dccc1c6af997e7dbc3f,43.524921,43.524921,0.0,1,0,1710584073
2024-03-14,0x9d933f0af9dc01a6f9e5d2e6dcb25b6d0837ea81,13285,0x80fc58593ddc375ea5507b41920d65d564e68420,3.0,3.0,0.0,1,0,1710589213
2024-03-14,0x9d933f0af9dc01a6f9e5d2e6dcb25b6d0837ea81,13288,0x988527874c7e3f02115f89a6a97135c70b6a47fc,17.990066,17.990066,0.0,1,0,1710591777
2024-03-14,0x9d933f0af9dc01a6f9e5d2e6dcb25b6d0837ea81,13330,0x67551f17c57841169a66f883eb55bf397a850873,371.28598,371.28598,0.0,1,0,1710668261
2024-03-14,0x9d933f0af9dc01a6f9e5d2e6dcb25b6d0837ea81,13595,0x66e192109e228471c55d51b3d9e24c05554a385a,16923.0,16923.0,0.0,1,0,1710966045
2024-03-14,0x9e4cb8b916289864321661ce02cf66aa5ba63c94,657,0x2067bed542762d26e2755ce7d8776728f3429f48,16060.827945,16060.827945,16007.293055,1,1,1710404639
2024-03-14,0x9e4cb8b916289864321661ce02cf66aa5ba63c94,1042,0x52dcc21458b8e79d6fd3a7de51d322a602397bbe,0.0,0.0,4135.935777,0,1,1710833991
2024-03-14,0x9e4cb8b916289864321661ce02cf66aa5ba63c94,2183,0x9c4b88fbe06b6b1e461d9d294ecb7fb0c841db4f,4226.912851,4226.912851,4219.745544,1,1,1710960709
2024-03-14,0x9e4cb8b916289864321661ce02cf66aa5ba63c94,2256,0xfe9c2167fcfb0fef5f29a66a99094e765621735a,0.0,0.0,3624.639932,0,1,1710759301
2024-03-14,0x9e4cb8b916289864321661ce02cf66aa5ba63c94,2365,0xd1f8f3c4551a22a815fdf5ccabca44140b24c4ee,0.0,0.0,3451.366718,0,1,1710758681
2024-03-14,0x9e4cb8b916289864321661ce02cf66aa5ba63c94,2366,0xe617a01d2f7bdd01b43b20d5700e1f791bd183a4,0.0,0.0,3451.366718,0,1,1710759027
2024-03-14,0x9e4cb8b916289864321661ce02cf66aa5ba63c94,3433,0x7497b333895c64a56924b293e68a6468963f2a7e,1422.265288,1422.265288,711.132644,1,1,1710875825
2024-03-14,0x9e4cb8b916289864321661ce02cf66aa5ba63c94,4009,0xc9c9077be44b06ff3ce957d72149c65128f14331,810.397256,810.397256,810.397256,1,1,1710696189
2024-03-14,0x9e4cb8b916289864321661ce02cf66aa5ba63c94,4200,0xe66b290105f73dd5f38b25c7d4c86d2c5e5a37be,711.75861,711.75861,690.818464,1,1,1710666615
2024-03-14,0x9e4cb8b916289864321661ce02cf66aa5ba63c94,5843,0x3257f7d1169b46dba77f18be843e5c9fac8a885d,0.0,0.0,361.523631,0,1,1710500075
2024-03-14,0x9e4cb8b916289864321661ce02cf66aa5ba63c94,7844,0x4dccb4444a0a804b778ddac22dc21b4fd0fe1a0d,0.0,0.0,4.8022,0,1,1710828517
2024-03-14,0x9e4cb8b916289864321661ce02cf66aa5ba63c94,7857,0x4886ba5d2b3e0ae1e80172d3bddc4feb32e1ce26,1.743442,1.743442,4.258749,1,1,1710822803
2024-03-14,0x9e4cb8b916289864321661ce02cf66aa5ba63c94,8421,0x77eeaf07c050a690f9b3c2e8e7642cc3cbeceeb4,979234.227544,979234.227544,982382.471792,1,1,1710946135
2024-03-14,0x9e4cb8b916289864321661ce02cf66aa5ba63c94,11020,0xea40bef75a253ce209e9ab174a97d14f612e09d9,8.973066,8.973066,0.0,1,0,1710857131
2024-03-14,0x9e4cb8b916289864321661ce02cf66aa5ba63c94,13586,0x77eeaf07c050a690f9b3c2e8e7642cc3cbeceeb4,7069.45,7069.45,0.0,1,0,1710946219
2024-03-14,0x9e8bfeb5c73f3f897bebdb49cc4161fece0b0c55,3747,0x894b87dfb9e79082d2d0ac7c16ce40658afd42d1,0.0,0.0,2854.977587,0,1,1710448519
2024-03-14,0x9e8bfeb5c73f3f897bebdb49cc4161fece0b0c55,5332,0x314fd5d24e1db1fd89c5b5b96025724ac51ce18c,390.226863,390.226863,0.0,1,0,1710399697
2024-03-14,0x9e8bfeb5c73f3f897bebdb49cc4161fece0b0c55,6080,0x3c698d1e054a921dcf46bc213ca407e39ae4db8d,371.493889,371.493889,0.0,1,0,1710392931
2024-03-14,0x9e8bfeb5c73f3f897bebdb49cc4161fece0b0c55,7121,0x011b0a055e02425461a1ae95b30f483c4ff05be7,1486.312981,1486.312981,0.0,1,0,1710974045
2024-03-14,0x9e8bfeb5c73f3f897bebdb49cc4161fece0b0c55,7122,0x011b0a055e02425461a1ae95b30f483c4ff05be7,131.353537,131.353537,0.0,1,0,1710974075
2024-03-14,0x9e8bfeb5c73f3f897bebdb49cc4161fece0b0c55,11619,0xc1414dcf7f8dd560fe0a9589aa9edac2ed9381f4,112.710635,112.710635,81.333218,1,1,1710852251
2024-03-14,0xa01fd0f24a2e6fef6b2ed7573cb6f59164d396e0,501,0xdf19049d52b307bce8eeb325a2c9ccedc1939bec,0.0,0.0,44919.827094,0,1,1710385647
2024-03-14,0xa01fd0f24a2e6fef6b2ed7573cb6f59164d396e0,1395,0x11d2168f37409b96453e4de1e0e39b1d5bbe0812,0.0,0.0,7827.467999,0,1,1710874243
2024-03-14,0xa01fd0f24a2e6fef6b2ed7573cb6f59164d396e0,1508,0x54bae794b6dda32a5379f091afdf5bab0e37b664,0.0,0.0,7733.596232,0,1,1710779317
2024-03-14,0xa01fd0f24a2e6fef6b2ed7573cb6f59164d396e0,1540,0xfff6eb6fae78e604c93b35c97f6892e36acb1dbd,0.0,0.0,7157.089323,0,1,1710656955
2024-03-14,0xa01fd0f24a2e6fef6b2ed7573cb6f59164d396e0,1717,0xac749ef37797f963acc59146e1d2f4015e97dc79,0.0,0.0,5761.552562,0,1,1710417839
2024-03-14,0xa01fd0f24a2e6fef6b2ed7573cb6f59164d396e0,1730,0x1853dc4fbfe3b29012ac6df6ca44b4fca0aa1959,0.0,0.0,5747.769012,0,1,1710619331
2024-03-14,0xa01fd0f24a2e6fef6b2ed7573cb6f59164d396e0,1788,0x40b5440963e88d3e7d0025154820384e116600fa,0.0,0.0,5175.481185,0,1,1710409319
2024-03-14,0xa01fd0f24a2e6fef6b2ed7573cb6f59164d396e0,1789,0x9c20b6eb1452e6ad77d67a8b5d86fddc384e93f3,5227.705954,5227.705954,5227.705954,1,1,1710427165
2024-03-14,0xa01fd0f24a2e6fef6b2ed7573cb6f59164d396e0,2087,0x4d85e4f760fb58e380f02657ae5aafb8bd010601,0.0,0.0,1192.15756,0,1,1710380317
2024-03-14,0xa01fd0f24a2e6fef6b2ed7573cb6f59164d396e0,2089,0x6bcb9ec9686aeb3b2fd854f036d3f24fd48eabba,0.0,0.0,3555.75166,0,1,1710378185
2024-03-14,0xa01fd0f24a2e6fef6b2ed7573cb6f59164d396e0,2100,0x8bbec86ed6a27d8654aa601e364a3f1a359cf428,0.0,0.0,4012.654097,0,1,1710407749
2024-03-14,0xa01fd0f24a2e6fef6b2ed7573cb6f59164d396e0,2191,0x92d0996e3f19d4b4a56754043f79e174c30be515,0.0,0.0,3800.011692,0,1,1710466223
2024-03-14,0xa01fd0f24a2e6fef6b2ed7573cb6f59164d396e0,2243,0xefc7030f4748b0f77f0fbd80dbfe009852e90069,0.0,0.0,3690.401328,0,1,1710879861
2024-03-14,0xa01fd0f24a2e6fef6b2ed7573cb6f59164d396e0,2392,0xac9c065b1a84a486628fd20efc9426e435ba7cc2,0.0,0.0,3484.498485,0,1,1710538015
2024-03-14,0xa01fd0f24a2e6fef6b2ed7573cb6f59164d396e0,2450,0x46893bccacaf54cc656540e98c7fdd099b9f04c6,0.0,0.0,1691.175126,0,1,1710492181
2024-03-14,0xa01fd0f24a2e6fef6b2ed7573cb6f59164d396e0,2494,0x875a6dc230931ebd99542a89f76837d861d2c2f7,0.0,0.0,3328.775781,0,1,1710429001
2024-03-14,0xa01fd0f24a2e6fef6b2ed7573cb6f59164d396e0,2515,0x0a5d2190afc397b91c2de36d128b03b275a3a255,0.0,0.0,3298.414312,0,1,1710421959
2024-03-14,0xa01fd0f24a2e6fef6b2ed7573cb6f59164d396e0,2534,0x3996c69288e1464c8d23823ddb7e72743021154c,0.0,0.0,3264.903084,0,1,1710395133
2024-03-14,0xa01fd0f24a2e6fef6b2ed7573cb6f59164d396e0,2579,0x95aa6cf80aa61c3433215c7b8330c065ed29ce97,0.0,0.0,3207.073158,0,1,1710385029
2024-03-14,0xa01fd0f24a2e6fef6b2ed7573cb6f59164d396e0,2587,0xf26e5b93453a69a0297dc66e7bbd750d2b28160b,0.0,0.0,3198.164961,0,1,1710560079
2024-03-14,0xa01fd0f24a2e6fef6b2ed7573cb6f59164d396e0,2617,0x06040158f9dd01fb6cc71ad99ec854c1a5a69ee9,0.0,0.0,3150.882028,0,1,1710974209
2024-03-14,0xa01fd0f24a2e6fef6b2ed7573cb6f59164d396e0,2699,0xc95f41579e19099503f85db8c949fd45565cfaf0,0.0,0.0,2943.938943,0,1,1710411571
2024-03-14,0xa01fd0f24a2e6fef6b2ed7573cb6f59164d396e0,2811,0x7173a301c832e50119ddb12cfb6570a83b1eec05,0.0,0.0,2544.782598,0,1,1710747665
2024-03-14,0xa01fd0f24a2e6fef6b2ed7573cb6f59164d396e0,2915,0x6552a83d69e49a418eeeaae4e1e3e5d8ee0402be,0.0,0.0,2207.257806,0,1,1710916811
2024-03-14,0xa01fd0f24a2e6fef6b2ed7573cb6f59164d396e0,3132,0x5d91c94fd64a08f9b9812c22f4da940b8ceda4ee,0.0,0.0,998.063036,0,1,1710446893
2024-03-14,0xa01fd0f24a2e6fef6b2ed7573cb6f59164d396e0,3437,0xc16373b5fdb767c5c10b1ef1668649f94f925e03,693.62155,693.62155,693.62155,1,1,1710743835
2024-03-14,0xa01fd0f24a2e6fef6b2ed7573cb6f59164d396e0,3592,0x670327de2a3a370e548f39db2a074cc2999b6824,0.0,0.0,1184.156298,0,1,1710520705
2024-03-14,0xa01fd0f24a2e6fef6b2ed7573cb6f59164d396e0,3612,0x9bcbf958364aad003552de214ab562b8aacbee68,0.0,0.0,1084.174799,0,1,1710508271
2024-03-14,0xa01fd0f24a2e6fef6b2ed7573cb6f59164d396e0,3640,0xb888f9f40f6007c06681306bba976f5e25691e1b,0.0,0.0,1617.583037,0,1,1710875297
2024-03-14,0xa01fd0f24a2e6fef6b2ed7573cb6f59164d396e0,3921,0x652984d781969bf7a360de9cb731d1ac7554853f,0.0,0.0,891.15995,0,1,1710420433
2024-03-14,0xa01fd0f24a2e6fef6b2ed7573cb6f59164d396e0,4156,0x1db30c74a4d16cdfee29680ca4637ec12ac55ec7,0.0,0.0,1389.969746,0,1,1710380537
2024-03-14,0xa01fd0f24a2e6fef6b2ed7573cb6f59164d396e0,4268,0x9a293d82710058d930376ee0af037da5d3421ec6,0.0,0.0,761.1784,0,1,1710575803
2024-03-14,0xa01fd0f24a2e6fef6b2ed7573cb6f59164d396e0,4320,0x6c0cafe6165d1a37659b6f9728de30969c35cbf2,0.0,0.0,564.017437,0,1,1710776145
2024-03-14,0xa01fd0f24a2e6fef6b2ed7573cb6f59164d396e0,4350,0xf4e7e6b600286ffba8154f5125420a0f78db835d,0.0,0.0,2026.583788,0,1,1710420153
2024-03-14,0xa01fd0f24a2e6fef6b2ed7573cb6f59164d396e0,4631,0x81f967ad9533232946d5f9e492862bdd93b5d641,0.0,0.0,5512.651082,0,1,1710649601
2024-03-14,0xa01fd0f24a2e6fef6b2ed7573cb6f59164d396e0,5418,0x5cb7dd40378c4f0bf167c30b7cc1982c4976314c,0.0,0.0,375.619426,0,1,1710456937
2024-03-14,0xa01fd0f24a2e6fef6b2ed7573cb6f59164d396e0,5454,0xe38d5840a51f7da315b085bacf144969a8006e72,0.0,0.0,382.98138,0,1,1710793003
2024-03-14,0xa01fd0f24a2e6fef6b2ed7573cb6f59164d396e0,5594,0xaab4670ed9ddaca6008cd47a8b9f378f7d7d9b3c,0.0,0.0,379.307433,0,1,1710827739
2024-03-14,0xa01fd0f24a2e6fef6b2ed7573cb6f59164d396e0,5786,0x0b7c75a9689a84854256c7d5db7c87feb1bbbb8b,1332.082666,1332.082666,663.821245,1,1,1710962801
2024-03-14,0xa01fd0f24a2e6fef6b2ed7573cb6f59164d396e0,6165,0x57b2dd1f2a024775afcf89412c1140a367e2cb0e,352.740559,352.740559,176.37028,1,1,1710718341
2024-03-14,0xa01fd0f24a2e6fef6b2ed7573cb6f59164d396e0,6607,0xbd54cabe09e6d0c0f2a306d918f1dc669af7a412,0.0,0.0,241.797389,0,1,1710413067
2024-03-14,0xa01fd0f24a2e6fef6b2ed7573cb6f59164d396e0,8658,0x038cdcccc1077ac50335cf18feaa308a0e0546b7,0.0,0.0,872.086424,0,1,1710379401
2024-03-14,0xa01fd0f24a2e6fef6b2ed7573cb6f59164d396e0,9427,0xba9d854c4b9ae5eef3dad86e1b65d661938b27a1,0.0,0.0,25778.536956,0,1,1710755281
2024-03-14,0xa01fd0f24a2e6fef6b2ed7573cb6f59164d396e0,10044,0xec7c75a3f03598fd7f9babcdd904ecf389f78c4f,0.0,0.0,2851.014163,0,1,1710577083
2024-03-14,0xa01fd0f24a2e6fef6b2ed7573cb6f59164d396e0,10215,0x9238a15d59eb5484e7f1cddcf5e23539c50a05b2,0.0,0.0,25.19537,0,1,1710416327
2024-03-14,0xa01fd0f24a2e6fef6b2ed7573cb6f59164d396e0,11126,0xedb61a92de9d08874bdf2a9d1fdf8df9f111bf7d,0.0,0.0,89.013225,0,1,1710520719
2024-03-14,0xa01fd0f24a2e6fef6b2ed7573cb6f59164d396e0,12057,0x04490dc0f52a97ef2d6ea0c4d9edbcde8c8546cc,0.0,0.0,1381.084208,0,1,1710851257
2024-03-14,0xa01fd0f24a2e6fef6b2ed7573cb6f59164d396e0,12306,0x2e500352c5d2a6f33ff7ea59d97b4b08af1b1c9e,0.0,0.0,121.050648,0,1,1710651977
2024-03-14,0xa01fd0f24a2e6fef6b2ed7573cb6f59164d396e0,12353,0x3d2eecc8aea5f1b5e462358c183125d9490bffb4,0.0,0.0,2500.0,0,1,1710735407
2024-03-14,0xa01fd0f24a2e6fef6b2ed7573cb6f59164d396e0,12358,0x32d29991a1d9cf4b3cfd72120a47492cc994f1fc,0.0,0.0,2500.0,0,1,1710739211
2024-03-14,0xa01fd0f24a2e6fef6b2ed7573cb6f59164d396e0,12359,0x61503d36eb845023651d93650f4bafa9b678fc38,0.0,0.0,2476.27618,0,1,1710739513
2024-03-14,0xa01fd0f24a2e6fef6b2ed7573cb6f59164d396e0,12392,0xa7c1f75209c5cf1e0668f2186814a1108f7ec9b2,0.0,0.0,2410.837764,0,1,1710740187
2024-03-14,0xa01fd0f24a2e6fef6b2ed7573cb6f59164d396e0,12395,0xd86c4483318b1e1e8fdc848027bbf3b4e56b1ef3,0.0,0.0,2569.154403,0,1,1710740427
2024-03-14,0xa01fd0f24a2e6fef6b2ed7573cb6f59164d396e0,12725,0x25aa0312ceb7ddd49629fe78a8507c9982d3c551,0.0,0.0,60.800471,0,1,1710796205
2024-03-14,0xa02e022f0e46b95841e556d8de9eda633d942fc6,3314,0x7d6aff9f85ef8802a1492189e8021b085c6b37f7,158.997206,158.997206,0.0,1,0,1710940189
2024-03-14,0xa02e022f0e46b95841e556d8de9eda633d942fc6,5901,0x2c7a4dbcf33080ac93b14be408b457eb40a7dfb8,37.063318,37.063318,0.0,1,0,1710674811
2024-03-14,0xa02e022f0e46b95841e556d8de9eda633d942fc6,6610,0x162073d3bd1d3bce47e85ee5b9904887d1ba6e77,137.863811,137.863811,0.0,1,0,1710967687
2024-03-14,0xa02e022f0e46b95841e556d8de9eda633d942fc6,7121,0x011b0a055e02425461a1ae95b30f483c4ff05be7,1486.312981,1486.312981,0.0,1,0,1710974045
2024-03-14,0xa02e022f0e46b95841e556d8de9eda633d942fc6,7122,0x011b0a055e02425461a1ae95b30f483c4ff05be7,788.121222,788.121222,0.0,1,0,1710974075
2024-03-14,0xa6385c73961dd9c58db2ef0c4eb98ce4b60651e8,47,0x011b0a055e02425461a1ae95b30f483c4ff05be7,0.0,0.0,26722.296145,0,1,1710974017
2024-03-14,0xa6385c73961dd9c58db2ef0c4eb98ce4b60651e8,67,0x8ce17ff2c7376e9adfe9c63c47a801097fa6c525,0.0,0.0,110983.450476,0,1,1710973841
2024-03-14,0xa6385c73961dd9c58db2ef0c4eb98ce4b60651e8,103,0x1c2ed7a6c4e3c1146103fa222181115a72243a06,0.0,0.0,56085.466229,0,1,1710975299
2024-03-14,0xa6385c73961dd9c58db2ef0c4eb98ce4b60651e8,158,0xd3f179ba57411ad5d2ddb5f334215cdfba134d20,0.0,0.0,29578.194949,0,1,1710975281
2024-03-14,0xa6385c73961dd9c58db2ef0c4eb98ce4b60651e8,174,0x83bad39f067ef72e354f2ea9d318eaad381a7f15,0.0,0.0,27872.890066,0,1,1710931049
2024-03-14,0xa6385c73961dd9c58db2ef0c4eb98ce4b60651e8,194,0x569a259d029a89bfea35a6d178a08edf6e55d1b1,0.0,0.0,111217.067723,0,1,1710971655
2024-03-14,0xa6385c73961dd9c58db2ef0c4eb98ce4b60651e8,275,0xa810ffea2709c116ef180d090c142fc5e08586a7,0.0,0.0,32730.459148,0,1,1710969107
2024-03-14,0xa6385c73961dd9c58db2ef0c4eb98ce4b60651e8,405,0x2f707265e61300e8290c18e38ebcbd129fb0b0f5,0.0,0.0,155427.137151,0,1,1710970877
2024-03-14,0xa6385c73961dd9c58db2ef0c4eb98ce4b60651e8,979,0xc935b59c7f810cec91e46b45f03a4ac4cc0e915e,8036.699093,8036.699093,15961.043226,1,1,1710961695
2024-03-14,0xa6385c73961dd9c58db2ef0c4eb98ce4b60651e8,1129,0x56e08babb8bf928bd8571d2a2a78235ae57ae5bd,3596.776261,3596.776261,3560.095836,1,1,1710969781
2024-03-14,0xa6385c73961dd9c58db2ef0c4eb98ce4b60651e8,1141,0x3a39899dc78b7307acd83f51463c853fa79e1b09,0.0,0.0,12901.312965,0,1,1710965157
2024-03-14,0xa6385c73961dd9c58db2ef0c4eb98ce4b60651e8,1256,0x5345462544ed763639519376c298e939228dd1f4,10641.037987,10641.037987,10622.994657,1,1,1710599103
2024-03-14,0xa6385c73961dd9c58db2ef0c4eb98ce4b60651e8,1288,0x6059895f7f20cc25c251d4d283f525f7400ce034,0.0,0.0,7219.568185,0,1,1710956465
2024-03-14,0xa6385c73961dd9c58db2ef0c4eb98ce4b60651e8,1413,0x53e213da8c28d85dc6663c3b5e35bb0ffbb05752,0.0,0.0,3590.164666,0,1,1710968939
2024-03-14,0xa6385c73961dd9c58db2ef0c4eb98ce4b60651e8,1463,0xe941eb810651e784a2da10b37d4d94b33d245de2,0.0,0.0,7867.065095,0,1,1710948487
2024-03-14,0xa6385c73961dd9c58db2ef0c4eb98ce4b60651e8,1488,0x51e432df264c3315bb0d1aa70d265cdf0792c679,0.0,0.0,7570.645185,0,1,1710381001
2024-03-14,0xa6385c73961dd9c58db2ef0c4eb98ce4b60651e8,1492,0x864de5bbaf4b8c808e94a8385b95b0855d170137,0.0,0.0,7591.157807,0,1,1710956747
2024-03-14,0xa6385c73961dd9c58db2ef0c4eb98ce4b60651e8,1642,0x658d6ecc9c9ad22e05492c93a68b88feff61b93a,0.0,0.0,6334.174459,0,1,1710629723
2024-03-14,0xa6385c73961dd9c58db2ef0c4eb98ce4b60651e8,1690,0xc609b5595e38acbdde1672f9b482db823f51668a,0.0,0.0,5966.702704,0,1,1710973495
2024-03-14,0xa6385c73961dd9c58db2ef0c4eb98ce4b60651e8,1874,0xf9b7c16bf0658f0f1cfac7d8487d1284e72ac931,0.0,0.0,4865.012232,0,1,1710965247
2024-03-14,0xa6385c73961dd9c58db2ef0c4eb98ce4b60651e8,1980,0x48fb55ed1fb62ed26274fb805f6444bea97c1f28,0.0,0.0,4407.288397,0,1,1710960319
2024-03-14,0xa6385c73961dd9c58db2ef0c4eb98ce4b60651e8,2013,0x6aef48ea854bc0e805232cecbab2fab592037c19,0.0,0.0,4330.55095,0,1,1710961309
2024-03-14,0xa6385c73961dd9c58db2ef0c4eb98ce4b60651e8,2234,0x15691e4db66dd8feeba5f32d0dce39e341359578,3786.49623,3786.49623,3773.874859,1,1,1710774445
2024-03-14,0xa6385c73961dd9c58db2ef0c4eb98ce4b60651e8,2255,0xd8992543ef65dc04ba8e71be895435bee3ab796f,0.0,0.0,3859.734539,0,1,1710930919
2024-03-14,0xa6385c73961dd9c58db2ef0c4eb98ce4b60651e8,2298,0x1395de9daec52ad405e945603ea0a9346d00d01c,0.0,0.0,3642.346204,0,1,1710891925
2024-03-14,0xa6385c73961dd9c58db2ef0c4eb98ce4b60651e8,2324,0xa435530d50d7d17fd9fc6e1c897dbf7c08e12d35,3554.772435,3554.772435,3554.772435,1,1,1710974055
2024-03-14,0xa6385c73961dd9c58db2ef0c4eb98ce4b60651e8,2483,0x3070f20f86fda706ac380f5060d256028a46ec29,10701.702763,10701.702763,10835.145733,1,1,1710382113
2024-03-14,0xa6385c73961dd9c58db2ef0c4eb98ce4b60651e8,2596,0x261e1f4667e750b2f3895b2c0c9a4ddadfed5835,0.0,0.0,16425.554455,0,1,1710975175
2024-03-14,0xa6385c73961dd9c58db2ef0c4eb98ce4b60651e8,2618,0xfaa31a7c7715985138d4fb196e6400b65697df4c,3155.195899,3155.195899,3155.195899,1,1,1710396591
2024-03-14,0xa6385c73961dd9c58db2ef0c4eb98ce4b60651e8,2682,0x2f486cd2711fed55ecc481a5a0ac62001ebfb16c,1485.437531,1485.437531,1485.437531,1,1,1710567323
2024-03-14,0xa6385c73961dd9c58db2ef0c4eb98ce4b60651e8,2729,0xa7725dfd2a7c93d5cd41d0802384d2702792f84f,2889.633221,2889.633221,2805.662469,1,1,1710518811
2024-03-14,0xa6385c73961dd9c58db2ef0c4eb98ce4b60651e8,2735,0x6e56e7ff87b9d28bfa3eb58aff1c4ecc0955b25e,2846.851437,2846.851437,2846.851437,1,1,1710388167
2024-03-14,0xa6385c73961dd9c58db2ef0c4eb98ce4b60651e8,2743,0x2a724be1b63caec1c3ef95834fdd443c3347ee1d,1375.496291,1375.496291,1375.496291,1,1,1710902431
2024-03-14,0xa6385c73961dd9c58db2ef0c4eb98ce4b60651e8,2857,0x14ea6d2a6765eb177ef66db2c14c8214b4046257,2256.607536,2256.607536,2256.607536,1,1,1710947167
2024-03-14,0xa6385c73961dd9c58db2ef0c4eb98ce4b60651e8,2873,0x9a62db4c17146172c0b88e7e439df169a0f93e0e,0.0,0.0,557.3392,0,1,1710870365
2024-03-14,0xa6385c73961dd9c58db2ef0c4eb98ce4b60651e8,3710,0x4f39feb5f40e8e4890c24ed0e1ce9c2dcb77e4e2,1073.457903,1073.457903,0.0,1,0,1710435621
2024-03-14,0xa6385c73961dd9c58db2ef0c4eb98ce4b60651e8,4424,0xf9aaf5fe611572c281d1a3056b1cb43a1b1f4feb,564.903853,564.903853,554.662477,1,1,1710878511
2024-03-14,0xa6385c73961dd9c58db2ef0c4eb98ce4b60651e8,4518,0x43917a8174465dc01522e8e14335eaa2cde33f6f,0.0,0.0,26.443463,0,1,1710448057
2024-03-14,0xa6385c73961dd9c58db2ef0c4eb98ce4b60651e8,4555,0x99bf19dca2125b789cfe8a9609c1a217b4e5c918,0.0,0.0,128.657802,0,1,1710736035
2024-03-14,0xa6385c73961dd9c58db2ef0c4eb98ce4b60651e8,4756,0x7e73ff12a9883ea094162f6d15bd2592988ce070,0.0,453.143071,887.776548,1,2,1710964563
2024-03-14,0xa6385c73961dd9c58db2ef0c4eb98ce4b60651e8,4880,0x815337f5fc956fdb31468ee84aaa64f868c8aca5,424.155777,424.155777,424.155777,1,1,1710412215
2024-03-14,0xa6385c73961dd9c58db2ef0c4eb98ce4b60651e8,4936,0x77e395ccb0f042083f389404f3459dad40b6d552,179.999755,179.999755,256.716498,1,1,1710723971
2024-03-14,0xa6385c73961dd9c58db2ef0c4eb98ce4b60651e8,6406,0x451248229712d6f207ff9466d8d3a33cb59d103c,474.788044,474.788044,474.788044,1,1,1710898655
2024-03-14,0xa6385c73961dd9c58db2ef0c4eb98ce4b60651e8,6441,0xdcea88b624fba5f204231a58008704f744de3651,0.0,0.0,6.883344,0,1,1710387239
2024-03-14,0xa6385c73961dd9c58db2ef0c4eb98ce4b60651e8,7794,0x6e56e7ff87b9d28bfa3eb58aff1c4ecc0955b25e,6479.064282,6479.064282,6572.798786,1,1,1710388133
2024-03-14,0xa6385c73961dd9c58db2ef0c4eb98ce4b60651e8,7837,0x83b23f80ec517cfe115c75dce0a8b5ec0e25d845,0.0,0.0,90.277256,0,1,1710683903
2024-03-14,0xa6385c73961dd9c58db2ef0c4eb98ce4b60651e8,8412,0x6e56e7ff87b9d28bfa3eb58aff1c4ecc0955b25e,2106.78393,2106.78393,2106.78393,1,1,1710388199
2024-03-14,0xa6385c73961dd9c58db2ef0c4eb98ce4b60651e8,9095,0x72d320a6f03249bd60fb3f1a0ca95daecbd9ca61,0.279336,0.279336,0.055856,1,1,1710477441
2024-03-14,0xa6385c73961dd9c58db2ef0c4eb98ce4b60651e8,9172,0xe52dc54c49ac32e36a1df7dc4756da66284c6b4a,0.424043,0.424043,6.731299,1,1,1710437637
2024-03-14,0xa6385c73961dd9c58db2ef0c4eb98ce4b60651e8,9612,0x3e2b2a24e77a8bd7c7602750aa4e1b4071012d69,0.0,0.0,31.884789,0,1,1710892125
2024-03-14,0xa6385c73961dd9c58db2ef0c4eb98ce4b60651e8,9707,0x60034a6d90f54d3bbc3188033fd08b1a146802ba,1519.511097,1519.511097,1509.47232,1,1,1710523543
2024-03-14,0xa6385c73961dd9c58db2ef0c4eb98ce4b60651e8,9757,0x8342c056e038f06939f7e272a2276098c8b38b8c,0.0,0.0,20.779894,0,1,1710925615
2024-03-14,0xa6385c73961dd9c58db2ef0c4eb98ce4b60651e8,9850,0xfee2a5476b9ff35efb9f524c78409efaa1ad71a1,0.0,0.0,332.166461,0,1,1710454375
2024-03-14,0xa6385c73961dd9c58db2ef0c4eb98ce4b60651e8,10295,0xc875b3dae5b0c371bc8cf9ded64868b78ac47587,126893.70317,126893.70317,126533.13373,1,1,1710977963
2024-03-14,0xa6385c73961dd9c58db2ef0c4eb98ce4b60651e8,10296,0x03c70563e94de5de56c11a0cc4ce3482f592854f,316362.082882,316362.082882,315463.137574,1,1,1710977765
2024-03-14,0xa6385c73961dd9c58db2ef0c4eb98ce4b60651e8,10298,0xc9814f18a8751214f719de15c54d01b3d78ef14f,57495.81453,9965584.493235,9966818.689191,170,170,1710977733
2024-03-14,0xa6385c73961dd9c58db2ef0c4eb98ce4b60651e8,10664,0x8803d1575831c7565839d11a622b6fcd9e14fcfc,0.0,0.0,538.585732,0,1,1710963719
2024-03-14,0xa6385c73961dd9c58db2ef0c4eb98ce4b60651e8,11282,0x9e5a57470a2a136a3d4de39e1996e05944c4b1fb,98085.567808,98085.567808,0.0,1,0,1710964389
2024-03-14,0xa6385c73961dd9c58db2ef0c4eb98ce4b60651e8,11486,0x2df1d109652fe1913b405e2b662f04df7eef75d5,3482.084439,3482.084439,0.0,1,0,1710418109
2024-03-14,0xa6385c73961dd9c58db2ef0c4eb98ce4b60651e8,12012,0x556c9c6bde32c7a019a273fa2750ad13b46ac374,0.0,0.0,32385.01666,0,1,1710974981
2024-03-14,0xa6385c73961dd9c58db2ef0c4eb98ce4b60651e8,12166,0x57124eb24f603a1005ab919a702c969156985e75,4804.432599,4804.432599,4500.339868,1,1,1710776867
2024-03-14,0xa6385c73961dd9c58db2ef0c4eb98ce4b60651e8,12183,0x04d4253a5fb144dec49d9a996b7da0f8c1aafc3f,77.802931,77.802931,81.302676,1,1,1710592061
2024-03-14,0xa6385c73961dd9c58db2ef0c4eb98ce4b60651e8,12773,0xb877df08df30c41e41ecd6b21368678aa78b80ba,24.830866,24.830866,0.0,1,0,1710488259
2024-03-14,0xa6385c73961dd9c58db2ef0c4eb98ce4b60651e8,13132,0x1f2f40fd6770da2bb833825a1dfd230238e4ecdb,17.675776,17.675776,0.0,1,0,1710406155
2024-03-14,0xa6385c73961dd9c58db2ef0c4eb98ce4b60651e8,13324,0x33fcaddb3ca4f9a556324170d911e36881f871ba,7.567542,7.567542,0.0,1,0,1710659693
2024-03-14,0xa6f8a6bc3dea678d5ba786f2ad2f5f93d1c87c18,174,0x83bad39f067ef72e354f2ea9d318eaad381a7f15,13960.116313,13960.116313,0.0,1,0,1710931049
2024-03-14,0xa6f8a6bc3dea678d5ba786f2ad2f5f93d1c87c18,329,0xac46dac5c58bf33a216a0b756bfb9b3d86407f97,0.0,0.0,95547.904262,0,1,1710925275
2024-03-14,0xa6f8a6bc3dea678d5ba786f2ad2f5f93d1c87c18,569,0x11ea7888c0020d34cb37e89ac8bd544120bb16ec,39033.533864,39033.533864,0.0,1,0,1710945393
2024-03-14,0xa6f8a6bc3dea678d5ba786f2ad2f5f93d1c87c18,594,0xcf1e9fb3aa42bc4f888cfe1161f3778e71141453,37419.531222,37419.531222,0.0,1,0,1710942005
2024-03-14,0xa6f8a6bc3dea678d5ba786f2ad2f5f93d1c87c18,912,0x49a5492fdfe5acc966dd5f41310dfdfe8daa349c,6498.156337,6498.156337,0.0,1,0,1710963801
2024-03-14,0xa6f8a6bc3dea678d5ba786f2ad2f5f93d1c87c18,1467,0x8c553dbd9c7e52f0f698d0a11615fafe999ec271,13177.832247,13177.832247,0.0,1,0,1710929063
2024-03-14,0xa6f8a6bc3dea678d5ba786f2ad2f5f93d1c87c18,1912,0x3e516b6d229bf935f1b6bf4a0c2531ddab48cf1b,1841.254501,1841.254501,0.0,1,0,1710961127
2024-03-14,0xa6f8a6bc3dea678d5ba786f2ad2f5f93d1c87c18,2235,0x9b4ac5feb3fa9c087906cce730dc1bed34f08514,0.0,0.0,3765.546141,0,1,1710910563
2024-03-14,0xa6f8a6bc3dea678d5ba786f2ad2f5f93d1c87c18,2458,0x9f88ce4eb5fbbdca7d911fa75c6f8fbd95d2bbbc,3387.907345,3387.907345,0.0,1,0,1710933327
2024-03-14,0xa6f8a6bc3dea678d5ba786f2ad2f5f93d1c87c18,3106,0xb4fbd802d9dc5c0208346c311bcb6b9ecff468c6,0.0,0.0,1982.006562,0,1,1710803333
2024-03-14,0xa6f8a6bc3dea678d5ba786f2ad2f5f93d1c87c18,3177,0x2236b805cc6aa7a9f692fd20d470f08919813d3f,897.597464,897.597464,0.0,1,0,1710964313
2024-03-14,0xa6f8a6bc3dea678d5ba786f2ad2f5f93d1c87c18,3752,0x31dddf4e2ac81403fa9b993cfbe4ca535a1656b5,1077.272824,1077.272824,0.0,1,0,1710894193
2024-03-14,0xa6f8a6bc3dea678d5ba786f2ad2f5f93d1c87c18,7153,0x8429ed82daa8791fa5e9f004663a50981d47698d,31.357942,31.357942,0.0,1,0,1710893557
2024-03-14,0xa6f8a6bc3dea678d5ba786f2ad2f5f93d1c87c18,10856,0x04490dc0f52a97ef2d6ea0c4d9edbcde8c8546cc,0.0,0.0,65959.57284,0,1,1710959185
2024-03-14,0xa819af1cc8abe618ea8abadeb464960f7451ceab,47,0x011b0a055e02425461a1ae95b30f483c4ff05be7,13383.842201,13383.842201,0.0,1,0,1710974017
2024-03-14,0xa819af1cc8abe618ea8abadeb464960f7451ceab,745,0x6073e895631712c0bca0ff58af13acd61d8eb2f3,0.0,0.0,25473.465508,0,1,1710418027
2024-03-14,0xa819af1cc8abe618ea8abadeb464960f7451ceab,1305,0x05b5240daa1894a299a41d1f63f1caacf94bdeb3,0.0,0.0,4505.928478,0,1,1710972611
2024-03-14,0xa819af1cc8abe618ea8abadeb464960f7451ceab,1511,0x4f321ad6ddc21ebcf9ee7213d2b41895196b6a9b,1847.581297,1847.581297,0.0,1,0,1710896407
2024-03-14,0xa819af1cc8abe618ea8abadeb464960f7451ceab,1857,0xf7c8a4a99ba34b4744d08999dd017b5faa4d3378,0.0,0.0,4933.24767,0,1,1710965905
2024-03-14,0xa819af1cc8abe618ea8abadeb464960f7451ceab,1878,0x952815ea349a0c10db5d854a16a27d768e85053e,0.0,0.0,4869.886703,0,1,1710967573
2024-03-14,0xa819af1cc8abe618ea8abadeb464960f7451ceab,1987,0x2ed8034947261547603ee66d164af539a14bf8f6,4401.052012,4401.052012,0.0,1,0,1710669135
2024-03-14,0xa819af1cc8abe618ea8abadeb464960f7451ceab,2042,0x8ccfbc13159c5916dbbf5815d899411aeb1876ef,0.0,0.0,4261.074323,0,1,1710972707
2024-03-14,0xa819af1cc8abe618ea8abadeb464960f7451ceab,2259,0xddc60d163015cf5ca1369d557a2ca1cc2de1f1e3,905.345649,905.345649,1810.691297,1,1,1710961779
2024-03-14,0xa819af1cc8abe618ea8abadeb464960f7451ceab,2545,0x1e25f91381ff6b1bd0eec330607860e4fcbc3905,0.0,0.0,4925.690261,0,1,1710719127
2024-03-14,0xa819af1cc8abe618ea8abadeb464960f7451ceab,2568,0x48c052613bac4e3fc9636054639b697798c34b87,0.0,0.0,3135.339455,0,1,1710969265
2024-03-14,0xa819af1cc8abe618ea8abadeb464960f7451ceab,2774,0x8fea439e83ac8f38366169e2a6ecc880cd224d91,0.0,0.0,2675.794848,0,1,1710748251
2024-03-14,0xa819af1cc8abe618ea8abadeb464960f7451ceab,2974,0xe0a46db77fe3932a901214bfa0a1389d3e996332,0.0,0.0,2115.955891,0,1,1710709311
2024-03-14,0xa819af1cc8abe618ea8abadeb464960f7451ceab,3024,0x529656620d914443405a55ec42ad0eaeaf0b4a2c,0.0,0.0,1962.558259,0,1,1710444219
2024-03-14,0xa819af1cc8abe618ea8abadeb464960f7451ceab,3132,0x5d91c94fd64a08f9b9812c22f4da940b8ceda4ee,0.0,0.0,998.063036,0,1,1710446893
2024-03-14,0xa819af1cc8abe618ea8abadeb464960f7451ceab,3503,0x6d64ff63874687db49c0efe455f5490fa29d702d,0.0,0.0,1321.101318,0,1,1710911885
2024-03-14,0xa819af1cc8abe618ea8abadeb464960f7451ceab,4646,0xa31aeea459c1ab0124ed44711a678d6e18874692,0.0,0.0,916.363976,0,1,1710972165
2024-03-14,0xa819af1cc8abe618ea8abadeb464960f7451ceab,4768,0xee33e09ae46d84587a8a89bb7a74e70f8961058b,0.0,0.0,432.408326,0,1,1710507797
2024-03-14,0xa819af1cc8abe618ea8abadeb464960f7451ceab,4770,0x2907b53ffa68caf0dd79b6f8c1238ba8b6708169,0.0,0.0,444.594264,0,1,1710880183
2024-03-14,0xa819af1cc8abe618ea8abadeb464960f7451ceab,5457,0x8db7a537d8478df3c6d95ff33b4270342862957f,43.707996,43.707996,0.0,1,0,1710486579
2024-03-14,0xa819af1cc8abe618ea8abadeb464960f7451ceab,5630,0xb60150e5ad44fea6e95aaf99e31da7d85cdd5bcf,0.0,0.0,368.124311,0,1,1710402685
2024-03-14,0xa819af1cc8abe618ea8abadeb464960f7451ceab,7121,0x011b0a055e02425461a1ae95b30f483c4ff05be7,2972.625963,2972.625963,8796.695943,1,1,1710974045
2024-03-14,0xa819af1cc8abe618ea8abadeb464960f7451ceab,7714,0xcba1a275e2d858ecffaf7a87f606f74b719a8a93,873.715451,873.715451,195.867639,1,1,1710974047
2024-03-14,0xa819af1cc8abe618ea8abadeb464960f7451ceab,9518,0x6b879c078ea4cc27bbdb486fcaa4fa27e6cbe97a,0.0,0.0,3183.670821,0,1,1710960615
2024-03-14,0xa819af1cc8abe618ea8abadeb464960f7451ceab,10215,0x9238a15d59eb5484e7f1cddcf5e23539c50a05b2,0.0,0.0,25.19537,0,1,1710416327
2024-03-14,0xa819af1cc8abe618ea8abadeb464960f7451ceab,10972,0xc8160b24922664d9b3cf7f0acbc149dc33917d15,0.0,0.0,1961.450856,0,1,1710467373
2024-03-14,0xa819af1cc8abe618ea8abadeb464960f7451ceab,12192,0xa0c13fcf14d077d151a0fa75adfbcb4f92984859,0.0,0.0,6124.711072,0,1,1710458801
2024-03-14,0xa819af1cc8abe618ea8abadeb464960f7451ceab,12351,0x5a73331e614186a08439526b6d0535c63a987d6e,0.0,0.0,2500.0,0,1,1710734981
2024-03-14,0xa819af1cc8abe618ea8abadeb464960f7451ceab,12352,0xa698566dda5ae9e2a1ac7efad83c1b1fd0216a50,0.0,0.0,2500.0,0,1,1710735201
2024-03-14,0xa819af1cc8abe618ea8abadeb464960f7451ceab,12360,0xa5fa56f3d9519271831875437fff64156e25126d,0.0,0.0,2500.0,0,1,1710735587
2024-03-14,0xa819af1cc8abe618ea8abadeb464960f7451ceab,12390,0x570ccecda25fe07aac549e87a025d1aa047f6b09,0.0,0.0,2464.303039,0,1,1710727735
2024-03-14,0xa819af1cc8abe618ea8abadeb464960f7451ceab,12394,0xf225159d7eee3b9b31589206d1ae27bbc8268238,0.0,0.0,2511.636314,0,1,1710739831
2024-03-14,0xa8d5db293917ea106a5fc4da5a25340e8b428966,68,0x132e47cf2c19ec2d8dd56e1528fc7e18dc09188f,0.0,0.0,28586.088113,0,1,1710955935
2024-03-14,0xa8d5db293917ea106a5fc4da5a25340e8b428966,376,0xff53e3a27b7252148e0f1daf4a00261eee59177f,0.0,0.0,10849.174005,0,1,1710975187
2024-03-14,0xa8d5db293917ea106a5fc4da5a25340e8b428966,475,0xda1d9534bef3344fa5be3b644b767b349e7415c7,0.0,0.0,6569.56408,0,1,1710975049
2024-03-14,0xa8d5db293917ea106a5fc4da5a25340e8b428966,641,0x1aec38688e9e504fe1e5137e7c92bb1b092faa15,0.0,0.0,33707.007931,0,1,1710975153
2024-03-14,0xa8d5db293917ea106a5fc4da5a25340e8b428966,649,0x3838433f63f4d4a24260f2485aacf5894ba7bc93,16357.041541,16357.041541,0.0,1,0,1710975479
2024-03-14,0xa8d5db293917ea106a5fc4da5a25340e8b428966,1224,0xb002d5e8ea1c7db3dfed5aaf33ebcdef890d20d4,10756.207526,10756.207526,0.0,1,0,1710975519
2024-03-14,0xa8d5db293917ea106a5fc4da5a25340e8b428966,1959,0x6d1e0084a6910a8803ab7c22483a1a2db3f1001a,0.0,0.0,4525.755966,0,1,1710971219
2024-03-14,0xa8d5db293917ea106a5fc4da5a25340e8b428966,2146,0x44a03946c8e690c6ecdb254b3744690a42e1ed17,4018.01676,4018.01676,0.0,1,0,1710975319
2024-03-14,0xa8d5db293917ea106a5fc4da5a25340e8b428966,2503,0x03490f2b65608070c0bb15503c81a1d55b2c55c0,3322.227889,3322.227889,0.0,1,0,1710975445
2024-03-14,0xa8d5db293917ea106a5fc4da5a25340e8b428966,2603,0xd2e44e40b5fb960a8a74dd7b9d6b7f14b805b50d,3181.718174,3181.718174,0.0,1,0,1710975415
2024-03-14,0xa8d5db293917ea106a5fc4da5a25340e8b428966,2640,0x44a03946c8e690c6ecdb254b3744690a42e1ed17,3135.286745,3135.286745,0.0,1,0,1710975499
2024-03-14,0xa8d5db293917ea106a5fc4da5a25340e8b428966,2883,0x6a6583bf96f9fe5865f75606dd6f8a333a28d881,4763.793334,4763.793334,0.0,1,0,1710975303
2024-03-14,0xa8d5db293917ea106a5fc4da5a25340e8b428966,3744,0x41cb5d2a058bcf1ca12ea056807a12c21677ae7e,1082.185327,1082.185327,0.0,1,0,1710975361
2024-03-14,0xa8d5db293917ea106a5fc4da5a25340e8b428966,4063,0x0180bd56393851a46fab05ae627fb574dadb5049,783.142179,783.142179,0.0,1,0,1710975271
2024-03-14,0xa99e526ab91d3e5d5bac58551d1a27c8a253591c,6610,0x162073d3bd1d3bce47e85ee5b9904887d1ba6e77,0.0,0.0,138.632303,0,1,1710967687
2024-03-14,0xa99e526ab91d3e5d5bac58551d1a27c8a253591c,7121,0x011b0a055e02425461a1ae95b30f483c4ff05be7,0.0,0.0,889.553522,0,1,1710974045
2024-03-14,0xaace080ea9ce5e7942ea826d311b6170bdfcf73b,62,0xdbd5d31b7f48adc13a0ab0c591f7e3d4f9642e69,130028.781873,130028.781873,0.0,1,0,1710959895
2024-03-14,0xaace080ea9ce5e7942ea826d311b6170bdfcf73b,75,0xf29a0b06bb927f6a58c6f3bba40c88cf305aacc7,888579.751865,888579.751865,0.0,1,0,1710934495
2024-03-14,0xaace080ea9ce5e7942ea826d311b6170bdfcf73b,1363,0x43d16ccd581e1d6a8d51768f75ddf09b79f4f856,2654.916881,2654.916881,0.0,1,0,1710971463
2024-03-14,0xaace080ea9ce5e7942ea826d311b6170bdfcf73b,12102,0xf29a0b06bb927f6a58c6f3bba40c88cf305aacc7,4315.888148,4315.888148,0.0,1,0,1710934521
2024-03-14,0xaace080ea9ce5e7942ea826d311b6170bdfcf73b,13669,0x5d9d964349f1f3346dd1e7db7002ea0daaa9b4fb,254.373042,254.373042,0.0,1,0,1710934029
2024-03-14,0xaace080ea9ce5e7942ea826d311b6170bdfcf73b,13678,0xcec0b836e4f30ed051557c0f7daaf1e45570421f,830.55104,830.55104,0.0,1,0,1710950075
2024-03-14,0xab6bca0c78594db0647036216dff15b268fd102f,659,0x13fc2b8032228af0917f22bd1c3b7d2704b4d630,7996.584706,7996.584706,0.0,1,0,1710973577
2024-03-14,0xb0d931138bf96501654f2268cdd84420151ff52e,6056,0xc630ee3e52a40a2c87d3507b18d11efb178d01ab,71.047444,71.047444,71.047444,1,1,1710508015
2024-03-14,0xb0d931138bf96501654f2268cdd84420151ff52e,7121,0x011b0a055e02425461a1ae95b30f483c4ff05be7,1486.312981,1486.312981,0.0,1,0,1710974045
2024-03-14,0xb0d931138bf96501654f2268cdd84420151ff52e,7122,0x011b0a055e02425461a1ae95b30f483c4ff05be7,525.414148,525.414148,0.0,1,0,1710974075
2024-03-14,0xb0d931138bf96501654f2268cdd84420151ff52e,7343,0x162073d3bd1d3bce47e85ee5b9904887d1ba6e77,2773.378738,2773.378738,0.0,1,0,1710967747
2024-03-14,0xb0d931138bf96501654f2268cdd84420151ff52e,10191,0xa970fa27e02a61d9ee6eb311cce7b8d2bdc6ab50,63.0,63.0,49.449441,1,1,1710739663
2024-03-14,0xb0d931138bf96501654f2268cdd84420151ff52e,10352,0x18acc7e09e5b4adaf4d51dce21bc2ac616ea9440,0.0,0.0,8890.250238,0,1,1710844781
2024-03-14,0xb0d931138bf96501654f2268cdd84420151ff52e,11468,0x4333e265a5640af11b8194cf75fe4defafdec776,46.090456,46.090456,45.622196,1,1,1710378811
2024-03-14,0xb304b47e039e20afad75fa2ada6cd8d95a9eea41,7122,0x011b0a055e02425461a1ae95b30f483c4ff05be7,525.414148,525.414148,0.0,1,0,1710974075
2024-03-14,0xb3dfc382ff41a76a0db72e1d87c2a831caeace5e,7991,0xdbde6081017f0a9f88db0b23ea731f75e5285242,881.440512,881.440512,0.0,1,0,1710816915
2024-03-14,0xb3dfc382ff41a76a0db72e1d87c2a831caeace5e,12444,0xde556dd8c552429758b4915fd2323d2075e30bf0,6.968198,6.968198,0.0,1,0,1710801175
2024-03-14,0xb4885bc63399bf5518b994c1d0c153334ee579d0,229,0x4dcea47ec4b26079cb4f9a0e0f400e1aa6f199a9,40395.750087,40395.750087,40395.750087,1,1,1710417451
2024-03-14,0xb4885bc63399bf5518b994c1d0c153334ee579d0,349,0x90f15e09b8fb5bc080b968170c638920db3a3446,0.0,0.0,83544.913221,0,1,1710963891
2024-03-14,0xb4885bc63399bf5518b994c1d0c153334ee579d0,441,0xdceb0bb3311342e3ce9e49f57affce9deac40ba1,19694.566174,19694.566174,0.0,1,0,1710794891
2024-03-14,0xb4885bc63399bf5518b994c1d0c153334ee579d0,820,0x45f692a6959ee71c5962dd89b8ca909fd48ee6a4,0.0,0.0,21003.747429,0,1,1710689471
2024-03-14,0xb4885bc63399bf5518b994c1d0c153334ee579d0,878,0x50bbf827267c4e920b512f8aa6c1c9d1a465a128,19009.076958,19009.076958,18976.844478,1,1,1710751815
2024-03-14,0xb4885bc63399bf5518b994c1d0c153334ee579d0,943,0x8e29a644a71b1c9cac1c46a5d9099d17301c08f4,0.0,0.0,16522.498714,0,1,1710956837
2024-03-14,0xb4885bc63399bf5518b994c1d0c153334ee579d0,1007,0x80223b82cc86c20d1011576f731b226999e00531,0.0,0.0,14825.376518,0,1,1710724253
2024-03-14,0xb4885bc63399bf5518b994c1d0c153334ee579d0,1129,0x56e08babb8bf928bd8571d2a2a78235ae57ae5bd,0.0,0.0,3560.095836,0,1,1710969781
2024-03-14,0xb4885bc63399bf5518b994c1d0c153334ee579d0,1248,0xb9e80ff4f9b97f160bddf80a1e0513f7f1d14570,10196.98893,10196.98893,10196.98893,1,1,1710906287
2024-03-14,0xb4885bc63399bf5518b994c1d0c153334ee579d0,1259,0x27cfc88640089f340aeaec182baff0ddf15b1b37,2669.534163,2669.534163,2661.720131,1,1,1710408589
2024-03-14,0xb4885bc63399bf5518b994c1d0c153334ee579d0,1398,0xc6bf059aabef5668c32ebeef3dae82e59d4ebc4a,0.0,0.0,8930.361296,0,1,1710924825
2024-03-14,0xb4885bc63399bf5518b994c1d0c153334ee579d0,1464,0x27adfbdb9a913ffdf886b4f76eca80ab8f189bef,9385.445345,9385.445345,9431.145154,1,1,1710880747
2024-03-14,0xb4885bc63399bf5518b994c1d0c153334ee579d0,1527,0x5e014aa0649102e07c074f498845f01bcd520317,8253.851316,8253.851316,7187.692435,1,1,1710382447
2024-03-14,0xb4885bc63399bf5518b994c1d0c153334ee579d0,1551,0x8d4c9d041afd46915274ef608c09929d77f2010a,0.0,0.0,6897.781272,0,1,1710549341
2024-03-14,0xb4885bc63399bf5518b994c1d0c153334ee579d0,1608,0x1f427a6fcdb95a7393c58552093e10a932890fa8,0.0,0.0,6462.871427,0,1,1710524733
2024-03-14,0xb4885bc63399bf5518b994c1d0c153334ee579d0,1629,0x0c830a9806af3ef3762b21e98ca6818e373cf985,0.0,0.0,6316.582461,0,1,1710780655
2024-03-14,0xb4885bc63399bf5518b994c1d0c153334ee579d0,1727,0xcdb7361e0793350be029f2b1139621597e4cb053,5856.139893,5856.139893,5846.21001,1,1,1710386341
2024-03-14,0xb4885bc63399bf5518b994c1d0c153334ee579d0,1813,0x4c0b9b5d8943ce9758ee5d951c5907f2651519b5,5120.682396,5120.682396,5120.682396,1,1,1710381147
2024-03-14,0xb4885bc63399bf5518b994c1d0c153334ee579d0,1881,0x62efee7e52b4e87ad053b42963aebb85bb2085f2,0.0,0.0,1173.791589,0,1,1710647255
2024-03-14,0xb4885bc63399bf5518b994c1d0c153334ee579d0,1924,0xbd04e7a7c2dd830ec4819f3d12e93931383cc4a4,0.0,0.0,4567.813251,0,1,1710580359
2024-03-14,0xb4885bc63399bf5518b994c1d0c153334ee579d0,1966,0xdd77a81910f4513524bda1394a3de2237e4288e1,4845.417816,4845.417816,4759.354553,1,1,1710680813
2024-03-14,0xb4885bc63399bf5518b994c1d0c153334ee579d0,1982,0xa5c3a513645a9a00cb561fed40438e9dfe0d6a69,0.0,0.0,4288.236549,0,1,1710711045
2024-03-14,0xb4885bc63399bf5518b994c1d0c153334ee579d0,1991,0x4bdfae7d2a6fc206c5a80f4d41e683a5d5b30d5b,4296.16068,4296.16068,4296.16068,1,1,1710599009
2024-03-14,0xb4885bc63399bf5518b994c1d0c153334ee579d0,2081,0x2594bcad3314cac904a79d2a607276910f2b3893,0.0,0.0,2021.840823,0,1,1710946095
2024-03-14,0xb4885bc63399bf5518b994c1d0c153334ee579d0,2111,0x3f9d386eeb91304ab65899b567ee8756d3298d40,0.0,0.0,4151.143752,0,1,1710944549
2024-03-14,0xb4885bc63399bf5518b994c1d0c153334ee579d0,2181,0xea3246957e3548fadf56301af6e020fa288af8ba,4525.413284,4525.413284,4501.372319,1,1,1710454929
2024-03-14,0xb4885bc63399bf5518b994c1d0c153334ee579d0,2262,0xb8e1f0f1e0aab629ec07ae9e4fa680b58732c643,0.0,0.0,3722.440413,0,1,1710414631
2024-03-14,0xb4885bc63399bf5518b994c1d0c153334ee579d0,2326,0x6d6ee330e22c239fc699e61c55251110b15b943c,3614.377045,3614.377045,3553.933954,1,1,1710933785
2024-03-14,0xb4885bc63399bf5518b994c1d0c153334ee579d0,2348,0xa0efd27acc781549d5b78e89e561aa0903932d56,3548.314104,3548.314104,3548.314104,1,1,1710380707
2024-03-14,0xb4885bc63399bf5518b994c1d0c153334ee579d0,2475,0x9bc86996822381b9dc51d367a6bf088d397d9f68,693.202072,693.202072,1034.411308,1,1,1710610683
2024-03-14,0xb4885bc63399bf5518b994c1d0c153334ee579d0,2554,0x45740e393a093cb341eb0cb8772605a6b7034a87,0.0,0.0,3234.667047,0,1,1710727481
2024-03-14,0xb4885bc63399bf5518b994c1d0c153334ee579d0,2581,0x58bbb8d3c0c16b35c6d09a8306dd012b61911699,0.0,0.0,3116.297685,0,1,1710711239
2024-03-14,0xb4885bc63399bf5518b994c1d0c153334ee579d0,2597,0x8bcf9320497028119da1c99525d19a9f0d86f92a,3174.591507,3174.591507,3174.591507,1,1,1710383173
2024-03-14,0xb4885bc63399bf5518b994c1d0c153334ee579d0,2602,0x793cf10f2542ad8a98b5951f632bf8526bc2ac63,3178.293012,3178.293012,3155.77017,1,1,1710388471
2024-03-14,0xb4885bc63399bf5518b994c1d0c153334ee579d0,2657,0x73c748b5f99c3507f11fb8fa2ea5e3b8f4f9a1d1,2269.038328,2269.038328,2269.038328,1,1,1710396073
2024-03-14,0xb4885bc63399bf5518b994c1d0c153334ee579d0,2663,0xca3239ffb9121d868194882935a702433769b22d,0.0,0.0,1508.02251,0,1,1710941155
2024-03-14,0xb4885bc63399bf5518b994c1d0c153334ee579d0,2697,0x5115b261fb75084af050349020f09164cb8fe059,3032.098172,3032.098172,2990.870725,1,1,1710449313
2024-03-14,0xb4885bc63399bf5518b994c1d0c153334ee579d0,2704,0x1aaa8d951c6c74f6548bd4e89a1c54fb5fcd0ac2,0.0,0.0,2964.235049,0,1,1710536375
2024-03-14,0xb4885bc63399bf5518b994c1d0c153334ee579d0,2743,0x2a724be1b63caec1c3ef95834fdd443c3347ee1d,0.0,0.0,1375.496291,0,1,1710902431
2024-03-14,0xb4885bc63399bf5518b994c1d0c153334ee579d0,2839,0xc1791da88cc94c9a39e606d8760183d21268dcbb,0.0,0.0,2334.972506,0,1,1710812799
2024-03-14,0xb4885bc63399bf5518b994c1d0c153334ee579d0,3196,0xfdc3e8edd74a90fe971ef7d56a0c66c870b10f5d,0.0,0.0,846.484294,0,1,1710719283
2024-03-14,0xb4885bc63399bf5518b994c1d0c153334ee579d0,3254,0xc4b2286be2635a4ce1c986edab361f7391837cb7,0.0,0.0,1633.823317,0,1,1710386465
2024-03-14,0xb4885bc63399bf5518b994c1d0c153334ee579d0,3377,0x87f3838742e5ff8958d7ce92aff4ecf07a1edcc8,0.0,0.0,1489.420691,0,1,1710502167
2024-03-14,0xb4885bc63399bf5518b994c1d0c153334ee579d0,3403,0x315c2235d75880afe04310d71ec381dbfb29d307,0.0,0.0,1432.458188,0,1,1710420559
2024-03-14,0xb4885bc63399bf5518b994c1d0c153334ee579d0,3480,0xbdc4b0525d600449fe5efcd08282a837e8fec813,0.0,0.0,1340.380429,0,1,1710718177
2024-03-14,0xb4885bc63399bf5518b994c1d0c153334ee579d0,3629,0xebce1cba1c082360a881bd967b2837ba6f03c74d,0.0,0.0,1007.696222,0,1,1710761649
2024-03-14,0xb4885bc63399bf5518b994c1d0c153334ee579d0,3631,0x206086773f541a810d91bba403b86cd473e39dfd,0.0,0.0,1117.996788,0,1,1710517131
2024-03-14,0xb4885bc63399bf5518b994c1d0c153334ee579d0,3655,0x2330eb2d92167c3b6b22690c03b508e0ca532980,1173.577886,1173.577886,1163.305338,1,1,1710459617
2024-03-14,0xb4885bc63399bf5518b994c1d0c153334ee579d0,3679,0x5e36d7f200917d3744a227338f5cffd67da183c1,0.0,0.0,542.871469,0,1,1710388605
2024-03-14,0xb4885bc63399bf5518b994c1d0c153334ee579d0,3686,0x8da303538583edf838a9fc42def59240c19b896d,0.0,0.0,553.004958,0,1,1710410995
2024-03-14,0xb4885bc63399bf5518b994c1d0c153334ee579d0,4232,0x15c2374f1139637c377c5fea11dfcc0d5c06566a,0.0,0.0,675.581656,0,1,1710424521
2024-03-14,0xb4885bc63399bf5518b994c1d0c153334ee579d0,4349,0xc7f16d32e43347f6711bb2d5300e3dc5c09391ae,0.0,0.0,591.871283,0,1,1710415345
2024-03-14,0xb4885bc63399bf5518b994c1d0c153334ee579d0,4433,0x78b8a76bea31733777556033e2a116df66c4c41c,544.242981,544.242981,544.242981,1,1,1710484353
2024-03-14,0xb4885bc63399bf5518b994c1d0c153334ee579d0,4502,0x553222b267bc978aca3c28493aef72d924b264bd,466.029849,466.029849,476.246455,1,1,1710733413
2024-03-14,0xb4885bc63399bf5518b994c1d0c153334ee579d0,4518,0x43917a8174465dc01522e8e14335eaa2cde33f6f,53.162596,53.162596,52.886927,1,1,1710448057
2024-03-14,0xb4885bc63399bf5518b994c1d0c153334ee579d0,4555,0x99bf19dca2125b789cfe8a9609c1a217b4e5c918,0.0,0.0,128.657802,0,1,1710736035
2024-03-14,0xb4885bc63399bf5518b994c1d0c153334ee579d0,4590,0x9e45b1198863a669452eb7719aa77b5a1123b086,0.0,0.0,483.523167,0,1,1710518041
2024-03-14,0xb4885bc63399bf5518b994c1d0c153334ee579d0,4615,0x91e3c33a130be721d4bff471a2b1d7f51d6b5235,0.0,0.0,487.082263,0,1,1710782889
2024-03-14,0xb4885bc63399bf5518b994c1d0c153334ee579d0,4622,0x2f7479ad52a75eb90a9b2acfb296a39d41828c36,488.799564,488.799564,475.831657,1,1,1710573501
2024-03-14,0xb4885bc63399bf5518b994c1d0c153334ee579d0,4677,0x1249cda35fd0804e5e661ec3f2e5a91ba686f819,0.0,0.0,452.964512,0,1,1710880171
2024-03-14,0xb4885bc63399bf5518b994c1d0c153334ee579d0,4779,0x26faa3fa2ca686611b2e6e678725e529c8af888c,430.793071,430.793071,430.793071,1,1,1710406737
2024-03-14,0xb4885bc63399bf5518b994c1d0c153334ee579d0,4934,0xcbe8ef9957d0f34f732c8148311309a261f3cd36,0.0,0.0,407.75444,0,1,1710775977
2024-03-14,0xb4885bc63399bf5518b994c1d0c153334ee579d0,4973,0x314d295677f81d037fd61bea21e81f9ea7aa2c64,416.39797,416.39797,415.010008,1,1,1710676759
2024-03-14,0xb4885bc63399bf5518b994c1d0c153334ee579d0,5010,0xab4382aadae5bf4b37b90b9dc07fc72d52e2a28a,298.28867,298.28867,585.254984,1,1,1710671109
2024-03-14,0xb4885bc63399bf5518b994c1d0c153334ee579d0,5060,0x0194ef37f2c56b5b0d06a2acefb13e969099281c,0.0,0.0,396.779225,0,1,1710705217
2024-03-14,0xb4885bc63399bf5518b994c1d0c153334ee579d0,5115,0x24cbdb4728c3ca66b827424ebe78a32ddeaceb8f,0.0,0.0,392.324369,0,1,1710776279
2024-03-14,0xb4885bc63399bf5518b994c1d0c153334ee579d0,5208,0xec00a0266bf9e8eed0aeea4e60022a581c01ecfc,0.0,0.0,386.698745,0,1,1710832447
2024-03-14,0xb4885bc63399bf5518b994c1d0c153334ee579d0,5568,0xda3e608973dd2150fbc1e19f3ed1f183a37af1d6,371.428522,371.428522,371.428522,1,1,1710428719
2024-03-14,0xb4885bc63399bf5518b994c1d0c153334ee579d0,5619,0x28829cdb803c41cb8a7858455b4ffc70b5dfacf4,0.0,0.0,368.333949,0,1,1710930321
2024-03-14,0xb4885bc63399bf5518b994c1d0c153334ee579d0,5757,0xecc85c2e526fefabbf50c7a1f00824be73c5da3a,0.0,0.0,364.655773,0,1,1710871719
2024-03-14,0xb4885bc63399bf5518b994c1d0c153334ee579d0,5885,0x1c85d6ae1336d0e4e3f165bbfa9641bfa04cedb1,371.240571,371.240571,370.611082,1,1,1710403743
2024-03-14,0xb4885bc63399bf5518b994c1d0c153334ee579d0,5897,0xbff1fea0625a127271410105b9d3af76164ea59f,0.0,0.0,360.027693,0,1,1710792001
2024-03-14,0xb4885bc63399bf5518b994c1d0c153334ee579d0,5898,0x7c0111879da162e53360f4a379c8cb25c81bb299,90.080776,90.080776,90.080776,1,1,1710570187
2024-03-14,0xb4885bc63399bf5518b994c1d0c153334ee579d0,5941,0xb06f3d64068da3014892c64dbd62bc9b985648c7,0.0,0.0,358.646345,0,1,1710384823
2024-03-14,0xb4885bc63399bf5518b994c1d0c153334ee579d0,6033,0xd2ea42a69287a0a1bacd9259fbbd61a5db977248,355.742791,355.742791,355.742791,1,1,1710915335
2024-03-14,0xb4885bc63399bf5518b994c1d0c153334ee579d0,6044,0x9e028c80aff3b1a29c66fb213a98d1c634a536a8,366.325744,366.325744,365.104686,1,1,1710454997
2024-03-14,0xb4885bc63399bf5518b994c1d0c153334ee579d0,6056,0xc630ee3e52a40a2c87d3507b18d11efb178d01ab,88.809305,88.809305,88.809305,1,1,1710508015
2024-03-14,0xb4885bc63399bf5518b994c1d0c153334ee579d0,6341,0xf77384d90a6f1bedae01e2a7fbd09d1bf5ea744c,0.0,0.0,349.4535,0,1,1710848489
2024-03-14,0xb4885bc63399bf5518b994c1d0c153334ee579d0,6356,0x6fec46201a6f132c81142ac49a001791969520b8,87.321054,87.321054,349.284215,1,1,1710446881
2024-03-14,0xb4885bc63399bf5518b994c1d0c153334ee579d0,6667,0x7680f91d3d3a5f451a6387ba802661d96f78dd8f,0.0,0.0,24.908865,0,1,1710671899
2024-03-14,0xb4885bc63399bf5518b994c1d0c153334ee579d0,6687,0x1d4143b2434b20ff360a05912626f56563838ba5,0.0,0.0,55.175069,0,1,1710491621
2024-03-14,0xb4885bc63399bf5518b994c1d0c153334ee579d0,6930,0x3e8445f1e4060eeba2bb784c69f10412bf40f110,0.0,0.0,1.506392,0,1,1710384873
2024-03-14,0xb4885bc63399bf5518b994c1d0c153334ee579d0,7062,0x8ecd54dc7f3e1b517d3ea419722a7c410eecd1cf,89.56032,89.56032,112.531406,1,1,1710410073
2024-03-14,0xb4885bc63399bf5518b994c1d0c153334ee579d0,7164,0x1d4143b2434b20ff360a05912626f56563838ba5,0.0,0.0,39.901728,0,1,1710496559
2024-03-14,0xb4885bc63399bf5518b994c1d0c153334ee579d0,7576,0x74d0eda9a5f8898872a0c2cbff72f2407ca34c0f,4.199026,4.199026,5.333602,1,1,1710625639
2024-03-14,0xb4885bc63399bf5518b994c1d0c153334ee579d0,7592,0x07225b15e1f8a2d6bf526866048c45f5fc002505,53.119236,53.119236,53.43983,1,1,1710415007
2024-03-14,0xb4885bc63399bf5518b994c1d0c153334ee579d0,7621,0xd8aaa186db7214926cdd4c8ab5ef1d919913402f,0.0,0.0,44.151783,0,1,1710559763
2024-03-14,0xb4885bc63399bf5518b994c1d0c153334ee579d0,7834,0xacbe1fc97ced05874d2ee6993d92066fe3ec011f,0.0,0.0,9.816867,0,1,1710915065
2024-03-14,0xb4885bc63399bf5518b994c1d0c153334ee579d0,7844,0x4dccb4444a0a804b778ddac22dc21b4fd0fe1a0d,2.247871,2.247871,4.8022,1,1,1710828517
2024-03-14,0xb4885bc63399bf5518b994c1d0c153334ee579d0,7886,0x46bcefebda7f2a623f5df4a8bc610349672c669a,0.0,0.0,116.397574,0,1,1710731867
2024-03-14,0xb4885bc63399bf5518b994c1d0c153334ee579d0,7905,0x12cfa0fcbf3b2b12d90025d03ebc3241ebd63bfa,2854.68056,2854.68056,2881.078626,1,1,1710693445
2024-03-14,0xb4885bc63399bf5518b994c1d0c153334ee579d0,7942,0x1faf770c3974a16fff04a78d225a6d7d0bd3fe46,696.040594,696.040594,180.540683,1,1,1710925273
2024-03-14,0xb4885bc63399bf5518b994c1d0c153334ee579d0,7997,0x41117551e82bc1eeb196150c4f476158f7757aee,0.0,0.0,9.472294,0,1,1710836313
2024-03-14,0xb4885bc63399bf5518b994c1d0c153334ee579d0,8273,0x139596f71b5d26d467ed1819a535a9190ea3ed0e,0.0,0.0,756.174702,0,1,1710933771
2024-03-14,0xb4885bc63399bf5518b994c1d0c153334ee579d0,8325,0x0fb0d6fcb87ec73436f1ba270def3ee0b466ed32,22.819138,22.819138,24.936906,1,1,1710748947
2024-03-14,0xb4885bc63399bf5518b994c1d0c153334ee579d0,8688,0x3953097d0ac7ee4f390592b69b5ada2dff4108c6,377.976038,377.976038,378.863002,1,1,1710832211
2024-03-14,0xb4885bc63399bf5518b994c1d0c153334ee579d0,8780,0x1e7bb53c1eefa4513b69fcbfa900b6bce051a77b,29.745258,29.745258,66.625349,1,1,1710895239
2024-03-14,0xb4885bc63399bf5518b994c1d0c153334ee579d0,8789,0x21bc1474647c2ab47245a30455db2aed3868a8bf,0.0,0.0,64.299945,0,1,1710447797
2024-03-14,0xb4885bc63399bf5518b994c1d0c153334ee579d0,8804,0x3c5501066f049bf00d4c851fad3ee345c8961484,0.0,0.0,485.757738,0,1,1710594395
2024-03-14,0xb4885bc63399bf5518b994c1d0c153334ee579d0,9351,0xbb6ff69a089404ec4aaec09aab98f0e195bbef2f,7.415562,7.415562,19.968147,1,1,1710520181
2024-03-14,0xb4885bc63399bf5518b994c1d0c153334ee579d0,9452,0x2f561ff796d483553e068263882ae0d9068fb42b,110.680752,110.680752,112.023369,1,1,1710593749
2024-03-14,0xb4885bc63399bf5518b994c1d0c153334ee579d0,9608,0xacbe1fc97ced05874d2ee6993d92066fe3ec011f,0.0,0.0,11.679693,0,1,1710915043
2024-03-14,0xb4885bc63399bf5518b994c1d0c153334ee579d0,9655,0xb4f17a684e1d358abcfdb59292d4d32bd3e277d4,23.13463,23.13463,23.185986,1,1,1710378139
2024-03-14,0xb4885bc63399bf5518b994c1d0c153334ee579d0,9707,0x60034a6d90f54d3bbc3188033fd08b1a146802ba,1519.511097,1519.511097,0.0,1,0,1710523543
2024-03-14,0xb4885bc63399bf5518b994c1d0c153334ee579d0,9724,0x13c4dd9f8ad8a70120c6b4387a31b9428e60d4ef,83.428121,83.428121,88.241223,1,1,1710494485
2024-03-14,0xb4885bc63399bf5518b994c1d0c153334ee579d0,10191,0xa970fa27e02a61d9ee6eb311cce7b8d2bdc6ab50,63.0,63.0,49.449441,1,1,1710739663
2024-03-14,0xb4885bc63399bf5518b994c1d0c153334ee579d0,10254,0x15c2374f1139637c377c5fea11dfcc0d5c06566a,0.0,0.0,132.849997,0,1,1710424505
2024-03-14,0xb4885bc63399bf5518b994c1d0c153334ee579d0,10256,0xf1d3b8fa62508213569f11899606eb6916191478,0.0,0.0,1190.899857,0,1,1710774151
2024-03-14,0xb4885bc63399bf5518b994c1d0c153334ee579d0,10852,0x3426316b1eb507bf2bdfe37b97c7e4456cb8b49b,0.0,0.0,15.190629,0,1,1710444363
2024-03-14,0xb4885bc63399bf5518b994c1d0c153334ee579d0,10933,0xa07d83334758af046dbcee6991e341c0e061d121,516.883191,516.883191,515.501146,1,1,1710735291
2024-03-14,0xb4885bc63399bf5518b994c1d0c153334ee579d0,10959,0xacbe1fc97ced05874d2ee6993d92066fe3ec011f,0.0,0.0,20.518721,0,1,1710915019
2024-03-14,0xb4885bc63399bf5518b994c1d0c153334ee579d0,11024,0xa417bd32b4405a9db92298b94dc019b64dd8aa35,1922.288592,1922.288592,1935.674617,1,1,1710408287
2024-03-14,0xb4885bc63399bf5518b994c1d0c153334ee579d0,11155,0x74c106cbe16ed6a8d5db48b2b2fbfe2174186204,0.0,0.0,0.672756,0,1,1710697947
2024-03-14,0xb4885bc63399bf5518b994c1d0c153334ee579d0,11391,0xfa1d7f90fdd5cb77e1274cfe96c710a6a9374f48,210.049655,210.049655,564.115412,1,1,1710739195
2024-03-14,0xb4885bc63399bf5518b994c1d0c153334ee579d0,11928,0xc1634876892843d3f80e790baf3f05bf907e94f6,32.039547,32.039547,14.186129,1,1,1710781721
2024-03-14,0xb5e331615fdba7df49e05cdeaceb14acdd5091c3,47,0x011b0a055e02425461a1ae95b30f483c4ff05be7,0.0,0.0,155657.375047,0,1,1710974017
2024-03-14,0xb5e331615fdba7df49e05cdeaceb14acdd5091c3,51,0x0f228805c03a693aa964a791e0b2e2c6e6c6513f,295973.459872,295973.459872,295471.596542,1,1,1710968507
2024-03-14,0xb5e331615fdba7df49e05cdeaceb14acdd5091c3,54,0xf265702178a66b4b7ce079fc8a1629e47cf1bcde,0.0,0.0,473354.740249,0,1,1710974843
2024-03-14,0xb5e331615fdba7df49e05cdeaceb14acdd5091c3,62,0xdbd5d31b7f48adc13a0ab0c591f7e3d4f9642e69,0.0,0.0,129808.300356,0,1,1710959895
2024-03-14,0xb5e331615fdba7df49e05cdeaceb14acdd5091c3,70,0xcc05670640d43bec38f48e4aaaf88df5b6e59c20,1316279.722858,1316279.722858,0.0,1,0,1710957155
2024-03-14,0xb5e331615fdba7df49e05cdeaceb14acdd5091c3,80,0x34f543a73dcb1a4bcbae71e5dd41fcc1b5c17bf7,422062.582165,422062.582165,0.0,1,0,1710910099
2024-03-14,0xb5e331615fdba7df49e05cdeaceb14acdd5091c3,109,0xbe7019f8333b0b3cfc707ac353ebc2123140134c,0.0,0.0,253644.509349,0,1,1710974343
2024-03-14,0xb5e331615fdba7df49e05cdeaceb14acdd5091c3,128,0x193578944fb0a0d31508f889528e9c345d90961b,121194.867195,121194.867195,0.0,1,0,1710935721
2024-03-14,0xb5e331615fdba7df49e05cdeaceb14acdd5091c3,136,0x12c58f57177b8d5832f60cfa690770c19ac9da19,0.0,0.0,243064.130789,0,1,1710966035
2024-03-14,0xb5e331615fdba7df49e05cdeaceb14acdd5091c3,158,0xd3f179ba57411ad5d2ddb5f334215cdfba134d20,0.0,0.0,74984.840553,0,1,1710975281
2024-03-14,0xb5e331615fdba7df49e05cdeaceb14acdd5091c3,165,0x54ecb3397b0bf31cb0b81eb2444e2a7b32507d8b,0.0,0.0,39782.930183,0,1,1710959895
2024-03-14,0xb5e331615fdba7df49e05cdeaceb14acdd5091c3,174,0x83bad39f067ef72e354f2ea9d318eaad381a7f15,27920.232625,27920.232625,0.0,1,0,1710931049
2024-03-14,0xb5e331615fdba7df49e05cdeaceb14acdd5091c3,189,0x549200c7cc0a789163db1bb80c4c4350afb897db,220098.133355,220098.133355,0.0,1,0,1710870913
2024-03-14,0xb5e331615fdba7df49e05cdeaceb14acdd5091c3,232,0x576f1e53afe5e99b2257258c7e3248d3a1822548,57878.182225,57878.182225,0.0,1,0,1710925753
2024-03-14,0xb5e331615fdba7df49e05cdeaceb14acdd5091c3,241,0xd639eee81b30d8b34d5d8cbce83f193e2ba298e4,0.0,0.0,38953.876745,0,1,1710958289
2024-03-14,0xb5e331615fdba7df49e05cdeaceb14acdd5091c3,257,0x4026b3da349c2952255ca9db4f055ea57f4e037c,139366.54547,139366.54547,0.0,1,0,1710864715
2024-03-14,0xb5e331615fdba7df49e05cdeaceb14acdd5091c3,392,0xa12eec92d8c155c8ea9159cb87da4e062bf9992d,108083.310375,108083.310375,0.0,1,0,1710803943
2024-03-14,0xb5e331615fdba7df49e05cdeaceb14acdd5091c3,393,0x193db18a5ef9a0320b7374c1fe8af976235f3211,68533.759736,68533.759736,0.0,1,0,1710901155
2024-03-14,0xb5e331615fdba7df49e05cdeaceb14acdd5091c3,412,0xb1101c790731f62bd06cc5e91551fa523a20330d,64124.217391,64124.217391,0.0,1,0,1710901155
2024-03-14,0xb5e331615fdba7df49e05cdeaceb14acdd5091c3,414,0x0eeacd4c475040463389d15ead034d1291b008b1,32766.857807,32766.857807,0.0,1,0,1710895115
2024-03-14,0xb5e331615fdba7df49e05cdeaceb14acdd5091c3,418,0xbe7019f8333b0b3cfc707ac353ebc2123140134c,0.0,0.0,31212.926827,0,1,1710974417
2024-03-14,0xb5e331615fdba7df49e05cdeaceb14acdd5091c3,425,0xf942457b49e10d4bbde841d93903cd707add1637,0.0,0.0,61341.725806,0,1,1710950545
2024-03-14,0xb5e331615fdba7df49e05cdeaceb14acdd5091c3,512,0x3b1b211b3fce0d1ee9f5e1afeecadeb98378d0b0,8787.633657,8787.633657,0.0,1,0,1710917869
2024-03-14,0xb5e331615fdba7df49e05cdeaceb14acdd5091c3,557,0xeaceb7f4cddb1177b752ef682ad7a0c5cd31fc05,0.0,0.0,40066.894265,0,1,1710968833
2024-03-14,0xb5e331615fdba7df49e05cdeaceb14acdd5091c3,593,0xd3f179ba57411ad5d2ddb5f334215cdfba134d20,0.0,0.0,18627.819713,0,1,1710975281
2024-03-14,0xb5e331615fdba7df49e05cdeaceb14acdd5091c3,612,0xb7db1273e05bb89c9c4858d3b0a280cf9dd38d69,18032.393035,18032.393035,0.0,1,0,1710914103
2024-03-14,0xb5e331615fdba7df49e05cdeaceb14acdd5091c3,708,0x166c794d890dd91bbe71f304eca660e1c4892cbb,65485.957063,65485.957063,0.0,1,0,1710954259
2024-03-14,0xb5e331615fdba7df49e05cdeaceb14acdd5091c3,887,0x50fa50fa2032d85eb2dda303929bf56886aa9afb,5216.218465,5216.218465,0.0,1,0,1710898447
2024-03-14,0xb5e331615fdba7df49e05cdeaceb14acdd5091c3,956,0x09fa38eba245bb68354b8950fa2fe71f02863393,16613.38489,16613.38489,0.0,1,0,1710889785
2024-03-14,0xb5e331615fdba7df49e05cdeaceb14acdd5091c3,987,0x9d480d2e3a1a3e5fe678ca8b932b4ca7d1503e2c,15753.615784,15753.615784,0.0,1,0,1710899307
2024-03-14,0xb5e331615fdba7df49e05cdeaceb14acdd5091c3,1222,0xfe22484158c747ccc0652d6f408b8a0547a59938,0.0,0.0,10875.415453,0,1,1710973335
2024-03-14,0xb5e331615fdba7df49e05cdeaceb14acdd5091c3,1223,0xabe21a7537cff588e6209492afca65d635a3b313,10859.34886,10859.34886,0.0,1,0,1710919859
2024-03-14,0xb5e331615fdba7df49e05cdeaceb14acdd5091c3,1276,0xef0c7668af2e04bc8cb8dfa321e5f9159f4bafe4,0.0,0.0,10007.283644,0,1,1710962857
2024-03-14,0xb5e331615fdba7df49e05cdeaceb14acdd5091c3,1287,0x2a7051d7cbbef7b6889f8e14774020b1653b94c1,2472.129337,2472.129337,0.0,1,0,1710851625
2024-03-14,0xb5e331615fdba7df49e05cdeaceb14acdd5091c3,1341,0xb86a352cffe8629266fd0279407ecddb67e5c328,9079.181608,9079.181608,0.0,1,0,1710902069
2024-03-14,0xb5e331615fdba7df49e05cdeaceb14acdd5091c3,1394,0x7a49983815a5f0499e590698c44adfe766e6812f,8586.995585,8586.995585,0.0,1,0,1710901629
2024-03-14,0xb5e331615fdba7df49e05cdeaceb14acdd5091c3,1441,0xc0fa207d207288d727baf8b4f2b3ca93f45da246,2441.544884,2441.544884,0.0,1,0,1710850331
2024-03-14,0xb5e331615fdba7df49e05cdeaceb14acdd5091c3,1494,0x040528e6ebdcbc6e37e3c78350de0a59aedce622,2549.621257,2549.621257,0.0,1,0,1710899389
2024-03-14,0xb5e331615fdba7df49e05cdeaceb14acdd5091c3,1521,0xdd84ce1adcb3a4908db61a1dfa3353c3974c5a2b,2413.847413,2413.847413,0.0,1,0,1710855577
2024-03-14,0xb5e331615fdba7df49e05cdeaceb14acdd5091c3,1616,0xbd584812c7aaeb901e8424725065cb0716b9264f,6549.243117,6549.243117,0.0,1,0,1710850055
2024-03-14,0xb5e331615fdba7df49e05cdeaceb14acdd5091c3,1633,0x2071cd4a6e21cf2743af3dcbb63f755a375913e5,6480.39551,6480.39551,0.0,1,0,1710828597
2024-03-14,0xb5e331615fdba7df49e05cdeaceb14acdd5091c3,1823,0xbce49959edb00ebc509e6a9e11dce059582e7756,0.0,0.0,4956.702687,0,1,1710974601
2024-03-14,0xb5e331615fdba7df49e05cdeaceb14acdd5091c3,1918,0xbd46acf2ae90ed50f7ffef99a6d9ac7d475f57b0,4520.80891,4520.80891,0.0,1,0,1710890679
2024-03-14,0xb5e331615fdba7df49e05cdeaceb14acdd5091c3,2048,0x2b83ac024b0a4ba3f93776cacb61d98310614afe,4821.72686,4821.72686,0.0,1,0,1710899911
2024-03-14,0xb5e331615fdba7df49e05cdeaceb14acdd5091c3,2899,0x2481fef92f6358a410f4b42a7672f23cac514c2a,5646.651207,5646.651207,0.0,1,0,1710822605
2024-03-14,0xb5e331615fdba7df49e05cdeaceb14acdd5091c3,2939,0x5f4f120d8435ea38f0f4635a910fee03801be88d,170079.563971,170079.563971,0.0,1,0,1710887341
2024-03-14,0xb5e331615fdba7df49e05cdeaceb14acdd5091c3,2998,0x1c0d0ab4eb517556197dff3bf4dbb9481702d516,2160.121049,2160.121049,0.0,1,0,1710812389
2024-03-14,0xb5e331615fdba7df49e05cdeaceb14acdd5091c3,3080,0xf5a42683d4458ba74a0829e1e6e04612422f9ba1,1884.669778,1884.669778,0.0,1,0,1710840549
2024-03-14,0xb5e331615fdba7df49e05cdeaceb14acdd5091c3,3106,0xb4fbd802d9dc5c0208346c311bcb6b9ecff468c6,1985.373033,1985.373033,0.0,1,0,1710803333
2024-03-14,0xb5e331615fdba7df49e05cdeaceb14acdd5091c3,3135,0x9dc5d3c206276ec16c2a171c364fedddfd27be50,1942.836109,1942.836109,0.0,1,0,1710810597
2024-03-14,0xb5e331615fdba7df49e05cdeaceb14acdd5091c3,3758,0xe492e921f11d8c42f78e80e9bb9abc75d9c49243,854.716162,854.716162,0.0,1,0,1710875943
2024-03-14,0xb5e331615fdba7df49e05cdeaceb14acdd5091c3,3998,0x02e0c302380aa679189d9caa349a0da5a6a19108,0.0,0.0,819.38793,0,1,1710716577
2024-03-14,0xb5e331615fdba7df49e05cdeaceb14acdd5091c3,5003,0x46643ae92dd69a9660ce344bfa76df2ee81132dc,412.942146,412.942146,0.0,1,0,1710819861
2024-03-14,0xb5e331615fdba7df49e05cdeaceb14acdd5091c3,5347,0x6aefa01456ffbe8b69633e46e4b7e36a7ca4b29e,94.721032,94.721032,0.0,1,0,1710879641
2024-03-14,0xb5e331615fdba7df49e05cdeaceb14acdd5091c3,5765,0x5d781a5e0d360006b28c96f383d54f6b622044ab,21448.820433,21448.820433,0.0,1,0,1710849161
2024-03-14,0xb5e331615fdba7df49e05cdeaceb14acdd5091c3,6648,0xa0eba15eda152fcdc38fb32e3c50f73e3a2ea965,7556.103569,7556.103569,0.0,1,0,1710902405
2024-03-14,0xb5e331615fdba7df49e05cdeaceb14acdd5091c3,6653,0xd1ad3830b54e97fcc05195c637b8e8e038378070,15.541959,15.541959,0.0,1,0,1710889289
2024-03-14,0xb5e331615fdba7df49e05cdeaceb14acdd5091c3,6681,0x55fa88037a255be3e1c1607fe2cf7a622be5c41d,44.402431,44.402431,0.0,1,0,1710858461
2024-03-14,0xb5e331615fdba7df49e05cdeaceb14acdd5091c3,6724,0x16aa28569ed5b88b76b67249e3381bec7efe6eff,49.083064,49.083064,0.0,1,0,1710860971
2024-03-14,0xb5e331615fdba7df49e05cdeaceb14acdd5091c3,7121,0x011b0a055e02425461a1ae95b30f483c4ff05be7,0.0,0.0,7808.30314,0,1,1710974045
2024-03-14,0xb5e331615fdba7df49e05cdeaceb14acdd5091c3,7857,0x4886ba5d2b3e0ae1e80172d3bddc4feb32e1ce26,0.0,0.0,0.152746,0,1,1710822803
2024-03-14,0xb5e331615fdba7df49e05cdeaceb14acdd5091c3,9199,0xdab85506424396fb090d84b64ad63b770d87c028,153837.60989,153837.60989,0.0,1,0,1710809487
2024-03-14,0xb5e331615fdba7df49e05cdeaceb14acdd5091c3,9596,0x89416b7fd83cddfaa6eee814a8967f76d4511294,2315.61712,2315.61712,0.0,1,0,1710902293
2024-03-14,0xb5e331615fdba7df49e05cdeaceb14acdd5091c3,9911,0xa4e057e58a11de90f6e63dc9b6c51025bd2c9646,0.0,0.0,41665.357431,0,1,1710973605
2024-03-14,0xb5e331615fdba7df49e05cdeaceb14acdd5091c3,9959,0x2a23d0650db1c536e71aeb63ecd3daa0b52e66e1,32125.929476,32125.929476,0.0,1,0,1710896007
2024-03-14,0xb5e331615fdba7df49e05cdeaceb14acdd5091c3,10294,0x48a6a8d403a58eccc70d4d57347f801d4e182564,2120948.028615,2120948.028615,0.0,1,0,1710962043
2024-03-14,0xb5e331615fdba7df49e05cdeaceb14acdd5091c3,10295,0xc875b3dae5b0c371bc8cf9ded64868b78ac47587,0.0,0.0,126533.13373,0,1,1710977963
2024-03-14,0xb5e331615fdba7df49e05cdeaceb14acdd5091c3,10296,0x03c70563e94de5de56c11a0cc4ce3482f592854f,0.0,0.0,315463.137574,0,1,1710977765
2024-03-14,0xb5e331615fdba7df49e05cdeaceb14acdd5091c3,10298,0xc9814f18a8751214f719de15c54d01b3d78ef14f,0.0,9908088.678705,9966818.689191,169,170,1710977733
2024-03-14,0xb5e331615fdba7df49e05cdeaceb14acdd5091c3,10796,0xb71ba81a183b2f956c9820729642063d64780b93,28453.282023,28453.282023,0.0,1,0,1710902781
2024-03-14,0xb5e331615fdba7df49e05cdeaceb14acdd5091c3,10937,0x7a53e106d5519afdbea37b03ba794b0e7b8f7cbf,193218.847633,193218.847633,0.0,1,0,1710865453
2024-03-14,0xb5e331615fdba7df49e05cdeaceb14acdd5091c3,11083,0x7a53e106d5519afdbea37b03ba794b0e7b8f7cbf,193912.613696,193912.613696,0.0,1,0,1710865559
2024-03-14,0xb5e331615fdba7df49e05cdeaceb14acdd5091c3,11104,0xc2edb9c398e1d632ad81647a26254c33801685df,10383.544799,10383.544799,0.0,1,0,1710905463
2024-03-14,0xb5e331615fdba7df49e05cdeaceb14acdd5091c3,11220,0x3717d4cc1d3226395a82a8680c3e0078dc43146d,2210.863502,2210.863502,0.0,1,0,1710903791
2024-03-14,0xb5e331615fdba7df49e05cdeaceb14acdd5091c3,11380,0x6f1d6b86d4ad705385e751e6e88b0fdfdbadf298,1003046.365974,1003046.365974,999878.025899,1,1,1710891365
2024-03-14,0xb5e331615fdba7df49e05cdeaceb14acdd5091c3,11387,0x7a53e106d5519afdbea37b03ba794b0e7b8f7cbf,69655.145985,69655.145985,0.0,1,0,1710865583
2024-03-14,0xb5e331615fdba7df49e05cdeaceb14acdd5091c3,11426,0x4e6fbdaf926545505f0f74aa34e74194d0a3da17,2163.40903,2163.40903,0.0,1,0,1710903875
2024-03-14,0xb5e331615fdba7df49e05cdeaceb14acdd5091c3,11465,0x32d0516debe5b1dbc85c2b3cfb0b4a970ebcdc5e,2158.86883,2158.86883,0.0,1,0,1710904115
2024-03-14,0xb5e331615fdba7df49e05cdeaceb14acdd5091c3,11491,0xc80144c8d8f82d632a9562b5e54d3e2d17fb881c,2077.009115,2077.009115,0.0,1,0,1710904201
2024-03-14,0xb5e331615fdba7df49e05cdeaceb14acdd5091c3,11493,0xb1c1404739d1917aff22739ae24af27d832a1dc3,2137.181048,2137.181048,0.0,1,0,1710904025
2024-03-14,0xb5e331615fdba7df49e05cdeaceb14acdd5091c3,11496,0x884c0a25646893b90e967e74fe22e24c950703b0,2249.15612,2249.15612,0.0,1,0,1710903947
2024-03-14,0xb5e331615fdba7df49e05cdeaceb14acdd5091c3,13620,0x6f1d6b86d4ad705385e751e6e88b0fdfdbadf298,23567.643,23567.643,0.0,1,0,1710968085
2024-03-14,0xb680190fb16f417647e69d6a84719ae9c7e5e20a,47,0x011b0a055e02425461a1ae95b30f483c4ff05be7,6691.9211,6691.9211,0.0,1,0,1710974017
2024-03-14,0xb680190fb16f417647e69d6a84719ae9c7e5e20a,68,0x132e47cf2c19ec2d8dd56e1528fc7e18dc09188f,2863.464205,2863.464205,0.0,1,0,1710955935
2024-03-14,0xb680190fb16f417647e69d6a84719ae9c7e5e20a,4048,0x452e1f2a5f71ab4fa3f8323a3902a479c643a882,0.0,0.0,784.617601,0,1,1710664999
2024-03-14,0xb680190fb16f417647e69d6a84719ae9c7e5e20a,6192,0xe5988e0a077491660baddb23d2444c5519195596,352.194752,352.194752,352.194752,1,1,1710447413
2024-03-14,0xb680190fb16f417647e69d6a84719ae9c7e5e20a,7121,0x011b0a055e02425461a1ae95b30f483c4ff05be7,1486.312981,1486.312981,1976.785605,1,1,1710974045
2024-03-14,0xb680190fb16f417647e69d6a84719ae9c7e5e20a,7445,0x9f298d2f27d98dda3399230bef6c366b032004e3,790.87792,790.87792,799.330329,1,1,1710949175
2024-03-14,0xb7a0b6322834014f95841e643dffa7bb9b9dc0ed,24,0x208a17c5fabe5b90282e5906945ff335e39326c4,0.0,0.0,18742.607868,0,1,1710956157
2024-03-14,0xb7a0b6322834014f95841e643dffa7bb9b9dc0ed,47,0x011b0a055e02425461a1ae95b30f483c4ff05be7,40151.526602,40151.526602,46764.018255,1,1,1710974017
2024-03-14,0xb7a0b6322834014f95841e643dffa7bb9b9dc0ed,55,0x285fed35cbea271a711681e84ffd83c68a596a75,0.0,0.0,22817.027254,0,1,1710965869
2024-03-14,0xb7a0b6322834014f95841e643dffa7bb9b9dc0ed,62,0xdbd5d31b7f48adc13a0ab0c591f7e3d4f9642e69,195043.172809,195043.172809,0.0,1,0,1710959895
2024-03-14,0xb7a0b6322834014f95841e643dffa7bb9b9dc0ed,68,0x132e47cf2c19ec2d8dd56e1528fc7e18dc09188f,71586.605126,71586.605126,142930.440566,1,1,1710955935
2024-03-14,0xb7a0b6322834014f95841e643dffa7bb9b9dc0ed,105,0x208a17c5fabe5b90282e5906945ff335e39326c4,0.0,0.0,53092.677296,0,1,1710956111
2024-03-14,0xb7a0b6322834014f95841e643dffa7bb9b9dc0ed,118,0x4ccfeb186c61217f05d8756314c600089b27a1c3,41985.356058,41985.356058,0.0,1,0,1710975207
2024-03-14,0xb7a0b6322834014f95841e643dffa7bb9b9dc0ed,165,0x54ecb3397b0bf31cb0b81eb2444e2a7b32507d8b,39850.50214,39850.50214,0.0,1,0,1710959895
2024-03-14,0xb7a0b6322834014f95841e643dffa7bb9b9dc0ed,182,0xed5847639328edd38e7ce934442ff4ee8e714f7c,0.0,0.0,228007.467347,0,1,1710947297
2024-03-14,0xb7a0b6322834014f95841e643dffa7bb9b9dc0ed,204,0x3aee7d5600c29ee7e4482c810746081313460738,0.0,0.0,38832.752354,0,1,1710974241
2024-03-14,0xb7a0b6322834014f95841e643dffa7bb9b9dc0ed,331,0x5181cdf1bb20da04ba788f82989f29e65b67314a,104777.36787,104777.36787,0.0,1,0,1710975281
2024-03-14,0xb7a0b6322834014f95841e643dffa7bb9b9dc0ed,400,0x1b08bc49accb4fb813bc9cb7f3a1f7f93510010e,67051.879894,67051.879894,0.0,1,0,1710722569
2024-03-14,0xb7a0b6322834014f95841e643dffa7bb9b9dc0ed,561,0x13cf222f836693b1406725fffc147294a06dd2b2,0.0,0.0,29475.814675,0,1,1710381315
2024-03-14,0xb7a0b6322834014f95841e643dffa7bb9b9dc0ed,675,0x1f452ea54d4d934afadc300c61ca0a3b1bbde958,0.0,0.0,35702.077508,0,1,1710975179
2024-03-14,0xb7a0b6322834014f95841e643dffa7bb9b9dc0ed,712,0xd565b4ce530a9720db5d030044acada55318c749,0.0,0.0,13800.59879,0,1,1710972587
2024-03-14,0xb7a0b6322834014f95841e643dffa7bb9b9dc0ed,718,0xe12dbb4320caa9035c5d104620aa7a0debcbd554,0.0,0.0,6728.485937,0,1,1710967629
2024-03-14,0xb7a0b6322834014f95841e643dffa7bb9b9dc0ed,764,0xdbd5d31b7f48adc13a0ab0c591f7e3d4f9642e69,0.0,0.0,6147.146031,0,1,1710958673
2024-03-14,0xb7a0b6322834014f95841e643dffa7bb9b9dc0ed,933,0x2067d095f4cacb434e921a2cf5b89a09dbf518a4,0.0,0.0,17185.960938,0,1,1710971503
2024-03-14,0xb7a0b6322834014f95841e643dffa7bb9b9dc0ed,1333,0x5cac4a6ff0c0c90053f0204e8caf1b707bc307e6,0.0,0.0,11394.217751,0,1,1710962371
2024-03-14,0xb7a0b6322834014f95841e643dffa7bb9b9dc0ed,1430,0xfb07d2bdef2deb1ebec001644b4732ab77281c7a,5325.4176,5325.4176,0.0,1,0,1710959807
2024-03-14,0xb7a0b6322834014f95841e643dffa7bb9b9dc0ed,1492,0x864de5bbaf4b8c808e94a8385b95b0855d170137,7591.157807,7591.157807,0.0,1,0,1710956747
2024-03-14,0xb7a0b6322834014f95841e643dffa7bb9b9dc0ed,1596,0xa943681cf687774c2d44aab6aeb7d8c701fb7cbb,0.0,0.0,6710.25609,0,1,1710971421
2024-03-14,0xb7a0b6322834014f95841e643dffa7bb9b9dc0ed,1876,0xfa01c614b923a3a6574719574ca4311e8a1ae08c,5218.808314,5218.808314,5218.808314,1,1,1710959611
2024-03-14,0xb7a0b6322834014f95841e643dffa7bb9b9dc0ed,1895,0xddc3244a5857a15d19dfc5ab66cf9565ac362f44,0.0,0.0,5711.801653,0,1,1710963369
2024-03-14,0xb7a0b6322834014f95841e643dffa7bb9b9dc0ed,2332,0xae69116e4aa49645f78c1fc9f28f677aede0d153,3627.929802,3627.929802,0.0,1,0,1710957871
2024-03-14,0xb7a0b6322834014f95841e643dffa7bb9b9dc0ed,2754,0x0c8ed58764f35866407620a1e6c15576b1309d5c,2712.563346,2712.563346,0.0,1,0,1710588631
2024-03-14,0xb7a0b6322834014f95841e643dffa7bb9b9dc0ed,3079,0x14ab9f431b7d25fcad366ec9511dce38e229745c,0.0,0.0,1876.428019,0,1,1710840825
2024-03-14,0xb7a0b6322834014f95841e643dffa7bb9b9dc0ed,3088,0x52aea2fa97a868e2f920b95c388da95e1bcf8c29,926.432512,926.432512,0.0,1,0,1710959143
2024-03-14,0xb7a0b6322834014f95841e643dffa7bb9b9dc0ed,3538,0x2908a0379cbafe2e8e523f735717447579fc3c37,0.0,0.0,641.388467,0,1,1710410509
2024-03-14,0xb7a0b6322834014f95841e643dffa7bb9b9dc0ed,4157,0x2908a0379cbafe2e8e523f735717447579fc3c37,0.0,0.0,366.742556,0,1,1710410487
2024-03-14,0xb7a0b6322834014f95841e643dffa7bb9b9dc0ed,4313,0x7bb9dccc97052ddef05141897fe8313fd4ad0418,615.267271,615.267271,0.0,1,0,1710974365
2024-03-14,0xb7a0b6322834014f95841e643dffa7bb9b9dc0ed,4555,0x99bf19dca2125b789cfe8a9609c1a217b4e5c918,257.315603,257.315603,0.0,1,0,1710736035
2024-03-14,0xb7a0b6322834014f95841e643dffa7bb9b9dc0ed,5457,0x8db7a537d8478df3c6d95ff33b4270342862957f,43.707996,43.707996,0.0,1,0,1710486579
2024-03-14,0xb7a0b6322834014f95841e643dffa7bb9b9dc0ed,6418,0xdbd5d31b7f48adc13a0ab0c591f7e3d4f9642e69,12511.894276,12511.894276,0.0,1,0,1710958513
2024-03-14,0xb7a0b6322834014f95841e643dffa7bb9b9dc0ed,7121,0x011b0a055e02425461a1ae95b30f483c4ff05be7,5945.251925,5945.251925,4941.964013,1,1,1710974045
2024-03-14,0xb7a0b6322834014f95841e643dffa7bb9b9dc0ed,7187,0x1b08bc49accb4fb813bc9cb7f3a1f7f93510010e,7561.364353,7561.364353,0.0,1,0,1710722615
2024-03-14,0xb7a0b6322834014f95841e643dffa7bb9b9dc0ed,8395,0x5181cdf1bb20da04ba788f82989f29e65b67314a,16754.062909,16754.062909,0.0,1,0,1710975309
2024-03-14,0xb7a0b6322834014f95841e643dffa7bb9b9dc0ed,8524,0x23d7c2fb9f163441874d72399b28d677f47020b0,32084.352064,32084.352064,0.0,1,0,1710955913
2024-03-14,0xb7a0b6322834014f95841e643dffa7bb9b9dc0ed,9747,0xdab85506424396fb090d84b64ad63b770d87c028,0.0,0.0,102030.208331,0,1,1710904743
2024-03-14,0xb7a0b6322834014f95841e643dffa7bb9b9dc0ed,9848,0xdbd141d31bf07efbbf17b4c3d8d4d0465ab2c871,482.441818,482.441818,0.0,1,0,1710455719
2024-03-14,0xb7a0b6322834014f95841e643dffa7bb9b9dc0ed,10252,0xdab85506424396fb090d84b64ad63b770d87c028,0.0,0.0,17541.704369,0,1,1710904763
2024-03-14,0xb7a0b6322834014f95841e643dffa7bb9b9dc0ed,11360,0x04490dc0f52a97ef2d6ea0c4d9edbcde8c8546cc,21276.965393,21276.965393,0.0,1,0,1710957241
2024-03-14,0xb905d9195019778cfbaa4e9ed90df3fc5871cd9a,8572,0x55d73f518584a10bc0c8ca78da1934fd599ed304,0.0,0.0,127.044733,0,1,1710401193
2024-03-14,0xbbf71aad6e1f8d180d3b1d898528654c1d18b2ff,6,0x28aa4f9ffe21365473b64c161b566c3cdead0108,2978589.602714,2978589.602714,2973538.998189,1,1,1710951197
2024-03-14,0xbbf71aad6e1f8d180d3b1d898528654c1d18b2ff,804,0x6637a365f2027f84cb69697b2e0f16f67253a1e8,0.0,0.0,21737.068067,0,1,1710538191
2024-03-14,0xbbf71aad6e1f8d180d3b1d898528654c1d18b2ff,1769,0x14b8ef1dcdbe3613a41d53a8cecbbab4c9617bd6,0.0,0.0,5301.847579,0,1,1710538003
2024-03-14,0xbbf71aad6e1f8d180d3b1d898528654c1d18b2ff,1771,0x1295c6d02137402a0799c6397a8161c2590805c2,0.0,0.0,5293.995143,0,1,1710524221
2024-03-14,0xbbf71aad6e1f8d180d3b1d898528654c1d18b2ff,2810,0xd59586b52f6f8c90c04c2b9718be7b2ac7d6cc61,0.0,0.0,2552.82296,0,1,1710957605
2024-03-14,0xbbf71aad6e1f8d180d3b1d898528654c1d18b2ff,4627,0xc0f4878e996ad68b2119bdfd3f4428c8d33f5fcf,0.0,0.0,469.009072,0,1,1710477155
2024-03-14,0xbbf71aad6e1f8d180d3b1d898528654c1d18b2ff,4775,0x878ac65152305b69b1f4e48df1ac21df31192aca,0.0,0.0,431.537424,0,1,1710403887
2024-03-14,0xbbf71aad6e1f8d180d3b1d898528654c1d18b2ff,4848,0xcb920fe760aed2b93b9925ee40fe124798304daf,0.0,0.0,417.175829,0,1,1710404293
2024-03-14,0xbbf71aad6e1f8d180d3b1d898528654c1d18b2ff,4906,0x05f78c7f3e79c3a6c453d188b013e3812e52cabb,0.0,0.0,410.478796,0,1,1710404451
2024-03-14,0xbbf71aad6e1f8d180d3b1d898528654c1d18b2ff,4916,0x9b681730a8ae661d0f0cbb5b6375380f10b0befd,0.0,0.0,409.791381,0,1,1710404617
2024-03-14,0xbbf71aad6e1f8d180d3b1d898528654c1d18b2ff,6777,0xee6c29d19ac7f94a2d100a9a6bac8491d1c5bad8,1140.342814,1140.342814,1146.855299,1,1,1710454785
2024-03-14,0xbbf71aad6e1f8d180d3b1d898528654c1d18b2ff,7147,0x2e514978a84227d04625d560da4d33f09343d122,2.649772,2.649772,1.507566,1,1,1710776859
2024-03-14,0xbbf71aad6e1f8d180d3b1d898528654c1d18b2ff,7857,0x4886ba5d2b3e0ae1e80172d3bddc4feb32e1ce26,1.743442,1.743442,4.258749,1,1,1710822803
2024-03-14,0xbbf71aad6e1f8d180d3b1d898528654c1d18b2ff,11107,0x9445e93057f3f5e3452ce50fc867b22a48b4d82a,1636.667522,1636.667522,1339.814776,1,1,1710920219
2024-03-14,0xbbf71aad6e1f8d180d3b1d898528654c1d18b2ff,12303,0x0b0811d3d8342063db74b45a4344cdbee6389bdb,0.950296,0.950296,0.0,1,0,1710645871
2024-03-14,0xbbf71aad6e1f8d180d3b1d898528654c1d18b2ff,13305,0x4614b16551a21f7e29b57a4f8a8a4b63579d3cf4,0.852884,0.852884,0.0,1,0,1710621763
2024-03-14,0xbbf71aad6e1f8d180d3b1d898528654c1d18b2ff,13480,0x3acbc3038505d0809fddef5e6d632435ee498f4c,9.860659,9.860659,0.0,1,0,1710860979
2024-03-14,0xc3b5ac236fb5abe245310feca2526f89667d4cae,6200,0xb9149fa8a1458cc4d9a1ca86ee2db356b17f8b05,0.0,0.0,351.99126,0,1,1710974133
2024-03-14,0xc7b02362e09239f9a78d7d4ff972962760daf06b,1828,0x13fc2b8032228af0917f22bd1c3b7d2704b4d630,8260.67366,8260.67366,0.0,1,0,1710973487
2024-03-14,0xc7b02362e09239f9a78d7d4ff972962760daf06b,12444,0xde556dd8c552429758b4915fd2323d2075e30bf0,0.0,0.0,7.5665,0,1,1710411947
2024-03-14,0xc90e88d30b99442b6994915f3b146ce3d55982d9,68,0x132e47cf2c19ec2d8dd56e1528fc7e18dc09188f,684367.945005,684367.945005,0.0,1,0,1710955935
2024-03-14,0xc90e88d30b99442b6994915f3b146ce3d55982d9,76,0x0578fe63a40dd249b853487dae3c9eb01957628e,1031995.126921,1031995.126921,0.0,1,0,1710948095
2024-03-14,0xc90e88d30b99442b6994915f3b146ce3d55982d9,112,0x5c965d2f24e8fc49146575b039fbda4033d3cf94,1422920.913316,1422920.913316,0.0,1,0,1710947903
2024-03-14,0xc90e88d30b99442b6994915f3b146ce3d55982d9,137,0xa4b6eeeb7eba0fc360a7402f2ebe90c178115e91,1233584.240227,1233584.240227,0.0,1,0,1710948663
2024-03-14,0xc90e88d30b99442b6994915f3b146ce3d55982d9,185,0x5952bab55191f8a815ccd8ba4945f7a09ef5def7,1439321.283603,1439321.283603,0.0,1,0,1710947797
2024-03-14,0xc90e88d30b99442b6994915f3b146ce3d55982d9,190,0x48d18a882b0be145606a11fce6f8a301256b93fa,21686.803774,21686.803774,0.0,1,0,1710946971
2024-03-14,0xc90e88d30b99442b6994915f3b146ce3d55982d9,200,0x84740d1658462441250885423588b6fd12314747,194578.827877,194578.827877,0.0,1,0,1710948629
2024-03-14,0xc90e88d30b99442b6994915f3b146ce3d55982d9,222,0x9f02988adb650e55cc5eb5619c383fd223848bb5,172660.631525,172660.631525,0.0,1,0,1710948185
2024-03-14,0xc90e88d30b99442b6994915f3b146ce3d55982d9,252,0x310a3cea42f93d55584c4361565aa0994912ff0d,143848.032702,143848.032702,0.0,1,0,1710960307
2024-03-14,0xc90e88d30b99442b6994915f3b146ce3d55982d9,286,0xb33cd827dd59c090e71899bfca31f81f4b189ddb,46785.895176,46785.895176,0.0,1,0,1710962077
2024-03-14,0xc90e88d30b99442b6994915f3b146ce3d55982d9,335,0x582c34536d7f4a2a5d96118d5d80ba3000c6b5af,90965.663925,90965.663925,0.0,1,0,1710944607
2024-03-14,0xc90e88d30b99442b6994915f3b146ce3d55982d9,397,0xf7e86d00ae14a8104dc7606e2524ff412fd3e137,33972.901413,33972.901413,0.0,1,0,1710953945
2024-03-14,0xc90e88d30b99442b6994915f3b146ce3d55982d9,460,0x66fbb1cd0a879388005ea9e17c2d951c11334a9c,52118.706206,52118.706206,0.0,1,0,1710947497
2024-03-14,0xc90e88d30b99442b6994915f3b146ce3d55982d9,489,0x88ee8692adfc54798c2190c1e68612f75ab15618,53534.314495,107081.698779,53547.384284,2,1,1710974807
2024-03-14,0xc90e88d30b99442b6994915f3b146ce3d55982d9,536,0xf6ed81d5e9f61dd1ea21e96ae1d660ecc388ae4f,12458.371615,12458.371615,0.0,1,0,1710962145
2024-03-14,0xc90e88d30b99442b6994915f3b146ce3d55982d9,545,0x9770e942e19aeb9fc935980ceb5ec81c10b1d030,40999.746165,40999.746165,0.0,1,0,1710947587
2024-03-14,0xc90e88d30b99442b6994915f3b146ce3d55982d9,748,0x5805641e589cf538004a0ccfc31a57ac1ba2cb02,12727.407626,12727.407626,0.0,1,0,1710975263
2024-03-14,0xc90e88d30b99442b6994915f3b146ce3d55982d9,764,0xdbd5d31b7f48adc13a0ab0c591f7e3d4f9642e69,8374.318401,8374.318401,0.0,1,0,1710958673
2024-03-14,0xc90e88d30b99442b6994915f3b146ce3d55982d9,801,0x2c9c3050b242df683c5db26a0c5874c938e06b8f,22482.282475,22482.282475,0.0,1,0,1710945717
2024-03-14,0xc90e88d30b99442b6994915f3b146ce3d55982d9,811,0xadc1d13acf57ea12cdf14679177fd669221adf2c,5790.302184,5790.302184,0.0,1,0,1710956231
2024-03-14,0xc90e88d30b99442b6994915f3b146ce3d55982d9,824,0x0e80b8ea35ed0d15689a6372940619a5a99588bb,21360.633972,21360.633972,0.0,1,0,1710955625
2024-03-14,0xc90e88d30b99442b6994915f3b146ce3d55982d9,864,0xdc7434d709bdbf483ed74989eae91c17b7ce1a33,9679.543218,9679.543218,0.0,1,0,1710958649
2024-03-14,0xc90e88d30b99442b6994915f3b146ce3d55982d9,1019,0x8a0454b05a952c572619935ed46b6d8d0aa97a76,2904.661621,2904.661621,0.0,1,0,1710965633
2024-03-14,0xc90e88d30b99442b6994915f3b146ce3d55982d9,1211,0x1d5faae928712c3db5543dc887c996e06e54cc0b,10716.963477,10716.963477,0.0,1,0,1710950653
2024-03-14,0xc90e88d30b99442b6994915f3b146ce3d55982d9,1218,0x86e21992a439fe4f1149969f3fbf1d80897b8766,12652.491031,12652.491031,0.0,1,0,1710956429
2024-03-14,0xc90e88d30b99442b6994915f3b146ce3d55982d9,1463,0xe941eb810651e784a2da10b37d4d94b33d245de2,7867.065095,7867.065095,0.0,1,0,1710948487
2024-03-14,0xc90e88d30b99442b6994915f3b146ce3d55982d9,1473,0xb1b4d2c37c3d76eae8c47747de1d7dc782684849,7825.416742,7825.416742,0.0,1,0,1710961769
2024-03-14,0xc90e88d30b99442b6994915f3b146ce3d55982d9,1491,0xd608fb109124da6d3e8eca45d789ecaf8641ea77,7588.38754,7588.38754,0.0,1,0,1710946309
2024-03-14,0xc90e88d30b99442b6994915f3b146ce3d55982d9,1572,0xdca65df4a8f80fa3a8a10ec11c9ebccbce3e5bba,6931.87669,6931.87669,0.0,1,0,1710944323
2024-03-14,0xc90e88d30b99442b6994915f3b146ce3d55982d9,1581,0xce06012ccf4b9648710b6d624c09e11cb780e93c,6862.536744,6862.536744,0.0,1,0,1710942367
2024-03-14,0xc90e88d30b99442b6994915f3b146ce3d55982d9,1585,0x6f7e3d13f1dc8077892749322eeb8b39ff7b0917,6841.727812,6841.727812,0.0,1,0,1710942195
2024-03-14,0xc90e88d30b99442b6994915f3b146ce3d55982d9,1586,0x446925b8fa3ce7072a6f389df46150978da748fb,6813.647925,6813.647925,0.0,1,0,1710941753
2024-03-14,0xc90e88d30b99442b6994915f3b146ce3d55982d9,1589,0x814b453a15806ca1b7eab9de64658f062463ae4b,6814.934138,6814.934138,0.0,1,0,1710942291
2024-03-14,0xc90e88d30b99442b6994915f3b146ce3d55982d9,1592,0xdbdf70689cb64b096c5291843936c56731e8240b,6801.914013,6801.914013,0.0,1,0,1710955871
2024-03-14,0xc90e88d30b99442b6994915f3b146ce3d55982d9,1618,0x8b478359b5593747473e67f78b1f0048c1c523ed,28022.469394,28022.469394,0.0,1,0,1710940693
2024-03-14,0xc90e88d30b99442b6994915f3b146ce3d55982d9,1653,0x90aa5c7a67081409d0b826facd34600463778a48,6406.630139,6406.630139,0.0,1,0,1710947389
2024-03-14,0xc90e88d30b99442b6994915f3b146ce3d55982d9,1775,0xf22862b5c8d5a17a68536521e0c82c5387bd65af,11035.113712,11035.113712,0.0,1,0,1710948675
2024-03-14,0xc90e88d30b99442b6994915f3b146ce3d55982d9,1815,0xc2c35b30bb2a0fc88d02fff39c4fcab37b7b44bf,7205.3938,7205.3938,0.0,1,0,1710947827
2024-03-14,0xc90e88d30b99442b6994915f3b146ce3d55982d9,1937,0x9f05a7a5d012321d06a501a671ce3ae85bcd551f,4574.667904,4574.667904,0.0,1,0,1710960137
2024-03-14,0xc90e88d30b99442b6994915f3b146ce3d55982d9,2071,0x078b8ff955e3cf77550bf2f2edfc0aacbc29adc6,4396.249973,4396.249973,0.0,1,0,1710943589
2024-03-14,0xc90e88d30b99442b6994915f3b146ce3d55982d9,2210,0x9f05a7a5d012321d06a501a671ce3ae85bcd551f,3874.215199,3874.215199,0.0,1,0,1710960131
2024-03-14,0xc90e88d30b99442b6994915f3b146ce3d55982d9,2214,0xbf4101e500419cd28c662adadad14eda897729ac,3985.378973,3985.378973,0.0,1,0,1710945667
2024-03-14,0xc90e88d30b99442b6994915f3b146ce3d55982d9,2377,0xc8b02bd12705f1cf4ee78dae82557919c8733dc4,4899.235532,4899.235532,0.0,1,0,1710941635
2024-03-14,0xc90e88d30b99442b6994915f3b146ce3d55982d9,2400,0x934c44b813dc4c9ca08d5fd0d5190447dcadeb51,3438.776398,3438.776398,0.0,1,0,1710941669
2024-03-14,0xc90e88d30b99442b6994915f3b146ce3d55982d9,2408,0x4a23bccf39a5ca0e3cfdd67d74cba3f380eca38f,3434.274683,3434.274683,0.0,1,0,1710941855
2024-03-14,0xc90e88d30b99442b6994915f3b146ce3d55982d9,2435,0x61f12ea36c822a30eef51941368ad8f54cf372a0,3428.625601,3428.625601,0.0,1,0,1710942119
2024-03-14,0xc90e88d30b99442b6994915f3b146ce3d55982d9,2443,0x6c478ceb0c323eacbbac0bc3aca176d1c7c7e9a4,3414.89932,3414.89932,0.0,1,0,1710941975
2024-03-14,0xc90e88d30b99442b6994915f3b146ce3d55982d9,2562,0x70ad26c087ab0650b3e84cd42fb220e1c45b8f51,3234.551262,3234.551262,0.0,1,0,1710953949
2024-03-14,0xc90e88d30b99442b6994915f3b146ce3d55982d9,2834,0x0d758753c03d7bda04b3dadb62a3df9c2e863da1,3004.669705,3004.669705,0.0,1,0,1710955721
2024-03-14,0xc90e88d30b99442b6994915f3b146ce3d55982d9,2959,0xd0c218b477a000aa75f618c1793bfa9198bab7d0,2236.971315,2236.971315,0.0,1,0,1710943835
2024-03-14,0xc90e88d30b99442b6994915f3b146ce3d55982d9,3047,0xbee2d469aacb46251ae33cca91f482e26c971dff,1208.234711,1208.234711,0.0,1,0,1710969903
2024-03-14,0xc90e88d30b99442b6994915f3b146ce3d55982d9,3266,0x7b329c7feffadc2217d9745e6e4cd28aa5434363,1657.217083,1657.217083,0.0,1,0,1710947601
2024-03-14,0xc90e88d30b99442b6994915f3b146ce3d55982d9,3342,0x887f9c24363b19a97bac67f8b35dfbe1d91bf16a,1585.586204,1585.586204,0.0,1,0,1710943167
2024-03-14,0xc90e88d30b99442b6994915f3b146ce3d55982d9,3394,0xbf11833461348bcf5217c38e52920a55cb589168,1446.264196,1446.264196,0.0,1,0,1710947927
2024-03-14,0xc90e88d30b99442b6994915f3b146ce3d55982d9,4345,0xe435a96ed45cef434f78efc1a65b5bdf8f584f7f,1417.932032,1417.932032,0.0,1,0,1710961289
2024-03-14,0xc90e88d30b99442b6994915f3b146ce3d55982d9,5605,0x2b0d2cbcc667631afca6d50dc20a6cc23d9b08e4,368.753563,368.753563,0.0,1,0,1710944631
2024-03-14,0xc90e88d30b99442b6994915f3b146ce3d55982d9,8347,0x0578fe63a40dd249b853487dae3c9eb01957628e,37037.774623,37037.774623,0.0,1,0,1710948105
2024-03-14,0xc90e88d30b99442b6994915f3b146ce3d55982d9,8460,0xd77d800e235f2bf44e57e3f5caea9770ed76886d,42249.568699,42249.568699,0.0,1,0,1710947295
2024-03-14,0xc90e88d30b99442b6994915f3b146ce3d55982d9,9269,0x12dad3425d0ec383ebd9e86139a103ce119aa0b2,46577.629417,46577.629417,0.0,1,0,1710946659
2024-03-14,0xc90e88d30b99442b6994915f3b146ce3d55982d9,9300,0xb33cd827dd59c090e71899bfca31f81f4b189ddb,11491.72777,11491.72777,0.0,1,0,1710962113
2024-03-14,0xc90e88d30b99442b6994915f3b146ce3d55982d9,9762,0x981720fb00bf4bc7754b02e998df1b3d9fe4ff92,8173.231937,8173.231937,0.0,1,0,1710946261
2024-03-14,0xc90e88d30b99442b6994915f3b146ce3d55982d9,9898,0xb33cd827dd59c090e71899bfca31f81f4b189ddb,34640.658803,34640.658803,0.0,1,0,1710962147
2024-03-14,0xc90e88d30b99442b6994915f3b146ce3d55982d9,9969,0x166c794d890dd91bbe71f304eca660e1c4892cbb,7791.039729,7791.039729,0.0,1,0,1710954227
2024-03-14,0xc90e88d30b99442b6994915f3b146ce3d55982d9,10294,0x48a6a8d403a58eccc70d4d57347f801d4e182564,5166471.717481,5166471.717481,0.0,1,0,1710962043
2024-03-14,0xc90e88d30b99442b6994915f3b146ce3d55982d9,10482,0xd5ae574275450148e40e3c5c3d688df7d02c4228,3732.711452,3732.711452,0.0,1,0,1710947577
2024-03-14,0xc90e88d30b99442b6994915f3b146ce3d55982d9,10694,0x04490dc0f52a97ef2d6ea0c4d9edbcde8c8546cc,72542.169686,72542.169686,0.0,1,0,1710943389
2024-03-14,0xc90e88d30b99442b6994915f3b146ce3d55982d9,10833,0x35dca3c52e4e8766fe9dae7082e4337e203b9556,2350.92426,2350.92426,0.0,1,0,1710946937
2024-03-14,0xc90e88d30b99442b6994915f3b146ce3d55982d9,10909,0xe79a3cd39dc76cd97ace0a665edf9ec3f19af42c,6718.153224,6718.153224,0.0,1,0,1710942883
2024-03-14,0xc90e88d30b99442b6994915f3b146ce3d55982d9,10982,0x981720fb00bf4bc7754b02e998df1b3d9fe4ff92,7233.760403,7233.760403,0.0,1,0,1710946291
2024-03-14,0xc90e88d30b99442b6994915f3b146ce3d55982d9,10983,0x35dca3c52e4e8766fe9dae7082e4337e203b9556,23444.796531,23444.796531,0.0,1,0,1710946897
2024-03-14,0xc90e88d30b99442b6994915f3b146ce3d55982d9,10995,0x6634a2866c1a1a1c3570353ded9ab63333acb2b8,4699.171624,4699.171624,0.0,1,0,1710943417
2024-03-14,0xc90e88d30b99442b6994915f3b146ce3d55982d9,11221,0xa92aecf166253ee71b7f805ee6783ba5417e4aa4,21846.322019,21846.322019,0.0,1,0,1710947613
2024-03-14,0xc90e88d30b99442b6994915f3b146ce3d55982d9,11267,0xbd584812c7aaeb901e8424725065cb0716b9264f,1582.522827,1582.522827,0.0,1,0,1710943465
2024-03-14,0xc90e88d30b99442b6994915f3b146ce3d55982d9,11371,0x623607bdf98e37163f93171c0b0d359880d1e1d0,286964.828747,286964.828747,0.0,1,0,1710957075
2024-03-14,0xc90e88d30b99442b6994915f3b146ce3d55982d9,11773,0x0f9cf9e33d5ae2a215be8579b6fd3fa419e418b0,44.840014,44.840014,0.0,1,0,1710947585
2024-03-14,0xc90e88d30b99442b6994915f3b146ce3d55982d9,11816,0x04490dc0f52a97ef2d6ea0c4d9edbcde8c8546cc,7706.058864,7706.058864,0.0,1,0,1710943113
2024-03-14,0xc90e88d30b99442b6994915f3b146ce3d55982d9,11884,0x1abfa3d823f9f8d85af33622046d3b7f66262670,1090.557949,1090.557949,0.0,1,0,1710955957
2024-03-14,0xc90e88d30b99442b6994915f3b146ce3d55982d9,12107,0x8db743ecf3813f7bc8f142d654ae8012efaa3481,29182.788517,29182.788517,0.0,1,0,1710948921
2024-03-14,0xc90e88d30b99442b6994915f3b146ce3d55982d9,13500,0xa817e0676b2eaf46b49e5199dafa224b867e0ba0,864.0,864.0,0.0,1,0,1710947497
2024-03-14,0xc90e88d30b99442b6994915f3b146ce3d55982d9,13545,0xb8be375f7ac305dd9f09a623ca16aa7d3b0d9f26,2952.0,2952.0,0.0,1,0,1710946079
2024-03-14,0xc95582235d8905ea7dac517286bec72f653fa24b,24,0x208a17c5fabe5b90282e5906945ff335e39326c4,0.0,0.0,18742.607868,0,1,1710956157
2024-03-14,0xc95582235d8905ea7dac517286bec72f653fa24b,47,0x011b0a055e02425461a1ae95b30f483c4ff05be7,73611.132105,73611.132105,0.0,1,0,1710974017
2024-03-14,0xc95582235d8905ea7dac517286bec72f653fa24b,51,0x0f228805c03a693aa964a791e0b2e2c6e6c6513f,88792.037961,88792.037961,0.0,1,0,1710968507
2024-03-14,0xc95582235d8905ea7dac517286bec72f653fa24b,55,0x285fed35cbea271a711681e84ffd83c68a596a75,114467.002233,114467.002233,0.0,1,0,1710965869
2024-03-14,0xc95582235d8905ea7dac517286bec72f653fa24b,67,0x8ce17ff2c7376e9adfe9c63c47a801097fa6c525,111171.957679,111171.957679,0.0,1,0,1710973841
2024-03-14,0xc95582235d8905ea7dac517286bec72f653fa24b,105,0x208a17c5fabe5b90282e5906945ff335e39326c4,0.0,0.0,132731.693241,0,1,1710956111
2024-03-14,0xc95582235d8905ea7dac517286bec72f653fa24b,158,0xd3f179ba57411ad5d2ddb5f334215cdfba134d20,89046.3908,89046.3908,0.0,1,0,1710975281
2024-03-14,0xc95582235d8905ea7dac517286bec72f653fa24b,163,0x7ed7888f3bf70ed07f94fd7381d39476928331f7,141421.74099,141421.74099,0.0,1,0,1710964779
2024-03-14,0xc95582235d8905ea7dac517286bec72f653fa24b,170,0xbe6695fb4c6fed0385568a3dd1873746054ed958,37582.817662,37582.817662,0.0,1,0,1710964413
2024-03-14,0xc95582235d8905ea7dac517286bec72f653fa24b,271,0x791437cc4fa77c534b8b55d0cc6f06c9cab5ebb5,127071.203846,127071.203846,0.0,1,0,1710967273
2024-03-14,0xc95582235d8905ea7dac517286bec72f653fa24b,341,0xb1d47d39c3bb868e5e4be068b7057d4caad0b31c,40052.239175,40052.239175,0.0,1,0,1710968609
2024-03-14,0xc95582235d8905ea7dac517286bec72f653fa24b,346,0x2b26da567c2a8c220daf91be8e37a429d33aef0b,92704.608062,92704.608062,0.0,1,0,1710966803
2024-03-14,0xc95582235d8905ea7dac517286bec72f653fa24b,379,0xc32053db3de17c5e6845d35dbd4ebb860fe265d9,0.0,0.0,227317.501309,0,1,1710956271
2024-03-14,0xc95582235d8905ea7dac517286bec72f653fa24b,593,0xd3f179ba57411ad5d2ddb5f334215cdfba134d20,18627.819713,18627.819713,0.0,1,0,1710975281
2024-03-14,0xc95582235d8905ea7dac517286bec72f653fa24b,780,0xc4b4691d8c9194e9f98e2609e6f8481ba713dd2a,23564.715282,23564.715282,0.0,1,0,1710968533
2024-03-14,0xc95582235d8905ea7dac517286bec72f653fa24b,1222,0xfe22484158c747ccc0652d6f408b8a0547a59938,10875.415453,10875.415453,0.0,1,0,1710973335
2024-03-14,0xc95582235d8905ea7dac517286bec72f653fa24b,1857,0xf7c8a4a99ba34b4744d08999dd017b5faa4d3378,4933.24767,4933.24767,0.0,1,0,1710965905
2024-03-14,0xc95582235d8905ea7dac517286bec72f653fa24b,2241,0x3747620be079f042cbcea3c724e726ca2fdd9cc1,3766.067786,3766.067786,0.0,1,0,1710965573
2024-03-14,0xc95582235d8905ea7dac517286bec72f653fa24b,2266,0xb00f8b601558243c9abcddabd54ea17f70471b8e,8330.516946,8330.516946,0.0,1,0,1710963993
2024-03-14,0xc95582235d8905ea7dac517286bec72f653fa24b,2362,0xbaa9b493bccbe1a900b39870980f41356f85822a,6538.909929,6538.909929,0.0,1,0,1710963125
2024-03-14,0xc95582235d8905ea7dac517286bec72f653fa24b,2410,0x823b8c5fa9d5b19649434dda4ee042ba94e7159e,692.234674,692.234674,0.0,1,0,1710966467
2024-03-14,0xc95582235d8905ea7dac517286bec72f653fa24b,3269,0x60a299bc654ec399373fa377b482321a90220051,1667.895736,1667.895736,0.0,1,0,1710964755
2024-03-14,0xc95582235d8905ea7dac517286bec72f653fa24b,4195,0x25a67a5f1f3125dd24e59289e82e890fcabe796c,709.62894,709.62894,0.0,1,0,1710966607
2024-03-14,0xc95582235d8905ea7dac517286bec72f653fa24b,4231,0x633f6bb51b30aed1fec4625774919eca9f5aa55e,691.196894,691.196894,0.0,1,0,1710966591
2024-03-14,0xc95582235d8905ea7dac517286bec72f653fa24b,7121,0x011b0a055e02425461a1ae95b30f483c4ff05be7,22294.69472,22294.69472,0.0,1,0,1710974045
2024-03-14,0xc95582235d8905ea7dac517286bec72f653fa24b,9954,0x7d374fe73fd8358a93c53e978477f7ba4129be0c,18961.713057,18961.713057,0.0,1,0,1710963979
2024-03-14,0xc95582235d8905ea7dac517286bec72f653fa24b,10002,0x285fed35cbea271a711681e84ffd83c68a596a75,29090.865995,29090.865995,0.0,1,0,1710965999
2024-03-14,0xc95582235d8905ea7dac517286bec72f653fa24b,10294,0x48a6a8d403a58eccc70d4d57347f801d4e182564,0.0,0.0,1001645.889833,0,1,1710962043
2024-03-14,0xc95582235d8905ea7dac517286bec72f653fa24b,11104,0xc2edb9c398e1d632ad81647a26254c33801685df,0.0,0.0,10365.938083,0,1,1710905463
2024-03-14,0xc95582235d8905ea7dac517286bec72f653fa24b,12120,0x36829dc8b53fda4b7cd8824117ec4de24db01159,140651.600127,140651.600127,128660.133407,1,1,1710910989
2024-03-14,0xcaedc2561356b6a01a94e3c0438011459e91fbb9,47,0x011b0a055e02425461a1ae95b30f483c4ff05be7,0.0,0.0,80834.94584,0,1,1710974017
2024-03-14,0xcaedc2561356b6a01a94e3c0438011459e91fbb9,52,0x28878aec6b4209d90a40890183e3322f0ae5b2e2,0.0,0.0,276666.548212,0,1,1710967279
2024-03-14,0xcaedc2561356b6a01a94e3c0438011459e91fbb9,55,0x285fed35cbea271a711681e84ffd83c68a596a75,0.0,0.0,844854.122897,0,1,1710965869
2024-03-14,0xcaedc2561356b6a01a94e3c0438011459e91fbb9,57,0x72d4d59f31d0cb4a4213a5dc81fc0108241ecc71,0.0,0.0,439111.266261,0,1,1710962531
2024-03-14,0xcaedc2561356b6a01a94e3c0438011459e91fbb9,62,0xdbd5d31b7f48adc13a0ab0c591f7e3d4f9642e69,0.0,0.0,324520.750889,0,1,1710959895
2024-03-14,0xcaedc2561356b6a01a94e3c0438011459e91fbb9,64,0xf1010ee787ee588766b441d7cc397b40ddfb17a3,300020.143225,300020.143225,0.0,1,0,1710894135
2024-03-14,0xcaedc2561356b6a01a94e3c0438011459e91fbb9,68,0x132e47cf2c19ec2d8dd56e1528fc7e18dc09188f,0.0,0.0,357326.101414,0,1,1710955935
2024-03-14,0xcaedc2561356b6a01a94e3c0438011459e91fbb9,71,0x2c84278aa407886b277bbd96ccf3c0e31a3f8ffd,0.0,0.0,998686.520774,0,1,1710975493
2024-03-14,0xcaedc2561356b6a01a94e3c0438011459e91fbb9,77,0x03da151f75b533177f020b925d7c43f4081ef3c8,0.0,0.0,219629.06308,0,1,1710975329
2024-03-14,0xcaedc2561356b6a01a94e3c0438011459e91fbb9,80,0x34f543a73dcb1a4bcbae71e5dd41fcc1b5c17bf7,0.0,0.0,421346.917548,0,1,1710910099
2024-03-14,0xcaedc2561356b6a01a94e3c0438011459e91fbb9,100,0x133d93566f9699b3af46fe150daa8a67a9563ed6,0.0,0.0,597241.004989,0,1,1710889557
2024-03-14,0xcaedc2561356b6a01a94e3c0438011459e91fbb9,103,0x1c2ed7a6c4e3c1146103fa222181115a72243a06,0.0,0.0,56085.466229,0,1,1710975299
2024-03-14,0xcaedc2561356b6a01a94e3c0438011459e91fbb9,113,0xfa9e221a7af006531a816e98792a3e4b22a01461,97217.952992,97217.952992,121316.383382,1,1,1710948815
2024-03-14,0xcaedc2561356b6a01a94e3c0438011459e91fbb9,124,0x5d6f3d0c92d0564151357b0863e55e9ed4631b8d,0.0,0.0,88669.012324,0,1,1710970541
2024-03-14,0xcaedc2561356b6a01a94e3c0438011459e91fbb9,131,0x9f0f8f07ec71a6435f1574ec022e98b5445d4988,0.0,0.0,409818.488057,0,1,1710943441
2024-03-14,0xcaedc2561356b6a01a94e3c0438011459e91fbb9,139,0xa04275c10f39e8675a34e147e2ef78d35129f2b6,0.0,0.0,312028.072939,0,1,1710975293
2024-03-14,0xcaedc2561356b6a01a94e3c0438011459e91fbb9,147,0xe3f0254b09aec48ffa46f9eee5a3bc7a8e510e6d,85595.804935,85595.804935,0.0,1,0,1710894223
2024-03-14,0xcaedc2561356b6a01a94e3c0438011459e91fbb9,162,0xfa9e221a7af006531a816e98792a3e4b22a01461,28766.531482,28766.531482,71794.384769,1,1,1710948969
2024-03-14,0xcaedc2561356b6a01a94e3c0438011459e91fbb9,167,0x5d29b68aafb22c491977eacf7dfb1661d2832555,0.0,0.0,522592.383063,0,1,1710975489
2024-03-14,0xcaedc2561356b6a01a94e3c0438011459e91fbb9,195,0x302757fe1990e6558e03d05036bb88c3129a22c8,42228.823426,42228.823426,84314.437405,1,1,1710965569
2024-03-14,0xcaedc2561356b6a01a94e3c0438011459e91fbb9,204,0x3aee7d5600c29ee7e4482c810746081313460738,0.0,0.0,48540.940443,0,1,1710974241
2024-03-14,0xcaedc2561356b6a01a94e3c0438011459e91fbb9,224,0x4920a95670b6282951813a94d9066a730d315df3,0.0,0.0,169532.606653,0,1,1710973183
2024-03-14,0xcaedc2561356b6a01a94e3c0438011459e91fbb9,231,0xc82335bbdc978ce2e1f1c6c4f9e5bb2270bb2af1,0.0,0.0,160532.787996,0,1,1710975175
2024-03-14,0xcaedc2561356b6a01a94e3c0438011459e91fbb9,266,0x06b7d6d629e0913dd6e08eaeab07f7712e800f1e,0.0,0.0,174940.487397,0,1,1710974541
2024-03-14,0xcaedc2561356b6a01a94e3c0438011459e91fbb9,289,0x95b05f935655c37ada2088c5767e5006f230b068,0.0,0.0,11691.964387,0,1,1710975155
2024-03-14,0xcaedc2561356b6a01a94e3c0438011459e91fbb9,295,0xdbd5d31b7f48adc13a0ab0c591f7e3d4f9642e69,0.0,0.0,85270.86192,0,1,1710958809
2024-03-14,0xcaedc2561356b6a01a94e3c0438011459e91fbb9,421,0xee9a23404333361302790e905bd0f27603d39818,0.0,0.0,63067.035263,0,1,1710943213
2024-03-14,0xcaedc2561356b6a01a94e3c0438011459e91fbb9,448,0xfad576ebc93a47031ba895064405f8a04b6e96fc,0.0,0.0,55574.872686,0,1,1710975349
2024-03-14,0xcaedc2561356b6a01a94e3c0438011459e91fbb9,460,0x66fbb1cd0a879388005ea9e17c2d951c11334a9c,0.0,0.0,51944.83636,0,1,1710947497
2024-03-14,0xcaedc2561356b6a01a94e3c0438011459e91fbb9,466,0xdf2e0a3c668379e1b25901b3f719ebfd00f0bfbd,0.0,0.0,54824.286931,0,1,1710974083
2024-03-14,0xcaedc2561356b6a01a94e3c0438011459e91fbb9,485,0x5f3df357144f748d7d53f30719a6e4040e2c7d04,0.0,0.0,47017.18262,0,1,1710931507
2024-03-14,0xcaedc2561356b6a01a94e3c0438011459e91fbb9,536,0xf6ed81d5e9f61dd1ea21e96ae1d660ecc388ae4f,0.0,0.0,8291.497832,0,1,1710962145
2024-03-14,0xcaedc2561356b6a01a94e3c0438011459e91fbb9,553,0xdaa070d909e010211606144ede5b2ca6864c2c1c,13082.96249,13082.96249,12979.327844,1,1,1710443195
2024-03-14,0xcaedc2561356b6a01a94e3c0438011459e91fbb9,711,0x74e8beb278dc75d26d5918ae83bf85b58c82d3fb,0.0,0.0,28874.566124,0,1,1710462191
2024-03-14,0xcaedc2561356b6a01a94e3c0438011459e91fbb9,798,0x6a018ad51de844243ce7fb743c3e5f4481df6858,11301.998047,11301.998047,11282.833969,1,1,1710934299
2024-03-14,0xcaedc2561356b6a01a94e3c0438011459e91fbb9,801,0x2c9c3050b242df683c5db26a0c5874c938e06b8f,0.0,0.0,22444.160701,0,1,1710945717
2024-03-14,0xcaedc2561356b6a01a94e3c0438011459e91fbb9,829,0x3055f3cd374cf5b49c5deb05c1cb7389635e41a4,0.0,0.0,21006.214724,0,1,1710938445
2024-03-14,0xcaedc2561356b6a01a94e3c0438011459e91fbb9,946,0x4523b791292da89a9194b61ba4cd9d98f2af68e0,0.0,0.0,8447.369068,0,1,1710913697
2024-03-14,0xcaedc2561356b6a01a94e3c0438011459e91fbb9,1059,0x9ee4045c35514119a289ef08b27d448f11599cb8,0.0,0.0,25415.801918,0,1,1710956113
2024-03-14,0xcaedc2561356b6a01a94e3c0438011459e91fbb9,1363,0x43d16ccd581e1d6a8d51768f75ddf09b79f4f856,0.0,0.0,3097.403028,0,1,1710971463
2024-03-14,0xcaedc2561356b6a01a94e3c0438011459e91fbb9,1469,0x8fc4faa9dd274dc801ca629234e83183031634ec,0.0,0.0,2034.235495,0,1,1710924943
2024-03-14,0xcaedc2561356b6a01a94e3c0438011459e91fbb9,1614,0xa455c79ad2e6b2c64372886661de7a2ed0254d75,0.0,8852.617222,17617.926426,1,2,1710971751
2024-03-14,0xcaedc2561356b6a01a94e3c0438011459e91fbb9,1628,0xa80798cfc94f1010267da78c6b4e57abd7bd33ca,0.0,0.0,6465.32644,0,1,1710400843
2024-03-14,0xcaedc2561356b6a01a94e3c0438011459e91fbb9,1802,0xaf5b16f740bed90af42df6c28e5cd79458c102f1,0.0,0.0,6257.711476,0,1,1710971275
2024-03-14,0xcaedc2561356b6a01a94e3c0438011459e91fbb9,1840,0x20a75d13cc7e7bde1534252f06a4578de8d70953,0.0,0.0,4665.953715,0,1,1710972817
2024-03-14,0xcaedc2561356b6a01a94e3c0438011459e91fbb9,1979,0x3e97b8da1e88c8a318069a8b35dff8a7b20df636,0.0,0.0,4396.802923,0,1,1710471827
2024-03-14,0xcaedc2561356b6a01a94e3c0438011459e91fbb9,2362,0xbaa9b493bccbe1a900b39870980f41356f85822a,0.0,0.0,4351.881544,0,1,1710963125
2024-03-14,0xcaedc2561356b6a01a94e3c0438011459e91fbb9,2623,0xd12d05ba5bf8983e8c41071a32422c3c2d309669,0.0,0.0,3178.618753,0,1,1710954529
2024-03-14,0xcaedc2561356b6a01a94e3c0438011459e91fbb9,2956,0xd4245cb7e14ad1309fd999c63ac84901700a8899,2394.376064,2394.376064,0.0,1,0,1710848789
2024-03-14,0xcaedc2561356b6a01a94e3c0438011459e91fbb9,3768,0x5ce213c2afde02afd21e23187cd3c599b4298905,530.508463,530.508463,0.0,1,0,1710884233
2024-03-14,0xcaedc2561356b6a01a94e3c0438011459e91fbb9,3864,0xa13c2def62c36697407fbe7d574e946bf60d7350,0.0,0.0,312.165993,0,1,1710968607
2024-03-14,0xcaedc2561356b6a01a94e3c0438011459e91fbb9,4455,0xef80c44d996ebac95aa62589986fb3fcdfe3f7d9,0.0,0.0,533.476346,0,1,1710666377
2024-03-14,0xcaedc2561356b6a01a94e3c0438011459e91fbb9,6167,0x495dc187ebc2398f57ca3fa70c49b5eb6c5271ec,0.0,0.0,352.699929,0,1,1710941837
2024-03-14,0xcaedc2561356b6a01a94e3c0438011459e91fbb9,6236,0x0d264a9d6b117fcd1df604c0b86a59ea45e67c4f,0.0,0.0,517.146687,0,1,1710413797
2024-03-14,0xcaedc2561356b6a01a94e3c0438011459e91fbb9,6518,0x5da68351bd082abda73e42ac981db51d9364fe69,112.388322,112.388322,33.447962,1,1,1710931941
2024-03-14,0xcaedc2561356b6a01a94e3c0438011459e91fbb9,6677,0x75821898ad35392425896085089629611391d2bf,0.0,0.0,33.498702,0,1,1710731517
2024-03-14,0xcaedc2561356b6a01a94e3c0438011459e91fbb9,6678,0xbfd53e1ffac52f2055fb533ff847dae4906f8fea,0.0,0.0,44.671907,0,1,1710858101
2024-03-14,0xcaedc2561356b6a01a94e3c0438011459e91fbb9,6680,0xb92c0ea6df755163924c1d6723ba841351e8a35a,0.0,0.0,44.556681,0,1,1710858265
2024-03-14,0xcaedc2561356b6a01a94e3c0438011459e91fbb9,6681,0x55fa88037a255be3e1c1607fe2cf7a622be5c41d,0.0,0.0,44.659419,0,1,1710858461
2024-03-14,0xcaedc2561356b6a01a94e3c0438011459e91fbb9,6682,0xc88d6999c4c91c11f08dc41012a0ce6573a0ed48,0.0,0.0,44.724292,0,1,1710859363
2024-03-14,0xcaedc2561356b6a01a94e3c0438011459e91fbb9,6718,0x2971c6868ad10508a9a5a06591a6c25df5c84bde,0.0,0.0,49.455893,0,1,1710860073
2024-03-14,0xcaedc2561356b6a01a94e3c0438011459e91fbb9,6720,0xe246aa8b63ce04aaed9aa2dbe569f1558b480fb8,0.0,0.0,49.653376,0,1,1710860483
2024-03-14,0xcaedc2561356b6a01a94e3c0438011459e91fbb9,6724,0x16aa28569ed5b88b76b67249e3381bec7efe6eff,0.0,0.0,49.359705,0,1,1710860971
2024-03-14,0xcaedc2561356b6a01a94e3c0438011459e91fbb9,6725,0x69145fce197aa12437293242006373d764c6eef3,0.0,0.0,49.926408,0,1,1710861041
2024-03-14,0xcaedc2561356b6a01a94e3c0438011459e91fbb9,6726,0x1fac2b17c44eaee090585ddbe8d3abdacf504946,0.0,0.0,49.31418,0,1,1710915577
2024-03-14,0xcaedc2561356b6a01a94e3c0438011459e91fbb9,6728,0x8a7d5ba462c2130e02d9a3f4c08a140220fc1204,0.0,0.0,49.499109,0,1,1710915255
2024-03-14,0xcaedc2561356b6a01a94e3c0438011459e91fbb9,6730,0xc40d30d5e72308d83252609a42fe758ae3289b55,0.0,0.0,24.750292,0,1,1710914855
2024-03-14,0xcaedc2561356b6a01a94e3c0438011459e91fbb9,6731,0xe7677698617c6a3d4676eb787c1bc10081d5b8d3,0.0,0.0,37.399105,0,1,1710878009
2024-03-14,0xcaedc2561356b6a01a94e3c0438011459e91fbb9,7732,0xee9a23404333361302790e905bd0f27603d39818,0.0,0.0,43496.532036,0,1,1710943237
2024-03-14,0xcaedc2561356b6a01a94e3c0438011459e91fbb9,7733,0x9f0f8f07ec71a6435f1574ec022e98b5445d4988,0.0,0.0,56306.715828,0,1,1710943509
2024-03-14,0xcaedc2561356b6a01a94e3c0438011459e91fbb9,8047,0x4ee67d558e065c6655f6a871a881e4717d97d1bd,0.0,0.0,5950.519912,0,1,1710975403
2024-03-14,0xcaedc2561356b6a01a94e3c0438011459e91fbb9,8405,0x5d6f3d0c92d0564151357b0863e55e9ed4631b8d,0.0,2332.49091,3461.066525,2,3,1710970561
2024-03-14,0xcaedc2561356b6a01a94e3c0438011459e91fbb9,8434,0x9f0f8f07ec71a6435f1574ec022e98b5445d4988,0.0,0.0,61466.765936,0,1,1710943545
2024-03-14,0xcaedc2561356b6a01a94e3c0438011459e91fbb9,9296,0x9f0f8f07ec71a6435f1574ec022e98b5445d4988,0.0,0.0,57494.693387,0,1,1710943569
2024-03-14,0xcaedc2561356b6a01a94e3c0438011459e91fbb9,9630,0x9e14f3b50ee1518d32259484d7b3ab1bf5ec30c9,8887.814759,8887.814759,8935.231369,1,1,1710970775
2024-03-14,0xcaedc2561356b6a01a94e3c0438011459e91fbb9,9636,0xcdd49f7b85b111b35761a725aaf9d5dbc02b4cef,0.0,0.0,50874.205725,0,1,1710971667
2024-03-14,0xcaedc2561356b6a01a94e3c0438011459e91fbb9,10092,0x2a36b16a31e28098572ef981ec551384487c944e,0.0,0.0,2716.903114,0,1,1710789091
2024-03-14,0xcaedc2561356b6a01a94e3c0438011459e91fbb9,10294,0x48a6a8d403a58eccc70d4d57347f801d4e182564,8859430.787858,8859430.787858,6510698.283913,1,1,1710962043
2024-03-14,0xcaedc2561356b6a01a94e3c0438011459e91fbb9,10295,0xc875b3dae5b0c371bc8cf9ded64868b78ac47587,2410980.360234,2410980.360234,3036795.209523,1,1,1710977963
2024-03-14,0xcaedc2561356b6a01a94e3c0438011459e91fbb9,10296,0x03c70563e94de5de56c11a0cc4ce3482f592854f,6010879.574756,6010879.574756,7571115.301772,1,1,1710977765
2024-03-14,0xcaedc2561356b6a01a94e3c0438011459e91fbb9,10298,0xc9814f18a8751214f719de15c54d01b3d78ef14f,1092420.476065,238886548.764993,239203648.540575,170,170,1710977733
2024-03-14,0xcaedc2561356b6a01a94e3c0438011459e91fbb9,10474,0x505f69dbcc43a51d7ef1c2201f54ee116c45b20b,0.0,0.0,155823.573217,0,1,1710961189
2024-03-14,0xcaedc2561356b6a01a94e3c0438011459e91fbb9,10482,0xd5ae574275450148e40e3c5c3d688df7d02c4228,0.0,0.0,14905.528523,0,1,1710947577
2024-03-14,0xcaedc2561356b6a01a94e3c0438011459e91fbb9,10852,0x3426316b1eb507bf2bdfe37b97c7e4456cb8b49b,0.0,0.0,8.82213,0,1,1710444363
2024-03-14,0xcaedc2561356b6a01a94e3c0438011459e91fbb9,11341,0xac9558ce54f84e343ab5da0ffaa5d0ea7c4e59a3,0.0,0.0,50346.117827,0,1,1710971035
2024-03-14,0xcaedc2561356b6a01a94e3c0438011459e91fbb9,11399,0x28878aec6b4209d90a40890183e3322f0ae5b2e2,0.0,0.0,74154.43632,0,1,1710967323
2024-03-14,0xcaedc2561356b6a01a94e3c0438011459e91fbb9,11976,0xe19bfd9e9a4d49314321b6d65ee4149113691c68,0.0,0.0,60.030499,0,1,1710449095
2024-03-14,0xcaedc2561356b6a01a94e3c0438011459e91fbb9,12028,0xbd584812c7aaeb901e8424725065cb0716b9264f,0.0,0.0,7691.689627,0,1,1710943715
2024-03-14,0xcaedc2561356b6a01a94e3c0438011459e91fbb9,12105,0x505f69dbcc43a51d7ef1c2201f54ee116c45b20b,0.0,0.0,29781.193658,0,1,1710967351
2024-03-14,0xcaedc2561356b6a01a94e3c0438011459e91fbb9,12303,0x0b0811d3d8342063db74b45a4344cdbee6389bdb,0.950296,0.950296,1.003516,1,1,1710645871
2024-03-14,0xcaedc2561356b6a01a94e3c0438011459e91fbb9,12465,0x8f97f52b0040476f8b255750cdcaf1082f85b5c2,0.0,0.0,144.819752,0,1,1710912105
2024-03-14,0xcaedc2561356b6a01a94e3c0438011459e91fbb9,12688,0xc564aa1fa62c09e80a7eb21bead181d39bec8707,0.0,0.0,0.063113,0,1,1710477973
2024-03-14,0xcaedc2561356b6a01a94e3c0438011459e91fbb9,13054,0x3c593ac043608c11ecb02cf1240c178735278c33,0.0,0.0,2.544381,0,1,1710688125
2024-03-14,0xcaedc2561356b6a01a94e3c0438011459e91fbb9,13499,0x347d2cd21a9191dfa6ff66c8787da26330cbf117,864.0,864.0,0.0,1,0,1710892139
2024-03-14,0xcc79bfa7a3212d94390c358e88afcd39294549ca,11130,0x1302a937bc0fe8a06f124e644236c876b639f54e,522017.442334,522017.442334,523319.542341,1,1,1710404641
2024-03-14,0xcc79bfa7a3212d94390c358e88afcd39294549ca,11282,0x9e5a57470a2a136a3d4de39e1996e05944c4b1fb,0.0,0.0,9768.151326,0,1,1710964389
2024-03-14,0xcdac0d6c6c59727a65f871236188350531885c43,121,0xede54584f748480851cad467b82c6a1173bebe10,117734.976376,117734.976376,0.0,1,0,1710382247
2024-03-14,0xcdac0d6c6c59727a65f871236188350531885c43,1385,0x8f2c46ce880c288bbf0926123814496a9842a591,0.0,0.0,4665.759186,0,1,1710631803
2024-03-14,0xcdac0d6c6c59727a65f871236188350531885c43,1404,0x035effa901e21cb460357b08fafcc2b6d69e323f,9917.138087,9917.138087,0.0,1,0,1710398041
2024-03-14,0xcdac0d6c6c59727a65f871236188350531885c43,1525,0xc82bf4981e963a23a812e13e610d0f23290349d6,1815.365296,1815.365296,1815.365296,1,1,1710747741
2024-03-14,0xcdac0d6c6c59727a65f871236188350531885c43,1570,0x0be7b271ba03874ad78d712246066c20c81693d3,1901.411014,1901.411014,1904.277418,1,1,1710385781
2024-03-14,0xcdac0d6c6c59727a65f871236188350531885c43,1840,0x20a75d13cc7e7bde1534252f06a4578de8d70953,245.576511,245.576511,0.0,1,0,1710972817
2024-03-14,0xcdac0d6c6c59727a65f871236188350531885c43,1881,0x62efee7e52b4e87ad053b42963aebb85bb2085f2,0.0,0.0,1299.40991,0,1,1710647255
2024-03-14,0xcdac0d6c6c59727a65f871236188350531885c43,1987,0x2ed8034947261547603ee66d164af539a14bf8f6,0.0,0.0,4347.659056,0,1,1710669135
2024-03-14,0xcdac0d6c6c59727a65f871236188350531885c43,2281,0x1d884c7d4132bb1d75bfd228ce9447d82527a217,3969.624477,3969.624477,3982.636174,1,1,1710398259
2024-03-14,0xcdac0d6c6c59727a65f871236188350531885c43,3041,0x7caea457224c345d1518a23fbd07ebdbdd21170c,509.389808,509.389808,0.0,1,0,1710891691
2024-03-14,0xcdac0d6c6c59727a65f871236188350531885c43,3105,0xf5659d33af64b5b987f048a4ba7cfca1c96f7f7a,1825.325986,1825.325986,0.0,1,0,1710584357
2024-03-14,0xcdac0d6c6c59727a65f871236188350531885c43,3264,0x73f7eaaa5726562b99b71f274b91cf0052f7e4df,1667.353727,1667.353727,1667.353727,1,1,1710383891
2024-03-14,0xcdac0d6c6c59727a65f871236188350531885c43,3416,0x0737467164f8bb1ef64f006612edb6035aea6efb,0.0,0.0,353.061837,0,1,1710921041
2024-03-14,0xcdac0d6c6c59727a65f871236188350531885c43,3425,0x65f1ec74cd476c6d29666b90ff9baa4b144ba4f8,717.53394,717.53394,697.833736,1,1,1710512973
2024-03-14,0xcdac0d6c6c59727a65f871236188350531885c43,3630,0x21716a168b41c2c500208bc04f6493bb4d11d971,287.943664,287.943664,285.930903,1,1,1710428933
2024-03-14,0xcdac0d6c6c59727a65f871236188350531885c43,4453,0x7b12e2c21806e232845122a4bfdb3cb3d002f80f,550.23724,550.23724,0.0,1,0,1710703035
2024-03-14,0xcdac0d6c6c59727a65f871236188350531885c43,4518,0x43917a8174465dc01522e8e14335eaa2cde33f6f,26.581298,26.581298,79.33039,1,1,1710448057
2024-03-14,0xcdac0d6c6c59727a65f871236188350531885c43,4797,0xa0fcc581b38b276ffaac6e8511177aed03a1e7fa,426.143721,426.143721,0.0,1,0,1710758215
2024-03-14,0xcdac0d6c6c59727a65f871236188350531885c43,4838,0x2f2f665974261c4129b1dc6c359bd259cd66f78a,368.402492,368.402492,368.911534,1,1,1710382593
2024-03-14,0xcdac0d6c6c59727a65f871236188350531885c43,4845,0xdd611400884430b2b1e92509badc88d720768b89,131.970959,131.970959,132.713434,1,1,1710680425
2024-03-14,0xcdac0d6c6c59727a65f871236188350531885c43,5263,0x295a02a6e8c030ddddb6748e47d88ecefb2c46ce,58.158926,58.158926,58.407388,1,1,1710580169
2024-03-14,0xcdac0d6c6c59727a65f871236188350531885c43,6056,0xc630ee3e52a40a2c87d3507b18d11efb178d01ab,71.047444,71.047444,71.047444,1,1,1710508015
2024-03-14,0xcdac0d6c6c59727a65f871236188350531885c43,8136,0x253f6b1b85e3c1d88c5ecb383ed33063df8a9e7c,1.762559,1.762559,0.0,1,0,1710489489
2024-03-14,0xcdac0d6c6c59727a65f871236188350531885c43,8804,0x3c5501066f049bf00d4c851fad3ee345c8961484,478.86834,478.86834,0.0,1,0,1710594395
2024-03-14,0xcdac0d6c6c59727a65f871236188350531885c43,9707,0x60034a6d90f54d3bbc3188033fd08b1a146802ba,3039.022193,3039.022193,3018.944639,1,1,1710523543
2024-03-14,0xcdac0d6c6c59727a65f871236188350531885c43,10338,0x3a9a4c8815f94ed7c5361a12c496d3dcf152aa2d,0.0,0.0,0.296141,0,1,1710394355
2024-03-14,0xcdac0d6c6c59727a65f871236188350531885c43,10980,0xb0c6d7085fa8ccc6c174841495eb700130ea2e97,1.251859,1.251859,2.097297,1,1,1710441481
2024-03-14,0xcdac0d6c6c59727a65f871236188350531885c43,11725,0x0d1c41d60ef876b3244c9db50ea5c196ced8e07e,5.951161,5.951161,0.0,1,0,1710777637
2024-03-14,0xcdac0d6c6c59727a65f871236188350531885c43,11929,0xc1634876892843d3f80e790baf3f05bf907e94f6,22.195428,22.195428,0.0,1,0,1710781663
2024-03-14,0xcdac0d6c6c59727a65f871236188350531885c43,12508,0x057dff4ff3a20c986dbb88d85f9e4ebdafbcf4cd,0.0,0.0,264.729397,0,1,1710408321
2024-03-14,0xcdac0d6c6c59727a65f871236188350531885c43,12589,0x353c82aeafd7680e57f60a6cfdd3154c9838993c,0.74406,0.74406,0.753173,1,1,1710934667
2024-03-14,0xcdac0d6c6c59727a65f871236188350531885c43,12808,0xf89920c0df5f4bf9c1d51df38d060838716f1b61,1984.440592,1984.440592,1992.973443,1,1,1710405363
2024-03-14,0xcdac0d6c6c59727a65f871236188350531885c43,12875,0x96fc9cf2705ab3780caa42965f9c9450f4424e58,383.182022,383.182022,0.0,1,0,1710410635
2024-03-14,0xcdac0d6c6c59727a65f871236188350531885c43,12949,0xca0b60b9ce318bcc9e387abfeb22d98a9127c352,0.0,0.0,0.01362,0,1,1710545675
2024-03-14,0xcdac0d6c6c59727a65f871236188350531885c43,13154,0x7e006370dc848a4820fdbdcc1042b575d70e485f,1.897292,1.897292,0.0,1,0,1710430669
2024-03-14,0xcdac0d6c6c59727a65f871236188350531885c43,13156,0x34ff1613edb98df7d833b7dfaeba71ebbc877018,0.707121,0.707121,0.0,1,0,1710435237
2024-03-14,0xcdac0d6c6c59727a65f871236188350531885c43,13211,0xaa4e9c738944431b115e0203fada90a349584a74,0.227328,0.227328,0.0,1,0,1710503641
2024-03-14,0xcdac0d6c6c59727a65f871236188350531885c43,13282,0x2167523061f4a48db14199bb97bdc13d3fb5377d,0.658324,0.658324,0.0,1,0,1710586059
2024-03-14,0xcdac0d6c6c59727a65f871236188350531885c43,13333,0xae1babc08897971633e255e76e42444d883d34cd,0.409861,0.409861,0.0,1,0,1710676503
2024-03-14,0xcdac0d6c6c59727a65f871236188350531885c43,13334,0x4fd2055937b71d0a896852a17928b0eaca7614b9,0.883456,0.883456,0.0,1,0,1710676947
2024-03-14,0xcdac0d6c6c59727a65f871236188350531885c43,13339,0xe5e26755418bb65c6bead0dd7dda17a57cb64cce,1.168083,1.168083,0.0,1,0,1710682669
2024-03-14,0xcdac0d6c6c59727a65f871236188350531885c43,13360,0x78a12757b33b9a069faf9d4ecde565952f3bd2db,183.292855,183.292855,0.0,1,0,1710707295
2024-03-14,0xcdac0d6c6c59727a65f871236188350531885c43,13379,0x3156649412e8bb8799f0b832bcf7c6534932de37,8.78192,8.78192,0.0,1,0,1710870893
2024-03-14,0xcdac0d6c6c59727a65f871236188350531885c43,13412,0x5708a9abd1fbe4af6f61c1053c2658337903f21c,24.854979,24.854979,0.0,1,0,1710760541
2024-03-14,0xcdac0d6c6c59727a65f871236188350531885c43,13452,0x8d6bb74a99dbb839c0ca0acd4ef1ffca7319d864,0.146628,0.146628,0.0,1,0,1710812003
2024-03-14,0xcdac0d6c6c59727a65f871236188350531885c43,13640,0xe4a555daf0c71abef7b2d725eefae41dead4d8dd,0.30636,0.612724,0.306363,2,1,1710901159
2024-03-14,0xcdac0d6c6c59727a65f871236188350531885c43,13661,0x12370a88b7da8360f12898acda1def6267376086,27.722103,27.722103,0.0,1,0,1710926935
2024-03-14,0xd1d3b98890a18ad5305e4aa837b5159e14533377,47,0x011b0a055e02425461a1ae95b30f483c4ff05be7,6691.9211,6691.9211,0.0,1,0,1710974017
2024-03-14,0xd1d3b98890a18ad5305e4aa837b5159e14533377,68,0x132e47cf2c19ec2d8dd56e1528fc7e18dc09188f,14317.321025,14317.321025,0.0,1,0,1710955935
2024-03-14,0xd1d3b98890a18ad5305e4aa837b5159e14533377,3314,0x7d6aff9f85ef8802a1492189e8021b085c6b37f7,1033.481841,1033.481841,0.0,1,0,1710940189
2024-03-14,0xd1d3b98890a18ad5305e4aa837b5159e14533377,3817,0x547b324b3f9e1f9f436fede6e88ae1ca816db6f3,1126.737277,1126.737277,0.0,1,0,1710970625
2024-03-14,0xd1d3b98890a18ad5305e4aa837b5159e14533377,5901,0x2c7a4dbcf33080ac93b14be408b457eb40a7dfb8,37.063318,37.063318,0.0,1,0,1710674811
2024-03-14,0xd1d3b98890a18ad5305e4aa837b5159e14533377,7121,0x011b0a055e02425461a1ae95b30f483c4ff05be7,4458.938944,4458.938944,0.0,1,0,1710974045
2024-03-14,0xd1d3b98890a18ad5305e4aa837b5159e14533377,7122,0x011b0a055e02425461a1ae95b30f483c4ff05be7,919.474759,919.474759,0.0,1,0,1710974075
2024-03-14,0xd1d3b98890a18ad5305e4aa837b5159e14533377,10052,0xd1deee713b0404b799f67bfcb64e0647c14bf11f,1765.060233,1765.060233,0.0,1,0,1710732431
2024-03-14,0xda74029240f657a7be372906290300dbb8f1bccd,362,0x5929cc4d10b6a1acc5bf5d221889f10251c628a1,0.0,0.0,61970.579436,0,1,1710960907
2024-03-14,0xda74029240f657a7be372906290300dbb8f1bccd,628,0x8fa5ebb986fa6db89291a383142bb756ab88428e,8798.74928,8798.74928,0.0,1,0,1710969935
2024-03-14,0xda74029240f657a7be372906290300dbb8f1bccd,715,0x13108ab5c6eb7efdcd7ba6f8cc55d265eae6176f,0.0,0.0,27297.438312,0,1,1710974863
2024-03-14,0xda74029240f657a7be372906290300dbb8f1bccd,725,0x1cab2ce19ff9b27680d4a8fdd3745197004ada57,26611.971999,26611.971999,0.0,1,0,1710973725
2024-03-14,0xda74029240f657a7be372906290300dbb8f1bccd,971,0xe3cfbf8fb378f5c4cf780077ee5c2ffe7aaea6dc,0.0,0.0,1646.821162,0,1,1710962563
2024-03-14,0xda74029240f657a7be372906290300dbb8f1bccd,1292,0xb118026c68fd7f03efbcdf675dea96d625c084e5,0.0,0.0,10729.405081,0,1,1710959689
2024-03-14,0xda74029240f657a7be372906290300dbb8f1bccd,1380,0x18ccc241cce98a67564e367ebc1f1f0e692e3188,8646.961811,8646.961811,0.0,1,0,1710975581
2024-03-14,0xda74029240f657a7be372906290300dbb8f1bccd,1454,0x586db0ea617db9a4254f295c5c93a13915c975cd,0.0,0.0,7918.8866,0,1,1710940779
2024-03-14,0xda74029240f657a7be372906290300dbb8f1bccd,1546,0x52f8b09fac8e1b7d7dc45643ca27d0f573814ab8,6196.93412,6196.93412,0.0,1,0,1710969359
2024-03-14,0xda74029240f657a7be372906290300dbb8f1bccd,1603,0x17114903eb90909d3058dae24d583e5970030ffb,0.0,0.0,6617.387202,0,1,1710963621
2024-03-14,0xda74029240f657a7be372906290300dbb8f1bccd,1656,0xcbbfa40f36f0fda22f28bc25e43d52573d6826db,0.0,0.0,6360.850803,0,1,1710968699
2024-03-14,0xda74029240f657a7be372906290300dbb8f1bccd,1950,0xadea3af062df0de0c29e67d001d0859cd738bccd,6460.388917,6460.388917,0.0,1,0,1710975559
2024-03-14,0xda74029240f657a7be372906290300dbb8f1bccd,2266,0xb00f8b601558243c9abcddabd54ea17f70471b8e,0.0,0.0,8316.39142,0,1,1710963993
2024-03-14,0xda74029240f657a7be372906290300dbb8f1bccd,2390,0xc5c91bb73154f4db6f6e2b4d154635de1748f435,0.0,0.0,3494.951717,0,1,1710974631
2024-03-14,0xda74029240f657a7be372906290300dbb8f1bccd,2424,0x1426fbd146942e153653863cbe633780c17268da,3349.293869,3349.293869,0.0,1,0,1710972493
2024-03-14,0xda74029240f657a7be372906290300dbb8f1bccd,2496,0x6a90b0f458c45a6ccb805455fe1d3a69c93a18ec,3332.110059,3332.110059,3326.460013,1,1,1710967461
2024-03-14,0xda74029240f657a7be372906290300dbb8f1bccd,2533,0xeb1dbbed3b079db3380e460d5604d15e6ac18883,0.0,0.0,3266.198376,0,1,1710937017
2024-03-14,0xda74029240f657a7be372906290300dbb8f1bccd,2568,0x48c052613bac4e3fc9636054639b697798c34b87,3135.339455,3135.339455,0.0,1,0,1710969265
2024-03-14,0xda74029240f657a7be372906290300dbb8f1bccd,2806,0x9150d0a199882057c5b36fe9d09e9e845f14bc25,0.0,0.0,2664.172921,0,1,1710949045
2024-03-14,0xda74029240f657a7be372906290300dbb8f1bccd,2848,0x901a89cec0608eb5435a915f006b45bd46405314,0.0,0.0,2358.689597,0,1,1710378271
2024-03-14,0xda74029240f657a7be372906290300dbb8f1bccd,3314,0x7d6aff9f85ef8802a1492189e8021b085c6b37f7,0.0,0.0,1589.972063,0,1,1710940189
2024-03-14,0xda74029240f657a7be372906290300dbb8f1bccd,3918,0xcac0eb798903ffe73ab1776da3174e6e40e721c6,0.0,0.0,946.170801,0,1,1710864493
2024-03-14,0xda74029240f657a7be372906290300dbb8f1bccd,4825,0xf494ee7d264af843bfb9d8bf138e42bd8f64a0b4,0.0,0.0,2500.403469,0,1,1710974021
2024-03-14,0xda74029240f657a7be372906290300dbb8f1bccd,11287,0x569a259d029a89bfea35a6d178a08edf6e55d1b1,0.0,0.0,1984.0,0,1,1710971559
2024-03-14,0xda74029240f657a7be372906290300dbb8f1bccd,12062,0x615e5022252b31af496574f00d5519c5d93261ab,0.0,0.0,1895.456478,0,1,1710963715
2024-03-14,0xda74029240f657a7be372906290300dbb8f1bccd,12102,0xf29a0b06bb927f6a58c6f3bba40c88cf305aacc7,0.0,0.0,4315.888148,0,1,1710934521
2024-03-14,0xda74029240f657a7be372906290300dbb8f1bccd,13585,0xecf9265f48006ddb6ee14060fac59c9429c32db6,8352.0,8352.0,0.0,1,0,1710975567
2024-03-14,0xdab27fb1923fc017e941d837040add59b9aff9fd,47,0x011b0a055e02425461a1ae95b30f483c4ff05be7,140530.343109,140530.343109,101544.725353,1,1,1710974017
2024-03-14,0xdab27fb1923fc017e941d837040add59b9aff9fd,55,0x285fed35cbea271a711681e84ffd83c68a596a75,22854.581567,22854.581567,22854.581567,1,1,1710965869
2024-03-14,0xdab27fb1923fc017e941d837040add59b9aff9fd,56,0x48a5a6a01ba89cddf97d2d552923d5a11401ed19,135981.573262,135981.573262,0.0,1,0,1710975177
2024-03-14,0xdab27fb1923fc017e941d837040add59b9aff9fd,62,0xdbd5d31b7f48adc13a0ab0c591f7e3d4f9642e69,39008.634562,39008.634562,0.0,1,0,1710959895
2024-03-14,0xdab27fb1923fc017e941d837040add59b9aff9fd,67,0x8ce17ff2c7376e9adfe9c63c47a801097fa6c525,111171.957679,111171.957679,0.0,1,0,1710973841
2024-03-14,0xdab27fb1923fc017e941d837040add59b9aff9fd,109,0xbe7019f8333b0b3cfc707ac353ebc2123140134c,0.0,0.0,126822.254674,0,1,1710974343
2024-03-14,0xdab27fb1923fc017e941d837040add59b9aff9fd,118,0x4ccfeb186c61217f05d8756314c600089b27a1c3,41985.356058,41985.356058,0.0,1,0,1710975207
2024-03-14,0xdab27fb1923fc017e941d837040add59b9aff9fd,163,0x7ed7888f3bf70ed07f94fd7381d39476928331f7,0.0,0.0,70091.572799,0,1,1710964779
2024-03-14,0xdab27fb1923fc017e941d837040add59b9aff9fd,165,0x54ecb3397b0bf31cb0b81eb2444e2a7b32507d8b,39850.50214,39850.50214,0.0,1,0,1710959895
2024-03-14,0xdab27fb1923fc017e941d837040add59b9aff9fd,181,0xaf43411971ca3640227a7b4ed06f61d0bb60a928,104480.763905,104480.763905,0.0,1,0,1710970777
2024-03-14,0xdab27fb1923fc017e941d837040add59b9aff9fd,184,0xc2edb9c398e1d632ad81647a26254c33801685df,0.0,0.0,430642.709468,0,1,1710905443
2024-03-14,0xdab27fb1923fc017e941d837040add59b9aff9fd,190,0x48d18a882b0be145606a11fce6f8a301256b93fa,173494.430194,173494.430194,0.0,1,0,1710946971
2024-03-14,0xdab27fb1923fc017e941d837040add59b9aff9fd,289,0x95b05f935655c37ada2088c5767e5006f230b068,11731.099751,11731.099751,0.0,1,0,1710975155
2024-03-14,0xdab27fb1923fc017e941d837040add59b9aff9fd,304,0xbbb33d2e7bd7ddc722e53da9ca8ee97df41cfabf,54464.943095,54464.943095,0.0,1,0,1710840321
2024-03-14,0xdab27fb1923fc017e941d837040add59b9aff9fd,331,0x5181cdf1bb20da04ba788f82989f29e65b67314a,0.0,0.0,104599.703566,0,1,1710975281
2024-03-14,0xdab27fb1923fc017e941d837040add59b9aff9fd,418,0xbe7019f8333b0b3cfc707ac353ebc2123140134c,0.0,0.0,15606.463413,0,1,1710974417
2024-03-14,0xdab27fb1923fc017e941d837040add59b9aff9fd,469,0xe47fd677ba6d3738cec98aa18bb6fa015b6f7bda,49826.42387,49826.42387,0.0,1,0,1710680431
2024-03-14,0xdab27fb1923fc017e941d837040add59b9aff9fd,606,0x27f33f5af3125c7488051134872e6e7a3c5a644a,36206.829867,36206.829867,0.0,1,0,1710694355
2024-03-14,0xdab27fb1923fc017e941d837040add59b9aff9fd,716,0x7026d2dc1a6314dcae5b8834c506987a30c702a6,27395.738834,27395.738834,0.0,1,0,1710722649
2024-03-14,0xdab27fb1923fc017e941d837040add59b9aff9fd,741,0xbf49b454818783d12bf4f3375ff17c59015e66cb,0.0,30359.800604,60652.127163,1,2,1710933395
2024-03-14,0xdab27fb1923fc017e941d837040add59b9aff9fd,758,0x8ccfcfa7e6133e0875192974d0d857fb7a28375e,7201.048013,7201.048013,7188.837654,1,1,1710969407
2024-03-14,0xdab27fb1923fc017e941d837040add59b9aff9fd,799,0xe7090015768ed8f07ada91bded606f3bc44100b4,0.0,0.0,11234.713181,0,1,1710699697
2024-03-14,0xdab27fb1923fc017e941d837040add59b9aff9fd,873,0x0e42d7887e4dfd681fe295bec85729c0420e0ae0,19106.106205,19106.106205,0.0,1,0,1710894455
2024-03-14,0xdab27fb1923fc017e941d837040add59b9aff9fd,885,0xb39d022edf05c31e1981f4f4d8137dda9c57cfae,16988.465008,16988.465008,16988.47128,1,1,1710967119
2024-03-14,0xdab27fb1923fc017e941d837040add59b9aff9fd,896,0x2c8dbcebdc218f0f4e39c868a01c6c9a857aa5bb,66025.506999,66025.506999,0.0,1,0,1710973217
2024-03-14,0xdab27fb1923fc017e941d837040add59b9aff9fd,1053,0x3216a8a03b07b6b19cbc21d62c8942e625fc3e07,6561.392972,6561.392972,6550.267236,1,1,1710954971
2024-03-14,0xdab27fb1923fc017e941d837040add59b9aff9fd,1054,0x28ac01ebf289292783cfaad9bbf2c7fe2666dfbd,14129.753172,14129.753172,0.0,1,0,1710721485
2024-03-14,0xdab27fb1923fc017e941d837040add59b9aff9fd,1111,0x11ebee2bf244325b5559f0f583722d35659ddce8,12925.241341,12925.241341,0.0,1,0,1710712165
2024-03-14,0xdab27fb1923fc017e941d837040add59b9aff9fd,1244,0xbc113ac29567ee89363e4d07462823f60b8b5528,2629.863019,2629.863019,0.0,1,0,1710970839
2024-03-14,0xdab27fb1923fc017e941d837040add59b9aff9fd,1337,0x6ccd7c23e6ccd9c5258edda9fca61d1214de5622,9072.953115,9072.953115,0.0,1,0,1710959643
2024-03-14,0xdab27fb1923fc017e941d837040add59b9aff9fd,1386,0x74ad47b91469d6b2356337afdb05608cfabbbde8,8747.065391,8747.065391,0.0,1,0,1710906891
2024-03-14,0xdab27fb1923fc017e941d837040add59b9aff9fd,1430,0xfb07d2bdef2deb1ebec001644b4732ab77281c7a,5325.4176,5325.4176,10685.019088,1,1,1710959807
2024-03-14,0xdab27fb1923fc017e941d837040add59b9aff9fd,1491,0xd608fb109124da6d3e8eca45d789ecaf8641ea77,0.0,0.0,7588.38754,0,1,1710946309
2024-03-14,0xdab27fb1923fc017e941d837040add59b9aff9fd,1540,0xfff6eb6fae78e604c93b35c97f6892e36acb1dbd,7169.245756,7169.245756,0.0,1,0,1710656955
2024-03-14,0xdab27fb1923fc017e941d837040add59b9aff9fd,1676,0x8af0a5658776b68912b22ec954a91b9c20d3f8aa,6357.298815,6357.298815,6336.090641,1,1,1710933301
2024-03-14,0xdab27fb1923fc017e941d837040add59b9aff9fd,1716,0x6a1a3ecd04df0ff2d7cb25584052cdd173fc609b,4321.480316,4321.480316,0.0,1,0,1710870807
2024-03-14,0xdab27fb1923fc017e941d837040add59b9aff9fd,1897,0x08b2f2bf6daddcd68c7c842e4c3a376c1fc69527,4733.282096,4733.282096,4725.256172,1,1,1710957075
2024-03-14,0xdab27fb1923fc017e941d837040add59b9aff9fd,2098,0x7facf85e84f443fef7113bf85e7a582b251a25b5,4013.965399,4013.965399,0.0,1,0,1710967063
2024-03-14,0xdab27fb1923fc017e941d837040add59b9aff9fd,2242,0x288a2395f027f65684d836754ba43afa20ca09e6,0.0,0.0,3745.829635,0,1,1710950083
2024-03-14,0xdab27fb1923fc017e941d837040add59b9aff9fd,2266,0xb00f8b601558243c9abcddabd54ea17f70471b8e,0.0,0.0,8316.39142,0,1,1710963993
2024-03-14,0xdab27fb1923fc017e941d837040add59b9aff9fd,2382,0x657a38e6994cb578351376dcdb077330d00665d6,3507.338601,3507.338601,0.0,1,0,1710974741
2024-03-14,0xdab27fb1923fc017e941d837040add59b9aff9fd,2463,0x2f9035f14d9134bed45e2642ae148f673f5ecb7e,3454.843155,3454.843155,0.0,1,0,1710695009
2024-03-14,0xdab27fb1923fc017e941d837040add59b9aff9fd,2545,0x1e25f91381ff6b1bd0eec330607860e4fcbc3905,4925.690261,4925.690261,0.0,1,0,1710719127
2024-03-14,0xdab27fb1923fc017e941d837040add59b9aff9fd,2860,0xd935a63d629cac4cfc8f632a2f4aab3ca8d99e38,1159.719895,1159.719895,579.859947,1,1,1710927547
2024-03-14,0xdab27fb1923fc017e941d837040add59b9aff9fd,2899,0x2481fef92f6358a410f4b42a7672f23cac514c2a,0.0,0.0,5637.07654,0,1,1710822605
2024-03-14,0xdab27fb1923fc017e941d837040add59b9aff9fd,2974,0xe0a46db77fe3932a901214bfa0a1389d3e996332,2119.438521,2119.438521,0.0,1,0,1710709311
2024-03-14,0xdab27fb1923fc017e941d837040add59b9aff9fd,3206,0x6b879c078ea4cc27bbdb486fcaa4fa27e6cbe97a,1735.281243,1735.281243,1729.497102,1,1,1710960575
2024-03-14,0xdab27fb1923fc017e941d837040add59b9aff9fd,3362,0x7ffbeb62cf6e5e53f898ba52d66d29ca3b2851fd,46295.182019,46295.182019,0.0,1,0,1710939161
2024-03-14,0xdab27fb1923fc017e941d837040add59b9aff9fd,3400,0x1e51745bdb4436563097833ba83dcc51109d9fa8,1436.518128,1436.518128,0.0,1,0,1710969537
2024-03-14,0xdab27fb1923fc017e941d837040add59b9aff9fd,3752,0x31dddf4e2ac81403fa9b993cfbe4ca535a1656b5,0.0,0.0,1064.203498,0,1,1710894193
2024-03-14,0xdab27fb1923fc017e941d837040add59b9aff9fd,4067,0x3ec783b1c10d39f1653c20c821e0ed810eaf6a2e,797.466506,797.466506,0.0,1,0,1710689049
2024-03-14,0xdab27fb1923fc017e941d837040add59b9aff9fd,4111,0xf6f9f6ab27a36e3e2b13a6a1a13b5a5b6a34516b,368.974447,368.974447,0.0,1,0,1710897997
2024-03-14,0xdab27fb1923fc017e941d837040add59b9aff9fd,4143,0xa61301a5199671ab6c5d2e21c718fddbdab778e3,360.398077,360.398077,0.0,1,0,1710387757
2024-03-14,0xdab27fb1923fc017e941d837040add59b9aff9fd,4325,0x18eadc1c0659f1e4864580578627427d62b8c275,0.0,0.0,621.251261,0,1,1710961485
2024-03-14,0xdab27fb1923fc017e941d837040add59b9aff9fd,4345,0xe435a96ed45cef434f78efc1a65b5bdf8f584f7f,1417.932032,1417.932032,1183.455737,1,1,1710961289
2024-03-14,0xdab27fb1923fc017e941d837040add59b9aff9fd,4455,0xef80c44d996ebac95aa62589986fb3fcdfe3f7d9,533.476346,533.476346,0.0,1,0,1710666377
2024-03-14,0xdab27fb1923fc017e941d837040add59b9aff9fd,4631,0x81f967ad9533232946d5f9e492862bdd93b5d641,5551.456421,5551.456421,0.0,1,0,1710649601
2024-03-14,0xdab27fb1923fc017e941d837040add59b9aff9fd,4945,0x1bc40b70301ae83411748a9d2df4e20757251c08,209.533493,209.533493,0.0,1,0,1710792785
2024-03-14,0xdab27fb1923fc017e941d837040add59b9aff9fd,4975,0x4dd7fc3a3b6457d1e67e3b046b2b0d2dcf25257d,494.055359,494.055359,0.0,1,0,1710974433
2024-03-14,0xdab27fb1923fc017e941d837040add59b9aff9fd,5457,0x8db7a537d8478df3c6d95ff33b4270342862957f,43.707996,43.707996,0.0,1,0,1710486579
2024-03-14,0xdab27fb1923fc017e941d837040add59b9aff9fd,5554,0xc15ab8dd7daeea5f1aa3b56507cac8a877e21b15,5412.539848,5412.539848,0.0,1,0,1710928545
2024-03-14,0xdab27fb1923fc017e941d837040add59b9aff9fd,5584,0xa8b63e1408e8e607d4cf48e6e3b14bb881b2010e,369.026178,369.026178,0.0,1,0,1710695717
2024-03-14,0xdab27fb1923fc017e941d837040add59b9aff9fd,5686,0xf9a384f1d4af97f86b489791b7a953afc512cd94,484.634583,484.634583,482.121557,1,1,1710675365
2024-03-14,0xdab27fb1923fc017e941d837040add59b9aff9fd,5825,0x4cdacc9e8b8c435e9b518d79ffc35210f33bf80f,207.958515,207.958515,0.0,1,0,1710665159
2024-03-14,0xdab27fb1923fc017e941d837040add59b9aff9fd,6026,0x3be77b03e7869e69a6959a7149e2dcd577f66304,0.0,0.0,457.021927,0,1,1710591325
2024-03-14,0xdab27fb1923fc017e941d837040add59b9aff9fd,6251,0x7b5a85afce09aae49344f0b64f9476799f33c257,0.0,0.0,1215.412271,0,1,1710593369
2024-03-14,0xdab27fb1923fc017e941d837040add59b9aff9fd,6320,0x22d5094c6c66905c4096e3eaa2055119d7105d3e,349.944271,349.944271,0.0,1,0,1710698113
2024-03-14,0xdab27fb1923fc017e941d837040add59b9aff9fd,6397,0x5da70d2a1858a883b42d560edeb5a4ff4e7829fe,348.389916,348.389916,0.0,1,0,1710686579
2024-03-14,0xdab27fb1923fc017e941d837040add59b9aff9fd,6537,0x1277255b8e274c8a753eea277aa62115baed21eb,0.860042,0.860042,0.0,1,0,1710749203
2024-03-14,0xdab27fb1923fc017e941d837040add59b9aff9fd,6607,0xbd54cabe09e6d0c0f2a306d918f1dc669af7a412,48.215851,48.215851,0.0,1,0,1710413067
2024-03-14,0xdab27fb1923fc017e941d837040add59b9aff9fd,6715,0x4532280a66a0c1c709f7e0c40b14b4dea83253c1,0.611948,1.124596,0.512648,2,1,1710742333
2024-03-14,0xdab27fb1923fc017e941d837040add59b9aff9fd,7049,0xe7de9bada139629600b5d140c0eff9cff34524cc,2935.613692,2935.613692,0.0,1,0,1710749365
2024-03-14,0xdab27fb1923fc017e941d837040add59b9aff9fd,7057,0xbaf9a9b64a19de756f777c0a099fee804f6a265f,299.115631,299.115631,0.0,1,0,1710682203
2024-03-14,0xdab27fb1923fc017e941d837040add59b9aff9fd,7121,0x011b0a055e02425461a1ae95b30f483c4ff05be7,50534.641366,50534.641366,33506.516007,1,1,1710974045
2024-03-14,0xdab27fb1923fc017e941d837040add59b9aff9fd,7484,0x480f6a68261aa333bbe2190cae20143b8e8d17c8,55.305356,55.305356,0.0,1,0,1710783689
2024-03-14,0xdab27fb1923fc017e941d837040add59b9aff9fd,7984,0xde3d47efad0a417473342a49fab24bdfd7139b72,17165.819903,17165.819903,0.0,1,0,1710975403
2024-03-14,0xdab27fb1923fc017e941d837040add59b9aff9fd,8395,0x5181cdf1bb20da04ba788f82989f29e65b67314a,0.0,0.0,16725.654113,0,1,1710975309
2024-03-14,0xdab27fb1923fc017e941d837040add59b9aff9fd,8952,0x1d6536706b9f02e3103ab9652fb2461ee31aa8b8,19.779838,19.779838,0.0,1,0,1710727185
2024-03-14,0xdab27fb1923fc017e941d837040add59b9aff9fd,9427,0xba9d854c4b9ae5eef3dad86e1b65d661938b27a1,25822.322222,25822.322222,0.0,1,0,1710755281
2024-03-14,0xdab27fb1923fc017e941d837040add59b9aff9fd,10100,0x2bcdca8c689b4aa460b66ffde1d6b1761d41d5df,2290.492852,2290.492852,0.0,1,0,1710961571
2024-03-14,0xdab27fb1923fc017e941d837040add59b9aff9fd,10271,0x4d92c7272384c055ee2ef7ab0b7112c35b8cef79,22061.805106,22061.805106,0.0,1,0,1710447657
2024-03-14,0xdab27fb1923fc017e941d837040add59b9aff9fd,10657,0x892176d784bed3dc877a62f3ff9fc091377b2a49,19426.115182,19426.115182,0.0,1,0,1710428001
2024-03-14,0xdab27fb1923fc017e941d837040add59b9aff9fd,11120,0x0b5897d201d83a9fcbeefc086c100a8eaa5ada9a,8468.324148,8468.324148,0.0,1,0,1710929451
2024-03-14,0xdab27fb1923fc017e941d837040add59b9aff9fd,11126,0xedb61a92de9d08874bdf2a9d1fdf8df9f111bf7d,22.091738,22.091738,0.0,1,0,1710520719
2024-03-14,0xdab27fb1923fc017e941d837040add59b9aff9fd,11980,0xdebc75d4fd88bfcaa1bf48bdb41a185a59d6583d,601.481879,1190.165436,588.683557,2,1,1710832925
2024-03-14,0xdab27fb1923fc017e941d837040add59b9aff9fd,12104,0x66e192109e228471c55d51b3d9e24c05554a385a,0.0,0.0,4115.0,0,1,1710966109
2024-03-14,0xdab27fb1923fc017e941d837040add59b9aff9fd,12143,0xbada88073dd58b151afd19a5b5bb6450ffcaa8f8,0.0,0.0,38238.768995,0,1,1710969221
2024-03-14,0xdab27fb1923fc017e941d837040add59b9aff9fd,12252,0x66e192109e228471c55d51b3d9e24c05554a385a,0.0,0.0,1124.119865,0,1,1710966081
2024-03-14,0xdab27fb1923fc017e941d837040add59b9aff9fd,12303,0x0b0811d3d8342063db74b45a4344cdbee6389bdb,0.0,0.0,1.003516,0,1,1710645871
2024-03-14,0xdab27fb1923fc017e941d837040add59b9aff9fd,12390,0x570ccecda25fe07aac549e87a025d1aa047f6b09,2450.189169,2450.189169,0.0,1,0,1710727735
2024-03-14,0xdab27fb1923fc017e941d837040add59b9aff9fd,12433,0x8bb820c251ac194ca770f9f0cdc12b76354e3de6,0.0,0.0,5814.66641,0,1,1710953383
2024-03-14,0xdab27fb1923fc017e941d837040add59b9aff9fd,12614,0x2358e3a7bb9d933095d187e7cf68f2507bfc07f6,12.425902,12.425902,0.0,1,0,1710621347
2024-03-14,0xdab27fb1923fc017e941d837040add59b9aff9fd,12804,0x547b36b9710b5fdbcd89abf983c2b944bfc6c073,916.994962,916.994962,0.0,1,0,1710855457
2024-03-14,0xdab27fb1923fc017e941d837040add59b9aff9fd,13130,0x7ccafeb9dce6916bfde3b24e9fd6d95eb1d873b7,103.982472,103.982472,0.0,1,0,1710406599
2024-03-14,0xdab27fb1923fc017e941d837040add59b9aff9fd,13345,0x499e194d7a106ac1305ed4f96c6ceaaff650462d,46.498619,46.498619,0.0,1,0,1710689523
2024-03-14,0xdab27fb1923fc017e941d837040add59b9aff9fd,13550,0x1af88f5f269c642b3609c7e20f7b69a5c0feee07,2232.0,2232.0,0.0,1,0,1710973183
2024-03-14,0xe2d3b2f9d4baab9a0de671e95febac27e37050f2,11929,0xc1634876892843d3f80e790baf3f05bf907e94f6,9.31997,9.31997,27.185734,1,1,1710781663
2024-03-14,0xe323931fbbbc79dfa5d5cabd6a33436af2380dc2,3314,0x7d6aff9f85ef8802a1492189e8021b085c6b37f7,158.997206,158.997206,0.0,1,0,1710940189
2024-03-14,0xe323931fbbbc79dfa5d5cabd6a33436af2380dc2,5901,0x2c7a4dbcf33080ac93b14be408b457eb40a7dfb8,37.063318,37.063318,0.0,1,0,1710674811
2024-03-14,0xe323931fbbbc79dfa5d5cabd6a33436af2380dc2,7121,0x011b0a055e02425461a1ae95b30f483c4ff05be7,1486.312981,1486.312981,0.0,1,0,1710974045
2024-03-14,0xe323931fbbbc79dfa5d5cabd6a33436af2380dc2,7122,0x011b0a055e02425461a1ae95b30f483c4ff05be7,656.767685,656.767685,0.0,1,0,1710974075
2024-03-14,0xe323931fbbbc79dfa5d5cabd6a33436af2380dc2,12444,0xde556dd8c552429758b4915fd2323d2075e30bf0,41.809188,41.809188,0.0,1,0,1710801175
2024-03-14,0xe96c788e66a97cf455f46c5b27786191fd3bc50b,47,0x011b0a055e02425461a1ae95b30f483c4ff05be7,0.0,0.0,304634.176058,0,1,1710974017
2024-03-14,0xe96c788e66a97cf455f46c5b27786191fd3bc50b,52,0x28878aec6b4209d90a40890183e3322f0ae5b2e2,0.0,0.0,276666.548212,0,1,1710967279
2024-03-14,0xe96c788e66a97cf455f46c5b27786191fd3bc50b,54,0xf265702178a66b4b7ce079fc8a1629e47cf1bcde,0.0,0.0,1183386.850623,0,1,1710974843
2024-03-14,0xe96c788e66a97cf455f46c5b27786191fd3bc50b,55,0x285fed35cbea271a711681e84ffd83c68a596a75,0.0,0.0,114272.907834,0,1,1710965869
2024-03-14,0xe96c788e66a97cf455f46c5b27786191fd3bc50b,74,0x9c0d72f2ac26420cb7eeb155bf401b672840e87b,874683.890157,874683.890157,0.0,1,0,1710949427
2024-03-14,0xe96c788e66a97cf455f46c5b27786191fd3bc50b,113,0xfa9e221a7af006531a816e98792a3e4b22a01461,0.0,0.0,242632.766764,0,1,1710948815
2024-03-14,0xe96c788e66a97cf455f46c5b27786191fd3bc50b,114,0x611b0c1ed942b833c786c53883a4aa37a25602a6,0.0,0.0,95674.143475,0,1,1710940449
2024-03-14,0xe96c788e66a97cf455f46c5b27786191fd3bc50b,148,0x6580bcc99af557e277cae063d7308cdbd59bf7b3,342017.387121,342017.387121,0.0,1,0,1710939603
2024-03-14,0xe96c788e66a97cf455f46c5b27786191fd3bc50b,159,0x05391a4b0749c29335024f41552a56cfa6bd3883,0.0,0.0,219875.822715,0,1,1710945121
2024-03-14,0xe96c788e66a97cf455f46c5b27786191fd3bc50b,162,0xfa9e221a7af006531a816e98792a3e4b22a01461,0.0,0.0,215383.154308,0,1,1710948969
2024-03-14,0xe96c788e66a97cf455f46c5b27786191fd3bc50b,165,0x54ecb3397b0bf31cb0b81eb2444e2a7b32507d8b,39850.50214,39850.50214,39782.930183,1,1,1710959895
2024-03-14,0xe96c788e66a97cf455f46c5b27786191fd3bc50b,200,0x84740d1658462441250885423588b6fd12314747,0.0,0.0,194578.827877,0,1,1710948629
2024-03-14,0xe96c788e66a97cf455f46c5b27786191fd3bc50b,228,0x323f5bb64b34e259ed16ccc3f5037f4857a684df,0.0,0.0,167439.153707,0,1,1710937603
2024-03-14,0xe96c788e66a97cf455f46c5b27786191fd3bc50b,232,0x576f1e53afe5e99b2257258c7e3248d3a1822548,57878.182225,57878.182225,0.0,1,0,1710925753
2024-03-14,0xe96c788e66a97cf455f46c5b27786191fd3bc50b,289,0x95b05f935655c37ada2088c5767e5006f230b068,0.0,0.0,11691.964387,0,1,1710975155
2024-03-14,0xe96c788e66a97cf455f46c5b27786191fd3bc50b,347,0xdffd8bbf8dcaf236c4e009ff6013bfc98407b6c0,0.0,0.0,102976.689669,0,1,1710968829
2024-03-14,0xe96c788e66a97cf455f46c5b27786191fd3bc50b,398,0x48c7e0db3dad3fe4eb0513b86fe5c38ebb4e0f91,0.0,0.0,6729.282934,0,1,1710958033
2024-03-14,0xe96c788e66a97cf455f46c5b27786191fd3bc50b,430,0x3c20a73dceb7eccb6ce6496c85ffd35bbc526603,0.0,0.0,122425.707682,0,1,1710933041
2024-03-14,0xe96c788e66a97cf455f46c5b27786191fd3bc50b,452,0x21484a41b00c014c4ad5c92bbb7661fd7c1c9a2b,0.0,0.0,26595.711036,0,1,1710939847
2024-03-14,0xe96c788e66a97cf455f46c5b27786191fd3bc50b,486,0x7ee615e93d2d58feb14e58ea93f3fb5940d227e4,0.0,0.0,10581.259585,0,1,1710929981
2024-03-14,0xe96c788e66a97cf455f46c5b27786191fd3bc50b,536,0xf6ed81d5e9f61dd1ea21e96ae1d660ecc388ae4f,8305.581077,8305.581077,8291.497832,1,1,1710962145
2024-03-14,0xe96c788e66a97cf455f46c5b27786191fd3bc50b,577,0xc2c5cae84ebde7e29c9f8c6331d2e9b8137a84e1,0.0,0.0,35620.376778,0,1,1710970015
2024-03-14,0xe96c788e66a97cf455f46c5b27786191fd3bc50b,655,0x3590f55eecc2eb731e6888acf5e5c87f22be85be,0.0,0.0,32032.066233,0,1,1710939385
2024-03-14,0xe96c788e66a97cf455f46c5b27786191fd3bc50b,735,0x2130fd01026867a6c8dde24ad5e64f2e2dfce196,26146.284967,26146.284967,26101.950379,1,1,1710932605
2024-03-14,0xe96c788e66a97cf455f46c5b27786191fd3bc50b,877,0x2ccf109701bb766ea47cc673b1366af4e82976b1,41390.327701,41390.327701,0.0,1,0,1710961837
2024-03-14,0xe96c788e66a97cf455f46c5b27786191fd3bc50b,896,0x2c8dbcebdc218f0f4e39c868a01c6c9a857aa5bb,0.0,0.0,61219.66094,0,1,1710973217
2024-03-14,0xe96c788e66a97cf455f46c5b27786191fd3bc50b,957,0x77d4d1d555533652815c2f12171ae7f45b6332b2,0.0,0.0,16581.383523,0,1,1710966417
2024-03-14,0xe96c788e66a97cf455f46c5b27786191fd3bc50b,1341,0xb86a352cffe8629266fd0279407ecddb67e5c328,0.0,0.0,9063.786619,0,1,1710902069
2024-03-14,0xe96c788e66a97cf455f46c5b27786191fd3bc50b,1413,0x53e213da8c28d85dc6663c3b5e35bb0ffbb05752,0.0,0.0,3590.164666,0,1,1710968939
2024-03-14,0xe96c788e66a97cf455f46c5b27786191fd3bc50b,1912,0x3e516b6d229bf935f1b6bf4a0c2531ddab48cf1b,0.0,0.0,1841.254501,0,1,1710961127
2024-03-14,0xe96c788e66a97cf455f46c5b27786191fd3bc50b,1957,0x2d5a17539943a8c1a753578af3b4f91c9eb85eb9,0.0,0.0,16863.864062,0,1,1710973185
2024-03-14,0xe96c788e66a97cf455f46c5b27786191fd3bc50b,2362,0xbaa9b493bccbe1a900b39870980f41356f85822a,0.0,0.0,6527.822317,0,1,1710963125
2024-03-14,0xe96c788e66a97cf455f46c5b27786191fd3bc50b,2377,0xc8b02bd12705f1cf4ee78dae82557919c8733dc4,0.0,0.0,4924.502814,0,1,1710941635
2024-03-14,0xe96c788e66a97cf455f46c5b27786191fd3bc50b,2546,0x8b478359b5593747473e67f78b1f0048c1c523ed,0.0,0.0,3385.81999,0,1,1710940865
2024-03-14,0xe96c788e66a97cf455f46c5b27786191fd3bc50b,2805,0x55d0cecd3c360098ebfb10a9013d2059c492f930,0.0,0.0,2559.354564,0,1,1710974237
2024-03-14,0xe96c788e66a97cf455f46c5b27786191fd3bc50b,3781,0xaf11495f021c5c2c5f5230f40d5d57ebe4059700,0.0,0.0,29255.073247,0,1,1710968279
2024-03-14,0xe96c788e66a97cf455f46c5b27786191fd3bc50b,9282,0x5929cc4d10b6a1acc5bf5d221889f10251c628a1,4486.395715,4486.395715,55914.96154,1,1,1710961153
2024-03-14,0xe96c788e66a97cf455f46c5b27786191fd3bc50b,9371,0x6580bcc99af557e277cae063d7308cdbd59bf7b3,684321.403795,684321.403795,0.0,1,0,1710939623
2024-03-14,0xe96c788e66a97cf455f46c5b27786191fd3bc50b,9707,0x60034a6d90f54d3bbc3188033fd08b1a146802ba,0.0,0.0,1509.47232,0,1,1710523543
2024-03-14,0xe96c788e66a97cf455f46c5b27786191fd3bc50b,9907,0x4127143a866bf5d8ad2afb6de8e63164b8ad5bf6,0.0,0.0,213068.94503,0,1,1710961787
2024-03-14,0xe96c788e66a97cf455f46c5b27786191fd3bc50b,9918,0x2d5a17539943a8c1a753578af3b4f91c9eb85eb9,0.0,0.0,1533.327292,0,1,1710973193
2024-03-14,0xe96c788e66a97cf455f46c5b27786191fd3bc50b,9928,0x5929cc4d10b6a1acc5bf5d221889f10251c628a1,0.0,0.0,15475.884796,0,1,1710961183
2024-03-14,0xe96c788e66a97cf455f46c5b27786191fd3bc50b,10100,0x2bcdca8c689b4aa460b66ffde1d6b1761d41d5df,0.0,0.0,1829.287207,0,1,1710961571
2024-03-14,0xe96c788e66a97cf455f46c5b27786191fd3bc50b,10294,0x48a6a8d403a58eccc70d4d57347f801d4e182564,10005378.451295,10005378.451295,5509052.39408,1,1,1710962043
2024-03-14,0xe96c788e66a97cf455f46c5b27786191fd3bc50b,10295,0xc875b3dae5b0c371bc8cf9ded64868b78ac47587,84238.233213,84238.233213,253066.26746,1,1,1710977963
2024-03-14,0xe96c788e66a97cf455f46c5b27786191fd3bc50b,10296,0x03c70563e94de5de56c11a0cc4ce3482f592854f,210016.590673,210016.590673,630926.275148,1,1,1710977765
2024-03-14,0xe96c788e66a97cf455f46c5b27786191fd3bc50b,10298,0xc9814f18a8751214f719de15c54d01b3d78ef14f,38168.527769,19854345.88518,19933637.378381,170,170,1710977733
2024-03-14,0xe96c788e66a97cf455f46c5b27786191fd3bc50b,11120,0x0b5897d201d83a9fcbeefc086c100a8eaa5ada9a,12736.359519,12736.359519,11043.095511,1,1,1710929451
2024-03-14,0xe96c788e66a97cf455f46c5b27786191fd3bc50b,11127,0xeb2d541a7599eecc86049e366aa82a914a7cbc74,4510.984267,4510.984267,0.0,1,0,1710955451
2024-03-14,0xe96c788e66a97cf455f46c5b27786191fd3bc50b,11399,0x28878aec6b4209d90a40890183e3322f0ae5b2e2,0.0,0.0,74154.43632,0,1,1710967323
2024-03-14,0xeff0891e5a1bd47a8f1e77abebfee4145974d088,47,0x011b0a055e02425461a1ae95b30f483c4ff05be7,0.0,0.0,60793.223731,0,1,1710974017
2024-03-14,0xeff0891e5a1bd47a8f1e77abebfee4145974d088,103,0x1c2ed7a6c4e3c1146103fa222181115a72243a06,56180.728308,56180.728308,56085.466229,1,1,1710975299
2024-03-14,0xeff0891e5a1bd47a8f1e77abebfee4145974d088,204,0x3aee7d5600c29ee7e4482c810746081313460738,0.0,0.0,38832.752354,0,1,1710974241
2024-03-14,0xeff0891e5a1bd47a8f1e77abebfee4145974d088,254,0xdbd5d31b7f48adc13a0ab0c591f7e3d4f9642e69,0.0,0.0,28304.483174,0,1,1710958595
2024-03-14,0xeff0891e5a1bd47a8f1e77abebfee4145974d088,441,0xdceb0bb3311342e3ce9e49f57affce9deac40ba1,19115.314228,19115.314228,0.0,1,0,1710794891
2024-03-14,0xeff0891e5a1bd47a8f1e77abebfee4145974d088,864,0xdc7434d709bdbf483ed74989eae91c17b7ce1a33,0.0,0.0,9679.543218,0,1,1710958649
2024-03-14,0xeff0891e5a1bd47a8f1e77abebfee4145974d088,1038,0x5eda2dc136986fc88d4df5696bc464f96a20268a,14304.362911,14304.362911,0.0,1,0,1710890321
2024-03-14,0xeff0891e5a1bd47a8f1e77abebfee4145974d088,1566,0x24bf21c742791848cb37d228afad72a5a273b181,6802.169681,6802.169681,0.0,1,0,1710870065
2024-03-14,0xeff0891e5a1bd47a8f1e77abebfee4145974d088,7121,0x011b0a055e02425461a1ae95b30f483c4ff05be7,0.0,0.0,10872.320828,0,1,1710974045
2024-03-14,0xeff0891e5a1bd47a8f1e77abebfee4145974d088,9632,0xc118aad878cd75907cf14945326dfda1a70835af,2005.726644,2005.726644,2030.028705,1,1,1710886481
2024-03-14,0xeff0891e5a1bd47a8f1e77abebfee4145974d088,12303,0x0b0811d3d8342063db74b45a4344cdbee6389bdb,0.0,0.0,1.003516,0,1,1710645871
2024-03-14,0xeff0891e5a1bd47a8f1e77abebfee4145974d088,12748,0x80d2214479e1cf9d79ea6690c4fff58fc56f866c,676.753938,676.753938,686.284174,1,1,1710966091
2024-03-14,0xeff0891e5a1bd47a8f1e77abebfee4145974d088,12892,0xe37313de15dec90ae66bc427f8f016c917479dca,0.0,0.0,101.685762,0,1,1710795543
2024-03-14,0xeff0891e5a1bd47a8f1e77abebfee4145974d088,13444,0xe37313de15dec90ae66bc427f8f016c917479dca,70.479941,70.479941,0.0,1,0,1710802577
2024-03-14,0xf185f82a1948d014bae23d30b06fa8da35110315,103,0x1c2ed7a6c4e3c1146103fa222181115a72243a06,56180.728308,56180.728308,56085.466229,1,1,1710975299
2024-03-14,0xf185f82a1948d014bae23d30b06fa8da35110315,984,0x68e0384d0a5daaf5dc4247ab0d49cf6dce4aa748,0.0,0.0,16745.973431,0,1,1710972923
2024-03-14,0xf185f82a1948d014bae23d30b06fa8da35110315,2152,0x037b21279931e628b11b4507b9f7870b15de1c17,0.0,0.0,3957.892052,0,1,1710975133
2024-03-14,0xf185f82a1948d014bae23d30b06fa8da35110315,2887,0x4ce268f49ef0726d602a8b0f22fcc543aa23bb51,0.0,0.0,2202.321446,0,1,1710975249
2024-03-14,0xf185f82a1948d014bae23d30b06fa8da35110315,7121,0x011b0a055e02425461a1ae95b30f483c4ff05be7,0.0,0.0,2965.178408,0,1,1710974045
2024-03-14,0xf185f82a1948d014bae23d30b06fa8da35110315,8421,0x77eeaf07c050a690f9b3c2e8e7642cc3cbeceeb4,172806.040155,172806.040155,173361.612669,1,1,1710946135
2024-03-14,0xf185f82a1948d014bae23d30b06fa8da35110315,13586,0x77eeaf07c050a690f9b3c2e8e7642cc3cbeceeb4,1247.55,1247.55,0.0,1,0,1710946219
2024-03-14,0xf213f2d02837012dc0236cc105061e121bb03e37,7,0x586cf50c2874f3e3997660c0fd0996b090fb9764,7314125.359969,7314125.359969,7301723.263823,1,1,1710941851
2024-03-14,0xf213f2d02837012dc0236cc105061e121bb03e37,10,0x24e9cbb9ddda1247ae4b4eeee3c569a2190ac401,1692286.609652,1692286.609652,1644292.104105,1,1,1710411473
2024-03-14,0xf213f2d02837012dc0236cc105061e121bb03e37,53,0x1594b251df6b70ca9a01d4de0836ab4fd9811241,749622.626538,749622.626538,0.0,1,0,1710971817
2024-03-14,0xf213f2d02837012dc0236cc105061e121bb03e37,54,0xf265702178a66b4b7ce079fc8a1629e47cf1bcde,711238.111503,711238.111503,0.0,1,0,1710974843
2024-03-14,0xf213f2d02837012dc0236cc105061e121bb03e37,58,0x61d4ac515b82d1ec2f021e63b17519683ac1cabd,0.0,0.0,2081792.610842,0,1,1710974495
2024-03-14,0xf213f2d02837012dc0236cc105061e121bb03e37,59,0xa3cbd0c67dee5142209ff0cf155bc2bc51acf180,0.0,0.0,490369.317398,0,1,1710974741
2024-03-14,0xf213f2d02837012dc0236cc105061e121bb03e37,87,0x5d396a2106694308a40608ef14a1c0892b6b7faa,405255.472893,405255.472893,606852.46053,1,1,1710965043
2024-03-14,0xf213f2d02837012dc0236cc105061e121bb03e37,91,0x423a66a3ce61eaa3bcd922c4d71b781e01d746f0,163175.887002,163175.887002,215026.944068,1,1,1710972113
2024-03-14,0xf213f2d02837012dc0236cc105061e121bb03e37,93,0x0291eb432cb4a2613a7415018933e3db45bcd769,0.0,0.0,1046924.220837,0,1,1710964375
2024-03-14,0xf213f2d02837012dc0236cc105061e121bb03e37,139,0xa04275c10f39e8675a34e147e2ef78d35129f2b6,131090.158346,131090.158346,0.0,1,0,1710975293
2024-03-14,0xf213f2d02837012dc0236cc105061e121bb03e37,140,0x873d59965b2c97ecd536be8438153db432597b9d,93211.44711,93211.44711,0.0,1,0,1710975087
2024-03-14,0xf213f2d02837012dc0236cc105061e121bb03e37,169,0xcba1a275e2d858ecffaf7a87f606f74b719a8a93,64563.074923,64563.074923,0.0,1,0,1710973917
2024-03-14,0xf213f2d02837012dc0236cc105061e121bb03e37,172,0x606d2c436a07be40c276a6176bb1376c34e49ee9,243178.288426,243178.288426,0.0,1,0,1710974675
2024-03-14,0xf213f2d02837012dc0236cc105061e121bb03e37,175,0x412eb8c11c4c41103e2763c408f0162c74675109,239333.392998,239333.392998,0.0,1,0,1710974817
2024-03-14,0xf213f2d02837012dc0236cc105061e121bb03e37,188,0xa60aadf62907bf06dd714781d44bbd4c2d783259,54764.023595,54764.023595,0.0,1,0,1710969839
2024-03-14,0xf213f2d02837012dc0236cc105061e121bb03e37,209,0xfcbb477ec276476b6029ed0467f28f5ac1712884,0.0,0.0,74950.884857,0,1,1710972877
2024-03-14,0xf213f2d02837012dc0236cc105061e121bb03e37,219,0x2c99d50eb4daa1d26b5ba0b1daab58cbfc0ac3e6,175934.786706,175934.786706,175348.350603,1,1,1710966823
2024-03-14,0xf213f2d02837012dc0236cc105061e121bb03e37,232,0x576f1e53afe5e99b2257258c7e3248d3a1822548,0.0,0.0,57521.82572,0,1,1710925753
2024-03-14,0xf213f2d02837012dc0236cc105061e121bb03e37,238,0xb6f28ae8f31d85dc27361852b986286113bc588d,42597.277086,42597.277086,42525.047598,1,1,1710974035
2024-03-14,0xf213f2d02837012dc0236cc105061e121bb03e37,390,0x873d59965b2c97ecd536be8438153db432597b9d,23265.778677,23265.778677,0.0,1,0,1710975071
2024-03-14,0xf213f2d02837012dc0236cc105061e121bb03e37,405,0x2f707265e61300e8290c18e38ebcbd129fb0b0f5,211380.906525,211380.906525,0.0,1,0,1710970877
2024-03-14,0xf213f2d02837012dc0236cc105061e121bb03e37,509,0x34223719d75cbc336b77ccd8af6b9342bd6af1cb,0.0,0.0,6932.395945,0,1,1710956477
2024-03-14,0xf213f2d02837012dc0236cc105061e121bb03e37,523,0xde93a283495fa2834047b53871a8e4e09f96d841,0.0,0.0,2489.368565,0,1,1710968397
2024-03-14,0xf213f2d02837012dc0236cc105061e121bb03e37,2111,0x3f9d386eeb91304ab65899b567ee8756d3298d40,4258.467329,4258.467329,0.0,1,0,1710944549
2024-03-14,0xf213f2d02837012dc0236cc105061e121bb03e37,2323,0xfe7b25a93f38995a140d064f9caa433f20103339,3603.837091,3603.837091,0.0,1,0,1710974833
2024-03-14,0xf213f2d02837012dc0236cc105061e121bb03e37,3682,0xa62e0bae97b1afa564b4c79ac6e1918defd90016,0.0,0.0,1091.494391,0,1,1710479685
2024-03-14,0xf213f2d02837012dc0236cc105061e121bb03e37,3863,0x14b6812a81218e17cb7a1b2ffd14f5789283193c,939.541679,939.541679,0.0,1,0,1710430765
2024-03-14,0xf213f2d02837012dc0236cc105061e121bb03e37,6171,0xcb2aa9a60946058ff83fb095ddf2582c3c47c375,0.0,0.0,725.507389,0,1,1710778227
2024-03-14,0xf213f2d02837012dc0236cc105061e121bb03e37,8355,0x1594b251df6b70ca9a01d4de0836ab4fd9811241,67015.866693,67015.866693,0.0,1,0,1710971877
2024-03-14,0xf213f2d02837012dc0236cc105061e121bb03e37,8388,0x5d396a2106694308a40608ef14a1c0892b6b7faa,454140.448177,454140.448177,681847.138161,1,1,1710965043
2024-03-14,0xf213f2d02837012dc0236cc105061e121bb03e37,9374,0x6a2064a87f83aee30a9331c680763ed7d473ae23,0.0,0.0,112022.598254,0,1,1710965367
2024-03-14,0xf213f2d02837012dc0236cc105061e121bb03e37,9707,0x60034a6d90f54d3bbc3188033fd08b1a146802ba,1519.511097,1519.511097,0.0,1,0,1710523543
2024-03-14,0xf213f2d02837012dc0236cc105061e121bb03e37,10294,0x48a6a8d403a58eccc70d4d57347f801d4e182564,0.0,0.0,1001645.889833,0,1,1710962043
2024-03-14,0xf213f2d02837012dc0236cc105061e121bb03e37,10295,0xc875b3dae5b0c371bc8cf9ded64868b78ac47587,380681.109511,380681.109511,126533.13373,1,1,1710977963
2024-03-14,0xf213f2d02837012dc0236cc105061e121bb03e37,10296,0x03c70563e94de5de56c11a0cc4ce3482f592854f,949086.248646,949086.248646,315463.137574,1,1,1710977765
2024-03-14,0xf213f2d02837012dc0236cc105061e121bb03e37,10298,0xc9814f18a8751214f719de15c54d01b3d78ef14f,172487.443589,10080576.122294,9966818.689191,170,170,1710977733
2024-03-14,0xf213f2d02837012dc0236cc105061e121bb03e37,10925,0xe5e63a7fd8e329ee60ed8be8676f7bf103522fe7,17220.681592,17220.681592,0.0,1,0,1710940169
2024-03-14,0xf213f2d02837012dc0236cc105061e121bb03e37,11345,0xe5e63a7fd8e329ee60ed8be8676f7bf103522fe7,6139.465841,6139.465841,0.0,1,0,1710940293
2024-03-14,0xf213f2d02837012dc0236cc105061e121bb03e37,11868,0x1ed895ada0c756864cb246afa735404edc03c520,19.4978,19.4978,41.804249,1,1,1710443675
2024-03-14,0xf213f2d02837012dc0236cc105061e121bb03e37,12147,0x5d396a2106694308a40608ef14a1c0892b6b7faa,0.0,0.0,23344.162625,0,1,1710963689
2024-03-14,0xf213f2d02837012dc0236cc105061e121bb03e37,12412,0x4d2a353dcd9b25a241382241c9b9a27b7cd08f20,0.0,0.0,16.46056,0,1,1710408109
2024-03-14,0xf213f2d02837012dc0236cc105061e121bb03e37,12940,0x388d397b6ba2cb3aa20e39d59b779a3ac35c8358,0.0,0.0,0.124655,0,1,1710389589
2024-03-14,0xf213f2d02837012dc0236cc105061e121bb03e37,13191,0xeb1a776fd8d21f5d4de14b2514769ef9b30d5673,1.989531,3.982474,1.992943,2,1,1710689109
2024-03-14,0xf45f6cdbcd0d2d4bf4d9758b032a66a2cf4e55c8,23,0xc01a1cd505e6afcd3ced2ee1bac67890497f6654,49148.930508,49148.930508,0.0,1,0,1710961795
2024-03-14,0xf45f6cdbcd0d2d4bf4d9758b032a66a2cf4e55c8,51,0x0f228805c03a693aa964a791e0b2e2c6e6c6513f,236979.513229,236979.513229,0.0,1,0,1710968507
2024-03-14,0xf45f6cdbcd0d2d4bf4d9758b032a66a2cf4e55c8,52,0x28878aec6b4209d90a40890183e3322f0ae5b2e2,415704.70629,415704.70629,0.0,1,0,1710967279
2024-03-14,0xf45f6cdbcd0d2d4bf4d9758b032a66a2cf4e55c8,55,0x285fed35cbea271a711681e84ffd83c68a596a75,228934.004466,228934.004466,0.0,1,0,1710965869
2024-03-14,0xf45f6cdbcd0d2d4bf4d9758b032a66a2cf4e55c8,57,0x72d4d59f31d0cb4a4213a5dc81fc0108241ecc71,615799.94548,615799.94548,0.0,1,0,1710962531
2024-03-14,0xf45f6cdbcd0d2d4bf4d9758b032a66a2cf4e55c8,93,0x0291eb432cb4a2613a7415018933e3db45bcd769,262175.609679,262175.609679,0.0,1,0,1710964375
2024-03-14,0xf45f6cdbcd0d2d4bf4d9758b032a66a2cf4e55c8,106,0x615e5022252b31af496574f00d5519c5d93261ab,81288.443306,81288.443306,0.0,1,0,1710963695
2024-03-14,0xf45f6cdbcd0d2d4bf4d9758b032a66a2cf4e55c8,126,0xf5a93410e7e32bbf28a8eaafbd7f241cf0b290fb,213620.921115,213620.921115,0.0,1,0,1710972003
2024-03-14,0xf45f6cdbcd0d2d4bf4d9758b032a66a2cf4e55c8,163,0x7ed7888f3bf70ed07f94fd7381d39476928331f7,113137.392792,113137.392792,0.0,1,0,1710964779
2024-03-14,0xf45f6cdbcd0d2d4bf4d9758b032a66a2cf4e55c8,195,0x302757fe1990e6558e03d05036bb88c3129a22c8,42228.823426,42228.823426,0.0,1,0,1710965569
2024-03-14,0xf45f6cdbcd0d2d4bf4d9758b032a66a2cf4e55c8,209,0xfcbb477ec276476b6029ed0467f28f5ac1712884,85658.154122,85658.154122,0.0,1,0,1710972877
2024-03-14,0xf45f6cdbcd0d2d4bf4d9758b032a66a2cf4e55c8,327,0xd2f132930ea3c58a389c6ad3a91ef104f95fe697,101434.956599,101434.956599,0.0,1,0,1710967089
2024-03-14,0xf45f6cdbcd0d2d4bf4d9758b032a66a2cf4e55c8,362,0x5929cc4d10b6a1acc5bf5d221889f10251c628a1,86906.172468,86906.172468,0.0,1,0,1710960907
2024-03-14,0xf45f6cdbcd0d2d4bf4d9758b032a66a2cf4e55c8,437,0xbae3b46e29e7cfd2bba8164765d592ce9802ec70,16943.442781,16943.442781,0.0,1,0,1710974323
2024-03-14,0xf45f6cdbcd0d2d4bf4d9758b032a66a2cf4e55c8,473,0x97020c9ec66e0f59231918b1d2f167a66026aff2,15124.391988,15124.391988,0.0,1,0,1710962573
2024-03-14,0xf45f6cdbcd0d2d4bf4d9758b032a66a2cf4e55c8,536,0xf6ed81d5e9f61dd1ea21e96ae1d660ecc388ae4f,24937.868097,24937.868097,0.0,1,0,1710962145
2024-03-14,0xf45f6cdbcd0d2d4bf4d9758b032a66a2cf4e55c8,577,0xc2c5cae84ebde7e29c9f8c6331d2e9b8137a84e1,35491.189867,35491.189867,0.0,1,0,1710970015
2024-03-14,0xf45f6cdbcd0d2d4bf4d9758b032a66a2cf4e55c8,718,0xe12dbb4320caa9035c5d104620aa7a0debcbd554,6739.91438,6739.91438,0.0,1,0,1710967629
2024-03-14,0xf45f6cdbcd0d2d4bf4d9758b032a66a2cf4e55c8,848,0x5d65a068426a802f77ddaf2b6038533f3c135aa6,20427.072646,20427.072646,0.0,1,0,1710966599
2024-03-14,0xf45f6cdbcd0d2d4bf4d9758b032a66a2cf4e55c8,862,0x4da3e35a2eda1b636db298ffe504e157c6b9e40b,10158.54753,10158.54753,0.0,1,0,1710967131
2024-03-14,0xf45f6cdbcd0d2d4bf4d9758b032a66a2cf4e55c8,912,0x49a5492fdfe5acc966dd5f41310dfdfe8daa349c,6498.156337,6498.156337,0.0,1,0,1710963801
2024-03-14,0xf45f6cdbcd0d2d4bf4d9758b032a66a2cf4e55c8,931,0xfcbb477ec276476b6029ed0467f28f5ac1712884,8631.293512,8631.293512,0.0,1,0,1710972563
2024-03-14,0xf45f6cdbcd0d2d4bf4d9758b032a66a2cf4e55c8,945,0xa66daaf3e6736cce993b56eced596512a7911df8,25592.817842,25592.817842,0.0,1,0,1710965837
2024-03-14,0xf45f6cdbcd0d2d4bf4d9758b032a66a2cf4e55c8,979,0xc935b59c7f810cec91e46b45f03a4ac4cc0e915e,8036.699093,8036.699093,0.0,1,0,1710961695
2024-03-14,0xf45f6cdbcd0d2d4bf4d9758b032a66a2cf4e55c8,1110,0xfcf80133cd4e8d79ddf8125a32980398a0b074d0,13016.160486,13016.160486,0.0,1,0,1710964949
2024-03-14,0xf45f6cdbcd0d2d4bf4d9758b032a66a2cf4e55c8,1154,0xe43fa6cbb7dda0bd863593c5e75fae9b4dcd5cd4,3050.581918,3050.581918,0.0,1,0,1710964671
2024-03-14,0xf45f6cdbcd0d2d4bf4d9758b032a66a2cf4e55c8,1280,0x4fbe5303bca958b8f1ee35b5443aad9ad442e3d7,10310.875799,10310.875799,0.0,1,0,1710966483
2024-03-14,0xf45f6cdbcd0d2d4bf4d9758b032a66a2cf4e55c8,1333,0x5cac4a6ff0c0c90053f0204e8caf1b707bc307e6,11394.217751,11394.217751,0.0,1,0,1710962371
2024-03-14,0xf45f6cdbcd0d2d4bf4d9758b032a66a2cf4e55c8,1390,0xcb879f75c93f3cd545a7955f41419a96817cc5d9,8560.024893,8560.024893,0.0,1,0,1710965841
2024-03-14,0xf45f6cdbcd0d2d4bf4d9758b032a66a2cf4e55c8,1678,0xc9c3bf455e5743539eadfe22a53ca146a644ebaa,6660.921352,6660.921352,0.0,1,0,1710975071
2024-03-14,0xf45f6cdbcd0d2d4bf4d9758b032a66a2cf4e55c8,1891,0x43b2f09af118e01da1ac5c9af1176792b0f41759,5161.416937,5161.416937,0.0,1,0,1710962547
2024-03-14,0xf45f6cdbcd0d2d4bf4d9758b032a66a2cf4e55c8,1892,0x287d2974af3a369e9bd42ef5636b5d1fda13a35a,5601.077341,5601.077341,0.0,1,0,1710966517
2024-03-14,0xf45f6cdbcd0d2d4bf4d9758b032a66a2cf4e55c8,2026,0x51cfa61222807b1b9b00f92e21f0bded7796e9a9,4304.359713,4304.359713,0.0,1,0,1710962195
2024-03-14,0xf45f6cdbcd0d2d4bf4d9758b032a66a2cf4e55c8,2080,0x868cbfd33ec93b451c510125e4d9f1ab1e42fcd2,4152.811267,4152.811267,0.0,1,0,1710965275
2024-03-14,0xf45f6cdbcd0d2d4bf4d9758b032a66a2cf4e55c8,2259,0xddc60d163015cf5ca1369d557a2ca1cc2de1f1e3,2716.036946,2716.036946,0.0,1,0,1710961779
2024-03-14,0xf45f6cdbcd0d2d4bf4d9758b032a66a2cf4e55c8,2362,0xbaa9b493bccbe1a900b39870980f41356f85822a,6538.909929,6538.909929,0.0,1,0,1710963125
2024-03-14,0xf45f6cdbcd0d2d4bf4d9758b032a66a2cf4e55c8,2410,0x823b8c5fa9d5b19649434dda4ee042ba94e7159e,1384.469348,1384.469348,0.0,1,0,1710966467
2024-03-14,0xf45f6cdbcd0d2d4bf4d9758b032a66a2cf4e55c8,2731,0xd511a8d9448dc95e774000dcc342207144aa9377,2864.990568,2864.990568,0.0,1,0,1710962201
2024-03-14,0xf45f6cdbcd0d2d4bf4d9758b032a66a2cf4e55c8,3608,0x094b12a57fcf2c37e0b5898a50f372427812280f,2772.66933,2772.66933,0.0,1,0,1710964843
2024-03-14,0xf45f6cdbcd0d2d4bf4d9758b032a66a2cf4e55c8,3781,0xaf11495f021c5c2c5f5230f40d5d57ebe4059700,29304.763467,29304.763467,0.0,1,0,1710968279
2024-03-14,0xf45f6cdbcd0d2d4bf4d9758b032a66a2cf4e55c8,4197,0xc9ea255b552793e2533f666013a8d1d9e36cc206,691.314735,691.314735,0.0,1,0,1710966545
2024-03-14,0xf45f6cdbcd0d2d4bf4d9758b032a66a2cf4e55c8,8032,0xf265702178a66b4b7ce079fc8a1629e47cf1bcde,104719.654853,104719.654853,0.0,1,0,1710975405
2024-03-14,0xf45f6cdbcd0d2d4bf4d9758b032a66a2cf4e55c8,8375,0x314c0695273ba259bb60074f2c92c67ac7ae6d40,8293.061861,8293.061861,0.0,1,0,1710962711
2024-03-14,0xf45f6cdbcd0d2d4bf4d9758b032a66a2cf4e55c8,9282,0x5929cc4d10b6a1acc5bf5d221889f10251c628a1,42561.948858,42561.948858,0.0,1,0,1710961153
2024-03-14,0xf45f6cdbcd0d2d4bf4d9758b032a66a2cf4e55c8,9518,0x6b879c078ea4cc27bbdb486fcaa4fa27e6cbe97a,3171.856175,3171.856175,0.0,1,0,1710960615
2024-03-14,0xf45f6cdbcd0d2d4bf4d9758b032a66a2cf4e55c8,9872,0xf22862b5c8d5a17a68536521e0c82c5387bd65af,768.475011,768.475011,0.0,1,0,1710961989
2024-03-14,0xf45f6cdbcd0d2d4bf4d9758b032a66a2cf4e55c8,9928,0x5929cc4d10b6a1acc5bf5d221889f10251c628a1,16659.538092,16659.538092,0.0,1,0,1710961183
2024-03-14,0xf45f6cdbcd0d2d4bf4d9758b032a66a2cf4e55c8,9954,0x7d374fe73fd8358a93c53e978477f7ba4129be0c,18961.713057,18961.713057,0.0,1,0,1710963979
2024-03-14,0xf45f6cdbcd0d2d4bf4d9758b032a66a2cf4e55c8,11399,0x28878aec6b4209d90a40890183e3322f0ae5b2e2,74676.38884,74676.38884,0.0,1,0,1710967323
2024-03-14,0xf45f6cdbcd0d2d4bf4d9758b032a66a2cf4e55c8,12015,0x7b2871c2dcad6f2b396fe7e1a087ae6170f4131c,102250.848938,102250.848938,0.0,1,0,1710962287
2024-03-14,0xf45f6cdbcd0d2d4bf4d9758b032a66a2cf4e55c8,12062,0x615e5022252b31af496574f00d5519c5d93261ab,1895.456478,1895.456478,0.0,1,0,1710963715
2024-03-14,0xf45f6cdbcd0d2d4bf4d9758b032a66a2cf4e55c8,12537,0x43b2f09af118e01da1ac5c9af1176792b0f41759,1645.308304,1645.308304,0.0,1,0,1710962565
2024-03-14,0xf45f6cdbcd0d2d4bf4d9758b032a66a2cf4e55c8,13346,0x7b2871c2dcad6f2b396fe7e1a087ae6170f4131c,3989.573916,3989.573916,0.0,1,0,1710962397
2024-03-14,0xf45f6cdbcd0d2d4bf4d9758b032a66a2cf4e55c8,13567,0xe799961b76d65a32365d34289d5aea6c2242fc98,7891.850202,7891.850202,0.0,1,0,1710959123
2024-03-14,0xf45f6cdbcd0d2d4bf4d9758b032a66a2cf4e55c8,13600,0x7b2871c2dcad6f2b396fe7e1a087ae6170f4131c,10916.0,10916.0,0.0,1,0,1710962529
2024-03-14,0xf53b7af40be75043eeba493c622f4f56b3c27a31,1259,0x27cfc88640089f340aeaec182baff0ddf15b1b37,2669.534163,2669.534163,0.0,1,0,1710408589
2024-03-14,0xf53b7af40be75043eeba493c622f4f56b3c27a31,1758,0x92b88f0741fa29638edb8d8d07c82761a265e195,5519.198044,5519.198044,5358.813948,1,1,1710595305
2024-03-14,0xf53b7af40be75043eeba493c622f4f56b3c27a31,3403,0x315c2235d75880afe04310d71ec381dbfb29d307,1475.33027,1475.33027,0.0,1,0,1710420559
2024-03-14,0xf53b7af40be75043eeba493c622f4f56b3c27a31,3471,0x87a78919adc0a79303940418a9c35ad7a5f31561,1333.123478,1333.123478,0.0,1,0,1710583339
2024-03-14,0xf53b7af40be75043eeba493c622f4f56b3c27a31,3762,0xdb02db34221f6116a993b4a70cefe28b9aff379b,0.0,0.0,1930.888343,0,1,1710609979
2024-03-14,0xf53b7af40be75043eeba493c622f4f56b3c27a31,4098,0x3db61d37ee38e2aa668fcbb3ba7b99262040ded3,1297.592685,1297.592685,0.0,1,0,1710406837
2024-03-14,0xf53b7af40be75043eeba493c622f4f56b3c27a31,4555,0x99bf19dca2125b789cfe8a9609c1a217b4e5c918,0.0,0.0,128.657802,0,1,1710736035
2024-03-14,0xf53b7af40be75043eeba493c622f4f56b3c27a31,5158,0x75abf28b9cae8edb0c1209eff172f9420cc63549,388.966012,388.966012,388.966012,1,1,1710413523
2024-03-14,0xf53b7af40be75043eeba493c622f4f56b3c27a31,12303,0x0b0811d3d8342063db74b45a4344cdbee6389bdb,0.0,0.0,1.003516,0,1,1710645871
2024-03-14,0xf6aec4f97623e691a9426a69baf5501509fca05d,435,0x80d8a2a197bb4925ba237c3ee8b3614d6f2cd181,0.0,0.0,57192.353283,0,1,1710909151
2024-03-14,0xf6aec4f97623e691a9426a69baf5501509fca05d,1249,0x623da0e56b50aaf505bad08a5c7beb97a52e7a56,0.0,0.0,10176.506497,0,1,1710709059
2024-03-14,0xf6aec4f97623e691a9426a69baf5501509fca05d,1259,0x27cfc88640089f340aeaec182baff0ddf15b1b37,0.0,0.0,2661.720131,0,1,1710408589
2024-03-14,0xf6aec4f97623e691a9426a69baf5501509fca05d,2410,0x823b8c5fa9d5b19649434dda4ee042ba94e7159e,0.0,0.0,1680.297028,0,1,1710806387
2024-03-14,0xf6aec4f97623e691a9426a69baf5501509fca05d,3172,0xdf17f05eb4cd1876f1c4e18517b255bcbe94d88c,0.0,0.0,1716.181321,0,1,1710865569
2024-03-14,0xf6aec4f97623e691a9426a69baf5501509fca05d,4019,0x3ce8cfddb23173a54cb70927be2d3cfeeba74e04,0.0,0.0,802.533027,0,1,1710914323
2024-03-14,0xf6aec4f97623e691a9426a69baf5501509fca05d,4279,0xcf7e5d2bbe28d27baf5e26e53135bb01e2fd5515,0.0,0.0,656.92758,0,1,1710728981
2024-03-14,0xf6aec4f97623e691a9426a69baf5501509fca05d,4811,0x8371ff8bb82d7d4b5fa542b8372e6f60c83ad888,0.0,0.0,868.739407,0,1,1710402447
2024-03-14,0xf6aec4f97623e691a9426a69baf5501509fca05d,5185,0xfb711974703c2d9b4f969778aa44b0f08be77fc7,0.0,0.0,386.866065,0,1,1710692473
2024-03-14,0xf6aec4f97623e691a9426a69baf5501509fca05d,5186,0x3432c6f35e49352a87f453f2102fa5361e01864e,0.0,0.0,386.859581,0,1,1710692561
2024-03-14,0xf6aec4f97623e691a9426a69baf5501509fca05d,5195,0x40d69a20ce7cadcc201b0b394e7a9085ca934207,0.0,0.0,386.619159,0,1,1710692959
2024-03-14,0xf6aec4f97623e691a9426a69baf5501509fca05d,5709,0x78667266ef6aa9d647827cc19a9d789416ba36d2,0.0,0.0,365.755156,0,1,1710649747
2024-03-14,0xf6aec4f97623e691a9426a69baf5501509fca05d,7844,0x4dccb4444a0a804b778ddac22dc21b4fd0fe1a0d,0.0,0.0,4.8022,0,1,1710828517
2024-03-14,0xf89042057d079debe2a65a1a899e48e0e825105f,24,0x208a17c5fabe5b90282e5906945ff335e39326c4,0.0,0.0,28113.911802,0,1,1710956157
2024-03-14,0xf89042057d079debe2a65a1a899e48e0e825105f,52,0x28878aec6b4209d90a40890183e3322f0ae5b2e2,0.0,0.0,276666.548212,0,1,1710967279
2024-03-14,0xf89042057d079debe2a65a1a899e48e0e825105f,80,0x34f543a73dcb1a4bcbae71e5dd41fcc1b5c17bf7,0.0,0.0,421346.917548,0,1,1710910099
2024-03-14,0xf89042057d079debe2a65a1a899e48e0e825105f,88,0x8bace3a49a375027868cdd34e84521eed1f1b01d,0.0,0.0,670381.757018,0,1,1710968469
2024-03-14,0xf89042057d079debe2a65a1a899e48e0e825105f,197,0x6cd1b82490eb7aa18bec4305c6c2e691194c6898,0.0,0.0,203970.077952,0,1,1710897719
2024-03-14,0xf89042057d079debe2a65a1a899e48e0e825105f,216,0x4aad47cf429dc976079648f739e094aa21350b56,0.0,0.0,179340.991761,0,1,1710885427
2024-03-14,0xf89042057d079debe2a65a1a899e48e0e825105f,220,0x4f6fff5cd87eaf8cf09467366fe783e7ecb1317b,0.0,0.0,172602.168749,0,1,1710897679
2024-03-14,0xf89042057d079debe2a65a1a899e48e0e825105f,234,0x1cabc3e62e0527cbe09917f5ca8e6d9999502d82,0.0,0.0,154936.50616,0,1,1710784921
2024-03-14,0xf89042057d079debe2a65a1a899e48e0e825105f,269,0xb88d3ade7e4231c97038f6d82475a233772ffc25,0.0,0.0,130069.970506,0,1,1710948361
2024-03-14,0xf89042057d079debe2a65a1a899e48e0e825105f,304,0xbbb33d2e7bd7ddc722e53da9ca8ee97df41cfabf,0.0,0.0,54372.590362,0,1,1710840321
2024-03-14,0xf89042057d079debe2a65a1a899e48e0e825105f,319,0xcd763667cd74543bd05c19386347441d3d3f6392,0.0,0.0,50534.826472,0,1,1710716629
2024-03-14,0xf89042057d079debe2a65a1a899e48e0e825105f,707,0xb307d426a34a72a94b32bca5c5f0c8b36440fa80,0.0,0.0,27566.802423,0,1,1710966063
2024-03-14,0xf89042057d079debe2a65a1a899e48e0e825105f,1063,0xe8a17d5276f9c665e7713a2f7a4a0a388915af8d,0.0,0.0,13390.617267,0,1,1710790431
2024-03-14,0xf89042057d079debe2a65a1a899e48e0e825105f,1116,0xb06f3d64068da3014892c64dbd62bc9b985648c7,0.0,0.0,12870.164433,0,1,1710384589
2024-03-14,0xf89042057d079debe2a65a1a899e48e0e825105f,1244,0xbc113ac29567ee89363e4d07462823f60b8b5528,0.0,0.0,10519.452075,0,1,1710970839
2024-03-14,0xf89042057d079debe2a65a1a899e48e0e825105f,1363,0x43d16ccd581e1d6a8d51768f75ddf09b79f4f856,0.0,0.0,1327.45844,0,1,1710971463
2024-03-14,0xf89042057d079debe2a65a1a899e48e0e825105f,1390,0xcb879f75c93f3cd545a7955f41419a96817cc5d9,0.0,0.0,8601.549508,0,1,1710965841
2024-03-14,0xf89042057d079debe2a65a1a899e48e0e825105f,1512,0xc2979f313dd6731efd591e983d4cc5231e49a387,0.0,0.0,7361.128116,0,1,1710966623
2024-03-14,0xf89042057d079debe2a65a1a899e48e0e825105f,1633,0x2071cd4a6e21cf2743af3dcbb63f755a375913e5,0.0,0.0,6480.39551,0,1,1710828597
2024-03-14,0xf89042057d079debe2a65a1a899e48e0e825105f,1660,0xaa62cf7caaf0c7e50deaa9d5d0b907472f00b258,1587.84488,1587.84488,1585.152473,1,1,1710429647
2024-03-14,0xf89042057d079debe2a65a1a899e48e0e825105f,1902,0x37eedb7ac276bd6c894e81b8937b0b0bab154e22,0.0,0.0,1163.894984,0,1,1710970805
2024-03-14,0xf89042057d079debe2a65a1a899e48e0e825105f,1918,0xbd46acf2ae90ed50f7ffef99a6d9ac7d475f57b0,0.0,0.0,4520.80891,0,1,1710890679
2024-03-14,0xf89042057d079debe2a65a1a899e48e0e825105f,1920,0x00c67d9d6d3d13b42a87424e145826c467cccd84,0.0,0.0,4513.198549,0,1,1710852791
2024-03-14,0xf89042057d079debe2a65a1a899e48e0e825105f,1971,0x5538793f0ed24fd4ea2fcd5225a40995a8f5ac3a,0.0,0.0,4393.815616,0,1,1710426931
2024-03-14,0xf89042057d079debe2a65a1a899e48e0e825105f,2133,0x63c80fe5b716d2e5c937a8fe787aa17df59d4344,0.0,0.0,4738.486875,0,1,1710975451
2024-03-14,0xf89042057d079debe2a65a1a899e48e0e825105f,2279,0xcd4a798f3408115137286b3bf9df115ff808aa7a,0.0,0.0,3685.646653,0,1,1710540351
2024-03-14,0xf89042057d079debe2a65a1a899e48e0e825105f,2302,0xba798ede9ff11015205d3f158cee1e587ea108b1,911.253804,911.253804,901.674151,1,1,1710404767
2024-03-14,0xf89042057d079debe2a65a1a899e48e0e825105f,2358,0x4e122c62742eb4811659f6d85fda51cc63764940,0.0,0.0,3554.243854,0,1,1710882727
2024-03-14,0xf89042057d079debe2a65a1a899e48e0e825105f,2382,0x657a38e6994cb578351376dcdb077330d00665d6,0.0,0.0,3507.338601,0,1,1710974741
2024-03-14,0xf89042057d079debe2a65a1a899e48e0e825105f,2510,0x2afeb9ac4196037c575b45ada553b70ec80d40df,0.0,0.0,9982.334915,0,1,1710805893
2024-03-14,0xf89042057d079debe2a65a1a899e48e0e825105f,2890,0xc5b3d87fc8c96d2c4c8ba181f510052fc9ee7f2b,2264.03335,2264.03335,2198.2421,1,1,1710661257
2024-03-14,0xf89042057d079debe2a65a1a899e48e0e825105f,2940,0xea2ffaa47fbdd4c5e6a6d37ee372f9c3ce539065,2134.993401,2134.993401,2134.993401,1,1,1710542955
2024-03-14,0xf89042057d079debe2a65a1a899e48e0e825105f,3047,0xbee2d469aacb46251ae33cca91f482e26c971dff,0.0,0.0,723.711591,0,1,1710969903
2024-03-14,0xf89042057d079debe2a65a1a899e48e0e825105f,3331,0x4a07571aa5d50373eb2c4bde72ffc10a3e580e7b,789.801727,789.801727,765.521178,1,1,1710971341
2024-03-14,0xf89042057d079debe2a65a1a899e48e0e825105f,3400,0x1e51745bdb4436563097833ba83dcc51109d9fa8,0.0,0.0,718.259064,0,1,1710969537
2024-03-14,0xf89042057d079debe2a65a1a899e48e0e825105f,3538,0x2908a0379cbafe2e8e523f735717447579fc3c37,0.0,0.0,641.388467,0,1,1710410509
2024-03-14,0xf89042057d079debe2a65a1a899e48e0e825105f,3628,0x69f527687d71773d2c95dd998aa8695b38d2a516,0.0,0.0,1120.587059,0,1,1710730575
2024-03-14,0xf89042057d079debe2a65a1a899e48e0e825105f,3630,0x21716a168b41c2c500208bc04f6493bb4d11d971,0.0,0.0,285.930903,0,1,1710428933
2024-03-14,0xf89042057d079debe2a65a1a899e48e0e825105f,3758,0xe492e921f11d8c42f78e80e9bb9abc75d9c49243,0.0,0.0,854.716162,0,1,1710875943
2024-03-14,0xf89042057d079debe2a65a1a899e48e0e825105f,3813,0xce797b56f9637aaf4058c38093949aafbf48ef57,1045.277215,1045.277215,1045.277215,1,1,1710433279
2024-03-14,0xf89042057d079debe2a65a1a899e48e0e825105f,4157,0x2908a0379cbafe2e8e523f735717447579fc3c37,0.0,0.0,366.742556,0,1,1710410487
2024-03-14,0xf89042057d079debe2a65a1a899e48e0e825105f,6165,0x57b2dd1f2a024775afcf89412c1140a367e2cb0e,0.0,0.0,176.37028,0,1,1710718341
2024-03-14,0xf89042057d079debe2a65a1a899e48e0e825105f,6320,0x22d5094c6c66905c4096e3eaa2055119d7105d3e,0.0,0.0,349.944271,0,1,1710698113
2024-03-14,0xf89042057d079debe2a65a1a899e48e0e825105f,6463,0xa868f447f441aec571c979cafce38df7ab129255,0.0,0.0,94.555157,0,1,1710574797
2024-03-14,0xf89042057d079debe2a65a1a899e48e0e825105f,6518,0x5da68351bd082abda73e42ac981db51d9364fe69,0.0,0.0,22.580474,0,1,1710931941
2024-03-14,0xf89042057d079debe2a65a1a899e48e0e825105f,6537,0x1277255b8e274c8a753eea277aa62115baed21eb,0.0,0.0,0.870992,0,1,1710749203
2024-03-14,0xf89042057d079debe2a65a1a899e48e0e825105f,7646,0xb2bad852361ecb092956460682040723fc12abe2,1003655.520238,1003655.520238,997576.147871,1,1,1710974799
2024-03-14,0xf89042057d079debe2a65a1a899e48e0e825105f,7997,0x41117551e82bc1eeb196150c4f476158f7757aee,0.0,0.0,3.934018,0,1,1710836313
2024-03-14,0xf89042057d079debe2a65a1a899e48e0e825105f,8635,0x79b61a8c74a9441f8b6017a0f21093b141c0edd0,1273.732615,1273.732615,1280.966307,1,1,1710436091
2024-03-14,0xf89042057d079debe2a65a1a899e48e0e825105f,8942,0x72d320a6f03249bd60fb3f1a0ca95daecbd9ca61,17.440517,17.440517,17.702367,1,1,1710477197
2024-03-14,0xf89042057d079debe2a65a1a899e48e0e825105f,9199,0xdab85506424396fb090d84b64ad63b770d87c028,0.0,0.0,153324.829387,0,1,1710809487
2024-03-14,0xf89042057d079debe2a65a1a899e48e0e825105f,9417,0x72d320a6f03249bd60fb3f1a0ca95daecbd9ca61,28.001074,28.001074,28.554118,1,1,1710477459
2024-03-14,0xf89042057d079debe2a65a1a899e48e0e825105f,9678,0x9faa9d3fdbf962d8ce187575e68a44cd858dcba8,0.0,0.0,26739.814107,0,1,1710960625
2024-03-14,0xf89042057d079debe2a65a1a899e48e0e825105f,9998,0xabfd07cc78910f8875169ae6373d95316f4ca117,0.0,0.0,49291.352784,0,1,1710814643
2024-03-14,0xf89042057d079debe2a65a1a899e48e0e825105f,10112,0xafcd604fc2b046705b559eec75c292606360e4df,0.0,0.0,15783.109469,0,1,1710943783
2024-03-14,0xf89042057d079debe2a65a1a899e48e0e825105f,10230,0x79b61a8c74a9441f8b6017a0f21093b141c0edd0,158.867433,158.867433,160.702616,1,1,1710436085
2024-03-14,0xf89042057d079debe2a65a1a899e48e0e825105f,10295,0xc875b3dae5b0c371bc8cf9ded64868b78ac47587,761362.219021,761362.219021,1138798.203571,1,1,1710977963
2024-03-14,0xf89042057d079debe2a65a1a899e48e0e825105f,10296,0x03c70563e94de5de56c11a0cc4ce3482f592854f,1898172.497291,1898172.497291,2839168.238164,1,1,1710977765
2024-03-14,0xf89042057d079debe2a65a1a899e48e0e825105f,10298,0xc9814f18a8751214f719de15c54d01b3d78ef14f,344974.887178,89517772.995526,89701368.202716,170,170,1710977733
2024-03-14,0xf89042057d079debe2a65a1a899e48e0e825105f,10354,0x0123e230c261e026c476a21fae07de3aa55ac870,0.0,0.0,2077.829634,0,1,1710962057
2024-03-14,0xf89042057d079debe2a65a1a899e48e0e825105f,10463,0x9faa9d3fdbf962d8ce187575e68a44cd858dcba8,0.0,0.0,11048.280291,0,1,1710960651
2024-03-14,0xf89042057d079debe2a65a1a899e48e0e825105f,10543,0xb06f3d64068da3014892c64dbd62bc9b985648c7,0.0,0.0,8124.092208,0,1,1710384687
2024-03-14,0xf89042057d079debe2a65a1a899e48e0e825105f,10604,0x70868f0fe4c17392eced8734be8bda110095d1cd,0.0,0.0,1745.859785,0,1,1710387971
2024-03-14,0xf89042057d079debe2a65a1a899e48e0e825105f,10657,0x892176d784bed3dc877a62f3ff9fc091377b2a49,0.0,0.0,19408.242924,0,1,1710383781
2024-03-14,0xf89042057d079debe2a65a1a899e48e0e825105f,10688,0x79b61a8c74a9441f8b6017a0f21093b141c0edd0,239.275092,239.275092,240.985365,1,1,1710436079
2024-03-14,0xf89042057d079debe2a65a1a899e48e0e825105f,10809,0x6634a2866c1a1a1c3570353ded9ab63333acb2b8,0.0,0.0,330.278405,0,1,1710903415
2024-03-14,0xf89042057d079debe2a65a1a899e48e0e825105f,10847,0xf3e5b415e84047d68e412cccd2d14b15e308b120,2448.041667,2448.041667,0.0,1,0,1710530953
2024-03-14,0xf89042057d079debe2a65a1a899e48e0e825105f,10867,0x6ab2d5789af8fc628b306d04505de6e5a78ba660,0.0,0.0,719.318629,0,1,1710848667
2024-03-14,0xf89042057d079debe2a65a1a899e48e0e825105f,11308,0xb71ba81a183b2f956c9820729642063d64780b93,0.0,0.0,4810.312297,0,1,1710902871
2024-03-14,0xf89042057d079debe2a65a1a899e48e0e825105f,11399,0x28878aec6b4209d90a40890183e3322f0ae5b2e2,0.0,0.0,74154.43632,0,1,1710967323
2024-03-14,0xf89042057d079debe2a65a1a899e48e0e825105f,11725,0x0d1c41d60ef876b3244c9db50ea5c196ced8e07e,0.0,0.0,30.556789,0,1,1710777637
2024-03-14,0xf89042057d079debe2a65a1a899e48e0e825105f,12066,0xf93c25e1f3f6795a645c875b37ad83f3d01e408e,0.0,0.0,15764.974948,0,1,1710933095
2024-03-14,0xf89042057d079debe2a65a1a899e48e0e825105f,12942,0xcd4a798f3408115137286b3bf9df115ff808aa7a,0.0,0.0,6991.085133,0,1,1710540357
2024-03-14,0xf89042057d079debe2a65a1a899e48e0e825105f,12946,0x0e3e8521b9fcc4a0058a7818224d5b20380ca608,0.0,0.0,0.850718,0,1,1710407481
2024-03-14,0xf89042057d079debe2a65a1a899e48e0e825105f,13031,0xcb9055fc2a8f0f27041dc238574100a22df0c15e,0.0,0.0,5.46192,0,1,1710905095
2024-03-14,0xf89042057d079debe2a65a1a899e48e0e825105f,13603,0xb2bad852361ecb092956460682040723fc12abe2,44396.0,44396.0,0.0,1,0,1710974843
2024-03-14,0xf91e0dfe1265b914182de54e08c9ca2068beddde,43,0x2ddb405238368695f34d30a80ab60c449aa5ce48,0.0,0.0,217234.222141,0,1,1710974183
2024-03-14,0xf91e0dfe1265b914182de54e08c9ca2068beddde,47,0x011b0a055e02425461a1ae95b30f483c4ff05be7,488510.24033,488510.24033,623297.557593,1,1,1710974017
2024-03-14,0xf91e0dfe1265b914182de54e08c9ca2068beddde,48,0x12478d1a60a910c9cbffb90648766a2bdd5918f5,261119.941926,261119.941926,0.0,1,0,1710974423
2024-03-14,0xf91e0dfe1265b914182de54e08c9ca2068beddde,51,0x0f228805c03a693aa964a791e0b2e2c6e6c6513f,295973.459872,295973.459872,295471.596542,1,1,1710968507
2024-03-14,0xf91e0dfe1265b914182de54e08c9ca2068beddde,52,0x28878aec6b4209d90a40890183e3322f0ae5b2e2,415704.70629,415704.70629,276666.548212,1,1,1710967279
2024-03-14,0xf91e0dfe1265b914182de54e08c9ca2068beddde,55,0x285fed35cbea271a711681e84ffd83c68a596a75,114467.002233,114467.002233,45709.163133,1,1,1710965869
2024-03-14,0xf91e0dfe1265b914182de54e08c9ca2068beddde,56,0x48a5a6a01ba89cddf97d2d552923d5a11401ed19,305958.53984,305958.53984,0.0,1,0,1710975177
2024-03-14,0xf91e0dfe1265b914182de54e08c9ca2068beddde,57,0x72d4d59f31d0cb4a4213a5dc81fc0108241ecc71,175942.841566,175942.841566,0.0,1,0,1710962531
2024-03-14,0xf91e0dfe1265b914182de54e08c9ca2068beddde,62,0xdbd5d31b7f48adc13a0ab0c591f7e3d4f9642e69,0.0,0.0,194712.450533,0,1,1710959895
2024-03-14,0xf91e0dfe1265b914182de54e08c9ca2068beddde,67,0x8ce17ff2c7376e9adfe9c63c47a801097fa6c525,0.0,0.0,110983.450476,0,1,1710973841
2024-03-14,0xf91e0dfe1265b914182de54e08c9ca2068beddde,88,0x8bace3a49a375027868cdd34e84521eed1f1b01d,673876.077138,673876.077138,0.0,1,0,1710968469
2024-03-14,0xf91e0dfe1265b914182de54e08c9ca2068beddde,103,0x1c2ed7a6c4e3c1146103fa222181115a72243a06,56180.728308,56180.728308,56085.466229,1,1,1710975299
2024-03-14,0xf91e0dfe1265b914182de54e08c9ca2068beddde,106,0x615e5022252b31af496574f00d5519c5d93261ab,189673.034382,189673.034382,0.0,1,0,1710963695
2024-03-14,0xf91e0dfe1265b914182de54e08c9ca2068beddde,109,0xbe7019f8333b0b3cfc707ac353ebc2123140134c,254075.328688,254075.328688,0.0,1,0,1710974343
2024-03-14,0xf91e0dfe1265b914182de54e08c9ca2068beddde,136,0x12c58f57177b8d5832f60cfa690770c19ac9da19,0.0,0.0,243064.130789,0,1,1710966035
2024-03-14,0xf91e0dfe1265b914182de54e08c9ca2068beddde,172,0x606d2c436a07be40c276a6176bb1376c34e49ee9,0.0,0.0,182074.459878,0,1,1710974675
2024-03-14,0xf91e0dfe1265b914182de54e08c9ca2068beddde,204,0x3aee7d5600c29ee7e4482c810746081313460738,87665.905913,87665.905913,0.0,1,0,1710974241
2024-03-14,0xf91e0dfe1265b914182de54e08c9ca2068beddde,246,0xb17d6e24e2d6b28543b9b75fd731c4591155900b,149336.6592,149336.6592,0.0,1,0,1710974347
2024-03-14,0xf91e0dfe1265b914182de54e08c9ca2068beddde,268,0xb6fb12999a09effdbcc6f60776331eaccc42e539,130582.723107,130582.723107,0.0,1,0,1710964661
2024-03-14,0xf91e0dfe1265b914182de54e08c9ca2068beddde,275,0xa810ffea2709c116ef180d090c142fc5e08586a7,24589.539275,24589.539275,0.0,1,0,1710969107
2024-03-14,0xf91e0dfe1265b914182de54e08c9ca2068beddde,282,0xd96d96a973d920015e130701714f10804156aea7,121993.648858,121993.648858,121786.792004,1,1,1710975383
2024-03-14,0xf91e0dfe1265b914182de54e08c9ca2068beddde,289,0x95b05f935655c37ada2088c5767e5006f230b068,7003.466551,7003.466551,11691.964387,1,1,1710975155
2024-03-14,0xf91e0dfe1265b914182de54e08c9ca2068beddde,343,0xb1d47d39c3bb868e5e4be068b7057d4caad0b31c,44585.851621,44585.851621,0.0,1,0,1710968715
2024-03-14,0xf91e0dfe1265b914182de54e08c9ca2068beddde,398,0x48c7e0db3dad3fe4eb0513b86fe5c38ebb4e0f91,0.0,0.0,6729.282934,0,1,1710958033
2024-03-14,0xf91e0dfe1265b914182de54e08c9ca2068beddde,411,0x089bf34290ff2767fbd1cda881566c76415a9c00,143635.74167,143635.74167,0.0,1,0,1710967855
2024-03-14,0xf91e0dfe1265b914182de54e08c9ca2068beddde,418,0xbe7019f8333b0b3cfc707ac353ebc2123140134c,15632.971246,15632.971246,0.0,1,0,1710974417
2024-03-14,0xf91e0dfe1265b914182de54e08c9ca2068beddde,420,0x8cc1547f2aebbbaa9466310355110427449a937f,62065.763631,62065.763631,0.0,1,0,1710965851
2024-03-14,0xf91e0dfe1265b914182de54e08c9ca2068beddde,422,0xa8e32be4ca13b271673f8b01f1eeacfde66fa413,0.0,0.0,60361.752508,0,1,1710923587
2024-03-14,0xf91e0dfe1265b914182de54e08c9ca2068beddde,444,0x610d49f8a264db3b41a793173ba5b8aca70444c2,54993.796188,54993.796188,0.0,1,0,1710974159
2024-03-14,0xf91e0dfe1265b914182de54e08c9ca2068beddde,477,0x4c55adf88fe327befba5dd15000b039b818f365f,48565.737674,48565.737674,0.0,1,0,1710898639
2024-03-14,0xf91e0dfe1265b914182de54e08c9ca2068beddde,487,0xf3fc9208014ab619fb4b4a9fd00efe5994a6c153,46937.987669,46937.987669,46781.400883,1,1,1710968749
2024-03-14,0xf91e0dfe1265b914182de54e08c9ca2068beddde,509,0x34223719d75cbc336b77ccd8af6b9342bd6af1cb,0.0,0.0,9243.194594,0,1,1710956477
2024-03-14,0xf91e0dfe1265b914182de54e08c9ca2068beddde,512,0x3b1b211b3fce0d1ee9f5e1afeecadeb98378d0b0,0.0,0.0,10965.916284,0,1,1710917869
2024-03-14,0xf91e0dfe1265b914182de54e08c9ca2068beddde,516,0xe5cc37b25e4a223797d9bf07884b858b5dbe5152,49150.356753,49150.356753,0.0,1,0,1710617967
2024-03-14,0xf91e0dfe1265b914182de54e08c9ca2068beddde,523,0xde93a283495fa2834047b53871a8e4e09f96d841,12169.628271,12169.628271,0.0,1,0,1710968397
2024-03-14,0xf91e0dfe1265b914182de54e08c9ca2068beddde,531,0x44a088e784f2a7936c67d772f9e06df5093663bf,0.0,0.0,45125.43899,0,1,1710971453
2024-03-14,0xf91e0dfe1265b914182de54e08c9ca2068beddde,541,0x11bcb66a295aeba152666e511ae052609bda0a84,99024.69776,99024.69776,0.0,1,0,1710973727
2024-03-14,0xf91e0dfe1265b914182de54e08c9ca2068beddde,597,0x1ce0c2b445c8e87ea4c40b6e721d9a39b09f6459,9205.755818,9205.755818,0.0,1,0,1710965235
2024-03-14,0xf91e0dfe1265b914182de54e08c9ca2068beddde,664,0x577be3ed9a71e1c355f519bbdf5f09ba2018b1cc,31789.449741,31789.449741,0.0,1,0,1710974261
2024-03-14,0xf91e0dfe1265b914182de54e08c9ca2068beddde,718,0xe12dbb4320caa9035c5d104620aa7a0debcbd554,6739.91438,6739.91438,0.0,1,0,1710967629
2024-03-14,0xf91e0dfe1265b914182de54e08c9ca2068beddde,753,0xee57d8989170370a6f88b2f99395b81204117bf2,5387.824153,5387.824153,5378.688363,1,1,1710969811
2024-03-14,0xf91e0dfe1265b914182de54e08c9ca2068beddde,758,0x8ccfcfa7e6133e0875192974d0d857fb7a28375e,2880.419205,2880.419205,0.0,1,0,1710969407
2024-03-14,0xf91e0dfe1265b914182de54e08c9ca2068beddde,823,0xfc101ee05afe9843c37fb7fdd5a64b9dc47411b6,13665.031554,13665.031554,0.0,1,0,1710973269
2024-03-14,0xf91e0dfe1265b914182de54e08c9ca2068beddde,827,0xe2952771c80d9b9c77a32e47d985bb3ff4e5a93d,13955.433826,13955.433826,0.0,1,0,1710972907
2024-03-14,0xf91e0dfe1265b914182de54e08c9ca2068beddde,862,0x4da3e35a2eda1b636db298ffe504e157c6b9e40b,0.0,0.0,20391.511799,0,1,1710967131
2024-03-14,0xf91e0dfe1265b914182de54e08c9ca2068beddde,921,0xa2f07232275cdf8463a5115723c9d73085a2fc17,15015.109661,15015.109661,0.0,1,0,1710973455
2024-03-14,0xf91e0dfe1265b914182de54e08c9ca2068beddde,1019,0x8a0454b05a952c572619935ed46b6d8d0aa97a76,0.0,0.0,3630.827026,0,1,1710965633
2024-03-14,0xf91e0dfe1265b914182de54e08c9ca2068beddde,1149,0x93b82c49c2af67797977ae344c07884164e6a592,7619.391434,7619.391434,0.0,1,0,1710963223
2024-03-14,0xf91e0dfe1265b914182de54e08c9ca2068beddde,1154,0xe43fa6cbb7dda0bd863593c5e75fae9b4dcd5cd4,6101.163836,6101.163836,0.0,1,0,1710964671
2024-03-14,0xf91e0dfe1265b914182de54e08c9ca2068beddde,1162,0x72241b7cd963cf56ba409e80ed59e1aee76a1ada,0.0,0.0,13328.932275,0,1,1710941621
2024-03-14,0xf91e0dfe1265b914182de54e08c9ca2068beddde,1197,0x0be4eb0e89abed9f52d94f1550c22a16008cc463,3604.01027,3604.01027,0.0,1,0,1710975129
2024-03-14,0xf91e0dfe1265b914182de54e08c9ca2068beddde,1219,0xbb8fb8fe5198f25d117c0e7b1b9c8260cb19c3c0,10918.131313,10918.131313,0.0,1,0,1710968499
2024-03-14,0xf91e0dfe1265b914182de54e08c9ca2068beddde,1356,0x227f2f1b242962f9ef06dcc6ded975f8508d53cd,9278.583232,9278.583232,9262.85013,1,1,1710969485
2024-03-14,0xf91e0dfe1265b914182de54e08c9ca2068beddde,1358,0x4ac4ff89b9d4b3daf54942e3df63751a4a54c735,8905.163175,8905.163175,0.0,1,0,1710966789
2024-03-14,0xf91e0dfe1265b914182de54e08c9ca2068beddde,1382,0x5a00e8683f37e8b08c744054a0ef606a18b1aef7,8698.59203,8698.59203,0.0,1,0,1710967529
2024-03-14,0xf91e0dfe1265b914182de54e08c9ca2068beddde,1469,0x8fc4faa9dd274dc801ca629234e83183031634ec,0.0,0.0,2034.235495,0,1,1710924943
2024-03-14,0xf91e0dfe1265b914182de54e08c9ca2068beddde,1512,0xc2979f313dd6731efd591e983d4cc5231e49a387,7361.128116,7361.128116,0.0,1,0,1710966623
2024-03-14,0xf91e0dfe1265b914182de54e08c9ca2068beddde,1546,0x52f8b09fac8e1b7d7dc45643ca27d0f573814ab8,0.0,0.0,6345.912148,0,1,1710969359
2024-03-14,0xf91e0dfe1265b914182de54e08c9ca2068beddde,1660,0xaa62cf7caaf0c7e50deaa9d5d0b907472f00b258,3175.68976,3175.68976,3170.304946,1,1,1710429647
2024-03-14,0xf91e0dfe1265b914182de54e08c9ca2068beddde,1670,0x161d9b5d6e3ed8d9c1d36a7caf971901c60b9222,6282.503668,6282.503668,0.0,1,0,1710969015
2024-03-14,0xf91e0dfe1265b914182de54e08c9ca2068beddde,1760,0x17b7afbe43503813e525be9dee970d6faff75633,5638.74532,5638.74532,0.0,1,0,1710964275
2024-03-14,0xf91e0dfe1265b914182de54e08c9ca2068beddde,1878,0x952815ea349a0c10db5d854a16a27d768e85053e,4869.886703,4869.886703,0.0,1,0,1710967573
2024-03-14,0xf91e0dfe1265b914182de54e08c9ca2068beddde,2015,0x188be73b0a68d20830eec346ee3eaa900f848bfa,0.0,8780.163888,17462.267025,1,2,1710943013
2024-03-14,0xf91e0dfe1265b914182de54e08c9ca2068beddde,2147,0x6dfd648529f19a276c8fa7a54d4f38a2d51d8e56,3947.81905,3947.81905,0.0,1,0,1710963691
2024-03-14,0xf91e0dfe1265b914182de54e08c9ca2068beddde,2149,0x0ea7dd4f92dc0c486d89e19198b82081dbac0632,3888.177964,3888.177964,0.0,1,0,1710965811
2024-03-14,0xf91e0dfe1265b914182de54e08c9ca2068beddde,2150,0x3ea59cb8ac06b6d5e691ee92069676b3ab8ab5d6,3886.575639,3886.575639,0.0,1,0,1710964843
2024-03-14,0xf91e0dfe1265b914182de54e08c9ca2068beddde,2171,0x926934c924042370f421027abeb420b036cb71be,3947.612675,3947.612675,0.0,1,0,1710967843
2024-03-14,0xf91e0dfe1265b914182de54e08c9ca2068beddde,2299,0xc4f694f8da796b7b36d9f5ceeacae5722c2d1d6e,4265.726124,4265.726124,0.0,1,0,1710964201
2024-03-14,0xf91e0dfe1265b914182de54e08c9ca2068beddde,2362,0xbaa9b493bccbe1a900b39870980f41356f85822a,6538.909929,6538.909929,0.0,1,0,1710963125
2024-03-14,0xf91e0dfe1265b914182de54e08c9ca2068beddde,2472,0xe74b3696c6d93716ce01472125be3b9c74aa378b,3369.228747,3369.228747,0.0,1,0,1710966265
2024-03-14,0xf91e0dfe1265b914182de54e08c9ca2068beddde,2497,0x23cb5467e23aa967f7864a018ff862d35d52ed5f,4353.70249,4353.70249,4353.70249,1,1,1710964945
2024-03-14,0xf91e0dfe1265b914182de54e08c9ca2068beddde,2688,0x9dc2aea18955dd9f898d7ef130e4e166b9800354,0.0,0.0,5104.960115,0,1,1710572623
2024-03-14,0xf91e0dfe1265b914182de54e08c9ca2068beddde,2805,0x55d0cecd3c360098ebfb10a9013d2059c492f930,2559.354564,2559.354564,0.0,1,0,1710974237
2024-03-14,0xf91e0dfe1265b914182de54e08c9ca2068beddde,2882,0x5e9b1a78a998c5370946bc779c285c8396847cbd,2281.225033,2281.225033,2273.621121,1,1,1710964007
2024-03-14,0xf91e0dfe1265b914182de54e08c9ca2068beddde,3032,0x29964b7c46144d79457473661f99f725d4fdf0e3,1455.124907,1455.124907,1455.124907,1,1,1710857315
2024-03-14,0xf91e0dfe1265b914182de54e08c9ca2068beddde,3091,0xa6473cce13f11614745e6bf9cad704646616a9b8,1972.884907,1972.884907,0.0,1,0,1710965141
2024-03-14,0xf91e0dfe1265b914182de54e08c9ca2068beddde,3269,0x60a299bc654ec399373fa377b482321a90220051,0.0,0.0,1619.427834,0,1,1710964755
2024-03-14,0xf91e0dfe1265b914182de54e08c9ca2068beddde,3781,0xaf11495f021c5c2c5f5230f40d5d57ebe4059700,29304.763467,29304.763467,29255.073247,1,1,1710968279
2024-03-14,0xf91e0dfe1265b914182de54e08c9ca2068beddde,3927,0x13b4ffd03e9093465c9dfed09227b6232a823a9b,0.0,0.0,895.559001,0,1,1710902407
2024-03-14,0xf91e0dfe1265b914182de54e08c9ca2068beddde,4196,0xbdb21e816e455e1642dbe8cef6668a62e180657b,0.0,0.0,707.493874,0,1,1710698421
2024-03-14,0xf91e0dfe1265b914182de54e08c9ca2068beddde,5089,0x393f50d7a6efdae2c6b70bb493728e037714eac5,394.242271,394.242271,0.0,1,0,1710967017
2024-03-14,0xf91e0dfe1265b914182de54e08c9ca2068beddde,5371,0x4c0d9bff934e53cca53d98c187d0f6b29eecfd64,0.0,0.0,377.60476,0,1,1710902481
2024-03-14,0xf91e0dfe1265b914182de54e08c9ca2068beddde,6167,0x495dc187ebc2398f57ca3fa70c49b5eb6c5271ec,352.699929,352.699929,0.0,1,0,1710941837
2024-03-14,0xf91e0dfe1265b914182de54e08c9ca2068beddde,7121,0x011b0a055e02425461a1ae95b30f483c4ff05be7,145658.672174,145658.672174,160119.634016,1,1,1710974045
2024-03-14,0xf91e0dfe1265b914182de54e08c9ca2068beddde,7129,0x4c55adf88fe327befba5dd15000b039b818f365f,1331.058971,1331.058971,0.0,1,0,1710898663
2024-03-14,0xf91e0dfe1265b914182de54e08c9ca2068beddde,8032,0xf265702178a66b4b7ce079fc8a1629e47cf1bcde,157079.48228,157079.48228,0.0,1,0,1710975405
2024-03-14,0xf91e0dfe1265b914182de54e08c9ca2068beddde,8403,0x166c794d890dd91bbe71f304eca660e1c4892cbb,0.0,0.0,51695.415157,0,1,1710954285
2024-03-14,0xf91e0dfe1265b914182de54e08c9ca2068beddde,8416,0x7b59793ad075e4ce1e35181054759c080b8d965d,642265.555095,642265.555095,0.0,1,0,1710970155
2024-03-14,0xf91e0dfe1265b914182de54e08c9ca2068beddde,9372,0x6a2064a87f83aee30a9331c680763ed7d473ae23,39832.11017,39832.11017,159835.607315,1,1,1710965287
2024-03-14,0xf91e0dfe1265b914182de54e08c9ca2068beddde,9374,0x6a2064a87f83aee30a9331c680763ed7d473ae23,27916.775243,27916.775243,0.0,1,0,1710965367
2024-03-14,0xf91e0dfe1265b914182de54e08c9ca2068beddde,9394,0x941e5957eaa0bb7c83b25002fc4bb04b35ea9fdf,1331.070984,1331.070984,0.0,1,0,1710974331
2024-03-14,0xf91e0dfe1265b914182de54e08c9ca2068beddde,9587,0x7501e3fcbfeda28bde85323b94b0493550358dae,0.0,0.0,305.730672,0,1,1710894997
2024-03-14,0xf91e0dfe1265b914182de54e08c9ca2068beddde,9832,0xcd2a51c0e8b0fb0617ac890f5dd1ea6d26069049,0.0,0.0,1206.949402,0,1,1710783243
2024-03-14,0xf91e0dfe1265b914182de54e08c9ca2068beddde,9972,0x8bace3a49a375027868cdd34e84521eed1f1b01d,195704.460937,195704.460937,0.0,1,0,1710968483
2024-03-14,0xf91e0dfe1265b914182de54e08c9ca2068beddde,9985,0x6a2064a87f83aee30a9331c680763ed7d473ae23,11049.928379,11049.928379,0.0,1,0,1710965403
2024-03-14,0xf91e0dfe1265b914182de54e08c9ca2068beddde,10294,0x48a6a8d403a58eccc70d4d57347f801d4e182564,0.0,0.0,4507406.504247,0,1,1710962043
2024-03-14,0xf91e0dfe1265b914182de54e08c9ca2068beddde,10295,0xc875b3dae5b0c371bc8cf9ded64868b78ac47587,507574.812681,507574.812681,379599.40119,1,1,1710977963
2024-03-14,0xf91e0dfe1265b914182de54e08c9ca2068beddde,10296,0x03c70563e94de5de56c11a0cc4ce3482f592854f,1265448.331528,1265448.331528,946389.412721,1,1,1710977765
2024-03-14,0xf91e0dfe1265b914182de54e08c9ca2068beddde,10298,0xc9814f18a8751214f719de15c54d01b3d78ef14f,229983.258119,29954249.294235,29900456.067572,170,170,1710977733
2024-03-14,0xf91e0dfe1265b914182de54e08c9ca2068beddde,10811,0xe742c794bfe6393b9cb5643058d9810ef488e1ac,24002.686661,24002.686661,23961.986835,1,1,1710973963
2024-03-14,0xf91e0dfe1265b914182de54e08c9ca2068beddde,10867,0x6ab2d5789af8fc628b306d04505de6e5a78ba660,719.318629,719.318629,0.0,1,0,1710848667
2024-03-14,0xf91e0dfe1265b914182de54e08c9ca2068beddde,11399,0x28878aec6b4209d90a40890183e3322f0ae5b2e2,112014.58326,112014.58326,74154.43632,1,1,1710967323
2024-03-14,0xf91e0dfe1265b914182de54e08c9ca2068beddde,12543,0x8968837e2b3b3313c5d4b82106d76b9ebeba59f0,0.0,0.0,3573.379911,0,1,1710862459
2024-03-14,0xf91e0dfe1265b914182de54e08c9ca2068beddde,12589,0x353c82aeafd7680e57f60a6cfdd3154c9838993c,0.74406,0.74406,0.753173,1,1,1710934667
2024-03-14,0xf91e0dfe1265b914182de54e08c9ca2068beddde,13379,0x3156649412e8bb8799f0b832bcf7c6534932de37,13.172881,13.172881,0.0,1,0,1710870893
2024-03-14,0xf91e0dfe1265b914182de54e08c9ca2068beddde,13450,0x3acbc3038505d0809fddef5e6d632435ee498f4c,0.045214,0.045214,0.0,1,0,1710811171
2024-03-14,0xf91e0dfe1265b914182de54e08c9ca2068beddde,13454,0x3acbc3038505d0809fddef5e6d632435ee498f4c,212.241492,212.241492,0.0,1,0,1710813321
2024-03-14,0xf91e0dfe1265b914182de54e08c9ca2068beddde,13455,0x3acbc3038505d0809fddef5e6d632435ee498f4c,513.204017,513.204017,0.0,1,0,1710814719
2024-03-14,0xf91e0dfe1265b914182de54e08c9ca2068beddde,13616,0x12478d1a60a910c9cbffb90648766a2bdd5918f5,108000.0,108000.0,0.0,1,0,1710974453
2024-03-14,0xfd8aa87c97d32345bfe4f753acf25729008331c9,19,0x3b8f79458b6d303b47d56734b00cc6941443bd95,456450.043128,456450.043128,456450.043128,1,1,1710482495
2024-03-14,0xfd8aa87c97d32345bfe4f753acf25729008331c9,1011,0x52d033e64774f31a8b7562806aa5782cbbd29382,131670.533013,131670.533013,131447.267683,1,1,1710944259
2024-03-14,0xfd8aa87c97d32345bfe4f753acf25729008331c9,8381,0x3b8f79458b6d303b47d56734b00cc6941443bd95,69203.842058,69203.842058,69203.842058,1,1,1710482495
2024-03-14,0xfd8aa87c97d32345bfe4f753acf25729008331c9,9333,0x3b8f79458b6d303b47d56734b00cc6941443bd95,108752.557062,108752.557062,108752.557062,1,1,1710482495
2024-03-14,0xfd8aa87c97d32345bfe4f753acf25729008331c9,9995,0x3b8f79458b6d303b47d56734b00cc6941443bd95,59018.0,59018.0,59018.0,1,1,1710482495
2024-03-14,0xfd8aa87c97d32345bfe4f753acf25729008331c9,10456,0x3b8f79458b6d303b47d56734b00cc6941443bd95,25181.0,25181.0,25181.0,1,1,1710482495
2024-03-14,0xfd8aa87c97d32345bfe4f753acf25729008331c9,11358,0x3b8f79458b6d303b47d56734b00cc6941443bd95,21101.0,21101.0,21101.0,1,1,1710482495
2024-03-14,0xfd8aa87c97d32345bfe4f753acf25729008331c9,12136,0x3b8f79458b6d303b47d56734b00cc6941443bd95,12956.0,12956.0,12956.0,1,1,1710482495
2024-03-14,0xffa3f8737c39e36dec4300b162c2153c67c8352f,47,0x011b0a055e02425461a1ae95b30f483c4ff05be7,80303.053205,80303.053205,0.0,1,0,1710974017
2024-03-14,0xffa3f8737c39e36dec4300b162c2153c67c8352f,56,0x48a5a6a01ba89cddf97d2d552923d5a11401ed19,203972.359893,203972.359893,0.0,1,0,1710975177
2024-03-14,0xffa3f8737c39e36dec4300b162c2153c67c8352f,72,0x712180063c3b8aaedabc68e73803c3e299614749,0.0,0.0,992148.972046,0,1,1710726485
2024-03-14,0xffa3f8737c39e36dec4300b162c2153c67c8352f,103,0x1c2ed7a6c4e3c1146103fa222181115a72243a06,56180.728308,56180.728308,0.0,1,0,1710975299
2024-03-14,0xffa3f8737c39e36dec4300b162c2153c67c8352f,366,0xd48a206697ba7dd8641f97060b2ac74a252be092,77595.444636,77595.444636,0.0,1,0,1710808891
2024-03-14,0xffa3f8737c39e36dec4300b162c2153c67c8352f,431,0xae2586e76c8a4d8dc1ff3d9ab70bec760ae143c2,0.0,0.0,16578.487926,0,1,1710449015
2024-03-14,0xffa3f8737c39e36dec4300b162c2153c67c8352f,504,0xcfba6d63ec822425775d3c509e60ff689c1ae1e7,11945.606721,11945.606721,11925.351318,1,1,1710938491
2024-03-14,0xffa3f8737c39e36dec4300b162c2153c67c8352f,1019,0x8a0454b05a952c572619935ed46b6d8d0aa97a76,2904.661621,2904.661621,0.0,1,0,1710965633
2024-03-14,0xffa3f8737c39e36dec4300b162c2153c67c8352f,1363,0x43d16ccd581e1d6a8d51768f75ddf09b79f4f856,884.972294,884.972294,1327.45844,1,1,1710971463
2024-03-14,0xffa3f8737c39e36dec4300b162c2153c67c8352f,1415,0xae2586e76c8a4d8dc1ff3d9ab70bec760ae143c2,0.0,0.0,2480.180594,0,1,1710449005
2024-03-14,0xffa3f8737c39e36dec4300b162c2153c67c8352f,1439,0x924af56089af7aeb6c211ee3781e24b7444cc216,0.0,0.0,8029.903956,0,1,1710769941
2024-03-14,0xffa3f8737c39e36dec4300b162c2153c67c8352f,1723,0x8c270f234cdcbd30d281799b584db3d0789e1317,6222.667542,6222.667542,6169.213755,1,1,1710729679
2024-03-14,0xffa3f8737c39e36dec4300b162c2153c67c8352f,1751,0xe1e2a52a21226ba37f28ba6cdf59f20156798f94,5585.902387,5585.902387,0.0,1,0,1710747595
2024-03-14,0xffa3f8737c39e36dec4300b162c2153c67c8352f,2570,0x9a608d9f416518b5f11acf3dc5594c90d6998e2c,0.0,0.0,3212.394219,0,1,1710399391
2024-03-14,0xffa3f8737c39e36dec4300b162c2153c67c8352f,2706,0x539438a890a678dd1d9e7ab92c403c97e787132b,1501.252131,1501.252131,0.0,1,0,1710763901
2024-03-14,0xffa3f8737c39e36dec4300b162c2153c67c8352f,3077,0xfc64410a03b205b995a9101f99a55026d8f1f1da,1113.005089,1113.005089,0.0,1,0,1710974611
2024-03-14,0xffa3f8737c39e36dec4300b162c2153c67c8352f,3762,0xdb02db34221f6116a993b4a70cefe28b9aff379b,0.0,0.0,1930.888343,0,1,1710609979
2024-03-14,0xffa3f8737c39e36dec4300b162c2153c67c8352f,4289,0x051f2ebef8580005ab864d55b6d0d001ecc89b85,979.345142,979.345142,976.080731,1,1,1710931495
2024-03-14,0xffa3f8737c39e36dec4300b162c2153c67c8352f,4345,0xe435a96ed45cef434f78efc1a65b5bdf8f584f7f,1890.576042,1890.576042,0.0,1,0,1710961289
2024-03-14,0xffa3f8737c39e36dec4300b162c2153c67c8352f,4888,0x89b7c3ec0b42cf86b13298ed06de1a205f9fe179,424.210791,424.210791,0.0,1,0,1710603453
2024-03-14,0xffa3f8737c39e36dec4300b162c2153c67c8352f,5208,0xec00a0266bf9e8eed0aeea4e60022a581c01ecfc,394.920569,394.920569,0.0,1,0,1710832447
2024-03-14,0xffa3f8737c39e36dec4300b162c2153c67c8352f,5427,0x9c6a33246c29ee0d25838465aa26cb4d90e76a32,0.0,0.0,375.072279,0,1,1710693193
2024-03-14,0xffa3f8737c39e36dec4300b162c2153c67c8352f,5457,0x8db7a537d8478df3c6d95ff33b4270342862957f,43.707996,43.707996,0.0,1,0,1710486579
2024-03-14,0xffa3f8737c39e36dec4300b162c2153c67c8352f,5699,0xc363a0264ad1dcf03f40fbae07366071977c19f1,376.995944,376.995944,367.647268,1,1,1710831963
2024-03-14,0xffa3f8737c39e36dec4300b162c2153c67c8352f,5911,0x0022251ccfb51d0c77218dd1c1bac68df7ca8098,367.767864,367.767864,0.0,1,0,1710830821
2024-03-14,0xffa3f8737c39e36dec4300b162c2153c67c8352f,6356,0x6fec46201a6f132c81142ac49a001791969520b8,87.321054,87.321054,0.0,1,0,1710446881
2024-03-14,0xffa3f8737c39e36dec4300b162c2153c67c8352f,7705,0xce030f1137e05bc3d13303ddb5a955600b9b5771,0.0,0.0,506.498279,0,1,1710691099
2024-03-14,0xffa3f8737c39e36dec4300b162c2153c67c8352f,7857,0x4886ba5d2b3e0ae1e80172d3bddc4feb32e1ce26,1.743442,1.743442,4.258749,1,1,1710822803
2024-03-14,0xffa3f8737c39e36dec4300b162c2153c67c8352f,8047,0x4ee67d558e065c6655f6a871a881e4717d97d1bd,5970.437503,5970.437503,0.0,1,0,1710975403
2024-03-14,0xffa3f8737c39e36dec4300b162c2153c67c8352f,8340,0xb646d2010fd291d79b693189c95a0efb1c7ac2de,627.053582,627.053582,0.0,1,0,1710638803
2024-03-14,0xffa3f8737c39e36dec4300b162c2153c67c8352f,9351,0xbb6ff69a089404ec4aaec09aab98f0e195bbef2f,7.415562,7.415562,19.968147,1,1,1710520181
2024-03-14,0xffa3f8737c39e36dec4300b162c2153c67c8352f,9704,0x7dd1a8db22e9456285501af72bb7d9e3a465a3f1,55.816112,55.816112,0.0,1,0,1710561673
2024-03-14,0xffa3f8737c39e36dec4300b162c2153c67c8352f,9731,0x94759c0cdd84054a71c4b9746dcdee90783aca4f,931.893281,931.893281,0.0,1,0,1710390067
2024-03-14,0xffa3f8737c39e36dec4300b162c2153c67c8352f,9827,0xabe511c8b028ca7915a48d6bc5535622c8ab29d2,172.912375,660.124803,487.212428,4,3,1710783185
2024-03-14,0xffa3f8737c39e36dec4300b162c2153c67c8352f,9946,0x1151ce76cca782a19f751925ef383ed744533663,32148.917566,32148.917566,0.0,1,0,1710385327
2024-03-14,0xffa3f8737c39e36dec4300b162c2153c67c8352f,10295,0xc875b3dae5b0c371bc8cf9ded64868b78ac47587,126893.70317,126893.70317,0.0,1,0,1710977963
2024-03-14,0xffa3f8737c39e36dec4300b162c2153c67c8352f,10296,0x03c70563e94de5de56c11a0cc4ce3482f592854f,316362.082882,316362.082882,0.0,1,0,1710977765
2024-03-14,0xffa3f8737c39e36dec4300b162c2153c67c8352f,10298,0xc9814f18a8751214f719de15c54d01b3d78ef14f,57495.81453,57495.81453,0.0,1,0,1710977733
2024-03-14,0xffa3f8737c39e36dec4300b162c2153c67c8352f,10536,0xae2586e76c8a4d8dc1ff3d9ab70bec760ae143c2,0.0,0.0,233.808941,0,1,1710449109
2024-03-14,0xffa3f8737c39e36dec4300b162c2153c67c8352f,10647,0x712180063c3b8aaedabc68e73803c3e299614749,0.0,0.0,62551.286063,0,1,1710726511
2024-03-14,0xffa3f8737c39e36dec4300b162c2153c67c8352f,10706,0xf0ea58a245929232697bef1a7e93e0ed99e64100,0.0,0.0,14.926909,0,1,1710694187
2024-03-14,0xffa3f8737c39e36dec4300b162c2153c67c8352f,10777,0x988ba74a1986a3be55e2c3ecb2a6257de934cc86,100.868848,100.868848,362.319515,1,1,1710387115
2024-03-14,0xffa3f8737c39e36dec4300b162c2153c67c8352f,10903,0x37d893705acea43cdeb3423de8e66464fb295daa,295.974895,295.974895,300.776652,1,1,1710403883
2024-03-14,0xffa3f8737c39e36dec4300b162c2153c67c8352f,10911,0x418340b636a908e69e98bb0c36ec4610980dce87,45758.771044,45758.771044,0.0,1,0,1710947359
2024-03-14,0xffa3f8737c39e36dec4300b162c2153c67c8352f,11126,0xedb61a92de9d08874bdf2a9d1fdf8df9f111bf7d,22.091738,22.091738,3.956143,1,1,1710520719
2024-03-14,0xffa3f8737c39e36dec4300b162c2153c67c8352f,11129,0x9e366e32b067a15a359c2c63f961ac8405cb8e2f,4846773.746981,14537221.240944,14515307.238611,3,3,1710918809
2024-03-14,0xffa3f8737c39e36dec4300b162c2153c67c8352f,11400,0x28c974c18c6553b445c4b77f35d83f3499acf58f,0.0,0.0,2.746803,0,1,1710602837
2024-03-14,0xffa3f8737c39e36dec4300b162c2153c67c8352f,11776,0x9975d904aaa01d0047692043c1bbc26cf52c6ae4,1452.675683,1452.675683,0.0,1,0,1710781395
2024-03-14,0xffa3f8737c39e36dec4300b162c2153c67c8352f,12028,0xbd584812c7aaeb901e8424725065cb0716b9264f,7717.413761,7717.413761,0.0,1,0,1710943715
2024-03-14,0xffa3f8737c39e36dec4300b162c2153c67c8352f,12130,0x924dcdca42e7fcd0258c5a4a2333aa9d86e79ea4,0.0,0.0,6793.944587,0,1,1710702353
2024-03-14,0xffa3f8737c39e36dec4300b162c2153c67c8352f,12499,0x4bef0221d6f7dd0c969fe46a4e9b339a84f52fdf,4.246039,4.246039,4.275672,1,1,1710691195
2024-03-14,0xffa3f8737c39e36dec4300b162c2153c67c8352f,12512,0x4bef0221d6f7dd0c969fe46a4e9b339a84f52fdf,468.198934,468.198934,496.796723,1,1,1710691139
2024-03-14,0xffa3f8737c39e36dec4300b162c2153c67c8352f,12517,0xabd5c7513b135cfc760447519b8511864691b67e,1187.490118,1187.490118,0.0,1,0,1710602783
2024-03-14,0xffa3f8737c39e36dec4300b162c2153c67c8352f,13054,0x3c593ac043608c11ecb02cf1240c178735278c33,0.0,0.0,2.544381,0,1,1710688125
2024-03-14,0xffa3f8737c39e36dec4300b162c2153c67c8352f,13333,0xae1babc08897971633e255e76e42444d883d34cd,0.819721,0.819721,0.0,1,0,1710676503
2024-03-14,0xffa3f8737c39e36dec4300b162c2153c67c8352f,13544,0x1bccc3dc32d6977ca14beff7a2130f578620cdb3,2952.0,2952.0,0.0,1,0,1710890741
2024-03-14,0xffa3f8737c39e36dec4300b162c2153c67c8352f,13591,0xc2deeee32d10c098289865b0d6f5e0418a059ab6,7200.0,7200.0,0.0,1,0,1710973975
